1\1\GINC-ECHO\Freq\External='./xtb.sh'\ZDO\C36H45Fe1N2O5P1Pd1\ECHO\14-Oct-2024\0
\\#p freq external='./xtb.sh'\\Generate automatically by rxnb\\0,1\Fe,-0.71268,-
0.3618,0.13703\C,3.03722,1.56514,2.12431\Pd,1.67756,-0.70895,1.12043\C,-0.45673,
-2.6987,1.56778\H,-2.72958,-0.73458,1.82217\H,-0.39258,0.08808,2.89318\H,0.67402
,1.84725,1.29314\C,3.74525,-0.39765,-0.76338\O,3.32582,2.56545,2.7588\C,-0.35445
,-2.25185,0.16069\O,3.36227,-1.59313,-1.1572\C,0.24414,-0.83633,-1.47999\C,-1.12
41,-1.08559,-1.61102\C,-1.50637,-1.95492,-0.57883\H,0.76238,-0.16939,-2.12855\H,
-1.74032,-0.61666,-2.33442\H,-2.48749,-2.26005,-0.31045\H,2.34007,-1.72752,-0.77
557\C,0.77545,-1.59419,-0.40251\C,3.3679,1.55471,0.58397\O,2.50243,0.5207,2.6073
5\C,-1.10975,1.51948,0.02294\C,-2.25813,0.74314,0.258\C,-2.0682,0.00996,1.44409\
C,-0.81827,0.37422,1.95993\C,-0.22602,1.31047,1.08688\H,-0.96861,2.06369,-0.8799
2\N,3.02313,0.25901,0.06689\H,4.45064,1.71396,0.50092\H,-1.33348,-2.17671,1.9475
6\H,-0.60085,-3.78266,1.68708\P,-3.4547,0.6957,-1.03659\O,-2.95054,1.17671,-2.33
106\C,-4.8217,1.72474,-0.39202\C,-5.85086,2.0428,-1.26697\C,-6.91677,2.81248,-0.
83919\C,-6.95585,3.2664,0.46981\C,-5.92784,2.95471,1.34397\C,-4.86097,2.18367,0.
91563\C,-4.25103,-0.93549,-1.07258\C,-4.84308,-1.45406,0.07134\C,-5.48568,-2.676
74,0.02219\C,-5.5543,-3.375,-1.17434\C,-4.99168,-2.84419,-2.3232\C,-4.34375,-1.6
2254,-2.27175\H,-5.79372,1.6871,-2.28626\H,-7.71626,3.06068,-1.52176\H,-7.7867,3
.86844,0.80733\H,-5.95676,3.31634,2.36159\H,-4.05215,1.94689,1.59104\H,-4.80065,
-0.89024,0.99085\H,-5.94014,-3.0864,0.9125\H,-6.05725,-4.32984,-1.21047\H,-5.059
99,-3.38263,-3.25646\H,-3.90117,-1.18754,-3.15477\N,0.72601,-2.24305,2.30099\C,1
.82662,-3.20418,2.1428\C,0.46184,-2.09004,3.72685\H,1.61752,-4.12968,2.70181\H,1
.95031,-3.4649,1.0897\H,2.7561,-2.76654,2.5291\H,0.41861,-3.0647,4.23097\H,1.255
09,-1.49237,4.17724\H,-0.49265,-1.59414,3.8883\C,2.62392,2.67611,-0.19314\C,1.66
93,2.09054,-1.24249\C,3.62693,3.62629,-0.85952\C,4.3077,4.53951,0.15304\H,2.2487
6,1.66876,-2.06281\H,1.05018,2.88675,-1.64895\H,1.02044,1.31283,-0.82189\H,2.048
64,3.26967,0.52506\H,3.09953,4.23853,-1.5956\H,4.37465,3.03578,-1.39515\H,5.1257
4,5.08846,-0.30882\H,3.59299,5.2552,0.55233\H,4.69515,3.96509,0.99024\O,4.84985,
0.14993,-1.25206\C,6.82146,0.48702,-2.45517\C,5.69333,-0.51786,-2.21717\C,6.2495
8,-1.81662,-1.63542\C,4.9222,-0.76935,-3.51282\H,6.41534,1.41786,-2.84204\H,7.33
444,0.69846,-1.52082\H,7.53391,0.08626,-3.16962\H,6.73399,-1.61822,-0.68165\H,6.
98064,-2.23812,-2.31937\H,5.4531,-2.53996,-1.48367\H,4.4835,0.15992,-3.87013\H,5
.60087,-1.15036,-4.27041\H,4.12947,-1.49525,-3.35434\\Version=ES64L-G16RevC.01\H
F=-136.6624709\RMSD=0.000e+00\RMSF=2.620e-06\ZeroPoint=0.7311037\Thermal=0.77758
12\ETot=-135.8848898\HTot=-135.8839456\GTot=-136.0129986\Dipole=0.,0.,0.\PG=C01 
[X(C36H45Fe1N2O5P1Pd1)]\NImag=1\\0.48151096,-0.12418315,0.65479975,-0.07829001,0
.17429375,0.52200455,0.00064592,-0.00045575,0.00052633,0.29951138,0.00112581,-0.
00083847,0.00135817,0.23185024,0.82215132,0.00129119,0.00054677,-0.00030693,-0.0
0059956,0.13281883,0.46128650,-0.07055854,0.00826354,-0.02419108,-0.00700928,-0.
01183601,0.00382114,0.22196389,0.00408753,-0.00534996,0.00073258,-0.00526536,-0.
00863521,0.00332720,0.07321702,0.15904441,-0.02847347,-0.00045796,-0.01778018,-0
.00291570,-0.00296902,0.01632444,0.03468420,0.03735764,0.22760756,-0.00433902,-0
.00294124,0.00221276,-0.00047912,-0.00103183,0.00022619,-0.00169939,-0.00383103,
0.00040919,0.48952295,-0.00241085,-0.00336521,0.00665633,-0.00045472,-0.00071711
,0.00019032,-0.00456796,-0.00320489,-0.00160708,-0.03700449,0.49464207,0.0013356
8,-0.00743582,-0.00328226,0.00001470,-0.00013396,-0.00020492,0.00099307,-0.00028
106,0.00197692,-0.02653511,-0.01394616,0.48191881,-0.00161128,-0.00321866,-0.000
99194,0.00005869,-0.00001680,0.00007932,-0.00012696,-0.00035730,0.00066528,-0.00
071411,-0.00008928,0.00083139,0.16769606,0.00217924,0.00118004,-0.00201866,0.000
05446,0.00007752,0.00010256,-0.00057327,-0.00030984,0.00000798,0.00107423,-0.000
82538,-0.00063226,0.14670027,0.19301625,0.00134393,0.00241232,-0.00147828,-0.000
00836,-0.00011053,0.00003807,-0.00080413,0.00011478,-0.00016020,-0.00023340,0.00
080610,-0.00033091,-0.06474672,-0.09021836,0.07590583,0.00000543,-0.00199469,0.0
0282006,-0.00080710,-0.00099851,0.00065314,-0.00099885,0.00096716,0.00171651,0.0
0039157,0.00006490,-0.00010567,-0.00019091,0.00028647,0.00041787,0.08996402,-0.0
0240448,0.00277325,-0.00212362,-0.00038839,0.00017193,0.00039770,0.00173328,0.00
119049,-0.00169042,-0.00012649,-0.00041789,-0.00032485,0.00019432,-0.00026215,-0
.00056298,-0.03038905,0.05986154,-0.00133335,0.00426114,0.00189552,0.00079518,0.
00069983,-0.00001304,0.00455272,-0.00135932,-0.00389912,-0.00017058,0.00004983,-
0.00057211,0.00021589,-0.00052343,-0.00024224,0.11884667,-0.09080764,0.28922019,
0.00286560,0.00215824,0.00078522,-0.00191904,0.00085048,-0.00109506,0.00080678,0
.00072762,-0.00048845,-0.00013398,0.00021048,-0.00011074,-0.00000728,-0.00038503
,-0.00054390,0.00006062,0.00052215,0.00046785,0.26924722,-0.00324037,0.00139717,
0.00337698,0.00207906,0.00269671,0.00009654,0.00233581,-0.00761549,-0.00022610,-
0.00019964,0.00013694,-0.00021014,-0.00045263,0.00022685,-0.00020771,0.00032182,
-0.00060736,-0.00016097,0.14210588,0.11285806,-0.00244675,0.00125169,0.00120092,
-0.00197078,-0.00028539,0.00229972,0.00061301,-0.00196328,0.00170849,0.00002314,
0.00018292,0.00001972,0.00091120,0.00055498,0.00042904,0.00035629,-0.00070523,-0
.00014165,0.05408422,0.02179600,0.04968353,0.00124041,0.00019394,0.00098896,0.00
128244,0.00110237,0.00171293,-0.00587051,0.00238159,0.00615548,-0.00056381,-0.00
043651,-0.00020475,0.00016912,0.00016636,-0.00012372,0.00000001,0.00007473,0.000
00414,-0.00010936,0.00054029,0.00043351,0.53431400,0.00253399,0.00154371,0.00214
351,0.00268092,0.00187930,-0.00701597,0.00319864,0.00930565,0.00760897,0.0003428
7,-0.00021072,0.00040057,-0.00004549,-0.00026096,-0.00001143,0.00030081,-0.00021
013,0.00001391,0.00055954,-0.00044087,-0.00057820,0.03737276,0.59558886,0.000665
37,0.00088360,-0.00023781,0.00029702,-0.00483678,-0.00609677,0.00401233,0.002132
28,-0.00120429,0.00083915,0.00035409,0.00043722,-0.00013031,-0.00019913,0.000057
33,0.00026469,-0.00017081,-0.00005498,0.00036925,-0.00055134,-0.00030233,-0.2416
3328,0.22038490,0.42844762,-0.00050275,0.00029146,-0.00022396,-0.09617821,-0.107
12076,-0.06783099,0.00169260,-0.00122830,0.00145290,0.00013643,0.00014759,-0.000
03758,-0.00002170,-0.00000854,0.00000159,0.00026417,0.00015719,-0.00020638,-0.00
023150,-0.00022640,0.00042925,-0.00141907,-0.00108323,0.00018479,0.07483079,-0.0
0060824,0.00032083,-0.00077624,-0.10789757,-0.44019938,-0.24411226,0.00209651,-0
.00012999,0.00359259,0.00053662,0.00036903,0.00016420,0.00005687,-0.00003420,0.0
0003878,0.00049318,-0.00021666,-0.00029570,-0.00086616,-0.00103585,-0.00033179,-
0.00377831,-0.00115207,0.00186184,0.15467854,0.53718139,-0.00098471,-0.00004342,
-0.00021320,-0.06906713,-0.24534051,-0.23117307,0.00019588,-0.00132018,-0.003751
21,0.00013756,0.00015048,0.00008297,-0.00004567,-0.00006386,0.00000636,-0.000017
10,-0.00021628,-0.00008367,0.00000768,-0.00022829,-0.00076966,-0.00378556,0.0011
2103,0.00162337,0.07334585,0.29368384,0.26805810,-0.01294023,0.02160077,0.003017
02,-0.00062462,-0.00134670,0.00042848,-0.01027050,-0.00833366,0.00060161,-0.0629
3947,-0.00584263,0.01890238,0.00006875,-0.00032748,-0.00035025,-0.00077316,0.000
90030,0.00027417,-0.00005872,-0.00012063,-0.00010894,-0.00123061,-0.00053201,0.0
0035271,0.00041324,0.00085257,0.00035352,0.53944446,0.02415433,-0.13321487,0.001
11709,0.00007007,0.00044355,-0.00010241,-0.00400251,-0.00432519,-0.00285510,-0.0
0898064,-0.06413304,0.06406076,-0.00054393,-0.00011592,0.00021886,0.00005407,0.0
0038822,0.00043316,-0.00018035,0.00063077,0.00038949,-0.00006077,-0.00027937,-0.
00024632,0.00006596,-0.00004666,0.00010729,0.03716683,0.35135007,0.00075910,0.01
077996,-0.02165900,0.00063274,0.00146734,-0.00048705,-0.00601936,-0.00526954,0.0
0390132,0.01857905,0.05422804,-0.21982776,0.00026817,0.00040231,-0.00009120,-0.0
0036776,-0.00004163,-0.00003646,-0.00009220,0.00018892,-0.00003431,0.00042517,-0
.00020945,-0.00063162,-0.00016387,-0.00056490,0.00001200,0.04828417,-0.21967104,
0.57210948,-0.00656920,-0.00209615,-0.00473510,-0.00449467,-0.00409778,0.0070870
8,-0.00989912,-0.00292586,-0.00137919,-0.00061235,0.00031014,-0.00061509,0.00012
675,0.00001480,-0.00004838,-0.00021206,0.00008423,-0.00021831,-0.00044722,-0.000
15494,0.00022678,-0.08589696,-0.03258178,0.00127411,0.00149682,0.00157835,-0.001
22149,-0.00358214,0.00195622,-0.00062745,0.19493806,-0.00291703,-0.00134127,-0.0
0193841,-0.00542772,-0.00651206,0.01107118,0.00051292,-0.00382346,-0.00672424,-0
.00024990,-0.00007671,-0.00022221,0.00002015,0.00014012,0.00003540,-0.00022677,0
.00006986,0.00017942,-0.00063797,0.00025618,0.00041030,-0.04699381,-0.26983073,-
0.08567884,0.00087065,-0.00132614,-0.00569628,0.00049835,0.00048022,0.00019788,0
.05552361,0.38928207,0.00125067,-0.00015434,0.00194954,0.00022225,0.00100626,0.0
0109131,0.00231613,-0.00029406,-0.00656249,-0.00011564,-0.00022591,0.00001890,-0
.00007634,0.00002337,0.00005127,-0.00004190,0.00004958,0.00036956,-0.00004248,0.
00026879,0.00008773,-0.00628381,-0.09594289,-0.09525034,-0.00023367,-0.00064527,
-0.00070270,0.00115977,-0.00024536,0.00041225,-0.04605484,0.14750434,0.14015744,
-0.04031817,0.00774229,0.06133558,0.00013331,-0.00000178,-0.00070241,-0.00170928
,0.00722544,-0.00479447,-0.00270085,-0.00124367,-0.00072612,0.00024482,0.0001228
5,-0.00067420,0.00004722,-0.00035606,-0.00047292,-0.00076870,0.00078467,0.000171
08,-0.00079312,-0.00323265,-0.00131197,0.00003108,-0.00019852,0.00022842,0.01384
768,-0.00783649,0.00596395,0.00660102,0.00316654,-0.00181659,0.61054137,0.003056
13,-0.03227923,-0.01774902,0.00043684,0.00144003,-0.00001676,0.00265098,0.002257
98,-0.00144753,-0.00460841,0.00147802,0.00285721,0.00046366,-0.00079098,-0.00028
647,-0.00015825,0.00005423,0.00034740,0.00002848,0.00032321,0.00025851,0.0008677
2,0.00035837,-0.00090680,-0.00031192,-0.00083073,-0.00026460,-0.02080879,-0.0166
7991,0.02799013,-0.00168932,-0.00025739,0.00099847,0.13064643,0.36189737,0.05043
077,-0.01877320,-0.09815779,-0.00017692,-0.00008799,0.00011151,-0.00052762,0.002
37376,-0.00460788,0.00277854,-0.00056380,-0.00057458,-0.00045199,0.00033195,0.00
029150,-0.00001889,0.00034763,0.00055590,-0.00021649,0.00082691,0.00063029,0.000
17918,-0.00228342,-0.00108855,0.00012247,0.00003745,0.00002587,0.01438283,0.0150
3282,-0.02717671,0.00213724,0.00156003,0.00016760,-0.06261578,-0.26376693,0.5085
3819,-0.01173550,-0.00283827,-0.03011522,0.00083449,0.00143641,-0.00135746,0.001
04587,0.00073842,-0.00128177,-0.00386799,0.00029810,-0.00027216,-0.00010724,0.00
016172,0.00044930,-0.00027729,0.00012130,0.00028636,0.00034707,-0.00012846,-0.00
011776,-0.00005149,-0.00060075,-0.00089520,-0.00022716,-0.00079327,0.00020746,0.
00975201,0.01184687,-0.00953693,-0.00047114,0.00005170,0.00110789,-0.32712551,-0
.05359937,-0.00027483,0.61851850,0.00109189,-0.03436264,-0.03485662,-0.00014858,
-0.00033240,0.00026306,0.00000878,-0.00130746,0.00100580,0.00150679,0.00256222,0
.00186487,-0.00023908,0.00015484,0.00070119,0.00049352,-0.00073451,-0.00039389,0
.00034670,-0.00014390,0.00004842,0.00006080,0.00049228,0.00037140,0.00008827,0.0
0023921,0.00006013,0.02589871,-0.00619091,0.03353270,-0.00069179,-0.00049332,-0.
00004306,-0.05405739,-0.05405180,0.02019837,0.01117480,0.33661742,-0.02737769,-0
.04070200,-0.10843576,0.00007277,0.00024410,0.00005339,0.00041280,0.00143611,-0.
00096331,-0.00207356,-0.00141603,-0.00088117,-0.00078435,0.00048256,0.00048923,0
.00047294,0.00002905,0.00031689,0.00005696,0.00042655,0.00036995,-0.00001839,-0.
00077334,-0.00054922,-0.00003313,-0.00002562,-0.00006104,-0.01684178,0.01425434,
-0.03271685,0.00056766,0.00049623,0.00031273,-0.05427209,0.01091206,-0.06222963,
0.16639485,-0.25298803,0.58386639,-0.04035778,-0.04998381,-0.01724093,0.00042635
,0.00078773,-0.00055809,-0.00189919,-0.00277596,0.00169575,-0.00084938,0.0029219
0,-0.00221149,-0.00031500,0.00068647,0.00109511,0.00000265,0.00010932,0.00022166
,-0.00008891,0.00040869,0.00023081,0.00025157,-0.00012498,-0.00017011,-0.0000234
5,-0.00030339,0.00000465,-0.24394471,0.05882483,-0.12491796,-0.00212319,-0.00002
934,0.00077318,-0.02589496,-0.02301089,0.01713232,-0.08931400,-0.05563585,0.0612
7088,0.74449368,-0.04212898,-0.10028192,-0.04741024,-0.00018587,-0.00021560,0.00
054688,-0.00032015,0.00045169,-0.00024640,0.01153310,-0.00265180,0.00986701,-0.0
0064556,-0.00025195,0.00044155,-0.00011551,0.00068208,0.00072140,0.00046157,-0.0
0019173,-0.00002805,0.00004357,-0.00011702,-0.00019601,-0.00000119,0.00024898,-0
.00007010,0.01999415,-0.05086335,0.03777557,-0.00054660,-0.00001681,0.00034354,-
0.01881094,-0.01203916,0.00200785,-0.04402272,-0.14442529,0.15753666,0.16085018,
0.35554474,-0.00591886,-0.03802020,-0.02856612,0.00019281,0.00027356,-0.00039734
,0.00155559,0.00027707,-0.00076972,-0.02012277,0.00309659,-0.01845265,-0.0003467
7,-0.00033109,0.00014270,0.00019830,0.00006670,0.00016260,0.00054818,-0.00053539
,-0.00058946,-0.00004745,0.00014444,0.00006516,0.00001499,-0.00014355,0.00016564
,-0.10526950,0.05480012,-0.12852520,-0.00018573,-0.00022215,-0.00000428,0.037387
14,0.01859619,0.00960958,0.03220498,0.12442949,-0.19905393,0.00402479,-0.1977992
5,0.42934147,-0.00150244,-0.00217410,-0.00214543,0.00003595,0.00000138,-0.000111
02,0.00007743,0.00033892,-0.00004928,0.00067428,0.00048314,-0.00064369,0.0001521
8,-0.00000872,-0.00042197,-0.00003008,0.00011929,-0.00016212,-0.00010069,-0.0001
5625,-0.00015459,-0.00064192,-0.00009721,-0.00042964,-0.00000558,0.00006233,0.00
009999,-0.00101446,0.00121490,-0.00262946,-0.00007388,0.00006558,0.00042213,-0.1
0856515,-0.09192120,0.08755500,-0.01446220,-0.01663061,0.01669444,-0.00521668,-0
.00098426,0.00094926,0.12269662,0.00247618,0.00293883,-0.00187417,0.00016893,0.0
0028487,-0.00023227,0.00063822,0.00019835,0.00094231,-0.00116389,0.00001639,0.00
072355,0.00005811,-0.00011983,0.00000344,-0.00000691,-0.00010682,0.00007571,0.00
010684,0.00001417,-0.00016445,0.00045246,0.00057445,0.00036546,0.00000727,-0.000
14650,0.00000629,-0.00029577,-0.00115064,0.00488053,0.00045446,-0.00006956,-0.00
100658,-0.09095357,-0.14416517,0.12153831,-0.00389044,-0.00479857,0.00363040,-0.
00250541,0.00048547,0.00223232,0.10699340,0.16522189,0.00101650,0.00629244,-0.00
195773,0.00021109,0.00026751,-0.00060386,-0.00004967,0.00045107,-0.00269781,0.00
072630,0.00006307,0.00044466,-0.00017929,0.00000979,0.00020486,-0.00001509,-0.00
002069,0.00028669,0.00019988,0.00002198,-0.00012412,-0.00117781,0.00005645,0.000
01475,-0.00007103,-0.00001728,0.00023028,-0.00002943,0.00203193,-0.00250359,-0.0
0017670,-0.00022945,0.00046768,0.09022383,0.12549790,-0.14539709,-0.00221377,-0.
00456403,0.00345431,-0.00204397,0.00073833,0.00082763,-0.09259887,-0.13328783,0.
15602717,-0.00085205,0.00000824,0.00315083,0.00007737,0.00012553,-0.00016262,0.0
0007952,0.00056181,-0.00046431,0.00046977,-0.00029065,0.00030726,-0.00003957,0.0
0001312,0.00026448,-0.00009601,-0.00004384,0.00005927,-0.00004050,0.00015797,0.0
0011765,-0.00000037,-0.00021354,-0.00023676,-0.00003056,-0.00003255,0.00004789,-
0.00121948,-0.00142151,0.00109775,0.00026886,0.00014994,0.00011305,-0.01572514,0
.01103253,-0.01808436,-0.14009464,0.07800691,-0.12757469,0.00660433,-0.00328409,
0.00577006,-0.00034102,0.00022165,0.00023301,0.16334589,-0.00339397,0.00142118,-
0.00180503,0.00013490,0.00020737,-0.00001274,0.00044631,-0.00033253,0.00038149,0
.00078876,0.00015806,0.00070592,-0.00002887,-0.00005027,0.00014902,0.00006998,-0
.00013872,0.00013775,0.00017299,0.00006810,0.00005380,0.00018918,-0.00004075,-0.
00012962,-0.00002554,-0.00009122,-0.00003353,-0.00053242,-0.00076454,0.00510294,
-0.00012896,-0.00001683,0.00002930,-0.00186775,0.00124548,-0.00291546,0.07858764
,-0.08859914,0.10194059,0.01124800,-0.00766323,0.00965677,-0.00024831,-0.0000905
4,-0.00084835,-0.08930996,0.09821065,-0.00192993,0.00458472,-0.00082339,-0.00008
372,-0.00013385,0.00008901,0.00060827,-0.00024621,0.00037639,-0.00044549,-0.0002
0064,0.00024509,-0.00034283,0.00006435,0.00023432,0.00017257,0.00002465,0.000255
97,0.00023528,0.00005475,0.00015389,-0.00006178,0.00008837,0.00004255,0.00003220
,0.00008452,0.00001191,-0.00013154,0.00196693,-0.00167928,0.00019015,-0.00010822
,-0.00006892,-0.00037348,-0.00181454,0.00095608,-0.12914565,0.10307503,-0.180599
48,-0.00843620,0.00444477,-0.01010751,0.00022200,-0.00084999,-0.00028683,0.13695
253,-0.11203559,0.19120252,-0.00065741,0.00309401,0.00088094,0.00007841,0.000235
10,0.00002272,-0.00052938,-0.00049784,0.00054760,0.00023809,-0.00004367,0.000791
35,0.00026593,0.00005862,0.00005940,0.00001158,0.00010902,0.00020005,0.00004517,
0.00010184,-0.00001034,0.00021331,0.00003876,-0.00011038,-0.00003816,-0.00006043
,-0.00002584,-0.02021097,-0.00594944,0.00467886,-0.00019924,0.00003147,0.0000554
8,-0.00170523,-0.00104953,-0.00039102,-0.00409196,-0.00141997,0.00124714,-0.2969
2884,-0.08529345,0.07157073,0.00008838,-0.00017794,-0.00052470,0.00014139,-0.000
28614,0.00009058,0.33496065,-0.00518102,-0.00021978,0.00181541,-0.00003260,-0.00
005296,0.00010602,0.00132462,0.00010863,-0.00002483,0.00025147,-0.00123810,0.000
09106,-0.00007838,-0.00012469,-0.00091996,0.00020439,0.00006866,0.00024734,0.000
26729,0.00012063,0.00009632,0.00010635,0.00009775,0.00006612,0.00002313,0.000032
80,-0.00002293,0.00919964,0.00249526,-0.00366102,-0.00000621,-0.00011265,-0.0001
3626,-0.00037919,-0.00008237,0.00271196,-0.01172564,-0.00563513,0.00111779,-0.08
655084,-0.05130162,0.02882583,-0.00043140,0.00014722,-0.00018626,-0.00023996,-0.
00058313,-0.00041031,0.08799340,0.05553306,-0.00350727,-0.00003756,-0.00085533,-
0.00000985,-0.00005281,-0.00000721,0.00015803,-0.00018663,-0.00016105,-0.0007184
4,-0.00082597,0.00065870,0.00019039,-0.00076935,-0.00086555,-0.00004544,0.000010
69,0.00017104,0.00007943,0.00016813,-0.00005769,-0.00010944,0.00005059,-0.000015
41,0.00002452,0.00005221,0.00001217,-0.01103797,-0.00466201,0.00256504,-0.000279
69,-0.00009492,0.00012248,0.00285944,0.00510451,-0.00206175,0.02057760,0.0030417
7,-0.00335442,0.06886028,0.03005003,-0.05141269,0.00115900,0.00065182,0.00046721
,0.00002951,-0.00065904,-0.00047488,-0.07471852,-0.03462599,0.05659971,0.0095822
8,0.00073284,0.00621223,0.00624889,0.00703799,-0.00889419,0.00800192,0.00901184,
0.00996690,0.00048472,-0.00053220,0.00100737,-0.00006058,-0.00000101,-0.00001468
,0.00021416,-0.00013474,-0.00019296,0.00049044,-0.00013371,-0.00042245,-0.015377
00,-0.06852732,-0.02515606,-0.00186263,-0.00156107,0.00233447,0.00189635,-0.0031
4822,0.00070890,-0.03267020,0.03544007,0.02602557,-0.01283514,0.00391637,-0.0026
9249,0.00089483,0.00139545,-0.00079809,0.00190795,0.00092316,0.00045123,0.000422
40,-0.00093431,0.00033011,-0.00038973,0.00018958,-0.00017070,0.00013802,0.000085
47,0.00035023,0.02109848,0.00106738,0.00105958,0.00223753,0.00021028,-0.00013834
,-0.00148729,-0.00101046,0.00243415,0.00093968,0.00010156,-0.00008623,0.00016042
,-0.00006158,-0.00001918,-0.00001586,0.00005870,-0.00000378,-0.00001802,0.000221
87,-0.00014607,-0.00013687,-0.02838921,-0.00985563,0.00703847,0.00008288,0.00048
682,0.00078180,-0.00197634,-0.00003554,-0.00043845,0.01504083,-0.02819727,-0.011
17355,0.00025237,-0.00004762,-0.00065411,0.00089481,0.00029718,-0.00003001,-0.00
028692,-0.00024798,0.00048192,0.00073030,-0.00059155,0.00078789,0.00004378,0.000
05859,0.00002085,-0.00026185,0.00000759,0.00007671,0.00908999,0.05392862,-0.0029
2583,0.00029616,-0.00311843,-0.00259296,-0.00362421,0.00341162,-0.00158292,-0.00
269883,0.00063573,0.00005769,0.00042625,-0.00022228,0.00001669,0.00004181,-0.000
04046,0.00003936,-0.00005084,-0.00016023,-0.00019916,-0.00025001,0.00005532,-0.0
0451039,0.02664568,0.01854740,0.00075032,0.00093071,-0.00081859,-0.00137161,-0.0
0014037,-0.00079599,0.00864433,-0.02186713,-0.03278880,-0.00068321,0.00039970,-0
.00085777,-0.00143169,-0.00011022,-0.00044909,-0.00077445,-0.00038118,0.00000448
,-0.00070241,0.00129716,-0.00064671,-0.00019423,-0.00005845,0.00002243,-0.000072
53,0.00020107,-0.00005801,0.00558017,0.00356400,0.02352836,-0.08246468,0.0375682
8,0.00285049,-0.00135776,-0.00144526,0.00074036,-0.03067116,-0.03563933,-0.04377
661,0.00194678,-0.00042870,0.00070105,0.00071844,-0.00054318,-0.00074918,0.00032
781,-0.00052528,-0.00064608,-0.00027710,-0.00032082,0.00017662,0.00316850,0.0226
8142,0.01036543,0.00008662,0.00012310,-0.00010823,-0.20177567,-0.09788231,0.0676
3379,-0.04896424,-0.01743517,0.00984235,-0.09419530,0.04331055,-0.08497564,-0.03
181987,0.01107918,-0.01691599,-0.04769821,0.00363676,-0.00634659,0.00664868,-0.0
0710235,0.00863789,-0.00454729,-0.00039655,0.00104763,-0.00360620,0.00202754,-0.
00166402,0.03051176,0.00799688,-0.00485574,0.48474768,0.06069904,-0.03417982,-0.
00512614,0.00261481,0.00424127,-0.00401332,-0.03450448,-0.03640578,-0.02832903,-
0.00658209,-0.00675212,0.00276638,-0.00077008,0.00059583,0.00059468,0.00043461,-
0.00050239,0.00008883,0.00009947,0.00050660,0.00033550,-0.00080265,-0.00675909,-
0.00362764,-0.00055355,-0.00144288,0.00095335,-0.07722658,-0.08114216,0.04789275
,0.00760951,0.00946268,0.00028265,0.03071200,-0.10795925,0.12007244,0.00993169,0
.00086230,-0.00013022,-0.02373769,0.01344281,-0.00797922,0.00759446,-0.01030330,
0.00702350,-0.00135318,0.00125103,0.00147035,-0.00213667,0.00156788,0.00154695,-
0.00743105,-0.01126708,0.00151870,0.04495068,0.26167998,0.02468815,-0.01349234,-
0.00692107,0.00246714,0.00333426,-0.00552261,-0.03822461,-0.03475984,-0.07467433
,0.01755331,0.00425465,-0.01023890,-0.00030221,-0.00012893,-0.00011362,0.0000617
4,0.00063275,0.00034529,0.00070012,-0.00082560,-0.00051696,-0.00165330,-0.012325
93,-0.00456629,-0.00120502,-0.00231614,0.00112052,0.05650718,0.05850804,-0.08504
044,0.03250068,0.01074907,-0.00371438,-0.06553166,0.09533735,-0.18469997,-0.0489
1893,0.00994620,-0.00120702,-0.00161691,-0.00291238,0.00217203,-0.00505176,0.005
25410,-0.00880861,-0.00329696,0.00145931,0.00099806,-0.00157458,0.00213738,-0.00
057805,-0.03139629,-0.00344817,0.00405226,0.06665471,-0.13259393,0.37037772,0.00
075491,0.00020715,0.00007386,-0.06881727,0.00266529,0.01005011,-0.00077793,-0.00
488497,-0.00398010,0.00017533,0.00013228,0.00005782,0.00006625,0.00000917,-0.000
00723,0.00014435,-0.00007380,0.00006286,-0.00105736,0.00015764,0.00068736,0.0052
5694,0.01543659,0.00096258,0.01364527,-0.00582990,-0.00756906,-0.00031009,0.0000
1102,-0.00009815,0.00315612,0.00409090,0.00618415,-0.00030476,0.00024172,0.00009
139,-0.00012833,0.00009543,-0.00000989,-0.00003869,0.00009217,0.00005307,-0.0001
5147,-0.00003884,-0.00027869,-0.00001897,0.00003624,-0.00000194,0.00003270,0.000
03165,-0.00001275,-0.00117843,-0.00073204,0.00062194,0.00014359,-0.00098768,-0.0
0012049,0.48031289,0.00053179,-0.00026465,0.00038295,0.00563083,-0.04967804,-0.0
0162088,-0.00265660,-0.00342992,-0.00173028,-0.00005128,0.00001258,-0.00004874,0
.00005776,-0.00001338,-0.00002050,0.00014813,0.00001794,-0.00000558,0.00023773,0
.00025888,-0.00001099,0.00415870,-0.02301958,-0.01371758,-0.00224027,-0.01080995
,-0.03902241,-0.00027515,0.00005920,0.00019735,-0.00136306,-0.00292902,-0.005297
73,-0.00007310,0.00027231,0.00005212,0.00010627,0.00005850,0.00000908,0.00002605
,0.00008996,0.00006627,-0.00011062,-0.00000305,-0.00011341,0.00001012,0.00002358
,0.00001233,0.00007873,0.00001643,-0.00000573,-0.00030652,-0.00049135,-0.0002199
4,-0.00026077,0.00001755,-0.00017134,0.03747649,0.45046350,-0.00018421,-0.000143
40,0.00042096,0.00746951,0.00764536,-0.07667823,-0.00331209,-0.00166081,-0.00116
488,-0.00026847,-0.00024724,0.00003248,-0.00000441,-0.00002848,-0.00001479,-0.00
024418,-0.00001557,0.00005227,0.00064031,0.00007985,-0.00016031,-0.00525250,-0.0
1878678,-0.01323887,-0.00006870,-0.02831380,-0.04271309,-0.00014150,-0.00003040,
0.00035826,0.00303099,-0.01111336,0.00301864,0.00006870,0.00002824,-0.00002460,0
.00048245,-0.00009074,-0.00003808,0.00018966,-0.00006411,-0.00005983,-0.00007539
,0.00004637,-0.00002551,0.00005151,0.00002817,-0.00002102,0.00003192,-0.00002698
,0.00002080,0.00254889,0.00039700,-0.00111723,-0.00008380,0.00152354,0.00070202,
-0.00415646,0.02057325,0.38038916,0.00022818,-0.00016276,-0.00041339,-0.12131818
,-0.12351310,0.05512941,-0.01752317,-0.00765630,-0.01582013,0.00011057,0.0004424
6,-0.00024153,0.00004714,0.00001373,-0.00003874,0.00027084,0.00038039,-0.0007930
8,-0.00114884,-0.00084019,0.00021836,-0.00073606,-0.00255746,-0.00190096,0.00260
553,-0.04152429,0.00092231,0.00180292,-0.00036930,-0.00095462,0.00380130,0.00313
090,-0.00019073,0.00110654,-0.00144250,0.00035651,-0.00126124,0.00011614,0.00010
167,-0.00072302,0.00058606,-0.00031827,-0.00009439,-0.00005244,-0.00022274,-0.00
006543,-0.00004191,0.00015617,-0.00008107,0.00011964,0.00010604,-0.00491469,0.00
019513,0.00212150,0.00368652,-0.00103061,0.00040266,0.00505786,-0.01731655,0.022
71212,0.13082034,0.00036025,0.00037114,-0.00007457,-0.12609743,-0.30548270,0.107
71048,-0.00179089,-0.02285574,-0.02471027,0.00046805,0.00058266,-0.00015053,0.00
007558,0.00004879,0.00005540,-0.00001128,-0.00030808,-0.00001958,0.00083911,-0.0
0045913,0.00071545,-0.00119006,-0.00432682,-0.00061349,-0.04369388,-0.08453009,0
.00039207,0.00074889,-0.00031755,-0.00203286,0.00533226,0.00585220,-0.00016175,-
0.00131169,-0.00211601,-0.00043395,-0.00142914,0.00054060,-0.00037806,-0.0008936
7,0.00028186,-0.00014737,-0.00009360,-0.00018689,-0.00002811,-0.00022773,-0.0000
9745,0.00023778,-0.00021110,0.00016611,0.00006734,-0.00771928,-0.00029552,0.0032
2140,0.00217290,0.00103684,-0.00076099,-0.01506335,-0.01053091,0.02445686,0.1930
9769,0.41932384,0.00039202,-0.00065401,0.00037206,0.06110951,0.11319168,-0.13563
551,-0.00686414,-0.01296730,-0.05902153,-0.00042053,0.00013998,-0.00012789,0.000
02037,0.00005056,-0.00006171,-0.00080054,-0.00021184,0.00015217,-0.00109812,0.00
085855,-0.00124259,0.00031605,0.00187130,0.00050157,-0.00767488,-0.01932112,0.02
235912,-0.00073616,-0.00027998,-0.00194083,-0.00066066,-0.00180693,0.00021132,0.
00030682,-0.00093857,0.00025047,-0.00036627,-0.00000262,0.00018965,-0.00099874,0
.00046516,0.00029065,-0.00000798,0.00014496,0.00019714,0.00000924,0.00005213,0.0
0014872,-0.00009104,0.00025253,0.00001840,0.00026915,0.00025632,-0.00064452,-0.0
0114696,-0.00206929,0.00821549,0.02311816,0.03210344,-0.03272255,-0.06606829,-0.
10969244,0.20621703,-0.00899416,0.02714563,0.00689475,-0.00029396,-0.00011810,0.
00020730,-0.00131546,0.00177711,-0.00119881,-0.00015051,0.00037174,0.00027965,0.
00021265,-0.00287620,-0.00057818,-0.00047049,-0.00162760,0.00008069,-0.01417107,
0.00781001,-0.01376130,-0.00035420,-0.00001506,0.00010715,0.00015520,0.00009023,
0.00015492,-0.00824022,0.00177535,-0.00017546,0.00004977,-0.00010264,0.00001774,
0.00793353,-0.00030488,-0.00071516,-0.00022278,-0.00390471,0.00461114,-0.0007908
2,-0.00555188,-0.00260331,0.00035861,-0.00057530,-0.00070604,-0.00027320,0.00036
212,0.00016816,0.00023123,-0.00049448,-0.00011756,0.00022311,0.00020471,-0.00004
277,0.00249781,0.00646654,-0.00541184,-0.00002849,-0.00008271,-0.00028967,0.0003
3977,-0.00005809,0.00029909,0.47137607,0.02415341,-0.13616339,0.00746755,0.00016
899,-0.00054561,-0.00024225,0.00037721,-0.00082874,-0.00073742,-0.00075005,0.000
09957,0.00068956,0.00047616,-0.00112203,0.00225600,-0.00201105,-0.00147935,0.001
43241,-0.00671562,0.00344618,-0.00922903,-0.00034623,0.00038529,0.00040640,-0.00
000877,0.00026969,0.00016625,-0.00421533,-0.00009597,-0.00294154,-0.00111004,-0.
00035123,0.00028176,-0.00088156,0.00323001,-0.00166413,0.00334013,0.00364838,0.0
0081899,0.00446274,-0.00297425,0.00554259,-0.00063333,-0.00001876,0.00024034,0.0
0048864,0.00064959,0.00069237,0.00041049,0.00091081,0.00057692,0.00125071,0.0005
1094,-0.00033796,-0.00454309,0.00319741,0.00211631,-0.00007529,-0.00017307,0.000
01361,-0.00033015,0.00022540,-0.00014408,0.13907354,0.43752564,0.00218077,0.0181
9399,-0.02592713,-0.00000662,0.00063327,-0.00027215,-0.00026678,0.00170017,-0.00
111927,-0.00013700,-0.00078796,0.00064770,-0.00227875,0.00409458,-0.00305887,0.0
0073440,0.00525062,-0.00177502,-0.00263044,0.00080644,-0.00161029,0.00017416,0.0
0049189,0.00019189,-0.00009421,-0.00040076,-0.00008903,-0.00415131,-0.00062108,0
.00181439,-0.00065573,-0.00036701,0.00006434,0.00389476,-0.00171311,0.00281195,-
0.00146539,-0.00233082,0.00409127,0.00064603,-0.00432423,0.00083444,0.00031856,-
0.00032019,0.00004482,-0.00045453,0.00006157,0.00025668,-0.00005846,-0.00005685,
-0.00029933,0.00099439,0.00017639,-0.00022463,0.00007734,0.00146502,-0.00167502,
-0.00004749,0.00018826,0.00019490,-0.00007727,-0.00058448,0.00027949,0.08172715,
-0.27500852,0.61663311,-0.10763441,0.07416248,0.00673890,0.00065439,0.00125178,-
0.00014929,0.00116519,-0.00006579,0.00084324,0.00011069,-0.00098401,0.00035728,0
.00433215,-0.00846829,0.01408253,-0.00349693,-0.00134541,-0.00076339,-0.00219928
,0.00079833,-0.00264995,0.00083388,0.00031490,-0.00051851,-0.00030957,-0.0005308
2,-0.00018278,-0.00203880,-0.00571647,-0.00094448,-0.00092075,-0.00029691,0.0002
9655,-0.00378115,0.00161841,-0.00401047,0.00337302,0.00227945,-0.00458484,0.0045
1677,-0.00299090,0.00359551,0.00043258,-0.00051985,-0.00067296,-0.00019035,-0.00
036245,-0.00076716,-0.00044126,-0.00033497,0.00013366,0.00133135,0.00001937,-0.0
0040244,0.00012118,-0.00012511,0.00324214,0.00013856,0.00021669,0.00015010,-0.00
080026,-0.00064424,0.00007172,-0.22435864,-0.14592052,0.03188996,0.57493154,0.06
651363,-0.05473651,-0.00980560,0.00012481,-0.00005195,-0.00008596,-0.00221486,0.
00079516,0.00001933,0.00041680,0.00062495,-0.00140855,0.00527392,-0.01147581,0.0
1284661,-0.00202424,0.00064953,0.00067640,-0.00212720,0.00120064,0.00047906,-0.0
0009860,-0.00055671,-0.00017337,-0.00003216,0.00009900,0.00001072,0.00835233,-0.
00172804,-0.00101314,0.00095001,0.00054252,-0.00014578,-0.00479686,0.00098078,0.
00082389,0.00162391,0.00348339,-0.00297029,0.00311436,0.00197066,0.00076959,-0.0
0058449,0.00063396,0.00063694,0.00028566,-0.00042314,-0.00008495,-0.00007540,0.0
0012807,0.00025904,-0.00111920,-0.00040693,0.00029403,-0.00075471,-0.00683964,0.
00371639,-0.00000917,-0.00002043,0.00005870,0.00001736,0.00004056,0.00002775,-0.
11337460,-0.12379970,0.03808521,0.07834451,0.32115480,0.00090222,-0.00601865,-0.
00877000,0.00052253,0.00059550,-0.00021118,-0.00090139,0.00034008,-0.00026765,-0
.00012315,-0.00066692,0.00029787,-0.00056288,0.00392194,-0.00821048,-0.00417552,
0.00140468,-0.00064002,-0.00313391,0.00246775,-0.00200674,0.00040882,-0.00046950
,-0.00055386,-0.00019858,-0.00022747,-0.00007851,-0.00091892,0.00283787,0.001341
58,0.00044251,0.00055272,0.00006862,0.00543817,-0.00297398,0.00214944,0.00076744
,-0.00362287,0.00168014,-0.00242986,-0.00098187,0.00023075,-0.00003168,0.0000732
3,0.00009064,-0.00049317,0.00087271,-0.00045024,0.00008942,-0.00033996,-0.000389
95,-0.00062903,-0.00032434,-0.00002962,0.00493346,-0.00001068,-0.00502343,0.0000
1666,-0.00001537,0.00003197,-0.00041078,-0.00022909,0.00011619,0.02681404,0.0404
6209,-0.06666991,0.14787817,-0.16749064,0.50153848,-0.07372343,0.01881268,0.0700
2184,-0.00022222,-0.00002057,0.00035315,-0.00208206,0.00047200,0.00156025,-0.000
09478,-0.00051219,0.00126188,-0.14962553,-0.13398945,0.06139632,-0.00943061,-0.0
0050094,-0.00175275,-0.00100735,-0.00149697,0.00189427,0.00028811,0.00013321,-0.
00005231,0.00008656,0.00000538,-0.00004650,0.00432623,-0.00232718,-0.00036046,-0
.00016224,-0.00019001,-0.00019784,-0.00565720,0.00266471,-0.00514422,0.00277584,
0.00113258,-0.00422893,0.00177742,-0.00138063,-0.00096881,0.00022149,-0.00012784
,-0.00028866,0.00002432,-0.00053500,-0.00073564,-0.00047288,-0.00060453,-0.00048
651,0.00053384,0.00007503,-0.00012324,-0.00128995,-0.00406961,0.00595740,0.00012
037,0.00016395,-0.00015728,0.00040305,-0.00012423,-0.00022018,0.00470027,-0.0101
9957,0.01106179,-0.05796177,-0.00478337,-0.02301593,0.59796677,0.00687096,-0.026
78557,-0.01047584,-0.00011139,-0.00021539,0.00034009,0.00028361,-0.00082155,0.00
050126,-0.00089791,-0.00154499,0.00142411,-0.13626958,-0.17101432,0.08122567,0.0
0847322,0.00136022,0.00103727,-0.00294015,-0.00063357,0.00398031,0.00006765,-0.0
0005901,0.00007467,-0.00002736,0.00018385,-0.00011607,0.00148928,0.00343160,-0.0
0053182,-0.00016681,0.00013311,0.00005228,0.00358711,0.00135471,-0.00071211,0.00
100112,-0.00065990,-0.00011288,-0.00121755,0.00196351,-0.00124976,0.00009063,-0.
00088241,-0.00075743,-0.00017400,0.00036429,0.00038905,0.00028221,-0.00059998,-0
.00126556,0.00007763,-0.00002888,-0.00001198,0.00090440,0.00161629,-0.00259428,0
.00009560,-0.00001555,-0.00012768,-0.00007177,0.00016161,-0.00025563,-0.02594592
,-0.01947575,0.02031305,0.00973879,-0.11238000,0.12036660,0.23091263,0.40924549,
0.06726513,-0.02053902,-0.06715647,-0.00006717,-0.00024957,-0.00012520,-0.001296
45,-0.00066074,0.00086000,-0.00031311,0.00058645,0.00007942,0.06268139,0.0797556
2,-0.06952058,-0.02089653,-0.00524931,-0.00509287,-0.00017135,0.00146365,-0.0014
0680,-0.00030092,0.00010378,0.00022835,0.00011536,0.00008911,0.00019107,-0.00580
936,-0.00273386,0.00164056,-0.00061173,-0.00029490,0.00014386,-0.00383088,0.0000
0742,-0.00411384,0.00771707,0.00343376,-0.00337958,0.00497583,-0.00190241,0.0056
5729,-0.00052329,-0.00019329,-0.00015569,0.00039033,0.00030168,0.00025071,0.0004
3614,0.00041813,0.00046664,0.00086140,0.00039220,-0.00017101,-0.00448014,0.00626
557,0.00156745,-0.00002623,-0.00002591,-0.00006329,0.00000585,0.00010754,-0.0001
0836,0.02281539,0.01518545,-0.01707308,-0.04978174,0.13619925,-0.23569393,-0.001
90230,-0.20921225,0.49048930,-0.01334955,0.01112600,-0.00109072,0.00036123,0.000
58371,-0.00038479,-0.00599073,0.00409634,0.00291174,0.00018023,0.00128418,-0.001
53238,-0.01327441,-0.00275208,-0.00562461,-0.08065445,0.02243935,-0.11247321,-0.
00926564,-0.01000324,0.01646689,-0.00046273,-0.00067190,0.00001213,0.00004776,-0
.00020497,0.00005382,0.00543298,0.00192873,-0.00002481,0.00097785,0.00052497,0.0
0001245,0.00157427,0.00078721,0.00688770,-0.00613415,-0.00581962,0.00311060,-0.0
0220054,0.00260314,-0.00618484,-0.00011716,0.00033989,0.00018423,-0.00009726,0.0
0016306,0.00026224,-0.00000809,-0.00043358,-0.00037316,-0.00149979,-0.00047258,0
.00049958,0.00517129,-0.00634190,-0.00093256,-0.00006204,-0.00015197,0.00009543,
-0.00090677,-0.00074186,0.00034271,0.00553652,0.00714841,0.00090298,-0.01090066,
0.01238142,-0.05228998,-0.27009405,-0.07223481,-0.07288738,0.49830981,0.00880473
,-0.02313628,-0.02177202,-0.00027157,-0.00103370,-0.00015309,0.00084327,0.000975
96,-0.00047367,-0.00040143,-0.00029923,-0.00044013,-0.01345149,-0.00629288,-0.01
002015,0.02564081,-0.04720786,0.07596656,-0.00483037,-0.00614268,0.00760888,-0.0
0062993,-0.00005970,0.00046485,0.00003756,0.00037812,0.00033707,0.00327645,0.003
46349,-0.00156793,0.00107924,0.00025471,-0.00065199,-0.00491617,0.00197245,0.002
91092,-0.00365284,-0.00156439,-0.00047649,-0.00087607,0.00210889,-0.00504499,-0.
00012734,0.00019125,0.00044449,0.00012319,-0.00087125,-0.00037598,0.00021755,0.0
0029641,0.00020257,-0.00146551,-0.00031618,0.00083687,0.00274691,-0.00525719,0.0
0062337,-0.00007635,-0.00020014,-0.00007144,0.00047652,0.00071403,0.00020940,0.0
1701311,-0.00208269,0.04122633,0.00445439,-0.00099219,0.00693848,-0.08118345,-0.
06191717,-0.00810433,0.12669096,0.31200992,-0.00128090,-0.02516332,-0.10721140,-
0.00007348,-0.00104890,0.00017826,0.00338508,-0.00239044,0.00086011,-0.00032861,
0.00081667,-0.00038337,0.00949215,0.00224181,0.00512310,-0.10717869,0.07070100,-
0.26878654,-0.00108442,-0.00358066,0.00367579,-0.00010791,-0.00036785,0.00004650
,0.00002121,0.00061183,0.00004558,0.00588630,-0.00034973,0.00268322,0.00003586,0
.00022289,-0.00007823,-0.00831086,0.00209620,0.00026449,0.00369170,-0.00025923,-
0.00077726,0.00115163,0.00316706,0.00058590,-0.00054268,0.00045125,0.00064377,0.
00023328,0.00029453,0.00054470,0.00031561,0.00092294,0.00069611,-0.00028906,-0.0
0009116,0.00022240,-0.00234614,-0.00527153,0.00605254,0.00004623,-0.00012362,-0.
00006102,-0.00011588,0.00061922,-0.00042495,-0.00295193,0.01514667,-0.03566713,-
0.02240878,0.00196972,-0.02449758,-0.12213972,-0.01528636,-0.10180279,0.18238359
,-0.18515839,0.68419247,-0.03440067,-0.02655521,-0.01023566,-0.00040632,0.001156
63,-0.00037425,-0.00255253,0.00389223,0.00169911,-0.00029395,0.00029484,0.000098
36,-0.00330453,-0.00320068,-0.00391117,0.00511185,0.00921263,-0.00470481,-0.2386
1336,-0.13791612,-0.05664485,-0.00018733,-0.00085621,-0.00027852,0.00024661,-0.0
0039871,-0.00019602,0.00152572,0.00254923,0.00065345,0.00029670,0.00041410,0.000
12784,0.00364980,0.00026785,0.00160170,-0.00062213,-0.00018536,0.00090676,0.0017
8650,0.00161754,-0.00220084,-0.00008586,0.00008004,0.00007104,0.00003847,-0.0000
2103,0.00016642,0.00000759,0.00096818,0.00048602,-0.00068886,-0.00012183,0.00005
482,0.00271897,0.00083611,-0.00239703,0.00022407,-0.00026974,-0.00019742,-0.0017
1478,-0.00032750,-0.00083391,-0.16539368,0.02478099,-0.14121001,-0.04497889,-0.0
2932579,-0.01552910,-0.03278887,-0.02730475,-0.00145320,-0.10181185,-0.08160887,
0.06430708,0.61648522,-0.02686475,-0.07755330,-0.03705972,-0.00053450,-0.0010627
4,-0.00056100,0.00871582,-0.00518443,-0.00153675,-0.00003978,0.00179693,-0.00078
562,-0.00164346,-0.00024958,-0.00013168,-0.00211236,-0.00632890,0.00293901,-0.12
896311,-0.10611483,-0.02514856,-0.00058781,0.00037988,0.00053261,-0.00003009,0.0
0032445,0.00024141,-0.00744589,0.00147272,-0.00160259,0.00005416,-0.00007096,-0.
00013594,0.00793301,0.00048846,0.00238850,-0.00144891,-0.00080503,0.00623894,0.0
0152505,-0.00333738,0.00013550,-0.00034403,0.00015119,0.00053370,0.00007629,0.00
091751,0.00090678,0.00044930,0.00030320,0.00024283,-0.00006967,0.00017516,0.0000
3710,0.00136208,0.00517619,-0.00593534,-0.00024602,-0.00039360,0.00015175,0.0006
5053,0.00058279,0.00055063,-0.00928253,-0.05423550,0.02573253,-0.00036074,0.0136
8632,-0.00873025,-0.01880015,-0.01761214,-0.00008022,-0.09310881,-0.15894107,0.1
3726461,0.26391544,0.40955917,-0.01073439,-0.03354994,-0.02418730,-0.00038537,-0
.00062251,-0.00087241,-0.00068086,-0.00035854,0.00369074,0.00050694,0.00081182,-
0.00088566,-0.00128283,0.00228247,0.00010240,0.00913056,0.01651701,-0.01138564,-
0.05119205,-0.02590568,-0.04565394,-0.00079359,-0.00050575,0.00045321,0.00016479
,0.00055668,0.00049248,0.00532962,0.00368339,0.00095114,0.00131712,0.00056883,-0
.00064254,-0.00417399,-0.00080959,0.00537054,-0.00357159,-0.00478256,-0.00052876
,-0.00261158,0.00588930,-0.00598515,-0.00065042,0.00100246,0.00105724,0.00034428
,-0.00016892,0.00008971,-0.00001612,0.00005929,-0.00025812,-0.00206631,-0.000413
14,0.00090555,0.00449272,-0.00609456,-0.00073359,-0.00027944,-0.00022383,-0.0001
7387,-0.00076975,0.00051526,-0.00036019,-0.14153152,0.06007069,-0.21616580,-0.02
129359,-0.01680337,-0.00514416,0.02167326,0.01329188,0.01917214,0.04304197,0.089
84191,-0.15911147,0.16006874,-0.10659081,0.46157381,-0.00079174,0.00082017,-0.00
270887,0.00021337,0.00019935,-0.00050376,0.00016276,0.00059801,-0.00029763,-0.00
010641,-0.00014049,0.00007933,0.00037552,-0.00104853,0.00081271,0.00050012,0.000
38483,-0.00040164,0.00004224,0.00032651,-0.00005881,-0.00018423,0.00036098,0.000
09591,-0.00004122,-0.00002604,0.00017347,-0.00040086,-0.00000306,0.00024746,-0.0
0016294,-0.00028877,0.00000826,0.00032644,-0.00010639,-0.00023519,-0.00001664,-0
.00013415,0.00008016,-0.00022643,-0.00022906,0.00027872,-0.00011600,0.00044873,0
.00033073,0.00004780,-0.00029838,-0.00024057,0.00002470,-0.00005835,0.00012886,0
.00026247,0.00010448,-0.00013849,0.00025327,-0.00020392,-0.00034153,-0.00002983,
0.00007515,0.00015382,-0.00019583,-0.00021391,0.00014617,-0.03740427,-0.02509254
,0.03102791,-0.00247799,-0.01104948,0.01850459,-0.00278284,-0.00453546,0.0009545
0,-0.00197203,-0.00031866,-0.00233762,0.00299827,0.00986853,-0.01131971,0.051396
87,-0.00205445,-0.00223806,0.00605083,0.00003924,-0.00006734,0.00003417,-0.00078
115,-0.00022345,-0.00008994,-0.00005543,0.00065744,-0.00049376,0.00037833,0.0001
1608,0.00017533,-0.00033750,0.00029013,-0.00022698,0.00043606,-0.00057405,-0.000
30035,0.00001209,-0.00002353,0.00009761,-0.00001140,-0.00000925,-0.00003240,-0.0
0005726,0.00021835,-0.00088114,-0.00014413,0.00003639,0.00000997,-0.00052759,0.0
0035079,0.00047417,0.00038541,0.00043504,0.00080855,0.00045908,0.00075433,0.0003
8743,0.00026395,-0.00030520,-0.00011059,-0.00010706,-0.00048808,-0.00009441,0.00
029215,0.00050321,0.00010404,0.00001791,0.00001059,-0.00000979,-0.00119459,0.000
89214,0.00048186,0.00005475,-0.00000299,0.00006071,-0.00012984,-0.00003197,-0.00
012644,-0.02680616,-0.10779310,0.13940167,-0.00177183,-0.00832015,0.00846105,-0.
00184330,0.00022000,0.00022092,-0.00097426,0.00214108,-0.00049869,0.00256236,-0.
00156963,-0.00091815,0.03063315,0.11561268,0.00026576,-0.00245861,0.00045801,-0.
00000343,0.00013011,-0.00022138,-0.00038635,0.00062298,-0.00032165,0.00010575,0.
00000480,-0.00014141,-0.00039572,0.00030528,0.00007783,0.00027253,0.00104231,-0.
00008890,0.00013457,-0.00047515,-0.00017109,-0.00009479,0.00008300,0.00008370,0.
00002067,-0.00010908,0.00003178,-0.00003743,-0.00013495,-0.00052564,0.00004900,-
0.00007653,-0.00007145,-0.00016246,-0.00003586,-0.00013253,0.00013579,0.00000204
,0.00003505,0.00019764,0.00007362,0.00021331,0.00026543,-0.00025288,-0.00005569,
-0.00013398,-0.00031354,-0.00006772,0.00008089,-0.00005832,-0.00002610,-0.000052
09,-0.00001964,0.00005531,-0.00030399,-0.00004297,0.00010323,-0.00012396,-0.0000
1245,0.00000769,-0.00002073,-0.00003791,0.00007656,0.03027069,0.13942632,-0.2543
1347,0.00225925,0.00187458,-0.00333897,-0.00092529,0.00229343,-0.00139201,-0.002
03520,0.00340814,-0.00324236,0.00475892,0.00892282,-0.01392124,-0.03649258,-0.15
400619,0.27626647,0.00118976,0.00178137,0.00052326,0.00396667,0.00700564,-0.0008
2008,-0.03929516,-0.03340084,0.03474721,0.00022067,0.00020835,-0.00015336,0.0000
6562,-0.00011053,0.00000671,-0.00005637,-0.00012507,-0.00005320,-0.00027912,-0.0
0002637,-0.00036858,-0.20352954,0.10664856,0.16785378,0.00124912,0.00152579,0.00
291498,-0.00060399,0.00085899,-0.00067238,0.01679851,-0.00260859,-0.00710030,-0.
00285909,0.00001065,-0.00060555,0.00048748,0.00042907,-0.00001885,0.00028821,-0.
00000809,0.00037597,-0.00013680,0.00006300,0.00040408,0.00004274,-0.00000524,0.0
0013814,0.00004454,-0.00000376,0.00007522,-0.01160471,-0.00109461,0.00250675,0.0
0463741,-0.00521779,-0.00423375,-0.08036322,-0.04109049,-0.00608946,0.00113194,-
0.00197681,-0.00009311,0.00058378,-0.00003072,0.00022686,-0.00021544,-0.00002067
,-0.00016395,0.00019991,-0.00003670,0.00005016,-0.00039878,0.00038161,-0.0004668
6,-0.00209748,0.00082936,-0.00016164,0.00017883,-0.00020078,0.00007802,0.3764145
5,0.00073952,-0.00044012,-0.00172864,0.00029758,-0.00900539,-0.01055708,-0.02006
061,-0.03518099,0.01201450,0.00030576,-0.00011228,0.00028403,0.00011233,0.000106
82,-0.00004489,-0.00023809,0.00007957,-0.00031059,0.00018023,0.00012939,0.000184
77,0.11745872,-0.18126398,-0.15414805,0.00064124,0.00011033,-0.00351682,-0.00053
115,-0.00014429,-0.00035027,0.01111199,-0.05936804,-0.04467530,0.00026512,0.0002
5205,0.00034105,0.00024548,-0.00010075,0.00016648,0.00011493,-0.00009298,0.00011
283,-0.00023203,0.00003186,-0.00036060,0.00005013,0.00011322,-0.00000737,0.00001
317,0.00001099,-0.00002073,0.01274657,-0.00210462,-0.00530816,-0.00661771,-0.000
97788,0.00382815,-0.05619734,-0.17928313,-0.04442766,-0.00192467,-0.00115151,0.0
0144388,-0.00016416,-0.00027337,-0.00033682,-0.00001999,0.00015821,0.00019625,0.
00008902,0.00001414,0.00008755,0.00048789,0.00004220,0.00036106,0.00047151,-0.00
035651,0.00033989,-0.00012412,-0.00003621,-0.00009745,-0.03850647,0.52297013,-0.
00010935,-0.00138208,-0.00043194,-0.00710108,-0.02822436,-0.00993323,0.01621460,
0.01380464,-0.04586281,-0.00018870,0.00110011,-0.00068235,-0.00008686,0.00004525
,0.00001564,-0.00008501,0.00015012,-0.00003985,0.00028087,-0.00042939,-0.0003681
8,0.17268879,-0.14792517,-0.23212956,0.00128092,-0.00411163,-0.01342348,-0.00059
863,-0.00029248,0.00000997,-0.00058102,-0.03407525,-0.01229663,0.00229204,0.0006
4523,0.00052773,0.00078408,-0.00052937,0.00043700,-0.00027433,-0.00000133,-0.000
04365,-0.00003090,-0.00015601,0.00021483,0.00019478,0.00001121,-0.00006504,-0.00
007851,-0.00005721,-0.00006612,0.01295276,0.00144486,-0.00780165,-0.00848803,0.0
0076188,0.00601621,-0.01147165,-0.04516057,-0.07519682,0.00151368,-0.00099329,-0
.00066309,0.00012407,-0.00024041,0.00004163,0.00023638,0.00008249,0.00025628,-0.
00006560,-0.00032711,-0.00013995,0.00063602,-0.00019114,-0.00006992,0.00103192,-
0.00058672,-0.00004607,0.00008423,-0.00003243,0.00006079,-0.22639584,0.24496336,
0.40436556,0.00012705,0.00002745,-0.00002063,-0.01129399,-0.00284596,0.00339604,
-0.00073062,-0.00114544,-0.00086323,0.00008782,0.00009582,0.00004089,0.00001632,
-0.00001206,-0.00000231,0.00002402,-0.00000237,-0.00008336,-0.00005309,-0.000104
43,-0.00004735,-0.00162582,-0.00019040,0.00170774,0.00204209,0.00066804,-0.00084
620,0.00004615,0.00006844,0.00002466,0.00020998,0.00023051,0.00018136,-0.0000889
5,0.00005044,-0.00000587,0.00004207,0.00004190,0.00000865,0.00002388,0.00003372,
0.00001743,-0.00003389,-0.00002440,0.00006181,0.00002504,-0.00001273,0.00002112,
0.00002686,-0.00000488,-0.00000128,0.00005212,0.00007914,-0.00005932,0.00004760,
0.00002371,0.00014563,-0.25353334,-0.02581101,0.01927718,0.00053250,-0.00057666,
0.00179871,0.00005905,-0.00002757,0.00001570,0.00003474,-0.00000085,-0.00003209,
0.00008676,0.00000734,0.00001026,-0.00001861,0.00004649,-0.00005691,-0.00007356,
-0.00003063,-0.00000044,0.00005375,-0.00001417,0.00002492,-0.01291248,-0.0153985
2,-0.00317060,0.29388743,-0.00005024,0.00007811,-0.00010433,-0.00112413,0.001871
65,0.00275287,-0.00081751,-0.00185213,-0.00218529,0.00007737,0.00004269,0.000031
53,0.00000481,0.00000873,0.00000278,0.00001550,-0.00002251,-0.00001675,0.0000009
2,-0.00004272,0.00004161,-0.00284206,0.00089650,0.00088342,0.00008472,-0.0005846
6,-0.00054789,0.00003801,0.00004823,-0.00004341,0.00083577,0.00066970,0.00068340
,-0.00005354,0.00001338,0.00002511,0.00002488,-0.00000134,0.00002173,0.00003897,
-0.00001979,0.00002494,0.00001366,-0.00004472,0.00003370,0.00000088,-0.00000791,
-0.00000421,0.00000044,-0.00000240,-0.00000179,-0.00007102,0.00001337,0.00014295
,0.00004537,-0.00008372,0.00014141,-0.02726476,-0.04037777,0.00031429,0.00087619
,0.00068574,-0.00045555,0.00005829,0.00003383,-0.00003659,-0.00004902,0.00001255
,-0.00000974,-0.00000754,0.00001528,0.00004400,0.00002648,0.00005759,0.00003588,
0.00004656,-0.00000568,0.00003493,-0.00004738,-0.00001531,-0.00001641,-0.0326016
3,-0.01837166,-0.00254335,0.03917511,0.06327791,0.00002570,0.00000175,0.00001170
,0.02584333,0.00176835,-0.00314070,0.00077057,0.00014272,-0.00111670,0.00003701,
-0.00000506,0.00001884,-0.00000291,0.00000325,0.00000053,-0.00004579,-0.00003315
,0.00004709,-0.00011948,0.00011923,-0.00009275,-0.00212245,0.00047094,0.00157385
,-0.00192875,0.00108001,0.00042713,-0.00004691,-0.00000198,-0.00007869,0.0001114
6,-0.00019077,0.00001215,-0.00004444,-0.00006121,-0.00002298,-0.00000737,-0.0000
0849,0.00000474,0.00001939,-0.00001511,0.00000091,-0.00000772,0.00000661,-0.0000
0310,0.00000428,0.00001084,0.00000327,-0.00001008,0.00000741,0.00000566,0.000211
81,-0.00003659,0.00007530,-0.00010551,-0.00014819,-0.00001267,0.02704493,0.00005
767,-0.04014257,-0.00034018,0.00333257,-0.00572465,-0.00003155,0.00006047,-0.000
03170,-0.00002129,0.00001570,0.00001221,-0.00005510,0.00001145,0.00001247,0.0000
1827,0.00002108,0.00006100,-0.00001800,-0.00000590,0.00006436,0.00001509,0.00001
178,-0.00001169,-0.01255924,-0.00666253,0.00204429,-0.01995756,-0.00345671,0.049
29723,-0.00270095,0.00020846,-0.00046982,-0.00014600,0.00000527,0.00008608,-0.00
232745,-0.00090193,0.00039514,-0.18885212,0.09184055,0.06360376,-0.00222365,0.00
269583,0.00013669,-0.00021616,-0.00066079,-0.00060715,-0.00010890,-0.00005221,0.
00005334,0.00005583,0.00013365,-0.00004928,0.00004246,0.00004364,0.00000142,-0.0
0432933,0.00097177,0.00920006,0.00028844,-0.00017089,-0.00009486,-0.00044488,-0.
00026867,0.00006265,-0.00017752,-0.00029901,0.00023757,0.00114365,0.00102905,-0.
00231192,-0.00001014,-0.00005896,-0.00010211,0.00002834,0.00009991,0.00004228,0.
00006983,0.00001475,-0.00053208,-0.00038726,0.00001321,0.00011442,-0.00008180,-0
.00004613,0.00133670,0.00004101,0.00005348,-0.00004894,0.00013676,-0.00001316,0.
00014263,0.00026725,0.00015605,0.00023014,-0.00014622,-0.00066467,-0.00014781,0.
00103110,0.00389347,-0.00090590,0.00013483,0.00017936,0.00035585,-0.00024646,-0.
00061860,-0.00007506,-0.00010152,-0.00013645,-0.00005562,-0.00001156,-0.00005306
,0.00012560,0.00003652,0.00002337,-0.00002108,0.23069791,0.00088264,0.00023293,-
0.00177882,-0.00001794,0.00015148,0.00001524,0.00010985,0.00060790,0.00037387,0.
09665122,-0.09877798,-0.04625340,0.00375488,-0.00181075,0.00030172,-0.00050181,-
0.00055080,-0.00032233,0.00022812,0.00025467,0.00015496,0.00010263,-0.00006924,-
0.00017556,0.00002425,-0.00005086,-0.00002411,-0.00415907,0.00179186,0.00639517,
0.00017190,0.00010185,0.00003253,0.00070339,-0.00065431,-0.00021849,-0.00043175,
-0.00040791,-0.00066201,-0.00112464,-0.00021572,-0.00028640,0.00026970,-0.000174
85,-0.00027742,-0.00007112,-0.00009550,-0.00035718,-0.00051972,-0.00009568,-0.00
018140,-0.00004285,-0.00011261,-0.00007099,0.00073981,0.00002184,0.00007249,0.00
000815,0.00005444,0.00002509,0.00013997,-0.00011050,0.00003865,-0.00049525,0.000
46156,-0.00059005,-0.00050463,0.00075867,0.00064976,0.00073364,-0.00424031,0.001
58915,-0.00086112,-0.00284568,0.00079210,0.00002735,0.00054293,0.00092896,-0.000
06445,0.00060068,-0.00013355,0.00001025,-0.00018506,0.00022002,0.00001221,-0.000
01106,-0.00001913,-0.11021258,0.11794253,-0.00144543,-0.00465480,0.00028914,-0.0
0010350,-0.00025438,0.00006424,0.00033282,0.00035338,-0.00017384,0.06747406,-0.0
4559710,-0.06434422,-0.00049946,0.00037866,0.00131680,-0.00034728,-0.00046236,-0
.00018177,-0.00017403,-0.00015538,-0.00003000,-0.00018465,0.00000827,0.00009894,
0.00003851,0.00007348,0.00001876,0.02679576,-0.00549069,-0.02502455,-0.00014401,
-0.00004136,0.00004780,-0.00009790,0.00194630,-0.00028838,0.00070599,0.00079257,
0.00002029,0.00154270,0.00037598,-0.00046682,-0.00057476,0.00039548,0.00026390,0
.00017986,0.00014180,0.00035366,-0.00103512,-0.00008528,-0.00090458,0.00014536,0
.00014718,0.00000069,-0.00169437,-0.00122886,-0.00290879,-0.00002884,-0.00005746
,-0.00002856,0.00009172,0.00017668,-0.00007378,0.00014060,-0.00015815,0.00013772
,0.00053723,-0.00012883,-0.00043670,0.00055842,-0.00002815,0.00004655,0.00033917
,-0.00058472,0.00015413,-0.00032108,-0.00044862,-0.00044052,-0.00003535,-0.00036
650,-0.00001395,0.00002066,0.00000815,-0.00003403,-0.00001228,0.00000369,0.00000
886,-0.07330711,0.04913710,0.08967451,-0.00001757,0.00028332,-0.00122971,0.00000
687,0.00008320,0.00007235,-0.00108844,-0.00073654,-0.00143006,-0.04317239,-0.017
90794,0.00556975,0.00026138,0.00011408,-0.00002716,-0.00009496,-0.00005917,-0.00
012515,-0.00001374,0.00003888,0.00001642,0.00013814,-0.00025583,-0.00023004,0.00
000041,-0.00003517,-0.00000683,0.00170300,-0.00355851,0.00063639,0.00010723,0.00
016682,0.00006924,-0.00015949,0.00004696,0.00010748,0.00003261,0.00002799,0.0001
6511,0.00028975,-0.00041101,-0.00040023,0.00001628,-0.00008467,-0.00003901,-0.00
004095,-0.00001029,0.00002819,-0.00008809,0.00012820,-0.00007692,-0.00015176,-0.
00011163,-0.00000245,-0.00040461,-0.00016880,0.00060429,0.00001620,0.00003577,0.
00000531,0.00007689,0.00005868,0.00013634,-0.00011094,0.00025788,0.00006517,0.00
011851,-0.00010090,0.00004406,0.00007163,0.00066845,0.00004237,-0.00031002,0.000
18815,-0.00002007,-0.00003932,-0.00019534,0.00003582,-0.00003409,-0.00000116,-0.
00002304,-0.00020294,-0.00013145,0.00063693,0.00000215,0.00000608,-0.00000367,0.
00172331,0.02356605,-0.00063191,0.05557970,0.00002659,0.00012383,0.00090643,0.00
024943,0.00040156,0.00005138,-0.00058919,-0.00068728,-0.00098107,-0.01565691,-0.
24108421,0.02144633,-0.00009795,-0.00021637,0.00004883,0.00004961,-0.00005969,0.
00020532,0.00010274,0.00018273,0.00003076,0.00043558,-0.00026187,-0.00037077,-0.
00010217,-0.00015138,-0.00007553,-0.00102857,-0.00967436,0.00836352,0.00000077,0
.00020041,0.00007831,0.00016891,-0.00002942,0.00028848,-0.00008323,-0.00026312,0
.00018791,-0.00028481,0.00014669,-0.00022481,0.00010279,0.00011132,-0.00008441,-
0.00009296,0.00006100,-0.00013595,0.00030027,-0.00028938,0.00008673,-0.00002366,
-0.00023713,-0.00008207,0.00036841,-0.00055340,-0.00046115,0.00005914,0.00009652
,0.00006584,-0.00011600,-0.00010440,0.00022801,0.00001468,-0.00011505,-0.0004134
6,-0.00021644,0.00018780,0.00010413,-0.00031629,-0.00042307,0.00022128,0.0000149
2,0.00023599,0.00019457,0.00025783,0.00017229,0.00032288,0.00000097,0.00012347,-
0.00002392,-0.00027741,-0.00003807,0.00035343,-0.00002311,-0.00000796,-0.0000032
2,0.00156060,-0.01947084,0.00027064,0.03008528,0.28731810,0.00022380,0.00166365,
-0.00286263,-0.00011350,-0.00011929,0.00006150,-0.00035365,0.00062261,-0.0006620
5,0.00270450,0.02240194,-0.04395610,-0.00009748,0.00000711,0.00002327,-0.0000526
8,0.00007678,0.00002856,-0.00004269,-0.00004812,-0.00002001,-0.00008981,0.000005
70,-0.00002909,0.00003959,0.00000029,0.00001036,0.00282768,0.02728213,-0.0064222
1,0.00020277,-0.00006173,0.00000075,0.00018435,0.00024567,-0.00046664,0.00001051
,0.00016433,-0.00026397,0.00034966,-0.00007465,-0.00004758,-0.00018239,0.0000371
4,-0.00007173,0.00010818,0.00000538,0.00004825,-0.00024625,0.00021588,0.00011695
,-0.00024378,0.00011073,0.00001555,0.00008496,0.00168092,-0.00117116,-0.00004071
,-0.00000574,-0.00000714,0.00017125,0.00012050,0.00000465,-0.00028262,0.00021907
,0.00018024,0.00008983,0.00003253,-0.00020703,0.00037059,-0.00044100,0.00032132,
-0.00005126,-0.00051559,0.00014325,-0.00001969,-0.00021019,-0.00016949,-0.000006
50,-0.00009099,-0.00000654,0.00001506,-0.00016425,0.00028798,-0.00000368,-0.0000
1002,-0.00000735,0.00018559,-0.01080348,0.00212793,-0.00027809,-0.02444211,0.051
08891,0.00625800,-0.00592363,0.00484655,-0.00144260,-0.00234017,-0.00018406,0.00
050160,0.00003895,-0.00045627,0.00052607,-0.00079244,0.00065341,-0.00033125,-0.0
0069776,0.00172648,0.00057153,-0.00014193,0.00062399,-0.00041529,0.00024044,-0.0
0026541,-0.00236978,0.00009609,0.00116535,0.00065705,0.00144761,0.00078341,0.001
74920,-0.00100269,0.00057623,0.00266106,-0.00002194,-0.00089830,-0.00060780,-0.0
0026250,-0.00218848,-0.00026117,-0.00041198,-0.00253411,-0.00141410,0.00055568,-
0.00248212,-0.00001341,-0.00040025,-0.00051155,-0.00163394,0.00440602,0.00344593
,0.00076045,-0.00089433,-0.00002599,-0.00336250,-0.00005826,0.00103617,0.0023907
3,-0.00198043,0.00033529,-0.00009063,-0.00007386,-0.00010811,0.00160791,0.001650
67,0.00080220,-0.02312773,-0.00304297,-0.01150723,-0.12063038,-0.00901882,-0.094
66526,-0.00230573,0.00529237,-0.00114997,0.00397518,-0.00103809,0.00276499,-0.00
123365,-0.00139661,0.00090562,-0.00225988,-0.00081223,0.00079766,0.00120214,-0.0
0046833,-0.00057433,0.00023214,-0.00001370,0.00000140,0.00046195,-0.00064979,0.0
0073637,0.00010102,-0.00068565,0.00049124,0.42961510,-0.00009914,-0.00489948,0.0
0190201,0.00053640,0.00120523,-0.00039292,-0.00038110,0.00123938,0.00009784,0.00
022195,0.00079131,-0.00048223,0.00062656,-0.00092606,0.00080694,0.00002175,0.000
31905,0.00017180,-0.00091319,0.00034626,-0.00043074,0.00035144,0.00069841,0.0000
4116,-0.00012316,-0.00079572,-0.00008354,0.00063937,0.00036582,0.00073513,-0.000
74575,-0.00061389,0.00008629,0.00003645,0.00064378,0.00046949,0.00146455,-0.0011
2869,0.00007641,0.00072307,-0.00006411,0.00102271,-0.00049071,0.00022599,0.00025
848,0.00191224,0.00079889,-0.00318070,0.00072902,-0.00252581,0.00141799,0.000890
50,0.00010722,-0.00031101,-0.00133685,-0.00028467,-0.00016550,-0.00003565,0.0000
9995,0.00025807,-0.00064634,-0.00103216,-0.00019922,-0.00889969,-0.00293870,-0.0
0899265,-0.00527376,-0.02639594,0.00137751,0.00825211,-0.00164400,0.00292215,-0.
00241454,-0.00154663,0.00106819,-0.00621633,0.00018302,-0.00242974,-0.00173166,-
0.00162309,0.00028726,0.00002144,-0.00021678,0.00023547,0.00000938,-0.00005703,-
0.00002125,0.00001771,0.00062205,0.00019058,0.00000032,-0.00015461,0.00004547,0.
07703621,0.39478820,0.01212695,-0.00227955,-0.00093509,-0.00119705,-0.00141677,0
.00077243,-0.00000294,0.00029905,0.00049824,-0.00012021,-0.00063917,0.00012113,0
.00033326,0.00030387,-0.00032330,-0.00059693,0.00048812,0.00012378,0.00007175,-0
.00000563,0.00043037,-0.00117755,0.00011805,0.00115329,0.00024294,0.00069628,-0.
00010018,0.00034818,-0.00018738,-0.00039789,0.00147556,0.00019088,-0.00094533,0.
00224147,0.00120675,0.00033156,-0.00401453,0.00190404,0.00148847,-0.00160668,-0.
00116051,0.00022812,0.00110587,-0.00053823,-0.00043520,0.00420034,-0.00688070,-0
.00171783,-0.00003532,0.00004535,0.00022674,-0.00214540,-0.00023233,0.00083772,0
.00128694,-0.00155679,-0.00165258,0.00002144,-0.00004154,-0.00042360,0.00084118,
0.00101374,-0.00021829,-0.01241335,-0.00448955,-0.00034247,-0.09612822,-0.004634
73,-0.13169173,-0.01160431,0.00248702,-0.01319105,-0.00087342,0.00143861,-0.0015
3244,0.00209718,0.00107707,0.00030517,0.00225712,0.00137420,0.00104890,0.0002983
5,-0.00018865,-0.00055537,0.00010142,0.00002008,-0.00003891,-0.00021089,0.000194
77,-0.00019976,0.00007119,-0.00025463,0.00015225,-0.08973211,-0.10999542,0.70911
624,0.00213098,-0.00092194,0.00220841,0.00038585,0.00079044,0.00037668,0.0007889
5,-0.00035448,0.00069872,-0.00014842,-0.00035584,0.00006766,-0.00016949,0.000505
34,-0.00029290,-0.00011285,0.00019474,0.00000777,0.00022797,0.00010899,0.0001414
3,0.00091451,-0.00015081,-0.00042097,-0.00022986,-0.00050463,-0.00039267,-0.0001
7965,-0.00023153,-0.00059946,-0.00059748,0.00017830,0.00015539,0.00077759,0.0004
2284,-0.00003406,-0.00255192,0.00430669,0.00101683,-0.00053866,-0.00065183,0.000
37431,0.00052640,-0.00003977,-0.00022034,-0.00270208,0.00214171,-0.00096196,-0.0
0045605,0.00020775,-0.00031230,0.00080878,-0.00011591,-0.00013983,-0.00004756,-0
.00031961,-0.00056981,0.00010250,0.00005373,-0.00005723,-0.00043516,-0.00047799,
-0.00029649,-0.00052786,-0.00024792,-0.00125642,0.00765255,0.00351501,-0.0082118
1,-0.00106311,-0.00072943,-0.00095029,-0.00088930,0.00072338,-0.00046171,0.00122
276,0.00048004,0.00038682,0.00013950,0.00092886,-0.00101140,-0.00034522,0.000230
83,0.00007532,-0.00007950,0.00001070,-0.00000635,-0.00003774,-0.00016813,0.00000
146,-0.00002301,0.00016809,-0.00010207,-0.11379850,-0.06147342,0.15416569,0.1116
2473,-0.00116973,0.00094976,-0.00177487,-0.00044916,-0.00091272,0.00034776,-0.00
073485,-0.00079483,-0.00033741,-0.00004224,0.00016704,-0.00015254,-0.00000943,0.
00020720,-0.00031346,0.00006464,-0.00003268,-0.00019740,-0.00001475,-0.00003175,
0.00006110,-0.00042291,-0.00044403,0.00010532,0.00012970,0.00056258,0.00004303,0
.00012493,0.00030043,0.00028336,0.00055849,0.00036930,-0.00009765,-0.00015248,-0
.00073899,0.00067107,0.00206222,-0.00294123,-0.00143608,0.00065248,-0.00009073,-
0.00019246,0.00003886,-0.00013437,-0.00000429,0.00455268,-0.00507072,0.00116187,
-0.00005298,0.00030179,-0.00019682,-0.00077215,-0.00003054,0.00021529,0.00019229
,0.00042532,0.00066831,0.00001141,-0.00008004,-0.00021191,0.00051861,0.00083123,
0.00010588,-0.00099543,0.00001251,-0.00062651,0.00024991,0.00163336,0.00330874,-
0.00018530,0.00147317,0.00027831,0.00058211,0.00005010,0.00001029,0.00104924,-0.
00033196,0.00062353,0.00088266,0.00017084,-0.00033504,0.00003705,0.00010628,-0.0
0020560,0.00000875,0.00003952,0.00001362,-0.00006813,0.00004684,-0.00014980,-0.0
0001874,0.00006508,-0.00001711,-0.06426867,-0.10593325,0.15243261,0.06158507,0.1
0526765,0.00012042,-0.00149763,0.00224269,0.00058965,0.00066327,-0.00050384,0.00
052542,-0.00012263,-0.00033646,0.00014135,-0.00001438,0.00010538,-0.00006476,-0.
00009812,0.00020175,-0.00045331,0.00011217,0.00007173,0.00009307,0.00007324,0.00
001424,0.00055089,-0.00004171,-0.00062994,-0.00011934,-0.00032877,0.00011469,0.0
0002858,-0.00003378,0.00014948,-0.00055805,-0.00007218,0.00046907,-0.00022526,-0
.00053729,0.00009590,0.00114560,-0.00085920,-0.00008079,0.00062965,0.00027534,-0
.00035872,-0.00038191,0.00019790,0.00012264,-0.00185581,0.00301078,0.00017959,0.
00004783,-0.00008742,0.00005720,0.00084849,0.00011231,-0.00035351,-0.00034446,0.
00056757,0.00035763,-0.00002363,0.00001184,0.00026779,-0.00040374,-0.00044813,0.
00021730,0.00310916,0.00134115,0.00036717,0.00461552,0.00956419,-0.02034389,-0.0
0273499,-0.00359034,-0.00105466,-0.00094818,0.00124924,-0.00094431,0.00016369,0.
00040457,-0.00001618,-0.00087565,-0.00033829,-0.00086453,-0.00011520,0.00004970,
0.00027290,-0.00004661,-0.00001626,0.00001881,0.00010356,-0.00029334,0.00020956,
-0.00001655,0.00000823,-0.00002083,0.15972898,0.15047475,-0.45547142,-0.17467107
,-0.16586407,0.48736405,-0.00084614,-0.00044599,-0.00110396,0.00026232,0.0003750
8,0.00000760,0.00040264,-0.00007955,0.00023338,-0.00000607,-0.00010459,0.0000984
0,-0.00009964,0.00025590,-0.00010518,-0.00001169,-0.00009678,0.00000683,0.000088
33,0.00002653,-0.00006683,0.00040544,0.00000730,-0.00020827,-0.00011697,-0.00021
089,-0.00010463,-0.00023612,-0.00014152,-0.00007739,-0.00039172,-0.00000988,0.00
014351,-0.00003096,-0.00010307,-0.00018037,0.00031320,-0.00010756,-0.00010226,0.
00019838,-0.00048988,0.00023126,0.00009132,-0.00000142,-0.00001289,-0.00008185,-
0.00023233,-0.00005599,-0.00018762,0.00017812,-0.00013912,0.00051434,-0.00001299
,-0.00016460,0.00004791,0.00012977,0.00012746,0.00003119,0.00002933,0.00002498,-
0.00026081,-0.00025916,-0.00008591,0.00057687,0.00076662,-0.00014178,-0.00856804
,0.00799524,-0.00028651,-0.00090271,-0.00031214,0.00054744,-0.00037247,0.0000606
8,-0.00031003,-0.00012709,-0.00000746,-0.00022044,-0.00009627,0.00025558,0.00012
968,-0.00014828,0.00006274,0.00008705,-0.00003337,-0.00000140,0.00000201,-0.0000
1413,-0.00012248,-0.00001985,-0.00000322,0.00008027,-0.00006382,-0.10067502,0.04
698559,0.03125592,-0.00202195,0.00450419,0.00651156,0.43889520,-0.00099949,0.000
29369,-0.00051067,-0.00002439,-0.00008766,0.00001647,-0.00004556,-0.00011533,0.0
0001522,-0.00004660,0.00000671,-0.00002244,-0.00004915,0.00005599,-0.00007602,-0
.00005893,-0.00001905,-0.00004738,-0.00001101,0.00000858,0.00002549,0.00003251,-
0.00007096,-0.00003133,0.00000531,0.00006007,0.00000987,-0.00008882,0.00007492,-
0.00006010,-0.00003201,0.00005441,0.00002694,-0.00003092,-0.00002133,0.00000240,
-0.00010804,0.00033028,0.00030397,0.00004748,0.00007855,0.00009780,0.00000934,-0
.00001000,0.00001301,-0.00010284,-0.00013428,0.00014048,-0.00018677,0.00016975,-
0.00017208,0.00003322,-0.00001115,-0.00001105,-0.00008684,0.00010165,0.00004013,
0.00000019,-0.00001014,-0.00001625,0.00002261,0.00006452,-0.00002242,0.00023259,
-0.00024721,0.00002974,0.00047331,0.00255303,-0.00060623,-0.00029240,-0.00019346
,-0.00031318,0.00003680,0.00017923,-0.00014832,0.00032217,-0.00009334,0.00021890
,0.00017141,0.00005911,-0.00004141,-0.00003758,0.00004517,-0.00000339,-0.0000061
6,0.00000824,0.00000521,-0.00000382,-0.00001691,-0.00005355,-0.00000874,0.000060
83,-0.00003181,0.05548725,-0.08050038,-0.02008026,-0.00551942,0.00957870,0.00282
111,-0.16523166,0.24587146,-0.00245951,0.00016769,-0.00122643,0.00012307,0.00014
623,-0.00008846,0.00015834,-0.00006551,-0.00001129,0.00000427,-0.00000560,0.0000
1069,-0.00011439,0.00012906,0.00006946,0.00000832,-0.00008111,0.00000601,0.00000
032,0.00002206,-0.00008763,0.00014807,-0.00000555,-0.00013047,-0.00005460,-0.000
06095,0.00000979,-0.00013180,-0.00004408,-0.00001249,-0.00014798,0.00001357,0.00
009866,-0.00004532,-0.00013903,-0.00008340,0.00031167,-0.00020431,-0.00007985,0.
00011875,-0.00006710,0.00013930,-0.00004981,0.00001477,0.00000571,-0.00029656,0.
00060639,-0.00002951,-0.00006486,0.00003487,-0.00006599,0.00021057,0.00001505,-0
.00006696,-0.00004590,0.00025958,0.00013996,0.00000273,0.00000751,0.00004441,-0.
00010631,-0.00008756,0.00001619,-0.00016152,0.00025174,-0.00029841,-0.00825296,0
.00590547,0.00321480,0.00052088,-0.00061141,0.00031434,-0.00002311,-0.00004485,-
0.00002877,-0.00013991,-0.00022143,-0.00009588,-0.00024700,0.00002698,-0.0000412
8,-0.00003921,0.00001484,0.00003920,-0.00001304,-0.00000271,0.00000771,0.0000095
3,-0.00006698,0.00004184,0.00000109,0.00001585,-0.00001455,0.02886550,-0.0188680
1,-0.04888563,0.01675216,-0.00817562,-0.01129125,0.09345905,0.10320736,0.5973022
7,-0.00085211,0.00001077,-0.00061643,0.00003922,0.00005895,-0.00001116,0.0000685
0,-0.00007979,0.00001566,-0.00000186,-0.00000040,-0.00002759,-0.00008096,0.00003
428,-0.00000036,-0.00002622,-0.00002705,-0.00000222,-0.00000171,0.00001648,-0.00
001870,0.00009821,-0.00001899,-0.00006106,-0.00004221,-0.00001284,-0.00002287,-0
.00000244,-0.00003823,-0.00000693,-0.00006353,0.00002518,0.00002441,0.00004330,-
0.00003255,-0.00007033,0.00004280,0.00005721,-0.00000964,0.00000999,-0.00011972,
0.00008898,0.00002570,0.00001002,-0.00002365,-0.00002311,0.00004877,-0.00006910,
-0.00008723,-0.00001900,0.00001647,0.00009061,0.00000265,-0.00001683,-0.00002484
,0.00007619,0.00007369,0.00000519,0.00000291,0.00001119,-0.00005838,-0.00002203,
-0.00000111,-0.00002197,0.00000005,-0.00000641,-0.00184393,0.00206335,0.00036349
,-0.00002070,-0.00017911,-0.00007413,-0.00002933,0.00003817,-0.00002958,-0.00000
718,-0.00003371,-0.00001868,-0.00004960,0.00006980,0.00002585,-0.00004522,0.0000
2325,0.00001448,-0.00000603,0.00000178,0.00000607,-0.00003225,-0.00000799,0.0000
2477,-0.00001268,0.00001430,-0.00000791,-0.02022589,0.01055189,-0.00381327,0.001
71384,-0.00035682,-0.00132689,-0.20624941,0.06286896,-0.09142905,0.52010962,0.00
077754,-0.00001281,0.00037392,-0.00008255,-0.00013773,0.00002186,-0.00007039,0.0
0006867,0.00002264,0.00001182,0.00000545,0.00001380,0.00002071,-0.00006099,-0.00
002044,0.00002684,0.00001069,0.00000612,0.00000893,-0.00001430,0.00002986,-0.000
11196,0.00000930,0.00007241,0.00004552,0.00006031,0.00003136,-0.00002345,0.00003
405,0.00000309,0.00009597,-0.00001241,-0.00004288,-0.00003933,0.00006704,0.00002
525,-0.00007354,-0.00003574,0.00002922,-0.00001217,0.00005918,-0.00005810,-0.000
00032,-0.00001005,0.00000715,0.00000017,-0.00002615,0.00005173,0.00001672,0.0000
2916,-0.00001162,-0.00012895,-0.00000720,0.00003867,0.00006259,-0.00008598,-0.00
005147,-0.00000620,-0.00000314,-0.00001519,0.00008214,0.00007161,-0.00000653,0.0
0001505,-0.00004588,0.00013740,0.00169939,-0.00118381,-0.00068891,-0.00003220,0.
00022403,-0.00006896,-0.00000745,-0.00002395,0.00000475,0.00006593,0.00003819,0.
00000614,0.00003447,-0.00006226,-0.00000960,0.00004026,-0.00001747,-0.00002404,0
.00000974,0.00000023,-0.00000389,0.00000870,0.00001391,-0.00002431,0.00000373,-0
.00001304,0.00000914,0.01110439,-0.00678332,0.00639901,-0.00098479,0.00115610,-0
.00082338,0.04870817,-0.07087833,0.01024971,-0.21925227,0.28587429,0.00071654,-0
.00016630,0.00020195,-0.00014270,-0.00024005,0.00001472,-0.00011234,-0.00000868,
-0.00003647,0.00002104,0.00001363,-0.00002310,-0.00002517,-0.00007964,-0.0000374
3,0.00002150,0.00000404,0.00002630,0.00000397,0.00000036,0.00002034,-0.00018500,
-0.00000879,0.00011000,0.00006044,0.00013281,0.00005536,0.00007946,0.00000703,0.
00003933,0.00019993,0.00000267,-0.00009376,0.00002192,0.00006288,-0.00000658,-0.
00003851,-0.00010120,0.00000733,-0.00003525,-0.00000585,-0.00009063,0.00001384,0
.00001391,-0.00002221,-0.00002473,0.00009272,0.00002104,-0.00004279,-0.00000111,
0.00003017,-0.00026193,-0.00000176,0.00010563,0.00010228,-0.00011234,-0.00002039
,-0.00001193,-0.00001325,-0.00001238,0.00013939,0.00016494,0.00003288,-0.0003832
0,-0.00011439,0.00000227,0.00182810,-0.00172505,-0.00014171,-0.00017700,0.000301
73,-0.00017240,0.00009699,0.00000475,0.00004910,0.00003320,0.00001942,0.00002845
,-0.00005402,-0.00003028,0.00000552,0.00005842,-0.00002012,-0.00004881,0.0000189
5,0.00000160,0.00000249,-0.00002108,0.00002929,-0.00000443,-0.00000458,-0.000030
33,0.00002318,-0.00062195,0.00291162,0.00906757,0.00092850,-0.00023458,-0.002840
48,-0.13871333,0.03746559,-0.18347223,0.05716367,0.12878695,0.62174972,-0.000078
75,-0.00005148,-0.00007939,-0.00003394,-0.00007338,0.00001517,-0.00000397,0.0000
6224,0.00003429,0.00001805,0.00001973,-0.00000293,-0.00003607,-0.00004090,0.0000
3594,0.00001311,-0.00000788,0.00001428,0.00001132,-0.00000029,-0.00000393,-0.000
04639,0.00002784,0.00004032,0.00003533,0.00002146,0.00001935,-0.00003729,0.00002
223,0.00002043,0.00004529,-0.00003097,-0.00002931,-0.00002807,0.00005517,0.00000
961,0.00001700,0.00000488,0.00000412,0.00000712,0.00003391,0.00002091,-0.0000055
9,0.00000767,0.00000644,-0.00003368,0.00006379,-0.00002128,-0.00002222,-0.000016
10,-0.00000037,-0.00007601,-0.00000077,0.00003263,0.00003222,-0.00000232,-0.0000
0331,-0.00000588,-0.00000654,0.00000695,0.00003904,0.00002151,-0.00002053,0.0000
0270,0.00000714,0.00004136,-0.00039888,0.00033379,0.00032016,0.00008392,0.000054
89,0.00002882,-0.00000016,-0.00004931,-0.00002731,0.00000943,-0.00004357,-0.0000
2298,-0.00003108,0.00002273,-0.00004679,0.00000757,-0.00001318,-0.00001059,0.000
00579,-0.00000146,-0.00000061,0.00000354,-0.00000358,0.00001476,-0.00000569,-0.0
0001049,0.00000584,-0.00109168,0.00289361,-0.00408051,0.00124209,-0.00099296,-0.
00029563,-0.05090506,0.02037692,-0.03742575,-0.22668948,0.13273082,0.08362070,0.
53759701,0.00017811,-0.00002617,0.00008137,-0.00001526,-0.00002475,-0.00000831,-
0.00000279,0.00004915,0.00004367,0.00000117,-0.00000877,0.00001706,0.00002280,0.
00000795,-0.00001332,0.00001381,0.00000447,0.00000132,0.00000193,-0.00000627,-0.
00000017,-0.00000203,0.00001168,0.00000544,-0.00000461,0.00001172,0.00000610,-0.
00000414,-0.00000457,0.00001320,-0.00000462,-0.00000375,0.00000132,0.00000091,0.
00002742,-0.00001320,-0.00005937,0.00001772,-0.00002724,-0.00005696,0.00001267,-
0.00000223,0.00000119,-0.00001522,-0.00000418,0.00002434,-0.00001327,-0.00000462
,0.00003759,-0.00001582,0.00001433,0.00001095,-0.00000475,-0.00001250,0.00003126
,-0.00004677,-0.00002600,-0.00000101,0.00000565,-0.00000708,-0.00000535,0.000001
08,-0.00001693,-0.00008568,-0.00006394,-0.00000500,0.00029875,-0.00059834,0.0000
1483,0.00007895,0.00004186,-0.00004496,-0.00005227,-0.00000182,-0.00000530,-0.00
006534,0.00001427,-0.00002826,0.00000014,-0.00003714,0.00003150,0.00000450,-0.00
000183,0.00000593,0.00000185,0.00000022,-0.00000211,-0.00000316,0.00001466,-0.00
000772,0.00000472,-0.00000594,0.00000135,0.00226190,0.00506428,0.00052611,0.0000
2439,-0.00060473,-0.00074990,0.03653473,-0.00509079,0.03708183,0.11134983,-0.136
77940,-0.07091103,-0.22123471,0.28482449,0.00003520,-0.00002042,-0.00002556,-0.0
0001410,-0.00003582,-0.00000629,-0.00000648,0.00006234,0.00003581,0.00000515,-0.
00000176,0.00001825,0.00000377,0.00003426,-0.00003315,0.00002296,-0.00000298,0.0
0000655,0.00001584,-0.00000118,0.00000353,-0.00001286,0.00000336,0.00000355,0.00
002526,0.00000257,0.00001991,-0.00006267,-0.00000241,0.00001524,0.00002362,-0.00
001219,-0.00001025,-0.00004635,0.00003421,-0.00001917,-0.00003081,0.00001723,0.0
0004207,-0.00001487,0.00003601,-0.00000344,0.00001200,0.00000988,0.00000230,-0.0
0001982,0.00000883,-0.00001917,-0.00000567,0.00001321,0.00000327,-0.00003378,-0.
00000296,0.00001294,0.00005563,-0.00001769,-0.00000688,-0.00000485,0.00000227,0.
00000431,0.00002371,0.00000252,-0.00000719,-0.00012481,-0.00010010,0.00001294,-0
.00045761,0.00039699,0.00015125,0.00000223,0.00006447,-0.00011524,-0.00004168,-0
.00003599,-0.00003659,-0.00000362,-0.00001099,-0.00005192,-0.00002066,0.00001303
,0.00001054,0.00000692,-0.00000504,0.00000293,0.00000319,-0.00000210,-0.00000244
,0.00000232,0.00000096,-0.00000836,0.00000395,-0.00000832,0.00000400,-0.00382248
,0.00082601,-0.00030828,0.00015306,-0.00000926,0.00039035,0.01059758,0.00827762,
0.04856931,0.01861717,-0.03245284,-0.11371779,0.08341153,0.11503803,0.61784322,0
.00004630,-0.00003541,0.00004028,-0.00003050,-0.00005985,0.00000500,-0.00000234,
0.00001838,0.00000046,0.00000630,0.00001301,-0.00001481,-0.00003698,-0.00005791,
0.00003816,0.00000181,-0.00000542,0.00001413,0.00000080,0.00000421,0.00000293,-0
.00003314,0.00000156,0.00002214,0.00001736,0.00002296,0.00001706,-0.00002454,0.0
0000760,-0.00000981,0.00004152,0.00000297,-0.00001886,-0.00002477,0.00002439,0.0
0001007,0.00002053,-0.00003201,0.00001665,0.00002833,0.00001316,-0.00000853,0.00
000419,0.00000460,0.00000460,-0.00000445,0.00000617,-0.00002263,-0.00002132,-0.0
0001506,-0.00000183,-0.00006816,-0.00000185,0.00002735,0.00001813,0.00000666,-0.
00000477,-0.00000396,-0.00000334,-0.00000640,0.00002590,0.00003066,-0.00000750,0
.00001216,0.00002048,0.00000627,0.00009273,0.00004595,0.00008859,-0.00003865,0.0
0008570,0.00001452,0.00003910,-0.00002629,0.00001825,0.00004914,0.00000079,-0.00
000680,-0.00000404,0.00002898,-0.00002549,0.00000715,-0.00000781,-0.00001778,0.0
0000384,-0.00000033,-0.00000072,0.00000370,-0.00000724,0.00001227,-0.00000656,-0
.00000936,0.00000662,-0.00118321,0.00026931,0.00017098,0.00038205,-0.00003379,-0
.00042837,-0.00986511,-0.00633014,-0.02496858,0.01852893,-0.00165833,0.02591966,
-0.08475818,0.03234021,0.03193649,0.53914449,-0.00000304,-0.00001088,-0.00003011
,0.00001487,0.00003178,0.00000452,0.00003137,-0.00000587,0.00003538,-0.00000347,
-0.00001127,0.00001865,0.00001335,0.00000380,-0.00000051,-0.00000001,-0.00000273
,-0.00000712,-0.00000083,-0.00000784,-0.00000209,0.00003383,-0.00000657,-0.00002
585,-0.00002463,-0.00001163,-0.00001663,-0.00001840,-0.00001303,-0.00000217,-0.0
0004490,0.00001318,0.00002622,-0.00000632,-0.00000625,-0.00002186,-0.00001451,0.
00001535,-0.00002141,-0.00002195,-0.00000611,-0.00000529,-0.00000367,-0.00001540
,0.00000140,-0.00000697,-0.00000358,0.00001840,0.00001051,0.00000625,-0.00001136
,0.00007364,-0.00000181,-0.00003288,0.00000800,-0.00000352,-0.00000254,0.0000042
7,0.00000415,-0.00000272,-0.00002724,-0.00001535,-0.00000987,-0.00003231,0.00000
288,0.00000420,-0.00005656,0.00006750,-0.00002045,0.00000776,-0.00001659,-0.0000
3930,-0.00002877,0.00000956,0.00000283,-0.00001627,0.00000151,-0.00000581,0.0000
0545,-0.00001995,0.00001058,-0.00000912,0.00000975,0.00001349,-0.00000344,0.0000
0072,0.00000041,0.00000222,0.,-0.00000794,0.00000347,0.00001112,-0.00000609,0.00
056626,-0.00038650,-0.00044353,-0.00015987,-0.00001351,0.00032388,-0.00634137,-0
.00334893,-0.00123789,0.01475096,-0.01374779,-0.01953426,0.01048376,-0.08826320,
-0.10196530,-0.22588379,0.29230078,-0.00014382,0.00000370,-0.00004244,0.00000912
,0.00001780,0.00000006,0.00002373,-0.00005429,-0.00001306,-0.00000664,0.00000404
,-0.00001058,-0.00001976,-0.00003387,0.00004179,-0.00002194,-0.00000675,-0.00000
122,-0.00001145,0.00000822,0.00000059,0.00002955,-0.00001964,-0.00003275,-0.0000
3536,0.00000348,-0.00001335,-0.00000003,-0.00000862,-0.00002708,-0.00002974,0.00
003825,0.00002796,-0.00000136,-0.00003390,0.00000479,0.00003504,-0.00000817,-0.0
0004407,0.00003011,-0.00003640,0.00000873,-0.00000877,-0.00001447,-0.00000146,-0
.00003840,0.00001064,0.00000960,-0.00001223,-0.00000676,-0.00003023,0.00004439,0
.00000101,-0.00002165,-0.00003149,0.00004229,0.00002718,0.00000821,0.00000710,-0
.00000963,-0.00003457,0.00001025,0.00000213,0.00011848,0.00009811,-0.00001986,-0
.00012782,0.00021475,0.00004733,0.00002959,-0.00008921,0.00007093,0.00003546,0.0
0000021,0.00005546,0.00002013,0.00002113,0.00001056,-0.00001061,0.00000633,-0.00
001897,-0.00000869,0.00000544,-0.00000081,-0.00000342,0.00000279,0.00000305,0.00
000278,-0.00001090,0.00000212,-0.00000386,0.00000912,-0.00000268,-0.00009461,-0.
00046200,-0.00146076,0.00007327,-0.00022304,0.00024617,-0.02468876,-0.00077349,-
0.05419241,0.07560776,-0.04881631,-0.01177719,-0.03364860,-0.06266197,-0.3005877
1,0.06589743,0.12495391,0.61159792,0.00012274,-0.00004791,0.00010834,-0.00000950
,-0.00003076,-0.00001431,0.00001933,-0.00003800,0.00000227,0.00000253,0.00000004
,-0.00001310,-0.00005976,-0.00004759,0.00001910,-0.00000494,-0.00000644,0.000018
44,-0.00000903,0.00001030,0.00000651,-0.00000079,-0.00000214,-0.00000228,-0.0000
2509,0.00003304,0.00000728,0.00002901,-0.00000210,-0.00000837,-0.00000255,0.0000
2445,0.00000675,0.00000014,0.00001529,0.00000327,-0.00001956,-0.00001979,-0.0000
1808,-0.00000569,-0.00000909,-0.00004327,0.00000049,-0.00001489,-0.00000552,0.00
003138,0.00000285,-0.00001649,-0.00000805,-0.00002333,0.00002499,0.00000092,-0.0
0000137,0.00000111,-0.00000507,-0.00001338,-0.00000604,0.00000265,-0.00000177,-0
.00000356,-0.00001482,0.00003463,0.00000388,-0.00005305,-0.00001084,-0.00007986,
0.00006961,-0.00032837,-0.00013813,-0.00007509,0.00002016,-0.00001231,0.00008378
,-0.00000449,0.00008480,0.00005137,0.00004176,-0.00000811,0.00000360,-0.00000161
,0.00002891,0.00000050,-0.00000109,-0.00000690,-0.00000009,0.00000230,0.00000331
,-0.00000897,0.00000141,0.00000127,-0.00000235,0.00000125,0.00000268,0.00297212,
0.00164279,-0.00042566,0.00024833,-0.00016151,-0.00050292,0.01786678,0.01583785,
0.07384783,-0.05178201,0.02334279,-0.00954463,0.02468445,-0.03533742,-0.06410650
,-0.21391786,0.06923157,-0.08401350,0.52317632,-0.00023766,0.00004822,-0.0000161
3,0.00001616,0.00002158,0.00001552,-0.00002090,-0.00002835,-0.00004992,0.0000007
0,0.00000545,-0.00000690,0.00002647,0.00002750,0.00000646,-0.00001006,0.00000830
,-0.00000834,-0.00000791,-0.00000731,-0.00000681,0.00002262,-0.00002899,-0.00003
012,0.00001179,-0.00001552,-0.00000997,0.00004309,0.00000350,0.00000619,-0.00000
755,0.00000624,0.00000906,0.00000470,-0.00007156,0.00002235,0.00009229,-0.000039
72,-0.00002756,0.00003918,0.00000501,0.00000006,-0.00001480,0.00002333,0.0000019
0,-0.00002833,0.00006288,0.00000817,0.00002542,-0.00000836,0.00001695,0.00002131
,0.00000913,-0.00000376,-0.00005771,0.00005023,0.00001170,0.00000368,0.00000429,
0.00000612,0.00001033,-0.00001077,0.00000736,0.00015128,0.00007929,-0.00000234,-
0.00020462,-0.00003958,0.00026706,0.00012490,-0.00009872,0.00022110,0.00005708,0
.00002050,0.00002550,-0.00004374,-0.00000501,0.00004393,-0.00004924,-0.00003377,
-0.00001582,-0.00000847,0.00000650,0.00000554,-0.00000212,-0.00000058,0.00000056
,0.00000551,-0.00001274,0.00001720,-0.00000255,0.00000208,0.,0.00098140,0.004992
79,-0.00303293,0.00107659,-0.00126390,-0.00092615,0.00042164,-0.01241107,-0.0492
0432,0.02340087,-0.01750933,0.00813887,-0.01928061,0.01940185,0.02104501,0.04697
195,-0.07541585,0.00247009,-0.21451452,0.28697270,-0.00022024,-0.00007679,-0.000
06397,0.00006120,0.00009794,0.00004544,0.00008266,0.00001023,0.00006161,0.000012
92,-0.00001005,0.00001924,-0.00001668,-0.00006781,0.00002705,-0.00000250,0.00000
143,0.00001362,0.00000950,0.00000587,0.00000027,0.00008523,0.00001152,-0.0000407
5,-0.00001689,-0.00007391,-0.00005105,-0.00000618,-0.00000314,-0.00000925,-0.000
08556,-0.00001799,0.00003223,-0.00001430,-0.00002070,0.00000913,0.00003349,0.000
01136,-0.00001475,0.00004523,-0.00002819,0.00002223,-0.00001552,0.00000535,0.000
00947,-0.00001909,0.00000772,0.00001512,0.00001435,0.00000057,-0.00002850,0.0001
1432,0.00000468,-0.00004141,-0.00005228,0.00001436,0.00001105,0.00001165,0.00000
970,0.00000672,-0.00005916,-0.00007314,-0.00004030,0.00021731,0.00018260,-0.0000
5725,-0.00059955,0.00048257,0.00001400,-0.00012789,-0.00005356,0.00024502,0.0000
7873,0.00005268,0.00008065,0.00001065,0.00003722,0.00006941,0.00000363,-0.000006
79,-0.00002938,-0.00003271,0.00000971,0.00001984,-0.00000952,-0.00000205,0.00000
090,0.00002040,-0.00004669,0.00000756,-0.00000683,0.00002421,-0.00001388,-0.0002
9997,-0.00311296,-0.00298945,0.00037396,0.00034525,-0.00014823,0.02451396,-0.020
53672,-0.01368524,-0.01016322,0.00833020,0.00083478,-0.01555908,-0.00770857,-0.0
4981883,-0.14944584,0.04163547,-0.18638541,0.07250303,0.13044860,0.62922628,0.00
015675,-0.00001946,-0.00053627,-0.00002819,0.00009546,0.00009026,0.00005215,0.00
009073,0.00019070,-0.00000232,-0.00003636,0.00006753,0.00000587,0.00029406,-0.00
003298,-0.00006145,0.00005416,-0.00000938,-0.00000544,0.00002045,0.00001098,0.00
006868,0.00001708,-0.00001507,0.00002723,-0.00007210,-0.00006010,-0.00002345,-0.
00010740,0.00006317,-0.00004760,-0.00003316,-0.00001504,0.00010689,0.00001327,-0
.00012806,-0.00010538,0.00017480,-0.00012326,-0.00012395,-0.00012721,0.00007739,
0.00006775,-0.00002602,-0.00003178,0.00014459,-0.00019464,-0.00005406,0.00000706
,-0.00005588,0.00007818,0.00010224,-0.00000934,-0.00002206,0.00003053,-0.0000543
6,-0.00002748,0.00000793,0.00002056,-0.00001055,0.00000053,-0.00008268,-0.000072
19,0.00018572,0.00002765,0.00013897,-0.00136917,0.00097701,0.00044824,0.00000623
,-0.00012136,0.00016555,-0.00031522,-0.00004440,-0.00021166,-0.00016054,0.000017
35,-0.00009397,0.00003297,0.00009618,0.00005008,-0.00001112,0.00001203,0.0000234
3,0.00000860,-0.00000364,-0.00001035,-0.00001937,0.00003726,0.00002355,0.0000201
8,-0.00002127,0.00000230,0.00070844,0.00474014,0.01226437,-0.00369196,0.00052238
,0.00362607,-0.07985607,0.01146765,-0.02719047,0.02446044,-0.01900150,-0.0166255
5,-0.01356320,0.01248196,0.02547696,-0.05152860,0.01853711,-0.03782295,-0.224053
41,0.13112463,0.08260333,0.53858400,-0.00003380,0.00003750,0.00009504,0.00001178
,-0.00008400,-0.00004254,-0.00004053,-0.00003171,-0.00001083,-0.00002177,0.00002
709,-0.00001605,0.00005847,0.00008993,-0.00004976,0.00004776,-0.00002562,-0.0000
1004,0.00002403,-0.00000069,-0.00001938,-0.00001193,-0.00001135,-0.00001030,-0.0
0001427,0.00005358,0.00003895,-0.00010155,0.00006438,-0.00001793,-0.00000172,0.0
0001651,0.00002447,-0.00008126,0.00000235,0.00002182,0.00009329,-0.00013152,0.00
008766,0.00004870,0.00007947,0.00001567,-0.00003368,0.00000083,0.00001761,-0.000
07128,0.00011044,0.00004419,0.00002697,0.00006183,-0.00004042,-0.00001299,-0.000
00129,-0.00001228,0.00000083,0.00003506,0.00000773,-0.00000023,-0.00000829,0.000
00058,-0.00000216,0.00004401,0.00000972,-0.00002387,0.00004319,-0.00013917,0.000
14067,-0.00024553,0.00020001,0.00024144,-0.00023450,0.00011569,-0.00002933,-0.00
005478,0.00004308,0.00013943,-0.00003494,0.00005937,0.00004277,-0.00003556,-0.00
007783,0.00000144,0.00000993,-0.00000349,-0.00000470,0.00000480,0.00000285,-0.00
000651,0.00001690,-0.00003388,0.00000308,0.00001653,-0.00001020,0.00201563,-0.00
532364,-0.01168510,0.00157482,-0.00020947,-0.00092350,0.02785619,-0.08430197,-0.
06936426,-0.03313874,0.01808215,-0.00628435,0.01208276,-0.02136451,-0.02358493,0
.03497055,-0.00629022,0.03850784,0.10932538,-0.13624085,-0.07058344,-0.21835726,
0.28205514,-0.00008191,0.00015579,-0.00041189,0.00004398,0.00017125,0.00002481,0
.00002265,0.00022988,0.00020601,-0.00000456,-0.00001955,0.00009715,0.00011892,0.
00016973,-0.00005189,0.00000442,0.00001418,-0.00004018,-0.00000176,-0.00002332,-
0.00001589,0.00011435,0.00002790,-0.00006220,0.00001903,-0.00013388,-0.00003944,
-0.00016887,-0.00006390,0.00004897,-0.00013032,-0.00005050,0.00004654,-0.0000343
5,0.00003047,-0.00011257,0.00000337,0.00006875,-0.00000752,-0.00009245,0.0000054
7,0.00011421,0.00000794,-0.00002344,0.00001309,0.00004136,-0.00004298,0.00000889
,0.00009434,0.00002610,0.00000193,0.00021026,-0.00001060,-0.00008449,0.00005369,
-0.00005633,-0.00003815,-0.00000199,0.00002761,0.00000509,-0.00005079,-0.0001738
8,-0.00008112,0.00014567,-0.00008639,0.00009318,-0.00090813,0.00025446,0.0003138
6,0.00035450,-0.00006272,0.00015111,-0.00033324,-0.00005623,-0.00031333,-0.00023
890,-0.00009991,-0.00013608,0.00008552,0.00001515,0.00001434,-0.00001541,0.00000
952,0.00006205,0.00000065,-0.00000554,-0.00001265,0.00002728,0.00002171,-0.00002
610,0.00002863,-0.00000211,-0.00000934,0.00797324,-0.00783652,-0.00865341,0.0002
3176,0.00066781,0.00017289,0.02209539,-0.09793649,-0.29818008,-0.05980850,0.0191
2450,-0.04655059,0.02453374,-0.02333383,-0.03328789,0.01207056,0.00951774,0.0508
2550,0.01685207,-0.03185871,-0.11349288,0.08538183,0.11693786,0.60640111,0.00433
725,0.00102092,0.00113407,0.00033337,0.00058272,-0.00001226,0.00088882,0.0000110
6,0.00054702,0.00006401,-0.00037102,0.00028379,0.00006387,0.00019895,-0.00006255
,0.00002495,0.00011666,0.00019255,-0.00004562,0.00027458,0.00003444,0.00052217,0
.00003975,-0.00027129,-0.00012501,-0.00033240,-0.00013979,-0.00070254,-0.0004198
6,0.00007236,-0.00045372,-0.00005165,0.00017488,0.00013179,-0.00009879,-0.000183
54,-0.00118069,-0.00031448,-0.00027085,-0.00351875,0.00188468,-0.00141985,0.0001
7713,-0.00005425,-0.00013211,-0.00075427,-0.00037774,0.00034632,-0.00312688,0.00
199401,-0.00080121,0.00065711,-0.00003326,-0.00021463,0.00000831,-0.00036965,-0.
00006730,0.00003576,0.00004945,0.00005248,-0.00040435,-0.00047207,-0.00016564,0.
00049824,0.00009419,-0.00273989,-0.00314492,-0.00824711,-0.00050323,-0.00016885,
-0.00093326,0.00051819,-0.00084140,0.00005487,0.00038727,-0.00109739,0.00070990,
-0.00011224,0.00014839,0.00020126,0.00001069,-0.00018147,0.00007070,0.00014137,-
0.00003668,-0.00000618,-0.00000232,0.00002045,-0.00025468,0.00006443,0.00000017,
0.00002889,-0.00002822,-0.05930195,-0.05031641,-0.00054883,0.00162919,-0.0061979
5,0.00180974,0.00636627,0.00930283,0.00192371,-0.00001238,0.00041524,0.00093630,
-0.00003430,-0.00092691,0.00000133,0.00022266,-0.00002182,0.00026435,-0.00078666
,-0.00054276,0.00053728,-0.00178832,0.00112971,-0.00029485,0.22103683,0.00041135
,-0.00046496,0.00024458,-0.00010848,-0.00021620,0.00007099,-0.00013941,-0.000131
23,-0.00005674,-0.00002145,-0.00008105,0.00000603,0.00038875,0.00026457,0.000047
25,0.00005658,-0.00000260,-0.00002976,0.00001368,-0.00002505,0.00004756,-0.00007
662,-0.00008433,0.00003009,0.00000986,0.00011784,0.00000337,0.00000879,-0.000025
22,0.00003249,0.00011370,0.00009388,-0.00003107,-0.00003772,0.00002311,-0.000076
63,-0.00004552,-0.00020030,-0.00000587,0.00122272,-0.00026016,0.00014169,0.00003
819,-0.00002806,0.00000385,-0.00008416,-0.00011771,0.00036662,0.00280925,-0.0006
9463,0.00061338,-0.00012212,-0.00001314,0.00003940,0.00015529,0.00003024,-0.0000
2044,0.00001143,-0.00001730,-0.00004417,0.00011314,0.00017276,0.00002219,0.00048
214,0.00018087,0.00006867,-0.00059659,0.00200090,-0.00029382,-0.00027463,0.00016
129,-0.00012304,0.00020956,-0.00003949,0.00000899,0.00032762,-0.00015913,0.00019
393,0.00020481,0.00003542,-0.00003806,0.00001458,0.00001981,-0.00003907,0.000001
61,0.00000460,-0.00000239,0.00004880,0.00003242,0.00001947,0.00001111,-0.0000136
1,0.00001287,-0.04990362,-0.14164020,-0.00171026,-0.00457137,-0.00067924,0.00340
895,-0.00227771,-0.01083799,-0.00453171,-0.00064609,-0.00003921,-0.00113006,0.00
012546,0.00051997,-0.00035979,-0.00030490,0.00011864,-0.00002911,0.00072449,0.00
039135,-0.00037192,0.00139272,-0.00129781,0.00088341,0.16331816,0.44721180,0.001
40359,0.00057128,-0.00003284,0.00017695,0.00022727,-0.00009962,0.00032581,-0.000
09399,0.00005011,-0.00003275,-0.00008853,0.00009547,0.00008052,0.00001413,-0.000
34492,0.00002544,0.00003623,0.00009175,-0.00009917,0.00018850,-0.00006378,0.0001
8913,-0.00001171,-0.00016606,-0.00006003,-0.00009985,0.00000694,-0.00009988,-0.0
0012354,0.00012172,-0.00020831,0.00000301,0.00012160,-0.00002845,-0.00016839,-0.
00019788,0.00043524,-0.00040575,-0.00020275,-0.00073229,0.00062205,-0.00031275,-
0.00000151,0.00002726,-0.00002466,0.00052554,0.00064628,-0.00043141,-0.00262368,
0.00109596,0.00105852,0.00029243,0.00002445,-0.00010825,-0.00010345,0.00001941,0
.00012006,0.00000322,0.00001355,0.00003585,-0.00016571,-0.00014176,0.00001271,-0
.00009542,-0.00007125,-0.00191286,-0.00379583,-0.00873407,0.00166729,0.00037633,
-0.00041450,0.00079348,-0.00031991,-0.00005819,0.00024201,-0.00101965,0.00028682
,-0.00008390,-0.00016804,-0.00000496,-0.00015071,-0.00006095,0.00003642,0.000060
68,-0.00001478,-0.00000179,0.00000503,-0.00003770,-0.00009105,-0.00005632,0.0000
0415,0.00001770,-0.00001133,-0.00513129,-0.00963926,-0.03848577,0.01024924,0.017
85180,-0.00235052,-0.00111664,-0.00552370,0.00158638,0.00010501,-0.00022878,0.00
008234,0.00039300,0.00019291,-0.00018587,0.00003851,-0.00001916,-0.00000796,0.00
033255,0.00041421,-0.00005691,0.00009316,0.00048525,-0.00016751,-0.10292180,0.05
026925,0.61888243,0.00105085,0.00056319,-0.00028213,0.00006627,0.00012994,-0.000
01222,0.00034744,0.00002201,0.00011262,0.00003232,-0.00016074,0.00014978,-0.0007
9630,-0.00065103,-0.00018361,0.00000423,0.00002575,0.00009598,0.00007328,0.00000
078,0.00004710,0.00010924,0.00002131,-0.00005570,-0.00002963,-0.00005474,-0.0000
2801,-0.00008363,-0.00016821,0.00031088,-0.00009944,-0.00002288,0.00003180,0.000
11969,-0.00018234,-0.00006237,-0.00004888,0.00019360,-0.00030431,-0.00055705,0.0
0085279,-0.00009693,0.00007862,-0.00001496,-0.00004271,-0.00031123,-0.00018675,0
.00016942,-0.00338363,0.00139807,0.00007684,0.00013284,-0.00000552,-0.00003472,0
.00006441,-0.00018476,-0.00015316,0.00000193,0.00001164,0.00001605,-0.00009174,-
0.00010099,-0.00004356,-0.00000317,0.00016887,0.00015948,0.00047337,0.00039931,-
0.00059158,-0.00075324,0.00031136,-0.00086614,-0.00000323,-0.00006309,0.00034295
,-0.00000212,0.00017105,0.00013138,0.00000829,0.00011978,-0.00000169,-0.00005572
,-0.00000872,0.00003094,-0.00000659,-0.00000108,0.00000023,-0.00001005,-0.000115
17,0.00001449,-0.00000462,0.00000004,0.00000722,-0.00749825,-0.00804238,0.007110
95,-0.00022071,-0.00226515,0.00089848,-0.00006251,0.00068799,-0.00010457,0.00006
172,0.00008593,0.00002963,0.00009193,-0.00007472,0.00007587,0.00008266,-0.000026
71,0.00004767,-0.00001699,-0.00005731,-0.00010247,0.00002206,-0.00007825,-0.0002
3107,-0.09707487,-0.05993332,0.08089746,0.25673227,0.00010696,0.00009244,-0.0003
5186,-0.00006026,-0.00008623,0.00005158,-0.00001289,-0.00006367,0.00010222,-0.00
005855,0.00001347,0.00004139,-0.00073251,0.00025317,-0.00042771,-0.00004034,0.00
001719,-0.00000297,0.00001878,0.00005252,0.00000956,-0.00002679,-0.00000145,0.00
003394,0.00002656,0.00005561,-0.00001304,0.00005771,0.00001819,0.00000221,0.0000
3869,-0.00002438,-0.00004326,0.00011092,0.00000494,0.00005866,0.00004666,0.00014
224,-0.00007730,0.00047972,-0.00031789,0.00025031,0.00004435,-0.00001777,-0.0000
3519,0.00003199,-0.00022972,0.00012888,0.00072221,0.00059853,0.00008760,-0.00005
884,-0.00000325,0.00004646,0.00012246,-0.00000885,0.00001222,0.00000019,0.000002
16,-0.00001595,0.00003764,0.00005826,-0.00004168,0.00001430,-0.00002915,-0.00019
065,0.00028461,-0.00048266,-0.00045342,0.00004797,-0.00029248,0.00004738,-0.0002
5305,0.00010589,-0.00020395,-0.00007630,0.00007732,-0.00001280,0.00013002,0.0000
9087,0.00001213,-0.00000923,0.00001367,-0.00001107,0.00000298,0.00000475,-0.0000
0115,-0.00008738,0.00005413,-0.00003751,0.00003610,-0.00002119,0.00001224,-0.008
40014,-0.01099674,0.01421698,-0.00283498,-0.00441897,0.00223920,-0.00038455,-0.0
0062619,-0.00028578,-0.00021577,-0.00017157,-0.00015750,0.00000533,0.00002440,-0
.00001045,0.00004864,-0.00000564,0.00004716,-0.00004009,0.00004479,-0.00008113,0
.00028467,-0.00043710,0.00002241,-0.04610201,-0.10952480,0.03974104,0.21059007,0
.54753274,0.00066690,0.00044697,-0.00045605,0.00008552,0.00016873,0.00003830,0.0
0002549,0.00013458,0.00022547,-0.00001042,0.00002217,0.00003710,-0.00101995,0.00
019044,-0.00051870,-0.00000131,-0.00001889,-0.00002905,-0.00001472,0.00003489,-0
.00000095,0.00018742,0.00001166,-0.00009820,-0.00003261,-0.00012889,-0.00006040,
-0.00030991,-0.00015816,0.00019709,-0.00015195,-0.00001037,0.00006735,0.00005766
,0.00008593,-0.00010722,-0.00044342,0.00002815,0.00018510,-0.00055185,0.00017071
,-0.00011469,0.00001745,-0.00000751,0.00000454,0.00003399,-0.00006808,-0.0004245
1,0.00136087,-0.00057941,0.00079159,0.00026071,-0.00002157,-0.00010738,-0.000084
18,-0.00009864,-0.00011011,0.00002468,0.00002568,0.00001593,-0.00009015,-0.00016
932,-0.00009158,-0.00001603,0.00001314,-0.00028676,-0.00096442,-0.00154860,-0.00
043140,0.00071161,-0.00020203,0.00042378,-0.00027349,0.00001118,-0.00017232,-0.0
0011054,-0.00005460,-0.00004989,0.00004903,0.00002692,-0.00003567,-0.00005645,0.
00003199,0.00007164,-0.00000747,-0.00000811,-0.00000914,-0.00009721,0.00006216,-
0.00001954,0.00002022,0.00000386,-0.00001056,0.00397895,0.00989136,0.00176320,-0
.00070760,-0.00121446,0.00075024,0.00008788,-0.00149796,-0.00002305,0.00001818,-
0.00010872,0.00008854,-0.00006192,0.00016097,-0.00012489,-0.00004566,-0.00002101
,-0.00004317,0.00023971,0.00005545,-0.00009649,0.00050202,-0.00000004,0.00014643
,0.10372464,0.08955916,-0.24770289,-0.10187246,0.07480596,0.62511820,0.00030128,
0.00014055,-0.00009468,-0.00006767,-0.00012212,-0.00000451,-0.00000143,0.0000980
0,0.00002377,0.00001473,0.00003791,0.00001404,-0.00001689,0.00002320,-0.00014542
,0.00002891,0.00000539,-0.00000106,0.00002890,-0.00002437,-0.00000758,-0.0000812
2,0.00005592,0.00007957,0.00001977,0.00005888,0.00003427,-0.00006364,0.00003112,
-0.00006201,0.00005694,-0.00003049,-0.00004161,-0.00000685,0.00012258,-0.0000364
0,-0.00020347,-0.00007361,0.00014916,0.00027818,-0.00014735,0.00013128,0.0000228
9,-0.00002259,-0.00000334,0.00002179,-0.00002200,-0.00002767,-0.00076708,0.00004
285,0.00002363,-0.00010925,-0.00000528,0.00002961,0.00013977,-0.00005003,-0.0000
1329,-0.00001416,-0.00001123,-0.00002022,0.00004499,0.00005607,-0.00001004,-0.00
009911,-0.00000625,0.00022413,0.00023974,0.00062592,0.00005655,-0.00001578,0.000
19319,-0.00015681,-0.00001340,-0.00002356,-0.00007742,0.00014646,-0.00006647,0.0
0000472,0.00004029,0.00002317,-0.00000611,0.00001964,-0.00002090,-0.00001862,0.0
0000743,0.00000312,-0.00000154,-0.00000849,0.00005770,-0.00006317,0.00002354,-0.
00004127,-0.00000030,0.00403847,-0.00116398,0.00363822,-0.00072077,-0.00046183,-
0.00020281,-0.00018461,-0.00036940,-0.00057005,0.00006957,0.00006023,0.00003081,
-0.00005795,0.00004764,0.00002803,-0.00000983,-0.00000427,-0.00005330,0.00007146
,-0.00006571,-0.00007604,0.00014236,-0.00005000,-0.00012945,-0.01512768,-0.02031
226,0.03309615,-0.11166516,-0.12710228,-0.01279033,0.26246835,0.00025170,0.00008
567,-0.00008453,-0.00004719,-0.00009224,-0.00000299,-0.00002029,-0.00003658,-0.0
0003544,-0.00003802,0.00002334,-0.00001674,-0.00008696,-0.00017150,-0.00025973,-
0.00002081,0.00001343,-0.00000823,-0.00000211,-0.00000609,-0.00000646,-0.0000630
6,-0.00001076,0.00004101,0.00000898,0.00006163,0.00002555,0.00008842,0.00006030,
-0.00016568,0.00005312,0.00002124,-0.00003048,0.00005382,0.00014554,-0.00001075,
-0.00020114,-0.00021737,0.00027173,0.00003375,-0.00054603,-0.00004203,0.00004419
,0.00000256,-0.00001550,0.00005029,-0.00001255,-0.00014783,-0.00025726,0.0002020
2,-0.00006480,-0.00009924,0.00000213,0.00004065,0.00005828,0.00004485,0.00002439
,-0.00000689,-0.00000931,-0.00002306,0.00003468,0.00007736,0.00002091,0.00001788
,0.00000965,-0.00002643,-0.00002839,-0.00042770,-0.00040047,-0.00002622,0.000132
72,-0.00010005,-0.00007530,0.00000545,-0.00000932,0.00001280,0.00006218,-0.00002
481,0.00004625,0.00002539,0.00001131,0.00001589,0.00000118,-0.00003335,0.0000017
6,0.00000512,0.00000262,-0.00001944,0.00000871,-0.00009969,0.00000223,0.00001360
,-0.00001296,-0.00128541,0.00451315,0.00276766,-0.00016919,-0.00076505,-0.000488
45,0.00064640,0.00050515,-0.00021747,-0.00000750,0.00014290,0.00017802,-0.000007
68,-0.00010423,0.00004017,0.00006463,-0.00001669,-0.00003027,-0.00011029,-0.0001
0858,0.00001092,-0.00011983,0.00011642,-0.00011458,-0.03337798,-0.02224701,0.072
40485,-0.10927618,-0.27352684,-0.04611632,0.21695269,0.54027830,-0.00020957,-0.0
0014837,-0.00008197,0.00004015,0.00006082,0.00000214,0.00007507,0.00000986,0.000
06000,0.00001030,-0.00003062,0.00001408,0.00012911,-0.00019492,0.00018812,-0.000
00716,-0.00000078,0.00001226,0.00000417,-0.00000862,0.00000138,0.00006272,0.0000
2138,-0.00002457,-0.00002250,-0.00003350,-0.00002755,0.00011282,-0.00004712,0.00
005883,-0.00009439,-0.00002650,0.00002487,0.00004644,-0.00002183,0.00001223,-0.0
0013057,0.00007880,-0.00004747,0.00017510,-0.00017464,-0.00013975,-0.00003883,0.
00000087,-0.00000128,-0.00001316,0.00003751,-0.00007826,0.00037554,0.00003760,0.
00017584,0.00011892,0.00001035,-0.00002869,-0.00008427,-0.00002176,-0.00003196,0
.00000547,0.00000383,0.00001521,-0.00004582,-0.00004641,-0.00002986,0.00006573,0
.00007635,0.00005089,0.00001269,0.00025301,-0.00005021,-0.00021299,0.00005881,-0
.00010023,0.00002557,0.00001528,0.00008627,-0.00005434,-0.00000437,0.00005076,-0
.00002598,-0.00001122,-0.00001082,-0.00002333,0.00000605,0.00002529,-0.00000741,
-0.00000243,0.00000103,0.00004000,-0.00005782,0.00005016,-0.00001666,0.00002108,
0.00001333,0.00352453,0.00254256,-0.00179446,0.00015617,0.00076454,-0.00046982,-
0.00003181,-0.00039266,-0.00017760,-0.00012733,0.00004994,-0.00010513,-0.0000442
8,-0.00000207,0.00002520,0.00003344,0.00001902,0.00001120,-0.00002238,0.00003359
,0.00001331,-0.00004392,-0.00000890,0.00006609,0.00539521,0.02160437,0.02780034,
0.02341067,0.02129653,-0.09250980,-0.11152451,0.04457138,0.63569591,-0.00002794,
0.00008250,-0.00002449,-0.00003425,-0.00007225,-0.00000909,-0.00003999,-0.000004
52,-0.00005931,-0.00001066,0.00003112,-0.00001042,0.00001085,0.00001811,-0.00003
672,-0.00000179,-0.00000301,0.00000047,0.00000370,-0.00000066,0.00000206,-0.0000
5259,0.00000773,0.00003782,0.00002703,0.00003946,0.00002488,0.00012203,0.0000453
7,-0.00003306,0.00006928,-0.00001694,-0.00003432,0.00002399,0.00000514,0.0000370
5,0.00001131,0.00000398,0.00004595,0.00001523,-0.00008654,0.00012868,0.00001239,
0.00001494,-0.00000716,0.00005166,-0.00003430,-0.00001378,-0.00008852,-0.0000058
9,-0.00018576,-0.00010001,0.00000059,0.00004078,0.00000763,0.00002618,-0.0000018
5,-0.00000629,-0.00000375,0.00000170,0.00003739,0.00003825,0.00001784,0.00007151
,-0.00000328,0.00003264,0.00005366,0.00008135,0.00005310,-0.00000273,-0.00003989
,0.00009555,0.00004368,0.00004329,-0.00002303,0.00000956,0.00000470,0.00001252,0
.00000295,0.00001790,-0.00000317,0.00001416,-0.00001238,-0.00002174,0.00000974,0
.00000246,0.00000044,0.00000836,-0.00000975,-0.00001285,0.00000126,-0.00000480,0
.00000185,-0.00013071,-0.00031144,0.00008068,0.00004442,0.00005141,-0.00012475,-
0.00000577,0.00019008,0.00001818,-0.00002862,0.00002075,-0.00000812,0.00001197,-
0.00000016,0.00001610,0.00002384,-0.00003222,-0.00002040,-0.00003366,0.00000217,
-0.00000904,-0.00003256,-0.00001410,0.00003286,-0.00685506,0.00538102,0.01200200
,0.00513194,-0.00099890,-0.01687137,-0.06197707,-0.03311256,-0.01899715,0.260391
51,0.00022715,0.00009998,0.00000578,-0.00004373,-0.00008925,0.00001390,-0.000040
16,0.00002161,0.00001643,-0.00000909,0.00002683,-0.00001961,0.00004452,-0.000119
71,0.00005057,0.00001167,-0.00001377,0.00000636,0.00000198,-0.00000336,0.0000064
5,-0.00006627,-0.00000381,0.00003816,0.00002242,0.00003405,0.00002390,-0.0000985
1,0.00004806,-0.00006475,0.00008641,0.00000890,-0.00002671,-0.00007246,0.0001077
7,-0.00004587,0.00003888,-0.00016419,0.00011400,-0.00019338,0.00013230,0.0000850
3,0.00004377,0.00001053,0.00000659,0.00010269,-0.00000334,0.00000508,-0.00039274
,-0.00008079,-0.00024171,-0.00011102,-0.00001360,0.00002848,0.00006928,0.0000060
8,0.00000476,-0.00000210,-0.00000296,-0.00001097,0.00003990,0.00004719,-0.000000
78,0.00002978,-0.00000104,-0.00000743,0.00018630,0.00024064,0.00019593,-0.000146
28,0.00008834,-0.00009966,-0.00002172,-0.00007646,0.00002869,0.00006786,0.000007
09,-0.00001097,0.00001369,0.00002590,-0.00000503,0.00002098,-0.00000549,-0.00003
202,0.00000686,0.00000139,-0.00000157,0.00000975,-0.00005571,-0.00003804,-0.0000
2105,0.00003322,-0.00001211,-0.00062943,-0.00175672,-0.00003316,0.00025432,0.000
40782,-0.00041367,-0.00015354,0.00021755,0.00004407,0.00006495,-0.00003217,0.000
00895,0.00005330,0.00001078,-0.00004653,-0.00002868,-0.00000351,0.00000828,0.000
02330,0.00000951,0.00003358,-0.00001961,-0.00008508,-0.00006771,0.00625098,0.002
23041,-0.00369404,-0.01400240,-0.03528475,-0.02143964,-0.01561382,-0.14351979,-0
.13851793,0.22160498,0.55733669,-0.00004281,-0.00004674,0.00009268,0.00000778,-0
.00000504,-0.00000861,0.00002202,-0.00003095,-0.00000350,0.00000696,0.00000975,0
.00000573,-0.00000651,-0.00009935,0.00011689,-0.00001007,-0.00001167,0.00000159,
-0.00001496,0.00000647,-0.00000352,-0.00001585,0.00001194,0.00001471,-0.00001643
,0.00000740,0.00000930,-0.00003824,-0.00000880,0.00005550,-0.00002456,0.00000736
,0.00000551,0.00001554,-0.00006900,0.00002107,0.00027850,0.00014564,-0.00026413,
-0.00006285,0.00019759,-0.00001640,-0.00001092,-0.00001570,0.00000777,-0.0000522
3,-0.00000649,0.00012763,-0.00033942,-0.00009139,0.00033182,0.00002436,0.0000030
5,-0.00001783,0.00003724,-0.00000446,0.00003446,-0.00000129,-0.00000272,-0.00001
825,-0.00002277,0.00001453,-0.00000159,0.00006123,0.00004700,-0.00006318,-0.0001
0781,0.00003814,0.00005088,0.00002151,-0.00002049,0.00007366,0.00004695,-0.00002
010,0.00004937,-0.00003890,0.00000472,-0.00001303,-0.00001964,-0.00001864,-0.000
00842,0.00000527,0.00000044,-0.00000905,0.00000146,0.00000237,0.00000107,-0.0000
0895,-0.00004107,-0.00000859,-0.00001827,0.00001505,0.00000124,-0.00034392,-0.00
145728,-0.00157485,0.00016731,0.00022090,0.00022674,-0.00023813,-0.00024913,0.00
012020,-0.00009602,-0.00003682,-0.00009808,0.00008090,0.00002826,-0.00001623,0.0
0002351,0.00000149,0.00002868,-0.00002612,0.00004893,0.00001786,-0.00001372,-0.0
0001547,0.00006195,0.01285766,-0.00256809,-0.06264142,-0.04432550,-0.07312739,0.
02220493,0.01856538,-0.07073151,-0.26512994,-0.09805247,0.05140853,0.62376519,0.
00003384,0.00005298,0.00008069,-0.00003935,-0.00005142,0.00001905,-0.00001377,0.
00002947,-0.00000358,0.00001152,0.00001746,0.00001986,-0.00001793,-0.00003876,0.
00007027,0.00000892,-0.00000185,-0.00000492,0.00001146,-0.00002830,0.00000356,-0
.00005291,0.00002446,0.00004747,0.00001564,0.00002665,0.00000078,-0.00003407,-0.
00001557,-0.00000778,0.00004048,-0.00002620,-0.00003275,-0.00006822,-0.00000058,
-0.00004893,0.00001396,-0.00001542,-0.00003404,0.00006487,0.00009158,0.00005520,
0.00000952,0.00000196,0.00000526,0.00000639,0.00001596,0.00015377,-0.00011126,-0
.00001271,-0.00002420,-0.00007087,0.00000612,0.00003562,0.00007045,-0.00000404,-
0.00000818,-0.00000653,-0.00000740,-0.00000384,0.00005338,0.00003974,0.00000972,
-0.00002340,0.00004469,0.00022339,0.00015769,0.00088071,0.00006871,-0.00007528,0
.00009602,-0.00005549,0.00014626,-0.00000152,-0.00000006,0.00014588,-0.00007572,
0.00003782,-0.00001115,0.00000247,0.00000155,0.00001396,-0.00001559,-0.00001530,
0.00000130,-0.00000024,-0.00000005,0.00000445,-0.00001006,0.00000484,0.00000088,
-0.00000328,0.00001209,0.00484359,-0.00231600,0.00028188,-0.00020293,0.00059986,
0.00003485,-0.00064501,-0.00128160,-0.00035565,-0.00004450,-0.00001837,-0.000196
19,0.00000239,0.00010203,-0.00001737,-0.00002326,0.00000879,-0.00001035,0.000095
34,0.00009812,-0.00004050,0.00019113,-0.00012646,0.00009633,0.00657918,-0.015273
59,-0.04293622,-0.02127893,-0.02179165,0.01401655,0.01120417,0.03191936,0.028304
14,-0.09900414,-0.06359558,0.06851948,0.25375729,0.00022609,0.00001583,0.0001088
4,-0.00005473,-0.00009785,0.00002785,0.00000312,0.00001259,0.00000007,0.00001303
,0.00000803,0.00000782,-0.00002597,-0.00008000,0.00008041,0.00000424,0.00000547,
0.00002064,-0.00001142,0.00001784,0.00000197,-0.00007269,0.00001692,0.00004783,0
.00003290,0.00004993,0.00001029,-0.00001091,0.00006877,-0.00007557,0.00006414,-0
.00003303,-0.00003374,-0.00003416,-0.00002171,0.00002433,0.00029716,0.00004255,-
0.00003282,-0.00008340,0.00013109,0.00034862,0.00000463,0.00001330,0.00000440,-0
.00005735,-0.00011974,0.00018550,-0.00011773,0.00004168,-0.00014731,-0.00010155,
0.00000218,0.00004756,0.00008707,0.00000957,0.00006793,-0.00000465,-0.00000569,0
.00000055,0.00006023,0.00006110,-0.00000126,0.00000150,0.00000027,-0.00019016,-0
.00046874,-0.00085418,-0.00012268,0.00003313,-0.00003207,0.00009903,-0.00000053,
-0.00002544,-0.00000186,-0.00010219,-0.00000109,-0.00000549,-0.00000777,-0.00000
072,-0.00003906,0.00001383,-0.00001829,-0.00001943,0.00000283,0.00000100,0.00000
019,0.00000635,-0.00003967,-0.00000785,-0.00000789,0.00002077,-0.00000385,-0.002
09622,0.00098159,-0.00339686,0.00074632,0.00076144,0.00016248,0.00011994,-0.0001
1913,0.00017832,-0.00001629,0.00002048,-0.00005179,0.00002147,-0.00004093,0.0000
0257,0.00005059,-0.00000802,0.00006957,-0.00003261,0.00003502,0.00001422,-0.0001
4469,0.00010905,-0.00001400,-0.00311229,-0.03410108,-0.07231343,-0.02109773,-0.0
3531113,0.02387148,0.01926623,0.04688335,0.02232975,-0.04691045,-0.11988640,0.03
573003,0.21316814,0.53991962,0.00032679,0.00008804,0.00002193,-0.00007215,-0.000
12329,0.00001936,-0.00006399,0.00009146,0.00003609,0.00000986,0.00001473,-0.0000
0355,0.00002695,0.00000297,-0.00007189,0.00002984,-0.00000335,0.00000853,0.00001
129,-0.00001119,0.00000733,-0.00012684,0.00003911,0.00009395,0.00004206,0.000044
44,0.00002687,-0.00010199,0.00004941,-0.00006090,0.00011758,-0.00004101,-0.00006
240,-0.00007582,0.00010105,0.00002447,-0.00003795,0.00001098,0.00015097,0.000021
95,-0.00002763,0.00007098,0.00001650,0.00000701,0.00001071,-0.00026370,-0.000091
99,-0.00010536,-0.00022091,-0.00008470,-0.00044450,-0.00016443,-0.00000482,0.000
05834,0.00012333,0.00000283,0.00000091,-0.00001007,-0.00001179,-0.00000684,0.000
07565,0.00006099,-0.00000012,-0.00013863,-0.00006253,-0.00000665,-0.00000550,-0.
00038655,0.00011522,0.00000650,0.00016476,-0.00010910,-0.00002162,-0.00005314,-0
.00002486,0.00002791,-0.00004212,-0.00000774,-0.00000394,-0.00000363,-0.00001963
,0.00004430,-0.00003020,-0.00003583,0.00001148,0.00000099,-0.00000218,0.00002901
,-0.00000676,-0.00004340,-0.00000308,0.00000153,-0.00000315,0.00032350,-0.003032
51,-0.00314088,0.00017253,0.00072610,0.00054855,-0.00021883,-0.00032246,-0.00001
118,0.00011015,-0.00002582,0.00000393,0.00002928,0.00002342,-0.00003462,-0.00004
647,0.00000515,0.00002105,0.00004743,0.00003983,0.00000599,0.00007650,-0.0000533
9,-0.00016202,-0.01636363,-0.02280887,0.02018500,0.01406170,0.02493808,-0.010919
93,0.00117878,-0.02775878,-0.06389606,0.10579239,0.10365648,-0.25693667,-0.09205
407,0.06414771,0.64750373,0.00032171,0.00035400,0.00023101,0.00008610,0.00012546
,-0.00003253,0.00020455,0.00006403,0.00021051,-0.00000516,-0.00008385,0.00008113
,-0.00011700,0.00003560,-0.00004528,0.00004269,0.00000092,0.00002210,0.00002324,
0.00000971,-0.00001791,0.00012963,0.00003257,-0.00007556,-0.00004426,-0.00006927
,-0.00001842,-0.00013747,-0.00008677,0.00009279,-0.00015236,-0.00001945,0.000076
00,-0.00007455,0.00012287,-0.00020270,-0.00061336,-0.00033251,0.00021187,-0.0004
1779,0.00039741,-0.00075919,-0.00000184,-0.00004514,-0.00004255,-0.00110264,-0.0
0021464,-0.00027103,-0.00116282,0.00044829,-0.00100733,0.00020490,-0.00001219,-0
.00009683,-0.00010278,-0.00015112,-0.00012622,0.00000319,0.00000950,0.00001135,-
0.00012382,-0.00013736,-0.00007058,-0.00031396,0.00009684,-0.00030064,-0.0008528
5,-0.00193191,-0.00037548,-0.00004341,-0.00000746,0.00016697,-0.00001295,0.00008
164,0.00003632,-0.00009383,0.00003719,0.00011029,0.00001951,0.00005084,-0.000062
88,-0.00004251,0.00001764,0.00005098,-0.00000934,-0.00000018,-0.00000253,-0.0000
0791,-0.00004583,0.00001991,0.00000411,-0.00000447,-0.00000212,-0.00111553,-0.00
598767,-0.00853486,0.00021152,0.00051960,0.00085329,-0.00062555,-0.00038504,-0.0
0021647,-0.00008032,-0.00003642,-0.00032355,0.00006307,0.00004872,-0.00003400,-0
.00005322,0.00005182,0.00006143,0.00005387,0.00006000,-0.00004083,0.00024613,-0.
00015829,-0.00000960,-0.05630167,-0.02011430,0.00768312,0.00967302,0.01833251,0.
00244429,-0.00991197,-0.01208971,-0.01260937,-0.01613427,-0.01798909,0.03221123,
-0.11246634,-0.12569315,-0.01390287,0.26079302,0.00002331,0.00009516,-0.00005803
,0.00004560,0.00001864,-0.00004376,0.00007761,-0.00013323,-0.00002915,0.00000554
,-0.00001903,0.00001056,-0.00007104,0.00001576,-0.00014285,-0.00002583,0.0000134
4,0.00001887,-0.00001101,0.00005806,-0.00000458,0.00005846,-0.00005845,-0.000089
39,-0.00002084,0.00002444,0.00001326,0.00017804,0.00002243,-0.00007902,-0.000070
70,0.00003529,0.00007056,-0.00012867,-0.00004187,0.00001825,-0.00016998,0.000143
56,-0.00000671,0.00046792,-0.00056170,0.00007739,-0.00000693,-0.00001438,-0.0000
1590,-0.00054742,-0.00031155,0.00000870,0.00066720,0.00044050,-0.00008859,0.0000
8936,0.00001138,-0.00005177,-0.00006293,0.00012076,0.00010778,-0.00000471,-0.000
00120,-0.00000071,-0.00005643,0.00001815,0.00001900,0.00004155,-0.00000746,-0.00
053411,-0.00035995,-0.00219177,-0.00002635,0.00005268,-0.00019048,0.00010255,-0.
00014331,0.00006524,0.00008632,-0.00026265,0.00018566,0.00003313,0.00004470,0.00
003559,-0.00005856,-0.00003118,0.00002783,0.00002218,-0.00000802,0.00000610,0.00
000563,-0.00001795,-0.00002058,-0.00001586,0.00000384,0.00000648,0.00000402,-0.0
0508883,-0.01615261,-0.01497058,0.00068946,0.00142476,0.00020287,-0.00076110,-0.
00167560,-0.00017274,-0.00002813,-0.00003946,-0.00024602,0.00005150,0.00011233,0
.00005853,0.00002923,-0.00000314,-0.00002770,0.00006395,0.00013875,-0.00010049,0
.00029995,-0.00003157,-0.00016543,-0.03233969,-0.13642954,-0.07889857,0.02918789
,0.04565475,-0.02563398,-0.01238835,-0.04323087,-0.02810225,-0.03066219,-0.02139
093,0.07463458,-0.10811124,-0.26923301,-0.04637400,0.22242489,0.53892387,0.00011
828,0.00025414,-0.00047130,-0.00010651,-0.00013542,0.00003057,0.00002229,0.00003
569,0.00006595,-0.00000346,-0.00003675,0.00002149,0.00005247,0.00002963,-0.00016
820,0.00002082,0.00001441,0.00002166,0.00004461,-0.00001277,0.00001126,-0.000122
66,0.00004119,0.00012991,0.00004781,0.00007604,0.00001507,0.00015466,0.00009662,
-0.00002454,0.00013408,-0.00005614,-0.00012221,0.00007515,0.00012051,-0.00016756
,-0.00012411,-0.00048696,-0.00013219,0.00000664,-0.00025013,-0.00007564,0.000091
81,0.00001211,-0.00005747,0.00063801,0.00041748,0.00062031,-0.00144426,0.0007490
6,-0.00146354,-0.00021831,0.00000026,0.00012726,0.00017357,-0.00013679,-0.000033
60,-0.00001790,-0.00000949,-0.00000870,0.00008294,0.00008634,-0.00001012,0.00011
570,-0.00000354,0.00038133,0.00055775,0.00103912,0.00050685,-0.00013724,0.000232
62,-0.00019370,0.00003559,-0.00002202,-0.00008585,0.00010578,0.00000818,0.000013
43,-0.00001687,0.00008838,0.00000815,0.00002310,-0.00002955,-0.00004654,0.000009
59,0.00000329,0.00000257,0.00000159,0.00002578,-0.00006341,0.00000981,-0.0000151
0,0.00000318,-0.00628133,-0.01116130,0.00078047,0.00164200,0.00173232,-0.0019167
2,0.00014873,0.00171930,0.00020158,0.00021054,0.00003684,0.00020639,0.00007221,-
0.00016142,0.00003671,0.00005964,-0.00001537,0.00003314,-0.00017052,-0.00007634,
-0.00005555,-0.00017010,-0.00009423,-0.00026870,-0.01721196,-0.12859953,-0.27007
171,0.02391927,0.01845025,-0.06003976,-0.01267321,-0.02719357,-0.01472179,0.0051
2971,0.02294420,0.03021362,0.02216638,0.02105243,-0.09252007,-0.10116386,0.03536
786,0.63494823,0.00007110,-0.00006298,0.00010064,0.00000144,-0.00002089,-0.00001
817,0.00000375,0.00000834,-0.00001600,0.00000657,-0.00000660,0.00001026,0.000001
73,-0.00002038,-0.00000175,0.00001629,-0.00000163,0.00001427,0.00001144,-0.00000
137,0.00000686,-0.00000815,-0.00000229,-0.00000755,0.00000583,0.00001207,0.00001
628,-0.00002267,0.00000480,0.00000403,0.00000063,-0.00000158,0.00000944,-0.00004
424,-0.00001459,0.00001198,0.00003009,-0.00001293,-0.00003623,0.00003661,0.00002
296,-0.00001227,-0.00001581,0.00000084,0.00000771,-0.00006118,0.00005326,0.00000
710,0.00000685,0.00002048,-0.00002471,-0.00000118,0.00000233,-0.00000563,0.00001
121,0.00001636,0.00001014,-0.00000182,0.00000082,0.00000345,0.00000534,0.0000062
9,0.00001048,0.00007092,0.00003386,0.00002263,0.00008312,-0.00004904,0.00014595,
0.00000596,0.00002276,0.00009025,0.00005542,-0.00001391,0.00005405,0.00002030,0.
00001756,0.00000933,-0.00002844,-0.00002420,-0.00001668,0.00000266,-0.00000394,0
.00000711,0.00000275,0.00000005,0.00000004,0.00000488,-0.00001327,-0.00000410,0.
00000088,0.00000033,0.00000167,0.00012379,-0.00101833,-0.00137806,0.00009051,0.0
0003760,0.00074305,0.00036120,-0.00719341,-0.02103258,-0.04171234,0.00836785,0.0
1135444,-0.00146060,0.00844486,0.02124216,-0.00135553,0.00577925,0.00058834,-0.0
0047488,0.00016672,-0.00012587,-0.00125811,0.00418337,-0.00398042,0.00015584,-0.
00013786,-0.00002652,0.00002092,-0.00002641,-0.00017894,-0.00007049,-0.00005976,
0.00001320,-0.00002769,-0.00003146,0.00006548,-0.00000975,0.00005650,0.00001943,
0.00006634,0.00001309,-0.00001237,0.04601051,-0.00001871,-0.00000807,-0.00003360
,0.00001512,0.00002732,-0.00000715,0.00003969,0.00002046,0.00003428,-0.00000139,
-0.00000961,0.00001220,-0.00000110,0.00000021,0.00000329,-0.00000195,-0.00000453
,-0.00000262,-0.00000127,0.00000191,-0.00000359,0.00003619,0.00000653,-0.0000232
6,-0.00001356,-0.00001872,-0.00000660,-0.00001151,-0.00001840,0.00000653,-0.0000
3059,-0.00000282,0.00001425,0.00000491,0.00001680,-0.00003049,-0.00000563,-0.000
00966,0.00001597,-0.00002372,-0.00000424,-0.00000615,0.00000078,-0.00000309,-0.0
0000191,0.00002044,0.00000097,-0.00000872,-0.00000457,-0.00000829,0.00001654,0.0
0004357,0.00000132,-0.00001447,0.00000208,-0.00001083,-0.00001026,0.00000156,0.0
0000454,0.00000445,-0.00002241,-0.00002253,-0.00000956,0.00001055,-0.00000331,-0
.00002011,-0.00016797,0.00017982,0.00003419,-0.00001307,-0.00000418,-0.00001461,
-0.00002893,-0.00000713,-0.00000904,-0.00001667,0.00001554,-0.00001775,0.0000094
7,0.00001609,-0.00001064,-0.00001135,0.00000286,0.00001083,-0.00000384,-0.000001
49,-0.00000046,-0.00000303,0.00000195,0.00000225,0.00000035,0.00000200,-0.000002
45,-0.00066819,-0.00123339,-0.00005026,0.00001574,-0.00013047,0.00076427,-0.0013
6321,0.00239021,0.00557116,0.00856376,-0.06430737,-0.07968037,0.00214239,-0.0056
1048,-0.01668979,0.00599685,0.00373811,-0.00265012,0.00014971,-0.00013001,0.0003
8011,0.00404182,0.00557784,-0.00102950,0.00015775,-0.00010441,-0.00006840,-0.000
02909,-0.00005480,0.00004177,0.00003254,0.00007276,0.00004226,0.00000319,-0.0000
1239,-0.00006945,-0.00009235,-0.00010807,-0.00005635,-0.00005001,-0.00004391,0.0
0007093,-0.01654728,0.06294464,0.00016186,-0.00007355,0.00015874,0.00001369,-0.0
0000042,-0.00001874,0.00004492,-0.00001198,0.00000773,-0.00000197,-0.00002226,0.
00001620,0.00000598,-0.00003420,-0.00000649,0.00001053,0.00000181,0.00001126,0.0
0000943,0.00000065,0.00000416,0.00001557,-0.00002075,-0.00003244,-0.00000987,0.0
0000161,0.00000629,-0.00001376,-0.00000405,-0.00000210,-0.00000674,0.00000868,0.
00001749,-0.00003945,0.00000924,-0.00000785,0.00003552,-0.00004928,0.00000981,-0
.00000073,0.00001673,-0.00002459,-0.00000834,0.00000451,0.00000311,-0.00007752,0
.00004198,0.00001505,-0.00000978,0.00001083,-0.00002121,0.00000705,0.00000240,-0
.00000185,0.00001606,-0.00000931,0.00000481,-0.00000226,-0.00000227,-0.00000172,
-0.00000676,0.00000179,0.00001507,0.00003169,0.00002420,0.00000515,0.00013839,0.
00010324,0.00027340,-0.00001659,0.00000909,0.00004150,0.00005304,-0.00002288,0.0
0006640,0.00003205,0.00003808,0.00000060,-0.00002205,-0.00001851,-0.00003403,-0.
00001304,0.00000900,0.00001675,-0.00000133,-0.00000002,-0.00000080,0.00000222,-0
.00001572,-0.00000568,-0.00000011,0.00000974,-0.00000355,-0.00057305,0.00041578,
-0.00293063,0.00080506,-0.00054534,0.00111046,-0.00237313,-0.00516192,-0.0208701
2,0.01238603,-0.08147690,-0.26909752,0.00184935,-0.00502262,-0.01083683,0.001104
64,-0.00285592,0.00111683,-0.00016412,0.00037163,0.00066660,-0.00442712,-0.00054
090,-0.00174641,-0.00001279,0.00037031,0.00009996,0.00006524,0.00001422,-0.00025
688,-0.00003093,-0.00003712,-0.00001696,0.00002009,0.00002081,0.00003151,0.00001
259,0.00006618,0.00003333,0.00008464,0.00015254,0.00015667,-0.00926821,0.0932330
8,0.30265062,-0.00021974,-0.00000552,-0.00011164,0.00006247,0.00008241,-0.000011
67,0.00009007,0.00001405,0.00005568,0.00000482,-0.00001266,0.00000838,0.00000257
,-0.00000857,0.00001589,-0.00000090,-0.00000379,-0.00000432,0.00000046,0.0000015
5,-0.00000624,0.00009887,0.00000740,-0.00005197,-0.00003142,-0.00005428,-0.00001
997,-0.00001690,-0.00000610,-0.00000305,-0.00008991,-0.00000590,0.00003581,0.000
00500,-0.00000384,-0.00000781,-0.00000265,0.00004373,0.00000131,-0.00000256,-0.0
0000439,0.00003493,-0.00000291,-0.00000291,0.00000976,0.00002012,-0.00002244,-0.
00001629,0.00001115,-0.00001671,0.00000248,0.00010678,0.00000237,-0.00003145,-0.
00003401,0.00001284,0.00000536,0.00000343,0.00000429,0.00000744,-0.00006243,-0.0
0006599,-0.00002199,0.00006319,0.00003620,-0.00003596,-0.00029768,0.00024060,0.0
0007630,0.00001108,-0.00005477,0.00006012,-0.00001040,0.00001084,0.00000979,-0.0
0000877,0.00001327,0.00000740,0.00002718,0.00001885,-0.00000723,-0.00004612,0.00
001293,0.00002766,-0.00001043,-0.00000138,0.00000034,0.00000253,-0.00001116,0.00
000814,-0.00000123,0.00001405,-0.00001003,-0.00014614,-0.00014675,-0.00108089,-0
.00007814,-0.00003733,0.00032982,-0.00178706,0.00617274,0.00081462,-0.01999798,0
.00756208,-0.01462483,-0.18179050,0.04715863,-0.12123995,-0.00066758,0.00020622,
-0.00202103,0.00296680,0.00273265,-0.00098070,0.00028757,-0.00006452,0.00066436,
-0.00013522,0.00002977,0.00000147,-0.00000295,0.00000803,-0.00001715,-0.00000820
,-0.00001792,0.00002597,0.00000552,-0.00000252,0.00001486,0.00002153,-0.00000840
,-0.00002174,0.00003853,0.00003375,-0.00002717,0.00004166,-0.00159485,-0.0001401
9,0.20190773,0.00015772,-0.00002771,0.00007589,-0.00002737,-0.00004066,-0.000000
02,-0.00002636,0.00001592,-0.00000010,0.00000120,0.00000345,0.00000598,0.0000012
1,-0.00000290,-0.00000979,0.00000260,0.00000151,0.00000337,0.00000021,-0.0000020
7,0.00000035,-0.00002437,-0.00000664,0.00000402,0.00001015,0.00002269,0.00001158
,-0.00000738,0.00000051,0.00000262,0.00002826,0.00000765,-0.00000495,-0.00001626
,0.00001304,-0.00000721,-0.00000399,-0.00002184,-0.00000155,-0.00000975,0.000012
07,-0.00002855,0.00000025,-0.00000352,-0.00000215,-0.00000954,0.00001092,0.00001
093,-0.00000243,0.00000721,-0.00000028,-0.00002708,-0.00000126,0.00000361,0.0000
2743,-0.00001618,-0.00001176,0.00000007,0.00000489,0.00000006,0.00002157,0.00002
437,0.00000309,-0.00005653,-0.00002201,-0.00000354,0.00016715,-0.00022163,-0.000
01237,-0.00001904,0.00003547,-0.00003257,0.00000406,-0.00000362,-0.00000080,-0.0
0000786,-0.00000199,-0.00000694,-0.00001354,-0.00000971,0.00000483,0.00001372,-0
.00000509,-0.00000402,0.00000330,-0.00000015,-0.00000043,-0.00000298,0.00000677,
-0.00000567,0.00000102,-0.00000643,0.00000343,0.00026190,0.00012214,0.00053073,-
0.00003875,-0.00000446,-0.00010842,0.00599472,0.00365323,-0.00272629,0.01405701,
-0.00401750,0.00988390,0.04726421,-0.05104617,0.03541662,-0.00630798,0.00259680,
-0.00604397,0.00291283,0.00523991,-0.00368214,-0.00009456,-0.00022174,-0.0003151
7,0.00008275,-0.00000707,0.00001022,0.00000035,0.00000519,-0.00000021,-0.0000074
9,0.00001329,-0.00001381,-0.00001238,-0.00000589,-0.00000492,-0.00001273,0.00000
817,0.00000175,-0.00000968,-0.00001561,0.00001806,-0.00121319,-0.00155589,0.0011
4023,-0.06026324,0.04830457,0.00003110,-0.00002975,0.00003298,0.00002600,0.00002
744,-0.00000761,0.00004850,-0.00000468,0.00003507,0.00000125,-0.00001184,0.00001
439,0.00000725,-0.00000973,-0.00000507,0.00000297,-0.00000173,-0.00000406,0.0000
0124,-0.00000193,0.00000051,0.00005278,-0.00001035,-0.00004254,-0.00001907,-0.00
001863,-0.00000774,-0.00001921,-0.00000671,-0.00000144,-0.00004160,0.00001062,0.
00002647,-0.00001627,0.00000491,-0.00000929,-0.00000449,-0.00000201,0.00000376,-
0.00000523,0.00000396,-0.00000967,-0.00000409,-0.00000162,0.00000609,0.00000015,
-0.00000192,0.00000748,0.00000638,-0.00000004,-0.00000316,0.00005475,0.00000142,
-0.00001726,-0.00000743,-0.00000225,0.00000177,0.00000290,0.00000251,0.00000394,
-0.00002556,-0.00001762,-0.00000530,0.00000741,0.00001830,-0.00000525,0.00004056
,0.00001507,-0.00004793,-0.00002904,-0.00000450,0.00000831,0.00000946,-0.0000043
1,0.00002965,0.00001066,0.00002580,-0.00000293,0.00000543,-0.00000711,-0.0000010
4,-0.00002209,0.00001105,0.00001839,-0.00000620,-0.00000059,0.00000033,0.0000054
7,-0.00000794,-0.00000426,0.00000218,0.00001148,-0.00000649,0.00031880,-0.000325
56,0.00003227,-0.00004621,0.00004324,0.00006693,0.00059829,-0.00257244,0.0012489
4,0.00482895,-0.00151958,0.00509281,-0.12100785,0.03508981,-0.14598873,-0.021825
87,0.00577783,-0.02092076,-0.00048590,-0.00397495,-0.00473464,0.00065325,-0.0003
2489,0.00000392,-0.00003068,0.00007328,-0.00000286,-0.00000593,-0.00000497,-0.00
002608,0.00000590,0.00000230,0.00002592,-0.00001145,-0.00001614,0.00000056,0.000
01397,-0.00000082,-0.00000788,0.00001184,0.00001467,-0.00000191,0.00112632,0.000
43302,0.00067998,0.13668022,-0.03455220,0.16508427,-0.00013398,-0.00000721,-0.00
003251,0.00005811,0.00008230,0.00000071,0.00008198,-0.00000096,0.00004794,0.0000
0721,-0.00001239,0.00000895,0.00000462,-0.00002376,0.00000892,0.00000259,-0.0000
0165,-0.00000342,0.00000057,-0.00000042,-0.00000110,0.00009024,-0.00000227,-0.00
004945,-0.00002775,-0.00005742,-0.00002639,-0.00000836,-0.00000256,-0.00000595,-
0.00007554,-0.00000018,0.00003024,-0.00000251,-0.00001036,-0.00000038,0.00000362
,0.00001725,0.00000941,0.00000692,0.00000286,0.00000738,-0.00000182,0.00000220,0
.00001075,0.00001292,-0.00001430,-0.00000353,0.00000815,-0.00000984,0.00000209,0
.00009101,0.00000411,-0.00002240,-0.00003527,0.00001006,0.00000150,0.00000384,0.
00000319,0.00000787,-0.00005193,-0.00005853,-0.00001876,0.00005527,0.00003918,-0
.00002204,-0.00007727,0.00011088,-0.00005723,-0.00004934,-0.00002360,0.00005750,
0.00002391,0.00001314,0.00003432,0.00001548,0.00002703,0.00001723,0.00002304,0.0
0000631,-0.00000438,-0.00004174,0.00001465,0.00002223,-0.00001088,-0.00000168,0.
00000100,0.00000579,-0.00001515,0.00000697,-0.00000128,0.00001465,-0.00000887,0.
00001933,-0.00097875,0.00008589,-0.00018150,0.00018038,0.00019322,0.00021980,-0.
00070389,-0.00042972,0.00292711,0.00290895,-0.00039158,-0.00203933,0.00250717,0.
00204639,-0.19369079,0.11383599,0.06031523,-0.01993201,0.01431623,0.00577474,-0.
00122233,0.00395622,-0.00459355,0.00004699,-0.00003244,-0.00006966,-0.00000359,0
.00000401,-0.00004656,-0.00001097,0.00000856,0.00004826,-0.00000902,-0.00002266,
-0.00000332,0.00000274,-0.00000320,-0.00003283,-0.00000352,-0.00000189,-0.000000
42,-0.00016025,0.00002873,-0.00006073,0.00016919,-0.00166563,-0.00012913,0.21482
422,0.00009648,-0.00001043,0.00002631,-0.00003721,-0.00005891,-0.00000401,-0.000
03848,0.00003043,-0.00000570,0.00000024,0.00000779,0.00000329,-0.00000613,0.0000
0547,-0.00000984,0.00000079,-0.00000082,0.00000427,0.00000270,-0.00000087,0.0000
0102,-0.00004211,0.00000191,0.00001957,0.00001719,0.00003484,0.00002062,-0.00001
993,0.00000377,0.00000152,0.00003467,0.00000094,-0.00001061,-0.00002401,0.000016
35,-0.00000998,-0.00000121,-0.00000852,-0.00000046,-0.00000561,0.00000634,-0.000
01492,0.00000343,-0.00000569,-0.00000422,-0.00001153,0.00000197,0.00000374,-0.00
000966,0.00000972,-0.00000635,-0.00003613,-0.00000381,0.00000233,0.00003390,-0.0
0000749,-0.00000809,-0.00000201,0.00000309,-0.00000115,0.00002777,0.00003112,0.0
0000224,-0.00002193,-0.00002413,0.00001986,0.00003313,0.00001682,-0.00000654,0.0
0000228,0.00002182,-0.00003996,-0.00001413,0.00000041,-0.00002477,-0.00000871,-0
.00001636,-0.00001141,-0.00001233,0.00000079,0.00000087,0.00002000,-0.00000956,-
0.00000811,0.00000673,0.00000033,-0.00000097,-0.00000482,0.00000809,-0.00000679,
0.00000003,-0.00000885,0.00000408,-0.00063150,-0.00090674,0.00027171,-0.00006863
,0.00012891,0.00022842,-0.00086055,-0.00022493,0.00030923,0.00287409,0.00508457,
-0.00402779,0.00903522,-0.00590043,-0.00496262,0.11388998,-0.11755374,-0.0467972
0,0.00758030,-0.00411568,-0.00203873,0.00417908,0.00559340,-0.00044371,0.0002155
2,-0.00013801,-0.00007248,-0.00000401,-0.00002328,-0.00002053,0.00000303,0.00003
826,-0.00002518,0.00000779,0.00000852,-0.00001521,-0.00003068,0.00001184,0.00000
884,-0.00002964,-0.00004316,0.00002327,0.00038152,-0.00037706,-0.00008813,-0.001
25537,-0.00149926,0.00109719,-0.13386171,0.12168574,0.00004021,-0.00001745,0.000
07001,-0.00001753,-0.00004584,0.00000168,-0.00002774,-0.00001213,-0.00002410,0.0
0000033,0.00000621,-0.00000277,-0.00000166,-0.00000751,-0.00000446,0.00000351,0.
00000055,0.00000441,0.00000344,-0.00000013,0.00000248,-0.00000759,-0.00001862,-0
.00001379,0.00001062,0.00002542,0.00001307,-0.00000083,0.00000702,-0.00000147,0.
00002510,0.00001773,0.00000276,-0.00002626,-0.00000164,0.00000846,0.00001789,-0.
00002370,0.00000659,0.00001827,0.00001278,-0.00002400,-0.00000258,0.00000539,-0.
00000052,-0.00001339,0.00001648,0.00000077,-0.00000413,-0.00000004,-0.00000295,-
0.00002690,0.00000045,0.00000504,-0.00000425,0.00001223,0.00000648,0.00000254,0.
00000360,0.00000304,0.00001959,0.00003185,0.00000734,0.00000556,0.00000894,0.000
00225,0.00002513,-0.00002020,0.00001805,-0.00001057,0.00000480,0.00002347,0.0000
3952,-0.00000563,0.00002647,0.00001476,0.00000830,0.00000419,-0.00001839,-0.0000
0650,-0.00000577,0.00000571,-0.00000059,-0.00000313,0.00000194,0.00000010,0.0000
0037,0.00000473,-0.00000631,-0.00000129,-0.00000012,-0.00000182,0.00000166,-0.00
008650,0.00053029,-0.00035312,0.00013610,-0.00013805,0.00006807,-0.00036725,0.00
030377,-0.00049947,-0.00077921,-0.00375414,-0.00475429,0.02186983,-0.01687929,-0
.01076780,0.06035279,-0.04674064,-0.06832442,-0.01408141,0.00973395,0.00527352,-
0.00415817,-0.00064425,-0.00103168,-0.00003625,0.00003497,0.00005187,0.00001092,
0.00000714,-0.00002819,-0.00000546,-0.00000584,-0.00000216,0.00000639,0.00001239
,0.00000672,0.00001255,0.00001796,0.00002227,0.00001663,0.00001893,0.00001766,0.
00110808,-0.00082332,-0.00055282,0.00111130,0.00034663,0.00048544,-0.06411060,0.
05623140,0.07948030,-0.00011403,0.00002845,-0.00007053,0.00000409,0.00003240,0.0
0002046,0.00000922,0.00002719,0.00003096,0.00000478,0.00000659,0.00000076,0.0000
1086,0.00000761,0.00001808,-0.00000762,0.00000813,-0.00001169,-0.00000622,-0.000
00216,0.00000020,0.00003775,0.00000322,-0.00001396,0.00000857,-0.00003179,-0.000
01726,0.00000193,-0.00000021,0.00000866,-0.00002036,-0.00000758,0.00000145,0.000
00347,-0.00000396,-0.00000393,0.00000029,0.00002037,0.00000201,-0.00000135,0.000
00264,0.00001268,0.00000714,0.00000206,0.00000170,0.00001919,-0.00001792,-0.0000
1933,0.00000612,-0.00001824,0.00001396,0.00002827,0.00000053,-0.00000486,-0.0000
1677,0.00000123,-0.00000138,0.00000047,0.00000508,0.00000236,-0.00000905,-0.0000
3216,-0.00002635,0.00005326,-0.00000615,0.00001394,0.00002438,0.00001553,0.00000
645,0.00003029,-0.00002089,0.00003353,-0.00001121,0.00000822,-0.00002807,-0.0000
2581,-0.00001053,0.00000811,0.00002226,0.00001501,-0.00000745,-0.00001772,0.0000
0584,0.00000747,-0.00000068,-0.00000188,-0.00000182,0.00000407,-0.00000010,0.000
01202,0.00000103,-0.00000172,-0.00000162,0.00031817,0.00012101,0.00060014,-0.000
26399,0.00002732,0.00027287,-0.00137079,0.00591131,0.00097613,-0.00053768,0.0001
3709,-0.00006547,-0.00107333,0.00405350,-0.00417368,-0.00007463,-0.00669230,-0.0
2128907,-0.04190990,0.00603708,0.00505652,-0.00156715,0.00874572,0.02164437,-0.0
0021500,0.00010458,-0.00006714,0.00001128,0.00004036,-0.00002398,0.00000431,-0.0
0002288,0.00001866,0.00001137,0.00000148,0.00000387,0.00002807,-0.00001061,-0.00
001105,0.00001838,0.00001809,0.00000065,-0.00043031,-0.00081789,0.00025399,-0.00
006124,-0.00033075,-0.00112763,-0.00000824,-0.00163855,-0.00028756,0.04709414,0.
00012729,-0.00005540,0.00008293,-0.00001361,-0.00004026,-0.00002669,-0.00000047,
0.00003342,-0.00001051,0.00000494,0.00000141,0.00000681,-0.00001627,-0.00002095,
-0.00001844,0.00001002,-0.00000575,0.00001226,0.00000463,0.00000177,0.00000114,-
0.00003588,0.00001885,0.00002229,0.00000003,0.00002829,0.00002412,-0.00002309,0.
00000599,-0.00000622,0.00001015,-0.00000898,-0.00000226,-0.00003164,0.00001981,-
0.00000753,-0.00000127,-0.00001747,-0.00000491,-0.00000717,0.00001350,-0.0000234
6,-0.00000444,-0.00000846,0.00000037,-0.00001859,0.00001979,0.00001095,-0.000007
91,0.00001135,-0.00001307,-0.00001296,-0.00000190,-0.00000788,0.00002967,-0.0000
0452,-0.00000828,-0.00000340,-0.00000199,0.00000221,0.00000574,0.00002057,0.0000
1170,-0.00002491,-0.00000622,0.00000848,0.00002884,-0.00003676,-0.00002029,-0.00
000205,0.00003744,-0.00002853,0.00001498,-0.00000595,0.00001203,0.00000387,0.000
00486,-0.00001724,-0.00002551,-0.00000981,0.00000298,0.00001767,-0.00001409,-0.0
0000448,0.00000371,0.00000087,0.00000059,-0.00000439,0.00000405,-0.00001080,-0.0
0000148,-0.00000559,0.00000228,-0.00037592,0.00009309,-0.00034569,0.00032322,-0.
00010588,-0.00028081,0.00591722,0.00346166,-0.00302830,0.00009500,-0.00014746,0.
00043926,0.00394196,0.00564387,-0.00069972,0.00013024,0.00251191,0.00520535,0.00
585290,-0.06622816,-0.08308237,0.00212793,-0.00613791,-0.01691262,0.00012006,-0.
00007393,0.00000850,-0.00001003,-0.00004256,-0.00006364,0.00000886,0.00002102,-0
.00001759,-0.00000144,0.00000783,-0.00000673,-0.00001920,0.00000033,0.00001044,-
0.00001141,-0.00002044,0.00003302,-0.00080848,-0.00131398,0.00047323,0.00005822,
0.00004629,0.00032672,-0.00120602,-0.00150547,0.00126327,-0.01463328,0.06534473,
0.00015543,-0.00004444,0.00010798,-0.00005222,-0.00013988,-0.00002500,-0.0000680
2,-0.00001345,-0.00005618,-0.00000091,0.00001696,-0.00001159,-0.00001567,-0.0000
2221,-0.00001161,0.00000210,-0.00000600,0.00001370,0.00000899,-0.00000047,0.0000
0011,-0.00004937,-0.00001286,0.00000961,0.00001409,0.00009399,0.00004984,-0.0000
1071,0.00001825,-0.00000691,0.00006084,0.00002654,-0.00000499,-0.00004294,0.0000
1995,0.00001130,0.00001456,-0.00004313,0.00000717,0.00002210,0.00001684,-0.00003
531,-0.00000505,-0.00000469,-0.00000372,-0.00002433,0.00002793,0.00000737,-0.000
01353,0.00001017,-0.00001697,-0.00007328,-0.00000534,0.00000580,0.00001839,0.000
01211,0.00001043,0.00000209,0.00000130,0.00000076,0.00004311,0.00009034,0.000022
54,-0.00005132,-0.00000044,0.00000562,0.00011309,-0.00008243,0.00004359,0.000007
06,0.00003707,-0.00003073,0.00004709,-0.00001523,0.00002669,0.00002775,-0.000005
13,-0.00000124,-0.00003609,-0.00001181,-0.00000976,0.00002342,-0.00001081,-0.000
01500,0.00000649,0.00000289,0.00000164,0.,0.00000170,-0.00001015,-0.00000244,-0.
00000781,0.00000501,-0.00076494,0.00037290,-0.00044567,0.00029242,-0.00013066,-0
.00012045,0.00122876,-0.00320418,0.00091188,-0.00008675,0.00038158,0.00072817,-0
.00466533,-0.00037884,-0.00110854,-0.00151815,-0.00666011,-0.02157935,0.00494103
,-0.08279761,-0.27003426,0.00207188,-0.00540928,-0.01161391,0.00019945,-0.000133
16,0.00007479,-0.00000859,-0.00004846,-0.00006336,0.00000291,0.00003585,-0.00003
081,0.00001288,0.00002646,0.00000624,-0.00002493,0.00002464,0.00002966,-0.000012
66,-0.00001445,0.00004421,0.00027226,0.00051126,0.00003077,0.00008663,-0.0003663
9,-0.00100388,0.00096236,0.00052176,0.00062328,-0.00297274,0.09625319,0.30278873
,0.00009817,-0.00023253,-0.00022595,-0.00005135,-0.00007187,-0.00000561,0.000029
13,0.00001984,-0.00000446,0.00000831,-0.00005955,0.00003044,0.00008728,0.0000525
3,0.00002865,0.00000354,0.00002135,-0.00005394,-0.00002510,-0.00001513,0.0000013
7,-0.00001742,-0.00000907,0.00000065,0.00002113,0.00004932,0.00002348,0.00009114
,-0.00003114,-0.00001875,0.00006320,0.00002515,-0.00001309,0.00008444,-0.0000407
3,-0.00000311,0.00003251,-0.00007920,-0.00009786,0.00001967,-0.00007861,-0.00004
458,0.00003236,-0.00003887,-0.00003033,0.00000480,-0.00004294,-0.00003060,-0.000
01480,-0.00005781,-0.00004030,-0.00007875,-0.00001066,0.00000457,0.00003571,-0.0
0003093,-0.00003584,0.00000414,0.00000693,0.00000131,0.00005664,0.00004927,0.000
01680,-0.00030471,0.00002178,0.00023469,-0.00065458,0.00059746,0.00112910,-0.000
77004,0.00099318,-0.00037063,-0.00013763,0.00014772,-0.00011061,-0.00020554,-0.0
0004041,0.00003602,0.00001442,0.00000328,0.00003932,0.00001897,-0.00001209,-0.00
000973,0.00000352,0.00000073,0.,0.00002722,-0.00002628,0.00002706,0.00000902,-0.
00002649,0.00000798,0.00046615,-0.00075777,0.00006326,-0.00045926,0.00003430,0.0
0043814,-0.00008864,-0.00107708,-0.00241276,0.00240759,0.00299793,-0.00120725,0.
00034243,-0.00010462,0.00054698,-0.00126153,0.00581144,0.00104515,-0.01929699,0.
00713654,-0.01409807,-0.18497024,0.04568175,-0.12187428,0.00001338,-0.00009660,-
0.00003869,-0.00002996,-0.00003465,-0.00026183,0.00000664,0.00004282,0.00005252,
0.00001555,0.00003295,0.00003141,0.00000468,0.00002832,0.00000780,-0.00001336,-0
.00001383,0.00009105,-0.00008363,0.00011452,0.00018021,-0.00036506,-0.00083518,0
.00033638,-0.00089689,0.00021712,-0.00075064,0.00002967,-0.00154908,-0.00012510,
0.20566434,-0.00036439,-0.00007907,0.00029481,0.00004285,0.00012595,0.00000724,0
.00003060,0.00008340,0.00001542,0.00001974,0.00004335,-0.00001702,-0.00001901,-0
.00050990,0.00008215,-0.00001392,-0.00000043,0.00002927,-0.00003707,-0.00002406,
-0.00000547,0.00003645,0.00004880,0.00000737,-0.00000823,-0.00009115,-0.00003514
,-0.00002955,0.00002914,-0.00001906,-0.00009253,-0.00004912,0.00001708,-0.000097
95,0.00002081,-0.00000822,0.00001190,0.00007130,0.00002538,0.00002718,0.00005796
,0.00001736,-0.00003480,0.00002303,0.00002321,-0.00000569,0.00001952,0.00002845,
-0.00000711,-0.00001545,-0.00002260,0.00011964,0.00000546,-0.00003100,-0.0000528
0,0.00000264,0.00004636,-0.00000601,-0.00000042,0.00000877,-0.00006498,-0.000096
11,-0.00003245,0.00018923,0.00000118,-0.00004886,0.00060391,-0.00003110,-0.00090
514,0.00056859,-0.00026308,0.00035546,0.00026813,-0.00000997,0.00007265,-0.00003
561,-0.00003156,-0.00006107,-0.00002176,-0.00002490,0.00001191,-0.00001227,-0.00
000778,0.00001308,-0.00000340,-0.00000513,-0.00000153,0.00003953,-0.00004402,0.0
0000661,-0.00001821,0.00002150,-0.00000865,-0.00132766,-0.00083746,-0.00010046,-
0.00019903,0.00016842,0.00054028,-0.00717955,0.00198067,-0.00502936,0.00304701,0
.00530660,-0.00368519,-0.00003143,-0.00028786,-0.00036584,0.00579940,0.00374184,
-0.00286501,0.01365512,-0.00376390,0.00971292,0.04524080,-0.04905267,0.03251912,
0.00042368,-0.00028966,-0.00019038,0.00004445,-0.00010563,-0.00003686,-0.0000436
7,0.00003201,0.00003499,-0.00000574,0.00000852,0.00000069,-0.00004048,0.00002562
,-0.00002031,-0.00002691,-0.00008359,0.00001127,-0.00032130,0.00005646,-0.000438
64,-0.00084308,-0.00135816,0.00044048,0.00063446,-0.00027048,0.00052335,-0.00110
986,-0.00152643,0.00115385,-0.05842800,0.04724492,-0.00040906,0.00001888,-0.0000
4490,0.00004652,0.00002846,0.00003305,0.00002316,-0.00005302,0.00000626,-0.00000
394,0.00006938,-0.00004300,-0.00005087,-0.00004117,0.00015683,-0.00003849,-0.000
01088,-0.00005328,-0.00000576,-0.00001586,-0.00002985,0.00009216,0.00002267,-0.0
0003204,-0.00002956,-0.00002510,-0.00003047,-0.00002915,0.00004393,-0.00002519,-
0.00009501,-0.00000214,0.00003766,-0.00007002,-0.00000489,0.00005363,0.00009610,
-0.00001613,0.00003786,0.00011358,0.00004809,0.00002039,-0.00003975,0.00001265,0
.00003419,-0.00002849,0.00004910,0.00000550,0.00000204,-0.00001746,-0.00001804,0
.00010929,0.00000590,-0.00004818,-0.00013122,0.00011384,0.00005450,0.00001792,0.
00000547,0.00000898,-0.00006695,-0.00002877,-0.00005667,0.00053299,0.00032642,-0
.00009055,0.00026264,-0.00004134,0.00042760,0.00027948,-0.00040191,0.00050249,0.
00019016,-0.00003277,0.00015559,0.00011644,-0.00001450,0.00013870,0.00001707,0.0
0002988,-0.00012230,-0.00004829,0.00001346,-0.00000216,-0.00001758,0.00000032,0.
00000351,0.00001939,-0.00001417,0.00002334,-0.00001780,0.00003285,-0.00002227,-0
.00160644,0.00153429,-0.00155903,0.00020176,-0.00046626,0.00061673,-0.02067817,0
.00510872,-0.02092383,-0.00070673,-0.00398357,-0.00484718,0.00055339,-0.00028968
,0.00001703,0.00051521,-0.00271454,0.00110251,0.00498874,-0.00160128,0.00491915,
-0.12198147,0.03319252,-0.14261331,-0.00005781,0.00004549,0.00014025,0.00004217,
-0.00002785,-0.00028011,-0.00000343,-0.00000236,0.00005489,-0.00000022,0.0000662
5,0.00009865,0.00006251,0.00008902,0.00001291,0.00007922,0.00006340,0.00003085,-
0.00116788,0.00036147,-0.00096324,0.00032707,0.00047378,-0.00004867,0.00038418,-
0.00014295,0.00015475,0.00117430,0.00042329,0.00068869,0.13737938,-0.03208883,0.
16201397,0.00114800,0.00056209,-0.00067823,-0.00005445,-0.00008773,-0.00000207,0
.00009026,0.00001397,0.00002787,-0.00003501,-0.00010120,0.00006770,-0.00216953,0
.00009104,-0.00142356,-0.00000767,0.00002625,0.00002130,0.00005612,0.00003467,-0
.00000378,-0.00005249,0.00000799,0.00003534,0.00002678,0.00005135,0.00002182,-0.
00010274,-0.00015443,0.00007666,0.00009862,-0.00000262,-0.00004865,0.00023776,0.
00001507,-0.00003874,-0.00013666,-0.00012364,-0.00009032,-0.00026040,-0.00010809
,-0.00003989,0.00008693,0.00000477,-0.00001489,0.00000079,-0.00002791,-0.0000859
3,0.00008410,0.00008435,0.00016632,-0.00012379,0.00000490,0.00004466,0.00021084,
-0.00000882,-0.00011654,-0.00000401,-0.00000278,-0.00000720,0.00005418,0.0000526
8,0.00000154,-0.00003751,0.00005194,-0.00001087,-0.00011134,-0.00038159,0.000139
04,-0.00109878,-0.00070176,-0.00028770,-0.00035933,0.00004826,-0.00009627,0.0000
6321,0.00017078,0.00003635,0.00003381,0.00011181,-0.00000258,0.00000742,-0.00000
728,-0.00001924,0.00000938,0.00000145,-0.00000094,-0.00012279,0.00008761,-0.0000
3034,0.00003340,-0.00004970,0.00001502,-0.00092261,0.00112319,0.00074287,0.00020
540,-0.00003838,-0.00046516,0.00019796,0.00021136,0.00005225,0.00003246,-0.00001
299,0.00006748,-0.00008075,0.00002484,-0.00000699,-0.00010145,0.00002365,-0.0000
3385,-0.00007047,0.00000135,0.00001900,0.00013104,0.00002540,0.00010104,-0.00003
385,0.00655026,0.01045406,-0.03580042,-0.00877948,-0.00560011,-0.00033119,-0.008
14568,-0.01152803,0.00487887,-0.00570176,0.00121950,-0.00038070,-0.00024534,0.00
019532,0.00507457,-0.00389665,0.00383134,-0.00001152,0.00002018,0.00000298,-0.00
001037,0.00001322,0.00000606,-0.00001065,0.00001198,-0.00000587,-0.00001838,0.00
002145,0.00002437,-0.00000568,-0.00021664,-0.00016983,0.03275006,-0.00009739,-0.
00022697,0.00001505,-0.00000065,-0.00000544,-0.00001845,0.00002433,0.00005037,-0
.00005398,0.00005175,-0.00006029,0.00000330,0.00009739,0.00052562,0.00002976,0.0
0002141,0.00001496,0.00000052,0.00000223,-0.00002164,0.00001569,0.00000094,0.000
01178,0.00000291,0.00000249,-0.00000262,0.00000643,0.00010754,-0.00000944,-0.000
00456,-0.00000971,-0.00000170,0.00000718,0.00000505,-0.00004909,0.00003663,0.000
02389,0.00001346,-0.00007014,0.00002312,0.00006761,0.00000920,-0.00000532,-0.000
01902,0.00001056,0.00002489,0.00000221,-0.00000524,0.00006159,-0.00015975,-0.000
18173,0.00001237,0.00000090,-0.00001994,-0.00000895,0.00003241,-0.00000688,-0.00
000303,-0.00000349,0.00000708,0.00000062,-0.00000615,-0.00000393,-0.00007751,-0.
00009362,0.00018988,0.00013818,0.00023899,-0.00003785,-0.00048796,0.00001283,-0.
00036252,-0.00005769,-0.00003400,0.00000330,-0.00004886,-0.00003106,0.00001293,-
0.00002072,-0.00000760,0.00003971,-0.00000327,-0.00001305,0.00000994,-0.00000197
,-0.00000164,0.00000095,0.00006243,0.00002190,0.00005580,-0.00000174,-0.00003082
,0.00000193,0.00089688,0.00049846,0.00074950,-0.00001624,-0.00015597,-0.00035231
,-0.00014707,-0.00024235,0.00036096,0.00007783,-0.00007009,0.00005124,-0.0000633
1,0.00005425,0.00007028,-0.00006257,0.00000773,-0.00008438,0.00018880,-0.0001205
7,-0.00014786,0.00020963,-0.00026091,0.00004118,0.00137922,0.00589067,0.00825642
,-0.00913298,-0.11173446,-0.11578864,-0.00273037,-0.01553742,-0.02325975,-0.0058
2952,-0.00289151,-0.00058562,-0.00007230,-0.00000419,0.00058571,-0.00388418,0.00
141479,0.00107817,-0.00006310,0.00004004,-0.00005060,-0.00001880,0.00000737,-0.0
0001709,-0.00004180,0.00001506,-0.00002333,0.00000075,0.00004097,-0.00002521,-0.
00025576,-0.00026136,-0.00024311,0.01749890,0.12398782,-0.00040546,-0.00023688,-
0.00003813,0.00000480,-0.00003446,-0.00000035,-0.00002256,-0.00004723,-0.0000804
5,0.00001281,-0.00000012,-0.00004009,-0.00076687,-0.00028286,0.00056993,-0.00003
315,-0.00000922,-0.00001762,-0.00002351,-0.00002273,-0.00002023,0.00001785,-0.00
000846,-0.00002081,-0.00000114,0.00001449,-0.00000182,0.00007040,-0.00001161,-0.
00003107,-0.00002111,0.00002307,0.00002528,-0.00003763,-0.00005468,0.00009175,0.
00011656,0.00006686,-0.00010670,0.00014365,0.00011590,0.00007631,-0.00005170,0.0
0001356,0.00004331,-0.00009524,-0.00002960,-0.00000363,0.00013793,-0.00028081,-0
.00030960,0.00001169,0.00000730,-0.00002882,-0.00011681,0.00011451,0.00003777,0.
00000652,-0.00000441,0.00000880,0.00000008,0.00003104,-0.00001843,0.00007877,0.0
0007627,-0.00008628,0.00026623,0.00025482,0.00016913,-0.00074837,-0.00031697,-0.
00021723,0.00007359,-0.00006098,0.00010741,-0.00012005,-0.00000254,0.00005944,-0
.00002598,-0.00003766,-0.00000284,-0.00001059,0.00000712,-0.00001171,-0.00001547
,-0.00000035,0.00000572,0.00005787,-0.00002884,0.00011170,-0.00001159,0.00000981
,-0.00000925,-0.00018816,-0.00069592,-0.00215825,-0.00020909,-0.00015352,0.00100
715,-0.00030100,0.00037402,0.00015938,-0.00023210,0.00002966,-0.00031999,0.00003
274,-0.00005431,-0.00008115,0.00000830,0.00003606,0.00010012,-0.00008713,0.00010
800,0.00011080,-0.00014373,0.00008575,0.00024715,0.00039044,-0.01130765,-0.02501
819,-0.00636471,-0.11592018,-0.22856811,-0.00076949,-0.00309564,-0.00268230,0.00
119655,-0.00132769,0.00168492,0.00013872,0.00051956,0.00046009,0.00421483,0.0015
7774,-0.00383716,0.00005152,-0.00005450,0.00006581,0.00005245,-0.00001888,0.0000
0493,0.00003598,-0.00001753,-0.00000166,0.00005158,-0.00003050,-0.00004000,0.000
03715,-0.00006497,0.00026855,0.00474858,0.13028484,0.25882274,-0.00002908,0.0000
8808,-0.00012893,0.00000220,-0.00001178,0.00001575,0.00001194,-0.00002627,0.0000
6494,-0.00002504,-0.00001245,-0.00001407,-0.00002233,-0.00003536,0.00005003,-0.0
0000969,-0.00000759,-0.00000617,-0.00000305,0.00000700,-0.00000306,0.00001258,0.
00000977,0.00001475,-0.00000204,0.00000260,-0.00000503,-0.00003952,-0.00001825,0
.00002467,-0.00001497,-0.00001094,-0.00001002,0.00002899,0.00002567,-0.00002259,
-0.00000436,-0.00001999,0.00001273,-0.00004606,-0.00002174,0.00002205,0.00001596
,0.00000697,-0.00000318,0.00005416,-0.00000034,-0.00003879,0.00010791,-0.0000623
8,0.00007485,0.00001332,-0.00000434,0.00000943,-0.00000599,-0.00001317,-0.000005
47,0.00000187,-0.00000205,-0.00000450,-0.00000909,0.00000103,-0.00002052,0.00006
940,0.00003319,-0.00005409,-0.00005018,-0.00009633,-0.00005651,-0.00003868,-0.00
008781,0.00006479,-0.00003104,0.00001363,-0.00000478,-0.00000845,0.00001907,0.00
000367,0.00002254,0.00002256,-0.00000164,-0.00001067,0.00001368,-0.00000745,0.00
000253,0.00000151,-0.00000027,-0.00000453,-0.00004781,0.00000753,-0.00001838,0.0
0004316,-0.00000582,0.00010671,0.00022826,0.00067971,-0.00027653,-0.00026177,0.0
0007991,-0.00004413,-0.00000844,-0.00004851,-0.00000490,-0.00000321,0.00001181,-
0.00001211,0.00000583,-0.00000890,-0.00000348,-0.00000276,-0.00000562,0.00001831
,0.00000370,0.00000926,0.00003609,-0.00001222,0.00000907,0.00473282,-0.00598872,
0.00098005,-0.00663396,-0.00764045,0.01234948,-0.08249389,-0.04425532,0.09109506
,0.00085210,-0.00001596,0.00003719,0.00615597,-0.00289506,0.00118360,-0.00002392
,0.00025984,-0.00030805,-0.00001649,0.00000931,-0.00002640,0.00000827,-0.0000027
6,0.00000155,0.00000958,-0.00000735,-0.00000702,0.00000657,-0.00001220,-0.000021
22,-0.00001373,0.00000311,-0.00000235,-0.00171858,0.00153261,-0.00042677,0.08236
313,-0.00005451,0.00008224,-0.00012523,0.00002758,0.00003913,0.00001769,0.000023
47,-0.00000364,0.00005758,-0.00001996,0.00001162,0.00000118,-0.00006398,-0.00003
921,0.00003531,-0.00000663,-0.00000673,-0.00000980,0.00000128,0.00000451,-0.0000
0255,0.00005267,-0.00000128,-0.00001907,-0.00001439,-0.00002995,-0.00001857,-0.0
0000909,-0.00001352,0.00002067,-0.00004544,-0.00000460,0.00001194,0.00001766,0.0
0000384,-0.00000694,-0.00000092,0.00002344,0.00002713,0.00000144,0.00002317,0.00
001129,0.00001353,0.00000119,-0.00000134,0.00002733,-0.00002574,-0.00005044,0.00
000228,-0.00013939,0.00011379,0.00006249,-0.00000399,-0.00001268,-0.00003061,-0.
00000063,-0.00000849,0.00000509,0.00000527,0.00000193,-0.00002934,-0.00003565,-0
.00002361,0.00002896,0.00001240,-0.00004895,0.00000549,-0.00013593,-0.00009262,-
0.00001095,-0.00008710,0.00006957,-0.00002352,0.00003355,-0.00002035,-0.00000156
,0.00001696,0.00001651,0.00002548,0.00002594,-0.00000293,-0.00002711,0.00001620,
0.00000908,-0.00000232,-0.00000073,-0.00000127,-0.00002090,-0.00002415,0.0000047
7,-0.00000325,0.00002784,-0.00001203,-0.00017642,0.00034620,0.00095578,-0.000217
25,-0.00048443,0.00021707,-0.00007521,-0.00002479,-0.00004540,-0.00001312,0.0000
0089,-0.00000458,-0.00000262,0.00001703,-0.00001779,0.00000740,-0.00000667,-0.00
000657,0.00002053,0.00002307,0.00000422,0.00004690,-0.00002545,0.00002070,-0.005
87795,-0.00314625,-0.00075845,-0.01269129,-0.01201212,0.02205281,-0.04461650,-0.
07877222,0.07875888,0.00547722,0.00538430,-0.01139762,-0.00290562,0.00093723,-0.
00368183,0.00006367,-0.00038322,-0.00058036,-0.00002650,0.00000337,-0.00002990,0
.00001229,-0.00000918,0.00000159,0.00001050,-0.00001516,-0.00000601,0.00001112,-
0.00002278,-0.00002747,-0.00001640,0.00000090,0.00001369,0.00116632,0.00010087,0
.00099597,0.05722966,0.08829614,-0.00004092,-0.00013296,0.00010840,-0.00004607,-
0.00008626,-0.00001828,-0.00004501,0.00004151,-0.00006819,0.00002115,0.00002268,
-0.00000427,0.00001673,0.00001008,0.00004895,0.00000368,0.00000089,0.00000727,0.
00000336,-0.00001205,-0.00000184,-0.00006726,0.00000960,0.00003219,0.00002461,0.
00004569,0.00002668,0.00002511,0.00001893,-0.00002667,0.00005515,-0.00000315,-0.
00001446,-0.00003454,-0.00000822,0.00002610,0.00001104,0.00001161,-0.00002263,0.
00001838,0.00002151,0.00002921,-0.00001405,-0.00000229,0.00000661,-0.00003633,-0
.00001584,0.00001529,0.00005118,0.00006707,-0.00017368,-0.00006970,0.00000084,0.
00000360,0.00002125,0.00003008,-0.00000209,-0.00000670,-0.00000431,0.00000183,0.
00004012,0.00004667,0.00000521,-0.00000648,-0.00002682,0.00005034,0.00006273,0.0
0011629,0.00006348,0.00003212,0.00006768,-0.00004602,0.00004646,0.00000117,-0.00
000825,-0.00002404,-0.00002727,-0.00000916,-0.00001502,-0.00002037,-0.00000398,0
.00002440,-0.00001607,-0.00001069,0.00000448,0.00000018,0.00000044,0.00001515,0.
00001915,0.00002587,0.00001300,-0.00003873,0.00001594,-0.00009561,-0.00048488,-0
.00043778,0.00002647,0.00011367,0.00009425,0.00002133,0.00007550,0.00004566,0.00
000607,-0.00000041,-0.00001460,0.00000260,-0.00001045,0.00001691,0.00000874,-0.0
0000926,0.00000649,-0.00001999,-0.00000621,-0.00000105,-0.00003867,0.00002500,-0
.00001259,0.00143420,-0.00051802,0.00167849,0.00131199,0.00167805,-0.00084295,0.
09061882,0.07879161,-0.21698719,0.01160942,0.00890270,-0.02517882,0.00082042,-0.
00417219,-0.00386582,-0.00042348,-0.00048277,0.00044293,0.00001470,-0.00001549,0
.00001209,-0.00001275,0.00000711,-0.00001515,-0.00001551,0.00001812,0.00000630,-
0.00000335,0.00001141,0.00002153,0.00000925,0.00000073,0.00000765,-0.00104305,-0
.00026588,0.00080515,-0.10404547,-0.08537652,0.24463658,-0.00002920,0.00002637,-
0.00006031,0.00002303,0.00001940,0.00000060,0.00005000,-0.00001169,0.00004686,-0
.00000380,-0.00003152,-0.00000824,-0.00000042,-0.00001648,0.00001527,-0.00000526
,0.00000027,-0.00000031,-0.00000596,0.00000785,-0.00000224,0.00003169,0.00001003
,-0.00000081,-0.00001276,-0.00001281,-0.00000534,-0.00003206,-0.00000506,0.00000
046,-0.00004518,-0.00000704,0.00000896,0.00001137,0.00001742,-0.00001270,-0.0000
0250,-0.00002678,0.00001129,-0.00002921,-0.00001455,0.00000197,0.00000892,0.0000
0160,0.00000039,0.00005562,0.00001254,-0.00001699,0.00006946,-0.00002510,0.00003
649,0.00005089,-0.00000589,-0.00001052,-0.00001753,-0.00001059,0.00001113,0.0000
0033,-0.00000316,-0.00000122,-0.00002973,-0.00001791,-0.00001443,0.00004072,0.00
001699,-0.00006392,-0.00008183,-0.00021520,-0.00009143,0.00000709,-0.00003782,0.
00002515,-0.00003666,0.00000221,0.00001254,-0.00003228,0.00003139,-0.00000369,0.
00001337,0.00001112,0.00000004,-0.00001579,0.00001040,0.00000305,-0.00000078,0.0
0000127,0.00000066,0.00000570,-0.00000701,0.00000889,-0.00000468,0.00002126,-0.0
0001540,-0.00096962,0.00074096,-0.00005006,0.00005188,-0.00009133,-0.00010499,0.
00010059,0.00014171,0.00006953,-0.00001369,-0.00000382,0.00002819,-0.00000034,-0
.00001937,-0.00002608,-0.00000318,0.00000785,0.00001640,-0.00001192,-0.00000568,
0.00002611,-0.00003199,0.00001186,0.00001150,-0.00045533,0.00076199,-0.00007071,
0.00614928,-0.00299281,0.00081738,-0.00058097,-0.00327861,-0.00050937,-0.0931572
2,-0.10992321,-0.00254281,-0.00582305,-0.01263397,0.00091648,0.00514005,-0.00402
326,0.00382635,-0.00000930,0.00001528,-0.00000890,0.00000893,-0.00000003,0.00000
381,0.00001176,-0.00000419,-0.00000719,-0.00000387,-0.00000262,-0.00000711,0.000
00162,0.00001467,-0.00000143,-0.00012889,-0.00005061,0.00005306,-0.00164249,0.00
159691,-0.00034598,0.09350731,-0.00006889,0.00002985,-0.00005362,0.00005756,0.00
008067,0.00000971,0.00009069,0.00000438,0.00007360,0.00000393,-0.00003312,0.0000
0669,0.00004387,-0.00002649,0.00005732,0.00000093,-0.00000332,-0.00000353,-0.000
00308,0.00000150,0.00000017,0.00009579,-0.00000038,-0.00004667,-0.00003573,-0.00
005219,-0.00002432,-0.00003510,-0.00002607,0.00000335,-0.00009635,0.00000384,0.0
0003840,-0.00001000,0.00000942,-0.00002873,-0.00002065,-0.00001594,0.00001492,0.
00001040,0.00004285,-0.00001049,0.00000730,-0.00000405,0.00000558,0.00006358,0.0
0002585,-0.00001862,0.00003961,-0.00013012,0.00005067,0.00012313,-0.00000523,-0.
00003446,-0.00003797,-0.00001215,-0.00000154,0.00000678,0.00000537,0.00000375,-0
.00005991,-0.00005726,-0.00002256,0.00000485,0.00002492,-0.00000810,0.00001382,0
.00006901,-0.00003882,-0.00004105,-0.00000206,-0.00001560,0.00000367,-0.00000641
,0.00003313,0.00001368,0.00001754,0.00001948,0.00001490,0.00001500,0.00000438,-0
.00004007,0.00001739,0.00002173,-0.00000799,-0.00000103,-0.00000029,0.00000980,-
0.00000886,0.00001527,-0.00000965,0.00002760,-0.00002046,0.00069109,0.00003093,0
.00036458,-0.00009149,-0.00007840,-0.00006504,-0.00009071,-0.00010779,-0.0000825
7,0.00000300,-0.00001202,-0.00001748,-0.00002487,0.00002071,-0.00003661,-0.00002
919,0.00001947,-0.00000097,0.00002241,0.00001330,0.00002833,0.00004116,-0.000038
75,0.00000552,0.00077106,0.00060066,0.00007212,-0.00275302,0.00074481,-0.0040965
0,-0.00853703,-0.01598021,-0.00264107,-0.10989560,-0.24349994,-0.00877353,-0.007
63260,-0.01249545,0.00119093,-0.00400914,0.00156064,0.00197203,-0.00002324,0.000
01368,-0.00001636,0.00002245,-0.00001183,0.00001670,0.00002091,-0.00001948,-0.00
000722,0.00000739,-0.00000851,-0.00002070,0.00000872,0.00000488,0.00002001,-0.00
037610,-0.00075429,0.00001290,0.00123266,0.00018620,0.00086710,0.12920800,0.2702
0988,-0.00001859,-0.00006552,0.00008307,0.00000341,-0.00000057,-0.00000316,0.000
01893,0.00001747,0.00000216,0.00000365,-0.00001437,0.00000562,0.00003799,-0.0000
1589,0.00004769,0.00000564,0.00000312,0.00000661,-0.00000015,-0.00000126,0.00000
291,-0.00001192,0.00000627,0.00000594,-0.00000006,-0.00000383,0.00000006,-0.0000
0504,0.00000453,-0.00000758,-0.00000798,-0.00000991,0.00000468,-0.00003324,-0.00
001196,0.00001192,0.00002001,0.00002464,0.00000194,0.00001639,0.00003958,-0.0000
0266,-0.00000865,0.00000260,0.00000576,-0.00004327,-0.00003752,-0.00000904,0.000
06278,-0.00001777,-0.00007006,0.00001068,0.00000140,-0.00000667,-0.00000573,0.00
001786,-0.00000070,-0.00000308,-0.00000410,0.00000532,-0.00000175,-0.00000214,-0
.00000183,0.00001404,0.00000161,-0.00000567,0.00000441,-0.00000375,-0.00003180,-
0.00003143,0.00000466,-0.00000949,0.00002693,-0.00000041,0.00003163,-0.00001617,
0.00000990,0.00000210,-0.00000610,-0.00000658,-0.00000470,0.00000289,-0.00000098
,0.00000061,0.00000090,-0.00000048,-0.00000027,0.00002291,-0.00001100,0.00001707
,-0.00000200,0.00000224,-0.00000037,-0.00017322,0.00015104,-0.00036001,-0.000010
63,0.00001521,0.00019202,0.00001396,0.00004451,0.00003000,-0.00001526,0.00000379
,-0.00002335,-0.00000044,-0.00001020,-0.00000358,-0.00000559,0.00000578,0.000016
40,-0.00001577,0.00001508,0.00002468,-0.00003112,-0.00000464,0.00001483,-0.00001
979,0.00004714,-0.00070306,0.00100903,-0.00373003,-0.00377913,-0.01175556,-0.023
19575,-0.00213161,-0.00251210,-0.00870732,-0.04383978,0.01201788,0.02174575,-0.0
0017631,0.00365809,0.00159308,-0.00340651,0.00001831,-0.00001831,0.00000628,0.00
000256,0.00000048,0.00000108,0.00000438,0.00000098,0.00000359,0.,0.00000179,0.00
000110,0.00001240,0.00001388,0.00001162,-0.00060107,-0.00118055,-0.00018613,-0.0
0105383,-0.00043392,0.00061130,-0.00096901,0.01151493,0.05304176,-0.00006269,0.0
0000591,-0.00003571,-0.00000128,-0.00002668,-0.00000798,0.00001283,-0.00000679,0
.00000678,-0.00000002,-0.00000881,-0.00001157,-0.00000495,-0.00001594,0.00001959
,-0.00000221,-0.00000066,0.00000260,-0.00000161,0.00000273,-0.00000185,-0.000006
72,0.00000252,0.00000657,0.00000144,0.00001419,0.00000987,-0.00003583,-0.0000019
1,-0.00001034,-0.00000864,-0.00000022,0.00000842,-0.00000851,0.00001964,0.000000
01,-0.00000097,-0.00001566,0.00003155,0.00000981,0.00000140,-0.00000690,0.000002
81,-0.00000231,0.00000081,0.00005100,-0.00001320,-0.00005048,0.00004748,-0.00002
563,0.00004764,0.00000917,-0.00000608,-0.00000811,-0.00001060,0.00001181,0.00000
709,-0.00000253,-0.00000373,-0.00000237,-0.00000411,0.00000998,-0.00000520,0.000
03322,0.00001530,-0.00004315,-0.00002718,-0.00011260,-0.00000191,0.00000429,-0.0
0001945,0.00001601,-0.00001170,0.00001240,0.00000626,-0.00002052,0.00001234,0.00
000838,0.00001180,0.00000868,-0.00000366,-0.00000232,0.00000417,-0.00000278,0.00
000196,0.00000160,0.00000058,0.00000231,-0.00001108,0.00001126,-0.00000140,0.000
00783,-0.00000395,0.00009032,-0.00009560,-0.00047473,-0.00001449,0.00002936,0.00
008541,-0.00007362,-0.00015082,0.00002648,0.00000019,-0.00000944,0.00001269,-0.0
0000093,0.00001855,-0.00001036,0.00000208,-0.00000224,-0.00000037,0.00001880,0.0
0001379,0.00000306,0.00001305,0.00001133,-0.00000739,0.00449418,-0.00578273,0.00
111503,-0.00015655,0.00006909,0.00008103,0.00528477,-0.00402681,0.00351830,0.001
12049,0.00519749,0.01097706,-0.03787480,-0.01135784,-0.01280258,-0.00063946,-0.0
0836375,-0.01173737,-0.00001007,-0.00000897,-0.00002169,0.00000418,-0.00000143,-
0.00000141,0.00000047,-0.00000612,-0.00000297,-0.00000163,-0.00000385,-0.0000043
0,-0.00000389,-0.00000383,0.00000203,-0.00148034,0.00083410,-0.00043714,-0.00004
429,0.00026527,0.00052667,-0.00175719,0.00155968,-0.00019358,0.03272064,-0.00007
614,0.00002663,-0.00003163,0.00004634,0.00004733,-0.00000508,0.00006896,0.000000
14,0.00003491,0.00001073,-0.00000794,0.00000342,-0.00000110,-0.00001794,0.000027
78,-0.00000198,-0.00000503,0.,-0.00000433,0.00000769,-0.00000360,0.00007949,-0.0
0000624,-0.00005448,-0.00002627,-0.00003027,-0.00000734,-0.00002130,-0.00001874,
-0.00000674,-0.00007950,0.00001084,0.00004860,-0.00000722,-0.00001304,-0.0000059
8,-0.00003081,0.00006154,0.00001321,0.00001439,0.00004598,0.00000736,-0.00000057
,-0.00000954,0.00000682,0.00006870,-0.00004342,-0.00007653,0.00004211,-0.0001101
7,0.00005137,0.00010731,-0.00000480,-0.00004307,-0.00004837,0.00001221,0.0000126
1,0.00000593,0.00000702,0.00000169,-0.00005180,-0.00004150,-0.00001643,0.0000029
6,0.00001489,-0.00009219,-0.00013881,-0.00032395,-0.00006861,0.00002049,-0.00003
485,0.00005880,-0.00001717,0.00001593,0.00002146,-0.00003491,0.00002497,0.000017
30,0.00001998,0.00001396,-0.00000669,-0.00003619,0.00001262,0.00002324,-0.000005
08,-0.00000018,-0.00000045,-0.00000216,-0.00001026,0.00001280,-0.00000579,0.0000
1308,-0.00001202,0.00023046,0.00007638,-0.00092995,-0.00007099,-0.00001560,0.000
22297,-0.00012922,-0.00017099,-0.00000853,0.00000362,-0.00002751,-0.00006311,-0.
00001192,0.00003455,-0.00002554,-0.00001595,0.00000614,-0.00000210,0.00002821,0.
00001547,0.00001292,0.00005478,-0.00001607,0.00001734,-0.00574762,-0.00324262,-0
.00136707,-0.00017439,-0.00024282,0.00064744,-0.00385875,0.00181669,0.00145110,0
.00042957,0.00522178,0.00815726,-0.01158397,-0.10595212,-0.11201746,-0.00332505,
-0.01531932,-0.02326656,-0.00003460,0.00000578,-0.00002287,0.00002600,-0.0000148
3,0.00000553,0.00000793,-0.00001347,-0.00000369,0.00000622,-0.00000832,-0.000011
15,0.00000129,-0.00000372,0.00002242,0.00083802,-0.00036071,0.00027325,-0.000037
26,0.00020285,0.00057583,0.00126047,0.00018936,0.00111808,0.02073664,0.11809656,
0.00002747,0.00000295,0.00005350,0.00004949,0.00006723,-0.00000910,0.00010705,0.
00001731,0.00005137,0.00001548,-0.00002557,0.00001616,0.00001671,-0.00001032,0.0
0003509,0.00000238,0.00000531,0.00000537,-0.00000233,0.00000840,0.00000193,0.000
06085,-0.00000472,-0.00004351,-0.00002848,-0.00004047,-0.00000924,-0.00006913,-0
.00001462,-0.00003523,-0.00008902,0.00000490,0.00005109,-0.00004568,-0.00000271,
-0.00001767,-0.00003962,0.00001394,0.00002239,0.00001859,0.00004735,-0.00001489,
0.00000056,-0.00000780,0.00000883,0.00001682,-0.00004445,-0.00001621,0.00010017,
-0.00003131,-0.00002406,0.00012044,-0.00000705,-0.00004891,-0.00002703,0.0000005
2,0.00001482,-0.00000096,-0.00000140,0.00000260,-0.00005201,-0.00004725,-0.00000
901,0.00001655,0.00002680,-0.00004890,-0.00004321,-0.00007193,-0.00004241,-0.000
00664,-0.00000995,-0.00000601,-0.00000736,-0.00000184,0.00004755,-0.00000677,0.0
0003924,0.00001422,0.00001153,0.00000830,-0.00000400,-0.00002884,0.00001283,0.00
002738,-0.00000340,-0.00000017,-0.00000069,0.00000997,0.00000556,0.00001609,0.00
001021,0.00000532,-0.00001625,0.00023373,0.00031863,-0.00020864,-0.00007634,-0.0
0005074,0.00015492,-0.00004808,-0.00007121,-0.00001236,-0.00000392,-0.00001286,-
0.00005383,-0.00001949,0.00001390,-0.00002849,-0.00002631,0.00002123,0.00001721,
0.00001163,0.00000960,0.00002753,0.00002085,-0.00001227,0.00002286,0.00079891,-0
.00127914,0.00150634,0.00018918,0.00066586,0.00049455,0.00381811,0.00187531,-0.0
0344586,-0.00041789,-0.01224505,-0.02523368,-0.01243190,-0.11171827,-0.23670176,
-0.00093038,-0.00339110,-0.00260629,-0.00000726,-0.00001210,-0.00000669,0.000022
84,-0.00000774,0.00001138,0.00001438,-0.00001039,-0.00000562,0.00000186,-0.00000
183,-0.00001366,0.00000568,0.00000683,0.00000973,-0.00035156,0.00025033,0.000047
62,-0.00005860,-0.00071600,-0.00116453,-0.00090457,-0.00021005,0.00064154,0.0102
9888,0.12564218,0.26576898,0.00002801,0.00001237,0.00032400,-0.00003371,-0.00007
475,-0.00000989,0.00000845,-0.00001884,0.00000490,0.00000732,-0.00003808,0.00002
225,-0.00003987,0.00000370,0.00003888,0.00001432,0.00000041,0.00000504,-0.000003
81,0.00000079,0.00001069,-0.00005341,0.00000771,0.00002539,0.00001993,0.00004215
,0.00001965,-0.00002105,-0.00004168,0.00004365,0.00004713,-0.00000439,-0.0000080
2,-0.00004159,-0.00003792,-0.00001893,-0.00039823,0.00000982,-0.00022663,0.00003
711,0.00012091,-0.00016768,-0.00003751,-0.00002212,-0.00001034,-0.00113896,-0.00
043387,-0.00077607,-0.00003478,-0.00006421,0.00008885,-0.00006185,0.00000200,0.0
0000926,0.00003610,0.00000074,-0.00000879,-0.00000343,-0.00000614,0.00000196,0.0
0002563,0.00004312,0.00000048,0.00007357,0.00006707,-0.00013557,-0.00030614,-0.0
0035169,-0.00018507,0.00001849,-0.00006095,0.00014599,0.00002872,0.00001194,0.00
002001,-0.00006391,0.00002112,0.00001732,-0.00001650,-0.00001569,-0.00001685,0.0
0002372,-0.00000674,-0.00001487,0.00000328,0.00000101,0.00000257,0.00002033,-0.0
0003514,0.00004420,0.00000112,-0.00001501,0.00001649,-0.00097647,0.00123112,-0.0
0007770,-0.00032964,-0.00016884,-0.00044219,0.00011785,0.00035771,0.00024061,0.0
0001534,0.00002443,0.00018254,-0.00000414,-0.00003742,-0.00002627,0.00001542,-0.
00001021,-0.00000791,-0.00002134,-0.00001918,0.00001250,-0.00010941,0.00006706,-
0.00004111,0.00054872,0.00175403,0.00080162,0.00604946,-0.00312207,0.00100361,-0
.00015878,-0.00014076,-0.00043674,0.00461795,-0.00562435,0.00120051,-0.00546134,
-0.00696834,0.01163947,-0.07964196,-0.04714923,0.08814500,-0.00005051,0.00010078
,-0.00000142,-0.00001692,0.00000768,-0.00000204,0.00000312,0.00000373,-0.0000102
0,-0.00000833,0.00000496,0.00000131,-0.00001648,0.00000921,-0.00001890,0.0000754
5,-0.00005082,-0.00022409,-0.00137380,0.00077245,-0.00042276,-0.00036825,-0.0002
3159,0.00057019,-0.00167389,0.00151256,-0.00023899,0.08056170,-0.00006022,-0.000
12284,0.00010871,-0.00001260,-0.00001941,-0.00000593,-0.00001606,0.00003910,0.00
000068,0.00000549,-0.00001137,0.00002055,0.00001772,-0.00001501,0.00004611,0.000
01980,-0.00001598,0.00000321,0.00001050,-0.00001320,0.00000687,-0.00001495,0.000
03197,0.00002390,0.00000756,0.00000273,0.00000351,0.00007418,-0.00003409,0.00008
822,0.00001776,-0.00002163,-0.00002277,0.00001468,-0.00000754,-0.00000659,-0.000
08354,-0.00003957,-0.00020095,0.00000806,0.00000349,0.00001567,-0.00003200,0.000
00221,-0.00000172,-0.00043722,0.00047107,-0.00017499,-0.00000082,-0.00008308,0.0
0001992,-0.00002471,0.00000670,0.00001498,0.00005081,-0.00001706,-0.00001109,0.0
0000191,0.00000334,0.00000767,0.00000790,-0.00000199,-0.00000876,0.00002500,-0.0
0001395,0.00005861,0.00003464,0.00029708,0.00027103,0.00004028,0.00005529,0.0000
1666,0.00006198,-0.00003481,0.00002521,-0.00001560,-0.00001564,-0.00001418,-0.00
005931,-0.00004751,-0.00000449,0.00001511,-0.00001412,-0.00000343,0.00000200,-0.
00000248,0.00000006,0.00001765,-0.00000565,0.00001406,-0.00000423,-0.00000845,0.
00000831,0.00144080,0.00041362,-0.00109055,0.00007953,-0.00027002,0.00032092,-0.
00023877,-0.00029659,0.00007748,-0.00004481,-0.00003007,-0.00005405,0.00003138,0
.00002137,0.00001429,-0.00000550,0.00000647,0.00001678,-0.00000004,0.00005615,0.
00000903,-0.00002021,-0.00000615,0.00001491,0.00590535,0.00623016,-0.01017138,-0
.00331679,0.00039498,-0.00341664,0.00008260,-0.00011637,-0.00039829,-0.00554947,
-0.00279864,-0.00119630,-0.01200382,-0.01163948,0.02110674,-0.04645897,-0.082943
95,0.08447716,0.00011305,-0.00002043,0.00001538,-0.00000989,0.00000423,0.0000005
9,-0.00001020,0.00000008,0.00001496,-0.00000177,0.00000395,0.00000896,-0.0000052
6,0.00000050,0.00003107,0.00031447,0.00013812,-0.00080456,0.00079495,-0.00039052
,0.00017006,-0.00049426,-0.00059362,0.00107988,0.00120762,0.00008430,0.00099333,
0.05852833,0.09138612,0.00043326,-0.00003709,0.00055405,-0.00001282,-0.00002560,
-0.00001492,0.00012790,0.00002315,0.00002927,0.00005023,-0.00005267,0.00006581,0
.00001402,-0.00005549,0.00010261,0.00002995,0.00000758,0.00004430,0.00002060,0.0
0001118,0.00002699,-0.00005320,0.00001058,0.00001630,0.00000396,0.00001480,0.000
02298,-0.00006258,-0.00004312,-0.00002607,0.00002075,-0.00001772,0.00000905,-0.0
0008122,-0.00012892,0.00007293,-0.00003172,0.00035929,-0.00027846,0.00003235,0.0
0018025,-0.00014924,-0.00000879,-0.00002277,0.00000204,-0.00128952,-0.00043101,0
.00022123,0.00015676,0.00003635,-0.00015451,-0.00000636,-0.00000506,-0.00000738,
0.00015796,-0.00002886,0.00003774,-0.00000875,0.00000006,-0.00000755,0.00000381,
0.00001114,0.00002335,-0.00002837,0.00004203,-0.00001489,-0.00001559,0.00005169,
0.00013186,-0.00004161,0.00004425,-0.00000805,0.00009539,0.00000697,0.00014273,0
.00002463,0.00005369,0.00003872,-0.00004259,-0.00001353,-0.00004005,0.00002276,-
0.00001486,0.00000814,0.00001427,0.00000104,-0.00000393,0.00002655,-0.00003487,0
.00004034,0.00001290,-0.00003420,0.00001729,0.00063464,0.00071556,-0.00300228,-0
.00007137,0.00057152,0.00168191,-0.00003783,0.00017062,0.00018566,-0.00005660,0.
00001553,-0.00019837,-0.00000266,0.00000631,0.00001103,-0.00002056,0.00003262,0.
00009338,-0.00006962,0.00003891,0.00005030,-0.00008084,0.00003269,0.00006555,0.0
1022551,0.00785110,-0.02509643,0.00087180,-0.00361466,-0.00417331,-0.00041183,-0
.00054064,0.00026574,0.00106288,-0.00066679,0.00157198,0.00097219,0.00128325,-0.
00008413,0.08903898,0.08552519,-0.21645729,0.00016434,-0.00011900,0.00012463,0.0
0000325,0.00000688,0.00000400,-0.00000363,0.00001106,0.00000492,-0.00001255,0.00
001716,0.00001194,0.00001528,0.00003827,0.00002099,0.00064294,0.00056183,-0.0011
5175,-0.00035812,0.00014119,0.00006103,-0.00008193,-0.00012571,-0.00005728,-0.00
093851,-0.00035346,0.00075856,-0.10112505,-0.09151313,0.24440448,0.00226440,-0.0
0221018,0.00246015,-0.00060104,-0.00067913,0.00164462,-0.02421477,-0.00275379,0.
00145063,-0.15233713,-0.04356533,-0.03913282,0.00018267,0.00003798,-0.00009797,-
0.00034931,0.00075430,0.00042873,0.00005095,0.00007579,-0.00002494,0.00135690,-0
.00203909,-0.00143687,0.00016914,0.00011883,-0.00033430,-0.00144920,0.00109010,-
0.00959067,0.00078656,0.00103594,0.00120110,-0.00009164,0.00026687,0.00015992,-0
.00035080,0.00002514,-0.00001271,0.00084774,-0.00000755,-0.00067863,-0.00008366,
0.00005451,-0.00007295,0.00008347,0.00010057,0.00011162,0.00036938,0.00005755,0.
00022478,-0.00110200,-0.00008081,0.00017740,0.00080770,0.00218403,0.00036587,-0.
00046566,-0.00025079,0.00012871,0.00010404,0.00078027,-0.00076963,0.00005437,-0.
00030348,-0.00012354,0.00020432,-0.00011726,0.00002212,-0.00026918,0.00033990,-0
.00015941,-0.00024086,0.00064106,-0.00041764,-0.00001730,-0.00006372,0.00007133,
-0.00000770,-0.00004014,-0.00005314,0.00422249,-0.00578635,0.00502763,-0.0001309
0,-0.00026221,-0.00008346,-0.02904817,-0.00592076,-0.01155465,-0.01508664,-0.015
75196,-0.00689021,0.00015318,-0.00053887,0.00040785,0.00014079,0.00017735,-0.000
17798,0.00003724,0.00004113,-0.00000772,0.00000495,0.00000870,0.00001199,0.00000
731,-0.00000629,-0.00000468,0.00000168,0.00000185,-0.00000215,0.00000300,-0.0000
0174,0.00000411,0.00000905,0.00000980,-0.00002562,0.00003686,0.00000866,0.000014
02,0.00001947,0.00004457,0.00001140,-0.00000512,0.00002203,-0.00000126,0.0000086
4,0.00003659,0.00000758,0.00000894,0.00002598,0.00002073,0.00001231,-0.00000525,
0.00002197,0.00000108,-0.00000208,0.00000010,-0.00000763,0.00000338,-0.00000445,
-0.00000536,0.00000413,0.00000039,-0.00000512,-0.00000175,0.00000303,0.00000072,
-0.00002611,0.00000201,0.00003089,-0.00004399,-0.00001953,0.00003748,0.00002608,
-0.00003461,0.00000918,0.00000885,-0.00000598,0.00000431,0.00000023,-0.00001366,
0.00001096,-0.00000151,-0.00001354,0.46494083,0.00080705,0.00055996,-0.00321127,
-0.00036762,-0.00042549,0.00206674,-0.02397654,-0.01972754,0.00506597,-0.0270190
4,-0.08106150,-0.01932121,-0.00008435,0.00004158,0.00015684,0.00127466,-0.001745
72,-0.00007946,0.00000792,0.00025856,0.00017618,0.00173113,-0.00279464,-0.001721
69,-0.00005897,-0.00011265,-0.00048183,0.00405289,0.00318508,0.00161131,-0.00053
630,0.00094988,0.00096249,0.00083433,0.00006275,-0.00098014,-0.00032961,-0.00018
295,-0.00009814,0.00013730,-0.00088600,0.00070772,0.00010379,0.00003509,-0.00029
982,-0.00009681,0.00003630,-0.00010827,0.00001519,-0.00022682,-0.00005321,0.0007
5003,-0.00014198,-0.00028144,-0.00069696,0.00432129,0.00132284,-0.00030742,-0.00
020472,-0.00032950,-0.00041638,0.00068892,-0.00078722,-0.00055565,0.00050273,-0.
00023102,0.00018524,0.00005127,0.00010080,-0.00042095,-0.00022460,-0.00011239,0.
00320093,-0.00252357,0.00085485,0.00118507,-0.00010473,-0.00008816,-0.00013318,0
.00024458,-0.00005691,0.00686278,0.00301575,0.00161371,-0.00009005,-0.00019551,-
0.00003612,0.01255469,0.00379520,0.00595411,-0.02987992,-0.01917580,-0.01709540,
-0.00106544,0.00003794,-0.00037982,0.00023944,0.00001601,0.00007055,0.00009026,0
.00004711,0.00001248,0.00001609,-0.00001105,-0.00002310,0.00001094,-0.00000615,0
.00000294,0.00000636,-0.00000052,0.00000003,-0.00000292,0.00000226,0.00003099,-0
.00002367,0.00002050,-0.00001124,0.00006641,0.00002218,-0.00000096,-0.00004230,-
0.00001747,0.00002061,-0.00003910,-0.00001424,0.00003591,-0.00001526,0.00001098,
0.00000350,-0.00001162,0.00000426,0.00000480,0.00001351,0.00000495,-0.00003156,0
.00000240,0.00000207,0.00001329,0.00002659,-0.00001206,0.00001319,0.00002625,-0.
00001567,-0.00000176,0.00000616,-0.00001244,-0.00001448,-0.00005483,0.00004048,0
.00005201,-0.00006638,-0.00001705,0.00002506,0.00004383,0.00002626,-0.00004130,0
.00003530,0.00004309,0.00000883,0.00001414,0.00002311,0.00001698,0.00000004,0.00
000054,-0.00002819,-0.04030112,0.34015322,0.00010951,-0.00317959,0.00216345,-0.0
0021577,-0.00085090,-0.00138199,0.01032636,-0.00553299,-0.02297400,-0.05234417,-
0.03380060,-0.09551583,0.00000014,-0.00006559,-0.00018619,0.00026728,-0.00015246
,-0.00030492,-0.00011119,-0.00028311,-0.00011925,-0.00182441,0.00178136,0.001988
97,0.00009324,0.00042247,0.00029478,-0.03129633,-0.00661500,-0.03013994,0.000591
08,-0.00112044,-0.00095999,-0.00108323,-0.00004626,0.00034759,-0.00089578,0.0016
0289,-0.00074407,0.00110077,0.00145274,-0.00463460,-0.00003596,-0.00005160,0.000
36275,0.00031976,0.00038604,0.00008004,0.00007875,0.00020264,0.00007736,0.000230
29,0.00018618,-0.00010229,0.00125574,-0.00042941,-0.00066137,0.00153038,0.000362
45,-0.00085076,0.00070203,-0.00012664,0.00331091,0.00030677,-0.00048346,0.000089
65,-0.00006865,0.00006733,-0.00005081,0.00051568,-0.00037790,-0.00041154,-0.0010
7179,0.00098678,-0.00048908,-0.00072832,0.00025587,0.00028617,0.00008953,-0.0002
7010,0.00004450,-0.00276216,0.00575654,0.00343133,0.00014734,0.00052441,0.000326
24,0.00447120,0.00320646,0.00294589,-0.00381107,-0.00550734,0.00066043,0.0009297
5,-0.00017394,-0.00001515,-0.00025314,0.00005143,0.00007882,-0.00004570,-0.00002
472,0.00002963,-0.00001350,0.00001092,0.00001156,-0.00000041,0.00000360,0.000018
39,0.00001287,-0.00000899,-0.00000127,-0.00000709,-0.00000564,-0.00003403,-0.000
01904,-0.00000236,0.00001011,-0.00000759,-0.00001177,0.00003903,0.00002147,-0.00
005166,-0.00002661,0.00003727,0.00001904,-0.00006741,0.00001418,0.00003566,0.000
01142,-0.00000193,-0.00000397,0.00003198,-0.00000903,0.00001409,-0.00000840,0.00
000886,-0.00000234,0.00000299,-0.00001393,0.00000819,-0.00000635,-0.00001578,0.0
0001235,0.00000514,-0.00000468,0.00001361,0.00001619,0.00004006,-0.00001753,-0.0
0004770,0.00004782,0.00003134,-0.00001210,-0.00003172,-0.00002579,0.00003023,-0.
00001759,-0.00002633,-0.00000577,-0.00000020,-0.00000611,-0.00000940,0.00001875,
0.00000455,0.00003775,0.02586995,0.05813757,0.49149611,0.00005933,0.00005485,0.0
0027622,0.00041897,0.00032384,0.00032197,0.00170614,-0.00251450,0.00065566,-0.03
175650,0.01554323,-0.00007464,0.00002124,0.00005821,-0.00004462,-0.00005425,0.00
015831,0.00013423,-0.00000203,0.00002918,0.00003699,0.00079182,-0.00092172,-0.00
062321,-0.00014529,-0.00014204,-0.00021363,0.00059638,0.00012046,0.00084296,0.00
027450,0.00051387,0.00000664,-0.00020411,-0.00012862,0.00003857,0.00004138,-0.00
012383,0.00003581,0.00018586,0.00020719,-0.00047770,0.00002110,0.00003977,-0.000
02129,-0.00002975,0.00001963,-0.00001895,0.00002271,0.00001752,0.00004239,-0.000
20041,-0.00021686,0.00002396,-0.00027121,0.00035876,-0.00094581,0.00002643,0.000
13387,0.00001248,-0.00035880,0.00048687,0.00052017,-0.00018589,-0.00004780,0.000
04101,0.00009333,0.00004803,0.00010329,-0.00040996,0.00010986,-0.00024260,0.0002
1123,-0.00032233,0.00010688,0.00006673,0.00016418,-0.00021587,-0.00000799,0.0000
5026,0.00002529,-0.00091988,-0.00004190,0.00106817,-0.00005504,-0.00007212,-0.00
001282,-0.00534489,-0.00042053,-0.00276212,0.00104170,0.00219369,0.00061253,-0.0
0019404,-0.00002631,-0.00011938,0.00004240,-0.00001812,0.00008056,0.00004048,-0.
00000668,0.00000457,0.00001574,-0.00001101,-0.00000569,-0.00000662,-0.00000471,-
0.00001057,-0.00001940,0.00001224,0.00000117,0.00000364,0.00000194,0.00002209,0.
00000741,-0.00000480,-0.00000412,0.00005456,-0.00000269,0.00001133,0.00002380,0.
00001864,-0.00000122,-0.00001766,-0.00001339,0.00001895,-0.00000790,-0.00001794,
-0.00002172,0.00000967,0.00001791,-0.00001005,0.00000784,0.00001101,0.00001671,-
0.00000256,0.00000267,-0.00000067,0.00000255,-0.00000020,0.00000774,0.00000754,-
0.00000517,0.00000056,-0.00000223,-0.00000058,-0.00000468,-0.00000312,0.00000420
,0.00000854,-0.00000498,-0.00000537,0.00000415,0.00000018,0.00000415,-0.00000964
,0.00000307,0.00000988,0.00000453,-0.00000439,-0.00000181,0.00000610,-0.00000266
,-0.00000056,-0.00001132,-0.13345828,0.05463845,0.00744460,0.47376285,-0.0002464
1,0.00010908,-0.00034019,-0.00048277,-0.00110873,-0.00020798,0.00281758,-0.00787
170,0.00320588,-0.00612789,0.00305995,0.00161148,-0.00004066,-0.00004419,0.00003
252,0.00025292,-0.00015867,-0.00027240,0.00015770,-0.00010775,0.00002831,-0.0007
6858,0.00058724,0.00067289,0.00008971,0.00041117,0.00015824,-0.00095480,-0.00044
382,-0.00031185,0.00011072,-0.00049565,-0.00045601,0.00053977,-0.00020977,-0.000
02023,-0.00001351,-0.00010079,-0.00005339,-0.00011609,0.00000707,-0.00040411,0.0
0002568,-0.00002078,-0.00007807,0.00003188,-0.00001679,0.00002370,-0.00003122,-0
.00000624,0.00000427,0.00028803,0.00009390,0.00046854,0.00093121,-0.00074346,0.0
0277769,0.00000553,-0.00015674,-0.00020701,-0.00011418,-0.00022913,-0.00068655,-
0.00017203,0.00005453,-0.00003983,-0.00016008,0.00007958,-0.00012538,-0.00019522
,0.00035740,0.00001620,-0.00003806,0.00046335,0.00022394,0.00021216,-0.00023765,
0.00023659,-0.00000819,0.00004179,-0.00002515,0.00007072,0.00004827,-0.00007736,
0.00005912,0.00001067,0.00005660,-0.00249514,0.00012151,-0.00067053,-0.00251363,
0.00227144,-0.00095223,0.00042975,-0.00004598,0.00032204,-0.00014469,0.00008306,
-0.00009979,-0.00009376,0.00000073,-0.00002380,0.00000547,0.00001622,0.00005100,
0.00002034,-0.00000204,-0.00000676,0.00000853,-0.00000639,-0.00000587,0.00001036
,-0.00000488,-0.00001346,-0.00002098,-0.00000104,-0.00006832,-0.00013203,-0.0000
0694,-0.00006148,-0.00001493,0.00003690,-0.00006834,0.00003109,0.00002440,-0.000
01092,0.00001955,0.00001222,-0.00001398,0.00001851,0.00003280,0.00001602,-0.0000
3119,-0.00000411,0.00006480,-0.00000227,0.00000241,0.00000358,-0.00000774,0.0000
0738,-0.00000623,-0.00000539,0.00000719,-0.00000104,-0.00000430,0.00000812,0.000
00468,-0.00000788,-0.00000477,-0.00000531,0.00000585,-0.00000386,-0.00000295,-0.
00001429,-0.00000794,0.00001979,-0.00001503,-0.00001819,-0.00000157,-0.00000322,
-0.00001121,-0.00001083,0.00000160,-0.00000402,0.00000895,0.07869522,-0.12406595
,-0.01923257,0.03626422,0.44161866,0.00045173,0.00007637,0.00025341,0.00006291,0
.00002098,-0.00005709,-0.00019125,0.00447350,0.00025102,-0.01099031,0.00913565,0
.00132142,0.00007075,-0.00001438,-0.00004411,0.00002590,0.00007353,-0.00004283,-
0.00003206,0.00003281,0.00001650,0.00006238,0.00066592,0.00034728,-0.00001587,0.
00001801,-0.00002071,-0.00038462,0.00004892,-0.00026704,0.00033060,-0.00057870,0
.00008519,-0.00031685,0.00018650,-0.00005562,-0.00019517,0.00016079,-0.00016311,
0.00003406,0.00000883,-0.00005168,-0.00004825,0.00003599,-0.00001322,-0.00000204
,0.00001138,0.00000767,0.00001647,0.00003850,0.00002783,-0.00108464,0.00041858,0
.00011249,0.00028711,-0.00010061,-0.00130874,0.00000911,-0.00005595,0.00002285,-
0.00013949,0.00046726,0.00015076,-0.00002263,-0.00002617,0.00001215,0.00006546,-
0.00003630,0.00000072,-0.00000223,0.00005691,-0.00001971,-0.00020654,-0.00013229
,-0.00001480,-0.00011942,0.00004285,-0.00022251,0.00003550,-0.00002905,-0.000002
74,0.00023464,-0.00013376,-0.00039920,-0.00002350,-0.00000476,0.00000388,-0.0026
0016,-0.00051421,-0.00098976,0.00064620,-0.00038305,0.00069317,0.00005173,-0.000
02843,0.00013989,0.00000629,0.00000681,-0.00007004,0.00000794,-0.00000657,-0.000
01288,0.00000146,0.00000306,0.00000464,-0.00000203,0.00000538,-0.00000334,-0.000
00394,0.00000567,0.00000043,0.00000363,-0.00000740,-0.00000196,0.00000207,-0.000
00017,-0.00000391,0.00000701,0.00000842,0.00000168,0.00000058,0.00000921,0.00000
303,0.00000025,0.00000672,0.00000695,-0.00000795,0.00000046,0.00000512,0.0000016
4,0.00000130,0.00000534,0.00000275,-0.00000446,0.00000956,-0.00000205,0.00000089
,-0.00000380,-0.00000236,0.00000240,-0.00000232,-0.00000369,0.00000383,-0.000003
65,-0.00000522,0.00000696,0.00000162,0.00000378,-0.00000158,-0.00000398,0.000007
99,-0.00000688,-0.00000963,0.00000583,0.00000295,-0.00000824,0.00000057,0.000003
43,0.00000089,-0.00000346,-0.00000317,-0.00000433,0.00000146,0.00000451,-0.00000
429,-0.00196185,-0.00754095,-0.07107589,0.00629093,0.01859209,0.52519345,-0.0000
8895,-0.00033830,0.00098061,-0.00012588,-0.00026027,0.00016999,0.00001862,0.0007
1096,0.00136962,0.00057416,-0.00287140,-0.02515542,-0.00015056,-0.00003709,-0.00
011853,0.00057414,0.00191738,-0.00122763,-0.00000799,-0.00003334,-0.00000527,-0.
00011495,0.00007355,0.00011739,0.00004547,0.00013168,-0.00005479,-0.00331112,-0.
00154260,-0.00345001,0.00025289,-0.00013695,-0.00007102,0.00000510,0.00002154,0.
00003508,-0.00025324,0.00031409,-0.00013747,0.00034651,0.00022755,-0.00098257,-0
.00002527,0.00001793,0.00001106,0.00005553,0.00007253,0.00001326,0.00004014,0.00
000884,0.00000187,-0.00043784,0.00013578,0.00016008,-0.00020091,-0.00023064,0.00
008956,-0.00007198,-0.00004602,-0.00002083,-0.00003196,0.00007387,-0.00031483,0.
00005669,0.00006102,0.00001124,-0.00012017,-0.00000751,-0.00012150,-0.00006290,-
0.00014780,0.00013062,0.00038022,-0.00070549,0.00098334,-0.00001480,0.00005768,0
.00004412,-0.00001740,-0.00001294,0.00003730,-0.00002702,-0.00046544,-0.00006461
,0.00000538,-0.00002890,-0.00001554,0.00078421,-0.00105260,-0.00306514,-0.000244
80,-0.00023814,-0.00055524,0.00034110,-0.00006272,-0.00006753,-0.00014358,0.0000
5364,0.00005925,-0.00004456,-0.00000420,-0.00000462,-0.00000392,0.00001298,0.000
02749,0.00000796,-0.00000126,0.00000032,0.00000380,-0.00000406,-0.00000707,-0.00
000198,0.00000315,-0.00000372,-0.00004839,0.00000372,-0.00003505,-0.00004768,0.0
0000158,-0.00000662,-0.00000028,-0.00003143,-0.00005803,0.00000922,0.00001389,-0
.00001446,0.00000515,0.00001746,-0.00000188,0.00000169,0.00001576,0.00001812,-0.
00002192,0.00001319,0.00002403,0.00000473,-0.00000090,0.00000327,-0.00000346,0.0
0000430,-0.00000312,-0.00000172,0.00000417,0.00000004,-0.00000724,0.00001122,0.0
0000696,0.00000377,0.00001219,-0.00001437,-0.00001198,0.00001672,0.00000165,-0.0
0001462,-0.00001308,0.00000951,-0.00000491,-0.00000422,-0.00000102,0.00000004,-0
.00000094,-0.00000333,0.00000458,-0.00000072,0.00001256,-0.07784598,0.00597588,0
.02589070,-0.01029328,0.00764328,0.02744855,0.54069708,0.00000578,0.00039767,-0.
00058005,0.00001443,0.00021374,0.00032719,0.00033688,0.00313070,0.00339337,0.000
39596,-0.00314907,-0.01354924,0.00017148,0.00005190,0.00012524,0.00098814,-0.002
97703,0.00216087,0.00001635,-0.00000870,0.00007141,0.00026332,-0.00025169,-0.000
20379,0.00001573,-0.00007437,-0.00016719,0.00008843,-0.00042047,-0.00018963,-0.0
0009903,0.00009331,0.00007163,0.00007451,0.00012255,-0.00009203,-0.00015075,0.00
008554,-0.00009651,0.00013235,-0.00002920,-0.00036964,-0.00000985,0.00000336,-0.
00005354,-0.00000705,0.00004423,0.00000093,0.00000318,-0.00002862,0.00001787,0.0
0002746,-0.00001301,0.00003131,-0.00054326,-0.00028168,0.00027649,-0.00016745,0.
00000453,0.00009922,-0.00034670,-0.00027660,-0.00049311,-0.00013036,-0.00001133,
0.00018754,0.00014641,-0.00004045,0.00018926,-0.00008560,-0.00011778,0.00008474,
-0.00046853,-0.00072870,-0.00077468,0.00038372,-0.00020654,0.00018870,0.00002493
,0.00004888,0.00000601,-0.00058533,-0.00129876,0.00020729,-0.00001061,-0.0000826
5,-0.00006196,0.00099237,0.00064264,0.00088358,-0.00081316,-0.00028808,-0.000900
84,-0.00006903,-0.00001819,0.00008845,0.00003383,0.00002285,-0.00003492,0.000002
62,0.00000202,-0.00000653,-0.00000359,0.00000033,-0.00000554,-0.00000178,0.00000
155,0.00000319,0.00000200,-0.00000055,0.00000359,-0.00000076,-0.00000148,-0.0000
0300,0.00003298,-0.00000310,0.00002377,0.00000013,-0.00000345,-0.00000062,-0.000
01646,0.00002769,0.00003235,0.00001039,0.00000844,-0.00001217,0.00000418,0.00000
619,0.00000572,0.00000109,-0.00000368,0.00000114,0.00000250,-0.00000079,-0.00000
919,-0.00000257,-0.00000091,-0.00000726,-0.00000645,0.00000202,-0.00000424,-0.00
000717,0.00000377,0.00000212,0.00000421,-0.00000499,0.00000053,-0.00000604,-0.00
001097,0.00000242,0.00001519,-0.00001786,-0.00000364,0.00000352,0.00000426,0.000
00450,-0.00000605,-0.00001244,-0.00000708,-0.00000057,-0.00000415,-0.00000908,0.
00000218,-0.00000059,-0.00000563,-0.00085650,-0.06221321,0.00118671,0.00871708,-
0.00833116,-0.02097610,-0.00690995,0.50123963,0.00088833,-0.00052223,0.00041698,
0.00017679,0.00052019,0.00078329,-0.00058772,-0.00117141,-0.00222279,-0.00266106
,-0.00348713,-0.02418854,0.00005364,0.00002851,-0.00001942,-0.00073659,0.0010110
8,-0.00053553,0.00006201,0.00011496,-0.00002283,0.00059121,-0.00001521,-0.000443
08,-0.00003121,-0.00010594,-0.00032362,-0.00323348,-0.00125064,-0.00183904,-0.00
016658,-0.00005095,0.00023951,-0.00008030,0.00026505,-0.00002496,-0.00026912,0.0
0026206,-0.00009705,0.00022219,0.00016730,-0.00055964,-0.00003083,-0.00004208,0.
00002452,0.00003390,0.00007998,-0.00002017,0.00002935,0.00007751,-0.00003945,0.0
0040228,-0.00007469,-0.00046819,-0.00037594,-0.00010819,0.00002958,0.00015193,0.
00025114,-0.00005104,0.00008925,-0.00008232,-0.00047433,0.00005915,-0.00009625,-
0.00009678,0.00018016,-0.00017111,0.00019500,0.00034436,-0.00005320,-0.00020527,
0.00038895,0.00066720,-0.00035854,-0.00024351,-0.00026348,-0.00031223,-0.0000094
5,0.00000793,-0.00002350,0.00023118,0.00052876,0.00033918,-0.00002030,0.00001757
,-0.00002974,0.00139849,-0.00002054,0.00036609,0.00036732,0.00043843,0.00085844,
-0.00033614,0.00001194,-0.00001124,0.00014877,-0.00005718,-0.00000273,0.00007583
,-0.00000362,0.00001541,-0.00000787,-0.00000794,-0.00004113,-0.00001090,-0.00000
044,0.00000235,0.00000048,0.00000388,0.00000342,-0.00000092,0.00000519,0.0000060
8,0.00002083,0.00000031,0.00003426,0.00010106,-0.00000614,0.00004743,0.00001793,
-0.00001994,0.00004465,-0.00002294,-0.00000791,0.00000267,-0.00000833,0.00000586
,0.00001721,-0.00000878,-0.00002035,-0.00000798,0.00001810,-0.00000361,-0.000046
38,-0.00000177,0.00000079,-0.00000403,0.00000906,-0.00000504,0.00000331,0.000009
68,-0.00000658,-0.00000470,0.00000353,-0.00000842,-0.00001894,-0.00000857,0.0000
0330,0.00000705,0.00000268,-0.00000667,-0.00000768,0.00001145,0.00001771,-0.0000
2237,0.00000555,0.00002034,0.00000077,-0.00000171,0.00001316,0.00000860,-0.00000
594,-0.00000002,-0.00000190,0.02234230,-0.02305789,-0.20335098,0.00706656,-0.001
64290,-0.01382460,0.01544487,0.01665644,0.44182789,0.00018318,-0.00002753,-0.000
12488,0.00010565,0.00033628,-0.00015114,-0.00060706,0.00013023,0.00094060,0.0019
1718,0.00257088,0.00044666,0.00003190,0.00002213,-0.00000066,-0.00004991,-0.0000
1701,-0.00001851,0.00001216,0.00001782,0.00000501,0.00016184,0.00029335,-0.00012
454,-0.00007440,-0.00019525,-0.00004556,-0.00013607,-0.00020312,-0.00002950,-0.0
0003917,-0.00011991,0.00006188,0.00007408,0.00005051,-0.00001312,0.00000815,-0.0
0002563,-0.00000223,-0.00007395,-0.00003065,-0.00000455,0.00001560,-0.00001192,-
0.00002044,0.00000843,-0.00000727,-0.00000144,0.00001043,0.00000735,-0.00000334,
0.00003368,-0.00002625,-0.00012273,0.00002447,-0.00014815,0.00038715,-0.00004007
,0.00001283,0.00006539,-0.00010100,-0.00040913,-0.00015486,-0.00004095,-0.000015
22,-0.00001655,0.00001121,0.00003920,0.00004131,0.00002008,0.00000739,0.00001657
,-0.00012183,0.00017313,0.00001244,0.00001793,-0.00008961,0.00002655,-0.00000408
,0.00001399,-0.00000496,0.00018522,-0.00030696,-0.00002319,0.00000307,-0.0000062
9,-0.00000410,0.00023260,-0.00012980,0.00008867,0.00012867,-0.00083246,0.0001830
6,-0.00010973,0.00000059,0.00000394,0.00004048,-0.00000789,-0.00001271,0.0000151
0,0.00000460,0.00000684,0.00000134,-0.00000256,-0.00000946,0.00000286,-0.0000016
2,0.00000205,0.00000185,-0.00000074,-0.00000111,-0.00000094,-0.00000054,0.000001
99,0.00000621,0.00000082,0.00001138,0.00001636,-0.00000239,0.00000382,0.00000353
,0.00000253,0.00001815,-0.00000018,-0.00000443,-0.00000198,-0.00000035,0.0000004
4,-0.00000022,-0.00000287,-0.00000382,0.00000150,0.00000597,-0.00000261,-0.00000
536,0.00000126,0.00000108,0.00000645,0.00000771,-0.00000390,0.00000328,0.0000066
1,-0.00000443,-0.00000141,0.00000417,-0.00000563,-0.00000842,-0.00000685,0.00000
010,-0.00000282,0.00000435,-0.00000291,-0.00000882,0.00000577,0.00000752,-0.0000
0644,0.00000502,0.00000636,0.00000010,0.00000260,0.00000550,0.00000583,-0.000003
07,-0.00000211,0.00000429,-0.00081245,0.02476708,-0.01015763,-0.05662300,-0.0381
3813,0.02357878,0.00064092,0.00172091,-0.00229311,0.06229055,0.00030983,0.000171
78,-0.00040601,0.00030715,0.00047270,-0.00000013,0.00106714,-0.00168668,0.000123
39,-0.00095296,0.00059284,-0.00056979,-0.00000423,-0.00002491,0.00001506,0.00002
103,-0.00005490,0.00015363,0.00006765,0.00012056,0.00002736,0.00049536,0.0000086
7,-0.00028239,-0.00014393,-0.00024218,-0.00010235,0.00002806,0.00006321,0.000141
55,-0.00044354,0.00001916,0.00008215,0.00003949,0.00016409,-0.00010565,-0.000051
87,-0.00004587,-0.00000947,0.00003752,-0.00001943,-0.00008428,0.00001805,-0.0000
0119,-0.00005841,-0.00001680,0.00002417,-0.00004679,0.00001346,-0.00002265,-0.00
002260,0.00049085,-0.00013592,-0.00028742,-0.00038375,0.00038605,0.00030047,0.00
004441,0.00011855,0.00008970,-0.00025468,-0.00025587,-0.00016316,-0.00015563,0.0
0001385,-0.00004063,0.00009770,0.00004275,0.00007475,-0.00004911,0.00003068,-0.0
0004843,0.00011179,-0.00018810,0.00002466,0.00018263,-0.00013201,-0.00006103,-0.
00000881,0.00003230,-0.00002683,-0.00024357,0.00020108,0.00008124,-0.00000482,-0
.00000459,-0.00000985,-0.00045098,0.00020985,-0.00002433,0.00064409,0.00073745,0
.00033534,-0.00033778,0.00000281,-0.00005703,0.00012424,-0.00002525,0.00000107,0
.00005772,0.00000779,0.00000920,0.00000835,-0.00001078,-0.00002577,-0.00000715,-
0.00000016,-0.00000287,-0.00000513,0.00000704,0.00000626,0.00000223,-0.00000131,
0.00001540,0.00000520,0.00000234,0.00000973,0.00005760,0.00000133,0.00001093,0.0
0001344,-0.00000268,0.00002224,-0.00001903,-0.00001124,0.00001713,-0.00001426,-0
.00000651,0.00000089,-0.00000323,-0.00000379,-0.00001431,0.00001605,0.00000446,-
0.00001573,-0.00000254,0.00000317,0.00000228,0.00001152,-0.00000521,0.00000793,0
.00001127,-0.00000743,-0.00000126,0.00000191,-0.00000515,-0.00000634,-0.00001069
,0.00000797,0.00001889,-0.00001644,-0.00000682,0.00000477,0.00001345,0.00001196,
-0.00001771,0.00001219,0.00002121,0.00000202,0.00000175,0.00001109,0.00001112,-0
.00000747,-0.00000262,-0.00001073,0.01314357,-0.03686488,0.00992033,-0.04220928,
-0.17653014,0.08635892,-0.00070098,0.00067031,0.00208201,0.03702386,0.22159489,-
0.00019660,-0.00024225,0.00017280,-0.00012334,-0.00016863,-0.00002585,0.00010490
,0.00104168,0.00034084,0.00084361,0.00077084,0.00029431,-0.00002082,0.00001008,-
0.00000069,0.00002835,-0.00001544,-0.00002588,-0.00005177,-0.00005254,-0.0000211
1,-0.00033808,-0.00007395,0.00020417,0.00005650,0.00007528,0.00006145,0.00027701
,0.00005644,-0.00020541,0.00002504,-0.00002940,-0.00008338,-0.00014864,-0.000110
18,0.00010953,0.00003412,0.00007946,-0.00000514,0.00000111,0.00004997,0.00006604
,-0.00002687,-0.00000692,0.00005438,-0.00000842,-0.00002458,0.00002299,-0.000032
35,0.00001316,0.00000943,-0.00024110,0.00014832,0.00009545,0.00016186,0.00038519
,-0.00065135,-0.00002024,-0.00003427,-0.00004264,0.00012734,0.00011402,-0.000050
92,0.00009430,-0.00004233,0.00000302,-0.00007728,-0.00001115,-0.00002753,0.00003
346,-0.00001082,0.00001798,0.00002085,0.00006147,-0.00001970,-0.00008005,0.00005
183,0.00005739,0.00000251,-0.00002065,0.00000531,0.00004520,0.00003465,-0.000051
59,0.00000709,0.00001852,-0.00000221,0.00010746,-0.00021252,-0.00001202,-0.00084
498,-0.00046536,-0.00007659,0.00020891,0.00001365,0.00003845,-0.00007241,0.00001
452,-0.00000493,-0.00003660,-0.00000803,-0.00000593,-0.00000226,0.00000243,0.000
01349,-0.00000160,0.00000059,-0.00000356,-0.00000014,-0.00000173,0.00000041,0.00
000155,0.00000173,-0.00000815,-0.00000181,-0.00000378,-0.00001013,-0.00003781,-0
.00000121,-0.00001003,-0.00000576,0.00000380,-0.00001737,0.00000836,0.00000433,-
0.00000503,0.00000910,-0.00000075,0.00000146,0.00000329,0.00000029,0.00000308,-0
.00001188,-0.00000052,0.00000904,-0.00000046,-0.00000228,-0.00000530,-0.00000839
,0.00000290,-0.00000576,-0.00000793,0.00000396,-0.00000041,-0.00000255,0.0000038
5,0.00000512,0.00000779,-0.00000372,-0.00000787,0.00000597,0.00000346,0.00000017
,-0.00001017,-0.00000870,0.00001220,-0.00000954,-0.00001430,-0.00000154,-0.00000
193,-0.00000824,-0.00000778,0.00000519,0.00000013,0.00000525,-0.00447670,0.00436
567,-0.00061721,0.02485739,0.08422128,-0.10088290,0.00047620,-0.00402553,0.00275
221,-0.02764887,-0.10439106,0.11347483,0.00023023,-0.00043624,0.00038374,0.00004
992,0.00003593,-0.00011048,0.00077073,0.00026286,0.00061232,0.00029407,0.0002427
1,0.00108111,0.00004377,0.00000733,-0.00000994,-0.00001382,-0.00007922,-0.000011
39,-0.00001964,-0.00003698,-0.00000929,-0.00000546,-0.00063659,-0.00001649,-0.00
003485,-0.00002243,0.00002435,-0.00032358,0.00025556,-0.00015518,-0.00038422,0.0
0054048,-0.00010934,-0.00012989,0.00011252,-0.00015771,0.00003619,0.00003645,-0.
00000740,-0.00037442,0.00009517,-0.00005651,-0.00001458,-0.00001159,0.00007426,0
.00000011,-0.00000343,0.00006709,-0.00002246,0.00001620,0.00002662,0.00094999,-0
.00024410,0.00012442,0.00030581,0.00048146,-0.00051716,-0.00004254,-0.00006656,0
.00005352,-0.00011510,-0.00003936,-0.00015519,0.00003646,-0.00010967,0.00004213,
0.00008743,-0.00009346,0.00004739,0.00005626,0.00000906,-0.00010460,-0.00002640,
-0.00000522,-0.00016739,-0.00003608,-0.00006657,-0.00008032,0.00002532,-0.000044
73,-0.00000955,-0.00007513,0.00015097,0.00008198,-0.00002027,-0.00000593,0.00001
160,0.00037928,-0.00006940,0.00015787,-0.00075546,-0.00023737,0.00049091,-0.0000
4823,0.00003177,-0.00000566,0.00005095,-0.00004927,0.00001770,0.00001355,-0.0000
0564,0.00000822,0.00000412,-0.00000530,-0.00000754,0.00000367,-0.00000118,-0.000
00033,0.00000143,-0.00000145,-0.00000338,-0.00000162,0.00000313,0.00000310,0.000
01348,-0.00000450,0.00000850,0.00003362,-0.00000298,0.00001001,0.00001064,0.0000
0710,0.00002102,-0.00000465,-0.00000947,0.00000788,-0.00000097,-0.00000682,0.000
00084,-0.00000135,-0.00000780,-0.00000645,0.00001119,-0.00000436,-0.00000707,-0.
00000155,0.00000137,-0.00000141,0.00000485,-0.00000245,-0.00000016,0.00000461,-0
.00000295,-0.00000253,0.00000403,-0.00000401,-0.00000792,-0.00000387,0.00000115,
0.00000297,0.00000883,-0.00000152,-0.00000156,0.00000346,0.00000520,-0.00000181,
0.00000049,0.00000224,0.00000070,-0.00000013,0.00000108,-0.00000030,0.00000236,0
.00000231,-0.00000119,-0.00556685,0.00764515,0.02256730,-0.04520121,0.00304228,0
.01620710,-0.00400188,0.00350100,0.00156122,0.00046780,-0.00006161,0.00898067,0.
05148594,-0.00104070,0.00020853,-0.00058514,-0.00003251,-0.00023544,-0.00012789,
0.00066139,-0.00453956,-0.00094134,-0.00075774,0.00081443,0.00006746,-0.00009597
,0.00000173,0.00003964,-0.00001115,0.00007262,0.00004353,0.00005062,0.00009374,0
.00001306,-0.00062973,-0.00084967,0.00025464,0.00006233,0.00021351,0.00017604,0.
00067223,0.00017259,-0.00031825,-0.00039244,0.00058502,-0.00019967,0.00025405,-0
.00034320,0.00031484,-0.00002427,-0.00000987,-0.00006589,0.00010942,-0.00007649,
0.00007804,0.00002207,-0.00003233,-0.00002404,-0.00006319,-0.00002091,-0.0000691
0,-0.00007660,-0.00005148,-0.00003253,0.00070330,-0.00073303,0.00089163,0.000144
90,-0.00008613,0.00121469,0.00000154,-0.00006131,0.00000641,0.00004702,0.0002660
8,0.00030186,-0.00003416,0.00004639,-0.00006572,-0.00013976,0.00009888,-0.000040
98,-0.00011402,-0.00001544,0.00005858,0.00014684,0.00012079,0.00016356,0.0001021
8,0.00007211,0.00022180,-0.00003204,0.00006563,-0.00000575,-0.00011974,-0.000191
64,0.00002892,0.00004834,0.00004693,0.00001509,-0.00031691,-0.00010119,-0.000105
10,-0.00025187,-0.00000833,0.00021052,0.00012326,0.00004146,0.00002304,-0.000079
14,0.00002784,-0.00000576,-0.00002555,-0.00000720,-0.00000524,-0.00000744,0.0000
0604,0.00000755,-0.00000373,0.00000235,-0.00000053,-0.00000028,0.00000119,0.0000
0336,0.00000429,-0.00000277,-0.00000660,-0.00001308,0.00000446,-0.00000945,-0.00
005059,0.00000450,-0.00000926,-0.00001560,-0.00000700,-0.00002252,0.00000586,0.0
0000751,-0.00000525,0.00000191,0.00000170,0.00000168,0.00000481,0.00000446,0.000
00334,-0.00001472,0.00000110,0.00000185,0.00000121,-0.00000105,-0.00000122,-0.00
000539,0.00000319,-0.00000084,-0.00000481,0.00000342,0.00000245,-0.00000343,0.00
000505,0.00000847,0.00000610,-0.00000356,-0.00000452,-0.00000817,0.00000332,-0.0
0000100,-0.00000681,-0.00000591,0.00000531,-0.00000583,-0.00000529,-0.00000018,-
0.00000273,-0.00000304,-0.00000356,-0.00000234,0.00000077,0.00000203,0.00398313,
-0.00703242,-0.02033389,0.00471632,-0.05290109,-0.05104458,0.00371876,-0.0022106
9,-0.00067652,-0.00280126,0.00370025,0.02519703,-0.00903744,0.06497062,0.0003814
0,0.00010027,-0.00021499,-0.00006796,-0.00011412,-0.00005379,0.00004252,-0.00143
251,-0.00095137,-0.00065274,0.00035296,0.00063280,0.00002736,-0.00003550,-0.0000
1544,-0.00003922,0.00002854,-0.00007309,0.00013615,0.00007442,-0.00000065,-0.000
28033,-0.00003169,0.00039538,0.00006609,0.00006996,0.00010737,-0.00032763,0.0000
8338,0.00034389,-0.00033828,0.00003751,-0.00008185,-0.00022976,0.00010595,-0.000
20760,-0.00010830,0.00012319,-0.00010295,-0.00005324,-0.00012193,0.00000810,0.00
001426,0.00001768,-0.00003274,-0.00000812,0.00001150,-0.00002503,0.00001439,-0.0
0000426,-0.00000410,0.00023080,0.00082000,-0.00027938,-0.00040674,0.00094601,-0.
00125435,0.00003358,-0.00001268,0.00000957,0.00022841,-0.00011563,0.00025938,0.0
0003618,0.00015798,0.00004182,-0.00010232,0.00001908,0.00003925,0.00005111,0.000
01673,0.00015129,-0.00017939,0.00006895,0.00003807,-0.00008572,0.00006592,0.0000
7795,0.00002259,0.00003144,-0.00004760,-0.00005926,-0.00028858,-0.00011228,0.000
04537,-0.00000542,0.00000046,-0.00026861,0.00022503,-0.00008387,0.00013943,0.000
24088,-0.00007051,-0.00002668,-0.00005070,-0.00002319,-0.00000697,0.00000943,0.0
0000801,-0.00000557,0.00001703,0.00000884,0.00000322,-0.00000319,-0.00000494,-0.
00000527,-0.00000102,-0.00000151,0.00000020,0.00000225,0.00000941,0.00000963,-0.
00000770,-0.00000666,-0.00001118,0.00000785,-0.00000613,-0.00001947,-0.00000297,
0.00000375,-0.00000252,-0.00000569,-0.00001122,0.00000628,0.00001430,-0.00000800
,-0.00000159,0.00000264,0.00000722,0.00000056,-0.00000127,-0.00000117,0.00000024
,0.00000844,-0.00000102,-0.00000136,0.00000372,0.00000685,0.00000603,-0.00000127
,0.00000788,0.00000555,-0.00000383,-0.00000071,-0.00000283,0.00000005,-0.0000017
3,-0.00000359,-0.00000331,-0.00000059,0.00000144,-0.00000752,-0.00000910,0.00000
345,0.00000159,-0.00000858,0.00000435,0.00000826,-0.00000117,-0.00000001,0.00000
540,0.00000653,-0.00000436,-0.00000244,0.00000395,0.00294552,-0.00346638,-0.0060
2691,0.02322331,-0.05234327,-0.26105237,0.00196113,-0.00222406,-0.00022519,0.001
87641,-0.00004777,-0.01989198,-0.02707214,0.06024060,0.30100226,0.00065172,-0.00
036689,0.00020641,0.00036356,0.00082032,-0.00014512,-0.00244670,0.00329308,-0.00
228958,-0.00485745,0.00330000,0.00124920,0.00007685,0.00002150,-0.00004922,-0.00
004947,0.00004529,0.00002396,-0.00004190,-0.00006521,-0.00001228,0.00042451,-0.0
0012876,-0.00047664,-0.00015171,-0.00040683,-0.00005402,-0.00030600,-0.00000961,
0.00015893,-0.00006523,0.00012734,0.00015204,0.00012621,0.00013876,-0.00001670,0
.00007155,-0.00008485,0.00013123,0.00021434,-0.00007558,-0.00000697,-0.00001954,
-0.00001709,0.00005622,0.00004042,-0.00000288,0.00002065,0.00010212,0.00002270,0
.00003534,0.00023000,-0.00000974,-0.00031547,-0.00058386,0.00020010,0.00014246,-
0.00003285,-0.00002892,0.00007590,0.00001360,-0.00090830,0.00026778,0.00006198,0
.00002304,0.00005127,0.00006130,-0.00009110,0.00013305,-0.00003106,0.00004126,-0
.00003240,0.00003938,-0.00018035,-0.00017897,0.00011961,-0.00007633,-0.00007784,
-0.00000940,-0.00002066,0.00005711,0.00004506,0.00033588,-0.00008335,-0.00005389
,-0.00000124,0.00001182,-0.00130393,-0.00032829,-0.00082224,0.00047393,0.0006099
6,0.00028424,-0.00013412,-0.00007706,-0.00000402,0.00004752,0.00001836,-0.000009
48,0.00001691,0.00001387,0.00000172,-0.00000232,0.00000005,0.00000037,-0.0000029
1,0.00000003,0.00000272,-0.00000231,-0.00000032,-0.00000174,-0.00000455,0.000002
18,-0.00000146,0.00000367,0.00000029,0.00001197,0.00002979,0.00000284,0.00001935
,0.00000183,0.00000539,0.00000883,-0.00000082,0.00000478,-0.00000588,-0.00000100
,0.00000350,0.00000667,-0.00000885,-0.00000877,0.00000073,0.00000712,0.00000551,
-0.00000708,0.00000245,-0.00000133,0.00000149,-0.00000201,0.00000010,-0.00000109
,-0.00000257,0.00000081,-0.00000026,-0.00000174,-0.00000078,-0.00000150,-0.00000
373,-0.00000322,-0.00001508,0.00001196,-0.00000434,-0.00000446,0.00000294,-0.000
00097,-0.00000169,0.00000035,-0.00000406,-0.00000281,0.00000136,-0.00000008,-0.0
0000292,0.00000254,-0.00000045,-0.00000086,-0.02449278,-0.00454613,-0.00999178,-
0.19424260,-0.07698201,-0.06324687,0.00036427,-0.00040891,-0.00035287,-0.0077369
4,-0.00789443,-0.00248039,0.00241926,-0.00024346,-0.00111814,0.23056081,-0.00055
473,-0.00043936,-0.00031373,-0.00005241,-0.00073777,0.00013842,0.00076226,-0.000
34706,0.00123447,0.00342461,-0.00113696,-0.00102029,-0.00005490,-0.00001151,0.00
002204,0.00004859,0.00004620,0.00002504,0.00002431,-0.00003716,0.00003459,0.0000
4805,0.00002137,0.00019604,0.00005171,0.00033983,0.00009669,-0.00012261,-0.00002
233,-0.00007454,-0.00012290,-0.00007450,-0.00017439,0.00010821,-0.00011378,-0.00
005538,-0.00000248,-0.00006125,-0.00003314,-0.00007726,0.00001178,0.00004015,0.0
0002620,-0.00002384,-0.00001233,-0.00002947,-0.00000239,-0.00003171,-0.00004524,
-0.00002415,-0.00003492,0.00035167,-0.00000065,0.00001424,-0.00017547,0.00024349
,0.00037581,0.00011362,0.00003693,-0.00009236,-0.00036273,-0.00005442,-0.0005287
2,0.00001671,0.00008754,0.00003167,-0.00009495,0.00005551,0.00000548,-0.00001985
,-0.00007725,0.00001742,0.00017846,-0.00004314,0.00005584,0.00013732,0.00005170,
0.00015534,-0.00003352,0.00004238,0.00001623,-0.00018102,0.00008838,-0.00019956,
-0.00000210,0.00002583,-0.00001284,0.00120901,0.00039312,0.00050380,0.00015486,0
.00021369,-0.00001696,-0.00012340,0.00001872,-0.00007138,0.00001248,-0.00000402,
0.00000319,0.00001322,-0.00000348,-0.00000347,0.00000007,-0.00000192,-0.00000289
,-0.00000608,0.00000189,-0.00000092,-0.00000548,0.00000337,0.00000217,-0.0000017
2,0.00000258,0.00000707,-0.00000013,-0.00000372,0.00000525,0.00001516,0.00000852
,-0.00000451,0.00000543,-0.00000199,0.00000275,-0.00000951,-0.00000947,0.0000110
9,-0.00000731,-0.00001100,-0.00000253,-0.00000129,-0.00000153,-0.00000857,0.0000
0183,0.00000223,-0.00000525,0.00000046,-0.00000077,-0.00000328,-0.00000272,0.000
00162,0.00000016,-0.00000125,0.00000114,0.00000227,-0.00000044,0.00000122,0.0000
0381,-0.00000070,0.00000616,0.00000438,-0.00001171,0.00000636,0.00000863,-0.0000
0371,-0.00000440,0.00000092,-0.00000123,-0.00000105,0.00000013,-0.00000232,-0.00
000228,-0.00000345,0.00000103,0.00000462,-0.00000806,0.01849363,0.00649472,0.006
77638,-0.07947379,-0.07896539,-0.03381600,0.00051099,0.00059884,0.00073076,-0.02
256865,-0.01381786,-0.00719748,-0.00567936,-0.00264112,-0.00313594,0.08383898,0.
09034553,0.00036247,-0.00002314,0.00016215,-0.00000119,0.00036121,0.00025744,-0.
00187703,0.00286104,-0.00117441,-0.00011632,0.00006162,0.00059884,0.00004636,0.0
0000958,-0.00003464,-0.00000165,0.00000225,0.00000377,-0.00004681,-0.00005117,-0
.00001142,0.00032348,0.00051114,-0.00053419,-0.00003258,-0.00020798,-0.00018712,
-0.00015399,-0.00006861,0.00028596,0.00037825,-0.00031858,0.00027142,0.00004688,
0.00006646,0.00004031,0.00007814,-0.00003181,0.00011616,0.00018380,-0.00002988,0
.00004696,-0.00002729,0.00001231,0.00001345,0.00003926,0.00001029,0.00002050,0.0
0006135,0.00003181,0.00000978,-0.00053429,-0.00011793,-0.00023292,-0.00018496,-0
.00018942,0.00015909,0.00000320,0.00012510,-0.00004996,0.00016577,-0.00020600,-0
.00011255,0.00002557,0.00001208,0.00000547,0.00002362,-0.00001864,0.00003161,0.0
0004859,-0.00001759,-0.00000544,-0.00001818,-0.00009002,-0.00007757,-0.00001261,
-0.00004246,-0.00005207,-0.00000352,-0.00002294,0.00001659,0.00012858,0.00017254
,0.00002922,-0.00001405,-0.00000615,-0.00002454,0.00003663,0.00003835,0.00003581
,0.00011287,0.00020870,-0.00013225,-0.00006012,-0.00004836,-0.00003232,0.0000299
8,0.00000725,0.00000256,0.00000949,0.00000743,0.00000113,0.00000147,-0.00000216,
-0.00000120,-0.00000146,-0.00000182,0.00000065,-0.00000206,-0.00000054,-0.000000
36,-0.00000304,0.00000275,0.00000276,0.00000436,-0.00000274,0.00000610,0.0000226
3,-0.00000212,0.00000491,0.00000731,0.00000385,0.00000606,-0.00000457,-0.0000031
6,0.00000130,0.00000065,-0.00000051,-0.00000080,-0.00000265,0.00000003,0.0000008
0,0.00000362,0.00000330,0.00000113,0.00000059,-0.00000127,0.00000071,-0.00000077
,-0.00000110,-0.00000007,-0.00000013,-0.00000142,0.00000021,0.00000030,-0.000002
63,-0.00000166,-0.00000174,0.00000008,-0.00000363,0.00000332,-0.00000256,-0.0000
0128,0.00000235,-0.00000014,-0.00000351,0.00000158,-0.00000095,-0.00000142,0.000
00078,-0.00000080,-0.00000146,0.00000155,-0.00000114,-0.00000107,0.00131985,0.00
136959,0.00056839,-0.06773857,-0.03531992,-0.07190672,0.00088257,0.00008211,0.00
061164,0.01306010,0.00826953,0.00528454,-0.02516487,-0.01388690,-0.01283451,0.07
820749,0.03681511,0.07907392,0.00001882,0.00004385,-0.00008071,0.00003760,0.0000
7835,-0.00006398,0.00026446,0.00053571,0.00053511,0.00048195,0.00038161,-0.00010
343,0.00006015,0.00005316,0.00000772,-0.00037262,-0.00023567,-0.00006710,-0.0000
2856,0.00000618,-0.00000633,0.00007435,-0.00006732,-0.00008947,-0.00003800,-0.00
009303,0.00000759,0.00013524,0.00000469,0.00009537,0.00000746,0.00006318,0.00002
353,0.00000876,-0.00001079,0.00000309,-0.00002372,-0.00000855,-0.00001334,-0.000
03188,-0.00000359,0.00002328,0.00000646,-0.00001139,-0.00001375,-0.00000983,-0.0
0001260,-0.00000546,-0.00000765,0.00001175,-0.00000161,-0.00003551,-0.00002790,0
.00000684,0.00004783,-0.00004034,-0.00004773,-0.00003940,-0.00002898,0.00003441,
-0.00003484,0.00003861,-0.00001678,0.00001245,0.00000363,-0.00004199,0.00002417,
-0.00001395,0.00002455,0.00006674,0.00002495,-0.00002594,0.00022412,0.00040988,-
0.00007024,-0.00014976,-0.00001075,-0.00018012,-0.00001697,0.00001291,-0.0000114
4,-0.00013677,-0.00019467,0.00005511,-0.00000414,-0.00001116,0.00000023,-0.00011
012,0.00025007,0.00004949,0.00009104,-0.00013345,0.00005588,-0.00000806,0.000026
42,0.00002334,0.00000091,-0.00001350,-0.00000122,-0.00000262,-0.00000047,-0.0000
0137,-0.00000459,0.00000127,-0.00000181,-0.00000009,0.00000007,-0.00000015,-0.00
000266,0.00000058,-0.00000308,-0.00000293,0.00000094,-0.00000142,0.00001156,-0.0
0000098,0.00001064,0.00000077,0.00000024,-0.00000128,-0.00000400,0.00000439,0.00
001006,0.00000801,-0.00000014,-0.00000891,0.00000045,-0.00000526,-0.00000497,-0.
00000196,-0.00000322,0.00000286,-0.00000215,-0.00000585,0.00000176,-0.00000067,0
.00000054,-0.00000044,0.00000213,-0.00000059,0.00000194,0.00000272,-0.00000187,-
0.00000146,0.00000301,-0.00000282,-0.00000587,0.00000392,-0.00000521,-0.00000061
,0.00001010,0.00000493,-0.00000423,-0.00000538,0.00000113,-0.00000197,0.00000061
,0.00000180,0.,-0.00000070,0.00000005,0.00000540,-0.00000105,-0.00000092,0.00000
278,-0.00065582,-0.00273530,0.00659041,0.00038510,-0.00236531,0.00180658,-0.0454
5862,-0.00684349,0.00066832,-0.00000538,0.00087277,0.00026252,-0.00004611,-0.000
02273,-0.00009325,-0.00021003,-0.00009450,0.00013249,0.04821096,0.00015441,0.000
22863,-0.00028356,0.00040787,0.00060677,-0.00013044,0.00042685,0.00038723,-0.000
13015,0.00009879,0.00056728,-0.00057665,0.00000502,-0.00002793,0.00002247,0.0000
4153,-0.00010143,0.00038139,0.00005335,0.00012361,-0.00001023,0.00044442,-0.0001
6294,-0.00034657,-0.00018557,-0.00034837,-0.00010929,0.00008489,-0.00002570,-0.0
0006440,-0.00015748,0.00010992,0.00013342,0.00004220,0.00003732,-0.00005498,0.00
000068,-0.00005840,-0.00000193,0.00001790,-0.00003493,-0.00007396,0.00001728,0.0
0002754,-0.00003336,-0.00001723,0.00002445,-0.00002908,0.00001657,-0.00000892,0.
00001197,0.00020850,-0.00004626,-0.00014921,-0.00022830,0.00014050,0.00005634,-0
.00002617,0.00000301,0.00012320,-0.00031168,-0.00017209,0.00009158,-0.00013299,0
.00003906,-0.00000909,0.00005921,0.00008529,0.00008418,-0.00015477,-0.00004871,0
.00005001,-0.00027658,-0.00015084,-0.00007711,0.00019697,0.00004412,0.00009274,0
.00000203,0.00003383,0.00000565,-0.00014213,-0.00004917,0.00015478,-0.00003578,-
0.00002511,0.00001351,-0.00005655,-0.00032295,0.00008353,0.00030662,0.00043009,0
.00040804,-0.00040779,-0.00002525,-0.00017276,0.00013219,-0.00001475,0.00006064,
0.00006720,0.00001431,0.00001690,0.00001293,-0.00001499,-0.00002450,-0.00000570,
-0.00000488,-0.00000135,-0.00000635,0.00000439,0.00000180,-0.00000054,0.00000780
,0.00001948,-0.00000451,0.00000540,0.00000167,0.00006531,-0.00000238,0.00001915,
0.00001195,0.00000447,0.00002418,-0.00003379,-0.00001529,0.00002593,-0.00000691,
-0.00000409,0.00000006,-0.00000184,-0.00000003,-0.00001130,0.00001189,0.00000756
,-0.00001788,-0.00000151,0.00000129,0.00000447,0.00001180,-0.00000696,0.00000771
,0.00001396,-0.00001011,-0.00000123,0.00000061,-0.00000800,-0.00001054,-0.000017
38,0.00000735,0.00001584,-0.00001648,-0.00001540,0.00000736,0.00002008,0.0000176
5,-0.00001862,0.00000943,0.00001715,0.00000406,0.00000075,0.00000742,0.00000486,
-0.00000480,-0.00000228,-0.00001530,-0.00182897,0.00016592,0.01322516,0.00085985
,0.00319117,-0.00303193,-0.00498566,-0.21634986,0.07590110,-0.00053744,0.0004430
6,0.00036754,0.00006034,0.00001389,-0.00049960,-0.00013753,-0.00041127,0.0002579
3,0.00606331,0.25079225,-0.00026390,-0.00040548,0.00015764,-0.00006681,-0.000212
45,-0.00031301,-0.00052295,-0.00192698,-0.00113145,0.00085149,0.00119674,0.00066
128,-0.00005829,-0.00000204,-0.00002143,-0.00004750,0.00022753,-0.00012527,0.000
00427,-0.00005194,-0.00002676,-0.00052283,0.00027296,0.00045937,0.00000819,0.000
05298,0.00013103,-0.00052149,-0.00021520,-0.00033875,-0.00004267,-0.00017310,-0.
00011391,-0.00001030,-0.00010469,0.00008981,0.00004413,0.00003227,0.00003720,-0.
00002545,0.00001747,0.00000466,-0.00000250,-0.00002250,0.00004843,0.00001558,-0.
00001935,0.00002368,-0.00001700,0.00002196,-0.00001350,0.00005084,0.00007729,0.0
0007158,0.00027873,0.00006067,0.00001602,0.00007006,-0.00006995,-0.00006722,-0.0
0000968,-0.00005223,0.00045135,0.00003738,-0.00000542,0.00007101,-0.00004864,0.0
0002356,0.00001039,-0.00002431,-0.00003098,0.00000411,0.00006389,0.00005308,-0.0
0000775,-0.00002781,0.00004466,0.00010693,0.00001421,-0.00000886,0.00002539,0.00
042842,0.00060696,-0.00026994,0.00003253,0.00005110,0.00004337,0.00001266,0.0000
5095,-0.00010517,0.00010845,-0.00045424,0.00006786,0.00016095,-0.00000050,0.0000
2821,-0.00006619,0.00001012,0.00001076,-0.00002566,-0.00000533,0.00000186,0.0000
0270,0.00000098,0.00001147,0.00000294,0.00000024,-0.00000230,0.00000150,-0.00000
096,0.00000253,0.00000351,-0.00000358,-0.00000489,-0.00001213,-0.00000101,-0.000
01462,-0.00002669,-0.00000427,-0.00000457,0.00000090,-0.00000282,-0.00002234,0.0
0001649,0.00000554,-0.00000865,0.00000443,-0.00000111,-0.00000034,0.00000037,0.0
0000187,0.00000387,-0.00000362,0.00000363,0.00001134,0.00000192,-0.00000071,0.00
000068,-0.00000324,0.00000201,-0.00000286,-0.00000451,0.00000346,0.00000070,-0.0
0000331,0.00000571,0.00000667,0.00000528,-0.00000072,-0.00000927,0.00000333,0.00
001008,-0.00000126,-0.00001331,-0.00000989,0.00001271,-0.00000458,-0.00000813,-0
.00000056,0.00000099,-0.00000204,0.00000010,0.00000380,-0.00000100,0.00001142,0.
00775846,0.02807247,-0.03561258,-0.00141167,0.00231655,0.00034913,0.00145799,0.0
8042413,-0.07816678,0.00041399,-0.00171390,-0.00007737,-0.00044349,0.00032605,0.
00065287,-0.00004968,-0.00019221,-0.00014335,-0.00674510,-0.09944022,0.10522548,
0.00007701,-0.00010045,0.00017850,0.00015953,-0.00023015,-0.00005170,0.00118743,
0.00056555,-0.00100370,0.00023802,0.00021183,-0.00024174,0.00009888,-0.00002366,
0.00005052,-0.00075145,0.00051793,-0.00052142,0.00006235,0.00007485,-0.00003345,
0.00002146,0.00006487,0.00008734,-0.00009407,0.00003848,0.00006913,0.00005318,-0
.00003586,0.00002577,-0.00015312,0.00004713,0.00005175,-0.00003545,0.00011215,-0
.00001978,-0.00002817,-0.00001207,0.00008120,0.00001469,0.00000032,0.00005638,-0
.00001632,-0.00002271,0.00000962,0.00001294,0.00000235,0.00001691,0.00004691,0.0
0002017,0.00002341,0.00006491,-0.00006246,-0.00000460,-0.00003193,0.00001393,-0.
00006451,0.00004673,-0.00002584,-0.00006037,-0.00063004,0.00005991,0.00011911,-0
.00005348,-0.00001814,0.00003936,0.00012782,-0.00002797,0.00011275,-0.00007777,-
0.00015005,0.00004912,-0.00009594,-0.00004639,-0.00023734,0.00007923,0.00001216,
0.00002810,0.00002323,-0.00000867,0.00002757,-0.00009696,-0.00005224,-0.00014672
,-0.00002883,-0.00000956,0.00002311,0.00028753,-0.00028916,-0.00012635,0.0002424
9,0.00028650,0.00008445,-0.00004601,-0.00009612,0.00007840,0.00003983,0.00002710
,-0.00002724,0.00002017,0.00000636,0.00000521,0.00000416,-0.00000044,0.00000208,
-0.00000029,0.00000057,-0.00000182,0.00000065,0.00000167,0.00000421,0.00000757,-
0.00000727,-0.00000262,-0.00000210,0.00000636,-0.00000678,0.00001728,0.00000054,
0.00001643,0.00000367,0.00001168,0.00000408,0.00000036,0.00000621,0.00000164,-0.
00000361,0.00000355,0.00001093,-0.00000206,-0.00000301,-0.00000575,0.00001287,0.
00000735,-0.00000759,0.00000142,-0.00000033,-0.00000034,-0.00000055,0.00000067,-
0.00000071,-0.00000214,0.00000163,-0.00000051,-0.00000512,0.00000284,0.00000233,
-0.00000752,-0.00000752,-0.00000461,0.00000886,-0.00001452,0.00000202,0.00000998
,0.00000524,-0.00000361,0.00000226,0.00000098,-0.00000243,0.00000220,0.00000251,
-0.00000204,0.00000167,-0.00000138,-0.00000186,0.00315807,0.00240788,-0.00072906
,0.00093363,0.00001152,0.00087886,-0.17318680,-0.09596047,-0.06921653,-0.0002526
6,-0.00000462,-0.00005963,-0.00005157,0.00001407,0.00002079,-0.00006191,0.000205
71,0.00037529,-0.00138211,-0.00250722,-0.00019146,0.19537202,-0.00014024,-0.0001
3085,0.00001651,-0.00043341,-0.00049408,0.00038305,0.00054411,0.00113468,-0.0002
3467,0.00044771,0.00059283,-0.00056498,-0.00004953,-0.00002446,-0.00001723,0.000
57584,0.00006579,0.00033093,0.00000072,-0.00005449,0.00004334,-0.00006258,0.0001
6151,0.00008001,0.00014562,0.00014038,-0.00004888,-0.00022761,0.00001895,-0.0000
9256,0.00001005,-0.00011770,-0.00000084,-0.00003502,0.00002970,-0.00001778,-0.00
000112,0.00000321,0.00002789,-0.00002034,0.00005954,-0.00008153,-0.00001446,-0.0
0001418,0.00000505,0.00001537,0.00000737,0.00002240,-0.00000059,-0.00000987,-0.0
0001496,-0.00005086,-0.00001081,-0.00001177,-0.00000357,-0.00005336,-0.00002748,
0.00005293,0.00004665,-0.00021460,0.00026515,-0.00004562,-0.00048349,0.00000339,
0.00000313,0.00003486,-0.00005259,-0.00001385,-0.00004618,0.00003559,0.00000844,
-0.00001043,-0.00004977,-0.00014274,-0.00006825,0.00001447,-0.00002573,0.0000012
2,-0.00000465,-0.00000790,-0.00000780,0.00004056,-0.00006027,-0.00013357,-0.0000
0115,-0.00001134,-0.00002884,0.00016931,0.00002029,0.00006960,0.00020434,0.00028
420,0.00033177,0.00005947,-0.00001494,0.00002561,-0.00001148,0.00000945,-0.00002
805,-0.00000976,-0.00000368,-0.00000522,0.00000221,0.00000045,0.00000572,0.00000
098,0.00000028,-0.00000202,0.00000200,-0.00000055,0.00000210,0.00000153,-0.00000
232,-0.00000132,-0.00000057,-0.00000485,-0.00000673,-0.00000657,0.00000287,-0.00
000720,0.00000355,-0.00000174,-0.00000909,0.00000113,0.00000217,0.00000576,-0.00
000266,-0.00000105,0.00000472,0.00000213,0.00000089,-0.00000114,0.00000312,0.000
00207,0.00000530,-0.00000039,-0.00000132,-0.00000317,-0.00000453,0.00000140,-0.0
0000377,-0.00000497,0.00000307,-0.00000008,-0.00000134,0.00000362,0.00000498,0.0
0000098,0.00000651,0.00000208,-0.00000666,0.00000143,0.00000192,-0.00000161,-0.0
0000598,0.00000244,-0.00000166,-0.00000442,0.00000001,-0.00000044,-0.00000393,-0
.00000394,0.00000425,0.00000160,-0.00000036,-0.00268752,-0.00123983,-0.00456371,
0.00001178,0.00016720,-0.00007949,-0.09577112,-0.11625001,-0.05227463,-0.0003833
0,-0.00019412,0.00014917,0.00005023,0.00013591,0.00019789,0.00051332,-0.00011054
,-0.00043276,-0.02350702,-0.02107447,-0.00869575,0.10961815,0.12934482,0.0007424
4,0.00003020,0.00058388,0.00064461,0.00128356,-0.00037281,-0.00027654,0.00018865
,-0.00190083,0.00093118,-0.00240616,-0.00620898,0.00004320,0.00000341,-0.0000477
8,-0.00059581,0.00040644,0.00005882,-0.00000649,0.00005631,-0.00005031,-0.000013
30,-0.00008555,-0.00016963,-0.00025057,-0.00066913,-0.00015438,-0.00136000,-0.00
045301,-0.00090276,-0.00008341,0.00016925,0.00016141,0.00004496,0.00009198,0.000
07278,-0.00003372,0.00007901,0.00003841,0.00029508,-0.00001678,-0.00027358,-0.00
002046,0.00000759,0.00003890,0.00003994,0.00002881,0.00001840,0.00008969,0.00003
356,0.00003684,-0.00002497,-0.00003387,-0.00004820,-0.00033014,0.00007181,0.0000
9392,-0.00015745,-0.00013887,0.00023904,-0.00034661,-0.00075827,0.00075322,-0.00
000392,-0.00001599,0.00002621,0.00009386,-0.00006757,0.00009673,-0.00007492,-0.0
0000947,-0.00004200,-0.00000787,-0.00013706,-0.00024087,0.00003411,0.00001727,-0
.00015374,0.00002060,-0.00004311,0.00003161,0.00012553,-0.00017233,0.00004414,-0
.00003815,-0.00001229,0.00004058,0.00062401,0.00004846,0.00014050,-0.00048312,-0
.00020520,-0.00021173,0.00001295,-0.00008043,0.00004525,0.00001441,0.00002925,0.
00000291,0.00000984,0.00000680,0.00000552,-0.00000041,0.00000076,0.00000184,0.00
000421,-0.00000178,0.00000326,0.00000634,-0.00000418,0.00000030,-0.00000121,-0.0
0000020,0.00000068,-0.00000500,0.00000421,-0.00000385,0.00000984,-0.00000032,0.0
0001291,0.00000160,-0.00000245,-0.00000252,0.00000742,0.00000899,-0.00000757,0.0
0000419,0.00001127,0.00000666,-0.00000453,0.00000019,0.00000922,0.00000068,0.000
00279,0.00000236,0.00000212,-0.00000181,0.00000168,0.00000019,-0.00000134,-0.000
00188,-0.00000099,0.00000038,0.00000078,-0.00000067,0.00000028,0.00000270,-0.000
00192,-0.00000204,-0.00000371,0.00000991,-0.00000165,-0.00000188,0.00000266,-0.0
0000085,-0.00000100,0.00000275,-0.00000159,-0.00000061,0.00000376,0.00000119,0.0
0000064,0.00000216,-0.00000384,0.00000288,-0.02313087,-0.01705917,-0.02286562,-0
.00078896,-0.00003934,0.00008585,-0.06563130,-0.04974965,-0.07545125,0.00012307,
0.00006005,-0.00021165,0.00001634,0.00018674,0.00021880,0.00054554,-0.00019970,-
0.00010773,0.00814356,0.00690899,0.00567157,0.08045616,0.06129281,0.09867687,-0.
00025883,0.00003932,0.00029785,-0.00025739,-0.00002268,0.00013677,-0.00112483,0.
00008080,0.00065846,0.00131588,-0.00090528,-0.00229644,-0.00016208,-0.00001773,-
0.00017822,0.00110760,-0.00082352,0.00030007,-0.00007328,-0.00008823,0.00000708,
0.00008721,0.00012126,-0.00011809,0.00009821,0.00000823,-0.00003898,0.00003536,-
0.00002602,-0.00009953,0.00022194,-0.00019082,-0.00005332,0.00004735,0.00003174,
0.00001704,-0.00016487,-0.00006446,0.00001953,0.00001952,0.00010624,0.00000774,0
.00005383,-0.00004455,-0.00004845,-0.00002873,-0.00003228,-0.00001385,0.00004017
,0.00002166,-0.00002654,-0.00020698,0.00005842,-0.00001948,0.00004926,-0.0001523
0,0.00010046,-0.00000173,0.00005774,-0.00002225,0.00039064,-0.00012993,-0.000119
98,0.00009702,-0.00007220,-0.00005689,-0.00006837,-0.00015391,-0.00009987,0.0002
3515,0.00040978,-0.00023967,0.00018093,0.00106938,-0.00029580,-0.00020964,-0.000
17314,-0.00020142,-0.00005455,0.00002116,-0.00001077,0.00001368,0.00002020,0.000
10137,0.00002776,0.00000870,-0.00003068,0.00043443,-0.00028518,-0.00087246,-0.00
017577,-0.00007703,0.00004828,0.00011785,-0.00002346,0.00015677,0.00000430,-0.00
000610,-0.00007907,-0.00000651,-0.00000438,-0.00000356,-0.00000635,0.00000320,0.
00000241,-0.00000309,-0.00000081,-0.00000050,-0.00000277,0.00000357,0.00000744,0
.00000713,-0.00000584,0.00000622,0.00001132,-0.00001131,0.00001107,0.00000573,0.
00000648,0.00000010,0.00001217,-0.00000922,-0.00001074,0.00000970,0.00000719,0.0
0000531,-0.00000129,-0.00000280,0.00000283,0.00000483,-0.00000069,0.00000572,-0.
00000146,-0.00000773,0.00001140,-0.00000210,-0.00000150,-0.00000437,-0.00000589,
0.00000159,0.00000225,-0.00000239,0.00000037,0.00000407,0.00000046,-0.00000068,0
.00000084,0.00001060,0.00000396,-0.00001082,-0.00000243,0.00000496,-0.00001907,-
0.00000453,-0.00000951,-0.00000077,-0.00000227,-0.00000218,0.00000309,-0.0000033
0,-0.00000565,-0.00000059,0.00000032,0.00000218,0.00000370,-0.00972930,0.0056469
6,0.00541479,-0.00023042,0.00012980,0.00299731,-0.22885645,0.09650069,0.02804988
,0.00013712,-0.00060486,0.00012041,-0.00029422,0.00049705,0.00008708,0.00042075,
-0.00009420,-0.00010577,-0.00132915,0.00259815,-0.00094855,-0.02525204,0.0106941
5,0.00073922,0.26322624,-0.00019527,-0.00016737,-0.00060538,-0.00010195,-0.00003
615,0.00003519,0.00007364,0.00022801,0.00013891,0.00077277,0.00018918,0.00020393
,-0.00000972,0.00012808,0.00001141,-0.00017354,-0.00381309,0.00279462,-0.0000460
0,-0.00004829,0.00003009,-0.00007214,-0.00000129,0.00005401,0.00003353,-0.000022
34,-0.00001791,0.00009003,-0.00008537,0.00010274,-0.00003938,0.00000292,-0.00002
105,-0.00009073,-0.00004374,-0.00003477,0.00008652,0.00005255,-0.00005039,-0.000
09925,0.00000188,-0.00004223,-0.00002128,-0.00002020,-0.00000028,0.00001886,-0.0
0000806,0.00001125,-0.00007960,-0.00004264,-0.00005382,0.00007425,-0.00002015,-0
.00000517,0.00012019,0.00001927,0.00000357,-0.00002963,-0.00001668,0.00000047,0.
00014197,-0.00000359,-0.00007740,0.00000770,0.00003906,0.00006019,-0.00007376,0.
00003838,0.00000767,0.00026168,0.00000980,0.00010499,0.00065798,-0.00153826,0.00
137665,-0.00020530,-0.00010823,0.00014235,-0.00002700,0.00001907,-0.00004095,0.0
0001681,-0.00000843,0.00002258,0.00000961,-0.00000197,-0.00000826,-0.00052308,0.
00060100,-0.00068867,0.00015456,-0.00026514,-0.00002316,0.00007271,0.00012343,-0
.00000668,-0.00005400,-0.00001789,-0.00001984,-0.00003764,-0.00001192,-0.0000119
9,-0.00000187,-0.00000089,-0.00000017,-0.00000129,0.00000250,-0.00000352,-0.0000
0144,-0.00000071,-0.00000308,-0.00000883,0.00000385,-0.00001120,0.00002175,-0.00
001042,0.00001010,-0.00003459,0.00000455,-0.00002420,-0.00001420,-0.00001104,-0.
00000843,0.00001397,0.00000026,-0.00001375,-0.00000224,-0.00001378,-0.00000877,-
0.00000229,-0.00000668,-0.00000138,-0.00000807,-0.00000581,0.00000682,-0.0000023
4,0.00000040,-0.00000366,-0.00000163,0.00000070,-0.00000430,-0.00000433,0.000002
47,-0.00000336,0.00000577,-0.00000046,-0.00000100,0.00001183,-0.00000073,0.00000
810,-0.00000137,0.00002739,0.00000542,-0.00002071,-0.00001048,0.00000920,-0.0000
0287,-0.00000322,0.00000038,-0.00000176,-0.00000291,0.00000486,0.00000217,0.0000
0175,0.00000709,0.00441780,-0.00333040,-0.00352222,0.00090910,-0.00019810,-0.002
37731,0.09479031,-0.09170779,-0.01435533,-0.00006121,0.00048473,-0.00015466,0.00
049267,-0.00000450,-0.00022677,-0.00014242,-0.00005005,0.00001924,0.02761254,-0.
01797721,-0.00021604,-0.01466907,0.00786730,0.00143443,-0.11409206,0.10971340,-0
.00004714,-0.00073810,0.00180541,0.00014630,0.00011910,-0.00007576,0.00068036,0.
00005771,-0.00072355,0.00208124,-0.00075267,0.00016518,-0.00039340,-0.00002986,-
0.00012463,0.00027233,0.00355893,-0.00025949,-0.00001872,-0.00004896,-0.00003188
,-0.00003503,-0.00005694,0.00008155,-0.00006087,-0.00011358,-0.00002810,0.000337
39,0.00031550,0.00026026,-0.00029937,0.00006345,0.00005222,0.00003103,-0.0001240
8,0.00020708,0.00000082,-0.00011431,0.00025296,0.00003557,0.00017205,0.00008845,
-0.00000200,-0.00002920,0.00009370,-0.00001658,-0.00002945,0.00007365,0.00001900
,0.00006275,-0.00002013,0.00035193,-0.00002185,-0.00007206,-0.00027140,0.0004015
1,-0.00000556,-0.00001851,-0.00004748,0.00002843,-0.00021864,-0.00009324,0.00001
100,0.00003578,-0.00021852,0.00014431,0.00012448,-0.00006484,-0.00003139,-0.0002
1563,0.00011165,-0.00039296,-0.00011314,0.00074828,-0.00082739,0.00012434,0.0001
2838,-0.00022430,0.00001454,-0.00007880,0.00008539,0.00001872,0.00016831,-0.0000
7403,-0.00002101,-0.00000650,0.00001265,-0.00133945,-0.00067398,-0.00168137,-0.0
0006596,0.00015042,0.00001403,-0.00006002,-0.00005532,-0.00004695,0.00007531,-0.
00003774,0.00007723,0.00004480,0.00000023,0.00002843,0.00001437,-0.00001447,-0.0
0001565,0.00000345,-0.00000537,-0.00000673,0.00000457,-0.00000053,0.00000627,0.0
0000202,0.00000579,0.00002066,-0.00000219,-0.00000825,-0.00001304,0.00007585,-0.
00000935,0.00002278,0.00003887,-0.00001296,-0.00000960,-0.00000767,-0.00001178,0
.00001723,-0.00000262,-0.00000393,0.00000220,-0.00000340,0.00000128,-0.00001007,
0.00001698,0.00000617,-0.00000636,-0.00000058,0.00000118,-0.00000028,0.00000724,
-0.00000384,0.00000005,0.00000710,-0.00000410,-0.00000035,0.00000494,-0.00000543
,-0.00000379,-0.00000561,0.00001861,0.00001642,-0.00002010,0.00001399,0.00001439
,0.00000001,0.00000114,0.00000297,0.00000491,0.00000764,0.00000399,0.00000353,0.
00000675,0.00000622,0.00000298,-0.00000179,0.00000663,0.02714031,-0.01611088,-0.
00923392,0.00168226,-0.00114943,-0.00647025,0.02338356,-0.01225592,-0.04526903,-
0.00039167,0.00026611,-0.00001255,0.00159579,-0.00139696,-0.00030357,-0.00013554
,0.00009915,-0.00003666,-0.01090034,0.00663523,0.00218289,-0.01023773,0.00522255
,0.00206691,-0.03334198,0.01609074,0.05803058,0.00030908,0.00071558,-0.00028944,
0.00420033,-0.00240631,-0.00424342,0.00066350,-0.00009677,0.00030440,0.00007801,
0.00003469,-0.00002707,0.00002750,0.00004060,-0.00001035,-0.00000905,-0.00004443
,-0.00002291,-0.00128061,-0.00112215,0.00095119,0.00025605,0.00032143,0.00070490
,-0.00004804,0.00190647,0.00155054,0.00008376,0.00004987,-0.00009317,-0.00079428
,-0.00132741,-0.00074846,-0.00007960,0.00004760,-0.00008842,-0.00012479,0.000008
04,0.00009868,0.00007409,0.00001820,-0.00005654,-0.00030158,-0.00053115,0.000032
04,0.00003056,-0.00001652,0.00005050,0.00001624,0.00001047,-0.00001176,0.0003464
3,0.00002374,-0.00014278,-0.00011152,-0.00012713,0.00005001,-0.08390999,0.028472
12,-0.02037737,-0.00235353,-0.00150184,0.00200197,-0.00025066,0.00011789,-0.0001
5616,-0.00009834,-0.00009106,0.00001736,0.00003706,0.00000886,0.00002626,-0.0002
2202,0.00006219,0.00004234,0.00043479,-0.00005215,0.00019810,-0.00023221,-0.0000
6865,-0.00006531,0.00421173,0.00449638,0.00379726,-0.01820703,0.01858066,-0.0140
0719,0.00001753,-0.00001157,0.00001452,-0.00001074,-0.00000590,-0.00001170,-0.00
002561,-0.00024480,0.00015198,0.00012308,0.00013736,-0.00006388,0.00000586,0.000
00749,-0.00001731,-0.00000657,0.00000638,0.00000781,0.00000384,-0.00000224,-0.00
000014,0.00000119,-0.00000072,-0.00000229,0.00000004,0.00000369,0.00000397,-0.00
000906,0.00001372,-0.00001849,-0.00001199,0.00004043,-0.00001018,-0.00000375,0.0
0000502,-0.00001027,0.00000240,0.00000248,-0.00000114,-0.00000007,0.00000441,0.0
0000538,0.00000396,0.00000432,0.00000320,0.00000392,0.00000726,-0.00000226,0.000
00268,-0.00000205,0.00000714,0.00000151,-0.00000313,0.00000325,0.00000237,-0.000
00443,0.00000048,-0.00000515,-0.00000184,0.00000131,-0.00000974,-0.00001266,0.00
000265,-0.00000141,-0.00000351,0.00000141,0.00000309,0.00000121,-0.00000275,0.00
000297,0.00000340,0.00000108,0.00000300,0.00000299,0.00000436,0.00000337,-0.0000
0286,0.00000575,-0.00012475,-0.00013183,0.00014969,-0.00006169,0.00008742,-0.000
01358,0.00000686,-0.00003899,-0.00004042,0.00000755,-0.00001013,0.00000092,0.000
00764,0.00003011,-0.00000766,-0.00001462,0.00002137,-0.00001978,-0.00000240,-0.0
0001144,0.00003429,0.00000703,-0.00000140,-0.00001809,-0.00001750,0.00000628,-0.
00000139,0.46390679,0.00033045,0.00005571,0.00023577,-0.00062392,-0.00058669,0.0
1212595,-0.00111362,-0.00139004,-0.00000404,-0.00006339,-0.00003012,-0.00005446,
-0.00001562,0.00001915,0.00001185,-0.00004599,0.00000841,0.00003839,0.00009917,0
.00106902,-0.00006299,-0.00099918,-0.00188107,0.00343591,-0.00065697,-0.00248663
,-0.00362868,-0.00007522,0.00002773,0.00012666,-0.00137542,-0.00008508,-0.002005
04,0.00002211,-0.00016475,-0.00018140,0.00013105,-0.00008001,0.00009740,0.000110
26,-0.00007792,0.00000418,-0.00013541,-0.00016759,0.00004906,0.00004529,0.000022
52,0.00000107,-0.00000954,-0.00002732,-0.00000102,0.00079882,-0.00016297,-0.0004
5593,-0.00047454,0.00022623,0.00038641,0.03674403,-0.09959172,0.02718940,0.00163
174,0.00194905,-0.00142682,-0.00022185,-0.00010974,-0.00011984,0.00006881,0.0000
0726,0.00002951,-0.00001988,0.00000125,-0.00003229,-0.00017236,-0.00015757,-0.00
011142,-0.00015036,-0.00061845,-0.00008003,-0.00020354,-0.00012730,0.00022162,0.
01225359,-0.03822983,0.00372548,0.00395461,-0.00027641,0.00204652,0.00001130,-0.
00000094,-0.00000267,0.00001211,0.00003372,0.00000358,-0.00009914,0.00009238,-0.
00007137,0.00007325,-0.00006597,0.00003258,0.00002742,-0.00000938,0.00001653,0.0
0000416,-0.00000780,-0.00001749,-0.00000493,0.00000031,-0.00000056,-0.00000384,0
.00000258,0.00000287,0.00000185,-0.00000255,0.00000375,0.00001139,-0.00001100,0.
00001685,0.00003433,-0.00001467,0.00000769,0.00000176,-0.00000560,0.00000625,-0.
00000571,-0.00000277,0.00000428,-0.00000748,-0.00000864,-0.00000204,-0.00000344,
-0.00000254,-0.00001066,0.00000910,0.00000405,-0.00001128,-0.00000223,0.00000337
,-0.00000351,0.00000344,0.00000188,0.00000239,0.00000398,-0.00000009,-0.00000028
,0.00000342,0.00000002,-0.00000525,0.00000380,0.00000997,0.00000056,-0.00001081,
0.00000587,0.00000928,-0.00000848,-0.00000368,0.00000167,-0.00000544,-0.00000182
,-0.00000201,-0.00000522,-0.00000051,-0.00000308,-0.00000206,0.00000211,-0.00000
866,0.00003880,0.00002940,-0.00009424,0.00001332,-0.00001881,-0.00004355,-0.0000
2155,0.00000948,0.00002230,0.00001021,0.00003963,-0.00001451,0.00000319,0.000011
88,0.00002419,0.00003813,-0.00002006,0.00000301,0.00000455,0.00004179,-0.0000238
4,0.00000310,-0.00001832,0.00004157,0.00000922,-0.00001238,-0.00000222,-0.012809
44,0.46756897,-0.00015695,0.00010336,-0.00051764,-0.01127543,0.01577657,-0.01532
261,0.00067170,0.00048183,0.00041609,0.00004469,-0.00002339,0.00000160,-0.000015
46,0.00003950,0.00001616,0.00001377,0.00003545,-0.00005596,0.00156892,0.00122175
,-0.00040462,-0.00073854,-0.00088978,0.00078709,0.00160994,0.00004778,0.00085904
,0.00001816,-0.00005372,-0.00003947,-0.00060663,-0.00070804,-0.00144891,0.000130
75,0.00045056,0.00011735,-0.00030473,-0.00006073,0.00008393,-0.00000938,0.000033
20,-0.00008421,0.00002456,-0.00014450,-0.00027915,-0.00002787,-0.00002134,-0.000
01413,0.00001474,-0.00000180,-0.00003561,0.00014616,-0.00008540,0.00005869,0.000
04533,-0.00024394,0.00004125,-0.02869296,0.03089291,-0.08087500,0.00282309,-0.00
029109,-0.00369883,0.00029416,-0.00012053,-0.00024257,-0.00007254,-0.00006394,0.
00005457,0.00007103,0.00012659,-0.00003894,0.00002430,0.00008216,0.00000217,-0.0
0001917,-0.00035663,-0.00032053,-0.00020768,0.00009092,-0.00003694,0.00464616,-0
.00438296,0.00646779,-0.00139009,0.00141756,0.00086295,0.00002520,-0.00002174,0.
00000485,0.00000167,-0.00001027,-0.00000685,-0.00018866,-0.00002204,0.00018757,0
.00013925,0.00004371,-0.00012668,0.00001504,-0.00000159,-0.00000759,0.00000149,-
0.00000210,-0.00000916,0.00000024,-0.00000128,-0.00000277,0.00000219,0.00000076,
0.00000165,0.00000144,-0.00000430,0.00000251,0.00002195,-0.00001757,0.00001230,0
.00001637,0.00000471,-0.00000793,0.00000095,0.00000392,0.00000878,0.00000494,0.0
0000566,0.00000084,-0.00000550,-0.00000196,0.00000437,0.00000096,-0.00000203,-0.
00000260,0.00000678,-0.00000363,-0.00000281,-0.00000585,-0.00000153,-0.00000979,
-0.00000143,-0.00000125,-0.00000374,0.00000002,-0.00000069,-0.00000349,0.0000052
8,-0.00000331,-0.00001116,-0.00000259,0.00001387,-0.00000075,-0.00000167,0.00000
080,-0.00000048,0.00000215,0.00000104,-0.00000330,0.00000209,0.00000172,-0.00000
105,0.00000024,-0.00000062,0.00000075,-0.00000145,-0.00000387,-0.00000696,-0.000
14291,-0.00011758,0.00016664,-0.00004587,0.00001572,0.00000437,-0.00000984,-0.00
000558,-0.00000253,0.00000470,-0.00000740,0.00000236,0.00001218,-0.00000252,-0.0
0000080,0.00002471,0.00000787,-0.00000079,0.00000309,-0.00001738,0.00001637,-0.0
0000386,0.00000497,0.00000280,0.00001303,0.00001246,0.00000563,-0.02800391,0.042
90079,0.48168027,0.00111730,0.00256994,-0.00107823,-0.00138783,0.00058004,0.0011
9558,-0.00060172,-0.00074096,0.00049704,-0.00003558,0.00007600,-0.00008083,0.000
10168,-0.00008306,-0.00004380,-0.00011469,-0.00005750,-0.00004191,-0.00018975,-0
.00019404,0.00042915,0.00033346,-0.00085200,-0.00124712,0.00037457,-0.00039624,-
0.00021367,-0.00021855,0.00007008,0.00006722,0.00035663,0.00061905,0.00001214,0.
00014333,0.00036772,0.00054004,0.00015256,-0.00005355,0.00032561,0.00014177,0.00
012711,-0.00002836,0.00001229,-0.00020816,-0.00017289,0.00010390,-0.00001775,0.0
0012696,0.00008408,0.00003795,0.00000287,-0.00059602,-0.00020144,0.00003109,-0.0
0035014,0.00030557,0.00003444,-0.01232712,0.00059853,-0.01372228,0.00068275,0.00
043890,-0.00046134,-0.00174142,-0.00038068,0.00005044,0.00014486,0.00002579,0.00
048984,-0.00008269,-0.00036121,-0.00001309,-0.00017451,0.00003846,-0.00007504,-0
.00076114,-0.00086344,-0.00020901,-0.00170815,-0.00071316,0.00119414,-0.00252544
,0.00143493,-0.00244773,-0.00123302,0.00132278,-0.00125140,0.00006025,0.00004461
,-0.00001731,0.00001953,-0.00000012,0.00001957,0.00064942,-0.00022465,0.00034659
,-0.00006123,0.00010586,-0.00004318,-0.00006335,-0.00003186,-0.00002758,-0.00001
397,0.00002174,0.00005303,0.00000183,0.00000474,0.00000098,0.00000541,-0.0000057
2,-0.00000259,0.00000679,-0.00000452,-0.00000953,0.00000304,-0.00000540,-0.00003
064,-0.00005953,0.00005737,-0.00002220,-0.00000983,-0.00000500,-0.00002762,0.000
00566,0.00000137,-0.00000476,0.00000803,0.00000789,0.00000245,0.00000932,0.00000
425,0.00000801,-0.00001192,-0.00001066,0.00002191,-0.00000199,-0.00000465,0.0000
0335,-0.00001874,0.00000467,-0.00000313,-0.00001484,0.00000356,0.00000476,-0.000
00865,0.00000274,0.00001152,0.00000803,-0.00002117,-0.00002955,0.00001707,0.0000
0075,-0.00001039,-0.00000508,-0.00001003,0.00000767,-0.00000742,-0.00001219,0.00
000024,-0.00000190,-0.00001153,-0.00000759,0.00001235,0.00000047,0.00001726,0.00
016170,0.00013103,-0.00011208,-0.00002892,0.00013311,-0.00004394,0.00002438,0.00
001238,-0.00005572,0.00002452,0.00000801,-0.00000998,-0.00002542,0.00001988,-0.0
0000242,0.00000520,-0.00000102,0.00000439,0.00000534,0.00000694,0.00000031,-0.00
002503,-0.00000922,-0.00000158,0.00002861,0.00000665,-0.00003146,-0.10839013,-0.
02941822,-0.04874784,0.49043098,0.00216747,0.00061636,-0.00136069,0.00147071,-0.
00185166,-0.00061821,0.00038431,-0.00049871,0.00082765,-0.00002878,0.00003472,-0
.00005557,0.00003862,0.00009214,0.00000580,-0.00000440,-0.00002927,-0.00004703,0
.00018863,0.00003607,-0.00015098,0.00001508,-0.00041048,0.00201201,-0.00007483,0
.00101608,0.00027532,0.00002202,0.00008145,0.00004330,0.00007513,-0.00011158,-0.
00012178,-0.00062183,-0.00020221,-0.00054979,0.00013943,-0.00043181,0.00027182,-
0.00014019,0.00019687,0.00009592,-0.00117023,-0.00210671,-0.00009251,0.00002252,
-0.00005320,0.00008115,0.00005602,-0.00000820,0.00002714,-0.00020171,0.00007440,
0.00003874,-0.00040106,0.00036772,-0.00002595,0.01172007,0.00475372,0.01357126,-
0.00051098,-0.00005247,0.00040698,0.00145099,-0.00046334,-0.00003689,-0.00001164
,-0.00015350,0.00000361,0.00008288,0.00025902,-0.00009261,-0.00006552,-0.0000853
6,-0.00005822,0.00012551,-0.00048645,-0.00117125,0.00056295,0.00040391,-0.000620
49,0.00327483,-0.00160043,0.00215318,0.00142375,-0.00150066,0.00134886,0.0000663
9,-0.00000185,0.00000299,-0.00000250,0.00000963,0.00000626,0.00033802,-0.0000016
5,0.00023077,-0.00004733,-0.00004207,-0.00006528,-0.00004767,-0.00003751,-0.0000
0716,0.00000389,0.00000596,0.00003409,0.00000834,-0.00000052,-0.00000358,0.00001
017,-0.00000249,0.00001000,0.00001613,-0.00001073,-0.00000869,-0.00001092,-0.000
00739,-0.00004834,-0.00005089,0.00000824,-0.00001116,-0.00000799,0.00000559,-0.0
0005241,0.00000731,0.00001462,-0.00000628,0.00000139,0.00001047,0.00000816,0.000
00695,0.00001156,0.00000765,-0.00000516,0.00000442,0.00003228,-0.00000028,0.0000
0284,-0.00000291,-0.00001051,0.00000644,-0.00000378,-0.00001001,0.00000690,0.000
00372,-0.00000669,0.00000834,0.00001286,0.00000103,-0.00000332,0.00000028,-0.000
00740,-0.00000377,-0.00000427,-0.00000533,-0.00000848,0.00000645,-0.00000484,-0.
00000810,-0.00000044,-0.00000108,-0.00000661,-0.00000669,0.00000996,0.00000375,0
.00001139,-0.00007789,-0.00013456,0.00008635,-0.00004520,0.00003791,-0.00000498,
-0.00000936,-0.00000034,-0.00003038,0.00000495,0.00000191,-0.00000787,-0.0000259
6,0.00003761,0.00005080,-0.00001269,0.00001485,-0.00001619,-0.00000490,-0.000006
46,0.00001536,0.00002732,0.00001769,-0.00001347,-0.00000086,0.00000036,-0.000016
23,-0.02618487,-0.08199845,-0.03243809,-0.02203960,0.51108396,-0.00025526,-0.000
99419,-0.00110773,-0.00114087,0.00086814,-0.00012704,-0.00012694,0.00067829,-0.0
0037790,-0.00003678,0.00006921,0.00005488,0.00002676,0.00000320,0.00000795,0.000
03818,0.00005121,0.00000648,0.00101298,0.00049424,-0.00127473,-0.00027558,-0.000
34549,0.00044873,0.00011404,-0.00020979,-0.00010596,-0.00016392,0.00006499,0.000
29325,-0.00001756,-0.00021392,-0.00038142,-0.00015340,-0.00111625,-0.00125591,0.
00002271,-0.00018302,0.00000956,-0.00021297,0.00021934,0.00023059,-0.00098711,-0
.00134363,0.00045941,0.00006786,-0.00003843,0.00004073,0.00004084,0.00003807,0.0
0012762,-0.00031654,0.00001858,0.00003193,0.00005222,-0.00045784,-0.00019726,-0.
01229302,0.00092705,-0.01177452,0.00034731,0.00019697,-0.00039635,0.00013908,0.0
0068825,-0.00009042,0.00013403,-0.00003656,-0.00023306,0.00018797,0.00023181,-0.
00000762,0.00019231,-0.00043575,-0.00010982,0.00074290,0.00043889,-0.00153711,0.
00018566,-0.00016904,0.00000176,-0.00195408,0.00068369,-0.00112328,-0.00041611,0
.00076979,-0.00102305,-0.00002556,-0.00000866,-0.00002714,-0.00000142,-0.0000099
1,0.00000348,0.00029512,-0.00002614,-0.00006035,-0.00014766,0.00000771,0.0000564
2,-0.00002244,-0.00001802,0.00001357,-0.00001317,0.00000847,0.00000238,-0.000003
24,0.00000403,-0.00000237,0.00000158,0.00000173,0.00000958,0.00000110,0.00000252
,0.00000351,-0.00002072,0.00001353,0.00000025,-0.00000846,0.00000512,0.00002894,
0.00000708,-0.00001938,-0.00000581,0.00000220,-0.00000777,-0.00000627,0.00000721
,0.00001040,0.00001399,-0.00000247,-0.00000155,0.00001425,0.00000167,-0.00000581
,-0.00001004,0.00000485,-0.00000277,0.00000055,-0.00000589,0.00000215,-0.0000023
5,-0.00000536,0.00000289,0.00000286,-0.00000483,0.00000378,0.00000645,-0.0000027
7,-0.00000157,-0.00000195,0.00001146,-0.00000507,-0.00001044,0.00000319,-0.00000
028,0.00000024,0.00000071,-0.00000062,0.00000325,0.00000304,0.00000142,0.0000012
7,0.00000961,0.00000529,0.00002119,0.00004281,0.00001544,-0.00004540,-0.00001307
,0.00008863,-0.00000984,0.00002428,-0.00000008,-0.00003638,0.00000742,0.00000098
,0.00000220,-0.00001706,0.00001952,0.00004327,-0.00005492,-0.00003702,-0.0000141
4,0.00000261,-0.00002147,0.00001549,-0.00000297,-0.00000250,0.00001832,0.0000004
0,-0.00000136,0.00000791,-0.05029456,-0.03644627,-0.12255950,-0.03196743,-0.0225
4844,0.47860485,-0.00001251,0.00007179,0.00007525,-0.00074746,0.00071223,0.00084
499,-0.00022781,-0.00023368,-0.00003921,-0.00002384,-0.00001724,-0.00001478,-0.0
0001058,0.00002518,0.00000452,-0.00001314,0.00001623,-0.00002073,-0.00004158,0.0
0011685,-0.00008790,0.00146786,0.00006793,-0.00162201,-0.00006852,-0.00043984,-0
.00025187,0.00000535,0.00002059,0.00000087,0.00010702,0.00071142,0.00061274,0.00
002655,-0.00011369,-0.00003456,0.00007693,-0.00003096,0.00002013,0.00004784,-0.0
0003564,0.00000095,-0.00004794,-0.00003856,0.00006236,0.00001655,0.00000552,0.00
000602,-0.00000971,-0.00001354,-0.00000465,-0.00000442,-0.00002695,-0.00002425,-
0.00007951,0.00008631,0.00003812,0.00644032,0.00505204,-0.00427254,0.00069440,0.
00059709,-0.00057010,-0.00013128,0.00000130,-0.00000165,0.00002630,0.00001827,0.
00003435,-0.00001700,-0.00000212,0.00001933,-0.00009630,-0.00006687,-0.00004673,
0.00011436,-0.00006841,0.00007221,-0.00000504,-0.00009894,0.00007381,-0.00117271
,0.00150275,-0.00019799,0.00046072,0.00172108,-0.00177930,0.00001202,-0.00001052
,0.00000192,0.00000501,0.00000799,0.00000203,-0.00005014,-0.00005717,-0.00002442
,0.00002166,0.00003943,0.00000412,0.00001136,0.00000553,-0.00000355,-0.00000098,
0.00000089,0.00000066,-0.00000397,0.00000111,-0.00000091,-0.00000708,0.00000376,
-0.00000183,-0.00000183,0.00000291,0.00000228,0.00000591,-0.00000050,0.00000696,
0.00000817,0.00001173,0.00000039,0.00000078,0.00000419,0.00000128,-0.00000224,0.
00000026,0.00000510,-0.00000531,-0.00000865,-0.00000082,0.00000070,-0.00000090,-
0.00000678,0.00000190,0.00000686,-0.00000348,-0.00000004,-0.00000215,0.00000188,
-0.00000084,-0.00000064,0.00000307,0.00000127,-0.00000254,-0.00000011,-0.0000008
1,-0.00000264,-0.00000222,0.00000202,-0.00000357,-0.00000585,-0.00000225,0.00000
151,0.00000431,-0.00000283,-0.00000253,0.00000025,-0.00000188,-0.00000128,-0.000
00042,-0.00000224,-0.00000189,0.00000018,0.00000044,-0.00000144,-0.00000300,0.00
001536,0.00005568,-0.00007302,0.00001709,-0.00003733,-0.00000321,-0.00000530,0.0
0000786,0.00000533,0.00000709,0.00000477,-0.00000242,-0.00000280,-0.00001372,-0.
00001273,0.00002553,-0.00000371,0.00001761,0.00000226,0.00001406,-0.00000923,-0.
00000018,-0.00000589,0.00001173,0.00000378,-0.00000305,0.00000056,-0.11552578,-0
.04359823,0.03795510,-0.01693497,-0.01514264,0.00363529,0.49583128,0.00021699,0.
00010898,0.00001777,0.00101319,-0.00155780,0.00040586,-0.00023736,-0.00032153,0.
00005647,-0.00000582,-0.00000338,-0.00001918,0.00001147,0.00001783,0.00000947,0.
00001386,0.00000503,-0.00001183,-0.00039799,-0.00029887,0.00024751,-0.00038311,-
0.00083897,0.00057708,-0.00033918,0.00009110,0.00013298,0.00001479,0.00001097,-0
.00000087,-0.00012451,0.00003844,-0.00026871,-0.00002912,-0.00007138,-0.00003275
,0.00002256,-0.00003077,0.00001917,0.00004441,0.00000360,-0.00000537,-0.00006002
,-0.00001790,0.00001587,0.00001237,0.00001273,0.00000609,-0.00000213,-0.00000362
,-0.00000500,0.00006172,-0.00000008,-0.00001941,-0.00008521,0.00001514,0.0000492
2,-0.00752803,-0.01837824,0.01479399,-0.00069107,-0.00046887,0.00079736,-0.00013
016,0.00002611,-0.00007966,0.00006474,0.00001232,0.00006841,0.00002155,0.0000555
7,-0.00001049,-0.00002108,-0.00004977,0.00004891,0.00015916,0.00011734,-0.000019
37,-0.00003452,-0.00002236,0.00001913,0.00073286,-0.00175575,0.00119371,-0.00194
685,-0.00041106,0.00041564,0.00001072,-0.00000355,-0.00000150,0.00000359,0.00000
847,0.00000008,-0.00007715,0.00004338,-0.00006357,0.00002640,-0.00003415,0.00002
897,0.00001451,-0.00000752,0.00000663,0.00000555,-0.00000697,-0.00000443,-0.0000
0038,-0.00000122,-0.00000011,-0.00000160,0.00000159,0.00000245,0.00000282,-0.000
00152,0.00000156,0.00000140,-0.00000048,0.00000038,0.00001939,-0.00000506,0.0000
1363,0.00000191,-0.00000024,-0.00000217,-0.00000097,0.00000211,0.00000310,-0.000
00461,-0.00000499,0.00000251,-0.00000069,0.00000092,-0.00000354,0.00000559,0.000
00625,-0.00000225,0.00000076,0.00000248,0.00000126,0.00000270,0.00000069,0.00000
202,0.00000253,-0.00000020,-0.00000050,-0.00000027,0.00000109,-0.00000177,-0.000
00226,0.00000044,0.00000119,-0.00000438,0.00000039,0.00000369,-0.00000347,-0.000
00283,0.00000096,-0.00000237,-0.00000167,-0.00000016,-0.00000279,-0.00000145,-0.
00000079,-0.00000014,0.00000134,-0.00000183,-0.00000199,-0.00000286,-0.00000243,
0.00000637,-0.00001404,0.00000066,-0.00000706,0.00000549,0.00001046,-0.00000151,
0.00000826,-0.00000335,-0.00000417,0.00000465,0.00000113,-0.00000351,0.00000946,
-0.00000009,-0.00000007,0.00000862,-0.00000928,0.00000257,-0.00000019,-0.0000104
6,0.00000460,-0.00000455,-0.00000457,-0.04418155,-0.10398087,0.03119927,-0.01388
223,-0.01153770,0.00222780,-0.04669110,0.48868740,0.00010147,-0.00005121,0.00002
033,-0.00055171,0.00251739,-0.00044286,0.00013563,0.00026723,0.00000034,0.000019
09,0.00003269,0.00001677,0.00001042,-0.00003767,-0.00000081,-0.00000174,-0.00000
914,0.00001417,0.00005051,-0.00011769,0.00005342,-0.00105759,-0.00007244,0.00050
709,0.00000324,-0.00086275,0.00003541,-0.00007619,0.00001514,0.00001582,0.000343
70,-0.00003819,-0.00004501,-0.00014131,-0.00023641,-0.00016382,0.00001016,0.0000
1060,-0.00000884,-0.00002806,0.00000750,0.00003232,0.00000101,0.00003097,0.00009
184,0.00002664,-0.00001043,0.00002158,0.00001200,0.00000652,0.00002200,-0.000259
58,0.00001867,0.00007837,0.00012423,-0.00009158,-0.00016572,0.00492683,0.0142172
7,-0.01017144,0.00035817,-0.00015009,-0.00048306,-0.00016211,0.00005558,0.000163
38,0.00000775,0.00000045,-0.00003855,0.00000441,0.00000308,-0.00001539,0.0000820
2,0.00006991,-0.00002179,-0.00018975,0.00010925,-0.00003037,0.00008862,-0.000034
71,0.00000669,0.00007557,0.00015189,-0.00113498,0.00077261,0.00044641,0.00086522
,-0.00000250,0.00000849,-0.00000467,-0.00000248,-0.00001922,0.00000574,0.0002148
2,-0.00003928,0.00016644,-0.00005971,0.00004679,-0.00008843,-0.00002486,-0.00000
441,-0.00001412,-0.00000514,0.00000989,0.00001646,0.00000063,0.00000273,-0.00000
084,0.00000317,0.00000019,0.00000417,0.00000250,-0.00000186,-0.00000252,-0.00000
410,-0.00000065,-0.00001051,-0.00003398,0.00001237,-0.00001414,-0.00000434,-0.00
000172,-0.00001333,0.00000583,0.00000316,-0.00000675,0.00000370,0.00000731,0.000
00540,0.00000139,0.00000030,0.00000863,-0.00001151,-0.00000844,0.00000897,0.0000
0064,-0.00000306,-0.00000155,-0.00000784,0.00000211,-0.00000406,-0.00000600,0.00
000299,0.00000076,-0.00000241,0.00000188,0.00000165,-0.00000094,-0.00000234,-0.0
0001016,0.00000512,-0.00000231,-0.00000907,0.00000074,-0.00000148,0.00000199,-0.
00000128,-0.00000391,-0.00000008,0.00000058,-0.00000307,-0.00000323,0.00000351,0
.00000205,0.00000832,0.00000998,-0.00004443,0.00002963,-0.00002449,0.00004834,0.
00000515,0.00001452,0.00000099,-0.00002520,0.00000319,-0.00001026,0.00000165,-0.
00000971,0.00000781,0.00001349,-0.00003150,-0.00002435,-0.00000443,-0.00000112,-
0.00001452,0.00001503,-0.00000008,0.00000172,0.00000825,-0.00000193,0.00000326,-
0.00000310,0.03939844,0.03195874,-0.08775769,-0.01280434,-0.01054075,0.00596503,
0.00583567,0.00007078,0.49516520,-0.00007425,-0.00001274,0.00002976,0.00032534,0
.00063805,0.00020595,0.00000714,0.00004499,-0.00007522,-0.00000882,-0.00000852,0
.00000090,-0.00000801,0.00000456,0.00000481,-0.00000030,0.00000166,-0.00000349,-
0.00000354,-0.00006182,-0.00003943,-0.00020572,-0.00017251,0.00010056,-0.0004979
7,-0.00065003,0.00046984,0.00002463,0.00000272,-0.00000577,0.00005109,0.00002317
,-0.00000792,0.00002888,-0.00008481,-0.00002671,0.00003598,-0.00000455,-0.000004
59,0.00000302,-0.00001550,0.00000340,-0.00001340,0.00002312,0.00004638,0.0000110
6,0.00000471,0.00000266,-0.00000967,-0.00000834,0.00000320,-0.00000496,0.0000298
4,0.00000594,-0.00003765,0.00002412,-0.00002506,-0.00040911,0.00036602,-0.000565
05,-0.00005066,-0.00018500,-0.00000157,-0.00002311,0.00004059,-0.00000801,-0.000
01024,0.00001677,0.00000086,-0.00003027,-0.00002408,0.00003021,0.00002526,0.0000
1532,0.00001102,0.00003207,0.00005335,0.00005546,0.00004174,-0.00002633,0.000016
46,0.00007966,-0.00007979,-0.00004410,0.00017158,0.00046460,0.00015359,0.0000055
2,-0.00000833,0.00000654,0.00000246,-0.00000385,0.00000350,0.00004247,-0.0000289
8,-0.00006343,-0.00003229,0.00001614,0.00003543,-0.00000551,0.00000384,-0.000001
84,-0.00000268,0.00000259,0.00000633,0.00000102,-0.00000078,0.00000070,-0.000005
33,0.00000074,-0.00000540,-0.00000314,0.00000493,-0.00000012,-0.00000103,0.00000
344,-0.00000024,-0.00000813,0.00000435,0.00000080,-0.00000348,0.00000077,-0.0000
0264,-0.00000272,-0.00000092,0.00000365,-0.00000115,-0.00000515,-0.00000238,0.00
000241,0.00000236,-0.00000149,-0.00000243,0.00000252,-0.00000091,0.00000167,-0.0
0000170,0.00000254,-0.00000206,-0.00000015,0.00000172,-0.00000159,-0.00000104,0.
00000117,-0.00000294,-0.00000089,0.00000253,0.00000199,-0.00000547,-0.00000360,0
.00000016,0.00000020,0.00000280,-0.00000116,-0.00000228,0.00000049,-0.00000086,-
0.00000170,0.00000052,-0.00000067,-0.00000217,-0.00000012,0.00000241,0.00000089,
-0.00000062,-0.00000822,0.00000330,0.00000880,0.00001014,-0.00001371,0.00000177,
0.00000194,-0.00000134,0.00000005,-0.00000325,-0.00000778,0.00000556,-0.00000167
,0.00000020,-0.00001058,0.00000381,0.00000597,0.00000347,-0.00000073,-0.00000388
,0.00000044,-0.00000103,0.00000042,-0.00000332,0.00000035,-0.00000035,-0.0000019
1,-0.01323563,-0.01554342,-0.01013682,-0.00264092,-0.00329719,0.00139728,-0.0913
0372,-0.03221492,-0.04109024,0.51187844,0.00000416,-0.00007806,0.00006808,-0.000
31950,-0.00030617,0.00001786,-0.00012157,-0.00001076,-0.00008658,-0.00002029,-0.
00002130,0.00001180,-0.00001159,-0.00000084,0.00000727,-0.00000519,0.00000070,0.
00000365,-0.00004548,-0.00002781,-0.00002299,-0.00009991,-0.00004268,-0.00007783
,0.00025900,-0.00001146,0.00037764,0.00001217,0.00000386,0.00000239,0.00006632,0
.00004343,0.00002099,0.00003164,-0.00000832,-0.00003374,0.00002905,0.00000356,-0
.00000822,-0.00002559,-0.00001241,0.00000827,0.00000474,0.00000411,0.00003857,0.
00000419,-0.00000131,0.00000085,-0.00000864,-0.00000829,-0.00000339,-0.00009131,
0.00001719,0.00002259,0.00003463,0.00002321,-0.00001719,0.00023394,0.00030670,-0
.00062559,0.00012841,0.00014398,-0.00002351,-0.00000530,0.00001267,0.00002542,0.
00001890,0.00001832,0.00000293,-0.00001490,-0.00001282,0.00001131,0.00002764,0.0
0001470,-0.00002395,0.00001653,0.00001928,-0.00000273,0.00001387,-0.00002130,0.0
0002663,-0.00011640,-0.00016402,0.00004313,-0.00045701,-0.00084795,0.00004649,0.
00000497,-0.00000405,0.00000312,0.00000247,0.00000021,0.00000534,0.00000023,0.00
002966,-0.00001790,-0.00000621,-0.00001274,0.00000573,0.00000249,-0.00000431,0.0
0000372,-0.00000004,-0.00000132,-0.00000321,-0.00000239,0.00000105,-0.00000067,-
0.00000152,0.00000064,0.00000181,0.00000137,-0.00000247,-0.00000287,0.00000025,-
0.00000120,0.00000410,0.00000049,-0.00000544,0.00000196,-0.00000067,-0.00000070,
-0.00000169,-0.00000029,0.00000136,0.00000100,-0.00000144,-0.00000381,0.00000056
,-0.00000015,-0.00000005,-0.00000257,0.00000035,0.00000216,-0.00000196,0.0000000
7,-0.00000043,-0.00000106,-0.00000089,0.00000089,-0.00000010,-0.00000103,0.00000
066,-0.00000052,-0.00000031,0.00000079,-0.00000038,0.00000259,0.00000033,-0.0000
0231,-0.00000044,0.00000080,-0.00000009,-0.00000152,-0.00000141,-0.00000025,-0.0
0000092,-0.00000052,-0.00000050,-0.00000090,-0.00000077,-0.00000025,0.00000079,0
.00000039,0.00000087,0.00000348,0.00000273,0.00000176,0.00000761,-0.00002188,0.0
0000327,-0.00000857,-0.00000259,0.00000697,-0.00000182,-0.00000153,0.00000256,-0
.00000147,0.00000169,-0.00000030,-0.00000301,-0.00000540,0.00000085,-0.00000111,
0.00000081,-0.00000049,-0.00000409,-0.00000209,0.00000189,0.00000449,-0.00000172
,-0.00000106,-0.01287538,-0.01433614,-0.01021141,-0.00228713,-0.00205386,0.00112
636,-0.03359342,-0.11389888,-0.05581539,-0.01465671,0.49990288,0.00001443,0.0000
0085,-0.00005165,0.00030896,0.00001362,0.00014182,0.00003850,0.00007541,0.000068
70,-0.00000756,-0.00001216,-0.00000109,-0.00000389,0.00000251,0.00000764,0.00000
040,-0.00000636,0.00001007,-0.00002960,-0.00002326,0.00003858,0.00017343,0.00005
894,-0.00004800,-0.00002574,0.00038333,-0.00052468,-0.00000745,-0.00000755,0.000
00374,-0.00000826,-0.00000682,0.00000942,0.00002149,0.00011093,0.00000542,-0.000
03863,-0.00000238,0.00001202,-0.00001412,-0.00000173,-0.00000155,0.00000912,-0.0
0000525,-0.00002545,-0.00000351,-0.00000204,-0.00000556,-0.00000188,-0.00000739,
-0.00000840,-0.00001311,-0.00002070,0.00001363,0.00001456,-0.00003958,0.00002330
,-0.00023407,0.00025876,-0.00014979,0.00002386,0.00013828,-0.00009591,0.00003744
,-0.00000550,-0.00003351,0.00001340,-0.00001052,0.00002109,0.00000893,0.00000774
,-0.00000958,-0.00000124,0.00000734,-0.00001192,0.00001874,-0.00002089,-0.000036
56,-0.00001417,0.00001572,-0.00001564,-0.00019572,0.00001844,-0.00019537,0.00015
932,0.00085165,0.00045683,0.00000245,-0.00000329,-0.00000123,0.00000089,0.000001
56,0.00000213,-0.00004801,0.00001847,0.00003241,0.00003450,-0.00000676,-0.000021
04,0.00000796,-0.00000556,0.00000369,0.00000090,-0.00000258,-0.00000500,-0.00000
216,0.00000082,-0.00000113,0.00000059,0.00000100,0.00000483,0.00000424,-0.000003
74,0.00000045,0.00000088,-0.00000160,0.00000095,0.00000519,-0.00000172,0.0000054
1,-0.00000078,-0.00000399,0.00000292,0.00000135,0.00000252,0.00000120,-0.0000029
0,-0.00000172,0.00000489,-0.00000170,-0.00000360,-0.00000309,0.00000439,0.000000
40,-0.00000723,-0.00000028,0.00000020,-0.00000254,-0.00000010,0.00000033,-0.0000
0052,-0.00000036,0.00000023,-0.00000038,-0.00000057,0.00000005,-0.00000203,-0.00
000199,0.00000143,0.00000060,-0.00000164,-0.00000013,-0.00000087,-0.00000082,-0.
00000058,-0.00000063,-0.00000043,0.00000016,-0.00000058,-0.00000020,0.00000094,0
.00000029,-0.00000014,0.00000056,-0.00000067,0.00000265,0.00002258,-0.00001746,0
.00000852,-0.00001036,-0.00000005,-0.00000411,0.00000685,0.00000846,-0.00000072,
0.00000341,0.00000006,0.00000008,-0.00000487,-0.00000026,0.00001137,0.00000484,0
.00000384,0.00000065,0.00000085,-0.00000129,0.00000510,0.00000188,0.00000270,-0.
00000237,-0.00000108,0.00000332,0.00272767,0.00343485,0.00746903,0.00160953,0.00
149978,-0.00012550,-0.04056573,-0.05350827,-0.12961850,-0.01977904,-0.02757190,0
.50228007,0.00029640,0.00051398,-0.00040405,-0.00011532,-0.00006401,-0.00007269,
-0.00006102,0.00001676,0.00057234,0.00004954,0.00002865,0.00000700,-0.00001076,-
0.00002789,-0.00001244,-0.00000114,-0.00000029,-0.00006026,-0.00016515,-0.000082
64,-0.00016376,0.00041787,0.00080913,-0.00014177,0.00003913,0.00008028,0.0000104
5,0.00000600,0.00005599,-0.00010371,-0.00011397,-0.00029960,-0.00030398,-0.00024
907,-0.00014567,0.00039744,-0.00004929,0.00016358,-0.00011384,0.00005327,0.00000
860,-0.00006021,-0.00076641,-0.00140460,-0.00023682,-0.00007505,-0.00000212,0.00
002605,0.00004269,0.00004179,-0.00006077,-0.00013685,-0.00016558,0.00015413,0.00
022114,-0.00007121,-0.00003349,0.00055912,0.00001482,0.00045652,0.00000722,-0.00
013991,-0.00001967,-0.00066684,-0.00028013,0.00021818,0.00014546,0.00001462,0.00
009995,0.00001467,-0.00006558,-0.00005933,0.00000799,0.00015640,-0.00023486,-0.0
0032460,-0.00017516,0.00038298,-0.00002977,0.00007408,0.00040984,-0.00031568,0.0
0041837,-0.00097922,0.00008159,-0.00011404,0.00002204,0.00003364,0.00001528,-0.0
0003373,0.00000875,-0.00000878,-0.00001749,0.00009752,0.00006991,0.00023492,0.00
005188,-0.00005362,-0.00012800,0.00000259,-0.00000402,-0.00001540,0.00001018,-0.
00000095,0.00001426,0.00000018,0.00000239,0.00000293,0.00000025,-0.00000194,-0.0
0000369,0.00000343,-0.00000945,-0.00001179,0.00002414,-0.00002102,0.00000465,0.0
0000545,-0.00000048,-0.00002836,-0.00000037,0.00000297,0.00000766,0.00000562,0.0
0000471,-0.00000465,0.00000476,0.00000035,-0.00000553,0.00000006,-0.00000630,-0.
00000174,-0.00001134,-0.00002368,0.00002179,-0.00000587,0.00000014,-0.00000228,-
0.00000408,0.00000152,-0.00000287,-0.00000404,0.00000249,-0.00000203,0.00000276,
-0.00000054,-0.00000232,0.00000959,0.00000037,-0.00002385,0.00000845,0.00000375,
-0.00001978,0.00000257,0.00000194,-0.00000207,0.00000077,-0.00000035,-0.00000275
,-0.00000253,-0.00000517,-0.00000282,-0.00000908,-0.00000023,0.00000219,0.000018
38,0.00000369,-0.00000048,0.00000193,0.00003612,0.00000976,0.00000083,0.00000954
,-0.00001339,0.00000562,-0.00000039,-0.00000865,0.00000218,-0.00000006,0.0000031
9,-0.00003479,-0.00001256,-0.00001497,0.00000431,-0.00000989,0.00000074,-0.00001
173,-0.00000276,-0.00001498,0.00001395,0.00000737,-0.00000843,0.00925504,-0.0074
0357,-0.01301761,-0.11459942,0.05023072,0.09664203,0.00118522,-0.00030677,-0.000
83366,-0.00012994,-0.00000339,-0.00005676,0.13130211,0.00011654,-0.00007452,-0.0
0003952,-0.00008380,-0.00020873,-0.00005141,-0.00020471,-0.00015527,0.00014290,-
0.00000023,-0.00002284,0.00000930,-0.00004641,0.00002467,0.00002782,0.00000526,0
.00001068,-0.00001241,-0.00017348,-0.00014532,0.00002796,0.00077049,-0.00004395,
0.00016320,-0.00004761,0.00007935,-0.00003780,0.00000680,0.00004008,0.00000736,-
0.00005832,0.00001708,-0.00017808,-0.00002788,-0.00032293,0.00016175,0.00004369,
0.00008307,-0.00002827,0.00005401,-0.00001030,-0.00007171,-0.00108866,-0.0006878
6,-0.00014945,0.00001825,0.00003541,0.00001235,0.00000831,-0.00001519,-0.0000515
8,-0.00012541,-0.00016267,0.00018147,0.00002410,-0.00001534,-0.00000649,0.000020
49,-0.00002127,0.00031043,0.00001022,0.00005098,0.00003263,-0.00022769,-0.000003
76,0.00016242,0.00013372,0.00013852,-0.00002423,-0.00006201,-0.00002373,0.000049
84,0.00010963,0.00012534,-0.00003724,-0.00020370,-0.00009893,0.00032669,-0.00011
209,-0.00021033,0.00006036,0.00037815,-0.00018604,0.00148634,-0.00000044,-0.0000
8758,-0.00006445,0.00004590,-0.00003402,-0.00000935,0.00001653,0.00000819,-0.000
00971,-0.00003360,0.00003269,-0.00022642,-0.00001521,-0.00002113,0.00011113,0.00
001727,0.00000541,0.00001742,0.00000289,-0.00000602,-0.00001343,-0.00000489,0.00
000136,0.00000033,-0.00000636,0.00000321,-0.00000236,-0.00000402,0.00000636,0.00
000158,-0.00000319,0.00000784,0.00001029,0.00002823,-0.00000796,0.00001810,-0.00
000981,-0.00000592,0.00001151,-0.00000698,-0.00000412,0.00000261,-0.00000350,-0.
00000639,-0.00000406,-0.00000227,-0.00000438,-0.00000522,0.00000991,0.00000850,-
0.00001505,0.00000265,0.00000109,0.00000374,0.00000522,-0.00000178,0.00000328,0.
00000388,-0.00000293,-0.00000053,0.00000009,-0.00000244,-0.00000288,0.00000349,-
0.00000366,-0.00000058,-0.00001008,0.00000095,-0.00000162,0.,0.00000170,-0.00000
369,0.00000131,0.00000314,-0.00000036,-0.00000041,0.00000299,0.00000345,0.,0.000
00175,0.00000094,0.00001637,0.00007595,-0.00003580,0.00002488,-0.00004447,0.0000
1116,-0.00000432,0.00001178,0.00002001,-0.00000150,0.00000547,-0.00000561,-0.000
00066,-0.00001760,-0.00002216,0.00002344,0.00001093,0.00001211,0.00000361,0.0000
1271,-0.00001656,-0.00000591,-0.00000639,-0.00000723,0.00001315,-0.00000482,-0.0
0000187,0.00421723,-0.00665500,-0.01253704,0.04959556,-0.07699474,-0.06450122,0.
00063629,0.00041377,-0.00056981,0.00003442,0.00000699,0.00018262,-0.05736273,0.0
9075804,-0.00051705,-0.00044217,0.00017068,0.00004954,-0.00053379,-0.00030599,0.
00017553,0.00010574,-0.00093290,-0.00003367,-0.00007024,0.00001669,-0.00003816,0
.00004220,0.00002989,-0.00000142,0.00000237,0.00008354,0.00003046,-0.00008231,-0
.00002181,-0.00046207,0.00127050,-0.00099925,-0.00010497,0.00049512,0.00020549,0
.00009135,0.00001189,-0.00003674,-0.00023528,-0.00005735,0.00049614,0.00009537,-
0.00015586,-0.00021479,0.00005996,-0.00011939,0.00007841,-0.00007287,-0.00000076
,0.00004088,0.00030652,0.00022054,0.00065157,-0.00000560,-0.00000148,-0.00001593
,-0.00005554,-0.00003641,0.00001412,0.00062429,0.00034383,-0.00033046,-0.0002168
6,0.00025982,0.00013955,0.00036629,-0.00050304,0.00042170,0.00003835,0.00026143,
0.00017788,0.00029933,0.00011714,-0.00016305,-0.00013577,-0.00005311,0.00002149,
-0.00012631,0.00003155,0.00004939,0.00008365,-0.00002588,0.00015532,0.00036267,0
.00019320,-0.00026551,0.00025206,0.00005446,-0.00022142,0.00009474,0.00040217,-0
.00023046,0.00002503,-0.00009492,-0.00003277,-0.00002656,-0.00004922,0.00003327,
-0.00000489,-0.00000314,0.00000632,-0.00009109,-0.00007887,-0.00017514,-0.000020
59,0.00005242,0.00008391,0.00000945,0.00001483,0.00001017,-0.00000453,-0.0000000
2,-0.00000704,-0.00000354,-0.00000098,-0.00000174,-0.00000609,0.00000424,-0.0000
0126,-0.00000162,0.00000710,0.00000616,-0.00001481,0.00001575,-0.00000211,0.0000
0642,0.00000209,0.00001639,-0.00000389,-0.00000094,0.00000567,-0.00000583,-0.000
00097,0.00000528,-0.00000683,-0.00000564,-0.00000253,0.00000127,0.00000274,-0.00
000529,0.00000456,0.00001394,-0.00001722,0.00000371,-0.00000015,0.00000436,0.000
00418,-0.00000111,0.00000530,0.00000506,-0.00000383,0.00000052,-0.00000320,-0.00
000163,-0.00000086,-0.00000625,-0.00000554,0.00000938,-0.00000569,-0.00000008,0.
00001234,-0.00000172,-0.00000094,-0.00000088,0.00000017,0.00000169,0.00000012,0.
00000035,0.00000225,0.00000289,0.00000205,-0.00000117,-0.00000387,-0.00010284,-0
.00004420,0.00003387,0.00000738,-0.00007174,-0.00000416,-0.00001251,-0.00002462,
0.00002159,-0.00001569,-0.00001462,0.00001899,0.00001260,0.00000873,-0.00002509,
0.00005139,0.00002111,0.00000516,-0.00000494,0.00000841,0.00001057,0.00001586,-0
.00000645,0.00001368,-0.00001719,-0.00001375,0.00002213,0.00908403,-0.01235612,-
0.02191422,0.09719386,-0.06602346,-0.17328065,0.00096740,0.00098225,0.00083467,0
.00010175,0.00020599,0.00014597,-0.10984631,0.07993879,0.20186051,-0.00020107,0.
00040325,-0.00016401,-0.00054267,0.00034749,0.00050392,-0.00039865,-0.00000477,-
0.00007758,-0.00001719,-0.00006712,0.00004142,-0.00002888,0.00005606,-0.00001623
,0.00001221,0.00001669,-0.00002956,-0.00008681,0.00001989,-0.00015386,0.00007540
,-0.00012236,-0.00000345,0.00006142,-0.00027527,-0.00015333,0.00005300,0.0000303
2,-0.00000141,-0.00000646,0.00005754,0.00001018,-0.00005750,-0.00016606,-0.00002
374,0.00008711,0.00001261,0.00007930,-0.00009594,0.00005047,-0.00009942,-0.00005
870,0.00010410,0.00008152,0.00001604,-0.00001901,0.00000967,-0.00002202,0.000003
05,-0.00003836,-0.00005764,-0.00007403,0.00001822,-0.00001522,0.00015266,-0.0000
6322,-0.00225817,-0.00110820,-0.00302727,0.00023871,0.00014601,-0.00023686,-0.00
047839,-0.00035963,0.00067643,0.00004708,-0.00006153,0.00001687,0.00001628,-0.00
000442,-0.00008953,0.00004803,0.00000651,-0.00017531,0.00001882,0.00001292,0.000
19467,-0.00128055,-0.00072790,0.00059261,0.00003117,-0.00067876,-0.00012033,-0.0
0018815,0.00044991,-0.00030292,0.00003458,-0.00000967,0.00000158,0.00002562,0.00
000093,0.00000958,-0.00008332,-0.00005393,-0.00001422,0.00006525,0.00001798,0.00
002540,0.00002571,0.00001446,0.00000826,0.00000014,-0.00000305,-0.00002405,-0.00
000624,0.00000132,-0.00000246,-0.00000427,0.00000387,0.00000105,-0.00000102,0.,0
.00000341,0.00000901,0.00000266,0.00001962,0.00005183,-0.00001354,0.00000529,0.0
0001544,0.00001432,0.00000748,0.00000152,0.00000542,-0.00000226,-0.00000285,0.00
000040,-0.00000253,-0.00000239,-0.00000170,-0.00000475,0.00001680,0.00001586,0.0
0000005,-0.00000217,0.00000314,-0.00000574,0.00000736,-0.00000003,0.00000098,0.0
0000582,0.00000015,-0.00000247,0.00000449,-0.00000004,-0.00000404,0.00000990,-0.
00000309,0.00000837,0.00000111,0.00000201,-0.00000157,-0.00000083,0.00000379,-0.
00000279,0.00000071,0.00000468,-0.00000176,-0.00000013,0.00000613,0.00000322,-0.
00000141,-0.00000451,-0.00000294,0.00002810,0.00009166,-0.00008188,0.00003126,-0
.00008116,0.00000686,-0.00002092,0.00001393,0.00004615,0.00000148,0.00001578,-0.
00000523,-0.00000555,-0.00001310,-0.00002032,0.00003275,0.00000772,0.00002183,0.
00000349,0.00001581,-0.00001998,0.00000313,0.00000043,0.00000778,0.00001782,-0.0
0000279,-0.00000025,-0.01339516,0.01292054,-0.01033591,-0.11761368,0.10047446,-0
.04730154,-0.00009821,0.00090357,-0.00063457,0.00017402,-0.00007326,0.00014182,-
0.01295291,0.01762952,-0.00439202,0.13843793,0.00009093,0.00070818,-0.00092042,-
0.00008792,-0.00014445,-0.00036589,0.00026108,0.00005520,-0.00011610,0.00004343,
0.00006303,-0.00000459,0.00001705,0.00006383,-0.00006930,0.00002302,0.00001704,-
0.00009149,0.00005370,-0.00020682,0.00014623,-0.00051096,0.00039949,0.00053422,0
.00001225,0.00019212,0.00021861,0.00018228,0.00018321,-0.00015041,-0.00023485,-0
.00025643,0.00006983,-0.00030907,-0.00040332,0.00002627,0.00001094,-0.00005949,0
.00013068,-0.00002050,0.00007960,0.00003545,0.00024828,-0.00057238,0.00014284,-0
.00008398,-0.00011144,0.00000121,0.00001440,0.00005108,-0.00000752,0.00037196,0.
00024282,-0.00011676,-0.00015130,0.00019359,0.00002255,-0.00130464,-0.00053155,-
0.00101782,-0.00006676,-0.00003331,0.00005564,0.00047309,-0.00016100,0.00036627,
-0.00011374,-0.00001104,-0.00025315,0.00006843,0.00008940,-0.00005106,0.00012028
,0.00017685,-0.00012346,-0.00001053,0.00003921,0.00041606,-0.00151533,0.00003450
,0.00030084,0.00123788,-0.00097959,0.00100729,-0.00031033,0.00024800,-0.00020668
,0.00000822,0.00002111,-0.00000736,-0.00000174,-0.00000584,-0.00002452,-0.000294
61,-0.00036161,0.00040032,0.00029280,0.00024736,-0.00021019,0.00002729,0.0000420
9,-0.00004441,0.00000960,0.00000009,0.00000609,0.00000069,-0.00000694,0.00000010
,0.00000600,-0.00000723,-0.00000164,-0.00000268,-0.00000477,0.00000233,0.0000124
1,-0.00000658,-0.00001257,0.00003221,0.00003765,-0.00003896,0.00001868,0.0000356
8,-0.00000322,0.00000293,0.00001189,-0.00000414,0.00001163,0.00000841,-0.0000071
8,-0.00000154,0.00000314,0.00000027,-0.00000240,0.00001187,0.00002406,-0.0000100
2,-0.00000165,-0.00000036,0.00000473,-0.00000599,-0.00000024,0.00000532,-0.00000
443,-0.00000237,0.00000507,-0.00000768,-0.00000702,-0.00000194,-0.00000685,0.000
00508,0.00000743,-0.00000492,-0.00001089,0.00000900,0.00001039,-0.00000517,0.000
00547,0.00000549,0.00000017,0.00000400,0.00000512,0.00000415,-0.00000770,-0.0000
1976,-0.00000129,-0.00009199,-0.00007146,0.00004948,0.00000654,0.00000039,-0.000
00622,-0.00000036,-0.00000751,-0.00000838,-0.00001872,-0.00001556,0.00001599,0.0
0000584,0.00004011,0.00000327,-0.00002794,0.00001197,-0.00003011,-0.00000307,-0.
00001675,0.00001491,-0.00000150,0.00000014,-0.00002018,-0.00000983,0.00000783,0.
00000305,-0.00523602,0.00642619,-0.00313109,0.10145697,-0.17557044,0.06491160,-0
.00032793,0.00038442,-0.00070700,-0.00008216,-0.00007135,-0.00009476,0.01050316,
-0.01252349,0.00319273,-0.11702582,0.20140860,-0.00008995,-0.00047711,0.00034415
,-0.00068136,0.00034122,0.00082686,-0.00028420,-0.00000242,-0.00011072,-0.000039
72,-0.00005830,-0.00000089,-0.00004639,-0.00003936,0.00003491,-0.00002734,-0.000
00525,0.00006607,-0.00015032,0.00019616,-0.00031785,0.00007188,-0.00010650,-0.00
029574,0.00013217,-0.00026510,-0.00018538,-0.00008732,-0.00003441,0.00000885,0.0
0017102,0.00020058,0.00004497,0.00003645,0.00013355,-0.00002964,-0.00001935,-0.0
0001309,-0.00001880,-0.00000932,-0.00004745,0.00001986,0.00020740,0.00018752,0.0
0003424,-0.00001466,0.00000886,-0.00000838,-0.00000207,-0.00002872,-0.00000931,-
0.00021479,-0.00006302,0.00003837,0.00013620,-0.00001440,-0.00000053,-0.00358291
,-0.00127707,-0.00333868,0.00038368,0.00024681,-0.00021827,-0.00005227,-0.000003
11,-0.00022502,0.00012695,0.00006313,0.00010715,-0.00008642,-0.00006463,0.000007
07,-0.00001597,-0.00000455,-0.00005408,0.00002737,-0.00007222,-0.00027377,0.0011
0431,0.00043644,0.00039654,0.00006613,-0.00060769,0.00005002,-0.00037450,0.00055
909,-0.00046525,0.00000084,-0.00003000,-0.00000242,0.00000583,0.00000025,0.00000
954,0.00010805,0.00022396,0.00002061,-0.00006440,-0.00012135,-0.00002949,-0.0000
0650,-0.00001548,-0.00000046,0.00000178,0.00000150,0.00001008,-0.00000217,0.0000
0341,0.00000162,-0.00000352,0.00000103,-0.00000438,0.00000367,-0.00000585,-0.000
00749,0.00001505,-0.00001679,0.00001256,-0.00000836,-0.00001971,-0.00001522,-0.0
0000457,-0.00000869,0.00000717,0.00000125,0.00000043,0.00000231,-0.00000419,-0.0
0000553,-0.00000517,0.00000080,-0.00000517,-0.00000655,-0.00001183,-0.00002132,0
.00000327,-0.00000426,-0.00000029,-0.00000863,-0.00000525,0.00000468,-0.00000188
,-0.00000345,0.00000356,-0.00000128,0.00000147,0.00000218,-0.00000307,0.00000562
,0.00001148,-0.00001635,-0.00000204,0.00000510,-0.00000163,-0.00000414,-0.000003
93,0.00000125,-0.00000282,-0.00000269,-0.00000234,-0.00000398,-0.00000599,-0.000
00388,-0.00000316,0.00000195,-0.00000669,0.00004643,0.00003617,-0.00004576,0.000
00559,-0.00002659,0.00000246,-0.00000864,0.00000202,0.00001933,0.00000828,0.0000
0648,-0.00000486,-0.00000087,-0.00001854,-0.00001105,0.00001929,-0.00001527,0.00
001711,0.00000244,0.00001076,-0.00000814,-0.00000254,-0.00000589,0.00001924,0.00
001319,-0.00000846,0.00000678,-0.01516274,0.01440136,-0.01150028,-0.04764937,0.0
6557120,-0.07429540,0.00050610,0.00036993,0.00022023,0.00009742,0.00005145,0.000
00779,0.01451281,-0.01847628,0.00742351,0.05796634,-0.07400516,0.08591306,0.0005
6165,0.00394932,-0.00171169,0.00006994,-0.00053381,-0.00139479,0.00079715,0.0010
4976,-0.00185008,0.00002563,0.00073075,-0.00033018,0.00031769,0.00004024,-0.0004
3543,-0.00001356,-0.00003713,-0.00047598,0.00026937,-0.00024868,0.00035690,-0.00
223829,0.00140568,0.00116987,0.00002509,0.00027739,0.00050833,0.00020381,0.00095
847,-0.00021969,-0.00061197,-0.00098879,0.00007579,-0.00069312,-0.00267137,-0.00
030960,-0.00009050,0.00026875,0.00107131,-0.00000537,0.00075543,0.00033126,0.001
07908,-0.00139648,-0.00021921,-0.00001402,0.00008280,0.00028857,0.00014454,0.000
51727,0.00015666,0.00084652,0.00074247,-0.00022384,-0.00074282,0.00066760,0.0004
6390,0.00007737,-0.00060474,0.00094109,-0.00039121,-0.00002628,0.00000722,-0.006
13129,-0.00060652,0.00194225,0.00015757,-0.00087555,0.00019009,0.00050333,-0.000
39725,-0.00067349,0.00025925,-0.00010789,-0.00094746,-0.00179560,-0.00100273,0.0
0543419,-0.00461910,0.00206011,0.00016621,-0.00136773,0.00044628,-0.00047763,0.0
0026081,-0.00003730,0.00010942,-0.00008198,0.00049983,-0.00028751,0.00001134,0.0
0003373,-0.00009803,0.00031297,-0.00077809,0.00027384,0.00043482,0.00004215,0.00
005372,0.00013993,0.00003728,0.00003860,0.00003070,-0.00003015,-0.00004241,-0.00
001094,-0.00000809,-0.00000543,-0.00000766,0.00000647,0.00000489,-0.00000447,0.0
0000337,0.00001779,0.00005497,-0.00001408,0.00002776,0.00033913,-0.00001123,0.00
009772,0.00009998,0.00004438,0.00005636,-0.00001163,0.00000950,0.00000790,-0.000
00129,-0.00000621,-0.00000763,-0.00000938,-0.00000239,-0.00001869,0.00007613,0.0
0005062,0.00000698,-0.00000468,0.00000625,-0.00000451,0.00001446,-0.00000554,0.0
0000263,0.00001266,-0.00000506,-0.00000477,0.00000875,-0.00000812,-0.00001494,0.
00004597,-0.00003784,0.00000503,0.00006701,0.00000916,-0.00001372,0.00000817,0.0
0001400,-0.00001461,0.00000815,0.00001080,-0.00000230,0.00000503,0.00001322,0.00
001061,0.00001955,-0.00001193,0.00000935,-0.00039242,0.00021186,-0.00017411,0.00
006265,-0.00001316,-0.00003679,-0.00000863,-0.00001122,-0.00004447,-0.00002611,-
0.00002913,0.00002454,-0.00002497,0.00007410,-0.00004372,0.00006326,0.00012510,-
0.00001381,-0.00000662,-0.00000733,0.00002926,0.00001488,0.00002100,-0.00003678,
-0.00003156,0.00003996,-0.00003133,-0.01269859,-0.01336979,0.00420196,-0.1179047
4,-0.09394667,0.05345672,-0.00182350,-0.00185836,-0.00265827,-0.00066998,-0.0006
1554,0.00033964,-0.01145886,-0.01170837,0.01024844,0.00971623,0.01286106,-0.0070
6967,0.14558796,0.00362858,-0.00005332,-0.00099219,-0.00007092,-0.00017083,-0.00
079800,0.00073845,-0.00036252,0.00185958,0.00001064,0.00062736,-0.00038139,0.000
18300,-0.00012491,-0.00020076,-0.00007965,-0.00007265,-0.00030527,-0.00040520,-0
.00002362,-0.00139388,0.00016918,0.00090478,0.00037339,0.00002237,-0.00010323,0.
00015358,-0.00019998,0.00076557,0.00010603,-0.00015060,-0.00039570,-0.00017843,-
0.00255084,-0.00411803,-0.00211092,-0.00049635,0.00038556,0.00060146,0.00015028,
0.00057021,0.00043987,-0.00116625,-0.00415198,-0.00411448,0.00011069,0.00023093,
0.00030004,0.00027531,0.00029729,0.00008362,0.00013307,-0.00018460,0.00011425,-0
.00058215,-0.00148275,0.00060550,0.00016603,0.00019146,0.00055192,-0.00020987,-0
.00013222,-0.00009600,-0.00181397,-0.00025185,0.00048036,0.00119386,0.00003323,0
.00003225,0.00046344,-0.00028433,-0.00038719,0.00033155,0.00008571,-0.00116084,-
0.00189360,-0.00004594,0.00174244,0.00211479,-0.00038287,0.00060382,0.00329889,-
0.00134768,0.00162370,0.00002416,-0.00016137,-0.00004575,-0.00000121,0.00038952,
-0.00032727,0.00001042,0.00005836,-0.00011985,0.00109517,0.00005924,0.00003770,0
.00001076,-0.00026388,0.00007165,0.00005776,-0.00003319,0.00004405,0.00002075,-0
.00001700,-0.00001003,-0.00001956,0.00001369,-0.00000160,-0.00001969,0.00001473,
0.00000155,0.00000343,0.00000110,-0.00000613,0.00005629,-0.00002771,0.00004650,0
.00017386,-0.00004153,0.00004617,0.00001417,-0.00002069,0.00004418,-0.00001488,-
0.00000970,0.00001522,-0.00001100,-0.00002542,-0.00000536,-0.00000849,-0.0000249
8,-0.00002266,0.00003938,-0.00001097,-0.00000735,-0.00000081,0.00000097,-0.00000
700,-0.00000520,0.00000486,-0.00000068,-0.00000673,0.00000421,-0.00000241,-0.000
00081,0.00000271,-0.00000290,0.00006403,-0.00001751,-0.00005090,0.00000738,0.000
01369,-0.00002646,-0.00000387,-0.00000355,-0.00000764,0.00000010,0.00000009,-0.0
0000379,-0.00000354,-0.00000422,0.00000196,0.00001815,0.00001419,0.00001657,-0.0
0028760,0.00020723,-0.00016154,-0.00001133,0.00002830,0.00006079,0.00000946,0.00
001921,-0.00004270,0.00001066,0.00000770,-0.00003176,-0.00001508,-0.00004185,-0.
00000078,0.00001051,0.00002388,0.00000568,0.00000902,0.00000049,-0.00001053,0.00
002368,0.00002475,-0.00001313,-0.00002514,0.00004375,-0.00005056,-0.00870245,-0.
00864636,0.00218091,-0.09197011,-0.15399625,0.06360473,-0.00132565,-0.00077530,-
0.00149861,-0.00048656,-0.00016492,0.00017642,0.00663871,0.00820933,-0.00472192,
-0.01226726,-0.02018436,0.01240020,0.10345913,0.18500088,-0.00165545,-0.00156262
,-0.00286793,-0.00058719,-0.00072965,0.00026999,-0.00117653,0.00212668,-0.000429
51,0.00006518,-0.00026598,0.00006851,-0.00026449,0.00000035,0.00003768,0.0000998
1,0.00015527,0.00001427,0.00099882,-0.00151967,-0.00399380,0.00004072,0.00007641
,0.00008467,0.00016852,0.00024320,-0.00008191,-0.00015416,-0.00019027,-0.0001189
5,0.00019273,-0.00007268,-0.00037527,0.00015203,-0.00062453,0.00066511,-0.000812
73,-0.00035752,-0.00021383,-0.00007851,-0.00001899,-0.00001823,-0.00021725,-0.00
411785,-0.00286321,-0.00035462,-0.00021747,-0.00024242,0.00002572,-0.00004069,-0
.00014189,-0.00013464,-0.00020722,0.00026169,0.00084746,0.00004911,0.00030400,0.
00044742,-0.00016719,0.00075221,0.00040641,0.00021458,-0.00013759,0.00400073,-0.
00016928,0.00045094,-0.00031502,0.00000401,-0.00015898,-0.00029701,0.00032583,0.
00008816,0.00041171,0.00071271,-0.00041171,0.00292353,0.00000256,-0.00424285,-0.
00041549,0.00054778,0.00086806,-0.00214864,0.00138271,-0.00053275,0.00016450,-0.
00002122,0.00000914,0.00007742,-0.00025151,0.00001440,0.00001126,-0.00006711,0.0
0000796,-0.00045100,-0.00006787,0.00072071,0.00014574,0.00009255,-0.00038472,-0.
00004822,0.00001708,-0.00007999,0.00000407,0.00001153,0.00002960,0.00000617,-0.0
0000190,0.00000107,0.00000406,-0.00000662,-0.00001093,0.00000047,-0.00001262,-0.
00001614,0.00001719,-0.00002256,-0.00001376,-0.00008342,0.00001963,-0.00009000,0
.00001726,0.00002342,-0.00002090,0.00002791,0.00002232,-0.00000902,0.00001011,0.
00000901,-0.00001283,0.00001500,0.00000129,0.00000423,-0.00002065,-0.00003426,0.
00006400,-0.00001517,-0.00000017,-0.00001495,-0.00000707,0.00000065,-0.00000692,
-0.00000657,0.00000338,-0.00000202,0.00000406,-0.00000202,0.00000141,0.00000312,
0.00000844,-0.00000284,0.00000675,-0.00000218,-0.00000861,0.00000422,0.00000158,
0.00000502,-0.00000061,-0.00000435,-0.00000414,-0.00000057,-0.00000870,-0.000011
36,-0.00002017,-0.00001264,-0.00003567,0.00019857,-0.00004742,0.00002076,-0.0000
0740,0.00000573,0.00000382,0.00000097,0.00002730,0.00004083,-0.00000491,-0.00002
925,0.00001055,0.00001310,-0.00001219,0.00001273,-0.00000652,0.00000153,-0.00000
613,0.00000252,-0.00003949,-0.00000057,-0.00002440,0.00000320,-0.00003288,0.0000
9177,-0.00002820,0.00003342,-0.01176789,-0.01342332,0.00795229,0.05258341,0.0637
7460,-0.07766845,-0.00239713,-0.00157090,-0.00233173,-0.00079583,-0.00063669,0.0
0046295,0.01566098,0.01586689,-0.01179494,0.00616406,0.00990127,-0.00479770,-0.0
6184281,-0.06877568,0.10082861,0.00009085,-0.00001115,0.00012529,0.00094899,0.00
249061,0.00168278,-0.00021508,0.00009759,0.00011905,-0.00001467,-0.00001346,0.00
002089,0.00000214,0.00000612,0.00000329,0.00002292,0.00000290,0.00001780,-0.0003
7897,-0.00128353,0.00090937,0.00001911,0.00009091,-0.00019229,0.00001955,-0.0019
9496,0.00012942,-0.00003881,-0.00001214,0.00001849,0.00032888,0.00024749,0.00022
597,-0.00007017,0.00001282,-0.00003111,0.00001506,0.00002770,0.00000176,-0.00005
210,0.00000828,-0.00004074,0.00002301,0.00006521,0.00002581,0.00002231,0.0000115
8,0.00000488,-0.00001906,-0.00001265,-0.00000832,-0.00027394,-0.00004088,0.00008
595,0.00007792,-0.00002843,-0.00010968,-0.00758595,0.01112487,0.00553572,-0.0003
7771,-0.00018544,-0.00012445,-0.00011681,0.00001348,0.00002894,-0.00005510,-0.00
007147,-0.00004676,0.00001733,-0.00001509,-0.00003289,0.00002139,-0.00007907,0.0
0002474,-0.00084501,-0.00054641,0.00013414,-0.00003178,-0.00001585,-0.00011979,-
0.00141463,0.00156815,-0.00028417,-0.00142546,0.00123079,-0.00078089,0.00000272,
0.00001610,0.00000023,0.00000371,0.00000448,0.00000645,0.00005137,0.00002315,-0.
00004451,-0.00001469,-0.00001892,0.00001968,0.00000041,-0.00000185,0.00001148,-0
.00000390,0.00000153,-0.00000816,0.00000170,0.00000011,-0.00000022,0.00000108,0.
00000150,0.00000434,0.00000320,0.00000216,0.00000697,-0.00000314,0.00000562,0.00
000055,0.00000399,-0.00001237,0.00000771,-0.00000242,-0.00000380,0.00000507,0.00
000051,0.00000055,-0.00000057,-0.00000123,0.00000338,0.00000337,-0.00000081,0.00
000113,0.00000228,0.00000397,0.00000230,-0.00000720,0.00000177,0.00000071,-0.000
00264,0.00000109,0.00000163,-0.00000022,0.00000205,0.00000134,0.00000169,0.00000
051,0.00000184,0.00000067,-0.00000299,-0.00000421,0.00000748,-0.00000049,-0.0000
0007,0.00000186,-0.00000093,0.00000088,0.00000056,-0.00000092,0.00000106,-0.0000
0029,-0.00000010,0.00000270,-0.00000047,0.00000151,0.00000248,0.00000062,0.00005
267,0.00007244,-0.00004648,0.00002244,-0.00002493,0.00000338,-0.00000498,0.00001
339,0.00002484,-0.00000139,0.00000699,-0.00000424,-0.00000872,-0.00001352,-0.000
00869,0.00000167,0.00000136,0.00001547,-0.00000547,-0.00000008,-0.00001436,0.000
00352,0.00001190,0.00000322,0.00000324,-0.00000348,-0.00000245,-0.10145596,0.064
26049,0.07762112,0.00737696,-0.00913110,-0.01298407,-0.01597499,0.00736109,0.017
29009,0.00056756,0.00101396,0.00052680,-0.00137448,-0.00192069,-0.00303830,0.000
84035,-0.00033379,-0.00016331,0.00031724,0.00006117,0.00010254,0.12398801,0.0003
5782,0.00028313,-0.00003945,0.00097019,-0.00135035,-0.00223499,0.00021648,-0.000
84099,0.00006486,0.00002321,0.00004577,-0.00001052,0.00008113,0.00003401,-0.0000
1030,0.00000573,-0.00004701,0.00004880,-0.00202283,-0.00145419,0.00144022,-0.000
32041,-0.00026135,0.00017441,-0.00018920,0.00128926,0.00047676,0.00006831,0.0000
4593,-0.00001535,-0.00048692,-0.00030349,-0.00030660,-0.00011809,-0.00005685,0.0
0000686,0.00003998,0.00000292,0.00006269,0.00005978,0.00006018,0.00001671,0.0000
5155,0.00002684,0.00003161,0.00002931,0.00001893,0.00002680,0.00000958,0.0000263
8,0.00001677,0.00042541,0.00010720,-0.00015796,-0.00025659,0.00008431,0.00011264
,0.01422757,-0.01458025,-0.00764729,-0.00033626,-0.00025898,0.00008582,-0.000049
66,0.00015211,-0.00015952,0.00006937,-0.00000317,0.00004966,0.00005187,0.0000796
6,-0.00004678,0.00011318,-0.00003320,0.00021648,-0.00053952,-0.00016060,-0.00014
487,-0.00007824,0.00000146,-0.00013736,0.00217538,-0.00330615,0.00054649,0.00135
693,-0.00172506,0.00061478,-0.00001740,0.00001997,-0.00000414,-0.00000099,0.0000
2482,-0.00002075,-0.00006330,-0.00004786,-0.00013929,0.00002461,0.00001420,0.000
07897,0.00002398,0.00000648,0.00001750,0.00000894,-0.00000866,-0.00000638,0.0000
0343,-0.00000471,-0.00000017,0.00000408,-0.00000366,0.00000313,-0.00000043,0.000
00246,0.00000752,-0.00001483,0.00001013,-0.00001524,0.00003231,-0.00000046,0.000
02648,0.00000722,0.,0.00000066,-0.00000640,-0.00000234,0.00000277,0.00000352,0.0
0000170,0.00000287,-0.00000519,0.00000103,-0.00000114,0.00000787,0.00001448,-0.0
0000765,0.00000233,0.00000064,0.00000593,0.00000634,-0.00000398,0.00000177,0.000
00523,-0.00000321,0.00000058,-0.00000021,-0.00000027,0.00000037,-0.00000969,-0.0
0000152,0.00001258,-0.00000096,-0.00000163,0.00000134,0.00000362,0.00000419,-0.0
0000242,0.00000416,0.00000434,0.00000210,0.00000375,0.00000649,0.00000526,0.0000
0281,-0.00000217,0.00000535,-0.00003490,-0.00002538,-0.00000370,0.00000375,0.000
05253,-0.00001901,-0.00000132,-0.00001049,-0.00000877,-0.00000392,0.00002063,-0.
00000400,0.00001133,0.00004534,0.00002335,-0.00003448,0.00000552,-0.00004369,0.0
0000422,0.00002062,0.00000791,0.00001212,-0.00001983,-0.00000180,-0.00002886,-0.
00000349,0.00000314,0.06518021,-0.10715929,-0.08124505,0.00512134,-0.00690754,-0
.01116928,-0.01053374,0.00711800,0.01029230,-0.00070113,0.00096104,0.00092389,-0
.00183269,-0.00080054,-0.00205908,0.00024784,0.00079337,0.00075191,0.00026775,-0
.00007475,-0.00003126,-0.07090186,0.12945620,0.00013010,0.00020546,-0.00015810,-
0.00102441,0.00257284,0.00023407,0.00009998,-0.00024882,0.00008274,0.00001813,0.
00003543,-0.00001883,0.00003260,0.00002566,-0.00002395,0.00001381,0.00003468,-0.
00003698,0.00055408,0.00038009,0.00076792,0.00050461,0.00010727,-0.00057038,0.00
051856,-0.00011838,0.00032841,0.00003830,0.00003272,-0.00002887,0.00004222,0.000
30024,0.00044231,-0.00004733,-0.00009609,-0.00001437,-0.00001423,-0.00005769,0.0
0007449,0.00004821,0.00006330,0.00000627,0.00008982,0.00007936,-0.00000516,0.000
02154,-0.00000250,0.00001200,0.00001235,0.00002433,0.00001733,0.00007760,0.00004
145,-0.00008846,-0.00015700,-0.00000118,0.00002778,-0.00613038,0.00687018,0.0064
0522,-0.00041598,-0.00058503,0.00027980,-0.00003498,0.00004745,0.00005551,-0.000
02570,0.00002078,-0.00004151,0.00004856,0.00008243,0.00000442,0.00003870,-0.0000
3809,0.00009573,0.00057546,0.00048346,-0.00018485,-0.00011847,-0.00008497,-0.000
19902,-0.00104654,0.00133934,-0.00031957,-0.00095536,0.00080384,-0.00068090,-0.0
0000875,0.00000668,0.00000357,-0.00000711,0.00000308,-0.00001238,-0.00006004,-0.
00012898,-0.00008592,-0.00000511,0.00006471,0.00005076,0.00000281,0.00001462,0.0
0000012,0.00000506,-0.00000246,0.00000210,0.00000216,-0.00000508,-0.00000595,-0.
00000447,0.00000138,-0.00000089,-0.00000337,0.00000768,0.00001143,-0.00000583,0.
00000652,-0.00001375,0.00001175,0.00000680,0.00001173,0.00001271,0.00001548,-0.0
0000968,-0.00000467,-0.00000064,0.00000595,0.00000286,-0.00000274,-0.00000326,0.
00000180,0.00000679,-0.00000182,0.00000539,0.00001934,0.00000662,0.00000171,-0.0
0000088,0.00000257,0.00000266,-0.00000253,0.00000239,0.00000348,-0.00000310,0.00
000106,0.00000020,-0.00000235,0.00000137,-0.00000157,-0.00000438,0.00001591,-0.0
0000132,-0.00000382,0.00000438,0.00000231,0.00000220,-0.00000050,0.00000207,0.00
000136,0.00000209,0.00000252,0.00000247,0.00000277,0.00000465,-0.00000387,-0.000
00006,0.00000306,-0.00002800,0.00000643,-0.00000513,0.00003992,-0.00000523,0.000
01504,-0.00000554,-0.00001697,0.00000522,-0.00000104,-0.00000234,-0.00000057,0.0
0000454,0.00000226,-0.00003100,-0.00000943,-0.00000523,-0.00000175,-0.00000001,0
.00000440,-0.00001030,0.00000114,-0.00000669,-0.00000296,0.00000444,0.00000259,0
.07762628,-0.07928035,-0.13679923,0.00766987,-0.01347299,-0.01830365,0.01285890,
-0.00588753,-0.01152874,-0.00120762,-0.00058252,0.00069770,-0.00289623,-0.002495
97,-0.00362212,0.00048068,-0.00002072,0.00006156,0.00031894,0.00015430,0.0002083
4,-0.08892817,0.08756604,0.16387452,-0.00000309,-0.00005165,0.00001054,0.0001080
3,-0.00072812,-0.00008952,-0.00013400,-0.00002688,0.00000260,-0.00001003,-0.0000
1207,0.00000890,-0.00000387,0.00000400,0.00000148,0.00000409,0.00000586,-0.00000
543,0.00002002,0.00000044,-0.00002530,-0.00018037,-0.00016062,0.00016911,0.00019
517,0.00034696,-0.00005969,-0.00000614,-0.00000275,0.00001730,-0.00005976,-0.000
04875,-0.00006905,0.00000586,0.00003243,-0.00000608,0.00001295,-0.00000422,-0.00
000449,-0.00001427,-0.00000051,-0.00000975,0.00001133,-0.00001564,0.00000832,-0.
00000088,-0.00000369,-0.00000646,-0.00000107,-0.00000681,-0.00000498,0.00006788,
0.00001161,-0.00003435,-0.00000632,0.00003445,0.00002550,-0.00145614,-0.00215998
,0.00137975,-0.00000804,0.00020474,0.00000441,0.00000974,-0.00001142,0.00003298,
0.00000966,0.00001072,-0.00000553,-0.00000044,0.00000635,-0.00000191,0.00000606,
-0.00000676,-0.00001241,-0.00000879,0.00000143,0.00000704,-0.00002884,-0.0000271
0,0.00001296,0.00034364,-0.00027981,0.00022809,0.00014517,-0.00002992,-0.0000056
0,0.00000688,-0.00000325,0.00000001,0.00000386,0.00000778,0.00000050,-0.00003644
,0.00001990,-0.00003391,0.00000722,-0.00001121,0.00002168,0.00000199,0.00000168,
0.00000429,0.00000091,-0.00000174,-0.00000629,-0.00000103,-0.00000026,-0.0000021
9,-0.00000341,0.00000204,-0.00000057,0.00000060,0.00000113,0.00000263,0.00000279
,-0.00000050,0.00000343,0.00000536,-0.00000664,0.00000119,0.00000012,0.00000021,
0.00000375,-0.00000101,0.00000034,0.00000210,-0.00000154,-0.00000131,-0.00000176
,0.00000012,-0.00000009,-0.00000393,0.00000332,0.00000201,-0.00000465,-0.0000004
0,0.00000114,-0.00000128,0.00000195,0.00000043,0.00000083,0.00000199,-0.00000014
,-0.00000010,0.00000093,0.00000010,-0.00000043,0.00000095,0.00000060,0.00000294,
-0.00000165,0.00000015,0.00000205,-0.00000003,0.00000110,-0.00000090,0.00000062,
0.00000241,-0.00000018,0.00000025,0.00000233,0.00000187,-0.00000113,-0.00000127,
-0.00000116,0.00001257,0.00002664,-0.00002052,0.00000643,-0.00001735,-0.00000046
,-0.00000771,0.00000133,0.00000776,0.00000002,0.00000674,-0.00000199,0.00000020,
-0.00000113,-0.00000224,0.00000394,0.00000302,0.00000182,0.00000071,0.00000467,-
0.00000793,-0.00000265,0.00000002,-0.00000136,0.00000572,-0.00000179,-0.00000100
,0.00706601,-0.01138271,0.01130957,0.00057793,-0.00097745,0.00086924,-0.09859497
,0.06542251,-0.07104792,-0.00808121,0.00597129,-0.01332269,0.00001113,0.00016847
,-0.00002994,-0.00059137,-0.00041030,0.00007987,-0.00006042,0.00000078,0.0001084
4,0.00010314,-0.00002649,-0.00004898,0.11511755,-0.00006522,0.00010451,-0.000219
04,0.00052842,-0.00051829,-0.00066431,0.00029140,0.00014354,0.00007476,0.0000360
9,0.00003660,0.00000364,0.00001265,0.00000115,-0.00001325,0.00001880,0.00000560,
-0.00003023,0.00005597,-0.00005682,0.00004816,-0.00017725,0.00029677,0.00060868,
-0.00006241,0.00020970,0.00016824,0.00001544,0.00001812,-0.00004865,-0.00023393,
-0.00044333,-0.00024515,-0.00004084,-0.00003887,0.00006074,-0.00005977,0.0000146
6,0.00000685,0.00000723,0.00001798,0.00001371,0.00000779,-0.00007240,0.00000253,
-0.00001909,-0.00002022,0.00000165,0.00000780,0.00001489,0.00000104,0.00018749,0
.00004119,-0.00001687,-0.00001774,-0.00003586,0.00000412,-0.00217367,-0.00242439
,0.00318762,-0.00046209,-0.00037193,0.00043180,0.00005370,-0.00000922,0.00003950
,-0.00006093,-0.00002105,-0.00004919,0.00004288,0.00002156,0.00000100,-0.0000098
4,0.00002839,-0.00000593,0.00000042,0.00001881,0.00004984,-0.00008064,-0.0000191
2,-0.00000128,0.00010298,-0.00036591,0.00010479,-0.00060829,0.00006193,-0.000091
62,-0.00000432,0.00001488,-0.00000346,-0.00000431,-0.00001226,-0.00001019,0.0000
0392,-0.00010377,0.00015293,0.00003001,0.00007921,-0.00009133,-0.00000427,0.0000
1103,-0.00001789,-0.00000047,0.00000554,0.00000860,0.00000084,0.00000013,-0.0000
0008,0.00000311,-0.00000179,-0.00000025,-0.00000076,-0.00000065,-0.00000163,0.00
000406,-0.00000141,-0.00000455,-0.00000803,0.00001560,-0.00001563,0.00000167,0.0
0000880,-0.00000324,0.00000428,0.00000474,-0.00000425,0.00000474,0.00000534,0.00
000010,0.00000059,0.00000053,0.00000303,-0.00000569,-0.00000223,0.00000945,-0.00
000263,-0.00000292,-0.00000161,-0.00000250,-0.00000099,-0.00000205,-0.00000153,-
0.00000006,-0.00000039,0.00000073,-0.00000160,-0.00000017,0.00000019,-0.00000336
,-0.00000216,0.00000517,-0.00000182,-0.00000525,0.00000379,0.00000216,-0.0000001
3,0.00000183,-0.00000060,-0.00000044,0.00000168,-0.00000085,-0.00000104,-0.00000
095,-0.00000384,0.00000101,-0.00004728,-0.00005757,0.00006683,-0.00000345,0.0000
3017,0.00000079,0.00000831,-0.00000368,-0.00001272,-0.00001109,-0.00001163,0.000
00774,0.00000820,0.00001937,0.00000418,-0.00002084,0.00001444,-0.00002461,-0.000
00136,-0.00001872,0.00001063,0.00000017,0.00000439,-0.00002044,-0.00000585,0.000
00690,-0.00000221,0.00636924,-0.01449998,0.01433281,0.00074035,0.00032262,0.0004
3606,0.06525109,-0.11498101,0.08440458,-0.00886714,0.00819549,-0.01291024,0.0001
4864,-0.00070242,-0.00024608,-0.00109985,0.00012585,-0.00011000,0.00019265,0.000
22190,-0.00014316,0.00018717,0.00025268,-0.00012408,-0.07106054,0.13698031,0.000
03908,-0.00013130,0.00021949,-0.00075227,-0.00015398,0.00047837,-0.00032285,-0.0
0016435,-0.00006554,-0.00004070,-0.00004144,0.00000020,-0.00001408,-0.00000123,0
.00001070,-0.00001669,-0.00000480,0.00002630,-0.00005125,0.00006870,-0.00007261,
0.00029010,-0.00015193,-0.00062625,0.00028184,0.00008029,-0.00013235,-0.00002414
,-0.00001723,0.00003357,0.00017063,0.00034991,0.00021004,0.00002638,0.00003917,-
0.00004068,0.00005815,-0.00000750,-0.00001689,-0.00000966,-0.00002610,-0.0000133
4,-0.00000970,0.00002329,0.00002037,0.00000562,0.00001642,-0.00000571,-0.0000099
5,-0.00001559,-0.00000762,-0.00018619,-0.00004050,0.00002797,0.00004892,0.000049
36,0.00000577,0.00182459,0.00160584,-0.00139858,0.00044325,0.00046430,-0.0002330
1,-0.00003473,-0.00000857,-0.00001880,0.00006686,0.00002726,0.00003720,-0.000040
91,-0.00002279,-0.00000853,0.00001184,-0.00002739,-0.00001312,0.00000705,-0.0000
0807,-0.00004529,0.00004508,0.00002680,0.00004254,-0.00011067,0.00048923,-0.0000
8275,0.00025216,-0.00017149,-0.00003300,0.00000572,-0.00001200,-0.00000009,0.000
00608,0.00001366,0.00000752,-0.00004928,0.00013691,-0.00012472,-0.00001090,-0.00
009391,0.00007296,0.00000863,-0.00000949,0.00001597,0.00000492,-0.00000711,-0.00
000589,-0.00000028,-0.00000178,-0.00000093,-0.00000428,0.00000127,-0.00000067,0.
00000190,-0.00000136,0.00000272,0.00000239,-0.00000464,0.00000467,0.00001617,-0.
00002037,0.00001107,-0.00000051,-0.00000670,0.00000776,-0.00000387,-0.00000247,0
.00000545,-0.00000487,-0.00000682,-0.00000351,-0.00000078,-0.00000121,-0.0000068
2,0.00000277,-0.00000252,-0.00000725,-0.00000030,0.00000350,-0.00000219,0.000002
81,0.00000172,0.00000174,0.00000277,0.00000027,-0.00000058,0.00000128,0.00000123
,-0.00000337,0.00000060,0.00000650,0.00000209,-0.00000472,0.00000298,0.00000340,
-0.00000353,-0.00000141,-0.00000053,-0.00000143,0.00000111,-0.00000068,-0.000002
49,0.00000013,0.00000075,-0.00000138,0.00000269,-0.00000329,0.00004978,0.0000703
8,-0.00006882,0.00001052,-0.00003963,0.00000218,-0.00001337,0.00000540,0.0000183
3,0.00000730,0.00001316,-0.00000780,-0.00000349,-0.00001691,-0.00000643,0.000019
68,-0.00001196,0.00001735,0.00000121,0.00001864,-0.00001339,-0.00000166,-0.00000
657,0.00001635,0.00000720,-0.00000757,0.00000192,-0.00558051,0.01252574,-0.01165
461,-0.00102722,-0.00116925,0.00070859,-0.07112265,0.08497595,-0.14138110,-0.014
01150,0.00875405,-0.01920803,0.00007894,-0.00002086,0.00018101,0.00038787,-0.000
08438,0.00047079,-0.00022297,-0.00031298,-0.00003602,-0.00008560,-0.00002954,-0.
00024075,0.08618064,-0.09735296,0.16656253,0.00008664,0.00002094,-0.00000160,-0.
00000460,0.00051522,0.00008183,0.00000022,0.00015973,0.00019426,0.00002024,0.000
02407,0.00000797,0.00000152,-0.00001680,-0.00000500,0.00000436,0.00000527,-0.000
02449,0.00007765,0.00014498,-0.00012237,-0.00077459,-0.00060185,0.00074837,0.000
08134,-0.00032707,-0.00014154,-0.00004871,-0.00000625,0.00001593,0.00013194,-0.0
0001696,-0.00017287,-0.00006155,0.00000997,-0.00000775,-0.00004314,0.00002412,-0
.00002657,0.00000080,0.00000394,-0.00001250,-0.00005685,-0.00001753,-0.00001543,
-0.00000068,0.00000050,0.00000495,0.00001334,0.00000600,-0.00000437,-0.00020947,
-0.00004976,0.00008893,0.00010966,-0.00009773,-0.00006631,0.00084725,0.00104192,
-0.00119376,0.00000167,-0.00012704,-0.00017593,-0.00001311,-0.00005593,0.0000312
7,0.00003293,-0.00001264,-0.00001277,0.00004265,0.00000468,-0.00002098,-0.000056
20,-0.00001620,-0.00007179,-0.00007997,-0.00009622,0.00000794,0.00002859,0.00002
867,0.00004707,0.00008167,-0.00000248,-0.00025786,0.00078500,-0.00003392,-0.0000
0131,0.00000789,0.00001702,-0.00001037,0.00000458,-0.00000911,0.00000040,0.00007
224,0.00006083,0.00008510,-0.00001795,-0.00003121,-0.00004466,-0.00000975,-0.000
00571,-0.00000440,0.00000201,0.00000128,0.00000792,0.00000351,0.00000024,0.00000
173,0.00000270,-0.00000263,-0.00000079,0.00000060,-0.00000410,-0.00000346,0.0000
0993,-0.00001089,0.00000183,-0.00000831,-0.00000623,-0.00000994,-0.00000050,-0.0
0000107,-0.00000088,0.00000403,0.00000191,-0.00000294,0.00000359,0.00000194,0.00
000040,0.00000015,-0.00000015,0.00000269,-0.00000620,-0.00001003,0.00000858,-0.0
0000123,-0.00000003,-0.00000202,-0.00000338,0.00000165,-0.00000322,-0.00000322,0
.00000282,-0.00000027,0.00000270,0.00000079,-0.00000110,0.00000177,0.00000529,-0
.00000741,0.00000450,0.00000142,-0.00000825,0.00000051,-0.00000037,0.00000162,-0
.00000093,-0.00000337,-0.00000064,-0.00000080,-0.00000318,-0.00000306,-0.0000011
9,0.00000256,0.00000429,0.00004308,0.00000629,-0.00001219,-0.00001083,0.00003063
,0.00000156,0.00000728,0.00001264,-0.00001307,0.00000473,-0.00000228,-0.00000330
,-0.00000534,-0.00000168,0.00000653,-0.00001723,-0.00000834,-0.00000051,0.000002
68,-0.00001169,-0.00000073,-0.00000628,0.00000523,-0.00000452,0.00000875,0.00000
733,-0.00000719,-0.01906124,0.00824197,0.01413113,0.00014613,0.00044384,0.000665
12,-0.15124985,0.08665953,0.07360535,0.00800333,-0.00684615,-0.00555963,-0.00016
369,-0.00063934,-0.00071683,0.00007950,0.00000975,0.00008899,0.00022443,-0.00000
304,-0.00019761,-0.00316770,-0.00272918,0.00209050,-0.01453945,0.01306861,0.0064
8538,0.17686383,-0.00005663,-0.00005547,0.00001037,-0.00011084,-0.00021804,-0.00
012791,-0.00000341,0.00006569,-0.00007202,-0.00000509,-0.00001135,0.00001186,-0.
00000892,0.00000526,0.00000318,-0.00000053,0.00000561,-0.00000699,0.00007185,0.0
0003798,-0.00007240,-0.00042373,-0.00022208,0.00025211,0.00005762,0.00013709,0.0
0000510,0.00000730,-0.00001206,0.00001960,0.00017086,0.00015700,0.00003761,0.000
03128,0.00000427,0.00000172,0.00001118,0.00001244,-0.00001584,-0.00001112,-0.000
01067,-0.00000690,-0.00001244,0.00000909,0.00000180,0.00000356,0.00000235,-0.000
00387,-0.00000331,-0.00000597,-0.00000472,-0.00000546,0.00001391,0.00001640,0.00
000561,0.00001480,-0.00000979,-0.00105287,0.00082371,0.00056566,0.00006147,0.000
13987,0.00001563,0.00001525,-0.00000654,0.00001664,-0.00000404,0.00000639,-0.000
00300,-0.00000828,-0.00001258,0.00001919,0.00000234,0.00000602,-0.00001697,-0.00
004218,-0.00004647,0.00004506,0.00000760,-0.00001801,0.00000931,-0.00023301,0.00
017804,-0.00003418,-0.00000079,0.00001920,0.00062100,0.00000675,-0.00000945,0.00
000207,0.00000148,0.00000324,0.00000039,-0.00000096,0.00000137,-0.00004921,-0.00
000992,0.00000106,0.00002939,0.00000026,0.00000352,0.00000461,-0.00000152,-0.000
00025,-0.00000432,-0.00000202,0.00000086,-0.00000028,-0.00000153,0.00000118,-0.0
0000099,-0.00000144,0.00000205,-0.00000173,-0.00000249,0.00000288,0.00000294,-0.
00000091,-0.00000098,0.00000229,-0.00000429,-0.00000307,0.00000595,-0.00000193,-
0.00000245,0.,-0.00000145,-0.00000098,-0.00000136,-0.00000105,-0.00000319,-0.000
00153,0.00000208,-0.00000033,-0.00000926,0.00000053,0.00000009,0.00000123,0.0000
0183,-0.00000107,0.00000158,0.00000111,-0.00000167,-0.00000018,-0.00000052,-0.00
000149,0.00000015,0.00000213,-0.00000204,0.00000014,-0.00000077,0.00000052,0.000
00180,0.00000062,0.00000093,-0.00000151,0.00000128,0.00000262,-0.00000020,0.0000
0076,0.00000235,0.00000226,0.00000012,-0.00000019,-0.00000036,0.00000250,0.00001
447,-0.00000116,0.00000917,-0.00001554,0.00000159,-0.00000088,0.00000056,0.00000
261,0.00000172,0.00000304,-0.00000207,-0.00000269,-0.00000877,-0.00000532,0.0000
0930,0.00000432,0.00000845,-0.00000010,0.00000269,-0.00000526,-0.00000277,-0.000
00019,-0.00000147,0.00000367,-0.00000101,-0.00000085,-0.01199784,0.00741771,0.00
895538,0.00001046,0.00029694,0.00058912,0.08739359,-0.11018935,-0.05713988,0.010
71668,-0.01371010,-0.01236544,0.00003793,0.00017392,-0.00007185,-0.00002620,-0.0
0013574,-0.00007251,-0.00002620,-0.00007390,-0.00001277,-0.00285494,-0.00136240,
0.00191357,0.01693777,-0.01261940,-0.00722574,-0.09738016,0.13112487,-0.00008936
,-0.00003241,0.00000007,0.00001258,-0.00045382,-0.00054666,0.00011521,-0.0000581
6,-0.00013555,-0.00000596,-0.00001607,0.00000319,-0.00000292,0.00000894,0.000004
13,-0.00000173,-0.00000624,0.00001332,-0.00005715,-0.00010557,0.00005639,0.00085
692,0.00059105,-0.00036215,-0.00011990,0.00042478,0.00022618,0.00002014,-0.00000
383,-0.00002964,-0.00025482,-0.00020770,-0.00000620,0.00002665,-0.00002236,0.000
02079,0.00001466,-0.00000067,0.00000409,0.00000037,-0.00000440,0.00000290,0.0000
0557,-0.00000165,0.00002043,-0.00000328,0.00000166,-0.00000401,-0.00001121,-0.00
000491,-0.00000127,0.00021775,0.00001983,-0.00005617,-0.00006647,0.00005702,0.00
004531,0.00101310,-0.00084421,0.00069152,-0.00003989,0.00005201,0.00022564,0.000
01525,0.00003509,-0.00003506,-0.00002560,0.00001008,0.00000704,-0.00003245,-0.00
000589,0.00001040,0.00003155,0.00001552,0.00004856,0.00007240,0.00008417,0.00000
723,-0.00000604,-0.00000157,-0.00002006,-0.00013762,-0.00008553,0.00006963,-0.00
054872,0.00094866,-0.00121406,-0.00000712,-0.00001128,0.00000545,-0.00000416,0.0
0000102,-0.00000302,-0.00002258,-0.00003840,-0.00003859,0.00000133,0.00002187,0.
00002074,0.00000184,0.00000595,0.00000250,0.00000152,-0.00000103,0.00000008,-0.0
0000211,-0.00000058,-0.00000280,-0.00000362,0.00000291,0.00000051,0.00000196,0.0
0000191,0.00000168,-0.00000458,0.00000516,-0.00000549,-0.00000008,0.00000465,0.0
0000346,-0.00000151,0.00000055,0.00000148,-0.00000203,0.00000062,0.00000340,-0.0
0000339,-0.00000347,-0.00000110,0.00000111,-0.00000022,-0.00000431,0.00000153,0.
00000416,-0.00000509,0.00000010,0.00000022,0.00000088,0.00000102,-0.00000038,0.0
0000218,0.00000125,-0.00000156,0.00000003,-0.00000252,-0.00000041,0.00000100,-0.
00000037,-0.00000426,0.00000312,-0.00000187,-0.00000009,0.00000505,-0.00000032,-
0.00000041,-0.00000073,0.00000067,0.00000158,-0.00000021,0.00000017,0.00000085,0
.00000163,0.00000051,-0.00000094,-0.00000329,-0.00003945,-0.00001485,0.00003133,
0.00000850,-0.00001134,0.00000428,-0.00000240,-0.00000945,0.00000228,-0.00000651
,-0.00000445,0.00000304,0.00000804,0.00000245,-0.00000546,0.00001079,0.00000897,
-0.00000762,-0.00000234,0.00000349,0.00000453,0.00000594,-0.00000542,-0.00000146
,-0.00000996,-0.00000461,0.00000535,0.01360546,-0.00518778,-0.00996652,-0.000572
85,-0.00005725,0.00040326,0.07275514,-0.05723860,-0.09455309,0.01325245,-0.01543
762,-0.01211478,-0.00015106,-0.00000399,0.00028069,0.00000896,0.00007406,-0.0000
7784,-0.00002229,-0.00011242,0.00000452,0.00298387,0.00177073,-0.00162289,-0.014
41508,0.01155242,0.00868520,-0.08671613,0.06772900,0.11180741,-0.00007351,-0.000
07039,0.00002176,0.00009678,0.00048133,-0.00028903,0.00014225,0.00024063,0.00000
405,0.00001919,0.00002256,0.00002484,-0.00000653,-0.00002172,0.00000178,0.000004
95,0.00000062,-0.00000923,0.00004163,0.00003634,-0.00006087,-0.00043610,0.000197
82,0.00035915,0.00006384,-0.00028550,0.00015809,-0.00002088,-0.00000100,-0.00000
604,0.00000644,-0.00024057,-0.00011134,-0.00002452,-0.00004656,-0.00003838,-0.00
000329,0.00002138,-0.00001879,-0.00003453,0.00000490,0.00000424,0.00000654,0.000
00991,0.00003141,0.00000806,-0.00000591,0.00000602,-0.00000071,-0.00000406,0.000
00744,0.00000692,0.00004181,0.00000036,0.00004679,-0.00003353,-0.00007226,-0.000
07139,0.00007354,0.00003454,-0.00013391,-0.00027513,0.00009484,0.00000880,-0.000
00094,0.00004832,-0.00001737,0.00000663,-0.00003800,0.00000577,-0.00001830,0.000
00633,0.00000475,0.00003283,-0.00003577,-0.00005256,0.00000718,0.00001245,0.0000
4836,-0.00000060,0.00001926,0.00025549,-0.00009999,-0.00002121,-0.00000733,-0.00
017257,-0.00005021,0.00000208,0.00000967,0.00000039,0.00000107,-0.00002286,0.000
00391,0.00018592,0.00000279,0.00008506,-0.00007540,0.00001003,-0.00003821,-0.000
02963,-0.00000283,-0.00000865,-0.00000314,0.00000776,0.00001644,0.00000432,0.000
00131,0.00000126,0.00000302,-0.00000157,-0.00000092,0.00000080,-0.00000196,-0.00
000527,0.00000408,-0.00000509,-0.00000418,-0.00003334,0.00000196,-0.00001330,-0.
00000519,0.00000066,-0.00000798,0.00000562,0.00000405,-0.00000377,0.00000362,0.0
0000424,0.00000107,0.00000259,0.00000310,0.00000564,-0.00000916,-0.00000632,0.00
000868,0.00000092,-0.00000202,-0.00000135,-0.00000832,0.00000337,-0.00000422,-0.
00000750,0.00000499,0.00000168,-0.00000017,0.00000236,0.00000367,0.00000176,-0.0
0000010,-0.00000967,0.00000586,-0.00000014,-0.00000637,-0.00000052,-0.00000287,0
.00000447,-0.00000250,-0.00000673,0.,0.00000017,-0.00000472,-0.00000406,0.000002
30,0.00000177,0.00000632,-0.00002027,-0.00005438,0.00004660,-0.00001605,0.000024
70,0.00000139,0.00000770,0.00000072,-0.00001785,-0.00000729,-0.00002067,0.000010
70,-0.00000130,0.00001145,0.00000352,-0.00001212,0.00000028,-0.00000847,-0.00000
107,-0.00002542,0.00001358,-0.00000189,0.00000608,-0.00000743,0.00000257,0.00000
647,-0.00000457,-0.00124501,-0.00172858,-0.00257262,-0.00053551,-0.00074443,0.00
029781,-0.01245996,-0.00987247,0.00487875,-0.17774821,-0.08759105,0.07857518,0.0
0001957,-0.00004078,-0.00003483,0.00003772,0.00001744,0.00006338,-0.00006483,-0.
00000277,-0.00020302,0.00036629,0.00006081,-0.00036893,-0.00020655,0.00018014,0.
00011635,0.00098284,0.00039046,0.00028941,0.20466843,-0.00008965,-0.00007087,0.0
0001333,0.00016604,0.00027758,-0.00032160,0.00010983,0.00021416,-0.00003916,0.00
000857,0.00001648,0.00001787,-0.00000592,-0.00001744,0.00000190,0.00000682,0.000
00169,-0.00000503,0.00004931,-0.00000734,-0.00004958,-0.00050035,0.00020564,0.00
039330,-0.00002602,-0.00015334,0.00018922,-0.00001612,0.00000317,-0.00000125,0.0
0005064,-0.00022076,-0.00011773,-0.00001125,-0.00004129,-0.00002743,0.00000507,0
.00002284,-0.00001551,-0.00002765,0.00000322,0.00001391,0.00000467,0.00001177,0.
00003373,0.00000791,-0.00000366,0.00000422,-0.00000091,-0.00000169,0.00000507,-0
.00002960,0.00004520,0.00001510,0.00004433,-0.00001820,-0.00006369,-0.00035227,0
.00006273,-0.00009640,-0.00007466,-0.00016229,0.00005026,0.00001474,0.00000809,0
.00004674,-0.00001800,0.00000123,-0.00003182,0.00000587,-0.00002301,0.00001313,0
.00002499,0.00002833,-0.00002972,-0.00005849,0.00001389,0.00001425,0.00004148,-0
.00000384,0.00000742,0.00021048,-0.00002879,-0.00006876,-0.00005437,0.00008052,0
.00011259,0.00000281,0.00000852,-0.00000051,0.00000126,-0.00001717,0.00000382,0.
00013858,0.00000847,0.00003784,-0.00006150,0.00000119,-0.00001655,-0.00002028,-0
.00000326,-0.00000473,-0.00000449,0.00000519,0.00000772,0.00000144,0.00000179,0.
00000202,0.00000358,-0.00000166,0.00000046,-0.00000005,-0.00000145,-0.00000630,-
0.00000035,0.00000022,0.00000013,-0.00002269,0.00000097,-0.00000676,-0.00000533,
-0.00000209,-0.00000411,0.00000389,0.00000117,-0.00000590,0.00000377,0.00000539,
0.00000156,0.00000020,0.00000051,0.00000700,-0.00000600,-0.00000542,0.00000309,0
.00000141,-0.00000154,-0.00000014,-0.00000519,0.00000167,-0.00000330,-0.00000584
,0.00000345,0.00000084,-0.00000101,0.00000196,0.00000372,0.00000217,-0.00000222,
-0.00000717,0.00000451,-0.00000023,-0.00000544,-0.00000021,-0.00000201,0.0000033
8,-0.00000155,-0.00000489,-0.00000003,0.00000056,-0.00000285,-0.00000293,0.00000
190,0.00000171,0.00000605,-0.00001215,-0.00003647,0.00003474,-0.00000765,0.00001
345,0.00000369,0.00000497,0.00000149,-0.00000898,-0.00000743,-0.00001518,0.00001
005,-0.00000117,0.00000968,0.00000038,-0.00001068,0.00000169,-0.00000683,-0.0000
0104,-0.00001936,0.00000837,-0.00000125,0.00000629,-0.00000725,0.00000279,0.0000
0461,-0.00000545,-0.00232090,-0.00210542,-0.00304564,-0.00087490,-0.00087305,0.0
0043068,-0.01582056,-0.01198813,0.00613077,-0.08760969,-0.10227089,0.05260469,0.
00002811,0.00000597,0.00002750,0.00003158,0.00000690,0.00002616,-0.00013580,-0.0
0006324,-0.00024629,0.00026278,-0.00003662,-0.00024822,0.00019391,0.00031866,0.0
0013882,-0.00015917,0.00008202,0.00055178,0.10478117,0.11784626,0.00002744,-0.00
001639,0.00004907,-0.00028526,-0.00067060,0.00006507,-0.00010511,-0.00014186,-0.
00002115,-0.00000987,-0.00001370,-0.00000481,0.00000272,0.00000701,0.00000260,-0
.00000493,-0.00000352,0.00001161,-0.00003962,-0.00002681,-0.00002443,0.00015418,
-0.00005251,-0.00017962,0.00012338,0.00048169,-0.00024026,0.00001450,0.00000045,
0.00000884,-0.00000198,0.00012567,0.00006919,0.00001134,-0.00000965,-0.00000661,
0.00001706,-0.00000982,0.00000402,0.00001216,-0.00000694,-0.00000368,0.,0.000009
26,0.00001259,0.00000605,0.00000500,0.00000053,-0.00000085,-0.00000182,-0.000000
61,-0.00000587,-0.00000106,-0.00000797,-0.00001788,0.00003545,0.00002208,0.00001
866,-0.00001583,0.00013050,0.00012633,0.00030395,-0.00003050,-0.00002903,0.00001
171,-0.00001327,0.00001582,0.00000970,0.00001633,-0.00002142,0.00000407,-0.00000
929,0.00001058,-0.00001062,0.00002351,-0.00001714,0.00001353,0.00000002,0.000009
83,-0.00000457,0.00000363,0.00002563,0.00004809,0.00007005,0.00015640,-0.0000661
2,-0.00016738,0.00000029,-0.00000885,0.00000076,0.00000193,0.00000983,-0.0000003
0,-0.00003036,0.00000801,-0.00004055,0.00000653,-0.00000451,0.00002170,0.0000069
2,0.00000141,0.00000465,0.00000170,-0.00000157,-0.00000205,-0.00000026,-0.000000
55,-0.00000052,-0.00000276,0.00000165,-0.00000018,0.00000055,0.00000214,0.000003
69,-0.00000291,0.00000210,-0.00000132,0.00000744,-0.00000334,0.00000490,0.000000
28,-0.00000130,0.00000222,-0.00000224,-0.00000082,0.00000242,-0.00000141,-0.0000
0190,-0.00000118,-0.00000027,-0.00000034,-0.00000276,0.00000147,0.00000187,-0.00
000366,0.00000059,0.00000077,0.00000062,0.00000281,-0.00000045,0.00000214,0.0000
0317,-0.00000175,0.00000001,-0.00000079,-0.00000077,-0.00000157,-0.00000078,-0.0
0000089,0.00000189,-0.00000199,0.00000009,0.00000193,0.00000026,0.00000109,-0.00
000191,0.00000123,0.00000308,-0.00000031,0.00000031,0.00000249,0.00000202,0.0000
0009,0.00000021,-0.00000167,0.00001740,0.00002503,-0.00002847,0.00000294,-0.0000
0770,-0.00000425,-0.00000445,-0.00000084,0.00000506,0.00000342,0.00000964,-0.000
00545,-0.00000016,-0.00000101,0.00000382,0.00000530,-0.00000354,0.00000175,0.000
00140,0.00001226,-0.00000411,0.00000136,-0.00000746,0.00000636,-0.00000141,-0.00
000457,0.00000187,-0.00169276,-0.00211846,-0.00202192,-0.00076622,-0.00063912,0.
00028354,-0.01499768,-0.01107379,0.00730341,0.07903550,0.05271124,-0.08851440,0.
00002966,0.00007667,0.00011906,0.00004287,-0.00000785,0.00003339,-0.00018184,-0.
00011585,-0.00015777,-0.00024963,0.00008059,0.00002120,0.00001965,-0.00006194,0.
00028295,-0.00037976,0.00007969,0.00085491,-0.09077793,-0.05869292,0.10158898,0.
00004646,-0.00004502,0.00002183,-0.00004361,0.00015428,0.00028862,-0.00009093,0.
00001057,0.00007950,-0.00000617,-0.00001188,0.00000910,-0.00000278,0.00000054,0.
00000256,0.00000366,0.00000271,0.00000298,0.00001628,-0.00001388,0.00001030,-0.0
0008827,-0.00009913,-0.00003645,0.00005037,-0.00025465,-0.00011031,-0.00002734,-
0.00000662,0.00001621,0.00007762,0.00009354,0.00001238,-0.00001511,0.00004459,-0
.00001363,-0.00000213,0.00000004,-0.00000432,-0.00001382,0.00000444,-0.00001114,
0.00000334,-0.00000691,0.00000083,0.00000062,-0.00000080,-0.00000425,0.00000063,
-0.00000559,-0.00000499,-0.00006336,-0.00001148,0.00001622,0.00003394,-0.0000144
5,-0.00002097,-0.00023182,0.00007427,-0.00004844,0.00000038,-0.00004149,-0.00008
514,-0.00000388,-0.00001100,0.00001329,0.00001476,-0.00000224,0.00000438,0.00000
236,0.00001024,-0.00000674,-0.00000124,-0.00000928,-0.00000758,-0.00000098,0.000
00200,-0.00002336,-0.00000769,-0.00000414,-0.00000489,0.00009022,0.00006477,-0.0
0003136,0.00003942,-0.00003616,0.00001296,0.00000424,-0.00000480,-0.00000193,0.0
0000108,0.00000770,0.00000041,-0.00004201,0.00002946,-0.00000229,0.00001957,-0.0
0001360,0.00000121,0.00000484,-0.00000251,0.00000363,0.00000234,-0.00000277,-0.0
0000466,-0.00000190,0.00000009,-0.00000210,-0.00000304,0.00000238,0.00000269,0.0
0000210,0.00000004,0.00000452,0.00000328,-0.00000182,0.00000153,0.00000673,-0.00
000577,0.00000166,-0.00000027,-0.00000221,0.00000558,-0.00000076,0.00000047,0.00
000332,-0.00000273,-0.00000217,0.00000044,0.00000024,-0.00000077,-0.00000428,0.0
0000206,-0.00000082,-0.00000515,-0.00000083,0.00000096,-0.00000280,0.00000111,0.
00000052,0.00000045,0.00000177,-0.00000058,-0.00000025,0.00000020,-0.00000043,-0
.00000210,-0.00000139,0.00000087,0.00000278,-0.00000188,-0.00000042,0.00000096,0
.00000011,0.00000079,-0.00000212,0.00000060,0.00000242,-0.00000080,-0.00000022,0
.00000170,0.00000079,-0.00000066,0.00000031,-0.00000208,0.00002326,0.00003678,-0
.00003097,0.00000402,-0.00001083,0.00000212,-0.00000609,0.00000542,0.00001122,0.
00000356,0.00000863,-0.00000567,-0.00000096,-0.00000725,-0.00000066,0.00000186,-
0.00000104,0.00000575,-0.00000046,0.00000676,-0.00000847,-0.00000163,0.00000040,
0.00000208,0.00000512,-0.00000384,0.00000070,0.00072515,-0.00036372,-0.00073689,
-0.00011924,-0.00007531,-0.00010566,0.00804823,-0.00758891,-0.00392781,-0.152374
91,0.10520275,0.05828535,-0.00006425,0.00001475,0.00002564,0.00003531,-0.0000429
7,-0.00000234,-0.00002455,-0.00000634,0.00002133,0.00010572,-0.00006923,0.000012
75,0.00095615,-0.00050300,0.00004844,0.00003715,-0.00207352,-0.00185518,-0.02138
687,0.01610903,0.01089474,0.17454397,-0.00000235,0.00002395,-0.00004248,-0.00004
108,-0.00082580,-0.00031048,0.00010510,-0.00008449,-0.00006466,0.00000873,0.0000
1132,-0.00000150,0.00001295,0.00000248,-0.00000317,0.00000282,-0.00000891,0.0000
1028,-0.00004677,-0.00010646,0.00001895,0.00031499,0.00025018,-0.00013370,-0.000
21817,0.00076865,0.00001290,-0.00000099,0.00001796,-0.00000512,-0.00013803,-0.00
005187,0.00005945,-0.00001619,-0.00001625,0.00000605,0.00000604,-0.00000126,0.00
001485,0.00001653,0.00001590,0.00001299,0.00001223,-0.00000232,0.00000508,0.0000
0456,-0.00000167,0.00000244,0.00000505,0.00000797,0.00000636,0.00011547,0.000016
96,-0.00004443,-0.00004003,0.00003050,0.00003309,0.00000970,-0.00017783,0.000127
90,0.00009244,0.00032989,0.00000713,-0.00000468,0.00003189,-0.00001162,-0.000006
01,-0.00000636,0.00000513,0.00000584,0.00001579,-0.00000422,0.00001594,0.0000011
3,0.00003651,-0.00004757,0.00002978,0.00001074,-0.00000263,-0.00000976,-0.000030
19,-0.00017183,0.00004421,0.00007898,-0.00009727,0.00019844,-0.00003675,-0.00000
736,0.00000609,-0.00000119,0.00000021,0.00000209,-0.00000583,-0.00000144,-0.0000
4976,-0.00002409,-0.00000403,0.00002529,0.00001482,0.00000198,0.00000546,-0.0000
0033,0.00000200,-0.00000030,0.00000077,0.00000041,-0.00000025,-0.00000079,0.0000
0009,0.00000061,0.00000029,0.00000072,0.00000200,0.00000024,-0.00000722,0.000006
93,-0.00000789,0.00000206,0.00000517,0.00000488,0.00000278,0.00000176,-0.0000025
9,-0.00000051,-0.00000015,0.00000002,0.00000199,0.00000180,0.00000113,-0.0000010
1,0.00000010,0.00000057,0.00000290,0.00000569,-0.00000010,0.00000143,-0.00000027
,0.00000360,0.00000204,-0.00000129,0.00000155,0.00000122,-0.00000072,0.00000089,
-0.00000224,0.00000109,0.00000413,-0.00000125,-0.00000513,0.00000307,0.00000042,
-0.00000112,0.00000010,0.00000137,0.00000122,0.00000036,0.00000146,0.00000107,0.
00000099,0.00000173,0.00000224,0.00000190,0.00000037,-0.00000166,0.00000192,-0.0
0001543,-0.00001742,0.00000866,0.00000033,0.00001234,-0.00000611,0.00000053,-0.0
0000670,-0.00000708,-0.00000152,0.00000329,0.00000075,0.00000390,0.00001259,0.00
000622,-0.00000580,-0.00000024,-0.00001262,0.00000238,0.00000216,0.00000575,0.00
000631,-0.00000586,0.00000135,-0.00000946,0.00000040,0.00000082,0.00117189,0.000
08091,-0.00068155,-0.00007776,0.00015182,0.00013795,0.01137494,-0.01585034,-0.01
077434,0.10514268,-0.14643098,-0.05492132,0.00004150,0.00013015,0.00017670,-0.00
004403,0.00004094,-0.00005326,0.00003966,0.00004635,0.00003800,-0.00095818,-0.00
036110,0.00040804,0.00017493,0.00103824,0.00074789,-0.00197655,-0.00225944,-0.00
319794,-0.00990179,0.00959100,0.00526408,-0.12135768,0.16854265,-0.00001296,0.00
002113,-0.00002397,-0.00005897,0.00009844,0.00002469,0.00003269,-0.00001529,0.00
000566,0.00000647,0.00000998,-0.00000539,0.00000486,0.00000108,-0.00000338,0.000
00217,0.00000485,-0.00000356,-0.00000138,-0.00001203,0.00003079,0.00013463,0.000
07650,-0.00014647,0.00012619,-0.00006460,0.00002155,0.00000702,0.00000353,-0.000
01183,-0.00004559,-0.00000291,0.00004350,0.00000222,-0.00001291,0.00000401,-0.00
000544,-0.00000904,0.00001206,0.00001128,0.00000155,0.00000134,0.00001240,0.0000
0181,0.00000268,0.00000295,-0.00000286,0.00000074,0.00000065,0.00000087,0.000004
79,0.00004820,0.00001281,-0.00002003,-0.00003093,0.00000492,0.00000862,-0.000055
54,0.00013907,0.00005430,-0.00004320,-0.00011763,-0.00000431,-0.00001015,0.00000
822,0.00000938,-0.00001999,0.00000253,-0.00001337,-0.00000153,0.00000415,-0.0000
0375,0.00000021,-0.00000178,0.00001793,0.00001396,0.00002009,0.00000400,-0.00000
213,-0.00001646,-0.00001397,0.00008102,0.00011424,0.00001674,-0.00001125,-0.0001
5290,-0.00017254,-0.00000187,0.00000224,0.00000068,-0.00000069,-0.00000312,-0.00
000235,0.00001722,-0.00005062,0.00003360,-0.00000681,0.00003408,-0.00001778,-0.0
0000418,0.00000543,-0.00000546,0.00000134,0.00000229,0.00000595,0.00000100,-0.00
000052,-0.00000294,-0.00000198,0.00000171,-0.00000054,0.00000049,0.00000233,0.00
000438,0.00000210,-0.00000065,-0.00000504,-0.00000590,0.00000542,-0.00000372,0.0
0000237,0.00000628,-0.00000376,0.00000077,0.00000226,0.00000167,0.00000075,-0.00
000061,-0.00000138,0.00000151,0.00000205,-0.00000109,-0.00000154,0.00000311,0.00
000494,-0.00000048,-0.00000125,-0.00000133,-0.00000193,0.00000034,-0.00000021,-0
.00000078,0.00000022,0.00000082,0.00000006,-0.00000041,0.00000064,0.00000041,-0.
00000123,0.00000170,0.00000088,-0.00000080,0.00000024,0.00000043,0.00000010,0.00
000073,0.,-0.00000075,-0.00000005,0.00000044,-0.00000043,-0.00000034,0.00000079,
-0.00000136,-0.00000126,-0.00000466,-0.00001063,0.00000511,-0.00000330,0.0000091
0,-0.00000393,0.00000389,0.00000013,-0.00000701,-0.00000148,-0.00000375,0.000001
74,0.00000133,0.00000420,-0.00000003,-0.00000414,0.00000058,-0.00000346,-0.00000
061,-0.00000457,0.00000347,-0.00000045,0.00000120,-0.00000045,-0.00000088,0.0000
0148,0.00000109,0.00018246,0.00043284,0.00028585,0.00003437,0.00010907,0.0000121
2,0.01240894,-0.01721012,-0.01139126,0.05788094,-0.05418602,-0.07421410,0.000038
04,0.00008169,0.00005175,-0.00004331,-0.00001053,-0.00005456,0.00003721,0.000067
80,0.00003898,-0.00009964,0.00001409,0.00038951,0.00090805,-0.00026844,0.0003135
9,-0.00199062,-0.00370660,-0.00316719,0.01339679,-0.00931463,-0.00596252,-0.0658
3931,0.06744245,0.08609050,0.00013439,0.00000133,0.00007469,-0.00098120,-0.00272
768,-0.00017681,-0.00016673,-0.00024711,-0.00005672,-0.00000797,-0.00000687,-0.0
0000004,0.00001265,0.00000191,-0.00000028,-0.00001264,-0.00001348,0.00002028,-0.
00010520,-0.00001312,-0.00002444,0.00036132,-0.00004552,-0.00032660,0.00063777,0
.00177989,-0.00028215,-0.00003451,0.00000894,0.00003780,-0.00006558,0.00023277,0
.00015184,-0.00002988,0.00004151,-0.00002191,0.00002809,-0.00001177,0.00000541,0
.00002148,0.00000734,-0.00000541,-0.00000512,0.00000482,-0.00000380,0.00000996,0
.00000742,0.00000075,0.00000954,0.00000147,0.00000057,0.00004016,-0.00002452,-0.
00004906,-0.00000184,0.00005271,0.00007686,0.00009929,-0.00012187,0.00010726,0.0
0048258,0.00104737,-0.00018354,-0.00003529,0.00000264,-0.00002176,0.00006374,0.0
0000258,0.00003299,0.00000339,0.00001983,-0.00002737,-0.00000461,-0.00002853,0.0
0001427,-0.00006130,-0.00001794,-0.00004168,0.00001356,0.00001282,-0.00000286,-0
.00005673,0.00003931,0.00016143,0.00051505,-0.00039847,-0.00005396,-0.00000128,0
.00000284,-0.00000611,0.00000517,0.00001517,-0.00000250,-0.00005174,0.00004822,-
0.00005698,0.00001507,-0.00003604,0.00003562,0.00001103,-0.00000331,0.00000796,0
.00000521,-0.00000491,-0.00000308,0.00000183,-0.00000157,0.00000012,-0.00000104,
0.00000013,0.00000019,0.00000160,0.00000035,0.00000409,-0.00000105,-0.00000038,-
0.00000222,0.00001673,-0.00000922,0.00000914,0.00000444,-0.00000288,0.00000379,-
0.00000285,-0.00000228,0.00000453,-0.00000006,-0.00000202,0.00000010,-0.00000173
,-0.00000040,-0.00000302,0.00000451,0.00000153,-0.00000289,0.00000105,0.00000200
,0.00000140,0.00000423,-0.00000040,0.00000196,0.00000393,-0.00000084,0.00000009,
0.00000013,0.00000079,-0.00000163,-0.00000383,0.00000251,0.00000203,-0.00000212,
0.00000016,-0.00000073,0.00000041,0.00000178,-0.00000129,0.00000117,0.00000286,0
.00000105,0.00000022,0.00000299,0.00000275,-0.00000103,0.00000077,0.00000086,0.0
0002556,0.00002795,-0.00005062,-0.00000038,-0.00000205,-0.00001002,-0.00000960,-
0.00000017,-0.00000204,0.00001047,0.00002052,-0.00001073,-0.00000201,0.00000099,
0.00000940,0.00000443,-0.00001190,0.00000157,0.00000628,0.00001949,-0.00000466,0
.00000356,-0.00001238,0.00001650,-0.00000156,-0.00000358,0.00000136,0.00030204,0
.00066487,-0.00069215,-0.00005955,0.00006243,0.00014248,-0.00693092,0.00537072,-
0.01315099,-0.07396678,0.04677403,-0.06309969,0.00003286,0.00010476,0.00009358,0
.00011839,-0.00000956,0.00006718,0.00001562,-0.00001153,0.00004226,-0.00059621,0
.00015918,-0.00008068,-0.00095339,-0.00206110,-0.00304449,0.00026018,0.00011794,
0.00045697,0.00743106,-0.01425620,0.01893040,-0.01036463,0.01673250,-0.01700198,
0.08405870,0.00004202,-0.00000913,0.00003558,-0.00042689,-0.00048145,0.00036688,
-0.00014723,-0.00006139,0.00004166,-0.00000195,-0.00001012,0.00000469,-0.0000052
5,0.00000145,0.00000133,-0.00000403,-0.00000029,0.00000881,-0.00001080,0.0000319
1,-0.00001006,0.00003085,-0.00005573,-0.00016583,0.00028996,-0.00031471,-0.00007
902,-0.00000038,-0.00000199,0.00002798,0.00002703,0.00010540,0.00006064,0.000003
58,0.00003164,-0.00000996,0.00000499,0.00000319,-0.00000844,-0.00000499,-0.00000
641,-0.00000528,-0.00000050,0.00000085,-0.00000389,0.00000352,0.00000167,-0.0000
0215,0.00000116,-0.00000286,-0.00000515,-0.00004438,-0.00002012,-0.00000292,0.00
001248,0.00000213,-0.00000470,-0.00117086,-0.00059319,-0.00045328,0.00011480,0.0
0013902,-0.00014737,0.00000817,-0.00000385,0.00000626,0.00001643,-0.00000063,0.0
0000844,0.00000690,0.00000497,0.00000768,-0.00000746,0.00000341,-0.00001650,-0.0
0000920,-0.00002654,-0.00000721,-0.00000055,-0.00000171,-0.00000035,0.00017768,0
.00014202,-0.00001428,0.00028267,-0.00140155,-0.00057410,0.00000429,-0.00000808,
0.00000053,0.00000151,0.00000747,0.00000032,-0.00003400,0.00002720,-0.00002448,0
.00001279,-0.00001420,0.00001230,0.00000562,-0.00000091,0.00000496,-0.00000075,-
0.00000200,-0.00000713,-0.00000187,0.00000076,0.00000055,0.00000106,-0.00000010,
0.00000165,-0.00000105,0.00000036,0.00000022,0.00000020,0.00000042,0.00000518,0.
00000645,-0.00000281,0.00000262,-0.00000237,-0.00000548,0.00000802,-0.00000125,-
0.00000256,-0.00000184,-0.00000095,0.00000123,0.00000095,-0.00000261,-0.00000436
,-0.00000061,0.00000172,-0.00000282,-0.00000855,-0.00000043,0.00000050,-0.000000
14,0.00000239,-0.00000130,0.00000046,0.00000182,-0.00000169,-0.00000078,0.000001
19,-0.00000156,-0.00000191,-0.00000119,0.00000167,0.00000158,-0.00000144,0.00000
052,-0.00000012,0.00000085,0.00000178,-0.00000257,0.00000138,0.00000326,-0.00000
107,0.00000055,0.00000296,0.00000130,-0.00000055,0.00000047,-0.00000035,0.000018
70,0.00002879,-0.00003830,0.00000039,-0.00001288,-0.00000225,-0.00000569,0.00000
299,0.00000780,0.00000796,0.00001043,-0.00000567,-0.00000093,-0.00000911,-0.0000
0421,0.00000778,-0.00000677,0.00001052,0.00000221,0.00000964,-0.00000697,-0.0000
0272,-0.00000224,0.00000884,0.00000334,-0.00000125,0.00000131,-0.00001160,0.0004
0077,0.00002517,0.00002742,-0.00014083,-0.00001606,-0.00617272,0.00996695,-0.012
62485,0.04706934,-0.11519972,0.10078741,-0.00001898,0.00004163,0.00001157,0.0000
6480,-0.00003771,0.00003378,-0.00000938,-0.00002270,0.00003322,0.00017328,0.0000
5406,-0.00003325,-0.00233977,-0.00130721,-0.00305655,-0.00009650,0.00029828,-0.0
0000306,0.00450022,-0.01082745,0.01451652,0.01079967,-0.01506020,0.01652341,-0.0
5320499,0.13433419,0.00007141,0.00001668,0.00002456,0.00014948,0.00067091,0.0009
7805,-0.00006095,-0.00006683,0.00010310,-0.00000004,0.00000865,-0.00000995,0.000
01038,-0.00000110,-0.00000212,0.00000351,0.00000269,0.00000100,-0.00004616,-0.00
001473,0.00003316,-0.00016266,-0.00023372,-0.00007810,-0.00030644,-0.00020542,-0
.00049555,-0.00000855,-0.00000303,0.00001139,0.00010007,0.00017612,0.00008008,-0
.00001319,0.00001183,-0.00000691,-0.00000098,-0.00000678,0.00000881,0.00001644,0
.00000925,-0.00000618,-0.00000776,0.00001435,-0.00001161,0.00000746,0.00000633,0
.00000315,0.00000621,0.00000415,0.00000401,-0.00006925,-0.00000426,0.00000058,-0
.00001806,-0.00001344,-0.00000723,-0.00021408,-0.00008884,-0.00018170,-0.0001321
4,-0.00041914,-0.00019697,-0.00002738,-0.00000018,-0.00001711,0.00002365,0.00000
200,0.00000505,0.00000455,0.00000716,-0.00001843,0.00000545,-0.00002367,0.000022
78,-0.00001882,-0.00000022,-0.00003407,0.00001280,0.00001112,-0.00001190,0.00027
506,0.00018436,0.00004994,0.00039333,-0.00096180,0.00009758,0.00000175,0.0000076
0,-0.00000391,0.00000289,0.00000225,-0.00000003,-0.00000649,0.00002090,-0.000024
21,-0.00000327,-0.00001806,0.00001421,0.00000218,-0.00000219,0.00000182,0.000004
62,-0.00000271,0.00000264,0.00000249,-0.00000172,-0.00000125,-0.00000149,0.00000
031,-0.00000064,0.00000132,0.00000051,0.00000353,0.00000136,-0.00000197,-0.00000
459,0.00000624,-0.00000580,0.00000377,0.00000457,0.00000286,-0.00000301,-0.00000
082,-0.00000022,0.00000330,0.00000156,-0.00000208,-0.00000117,0.00000049,0.00000
271,-0.00000054,0.00000090,0.00000216,0.00000527,0.00000069,0.00000078,-0.000000
37,0.00000033,0.00000059,-0.00000018,0.00000018,0.00000099,0.00000037,0.00000010
,0.00000139,0.00000057,-0.00000015,0.00000132,0.00000253,-0.00000002,0.00000010,
-0.00000061,-0.00000061,-0.00000044,0.00000180,-0.00000066,-0.00000167,0.0000009
8,-0.00000036,-0.00000082,-0.00000026,0.00000027,0.00000100,0.00000060,0.0000337
4,0.00001683,-0.00003173,-0.00000504,0.00001190,-0.00000454,0.00000483,0.0000070
5,-0.00000376,0.00000337,0.00000326,-0.00000246,-0.00000490,-0.00000006,0.000000
65,-0.00000737,-0.00000416,0.00000489,0.00000073,0.00000115,-0.00000321,0.000000
16,0.00000405,0.00000189,0.00000379,0.00000091,-0.00000263,0.00049775,0.00071344
,0.00065616,0.00013934,0.00015422,0.00005531,-0.01135160,0.00859045,-0.01979119,
-0.06492430,0.10170950,-0.18691105,0.00000469,0.00010082,0.00001828,0.00014733,-
0.00001030,0.00003075,0.00007309,0.00001914,0.00009283,-0.00016266,-0.00003639,0
.00015466,-0.00203696,-0.00282295,-0.00314568,0.00014901,0.00047065,0.00013740,-
0.00367996,0.01167938,-0.01366569,0.00312621,-0.00449550,0.00763566,0.07783758,-
0.11531587,0.21442524,-0.00153951,0.00046661,-0.00127394,-0.00030995,-0.00185746
,-0.00404242,0.00082248,-0.00137334,0.00243497,0.00046783,0.00024333,0.00025271,
-0.00002991,-0.00007486,0.00004302,0.00004234,-0.00005379,-0.00027838,0.00011250
,-0.00033359,-0.00017990,-0.19970455,-0.08857613,0.06368900,0.00097189,0.0026019
2,0.00247343,0.00082091,-0.00006607,-0.00031102,-0.02699145,-0.03240953,0.008247
75,0.00024270,-0.00096364,0.00006919,-0.00025694,0.00009183,-0.00001228,0.000026
28,-0.00004773,-0.00004148,0.00004979,0.00005678,0.00021947,0.00001265,-0.000082
46,0.00007706,-0.00006967,-0.00000425,0.00007298,0.00398510,-0.00167979,-0.00006
560,-0.00108973,0.00079562,0.00053093,-0.00265693,0.00103080,-0.00050007,0.00047
769,0.00035904,0.00066313,0.00019495,0.00015777,-0.00019435,-0.00069058,0.000079
44,-0.00037099,-0.00010972,-0.00005249,0.00023484,0.00009631,0.00062786,0.000246
23,0.00004816,0.00034028,0.00070031,0.00010117,-0.00000588,0.00005304,-0.0502123
8,-0.00417902,0.03914105,0.00190704,0.00080330,0.00116064,0.00008268,-0.00007798
,0.00008226,-0.00013356,-0.00031170,-0.00000240,0.00187747,-0.00030626,0.0009475
8,-0.00068985,0.00033296,-0.00046078,-0.00032104,-0.00001101,-0.00012421,-0.0000
6713,0.00008997,0.00016417,0.00005128,-0.00000274,0.00001832,0.00002992,-0.00003
456,-0.00003835,-0.00000735,-0.00001207,-0.00006846,-0.00002168,-0.00000347,-0.0
0007637,-0.00039859,0.00004385,-0.00016060,-0.00007826,0.00005119,-0.00014046,0.
00006307,0.00005339,-0.00004812,0.00004930,0.00005372,-0.00000193,0.00004662,0.0
0007123,0.00010992,-0.00010763,-0.00004977,0.00013836,0.00000594,-0.00002747,-0.
00000682,-0.00007529,0.00001914,-0.00004312,-0.00006610,0.00003248,0.00000386,-0
.00001884,0.00001923,0.00002435,0.00001098,-0.00003313,-0.00009133,0.00005594,-0
.00001423,-0.00003595,0.00000057,-0.00003303,0.00004308,-0.00002327,-0.00007493,
0.00000813,0.00000154,-0.00006890,-0.00005208,0.00003568,0.00000896,0.00004030,-
0.00168818,-0.00225395,0.00124479,-0.00075096,0.00053432,0.00004475,0.00014504,-
0.00016201,-0.00050392,-0.00008180,-0.00037989,0.00023458,-0.00010211,0.00034908
,0.00003187,-0.00020075,0.00015663,-0.00005392,-0.00005799,-0.00035045,0.0003423
6,-0.00007873,0.00004898,-0.00014651,0.00006089,0.00003810,-0.00005803,0.0013664
1,-0.00018410,0.00050236,-0.00019149,0.00030321,0.00039663,-0.00093322,0.0005376
6,0.00032265,0.00003114,0.00004407,-0.00004759,-0.00001300,-0.00009304,-0.000249
29,-0.00004011,0.00018584,-0.00013353,0.00074759,0.00004357,0.00024786,0.0000291
9,-0.00007981,-0.00025582,0.00012233,0.00026668,-0.00025051,0.00042660,-0.000011
93,-0.00049563,0.00032725,0.00034245,-0.00014014,0.00004373,-0.00018925,-0.00005
269,-0.00027636,-0.00002027,0.00012239,0.38590545,-0.00066041,0.00002474,-0.0007
2445,-0.00015881,-0.00129247,0.00074699,-0.00306332,-0.00319513,0.00041909,0.000
06236,0.00015214,-0.00007936,0.00001989,0.00002976,-0.00000133,-0.00003436,-0.00
000927,-0.00011810,-0.00007728,-0.00008730,0.00002997,-0.07736970,-0.11767803,0.
01397145,0.00038726,0.00123616,0.00054607,0.00035437,0.00010504,-0.00016295,-0.0
5247179,-0.03466320,0.00933511,0.00048349,-0.00027103,0.00043089,0.00004276,-0.0
0006924,0.00015803,0.00011694,0.00001311,-0.00000207,-0.00010580,-0.00009151,0.0
0006436,0.00000803,-0.00003614,0.00001545,-0.00001653,0.00000884,-0.00001018,0.0
0589287,-0.00404121,-0.00479287,-0.00294918,0.00120961,0.00209995,0.00162553,0.0
0068848,-0.00026265,0.00065569,0.00125480,-0.00031609,0.00007555,-0.00001749,-0.
00017339,-0.00022493,0.00008346,-0.00003241,-0.00003811,-0.00001514,0.00004205,0
.00011324,0.00015099,0.00015750,0.00022409,0.00003014,0.00023501,-0.00006747,-0.
00000896,0.00001811,0.01228572,0.01067647,-0.01113684,0.00162290,-0.00022239,-0.
00036760,0.00001551,0.00001528,0.00001106,0.00002414,0.00000786,-0.00000869,0.00
030535,-0.00023128,0.00022748,-0.00009203,0.00017581,-0.00014030,-0.00005575,0.0
0001588,-0.00004318,-0.00001677,0.00002178,0.00003870,0.00000760,-0.00000153,0.0
0000257,-0.00000095,-0.00000862,-0.00001690,-0.00000917,-0.00000131,-0.00001550,
-0.00000373,0.00000175,-0.00001536,-0.00007175,0.00002604,-0.00004377,-0.0000109
2,0.00003167,-0.00003166,0.00001183,0.00001014,-0.00000694,0.00001542,0.00000478
,-0.00000903,0.00000927,0.00001977,0.00001834,-0.00002065,0.00000308,0.00003857,
0.00000069,-0.00001349,-0.00000232,-0.00002168,-0.00000034,-0.00001298,-0.000021
16,0.00000461,-0.00000128,-0.00000892,0.00000149,0.00000660,0.00000211,-0.000015
87,-0.00002498,0.00001396,-0.00000253,-0.00000641,0.00000354,-0.00000750,0.00001
027,0.00000020,-0.00001934,0.00000179,0.00000685,-0.00001725,-0.00000983,0.00001
120,-0.00000567,0.00000783,0.00005206,0.00011294,0.00002347,0.00000807,0.0000028
9,-0.00008515,0.00001813,0.00000266,-0.00009038,-0.00004651,-0.00004780,0.000061
98,0.00005278,0.00021533,0.00001033,-0.00008031,0.00000183,-0.00007401,0.0000024
2,-0.00004227,0.00004178,-0.00002833,-0.00000726,-0.00002970,-0.00000070,0.00001
828,-0.00000854,-0.00012197,0.00011212,0.00043739,0.00002723,0.00032906,0.000336
45,-0.00105037,0.00036240,0.00060217,0.00014048,0.00005362,-0.00004525,-0.000135
67,-0.00020674,-0.00051497,0.00000859,-0.00001191,-0.00003465,0.00014392,-0.0000
9883,0.00004826,0.00003099,0.00012192,-0.00032133,0.00019772,0.00003781,-0.00011
999,0.00083432,-0.00006757,-0.00073859,0.00008852,0.00013251,-0.00003834,0.00007
134,-0.00020874,-0.00013059,-0.00012673,-0.00000255,0.00010064,0.07491430,0.2677
3238,0.00086670,-0.00042009,0.00056168,-0.00020441,0.00159719,0.00289792,0.00162
572,-0.00152344,-0.00023061,-0.00036460,-0.00023006,-0.00022479,0.00003251,0.000
05491,-0.00000845,-0.00006631,0.00004751,0.00018411,-0.00011698,0.00025107,0.000
08415,0.07070396,0.02143554,-0.08064327,-0.00036256,-0.00164856,-0.00135496,-0.0
0026956,0.00001050,0.00020594,-0.00213797,-0.00238884,0.01094857,0.00027593,0.00
045116,0.00003175,0.00031152,-0.00025093,0.00013431,0.00014873,0.00003734,-0.000
03670,0.00010020,-0.00004344,-0.00008136,0.00003269,0.00006540,-0.00005936,0.000
01530,-0.00001809,-0.00001515,0.00085315,-0.00218363,0.00006398,-0.00120227,0.00
056669,0.00048967,-0.00005189,0.00022061,-0.00220621,0.00009597,-0.00001890,-0.0
0038528,-0.00033325,-0.00011761,-0.00008225,0.00039629,0.00005810,0.00034611,-0.
00005038,0.00003191,-0.00023907,-0.00002234,-0.00041919,0.00004164,0.00021711,-0
.00011978,-0.00029171,-0.00001802,-0.00001325,-0.00001546,0.04957835,0.00267829,
-0.02164514,0.00016694,-0.00072010,-0.00227886,-0.00006867,0.00004892,-0.0000363
2,0.00006994,0.00019729,-0.00000321,-0.00102782,0.00012252,-0.00069856,0.0003328
0,-0.00016638,0.00036265,0.00018505,0.00000807,0.00007975,0.00003963,-0.00005434
,-0.00009032,-0.00002603,-0.00000253,-0.00000855,-0.00002517,0.00001823,0.000013
24,-0.00000146,0.00001080,0.00004450,0.00000303,0.00000473,0.00003630,0.00022511
,-0.00002800,0.00010042,0.00004993,-0.00001727,0.00006764,-0.00004207,-0.0000371
4,0.00003736,-0.00002594,-0.00003944,-0.00001077,-0.00002490,-0.00002906,-0.0000
6569,0.00006679,0.00004922,-0.00007560,0.00000086,0.00001410,0.00000939,0.000039
15,-0.00001141,0.00002505,0.00003326,-0.00001784,0.00000162,0.00000617,-0.000008
78,-0.00000683,-0.00000502,0.00001526,0.00005192,-0.00003611,0.00001340,0.000040
07,-0.00000846,0.00001016,-0.00000978,0.00000751,0.00002923,-0.00000017,0.000001
21,0.00003379,0.00002598,-0.00001172,-0.00000617,-0.00003025,0.00029215,0.000928
72,-0.00067093,0.00034680,-0.00034234,-0.00011456,-0.00010694,0.00006242,0.00028
209,0.00004106,0.00024253,-0.00011013,0.00004046,-0.00014718,-0.00002922,0.00011
188,-0.00012396,0.00009561,0.00003294,0.00021070,-0.00018081,0.00002035,-0.00003
775,0.00011023,-0.00001591,-0.00002820,0.00003884,-0.00020602,0.00087408,-0.0006
1666,0.00050653,-0.00069193,-0.00037160,0.00058788,-0.00027106,-0.00037987,-0.00
009933,0.00007142,-0.00001127,0.00006160,0.00019090,0.00065283,0.00001754,-0.000
12171,0.00023793,-0.00042152,-0.00003146,-0.00009399,-0.00003683,0.00012544,0.00
021867,-0.00001985,-0.00025255,0.00031716,-0.00059350,-0.00024184,0.00019682,-0.
00018362,-0.00015666,0.00010591,0.00004833,0.00011782,0.00009318,0.00016698,0.00
011614,0.00004768,-0.18745884,0.05820028,0.23156150,-0.00008698,-0.00002022,-0.0
0004263,-0.00003311,-0.00018822,-0.00022226,0.00009863,0.00022085,-0.00006780,0.
00001496,-0.00000004,0.00001902,-0.00001382,-0.00001094,0.00000690,0.00000597,-0
.00000341,0.00000764,0.00001032,-0.00001640,-0.00000689,-0.00180455,0.00203141,0
.00253341,0.00002169,0.00015014,0.00014542,0.00002194,0.00001343,-0.00002188,-0.
00004684,-0.00040717,-0.00001286,0.00000664,-0.00000335,-0.00000619,-0.00001737,
0.00001809,-0.00000441,-0.00003123,-0.00000218,0.00001829,0.00002227,-0.00002145
,0.00002201,-0.00000271,-0.00000923,0.00000032,-0.00000945,-0.00000624,0.0000025
9,0.00003174,0.00001486,-0.00001062,0.00004766,-0.00000063,-0.00002207,0.0000653
2,-0.00003566,-0.00004506,0.00001605,0.00005433,0.00001847,0.00003364,0.00001709
,0.00001252,-0.00004098,-0.00000714,-0.00001790,0.00000266,-0.00000242,0.0000219
0,0.00000283,0.00003580,-0.00001866,-0.00001102,0.00001557,0.00003299,0.00000426
,0.00000246,-0.00000327,-0.00165788,-0.00038262,0.00091656,-0.00000830,-0.000059
26,-0.00000675,-0.00000006,-0.00000234,0.00000794,-0.00000745,-0.00001920,0.0000
0448,0.00010512,-0.00002128,0.00005348,-0.00003470,0.00002175,-0.00002429,-0.000
01673,-0.00000174,-0.00000402,-0.00000766,0.00000500,0.00000404,-0.00000164,0.00
000127,-0.00000023,0.00000023,-0.00000086,0.00000102,0.00000055,-0.00000249,-0.0
0000613,-0.00000405,0.00000206,-0.00000038,-0.00002320,0.00000560,-0.00000537,-0
.00000722,-0.00000395,-0.00000592,0.00000470,0.00000445,-0.00000542,0.00000138,0
.00000317,0.00000415,0.00000018,-0.00000184,0.00000332,-0.00000405,-0.00000196,-
0.00000170,0.00000026,-0.00000260,-0.00000181,-0.00000633,0.00000104,-0.00000338
,-0.00000708,0.00000221,0.00000030,-0.00000323,0.00000148,0.00000448,0.00000304,
-0.00000399,-0.00000363,0.00000277,0.00000103,0.00000016,-0.00000181,-0.00000338
,0.00000356,-0.00000193,-0.00000501,-0.00000104,0.00000107,-0.00000227,-0.000002
95,0.00000317,0.00000037,0.00000285,-0.00004940,-0.00010421,0.00006662,-0.000018
32,0.00001368,0.00000714,0.00000253,-0.00001049,-0.00001289,-0.00001061,-0.00002
419,0.00001728,-0.00001106,0.00001944,0.00000016,-0.00001530,0.00001278,-0.00000
467,-0.00000564,-0.00002110,0.00001986,0.00000056,0.00000630,-0.00000285,-0.0000
0333,0.00000144,0.00000006,0.00003814,-0.00005904,0.00000618,0.00004643,0.000022
47,-0.00001204,0.00002984,-0.00007637,-0.00003653,-0.00003677,-0.00002624,0.0000
0013,-0.00001104,-0.00002935,0.00004457,-0.00003741,0.00002737,-0.00000080,0.000
04610,0.00001807,-0.00000777,-0.00002256,0.00001527,-0.00000045,-0.00003992,0.00
005093,-0.00001075,-0.00004216,-0.00000893,0.00007192,0.00002330,0.00004051,0.00
000754,0.00001113,0.00001864,0.00001382,-0.00001152,-0.00000845,-0.00002000,-0.0
2940274,-0.01166243,0.01635720,0.49091105,0.00002496,-0.00006297,0.00001931,-0.0
0003735,-0.00006178,0.00006770,-0.00002209,-0.00007032,0.00008982,-0.00001369,-0
.00000781,0.00000251,-0.00000514,-0.00000459,0.00000242,-0.00000272,-0.00000296,
0.00001820,-0.00000358,0.00001044,0.00000399,0.00099209,-0.00053794,-0.00115370,
0.00001173,0.00000956,0.00000424,-0.00003325,0.00000773,0.00000949,0.00010798,0.
00023884,-0.00009489,0.00000954,0.00006132,-0.00000792,0.00000823,0.00001119,-0.
00000574,-0.00001391,-0.00000002,0.00001257,-0.00001029,-0.00001706,-0.00000510,
-0.00000181,-0.00000341,-0.00000380,-0.00000073,-0.00000246,-0.00000483,0.000055
42,-0.00003212,-0.00006504,-0.00001340,-0.00000094,0.00002306,-0.00004290,-0.000
02635,0.00000422,-0.00000058,0.00003450,-0.00004111,0.00001797,0.00000323,0.0000
1530,0.00001034,-0.00000013,0.00000352,0.00000719,-0.00000158,0.00000035,0.00000
445,-0.00000018,-0.00001865,-0.00002226,-0.00000750,-0.00002510,-0.00000524,0.00
000245,-0.00000610,0.00065177,0.00013870,-0.00035911,0.00000553,0.00003647,0.000
00882,-0.00000660,0.00000089,-0.00000017,0.00000506,0.00001337,-0.00000158,-0.00
001019,0.00000914,-0.00001386,0.00000157,-0.00000712,0.00000885,0.00000241,-0.00
000057,0.00000408,-0.00000101,-0.00000144,-0.00000519,-0.00000246,0.00000041,-0.
00000189,-0.00000066,0.00000121,0.00000211,0.00000137,-0.00000223,-0.00000199,-0
.00000216,0.00000200,0.00000206,0.00000185,-0.00000308,0.00000399,-0.00000060,-0
.00000273,0.00000353,0.00000038,0.00000063,-0.00000083,-0.00000122,0.00000038,0.
00000181,-0.00000235,-0.00000332,-0.00000170,0.00000406,0.00000156,-0.00000656,-
0.00000037,-0.00000035,-0.00000147,-0.00000086,-0.00000018,-0.00000122,-0.000002
42,0.00000078,-0.00000098,-0.00000206,0.00000114,0.00000089,-0.00000029,-0.00000
012,0.00000125,-0.00000169,0.00000051,0.00000045,-0.00000072,0.00000017,0.000000
39,0.00000049,0.00000078,-0.00000006,0.00000144,0.00000174,0.00000205,-0.0000001
1,-0.00000153,0.00000154,0.00004466,0.00010292,-0.00006458,0.00003231,-0.0000150
8,-0.00001906,-0.00001197,0.00001232,0.00000872,0.00000062,0.00002172,-0.0000043
8,0.00002350,-0.00000571,0.00000582,0.00000106,-0.00001472,-0.00001172,0.0000019
0,0.00000973,-0.00000709,-0.00000008,-0.00000383,0.00000639,-0.00000702,0.000000
88,0.00000770,-0.00000766,-0.00004591,-0.00001020,0.00002263,-0.00004929,0.00000
399,-0.00007986,0.00003147,0.00005747,-0.00001855,0.00002959,0.00003372,0.000013
17,0.00004178,-0.00000499,0.00000545,0.00000486,0.00000458,-0.00002333,-0.000001
51,0.00001094,0.00000176,0.00003192,0.00001220,0.00003060,-0.00001607,0.00000461
,0.00008462,-0.00010024,-0.00016762,0.00000040,0.00001587,-0.00000113,0.00000273
,0.00000547,-0.00000165,0.00000475,-0.00000056,0.00002373,0.00716564,0.00778327,
-0.00234397,-0.04221683,0.49412478,0.00010820,-0.00001603,0.00002520,0.00003871,
0.00010882,0.00022619,-0.00009747,-0.00015620,0.00010525,-0.00001926,-0.00000388
,-0.00001937,0.00000364,0.00000305,-0.00000095,-0.00000235,0.00000227,0.00000874
,-0.00000915,0.00001547,0.00001390,0.00208931,-0.00189529,-0.00212861,-0.0000524
8,-0.00010896,-0.00013246,-0.00004836,-0.00000148,0.00001306,0.00029986,0.000243
01,0.00029158,-0.00000186,0.00007932,-0.00000319,0.00001823,-0.00001980,0.000016
07,0.00002102,0.00000391,-0.00000656,-0.00000141,-0.00003374,-0.00002852,0.00001
122,-0.00000092,-0.00000263,0.00000588,-0.00000045,-0.00000381,-0.00000213,0.000
01037,-0.00012278,-0.00006908,-0.00000922,0.00003614,-0.00004586,0.00004133,0.00
000263,-0.00001691,-0.00002915,-0.00005069,-0.00001889,-0.00000548,-0.00000616,0
.00002918,-0.00000141,0.00002287,0.00000552,0.00001126,-0.00001494,-0.00001405,-
0.00002592,0.00000302,0.00000151,-0.00001392,-0.00003127,-0.00000634,-0.00000337
,-0.00000672,0.00148422,0.00038663,-0.00088544,0.00007696,-0.00000346,0.00004508
,0.00000051,0.00000011,-0.00000374,0.00000682,0.00001686,-0.00000078,-0.00005684
,0.00000297,-0.00004630,0.00001982,-0.00000598,0.00002422,0.00001258,0.00000074,
0.00000718,0.00000131,-0.00000338,-0.00000916,-0.00000238,0.00000141,0.00000028,
0.00000014,0.00000118,0.00000244,0.00000036,-0.00000018,0.00000178,-0.00000112,0
.00000231,0.00000337,0.00001273,-0.00000228,0.00000754,0.00000208,-0.00000342,0.
00000656,-0.00000116,-0.00000211,0.00000088,-0.00000116,0.00000035,0.00000205,-0
.00000410,-0.00000430,-0.00000346,0.00000682,0.00000516,-0.00000924,0.00000069,0
.00000077,0.00000142,0.00000317,-0.00000122,0.00000111,0.00000208,-0.00000094,-0
.00000035,0.00000024,-0.00000003,-0.00000021,-0.00000147,0.00000133,0.00000308,-
0.00000276,0.00000062,0.00000165,-0.00000005,0.00000150,-0.00000029,0.00000124,0
.00000276,0.00000019,0.00000203,0.00000462,0.00000339,0.00000016,-0.00000231,0.0
0000009,0.00006993,0.00011975,-0.00008211,0.00002960,-0.00001739,-0.00000921,-0.
00000114,0.00001355,0.00001480,0.00000665,0.00001916,-0.00000798,-0.00000824,-0.
00001883,-0.00001228,0.00000912,-0.00000808,0.00001803,0.00000354,0.00001595,-0.
00001431,0.00000243,-0.00000177,0.00000968,0.00000030,-0.00000083,0.00000218,-0.
00004414,0.00000572,-0.00000678,0.00001917,-0.00001637,-0.00000515,-0.00008566,0
.00009658,0.00006800,0.00000881,0.00000709,0.00000067,-0.00003931,-0.00001889,-0
.00004872,0.00001247,-0.00001626,0.00000078,-0.00003071,-0.00000538,-0.00000545,
0.00003858,0.00000643,-0.00000324,0.00003025,-0.00003427,-0.00002748,-0.00003230
,0.00000876,0.00001840,0.00000427,0.00000750,0.00001368,0.00000631,-0.00002311,-
0.00002139,0.00002017,0.00000413,0.00000334,0.02660799,0.01107562,-0.01006962,0.
00321664,0.01075589,0.53261676,0.00050058,0.00018858,0.00018492,-0.00019963,0.00
007273,0.00237092,0.00000806,0.00005501,0.00054982,-0.00012276,-0.00011764,-0.00
009732,0.00002177,0.00005041,-0.00003024,-0.00001399,-0.00000672,0.00003336,-0.0
0008559,0.00003386,0.00007381,-0.03232093,0.00505088,0.02267193,-0.00026768,-0.0
0080728,-0.00111647,-0.00003546,0.00002774,0.00012126,0.00262778,0.00415501,-0.0
0227185,-0.00004127,0.00016842,0.00009133,-0.00001543,0.00001631,-0.00001673,0.0
0013454,-0.00003320,0.00003385,-0.00021148,0.00003466,-0.00016877,-0.00003731,0.
00001920,-0.00002535,0.00003480,0.00003177,-0.00004836,-0.00308350,-0.00076382,0
.00131446,0.00097806,-0.00030734,-0.00050672,0.00129319,-0.00043860,-0.00135498,
0.00026030,0.00053000,-0.00069388,-0.00002820,-0.00004008,0.00000513,0.00019745,
-0.00004842,0.00007431,0.00008646,0.00000529,-0.00000869,-0.00002178,-0.00016220
,-0.00005864,0.00006542,-0.00015798,-0.00015027,-0.00011428,0.00000763,0.0000036
3,-0.00186727,-0.00313717,0.00144810,-0.00010190,0.00025326,0.00025928,-0.000015
94,0.00001586,-0.00003176,0.00002120,0.00011910,-0.00002649,-0.00083137,0.000086
99,-0.00033923,0.00032349,-0.00010761,0.00014026,0.00013570,0.00001785,0.0000382
8,0.00001482,-0.00003062,-0.00006585,-0.00001423,-0.00000075,-0.00000454,-0.0000
1409,0.00000577,0.00000056,-0.00000557,0.00000318,0.00002683,0.00000636,0.000005
26,0.00003922,0.00016701,-0.00002410,0.00004773,0.00002945,-0.00000541,0.0000575
1,-0.00002012,-0.00002247,0.00002349,-0.00001045,-0.00002251,-0.00000474,-0.0000
1957,-0.00002104,-0.00003215,0.00004070,0.00001245,-0.00003504,-0.00000503,0.000
00356,0.00000062,0.00002986,-0.00001484,0.00001289,0.00002473,-0.00001804,-0.000
00790,0.00000603,-0.00001109,-0.00001666,-0.00000886,0.00001232,0.00003427,-0.00
001963,0.00000604,0.00001360,0.00000620,0.00001679,-0.00001772,0.00001449,0.0000
2983,-0.00000066,0.00000251,0.00002363,0.00002110,-0.00001283,-0.00000616,-0.000
01554,0.00026825,0.00053399,-0.00047894,0.00015258,-0.00014213,-0.00000505,-0.00
004368,0.00004286,0.00014790,0.00005944,0.00016305,-0.00009776,0.00001999,-0.000
11096,0.00001260,0.00003669,-0.00004229,0.00002772,0.00002009,0.00012304,-0.0000
9997,0.00000762,-0.00002689,0.00003104,-0.00001128,-0.00001481,0.00002176,-0.000
37469,-0.00007631,0.00009826,0.00006239,-0.00008411,0.00024027,0.00004964,-0.000
08972,0.00004772,0.00003183,-0.00001730,-0.00001869,-0.00020753,0.00016678,-0.00
042675,0.00013890,-0.00017102,-0.00002087,-0.00022615,-0.00009059,0.00001182,0.0
0004506,-0.00008472,-0.00007337,0.00002103,-0.00008499,0.00007052,0.00029997,0.0
0035715,-0.00014393,-0.00013456,-0.00016067,0.00003671,-0.00000039,-0.00000823,-
0.00003538,0.00008658,0.00004686,-0.00000922,-0.06825333,0.01956236,0.02745734,-
0.12459326,-0.06142564,0.00829191,0.44807410,-0.00034711,0.00012304,-0.00004427,
0.00041700,0.00041137,-0.00155875,0.00039262,0.00082139,-0.00069352,0.00009697,0
.00006409,0.00006915,-0.00001723,-0.00002908,0.00001313,0.00001107,0.00000674,-0
.00004704,0.00007255,-0.00002282,-0.00006685,0.00261055,0.01548539,0.00880148,-0
.00002008,0.00015771,0.00055633,0.00011484,-0.00008229,-0.00003262,0.00102484,-0
.00111401,0.00074891,0.00000539,-0.00025260,-0.00011535,-0.00006703,0.00003792,-
0.00005572,-0.00008827,-0.00002045,-0.00002341,0.00008108,0.00009365,0.00004288,
0.00000799,0.00000847,0.00002422,-0.00002741,-0.00000053,0.00003686,0.00026927,0
.00051910,0.00005574,0.00016855,-0.00014602,-0.00024131,-0.00026395,-0.00007359,
0.00024867,-0.00026364,-0.00065401,0.00048264,0.00003085,0.00003955,0.00000114,-
0.00012066,0.00000197,-0.00008913,-0.00003418,-0.00002934,0.00005856,0.00002082,
0.00012023,0.00002016,-0.00007171,0.00005910,0.00012149,0.00007527,0.00000213,0.
00001222,-0.00488781,-0.00093522,0.00199869,0.00029629,-0.00026764,-0.00056726,0
.00002804,-0.00002261,0.00002670,-0.00003549,-0.00011259,0.00003131,0.00044074,0
.00007907,0.00013472,-0.00017945,-0.00001375,-0.00004642,-0.00007425,-0.00001837
,-0.00001760,-0.00001196,0.00001707,0.00003275,0.00001525,-0.00000091,0.00000721
,0.00001299,-0.00000820,-0.00000635,-0.00000072,0.00000032,-0.00001351,-0.000004
09,-0.00000343,-0.00001393,-0.00008354,-0.00000511,-0.00002534,-0.00002282,-0.00
000401,-0.00002536,0.00001226,0.00000901,-0.00001580,0.00001051,0.00001886,0.000
00189,0.00001149,0.00001315,0.00003126,-0.00002628,-0.00002303,0.00002335,0.0000
0268,0.00000014,0.00000068,-0.00000920,0.00000660,-0.00000608,-0.00000563,0.0000
0669,0.00000095,0.00000117,0.00000379,-0.00000097,-0.00000062,0.00000036,-0.0000
1873,0.00001065,-0.00000348,-0.00001257,-0.00000263,-0.00000571,0.00000718,-0.00
000964,-0.00001487,0.00000093,-0.00000529,-0.00001440,-0.00001532,0.00000436,0.0
0000898,0.00000835,-0.00025204,-0.00058686,0.00046578,-0.00019766,0.00014691,0.0
0007561,0.00005050,-0.00004599,-0.00009107,-0.00001266,-0.00014011,0.00005585,-0
.00008405,-0.00000442,-0.00002648,-0.00001273,0.00004440,0.00006533,-0.00002014,
-0.00009273,0.00007898,-0.00001498,0.00002984,-0.00002657,0.00003388,0.00000524,
-0.00002858,0.00028659,0.00004091,-0.00009408,-0.00014356,0.00003686,-0.00013359
,0.00025480,-0.00014683,-0.00021540,-0.00008581,0.00002894,0.00005659,0.00022453
,0.00003389,0.00021126,-0.00005112,0.00008424,0.00000658,0.00008263,0.00006160,0
.00002321,-0.00006770,-0.00003749,0.00010979,-0.00008562,0.00006990,-0.00000219,
-0.00016230,-0.00025158,0.00018813,0.00001441,-0.00003113,-0.00000753,-0.0000539
4,0.00009563,0.00006960,0.00000118,-0.00001805,-0.00007406,0.02463968,-0.1010497
3,-0.04769831,-0.05943559,-0.11877182,0.01185692,0.02629506,0.47889630,-0.000645
74,0.00012921,-0.00054888,0.00076807,-0.00009023,-0.00205996,0.00163263,0.000397
94,0.00020001,0.00020605,0.00011043,0.00012953,-0.00000581,-0.00003338,0.0000164
9,0.00003200,-0.00000415,-0.00008120,0.00008485,-0.00004290,-0.00002388,0.021614
54,0.00682394,-0.01589975,-0.00007549,0.00075143,0.00094666,0.00013438,-0.000086
07,-0.00014192,-0.00409936,-0.00095589,-0.00201670,-0.00002670,-0.00041779,-0.00
005252,-0.00023083,0.00006772,-0.00005365,-0.00007974,-0.00002780,-0.00002484,0.
00000985,0.00011994,0.00008417,-0.00003008,-0.00000597,0.00002921,-0.00002667,0.
00000356,0.00003007,0.00261676,0.00028566,-0.00013804,-0.00043691,0.00005021,0.0
0024898,0.00003183,0.00108102,0.00111349,-0.00053887,-0.00036318,0.00033343,0.00
004021,0.00002146,-0.00001031,-0.00023791,0.00001546,-0.00011831,-0.00001954,0.0
0002000,0.00004488,-0.00000857,0.00021057,0.00007244,-0.00002346,0.00010670,0.00
025066,0.00005552,0.00002038,0.00001128,-0.00050468,-0.00073785,0.00220359,-0.00
021969,-0.00044262,-0.00004986,-0.00000882,-0.00002656,0.00002645,-0.00005386,-0
.00013612,-0.00000776,0.00063809,-0.00009946,0.00055041,-0.00018404,0.00011672,-
0.00030201,-0.00010957,-0.00001220,-0.00005895,-0.00001823,0.00003450,0.00006328
,0.00001539,0.00000136,0.00000556,0.00001415,-0.00000608,-0.00000282,0.00000339,
-0.00000184,-0.00001865,0.00000557,-0.00001051,-0.00002867,-0.00013893,0.0000335
6,-0.00007064,-0.00002889,0.00001417,-0.00004512,0.00001843,0.00002208,-0.000021
06,0.00000886,0.00002335,0.00000438,0.00002043,0.00002183,0.00003936,-0.00005010
,-0.00003666,0.00005473,-0.00000174,-0.00000507,-0.00000412,-0.00002459,0.000011
35,-0.00001085,-0.00001533,0.00001122,0.00000400,-0.00000111,0.00000397,0.000004
36,0.00000313,-0.00000847,-0.00003028,0.00002023,-0.00000905,-0.00002003,0.00000
247,-0.00000782,0.00000588,-0.00000951,-0.00001981,-0.00000097,-0.00000777,-0.00
002626,-0.00002544,0.00000442,0.00001105,0.00000474,-0.00063133,-0.00077486,0.00
057079,-0.00015817,0.00023339,0.00004773,0.00005268,-0.00005096,-0.00017346,-0.0
0006118,-0.00014170,0.00007627,0.00005206,0.00010783,0.00003069,-0.00001970,0.00
007544,-0.00012954,-0.00001448,-0.00011796,0.00010992,0.00001316,0.00000940,-0.0
0005988,-0.00002430,0.00002202,-0.00000559,0.00012797,-0.00005651,0.00025243,-0.
00023052,0.00025382,0.00001939,-0.00005083,0.00009601,-0.00000013,-0.00000478,-0
.00005418,0.00001896,0.00007374,-0.00007150,0.00006408,-0.00012079,0.00009974,-0
.00012817,0.00015763,-0.00002448,0.00004431,-0.00009164,0.00007142,-0.00005688,-
0.00010784,0.00022655,-0.00017756,0.00005593,-0.00018192,0.00027292,0.00009660,0
.00007483,-0.00004775,-0.00005789,0.00000998,-0.00000828,-0.00007829,-0.00009173
,-0.00009407,0.02967857,-0.04408387,-0.09071967,0.00926841,0.01319872,-0.0638543
2,0.03606699,-0.01975399,0.44175410,-0.00004634,-0.00010800,-0.00003562,0.000003
60,-0.00024299,-0.00033454,0.00033225,0.00024484,0.00009953,0.00002277,0.0000144
1,0.00003975,-0.00001187,-0.00002472,0.00000842,0.00001235,-0.00000833,0.0000067
0,0.00002135,-0.00002022,-0.00001335,0.00188258,0.00091914,-0.00154104,0.0000080
0,0.00019064,0.00021227,-0.00010449,0.00001099,-0.00002047,-0.00397540,0.0004113
1,0.00055589,-0.00004598,0.00004204,-0.00005044,-0.00004471,0.00003041,-0.000015
60,-0.00008901,0.00001394,0.00000747,0.00002957,-0.00002371,0.00002771,0.0000003
4,-0.00001315,0.00000200,-0.00000664,-0.00000963,-0.00000623,0.00090176,0.000399
57,-0.00031605,-0.00013898,-0.00002344,0.00012584,-0.00005774,-0.00002913,0.0000
9422,-0.00005197,0.00001797,-0.00003065,0.00003918,-0.00000352,0.00004109,-0.000
01315,-0.00001190,-0.00002042,0.00002688,0.00000411,-0.00001010,-0.00001009,0.00
004251,-0.00005245,-0.00005956,0.00001414,-0.00000180,0.00001475,-0.00000050,-0.
00000716,-0.00028297,0.00018743,0.00051161,-0.00006622,-0.00009177,0.00000602,0.
00000795,-0.00000068,-0.00000462,-0.00001229,-0.00002604,0.00000771,0.00013846,0
.00000112,0.00011875,-0.00003971,0.00000938,-0.00005482,-0.00001780,-0.00000820,
-0.00000996,-0.00000771,0.00000627,0.00000421,-0.00000096,0.00000324,-0.00000139
,0.00000146,0.00000067,0.00000239,0.00000369,-0.00000561,-0.00000597,0.00000020,
0.00000074,0.00000040,-0.00002512,0.00000617,-0.00001072,-0.00000496,-0.00000387
,-0.00000413,0.00000811,0.00000397,-0.00000566,-0.00000005,0.00000363,0.00000560
,0.00000163,-0.00000279,0.00000446,-0.00000184,-0.00000609,-0.00000044,0.0000004
2,-0.00000114,-0.00000201,-0.00000467,0.00000174,-0.00000290,-0.00000579,0.00000
292,-0.00000047,-0.00000218,0.00000283,0.00000418,0.00000385,-0.00000307,-0.0000
0398,0.00000390,-0.00000021,-0.00000480,-0.00000068,-0.00000257,0.00000175,-0.00
000141,-0.00000305,-0.00000133,0.00000012,-0.00000161,-0.00000234,0.00000184,0.0
0000165,0.00000512,-0.00006307,-0.00010494,0.00006392,0.00000539,0.00003190,0.00
001866,0.00000794,0.00000068,-0.00001454,-0.00001760,-0.00002602,0.00002005,-0.0
0003058,0.00002013,-0.00000506,-0.00001551,0.00001639,-0.00001297,-0.00000552,-0
.00002377,0.00002014,0.00000115,0.00000499,-0.00000840,0.00000419,-0.00000068,-0
.00000223,0.00006056,-0.00010028,0.00001080,-0.00000454,0.00002329,0.00000466,-0
.00004602,0.00002113,0.00001540,-0.00000192,0.00000456,0.00001252,0.00003265,-0.
00003780,0.00003341,-0.00003252,0.00003118,-0.00000174,0.00004497,0.00002522,0.0
0000236,-0.00000920,0.00004068,-0.00001925,-0.00001248,0.00003441,-0.00001557,-0
.00004464,-0.00007395,0.00003400,0.00002085,0.00004301,-0.00000132,0.00000859,0.
00000067,-0.00000231,-0.00002239,-0.00001639,-0.00000968,-0.01587360,0.02629245,
0.00335664,0.00447130,-0.01724226,0.00739968,-0.07608573,0.03083001,-0.01906550,
0.52025581,0.00019511,0.00003290,0.00006495,0.00000002,0.00009439,0.00032854,-0.
00005839,0.00001855,0.00011120,-0.00000836,-0.00000471,-0.00000349,0.00001415,0.
00000754,-0.00000551,-0.00000064,0.00000057,-0.00000871,-0.00001331,0.00000321,0
.00001287,-0.00165735,0.00028056,0.00057108,-0.00002444,-0.00013823,-0.00022156,
-0.00006850,-0.00001444,0.00003730,0.00188539,0.00019433,0.00012861,-0.00006318,
0.00004977,-0.00002395,-0.00000160,-0.00001150,-0.00000051,0.00002979,0.00000517
,-0.00002141,-0.00000580,-0.00000316,-0.00003289,0.00000879,0.00000497,0.,0.0000
1319,0.00000630,-0.00000344,-0.00021305,-0.00015873,0.00011689,0.00013224,-0.000
12292,-0.00011303,-0.00000650,-0.00005870,-0.00011237,-0.00000512,-0.00000828,-0
.00012388,-0.00003186,-0.00001466,-0.00000020,0.00005368,-0.00000861,0.00001726,
0.00002005,0.00002608,-0.00001638,-0.00003483,-0.00003974,0.00000025,-0.00000943
,-0.00002559,-0.00004534,-0.00000759,-0.00000860,0.00000142,-0.00003111,0.000171
84,-0.00010710,0.00008007,0.00001291,0.00002312,0.00000068,-0.00000251,-0.000008
96,0.00000549,0.00001803,-0.00000677,-0.00009660,0.00000775,-0.00003833,0.000036
62,-0.00001096,0.00001770,0.00001788,0.00000180,0.00000461,0.00000510,-0.0000036
5,-0.00000628,0.00000025,0.00000046,0.00000100,0.00000160,0.00000074,0.00000178,
0.00000080,0.00000147,0.00000423,0.00000140,0.00000048,0.00000215,0.00002087,-0.
00000099,0.00000482,0.00000456,-0.00000096,0.00000810,-0.00000380,-0.00000438,0.
00000160,-0.00000081,-0.00000021,-0.00000167,-0.00000361,-0.00000338,-0.00000425
,0.00000514,0.00000202,-0.00000645,0.00000035,0.00000236,0.00000330,0.00000655,-
0.00000107,0.00000405,0.00000676,-0.00000254,0.00000037,0.00000294,-0.00000207,-
0.00000291,-0.00000240,0.00000220,0.00000356,-0.00000238,-0.00000026,0.00000012,
0.00000198,0.00000374,-0.00000337,0.00000252,0.00000603,-0.00000047,0.00000057,0
.00000542,0.00000301,-0.00000187,-0.00000060,-0.00000134,0.00004952,0.00010279,-
0.00006864,0.00003845,-0.00002696,0.00000642,-0.00000239,0.00001081,0.00000683,0
.00002317,0.00003457,-0.00003082,-0.00001606,-0.00004238,-0.00000657,0.00002485,
-0.00001171,0.00001637,0.00000797,0.00002372,-0.00002333,0.00000121,-0.00000948,
0.00000147,0.00000141,-0.00000173,0.00000092,-0.00006797,0.00008382,-0.00000145,
-0.00001787,0.00001280,-0.00000280,-0.00002061,0.00004716,0.00003736,0.00001536,
-0.00000820,-0.00000435,-0.00003250,-0.00000382,-0.00005986,0.00003255,-0.000032
02,-0.00000304,-0.00003082,-0.00001480,-0.00000289,0.00003498,-0.00003444,0.0000
0207,0.00001559,-0.00003875,-0.00000886,0.00002007,0.00003281,-0.00003206,-0.000
00511,-0.00000282,0.00000297,0.00000808,-0.00002156,-0.00001632,0.00001472,0.000
00480,0.00001670,0.01779538,-0.02165221,-0.00442543,0.00235801,-0.02474998,0.010
91728,0.03197331,-0.14699488,0.04380155,0.02822846,0.47239366,0.00010706,-0.0000
2047,0.00003270,0.00001922,0.00009548,0.00014282,-0.00024682,0.00008449,0.000058
52,-0.00002512,-0.00001912,-0.00001262,-0.00000509,-0.00000636,0.00000334,0.0000
0166,-0.00000178,0.00001389,0.00000297,0.00001488,0.00000535,-0.00148387,-0.0008
1740,0.00167560,-0.00002853,-0.00011030,-0.00009500,-0.00004066,-0.00001590,0.00
003397,0.00131830,-0.00025953,0.00068199,-0.00000170,0.00007973,-0.00003720,0.00
001157,-0.00001188,0.00000384,-0.00000057,0.00000170,-0.00000872,0.00000486,-0.0
0001443,-0.00003434,0.00001157,-0.00000127,-0.00000518,0.00000349,-0.00000463,0.
00000002,-0.00057066,-0.00007096,0.00003339,0.00008280,-0.00005942,-0.00008831,0
.00002174,0.00003378,-0.00006407,-0.00000945,-0.00005826,-0.00000202,-0.00001236
,0.00001078,0.00000561,0.00002333,-0.00000892,0.00001450,0.00000665,0.00000431,0
.00000114,-0.00000858,-0.00001049,-0.00001181,-0.00001552,-0.00002062,-0.0000179
7,0.00000168,0.00000488,-0.00001117,0.00040972,-0.00012016,-0.00052018,0.0000608
2,0.00001932,0.00002021,0.00000799,0.00000068,0.00000211,0.00000584,0.00000586,0
.00000665,-0.00002971,0.00002697,-0.00005224,0.00000382,-0.00002012,0.00003131,0
.00000711,-0.00000198,0.00001072,0.00000015,-0.00000399,-0.00001000,-0.00000239,
0.00000127,0.00000023,0.00000060,0.00000044,0.00000324,0.00000081,-0.00000203,-0
.00000055,-0.00000352,0.00000287,0.00000295,0.00000653,-0.00000578,0.00000963,-0
.00000037,-0.00000613,0.00000480,0.00000069,-0.00000075,-0.00000040,-0.00000073,
0.00000103,0.00000398,-0.00000383,-0.00000447,-0.00000138,0.00000692,0.00000379,
-0.00000964,0.00000048,0.00000084,0.00000056,0.00000177,-0.00000104,-0.00000023,
-0.00000039,0.00000004,-0.00000029,-0.00000079,0.00000102,0.00000172,-0.00000094
,0.00000140,0.00000388,-0.00000241,0.00000122,0.00000197,-0.00000115,0.00000030,
0.00000129,-0.00000022,0.00000050,0.00000024,0.00000160,0.00000342,0.00000155,0.
00000095,-0.00000033,0.00000078,0.00005622,0.00005449,-0.00003309,-0.00001603,-0
.00000729,0.00002138,0.00000129,0.00000452,0.00002659,0.00001373,0.00000520,-0.0
0000436,-0.00003027,-0.00002929,-0.00002221,0.00000101,-0.00000627,0.00004122,0.
00000217,0.00000676,-0.00000855,0.00000364,0.00000347,0.00001056,0.00000508,-0.0
0000097,-0.00000603,-0.00002979,0.00003441,-0.00002601,0.00005153,-0.00005383,-0
.00000705,0.00003825,-0.00005349,-0.00002397,-0.00000739,-0.00001025,-0.00000548
,-0.00001890,0.00002970,-0.00004574,0.00001677,-0.00002036,0.00000731,-0.0000390
7,0.00000591,0.00000053,0.00000483,-0.00001398,0.00003634,0.00000855,-0.00003145
,0.00001134,-0.00001378,0.00006011,-0.00002061,-0.00000956,-0.00001483,0.0000045
9,-0.00000177,0.00001155,0.00001220,0.00001923,0.00001451,0.00001130,0.01456103,
-0.02118369,0.00129291,-0.00078797,0.00742160,-0.00220997,-0.01932653,0.04533423
,-0.08278913,-0.01567795,0.02768185,0.51743364,0.00008714,-0.00003951,-0.0000929
5,-0.00006466,-0.00011725,-0.00021241,0.00001540,0.00014259,0.00001135,0.0000071
6,0.00001777,0.00000548,0.00000074,-0.00001313,0.00000296,0.00000899,-0.00000395
,-0.00000967,0.00000424,-0.00002316,-0.00001440,0.00246218,0.00025625,-0.0000366
0,0.00006530,0.00010896,0.00011935,-0.00006038,0.00001338,0.00001349,-0.00051268
,-0.00064102,0.00176008,0.00000198,0.00008825,-0.00008458,-0.00000643,-0.0000015
0,0.00001775,-0.00004172,0.00001462,0.00000667,0.00003578,-0.00003439,0.00000894
,0.00000537,-0.00000912,0.00000754,0.00000296,-0.00000703,0.00000837,0.00062459,
0.00025873,-0.00030484,-0.00006493,-0.00005949,0.00002795,-0.00024778,-0.0001394
8,0.00006465,0.00003080,0.00000488,0.00001156,0.00000964,-0.00001650,0.00001625,
0.00001125,-0.00002224,0.00000378,0.00002881,0.00002155,-0.00001277,-0.00003188,
0.00001017,-0.00004282,-0.00003929,-0.00000708,-0.00000517,0.00001603,-0.0000075
3,-0.00000062,-0.00052611,0.00053422,0.00042072,0.00005008,-0.00008329,-0.000065
12,0.00000957,0.00000240,-0.00000126,-0.00000307,-0.00001439,0.00000791,0.000101
67,-0.00000663,0.00007552,-0.00002177,0.00000642,-0.00002924,-0.00001003,-0.0000
0969,-0.00000574,-0.00000601,0.00000485,0.00000237,-0.00000054,0.00000323,0.0000
0099,0.00000278,-0.00000011,0.00000284,0.00000323,-0.00000282,-0.00000422,-0.000
00209,0.00000190,-0.00000044,-0.00001659,0.00000812,-0.00000337,-0.00000356,-0.0
0000488,-0.00000538,0.00000466,0.00000249,-0.00000626,0.00000035,0.00000493,0.00
000467,-0.00000133,-0.00000390,0.00000233,0.00000069,-0.00000214,-0.00000482,0.0
0000150,0.00000060,0.00000291,-0.00000184,0.00000173,0.00000019,-0.00000243,0.00
000197,0.00000158,-0.00000061,0.00000179,0.00000406,0.00000245,-0.00000245,-0.00
000438,0.00000264,-0.00000036,-0.00000333,-0.00000098,-0.00000163,0.00000195,-0.
00000167,-0.00000164,-0.00000071,0.00000010,0.00000141,-0.00000090,0.00000153,0.
00000127,0.00000475,0.00000115,-0.00002785,0.00002222,-0.00002713,0.00000981,0.0
0001108,0.00000467,-0.00000222,-0.00002324,-0.00000141,-0.00001637,0.00000817,-0
.00001085,0.00001205,0.00000451,-0.00001555,0.00000003,-0.00000581,-0.00000122,-
0.00001619,0.00000960,0.00000354,0.00000648,-0.00000176,0.00000567,0.00000048,-0
.00000610,-0.00000870,-0.00000206,-0.00003708,0.00004540,-0.00005678,-0.00011653
,-0.00004971,0.00001981,-0.00000142,-0.00000215,0.00000948,-0.00001095,-0.000036
57,-0.00000031,0.00008203,-0.00001534,0.00002269,0.00002871,0.00004720,0.0000332
6,0.00000395,0.00003178,0.00000995,0.00001008,0.00000416,0.00000542,0.00000045,-
0.00001765,-0.00004735,0.00002657,0.00002111,0.00003515,-0.00000320,0.00001453,-
0.00001053,-0.00000205,-0.00001635,-0.00000984,0.00000664,0.00460221,0.00677882,
0.02015967,-0.01660745,-0.00839420,-0.01890031,-0.09803881,-0.01202953,-0.056204
96,-0.00705276,0.00101427,-0.01234246,0.51303627,0.00011954,-0.00002384,0.000061
15,0.00000779,0.00000254,0.00016381,0.00001460,0.00010402,0.00017665,-0.00000450
,-0.00000704,0.00001202,0.00000500,-0.00000610,-0.00000195,0.00000062,-0.0000054
5,0.00000183,-0.00000320,0.00000514,-0.00000017,-0.00121982,-0.00015077,0.000941
45,-0.00001125,-0.00006091,-0.00009655,-0.00008341,-0.00001957,0.00004380,-0.000
30226,0.00078999,-0.00031322,-0.00005268,0.00002457,-0.00005191,-0.00003618,0.00
002061,-0.00002771,-0.00001407,-0.00000108,-0.00001005,-0.00002760,0.00006060,-0
.00004168,0.00000354,0.00000754,-0.00000477,0.00000684,0.00000282,-0.00000659,-0
.00012479,-0.00006752,0.00015034,0.00013971,-0.00011832,-0.00007569,0.00011488,0
.00002520,-0.00004813,-0.00002055,0.00000343,-0.00008415,-0.00000985,-0.00000628
,0.00002181,0.00004834,-0.00001155,0.00000347,0.00002877,0.00000648,-0.00001315,
-0.00001767,-0.00001973,-0.00002492,-0.00004404,-0.00002075,-0.00004592,0.000002
20,-0.00000221,-0.00000496,0.00027086,-0.00017812,-0.00001880,-0.00003299,0.0000
7323,0.00005228,-0.00000031,0.00000114,-0.00000845,0.00000196,0.00000806,-0.0000
0242,-0.00003475,0.00005514,-0.00003841,0.00000484,-0.00003800,0.00002908,0.0000
0903,-0.00000520,0.00000487,-0.00000025,-0.00000185,-0.00000696,0.00000175,0.000
00077,0.00000314,0.00000303,-0.00000120,-0.00000090,-0.00000090,0.00000004,0.000
00094,0.00000119,0.00000139,0.00000581,0.00001211,-0.00000643,0.00000582,-0.0000
0095,-0.00000669,0.00001237,-0.00000062,-0.00000351,-0.00000107,0.00000065,0.000
00330,0.,-0.00000293,-0.00000438,0.00000117,0.00000449,-0.00000495,-0.00000940,0
.00000101,0.00000192,0.00000143,0.00000439,-0.00000075,0.00000129,0.00000295,-0.
00000051,-0.00000003,0.00000202,-0.00000048,-0.00000167,-0.00000179,0.00000220,0
.00000253,-0.00000099,0.00000021,-0.00000265,0.00000139,0.00000324,-0.00000157,0
.00000112,0.00000343,0.,0.00000030,0.00000384,0.00000142,-0.00000187,0.00000223,
0.00000104,0.00003009,0.00006686,-0.00004006,0.00001757,-0.00000353,0.00001071,-
0.00000356,0.00001217,0.00000551,0.00001163,0.00002416,-0.00001814,0.00000937,-0
.00002207,0.00000341,0.00000555,-0.00001380,-0.00000651,0.00000480,0.00001300,-0
.00001321,-0.00000005,-0.00000686,0.00000015,0.00000083,-0.00000123,0.00000139,-
0.00004487,0.00001101,0.00001072,-0.00003470,-0.00000508,0.00003934,0.00000253,0
.00003650,0.00003572,0.00001329,0.00001107,0.00002509,0.00006277,0.00001606,-0.0
0010304,0.00003524,-0.00003104,-0.00000298,-0.00003544,0.00000075,0.00001305,0.0
0000441,-0.00000055,0.00000780,0.00002267,-0.00005221,0.00001272,-0.00003319,0.0
0000037,-0.00008498,-0.00001066,-0.00000029,-0.00000332,0.00000369,-0.00000716,-
0.00000679,0.00000723,0.00000525,0.00002067,0.00001974,-0.00481394,-0.02055673,-
0.01408513,-0.00578162,-0.01509590,-0.01092798,-0.06539247,-0.01171673,0.0127762
1,0.00005516,0.02019785,-0.00420315,0.52861080,0.00014509,0.00010345,0.00007783,
0.00003443,0.00022543,0.00050309,-0.00012098,-0.00017291,0.00004385,-0.00002557,
-0.00001460,-0.00003858,0.00001744,0.00002528,-0.00000971,-0.00001063,0.00001142
,-0.00000820,-0.00002809,0.00001965,0.00002000,-0.00244538,-0.00047885,0.0014664
4,-0.00002807,-0.00023039,-0.00030661,0.00003195,-0.00001027,0.00003901,0.002154
79,0.00131651,-0.00344076,-0.00000489,0.00001122,0.00004576,0.00004171,-0.000032
53,0.00001845,0.00009355,0.00000214,-0.00002671,-0.00004989,-0.00000742,-0.00005
870,0.00001868,0.00000925,-0.00000752,0.00001192,0.00001021,0.00000568,-0.000877
72,-0.00023479,0.00007235,0.00011954,-0.00002305,-0.00010283,0.00027483,0.000082
49,-0.00012865,0.00005737,0.00002673,-0.00006748,-0.00005569,-0.00001044,-0.0000
4455,0.00004625,0.00000258,0.00003160,-0.00001119,0.00001417,-0.00000905,-0.0000
1456,-0.00006827,0.00004384,0.00005099,-0.00002478,-0.00002902,-0.00001854,-0.00
000688,0.00000458,0.00040043,-0.00048899,-0.00019211,-0.00001123,0.00014888,0.00
008963,-0.00000098,-0.00000082,-0.00000103,0.00000874,0.00002627,-0.00000662,-0.
00013649,-0.00000531,-0.00014879,0.00004205,-0.00000832,0.00007881,0.00002337,0.
00000661,0.00001621,0.00000661,-0.00000723,-0.00001083,-0.00000025,-0.00000193,0
.00000244,0.00000033,-0.00000045,0.00000025,-0.00000216,0.00000564,0.00000620,-0
.00000346,0.00000274,0.00000163,0.00002788,-0.00000450,0.00001635,0.00000433,-0.
00000147,0.00000902,-0.00000925,-0.00000661,0.00000369,0.00000124,-0.00000034,-0
.00000404,-0.00000589,-0.00000266,-0.00000607,0.00000679,0.00001087,-0.00001256,
0.00000161,0.00000209,0.00000489,0.00000683,-0.00000188,0.00000437,0.00000749,-0
.00000308,0.00000167,0.00000294,-0.00000264,-0.00000270,-0.00000350,0.00000282,0
.00000463,-0.00000463,0.00000096,0.00000634,0.00000024,0.00000363,-0.00000033,0.
00000109,0.00000415,0.00000184,0.00000230,0.00000651,0.00000405,0.00000055,-0.00
000307,-0.00000470,0.00005125,0.00008423,-0.00007060,0.00001077,-0.00002670,-0.0
0000973,-0.00000172,0.00000285,0.00000945,0.00001700,0.00002476,-0.00001953,-0.0
0000312,-0.00003000,-0.00001109,0.00001848,-0.00000847,0.00002374,0.00000564,0.0
0002837,-0.00002286,-0.00000204,-0.00000563,0.00000862,0.00000349,-0.00000207,-0
.00000166,-0.00012942,0.00008440,0.00002765,-0.00003269,0.00002214,0.00001771,0.
00001257,0.00005428,0.00001309,0.00001569,-0.00000009,-0.00000583,-0.00010027,0.
00003370,-0.00003504,0.00006067,-0.00006575,-0.00000871,-0.00004712,-0.00004130,
-0.00001781,0.00002754,-0.00005009,-0.00000997,0.00001566,-0.00004843,0.00001594
,0.00007619,0.00005942,-0.00003437,-0.00002501,-0.00003910,0.00000111,0.00000102
,-0.00002275,-0.00001348,0.00002020,0.00001581,0.00001053,0.00056334,-0.01475207
,-0.03602937,-0.00293378,-0.00176914,-0.00019138,-0.05486407,-0.01175076,-0.1415
2038,-0.01083173,0.00239532,-0.01437083,-0.03836947,-0.00909804,0.46833519,0.000
02850,0.00000690,-0.00001173,-0.00002057,-0.00000277,0.00011227,-0.00003393,-0.0
0005655,0.00003747,-0.00000217,-0.00000134,-0.00000337,0.00000229,0.00000121,-0.
00000108,0.00000059,-0.00000003,0.00000219,-0.00000175,-0.00000013,0.00001240,-0
.00030803,-0.00054045,0.00018606,-0.00000716,-0.00002712,-0.00005983,-0.00000174
,0.00000212,0.00000282,0.00014641,0.00019020,-0.00001240,-0.00001192,0.00000719,
0.00001397,0.00000091,0.00000082,-0.00000440,0.00001020,0.00000164,-0.00000381,-
0.00001427,-0.00001527,0.00000032,-0.00000402,-0.00000133,-0.00000182,0.00000359
,0.00000132,-0.00000339,-0.00007163,-0.00001604,0.00003184,0.00000840,0.00000233
,-0.00000852,0.00002762,0.00001945,0.00000119,0.00001886,0.00002842,-0.00003151,
-0.00000214,-0.00000489,0.00000057,0.00000750,0.00000002,0.00000420,0.00000396,0
.00000500,-0.00000388,-0.00000240,-0.00000728,0.00000390,0.00000380,-0.00000278,
-0.00000998,-0.00001334,0.00000149,0.00000089,0.00006887,0.00000147,-0.00011926,
0.00003705,0.00000243,0.00001305,0.00000016,-0.00000028,-0.00000168,0.00000227,0
.00000895,-0.00000277,-0.00003901,0.00000665,-0.00001613,0.00001837,-0.00000582,
0.00000890,0.00000499,0.00000229,0.00000217,0.00000078,-0.00000148,-0.00000460,-
0.00000044,-0.00000046,-0.00000156,-0.00000164,0.00000105,0.00000011,0.00000104,
-0.00000021,0.00000274,0.00000108,0.00000021,0.00000200,0.00000764,-0.00000216,-
0.00000027,0.00000069,-0.00000127,0.00000373,-0.00000052,-0.00000102,0.00000123,
-0.00000069,-0.00000061,-0.00000118,-0.00000018,-0.00000048,-0.00000251,0.000002
42,-0.00000044,-0.00000304,-0.00000075,0.00000068,0.,0.00000206,-0.00000067,0.00
000110,0.00000223,-0.00000137,-0.00000048,0.00000049,-0.00000056,-0.00000076,-0.
00000039,0.00000087,0.00000319,-0.00000115,0.00000033,0.00000225,0.00000066,0.00
000083,-0.00000103,0.00000150,0.00000244,-0.00000030,0.00000054,0.00000180,0.000
00185,-0.00000133,-0.00000104,-0.00000049,0.00002060,0.00003018,-0.00002467,0.00
000255,-0.00000064,-0.00000142,-0.00000417,0.00000323,0.00000476,0.00000272,0.00
001011,-0.00000478,0.00000795,0.00000002,0.00000178,-0.00000226,-0.00000353,-0.0
0000551,0.00000118,0.00000750,-0.00000587,-0.00000015,-0.00000245,0.00000093,0.0
0000056,-0.00000153,0.00000115,-0.00001305,-0.00001681,0.00002073,-0.00002453,0.
00003601,0.00002597,-0.00012067,0.00009836,0.00007837,0.00006080,-0.00002245,-0.
00005562,-0.00005378,-0.00005003,-0.00002967,0.00000340,-0.00000689,-0.00001425,
0.00000823,-0.00001573,-0.00002120,0.00002327,0.00000130,-0.00003158,-0.00000302
,0.00002055,-0.00002974,0.00009052,0.00010194,0.00014260,0.00000242,-0.00003572,
-0.00000159,-0.00002879,-0.00002752,-0.00002933,0.00000538,-0.00000647,-0.000017
42,0.00121049,0.00032230,-0.00100189,-0.07977524,0.08096763,-0.03361327,0.007008
95,-0.01888428,0.00753292,-0.00257478,-0.00285020,0.00086369,0.00070276,-0.00038
945,0.00071983,0.09066968,-0.00000968,0.00005830,-0.00008171,-0.00000401,-0.0000
4724,0.00011997,0.00002883,-0.00008322,-0.00000685,0.00001162,0.00000692,-0.0000
0571,0.00000817,0.00000686,-0.00000585,-0.00000164,-0.00000068,-0.00001196,-0.00
000900,0.00000824,0.00001015,0.00006859,-0.00058384,0.00010488,0.00000935,0.0000
1746,-0.00005934,0.00001551,0.00000129,0.00000096,0.00004817,0.00042053,-0.00006
592,0.00000490,-0.00002307,0.00003511,-0.00001894,0.00000379,0.00000391,0.000028
00,-0.00000516,0.00000636,-0.00002401,0.00000584,-0.00001074,-0.00000238,0.00000
141,0.00000008,0.00000644,0.00000676,-0.00000089,0.00015630,0.00000246,0.0000134
3,-0.00005918,0.00000277,0.00005404,-0.00002469,-0.00004012,-0.00001938,0.000006
82,0.00005313,-0.00006200,0.00000485,-0.00000452,-0.00001086,-0.00000289,-0.0000
0461,0.00000136,0.00001592,0.00000614,0.00000667,-0.00000826,0.00000387,0.000005
68,0.00001256,-0.00001643,0.00002077,-0.00000930,0.00000268,-0.00000048,0.000151
97,0.00011672,-0.00011208,0.00000763,0.00003919,0.00009089,-0.00000382,0.0000059
8,-0.00000140,0.00000294,0.00000202,-0.00000747,-0.00003856,-0.00002500,0.000019
61,0.00002108,0.00001640,-0.00001862,0.00000540,0.00000363,-0.00000337,0.0000031
6,-0.00000046,0.00000275,0.00000021,-0.00000033,0.00000002,0.00000157,-0.0000008
5,0.00000034,0.00000042,0.00000099,-0.00000064,0.00000105,-0.00000092,-0.0000021
4,0.00000484,0.00000465,-0.00000139,0.00000123,0.00000173,0.00000014,-0.00000144
,0.00000073,-0.00000173,0.00000169,0.00000079,-0.00000007,-0.00000179,-0.0000016
2,-0.00000050,-0.00000232,-0.00000039,0.00000215,-0.00000058,-0.00000067,0.00000
074,0.00000050,-0.00000060,0.00000020,0.00000099,-0.00000082,-0.00000024,0.00000
074,-0.00000142,-0.00000159,-0.00000107,-0.00000063,-0.00000176,0.00000119,-0.00
000050,-0.00000320,0.00000173,0.00000140,-0.00000169,0.00000144,0.00000108,-0.00
000057,0.00000008,0.00000003,0.00000019,-0.00000124,-0.00000077,-0.00000035,-0.0
0001270,0.00001573,0.00000184,0.00000782,0.00000268,-0.00000934,-0.00000150,-0.0
0000014,-0.00000790,0.00000372,0.00000637,-0.00000564,0.00001893,-0.00000007,0.0
0000302,0.00000413,-0.00000411,-0.00001340,0.00000399,0.00000163,-0.00000243,0.0
0000162,-0.00000428,-0.00000219,-0.00000637,0.00000332,0.00000038,-0.00006250,0.
00004284,0.00009134,-0.00001100,0.00002790,0.00003435,-0.00002324,-0.00002349,0.
00001797,0.00001649,0.00000096,-0.00001400,-0.00005601,-0.00000027,-0.00003626,0
.00002010,-0.00001723,-0.00001931,-0.00000845,-0.00002393,0.00000083,0.00000137,
-0.00003353,-0.00001698,0.00004264,-0.00001956,0.00000219,0.00009167,0.00018468,
-0.00007627,-0.00001574,-0.00003093,-0.00002458,0.00000476,-0.00002992,-0.000002
41,-0.00001736,0.00000983,0.00001304,0.00042978,0.00131763,-0.00080463,0.0806682
1,-0.21951499,0.07276715,0.00480705,-0.02319263,0.00916045,-0.00389654,-0.003359
32,0.00099119,0.00096031,0.00062089,0.00024570,-0.09136966,0.25447366,-0.0000167
5,-0.00002953,0.00002568,0.00005521,0.00014987,-0.00021898,0.00003195,0.00010611
,-0.00000053,-0.00000139,-0.00000029,0.00000277,-0.00000656,-0.00000792,0.000004
22,0.00000228,0.00000182,0.00000277,0.00001901,-0.00000027,-0.00001776,0.0002581
6,0.00064615,-0.00013521,-0.00004036,-0.00006556,0.00008783,-0.00000240,-0.00000
271,-0.00001375,-0.00012137,-0.00045090,-0.00010147,0.00000089,-0.00001416,-0.00
001985,-0.00000300,0.00000223,-0.00000579,-0.00001714,-0.00000470,0.00000310,0.0
0001050,0.00000815,0.00001903,-0.00000152,-0.00000132,0.00000173,-0.00000567,-0.
00000333,0.00000094,-0.00007485,0.00000343,0.00001030,0.00004366,-0.00001618,-0.
00003726,0.00008308,0.00008209,0.00007927,-0.00007158,-0.00014615,0.00011167,-0.
00000203,0.00000261,0.00001392,-0.00001067,0.00000137,-0.00000730,-0.00000919,-0
.00000866,-0.00000308,0.00000389,0.00000596,-0.00000959,-0.00000698,0.00001453,0
.00000378,0.00001384,0.00000202,0.00000568,-0.00009879,-0.00009303,0.00007344,-0
.00005806,0.00004329,-0.00015539,0.00000098,-0.00000160,0.00000157,-0.00000352,-
0.00000919,0.00000484,0.00005381,0.00001545,0.00002824,-0.00002058,-0.00000535,-
0.00001276,-0.00000841,-0.00000341,-0.00000227,-0.00000231,0.00000186,0.00000202
,-0.00000027,0.00000061,-0.00000069,-0.00000034,0.00000021,-0.00000007,0.0000005
4,-0.00000126,-0.00000137,0.00000035,-0.00000115,-0.00000051,-0.00000958,-0.0000
0012,-0.00000450,-0.00000297,-0.00000134,-0.00000227,0.00000195,0.00000102,-0.00
000143,-0.00000026,0.00000053,0.00000008,0.00000160,0.00000088,0.00000144,-0.000
00266,-0.00000364,0.00000160,-0.00000015,-0.00000003,-0.00000132,-0.00000194,0.0
0000103,-0.00000138,-0.00000173,0.00000105,-0.00000040,-0.00000034,0.00000096,0.
00000067,0.00000169,0.00000014,-0.00000090,0.00000082,0.00000063,0.00000006,-0.0
0000121,-0.00000163,0.00000134,-0.00000128,-0.00000216,-0.00000071,-0.00000061,-
0.00000204,-0.00000200,0.00000070,0.00000138,0.00000077,-0.00000826,-0.00003034,
0.00002266,-0.00000882,0.00000416,0.00000944,0.00000372,-0.00000178,0.00000002,-
0.00000454,-0.00001173,0.00000678,-0.00000723,0.00000117,-0.00000227,-0.00000672
,0.00000285,0.00000458,-0.00000373,-0.00000787,0.00000628,-0.00000073,0.00000512
,-0.00000122,0.00000180,0.00000006,-0.00000035,0.00005204,0.00005082,-0.00002168
,-0.00000963,-0.00003079,0.00001119,0.00020397,-0.00019188,-0.00019684,-0.000048
80,0.00001491,-0.00000233,0.00004133,0.00002340,0.00005577,-0.00001464,0.0000074
5,0.00000724,-0.00000354,0.00001195,-0.00001361,-0.00006259,-0.00001334,0.000036
06,-0.00011178,0.00008656,0.00006125,0.00016095,-0.00008826,0.00011929,-0.000024
29,-0.00008178,0.00001280,-0.00004233,0.00006361,0.00004907,0.00000594,0.0000099
6,-0.00007093,-0.00020241,-0.00038861,0.00027181,-0.03386433,0.07309958,-0.07452
254,-0.00084176,0.00660257,-0.00238255,0.00117911,0.00098521,0.00015242,-0.00034
872,-0.00090234,0.00030515,0.03940378,-0.08591201,0.08274915,0.00005534,-0.00001
130,0.00003750,-0.00010384,-0.00006301,0.00021053,-0.00012480,-0.00010208,-0.000
04534,-0.00000320,-0.00000438,-0.00000153,0.00000410,0.00000500,-0.00000181,-0.0
0000380,0.00000047,0.00000257,-0.00001632,0.00000798,0.00000605,-0.00082453,-0.0
0066896,-0.00039750,0.00009183,0.00001885,-0.00007764,-0.00000366,0.00000465,0.0
0001878,0.00030551,0.00051748,0.00024635,0.00000745,0.00003618,0.00000701,0.0000
2387,-0.00001358,0.00001214,0.00002047,0.00000772,-0.00001061,0.00000694,-0.0000
1928,-0.00001147,0.00001278,0.00000110,-0.00000039,0.00000580,-0.00000016,0.0000
0056,0.00005405,0.00003053,-0.00006079,-0.00006552,0.00003788,0.00003689,-0.0001
6420,-0.00008586,-0.00008121,0.00010786,0.00009925,-0.00007563,-0.00001136,-0.00
000052,-0.00001235,0.00002266,0.00000715,0.00001090,-0.00000367,0.00000808,-0.00
000364,0.00000110,-0.00001301,0.00001142,0.00000149,-0.00000639,-0.00001446,-0.0
0000308,-0.00000516,-0.00000387,0.00030639,0.00003959,-0.00006151,0.00000183,0.0
0011503,0.00012700,0.00000346,-0.00000010,0.,0.00000617,0.00000851,-0.00000222,-
0.00003387,-0.00000239,-0.00005617,0.00000613,-0.00000145,0.00003189,0.00000468,
0.00000306,0.00000574,0.00000376,-0.00000296,-0.00000238,0.00000026,-0.00000110,
-0.00000117,-0.00000123,0.00000081,0.00000063,0.00000141,0.00000148,0.00000198,-
0.00000118,0.00000085,-0.00000135,0.00000672,-0.00000334,0.00000463,0.00000227,-
0.00000103,0.00000111,-0.00000287,-0.00000135,0.00000163,0.00000044,-0.00000122,
-0.00000068,-0.00000161,-0.00000079,-0.00000334,0.00000262,0.00000537,-0.0000038
7,0.00000097,0.00000064,0.00000229,0.00000198,-0.00000040,0.00000145,0.00000184,
-0.00000065,0.00000048,0.00000013,-0.00000013,0.00000009,-0.00000145,0.00000029,
0.00000071,-0.00000128,0.00000026,0.00000084,0.00000007,0.00000079,-0.00000032,0
.00000096,0.00000173,0.00000034,0.00000120,0.00000283,0.00000261,-0.00000009,-0.
00000174,0.00000071,0.00001738,0.00002485,-0.00002144,-0.00000248,-0.00001171,-0
.00001422,-0.00000491,-0.00000067,-0.00000133,0.00000888,0.00000750,-0.00000528,
-0.00000277,-0.00000607,-0.00000678,0.00000498,-0.00000650,0.00001500,0.00000261
,0.00000641,-0.00000509,-0.00000219,-0.00000155,0.00000659,0.00000399,-0.0000009
9,-0.00000137,-0.00004477,0.00001898,-0.00000772,0.00001839,-0.00001266,-0.00001
185,-0.00005338,0.00006062,0.00006278,0.00002587,0.00001606,-0.00000940,-0.00001
059,-0.00001339,-0.00001489,0.00002696,-0.00001111,0.00001526,0.00000285,-0.0000
0584,-0.00000074,0.00004028,-0.00001454,0.00000317,0.00007448,-0.00008263,0.0000
0473,-0.00009163,0.00004969,-0.00014631,0.00001063,0.00003246,-0.00000602,0.0000
3154,-0.00004127,-0.00001298,-0.00000258,0.00002033,0.00007538,0.00169523,0.0004
5988,0.00000097,-0.09496430,-0.02023539,-0.09776089,-0.01459135,-0.00759591,-0.0
2014698,0.00062760,0.00104023,-0.00029537,-0.00376915,-0.00352036,0.00069303,-0.
00688714,-0.00014791,-0.01414641,0.10917795,0.00001121,-0.00001440,0.00001001,0.
00001597,0.00010699,-0.00006641,-0.00001207,0.00004487,-0.00004057,0.00000217,0.
00000123,0.00000279,-0.00000196,-0.00000209,-0.00000020,-0.00000063,0.00000170,-
0.00000088,0.00000562,0.00000393,-0.00000338,-0.00017303,-0.00000888,-0.00015497
,-0.00001262,-0.00004610,0.00001500,-0.00000304,0.00000220,-0.00000039,0.0001209
4,-0.00006467,0.00004363,0.00000357,0.00000878,-0.00000016,0.00000576,-0.0000008
7,0.00000326,0.00000043,0.00000392,-0.00000071,0.00000533,-0.00001117,0.00000057
,0.00000607,-0.00000121,0.00000083,0.00000185,0.00000030,0.00000082,-0.00000609,
0.00002500,-0.00002247,-0.00000740,0.00000370,-0.00000436,0.00001878,0.00002378,
0.00003186,-0.00001403,-0.00008135,0.00004436,0.00000615,0.00000277,0.00000609,-
0.00000065,-0.00000037,-0.00000201,0.00000202,-0.00000143,0.00000381,0.00000396,
0.00000545,-0.00000736,-0.00000608,-0.00000310,0.00000334,0.00000205,-0.00000054
,-0.00000126,0.00013239,-0.00003395,-0.00005234,0.00002915,0.00007744,-0.0000282
6,0.00000404,0.00000045,0.00000072,0.00000086,-0.00000323,0.00000066,0.00001076,
0.00000174,-0.00000586,-0.00000696,0.00000021,0.00000491,-0.00000232,-0.00000017
,0.00000149,0.00000119,-0.00000101,-0.00000010,-0.00000059,-0.00000031,-0.000000
83,0.00000096,-0.00000037,0.00000176,0.00000118,-0.00000088,-0.00000164,-0.00000
153,0.00000018,-0.00000136,-0.00000276,-0.00000065,0.00000086,-0.00000049,-0.000
00172,-0.00000155,0.00000058,0.00000041,-0.00000250,0.00000112,0.00000117,0.0000
0069,-0.00000093,-0.00000153,0.00000009,0.00000002,0.00000112,-0.00000173,0.0000
0016,0.00000009,0.00000057,-0.00000011,-0.00000015,-0.00000011,-0.00000051,-0.00
000005,0.00000002,-0.00000016,0.00000004,0.00000040,0.00000013,-0.00000010,-0.00
000079,0.00000045,-0.00000003,-0.00000116,-0.00000006,-0.00000054,0.00000020,0.0
0000032,-0.00000039,-0.00000059,0.00000083,0.00000060,0.00000016,0.00000030,-0.0
0000075,0.00000148,-0.00000387,-0.00001718,0.00001926,-0.00000663,-0.00000424,-0
.00000267,-0.00000035,-0.00000218,-0.00000267,0.00000142,-0.00000535,0.00000247,
-0.00000551,-0.00000036,-0.00000677,-0.00000641,0.00000086,0.00001017,-0.0000013
7,-0.00000480,0.00000181,-0.00000244,0.00000362,0.00000068,0.00000509,-0.0000002
4,-0.00000268,0.00000378,0.00002029,0.00000598,-0.00000439,-0.00000734,0.0000070
0,0.00002846,-0.00002355,-0.00002619,0.00000374,-0.00001068,-0.00001990,-0.00001
815,-0.00001320,0.00000650,-0.00000179,-0.00000274,-0.00000385,0.00000049,-0.000
00473,-0.00001602,-0.00000810,-0.00000832,0.00000662,-0.00003958,0.00002159,0.00
000615,0.00004980,0.00004259,0.00010803,-0.00000171,-0.00004896,0.00001634,-0.00
003429,0.00001185,0.00000003,0.00002061,0.00000799,-0.00004410,0.00132835,0.0003
6463,0.00000281,-0.02025380,-0.05227821,-0.03920491,-0.01185420,-0.00569433,-0.0
1730059,-0.00029554,0.00049727,-0.00078519,-0.00341620,-0.00245534,0.00042906,0.
01359496,0.00334155,0.02472282,0.02625865,0.05915928,-0.00000091,0.00000205,0.00
000273,0.00000976,-0.00001364,-0.00000588,0.00002346,-0.00000394,-0.00005382,0.0
0000127,0.00000495,-0.00000421,0.00000415,0.00000011,-0.00000079,-0.00000013,0.0
0000191,-0.00000430,-0.00000428,0.00000237,0.00000179,0.00017252,0.00003197,-0.0
0019747,0.00001324,0.00002847,0.,-0.00000225,0.00000047,-0.00000057,0.00003915,0
.00009827,0.00013504,0.00000832,0.00000271,0.00000372,0.00000576,-0.00000561,0.0
0000973,0.00001000,0.00000634,-0.00000252,-0.00000095,0.00000125,-0.00000717,0.0
0000658,0.00000163,-0.00000071,0.00000032,0.00000153,0.00000546,0.00013204,0.000
03193,-0.00005551,-0.00005538,0.00001141,0.00003365,-0.00004654,-0.00003292,-0.0
0000902,0.00001857,0.00001831,-0.00000944,-0.00000945,-0.00000380,-0.00000657,0.
00000518,0.00000352,0.00000214,-0.00000435,0.00000290,-0.00000701,0.00000121,-0.
00001033,0.00000870,0.00000593,0.00000603,-0.00000379,0.00000476,-0.00000215,-0.
00000312,0.00005109,0.00006802,0.00002304,0.00004513,-0.00000482,0.00008091,-0.0
0000123,0.00000664,0.00000086,0.00000051,-0.00000645,0.00000014,0.00002126,-0.00
001226,-0.00001691,-0.00001279,0.00000671,0.00001064,-0.00000313,-0.00000034,0.0
0000048,0.00000234,-0.00000101,0.00000255,-0.00000020,-0.00000048,-0.00000028,-0
.00000053,-0.00000010,0.00000014,0.00000064,0.00000146,-0.00000100,-0.00000098,-
0.00000049,-0.00000414,-0.00000393,0.00000076,0.00000064,0.00000102,0.00000186,-
0.00000405,-0.00000210,0.00000029,0.00000042,0.00000148,-0.00000076,-0.00000088,
0.00000002,0.00000095,-0.00000122,-0.00000121,0.00000406,0.00000173,0.00000073,-
0.00000023,0.00000155,-0.00000205,0.00000084,-0.00000042,-0.00000188,0.00000154,
0.00000151,-0.00000031,0.00000116,0.00000302,0.00000137,-0.00000127,-0.00000119,
0.00000070,0.00000041,0.00000036,-0.00000129,-0.00000121,0.00000263,-0.00000161,
-0.00000276,0.00000065,-0.00000030,-0.00000109,-0.00000091,0.00000053,-0.0000002
4,0.00000008,-0.00000593,-0.00001918,0.00001994,-0.00000748,0.00001249,-0.000004
68,0.00000590,-0.00000310,-0.00001157,-0.00000031,-0.00001002,0.00000254,-0.0000
0194,-0.00000087,-0.00000297,0.00000178,-0.00000128,0.00000248,0.00000082,-0.000
00547,0.00000450,0.00000063,0.00000152,-0.00000040,-0.00000214,0.00000265,-0.000
00319,-0.00002395,0.00000370,0.00000205,0.00001308,-0.00000610,-0.00001795,-0.00
001962,0.00001021,0.00002356,0.00000207,-0.00001627,0.00000473,-0.00001661,0.000
00763,-0.00000710,0.00000556,-0.00000429,-0.00000598,0.00000693,-0.00000156,-0.0
0000031,0.00001469,0.00000624,-0.00000373,0.00003736,-0.00003815,-0.00001396,-0.
00010408,0.00005012,-0.00003589,0.00000833,0.00003962,-0.00000356,0.00001602,-0.
00001122,-0.00001852,0.00000615,-0.00000889,0.00002640,-0.00022601,0.00029872,0.
00083164,-0.09776783,-0.03961118,-0.22708120,-0.00119912,-0.00117269,0.00185643,
0.00070533,0.00024336,0.00044504,-0.00012916,-0.00023372,0.00041435,-0.00787737,
0.00008012,-0.01353523,0.11437758,0.04530060,0.25996056,-0.00010290,-0.00001994,
-0.00003267,0.00003597,-0.00001224,-0.00019178,0.00012266,0.00014115,-0.00006610
,0.00002004,0.00001419,0.00001945,-0.00000161,-0.00000511,0.00000105,0.00000519,
0.00000051,-0.00001085,0.00001196,-0.00000987,-0.00001384,-0.00033996,0.00078310
,0.00075533,-0.00000441,0.00003970,0.00009299,0.00001287,0.00000106,-0.00001155,
-0.00001207,-0.00012421,-0.00011144,-0.00000178,-0.00002876,0.00000497,-0.000007
52,0.00001415,-0.00000554,-0.00001339,0.00000279,0.00000506,0.00001579,0.0000047
8,0.00002540,0.00000276,-0.00000129,0.00000255,-0.00000220,-0.00000143,0.0000040
0,0.00007317,0.00005958,0.00002969,0.00000842,0.00000044,-0.00002004,0.00000947,
-0.00002584,0.00003526,-0.00003123,-0.00003294,0.00004421,0.00002443,0.00000194,
0.00000830,-0.00001789,0.00000032,-0.00001942,0.00000482,-0.00000727,0.00001255,
0.00000790,0.00002406,-0.00000720,-0.00000875,0.00001175,0.00001827,0.00001428,-
0.00000143,0.00000261,-0.00052308,-0.00017863,0.00029008,-0.00006385,-0.00003626
,-0.00005878,0.00000249,0.00000436,0.00000159,-0.00000200,-0.00002053,0.00000048
,0.00008433,-0.00000045,0.00003494,-0.00003314,0.00000730,-0.00001846,-0.0000151
9,-0.00000158,-0.00000553,-0.00000188,0.00000363,0.00000722,0.00000145,0.0000004
2,0.00000027,0.00000149,-0.00000093,-0.00000030,0.00000102,0.00000068,-0.0000033
8,0.00000187,-0.00000161,-0.00000163,-0.00001672,0.00000199,-0.00000741,-0.00000
394,-0.00000052,-0.00000502,0.00000116,0.00000173,-0.00000423,0.00000293,0.00000
255,0.00000068,0.00000145,0.00000143,0.00000402,-0.00000685,-0.00000354,0.000003
83,0.00000114,-0.00000091,0.00000043,-0.00000370,0.00000190,-0.00000206,-0.00000
262,0.00000215,0.00000083,0.00000068,0.00000068,0.00000154,0.00000162,-0.0000017
4,-0.00000613,0.00000405,-0.00000016,-0.00000461,0.00000016,-0.00000141,0.000001
52,-0.00000153,-0.00000392,-0.00000064,-0.00000081,-0.00000329,-0.00000374,0.000
00074,0.00000204,0.00000342,-0.00004718,-0.00007220,0.00005483,-0.00001524,0.000
01456,0.00000535,0.00000532,-0.00000647,-0.00001547,-0.00000765,-0.00002138,0.00
001123,0.00000343,0.00001595,-0.00000197,-0.00000488,0.00000993,-0.00001204,-0.0
0000093,-0.00001877,0.00001146,0.00000094,0.00000341,-0.00000864,-0.00000084,0.0
0000379,-0.00000434,0.00002564,-0.00001333,-0.00000862,-0.00002720,0.00000603,-0
.00001103,0.00003374,-0.00002035,-0.00002879,-0.00000097,0.00000949,0.00001863,0
.00002522,-0.00000569,0.00005011,-0.00000462,0.00001475,0.00000021,0.00003575,0.
00000821,-0.00000171,-0.00000457,-0.00000498,-0.00000042,-0.00000579,0.00000527,
0.00000356,-0.00002808,-0.00002644,0.00001836,0.00000130,-0.00000200,-0.00000709
,-0.00000284,0.00000399,0.00000589,-0.00001527,-0.00000652,-0.00001816,-0.005529
08,-0.00362537,0.00221800,-0.14623168,0.06025069,0.10487006,-0.01659354,0.007417
74,0.01560193,0.00049127,0.00081919,-0.00029890,0.00034093,0.00035562,0.00028899
,-0.01000012,0.00858136,0.00909077,0.00913951,-0.00476031,-0.00871632,0.16884012
,0.00000313,0.00000729,-0.00000275,-0.00003352,-0.00005662,0.00008975,-0.0000257
8,-0.00001183,-0.00000325,-0.00000417,-0.00000433,-0.00000351,0.00000050,0.00000
264,-0.00000016,0.00000021,0.00000060,0.00000260,-0.00000284,-0.00000201,0.00000
589,-0.00119672,0.00010877,0.00078841,0.00002334,0.00000562,-0.00004559,0.000012
62,0.00000408,0.00000396,0.00030632,0.00021582,-0.00003641,-0.00000001,0.0000057
3,0.00001009,0.00000039,0.00000046,-0.00000002,0.00000815,-0.00000367,0.00000258
,0.00000081,-0.00000769,0.00000072,0.00000037,0.00000052,-0.00000130,0.00000178,
0.00000066,-0.00000241,-0.00017505,0.00000258,0.00007604,0.00004050,0.00000022,-
0.00003165,-0.00003309,0.00000091,-0.00003272,0.00003778,0.00005847,-0.00003389,
0.00000517,0.00000587,-0.00000224,0.00000091,-0.00000183,0.00000360,0.00000163,-
0.00000027,0.00000316,0.00000440,-0.00000098,0.00000312,0.00000125,-0.00000263,-
0.00000082,-0.00000679,-0.00000095,-0.00000134,-0.00017307,-0.00015358,0.0000603
7,0.00001086,-0.00002732,0.00004961,0.00000364,-0.00000342,-0.00000103,0.0000019
0,0.00000667,-0.00000078,-0.00003127,0.00000711,-0.00002327,0.00001063,-0.000005
31,0.00001262,0.00000530,0.00000157,0.00000345,-0.00000064,-0.00000115,-0.000004
81,-0.00000078,-0.00000006,-0.00000006,0.00000033,0.00000012,0.00000091,0.000000
24,-0.00000054,0.00000059,-0.00000181,0.00000218,0.00000300,0.00000667,-0.000001
63,0.00000293,-0.00000068,-0.00000261,0.00000379,0.00000022,-0.00000136,-0.00000
149,0.00000025,0.00000111,-0.00000009,-0.00000164,-0.00000221,0.00000046,0.00000
227,-0.00000056,-0.00000518,-0.00000013,0.00000050,0.00000061,0.00000266,-0.0000
0124,0.00000149,0.00000208,-0.00000176,-0.00000049,0.00000023,-0.00000105,-0.000
00130,-0.00000020,0.00000009,0.00000190,-0.00000062,0.00000006,0.00000066,0.0000
0091,0.00000089,-0.00000111,0.00000154,0.00000231,-0.00000028,0.00000082,0.00000
247,0.00000182,-0.00000050,-0.00000045,0.00000028,0.00000828,0.00000538,-0.00001
199,0.00000038,-0.00000894,0.00000101,-0.00000453,0.00000101,0.00000637,0.000000
75,0.00000724,-0.00000205,0.00000067,0.00000465,0.00000033,0.00000017,0.00000092
,-0.00000171,0.00000069,0.00000532,-0.00000466,-0.00000063,-0.00000182,0.0000001
8,0.00000404,-0.00000264,-0.00000098,-0.00001170,-0.00001148,-0.00001161,-0.0000
0712,0.00002671,0.00000069,-0.00003352,0.00004755,0.00004243,0.00002592,-0.00001
351,-0.00002698,-0.00002103,-0.00003432,-0.00001249,0.00000069,0.00000071,0.0000
0072,0.00000923,-0.00000558,-0.00000619,0.00001759,0.00000050,-0.00000760,0.0000
2237,-0.00001816,-0.00002335,-0.00007549,0.00003805,0.00002082,0.00001130,0.0000
3268,-0.00000013,0.00000915,-0.00001697,-0.00001110,-0.00000070,-0.00000028,0.00
003467,-0.00343010,-0.00138176,0.00147476,0.06136583,-0.07734892,-0.06156094,-0.
01091251,0.00602134,0.01091143,-0.00057839,0.00018662,0.00029042,-0.00004933,0.0
0016099,0.00038124,0.02007989,-0.01345744,-0.01807895,0.00414970,-0.00224978,-0.
00551462,-0.06890375,0.08871303,0.00008497,0.00001016,0.00002802,-0.00006092,-0.
00002181,0.00021385,-0.00012707,-0.00011109,0.00006107,-0.00001327,-0.00001471,-
0.00001517,-0.00000055,0.00000270,0.00000135,-0.00000105,-0.00000015,0.00001179,
-0.00001001,0.00000680,0.00000868,-0.00028670,-0.00062557,0.00005120,0.00001972,
-0.00003070,-0.00009900,-0.00000965,0.00000074,0.00000859,0.00014171,0.00026263,
0.00002158,-0.00000140,0.00002920,-0.00000453,-0.00000366,-0.00001039,0.00000403
,0.00001602,-0.00000852,-0.00000130,-0.00000718,-0.00000373,-0.00001104,-0.00000
103,0.00000098,-0.00000163,0.00000159,0.00000046,-0.00000653,-0.00013463,-0.0000
3704,0.00001056,0.00001674,-0.00000900,-0.00000122,-0.00001298,0.00001012,-0.000
05126,0.00004211,0.00005597,-0.00005819,-0.00002141,0.00000163,-0.00000782,0.000
01579,-0.00000110,0.00002049,-0.00000302,0.00001127,-0.00001233,-0.00001264,-0.0
0001981,0.00000587,0.00000898,-0.00000566,-0.00001381,-0.00000880,0.00000085,-0.
00000130,0.00026033,0.00006680,-0.00018874,-0.00001214,0.00005180,0.00004709,-0.
00000184,-0.00000527,-0.00000154,0.00000289,0.00001761,-0.00000097,-0.00006648,0
.00000401,-0.00002367,0.00002876,-0.00000704,0.00000930,0.00001286,0.00000200,0.
00000533,0.00000003,-0.00000292,-0.00001006,-0.00000303,0.00000115,-0.00000109,-
0.00000129,0.00000159,0.00000114,0.00000025,-0.00000106,0.00000118,-0.00000229,0
.00000262,0.00000325,0.00001343,-0.00000076,0.00000398,0.00000094,-0.00000310,0.
00000538,-0.00000072,-0.00000165,0.00000108,-0.00000267,-0.00000137,0.00000092,-
0.00000216,-0.00000324,-0.00000349,0.00000531,0.00000121,-0.00000610,-0.00000061
,0.00000096,0.00000064,0.00000403,-0.00000176,0.00000137,0.00000279,-0.00000206,
-0.00000177,-0.00000035,-0.00000033,-0.00000089,-0.00000024,0.00000097,0.0000052
3,-0.00000306,0.00000129,0.00000404,-0.00000003,0.00000141,-0.00000155,0.0000018
3,0.00000411,-0.00000046,0.00000082,0.00000353,0.00000336,-0.00000096,-0.0000010
0,-0.00000138,0.00004347,0.00006502,-0.00005619,0.00001054,-0.00001334,-0.000000
88,-0.00000534,0.00000448,0.00001533,0.00000717,0.00001869,-0.00000929,0.0000013
6,-0.00001223,0.00000021,0.00000587,-0.00000961,0.00000771,0.00000140,0.00001702
,-0.00000972,0.00000048,-0.00000328,0.00000792,-0.00000148,-0.00000256,0.0000044
3,-0.00002020,0.00000036,0.00000733,0.00001012,0.00000594,0.00001538,-0.00004248
,0.00003825,0.00005262,0.00000844,0.00001386,0.00000577,0.00000260,-0.00000143,-
0.00003279,0.00000975,-0.00001254,0.00000892,-0.00002263,-0.00000359,0.00000486,
0.00000590,-0.00000532,0.00000055,0.00001747,-0.00001870,0.00000386,0.00004790,-
0.00001653,-0.00011379,-0.00000503,0.00000312,-0.00000244,0.00001141,-0.00001176
,0.00000136,-0.00000474,0.00001496,0.00002965,0.00230154,0.00157477,-0.00038907,
0.10550320,-0.06079002,-0.14924789,0.00555565,-0.00185342,-0.00495566,-0.0001321
5,-0.00020657,0.00008247,-0.00082533,-0.00038253,0.00020094,-0.00636865,0.003608
82,0.00695118,0.01783537,-0.01296861,-0.02332649,-0.12299565,0.07107051,0.170496
57,0.00010317,-0.00001572,0.00006316,-0.00004445,0.00018507,0.00005351,-0.000213
35,-0.00000087,-0.00004358,-0.00000451,-0.00001451,-0.00000602,0.00000113,0.0000
0377,-0.00000189,-0.00000448,0.00000322,0.00000124,-0.00000668,0.00000703,-0.000
00200,-0.00100898,0.00024762,-0.00053121,0.00003693,-0.00008375,-0.00004708,0.00
000060,0.00000263,0.00002260,0.00020079,-0.00000073,0.00036831,0.00001510,0.0000
3235,-0.00000863,0.00002976,-0.00002064,0.00001517,0.00002154,0.00000877,-0.0000
1638,0.00000794,-0.00001509,-0.00000696,0.00001562,0.00000215,0.00000183,0.00000
771,-0.00000010,0.00000209,-0.00013263,0.00002473,-0.00007532,-0.00003552,0.0000
1950,0.00000377,-0.00005851,0.00001894,-0.00000224,0.00007760,-0.00008881,0.0000
2982,-0.00001556,-0.00000116,-0.00000565,0.00002483,0.00000772,0.00001233,-0.000
00703,0.00000624,-0.00000243,0.00000557,-0.00000976,0.00000154,-0.00000126,-0.00
001003,-0.00000793,0.00000080,-0.00000414,-0.00000170,0.00011361,0.00002991,0.00
019568,0.00003783,0.00010056,-0.00001284,0.00001318,-0.00000294,0.00000327,0.000
00750,0.00000702,0.00000048,-0.00003679,0.00000417,-0.00006093,0.00000699,-0.000
00637,0.00003460,0.00000482,0.00000242,0.00000703,0.00000399,-0.00000365,-0.0000
0305,0.00000017,-0.00000169,-0.00000152,-0.00000094,0.00000033,0.00000129,0.0000
0173,0.00000129,0.00000215,-0.00000235,0.00000061,-0.00000153,0.00000642,-0.0000
0463,0.00000449,0.00000235,-0.00000222,0.00000007,-0.00000308,-0.00000181,0.0000
0047,0.00000101,-0.00000087,-0.00000099,-0.00000202,-0.00000131,-0.00000335,0.00
000231,0.00000483,-0.00000399,0.00000079,0.00000095,0.00000263,0.00000258,-0.000
00075,0.00000186,0.00000248,-0.00000147,0.00000038,0.00000019,-0.00000073,-0.000
00080,-0.00000215,0.00000109,0.00000065,-0.00000177,0.00000021,0.00000055,-0.000
00002,0.00000073,-0.00000102,0.00000125,0.00000225,-0.00000019,0.00000131,0.0000
0327,0.00000251,-0.00000021,-0.00000157,0.00000057,0.00001570,-0.00000340,0.0000
0496,-0.00003041,-0.00002794,-0.00001761,-0.00000460,-0.00000764,0.00000331,0.00
002487,0.00000350,-0.00000637,-0.00002644,-0.00002466,-0.00003245,-0.00000902,-0
.00000636,0.00007174,0.00000052,0.00000325,-0.00000426,-0.00000621,0.00000601,0.
00001161,0.00001520,-0.00000320,-0.00000638,-0.00001591,0.00002646,-0.00001880,0
.00001456,-0.00002452,-0.00000515,0.00002105,-0.00000393,0.00000070,0.00000279,0
.00000468,-0.00000552,-0.00000555,-0.00000264,-0.00000265,0.00001754,-0.00001262
,0.00001173,-0.00000420,-0.00000338,-0.00000901,0.00001264,-0.00002082,0.0000207
6,0.00001069,-0.00003371,0.00001300,-0.00001420,0.00001773,-0.00002419,-0.000003
60,-0.00000777,0.00000264,0.00000109,-0.00000361,0.00000226,0.00001283,0.0000132
9,0.00001853,0.00086732,-0.00093395,0.00006850,0.00041992,-0.00068261,0.00066163
,-0.00718883,0.00061245,-0.01267337,-0.09102746,-0.02154281,-0.09286321,-0.00080
238,0.00254848,-0.00125596,-0.00011986,-0.00017694,0.00004907,0.00027295,-0.0001
9104,0.00010808,-0.00004832,0.00005097,0.00010792,0.10255142,-0.00003763,-0.0000
1088,-0.00003365,0.00005804,0.00003853,-0.00010007,0.00002007,0.00009173,0.00000
498,0.00000514,0.00000039,-0.00000058,-0.00000383,-0.00000237,0.00000052,0.00000
213,0.00000263,-0.00000257,0.00000673,-0.00000465,-0.00000179,0.00042556,0.00016
067,-0.00013447,-0.00003946,-0.00000458,0.00003815,0.00000633,0.00000297,-0.0000
1578,-0.00041309,-0.00011047,0.00012772,0.00001410,-0.00001432,0.00000225,-0.000
00216,0.00000330,0.00000041,-0.00000706,0.00000066,0.00000459,-0.00000780,0.0000
0016,0.00000844,-0.00000292,-0.00000182,0.00000112,-0.00000136,0.00000071,0.0000
0051,0.00009575,-0.00000528,-0.00005101,-0.00003168,0.00000589,0.00001755,0.0000
2762,0.00002107,0.00002623,-0.00003289,-0.00004413,0.00003422,0.00001443,0.00000
116,0.00000673,-0.00001313,-0.00000063,-0.00000294,0.00000284,-0.00000202,0.0000
0730,0.00000750,0.00001629,-0.00000932,0.00000093,0.00000186,0.00001798,-0.00000
012,0.00000207,0.00000043,-0.00009773,0.00005578,0.00008769,0.00001238,-0.000062
09,0.00000065,0.00000509,0.00000116,0.00000401,-0.00000158,-0.00000745,0.0000002
3,0.00001411,-0.00000254,0.00001502,-0.00000388,0.00000389,-0.00000919,-0.000003
02,-0.00000083,-0.00000119,-0.00000097,0.00000032,0.00000045,-0.00000115,0.00000
013,-0.00000013,0.00000062,-0.00000045,0.00000156,0.00000040,-0.00000082,-0.0000
0186,-0.00000109,0.00000011,0.00000005,-0.00000450,0.00000161,-0.00000181,-0.000
00166,-0.00000103,-0.00000114,0.00000091,0.00000062,-0.00000288,0.00000106,0.000
00156,0.00000064,-0.00000091,-0.00000134,0.00000097,-0.00000135,-0.00000114,-0.0
0000051,-0.00000044,-0.00000041,0.00000024,-0.00000118,-0.00000009,-0.00000010,-
0.00000126,0.,0.00000039,-0.00000038,-0.00000007,0.00000083,0.00000060,-0.000000
63,-0.00000125,0.00000081,0.00000012,-0.00000118,-0.00000022,-0.00000069,0.00000
056,-0.00000018,-0.00000094,-0.00000057,0.00000018,-0.00000035,-0.00000066,-0.00
000023,-0.00000014,0.00000098,-0.00000980,-0.00003931,0.00003242,-0.00000864,-0.
00000085,-0.00000432,0.00000297,-0.00000418,-0.00000240,-0.00000310,-0.00001458,
0.00001009,-0.00000953,0.00000252,-0.00001845,-0.00002225,0.00001683,0.00001734,
-0.00000384,-0.00001052,0.00000598,-0.00000005,0.00000781,-0.00000045,0.00000501
,-0.00000028,-0.00000317,0.00000509,-0.00001237,0.00000696,-0.00000500,0.0000056
1,0.00000036,-0.00000179,-0.00000761,-0.00000201,-0.00000423,-0.00000833,-0.0000
0283,-0.00000683,0.00000544,0.00000572,-0.00001222,0.00000506,-0.00000884,0.0000
0376,-0.00000146,-0.00000161,-0.00001160,0.00000896,-0.00000550,-0.00001780,0.00
002447,-0.00000780,0.00002183,-0.00000064,0.00002975,0.00000116,-0.00000539,0.00
000189,-0.00001099,0.00000949,-0.00000133,0.00000437,-0.00000992,-0.00001818,-0.
00141747,0.00163097,0.00023752,0.00073969,0.00071828,0.00041212,0.01199624,0.002
47892,0.02320462,-0.02121986,-0.05253124,-0.04234420,0.00201529,-0.00385606,0.00
214445,0.00000621,0.00013947,-0.00015329,-0.00025680,-0.00061146,0.00014752,-0.0
0004718,-0.00007194,-0.00005571,0.02341234,0.05981242,0.00001909,0.00000246,0.00
002345,-0.00000762,0.00003456,0.00002590,-0.00005501,-0.00002711,-0.00006884,-0.
00000305,0.00000228,-0.00000683,0.00000577,0.00000406,-0.00000228,-0.00000360,0.
00000499,-0.00000736,-0.00000891,0.00000185,0.00000039,-0.00032345,0.00002139,-0
.00049098,0.00002959,-0.00000036,-0.00001820,0.00001478,0.00000069,0.00000439,0.
00003263,0.00015650,0.00039224,0.00002917,-0.00000623,0.00001171,0.00002434,-0.0
0000905,0.00001207,0.00001988,0.00000685,-0.00000552,0.00000431,0.00000276,-0.00
001084,0.00001061,0.00000369,0.00000054,0.00000049,0.00000375,0.00000743,0.00025
479,0.00001679,-0.00015405,-0.00010609,0.00003110,0.00004506,-0.00005249,-0.0000
3462,-0.00001030,0.00004089,0.00000840,0.00000248,-0.00001449,-0.00000701,-0.000
01404,0.00000831,0.00000765,0.00000618,-0.00001127,0.00000489,-0.00000383,0.0000
0602,-0.00001561,0.00001500,0.00001443,0.00000332,-0.00000147,0.00000511,-0.0000
0540,-0.00000093,0.00002049,0.00010906,0.00010330,0.00001295,0.00004050,0.000029
92,0.00000005,0.00000338,0.00000203,0.00000053,-0.00000543,0.00000051,0.00001451
,-0.00001493,-0.00004474,-0.00001369,0.00000770,0.00002586,-0.00000238,0.0000011
5,0.00000340,0.00000454,-0.00000262,0.00000231,-0.00000088,-0.00000098,-0.000000
81,-0.00000088,-0.00000029,0.00000103,0.00000088,0.00000183,-0.00000117,-0.00000
267,-0.00000064,-0.00000605,-0.00000258,-0.00000031,0.00000154,0.00000147,0.0000
0220,-0.00000579,-0.00000356,-0.00000048,0.00000010,0.00000228,-0.00000129,-0.00
000272,-0.00000014,0.00000149,-0.00000298,-0.00000134,0.00000641,0.00000099,0.00
000085,0.00000031,0.00000230,-0.00000162,0.00000089,0.00000015,-0.00000145,0.000
00094,0.00000175,-0.00000052,0.00000075,0.00000344,0.00000149,-0.00000139,-0.000
00084,0.00000039,0.00000052,0.00000169,-0.00000156,-0.00000169,0.00000210,-0.000
00133,-0.00000267,-0.00000024,0.00000028,-0.00000052,-0.00000152,0.00000142,-0.0
0000037,-0.00000100,-0.00000838,-0.00002856,0.00002648,-0.00001121,0.00000861,-0
.00000578,0.00000910,-0.00000594,-0.00001831,0.00000406,-0.00001204,-0.00000358,
-0.00001958,-0.00000919,-0.00000344,0.00001362,-0.00000097,0.00002061,0.00000144
,-0.00000320,0.00000282,-0.00000076,0.00000067,-0.00000030,-0.00000007,0.0000013
1,-0.00000557,-0.00002185,0.00002887,-0.00000207,0.00001079,-0.00001252,-0.00002
071,-0.00000154,0.00000631,0.00000309,0.00000374,-0.00000273,-0.00000591,-0.0000
1094,0.00000263,-0.00000132,0.00000862,-0.00000720,0.00000029,0.00000168,-0.0000
0617,-0.00000262,0.00000732,-0.00000634,0.00000978,0.00001671,-0.00002480,0.0000
0101,-0.00002275,0.00001922,-0.00002422,0.00000567,0.00001139,-0.00000519,0.0000
0448,-0.00000655,-0.00000223,0.00000079,-0.00000031,0.00002340,0.00062104,-0.000
84834,0.00132670,0.00004490,-0.00071650,0.00031117,-0.00836643,0.00061166,-0.014
64871,-0.09237365,-0.04127814,-0.22820675,-0.00131305,0.00297499,-0.00090662,0.0
0008507,-0.00033925,0.00020580,0.00027741,0.00065269,0.00038105,-0.00002760,-0.0
0001492,-0.00025877,0.10963841,0.04628351,0.26317680,-0.00014137,-0.00002317,-0.
00006341,0.00002202,-0.00005632,-0.00015256,0.00012007,0.00000402,-0.00005686,0.
00002474,0.00002316,0.00001729,-0.00000089,-0.00000117,0.00000036,0.00000401,0.0
0000172,-0.00001143,0.00000735,-0.00001012,-0.00000895,0.00072955,-0.00003151,-0
.00045061,0.00000551,0.00007482,0.00009822,0.00004002,0.00001171,-0.00001920,-0.
00075038,0.00009362,-0.00025583,0.00002267,-0.00004174,0.00002648,-0.00000014,0.
00001620,-0.00000380,-0.00000661,0.00000018,0.00001241,0.00001120,-0.00000015,0.
00003052,0.00000013,-0.00000077,0.00000219,-0.00000429,-0.00000007,0.00000381,0.
00028716,0.00015714,0.00003296,-0.00008920,0.00004436,0.00004678,0.00000348,0.00
001792,0.00007230,-0.00002623,0.00001499,0.00003137,0.00003009,-0.00000014,0.000
00213,-0.00002590,0.00000329,-0.00001640,0.00000410,-0.00000819,0.00001704,0.000
01320,0.00002804,-0.00000108,0.00000078,0.00001470,0.00002984,0.00000972,-0.0000
0196,0.00000247,-0.00013294,0.00007894,0.00016400,-0.00004954,-0.00001815,-0.000
00676,-0.00000044,0.00000445,0.00000293,-0.00000130,-0.00001937,-0.00000056,0.00
008620,-0.00000564,0.00003198,-0.00003412,0.00001101,-0.00001658,-0.00001661,-0.
00000125,-0.00000557,-0.00000256,0.00000362,0.00000752,0.00000021,0.00000018,-0.
00000035,0.00000074,-0.00000084,0.00000042,0.00000120,0.00000111,-0.00000352,0.0
0000137,-0.00000145,-0.00000117,-0.00001857,0.00000236,-0.00000751,-0.00000468,0
.00000013,-0.00000629,0.00000031,0.00000166,-0.00000515,0.00000368,0.00000275,0.
00000043,0.00000122,0.00000178,0.00000503,-0.00000816,-0.00000302,0.00000395,0.0
0000091,-0.00000100,0.00000045,-0.00000441,0.00000196,-0.00000185,-0.00000319,0.
00000190,0.00000110,0.00000024,0.00000028,0.00000168,0.00000189,-0.00000262,-0.0
0000706,0.00000416,-0.00000057,-0.00000515,0.00000006,-0.00000172,0.00000113,-0.
00000196,-0.00000436,-0.00000093,-0.00000136,-0.00000353,-0.00000471,0.00000055,
0.00000239,0.00000335,-0.00005294,-0.00006615,0.00004592,-0.00001022,0.00001768,
-0.00000231,0.00000255,-0.00000455,-0.00002164,-0.00001321,-0.00001851,0.0000167
3,0.00002975,0.00003869,0.00000784,-0.00001277,0.00000754,-0.00004004,-0.0000001
8,-0.00001831,0.00001131,0.00000134,0.00000087,-0.00001078,-0.00000487,0.0000046
2,-0.00000223,0.00001707,-0.00001285,0.00000122,-0.00002052,0.00000710,-0.000008
96,0.00000302,0.00000452,-0.00000607,0.00000410,0.00000016,0.00000476,0.00000721
,-0.00001411,0.00003911,-0.00001131,0.00001753,-0.00000467,0.00003736,-0.0000010
2,-0.00000161,-0.00000636,0.00000755,-0.00000543,-0.00000564,0.00001440,-0.00001
081,-0.00001887,-0.00001850,0.00002241,0.00001104,0.00000992,-0.00000520,-0.0000
0499,0.00000165,0.00000172,-0.00001160,-0.00000911,-0.00000843,-0.00224030,0.003
26512,-0.00013265,0.00033973,-0.00102641,0.00023725,-0.00958066,0.00659664,0.007
82839,-0.15290376,0.06235919,0.10435341,0.00017132,-0.00018398,0.00013042,-0.000
07234,-0.00026329,0.00004995,-0.00002998,0.00002054,-0.00005780,0.00040270,-0.00
030620,-0.00005903,0.00890122,-0.00485300,-0.00793462,0.17498935,0.00003134,0.00
001092,0.00001157,-0.00003056,0.00001299,0.00013504,-0.00009703,-0.00007904,-0.0
0002456,-0.00000978,-0.00000539,-0.00001071,-0.00000094,0.00000017,0.00000031,-0
.00000141,-0.00000201,0.00001209,-0.00000483,0.00001140,0.00001069,-0.00089685,-
0.00070049,0.00068578,0.00000639,-0.00003543,-0.00006844,0.00000205,0.00000903,0
.00000770,-0.00028157,0.00013480,0.00005662,-0.00000218,0.00002084,0.00000643,0.
00000156,-0.00000219,0.00000027,0.00000550,-0.00000221,0.00000397,-0.00001448,-0
.00001129,-0.00001167,-0.00000275,-0.00000135,-0.00000223,0.00000279,0.00000016,
-0.00000457,-0.00024560,-0.00000188,0.00005666,0.00001322,0.00001108,0.00000672,
0.00002175,0.00000051,-0.00005076,0.00002419,0.00000732,-0.00002548,-0.00000367,
0.00000203,0.00000191,0.00001061,-0.00000246,0.00001028,0.00000481,-0.00000072,-
0.00000396,-0.00000290,-0.00000962,-0.00000317,-0.00000707,-0.00000845,-0.000011
18,-0.00001079,0.00000330,-0.00000311,0.00024628,0.00003305,-0.00027489,0.000044
36,0.00006042,0.00003570,-0.00000019,0.00000124,-0.00000150,0.00000309,0.0000146
9,-0.00000051,-0.00005167,0.00001484,-0.00002688,0.00001951,-0.00001247,0.000015
42,0.00000931,-0.00000015,0.00000416,-0.00000178,-0.00000171,-0.00000822,-0.0000
0173,0.00000047,-0.00000012,-0.00000013,0.00000041,0.00000044,-0.00000064,-0.000
00103,0.00000073,-0.00000175,0.00000286,0.00000560,0.00001088,-0.00000180,0.0000
0450,-0.00000050,-0.00000410,0.00000676,-0.00000036,-0.00000217,-0.00000067,-0.0
0000103,0.00000097,0.00000056,-0.00000266,-0.00000309,0.00000001,0.00000431,-0.0
0000116,-0.00000697,-0.00000041,0.00000051,0.00000043,0.00000334,-0.00000184,0.0
0000120,0.00000200,-0.00000191,-0.00000144,-0.00000026,-0.00000082,-0.00000185,-
0.00000101,0.00000079,0.00000314,-0.00000224,0.00000028,0.00000085,0.00000039,0.
00000166,-0.00000156,0.00000151,0.00000361,0.00000024,0.00000074,0.00000346,0.00
000363,-0.00000136,-0.00000116,0.00000092,0.00003657,0.00003530,-0.00002954,0.00
000051,-0.00000360,-0.00000181,-0.00000924,0.00000385,0.00001754,-0.00000065,0.0
0001605,-0.00000121,0.00001606,0.00000272,0.00000268,-0.00000674,-0.00001310,-0.
00000613,0.00000028,0.00001134,-0.00000690,-0.00000148,-0.00000266,0.00000443,0.
00000171,-0.00000284,0.00000106,-0.00001599,0.00002118,0.00000933,0.00002558,-0.
00001204,0.00001217,0.00000262,-0.00001641,0.00000142,0.00000114,-0.00000825,-0.
00001258,-0.00002216,0.00001293,-0.00003588,0.00000795,-0.00001210,0.00000128,-0
.00002693,-0.00000751,0.00000027,-0.00000148,-0.00000433,0.00000652,0.00000639,-
0.00000917,0.00000378,0.00002009,0.00004058,-0.00002394,-0.00000662,-0.00000667,
0.00000383,0.00000173,0.00000199,0.00000283,0.00000979,0.00001059,0.00001417,0.0
0503855,-0.00683122,-0.00023507,0.00042290,0.00048704,-0.00049101,0.01767302,-0.
01116672,-0.01520329,0.06189750,-0.07700995,-0.05873812,-0.00032779,0.00039910,-
0.00043643,-0.00004710,0.00037944,-0.00009285,-0.00001273,-0.00016104,-0.0001261
9,-0.00039060,-0.00074888,0.00069965,0.00464473,-0.00242536,-0.00686340,-0.07345
748,0.08961176,0.00011965,-0.00000745,0.00005586,-0.00002843,0.00008166,0.000094
72,-0.00009868,0.00003742,0.00006823,-0.00001086,-0.00001988,-0.00000664,-0.0000
0352,-0.00000311,0.00000225,0.00000094,-0.00000116,0.00001198,0.00000081,0.00000
640,0.00000044,-0.00050706,0.00039928,0.00015649,-0.00000290,-0.00007465,-0.0000
6812,-0.00003963,-0.00000612,0.00001659,0.00050680,-0.00025872,-0.00011775,-0.00
003233,0.00004732,-0.00002826,-0.00000839,-0.00000950,0.00000227,0.00000426,-0.0
0000164,-0.00000800,0.00000153,-0.00000713,-0.00000582,0.00000290,-0.00000071,-0
.00000112,0.00000433,-0.00000144,-0.00000695,-0.00041337,-0.00003972,0.00008359,
0.00012001,-0.00004485,-0.00006814,-0.00000495,0.00002509,-0.00001571,0.00001469
,-0.00004433,-0.00001841,-0.00001703,0.00000305,0.00000753,0.00002386,-0.0000054
0,0.00001460,0.00000244,0.00000956,-0.00001397,-0.00001406,-0.00001539,-0.000008
90,-0.00000857,-0.00000978,-0.00002300,-0.00000238,0.00000194,-0.00000320,0.0000
8386,-0.00011446,-0.00000215,0.00000673,0.00003787,-0.00002431,0.00000337,-0.000
00502,-0.00000294,0.00000259,0.00001419,0.00000044,-0.00005512,0.00001229,-0.000
01414,0.00002449,-0.00001262,0.00000393,0.00001223,0.00000013,0.00000493,-0.0000
0064,-0.00000264,-0.00001142,-0.00000251,0.00000157,-0.00000072,0.00000012,0.000
00122,0.00000082,0.00000011,-0.00000175,-0.00000011,-0.00000170,0.00000274,0.000
00434,0.00001252,-0.00000064,0.00000324,0.00000117,-0.00000425,0.00000688,-0.000
00019,-0.00000264,0.00000070,-0.00000279,-0.00000086,0.00000180,-0.00000203,-0.0
0000395,-0.00000223,0.00000578,-0.00000058,-0.00000621,-0.00000002,0.00000084,0.
00000085,0.00000459,-0.00000205,0.00000058,0.00000292,-0.00000168,-0.00000238,0.
00000021,0.00000014,-0.00000103,-0.00000050,0.00000160,0.00000462,-0.00000271,0.
00000122,0.00000254,0.00000047,0.00000195,-0.00000169,0.00000215,0.00000435,0.00
000004,0.00000112,0.00000334,0.00000378,-0.00000080,-0.00000088,-0.00000017,0.00
003114,0.00004594,-0.00004097,-0.00000028,-0.00001842,0.00000785,-0.00000440,0.0
0000063,0.00002316,0.00001411,0.00001469,-0.00000969,-0.00001647,-0.00003021,-0.
00001637,0.00000216,-0.00000902,0.00003851,-0.00000006,0.00001387,-0.00000748,-0
.00000138,0.00000200,0.00001018,0.00000455,-0.00000245,0.00000211,0.00000069,-0.
00001181,-0.00000845,0.00000010,0.00000246,0.00001468,0.00000151,0.00000271,0.00
000843,0.00000046,0.00000889,0.00000605,0.00000895,-0.00000491,-0.00001136,0.000
00988,-0.00001031,0.00000881,-0.00001339,0.00000459,-0.00000259,0.00000642,-0.00
000939,0.00000376,0.00000280,-0.00001388,0.00001205,0.00000571,-0.00000796,-0.00
001572,-0.00000990,-0.00001115,0.00000528,0.00000404,-0.00000358,-0.00000128,0.0
0000550,0.00001043,0.00000094,-0.00093333,0.00214386,0.00072568,-0.00032223,0.00
021211,0.00021298,-0.00496331,0.00215301,0.00516305,0.10426790,-0.05969222,-0.14
147299,-0.00034093,0.00048407,0.00011266,-0.00013166,0.00008553,-0.00005802,0.00
010711,-0.00013972,-0.00022723,-0.00008921,0.00036754,0.00035068,0.01924862,-0.0
1224812,-0.02295917,-0.12169899,0.06784686,0.16219311,0.00006309,0.00004739,0.00
005019,-0.00001326,-0.00002018,0.00014827,-0.00002578,-0.00006587,0.00002938,-0.
00002332,-0.00001939,-0.00001023,-0.00000087,0.00000526,-0.00000009,-0.00000176,
0.00000067,0.00000693,-0.00000812,0.00000159,0.00000182,0.00103124,0.00190880,0.
00047169,-0.00001974,-0.00006225,-0.00009426,0.00001268,-0.00003034,0.00003571,-
0.00291395,0.00011388,0.00033042,-0.00000110,0.00000902,-0.00001730,-0.00000305,
-0.00000365,-0.00000760,0.00002060,-0.00001564,-0.00000039,0.00000267,0.00001881
,-0.00002008,-0.00000134,0.00000598,-0.00000378,0.00000145,0.00000243,-0.0000004
7,-0.00126611,-0.00001385,0.00033811,0.00018379,-0.00003254,-0.00013782,0.000050
98,0.00000283,-0.00008327,0.00000668,0.00004030,-0.00003799,-0.00000678,0.000013
16,-0.00000864,0.00000295,0.00000254,0.00000098,-0.00000524,-0.00000555,0.000015
39,0.00000173,-0.00001891,0.00001179,0.00001434,-0.00000803,-0.00000989,-0.00000
656,-0.00000045,0.00000291,0.00005808,-0.00053101,-0.00033781,-0.00002991,-0.000
03256,-0.00001033,-0.00000475,-0.00000725,-0.00000366,-0.00000061,0.00001064,0.0
0000149,-0.00007619,0.00001416,-0.00007220,0.00002501,-0.00001742,0.00003701,0.0
0000986,0.00000666,0.00000822,0.00000049,-0.00000301,-0.00000758,0.00000006,-0.0
0000186,-0.00000296,-0.00000258,0.00000179,-0.00000046,0.00000076,0.00000016,0.0
0000514,-0.00000240,0.00000233,0.00000321,0.00001622,-0.00000398,0.00000489,0.00
000170,-0.00000033,0.00000689,-0.00000289,-0.00000414,0.00000499,-0.00000306,-0.
00000354,-0.00000164,-0.00000089,-0.00000130,-0.00000266,0.00000540,0.00000097,-
0.00000434,-0.00000153,0.00000084,-0.00000085,0.00000366,-0.00000176,0.00000188,
0.00000401,-0.00000275,-0.00000187,-0.00000028,-0.00000059,-0.00000274,-0.000002
20,0.00000333,0.00000701,-0.00000405,0.00000164,0.00000811,-0.00000004,0.0000010
5,-0.00000010,0.00000187,0.00000360,0.00000128,0.00000057,0.00000171,0.00000345,
-0.00000040,-0.00000091,-0.00000387,0.00003145,0.00006444,-0.00005346,0.00002677
,-0.00001518,0.00002276,-0.00000253,0.00000484,0.00001673,0.00001117,0.00001667,
-0.00002770,-0.00002680,-0.00003519,0.00003039,0.00003518,-0.00000575,0.00000040
,0.00000293,0.00001723,-0.00001152,0.00000265,-0.00000486,0.00000348,-0.00000475
,-0.00000122,0.00000276,-0.00001213,-0.00001290,-0.00001594,-0.00000026,-0.00000
595,-0.00000788,0.00000494,0.00000357,-0.00000301,-0.00000418,0.00000555,0.00000
709,0.00000756,0.00000942,0.00000263,0.00000514,-0.00001148,0.00000735,-0.000014
10,0.00001237,-0.00000082,0.00000500,-0.00000223,-0.00000003,0.00000115,-0.00000
808,0.00001082,-0.00000723,-0.00001087,-0.00000289,-0.00001067,-0.00000490,0.000
00315,0.00000525,-0.00000123,-0.00000209,0.00000118,0.00000268,-0.00000120,-0.00
017137,-0.00065309,-0.00021223,0.00003971,0.00139058,-0.00064107,0.00768563,0.00
405459,-0.00096335,-0.17761692,-0.12036275,0.02476827,0.00048627,0.00072359,0.00
025042,0.00041444,0.00042967,-0.00012375,0.00003732,0.00017139,0.00014904,0.0000
9441,0.00003643,-0.00022032,-0.01303160,-0.01104615,-0.00038570,-0.02004023,-0.0
1412705,0.00547375,0.20509409,-0.00025098,-0.00006159,-0.00008375,-0.00007202,-0
.00026332,-0.00010396,0.00008750,-0.00012853,-0.00010856,0.00000642,0.00001741,0
.00000333,-0.00001270,-0.00000097,0.00000770,0.00000372,0.00000340,0.00001101,0.
00000071,-0.00001116,-0.00000165,0.00008820,-0.00287171,-0.00081792,0.00006133,0
.00018573,0.00013004,0.00006042,0.00003260,-0.00005569,0.00010437,0.00153355,0.0
0017047,0.00008634,-0.00003648,0.00004673,0.00001055,0.00000973,0.00000132,-0.00
003077,-0.00001362,0.00002724,0.00001701,-0.00002829,0.00003630,-0.00000863,-0.0
0000773,-0.00000085,-0.00001927,-0.00000781,0.00000029,0.00092517,0.00016568,-0.
00018188,-0.00033261,0.00016489,0.00021504,-0.00005630,0.00000526,0.00002307,0.0
0004861,0.00017057,0.00002033,0.00004305,0.00001850,-0.00001028,-0.00006668,0.00
001360,-0.00001202,-0.00001956,-0.00001688,0.00001798,0.00003004,0.00004264,0.00
001326,0.00001806,0.00003753,0.00004543,0.00000077,-0.00000065,0.00000017,-0.000
07235,0.00033135,0.00010877,0.00000834,0.00000066,0.00005079,-0.00000717,-0.0000
0616,0.00000874,-0.00000819,-0.00001496,0.00000598,0.00011381,-0.00002318,0.0000
3892,-0.00004256,0.00002414,-0.00001771,-0.00002002,0.00000086,-0.00000406,-0.00
000817,0.00000599,0.00000505,-0.00000067,0.00000102,0.00000041,0.00000095,-0.000
00002,0.00000014,-0.00000029,-0.00000115,-0.00000533,-0.00000293,0.00000275,0.00
000082,-0.00002391,0.00000576,-0.00000546,-0.00000876,-0.00000093,-0.00000309,0.
00000333,0.00000266,-0.00000452,0.00000020,0.00000375,0.00000198,0.00000059,0.00
000050,0.00000641,-0.00000531,-0.00000270,-0.00000151,0.00000014,-0.00000187,-0.
00000192,-0.00000537,0.00000155,-0.00000243,-0.00000511,0.00000249,0.00000035,-0
.00000206,0.00000170,0.00000292,0.00000295,-0.00000335,-0.00000435,0.00000258,0.
00000057,0.00000109,-0.00000192,-0.00000290,0.00000432,-0.00000287,-0.00000498,0
.00000059,-0.00000006,-0.00000311,-0.00000232,0.00000251,0.00000011,0.00000243,-
0.00002203,-0.00006401,0.00001201,0.00001790,0.00001353,-0.00001697,0.00000190,-
0.00000317,-0.00001399,-0.00003653,-0.00002921,0.00003554,0.00000886,0.00008076,
0.00001973,-0.00000817,0.00001917,-0.00005649,-0.00000567,-0.00001812,0.00001800
,0.00000444,0.00000179,-0.00000319,-0.00000938,0.00000162,0.00000375,0.00001504,
-0.00001362,0.00000970,0.00000911,0.00002746,0.00000033,-0.00005026,0.00002387,0
.00002324,0.00000592,-0.00000073,-0.00000429,-0.00000968,-0.00004783,0.00002275,
-0.00002724,0.00002869,0.00000195,0.00004189,0.00000112,-0.00000518,-0.00000686,
0.00002932,-0.00001443,0.00000042,0.00002108,-0.00001599,-0.00001374,-0.00002365
,-0.00000030,0.00001904,0.00003719,-0.00000292,0.00001028,-0.00000815,-0.0000029
8,-0.00002121,-0.00000868,0.00000694,-0.00039031,0.00165734,-0.00019472,0.001997
48,-0.00514842,0.00233627,-0.01876754,-0.02289790,0.00641061,-0.11966154,-0.1484
3910,0.02109308,-0.00068148,0.00088365,-0.00098501,-0.00108992,-0.00112899,0.000
40548,0.00032046,0.00024105,0.00018154,0.00027858,0.00006179,-0.00016621,-0.0082
3393,-0.00526442,-0.00092360,0.00752154,0.00776973,-0.00153012,0.13777044,0.1725
4853,-0.00006045,0.00002222,-0.00006798,-0.00001004,-0.00010826,-0.00001656,0.00
014023,-0.00005505,0.00001916,0.00002059,0.00002333,0.00001188,0.00000323,-0.000
00301,-0.00000045,0.00000309,-0.00000343,-0.00000565,0.00000249,0.00000062,0.000
00049,0.00017620,-0.00074234,0.00051791,0.00001270,0.00006194,0.00002705,-0.0000
0069,0.00000566,-0.00000354,0.00035008,0.00008473,-0.00070641,-0.00002316,-0.000
02495,0.00001502,-0.00003838,0.00002385,-0.00001457,-0.00000278,-0.00000889,0.00
001742,-0.00001009,0.00002202,0.00000301,-0.00000858,0.00000105,-0.00000267,-0.0
0000296,0.00000411,-0.00000312,0.00032710,-0.00005164,0.00018201,0.00004217,-0.0
0002898,0.00000542,0.00000825,-0.00004613,0.00000394,-0.00002583,0.00005472,-0.0
0002401,0.00000824,-0.00000714,0.00000615,-0.00000522,-0.00001098,-0.00000484,0.
00001792,0.00000336,-0.00000254,-0.00001434,0.00000307,-0.00000546,-0.00000873,-
0.00000178,0.00000585,0.00000193,0.00000304,-0.00000129,-0.00002812,0.00002734,-
0.00011299,-0.00001026,0.00001359,0.00000280,-0.00001424,0.00000720,-0.00000607,
-0.00000197,-0.00000491,-0.00000354,0.00003101,-0.00000092,0.00005434,-0.0000046
4,0.00000376,-0.00003159,-0.00000419,-0.00000269,-0.00000498,-0.00000089,0.00000
110,0.00000130,-0.00000211,0.00000154,-0.00000108,0.00000009,0.00000038,0.000000
59,0.00000088,-0.00000087,-0.00000314,0.00000259,-0.00000164,-0.00000043,-0.0000
0577,0.00000372,-0.00000476,-0.00000179,0.00000140,-0.00000178,0.00000025,0.0000
0107,-0.00000162,0.00000009,-0.00000005,0.00000114,0.00000140,0.00000038,0.00000
221,-0.00000371,-0.00000382,0.00000388,-0.00000036,-0.00000034,-0.00000104,-0.00
000190,0.00000078,-0.00000189,-0.00000191,0.00000121,-0.00000073,0.00000006,0.00
000065,0.00000120,0.00000216,-0.00000172,-0.00000208,0.00000220,-0.00000045,-0.0
0000298,0.00000035,-0.00000041,-0.00000052,-0.00000107,-0.00000177,-0.00000075,-
0.00000193,-0.00000300,-0.00000353,-0.00000056,0.00000243,-0.00000007,-0.0000271
3,0.00001499,0.00000103,0.00000924,0.00002614,-0.00000672,-0.00000544,0.00000682
,-0.00001888,-0.00001749,0.00000680,0.00000769,0.00008573,0.00003718,0.00003996,
0.00000033,-0.00002212,-0.00009170,0.00000332,-0.00000088,0.00000363,0.00000114,
-0.00000836,-0.00000940,-0.00001682,0.00000684,0.00000880,0.00000862,0.00000191,
0.00001688,-0.00001275,0.00000408,0.00000520,-0.00000619,-0.00000022,-0.00000171
,0.00000156,-0.00000152,0.00000099,0.00000588,0.00001198,-0.00000186,0.00000024,
0.00000355,-0.00000846,0.00000142,-0.00000454,0.00001230,-0.00000688,0.00000321,
-0.00000747,0.00000331,0.00000784,-0.00000647,0.00000829,0.00000137,-0.00000503,
0.00000314,0.00000072,-0.00000426,-0.00000187,0.00000007,0.00000122,-0.00000663,
-0.00000247,-0.00000077,0.00000169,-0.00052099,0.00004534,-0.00079517,0.00236399
,-0.00054168,0.00812427,0.00912515,-0.00223932,0.02416977,0.02098968,-0.04866757
,0.00063910,0.00038991,0.00029316,0.00046948,0.00057765,0.00008510,-0.00006168,0
.00003633,-0.00006630,-0.00015513,-0.00006826,0.00006826,-0.02264160,-0.01884276
,0.00189000,0.01826532,0.01280515,-0.00385087,-0.02837342,-0.02634375,0.05366067
,0.00000312,0.00000788,-0.00000399,0.00000035,0.00004174,-0.00001022,-0.00001009
,0.00000753,0.00004149,0.00000388,0.00000122,-0.00000155,-0.00000239,-0.00000396
,0.,0.00000285,0.00000013,0.00000576,0.00001113,0.00000349,0.00000310,-0.0000307
3,0.00009487,0.00000621,-0.00001414,-0.00003794,-0.00000126,-0.00001055,0.000007
82,-0.00002034,-0.00001059,-0.00018765,0.00012029,-0.00003374,-0.00004553,0.0000
2074,-0.00000071,0.00001419,-0.00002373,0.00000807,-0.00000200,0.00000085,-0.000
04957,-0.00001574,0.00004550,-0.00001684,-0.00000146,-0.00000347,0.00000152,0.00
000341,-0.00000945,-0.00018211,-0.00002870,0.00007303,0.00006170,0.00000271,-0.0
0002135,0.00002218,0.00004030,0.00002507,-0.00001440,-0.00003914,0.00001505,0.00
000131,-0.00000572,0.00001689,0.00000051,0.00000166,0.00000100,0.00000483,-0.000
00240,-0.00000471,0.00000121,-0.00000251,-0.00000486,-0.00000417,0.00000329,-0.0
0000526,-0.00001230,0.00000937,0.00000549,-0.00006987,0.00000620,-0.00001474,-0.
00001406,0.00000504,-0.00003846,0.00000003,0.00000199,-0.00000232,0.00000058,0.0
0000622,-0.00000369,-0.00003941,0.00001970,-0.00000910,0.00001589,-0.00001490,0.
00000511,0.00000450,0.00000244,0.00000032,-0.00000108,-0.00000081,-0.00000652,-0
.00000043,-0.00000007,-0.00000093,-0.00000078,0.00000039,-0.00000139,0.00000020,
-0.00000116,0.00000134,0.00000220,0.00000022,0.00000521,0.00000751,-0.00000294,-
0.00000280,-0.00000036,-0.00000229,0.00000615,0.00000084,-0.00000090,-0.00000042
,-0.00000016,0.00000115,-0.00000179,-0.00000032,-0.00000110,-0.00000186,0.000002
17,-0.00000338,-0.00000188,-0.00000108,0.00000095,-0.00000006,0.00000257,-0.0000
0088,0.00000045,0.00000207,-0.00000101,-0.00000115,0.00000112,-0.00000033,-0.000
00083,0.00000020,0.00000133,0.00000326,-0.00000103,0.00000108,0.00000144,0.00000
054,0.00000129,-0.00000052,0.00000144,0.00000248,-0.00000072,0.00000042,0.000001
69,0.00000193,-0.00000372,-0.00000160,0.00000055,0.00001920,0.00001280,-0.000016
57,-0.00000021,0.00000137,0.00000108,-0.00000419,0.00000235,0.00000907,-0.000000
78,0.00000521,0.00000046,0.00000156,0.00000026,-0.00000629,-0.00000837,-0.000000
34,0.00000214,-0.00000099,0.00000366,-0.00000282,-0.00000201,0.,0.00000010,0.000
00258,-0.00000182,0.00000163,0.00005531,0.00000074,-0.00002054,-0.00005963,0.000
03658,0.00006653,0.00005919,-0.00003248,-0.00003558,-0.00001616,0.00000620,-0.00
000180,0.00003074,0.00006183,0.00008657,0.00000773,0.00000530,-0.00002961,-0.000
00634,-0.00003072,-0.00001252,-0.00004108,-0.00001541,-0.00001420,-0.00000709,0.
00002487,0.00001698,0.00001250,-0.00001796,-0.00002685,-0.00001825,-0.00002543,-
0.00000358,-0.00000844,0.00001550,0.00001175,0.00000323,0.00000067,-0.00000720,0
.00080961,-0.00025686,0.00124652,0.00027641,0.00075828,-0.00007107,-0.00814485,0
.01406562,-0.00773503,-0.00140745,-0.00055385,-0.00309912,-0.08187906,0.08166083
,-0.02974522,-0.00034203,-0.00079959,-0.00034335,0.00021108,-0.00001404,0.000263
45,-0.00017641,0.00012695,-0.00000755,-0.00022559,0.00079753,-0.00052096,0.00016
917,-0.00019895,0.00001780,-0.00009363,-0.00017928,0.00002102,0.09274689,-0.0000
1367,0.00012233,-0.00013603,0.00002169,0.00000508,0.00005933,0.00003561,-0.00010
296,0.00002650,0.00001657,0.00000568,-0.00001350,0.00001252,0.00001139,-0.000010
65,-0.00000252,0.00000203,-0.00002001,-0.00000695,0.00000660,0.00000442,0.000448
96,-0.00046953,0.00041707,-0.00000595,-0.00000702,-0.00004295,0.00004035,0.00000
156,-0.00000812,-0.00041197,0.00031795,0.00007794,0.00000659,-0.00012213,0.00006
726,-0.00003450,0.00001751,-0.00001053,0.00004189,-0.00001302,0.00001101,-0.0000
8576,0.00007551,0.00001267,-0.00001398,0.00000625,-0.00000130,0.00000834,0.00001
428,-0.00000348,0.00026675,-0.00008933,0.00001868,-0.00007356,-0.00000569,0.0000
7810,0.00001146,-0.00001864,0.00000306,-0.00000922,0.00000843,-0.00002780,-0.000
00621,-0.00001823,-0.00001193,-0.00000433,-0.00000512,0.00000484,0.00001476,0.00
000591,0.00000175,-0.00000942,0.00000366,0.00000497,0.00002085,-0.00002096,0.000
04059,-0.00000837,0.00000968,0.00000699,-0.00014194,0.00025649,0.00008427,0.0000
0256,0.00000125,0.00001635,-0.00000599,0.00000772,-0.00000241,0.00000144,0.00000
342,-0.00001168,-0.00006703,-0.00002393,0.00004368,0.00004228,0.00001310,-0.0000
3533,0.00000851,0.00000405,-0.00000640,0.00000673,-0.00000219,0.00000552,-0.0000
0019,-0.00000157,-0.00000087,0.00000070,-0.00000170,-0.00000055,0.00000040,0.000
00194,-0.00000016,0.00000253,-0.00000436,-0.00000638,0.00000851,0.00000487,-0.00
000450,0.00000237,0.00000309,-0.00000162,-0.00000304,0.00000185,-0.00000064,0.00
000237,-0.00000120,-0.00000189,-0.00000050,-0.00000143,-0.00000338,-0.00000640,-
0.00000401,0.00000806,-0.00000206,-0.00000062,-0.00000024,0.00000107,-0.00000113
,0.00000026,0.00000225,-0.00000220,-0.00000108,0.00000110,-0.00000283,-0.0000040
7,-0.00000141,-0.00000024,-0.00000213,0.00000163,-0.00000066,-0.00000385,0.00000
252,0.00000187,-0.00000371,0.00000254,0.00000204,-0.00000145,-0.00000074,-0.0000
0173,-0.00000035,-0.00000332,-0.00000041,-0.00000372,-0.00001899,0.00000638,0.00
001730,0.00001045,0.00000184,-0.00001304,-0.00000058,-0.00000298,-0.00001262,0.0
0000299,0.00000476,-0.00000620,0.00001888,-0.00000433,-0.00000124,0.00000024,0.0
0000071,-0.00000877,0.00000286,0.00000244,-0.00000209,-0.00000112,-0.00000349,-0
.00000469,-0.00000749,0.00000393,0.00000136,0.00000784,0.00004353,0.00002374,-0.
00004314,-0.00002257,0.00002618,0.00001368,-0.00000355,-0.00000966,-0.00001260,-
0.00000406,0.00001573,0.00004294,0.00014991,-0.00005827,0.00003194,-0.00003292,-
0.00001891,-0.00004578,-0.00000704,0.00006050,-0.00000925,-0.00002837,-0.0000164
7,0.00001989,-0.00002217,-0.00000974,-0.00002018,0.00003555,-0.00004032,-0.00000
876,-0.00001135,-0.00000542,0.00000272,0.00000144,0.00000697,-0.00000025,0.00000
322,0.00000604,-0.00087196,0.00063536,0.00014850,-0.00039566,0.00060302,-0.00080
749,0.00028519,0.00162954,0.00163084,0.00002829,0.00053215,0.00012809,0.08283348
,-0.22227871,0.06562645,-0.00028390,0.00024076,-0.00019210,-0.00011865,-0.000094
81,-0.00013077,0.00006331,-0.00014432,0.00005017,0.00002600,0.00014671,-0.000029
63,-0.00029039,0.00010930,0.00001796,0.00011276,0.00022620,-0.00025755,-0.095917
56,0.25496183,-0.00007564,-0.00009165,0.00007784,0.00000977,0.00004608,-0.000211
85,-0.00001139,0.00011067,-0.00008779,-0.00000962,-0.00000194,0.00000971,-0.0000
1216,-0.00001177,0.00000976,0.00000071,0.00000142,0.00001197,0.00001170,-0.00000
669,-0.00002665,0.00014115,0.00060839,-0.00091555,0.00001004,0.00001719,0.000124
74,0.00000346,0.00000175,-0.00001370,-0.00008046,-0.00037857,0.00030210,0.000030
40,0.00002437,-0.00005159,0.00003165,-0.00001027,0.00000141,-0.00004549,-0.00000
739,0.00001292,0.00009398,-0.00000627,0.00004166,0.00000135,-0.00000359,0.000005
66,-0.00001448,-0.00001195,0.00000574,0.00006030,0.00008962,-0.00012769,-0.00001
437,0.00003629,-0.00001018,-0.00005559,0.00001820,0.00000227,-0.00001698,-0.0000
6737,0.00009463,0.00001121,0.00001799,0.00001300,-0.00002045,0.00000925,-0.00001
126,-0.00002260,-0.00001988,0.00000457,0.00001770,0.00001419,-0.00000845,-0.0000
1405,0.00003258,-0.00000078,0.00003027,-0.00000465,0.00000408,0.00004511,-0.0001
4294,0.00007824,-0.00002892,0.00001639,-0.00005139,0.00000199,-0.00000317,0.0000
0674,-0.00000346,-0.00001540,0.00001094,0.00010820,0.00001948,0.00002294,-0.0000
5175,-0.00000373,-0.00000624,-0.00001603,-0.00000504,-0.00000345,-0.00000619,0.0
0000494,0.00000465,0.00000035,0.00000141,0.00000031,0.00000027,0.00000002,-0.000
00110,-0.00000013,-0.00000142,-0.00000322,-0.00000040,0.00000040,0.00000129,-0.0
0001808,0.00000100,-0.00000551,-0.00000561,-0.00000200,-0.00000250,0.00000319,0.
00000047,-0.00000264,0.00000014,0.00000183,0.00000042,0.00000234,0.00000215,0.00
000457,-0.00000418,-0.00000506,0.00000140,0.00000080,-0.00000062,-0.00000129,-0.
00000366,0.00000190,-0.00000199,-0.00000349,0.00000235,-0.00000006,-0.00000094,0
.00000203,0.00000216,0.00000234,-0.00000099,-0.00000311,0.00000179,0.00000077,-0
.00000067,-0.00000186,-0.00000264,0.00000286,-0.00000234,-0.00000405,-0.00000024
,-0.00000085,-0.00000355,-0.00000268,0.00000189,0.00000206,0.00000359,-0.0000148
0,-0.00004874,0.00002629,-0.00001235,-0.00000087,0.00000665,0.00000275,-0.000003
61,0.00000045,-0.00000784,-0.00001961,0.00001456,-0.00001494,0.00000470,-0.00000
481,-0.00000457,0.00000347,0.00001160,-0.00000467,-0.00001340,0.00001128,-0.0000
0034,0.00000730,0.00000197,0.00000394,-0.00000008,-0.00000065,0.00002240,-0.0000
1883,-0.00009878,0.00004825,-0.00009138,-0.00013242,0.00008841,-0.00008365,-0.00
004849,-0.00003097,0.00003199,0.00002261,0.00017117,-0.00006387,0.00010404,-0.00
004934,0.00005837,0.00007007,0.00002444,0.00005569,0.00000928,-0.00001565,0.0000
2831,0.00005862,-0.00001165,-0.00000958,0.00004216,-0.00013298,-0.00008200,-0.00
002420,0.00000655,0.00000845,0.00000841,0.00000285,0.00003167,0.00003136,-0.0000
0098,0.00000613,-0.00000428,0.00012810,0.00048710,0.00237249,0.00075417,0.000571
38,0.00058307,-0.01338090,0.02255412,-0.01295814,-0.00301689,-0.00072117,-0.0047
0769,-0.02943282,0.06573643,-0.06728233,-0.00027931,-0.00039917,0.00014848,0.000
27269,0.00012274,0.00010569,0.00004383,-0.00010283,-0.00005048,-0.00074330,0.001
23452,-0.00065429,0.00008682,-0.00015660,-0.00004100,-0.00006961,-0.00034216,0.0
0008216,0.03740858,-0.07703027,0.07770514,-0.00012585,-0.00006289,0.00001244,0.0
0001668,0.00000952,-0.00010847,-0.00000472,0.00000315,-0.00012595,0.00000726,0.0
0001184,0.00001480,-0.00000420,0.00000067,0.00000352,0.00000065,0.00000370,-0.00
000112,-0.00000026,-0.00000525,-0.00001154,-0.00012225,-0.00029545,-0.00067387,0
.00001699,0.00004507,0.00007580,0.00005396,0.00001861,-0.00002255,-0.00032589,-0
.00012952,0.00088569,0.00005092,0.00000379,0.00000871,0.00003440,-0.00000446,0.0
0001337,-0.00001272,0.00000642,0.00000918,0.00006532,-0.00003241,0.00003203,0.00
000963,-0.00000126,0.00000898,-0.00000699,-0.00000356,0.00000748,0.00032077,0.00
013054,-0.00011831,-0.00012827,0.00008280,0.00005107,-0.00000726,0.00000871,0.00
000520,0.00000249,-0.00000878,0.00004531,0.00002249,0.00000550,-0.00000467,-0.00
001984,0.00001586,-0.00001457,-0.00002007,-0.00001149,0.00001558,0.00002490,0.00
001897,0.00000732,0.00000498,0.00002447,0.00001464,0.00001603,-0.00000750,0.0000
0388,0.00008266,0.00002229,0.00007375,-0.00002223,0.00003442,0.00002004,0.000000
30,0.00000116,0.00000739,-0.00000062,-0.00001635,0.00000330,0.00009484,0.0000000
9,0.00000087,-0.00004346,0.00000738,0.00000034,-0.00001770,-0.00000218,-0.000003
75,-0.00000232,0.00000301,0.00000728,0.00000001,-0.00000040,-0.00000121,-0.00000
069,-0.00000050,-0.00000033,0.00000078,0.00000196,-0.00000353,-0.00000053,-0.000
00089,-0.00000221,-0.00001842,0.00000010,-0.00000661,-0.00000434,-0.00000055,-0.
00000837,-0.00000177,0.00000022,-0.00000391,0.00000334,0.00000076,-0.00000057,0.
00000251,0.00000385,0.00000515,-0.00000883,-0.00000198,0.00000419,0.00000150,-0.
00000117,0.00000103,-0.00000428,0.00000177,-0.00000194,-0.00000305,0.00000149,0.
00000042,-0.00000056,0.00000045,0.00000133,0.00000149,-0.00000244,-0.00000698,0.
00000286,-0.00000044,-0.00000423,-0.00000064,-0.00000211,0.00000068,-0.00000194,
-0.00000413,-0.00000043,-0.00000155,-0.00000416,-0.00000366,0.00000174,0.0000024
3,0.00000503,-0.00003461,-0.00005994,0.00004036,-0.00000263,0.00000653,-0.000008
29,0.00000247,-0.00000696,-0.00001287,-0.00000937,-0.00001985,0.00001562,0.00000
165,0.00002154,-0.00000176,-0.00000701,0.00000512,-0.00000659,-0.00000172,-0.000
01473,0.00001084,-0.00000073,0.00000305,-0.00000407,-0.00000301,0.00000350,-0.00
000237,-0.00000485,0.00000959,-0.00001124,0.00001437,-0.00002340,-0.00003373,0.0
0002059,-0.00002114,-0.00000909,0.00000210,-0.00000006,0.00000308,0.00000980,-0.
00005256,0.00003284,-0.00001041,0.00001403,0.00002213,0.00004341,0.00001339,-0.0
0001847,-0.00000128,0.00001100,0.00001301,0.00000262,-0.00001053,0.00000047,-0.0
0004969,0.00000417,0.00000333,0.00001014,0.00001102,-0.00000089,-0.00000136,0.00
000573,0.00000766,-0.00000495,-0.00000115,0.00000378,0.00008784,-0.00167384,-0.0
0338917,0.00030238,-0.00017733,-0.00067518,0.00725784,-0.00359140,-0.00710980,0.
00014012,-0.00024082,-0.00031113,-0.14038101,0.05482869,0.10754384,-0.00009672,0
.00004974,0.00009929,-0.00001287,0.00002668,-0.00005449,-0.00029494,-0.00044094,
-0.00051630,-0.00005659,-0.00007079,-0.00004327,0.00013075,0.00009205,-0.0004389
3,-0.00017841,0.00003130,0.00015075,-0.01010596,0.00725740,0.00966662,0.16161690
,0.00002159,0.00000923,0.00000462,-0.00000795,0.00000337,0.00008322,-0.00003970,
-0.00001827,0.00002256,-0.00000204,-0.00000299,-0.00000461,-0.00000077,0.0000005
3,-0.00000011,0.00000014,-0.00000172,0.00000617,0.00000019,0.00000591,0.00001006
,-0.00060927,-0.00018609,0.00021738,-0.00000585,-0.00002621,-0.00004759,0.000000
41,0.00000624,-0.00000511,0.00003150,-0.00020497,0.00028359,-0.00000900,0.000018
22,0.00000624,-0.00000296,-0.00000344,0.00000191,0.00001005,-0.00000208,-0.00000
037,-0.00002035,-0.00003398,0.00000243,-0.00000374,-0.00000106,-0.00000090,0.000
00303,-0.00000023,-0.00000508,-0.00025488,-0.00000662,0.00014124,0.00005282,-0.0
0000095,-0.00002469,0.00003488,0.00003840,-0.00000912,-0.00000039,0.00000461,-0.
00002735,0.00000001,0.00000413,0.00000423,0.00000461,-0.00000333,0.00000659,0.00
000641,0.00000100,-0.00000131,-0.00000127,-0.00000349,-0.00000142,-0.00000217,-0
.00000466,-0.00000528,-0.00001257,0.00000315,-0.00000176,0.00013601,-0.00002954,
-0.00009906,0.00001409,0.00002380,0.00002677,0.00000175,-0.00000197,-0.00000199,
0.00000206,0.00001029,-0.00000177,-0.00004831,0.00001577,-0.00001902,0.00001833,
-0.00001059,0.00001135,0.00000822,-0.00000010,0.00000229,-0.00000198,-0.00000068
,-0.00000658,-0.00000065,0.00000068,0.00000113,0.00000052,-0.00000011,-0.0000003
0,-0.00000120,-0.00000041,0.00000137,-0.00000005,0.00000216,0.00000606,0.0000097
7,-0.00000163,0.00000307,-0.00000107,-0.00000414,0.00000707,0.00000065,-0.000001
48,-0.00000129,-0.00000030,0.00000204,0.00000037,-0.00000254,-0.00000277,0.00000
052,0.00000368,-0.00000192,-0.00000697,-0.00000011,0.00000070,0.00000031,0.00000
336,-0.00000140,0.00000133,0.00000226,-0.00000165,-0.00000078,0.00000053,-0.0000
0117,-0.00000207,-0.00000102,0.00000079,0.00000248,-0.00000144,0.00000014,-0.000
00029,0.00000075,0.00000165,-0.00000158,0.00000141,0.00000317,-0.00000033,0.0000
0071,0.00000378,0.00000275,-0.00000142,-0.00000076,0.00000096,0.00001923,0.00002
052,-0.00002309,0.00000428,-0.00000658,-0.00000094,-0.00000609,0.00000291,0.0000
1275,0.00000112,0.00001201,-0.00000312,0.00000145,0.00000462,0.00000095,-0.00000
310,-0.00000253,-0.00000046,0.00000009,0.00000704,-0.00000572,0.00000018,-0.0000
0215,0.00000198,0.00000286,-0.00000336,0.00000072,-0.00001354,0.00000573,0.00001
865,0.00001451,0.00001331,0.00002245,-0.00000752,-0.00000140,-0.00000021,0.00000
379,-0.00001218,-0.00002047,-0.00006462,0.00001777,0.00001343,0.00000469,-0.0000
0545,-0.00001570,-0.00001077,-0.00001993,-0.00001419,-0.00000582,-0.00000453,-0.
00000421,-0.00000108,0.00001322,-0.00000065,0.00004919,0.00003478,0.00000643,-0.
00000525,-0.00000685,0.00000071,-0.00000128,-0.00000109,-0.00000154,0.00000620,0
.00000369,0.00000626,-0.00016313,-0.00023019,-0.00245007,0.00016704,0.00005418,-
0.00015074,0.00322138,-0.00222233,-0.00500090,0.00017835,0.00006402,0.00059325,0
.05396665,-0.07258084,-0.05872972,0.00013677,-0.00026905,-0.00012203,0.00007802,
0.00001339,0.00023737,-0.00072532,0.00009118,-0.00020496,0.00003192,-0.00010543,
0.00002096,0.00022718,0.00009397,0.00037619,-0.00009473,-0.00005146,0.00007464,0
.02080401,-0.01292987,-0.01925240,-0.06298258,0.08126401,0.00012628,0.00001528,0
.00004875,-0.00002352,0.00002771,0.00024974,-0.00005424,-0.00004193,0.00011238,-
0.00000969,-0.00002288,-0.00001209,-0.00000346,-0.00000118,0.00000292,0.00000026
,-0.00000397,0.00001673,-0.00001041,0.00001347,0.00001362,-0.00125860,-0.0003359
2,0.00045946,-0.00001784,-0.00007320,-0.00012650,-0.00004347,-0.00000891,0.00001
479,-0.00000010,0.00031695,-0.00023141,-0.00002912,0.00004676,-0.00002814,-0.000
02864,-0.00001199,0.00000228,0.00001224,-0.00001203,-0.00000684,-0.00001482,0.00
000497,-0.00003729,-0.00000331,0.00000033,-0.00000280,0.00000347,-0.00000131,-0.
00001216,-0.00027638,-0.00015757,0.00007826,0.00007821,-0.00004393,-0.00001997,0
.00011407,0.00003146,-0.00009745,0.00001163,0.00002129,-0.00008252,-0.00002994,0
.00000545,-0.00000154,0.00002333,-0.00000505,0.00002313,0.00000807,0.00001687,-0
.00001546,-0.00002532,-0.00001986,-0.00000290,-0.00000065,-0.00001349,-0.0000196
2,-0.00001249,0.00000397,-0.00000541,0.00030716,-0.00018658,-0.00017470,0.000011
44,0.00008075,0.00005609,-0.00000215,-0.00000595,-0.00000368,0.00000295,0.000021
37,-0.00000301,-0.00009410,0.00000833,-0.00001253,0.00004213,-0.00001082,0.00000
119,0.00001855,0.00000162,0.00000528,-0.00000193,-0.00000269,-0.00001352,-0.0000
0302,0.00000205,0.00000009,-0.00000063,0.00000163,0.00000091,-0.00000072,-0.0000
0239,0.00000200,-0.00000101,0.00000345,0.00000780,0.00001907,0.00000069,0.000004
49,0.00000121,-0.00000452,0.00001095,0.00000064,-0.00000284,0.00000141,-0.000004
18,-0.00000080,0.00000221,-0.00000386,-0.00000522,-0.00000330,0.00000849,-0.0000
0052,-0.00000849,-0.00000061,0.00000100,0.00000045,0.00000556,-0.00000262,0.0000
0172,0.00000344,-0.00000245,-0.00000231,-0.00000004,-0.00000043,-0.00000149,-0.0
0000128,0.00000194,0.00000680,-0.00000401,0.00000163,0.00000387,0.00000049,0.000
00240,-0.00000199,0.00000272,0.00000576,-0.00000029,0.00000143,0.00000531,0.0000
0518,-0.00000136,-0.00000113,-0.00000117,0.00003811,0.00006739,-0.00006011,0.000
00933,-0.00001182,0.00000154,-0.00000802,0.00000591,0.00002263,0.00001235,0.0000
2600,-0.00001565,-0.00000008,-0.00002552,-0.00000020,0.00000794,-0.00001295,0.00
001430,0.00000188,0.00001964,-0.00001104,0.00000253,-0.00000315,0.00001078,-0.00
000117,-0.00000347,0.00000623,-0.00002122,-0.00000381,0.00003106,0.00001150,0.00
001145,0.00004731,-0.00000372,-0.00000393,0.00002472,0.00000202,0.00000354,0.000
00770,0.00002069,-0.00000885,-0.00010945,0.00000551,-0.00001799,0.00000560,-0.00
005523,-0.00000528,0.00001336,0.00000046,-0.00000295,0.00000208,0.00000725,-0.00
001590,0.00000413,0.00002958,0.00002483,-0.00005937,-0.00001610,-0.00001462,0.00
000592,0.00000586,-0.00000132,-0.00000019,0.00001062,0.00001447,0.00001118,-0.00
071164,-0.00250577,-0.00815436,0.00087729,0.00040908,0.00070922,0.01560163,-0.00
971458,-0.02064309,0.00032565,-0.00015685,0.00049534,0.10697183,-0.05872762,-0.1
5890704,-0.00003637,-0.00008326,-0.00006093,0.00027492,0.00024611,0.00024236,-0.
00069870,-0.00012953,0.00020741,0.00013665,-0.00002113,0.00039686,-0.00076722,0.
00044433,-0.00018470,0.00012647,0.00001713,-0.00017811,-0.00463411,0.00242712,0.
00654001,-0.12344790,0.06959505,0.18423880,-0.00005356,0.00005115,-0.00000269,-0
.00003248,-0.00005208,0.00006168,-0.00004560,-0.00014516,-0.00005652,-0.00000768
,-0.00001032,-0.00001398,-0.00000238,0.00000373,0.00000161,-0.00000309,0.0000016
8,0.00000764,-0.00000470,-0.00000229,-0.00000004,0.00063136,-0.00012450,-0.00018
671,0.00000945,0.00001284,-0.00001367,0.00003673,-0.00001236,0.00001079,-0.00076
752,0.00020947,0.00170478,0.00002242,-0.00011303,0.00003093,-0.00001915,0.000009
38,-0.00003373,0.00000278,-0.00002578,0.00001396,-0.00001183,0.00011294,-0.00001
443,-0.00001637,0.00000941,-0.00001162,-0.00000522,0.00000516,-0.00000644,-0.000
23253,-0.00005993,0.00033399,-0.00005106,0.00003834,0.00005050,0.00001616,0.0000
1550,-0.00000349,0.00002586,0.00006484,0.00000576,-0.00000280,0.00000775,-0.0000
1151,-0.00001583,0.00001780,-0.00000041,-0.00001972,-0.00001656,0.00001005,0.000
02464,-0.00000051,0.00002678,0.00002325,0.00000649,0.00000738,-0.00000558,0.0000
0197,0.00000582,-0.00009554,-0.00001385,-0.00009311,-0.00001674,-0.00001086,0.00
000375,-0.00000804,-0.00000156,-0.00000108,0.00000032,0.00000981,-0.00000264,-0.
00004880,0.00000690,-0.00005906,0.00001327,-0.00001141,0.00003131,0.00000314,0.0
0000779,0.00000648,0.00000152,-0.00000256,-0.00000420,0.00000064,-0.00000223,-0.
00000316,-0.00000297,0.00000189,-0.00000113,0.00000117,-0.00000049,0.00000373,-0
.00000157,0.00000104,0.00000071,0.00000928,-0.00000291,0.00000123,0.00000090,0.0
0000267,0.00000371,-0.00000198,-0.00000285,0.00000547,-0.00000326,-0.00000479,-0
.00000433,0.00000157,0.00000156,-0.00000357,0.00000331,0.00000022,0.00000132,-0.
00000153,0.00000063,-0.00000043,0.00000158,-0.00000108,0.00000112,0.00000213,-0.
00000172,-0.00000100,-0.00000030,-0.00000022,-0.00000074,-0.00000054,0.00000193,
0.00000555,-0.00000245,0.00000174,0.00000841,-0.00000039,-0.00000045,0.00000151,
0.00000125,0.00000127,0.00000102,-0.00000006,-0.00000083,0.00000219,-0.00000201,
-0.00000004,-0.00000382,0.00001620,0.00003697,-0.00002728,0.00001325,-0.00001217
,-0.00001222,-0.00000858,0.00000309,0.00000960,-0.00000188,0.00000993,-0.0000024
0,0.00002330,-0.00000223,0.00000932,0.00000542,-0.00000336,-0.00001219,0.0000005
2,0.00000905,-0.00000438,-0.00000045,-0.00000321,0.00000115,-0.00000572,0.000000
32,0.00000667,0.00001271,-0.00002286,-0.00002112,-0.00000730,0.00000440,-0.00000
863,-0.00001336,0.00001166,0.00001192,-0.00000260,0.00001038,0.00001486,0.000065
33,-0.00001151,-0.00001818,-0.00000956,0.00000572,0.00000784,-0.00001108,0.00001
412,0.00003051,-0.00000327,0.00000615,-0.00000154,0.00000291,-0.00000415,0.00000
183,-0.00002358,-0.00003208,-0.00002742,-0.00000338,0.00000916,0.00000134,0.0000
0953,-0.00000281,-0.00000022,-0.00000662,0.00000143,0.00000434,0.00038594,0.0002
9716,0.00076132,-0.00170649,-0.00091495,-0.00343308,-0.01474276,-0.01224466,-0.0
0117495,0.00033937,-0.00033421,0.00076319,-0.17271697,-0.11843704,0.02804127,0.0
0000845,0.00031432,-0.00009182,-0.00066334,-0.00073657,0.00005607,0.00034260,0.0
0004443,-0.00012874,0.00028119,0.00001894,0.00034572,-0.00029059,-0.00003598,0.0
0004578,0.00013147,0.00051975,-0.00070398,0.00850301,0.00716856,-0.00158860,-0.0
1831311,-0.01417082,0.00707948,0.19903996,-0.00014636,-0.00011406,0.00007036,-0.
00005371,-0.00010514,-0.00007829,-0.00008323,-0.00004313,-0.00019780,-0.00001795
,-0.00000227,0.00000356,-0.00001417,-0.00000065,0.00001240,-0.00000179,0.0000045
0,0.00001687,-0.00000493,-0.00001054,-0.00000782,-0.00030651,-0.00069236,-0.0014
2860,0.00004333,0.00009871,0.00009049,0.00005316,0.00000901,-0.00000972,0.000089
27,0.00019159,0.00156840,0.00009255,0.00009584,-0.00001735,0.00005605,-0.0000278
7,0.00002371,-0.00004264,-0.00000995,0.00001536,0.00014493,-0.00010583,0.0000080
4,0.00001407,-0.00000597,0.00000401,-0.00002107,-0.00001787,0.00001208,0.0001446
4,0.00027557,-0.00027088,-0.00019019,0.00012997,0.00007187,-0.00005280,-0.000006
90,-0.00000924,0.00005836,0.00008936,0.00005166,0.00003142,0.00003522,-0.0000220
9,-0.00004750,0.00001609,-0.00000877,-0.00003632,-0.00001673,0.00002455,0.000032
98,0.00002068,0.00001997,0.00001972,0.00003854,0.00001092,0.00001314,-0.00001432
,-0.00000063,0.00006768,-0.00009298,-0.00002581,0.00001196,0.00001401,0.00002556
,0.00000247,-0.00001235,0.00001135,-0.00000367,-0.00001458,0.00001688,0.00011854
,-0.00000319,-0.00002981,-0.00006095,0.00001498,0.00002491,-0.00002001,-0.000000
70,0.00000226,-0.00000725,0.00000488,0.00000482,0.00000080,0.00000059,0.00000076
,0.00000018,0.00000051,0.00000015,-0.00000038,-0.00000011,-0.00000274,-0.0000054
2,0.00000399,0.00000015,-0.00002177,0.00000010,0.00000064,-0.00000780,-0.0000017
0,-0.00000441,0.00000244,0.00000050,-0.00000166,-0.00000061,0.00000154,0.0000012
9,0.00000131,0.00000251,0.00000640,-0.00000112,0.00000205,-0.00000604,0.00000144
,-0.00000098,-0.00000096,-0.00000446,0.00000191,-0.00000105,-0.00000407,0.000002
21,0.00000107,-0.00000242,0.00000215,0.00000302,0.00000181,-0.00000194,-0.000002
33,0.00000060,0.00000085,0.00000426,-0.00000352,-0.00000438,0.00000562,-0.000003
98,-0.00000593,0.00000142,-0.00000039,-0.00000219,-0.00000181,0.00000528,0.00000
124,0.00000358,-0.00001287,-0.00005126,0.00001703,-0.00000598,-0.00000591,-0.000
00231,0.00000168,-0.00000311,-0.00000179,-0.00001265,-0.00002021,0.00001909,-0.0
0001243,0.00002679,0.00001262,0.00000311,0.00000475,-0.00000387,-0.00000449,-0.0
0001279,0.00001147,0.00000132,0.00000390,0.00000286,0.00000220,-0.00000148,-0.00
000082,-0.00001571,-0.00002711,-0.00002023,0.00005565,0.00001449,-0.00005138,-0.
00003346,0.00000799,0.00002383,0.00000906,0.00000624,-0.00000710,-0.00003637,-0.
00017180,0.00004817,-0.00004697,0.00004710,0.00003700,0.00005843,0.00001302,-0.0
0004083,0.00001484,0.00003350,0.00002337,-0.00000801,0.00001080,-0.00000251,-0.0
0001975,-0.00002369,0.00002455,0.00001983,0.00003251,0.00000547,0.00000920,-0.00
000487,-0.00000088,-0.00001012,-0.00000169,0.00000571,0.00020623,0.00004732,0.00
060386,-0.00092220,0.00004142,-0.00154703,-0.00690905,-0.00520426,-0.00188054,0.
00083659,0.00059303,0.00060849,-0.11868037,-0.15406485,0.02600213,0.00008305,0.0
0034062,-0.00001547,-0.00039837,-0.00006317,0.00004524,0.00018419,-0.00003720,-0
.00007047,0.00011158,-0.00016484,0.00016140,0.00003986,-0.00003281,-0.00004028,0
.00026489,0.00020068,0.00031230,-0.02023393,-0.02374075,0.00722528,0.00712235,0.
00713954,-0.00150201,0.13849751,0.17532360,-0.00023945,-0.00005303,-0.00010462,-
0.00003680,-0.00013616,-0.00016054,-0.00000366,-0.00006740,-0.00008485,0.0000238
5,0.00002359,0.00000932,-0.00000482,-0.00000439,0.00000498,0.00000343,0.00000118
,0.00000188,0.00000773,-0.00000613,-0.00000350,-0.00105125,-0.00303739,-0.001431
51,0.00005516,0.00015529,0.00014006,0.00005632,0.00004004,-0.00006208,0.00130814
,0.00160384,-0.00127819,0.00005662,-0.00006763,0.00005196,0.00001608,0.00001158,
-0.00000654,-0.00003333,-0.00001196,0.00003289,0.00003042,-0.00002893,0.00008936
,-0.00002100,-0.00000477,0.00000260,-0.00001656,-0.00000590,-0.00000161,0.001439
40,0.00027640,-0.00077545,-0.00035463,0.00016824,0.00024580,-0.00009351,0.000033
68,0.00005825,0.00003103,0.00006969,0.00003662,0.00003503,0.00000235,0.00000486,
-0.00005317,0.00001010,-0.00001008,-0.00000957,-0.00001297,0.00000042,0.00001823
,0.00004039,0.00000109,0.00000021,0.00003865,0.00004305,0.00000819,0.00000622,0.
00000226,-0.00009252,0.00062136,0.00032775,0.00001910,0.00003429,0.00003487,-0.0
0000658,0.00000488,0.00000818,-0.00000129,-0.00001540,0.00000040,0.00012329,-0.0
0001772,0.00011056,-0.00003923,0.00002441,-0.00006085,-0.00002027,-0.00000394,-0
.00001402,-0.00000722,0.00000775,0.00000962,-0.00000033,0.00000188,0.00000137,0.
00000204,-0.00000166,-0.00000203,-0.00000053,-0.00000066,-0.00000681,0.00000329,
-0.00000156,0.00000023,-0.00002589,0.00001009,-0.00001520,-0.00000757,0.00000097
,-0.00000505,0.00000260,0.00000256,-0.00000691,0.00000273,0.00000409,-0.00000022
,0.00000370,0.00000379,0.00000822,-0.00001259,-0.00001136,0.00000904,0.00000015,
-0.00000181,-0.00000138,-0.00000563,0.00000209,-0.00000345,-0.00000490,0.0000027
2,0.00000027,-0.00000014,0.00000057,0.00000232,0.00000345,-0.00000474,-0.0000083
9,0.00000581,-0.00000102,-0.00000740,0.00000074,-0.00000150,0.,-0.00000179,-0.00
000438,-0.00000128,-0.00000283,-0.00000650,-0.00000575,-0.00000084,0.00000403,0.
00000345,-0.00004304,-0.00006728,0.00003682,-0.00000684,0.00002013,-0.00002929,-
0.00000201,-0.00000691,-0.00002119,-0.00001932,-0.00002099,0.00002879,0.00002878
,0.00004766,-0.00000298,-0.00001634,0.00000180,-0.00002996,-0.00000206,-0.000019
26,0.00001773,0.00000023,0.00000123,-0.00000494,-0.00000802,0.00000489,0.0000034
5,0.00002206,0.00000789,0.00000927,0.00000072,0.00001340,-0.00000220,-0.00002333
,0.00000274,0.00001462,0.00000418,-0.00000117,-0.00000358,0.00000846,-0.00002618
,0.00005058,-0.00002090,0.00003728,-0.00000427,0.00004755,-0.00000607,0.00000006
,-0.00001579,0.00001864,-0.00000755,0.00000540,0.00001805,-0.00001564,-0.0000111
4,-0.00000593,-0.00001612,0.00001671,0.00002361,-0.00000725,0.00000322,-0.000002
30,0.00000380,-0.00001711,-0.00000620,0.00000777,0.00069756,0.00100817,0.0010651
1,-0.00296939,-0.00117898,-0.00397938,-0.02003799,-0.01684740,0.00270040,0.00022
934,-0.00091730,0.00071166,0.02876376,0.02626746,-0.04827702,0.00008949,0.000087
53,-0.00013321,-0.00119880,-0.00095674,0.00011152,0.00000639,0.00009126,-0.00008
345,0.00014492,-0.00007142,0.00009378,0.00013907,0.00003774,-0.00008270,-0.00041
181,0.00044408,-0.00035390,0.00697342,0.00785768,-0.00125944,0.01826490,0.014438
00,-0.00485820,-0.03175111,-0.02999290,0.05713298\\-0.00000270,-0.00000111,0.000
00240,0.00000185,0.00000329,-0.00000258,-0.00000313,-0.00000180,-0.00000136,0.00
000392,0.00000227,-0.00000380,0.00000116,0.00000144,-0.00000060,-0.00000028,0.00
000038,-0.00000091,-0.00000312,-0.00000094,-0.00000144,-0.00000373,0.00000597,0.
00000456,-0.00000056,-0.00000077,0.00000046,0.00000396,-0.00000079,0.00000569,0.
00000015,-0.00000320,-0.00000117,-0.00000091,0.00000006,0.00000007,-0.00000265,0
.00000195,-0.00000265,-0.00000470,0.00000058,-0.00000117,0.00000114,0.00000075,-
0.00000076,0.00000123,-0.00000116,0.00000157,0.00000191,0.00000080,-0.00000083,-
0.00000219,0.00000236,0.00000201,0.00000324,-0.00000149,0.00000103,-0.00000143,-
0.00000258,0.00000045,-0.00000038,-0.00000168,0.00000278,0.00000022,0.00000929,-
0.00001218,-0.00000128,-0.00000318,-0.00000104,0.00000130,-0.00000197,0.00000098
,0.00000143,0.00000110,-0.00000084,0.00000556,-0.00000262,0.00000822,-0.00000126
,-0.00000418,0.00000581,0.00000524,-0.00000096,-0.00000535,-0.00000094,0.0000003
9,-0.00000029,-0.00000205,0.00000112,0.00000023,-0.00000045,-0.00000163,0.000000
95,0.00000169,0.00000315,-0.00000664,-0.00000151,-0.00000181,0.00000424,0.000000
94,-0.00000187,0.00000613,0.00000003,-0.00000005,-0.00000476,-0.00000399,0.00000
328,0.00000142,-0.00000137,-0.00000087,-0.00000309,0.00000050,0.00000086,0.00000
224,0.00000288,-0.00000234,0.00000064,-0.00000285,0.00000042,0.00000554,0.000000
34,0.00000223,-0.00000242,0.00000264,-0.00000027,-0.00000415,-0.00000069,0.00000
146,0.00000055,-0.00000293,-0.00000609,0.00000277,0.00000244,0.00000450,-0.00000
271,0.00000060,-0.00000128,0.00000038,0.00000149,-0.00000060,0.00000122,0.000000
26,-0.00000033,-0.00000034,0.00000022,-0.00000045,-0.00000135,-0.00000092,0.0000
0029,-0.00000071,-0.00000013,-0.00000102,-0.00000159,-0.00000139,-0.00000128,0.0
0000125,0.00000138,0.00000231,0.00000009,-0.00000014,0.00000020,0.00000034,-0.00
000048,-0.00000066,0.00000058,0.00000247,-0.00000368,-0.00000431,-0.00000373,-0.
00000127,-0.00000002,0.00000394,0.00000041,0.00000451,0.00000085,0.00000267,-0.0
0000134,-0.00000052,0.00000029,0.00000148,0.00000067,0.00000036,0.00000052,0.000
00021,0.00000093,-0.00000082,-0.00000300,-0.00000230,-0.00000143,-0.00000149,0.0
0000194,0.00000082,0.00000398,0.00000251,0.00000197,-0.00000083,-0.00000188,-0.0
0000830,-0.00000012,-0.00000330,0.00000156,-0.00000290,0.00000673,0.00000196,-0.
00000312,0.00000216,0.00000432,0.00000174,-0.00000233,0.00000167,0.00000020,-0.0
0000018,-0.00000015,-0.00000016,0.00000029,0.00000089,-0.00000168,0.00000159,-0.
00000119,0.00000145,-0.00000114,-0.00000161,-0.00000035,-0.00000080,0.00000015,0
.00000300,-0.00000271,-0.00000177,0.00000016,-0.00000132,0.00000089,0.00000027,-
0.00000113,-0.00000029,0.00000097,-0.00000761,-0.00000196,-0.00000157,0.00000455
,-0.00000128,0.00000410,-0.00000493,-0.00000622,0.00000464,-0.00000142,0.0000028
1,-0.00000110,0.00000399,-0.00000092,0.00000084,0.00000099,0.00000172,-0.0000022
0,0.00000123,0.00000133,0.00000038,0.00000088,0.00000321,-0.00000249,0.00000219,
0.00000261,-0.00000097,-0.00000030,0.00000070,-0.00000201,0.00000259,-0.00000057
,0.00000051,-0.00000104,-0.00000054,-0.00000168,-0.00000044,-0.00000025\\\@
