1\1\GINC-ECHO\Freq\External='./xtb.sh'\ZDO\C24H36Fe1N2O4Pd1\ECHO\14-Oct-2024\0\\
#p freq external='./xtb.sh'\\Generate automatically by rxnb\\0,1\Fe,-2.37134,0.0
4888,-0.96027\C,1.28088,1.68366,1.91192\Pd,-0.40569,-0.3287,0.73808\C,-2.9516,-1
.86651,0.9864\H,-3.50547,1.42641,-2.93936\H,-5.01864,0.46471,-0.97651\H,-3.77077
,0.89315,1.30422\C,2.23511,-0.82413,-0.24067\O,1.87437,2.45605,2.64516\C,-2.4315
6,-1.80218,-0.40494\O,1.75043,-2.03162,-0.52931\C,-1.11969,-0.98102,-2.05543\C,-
2.43459,-1.06671,-2.54906\C,-3.25398,-1.5763,-1.5266\H,-0.30237,-0.61516,-2.6397
3\H,-2.7678,-0.72196,-3.5012\H,-4.31537,-1.67562,-1.56424\H,0.73143,-1.95631,-0.
49933\C,-1.07433,-1.47782,-0.72228\C,1.85644,1.43335,0.46301\O,0.23203,1.04438,2
.2104\C,-2.1386,1.74714,0.06874\C,-2.09199,1.9527,-1.33212\C,-3.28499,1.4756,-1.
89806\C,-4.08007,0.95769,-0.86049\C,-3.37624,1.12573,0.34264\H,-1.45451,2.1247,0
.80609\N,1.42954,0.11371,0.07766\H,2.95048,1.48052,0.51684\H,-3.80712,-1.19196,1
.00575\H,-3.28403,-2.86597,1.30296\H,-1.32924,2.4432,-1.88524\N,-1.89463,-1.3651
2,1.87576\C,-1.03654,-2.47965,2.30131\C,-2.3932,-0.7014,3.06981\H,-1.57221,-3.12
81,3.01195\H,-0.74781,-3.08325,1.43803\H,-0.13859,-2.08975,2.79689\H,-2.95917,-1
.39284,3.70928\H,-1.5478,-0.30204,3.63071\H,-3.03153,0.1342,2.80366\C,1.33934,2.
47373,-0.56387\C,0.98615,1.77258,-1.88082\C,2.37484,3.57719,-0.8058\C,2.51104,4.
53283,0.37288\H,1.84911,1.2262,-2.25861\H,0.7056,2.50822,-2.63273\H,0.14949,1.08
415,-1.71511\H,0.42903,2.93874,-0.1717\H,2.07728,4.14591,-1.69181\H,3.3424,3.117
28,-1.02296\H,3.3265,5.23278,0.2037\H,1.59252,5.10109,0.50492\H,2.70061,3.98545,
1.2921\O,3.53785,-0.6033,-0.33741\C,5.83901,-0.91715,-0.55673\C,4.49634,-1.64575
,-0.63026\C,4.42999,-2.74598,0.42795\C,4.26912,-2.20299,-2.03532\H,5.86532,-0.11
209,-1.28613\H,5.97465,-0.48831,0.4324\H,6.65125,-1.60823,-0.76006\H,4.50473,-2.
30826,1.42119\H,5.25657,-3.43641,0.2864\H,3.49696,-3.29786,0.3536\H,4.2584,-1.39
118,-2.7594\H,5.07464,-2.88659,-2.28769\H,3.32495,-2.73733,-2.09156\\Version=ES6
4L-G16RevC.01\HF=-99.7107298\RMSD=0.000e+00\RMSF=3.030e-06\ZeroPoint=0.5592885\T
hermal=0.592811\ETot=-99.1179188\HTot=-99.1169746\GTot=-99.2156689\Dipole=0.,0.,
0.\PG=C01 [X(C24H36Fe1N2O4Pd1)]\NImag=1\\0.42729050,-0.11429223,0.65323232,0.000
62754,0.05085790,0.38668365,0.00001173,-0.00082882,0.00082123,0.59616013,0.00051
342,-0.00034341,0.00081055,0.32730545,0.53027200,0.00096246,0.00059120,0.0000623
3,0.07634784,0.18260582,0.46692798,-0.04156881,0.00841601,-0.02852266,-0.0103604
3,-0.00848851,-0.00320759,0.20936022,0.00313947,-0.00618432,0.00132345,-0.007653
38,-0.00369873,0.00405417,0.05427190,0.14979509,-0.02838928,0.00138933,-0.025370
27,-0.00977688,-0.00046557,0.01183655,0.02987781,0.07488404,0.20486558,-0.004607
89,0.00018915,0.00230186,-0.00099560,-0.00066731,0.00016453,-0.00330838,-0.00364
086,-0.00030772,0.48999096,-0.00456571,-0.00351923,0.00693016,-0.00064736,-0.000
47777,-0.00005863,-0.00365530,-0.00233695,-0.00144558,-0.03847629,0.49496662,0.0
0131061,-0.00506434,-0.00193538,0.00001881,-0.00017720,-0.00028354,-0.00008115,-
0.00063883,0.00333173,-0.02045037,-0.02882214,0.45991081,-0.00191280,-0.00125783
,-0.00249118,0.00016219,0.00005638,-0.00000007,0.00039227,-0.00012828,0.00040174
,-0.00003553,-0.00016507,0.00019891,0.05317174,0.00068850,0.00020215,0.00472269,
0.00018257,0.00010389,0.00003442,-0.00078166,-0.00000426,-0.00074733,0.00005535,
0.00032618,-0.00048038,0.01144235,0.02754607,0.00000901,-0.00103933,-0.00193388,
0.00029773,0.00015373,-0.00002307,0.00074922,-0.00012819,0.00043878,0.00002858,-
0.00027173,0.00035582,0.06636850,0.01430658,0.35507787,-0.00194076,-0.00230219,-
0.00214083,0.00015993,0.00009771,0.00010508,0.00084419,-0.00024657,0.00073553,-0
.00034921,-0.00037929,0.00060035,-0.00032283,0.00051881,0.00035171,0.28881387,0.
00241986,0.00092860,0.00108107,0.00018124,0.00014982,0.00013808,-0.00067050,-0.0
0032867,-0.00031217,0.00016832,0.00010168,-0.00021701,0.00062330,-0.00072208,0.0
0021055,0.14027039,0.09769024,0.00016498,-0.00007183,-0.00117083,0.00014371,0.00
005023,0.00001243,-0.00032274,-0.00013044,-0.00010551,-0.00027342,0.00022198,-0.
00004435,0.00006956,0.00018911,0.00004701,0.03273905,0.01436679,0.04740110,-0.00
124435,-0.00336210,0.00156153,-0.00037707,-0.00012440,0.00027785,-0.00179120,0.0
0060509,0.00108195,0.00033952,-0.00010807,0.00031680,0.00048423,0.00015095,-0.00
086734,-0.00017068,0.00070964,0.00017853,0.08157037,0.00012259,0.00387447,-0.004
29732,0.00011432,0.00016221,0.00010308,0.00063734,-0.00008840,-0.00071259,0.0008
1932,-0.00181489,-0.00075107,-0.00025105,0.00047617,0.00038484,0.00060306,-0.000
64413,-0.00034267,0.03358276,0.04344686,-0.00095513,0.00191660,0.00054605,0.0000
5603,-0.00007336,-0.00006296,0.00097392,-0.00036593,-0.00063594,0.00047074,0.000
47933,-0.00024908,0.00095864,0.00009210,-0.00042186,-0.00017367,-0.00028468,0.00
002839,-0.10385886,-0.07042166,0.31185594,0.00080327,0.00034078,0.00100334,0.003
86006,0.00151106,0.00546294,-0.00578543,0.00521482,0.00405157,-0.00068896,-0.000
51883,-0.00031646,0.00009810,0.00005354,0.00018831,0.00028242,0.00016202,0.00005
234,0.00016516,0.00005837,-0.00021143,0.67435388,0.00053442,0.00160544,0.0006994
7,0.00360820,-0.00101003,-0.00786130,0.00642115,0.00771928,0.00348461,0.00036917
,0.00007520,0.00063480,0.00000892,-0.00014681,-0.00004628,-0.00012948,-0.0003074
8,-0.00006304,-0.00004100,-0.00016750,0.00013935,-0.09875455,0.69321592,0.000083
11,0.00051192,-0.00024420,-0.00011945,-0.00465051,-0.00287738,0.00057984,0.00059
473,-0.00054960,0.00035567,0.00020150,0.00022911,-0.00004188,-0.00003558,-0.0000
5522,-0.00004190,-0.00006956,-0.00005464,0.00005192,-0.00003150,0.00001307,-0.07
747296,0.15760172,0.18696510,-0.00001447,0.00018123,-0.00029740,-0.19582717,-0.1
6997865,-0.16154875,0.00067948,0.00090347,0.00470382,0.00038036,0.00025375,0.000
10746,-0.00003827,-0.00007229,-0.00012979,-0.00006632,-0.00007282,-0.00005037,0.
00014699,-0.00004019,-0.00001183,-0.00401918,-0.00019850,-0.00002528,0.22983642,
-0.00030167,0.00030141,-0.00043860,-0.17252377,-0.29080715,-0.21585897,-0.000524
73,0.00065958,0.00113751,0.00037810,0.00027223,0.00010594,-0.00001029,-0.0000533
7,-0.00008469,-0.00003939,-0.00006090,-0.00002278,0.00011296,-0.00008510,0.00001
435,-0.00373045,0.00100219,0.00058703,0.23787895,0.32804630,-0.00060476,0.000105
28,-0.00014459,-0.16654237,-0.22054630,-0.27976786,0.00096199,-0.00229870,-0.001
81622,0.00016516,0.00019572,0.00008149,0.00001014,-0.00004301,-0.00002561,-0.000
06196,-0.00007679,-0.00001196,-0.00004101,-0.00007750,0.00004198,-0.00529705,0.0
0249928,-0.00048523,0.18612894,0.27053256,0.32367989,-0.01065396,-0.00630136,0.0
0609713,-0.00106917,-0.00063908,0.00041525,-0.01096252,-0.00530483,-0.00043275,-
0.08718599,-0.00027251,0.06246481,-0.00017068,0.00018537,0.00025430,-0.00035555,
-0.00000194,-0.00030807,-0.00007329,0.00008463,0.00017299,-0.00142710,-0.0003563
5,0.00006559,0.00039409,0.00068115,0.00040628,0.51742543,-0.00469124,-0.11381385
,0.03073565,0.00072888,0.00062387,-0.00032181,-0.00304479,-0.00412384,-0.0017021
2,-0.00500096,-0.04526787,0.01392599,-0.00010128,0.00040949,-0.00031469,-0.00053
673,0.00030029,-0.00004249,-0.00033881,0.00010294,0.00053851,0.00032486,-0.00010
033,-0.00022720,-0.00015715,-0.00026719,-0.00000959,0.05318394,0.23258260,0.0060
5953,0.03829112,-0.03060865,0.00103371,0.00074046,-0.00020859,-0.00965139,-0.003
05803,0.00506244,0.06058102,0.00598447,-0.20410984,0.00050590,-0.00046288,0.0002
6687,0.00024519,-0.00019349,0.00007688,0.00004102,0.00079145,-0.00038427,0.00016
551,-0.00060740,-0.00037158,-0.00033214,-0.00023429,-0.00003089,-0.01669932,-0.1
2239414,0.65369552,-0.00256049,-0.00174977,-0.00266948,-0.00745765,-0.00195876,0
.00635820,-0.00984950,0.00234001,-0.00057757,-0.00028460,0.00018755,-0.00046876,
-0.00002404,-0.00008752,-0.00003978,0.00006700,-0.00001681,-0.00000833,0.0000095
5,0.00000876,-0.00009938,-0.09380530,-0.04587118,-0.01075930,0.00180633,0.000039
50,-0.00177297,-0.00117391,0.00104955,-0.00094654,0.35312939,-0.00089145,-0.0007
7534,-0.00038600,-0.00806933,-0.00328492,0.01122878,0.00359331,-0.00525703,-0.00
511181,-0.00017706,-0.00021676,-0.00016141,-0.00003681,0.00012532,0.00000942,0.0
0003244,0.00018066,0.00003349,-0.00006787,0.00010274,0.00004051,-0.04365016,-0.2
6720417,-0.05500367,0.00011464,-0.00206566,-0.00593581,0.00088728,0.00008140,0.0
0060656,0.02919372,0.40379640,-0.00025428,-0.00013199,0.00053261,-0.00010508,0.0
0207963,0.00145307,0.00043785,-0.00135989,-0.00419946,-0.00020686,-0.00009697,-0
.00026496,0.00003573,0.00003790,0.00005026,0.00000184,0.00005872,0.00002778,-0.0
0007293,0.00006671,0.00005342,-0.01058631,-0.05866913,-0.06118815,0.00006918,-0.
00007042,0.00020143,0.00009070,0.00021233,-0.00000709,0.00189094,0.09463649,0.06
355114,-0.06202128,0.02961017,0.05025124,0.00069917,0.00017381,-0.00026072,0.002
32109,0.00535321,-0.00544625,-0.00416874,-0.00014229,-0.00060912,0.00014543,-0.0
0037264,0.00009036,0.00077111,-0.00014717,0.00003111,-0.00000821,-0.00021687,-0.
00023535,-0.00042280,-0.00195269,-0.00073189,-0.00045607,-0.00015070,-0.00002623
,-0.00341444,-0.00941612,0.02121750,0.00331576,0.00112358,0.00011712,0.67478513,
0.02335470,-0.04332533,-0.02723625,0.00092144,0.00089922,-0.00011767,0.00376955,
0.00070935,-0.00142011,-0.00338765,0.00234236,0.00122414,-0.00020387,0.00033495,
-0.00020444,-0.00006959,-0.00031626,0.00015562,-0.00001088,-0.00044044,0.0000225
1,0.00114042,-0.00040192,-0.00060924,-0.00040801,-0.00062085,-0.00030642,-0.0231
0544,-0.00285376,0.01282212,-0.00116489,0.00022634,0.00044496,0.09865412,0.19479
149,0.04281509,-0.02551112,-0.04683107,-0.00027592,-0.00023802,0.00017344,0.0012
8278,0.00241854,-0.00694995,0.00276475,-0.00159935,-0.00023278,-0.00043233,0.000
17244,-0.00039405,-0.00026264,0.00062595,0.00008388,-0.00022962,0.00040221,0.000
31289,-0.00043746,-0.00251280,-0.00034458,-0.00003299,0.00017384,0.00006083,0.03
057357,0.00308621,-0.02237373,0.00277479,0.00146506,0.00032574,-0.09853769,-0.13
959062,0.54199300,-0.00298892,-0.00060616,-0.00557282,0.00124934,0.00049752,-0.0
0091153,0.00092318,-0.00093823,-0.00145599,-0.00253257,0.00134609,-0.00108878,-0
.00005751,0.00131448,0.00009337,-0.00037611,-0.00023935,0.00039413,-0.00003101,0
.00001197,-0.00024180,-0.00000959,-0.00047092,-0.00043196,-0.00049952,-0.0003225
4,0.00014450,0.01780172,0.00562529,0.01036797,-0.00046021,0.00025945,0.00060075,
-0.28731218,-0.01230538,-0.05290859,0.54174828,0.00141752,-0.04941744,-0.0453576
0,-0.00026465,-0.00004003,0.00030318,-0.00053554,-0.00050475,0.00129638,0.000892
64,0.00217186,0.00131146,0.00057398,-0.00171516,-0.00103162,-0.00062525,0.000196
84,0.00008530,0.00044578,-0.00039564,0.00020667,0.00015961,0.00027272,0.00017868
,0.00016983,0.00004991,-0.00008178,0.01036190,0.00039859,0.02775894,-0.00027232,
-0.00019282,-0.00026167,-0.02651667,-0.03593790,0.00732451,0.04978816,0.20874320
,-0.00543792,-0.05117192,-0.08959065,0.00057363,0.00024573,-0.00034048,0.0015994
9,0.00130060,-0.00207189,-0.00278012,-0.00136712,-0.00171301,-0.00092874,0.00170
069,-0.00016682,-0.00050280,0.00037975,0.00004166,-0.00031441,0.00057145,0.00052
611,-0.00017863,-0.00088029,-0.00044861,-0.00027202,-0.00009487,0.00006874,-0.00
273323,0.00893355,-0.04544130,0.00034913,0.00050853,0.00059283,-0.10401140,0.008
43675,-0.09681573,0.08216161,-0.15656598,0.72649821,-0.04203116,-0.04912010,-0.0
1700013,0.00056768,0.00030198,-0.00011680,-0.00328841,-0.00180237,0.00135772,0.0
0547258,0.00172203,0.00588928,0.00001090,0.00031775,-0.00021905,-0.00123330,0.00
253448,0.00059376,-0.00010503,0.00042537,0.00025761,0.00013725,-0.00041609,-0.00
003639,-0.00019366,-0.00004302,-0.00000782,-0.15163920,0.03092651,-0.12713033,-0
.00113339,0.00043873,0.00015981,-0.04480159,-0.01807568,0.00702433,-0.15837776,-
0.05787082,0.12322064,0.75670839,-0.03968729,-0.09165929,-0.03417841,-0.00017714
,0.00005305,0.00021020,0.00049778,0.00071383,-0.00033576,0.00385759,-0.00209537,
0.00606093,-0.00047152,0.00053955,-0.00017688,-0.00042265,-0.00124973,-0.0004857
9,-0.00027323,0.00065088,0.00065923,0.00008259,-0.00018933,-0.00018428,0.0001244
4,0.00003547,-0.00004411,0.00628617,-0.03724988,0.03060838,-0.00009281,0.0000540
6,0.00009020,-0.00612071,-0.00200274,0.00095713,-0.06265443,-0.06751932,0.095175
47,0.12750014,0.21859246,-0.00759312,-0.02657412,-0.01438098,0.00056827,0.000253
64,-0.00025068,0.00079798,-0.00136137,-0.00050958,-0.01353260,0.00155138,-0.0230
2138,0.00011133,0.00026989,-0.00060346,-0.00039436,-0.00024849,0.00033784,-0.000
23272,0.00013018,0.00002816,0.00008725,-0.00000457,0.00006009,-0.00021706,-0.000
15107,-0.00002756,-0.09663922,0.05239917,-0.21720725,-0.00046316,0.00007555,-0.0
0000124,0.02665678,0.01169410,0.01916964,0.08418113,0.06615560,-0.20276034,0.032
80988,-0.10635721,0.49616736,-0.00076414,-0.00288916,0.00002802,-0.00025556,-0.0
0012215,0.00013752,-0.00019678,0.00065248,0.00110769,0.00034155,0.00022067,-0.00
049243,-0.00011431,-0.00017160,0.00017365,0.00045831,-0.00018180,-0.00014951,0.0
0005044,0.00003675,-0.00016018,-0.00007344,-0.00001181,-0.00011570,0.00007641,0.
00006271,0.00000166,-0.00079331,0.00028447,-0.00082618,0.00027651,0.00004572,-0.
00002180,-0.20627079,-0.07645192,0.11851186,-0.01970352,-0.00831294,0.01358010,-
0.00515997,0.00005086,-0.00040646,0.22887574,0.00413093,0.00425561,-0.00279969,0
.00025211,0.00013976,-0.00003865,0.00051053,-0.00015959,-0.00026394,-0.00119694,
0.00035111,0.00045113,0.00003072,0.00013354,-0.00013444,-0.00011770,-0.00000678,
0.00013073,-0.00009321,-0.00014265,0.00006510,0.00019518,0.00042381,0.00030512,-
0.00008431,-0.00006657,-0.00000383,-0.00136159,0.00052816,0.00416987,0.00032736,
-0.00026426,-0.00050988,-0.07228354,-0.05605404,0.05779381,-0.00368267,-0.002881
07,0.00200346,-0.00245521,0.00161054,0.00122545,0.08961305,0.06510006,0.00188210
,0.00366376,-0.00265653,0.00053467,0.00018890,-0.00054472,0.00066992,-0.00038287
,-0.00237721,0.00113773,0.00004581,0.00027077,-0.00014804,0.00016634,-0.00008082
,-0.00007003,0.00006380,0.00006329,-0.00016634,0.00002105,0.00006246,-0.00100747
,-0.00014299,-0.00064304,-0.00011487,0.00000921,0.00021111,0.00152954,0.00126450
,-0.00456439,-0.00032265,0.00014138,0.00067446,0.12172203,0.06122306,-0.12467907
,-0.00883703,-0.00491300,0.00701259,-0.00261741,0.00067402,-0.00059158,-0.128774
38,-0.06493116,0.13532553,-0.00185820,-0.00009870,0.00085631,0.00043527,0.000257
03,-0.00015954,0.00022037,0.00057643,-0.00067538,0.00051442,-0.00009550,0.000472
70,0.00045211,0.00088407,0.00010040,-0.00021433,0.00003862,0.00021423,0.00003510
,-0.00010490,-0.00009337,0.00026202,-0.00029729,-0.00017555,-0.00015942,-0.00013
302,-0.00003338,-0.00231718,-0.00108370,0.00214967,0.00002623,0.00018000,0.00010
870,-0.00615928,0.00870079,-0.02283449,-0.06706241,0.02675037,-0.08331640,0.0065
0401,-0.00458120,0.01475611,-0.00012430,0.00042862,0.00016184,0.07441374,-0.0022
0081,0.00221064,-0.00313573,-0.00016782,-0.00007980,0.00016811,0.00013959,-0.000
79673,0.00059655,0.00049248,0.00035672,0.00069084,0.00097053,-0.00190009,-0.0004
6346,-0.00018065,0.00012154,-0.00001989,-0.00005791,0.00000150,0.00022699,-0.000
07903,-0.00002888,0.00004771,0.00008098,0.00007328,-0.00000004,-0.00135030,0.001
04644,0.00437490,0.00011031,-0.00003276,-0.00001534,-0.00020874,-0.00216628,0.00
001512,0.02635045,-0.05559155,0.08921987,0.00551256,-0.00538905,0.00964393,0.000
22590,-0.00065692,-0.00070874,-0.03020272,0.06074704,-0.00147082,0.00421257,-0.0
0217818,0.00030180,0.00024108,-0.00002317,0.00073247,0.00011382,0.00040273,-0.00
071033,-0.00028040,0.00012796,0.00031588,-0.00096990,0.00058309,-0.00017185,0.00
012651,-0.00023212,-0.00004226,0.00014632,0.00041630,0.00028234,-0.00010449,-0.0
0014926,-0.00010702,-0.00012045,-0.00005582,0.00100050,0.00094579,-0.00326806,-0
.00003097,0.00002805,0.00009401,-0.00289286,0.00088179,-0.00593887,-0.08253765,0
.09114997,-0.27266213,-0.00532956,0.00425015,-0.01494034,-0.00012193,-0.00068277
,0.00003993,0.09155103,-0.10170520,0.29831411,-0.00144351,0.00243913,-0.00015987
,0.00043158,0.00037751,0.00004105,-0.00043516,-0.00012257,0.00061487,0.00021322,
0.00004665,0.00063399,-0.00019376,0.00003732,-0.00002523,0.00048750,0.00068949,0
.00011181,-0.00009165,0.00010025,0.00016549,0.00050988,-0.00015445,-0.00007487,-
0.00014493,-0.00018192,-0.00013347,-0.01423324,-0.00094141,-0.00019609,-0.000172
41,0.00011549,-0.00005837,-0.00316156,-0.00201803,0.00065395,-0.01354313,-0.0009
7808,-0.00113495,-0.32761803,-0.02935935,-0.01051789,-0.00025833,-0.00046331,-0.
00068281,0.00012450,-0.00017599,0.00032738,0.36212903,-0.00476766,0.00141528,-0.
00048094,-0.00017481,-0.00009138,0.00012555,0.00126199,-0.00022832,0.00014737,-0
.00019385,-0.00122494,0.00026694,-0.00031847,-0.00000662,-0.00001533,0.00116478,
-0.00197658,-0.00080106,-0.00017937,0.00012284,0.00020338,-0.00003033,0.00008085
,0.00007799,0.00007238,0.00005747,-0.00001258,0.00873171,-0.00086861,-0.00143612
,0.00002797,-0.00010003,-0.00005972,0.00024934,0.00171201,0.00189242,-0.00627092
,-0.00317437,-0.00076147,-0.03106205,-0.02543984,0.00355305,-0.00007991,0.000414
16,-0.00015046,-0.00019782,-0.00089159,-0.00036456,0.03081428,0.02768563,-0.0021
8016,0.00080988,-0.00154881,0.00014602,0.00009651,-0.00004520,-0.00048966,-0.000
23927,0.00015357,-0.00066062,-0.00009703,0.00079169,0.00001980,0.00028326,-0.000
20241,0.00028876,-0.00075680,0.00055367,-0.00013447,-0.00010031,-0.00008602,0.00
005952,-0.00000287,-0.00008990,-0.00004256,-0.00003082,-0.00000665,-0.01951178,-
0.00293318,0.00030629,-0.00025832,0.00002968,0.00006687,0.00335468,0.00301337,-0
.00262423,0.02141830,0.00062032,0.00286259,-0.01254294,0.00471923,-0.03798483,0.
00108580,0.00044978,0.00048967,0.00008452,-0.00055748,-0.00026046,0.01171802,-0.
00512816,0.04103630,0.00382039,0.00058239,0.00402839,0.00769487,0.00238992,-0.00
550970,0.00687803,0.00436751,0.00481585,0.00006122,-0.00021749,0.00065848,0.0000
5130,0.00003929,0.00006429,-0.00002072,0.00001002,0.00002066,0.00008316,-0.00004
725,-0.00002384,-0.02162381,-0.05031970,-0.01196929,-0.00190176,-0.00023417,0.00
157428,0.00021805,-0.00160534,0.00092725,-0.18533387,0.03845487,0.01153117,-0.00
482249,0.00208586,-0.00337884,0.00097172,0.00059612,-0.00043795,0.00091179,0.000
41045,0.00048271,-0.00025151,-0.00065220,0.00074802,-0.00003029,-0.00011368,0.00
017346,0.00022830,0.00002826,0.00030104,0.18730879,-0.00067276,0.00081447,-0.000
10887,-0.00158573,-0.00100532,-0.00015219,-0.00097847,0.00162921,-0.00009380,0.0
0005227,0.00008562,0.00001546,-0.00005377,-0.00000568,-0.00005647,-0.00003822,-0
.00001833,-0.00001458,-0.00006888,0.00001876,0.00004030,-0.03229593,0.00952293,0
.00230778,0.00061583,0.00053263,0.00042189,-0.00073726,0.00011836,-0.00070166,0.
03169376,-0.04370472,-0.00773861,0.00052141,-0.00051099,-0.00017002,0.00016175,-
0.00006849,-0.00001644,-0.00047650,-0.00017431,0.00003440,0.00019388,-0.00001864
,0.00057737,-0.00004241,0.00007582,-0.00007642,-0.00025147,0.00004778,-0.0000701
5,0.00484486,0.04610270,0.00041914,-0.00010902,-0.00103172,-0.00090887,-0.000972
98,0.00051424,0.00115315,0.00118267,0.00370505,0.00028513,0.00013368,0.00014241,
-0.00001270,-0.00004139,-0.00001765,0.00000581,-0.00002198,-0.00005570,0.0000706
6,-0.00003240,-0.00001919,-0.00708181,0.00479341,0.00460610,0.00016288,0.0002295
9,-0.00010465,-0.00052140,-0.00047786,-0.00013686,0.00480451,-0.00859123,-0.0166
9907,-0.00131780,0.00057616,-0.00157890,-0.00091538,0.00024923,-0.00069603,-0.00
001375,-0.00006757,0.00001499,-0.00014433,0.00061868,-0.00086222,-0.00012171,0.0
0001027,-0.00007312,0.00009602,0.00009273,-0.00004689,-0.00037582,0.00437790,0.0
1681442,-0.05553805,0.03557982,-0.02390258,-0.00147703,-0.00041900,0.00036049,-0
.02993768,-0.03554493,-0.02901455,-0.00592421,-0.00071452,0.00356673,0.00038440,
-0.00105740,0.00035391,0.00099969,-0.00054161,-0.00009705,0.00043788,-0.00090099
,-0.00045057,0.00267847,0.01584480,0.00423270,0.00060519,0.00029748,0.00002363,-
0.24621761,-0.06200596,0.04473285,-0.03107048,-0.00561865,-0.00311638,-0.0607717
2,0.00020275,-0.02256647,-0.00763082,0.00540141,-0.01943545,-0.04087955,0.009839
36,-0.02424001,0.00325618,-0.00868466,0.01636094,-0.00420997,0.00042370,-0.00041
941,-0.00279600,0.00161436,-0.00259655,0.02181554,0.00077781,0.00334878,0.440313
84,0.05780471,-0.03870234,0.02597519,0.00576839,0.00237090,-0.00337965,-0.034517
09,-0.04749915,-0.04179219,-0.00322900,-0.00440355,0.00025894,-0.00057292,0.0005
2217,-0.00048002,-0.00065712,0.00071389,0.00001635,-0.00057252,0.00098387,0.0006
0238,-0.00203188,-0.00963788,-0.00270642,-0.00200740,-0.00099210,0.00069035,-0.0
4185235,-0.03771222,0.01063474,0.01480993,0.00694963,0.00204022,-0.01585030,-0.0
5927736,0.09157225,0.00123608,0.00160219,0.00165456,-0.01162260,0.01008537,-0.01
314777,0.00176590,-0.00695673,0.00571018,-0.00168887,0.00235732,0.00017995,-0.00
216426,0.00239846,0.00018942,-0.01345106,-0.00339461,-0.00149758,0.05543555,0.17
352243,-0.01262111,0.00882699,-0.00844936,0.00193301,-0.00031376,-0.00251484,-0.
02173465,-0.04940200,-0.07939158,0.02112202,-0.00031032,-0.00547668,0.00015404,-
0.00037265,0.00037892,0.00028828,-0.00050828,-0.00038437,0.00005543,-0.00005595,
0.00000101,-0.00094043,-0.00059064,0.00058772,-0.00155813,-0.00067007,0.00025455
,0.02785656,0.01897910,-0.07133433,0.00635413,-0.00004506,0.00117079,-0.00466779
,0.06888586,-0.25892457,-0.04671169,0.01517651,-0.02623997,-0.01141721,-0.002099
76,-0.00054360,-0.00092994,0.00375610,-0.00863004,-0.00410730,0.00221530,-0.0011
4730,-0.00146282,0.00211331,-0.00267512,-0.00884674,0.00168429,-0.00101252,0.053
13455,-0.07187628,0.46042778,0.00057185,0.00013876,0.00020775,-0.06447485,0.0064
5632,0.01145767,0.00010613,-0.00507354,-0.00304827,0.00024618,0.00015415,0.00009
317,0.00002205,-0.00000364,-0.00002103,0.00003141,0.00001177,0.00001685,0.000110
43,-0.00003705,-0.00001124,0.01090354,0.01548006,0.00341112,0.00927044,-0.009863
16,-0.01365275,-0.00027383,0.00004127,-0.00024349,0.00116416,0.00757900,0.002342
77,-0.00028636,0.00029903,-0.00013792,-0.00011885,0.00012755,-0.00010652,-0.0000
5074,0.00009948,0.00003956,-0.00002521,-0.00006010,-0.00023946,-0.00001232,0.000
03120,0.00000493,0.00007043,0.00001940,-0.00000018,-0.00154136,-0.00042969,0.000
18445,0.00008462,-0.00106903,0.00026195,0.51684636,0.00038109,-0.00028786,0.0003
9919,0.00795506,-0.05471753,-0.00107360,-0.00164165,-0.00155557,-0.00094937,-0.0
0008698,-0.00003920,-0.00007055,0.00003294,0.00001543,0.00001064,0.00002957,0.00
000677,0.00000988,0.00005897,-0.00000652,-0.00003056,-0.00002132,-0.03349794,-0.
00965850,-0.00422128,-0.00407122,-0.03690713,-0.00033231,0.00017895,0.00012002,-
0.00153833,-0.00853847,-0.00450442,-0.00000390,0.00031745,-0.00010968,0.00011615
,0.00002118,0.00001142,0.00003264,0.00008554,0.00005446,-0.00010527,-0.00006530,
-0.00005290,0.00005714,-0.00002927,0.00006818,0.00011600,-0.00002026,0.00002684,
0.00094921,-0.00035688,-0.00025610,-0.00042396,0.00039415,-0.00031501,0.02942876
,0.42778520,0.00002296,-0.00009446,0.00006601,0.00676252,0.00448779,-0.06866296,
-0.00252944,-0.00238601,-0.00169598,-0.00019929,-0.00013455,0.00002545,0.0000410
8,-0.00000235,0.00003190,0.00000800,-0.00003427,0.00000820,-0.00010159,-0.000011
82,0.00004298,-0.00342934,-0.00689326,-0.00695088,-0.00132081,-0.03065187,-0.045
09469,-0.00027220,0.00013520,0.00024941,-0.00214105,-0.00918009,0.00882207,0.000
10114,0.00016418,-0.00009938,0.00024145,-0.00009386,0.00010390,0.00015513,-0.000
06067,0.00007284,-0.00009425,-0.00002372,-0.00000570,0.00010171,-0.00002736,0.00
004638,0.00005376,-0.00002978,0.00003872,0.00246954,-0.00014145,-0.00051406,-0.0
0016154,0.00116127,0.00017492,0.01700760,0.01207456,0.37193333,0.00094546,0.0001
4046,0.00065821,-0.31970697,-0.15855482,0.07533469,-0.01507970,-0.00700663,-0.00
625211,0.00054210,0.00042842,-0.00023308,-0.00010563,-0.00012965,-0.00021921,-0.
00008117,-0.00011688,-0.00006710,0.00030358,-0.00006898,-0.00007385,-0.00137208,
-0.00381001,-0.00132660,-0.04698329,-0.05484548,-0.01025079,0.00170131,-0.000754
43,-0.00031104,0.00498191,0.00491975,0.00053456,-0.00013360,-0.00150221,0.000447
56,-0.00120736,0.00027047,-0.00049123,-0.00036264,0.00036353,-0.00064415,0.00013
838,-0.00012829,-0.00035796,-0.00035067,0.00023057,-0.00020250,-0.00030016,0.000
16652,-0.00003454,-0.00502993,0.00109638,0.00040348,0.00492014,-0.00112184,-0.00
053018,-0.02793535,-0.01650826,0.03449175,0.41048912,-0.00011542,0.00034536,0.00
007995,-0.15656932,-0.15961252,0.03548063,0.00268049,-0.03055922,-0.02376846,0.0
0037291,0.00042772,-0.00021946,0.00000191,0.00003995,-0.00003538,0.00000014,0.00
006311,0.00007670,-0.00007492,-0.00003696,0.00012221,-0.00134216,-0.00266032,0.0
0021693,-0.06301339,-0.03069822,-0.00767621,0.00034422,-0.00077118,-0.00226176,0
.00397985,0.00413850,0.00029276,-0.00214365,-0.00197560,-0.00065800,-0.00057795,
0.00046308,-0.00079392,-0.00073211,0.00025841,-0.00004082,-0.00004901,0.00013158
,-0.00002379,-0.00048573,0.00034457,-0.00013990,-0.00034667,0.00032295,-0.000166
10,-0.00439694,0.00066537,0.00018838,0.00158808,0.00156544,0.00069538,-0.0146528
8,0.00683807,0.00813004,0.23705587,0.20854977,0.00060086,-0.00078934,0.00094766,
0.08215185,0.04078299,-0.10000100,0.00348066,-0.01984894,-0.05341702,-0.00025273
,0.00020145,-0.00027115,0.00001545,-0.00001207,0.00001684,-0.00002268,0.00001985
,0.00000664,-0.00027085,0.00000446,-0.00001269,-0.00008341,0.00129235,0.00012065
,-0.02812726,-0.02218801,0.01664326,0.00008240,-0.00077304,-0.00201096,-0.000748
25,-0.00181421,0.00027202,0.00025491,-0.00104072,0.00060669,-0.00037416,0.000075
06,-0.00006618,-0.00089188,0.00062836,-0.00010600,-0.00009085,0.00019135,0.00012
750,-0.00009439,0.00019152,0.00009346,-0.00011118,0.00027525,-0.00011325,0.00023
027,0.00015021,-0.00073088,-0.00197996,0.00108710,0.00844644,0.04038614,0.011837
55,-0.02101464,-0.09691672,-0.00729266,0.15517453,-0.01941385,-0.01237972,-0.016
07418,0.00051609,0.00064607,-0.00000446,0.00046749,0.00313596,0.00107820,0.00006
185,0.00061266,-0.00071382,-0.00329242,-0.00323579,-0.00121733,-0.00096611,-0.00
362652,-0.00367755,-0.00597110,-0.00285679,0.00157157,-0.00000134,-0.00072948,-0
.00015336,-0.00009706,-0.00034016,-0.00007721,-0.00400432,0.00238384,-0.00187407
,-0.00006410,0.00034631,0.00038937,0.00654421,-0.00170470,0.00435564,-0.00173899
,0.00057513,0.00340217,-0.00003957,-0.00358323,0.00108686,0.00006393,0.00003434,
-0.00011569,-0.00023860,0.00060009,0.00035163,0.00041359,0.00037793,0.00002165,-
0.00026935,-0.00002473,-0.00040388,0.00536810,0.00228842,-0.00486312,0.00002384,
-0.00001700,-0.00008143,-0.00145577,-0.00002671,-0.00098549,0.51961103,-0.016530
89,-0.06035282,-0.03677782,-0.00138403,-0.00124937,-0.00026341,0.00669839,-0.004
47341,0.00117037,0.00099089,0.00148110,-0.00113047,-0.00191306,0.00179292,0.0005
7317,-0.00095324,0.00119405,-0.00020221,-0.00370139,-0.00499204,0.00059217,-0.00
074383,0.00026087,0.00022314,0.00035507,0.00070651,0.00038449,-0.00035978,0.0026
0467,-0.00128310,0.00073592,-0.00001093,-0.00028765,0.00368583,-0.00097482,0.005
58808,-0.00531736,-0.00095127,0.00406201,0.00034582,-0.00048299,-0.00388752,-0.0
0057924,0.00094551,0.00062353,-0.00006300,0.00061529,0.00045602,0.00042565,0.000
35152,0.00014589,-0.00071705,0.00014745,0.00010323,0.00511586,-0.00238245,-0.003
61499,-0.00035247,-0.00031124,-0.00006240,0.00137005,0.00053759,0.00064196,0.233
25226,0.25975517,-0.01849615,-0.03498965,-0.03673299,-0.00057690,-0.00014401,-0.
00005152,-0.00000680,-0.00073716,0.00446812,-0.00052776,0.00057593,0.00023682,-0
.00182412,-0.00292817,-0.00209363,-0.00109719,0.00005930,-0.00385412,0.02009015,
0.01368928,-0.00254413,-0.00058455,-0.00051500,0.00022715,0.00014788,0.00004861,
-0.00000197,0.00936682,-0.00081316,0.00403999,0.00030164,0.00031370,0.00003782,-
0.00577790,0.00287562,-0.00079127,0.00108758,-0.00268930,-0.00233475,0.00244797,
0.00512598,-0.00384429,-0.00041978,0.00087530,0.00031973,0.00011353,0.00009206,0
.00057004,-0.00002417,0.00080002,0.00012371,-0.00086935,-0.00000187,0.00004541,-
0.00212956,-0.00662778,0.00592610,-0.00022842,-0.00017962,-0.00009984,-0.0009080
0,0.00062883,-0.00077000,0.12016605,0.05453241,0.63285666,-0.02366204,-0.0175360
3,0.01468936,-0.00008460,-0.00011354,0.00032020,-0.00071711,-0.00004099,-0.00056
565,-0.00004246,0.00029835,-0.00022130,-0.00413509,0.00071669,-0.00184794,-0.001
63066,-0.00480320,0.00269181,-0.00349431,-0.00421214,0.00038364,-0.00017223,-0.0
0046564,-0.00011057,0.00001396,0.00005178,-0.00004728,-0.00100415,0.00332403,-0.
00178545,0.00035799,0.00036202,0.00012561,0.00623460,-0.00005132,0.00256552,-0.0
0335797,-0.00174079,0.00364396,0.00073561,-0.00199189,-0.00462902,0.00011072,-0.
00025812,-0.00028609,-0.00015321,0.00027082,-0.00012628,0.00027696,0.00026284,0.
00021713,-0.00034663,0.00005460,-0.00003640,0.00499492,0.00074845,-0.00381665,0.
00002650,-0.00025587,-0.00015048,0.00004218,0.00046269,-0.00006588,-0.05857635,-
0.02211981,0.00996710,0.58035821,-0.01556282,-0.10997244,0.02196619,0.00014094,-
0.00039119,-0.00049011,-0.00084106,-0.00054952,-0.00164639,-0.00023702,0.0001467
4,0.00006500,0.00096306,-0.00148254,-0.00043404,-0.00139468,0.00054894,0.0016278
2,-0.00207593,0.00004964,-0.00013131,-0.00042072,0.00059890,0.00016353,-0.000054
14,0.00016735,0.00019143,-0.00619502,0.00263950,-0.00360249,-0.00058772,-0.00014
067,-0.00001981,0.00233226,0.00059150,0.00130140,0.00093479,0.00183998,0.0009976
7,0.00135136,-0.00119791,0.00534611,-0.00079477,0.00036495,0.00045015,0.00015104
,0.00077423,0.00079340,0.00042715,0.00073426,0.00010122,0.00064184,0.00024078,-0
.00000858,0.00149267,0.00424225,-0.00367960,-0.00024564,-0.00010051,0.00015024,-
0.00026566,0.00011550,-0.00020687,-0.02109298,-0.04710310,0.05986238,0.27276890,
0.31849197,0.01220894,0.02649937,-0.01529455,-0.00035516,-0.00014977,-0.00033458
,-0.00197724,0.00339038,-0.00263609,0.00070261,-0.00022908,0.00006217,-0.0211808
7,-0.01141105,-0.00832687,0.00114464,0.00090451,-0.00317245,0.00138443,0.0027848
4,-0.00101425,-0.00028512,0.00026440,0.00008981,0.00017073,0.00002887,0.00007174
,-0.00489273,0.00439546,0.00016509,0.00039770,-0.00011024,-0.00026873,0.00441453
,-0.00334825,0.00740286,-0.00717969,-0.00339977,0.00564577,-0.00227076,-0.003072
46,-0.00435773,0.00013624,-0.00014585,0.00013977,-0.00037603,0.00014144,-0.00011
534,0.00021763,-0.00064493,-0.00043188,-0.00014441,0.00006597,0.00021935,0.00717
360,-0.00053617,-0.00487681,-0.00013349,0.00008649,-0.00001292,0.00031139,-0.000
33453,0.00031629,0.00330005,0.00909284,-0.30132505,-0.06725339,-0.11896207,0.583
10429,-0.03264701,0.04468294,-0.02557026,0.00059719,0.00046959,-0.00038704,0.000
19249,0.00061522,0.00060920,-0.00024588,0.00019846,0.00020287,-0.04924661,-0.010
12016,-0.06068247,-0.01114576,-0.00869868,0.01816148,-0.00090478,-0.00162919,-0.
00071417,0.00030525,0.00037350,-0.00011974,-0.00018870,-0.00025471,0.00001660,-0
.00483902,-0.00557709,-0.00275470,-0.00067043,-0.00035646,-0.00005334,-0.0021179
3,0.00058034,-0.00768785,0.00948168,0.00289063,-0.00427012,0.00282751,-0.0031476
5,0.01045925,0.00014667,-0.00059299,-0.00026585,0.00029844,-0.00009597,-0.000553
07,-0.00052361,-0.00027368,0.00038911,0.00108734,-0.00012885,-0.00009490,-0.0030
2719,0.00396176,0.00122072,0.00002019,0.00019231,0.00008383,-0.00053609,-0.00032
374,0.00011009,-0.01018422,0.01479684,-0.02997543,-0.24605733,-0.11275940,-0.075
60906,0.48949155,0.04660520,-0.07120222,0.03435432,0.00009677,-0.00011512,-0.000
23988,-0.00151616,0.00150043,-0.00028286,-0.00019663,0.00011720,-0.00054678,-0.0
0972646,-0.02545738,-0.01160197,-0.00460134,-0.00682646,0.00872462,-0.00134536,0
.00131357,-0.00086369,-0.00029576,0.00001178,0.00006041,-0.00003216,0.00008192,0
.00011853,0.00416246,-0.00189456,0.00095733,0.00016395,0.00004221,-0.00005717,-0
.00437725,0.00210882,-0.00357040,0.00545587,0.00183291,-0.00251541,0.00142438,-0
.00047728,0.00451729,-0.00062915,0.00058930,0.00030939,0.00081424,-0.00147583,0.
00011636,0.00013458,0.00054510,0.00046240,-0.00017064,-0.00004339,-0.00007001,-0
.00489004,-0.00291223,0.00482885,-0.00011412,-0.00003195,0.00001554,-0.00015510,
-0.00002406,-0.00016678,-0.00332421,0.01235081,-0.02191145,-0.07568419,-0.073436
87,-0.01672299,0.14120204,0.23728649,-0.02991447,0.04578482,-0.04138670,0.000306
91,0.00017454,-0.00023346,0.00042253,0.00036881,-0.00056429,-0.00000836,-0.00067
287,0.00015892,-0.06130189,-0.01078764,-0.32222442,-0.00113627,-0.00278512,0.004
02061,-0.00344933,0.00140011,-0.00471231,-0.00001490,0.00020768,-0.00004544,-0.0
0009225,-0.00010923,0.00006032,-0.00097463,0.00001305,0.00194730,0.00021853,-0.0
0016909,-0.00005486,0.00259907,-0.00019747,0.00445252,-0.00398786,-0.00027150,-0
.00171907,-0.00062840,-0.00012179,0.00003594,0.00041208,-0.00038835,-0.00005951,
0.00052557,-0.00240997,-0.00091594,-0.00009656,-0.00033884,0.00000929,-0.0003723
6,0.00002081,0.00008316,0.00358084,-0.00194185,-0.00097081,0.00003076,0.00004396
,0.00007567,-0.00023767,0.00009337,0.00011533,-0.01860193,-0.00277756,-0.0356856
3,-0.10053031,-0.04028913,-0.11350999,0.08924910,-0.07075078,0.77123522,-0.10181
118,0.05282035,0.00295451,0.00001176,0.00016706,0.00024325,0.00000894,-0.0003862
7,0.00025358,0.00000550,-0.00120258,0.00068793,0.00500886,0.00278929,-0.00431247
,-0.26413684,-0.12469289,-0.02953089,0.00596342,0.00140677,0.00821831,0.00031644
,-0.00009509,-0.00009124,0.00005386,-0.00005015,-0.00011157,0.00445373,-0.000736
21,0.00212539,0.00013884,-0.00007041,-0.00006923,-0.00068515,0.00060363,-0.00385
798,0.00173795,0.00049041,-0.00088265,-0.00264468,-0.00018397,-0.00179887,0.0005
2717,-0.00055618,-0.00029789,0.00005935,-0.00044905,-0.00059485,-0.00025123,-0.0
0177870,-0.00053962,-0.00010617,0.00000515,0.00014710,-0.00163967,-0.00266775,0.
00410510,0.00014677,0.00011946,0.00001142,0.00013972,0.00012781,0.00004724,-0.03
164588,-0.01072843,-0.01348946,-0.03694274,-0.01556254,0.00748610,-0.14697881,-0
.08206054,0.12170079,0.70439893,0.03909082,-0.03939990,-0.00002336,-0.00016014,-
0.00018224,0.00010907,-0.00100146,0.00018481,-0.00006406,-0.00004530,0.00055276,
-0.00071152,0.00244063,-0.00182291,-0.00115462,-0.12639731,-0.08692555,-0.012476
32,0.00488430,-0.00094466,0.00566868,-0.00028639,-0.00006412,0.00008972,0.000081
81,0.00013981,0.00005117,0.00138612,0.00242547,0.00007591,0.00039318,0.00009268,
0.00002056,0.00353730,0.00060044,0.00374837,-0.00144581,0.00019865,0.00033939,-0
.00133068,0.00047260,-0.00199676,-0.00025650,-0.00038782,-0.00034956,0.00005746,
0.00031103,0.00043582,0.00117721,-0.00232980,-0.00081918,-0.00064882,-0.00001871
,0.00002078,0.00396640,-0.00106978,-0.00280733,0.00002795,-0.00005197,-0.0000520
3,-0.00005928,0.00023365,-0.00008301,-0.02328782,-0.00816055,-0.00385324,-0.0349
1333,-0.00615580,-0.00540622,-0.05531956,-0.06999474,0.06969915,0.22164561,0.249
74129,0.00381966,-0.00440739,-0.00215622,0.00013724,0.00016393,0.00002877,-0.001
42792,0.00042524,0.00041866,-0.00097650,-0.00033599,0.00113789,0.01640474,0.0079
1866,-0.01722963,-0.02926384,-0.01272837,-0.04344075,-0.01413164,-0.00050405,-0.
02030235,0.00014723,0.00003281,-0.00003610,-0.00000413,-0.00006738,-0.00012492,-
0.00877298,-0.00126221,-0.00302341,-0.00051167,-0.00007781,-0.00003558,0.0003021
0,-0.00339567,-0.00553704,0.01178697,0.00255353,-0.00011355,-0.00111825,-0.00494
838,0.01164298,-0.00024263,-0.00011774,0.00002325,0.00029696,0.00046386,-0.00035
527,0.00018975,-0.00081960,0.00024247,0.00079000,-0.00002438,-0.00005030,-0.0003
8651,0.00612470,-0.00273008,0.00004242,0.00009938,-0.00000646,-0.00014907,-0.000
05773,-0.00017731,-0.03921899,-0.00005026,0.00598493,0.02826031,-0.00279265,0.01
221043,0.08042654,0.07693497,-0.21017611,0.03795060,-0.03068383,0.53946349,-0.03
632923,0.03091753,0.03938048,-0.00020909,-0.00001375,-0.00031558,-0.00314082,0.0
0363738,-0.00067840,0.00023756,-0.00006532,0.00049618,-0.00098944,-0.00278090,0.
00036061,-0.00986189,-0.00250676,-0.02072556,-0.07709772,-0.02925158,0.09863333,
-0.00033688,0.00010836,0.00002941,0.00013452,-0.00001893,0.00007620,0.00852100,-
0.00043351,0.00156988,0.00070353,-0.00003835,-0.00023052,-0.00187394,0.00311407,
0.00125410,-0.00588350,-0.00462718,-0.00256943,0.00332680,0.00297868,-0.00889208
,0.00020249,-0.00004537,-0.00010544,0.00009501,-0.00083828,-0.00029593,-0.000513
83,-0.00033919,-0.00040882,-0.00057011,-0.00004852,0.00024728,0.00078836,-0.0074
9661,0.00438769,-0.00002334,-0.00002046,-0.00007683,0.00020500,-0.00035286,0.000
54480,-0.24777897,-0.13314202,0.02778817,-0.01664499,0.00152021,0.03018821,0.023
08881,0.00180086,-0.01022974,-0.12894847,-0.02581601,-0.08363105,0.50679291,0.02
557911,-0.03878611,-0.02322475,-0.00090823,-0.00064694,0.00011683,-0.00273225,0.
00050129,-0.00047542,-0.00164175,-0.00205423,0.00092696,-0.00243574,0.00102349,0
.00186537,-0.00354892,-0.00412683,-0.01124628,-0.03060298,-0.03631571,0.05778755
,-0.00048762,0.00047884,0.00027638,0.00025938,0.00029655,0.00007969,0.00467395,0
.00087855,-0.00010688,-0.00015654,-0.00029997,-0.00034229,-0.00572354,0.00442035
,-0.00431660,0.00290082,0.00099445,-0.00198827,0.00111579,0.00212109,-0.00090036
,-0.00004961,-0.00046852,0.00001101,-0.00009609,-0.00035878,0.00024185,0.0002496
0,0.00055045,0.00018300,0.00022118,0.00006589,0.00035155,-0.00356155,-0.00274749
,0.00513910,0.00001832,-0.00014537,-0.00015982,0.00068917,0.00000971,-0.00024152
,-0.09291131,-0.08668606,0.00762154,-0.00948522,0.00176182,0.03465311,-0.0063392
5,-0.00196779,0.01090046,-0.03657313,-0.03987019,-0.03271373,0.16639206,0.207338
32,0.04070222,-0.02734529,-0.06752379,0.00022421,-0.00015294,0.00013822,-0.00128
721,0.00023593,-0.00104946,0.00115348,0.00010780,-0.00181281,0.00365787,-0.00027
011,-0.00412713,-0.00134118,0.00052555,-0.00024579,0.10179252,0.05224146,-0.2791
1272,-0.00014722,-0.00014529,0.00001973,-0.00003162,0.00013796,0.00004864,0.0042
4062,-0.00183499,0.00597604,-0.00003442,0.00024294,0.00003652,-0.00606851,0.0029
2002,-0.00030843,0.00043219,-0.00229128,0.00014649,0.00215140,0.00268383,-0.0017
8237,-0.00042435,0.00046222,0.00014345,0.00012946,0.00038477,0.00069199,0.000052
97,0.00053252,0.00024871,0.00004716,-0.00003568,0.00000915,-0.00392303,-0.002979
19,0.00565841,0.00007913,-0.00009072,-0.00005143,-0.00034033,0.00016019,-0.00012
341,0.05522926,0.02843080,-0.08012724,0.01981764,0.01216378,-0.02122541,0.016033
73,0.00454151,-0.05299510,-0.13162840,-0.01945746,-0.26196594,-0.08262151,-0.050
00545,0.76190846,0.00296838,-0.00015630,0.00241747,-0.00185733,0.00009205,-0.000
75194,0.00036277,0.00167819,-0.00077853,-0.00012451,-0.00000814,-0.00010555,0.00
025857,-0.00040741,0.00010574,-0.00025840,-0.00050259,-0.00105239,-0.00004826,0.
00069872,0.00028954,-0.00013983,0.00058527,0.00014176,0.00016637,-0.00013085,0.0
0019881,-0.00045767,-0.00016267,-0.00028303,-0.00037590,-0.00049563,-0.00004395,
-0.00021746,-0.00006658,-0.00045392,0.00007212,0.00032893,0.00011936,-0.00012182
,0.00043677,0.00042634,-0.00002680,0.00008205,0.00010296,-0.00009492,0.00007506,
0.00014425,0.00013785,0.00024143,0.00006014,0.00029223,0.00015700,-0.00003518,-0
.00007465,0.00049704,0.00047214,-0.00008280,0.00010683,0.00010856,-0.00075944,0.
00008428,-0.00152110,-0.14188562,-0.06892870,-0.11758429,0.00075176,0.00160764,-
0.00027914,-0.00001700,-0.00132801,-0.00023828,-0.00385237,-0.00382308,-0.000321
60,-0.01491352,-0.00655212,-0.01595452,0.16232212,-0.00457190,0.00314975,-0.0012
0259,0.00212863,0.00144049,0.00044719,0.00384570,-0.00798574,-0.00019996,-0.0002
3081,0.00001623,-0.00039767,0.00028654,0.00048633,0.00053735,-0.00003446,0.00046
457,-0.00023461,0.00019169,-0.00080237,-0.00003286,0.00032771,-0.00050228,-0.000
18199,-0.00062859,-0.00082529,-0.00039374,0.00049786,0.00073996,0.00017807,-0.00
016234,0.00039038,0.00020948,0.00024779,0.00051676,0.00093924,-0.00001201,-0.000
63598,0.00015876,0.00036767,-0.00019719,-0.00027243,-0.00014420,0.00012557,0.000
09328,0.00007764,0.00009354,0.00003600,0.00006297,0.00012976,0.00017408,-0.00010
807,-0.00013012,-0.00026025,-0.00027530,-0.00023726,-0.00074183,0.00010532,0.000
00453,0.00023249,-0.00064307,0.00064158,0.00065946,-0.07816907,-0.06094213,-0.07
357745,0.00639356,0.00141156,0.00530465,-0.00062278,0.00114334,0.00242556,-0.001
28989,0.00071474,0.00013769,-0.00276671,-0.00285074,-0.00529888,0.07672096,0.064
21904,-0.00012382,0.00116359,0.00131958,-0.00170846,-0.00014292,0.00124467,0.000
77893,-0.00255132,0.00074702,-0.00004775,0.00020448,-0.00014021,-0.00088678,-0.0
0056153,-0.00019491,0.00052362,0.00000017,0.00033961,0.00011175,-0.00025128,0.00
019494,0.00036240,-0.00021158,-0.00002673,0.00041274,0.00007815,-0.00023393,-0.0
0007546,0.00008407,-0.00005610,-0.00024425,0.00016651,0.00012810,-0.00019746,0.0
0033226,0.00011392,0.00013097,0.00026387,0.00021171,0.00017334,0.00000625,-0.000
03253,-0.00019269,0.00007996,0.00002182,0.00004801,0.00021678,0.00025374,0.00003
710,0.00015660,0.00000339,0.00001635,0.00000454,-0.00011798,-0.00002863,0.000332
02,0.00000095,0.00051218,0.00014311,-0.00020824,-0.00023390,0.00020173,-0.001524
30,-0.12293840,-0.06676411,-0.17094680,-0.01534892,-0.00784124,-0.01343677,-0.00
032452,-0.00051735,-0.00486692,0.00134763,0.00060204,-0.00058135,0.00407107,0.00
185169,0.00585787,0.13328645,0.07158041,0.18292420,-0.00107521,0.00219197,-0.001
33761,0.00605076,0.00857111,-0.00201721,-0.05140233,-0.01883955,0.03166018,0.000
16111,-0.00022296,0.00043529,0.00011402,-0.00013945,0.00000978,-0.00003742,-0.00
010215,0.00001405,-0.00003707,-0.00005085,0.00000265,-0.25784759,0.19480690,0.07
218164,0.00184524,0.00185963,0.00475499,0.00046454,0.00097926,-0.00100368,0.0159
8344,-0.01086438,-0.00408079,-0.00325927,0.00006919,-0.00126739,0.00059206,0.000
35162,-0.00005315,0.00048260,-0.00013824,0.00060978,-0.00017780,0.00024817,0.000
07817,-0.00011757,0.00014185,-0.00000298,-0.00006215,0.00001416,0.00004045,-0.00
839973,0.00009774,-0.00021892,0.00590299,-0.00713667,-0.00132601,-0.09520442,-0.
04198667,-0.00979851,0.00014875,-0.00061721,0.00194857,-0.00199871,0.00063958,-0
.00081794,0.00034227,0.00002725,0.00031501,0.00013154,-0.00000933,0.00003968,-0.
00002497,0.00027066,0.00008780,0.00051214,0.00054319,0.00016163,-0.00001708,0.00
005167,-0.00013877,0.47397004,0.00151875,-0.00161979,-0.00030574,0.00239413,-0.0
1658933,-0.01448859,-0.01085728,-0.02024624,-0.00467281,0.00019664,0.00009941,0.
00027532,-0.00000561,0.00003190,-0.00001569,0.00004056,0.00010575,0.00003817,0.0
0010693,-0.00001975,-0.00016653,0.21232285,-0.31361320,-0.09245372,0.00016177,0.
00015604,-0.00389107,-0.00065672,-0.00038062,-0.00018114,0.01542040,-0.06972524,
-0.02203118,0.00101963,0.00034725,0.00047121,0.00013662,-0.00017827,0.00027777,0
.00002122,-0.00006582,0.00002313,-0.00006356,-0.00007701,-0.00029157,0.00013852,
0.00000850,0.00001977,0.00006142,-0.00005099,-0.00002715,0.01093283,-0.00349542,
0.00008983,-0.00811103,0.00223919,0.00227066,-0.05964062,-0.17458520,-0.03640582
,-0.00323665,-0.00088850,0.00091171,0.00072644,-0.00062931,0.00065927,0.00012237
,-0.00044062,-0.00023915,-0.00000176,0.00011248,-0.00011370,-0.00000329,0.000015
15,0.00022546,-0.00018972,0.00025466,-0.00014013,0.00023014,-0.00005404,0.000079
19,-0.15281530,0.65703650,-0.00062503,-0.00044962,-0.00054171,-0.00436346,-0.026
55901,-0.00969804,0.01016648,-0.00343216,-0.02428066,0.00025916,0.00081266,-0.00
117308,0.00002527,0.00001171,0.00007147,-0.00002740,0.00002115,-0.00000833,-0.00
006334,0.00003632,0.00000632,0.07623204,-0.09110474,-0.06737184,0.00087056,-0.00
222672,-0.01009753,-0.00064599,0.00004181,-0.00039290,0.00407184,-0.01914130,-0.
00042078,0.00121115,0.00039634,0.00051585,0.00063428,-0.00026028,0.00063244,-0.0
0019780,0.00008133,0.00001068,-0.00020307,0.00000493,0.00040788,0.00018678,-0.00
013618,0.00012581,-0.00002916,-0.00005333,-0.00002405,0.00346993,0.00008281,-0.0
0270925,-0.00531729,0.00023282,0.00146780,-0.01271071,-0.03785429,-0.06278513,0.
00007846,-0.00210802,0.00038330,0.00025829,-0.00008984,-0.00025432,0.00008168,0.
00003343,0.00031684,0.00018132,0.00005224,0.00012581,-0.00005348,-0.00018066,-0.
00006006,0.00037355,-0.00032061,0.00017910,0.00009723,-0.00022645,-0.00023077,-0
.09227690,0.16583277,0.16690469,0.00011275,0.00001437,-0.00001245,-0.01494869,-0
.00130252,0.00008446,-0.00078055,-0.00124861,-0.00046089,0.00009634,0.00008879,0
.00005071,0.00000681,-0.00002012,-0.00000309,-0.00000656,-0.00002087,-0.00000612
,0.00002641,-0.00001978,-0.00002439,-0.00195541,0.00030306,0.00045405,0.00258995
,-0.00007969,-0.00115433,0.00004264,0.00007031,0.00001962,0.00020707,0.00037561,
0.00014019,-0.00010327,0.00009230,-0.00004831,0.00003513,0.00001952,0.00001890,0
.00003411,0.00002233,0.00000125,-0.00004186,-0.00002714,0.00005174,0.00000511,-0
.00001591,0.00001040,0.00001203,-0.00001346,0.00000362,0.00011449,0.00007671,-0.
00001689,0.00008614,0.00003517,0.00016889,-0.26025914,-0.00343498,-0.00908300,-0
.00164902,-0.00071793,0.00373938,-0.00012091,-0.00001346,-0.00004580,-0.00002106
,-0.00005272,0.00006677,0.00005820,-0.00000421,0.00006669,0.00005601,0.00001701,
0.00002191,0.00010084,0.00009031,-0.00006447,0.00006006,-0.00011847,-0.00007076,
-0.01633163,-0.01411196,-0.00365263,0.30469110,-0.00005516,0.00003966,-0.0001638
6,0.00307878,0.00195311,0.00224903,0.00025404,-0.00183862,-0.00180270,0.00006349
,0.00002915,0.00005298,-0.00000663,-0.00000209,-0.00001197,0.00000028,0.00000395
,-0.00000113,-0.00000136,-0.00000068,0.00000632,-0.00314752,0.00134475,0.0002613
4,-0.00027465,-0.00029395,-0.00007267,0.00006295,0.00001795,-0.00006034,0.000821
39,0.00107282,0.00039941,-0.00005030,-0.00000315,0.00000963,0.00001897,-0.000002
00,0.00002928,0.00002942,-0.00001917,0.00004350,-0.00000480,-0.00001592,0.000037
26,-0.00000537,0.00000246,-0.00000912,-0.00000790,0.00000308,-0.00000286,-0.0000
7506,0.00010796,0.00008602,0.00002704,-0.00001083,0.00019269,-0.00370350,-0.0390
7973,-0.00184709,0.00155957,0.00079839,-0.00159398,0.00002742,0.00004703,0.00004
472,0.00007623,0.00002192,0.00003336,-0.00003043,0.00001935,-0.00005253,-0.00003
337,0.00002075,0.00000536,0.00000568,0.00004670,0.00006420,-0.00005234,-0.000019
78,0.00004901,-0.03437049,-0.01389006,-0.00407691,0.01321930,0.05836479,-0.00000
978,0.00001630,0.00001440,0.02180427,-0.00067005,0.00220963,0.00105387,-0.000268
19,-0.00072688,0.00002786,0.00000492,0.00004401,0.00001216,0.00000132,0.00000718
,-0.00000077,0.00000468,0.00000066,-0.00001874,0.00000624,0.00001210,-0.00130544
,0.00040344,0.00064637,-0.00087062,0.00159925,0.00096344,0.00001600,-0.00000792,
-0.00006938,0.00028785,0.00042584,-0.00005700,-0.00004249,-0.00005441,0.00000114
,-0.00000294,0.00000925,-0.00001059,0.00000526,-0.00001115,0.00001080,-0.0000088
5,0.00001941,-0.00001286,-0.00000571,0.00002258,-0.00000313,-0.00001123,0.000010
74,-0.00000500,-0.00007646,-0.00000880,0.00012194,-0.00002128,-0.00016638,-0.000
04840,-0.00643489,-0.00284432,-0.04077775,0.00481587,0.00219503,-0.00698351,0.00
000341,-0.00003342,0.00003398,-0.00000083,0.00001194,-0.00006684,-0.00002750,-0.
00000700,0.00000680,-0.00000988,0.00001669,-0.00001715,-0.00003012,0.00000153,0.
00001694,-0.00008626,0.00008565,-0.00007416,-0.01092771,-0.00521934,0.00116273,0
.01229833,-0.00088375,0.04776440,-0.00022361,0.00118930,-0.00137618,-0.00004011,
0.00011391,-0.00000501,-0.00185171,-0.00016023,-0.00003457,-0.17959112,0.1138979
3,-0.00041116,0.00002499,0.00003353,-0.00007827,-0.00013020,0.00013983,-0.000199
72,0.00103867,-0.00023582,-0.00042585,0.00020734,0.00009276,-0.00007489,0.000044
65,-0.00000941,0.00002008,-0.01366600,0.00722074,0.01021653,0.00019168,-0.000218
32,0.00003196,-0.00051819,-0.00059703,0.00005684,-0.00057077,-0.00045539,0.00012
185,0.00096216,0.00019092,-0.00174185,0.00017995,-0.00022799,-0.00006793,0.00003
863,-0.00001005,-0.00012839,0.00022811,-0.00000539,0.00001055,-0.00025925,0.0000
3043,-0.00005172,0.00006478,0.00057307,0.00207051,0.00005939,0.00006341,-0.00003
057,0.00004976,-0.00012898,0.00015128,-0.00051583,-0.00027065,0.00031293,-0.0001
0306,0.00012899,-0.00004548,-0.00000603,-0.00012965,-0.00012571,0.00036323,0.000
53974,0.00042016,0.00034737,0.00131230,-0.00003795,-0.00005386,-0.00008314,0.000
03135,-0.00021135,0.00000554,0.00019530,0.00004212,-0.00000168,-0.00002035,0.214
53857,0.00032606,-0.00080528,-0.00147565,-0.00008597,-0.00001550,-0.00001483,0.0
0059433,0.00061666,0.00023992,0.11858642,-0.13716174,-0.00435080,-0.00009864,0.0
0021209,-0.00031270,0.00003801,0.00016165,0.00032514,0.00017520,-0.00393309,-0.0
0111382,-0.00000574,-0.00009309,-0.00005341,0.00003603,0.00000797,0.00000717,0.0
0276421,-0.00014896,-0.00003450,0.00007723,0.00008585,0.00003684,0.00047283,-0.0
0018376,-0.00008918,0.00014266,-0.00024181,-0.00055661,-0.00070883,-0.00000338,-
0.00011517,0.00007701,-0.00008060,-0.00008689,0.00007311,-0.00012474,-0.00022984
,-0.00052217,-0.00013686,-0.00036343,-0.00000641,-0.00008858,-0.00001256,0.00020
339,-0.00045578,-0.00052319,-0.00002343,0.00001686,0.00001259,0.00015672,-0.0000
5680,0.00001159,-0.00062234,0.00026140,-0.00016302,0.00022154,0.00057488,0.00004
504,-0.00056928,0.00045691,0.00009037,0.00015913,-0.00026994,0.00070952,-0.00099
393,-0.00366772,0.00276213,0.00002005,0.00009453,0.00014134,-0.00009091,-0.00011
171,0.00019722,0.00000572,-0.00001041,-0.00000994,-0.13394839,0.16134159,-0.0021
1986,-0.00338077,0.00170767,-0.00016063,-0.00006164,0.00006421,-0.00038567,-0.00
002417,-0.00053546,0.00248694,-0.00568369,-0.03604128,0.00016490,-0.00033708,0.0
0022021,-0.00044613,0.00018046,-0.00045737,0.00021538,-0.00058856,0.00054163,-0.
00012219,-0.00000060,-0.00002407,0.00004020,0.00003671,0.00002024,0.02803025,-0.
01353848,-0.01190914,-0.00000717,-0.00001033,0.00006537,0.00031416,0.00164628,-0
.00063933,0.00068588,0.00068749,0.00014104,0.00178234,0.00001586,0.00010425,-0.0
0046632,0.00052605,-0.00005004,-0.00001157,0.00028370,0.00043223,-0.00054482,-0.
00011097,-0.00080788,-0.00004307,0.00012579,-0.00003304,-0.00091136,-0.00132790,
-0.00273460,-0.00001566,-0.00003751,-0.00003599,0.00011118,0.00014935,0.00006808
,0.00011577,-0.00060409,-0.00038228,-0.00014096,-0.00041953,0.00007047,0.0005007
4,-0.00049271,-0.00015794,0.00074705,0.00030636,-0.00047067,0.00053808,0.0005354
7,0.00054382,-0.00019290,-0.00022865,-0.00014720,0.00003174,-0.00001515,0.000001
19,-0.00001108,0.00001126,0.00000771,-0.00166951,0.00556686,0.05412655,0.0000223
9,-0.00032283,-0.00005751,0.00014838,0.00015282,0.00007850,-0.00075506,-0.000998
36,-0.00131543,-0.05581864,-0.04836272,0.01902076,-0.00000220,0.00003899,0.00000
881,0.00007484,0.00005079,0.00005755,0.00005782,-0.00015345,-0.00023137,0.000254
02,-0.00042273,-0.00011160,-0.00004921,-0.00005676,-0.00003040,-0.00166780,-0.00
994603,0.00602084,0.00007053,0.00023627,0.00005675,-0.00016706,0.00008255,0.0002
1556,-0.00005939,0.00001341,0.00025851,0.00010445,-0.00050835,-0.00020484,0.0000
5480,-0.00007126,0.00000701,-0.00005772,-0.00000641,-0.00000686,0.00004453,-0.00
001032,-0.00004976,-0.00008141,-0.00016141,-0.00001119,-0.00058940,-0.00025897,0
.00050630,0.00003365,0.00006809,0.00001826,-0.00004633,0.00002925,0.00014389,-0.
00026371,-0.00006624,0.00024489,0.00003844,0.00000665,-0.00019039,0.00006536,0.0
0001699,-0.00006504,-0.00004245,0.00003600,0.00028857,0.00007898,0.00093976,-0.0
0022335,-0.00000534,0.00005327,0.00001969,-0.00052748,0.00007173,0.00046341,-0.0
0000333,-0.00000427,-0.00000318,0.00527892,0.02120168,-0.00569566,0.07209871,-0.
00008094,0.00035683,0.00004754,0.00033292,0.00025519,0.00013724,-0.00031320,-0.0
0042386,-0.00080342,-0.04709742,-0.21352995,0.05502328,0.00001080,0.00007197,-0.
00005735,-0.00010289,-0.00005037,0.00002555,-0.00013139,-0.00005111,0.00025768,0
.00042732,-0.00036311,-0.00010481,-0.00013835,-0.00012297,-0.00009969,-0.0022932
8,-0.00020009,0.00629521,-0.00003162,0.00018195,0.00005520,0.00016831,-0.0000101
5,0.00014904,-0.00012881,-0.00016310,0.00010184,-0.00015169,0.00007239,-0.000258
63,0.00008853,0.00006245,-0.00008508,0.00001739,0.00001533,-0.00012234,0.0001408
0,-0.00020628,0.00019090,0.00004074,-0.00020764,-0.00005944,0.00054848,-0.000271
19,-0.00068505,0.00004670,0.00009099,0.00003009,-0.00018221,-0.00002240,0.000115
95,0.00011729,0.00021293,0.00012629,0.00022580,-0.00003200,-0.00008286,-0.000240
30,0.00009892,-0.00014422,-0.00026562,0.00001744,-0.00020068,-0.00035272,-0.0005
1799,0.00051363,0.00010600,0.00014315,0.00009433,-0.00038324,0.00006421,0.000246
76,-0.00002892,-0.00001739,-0.00000924,-0.00228743,-0.02326297,0.00669505,0.0655
5743,0.25297906,0.00149761,0.00089541,-0.00311091,-0.00025984,-0.00011879,-0.000
01044,-0.00017864,0.00024366,-0.00109008,0.01594176,0.05681952,-0.05846995,0.000
01454,-0.00008329,0.00005304,0.00004046,0.00002380,-0.00004010,-0.00003078,0.000
05782,-0.00002168,-0.00014341,0.00002886,-0.00004470,0.00007170,0.00003797,0.000
06461,0.00887055,0.02328391,-0.01220071,0.00014828,-0.00008466,0.00008455,0.0002
4768,0.00002365,-0.00041935,0.00018045,0.00010839,-0.00034243,0.00048793,-0.0001
7964,0.00001278,-0.00012254,-0.00000732,-0.00011750,0.00004750,0.00000265,0.0000
8110,-0.00025198,0.00030619,-0.00006461,-0.00018469,0.00017171,-0.00006764,0.000
26249,0.00129551,-0.00092422,-0.00004953,-0.00001242,-0.00001530,0.00026285,0.00
013537,0.00010266,-0.00005838,-0.00044753,0.00006393,-0.00030804,0.00024260,-0.0
0011085,0.00007084,0.00020714,0.00007068,0.00025403,-0.00013040,0.00014424,0.000
05424,-0.00018628,0.00012616,-0.00005203,-0.00004297,-0.00005893,-0.00008806,-0.
00011606,0.00037040,0.00000241,-0.00000494,-0.00000252,-0.00013725,0.00058501,0.
00180785,-0.01674369,-0.06358122,0.06933502,0.00171092,0.00087576,-0.00171713,0.
00041437,-0.00000523,-0.00041396,0.00019816,0.00005320,-0.00017447,-0.00009008,0
.00010744,-0.00004349,-0.00013542,0.00054271,-0.00024224,-0.00022689,-0.00086599
,0.00085041,0.00032112,-0.00041558,-0.00023757,-0.00009995,0.00029659,-0.0000315
2,-0.00007844,0.00002159,0.00015020,-0.00002586,0.00019112,0.00006913,-0.0002097
6,-0.00018299,-0.00000272,-0.00031515,-0.00017344,0.00024423,-0.00006732,0.00005
544,0.00012732,-0.00026754,0.00051266,0.00002311,-0.00007483,0.00028802,0.000212
41,-0.00007539,-0.00001994,0.00008457,0.00012379,0.00026117,0.00004783,0.0002340
8,0.00005963,-0.00003280,0.00008185,0.00004495,-0.00007716,-0.00005345,0.0000713
8,0.00017379,-0.00036158,-0.00014020,0.00001736,-0.00022787,0.00089169,0.0009453
7,-0.18997509,-0.10900234,0.11324421,-0.01754773,-0.00996612,0.01199344,-0.00398
711,-0.00414679,-0.00054869,-0.00061155,-0.00155528,0.00014656,0.00010688,0.0003
8796,0.00000153,-0.00002878,-0.00005976,0.00011624,-0.00000007,-0.00003913,0.000
01098,-0.00000569,0.00015805,-0.00019956,0.00000528,0.00003642,-0.00004337,0.222
89470,-0.00579140,0.00076215,0.00407829,-0.00022828,-0.00008297,0.00036144,-0.00
050269,-0.00099948,0.00062457,0.00014586,0.00033734,-0.00026996,0.00023865,-0.00
106895,-0.00012448,0.00027388,0.00038208,0.00022480,-0.00003054,0.00041959,-0.00
043868,0.00006373,-0.00028297,0.00008883,0.00005575,-0.00001631,-0.00011153,0.00
036730,-0.00003068,-0.00055389,0.00007434,0.00021227,-0.00002736,-0.00020480,0.0
0098938,0.00042601,-0.00015255,0.00056358,0.00085697,0.00074390,0.00022049,-0.00
041529,0.00010556,-0.00047833,-0.00016829,-0.00012782,0.00006071,0.00030569,0.00
023820,0.00040251,-0.00004076,-0.00024573,-0.00001341,0.00004086,-0.00064396,0.0
0113285,-0.00018002,0.00017657,-0.00004680,-0.00001449,0.00011662,0.00012193,-0.
00017837,0.00169524,-0.00173733,-0.00009303,-0.11350939,-0.09338768,0.07738641,-
0.00367474,-0.00379133,0.00311456,-0.00094404,0.00137700,-0.00045265,0.00004061,
0.00172923,-0.00087751,0.00032059,-0.00081597,0.00020254,-0.00015911,0.00006125,
-0.00024877,-0.00003180,0.00000741,0.00001091,0.00006443,0.00036168,-0.00023442,
0.00004157,0.00004795,-0.00002434,0.11712123,0.09472890,-0.00014347,-0.00060266,
-0.00104289,0.00021324,0.00015349,-0.00042688,0.00007053,0.00098275,-0.00056317,
0.00001262,-0.00009040,0.00006629,-0.00014211,0.00001969,0.00030895,-0.00052709,
-0.00012303,0.00041972,0.00103735,0.00096266,-0.00004858,-0.00014187,0.00029504,
0.00006107,-0.00009147,-0.00010816,0.00010498,-0.00007544,-0.00015648,-0.0002971
9,-0.00008354,-0.00026341,-0.00004924,0.00005467,-0.00022464,-0.00005829,-0.0000
2889,0.00001457,0.00010738,-0.00005834,0.00005202,0.00020073,0.00013310,-0.00011
235,0.00005862,-0.00010722,-0.00015314,-0.00008837,0.00006753,-0.00004625,-0.000
03024,0.00012928,0.00001293,-0.00000707,0.00001186,-0.00006710,-0.00005590,-0.00
011384,-0.00003847,-0.00008024,-0.00018331,-0.00015110,0.00006478,0.01962555,0.0
1082957,-0.01072551,0.11276434,0.07631177,-0.12162669,-0.00812498,-0.00538967,0.
00712221,-0.00187293,-0.00049065,-0.00131663,0.00105673,0.00224106,-0.00532284,0
.00010933,-0.00038519,0.00010280,0.00007636,-0.00006455,0.00015540,0.00007999,-0
.00007335,0.00002803,-0.00011828,-0.00016767,0.00003060,-0.00003436,-0.00002801,
0.00000355,-0.12510136,-0.08278626,0.13175093,0.00273326,-0.00204480,0.00309232,
-0.00132307,-0.00016928,0.00170742,-0.03145565,0.00164978,-0.00146954,-0.1343960
9,-0.03290975,-0.04057576,-0.00003343,-0.00003017,-0.00001477,0.00005122,-0.0000
2600,0.00008928,-0.00021965,0.00001689,0.00036244,0.00166063,-0.00302687,-0.0001
6939,0.00039007,-0.00009834,-0.00029178,0.00638689,0.00077356,-0.00158468,-0.000
22473,0.00127124,0.00118374,0.00049022,0.00006730,-0.00018100,-0.00044615,-0.000
23303,-0.00012151,0.00018581,-0.00037828,0.00052505,0.00009871,-0.00006076,-0.00
018322,-0.00003463,0.00008494,0.00004511,0.00020666,-0.00001840,0.00024837,-0.00
002114,-0.00002472,-0.00006053,0.00039545,0.00431411,0.00050899,-0.00137176,0.00
022230,0.00022478,0.00025093,0.00040597,-0.00220372,0.00065105,-0.00050859,0.000
79811,0.00009339,0.00000951,-0.00036547,0.00003048,-0.00028182,0.00008359,-0.000
11781,0.00013204,-0.00012739,-0.00015682,0.00027974,-0.00062035,-0.00002143,0.00
007379,0.00001455,0.00122119,-0.00725831,0.00859734,-0.00015414,-0.00053515,-0.0
0032933,-0.02300581,-0.00581150,-0.01622194,-0.01772326,-0.01599379,-0.00937785,
0.00008220,0.00014753,-0.00005725,0.42046461,0.00242332,-0.00167128,0.00012111,-
0.00087724,-0.00027067,0.00109979,-0.01999175,-0.01471348,-0.00466069,-0.0241718
2,-0.08600355,-0.02145186,-0.00006286,0.00016567,-0.00004329,-0.00017599,0.00011
005,-0.00003144,0.00038693,-0.00016354,-0.00034595,0.00093640,-0.00181382,0.0000
6832,0.00012923,-0.00002807,-0.00027755,-0.00279565,0.00031511,-0.00621115,-0.00
064906,0.00046518,0.00027449,0.00093452,-0.00038830,-0.00079345,-0.00054149,0.00
020943,-0.00059073,0.00018419,-0.00050990,-0.00053875,0.00020068,-0.00010690,-0.
00011673,0.00006271,0.00010403,-0.00014066,-0.00004017,-0.00014584,-0.00004355,0
.00109906,-0.00023191,0.00003864,-0.00049387,0.00539968,-0.00013034,0.00016196,0
.00009814,-0.00026692,-0.00036916,0.00034231,-0.00028622,0.00134199,-0.00089933,
0.00138401,-0.00014366,0.00039665,-0.00061490,0.00014557,0.00004415,-0.00032673,
-0.00033566,0.00013708,0.00002156,-0.00037530,-0.00054502,0.00059309,-0.00007241
,0.00010407,0.00014118,0.00563226,0.00319212,0.00311774,-0.00001186,-0.00003118,
-0.00004403,0.01408098,0.00511338,0.01051483,-0.02546939,-0.01802136,-0.01740919
,0.00004685,0.00017232,-0.00005610,-0.06209869,0.40139584,-0.00222725,-0.0019001
7,0.00135230,-0.00045770,-0.00088697,-0.00125472,0.01425254,-0.00783519,-0.01519
628,-0.05924438,-0.03738585,-0.10183768,0.00011219,-0.00035747,0.00010455,0.0002
8832,-0.00021186,-0.00007261,-0.00015220,0.00006402,-0.00002026,-0.00167831,0.00
187697,0.00040842,0.00023366,0.00038413,0.00035116,-0.02350096,-0.01086014,-0.03
771842,0.00132930,-0.00088778,-0.00015189,-0.00158179,0.00052757,0.00015606,-0.0
0029851,0.00134821,-0.00104892,0.00246816,-0.00001888,-0.00409754,-0.00020261,0.
00007704,0.00035689,0.00031675,0.00040622,0.00007677,0.00012703,0.00029380,0.000
01994,-0.00102895,0.00026203,-0.00018156,0.00307257,-0.00295337,-0.00119167,0.00
165234,-0.00021302,-0.00034369,0.00023029,0.00039212,0.00342320,-0.00140245,0.00
114023,-0.00110280,0.00019222,-0.00070148,0.00083987,-0.00025470,-0.00001586,0.0
0037130,0.00053093,-0.00025073,-0.00029383,0.00085764,0.00012218,-0.00066786,0.0
0005180,-0.00029992,-0.00011551,-0.00401916,0.00493274,0.00160378,0.00008952,0.0
0048717,0.00031273,-0.00503251,0.00097996,-0.00278146,-0.00222450,-0.00369917,0.
00314064,-0.00006855,-0.00028258,0.00009713,0.04286254,0.07513805,0.47226092,-0.
00011022,0.00016335,-0.00013010,0.00032340,0.00000995,0.00050854,0.00119273,-0.0
0438256,0.00289488,-0.02503018,0.01613380,-0.01225650,-0.00003052,0.00001872,0.0
0002554,0.00001646,-0.00000008,0.00002287,-0.00005629,0.00012711,-0.00006356,0.0
0059017,-0.00109408,-0.00006286,-0.00012110,-0.00001380,-0.00025359,0.00016464,0
.00019662,0.00085237,0.00036470,0.00045151,-0.00007145,0.00001467,-0.00019450,0.
00011616,0.00001423,-0.00010611,0.00008322,0.00031996,-0.00002788,-0.00038176,0.
00004151,0.00001936,-0.00003535,-0.00002091,0.00002984,-0.00002420,0.00000659,0.
00001008,0.00002850,-0.00007276,-0.00019470,0.00006333,-0.00014119,0.00020027,0.
00000927,0.00003069,0.00017096,-0.00001356,-0.00044451,0.00041805,-0.00002025,0.
00016108,0.00012417,0.00007489,-0.00004505,0.00002071,-0.00008704,-0.00004863,-0
.00001100,-0.00000310,-0.00010377,0.00003339,-0.00012554,-0.00005398,-0.00005527
,0.00007113,0.00001532,0.00004718,0.00000831,-0.00123446,0.00035033,0.00056046,-
0.00003061,-0.00006664,-0.00002277,-0.00430874,-0.00033489,-0.00384130,0.0004411
2,0.00285783,-0.00061534,-0.00000253,0.00005017,0.00001372,-0.10097383,0.0458041
6,-0.02014662,0.48658641,-0.00000694,0.00030636,-0.00007380,-0.00066772,-0.00067
323,-0.00034673,0.00073720,-0.00508366,0.00437410,-0.00423305,0.00442209,-0.0006
4924,-0.00001313,-0.00005434,-0.00002713,-0.00002427,-0.00003498,0.00000289,-0.0
0001828,-0.00002208,-0.00000297,-0.00081690,0.00101174,0.00021003,0.00023313,0.0
0032961,0.00013323,-0.00096904,-0.00045038,-0.00060794,0.00022587,-0.00071772,-0
.00018727,0.00035231,-0.00023601,0.00019781,0.00000219,-0.00008819,-0.00003806,-
0.00001100,-0.00008437,-0.00036986,0.00005831,-0.00001493,-0.00009721,-0.0000196
6,0.00005780,-0.00005260,-0.00007592,0.00003315,-0.00001422,-0.00019412,0.000403
71,0.00028713,0.00039614,-0.00036911,0.00246915,0.00006626,-0.00024789,-0.000085
09,0.00014815,-0.00018808,-0.00047101,0.00011771,0.00014922,0.00005597,-0.000066
78,0.00004692,-0.00002672,-0.00005892,0.00008566,0.00000649,-0.00006166,0.000164
19,-0.00009666,-0.00000746,0.00050437,-0.00003784,0.00006028,-0.00021144,0.00001
423,0.00043385,0.00009221,-0.00031442,0.00005118,0.00004155,0.00005882,-0.002204
07,0.00013080,-0.00122127,-0.00178041,0.00160347,-0.00194679,0.00001507,0.000065
06,-0.00003584,0.06643973,-0.14558507,0.02360093,0.02119466,0.45128157,0.0002927
9,-0.00001507,0.00040604,0.00032150,0.00015513,0.00020583,0.00048328,0.00485067,
-0.00150844,-0.01405376,0.01344668,-0.00732355,0.00000632,0.00000893,0.00001503,
0.00005869,-0.00003525,0.00005368,-0.00005859,-0.00002335,-0.00012573,0.00041086
,0.00021355,0.00019196,-0.00010749,-0.00011676,-0.00015566,-0.00016272,0.0000014
0,-0.00024201,-0.00012300,-0.00023988,0.00019355,-0.00045047,0.00020943,-0.00032
114,-0.00007338,0.00010869,-0.00018521,0.00009173,0.00006283,-0.00017932,-0.0000
1593,0.00004073,-0.00001472,-0.00000097,0.00000731,0.00000015,0.00003941,0.00003
603,0.00004670,-0.00040041,0.00036999,-0.00028964,0.00045926,-0.00032190,-0.0020
5798,-0.00003070,0.00002448,0.00002067,-0.00025868,0.00066360,0.00015062,-0.0000
2694,-0.00010652,-0.00009384,-0.00012166,-0.00004131,-0.00011603,0.00006039,-0.0
0001716,0.00015762,0.00003891,-0.00004421,-0.00007716,-0.00009652,-0.00015855,0.
00011081,0.00000862,0.00012464,0.00001766,-0.00009983,-0.00023676,-0.00001189,-0
.00004672,-0.00002771,-0.00002042,-0.00249735,-0.00045052,-0.00208368,0.00080627
,-0.00002664,0.00151669,0.00001788,-0.00005033,0.00004994,-0.03476513,0.03032785
,-0.08291448,-0.00396647,0.04856534,0.50373155,-0.00028336,0.00017511,0.00067195
,-0.00007459,-0.00024404,0.00004383,0.00032387,0.00224289,0.00229754,0.00600746,
-0.01068165,-0.01828761,0.00002293,-0.00002304,-0.00000890,0.00000902,-0.0000092
6,-0.00003688,-0.00065639,0.00087843,-0.00198016,-0.00022885,0.00011664,0.000087
43,0.00002822,0.00005923,-0.00004381,-0.00185470,-0.00166736,-0.00286172,0.00011
807,-0.00014432,-0.00001060,0.00010200,0.00008682,0.00005168,-0.00018874,0.00022
931,-0.00020295,0.00057186,-0.00018028,-0.00062765,0.00000141,0.00001126,-0.0000
4520,0.00002134,0.00011754,-0.00003774,-0.00000485,0.00002903,-0.00001224,-0.000
36216,0.00022199,0.00004993,-0.00043207,-0.00018885,0.00030552,-0.00021467,-0.00
007227,0.00002670,-0.00069372,-0.00024473,-0.00020089,-0.00007024,0.00010571,-0.
00006841,0.00011660,0.00010668,-0.00002672,-0.00007771,-0.00003806,-0.00006274,0
.00006833,0.00007351,-0.00005872,-0.00002919,-0.00052448,0.00132077,0.00007673,0
.00004139,-0.00005872,-0.00050156,-0.00083798,-0.00003072,0.00000306,-0.00004904
,-0.00000763,0.00109514,-0.00094526,-0.00135425,-0.00075281,-0.00105474,-0.00121
895,-0.00002287,0.00003227,-0.00003798,-0.09159362,0.03213437,0.04211123,-0.0122
2786,0.01455910,0.01741253,0.51764521,0.00059288,-0.00007478,-0.00024401,0.00027
583,0.00039419,0.00044982,-0.00025549,0.00299867,0.00197197,0.00169605,-0.007633
73,-0.01213808,-0.00003672,0.00003248,-0.00002051,-0.00000348,0.00001103,0.00003
504,0.00109184,-0.00131897,0.00284000,0.00036827,-0.00027878,-0.00004211,-0.0000
6548,-0.00017288,-0.00024127,-0.00036654,-0.00039031,0.00010453,-0.00024959,0.00
007978,0.00001900,-0.00004127,0.00016176,-0.00024967,-0.00009295,0.00002349,-0.0
0016105,0.00021734,-0.00005787,-0.00035397,-0.00000155,-0.00005698,-0.00000834,0
.00002207,0.00001798,0.00000760,0.00001407,-0.00004076,0.00000803,0.00029007,-0.
00010736,-0.00001659,-0.00058590,-0.00009203,0.00008277,-0.00018701,0.00009775,0
.00005428,-0.00082068,-0.00063053,-0.00040098,0.00005780,-0.00035430,-0.00016913
,-0.00008813,-0.00000938,-0.00010808,0.00006762,-0.00008597,0.00013834,0.0000672
1,-0.00009148,0.00007807,0.00043466,0.00068459,-0.00119400,-0.00007011,-0.000068
53,0.00005555,-0.00079407,-0.00081517,0.00028094,-0.00000083,-0.00007479,-0.0000
5539,0.00114174,0.00088605,0.00116017,-0.00062725,-0.00050764,-0.00067947,0.0000
3021,0.00004690,0.00000579,0.01999502,-0.08989235,-0.04398233,0.01570165,-0.0209
8676,-0.02108766,-0.01226397,0.51854786,0.00049830,-0.00053572,0.00106175,0.0000
9555,0.00040179,0.00087498,-0.00018173,-0.00208709,-0.00199376,0.00233998,-0.009
48670,-0.02198667,0.00002638,0.00002684,-0.00001095,0.00008759,-0.00000303,-0.00
002707,-0.00033504,0.00117757,-0.00235429,0.00063388,-0.00015451,-0.00015122,0.0
0008517,-0.00002311,-0.00030044,-0.00337460,-0.00137686,-0.00308302,-0.00002369,
-0.00001622,0.00018631,-0.00000436,0.00023794,-0.00011462,-0.00024867,0.00031591
,-0.00030068,0.00038196,-0.00001726,-0.00053245,-0.00005941,-0.00003023,0.000059
70,0.00008331,0.00002702,0.00001608,0.00009689,0.00005987,-0.00003136,0.00019652
,-0.00011736,-0.00027502,-0.00015883,-0.00009002,-0.00029196,0.00023114,0.000157
58,-0.00012720,0.00042518,0.00016280,-0.00065577,-0.00013763,-0.00054899,-0.0002
3514,0.00013205,-0.00018213,0.00008125,-0.00005715,-0.00017367,-0.00009038,0.000
45095,0.00014646,-0.00026441,-0.00124465,0.00002251,0.00014878,0.00013007,0.0001
1585,0.00002931,0.00030197,0.00070378,0.00027064,-0.00000209,0.00001990,-0.00003
613,0.00115055,-0.00044422,0.00028248,0.00019484,0.00071587,0.00069181,0.0000102
3,-0.00003340,-0.00000265,0.04028660,-0.06348069,-0.16726859,0.00091981,0.001446
29,0.00094824,0.03885563,-0.01278648,0.45441322,0.00035753,-0.00004703,-0.000157
93,0.00038809,0.00034602,-0.00003728,-0.00064051,-0.00026692,0.00085888,0.001757
57,0.00210879,-0.00001621,0.00000414,0.00000215,-0.00000038,0.00002282,0.0000092
7,0.00001492,0.00003717,-0.00002091,-0.00000669,0.00046796,0.00011922,-0.0001493
6,-0.00017974,-0.00018040,-0.00013255,-0.00021473,-0.00012562,-0.00002471,-0.000
07008,-0.00005543,0.00007727,0.00012598,0.00008216,-0.00006112,-0.00003782,-0.00
002947,-0.00001914,-0.00007929,-0.00004415,-0.00004681,0.00003186,-0.00003230,-0
.00002314,0.00003044,-0.00002554,0.00000917,0.00003927,-0.00001580,0.00001194,0.
00009179,-0.00011609,-0.00012651,-0.00018191,-0.00007421,0.00047579,-0.00000191,
0.00005768,0.00005475,-0.00023414,-0.00039420,-0.00015083,0.00003767,-0.00011464
,0.00003449,-0.00002909,-0.00001718,-0.00006820,-0.00005414,0.00006184,0.0000198
2,0.00001627,0.00001397,-0.00001333,-0.00008836,0.00006918,0.00002761,0.00000949
,0.00002795,0.00003067,-0.00004130,-0.00018012,0.00009488,-0.00000871,-0.0000206
1,-0.00000615,0.00013393,0.00003995,0.00010600,0.00019596,-0.00042179,0.00037958
,0.00001697,0.00002820,-0.00001184,0.00811513,0.01043651,-0.01017133,-0.10182961
,-0.05766007,0.06675885,0.00152572,0.00133119,-0.00230546,0.11185972,0.00039626,
-0.00008304,-0.00014272,0.00030765,0.00020763,0.00015281,0.00077345,-0.00120442,
0.00061723,-0.00073001,0.00027521,-0.00085459,0.00000110,0.00002151,-0.00000169,
-0.00001112,0.00000100,0.00000958,-0.00002823,-0.00001169,0.00005581,0.00039691,
-0.00016651,-0.00003312,-0.00015023,-0.00011290,-0.00013074,0.00014615,0.0001401
9,0.00012568,-0.00036239,0.00010063,-0.00007759,0.00005213,0.00011389,-0.0001193
8,-0.00006222,0.00000379,-0.00004668,0.00005403,-0.00002775,-0.00002450,0.000011
24,-0.00002875,-0.00001758,0.00001491,-0.00001680,-0.00001211,0.00002684,-0.0000
3498,0.00000612,0.00040951,-0.00021206,-0.00004530,-0.00030137,0.00066872,-0.000
18804,0.00005066,0.00009407,0.00003261,-0.00016370,-0.00012825,-0.00029688,0.000
11679,-0.00019113,0.00007043,-0.00002224,0.00000386,-0.00010956,0.00002258,0.000
00638,-0.00001336,-0.00001900,0.00000845,0.00001984,-0.00003509,-0.00005116,0.00
000955,0.00004110,0.00009027,0.00006506,-0.00014162,0.00026316,-0.00005618,-0.00
000265,-0.00000609,-0.00001519,-0.00038280,0.00010689,-0.00019553,0.00026632,0.0
0069522,0.00011576,0.00001491,0.00002068,-0.00002110,-0.00070895,-0.03276367,0.0
2366925,-0.06175151,-0.10445850,0.07033207,-0.00145592,0.00057367,0.00231426,0.0
6667694,0.13452827,-0.00037283,-0.00019838,0.00010654,-0.00018185,-0.00009411,-0
.00012866,-0.00025195,0.00117359,0.00000066,0.00160894,0.00118084,0.00062416,-0.
00000051,-0.00002024,-0.00000479,-0.00000727,0.00000493,-0.00001832,0.00002365,0
.00001621,-0.00001250,-0.00040815,0.00011202,0.00003685,0.00007337,0.00007455,0.
00009876,0.00029666,-0.00015220,-0.00013975,0.00002636,-0.00005855,-0.00002298,-
0.00012049,-0.00013516,0.00019491,0.00009835,0.00004532,0.00003383,-0.00002069,0
.00005526,0.00007529,-0.00003968,0.00003060,0.00003217,-0.00004007,0.00000776,0.
00000925,-0.00004928,0.00004241,-0.00001519,-0.00013101,0.00014625,0.00001520,0.
00029494,0.00018786,-0.00038151,-0.00003708,-0.00005677,-0.00003530,0.00019118,0
.00002291,0.00009750,-0.00011772,0.00018530,-0.00001444,0.00005883,-0.00006235,0
.00011168,-0.00006184,0.00001509,-0.00000721,0.00000383,0.00000918,-0.00004519,0
.00009304,0.00005206,0.00004564,-0.00005702,-0.00007007,-0.00005543,0.00017556,-
0.00013409,-0.00000463,0.00001039,0.00002081,0.00000651,0.00020809,-0.00026985,0
.00016764,-0.00106039,-0.00072677,-0.00024444,-0.00001379,-0.00002166,0.00000611
,-0.00155377,0.01865995,-0.01288240,0.06910887,0.06903693,-0.12859382,-0.0003712
6,-0.00246502,0.00193681,-0.07858717,-0.09338260,0.15095282,-0.00013197,-0.00018
022,0.00034675,0.00010468,0.00005059,-0.00010876,0.00046385,-0.00022392,0.000815
02,-0.00000799,0.00066825,0.00077251,0.00000909,-0.00002615,0.00000958,0.0000190
6,0.00000035,-0.00000305,0.00005093,-0.00001884,0.00001301,-0.00020540,-0.000679
27,0.00002258,-0.00003359,0.00000452,0.00001985,0.00006460,0.00018903,-0.0003138
3,-0.00006043,0.00060430,-0.00027852,-0.00002342,0.00000613,-0.00005155,0.000035
01,0.00000801,0.00000451,-0.00025702,0.00012089,-0.00013105,-0.00003851,-0.00001
387,0.00006784,-0.00002812,-0.00000604,0.00005290,-0.00003471,0.00000492,0.00000
821,0.00036242,-0.00055205,0.00068076,0.00047749,0.00001184,0.00010955,-0.000074
91,-0.00001327,0.00005934,-0.00008094,-0.00001482,-0.00017281,0.00003702,-0.0000
5769,-0.00007731,-0.00003126,-0.00009228,0.00002807,0.00001900,-0.00007373,0.000
06432,0.00007548,0.00000478,-0.00005672,0.00001482,-0.00006481,-0.00009629,-0.00
004143,-0.00003110,-0.00001058,-0.00004895,0.00013587,0.00002712,-0.00001227,0.0
0001061,0.00000491,0.00026387,-0.00016921,0.00024350,-0.00121669,0.00003477,0.00
031377,0.00000523,-0.00002939,0.00000709,-0.00719638,0.01262960,0.01332459,-0.05
748983,0.02855295,0.04237271,-0.00260005,0.00411039,-0.00086043,-0.00461655,0.00
701794,0.01685236,0.06611906,-0.00050787,0.00021596,-0.00080890,-0.00002072,-0.0
0017239,-0.00023421,-0.00015164,-0.00434915,-0.00018642,-0.00081070,0.00085565,-
0.00046923,-0.00003385,0.00004633,-0.00001240,-0.00007091,0.00003811,-0.00000679
,-0.00012294,0.00003407,0.00005443,-0.00083323,-0.00065510,0.00012335,0.00007437
,0.00013667,0.00022479,0.00066070,0.00000827,-0.00007490,-0.00006184,0.00057838,
-0.00031706,0.00003083,-0.00026767,0.00038494,0.00003000,-0.00003880,-0.00003400
,0.00016620,-0.00010871,0.00015128,0.00002451,-0.00002693,-0.00001808,-0.0000445
3,-0.00000573,-0.00010753,-0.00007203,-0.00004419,-0.00003749,0.00005362,-0.0003
3600,0.00080298,-0.00038098,0.00047598,0.00064976,-0.00001545,-0.00002360,0.0000
6274,0.00001183,0.00026009,0.00041196,0.00003257,0.00018894,0.00020177,0.0000523
1,0.00009484,-0.00002847,-0.00010478,0.00008708,-0.00006115,-0.00014428,0.000056
60,-0.00009603,0.00005660,0.00006584,0.00019157,0.00006469,0.00013587,0.00003411
,-0.00015469,-0.00015397,0.00001893,0.00005343,0.00003728,0.00002267,-0.00040122
,0.00003781,-0.00023334,-0.00011655,0.00026884,0.00003449,0.00001900,0.00006692,
-0.00002200,0.00858909,-0.01721857,-0.01871020,0.03171276,-0.10844749,-0.0996087
3,0.00399607,-0.00454963,0.00131579,-0.00464272,0.00863031,0.01298666,-0.0394860
1,0.13090331,0.00021192,0.00006280,-0.00007146,0.00001690,-0.00001483,-0.0001175
4,0.00026694,-0.00072421,-0.00028363,-0.00069490,0.00043888,0.00059336,-0.000004
76,-0.00000732,-0.00001219,0.00002536,-0.00001260,0.00001958,0.00000011,-0.00003
982,-0.00002927,-0.00016102,-0.00015538,0.00014205,-0.00002351,-0.00003017,0.000
06027,-0.00036804,0.00025789,0.00014347,-0.00023514,0.00019516,-0.00016488,-0.00
005682,0.00001324,-0.00024108,-0.00000014,0.00008516,-0.00013841,-0.00015061,-0.
00007361,-0.00000856,0.00000949,0.00002587,-0.00001466,-0.00000038,0.00001040,0.
00001845,0.00001453,0.00000817,0.00001929,0.00064276,0.00041595,-0.00017957,0.00
014360,0.00077542,-0.00146253,0.,-0.00001038,0.00005788,0.00006169,-0.00014120,0
.00026159,-0.00010906,0.00005893,-0.00000911,0.00006316,0.00009577,0.00002427,-0
.00002274,0.00003772,-0.00005797,-0.00006832,-0.00003751,0.00010905,-0.00000693,
0.00008222,0.00000586,0.00006438,0.00001505,-0.00000180,-0.00014725,-0.00015315,
-0.00000166,0.00000658,-0.00001385,0.00001156,-0.00000354,0.00020309,-0.00006679
,-0.00002527,0.00023070,0.00002888,0.00004225,-0.00000665,0.00000588,-0.00114619
,0.00278343,0.00550375,0.04798808,-0.10268572,-0.19274396,-0.00054675,-0.0004241
9,0.00059044,0.00723795,-0.00897223,-0.01997572,-0.05447114,0.11585300,0.2199476
1,0.00033426,-0.00043367,0.00034121,0.00068808,0.00043355,-0.00004466,-0.0011083
4,0.00179745,-0.00253206,-0.00315434,0.00337816,-0.00113918,0.00000116,0.0000295
8,0.00002980,0.00005895,0.00000300,0.00001702,-0.00002492,-0.00000298,-0.0000822
1,0.00034385,-0.00036976,-0.00007341,-0.00030069,-0.00018512,-0.00004962,-0.0003
2375,0.00007150,-0.00002038,0.00000426,0.00022885,-0.00001984,0.00016619,0.00006
954,-0.00001830,-0.00000221,-0.00005382,0.00013015,0.00016057,-0.00008289,0.0000
5809,-0.00003292,0.00000432,0.00005307,0.00003300,-0.00000991,0.00002750,0.00006
877,0.00002377,0.00004407,0.00019922,-0.00004665,-0.00002962,-0.00050066,0.00040
642,-0.00014759,-0.00001536,-0.00001799,0.00007735,-0.00031105,-0.00079613,0.000
33975,0.00016793,-0.00017317,0.00002816,0.00001015,0.00005863,0.00001211,-0.0000
3540,-0.00001876,0.00004466,0.00000460,-0.00002025,0.00006999,-0.00000296,-0.000
15065,-0.00004468,0.00001434,-0.00000634,-0.00001062,0.00024837,0.00018993,-0.00
019287,-0.00005360,0.00001680,0.00002174,-0.00077528,-0.00025938,-0.00086907,0.0
0044386,0.00066503,0.00024154,-0.00004080,-0.00000824,0.00002320,-0.01717927,-0.
00266506,-0.01170849,-0.18622279,-0.06600674,-0.07755393,0.00020165,-0.00054074,
-0.00031081,-0.01640800,-0.01102445,-0.00571705,0.00629552,0.00139826,0.00216069
,0.21709925,-0.00044487,-0.00030190,-0.00037795,-0.00048144,-0.00065027,0.000388
92,-0.00001003,0.00012276,0.00128243,0.00352222,-0.00226700,0.00058109,-0.000014
13,0.00001375,-0.00000300,-0.00002479,0.00001370,-0.00002609,0.00000575,0.000034
89,0.00001608,0.00000887,0.00020649,0.00011372,0.00017521,0.00029180,0.00000383,
-0.00004248,-0.00001472,-0.00002833,0.00007585,-0.00022138,-0.00003479,0.0000933
5,-0.00013117,0.00003781,-0.00000064,-0.00004749,0.00000772,-0.00003067,0.000026
16,0.00003635,0.00001107,-0.00000782,-0.00001093,-0.00000893,-0.00000397,-0.0000
1762,-0.00002349,-0.00000726,-0.00003645,-0.00003713,0.00001253,0.00004370,-0.00
016191,0.00023664,0.00022129,0.00015291,-0.00000953,-0.00012370,-0.00003684,-0.0
0002279,-0.00062786,0.00012120,0.00005232,0.00012994,0.00002093,0.00008558,0.000
04458,-0.00008014,0.00005332,-0.00006749,-0.00007858,0.00001044,-0.00002717,0.00
007643,-0.00012960,0.00009361,0.00002255,-0.00003425,0.00003391,0.00001811,0.000
05832,-0.00021244,0.00002067,0.00001724,-0.00002842,0.00120809,0.00044620,0.0008
5828,0.00010104,0.00012000,-0.00015356,-0.00001791,0.00003073,0.00000113,0.02005
528,0.00596807,0.01098671,-0.07007524,-0.07302219,-0.03987043,0.00068906,0.00069
362,0.00118713,-0.01588746,-0.00752686,-0.00621298,-0.01323167,-0.00668130,-0.00
844102,0.07366347,0.08339668,0.00046540,-0.00003541,0.00044487,0.00037020,0.0006
8013,0.00024572,-0.00125247,0.00318879,-0.00332611,-0.00236124,0.00196247,0.0001
0017,0.00001502,0.00000352,0.00001768,0.00006319,-0.00001071,0.00002132,0.000027
07,-0.00000131,-0.00008852,0.00077220,0.00027611,-0.00051079,-0.00018482,-0.0002
9853,-0.00024640,-0.00025268,0.00001457,0.00030725,0.00016962,-0.00027661,0.0004
9522,0.00010594,0.00009459,0.00005191,0.00004051,-0.00000848,0.00015401,0.000208
68,-0.00007943,0.00010649,-0.00002816,0.00003954,-0.00000009,0.00004674,0.000007
79,0.00004541,0.00008849,0.00004275,0.00004646,-0.00049433,-0.00005944,-0.000532
33,-0.00032459,-0.00015154,-0.00001734,0.00002329,0.00009909,-0.00005932,0.00006
832,-0.00037878,0.00021506,0.00002128,-0.00014092,-0.00005573,0.00001074,-0.0000
0904,-0.00002556,0.00002502,-0.00001704,-0.00000029,0.00003610,-0.00005211,0.000
10237,-0.00006849,-0.00007257,-0.00006581,-0.00003828,-0.00003109,-0.00002904,0.
00024587,0.00017481,0.00004308,-0.00004309,-0.00002236,-0.00000825,-0.00059087,-
0.00014354,-0.00049739,0.00027276,0.00030012,-0.00003876,-0.00003010,-0.00002831
,0.00001246,-0.00990802,-0.00157301,-0.00656636,-0.08098915,-0.03964814,-0.08636
551,0.00092932,-0.00034768,0.00057370,0.01592555,0.00814837,0.00765732,-0.020194
08,-0.01183400,-0.01300152,0.09639555,0.04071754,0.10076331,0.00025112,0.0001428
4,-0.00023435,0.00041128,0.00031942,0.00002183,0.00037271,0.00116961,0.00054389,
0.00065254,0.00033338,-0.00079238,-0.00000287,0.00002525,-0.00000195,0.00002302,
0.00002379,0.00001673,0.00026134,-0.00005901,0.00014379,0.00045970,-0.00036344,-
0.00014627,-0.00023945,-0.00021758,-0.00012933,0.00021835,0.00002375,0.00011485,
-0.00002834,0.00019814,0.00008290,0.00006022,0.00000588,-0.00004047,-0.00003827,
-0.00003658,-0.00003709,-0.00001974,-0.00001673,-0.00002738,0.00002447,-0.000009
43,-0.00003115,0.00000141,-0.00001549,-0.00000755,0.00001553,-0.00000844,0.00001
413,0.00005144,-0.00008384,-0.00006183,-0.00016524,0.00004979,-0.00005166,-0.000
09656,0.00004696,0.00007116,-0.00017016,-0.00007034,-0.00001569,0.00001110,-0.00
011936,0.00001499,-0.00001526,0.00000099,-0.00007670,-0.00002003,-0.00001526,-0.
00003539,0.00006228,0.00005985,-0.00009778,-0.00033297,0.00009571,-0.00009683,-0
.00006312,0.00005185,-0.00001305,-0.00039478,-0.00024111,0.00013459,-0.00003980,
-0.00004059,-0.00000419,-0.00002911,0.00007448,-0.00008628,0.00020697,0.00023977
,0.00026202,0.00000749,0.00002530,-0.00001018,-0.01084199,-0.00180453,0.01820326
,0.00037080,-0.00188543,0.00122124,-0.09758859,-0.07107868,0.05531357,0.00001963
,0.00122208,-0.00029308,0.00021546,-0.00017579,-0.00040584,-0.00015321,-0.000140
35,0.00007232,0.11375645,0.00004536,0.00005253,-0.00028906,0.00065640,0.00033768
,-0.00012272,0.00011030,-0.00045993,-0.00045611,0.00054657,0.00098777,-0.0004223
6,0.00000260,0.00001142,0.00001646,0.00001635,0.00000917,0.00003618,-0.00038291,
-0.00019534,0.00020262,0.00027394,-0.00015447,-0.00006216,-0.00031731,-0.0002544
1,-0.00012429,-0.00000849,-0.00012489,-0.00011971,-0.00008828,0.00011550,0.00005
043,0.00006351,0.00002811,-0.00001559,-0.00000301,-0.00003358,0.00001312,-0.0000
0002,-0.00002855,-0.00002655,0.00001306,0.00001036,-0.00001047,0.00001500,-0.000
00253,0.00000479,0.00003304,-0.00000292,0.00002589,0.00011068,-0.00006352,-0.000
06586,-0.00006015,0.00014753,-0.00006563,-0.00003239,0.00000575,0.00010517,-0.00
051323,-0.00009651,0.00025746,-0.00001109,0.00004967,0.00000907,0.00006844,0.000
09129,-0.00011342,-0.00005668,0.00006847,0.00000921,-0.00013618,-0.00007272,0.00
007377,0.00022011,-0.00008967,0.00019197,0.00011138,0.00019190,-0.00003257,0.000
04879,0.00014004,0.00002148,-0.00003803,-0.00000248,0.00002784,-0.00000365,-0.00
023400,0.00025386,0.00032434,0.00035267,0.00043148,0.00001781,0.00002694,-0.0000
0526,0.00603319,0.00933865,-0.00322140,0.00124065,0.00237282,-0.00277646,-0.0684
3328,-0.13617214,0.07357267,-0.00060335,0.00012038,0.00035811,-0.00007831,0.0000
3639,-0.00009575,-0.00015555,-0.00033814,0.00018465,0.08074270,0.15273520,-0.000
44252,-0.00028792,0.00024991,-0.00019565,-0.00027298,-0.00034533,-0.00061993,-0.
00225056,-0.00069467,0.00080660,0.00124237,0.00121871,-0.00001168,-0.00002288,0.
00001281,-0.00001375,-0.00000798,-0.00003613,0.00003547,0.00021002,-0.00009024,-
0.00064231,0.00043891,0.00014451,0.00002930,0.00010096,0.00016277,-0.00029298,-0
.00005629,-0.00018423,0.00001516,-0.00016040,-0.00010233,-0.00006630,-0.00012963
,0.00016836,0.00004809,0.00003312,0.00007848,-0.00005491,0.00006628,0.00000137,-
0.00002372,-0.00000238,0.00004291,-0.00002142,-0.00000521,0.00001465,-0.00003773
,0.00003320,-0.00004631,-0.00003306,0.00009505,0.00008652,0.00031798,-0.00002869
,0.00010702,0.00008667,-0.00011295,-0.00002052,-0.00003930,0.00005711,0.00054723
,-0.00001411,0.00014897,-0.00002211,-0.00001474,-0.00003241,0.00015494,-0.000042
80,0.00001932,0.00004554,0.00001485,0.00002784,-0.00015410,0.00006367,0.00003981
,-0.00005098,-0.00002417,-0.00006281,-0.00004800,0.00072194,0.00047699,-0.000291
77,0.00003246,0.00006763,0.00005333,-0.00014283,0.00024670,-0.00031972,0.0000830
2,-0.00051903,0.00017789,-0.00000799,-0.00002127,0.00002492,0.02496576,0.0095717
0,-0.03478680,-0.00118643,0.00101557,0.00072987,0.05590659,0.07768225,-0.1042605
2,-0.00001522,-0.00098802,0.00050521,-0.00039001,0.00040119,0.00044406,-0.000102
61,-0.00015337,-0.00018154,-0.07684308,-0.08916874,0.13396334,-0.00010670,-0.000
04187,0.00008541,-0.00041417,-0.00056805,0.00018498,0.00141423,0.00034006,-0.000
58493,0.00023156,0.00126161,0.00090622,0.00001439,-0.00001035,0.00001445,0.00005
203,0.00000105,0.00003717,-0.00008743,-0.00015039,-0.00004922,0.00003455,0.00007
601,0.00009657,-0.00002304,0.00016853,-0.00000514,0.00017655,0.00014338,0.000247
13,-0.00012251,0.00001260,-0.00003118,-0.00002179,0.00007732,-0.00006404,-0.0000
5337,-0.00001334,0.00006163,-0.00005314,0.00005300,0.00005496,-0.00002136,-0.000
02886,0.00000513,0.00000455,-0.00000768,0.00002658,0.00003248,0.00001673,0.00001
642,0.00006357,-0.00006065,0.00006761,0.00004596,-0.00002841,-0.00007081,0.00014
687,-0.00002748,-0.00012045,-0.00057455,0.00010530,0.00003200,-0.00006725,-0.000
06300,-0.00010594,0.00001392,0.00000359,-0.00002789,-0.00002439,-0.00004705,0.00
008418,0.00007127,-0.00002141,-0.00008783,-0.00010520,0.00001527,-0.00008399,0.0
0009678,0.00012476,-0.00007268,-0.00003005,-0.00000808,-0.00019110,-0.00002447,-
0.00001173,0.00000093,0.00017817,-0.00019403,0.00004244,0.00039218,0.00037961,0.
00022464,0.00000352,0.00000341,0.00000862,0.00695502,0.00310879,0.00319757,0.001
11473,0.00044740,0.00137214,-0.19232290,-0.06848601,-0.09563208,-0.00038750,-0.0
0007452,-0.00007440,0.00002381,0.00007638,0.00011827,-0.00010572,0.00060679,0.00
041851,-0.01550909,-0.00808693,-0.00660984,0.21761905,0.00001147,-0.00009249,0.0
0016473,-0.00080361,-0.00022224,0.00031575,0.00048852,0.00096496,-0.00035558,0.0
0115112,-0.00094470,-0.00248837,-0.00001109,-0.00002047,-0.00000130,-0.00002292,
-0.00002273,-0.00002786,-0.00014974,0.00019159,-0.00022298,-0.00001180,0.0001483
6,-0.00001497,0.00021700,0.00004754,-0.00004556,-0.00052600,-0.00023706,-0.00060
832,-0.00003312,-0.00015519,0.00004444,-0.00001384,0.00001145,-0.00000647,-0.000
01704,0.00004314,-0.00001019,0.00008824,0.00000489,-0.00016345,-0.00001588,-0.00
000162,0.00001006,0.00001023,0.00002145,0.00001626,0.00001067,-0.00000289,-0.000
00283,0.00000235,0.00000412,-0.00004222,-0.00013080,-0.00003269,-0.00003384,0.00
010486,0.00003181,-0.00021624,0.00046138,-0.00038825,-0.00033494,0.00007071,-0.0
0002870,0.00005696,-0.00005358,-0.00000071,0.00003997,0.00001463,-0.00000920,0.0
0001053,-0.00007902,-0.00004256,0.00011462,0.00022803,-0.00018579,0.00009970,0.0
0001367,-0.00006503,0.00012058,0.00003537,-0.00008100,0.00002328,0.00000267,-0.0
0002888,-0.00004310,0.00026898,-0.00000387,0.00017368,-0.00010674,0.00015835,0.0
0013560,-0.00000619,-0.00000909,0.00000662,-0.00991234,-0.00676932,-0.01170323,-
0.00068051,0.00010530,-0.00055828,-0.06580760,-0.07432691,-0.04152670,-0.0003120
1,-0.00033418,0.00002323,-0.00008717,0.00027814,0.00021355,0.00083851,-0.0005644
4,-0.00048139,-0.02019175,-0.00914244,-0.00817230,0.07524301,0.08427776,0.000570
01,0.00005049,0.00076836,0.00158551,0.00112072,-0.00028925,0.00036238,-0.0003999
6,-0.00231791,0.00165587,-0.00361452,-0.00409831,0.00001813,0.00000655,0.0000427
9,0.00008899,-0.00001239,0.00003814,-0.00013096,-0.00005125,-0.00003316,0.000110
11,-0.00012576,-0.00015913,-0.00064217,-0.00061201,-0.00026417,-0.00106022,-0.00
041989,-0.00096846,-0.00012630,0.00025681,0.00009502,0.00007094,0.00014678,0.000
04781,-0.00003264,0.00006931,0.00003164,0.00030809,-0.00013564,-0.00010209,-0.00
002130,0.00001151,0.00002674,0.00004600,0.00002616,0.00001322,0.00008370,0.00004
606,0.00005337,0.00002901,-0.00008039,-0.00002974,-0.00036406,0.00016596,-0.0000
4510,-0.00025544,-0.00004266,0.00029887,-0.00091866,-0.00048614,0.00081373,-0.00
001492,-0.00018373,-0.00014126,0.00001098,0.00000078,-0.00008880,0.00002246,-0.0
0005054,0.00010474,0.00009509,-0.00003133,-0.00001363,-0.00016014,-0.00003405,-0
.00011298,0.00004453,0.00024248,-0.00011145,0.00004993,-0.00023287,0.00006855,-0
.00007071,0.00000483,0.00006205,0.00058147,-0.00000678,0.00025533,-0.00035515,-0
.00022108,-0.00037764,-0.00001617,-0.00003093,0.00001078,-0.01989513,-0.01327213
,-0.02177089,-0.00072739,0.00061600,0.00054940,-0.09112447,-0.04110053,-0.099219
95,0.00017909,0.00003915,-0.00013291,-0.00014153,0.00040014,0.00012785,0.0005442
6,-0.00037572,0.00026291,0.01274504,0.00653229,0.00824714,0.10778655,0.05359636,
0.12304658,-0.00033388,0.00001951,-0.00041314,-0.00072723,-0.00013507,0.00015141
,-0.00121782,0.00059478,0.00075869,0.00063147,-0.00074966,-0.00054592,-0.0000543
6,0.00000252,-0.00004124,-0.00010379,-0.00002907,-0.00009556,0.00064319,0.001201
83,-0.00173051,0.00009953,0.00009008,-0.00005911,0.00031357,0.00012837,0.0000610
3,0.00008342,-0.00009650,-0.00012091,0.00017790,-0.00025557,0.00004109,0.0000064
5,-0.00005380,-0.00000482,-0.00010758,-0.00002058,-0.00008659,-0.00001537,0.0000
1722,-0.00005402,0.00005424,-0.00004567,-0.00004065,-0.00002708,-0.00003266,-0.0
0002517,-0.00000935,-0.00002974,-0.00003968,-0.00014065,0.00009471,-0.00008861,0
.00015432,-0.00022183,0.00017483,0.00007583,0.00007509,-0.00012834,0.00082144,-0
.00023938,-0.00018363,-0.00001176,-0.00006123,0.00029082,-0.00003010,-0.00007707
,0.00019849,-0.00002395,-0.00002440,-0.00015854,-0.00004603,0.00002894,0.0001116
1,0.00011268,0.00106282,-0.00188467,-0.00025104,-0.00040429,0.00018335,-0.000094
69,0.00007176,0.00011589,0.00005101,-0.00000642,-0.00004218,0.00030165,-0.000524
77,-0.00044922,-0.00016170,-0.00012496,0.00002071,-0.00001076,0.00003699,0.00000
731,-0.01011617,0.01217721,-0.00038504,-0.00061285,0.00214380,0.00295881,-0.1253
6465,0.10939676,-0.03747374,-0.00002437,-0.00035933,0.00020931,-0.00033303,0.000
89260,-0.00019645,0.00037521,-0.00013272,0.00010856,0.00857651,-0.01149850,0.004
41485,-0.01856786,0.01966263,-0.01065804,0.14576065,-0.00009403,-0.00041090,0.00
003566,0.00015720,0.00011784,-0.00002204,0.00102055,0.00042694,-0.00045320,0.000
67123,-0.00015274,0.00090016,0.00001149,-0.00004209,-0.00000600,-0.00003981,0.00
001962,-0.00003374,0.00127460,0.00058423,0.00172902,-0.00006857,0.00001674,0.000
05275,-0.00010194,-0.00010197,-0.00004650,0.00011183,0.00010088,0.00018183,-0.00
016778,0.00011989,-0.00003724,-0.00012783,0.00000434,-0.00002932,0.00007778,0.00
002571,0.00008589,-0.00007222,0.00007144,-0.00008998,-0.00005301,-0.00001084,0.0
0002726,0.00000228,0.00001222,0.00007218,-0.00004357,-0.00002521,-0.00006071,0.0
0016116,-0.00010626,0.00007209,0.00001909,0.00006888,-0.00006458,-0.00005457,-0.
00001573,0.00003499,-0.00014405,-0.00009350,0.00003286,0.00006815,-0.00007330,0.
00004694,-0.00014558,-0.00001116,0.00008049,-0.00001878,0.00002435,0.00007106,0.
00012552,0.00011706,0.00001510,0.00031950,-0.00126716,0.00212780,-0.00015557,-0.
00002980,0.00006600,0.00000746,-0.00017666,0.00001486,-0.00001656,-0.00001136,0.
00000300,-0.00068095,0.00010774,-0.00083731,0.00007447,0.00005861,0.00012078,-0.
00000602,-0.00000417,0.00000105,0.01183062,-0.01535618,-0.00022111,0.00184130,-0
.00222756,-0.00369394,0.10893650,-0.18648156,0.04912162,-0.00007947,0.00063710,-
0.00038293,0.00084389,-0.00068712,0.00015640,-0.00022001,0.00012633,-0.00007428,
0.01170342,-0.01978192,0.01047584,-0.00438618,0.00746992,-0.00182329,-0.13253449
,0.21693127,-0.00047990,0.00012081,0.00192616,0.00007242,0.00006114,0.00009986,0
.00033373,-0.00035841,0.00008082,0.00101343,-0.00053158,0.00069959,-0.00004165,-
0.00001850,0.00016358,0.00003137,-0.00006122,-0.00005802,-0.00352672,0.00290368,
-0.00244747,-0.00001839,-0.00006812,0.00003316,-0.00003093,-0.00006993,-0.000088
01,0.00030988,0.00034459,0.00010473,-0.00015428,0.00007999,-0.00003882,0.0000655
1,-0.00013676,0.00030463,-0.00015640,-0.00004778,0.00021472,0.00007994,0.0001349
1,0.00008896,-0.00000298,0.00001214,0.00009210,-0.00006047,-0.00001507,0.0000393
6,0.00008254,0.00008297,0.00003013,0.00022106,-0.00003694,0.00002447,-0.00026011
,0.00040925,-0.00020535,-0.00001309,-0.00001545,0.00000372,-0.00005426,-0.000093
53,-0.00020509,0.00051562,0.00024381,-0.00020472,-0.00000110,-0.00013973,0.00008
898,0.00006801,-0.00012780,0.00009547,-0.00028825,-0.00032705,-0.00037930,0.0002
6611,0.00130140,-0.00334165,0.00014666,0.00011189,0.00005722,0.00010552,0.000144
99,-0.00011167,-0.00001657,-0.00000074,-0.00000484,-0.00052598,-0.00102025,-0.00
050777,-0.00012062,0.00021881,-0.00010799,-0.00004139,-0.00010673,0.00011181,0.0
1631398,-0.02082807,0.00395009,0.00174369,-0.00315653,-0.00357142,-0.04073013,0.
05326080,-0.05857663,-0.00018983,-0.00004474,-0.00001007,0.00109967,-0.00141329,
0.00044381,-0.00000073,0.00013079,-0.00008335,-0.00942463,0.01483956,-0.00559659
,-0.01121977,0.01192143,-0.00472931,0.04504403,-0.05764290,0.07154651,0.00073664
,0.00066007,0.00007735,0.00546816,-0.00523124,0.00084344,0.00079616,-0.00056391,
0.00046404,0.00005893,0.00003502,-0.00001242,0.00003656,-0.00003635,0.00006242,0
.00008231,0.00002995,0.00001738,0.00001443,-0.00002463,-0.00004050,-0.00089752,-
0.00000035,0.00083059,-0.00022008,0.00143128,0.00119949,0.00018622,-0.00001627,-
0.00006770,-0.00105690,-0.00176735,-0.00103893,-0.00018314,-0.00026235,-0.000121
27,-0.00002737,-0.00001049,0.00013027,0.00010130,0.00004364,-0.00000737,-0.00022
671,-0.00006533,0.00014105,0.00002116,0.00004792,0.00005780,-0.00001613,0.000014
65,0.00000559,0.00063239,-0.00006057,-0.00006444,-0.00034135,0.00016385,-0.00002
671,-0.07732985,0.02191616,-0.02079706,-0.00317377,-0.00013657,0.00125881,0.0004
0723,0.00027000,0.00036937,0.00022776,0.00016349,-0.00014356,-0.00007832,-0.0000
2657,-0.00005767,0.00003450,-0.00000301,-0.00003012,-0.00013285,0.00005266,0.000
06518,-0.00105930,-0.00043835,0.00053554,0.00534855,-0.00148882,0.00444801,-0.01
449765,0.01768785,-0.01896481,-0.00001710,0.00000069,0.00001352,-0.00000725,0.00
001441,-0.00002733,-0.00070493,-0.00019191,-0.00071370,-0.00020119,-0.00006303,0
.00008706,-0.00002286,0.00007782,-0.00003600,0.00000385,-0.00007473,-0.00003060,
0.00000573,0.00000029,-0.00000146,0.00002729,0.00003353,-0.00002040,-0.00002188,
0.00001151,-0.00004478,-0.00000200,0.00002628,0.00002384,0.00000424,-0.00002188,
-0.00002621,-0.00003111,-0.00001316,0.00001022,0.50456487,0.00039524,0.00011600,
0.00023445,-0.00414926,0.00368447,0.00763158,-0.00134167,-0.00004133,-0.00015791
,-0.00003695,-0.00002472,-0.00005733,0.00001969,-0.00000589,0.00002479,-0.000036
69,0.00002492,-0.00001510,-0.00000436,0.00000404,-0.00001623,-0.00267423,-0.0021
8206,0.00293799,-0.00035461,-0.00233116,-0.00211219,-0.00002802,0.00004259,0.000
13079,0.00005713,-0.00063056,-0.00234364,0.00011950,0.00000872,-0.00013487,0.000
01776,-0.00003485,0.00007934,0.00005004,-0.00003366,0.00002757,-0.00009402,0.000
00440,0.00006448,0.00005691,-0.00001300,0.00003550,0.00000576,-0.00004547,0.0000
0285,0.00030705,-0.00026525,-0.00004123,-0.00027460,0.00035087,0.00016008,0.0278
9109,-0.09321390,0.03702206,0.00344930,0.00100049,-0.00155914,-0.00052866,-0.000
32660,0.00031457,0.00009287,-0.00028353,-0.00004365,0.00013184,-0.00002605,0.000
05067,0.00004059,-0.00004261,0.00002257,-0.00007571,-0.00007188,-0.00023041,0.00
006998,0.00018070,-0.00044219,0.00856483,-0.03794627,0.01285082,0.00484784,-0.00
270747,0.00416764,0.00001963,0.00000454,0.00000350,0.00001362,0.00001931,0.00000
817,0.00000925,0.00013271,0.00032859,0.00012943,-0.00000640,-0.00016186,0.000012
07,-0.00005180,-0.00002261,0.00000637,0.00004669,-0.00000480,0.00001984,0.000020
30,-0.00001108,-0.00000134,0.00001258,0.00002512,0.00003976,-0.00002647,0.000028
24,0.00003049,0.00002078,-0.00003328,-0.00001685,-0.00001152,0.00005522,0.000002
50,0.00000486,-0.00001197,-0.02194014,0.46764024,0.00017920,0.00007426,-0.000428
67,-0.00506647,0.01402558,-0.02079027,0.00055384,0.00072158,0.00096392,0.0000610
0,-0.00001810,0.00005632,-0.00002843,-0.00001125,-0.00003333,-0.00001980,0.00001
677,-0.00002159,0.00002759,0.00000284,-0.00000565,-0.00027079,-0.00024225,-0.000
22665,0.00149452,-0.00191650,0.00058262,-0.00009344,-0.00004165,-0.00006114,0.00
009034,-0.00074311,-0.00109315,0.00003460,0.00044056,-0.00014925,-0.00033036,0.0
0003217,-0.00006018,0.00000950,0.00001240,-0.00010290,-0.00001878,-0.00023891,-0
.00017079,-0.00001789,-0.00002357,-0.00001007,0.00003407,-0.00002172,-0.00002561
,-0.00014173,-0.00005524,0.00016743,0.00033620,-0.00046482,0.00016527,-0.0304048
0,0.04469743,-0.09873655,0.00070418,-0.00280203,0.00005149,-0.00028369,-0.000117
66,0.00000546,0.00044094,-0.00034504,-0.00002802,-0.00009183,-0.00009124,0.00001
949,0.00009575,0.00008121,-0.00002086,0.00009804,0.00016120,-0.00008655,0.000474
35,0.00012658,-0.00014974,0.00278036,0.00327276,0.00561443,-0.00290610,0.0034598
2,-0.00148042,0.00003045,-0.00001636,0.00000392,-0.00000060,-0.00001291,-0.00000
988,-0.00046531,0.00020207,0.00007935,-0.00009951,-0.00004515,0.00008713,-0.0000
4730,0.00005931,-0.00002095,-0.00001250,0.00001135,-0.00000433,0.00001425,-0.000
00113,-0.00000483,0.00000403,-0.00000831,-0.00000196,0.00000315,0.00001761,-0.00
001141,-0.00001730,-0.00002760,0.00001575,0.00000437,0.00001867,-0.00002564,0.00
003235,0.00000916,0.00000686,-0.02805634,0.02431722,0.44733605,0.00092701,0.0012
5304,-0.00035374,-0.00129945,0.00085496,0.00060798,-0.00079838,-0.00079273,0.001
27217,0.00001761,-0.00000008,-0.00007538,-0.00002105,-0.00007722,0.00008275,0.00
001288,-0.00008231,0.00005161,-0.00002497,-0.00005822,-0.00004670,0.00103879,-0.
00072819,-0.00079757,0.00014626,-0.00033710,-0.00041049,-0.00003785,0.00005130,-
0.00000557,0.00028577,0.00054233,0.00005259,0.00020930,0.00101862,0.00054516,0.0
0010029,-0.00003724,0.00016701,0.00016668,-0.00002840,-0.00011002,-0.00012766,-0
.00045610,-0.00029842,0.00001198,0.00001569,0.00008124,0.00004789,-0.00000474,-0
.00002661,-0.00027014,-0.00014504,-0.00003983,-0.00019514,0.00031224,-0.00016944
,-0.00202488,-0.00193470,-0.01175637,0.00086956,0.00017973,-0.00025637,-0.000214
99,-0.00046446,-0.00062609,-0.00188344,0.00097839,-0.00037339,-0.00015464,0.0000
8188,0.00066460,-0.00007245,-0.00027588,0.00000893,-0.00005181,-0.00021831,-0.00
001351,0.00004811,0.00012080,0.00007976,-0.00008696,0.00059097,-0.00161791,-0.00
033910,0.00047124,-0.00039276,0.00006345,0.00000875,0.00001572,0.00001206,0.0000
0931,0.00001525,-0.00386146,0.00039358,0.00081232,0.00011261,0.00005771,-0.00004
650,-0.00000703,0.00004114,-0.00003551,0.00002425,0.00000998,-0.00003262,0.00002
182,0.00000491,-0.00001176,-0.00001172,0.00001128,-0.00000865,0.00001628,0.00000
807,0.00000896,0.00001294,0.00001303,-0.00001070,-0.00001462,-0.00000865,-0.0000
0994,0.00002425,-0.00001455,-0.00003567,-0.07141059,-0.01137784,-0.02162988,0.51
202645,0.00108763,-0.00042473,-0.00022257,0.00168897,-0.00243665,-0.00039314,0.0
0026510,-0.00015914,0.00130174,-0.00000910,0.00000416,-0.00000100,0.00005472,-0.
00000095,0.00000697,0.00001945,0.00007891,-0.00004110,0.00004770,0.00001582,0.00
000586,-0.00069658,0.00022600,0.00185561,0.00017134,0.00138834,0.00077454,-0.000
08993,0.00004503,0.00002315,-0.00013963,-0.00021226,-0.00013891,0.00007543,0.000
32201,-0.00053182,-0.00011933,-0.00034990,0.00024225,-0.00009298,0.00012241,-0.0
0005563,-0.00101904,-0.00111861,0.00003059,-0.00000227,-0.00002229,0.00004303,0.
00001906,0.00000174,0.00003585,0.00009793,0.00005763,-0.00001657,-0.00014355,0.0
0012601,-0.00021170,0.00400265,0.00520502,0.01621077,-0.00096111,-0.00000090,0.0
0021803,0.00016918,-0.00036215,-0.00009621,0.00142492,-0.00143517,0.00054602,0.0
0002462,-0.00012106,-0.00003388,0.00025436,0.00027190,-0.00007749,-0.00004443,0.
00021275,-0.00006902,-0.00013841,-0.00006398,0.00010546,0.00129328,-0.00188713,0
.00401180,0.00034485,-0.00051528,0.00085295,0.00002886,-0.00002186,0.00001957,-0
.00000098,0.00001387,-0.00001176,0.00221802,0.00030963,-0.00096257,-0.00019770,-
0.00010874,0.00014382,-0.00002803,0.00002623,-0.00000812,-0.00000999,-0.00001248
,-0.00001986,0.00000838,0.00000719,-0.00001499,-0.00001401,0.00004560,0.00002811
,-0.00002982,0.00000538,-0.00003852,-0.00000947,0.00000041,0.00001292,0.00003454
,0.00000349,-0.00001579,-0.00000152,-0.00000042,-0.00001042,-0.00988220,-0.09032
904,-0.04843667,-0.01317771,0.50157193,0.00036845,-0.00007614,-0.00066911,-0.002
64230,0.00226587,0.00001968,0.00017059,0.00082527,-0.00080989,-0.00001165,0.0000
7626,0.00003399,0.00002164,-0.00005075,0.00003445,0.00004086,-0.00006852,-0.0000
0123,-0.00003224,-0.00000587,0.00000686,-0.00034382,-0.00043976,-0.00039168,0.00
023018,-0.00100408,-0.00059712,-0.00024420,0.00014052,0.00015522,0.00010531,-0.0
0018230,-0.00026926,0.00013853,-0.00037154,-0.00065447,-0.00007153,-0.00009892,0
.00013910,-0.00012649,0.00023597,0.00000837,-0.00055261,-0.00039290,0.00034789,0
.00002924,-0.00004228,0.00008911,0.00003170,0.00004080,0.00008563,-0.00022446,0.
00001974,-0.00016021,-0.00001421,-0.00023466,-0.00000371,-0.00727139,0.00066527,
-0.02578809,0.00117664,-0.00004493,-0.00045277,-0.00014937,0.00005738,-0.0001687
7,0.00048840,0.00018113,0.00023097,0.00016871,-0.00006705,-0.00003431,0.00010497
,-0.00003463,-0.00005770,0.00007426,-0.00003533,0.00001182,-0.00005682,-0.000042
56,-0.00008419,-0.00196586,0.00174974,-0.00385180,-0.00007108,0.00039435,-0.0005
2606,0.00000506,-0.00000285,-0.00001461,-0.00000671,-0.00001638,0.00001620,-0.00
040268,-0.00042153,0.00072509,0.00009851,0.00000236,-0.00001481,-0.00000484,0.00
012648,-0.00006527,0.00005229,-0.00001665,-0.00005669,0.00001687,-0.00000644,0.0
0000709,-0.00001528,0.00001465,0.00000533,-0.00004261,-0.00003448,-0.00000664,-0
.00001131,-0.00001059,0.00002379,-0.00002823,-0.00000832,0.00001879,0.00000301,-
0.00000481,-0.00000291,-0.02096173,-0.05307125,-0.15130457,-0.01904071,-0.037067
19,0.46374235,-0.00002221,0.00008794,0.00000622,-0.00050575,0.00042170,0.0010378
6,-0.00028945,-0.00012645,-0.00013053,-0.00003315,-0.00003540,-0.00001697,-0.000
00277,0.00001311,0.00002210,-0.00000641,0.00004399,0.00000061,0.00001302,0.00002
367,-0.00002565,0.00175696,-0.00053751,-0.00065703,-0.00019163,-0.00025748,-0.00
030519,0.00004659,-0.00001092,0.00001742,0.00006206,0.00085408,0.00049495,0.0000
9272,-0.00002175,0.00005052,0.00004979,-0.00003408,0.00004765,0.00003884,-0.0000
3827,0.00001278,-0.00004115,0.00000898,0.00002413,0.00001692,-0.00000273,0.00000
695,-0.00000320,-0.00002061,-0.00000843,-0.00001911,-0.00004303,-0.00003561,-0.0
0014546,0.00015001,0.00000302,0.00444760,0.00221156,-0.00008585,0.00045885,0.000
15760,-0.00015720,0.00000035,-0.00006138,0.00025964,0.00010889,-0.00002521,-0.00
009217,-0.00000126,-0.00000401,0.00001240,-0.00002627,-0.00001030,0.00001022,-0.
00008076,-0.00003172,-0.00008791,-0.00002779,-0.00000424,-0.00018318,-0.00100955
,0.00219321,-0.00083404,0.00105419,0.00213921,-0.00164850,0.00000722,-0.00001292
,0.00001226,0.00001089,0.00001925,-0.00000328,-0.00010508,-0.00009634,0.00007684
,0.00002095,0.00004568,-0.00008381,0.00002529,-0.00007250,0.00002396,-0.00002013
,0.00001382,0.00002285,0.00001061,0.00001190,-0.00000460,-0.00000140,-0.00002432
,-0.00000742,0.00003399,0.00000968,0.00003509,0.00002168,0.00001635,-0.00002245,
-0.00000644,-0.00000427,0.00000722,0.00000692,-0.00000160,0.00000368,-0.12373867
,-0.05587869,0.01560916,-0.00685963,-0.00899011,-0.00304884,0.50387157,0.0001433
5,0.00008771,0.00007015,0.00039699,-0.00038865,0.00123911,-0.00035848,-0.0003997
0,-0.00006159,-0.00000964,-0.00001415,-0.00002501,0.00002135,0.00001721,0.000034
46,0.00001492,0.00002604,0.00001107,0.00001130,0.00001233,-0.00000658,-0.0003967
6,-0.00095373,0.00034800,-0.00019694,-0.00058964,0.00000201,0.00003320,0.0000090
7,0.00000351,-0.00008095,0.00002773,-0.00039499,-0.00001402,-0.00008328,-0.00001
664,0.00002431,-0.00003480,0.00006923,0.00006693,-0.00001348,0.00001554,-0.00005
340,-0.00000380,0.00003007,0.00002288,0.00000923,0.00002061,0.00000102,-0.000003
01,0.00000072,0.00017748,-0.00001385,-0.00001304,-0.00017810,0.00014005,-0.00000
080,-0.00950724,-0.01894672,0.00830706,-0.00046460,0.00009918,-0.00001069,0.0001
6202,-0.00001653,0.00004239,0.00007738,0.00002975,-0.00012100,-0.00002837,-0.000
01591,0.00000575,0.00003829,0.00004032,-0.00000222,-0.00006201,-0.00002809,0.000
02051,-0.00014569,-0.00000392,0.00011868,0.00065454,-0.00268145,0.00228450,-0.00
186263,-0.00034859,-0.00012594,0.00000461,-0.00000886,0.00000765,0.00000733,0.00
001426,-0.00000080,-0.00008366,0.00001821,-0.00010198,-0.00000992,-0.00000478,-0
.00002504,0.00001201,-0.00002356,0.00000821,-0.00001224,0.00000523,0.00001171,0.
00000172,0.00001030,-0.00000375,0.00000403,0.00000545,0.00000017,0.00001067,0.00
000874,0.00000022,0.00001428,0.00001534,-0.00001452,0.00000262,-0.00000728,-0.00
000209,0.00000018,-0.00000919,0.00000306,-0.05615620,-0.12085240,0.01439863,-0.0
1415596,-0.01491087,-0.00294441,-0.03752785,0.47851891,0.00012580,-0.00002796,0.
00004385,0.00025205,0.00185823,-0.00004458,0.00015003,0.00020512,0.00009518,0.00
002859,0.00003128,0.00001083,0.00001416,-0.00002291,-0.00000892,-0.00000145,-0.0
0002475,-0.00000223,-0.00000602,-0.00001071,0.00000934,0.00000553,0.00028045,-0.
00036289,-0.00027735,-0.00091579,-0.00034971,-0.00007533,0.00004352,-0.00002680,
0.00022756,0.00033244,0.00047621,-0.00015904,-0.00021065,-0.00016204,-0.00000645
,-0.00002153,0.00003591,-0.00001527,0.00003203,-0.00000328,-0.00003492,0.0000296
5,0.00009050,0.00001335,0.00000068,0.00001457,-0.00000722,0.00000652,0.00001477,
-0.00018360,0.00004022,-0.00003253,0.00009245,-0.00013704,-0.00007403,0.00980087
,0.01620515,-0.00588153,0.00012102,-0.00032126,-0.00006947,0.00000785,0.00002993
,-0.00010998,-0.00019422,0.00012359,0.00010201,0.00003656,0.00000347,0.00001330,
0.00003438,0.00000908,0.00002310,0.00002720,0.00000880,-0.00001733,0.00005828,0.
00003270,0.00006376,-0.00064305,0.00197527,-0.00187389,0.00076518,0.00049492,0.0
0083297,0.00000299,0.00000844,-0.00000789,-0.00000743,-0.00001606,0.00000694,0.0
0001706,-0.00014163,-0.00003512,0.00000601,-0.00001975,0.00002665,-0.00001516,0.
00004766,-0.00001356,0.00002449,-0.00000548,-0.00001862,0.00000244,-0.00001082,0
.00000336,-0.00000987,0.00000204,0.00000127,-0.00002979,-0.00001576,0.00000010,-
0.00001206,-0.00000925,0.00001334,-0.00000131,0.00000659,0.00000406,0.00000006,0
.00000123,-0.00000317,0.01758731,0.01729305,-0.06563774,-0.01744733,-0.01733903,
-0.00049540,0.00738913,-0.01350465,0.49512528,-0.00005629,0.00000042,0.00003150,
0.00049243,0.00041524,0.00022185,0.00009474,0.00002084,-0.00006221,-0.00000015,0
.00000110,0.00000319,0.00000594,-0.00000409,0.00000741,-0.00000213,0.00000137,0.
00000182,-0.00000482,-0.00000147,0.00000189,-0.00017032,-0.00001736,-0.00000536,
-0.00016646,-0.00150125,0.00099259,0.00002019,-0.00000195,-0.00001275,-0.0000057
9,-0.00001856,0.00001117,-0.00001529,-0.00010424,-0.00000220,0.00003985,-0.00001
292,0.00002833,0.00001407,0.00000273,0.00000228,-0.00002196,0.00003317,0.0000451
2,0.00000595,0.00000908,0.00000393,-0.00001313,-0.00000065,0.00000267,0.00005032
,0.00002501,-0.00001006,-0.00004391,0.00004266,-0.00006178,-0.00010341,0.0002862
3,-0.00028056,-0.00025417,-0.00013887,0.00002859,0.00005418,0.00007519,0.0000376
8,-0.00001472,0.00008009,-0.00002232,0.00000042,0.00000644,-0.00001484,-0.000028
13,-0.00000291,-0.00000941,-0.00002160,-0.00001254,0.00001894,0.00001097,-0.0000
5234,0.00000625,0.00010170,-0.00009508,0.00008078,0.00005109,0.00005969,0.000090
44,-0.00000424,-0.00000462,0.00000609,-0.00000060,-0.00000249,-0.00000013,0.0000
4638,-0.00006530,-0.00000644,-0.00001780,-0.00000174,0.00001487,0.00000441,0.000
00185,0.00000299,0.00000438,-0.00001183,-0.00000183,-0.00000528,-0.00000620,0.00
000434,0.00000251,0.00000321,-0.00000625,-0.00000486,0.00000442,-0.00000530,-0.0
0000273,-0.00000187,0.00000307,-0.00000093,-0.00000446,-0.00000801,-0.00000240,-
0.00000625,-0.00000214,-0.00410866,-0.01389140,-0.01406930,-0.00258740,-0.003557
11,0.00005400,-0.06672606,-0.00417366,-0.00844549,0.52242134,-0.00004574,-0.0000
4103,0.00001886,-0.00012756,0.00031386,0.00074257,-0.00007501,0.00002778,-0.0000
7767,-0.00002437,-0.00001189,0.00000220,-0.00000218,0.00000131,0.00000432,-0.000
01007,0.00000628,-0.00000035,-0.00000683,0.00000497,0.00000043,-0.00007480,-0.00
011250,-0.00008765,-0.00062113,-0.00157273,0.00154062,0.00002897,-0.00000597,0.0
0001007,0.00006940,0.00008442,0.00004237,0.00005043,-0.00003982,0.00000157,0.000
02487,-0.00000255,-0.00000034,-0.00002899,-0.00000684,0.00000646,-0.00000935,0.0
0001888,0.00003042,0.00000298,-0.00000339,0.00000494,-0.00000846,-0.00000591,-0.
00000328,-0.00004934,0.00002950,-0.00001453,-0.00001333,0.00003065,-0.00002428,0
.00037330,0.00060270,-0.00042097,0.00000062,-0.00008738,-0.00010631,0.00006305,0
.00000256,-0.00000209,0.00001056,0.00003127,0.00001457,0.00001690,0.00001605,-0.
00001372,-0.00002802,-0.00001187,0.00000170,0.00002730,0.00000376,0.00000873,-0.
00001176,0.00001691,-0.00000546,0.00003623,0.00003968,0.00003488,-0.00009792,-0.
00030157,0.00001456,0.00000006,-0.00000340,0.00000680,0.,-0.00000140,0.00000623,
-0.00001868,-0.00004623,0.00001571,-0.00000424,0.00000159,0.00000072,0.00000670,
-0.00001756,0.00001253,-0.00000684,0.00000435,0.00000688,-0.00000574,-0.00000365
,0.00000490,0.00000016,-0.00000240,-0.00000344,-0.00000213,0.00000004,0.00000323
,-0.00000166,-0.00000140,-0.00000050,-0.00000261,-0.00000034,-0.00000218,0.00000
374,-0.00000147,-0.00000144,-0.00658674,-0.01728996,-0.01635574,-0.00269131,-0.0
0277928,0.00035309,-0.00470191,-0.11729123,-0.06731067,-0.00105406,0.49850995,0.
00000721,-0.00001019,0.00000977,-0.00011367,-0.00027718,-0.00043408,-0.00004524,
0.00000299,-0.00006756,-0.00002113,-0.00001614,0.00000055,0.00000355,0.00000625,
0.00000821,-0.00000721,0.00000517,0.00000840,-0.00000879,-0.00000137,0.00000630,
0.00019331,-0.00006437,-0.00004263,0.00021162,0.00179068,-0.00061898,-0.00002526
,0.00000195,0.00000684,0.00002405,0.00010249,0.00003614,0.00003094,0.00006230,-0
.00002133,-0.00000382,-0.00000424,0.00000452,-0.00000677,-0.00000054,-0.00000829
,-0.00000192,-0.00000230,-0.00000253,0.00000785,-0.00000486,0.00000316,0.0000007
2,-0.00001250,-0.00000028,-0.00001128,-0.00001145,-0.00000150,0.00000606,0.00000
340,0.00002929,-0.00006679,0.00045057,-0.00007513,0.00045747,0.00024914,0.000098
54,0.00000551,-0.00002759,-0.00003418,0.00005699,-0.00000186,-0.00002266,0.00000
434,-0.00000627,0.00002697,0.00000053,-0.00000118,-0.00001011,0.00000673,-0.0000
0416,0.00001549,-0.00003261,-0.00000055,0.00000187,-0.00005606,-0.00009011,-0.00
019487,-0.00006773,0.00033028,0.00028050,0.00000352,-0.00000275,0.00000011,0.000
00336,0.00000506,0.00000369,0.00001104,0.00001112,-0.00002185,0.00000059,0.00001
409,-0.00001721,0.00000600,-0.00002285,0.00000879,-0.00000877,0.00000895,0.00000
698,0.00000132,0.00000410,-0.00000164,-0.00000190,-0.00000471,-0.00000078,0.0000
1558,0.00000091,0.00000999,0.00000457,0.00000365,-0.00000288,0.00000112,-0.00000
293,0.00001017,-0.00000446,0.00000166,0.00000027,-0.00269042,-0.00223195,0.00241
296,0.00024810,0.00032179,0.00055663,-0.00820506,-0.06379532,-0.15179390,-0.0055
4091,-0.03506709,0.49635899,0.00036867,0.00020555,-0.00009426,-0.00027440,-0.000
00610,0.00009826,-0.00054050,0.00010382,0.00068721,0.00004002,0.00003110,0.00002
333,0.00001375,-0.00001659,0.00005875,-0.00001685,-0.00004041,0.00000879,-0.0000
0832,-0.00002697,-0.00000917,0.00030894,0.00000439,0.00058429,0.00010965,-0.0000
6315,-0.00009084,-0.00001444,0.00003602,-0.00002049,0.00008696,-0.00030184,-0.00
044352,-0.00029409,-0.00000997,0.00016398,0.00008191,0.00013128,-0.00016282,0.00
004602,-0.00000057,-0.00005163,-0.00052975,-0.00042901,-0.00025083,-0.00000420,0
.00000633,0.00002701,0.00005341,-0.00000571,-0.00002780,-0.00048488,-0.00013629,
0.00017813,0.00023443,-0.00022153,0.00002932,0.00065249,0.00020768,0.00008345,0.
00010023,-0.00011999,-0.00009495,-0.00013315,-0.00006745,-0.00026938,-0.00074122
,0.00051730,-0.00012362,0.00008090,0.00003611,0.00027653,0.00003494,-0.00008508,
-0.00000428,0.00016577,-0.00004202,-0.00007691,-0.00000269,-0.00006536,-0.000125
21,0.00005549,0.00001425,-0.00069960,0.00015258,-0.00013609,0.00015992,0.0000530
6,0.00000584,-0.00002134,0.00001188,-0.00001852,0.00000707,-0.00071463,-0.000135
67,0.00048157,0.00010098,0.00001252,0.00000244,0.00000213,0.00005389,-0.00000204
,0.00002858,0.00001989,-0.00002693,0.00001286,-0.00000553,-0.00000625,-0.0000100
3,-0.00000225,0.00000196,-0.00004359,-0.00001647,-0.00001205,0.00000026,-0.00001
544,0.00000074,-0.00001297,-0.00000259,-0.00001596,0.00002323,-0.00000371,-0.000
02524,0.00446060,-0.00131244,0.00113011,-0.19631300,0.09395144,0.06252929,0.0007
0823,-0.00021630,-0.00048512,-0.00009647,-0.00009597,-0.00012062,0.22357379,-0.0
0020625,-0.00017040,0.00007812,0.00013728,-0.00011127,0.00000558,-0.00009746,-0.
00011029,-0.00004392,-0.00002253,-0.00003913,0.00003160,0.00000766,0.00000954,0.
00001092,-0.00003451,0.00003323,0.00000168,-0.00000134,0.00003188,0.00001896,0.0
0048137,-0.00019120,0.00029996,-0.00009077,0.00001660,-0.00001249,0.00000996,0.0
0000299,0.00000907,-0.00004449,0.00007599,-0.00008194,0.00007658,-0.00017822,0.0
0006701,0.00012131,0.00003899,-0.00002551,0.00001282,-0.00003765,-0.00002934,-0.
00027308,0.00004980,-0.00003121,0.00002631,0.00000622,0.00001023,-0.00000952,-0.
00003498,-0.00002120,-0.00002219,-0.00004454,0.00007603,-0.00001137,0.00002013,-
0.00005898,-0.00018128,0.00013537,0.00090398,-0.00015306,0.00001462,0.00008612,0
.00013317,0.00010667,-0.00007301,-0.00029173,0.00026169,-0.00005906,0.00008801,0
.00007689,-0.00006974,-0.00009051,0.00000423,-0.00001130,0.00002796,0.00001393,0
.00008407,-0.00004662,-0.00002898,0.00003769,-0.00029036,0.00003743,0.00158408,-
0.00012454,-0.00000776,-0.00015589,0.00001027,-0.00003264,0.00001769,0.00001224,
0.00001032,-0.00000356,-0.00020193,-0.00018159,0.00008756,0.00002384,0.00005547,
-0.00003765,0.00001160,-0.00005947,0.00002810,-0.00001579,0.00000858,0.00002207,
-0.00000194,0.00000647,-0.00000599,0.00000071,-0.00001898,-0.00001501,0.00003576
,0.00001564,0.00002102,0.00001140,0.00000967,-0.00001614,0.00000025,-0.00000569,
0.00000015,0.00000040,-0.00000722,0.00000770,0.01191312,-0.00916106,-0.00917747,
0.09340462,-0.10173343,-0.03719237,0.00071595,0.00030442,-0.00007153,-0.00010148
,0.00003448,0.00013676,-0.11124385,0.11773186,-0.00029228,-0.00007406,0.00003366
,0.00024897,-0.00031464,-0.00025026,0.00046942,-0.00000317,-0.00040984,-0.000019
58,-0.00003232,0.00003030,-0.00000439,0.00001770,0.00000457,-0.00000963,0.000011
09,0.00000848,-0.00002538,0.00000413,0.00001985,0.00039893,0.00137255,-0.0009224
8,-0.00002733,0.00030207,0.00029071,0.00005081,-0.00002445,-0.00005944,-0.000272
67,-0.00020752,0.00015112,0.00001335,-0.00004254,0.00002930,0.00002451,0.0000018
7,0.00000661,-0.00003398,-0.00000525,0.00000367,0.00000457,0.00001579,0.00019640
,-0.00002184,0.00001011,-0.00001656,-0.00002165,-0.00000425,-0.00001359,0.000352
18,0.00008318,-0.00007606,-0.00000041,0.00013038,-0.00000143,0.00081223,-0.00017
781,0.00127615,-0.00020866,0.00005316,0.00018019,0.00005918,0.00005167,0.0000148
0,-0.00000801,0.00002914,0.00002842,-0.00010204,-0.00004665,0.00001192,-0.000066
36,-0.00000788,-0.00003292,-0.00002867,0.00000163,0.00009057,-0.00009504,-0.0000
2801,0.00007823,0.00027240,0.00042030,-0.00104448,-0.00017798,-0.00018543,-0.000
09894,-0.00002472,-0.00001189,0.00000913,-0.00000592,-0.00000140,-0.00000442,0.0
0042656,-0.00000684,-0.00018275,-0.00010955,-0.00001394,0.00001796,-0.00000336,-
0.00002872,0.00001211,-0.00002056,-0.00001565,0.00001580,-0.00001384,-0.00000468
,0.00000742,0.00001554,0.00000189,-0.00000721,0.00002730,0.00000580,-0.00000308,
-0.00000469,0.00000786,0.00001119,0.00000876,-0.00000978,0.00000881,-0.00002032,
0.00000121,0.00001249,0.02107742,-0.01563088,-0.01362542,0.06327888,-0.03776858,
-0.06863113,0.00061717,0.00056549,0.00056000,-0.00011827,0.00006518,0.00005171,-
0.07280117,0.04577931,0.08193953,0.00010471,0.00018464,-0.00028273,-0.00033626,0
.00034480,0.00017454,-0.00027811,-0.00003797,-0.00003716,-0.00001173,-0.00002776
,0.00003075,-0.00005853,-0.00004239,-0.00004470,0.00003067,0.00004460,-0.0000379
3,0.00003985,0.00002957,-0.00002878,-0.00008179,-0.00009038,0.00011347,-0.000024
77,-0.00020934,-0.00013447,0.00006803,0.00005241,-0.00001396,-0.00006173,0.00004
580,-0.00000290,-0.00014531,-0.00017726,-0.00007583,0.00000926,-0.00001307,0.000
10379,-0.00003715,0.00003991,-0.00010200,-0.00005619,-0.00004961,0.00012601,-0.0
0000718,-0.00003199,0.00002428,0.00000413,-0.00000395,-0.00002664,0.00003795,-0.
00002262,0.00001879,0.00001451,0.00008765,-0.00008323,0.00021192,-0.00055476,-0.
00203651,0.00020773,0.00000799,-0.00010403,0.00002673,0.00000780,0.00012773,-0.0
0041575,-0.00029746,0.00040650,-0.00004777,-0.00001896,-0.00003972,0.00001064,-0
.00000727,-0.00002210,0.00010057,0.00003828,-0.00006617,-0.00000370,-0.00005078,
-0.00003132,0.00018388,-0.00039101,0.00009534,0.00006013,0.00009685,0.00004961,0
.00002012,-0.00000310,0.00000989,0.00001740,0.00000491,0.00000177,-0.00245886,0.
00009145,0.00114359,0.00005907,0.00005212,-0.00006674,0.00000928,-0.00006111,0.0
0002652,-0.00001841,0.00002486,0.00002635,-0.00000216,0.00001123,-0.00000648,-0.
00000078,-0.00000165,-0.00001123,0.00001264,0.00000722,0.00000828,0.00000910,0.0
0000214,-0.00001652,0.00000438,0.00000119,0.00000274,0.00000686,0.00000407,-0.00
000491,-0.00228300,0.00408174,-0.00627475,-0.05839169,0.04128879,-0.03870281,0.0
0003612,0.00065786,-0.00097381,0.00002336,-0.00002879,0.00018879,-0.00990079,0.0
2214081,-0.01737757,0.06815037,0.00030218,0.00016146,-0.00054935,-0.00012845,0.0
0003993,-0.00044257,0.00035070,0.00000868,0.00006111,0.00004653,0.00004552,0.000
00125,-0.00009379,-0.00002606,-0.00005365,0.00003635,0.00001764,-0.00003837,0.00
004502,0.00001726,-0.00003865,-0.00068210,0.00071812,0.00020769,0.00003073,0.000
07412,0.00019136,0.00016120,0.00008923,-0.00012142,-0.00018512,-0.00024943,0.000
03230,-0.00030987,-0.00022585,-0.00000990,-0.00001978,-0.00002746,0.00009123,-0.
00001387,0.00006689,0.00002744,0.00002938,-0.00038444,0.00027061,-0.00009386,-0.
00003090,-0.00003773,0.00000589,0.00002784,-0.00001280,0.00027686,0.00015714,-0.
00004055,0.00002323,0.00012055,-0.00004641,-0.00104693,-0.00083499,-0.00185491,-
0.00008674,-0.00005978,0.00008005,0.00006211,0.00007705,0.00009508,0.00022181,-0
.00037491,0.00017481,0.00001501,0.00000525,-0.00010741,0.00002955,0.00004323,0.0
0000510,0.00016398,0.00010938,-0.00007525,0.00001742,-0.00007701,-0.00001118,0.0
0071650,-0.00095327,0.00165449,-0.00019745,0.00017396,-0.00024067,-0.00000580,0.
00001642,-0.00000932,-0.00000105,-0.00001313,-0.00001761,-0.00062858,0.00089908,
0.00025026,-0.00008565,-0.00003078,0.00002014,0.00000327,0.00000919,-0.00000427,
-0.00000176,-0.00000982,-0.00000956,-0.00002513,-0.00001132,0.00001468,0.0000160
2,0.00002981,-0.00000324,-0.00001651,0.00000206,-0.00003711,-0.00001786,-0.00001
539,0.00002250,0.00000200,-0.00000372,-0.00001754,-0.00000344,0.00000776,0.00000
219,-0.00337993,0.00753037,-0.00748905,0.04222682,-0.15406869,0.11043985,-0.0002
1956,0.00062734,-0.00141027,0.00000352,-0.00003915,-0.00009571,0.00782504,-0.014
84718,0.01186337,-0.04917234,0.17792750,-0.00034309,-0.00023954,0.00043190,-0.00
126869,0.00112015,0.00102046,-0.00054546,-0.00002724,-0.00032826,-0.00006813,-0.
00007132,0.00001501,0.00001019,0.00000908,0.00004146,-0.00005770,-0.00001021,0.0
0002589,-0.00006579,-0.00000157,0.00004701,0.00041319,-0.00054094,-0.00021963,0.
00003032,-0.00064699,-0.00047563,-0.00011347,-0.00002484,0.00004054,0.00016676,0
.00033017,0.00008676,0.00012624,0.00007760,-0.00004594,0.00004842,0.00000474,-0.
00001377,-0.00003692,-0.00004986,-0.00003210,0.00009874,0.00022428,-0.00001483,0
.00003432,-0.00000429,0.00001669,-0.00000169,-0.00004137,-0.00000614,-0.00019421
,-0.00008247,-0.00001448,0.00007342,0.00002003,0.00000610,-0.00119206,-0.0016143
3,-0.00615966,0.00082099,0.00014927,-0.00021635,-0.00000430,-0.00010608,-0.00023
987,0.00001924,0.00027217,-0.00028669,0.00004384,0.00000700,0.00023866,-0.000060
78,-0.00004824,-0.00006159,-0.00003529,-0.00007227,0.00002566,-0.00004835,0.0000
5557,-0.00007710,-0.00014288,-0.00069982,-0.00022850,0.00001372,0.00023822,-0.00
023691,0.00001207,-0.00002741,0.00000985,0.00001076,0.00000913,0.00001876,0.0017
7546,-0.00006977,0.00020275,0.00008889,0.00004128,-0.00007478,-0.00000027,-0.000
06136,0.00002384,-0.00001669,0.00002726,0.00002903,0.00001674,0.00001141,-0.0000
1104,-0.00000823,-0.00002881,-0.00000600,0.00003009,-0.00001119,0.00004415,0.000
02243,0.00001773,-0.00002531,-0.00000489,-0.00000631,0.00003595,-0.00000111,-0.0
0000358,-0.00000037,-0.00907567,0.01626910,-0.02296688,-0.03983275,0.11108099,-0
.15063668,0.00046623,0.00125993,0.00043614,0.00018946,0.00011723,0.00022337,0.00
191619,-0.00519365,0.00642379,0.04781473,-0.12778731,0.17645416,0.00398469,0.002
00402,-0.00100827,0.00011650,-0.00048438,-0.00104677,0.00147051,0.00019776,-0.00
094227,0.00024857,0.00044840,-0.00034708,0.00008968,-0.00034676,0.00017441,0.000
41457,-0.00007347,-0.00009876,0.00027516,-0.00006863,-0.00034635,-0.00183229,0.0
0154322,-0.00011585,0.00000236,0.00025114,0.00041108,0.00069420,0.00076459,-0.00
019288,-0.00042566,-0.00054728,0.00020206,-0.00156699,-0.00224701,-0.00080826,-0
.00053193,0.00057554,0.00072194,0.00007743,0.00079616,-0.00002406,0.00049484,-0.
00213915,-0.00040040,-0.00011651,0.00023854,0.00033723,0.00018376,0.00034667,-0.
00000477,0.00067257,0.00049681,-0.00013055,-0.00103898,0.00017916,0.00059893,-0.
00048013,-0.00053113,0.00047846,-0.00022434,0.00001452,-0.00010780,-0.00143945,-
0.00039010,0.00116168,-0.00397536,0.00140680,-0.00004761,-0.00041607,-0.00105265
,0.00011661,0.00047343,-0.00058449,-0.00019533,0.00096491,-0.00045188,-0.0004716
6,0.00001638,-0.00027601,-0.00021188,0.00005019,-0.00020126,0.00013905,0.0001088
0,0.00000204,0.00008464,0.00004610,0.00028706,-0.00027228,0.00002308,0.00001496,
-0.00008831,-0.00381236,0.00423135,0.00003682,-0.00035542,0.00019520,-0.00029772
,0.00002670,-0.00000121,0.00000491,-0.00000250,-0.00004130,-0.00005841,-0.000029
72,-0.00001107,0.00001147,-0.00000215,0.00002625,-0.00003449,0.00006930,0.000079
81,-0.00001163,-0.00001807,0.00000088,0.00002614,0.00004477,0.00002097,-0.000013
34,-0.00001677,0.00005241,-0.00004795,-0.00639342,-0.00663731,-0.00200635,-0.172
54853,-0.10802563,0.02948636,0.00026901,-0.00082697,-0.00149431,-0.00019816,-0.0
0029445,0.00006806,-0.02258990,-0.01443902,0.00588694,0.00524905,0.00426802,-0.0
0072941,0.20033174,0.00257237,-0.00119062,-0.00024453,-0.00033749,-0.00052300,-0
.00059213,-0.00001186,0.00088178,0.00085680,0.00014989,0.00020130,-0.00018143,0.
00015929,-0.00015130,0.00019380,-0.00002707,-0.00010792,-0.00004235,0.00004037,-
0.00004932,-0.00001946,0.00034598,0.00078928,0.00041859,0.00008574,0.00016583,0.
00015570,-0.00005778,0.00041270,-0.00003695,-0.00001799,-0.00039087,-0.00027887,
-0.00257276,-0.00297005,-0.00114947,-0.00065698,0.00054310,-0.00010700,0.0000411
5,0.00035902,0.00012554,-0.00132815,-0.00459269,-0.00329960,-0.00000164,0.000133
08,0.00016352,0.00020034,0.00005314,-0.00001929,-0.00012535,-0.00019331,0.000270
99,-0.00042395,-0.00109520,0.00094652,-0.00020206,-0.00016435,0.00048339,0.00011
924,-0.00004499,-0.00012110,-0.00050726,-0.00024189,-0.00072131,-0.00023165,0.00
020958,0.00010951,0.00072120,-0.00008373,0.00051486,0.00020754,-0.00013763,-0.00
021886,0.00078538,-0.00009966,-0.00017356,-0.00000794,-0.00031831,-0.00049519,0.
00220286,-0.00102409,0.00306481,0.00005329,-0.00013767,-0.00006417,0.00010102,0.
00006332,-0.00016897,0.00002041,-0.00000788,-0.00005025,0.00349497,-0.00287966,0
.00080336,-0.00013596,0.00010209,-0.00013043,-0.00004321,0.00003474,0.00005967,0
.00003322,0.00002530,-0.00003883,0.00001030,-0.00001037,-0.00001934,-0.00001094,
-0.00005315,0.00001968,-0.00000427,-0.00000467,0.00000871,0.00000188,-0.00002004
,-0.00000467,0.00003224,0.00001457,-0.00000771,0.00001488,0.00002602,-0.00005052
,-0.01215218,-0.01088355,-0.00162375,-0.10629594,-0.12888728,0.02402014,-0.00094
057,-0.00159061,-0.00288807,-0.00066599,-0.00041313,-0.00003281,0.01188285,0.009
47449,-0.00239531,-0.01702320,-0.01663535,0.00676851,0.12040963,0.16149151,-0.00
117548,-0.00051350,-0.00176317,-0.00051790,-0.00058331,-0.00036090,0.00020619,0.
00130723,-0.00156873,0.00001976,-0.00009012,0.00008117,-0.00027765,0.00004355,-0
.00016978,-0.00001176,-0.00003273,-0.00010213,-0.00004885,0.00010217,0.00005714,
-0.00099539,0.00075837,-0.00013739,0.00025164,0.00039617,0.00022308,-0.00001915,
-0.00002242,-0.00021392,0.00004389,-0.00044019,-0.00018263,-0.00040146,-0.000715
63,0.00112291,-0.00040137,-0.00009535,-0.00011926,-0.00010276,0.00002044,-0.0000
5828,-0.00013051,-0.00283488,-0.00062331,-0.00026454,-0.00009849,-0.00025430,0.0
0002851,0.00006519,-0.00007583,0.00005075,0.00023037,0.00011009,0.00083350,0.000
55637,0.00015036,0.00022574,-0.00041833,0.00089341,0.00024004,0.00009860,0.00007
112,0.00105815,0.00005349,-0.00039859,0.00092517,-0.00035917,0.00106275,-0.00024
437,0.00005790,0.00009284,-0.00012713,0.00005236,-0.00019217,0.00011597,0.000163
19,-0.00004758,0.00006447,-0.00033681,-0.00036845,-0.00239142,0.00189011,-0.0024
8898,0.00019068,0.00004966,0.00009635,0.00000314,-0.00009776,0.00002247,-0.00000
020,-0.00005038,0.00001616,-0.00033205,0.00066120,0.00123316,0.00011850,0.000009
28,0.00001974,0.00002365,-0.00004490,0.00000717,-0.00001916,0.00003684,0.0000340
4,-0.00003096,-0.00002409,0.00002378,0.00001417,0.00002395,-0.00000732,0.0000140
9,0.00002382,-0.00002738,-0.00001704,-0.00003057,0.00002089,-0.00001365,-0.00000
528,-0.00004073,0.00005885,-0.00002319,0.00003125,-0.01956155,-0.01732087,0.0010
6639,0.02871860,0.02361568,-0.04693197,-0.00126264,-0.00223101,-0.00407708,-0.00
092362,-0.00097867,0.00018555,0.00855039,0.00597763,-0.00143225,0.01586639,0.015
27942,-0.00449417,-0.02850049,-0.02364599,0.05882170,0.00027157,0.00030377,0.000
39225,-0.00022770,0.00092513,0.00128881,0.00037400,0.00082015,-0.00022086,-0.000
00686,0.00001773,0.00001766,0.00005158,-0.00001333,0.00001270,-0.00000090,0.0000
1592,0.00000093,0.00001824,-0.00002303,0.00000714,-0.00054613,0.00035387,0.00007
847,-0.00015961,-0.00094562,-0.00024586,0.00001948,-0.00002384,0.00002227,0.0000
8604,-0.00014127,0.00001529,-0.00008156,0.00009004,-0.00002621,0.00012971,0.0000
8187,-0.00006170,-0.00007107,-0.00002714,-0.00005047,-0.00004890,0.00004648,0.00
005611,0.00002839,0.00003706,0.00002245,-0.00004480,-0.00001968,-0.00001271,-0.0
0014302,0.00002497,0.00003227,0.00005313,0.00000456,-0.00002500,-0.01004620,0.00
730978,-0.00051651,0.00066618,0.00017252,-0.00032504,-0.00162919,-0.00041593,0.0
0010892,-0.00064867,-0.00021652,-0.00023990,-0.00003033,-0.00011306,-0.00007818,
0.00004525,-0.00005908,0.00000953,-0.00013004,-0.00016500,0.00005583,-0.00110437
,-0.00069290,0.00105312,-0.00035890,0.00056179,-0.00009020,-0.00123031,0.0016430
2,-0.00115209,0.00000409,0.00003446,-0.00000859,-0.00000261,0.00000429,0.0000085
2,-0.00000481,-0.00006723,-0.00061244,-0.00001254,0.00008969,0.00000006,0.000020
91,-0.00004029,0.00000795,-0.00000147,0.00000291,-0.00000377,-0.00000848,0.00000
380,-0.00000033,-0.00000482,-0.00001337,-0.00002645,0.00000714,0.00000999,0.0000
1671,-0.00001104,-0.00000480,-0.00000943,0.00000454,0.00002240,0.00000874,-0.000
00587,0.00000363,0.00000175,-0.19560152,0.07939404,0.06844090,0.00357636,-0.0011
9958,-0.00093803,-0.02386384,0.00487646,0.00915286,0.00085074,0.00115311,0.00034
679,0.00075137,-0.00063626,-0.00085657,0.00014911,-0.00015314,0.00015573,0.00063
941,-0.00017842,-0.00038361,0.23077303,0.00064119,0.00050157,0.00025834,0.002099
14,0.00057479,-0.00135012,-0.00005002,-0.00138382,0.00053896,0.00003463,0.000042
68,-0.00002227,0.00007027,-0.00002945,0.00005948,0.00010559,0.00002925,0.0000285
1,0.00003935,-0.00002368,-0.00002931,0.00016433,-0.00020138,-0.00014811,-0.00005
790,0.00004468,0.00028581,0.00007913,0.00003431,0.00000834,-0.00021805,0.0000088
6,-0.00013476,-0.00017790,0.00002796,-0.00006635,0.00003503,0.00002836,0.0000620
0,0.00009618,0.00003684,0.00001412,0.00000119,-0.00000900,0.00002190,0.00003241,
0.00004850,0.00005578,0.00001149,0.00003043,0.00001872,0.00025309,-0.00002179,-0
.00002783,-0.00025371,0.00009949,-0.00006279,0.01807674,-0.00921596,-0.00107504,
-0.00112880,-0.00030070,-0.00006738,-0.00027528,-0.00009292,-0.00014782,-0.00006
188,-0.00005428,-0.00023028,-0.00006569,-0.00009824,-0.00005848,0.00016327,0.000
04302,0.00000615,-0.00019254,-0.00012261,0.00014718,-0.00118372,0.00034951,0.001
04270,0.00040625,-0.00114417,0.00068146,0.00138030,-0.00224906,0.00162850,-0.000
01546,0.00002765,-0.00001958,0.00001121,0.00003313,-0.00003531,-0.00020179,0.000
26763,-0.00060135,-0.00001389,-0.00001879,-0.00004230,0.00002214,0.00006976,-0.0
0003407,0.00000347,-0.00002323,-0.00000487,0.00001875,0.00002948,-0.00002231,0.0
0001463,0.00003583,0.00000316,-0.00002989,-0.00000632,-0.00004693,0.00001539,0.0
0003420,-0.00000455,0.00000560,-0.00002102,0.00001172,-0.00004591,0.00000488,0.0
0001305,0.08025729,-0.08116945,-0.03404353,0.01163904,-0.00758640,-0.00941504,-0
.01803681,0.00591568,0.00636574,-0.00078217,0.00094863,0.00061058,-0.00042378,-0
.00128618,-0.00350786,-0.00006333,0.00030994,0.00034652,0.00065268,-0.00004929,-
0.00015738,-0.08930149,0.09779176,0.00022779,0.00011558,-0.00026304,-0.00152973,
0.00164150,0.00081236,-0.00005011,-0.00025298,0.00036031,0.00002409,0.00003229,-
0.00000776,0.00000135,-0.00001303,-0.00002671,0.00006266,0.00002086,-0.00004130,
0.00007490,0.00002360,-0.00005486,0.00045115,-0.00003897,-0.00023158,0.00007305,
-0.00045989,0.00014576,0.00002052,0.00001086,-0.00001998,-0.00005932,0.00026437,
0.00029021,-0.00009590,-0.00005682,-0.00000879,-0.00004100,-0.00002640,0.0000732
1,0.00005367,0.00008410,-0.00003984,0.00005845,0.00000955,0.00000655,-0.00000112
,0.00000706,0.00002714,0.00001134,0.00003494,0.00000218,0.00010350,-0.00001650,-
0.00008872,-0.00014257,0.00002636,-0.00003325,-0.01523390,0.00941213,0.00291072,
0.00007236,-0.00031844,0.00017367,0.00059431,0.00012546,0.00048736,-0.00031331,-
0.00011507,0.00038577,-0.00005146,-0.00000979,-0.00027690,0.00004301,0.00004677,
0.00002094,-0.00007255,-0.00004765,-0.00006795,0.00106615,0.00044763,0.00012240,
-0.00079501,0.00069308,-0.00048112,-0.00199237,0.00229965,-0.00170325,-0.0000031
6,0.00001628,-0.00000231,-0.00000247,0.00000596,-0.00001947,-0.00066787,-0.00018
459,-0.00114775,0.00002345,0.00000252,-0.00000372,0.00000519,0.00002792,-0.00000
126,0.00000078,-0.00000014,0.00000346,0.00000703,0.00000103,-0.00000529,0.000001
11,-0.00000753,0.00000100,-0.00003281,-0.00000186,-0.00000826,-0.00000037,-0.000
00659,-0.00000754,-0.00001857,0.00001247,-0.00003011,0.00002451,0.00000025,0.000
00786,0.06737458,-0.03356781,-0.06950548,0.02060416,-0.01502236,-0.01474855,0.00
704141,-0.00156124,-0.00141340,-0.00096222,-0.00017186,0.00039536,-0.00081774,-0
.00312580,-0.00530194,0.00039934,0.00013854,0.00021286,0.00046258,0.00032463,0.0
0079645,-0.07636786,0.03837528,0.08831595,0.00001613,-0.00002763,-0.00004749,-0.
00008962,-0.00052135,-0.00022037,-0.00004317,0.00002172,0.00000345,-0.00000599,-
0.00000069,0.00000772,-0.00000435,0.00000057,-0.00000677,0.00000489,0.00000667,-
0.00000452,0.00001332,0.00000581,-0.00000638,-0.00027087,-0.00009071,0.00016178,
0.00019164,0.00033373,0.00001634,-0.00001099,0.00000958,0.00000457,-0.00006385,-
0.00012558,-0.00015480,-0.00000190,0.00002257,-0.00000190,0.00000126,0.00000047,
-0.00000096,-0.00000715,0.00000985,-0.00000692,0.00000484,-0.00001255,0.00001361
,0.00000234,-0.00001011,0.00000096,0.00000367,-0.00000322,0.00000042,0.00009122,
0.00000282,0.00000725,-0.00000666,0.00001893,0.00000229,-0.00200637,-0.00218465,
0.00043108,0.00016498,0.00015926,-0.00006888,0.00000449,0.00000971,0.00001987,-0
.00003665,0.00000301,0.00006276,0.00000678,0.00001069,-0.00003167,0.00000694,0.0
0000627,0.00000877,0.00000534,0.00000491,-0.00000936,0.00002289,-0.00001559,-0.0
0001190,0.00048243,-0.00066695,0.00050271,0.00010001,-0.00011227,-0.00002180,0.0
0000474,-0.00000026,-0.00000034,0.00000395,0.00000630,-0.00000369,-0.00006847,-0
.00007739,-0.00000530,0.00000793,0.00000918,-0.00000729,0.00000307,-0.00000802,0
.00000320,-0.00000518,0.00000262,0.00000159,-0.00000071,0.00000583,-0.00000299,0
.00000272,0.00000470,0.00000010,-0.00000052,0.00000371,-0.00000754,0.00000303,0.
00000003,-0.00000527,-0.00000142,-0.00000050,-0.00000634,0.00000447,-0.00000134,
-0.00000027,0.00392373,-0.01284861,0.01496071,0.00049811,-0.00047651,0.00097704,
-0.06422299,0.03517155,-0.04941648,0.00014393,0.00098735,-0.00385600,-0.00011637
,0.00019292,-0.00014050,-0.00022415,-0.00054660,-0.00044689,-0.00001216,0.000063
02,0.00014930,0.00018624,-0.00003306,0.00014398,0.07239281,0.00004465,0.00004095
,-0.00018129,0.00050894,-0.00050155,-0.00041600,0.00030971,0.00011427,0.00017247
,0.00003894,0.00003254,0.00000940,-0.00001806,-0.00001114,-0.00002359,0.00001433
,-0.00000635,-0.00001138,0.00002233,-0.00000401,-0.00001216,-0.00042971,0.000382
81,0.00042731,-0.00007431,0.00030820,0.00005800,0.00000702,0.00000974,-0.0000499
3,-0.00022205,-0.00052829,-0.00031438,-0.00008250,0.00000859,0.00002513,-0.00004
925,0.00001209,-0.00000202,0.00000965,0.00002261,0.00000504,0.00001461,-0.000049
89,0.00001097,-0.00002342,-0.00000312,-0.00001454,0.00000125,0.00001253,-0.00000
242,0.00017558,0.00001527,0.00003860,0.00001460,-0.00005072,0.00001441,-0.003074
17,-0.00306961,0.00155266,-0.00039054,-0.00010360,0.00010591,-0.00001953,0.00004
186,0.00005284,-0.00001972,-0.00004170,0.00010383,-0.00002114,-0.00000406,-0.000
04073,0.00003152,0.00001651,0.00001792,0.00003014,0.00003550,-0.00003004,0.00003
474,-0.00003446,0.00001939,0.00018536,-0.00085795,0.00057444,-0.00055799,0.00006
235,-0.00024323,-0.00000292,0.00001375,-0.00000968,-0.00000327,-0.00001236,-0.00
000878,-0.00016442,-0.00003480,-0.00001304,-0.00005159,-0.00001720,0.00004690,-0
.00000105,0.00003287,-0.00000913,0.00000816,-0.00001031,-0.00001300,-0.00001353,
-0.00000599,0.00000520,0.00001142,0.00001721,-0.00000211,-0.00001003,0.00000906,
-0.00003346,-0.00001448,-0.00001587,0.00001507,0.00000615,0.00000111,-0.00002184
,0.00000142,0.00000271,-0.00000138,0.00296093,-0.01636107,0.01817768,0.00058510,
0.00002933,0.00109886,0.03504871,-0.10380178,0.09492094,-0.00489937,0.00794315,-
0.01645554,0.00016510,-0.00031254,-0.00003305,-0.00112803,-0.00029200,-0.0010534
6,0.00020885,0.00027542,-0.00004001,0.00023864,0.00034588,-0.00003910,-0.0368592
7,0.12547217,-0.00006182,-0.00009088,0.00019474,-0.00104688,-0.00050767,-0.00009
139,-0.00038921,-0.00010477,-0.00018717,-0.00005100,-0.00003510,0.00000897,0.000
00252,0.00001104,0.00002194,-0.00001660,0.00000786,0.00000914,-0.00002068,0.0000
0160,0.00000919,0.00035987,-0.00037004,-0.00029543,0.00054697,0.00058838,-0.0001
5141,-0.00005512,-0.00000175,0.00004567,0.00011729,0.00036688,0.00016729,0.00005
498,0.00003725,-0.00003768,0.00006174,-0.00000580,-0.00001124,-0.00002938,-0.000
01770,-0.00001940,-0.00001490,0.00001676,0.00001536,0.00002161,-0.00000979,0.000
01324,0.00000506,-0.00002251,-0.00000015,-0.00010141,-0.00001899,-0.00003499,0.0
0002796,0.00006144,0.00000193,0.00137058,0.00087274,0.00004674,0.00065483,0.0003
9276,-0.00000239,0.00003717,-0.00005178,-0.00007804,0.00001715,0.00000430,-0.000
08776,0.00006086,0.00001958,0.00005064,-0.00002552,-0.00001700,-0.00002355,-0.00
001050,-0.00003393,0.00000455,-0.00002629,0.00003281,-0.00005793,-0.00007250,0.0
0047207,-0.00016007,0.00031858,-0.00013420,0.00006361,0.00001055,-0.00001223,0.0
0000312,0.00000826,0.00001651,0.00000559,0.00006841,0.00005648,0.00010384,0.0000
6591,0.00003834,-0.00005954,0.00000316,-0.00004588,0.00001782,-0.00001835,0.0000
1854,0.00001619,0.00001146,0.00001052,-0.00001018,-0.00000627,-0.00001551,0.0000
0070,0.00001461,-0.00000810,0.00002430,0.00001759,0.00001515,-0.00002021,-0.0000
0700,-0.00000870,0.00001937,-0.00000135,-0.00000320,-0.00000199,-0.00096725,0.00
769513,-0.00779175,-0.00095205,-0.00174415,0.00083944,-0.04988168,0.09573926,-0.
18403728,-0.00827533,0.00882623,-0.02796372,0.00006283,0.00009763,-0.00000375,-0
.00018424,-0.00047569,0.00053714,-0.00019783,-0.00030139,-0.00008260,0.00003205,
-0.00006905,-0.00021268,0.06010833,-0.10746540,0.21942410,0.00005755,-0.00000153
,0.00002804,-0.00040650,0.00015766,0.00019231,-0.00012159,0.00029853,0.00015806,
0.00001958,0.00002668,0.00001610,0.00000111,-0.00001045,-0.00000131,-0.00001183,
-0.00002206,-0.00000727,0.00000400,-0.00001281,-0.00000649,-0.00086850,-0.000064
29,0.00027538,0.00025122,-0.00017911,-0.00014491,-0.00006713,0.00001605,0.000007
14,0.00014282,-0.00001588,-0.00005138,-0.00005303,0.00005329,-0.00005053,-0.0000
3179,0.00001564,-0.00004517,-0.00001815,0.00000338,-0.00002031,-0.00001193,-0.00
001429,-0.00001313,0.00000083,-0.00000893,0.00000128,0.00001018,-0.00000676,0.00
000048,-0.00013325,0.00001211,0.00002643,0.00012362,-0.00014193,0.00001918,0.000
67857,0.00124628,-0.00107811,0.00027804,-0.00006467,-0.00023380,-0.00012680,-0.0
0007876,-0.00002805,-0.00004792,-0.00006022,0.00003733,0.00004911,-0.00000330,0.
00007716,0.00004198,-0.00000526,0.00001192,0.00005554,0.00002403,-0.00010187,0.0
0006869,0.00001211,-0.00014186,0.00031802,0.00024018,-0.00018074,0.00088115,-0.0
0056670,0.00062669,0.00002319,0.00001446,-0.00001269,0.00000425,-0.00001682,0.00
000890,0.00000905,0.00002412,0.00015243,0.00005618,-0.00000782,0.00000260,-0.000
01520,0.00002564,-0.00001109,0.00001618,0.00001432,-0.00001868,0.00000149,-0.000
00726,0.00000278,-0.00000659,0.00000240,-0.00000077,-0.00002107,-0.00000772,-0.0
0000395,-0.00000619,-0.00002063,0.00000419,-0.00000562,0.00000919,-0.00000814,0.
00001908,0.00000280,-0.00001229,-0.02628869,0.00504951,0.00658214,0.00035136,0.0
0039798,0.00015707,-0.22060088,0.08593178,0.03587827,0.00033608,0.00141183,0.001
44115,0.00027205,-0.00067836,-0.00044672,-0.00016344,0.00006097,0.00002364,0.000
32687,0.00011806,-0.00010992,-0.00362417,-0.00348132,0.00080388,-0.01241805,0.00
798428,-0.00047324,0.25787995,-0.00006064,-0.00005682,-0.00001784,-0.00010967,-0
.00019168,-0.00012814,0.00002598,0.00007953,-0.00004842,-0.00000629,-0.00000569,
0.00001538,0.00000063,0.00000446,0.00000087,-0.00000781,0.00000725,-0.00000130,0
.00000390,0.00000623,-0.00000175,-0.00024336,0.00000041,0.00005068,-0.00001282,0
.00015354,-0.00001822,-0.00000842,-0.00000136,0.00001697,0.00004066,0.00003644,0
.00002426,0.00002184,0.00000905,0.00000389,0.00001493,0.00001016,-0.00001771,-0.
00001660,-0.00000235,-0.00000623,-0.00001318,0.00000640,0.00000957,0.00000600,-0
.00000513,0.00000091,0.00000154,-0.00000881,-0.00000358,0.00003156,0.00000820,-0
.00000109,0.00001087,0.00001090,-0.00000360,-0.00163916,0.00067413,-0.00015966,0
.00011105,0.00005596,0.00001127,-0.00004760,-0.00000910,0.00002538,-0.00002913,0
.00000016,0.00000974,0.00000587,-0.00000111,-0.00000200,-0.00001729,-0.00000942,
0.00000138,0.00000992,0.00000394,-0.00001046,0.00003022,-0.00002696,-0.00006379,
-0.00012115,0.00022002,-0.00001163,0.00001213,-0.00034867,0.00068039,0.00000561,
-0.00000616,0.00000192,0.00000282,0.00000320,-0.00000151,0.00000934,-0.00004026,
0.00004055,0.00000378,0.00001416,-0.00000277,0.00000584,-0.00001763,0.00000921,-
0.00000325,0.00000119,0.00000173,0.00000102,0.00000360,-0.00000253,-0.00000250,-
0.00000470,-0.00000242,0.00000580,0.00000657,0.00000513,0.00000196,-0.00000107,-
0.00000509,-0.00000040,-0.00000022,-0.00000461,0.00000424,-0.00000093,-0.0000017
2,-0.01858349,0.00632224,0.00468611,-0.00021147,0.00039007,0.00043788,0.08575662
,-0.08332025,-0.01504358,0.01683124,-0.01156559,-0.00750515,-0.00000356,-0.00000
256,-0.00010606,0.00008387,-0.00012748,-0.00007441,0.00008934,-0.00007580,-0.000
02384,-0.00341380,-0.00229458,0.00090465,0.01840501,-0.00892336,-0.00033805,-0.0
9746577,0.10108480,-0.00004516,-0.00001765,0.00001294,0.00032902,-0.00000732,-0.
00038415,0.00012828,0.00000422,0.00000701,-0.00000027,-0.00000343,0.00001393,0.0
0000029,0.00000160,0.00000339,-0.00000177,0.00000114,0.00000146,-0.00000488,-0.0
0000213,0.00000433,0.00029871,0.00008431,0.00003515,-0.00023341,0.00014537,0.000
14795,-0.00001238,-0.00000766,-0.00001935,-0.00009157,-0.00011883,-0.00004271,-0
.00001918,-0.00000062,0.00000155,0.00000575,0.00000706,-0.00000345,-0.00000316,0
.00000311,-0.00000757,-0.00000749,-0.00000025,0.00000691,-0.00000168,0.00000415,
-0.00000147,-0.00000292,-0.00000218,-0.00000313,0.00005400,-0.00000974,0.0000117
9,0.00001483,-0.00000947,-0.00001130,0.00150512,-0.00031432,0.00049817,-0.000199
76,-0.00004960,0.00012065,0.00001645,0.00002194,-0.00000231,0.00002434,0.0000043
8,-0.00002746,-0.00000806,-0.00000581,0.00000508,-0.00000824,0.00000119,-0.00001
167,-0.00000294,0.00000448,0.00001468,-0.00001356,-0.00001880,0.00001109,-0.0002
4538,-0.00011164,-0.00006023,-0.00011596,0.00107959,-0.00068740,-0.00000555,-0.0
0000316,-0.00000077,-0.00000137,-0.00000049,-0.00000330,0.00001977,0.00002876,-0
.00000927,-0.00002255,0.00000568,0.00001254,0.00000454,0.00000327,0.00000505,-0.
00000089,-0.00000465,0.00000097,-0.00000391,-0.00000270,-0.00000066,0.00000403,-
0.00000031,-0.00000083,0.00000651,0.00000305,-0.00000583,-0.00000305,0.00000010,
0.00000356,0.00000497,-0.00000599,-0.00000084,-0.00000784,-0.00000072,0.00000130
,0.00663558,-0.00107383,-0.00148524,-0.00051866,-0.00008480,0.00028003,0.0356966
7,-0.01567958,-0.05161748,0.02112023,-0.01394077,-0.00672836,-0.00005862,-0.0002
2031,0.00003769,-0.00001718,0.00014781,-0.00000688,0.00006411,-0.00004007,-0.000
00441,0.00147359,0.00078743,-0.00002954,-0.02357188,0.01264709,0.00260555,-0.043
01206,0.02030843,0.06011802,-0.00005913,-0.00003034,-0.00000073,0.00014281,0.000
33714,-0.00019522,0.00019869,0.00026303,0.00006329,0.00001698,0.00002448,0.00002
399,-0.00000268,-0.00001317,-0.00001216,-0.00001236,-0.00001837,-0.00000580,-0.0
0000085,-0.00000925,0.00000065,-0.00037510,0.00031220,0.00011303,0.00006527,-0.0
0022552,0.00012337,-0.00002914,0.00000377,-0.00001982,-0.00002156,-0.00025394,-0
.00006878,-0.00003653,-0.00000970,-0.00003707,-0.00000368,0.00000958,-0.00002159
,-0.00003199,0.00000960,-0.00001515,-0.00000021,-0.00000478,0.00001768,-0.000005
33,-0.00000248,-0.00000594,-0.00001039,-0.00000297,0.00000140,0.00001580,0.00003
003,0.00000751,0.00008399,-0.00009756,-0.00001921,-0.00004861,0.00004333,0.00000
063,-0.00011382,-0.00017341,0.00003426,-0.00002080,-0.00000604,-0.00003294,-0.00
003159,0.00000297,0.00005808,0.00003212,0.00001290,0.00002924,0.00000871,-0.0000
0144,0.00000742,0.00005020,0.00003002,-0.00003940,0.00005997,0.00001871,-0.00004
176,0.00012868,-0.00007544,0.00006341,0.00001136,-0.00009381,-0.00002005,0.00000
642,0.00001188,-0.00000425,-0.00000329,-0.00002052,0.00000762,0.00002125,-0.0000
1336,0.00005229,-0.00003037,-0.00002572,0.00004963,-0.00001202,0.00002203,-0.000
00676,0.00001300,-0.00000107,-0.00001499,-0.00001254,-0.00001401,0.00001150,0.00
000191,0.00000758,-0.00000451,-0.00001003,0.00000049,-0.00001312,-0.00001614,-0.
00002135,0.00001635,0.00000070,0.00000929,-0.00001419,0.00001191,0.00000335,-0.0
0000502,0.00039357,-0.00052595,-0.00117855,-0.00007158,-0.00031855,0.00007290,-0
.00342872,-0.00415306,-0.00037118,-0.17991921,-0.11365016,0.02984590,0.00003280,
-0.00007125,-0.00006841,-0.00002471,0.00001708,0.00001612,0.00005001,0.00003313,
-0.00006660,0.00044623,0.00012475,-0.00008937,-0.00021494,0.00013299,-0.00007171
,0.00089585,0.00044450,0.00023261,0.20631208,-0.00008648,-0.00006208,0.00000559,
0.00011236,0.00002205,-0.00033732,0.00021487,0.00023502,-0.00000534,0.00001321,0
.00002504,0.00001717,0.00000120,-0.00000944,-0.00001249,-0.00001374,-0.00002010,
-0.00000449,-0.00000779,-0.00000999,0.00000965,-0.00053959,0.00045106,0.00014459
,0.00006323,-0.00024661,0.00045040,-0.00002331,0.00001249,-0.00001811,-0.0000101
6,-0.00031027,-0.00007591,-0.00003233,-0.00002440,-0.00003431,0.00000973,0.00001
582,-0.00001517,-0.00003243,0.00001650,-0.00000176,-0.00000708,0.00000696,0.0000
3494,-0.00000130,-0.00000260,-0.00000168,-0.00000903,-0.00000021,0.00000232,0.00
000685,0.00005444,0.00000297,0.00007600,-0.00006721,-0.00002787,-0.00023495,0.00
010039,-0.00006525,-0.00005693,-0.00008135,0.00000723,-0.00003095,0.00002207,-0.
00005947,-0.00003734,0.00002898,0.00007289,0.00003882,0.00001433,0.00000673,-0.0
0000344,-0.00001114,0.00000707,0.00005604,0.00001343,-0.00000525,0.00005442,-0.0
0002861,-0.00002410,0.00020793,-0.00004333,0.00007093,-0.00007458,-0.00000620,0.
00003248,0.00000429,0.00001096,-0.00000467,-0.00000464,-0.00002100,0.00000902,0.
00004579,-0.00003280,0.00002624,-0.00002427,-0.00002332,0.00004584,-0.00001015,0
.00002377,-0.00000537,0.00001248,-0.00000115,-0.00001298,-0.00001543,-0.00001388
,0.00001315,0.00000243,0.00001006,-0.00000485,-0.00001038,0.00000109,-0.00001496
,-0.00001760,-0.00002063,0.00001704,0.00000499,0.00000755,-0.00001208,0.00000643
,0.00000114,-0.00000805,-0.00049172,-0.00223002,-0.00395470,-0.00091575,-0.00102
195,0.00009485,-0.01579964,-0.01598932,0.00047738,-0.11409350,-0.13994804,0.0264
0910,0.00000738,-0.00001162,0.00001109,0.00000139,0.00003462,0.00004736,-0.00002
053,-0.00012012,-0.00029618,0.00039612,0.00005212,-0.00012209,0.00005982,0.00048
731,0.00023447,-0.00016928,0.00004211,0.00050832,0.13381360,0.16204119,0.0000014
6,-0.00002325,0.00006805,-0.00027318,-0.00038488,-0.00014422,-0.00006463,-0.0000
5875,-0.00001497,-0.00000229,-0.00000240,0.00001315,0.00001023,0.00000150,0.0000
0753,0.00000023,0.00000104,0.00000381,-0.00000453,0.00000035,0.00000712,0.000030
86,-0.00000342,-0.00005487,0.00012475,0.00064366,-0.00043589,-0.00001562,0.00000
616,0.00000647,-0.00001207,0.00004627,0.00002235,-0.00001431,-0.00001192,-0.0000
2583,0.00001644,-0.00000540,0.00000810,-0.00000221,0.00000649,-0.00001393,-0.000
00201,0.00000875,0.00002020,0.00000719,0.00000202,0.00000467,-0.00000084,-0.0000
0422,0.00000290,0.00001670,0.00000357,-0.00001458,0.00002383,0.00000632,-0.00001
403,-0.00005221,-0.00003113,0.00005358,0.00009443,0.00009666,0.00006176,-0.00001
417,0.00000653,-0.00003232,-0.00002436,0.00002386,-0.00001505,0.00000669,-0.0000
0111,0.00001854,0.00000558,0.00001015,-0.00001315,-0.00001596,-0.00000800,0.0000
1113,-0.00002279,-0.00001463,-0.00001850,0.00004478,-0.00003545,0.00010551,0.000
12254,-0.00003005,-0.00009883,0.00000071,-0.00000379,-0.00000004,0.00000313,0.00
000296,0.00000004,0.00002764,-0.00001442,0.00000923,0.00001255,0.00000271,-0.000
01153,-0.00000381,0.00000024,-0.00000458,-0.00000224,-0.00000003,-0.00000184,0.0
0000207,0.00000152,-0.00000351,-0.00000076,0.00000567,0.00000500,0.00000254,-0.0
0000458,-0.00000152,0.00000271,0.00000443,0.00000113,0.00000025,-0.00000954,0.00
000859,-0.00000714,-0.00000129,-0.00000118,-0.00043015,-0.00286022,-0.00323729,-
0.00084212,-0.00093354,-0.00000797,-0.01752596,-0.01701825,0.00189799,0.03090206
,0.02689926,-0.04925142,-0.00001870,0.00005264,0.00006688,0.00001608,0.00000940,
0.00009043,-0.00007840,-0.00015252,-0.00026235,-0.00004354,0.00008578,-0.0001217
0,-0.00022331,-0.00005320,0.00045915,-0.00034003,0.00016466,0.00076775,-0.035170
89,-0.02731396,0.05635443,0.00002282,-0.00007383,0.00002262,-0.00028892,0.000218
41,0.00026048,-0.00012081,0.00011074,0.00006005,-0.00001546,-0.00001316,0.000016
53,-0.00000299,0.00000646,-0.00000129,-0.00000860,0.00000334,0.00000047,-0.00000
067,0.00000168,0.00000075,-0.00008869,-0.00012450,-0.00001807,0.00030339,-0.0002
3548,-0.00016975,-0.00005651,0.00000294,0.00001089,0.00006785,0.00006625,0.00000
928,0.00000222,0.00006029,-0.00003762,-0.00000417,0.00001052,-0.00002713,-0.0000
3050,0.00000141,-0.00001524,-0.00000047,-0.00000895,-0.00000069,0.00000693,-0.00
001026,0.00000242,0.00000759,-0.00001161,-0.00000266,-0.00004445,-0.00000220,0.0
0000031,0.00004871,-0.00005154,0.00000546,-0.00018741,0.00000305,-0.00006127,0.0
0016834,0.00000006,-0.00012260,-0.00001373,-0.00002242,-0.00003739,0.00000536,-0
.00001285,0.00002485,0.00001324,-0.00000080,0.00000618,-0.00000061,-0.00000450,0
.00000573,0.00002085,0.00001171,-0.00000111,0.00002941,-0.00000759,0.00000711,0.
00009834,0.00003234,-0.00003659,0.00003314,-0.00010616,0.00004493,0.00000811,-0.
00000739,-0.00000129,0.00000167,0.00000814,-0.00000108,0.00000510,0.00001450,0.0
0000787,0.00004004,0.00002872,-0.00002794,0.00000255,-0.00001446,0.00001054,-0.0
0000909,0.00001605,0.00001303,0.00000641,0.00000751,-0.00000810,-0.00000295,-0.0
0001137,0.00000057,0.00000015,0.00000103,0.00000767,0.00000570,0.00000272,-0.000
01400,-0.00000283,0.00000452,0.00000005,0.00000768,-0.00000474,0.00000295,0.0007
2161,-0.00039014,-0.00053506,-0.00003305,-0.00012401,-0.00014050,0.00028033,0.00
154046,0.00224599,-0.21728884,0.10374111,0.02222086,-0.00003702,-0.00007189,-0.0
0004711,0.00001949,-0.00002501,0.00005772,-0.00001493,-0.00002400,-0.00000737,0.
00034758,0.00005167,-0.00008015,0.00054907,-0.00041632,0.00008497,0.00107423,-0.
00008984,0.00029939,-0.02766545,0.01194946,0.00298345,0.24992215,0.00005674,0.00
000781,0.00000433,0.00029143,-0.00051660,-0.00013479,0.00007384,-0.00016555,0.00
000635,0.00000769,0.00000441,0.00000067,0.00001458,0.00000266,0.00000511,0.00001
854,0.00000149,0.00000482,0.00000202,0.00000009,0.00000973,0.00023379,0.00011548
,-0.00002296,-0.00041207,0.00030991,0.00013875,-0.00000005,0.00001833,-0.0000093
1,-0.00009281,0.00000615,0.00001801,-0.00003141,-0.00000408,-0.00001185,-0.00000
288,0.00000417,0.00001665,0.00001932,0.00001828,0.00000893,0.00000049,-0.0000041
7,0.00000987,0.00000242,0.00000244,0.00000660,0.00000469,0.00000947,0.00000561,0
.00006293,-0.00000730,-0.00000801,-0.00001609,0.00002747,0.00000052,0.00003908,-
0.00012787,0.00006970,-0.00018389,0.00009867,0.00005499,-0.00003817,0.00004799,-
0.00003684,-0.00001578,0.00003651,0.00000280,-0.00002018,-0.00001361,-0.00001592
,0.00002692,0.00002248,-0.00000331,-0.00003114,-0.00002091,0.00004158,-0.0000793
7,-0.00008217,0.00005294,-0.00013363,0.00003010,0.00004163,-0.00015003,0.0002243
9,-0.00003805,-0.00000729,0.00000164,-0.00000327,0.00000333,0.00000539,-0.000007
21,0.00000756,-0.00002458,-0.00008409,-0.00000773,-0.00000545,-0.00000380,0.0000
0191,0.00001319,-0.00000881,0.00000291,-0.00001466,-0.00000491,0.00000356,0.0000
0676,-0.00000387,0.00000273,0.00001401,0.00000487,-0.00000283,-0.00000413,-0.000
01113,0.00000211,0.00001029,0.00000563,0.00000747,-0.00001248,0.00000993,-0.0000
1907,-0.00000003,0.00000054,0.00144273,0.00023028,-0.00022738,-0.00014243,0.0001
4545,0.00009638,0.01747617,-0.01345054,-0.00595572,0.10439945,-0.10770856,-0.012
27985,-0.00005692,0.00014917,0.00014864,0.00003639,0.00002981,-0.00002683,-0.000
02028,0.00002555,0.00005236,-0.00086871,-0.00039491,-0.00001489,-0.00019613,0.00
090419,0.00073797,-0.00016385,-0.00250517,-0.00388813,-0.01761512,0.00973515,0.0
0219574,-0.12174633,0.12327828,0.00002876,0.00000159,-0.00001253,-0.00023287,0.0
0002879,0.00008182,0.00001850,0.00001696,0.00006709,0.00000896,0.00000762,0.0000
0559,-0.00000137,-0.00000409,-0.00000786,0.00000511,-0.00000005,-0.00000342,0.00
001109,0.00000352,-0.00000411,0.00008520,0.00000646,-0.00005756,0.00031120,0.000
07204,-0.00021631,-0.00002163,0.00000252,-0.00000904,-0.00001477,0.00002228,0.00
002299,-0.00002703,0.00000839,-0.00001677,-0.00000362,-0.00000610,0.00000996,0.0
0000614,0.00001179,-0.00001129,0.00000720,-0.00000618,0.00000494,-0.00000063,-0.
00000100,-0.00000174,-0.00000005,-0.00000033,0.00000324,0.00002298,-0.00000309,-
0.00000537,0.00000828,-0.00001887,-0.00000931,-0.00015104,0.00008333,0.00008869,
0.00007794,-0.00002502,-0.00003576,0.00002402,0.00001067,0.00002210,-0.00004628,
0.00000942,0.00002970,-0.00000554,-0.00000188,-0.00001883,0.00000941,0.00000876,
0.00000285,-0.00001494,-0.00000111,-0.00000619,0.00000983,0.00001184,0.00004619,
0.00004626,0.00006549,-0.00001407,0.00001358,-0.00005741,-0.00015950,0.00000101,
0.00000263,-0.00000267,-0.00000007,0.00000052,-0.00000461,-0.00000568,-0.0000430
2,-0.00003989,0.00000873,0.00000255,-0.00000603,-0.00000097,0.00000734,-0.000005
13,0.00000075,0.00000220,-0.00000199,0.00000136,0.00000025,-0.00000254,0.0000010
8,0.00000015,-0.00000035,-0.00000571,0.00000009,-0.00000434,-0.00000138,-0.00000
345,-0.00000087,-0.00000277,0.00000536,-0.00000173,0.00000434,0.00000128,0.00000
541,0.00036178,0.00039086,0.00023005,-0.00001302,0.00008723,0.00000307,0.0207373
9,-0.01548690,-0.00616810,0.02102906,-0.01133973,-0.04631565,-0.00002437,0.00010
387,0.00003842,0.00004202,-0.00002089,-0.00004417,-0.00000656,0.00005242,0.00005
715,-0.00021057,-0.00006709,0.00027346,0.00096879,-0.00018729,0.00075172,0.00022
194,-0.00423335,-0.00399823,0.00659706,-0.00244523,-0.00008254,-0.02604498,0.018
26679,0.05376805,0.00007742,0.00000586,0.00010167,-0.00189726,-0.00329878,-0.001
20914,-0.00022286,-0.00026321,-0.00015394,-0.00002105,-0.00001495,0.00001007,0.0
0001482,0.00000460,0.00001810,0.00001231,0.00000428,0.00000857,-0.00000737,-0.00
000203,0.00000248,0.00042373,-0.00010934,-0.00010374,-0.00002958,0.00189553,0.00
068448,-0.00004116,0.00002514,0.00002825,-0.00004506,0.00022845,0.00004787,-0.00
000453,0.00004461,-0.00003735,0.00002192,-0.00000611,0.00000536,0.00000892,-0.00
000016,-0.00000377,-0.00000748,-0.00000499,0.00000495,0.00001495,-0.00000639,0.0
0001366,0.00001528,-0.00000523,0.00000610,0.00003268,-0.00003866,-0.00001952,0.0
0002004,0.00007688,0.00006063,0.00025827,-0.00000452,0.00026346,0.00091771,0.000
68759,0.00019061,-0.00003335,-0.00003426,-0.00007349,-0.00000302,0.00000498,-0.0
0002964,0.00001656,-0.00000707,0.00003856,0.00002975,0.00001309,-0.00000826,-0.0
0001859,-0.00001877,0.00000937,-0.00008404,0.00000334,-0.00003320,-0.00020029,-0
.00005570,0.00012024,0.00007556,0.00017658,0.00013443,0.00000515,-0.00000327,-0.
00000503,0.00001038,0.00001667,-0.00000515,0.00001017,0.00001716,-0.00000061,0.0
0001749,0.00000166,-0.00003768,-0.00000200,-0.00001380,-0.00000295,-0.00001013,0
.00000033,-0.00000117,0.00001836,0.00001748,-0.00001276,-0.00000216,0.00000546,0
.00000790,0.00000609,-0.00001498,0.00000609,0.00001888,0.00002401,-0.00000667,-0
.00000384,-0.00002290,0.00002830,-0.00001670,-0.00000078,-0.00000197,0.00030650,
0.00033889,-0.00057047,-0.00010465,0.00001712,0.00005647,-0.00030997,0.00042372,
-0.00370609,-0.05295827,0.02233225,-0.03437509,0.00000517,0.00005200,0.00006434,
0.00002570,-0.00000417,0.00009099,-0.00002590,-0.00001615,-0.00000551,-0.0003728
7,0.00010266,-0.00020245,0.00079637,-0.00054116,-0.00099310,0.00011008,-0.000086
80,0.00052719,0.00295561,-0.01473123,0.02079847,-0.00799329,0.01802159,-0.023757
54,0.05853887,0.00006800,-0.00001743,0.00009037,-0.00316958,-0.00323063,-0.00130
443,-0.00038335,-0.00018356,-0.00022406,-0.00002359,-0.00002060,-0.00000080,0.00
000497,0.00000623,0.00000837,-0.00000055,0.00000528,0.00000197,-0.00000848,0.000
00525,0.00000027,0.00023181,-0.00016992,-0.00020760,0.00089429,-0.00006227,0.001
55442,-0.00004405,0.00002513,0.00005072,0.00004111,0.00029156,0.00007962,0.00003
051,0.00005017,-0.00002798,0.00003011,-0.00000727,-0.00000125,0.00000364,-0.0000
1002,0.00000426,-0.00000789,0.00000536,0.00000227,0.00002024,-0.00001041,0.00001
099,0.00001614,-0.00000907,0.00000353,-0.00001923,-0.00003575,-0.00003242,-0.000
00115,0.00008284,0.00005274,-0.00053952,-0.00001677,0.00004272,0.00158071,0.0009
0191,0.00022911,-0.00000025,-0.00005768,-0.00003672,-0.00002165,-0.00000022,-0.0
0000750,0.00002831,-0.00000213,0.00001376,0.00000829,-0.00000765,0.00000660,-0.0
0001205,-0.00001958,-0.00000831,-0.00001389,0.00005202,-0.00001602,0.00013733,-0
.00001615,0.00008517,0.00041351,-0.00055198,-0.00034536,0.00000797,-0.00000876,-
0.00000052,0.00000617,0.00001584,-0.00000302,0.00001850,0.00000035,0.00000708,0.
00004314,0.00000953,-0.00005726,-0.00000731,-0.00002751,0.00000238,-0.00001190,0
.00001066,0.00000211,0.00002215,0.00001550,-0.00001206,-0.00000405,-0.00001235,0
.00000269,0.00000737,-0.00001769,0.00002352,0.00002106,0.00002047,-0.00001664,-0
.00001598,-0.00000888,0.00003087,-0.00000286,0.00000053,0.00000204,0.00007747,0.
00076035,-0.00026379,-0.00010034,-0.00024272,0.00000962,-0.00349458,0.00964642,-
0.01539996,0.02297761,-0.10938723,0.10753975,-0.00000413,0.00006319,-0.00000864,
0.00006594,-0.00005497,0.00012284,-0.00003378,-0.00003774,-0.00000306,0.00007335
,0.00004497,0.00004126,-0.00078480,-0.00165696,-0.00442097,-0.00013494,0.0003365
0,-0.00006416,0.00170540,-0.01312929,0.01869133,0.00570593,-0.01043958,0.0146722
2,-0.02518951,0.12712811,0.00005829,0.00003658,0.00003159,0.00102549,0.00149533,
0.00241357,0.00001676,0.00002081,0.00029159,0.00002174,0.00001648,0.00000878,0.0
0001274,-0.00000408,0.00000511,0.00001125,-0.00000408,0.00000231,0.00000796,-0.0
0000453,0.00000273,-0.00017292,-0.00010437,0.00002484,0.00034544,0.00032482,-0.0
0251938,-0.00001004,-0.00000266,-0.00000730,0.00004067,0.00007350,0.00003997,-0.
00005033,0.00002176,-0.00002863,-0.00002572,0.00001033,-0.00000455,0.00000592,0.
00001933,-0.00002257,0.00000183,-0.00000742,-0.00001486,-0.00000007,0.00000503,0
.00000641,0.00000483,0.00000395,0.00000369,-0.00004201,0.00000168,0.00000211,0.0
0002351,-0.00008640,-0.00003707,-0.00014774,-0.00053157,-0.00047696,-0.00125430,
-0.00084622,-0.00057462,-0.00002327,0.00000808,-0.00004462,0.00000568,-0.0000066
1,-0.00001307,-0.00000673,-0.00001688,0.00001040,0.00003238,0.00001831,-0.000011
21,-0.00000640,0.00000667,0.00001381,-0.00004640,-0.00003258,0.00005705,0.000219
90,0.00024670,-0.00003110,0.00045024,-0.00056304,-0.00001683,0.00000460,0.000005
45,-0.00000420,0.00000338,-0.00000205,-0.00000100,0.00001103,0.00001953,-0.00004
025,0.00003829,0.00000475,-0.00001653,0.00000130,0.00002390,-0.00001174,0.000010
52,0.00000103,-0.00000260,0.00000083,0.00000067,-0.00000124,-0.00000225,0.000005
90,-0.00000274,-0.00001346,0.00000697,-0.00000585,-0.00000382,-0.00000598,0.0000
0126,0.00000986,0.00001067,-0.00000926,0.00000311,-0.00000151,0.00000114,0.00003
118,0.00062183,0.00056842,0.00009116,0.00027113,0.00002583,-0.00566795,0.0084962
5,-0.02547681,-0.03606307,0.10711038,-0.21713777,-0.00001317,0.00007150,0.000040
90,0.00009045,-0.00000821,0.00009956,0.00003290,0.00004000,0.00015940,-0.0002465
7,-0.00003892,-0.00007127,-0.00022991,-0.00325896,-0.00409792,0.00001153,0.00054
384,0.00044966,0.00020340,0.00616764,-0.00621459,-0.00096004,0.00074302,0.001713
72,0.04199006,-0.12101821,0.25093482,-0.00106617,0.00047605,-0.00163166,0.000803
44,-0.00201855,-0.00898848,-0.00148954,-0.00036493,0.00252671,0.00047499,0.00033
037,0.00031422,-0.00005221,-0.00008837,-0.00013215,-0.00013667,-0.00012309,-0.00
003914,0.00001317,-0.00004791,0.00001374,-0.26867303,-0.05182975,0.01533006,0.00
265814,0.00348269,0.00507746,0.00102755,-0.00029790,-0.00016073,-0.04005292,-0.0
2456598,-0.00156676,-0.00029779,-0.00100163,0.00032356,-0.00014146,0.00002846,0.
00001507,0.00009231,-0.00011591,-0.00000707,0.00001161,0.00011940,0.00010792,-0.
00022123,0.00014607,-0.00021033,-0.00031514,0.00009784,-0.00003922,0.00044324,-0
.00282347,0.00016678,0.00026494,0.00006043,0.00001330,-0.00267500,0.00410018,0.0
0406817,-0.00071511,-0.00032007,0.00156680,-0.00019782,0.00073685,0.00047568,0.0
0013520,0.00014798,0.00017627,-0.00022560,0.00019971,-0.00005685,-0.00020462,0.0
0019572,-0.00009488,0.00025222,0.00053592,0.00010929,0.00013645,-0.00037984,-0.0
0030449,-0.06702078,0.01131002,0.00892137,0.00169055,0.00180385,0.00092249,-0.00
000529,-0.00001359,0.00008965,-0.00023542,-0.00035564,0.00006505,0.00005546,-0.0
0005380,0.00014355,-0.00207781,-0.00146853,0.00102463,-0.00068067,0.00071071,-0.
00033442,0.00026381,-0.00026743,-0.00050199,-0.00027195,-0.00033513,0.00033313,-
0.00001409,0.00035313,-0.00013602,-0.00016355,0.00021545,-0.00020618,-0.00036787
,-0.00026442,0.00044100,-0.00004847,0.00005791,-0.00023823,0.00011439,-0.0000676
1,-0.00004738,0.00176341,-0.00073815,0.00043688,-0.00079776,0.00059390,0.0003440
1,-0.00121760,0.00020470,-0.00007102,0.00005662,0.00000924,-0.00016448,0.0002984
6,-0.00025191,-0.00048521,0.00005942,0.00026044,-0.00039360,0.00062766,0.0001209
0,0.00059772,0.00044216,-0.00044200,-0.00015414,0.00016988,0.00040118,-0.0002976
1,0.00066131,0.00009695,-0.00018752,0.00032719,0.00041582,-0.00005217,0.00005694
,-0.00018962,-0.00006412,-0.00038864,-0.00030107,0.00016563,0.50674903,0.0000221
5,-0.00028995,-0.00015378,-0.00056413,0.00021785,0.00115667,-0.00362016,-0.00233
842,-0.00019810,-0.00005950,-0.00000145,-0.00018669,-0.00000377,0.00001666,0.000
02518,0.00003459,0.00004387,0.00000772,0.00001819,0.00000716,-0.00004323,-0.0386
9458,-0.09058709,-0.00582602,0.00043368,0.00027049,0.00019763,0.00018766,0.00001
277,0.00002658,-0.04991072,-0.01653127,-0.00191633,0.00034174,0.00005435,0.00044
977,0.00009476,-0.00006862,0.00021747,0.00012397,0.00002614,0.00004191,-0.000064
46,-0.00007220,0.00002725,0.00002094,-0.00002175,0.00001465,0.00002034,-0.000000
24,-0.00001175,0.00199877,-0.00638897,-0.00206635,-0.00215355,0.00149567,0.00033
503,0.00112553,0.00009403,0.00054552,0.00085136,0.00067240,-0.00026548,0.0001580
5,-0.00001144,0.00015622,0.00009750,-0.00010017,-0.00007405,-0.00006837,0.000009
45,-0.00005826,-0.00002436,0.00000052,-0.00000007,-0.00001902,-0.00007412,0.0000
3265,-0.00012284,0.00005109,-0.00000512,0.04070245,-0.00004737,-0.00967284,0.002
29732,-0.00176627,-0.00069240,-0.00000434,0.00003384,-0.00001516,0.00008489,0.00
009572,-0.00002197,-0.00007985,0.00003595,-0.00003035,0.00056066,0.00042106,-0.0
0032069,0.00018881,-0.00020995,-0.00002139,-0.00004536,0.00005777,0.00005305,0.0
0000492,0.00007584,-0.00003441,0.00009535,0.00011942,0.00001620,-0.00002541,-0.0
0006572,-0.00004084,0.00005909,0.00004295,-0.00006883,-0.00002194,-0.00001945,0.
00002048,-0.00002386,0.00000908,0.00000289,0.00006609,0.00031532,-0.00026082,-0.
00007749,0.00006788,0.00020196,-0.00039424,0.00020638,-0.00003865,0.00001058,0.0
0006634,-0.00002467,0.00005968,-0.00015605,-0.00029754,-0.00001387,-0.00003909,0
.00008097,-0.00004375,-0.00006842,-0.00005375,0.00009812,0.00002782,-0.00008194,
0.00009294,-0.00000007,0.00005322,0.00027755,0.00009530,-0.00013786,-0.00002127,
0.00000435,0.00000328,0.00006721,-0.00006148,-0.00003198,-0.00003966,0.00002411,
0.00008466,-0.02624716,0.29609716,0.00025867,-0.00024010,0.00029165,-0.00076815,
0.00053060,0.00054152,0.00147275,-0.00115462,0.00125667,-0.00013073,-0.00013356,
-0.00001742,0.00002667,0.00000995,0.00002897,0.00001707,0.00001314,0.00001571,-0
.00001966,0.00000325,0.00001453,0.01692142,-0.00459673,-0.04287743,0.00009471,-0
.00052013,-0.00027750,-0.00009570,0.00003023,0.00014547,-0.00818518,-0.00427398,
0.00957515,0.00029340,0.00009911,0.00003078,0.00005123,-0.00007460,0.00009553,0.
00004726,0.00001899,-0.00001774,0.00005176,-0.00006121,0.00006828,0.00006013,-0.
00001834,0.00004109,0.00002898,-0.00002226,0.00002090,0.00064951,-0.00184576,0.0
0186207,-0.00093115,0.00086911,-0.00007932,-0.00026682,0.00015103,-0.00224963,0.
00024866,0.00008356,-0.00005505,0.00009479,-0.00009138,0.00000481,-0.00003247,-0
.00001385,-0.00012373,-0.00000477,-0.00000531,0.00002895,0.00003490,-0.00001464,
-0.00001205,-0.00009446,-0.00011495,-0.00002900,-0.00003229,0.00009211,0.0000344
0,0.01845270,-0.00459312,0.00822632,0.00094834,-0.00086175,-0.00083659,-0.000005
13,-0.00000057,-0.00000717,0.00001541,0.00004142,-0.00002035,0.00002514,-0.00000
856,-0.00003576,-0.00052658,-0.00018337,-0.00008201,-0.00000740,-0.00009596,-0.0
0003234,-0.00004751,0.00000779,0.00005914,0.00002998,0.00004959,-0.00002334,-0.0
0000471,-0.00001820,0.00000601,-0.00000250,-0.00003708,0.00008208,0.00003473,0.0
0003864,-0.00002753,-0.00003051,-0.00001318,0.00004901,-0.00000804,-0.00000635,0
.00001521,0.00052768,0.00039608,-0.00023430,0.00050638,-0.00050145,0.00002692,0.
00024389,0.00002907,-0.00012641,-0.00003444,0.00003649,0.00000259,-0.00013847,0.
00006950,0.00045312,-0.00009401,-0.00001508,0.00014154,-0.00016872,-0.00005513,-
0.00000953,-0.00004460,0.00005221,0.00019784,-0.00001656,-0.00009262,0.00011221,
-0.00025605,-0.00010441,-0.00005252,-0.00004837,-0.00004808,0.00002965,-0.000004
78,0.00004664,0.00004955,0.00005114,0.00013779,-0.00001185,-0.05151936,0.0517901
7,0.07945604,-0.00008486,-0.00001902,-0.00004840,-0.00004215,-0.00019491,-0.0003
4676,0.00025560,0.00018081,-0.00002447,0.00000719,0.00000461,0.00002511,-0.00000
920,-0.00000186,-0.00001448,-0.00001692,-0.00000905,-0.00000397,-0.00000946,-0.0
0000210,0.00001110,-0.00254092,0.00332324,0.00062447,0.00006809,0.00015991,0.000
19752,0.00003150,0.00000497,-0.00002317,-0.00010576,-0.00030643,-0.00004908,-0.0
0001621,-0.00002065,-0.00000373,-0.00000095,0.00001343,-0.00001834,-0.00003611,0
.00000414,0.00000517,0.00000387,-0.00000200,0.00002819,-0.00001420,0.00000222,-0
.00000988,-0.00001734,0.00000016,-0.00000310,-0.00007641,0.00000543,0.00003481,0
.00010716,-0.00004127,-0.00000829,0.00008650,-0.00004434,0.00004114,0.00000505,0
.00002400,0.00005203,-0.00001647,0.00002695,-0.00000979,0.00001062,0.00001842,0.
00004104,-0.00000005,0.00000877,-0.00000597,-0.00001663,-0.00000237,0.00000183,0
.00003437,0.00001375,0.00000998,0.00001141,-0.00001171,-0.00000315,-0.00230706,0
.00007665,0.00034362,-0.00004073,-0.00004255,-0.00001349,-0.00000817,0.00000103,
0.00000533,-0.00001202,-0.00001868,0.00000625,0.00000748,-0.00000155,0.00000162,
-0.00008533,-0.00006984,0.00006290,-0.00001511,0.00002208,-0.00000403,0.00000238
,-0.00001355,-0.00001264,-0.00002049,-0.00001486,0.00001753,0.00000233,0.0000194
8,-0.00000038,-0.00001120,0.00001005,-0.00002131,-0.00002092,-0.00001312,0.00002
380,0.00000088,0.00000241,-0.00000830,-0.00000250,0.00000281,-0.00000129,0.00003
918,-0.00007883,0.00001796,0.00003112,0.00000316,0.00000519,-0.00001699,-0.00003
223,-0.00000459,-0.00000678,-0.00000588,-0.00000970,-0.00000890,-0.00000703,0.00
005609,-0.00003032,0.00004064,-0.00002388,0.00004378,0.00001261,0.00001954,-0.00
001423,0.00002463,-0.00001977,-0.00000989,0.00003639,-0.00001619,-0.00000436,-0.
00003127,0.00000867,0.00001281,0.00003505,0.00000203,-0.00000220,0.00000929,0.00
000568,-0.00001698,-0.00002132,-0.00000271,-0.04087101,-0.00181357,0.00277034,0.
47486054,0.00004258,-0.00005203,0.00004024,-0.00009499,-0.00000571,0.00020263,-0
.00018003,-0.00008906,0.00010338,-0.00001417,-0.00000625,-0.00000724,0.00000053,
0.00000204,-0.00000030,-0.00000059,0.00000072,-0.00000031,-0.00000407,-0.0000006
3,0.00000167,0.00205692,-0.00208739,-0.00045540,-0.00001562,-0.00003343,-0.00008
483,-0.00005557,0.00002051,0.00000350,0.00024699,0.00027925,-0.00003306,0.000016
37,0.00007434,-0.00002614,0.00000939,0.00000320,-0.00000416,-0.00000610,0.000006
71,0.00000114,-0.00001320,-0.00002375,-0.00000490,0.00000861,-0.00001276,0.00000
793,0.00001239,-0.00000524,-0.00000008,0.00012990,-0.00007125,-0.00004224,-0.000
05889,0.00001373,0.00002215,-0.00007324,-0.00002688,-0.00005053,0.00005307,0.000
02799,-0.00007274,-0.00000550,-0.00002564,-0.00003532,-0.00000220,-0.00000555,0.
00001028,0.00001800,-0.00000379,-0.00000024,0.00000732,-0.00000562,0.00000666,0.
00000327,-0.00000579,-0.00000108,-0.00000551,0.00001599,0.00001567,0.00161219,-0
.00006725,-0.00023712,0.00003849,0.00004756,0.00000834,-0.00000125,0.00000011,-0
.00000625,0.00001281,0.00001883,-0.00000682,-0.00000591,0.00000365,-0.00001114,0
.00011667,0.00009755,-0.00008943,0.00004183,-0.00002956,-0.00000209,-0.00000923,
0.00002055,0.00000595,0.00001263,0.00002493,-0.00001569,0.00001834,-0.00001083,0
.00001351,0.00000388,-0.00002346,-0.00000163,0.00001297,0.00001054,-0.00001519,-
0.00000227,-0.00000520,0.00000954,-0.00001083,0.00000718,0.00000359,-0.00002572,
-0.00000184,-0.00001362,0.00001002,-0.00004142,0.00003266,-0.00003420,0.00001060
,0.00000757,-0.00000545,0.00001574,0.00000931,0.00001767,0.00002200,-0.00003415,
0.00001007,-0.00000717,0.00000713,-0.00003580,-0.00000421,-0.00001219,-0.0000035
4,0.00001749,0.00001809,0.00001909,-0.00001432,0.00000738,0.00000459,-0.00000401
,-0.00003125,-0.00000433,0.00000085,0.00000172,0.00000143,-0.00000187,-0.0000023
4,0.00000377,0.00001271,0.00001117,0.02266767,0.00672570,-0.00080220,-0.04054036
,0.51441286,0.00002248,-0.00000945,0.00001244,0.00006673,0.00006363,0.00012679,-
0.00006061,-0.00000950,0.00000960,-0.00000486,-0.00000346,-0.00001079,0.00000171
,-0.00000061,0.00000070,-0.00000087,0.00000053,-0.00000077,-0.00000234,0.0000015
5,0.00000300,0.00075305,-0.00076448,0.00015241,-0.00008158,-0.00003302,-0.000084
06,-0.00001122,0.00000589,-0.00000288,0.00007400,0.00001311,0.00032676,0.0000128
6,0.00003186,-0.00000609,0.00000454,-0.00000731,0.00001220,0.00000423,0.00000300
,0.00000015,0.00000515,-0.00002562,0.00000091,0.00000567,-0.00000527,0.00000518,
0.00000184,-0.00000113,0.00000158,0.00004772,-0.00000109,-0.00009331,-0.00003939
,0.00001047,-0.00000266,-0.00001122,0.00001541,-0.00006310,-0.00001410,-0.000027
35,-0.00002165,-0.00000235,-0.00000648,-0.00000041,0.00000453,-0.00000109,-0.000
00014,-0.00000254,-0.00000375,-0.00000321,0.00000095,0.00000085,0.00000587,-0.00
000286,0.00000268,-0.00000127,0.00000012,0.00000573,0.00000694,0.00048626,0.0000
1587,-0.00010828,0.00003486,-0.00003309,0.00008997,0.00000185,-0.00000115,0.0000
0280,0.00000140,0.00000283,0.00000135,-0.00000420,0.00000105,-0.00000468,0.00003
184,0.00001362,-0.00001344,0.00001143,-0.00000920,0.00000228,0.00000405,0.000003
58,0.00000588,-0.00000034,0.00000040,0.00000273,-0.00001418,-0.00000560,-0.00001
468,-0.00000578,0.00000842,0.00001465,0.00000140,0.00000047,-0.00000250,0.000001
42,0.00000363,0.00000496,0.00000051,0.00000076,-0.00000077,-0.00002674,0.0000029
0,-0.00000323,0.00001392,0.00000458,0.00001209,-0.00004347,0.00001745,0.00001256
,0.00000230,-0.00000307,-0.00000442,-0.00003007,-0.00002656,-0.00003025,-0.00000
322,-0.00000335,-0.00000401,0.00000473,-0.00000294,-0.00001304,0.00001301,0.0000
0312,0.00000139,0.00000374,0.00000106,-0.00001124,0.00001216,0.00002010,0.000014
39,0.00000088,0.00000408,0.00000417,0.00000640,-0.00000724,-0.00000488,0.0000073
3,-0.00000423,0.00000023,0.00787074,0.00100383,0.00238058,-0.00551453,-0.0003572
5,0.52951927,0.00034003,0.00009466,0.00031191,-0.00098161,0.00048764,0.00292616,
-0.00065728,0.00003859,0.00002360,-0.00016118,-0.00014394,-0.00011521,0.00000413
,0.00002012,0.00005911,0.00005629,0.00004842,0.00000374,0.00001026,0.00001167,-0
.00004270,-0.04176125,0.01835215,0.00758327,-0.00043523,-0.00103320,-0.00155063,
-0.00009104,0.00007985,0.00013554,0.00361545,0.00234519,-0.00004389,0.00008667,0
.00021005,0.00006199,0.00002124,0.00002800,-0.00002440,0.00004988,-0.00001923,0.
00007186,-0.00006497,0.00000416,-0.00017607,0.00004764,-0.00005831,0.00005283,0.
00010308,-0.00001108,-0.00000269,-0.00194617,-0.00016748,0.00010648,0.00040652,-
0.00022934,-0.00008335,0.00124027,-0.00181092,-0.00164576,0.00084901,0.00038382,
-0.00060880,0.00006282,-0.00022620,-0.00006931,0.00003821,-0.00008228,-0.0000481
6,0.00005221,-0.00004480,-0.00007716,-0.00000984,-0.00009014,0.00004945,-0.00002
334,-0.00011011,0.00000594,-0.00007842,0.00005973,0.00004584,-0.00333394,-0.0009
2976,0.00058662,0.00015360,0.00042660,0.00012408,0.00001857,-0.00000129,-0.00003
084,0.00006069,0.00012490,-0.00004054,-0.00009293,0.00003338,-0.00003081,0.00058
694,0.00035793,-0.00048362,0.00010547,-0.00020724,0.00008761,-0.00008410,0.00008
802,0.00015836,0.00013310,0.00011876,-0.00011931,-0.00004522,-0.00012574,0.00002
620,0.00000028,-0.00004817,0.00012193,0.00011005,0.00009045,-0.00013608,-0.00002
086,-0.00001485,0.00005797,-0.00001640,0.00000479,0.00001463,-0.00037337,0.00000
635,-0.00000270,0.00002955,-0.00013389,0.00020694,0.00020929,-0.00010637,0.00003
088,-0.00002794,0.00000866,0.00003569,0.00006167,0.00016436,-0.00036082,0.000109
87,-0.00017099,0.00014023,-0.00019776,-0.00003076,-0.00009710,0.00002773,-0.0000
6383,-0.00001064,-0.00001417,-0.00015257,0.00013141,0.00002724,0.00012373,-0.000
02823,-0.00011333,-0.00014311,0.00000745,0.00001448,0.00001667,-0.00000451,0.000
10906,0.00014492,-0.00001640,-0.07321930,0.03213040,0.00942751,-0.15001363,-0.05
661584,-0.00692910,0.43736363,-0.00038611,0.00020397,-0.00028971,0.00146513,-0.0
0002403,-0.00263435,0.00144633,0.00061750,-0.00036260,0.00014398,0.00011910,0.00
011545,-0.00000163,-0.00002070,-0.00004107,-0.00004683,-0.00004597,-0.00000752,-
0.00001279,-0.00000197,0.00002764,0.01519751,0.01353340,0.00173472,0.00000846,0.
00058975,0.00116727,0.00016945,-0.00013701,-0.00004289,-0.00059143,-0.00112991,0
.00062707,-0.00009125,-0.00035639,-0.00005531,-0.00005664,0.00001852,-0.00007176
,-0.00008148,-0.00002061,-0.00005476,0.00007778,0.00009102,0.00004474,-0.0000558
7,0.00007437,-0.00005619,-0.00010549,0.00003038,0.00000058,0.00073487,0.00057328
,0.00009906,0.00025248,-0.00026810,-0.00006400,-0.00035404,0.00082328,0.00103561
,-0.00105782,-0.00067536,0.00062335,-0.00006743,0.00018489,0.00005412,-0.0000275
6,0.00008381,0.00004472,-0.00002702,0.00004748,0.00002728,-0.00003059,0.00005407
,-0.00004473,0.00004144,0.00011384,0.00001987,0.00008842,-0.00007634,-0.00006815
,-0.00552676,-0.00021914,0.00051461,0.00025867,-0.00073233,-0.00034986,-0.000004
29,-0.00001136,0.00004565,-0.00009571,-0.00015048,0.00006133,0.00008821,-0.00003
252,0.00004626,-0.00073695,-0.00051984,0.00063408,-0.00022044,0.00027346,-0.0000
5931,0.00009171,-0.00010336,-0.00013332,-0.00010076,-0.00015418,0.00012557,-0.00
005130,0.00002376,-0.00006534,-0.00001402,0.00009497,0.00000319,-0.00011684,-0.0
0008849,0.00013818,0.00000892,0.00003925,-0.00006130,0.00004969,-0.00002635,-0.0
0001781,0.00042945,-0.00005268,0.00002017,-0.00006501,0.00011188,-0.00024742,0.0
0007470,-0.00002489,-0.00004918,-0.00001805,-0.00002445,-0.00000806,0.00008190,-
0.00002664,0.00034241,-0.00007837,0.00013850,-0.00011313,0.00010374,0.00004597,0
.00009099,-0.00007074,-0.00000446,0.00006373,-0.00005113,0.00012570,-0.00011756,
-0.00013721,-0.00014556,0.00010405,0.00007219,0.00005541,-0.00000755,-0.00007234
,0.00004303,0.00002006,-0.00002958,-0.00010541,-0.00004786,0.03832487,-0.1334464
6,-0.02145707,-0.05419557,-0.09245875,-0.00257117,0.04764005,0.45251140,-0.00010
678,0.00006926,-0.00035205,0.00090183,-0.00014995,-0.00028422,0.00106461,0.00014
705,0.00097425,0.00008492,0.00003912,0.00008171,-0.00002144,-0.00000496,-0.00003
107,-0.00001033,-0.00001546,-0.00000882,0.00002462,-0.00001027,-0.00000751,0.006
96412,0.00147100,-0.00503913,-0.00027805,0.00032939,0.00015952,0.00006898,-0.000
06446,-0.00003443,-0.00075269,0.00068835,-0.00378514,-0.00013803,-0.00017639,0.0
0002147,-0.00013612,0.00005721,-0.00009627,-0.00000370,-0.00003234,0.00001294,-0
.00001365,0.00008814,-0.00008104,-0.00005184,0.00003504,-0.00004933,-0.00001902,
0.00002146,-0.00001494,0.00021565,-0.00009132,0.00075668,0.00019828,-0.00013993,
0.00007765,0.00041944,0.00067951,0.00032084,-0.00032153,-0.00000963,-0.00025083,
-0.00005752,0.00007313,0.00008722,0.00001632,-0.00001876,0.00005171,-0.00004961,
0.00000681,-0.00000397,0.00000639,0.00002320,0.00001499,0.00004423,0.00008981,-0
.00000959,0.00002017,-0.00003436,-0.00000523,-0.00087408,-0.00107749,0.00191658,
-0.00013361,-0.00027026,0.00011232,-0.00002945,-0.00000070,-0.00000843,-0.000032
85,-0.00004713,-0.00001850,-0.00000632,0.00003074,0.00001380,-0.00044930,-0.0001
8015,0.00009677,0.00000583,0.00012354,0.00000312,0.00003660,-0.00002709,-0.00006
017,-0.00003556,-0.00001509,0.00000908,0.00005652,0.00003976,0.00003674,0.000040
55,0.00000482,-0.00012619,-0.00003105,-0.00002828,0.00004446,0.00002555,-0.00002
082,-0.00003686,-0.00001610,0.00001271,0.00000745,-0.00020520,-0.00006390,0.0002
2370,-0.00019720,0.00012152,0.00002319,-0.00009147,0.00003093,0.00003254,0.00001
032,-0.00003177,-0.00000562,0.00006586,0.00004983,-0.00010678,0.00002465,-0.0000
1058,-0.00012598,-0.00000548,-0.00004003,0.00007311,-0.00001291,0.00002256,-0.00
012948,-0.00001957,0.00009460,-0.00010333,0.00009184,0.00001725,0.00007185,0.000
02745,0.00001899,-0.00001984,-0.00000812,-0.00001671,-0.00002549,-0.00002333,-0.
00009381,-0.00000531,0.00971818,-0.01994846,-0.04917785,-0.00655451,-0.00244631,
-0.06476409,0.01201310,-0.00973004,0.47532328,-0.00005343,-0.00002509,-0.0000016
2,0.00004736,-0.00018428,-0.00032027,0.00036847,0.00013155,0.00020107,0.00001740
,0.00002624,0.00003482,-0.00000184,-0.00000473,-0.00000937,-0.00000701,-0.000012
47,-0.00000287,0.00000077,-0.00000646,0.00000213,0.00286252,0.00034724,-0.001271
47,0.00003419,0.00016651,0.00018240,-0.00006417,0.00001558,-0.00005690,-0.002866
31,0.00094159,-0.00131042,-0.00006842,0.00000280,-0.00005827,-0.00001745,0.00001
518,-0.00002514,-0.00004666,0.00001269,-0.00002185,0.00000925,-0.00000643,0.0000
3020,-0.00000986,-0.00000124,-0.00000518,-0.00000916,-0.00000194,-0.00000585,0.0
0075771,0.00022766,0.00000731,0.00002196,-0.00006497,0.00005075,-0.00013806,0.00
002426,0.00013645,-0.00003674,-0.00001639,-0.00003639,-0.00002925,0.00001740,-0.
00003914,-0.00001690,0.00000122,0.00003904,0.00001740,0.00000114,0.00002692,0.00
001697,0.00000699,-0.00000527,0.00002818,0.00001689,-0.00001573,0.00001518,-0.00
001774,-0.00000481,-0.00057032,0.00047383,0.00029649,-0.00005463,-0.00011020,-0.
00002463,0.00000404,-0.00000500,-0.00000792,-0.00001758,-0.00001719,0.00000261,0
.00000508,-0.00001044,0.00000663,-0.00007347,-0.00005119,0.00004376,0.00003328,0
.00002545,0.00001340,0.00001726,-0.00000405,-0.00001999,-0.00002183,-0.00000880,
0.00000679,-0.00002093,0.00001709,-0.00001424,0.00000595,0.00001413,-0.00002804,
-0.00001696,-0.00000955,0.00001655,0.00000138,-0.00000148,-0.00001587,0.00000257
,-0.00000240,0.00000125,0.00002405,-0.00004675,0.00003233,-0.00003389,0.00004007
,-0.00001134,-0.00006769,0.00001895,0.00000032,0.00000503,0.00000656,-0.00000013
,0.00000745,-0.00004631,0.00005024,-0.00001848,0.00003170,-0.00002314,0.00005225
,0.00001571,0.00001991,0.00001011,0.00001930,-0.00003043,0.00000655,0.00002948,-
0.00002010,-0.00000065,-0.00002269,0.00000463,0.00001482,0.00003006,-0.00000194,
0.00000841,-0.00000796,-0.00000440,-0.00002088,-0.00002956,0.00000121,-0.0077877
7,0.02688070,-0.01170170,-0.00590125,-0.02014036,0.01657657,-0.06307267,-0.01112
313,0.00643588,0.53443401,0.00015957,0.00001865,0.00008921,-0.00006257,0.0001580
9,0.00053502,-0.00022179,0.00005846,0.00002968,-0.00001570,-0.00001295,-0.000009
81,0.00000969,0.00000136,0.00001135,0.00001378,0.00000641,0.00000344,0.00000846,
0.00000228,-0.00000652,-0.00246018,0.00061047,0.00023213,-0.00007333,-0.00018489
,-0.00032863,-0.00008805,0.00000841,0.00003061,0.00193306,-0.00037452,0.00132634
,-0.00001764,0.00006394,-0.00005652,-0.00000719,-0.00000890,0.00000357,0.0000329
6,-0.00000215,-0.00001238,0.00000369,-0.00001189,-0.00003170,0.00001992,-0.00000
734,0.00001470,0.00002448,-0.00000111,0.00000543,-0.00014798,-0.00016623,0.00003
277,0.00006258,-0.00011334,-0.00002387,0.00005566,-0.00013365,-0.00023398,0.0000
5681,-0.00001858,-0.00013814,-0.00000434,-0.00004538,-0.00001104,-0.00002199,-0.
00001258,-0.00003229,0.00001046,-0.00001521,0.00001094,0.00003005,0.00000386,0.0
0000883,-0.00003460,-0.00000280,-0.00001542,-0.00000781,0.00000488,0.00001059,0.
00024904,0.00006710,-0.00018810,0.00006648,0.00007319,0.00007734,0.00000871,-0.0
0000638,-0.00000521,0.00001323,0.00002045,-0.00000736,-0.00000979,0.00000227,-0.
00000694,0.00009785,0.00008070,-0.00007332,0.00002440,-0.00003652,0.00002652,-0.
00000472,0.00001322,0.00001412,0.00004692,0.00002448,-0.00003231,-0.00003126,-0.
00005012,-0.00000928,0.00001404,-0.00001008,0.00004987,0.00002851,0.00001716,-0.
00003041,0.00000031,-0.00000808,0.00001010,-0.00000003,-0.00000101,0.00000198,-0
.00005052,0.00008664,-0.00002468,0.00000891,-0.00000287,-0.00000454,0.00002600,0
.00001828,0.00001769,0.00000602,-0.00000508,0.00000473,-0.00001450,0.00001439,-0
.00008656,0.00003448,-0.00004920,0.00002740,-0.00004344,-0.00001542,-0.00002503,
0.00001897,-0.00003738,0.00003048,0.00000529,-0.00004227,0.00001629,0.00001433,0
.00002627,-0.00001265,-0.00001279,-0.00002500,0.00000040,0.00000969,-0.00001053,
-0.00000283,0.00001580,0.00001955,0.00001149,0.01463979,-0.03264027,0.01401879,-
0.00686330,-0.01505530,0.01242798,-0.00933409,-0.11803503,0.05942161,-0.00111656
,0.48997586,0.00001302,-0.00006854,0.00000819,0.00005625,-0.00004745,-0.00009555
,0.00001266,0.00019477,0.00003543,-0.00001378,-0.00000746,0.00000204,-0.00000175
,-0.00000322,-0.00000920,-0.00001305,-0.00001098,-0.00000359,-0.00001185,-0.0000
0511,0.00001361,-0.00032790,-0.00019908,0.00062848,-0.00003817,0.00002391,0.0000
3363,-0.00006040,0.00001299,-0.00000934,-0.00114098,0.00035524,0.00026077,0.0000
0564,0.00005358,-0.00006300,-0.00000512,0.00000257,-0.00001332,-0.00004186,0.000
01070,-0.00001494,0.00000797,-0.00002475,0.00000812,0.00000600,-0.00001358,0.000
00332,-0.00000192,-0.00000813,0.00000235,-0.00006173,0.00014584,-0.00020682,0.00
001322,-0.00006127,-0.00000029,0.00002013,0.00003800,0.00001458,-0.00005558,-0.0
0005595,0.00000866,-0.00002622,-0.00000622,-0.00004001,-0.00000191,0.00001841,0.
00004037,0.00001511,0.00000023,0.00000462,-0.00000152,-0.00000579,0.00000973,0.0
0002741,0.00001811,-0.00000319,0.00001663,0.00000006,0.00001127,0.00022580,-0.00
014863,-0.00005676,-0.00002632,-0.00001239,0.00002353,0.00001219,-0.00000111,0.0
0000499,-0.00000637,-0.00000829,0.00001013,0.00000943,-0.00000022,-0.00000850,-0
.00000066,-0.00001848,0.00003199,-0.00002634,0.00002065,0.00001163,0.00000499,0.
00000778,0.00001573,-0.00000619,-0.00000969,0.00001511,-0.00003000,-0.00001097,-
0.00003473,-0.00002145,0.00001885,0.00002204,-0.00000811,-0.00000775,0.00000584,
0.00000374,0.00000910,0.00000433,0.00000660,-0.00000189,-0.00000791,0.00000922,-
0.00004002,-0.00000218,0.00004350,-0.00002577,0.00003208,0.00000488,-0.00003202,
-0.00000282,-0.00000499,-0.00000419,-0.00000340,0.00000047,-0.00000224,-0.000006
58,-0.00001327,0.00000866,-0.00000493,-0.00000434,0.00001322,-0.00000710,-0.0000
1470,0.00002151,0.00001256,-0.00000326,0.00000605,-0.00000242,-0.00001580,0.0000
0358,-0.00000097,0.00000320,0.00001122,0.00000265,-0.00000663,0.00001186,0.00000
657,0.00000092,0.00000201,0.00000055,-0.00081796,0.00001367,0.00379246,0.0022027
1,0.00360148,-0.00152510,0.00599880,0.06023380,-0.12457653,0.00042130,0.04229991
,0.48577256,0.00001631,-0.00004972,-0.00002735,-0.00008159,-0.00017016,-0.000441
21,0.00009762,0.00018013,0.00003374,0.00000845,0.00001816,0.00001464,0.00000063,
-0.00000388,-0.00000540,-0.00000735,-0.00001349,-0.00000098,-0.00000079,-0.00000
767,0.00000586,0.00291025,-0.00015772,0.00066478,0.00013007,0.00014226,0.0002420
4,-0.00006677,0.00002429,-0.00003215,-0.00243255,0.00014005,0.00191942,-0.000010
11,0.00002861,-0.00009898,-0.00001394,0.00000273,-0.00000692,-0.00004934,0.00001
299,-0.00001666,0.00001718,-0.00001053,0.00003272,-0.00000873,-0.00000328,0.0000
0067,-0.00000902,-0.00000405,0.00000356,0.00074741,0.00018879,0.00001466,0.00000
559,-0.00010170,0.00003345,-0.00029916,0.00001673,0.00013551,-0.00000499,-0.0000
3398,0.00006501,-0.00004370,0.00000674,-0.00004435,-0.00001743,0.00000915,0.0000
4483,0.00001692,-0.00000558,0.00003443,0.00002177,0.00000687,0.00000605,0.000030
11,0.00002026,-0.00002202,0.00001355,-0.00002382,-0.00001065,-0.00057276,0.00067
894,-0.00002466,0.00000242,-0.00013036,-0.00004827,0.00000996,0.00000010,-0.0000
0029,-0.00000996,-0.00001399,0.00001016,0.00001239,-0.00001420,0.00000594,-0.000
00904,-0.00001355,0.00003603,-0.00002113,0.00002197,0.00000455,0.00001169,-0.000
00464,-0.00001733,-0.00000827,-0.00001021,0.00000975,-0.00000699,0.00001476,-0.0
0000300,-0.00001517,0.00000066,-0.00001994,-0.00001331,-0.00001230,0.00001503,0.
00000477,0.00000376,-0.00000681,0.00000534,-0.00000058,-0.00000502,0.00005185,-0
.00001771,-0.00004095,0.00005733,-0.00003955,-0.00003984,-0.00004705,0.00000433,
-0.00000707,0.00000535,0.00000941,-0.00000873,-0.00002192,-0.00002450,0.00005723
,-0.00002674,0.00003865,-0.00000015,0.00004722,0.00002985,0.00002119,0.00001503,
0.00001590,0.00001726,0.00000764,0.00001653,-0.00000485,-0.00001758,-0.00002533,
-0.00000441,0.00001607,0.00003097,0.00000221,0.00000654,-0.00000315,0.00000377,-
0.00001987,-0.00001672,0.00000131,-0.00455955,0.01795425,0.02234716,-0.00901121,
-0.01206107,-0.02335748,-0.06648872,-0.01145494,-0.02211460,0.00118629,-0.000287
85,0.00052350,0.53397800,0.00012456,0.00000075,0.00009891,-0.00004023,0.00008368
,0.00045433,-0.00007530,0.00008697,0.00018134,-0.00001102,-0.00000982,0.00001072
,0.00000885,-0.00000017,0.00000827,0.00001019,0.00000085,0.00000216,0.00000487,-
0.00000198,-0.00000377,-0.00253728,0.00035468,0.00034258,-0.00005983,-0.00013018
,-0.00023932,-0.00011274,0.00001239,0.00002548,0.00107178,0.00060012,-0.00146004
,-0.00004949,0.00005136,-0.00007157,-0.00002354,0.00001150,-0.00003020,0.0000127
1,0.00000272,-0.00001988,-0.00000949,0.00001988,-0.00005195,0.00002019,-0.000009
31,0.00001095,0.00002432,-0.00000388,0.00000262,-0.00018134,-0.00011117,0.000032
66,0.00013285,-0.00013657,0.00000282,0.00020563,-0.00010707,-0.00014129,0.000064
01,0.00001011,-0.00015460,-0.00000912,-0.00004830,-0.00003753,-0.00002967,-0.000
00904,-0.00001668,0.00002312,-0.00001605,0.00001704,0.00003308,-0.00000151,0.000
00190,-0.00002074,-0.00000654,-0.00001799,-0.00000512,0.00000570,0.00001035,0.00
036656,-0.00028692,0.00018409,0.00000129,0.00014554,0.00001565,0.00000797,-0.000
00399,-0.00001077,0.00001020,0.00001672,-0.00000906,-0.00000611,0.00000053,-0.00
000838,0.00006523,0.00006534,-0.00006128,0.00001684,-0.00001471,0.00001862,-0.00
000457,0.00001573,0.00000633,0.00002984,0.00002319,-0.00002719,0.00000053,-0.000
02951,0.00000804,0.00001279,-0.00001842,0.00001201,0.00002091,0.00001422,-0.0000
2278,-0.00000237,-0.00000921,0.00000645,-0.00000321,-0.00000008,0.00000312,-0.00
007553,0.00004150,0.00002094,-0.00003271,0.00002188,0.00002135,0.00002987,0.0000
1098,0.00001800,0.00000062,0.00000154,0.00001810,0.00004003,0.00000119,-0.000087
18,0.00003882,-0.00005698,0.00002717,-0.00005308,-0.00000607,-0.00001659,-0.0000
0058,-0.00001437,0.00000860,0.00000804,-0.00004640,0.00002293,0.00000300,0.00001
265,-0.00003168,-0.00001342,-0.00002189,-0.00000331,0.00000539,-0.00000460,-0.00
000214,0.00001160,0.00002105,0.00001157,0.01028597,-0.02003266,-0.02628060,-0.00
722927,-0.00695249,-0.01459598,-0.01031977,-0.07364376,-0.03488238,0.00205285,0.
00459949,0.01776348,-0.00347280,0.52064889,0.00008839,0.00005687,0.00002758,-0.0
0002094,0.00015572,0.00033677,-0.00015043,-0.00013386,-0.00007993,-0.00001062,-0
.00001209,-0.00003419,0.00000987,0.00000295,0.00001634,0.00001444,0.00001322,0.0
0000437,0.00000607,0.00001023,-0.00000643,-0.00094786,0.00012596,0.00055224,-0.0
0000823,-0.00013186,-0.00016512,0.00003919,-0.00000085,0.00004084,0.00225197,-0.
00019720,-0.00103082,0.00004116,0.00001135,0.00002886,0.00002278,-0.00002437,0.0
0004221,0.00005910,-0.00000422,0.00000692,-0.00000844,-0.00001532,-0.00002088,0.
00001337,0.00000218,0.00001324,0.00000925,0.00000757,0.00000975,-0.00011785,-0.0
0010733,-0.00030639,-0.00002994,0.00004789,-0.00003303,0.00006525,-0.00007345,-0
.00009755,0.00008840,0.00003958,-0.00002091,0.00002445,-0.00002308,0.00003980,0.
00000699,-0.00001759,-0.00005781,-0.00001726,-0.00001506,-0.00000801,0.00000771,
0.00000497,-0.00000173,-0.00004382,-0.00002172,0.00000107,-0.00001685,0.00000776
,-0.00000180,0.00001168,-0.00003695,0.00009745,0.00004485,0.00007119,0.00002011,
0.00000103,-0.00000135,0.00000885,0.00000785,0.00001270,-0.00000078,-0.00001094,
0.00000085,0.00000019,0.00003289,0.00001171,-0.00002932,-0.00001028,-0.00002219,
-0.00000619,-0.00000166,-0.00000691,-0.00000038,0.00001229,0.00000289,-0.0000028
0,-0.00000899,-0.00001026,-0.00000076,-0.00000062,0.00000072,0.00002246,0.000014
46,0.00001025,-0.00001286,-0.00000207,0.00000046,0.00000841,0.00000448,-0.000003
04,-0.00000130,-0.00006720,0.00006787,-0.00003338,-0.00001132,-0.00000683,-0.000
03966,0.00002061,0.00003296,0.00000693,0.00000622,0.00000277,-0.00000032,-0.0000
5751,0.00004260,-0.00002208,0.00002780,-0.00004079,0.00003309,-0.00000830,-0.000
02412,-0.00001359,0.00002553,-0.00003430,0.00001325,0.00000288,-0.00003448,0.000
02037,0.00002139,0.00001272,-0.00000077,-0.00000966,-0.00002335,0.00000049,0.000
00977,-0.00001389,-0.00000190,0.00000772,0.00001440,0.00000186,0.00682185,-0.013
70211,-0.01128974,-0.00489884,-0.00456340,-0.00661375,-0.02131568,-0.03544366,-0
.16462058,-0.00394156,-0.00306490,-0.02708056,-0.00952905,-0.02618276,0.45530415
,0.00003906,0.00000760,-0.00002605,-0.00007049,-0.00000550,0.00022203,-0.0000773
6,-0.00008102,0.00003863,0.00000095,-0.00000281,-0.00000355,-0.00000119,0.000001
37,0.00000247,0.00000704,0.00000392,0.00000066,0.00000614,0.00000087,-0.00000612
,-0.00069864,-0.00068404,0.00027554,0.00001636,-0.00002589,-0.00011085,-0.000004
81,0.00000473,0.00000781,0.00027267,0.00039111,-0.00001995,-0.00001397,0.0000156
7,0.00001462,-0.00000543,0.00000079,-0.00000097,0.00002022,-0.00000133,0.0000029
7,-0.00001215,-0.00000713,-0.00001082,0.00000227,-0.00000354,0.00000217,0.000011
48,0.00000026,0.00000035,0.00000898,-0.00000383,0.00003738,-0.00003022,0.0000187
5,0.00000629,-0.00007253,-0.00003358,-0.00007036,0.00008521,0.00005352,-0.000081
13,0.00000025,-0.00000953,0.00000900,0.00000513,-0.00001482,-0.00000526,-0.00000
691,-0.00000567,-0.00000530,0.00000760,0.00000178,0.00000408,-0.00000663,0.00000
076,-0.00000021,-0.00000801,0.00000504,0.00000998,0.00026270,-0.00000234,-0.0000
8909,0.00002542,0.00004436,0.00011199,0.00000126,0.,-0.00000307,0.00000850,0.000
01106,-0.00000727,-0.00001284,0.00000946,-0.00000475,0.00003413,0.00002776,-0.00
003108,0.00000753,-0.00000338,-0.00000273,-0.00000462,0.00000466,0.00000047,0.00
001048,0.00001237,-0.00001048,0.00001257,0.00000027,0.00000968,0.00000285,-0.000
01057,-0.00000866,0.00001042,0.00000657,-0.00000937,-0.00000095,-0.00000627,0.00
000146,-0.00000254,0.00000040,0.00000178,-0.00004527,0.00002341,0.00002825,-0.00
004024,0.00004503,0.00001239,-0.00006980,0.00004631,0.00001938,0.00002405,-0.000
00306,-0.00000688,-0.00004106,-0.00002503,-0.00006704,0.00002639,-0.00002273,-0.
00000608,0.00000834,-0.00002298,-0.00000624,0.00002957,-0.00002556,-0.00001530,0
.00002276,-0.00001230,-0.00000210,0.00006537,0.00007230,-0.00000157,-0.00000045,
-0.00001201,-0.00000458,0.00001052,-0.00002340,-0.00001603,-0.00000019,0.0000012
3,0.00001447,0.00180229,0.00022971,-0.00068488,-0.04279559,-0.00110071,0.0015128
0,-0.00338821,-0.02153979,0.01781618,-0.00458303,-0.00276891,-0.00000056,0.00068
706,0.00022373,0.00089111,0.04869705,0.00000352,0.00001737,-0.00004894,0.0000012
8,0.00000466,0.00005354,0.00003891,-0.00002306,0.00002284,0.00001249,0.00000652,
0.00000170,-0.00000185,-0.00000076,-0.00000292,0.00000280,-0.00000048,-0.0000009
9,0.00000280,-0.00000061,-0.00000274,0.00007189,-0.00025131,0.00016292,-0.000000
78,0.00000071,-0.00003435,0.00000399,-0.00000204,-0.00000089,0.00010213,0.000180
50,-0.00013644,-0.00001401,-0.00000826,0.00001579,-0.00001601,0.00000596,-0.0000
0490,0.00001186,-0.00000208,0.00000767,-0.00000712,0.00000761,-0.00001105,-0.000
00324,0.00000444,-0.00000302,0.00000325,0.00000441,-0.00000118,0.00011190,-0.000
00856,0.00005706,-0.00002220,0.00000710,0.00002048,-0.00001352,-0.00003329,-0.00
000876,-0.00001509,0.00000047,-0.00003543,-0.00000937,-0.00000019,0.00001501,0.0
0000699,-0.00000827,0.00000024,-0.00000788,-0.00000508,0.00000070,0.00000677,-0.
00000020,0.00000413,0.00000527,0.00000517,-0.00000465,-0.00000199,0.00000014,-0.
00000002,0.00014936,0.00003843,-0.00002196,-0.00000310,0.00007529,0.00000562,-0.
00000368,0.00000519,-0.00000266,0.00000229,-0.00000404,-0.00000303,-0.00000060,0
.00000751,-0.00000148,-0.00001918,0.00000960,-0.00000065,0.00000532,0.00000416,-
0.00000389,0.00000110,-0.00000500,-0.00000951,0.00000277,0.00000006,-0.00000206,
0.00001231,-0.00000068,0.00000654,0.00000428,-0.00000730,-0.00000846,-0.00000009
,-0.00000317,0.00000269,0.00000221,-0.00000386,-0.00000212,-0.00000334,0.0000036
1,-0.00000064,0.00001143,0.00001806,0.00003041,-0.00002267,0.00000522,0.00001026
,0.00002428,-0.00001334,-0.00000698,-0.00001241,-0.00000363,-0.00000228,-0.00000
034,0.00002689,-0.00002087,0.00001375,-0.00001121,-0.00000639,-0.00001376,-0.000
00954,0.00000431,-0.00000659,-0.00002136,-0.00000441,-0.00001203,0.00000673,-0.0
0000049,0.00004174,0.00000443,-0.00000579,0.00000108,-0.00001490,-0.00000463,-0.
00000486,0.00000192,0.00000760,-0.00000191,0.00000203,-0.00000301,0.00066335,0.0
0080784,-0.00060544,-0.00137617,-0.17649901,0.12084294,-0.00409167,-0.01457103,0
.01150693,-0.00355156,-0.00172055,-0.00001519,0.00060905,0.00030801,0.00043247,0
.00451756,0.20276067,-0.00000948,-0.00002140,0.00002395,0.00010456,0.00007413,-0
.00015460,0.00002382,0.00007569,-0.00000748,-0.00000465,-0.00000123,0.00000074,-
0.00000161,0.00000119,-0.00000097,-0.00000771,-0.00000441,-0.00000093,-0.0000053
2,-0.00000056,0.00000527,0.00023408,0.00038473,-0.00010536,-0.00007122,-0.000047
24,0.00006735,-0.00000287,0.00000139,-0.00000931,-0.00014431,-0.00037654,-0.0000
0698,-0.00000119,-0.00000707,-0.00001223,0.00000890,-0.00000002,-0.00000441,-0.0
0001572,0.00000306,-0.00000361,0.00000070,0.00000024,0.00001531,-0.00000096,-0.0
0000278,-0.00000061,-0.00000413,-0.00000220,-0.00000085,-0.00011207,0.00001442,-
0.00003142,0.00004549,-0.00003069,-0.00002066,0.00015980,0.00010362,0.00007892,-
0.00011297,-0.00008453,0.00009031,0.00000165,0.00000311,-0.00001292,-0.00000514,
0.00000905,0.00000934,0.00000972,0.00000396,0.00000211,-0.00000762,-0.00000458,-
0.00000138,0.00000685,-0.00000151,-0.00000018,0.00001175,-0.00000299,-0.00000552
,-0.00015915,-0.00008352,0.00000401,0.00002877,-0.00005235,-0.00010941,0.0000015
1,-0.00000265,0.00000135,-0.00000464,-0.00000321,0.00000442,0.00000666,-0.000004
65,0.00000890,-0.00000212,-0.00001461,0.00001733,-0.00000923,0.00000526,0.000005
38,0.00000116,0.00000159,0.00000520,-0.00000682,-0.00000534,0.00000545,-0.000004
57,0.00000085,-0.00000408,-0.00000772,0.00000540,0.00000084,-0.00000560,-0.00000
284,0.00000277,-0.00000024,0.00000547,-0.00000151,0.00000304,-0.00000103,-0.0000
0043,0.00001944,0.00000228,-0.00001028,0.00000112,-0.00001549,-0.00000237,0.0001
0420,-0.00005292,-0.00002860,-0.00001207,-0.00000626,-0.00000392,0.00000426,0.00
001583,0.00006274,-0.00001363,0.00001227,-0.00000111,0.00000489,0.00000493,-0.00
001076,-0.00003837,0.00001381,-0.00000797,-0.00004721,0.00003246,-0.00000283,-0.
00003128,-0.00003391,0.00008100,-0.00000712,-0.00002290,0.00000606,-0.00003083,0
.00002867,0.00000580,0.00002263,0.00000296,-0.00004062,0.00010862,-0.00052789,0.
00019003,0.00147353,0.12131375,-0.15489133,0.00209488,0.00191036,-0.00061096,0.0
0063386,0.00033727,0.00052475,-0.00065409,-0.00081574,0.00062232,-0.00170603,-0.
14120118,0.17676647,0.00003740,-0.00000853,0.00005050,-0.00021469,0.00000778,0.0
0010657,-0.00016139,-0.00008593,-0.00007306,-0.00000720,-0.00000789,-0.00000007,
0.00000444,0.00000039,0.00000552,0.00000485,0.00000460,0.00000184,-0.00000117,0.
00000308,-0.00000167,-0.00080969,-0.00059916,-0.00049052,0.00014825,-0.00003363,
-0.00001075,-0.00000065,0.00000678,0.00001726,0.00029235,0.00039900,0.00019011,0
.00001532,0.00002366,0.00000340,0.00001560,-0.00001036,0.00001604,0.00001730,0.0
0000129,-0.00000693,0.00000180,-0.00001540,0.00000316,0.00001072,-0.00000421,0.0
0000904,0.00000903,-0.00000265,0.00000297,0.00002727,0.00001371,-0.00004173,-0.0
0004772,0.00005695,-0.00000554,-0.00015413,-0.00006119,-0.00004511,0.00014079,0.
00005492,-0.00002930,0.00000905,-0.00000881,-0.00000618,-0.00000281,0.00000091,-
0.00001520,0.00000335,0.00000007,-0.00000123,0.00000159,0.00000357,-0.00000651,-
0.00001478,-0.00000562,0.00000746,-0.00000967,0.00000782,0.00000419,0.00032748,-
0.00004533,0.00004025,0.00000359,0.00016405,-0.00004323,0.00000513,-0.00000385,0
.00000235,0.00000814,0.00001028,-0.00000308,-0.00000394,-0.00000009,-0.00000630,
0.00002663,0.00001090,-0.00002061,-0.00000436,-0.00002074,-0.00000852,-0.0000082
8,0.00000130,0.00000160,0.00001295,0.00000779,-0.00000473,-0.00000106,-0.0000038
6,-0.00000248,-0.00000520,-0.00000303,0.00001494,0.00000916,0.00000762,-0.000007
97,-0.00000562,-0.00000098,0.00000761,0.00000194,-0.00000285,0.00000137,0.000006
16,0.00002382,-0.00001291,0.00000686,-0.00000524,0.00000827,-0.00001196,0.000021
72,0.00000837,0.00000868,0.00000997,-0.00000081,-0.00001049,-0.00001953,-0.00002
049,0.00001342,-0.00001325,0.00002381,0.00000106,-0.00000985,-0.00000632,0.00002
278,-0.00002589,0.00002482,0.00001732,-0.00003391,0.00002208,0.00001957,0.000019
44,-0.00003879,-0.00000177,-0.00000934,0.00000371,0.00001014,-0.00001376,0.00000
117,-0.00000317,0.00002865,0.00001905,0.00187524,0.00002338,0.00047991,-0.045754
62,-0.01000196,-0.02450127,-0.00648291,-0.01251341,-0.02488843,0.00067908,0.0006
4531,-0.00066560,-0.00476613,-0.00271467,-0.00057157,0.00094419,0.00027626,-0.00
079081,0.05235224,-0.00000381,-0.00000868,0.00000774,0.00008921,0.00008256,-0.00
008034,0.00002799,0.00003090,-0.00005888,0.00000312,0.00000351,0.00000061,-0.000
00037,-0.00000143,-0.00000189,-0.00000213,-0.00000259,-0.00000085,-0.00000429,0.
00000105,0.00000338,0.00007741,0.00000878,-0.00014688,-0.00004441,-0.00003066,0.
00003151,0.00000358,0.00000179,-0.00000132,0.00005205,-0.00007212,0.00010206,0.0
0000644,0.00000237,0.00000208,0.00000496,-0.00000035,0.00000356,0.00000048,0.000
00503,-0.00000132,-0.00000177,-0.00000555,0.00000426,0.00000199,-0.00000002,0.00
000317,0.00000007,0.00000210,0.00000146,0.00004839,0.00001681,-0.00003175,-0.000
01358,0.00001482,-0.00000445,0.00004919,0.00001912,0.00001350,-0.00007205,-0.000
06252,0.00004696,0.00000040,0.00000136,-0.00000177,0.00000038,0.00000180,0.00000
344,0.00000409,-0.00000085,-0.00000201,-0.00000138,-0.00000371,-0.00000249,0.000
00621,-0.00000260,0.00000106,0.00000460,0.,-0.00000111,0.00008252,-0.00002953,0.
00002421,0.00004924,0.00003415,0.00002204,0.00000170,0.00000131,0.00000325,-0.00
000165,-0.00000668,0.00000346,0.00000396,-0.00000029,-0.00000067,-0.00001935,-0.
00001520,0.00002664,-0.00000973,0.00000158,-0.00000689,0.00000168,-0.00000693,-0
.00000605,-0.00000226,-0.00000804,0.00000755,-0.00000273,-0.00000133,-0.00000725
,-0.00000931,0.00000598,0.00000712,-0.00000511,-0.00000488,0.00000547,-0.0000007
6,0.00000543,-0.00000093,0.00000460,-0.00000142,-0.00000179,-0.00000768,0.000012
59,0.00001171,0.00000346,-0.00000529,0.00000446,0.00003006,-0.00002098,-0.000002
91,-0.00000203,-0.00001280,-0.00000475,-0.00002212,0.00000383,0.00000126,-0.0000
0022,-0.00000328,-0.00000663,0.00000415,-0.00000801,-0.00000945,-0.00001497,0.00
000215,-0.00000164,-0.00002093,0.00000984,-0.00000774,-0.00000316,0.00001533,0.0
0004354,-0.00000052,-0.00001489,0.00000360,-0.00001731,0.00001080,-0.00000629,0.
00002207,-0.00000232,-0.00001783,0.00085549,0.00030360,0.00057233,-0.01024453,-0
.08125839,-0.08672184,-0.00460319,-0.00742324,-0.01464251,0.00022293,0.00023960,
-0.00061750,-0.00311498,-0.00133121,-0.00042775,0.00243787,0.00814674,0.02224185
,0.01464912,0.09159653,-0.00000375,0.00000504,0.00001196,-0.00010434,-0.00003163
,0.00008343,-0.00004737,-0.00006287,-0.00005895,-0.00000059,0.00000183,-0.000004
83,0.00000474,-0.00000140,0.00000337,0.00000447,0.00000208,0.00000054,-0.0000007
0,0.00000249,0.00000204,-0.00014332,-0.00032074,-0.00028402,0.00009547,0.0000343
0,-0.00001974,0.00000286,0.00000278,0.00001002,0.00016145,0.00034035,0.00018160,
0.00001302,0.00000987,0.00000925,0.00000944,-0.00000526,0.00001303,0.00001576,0.
00000501,-0.00000099,-0.00000199,-0.00000430,-0.00000453,0.00000516,0.00000207,0
.00000597,0.00000202,0.00000388,0.00000335,0.00013940,-0.00000027,-0.00002832,-0
.00005710,0.00005582,0.00000340,-0.00015745,-0.00008702,-0.00005248,0.00010212,0
.00006178,-0.00004837,0.00001028,-0.00000273,0.00000616,0.00000367,-0.00000694,-
0.00001572,-0.00000174,-0.00000558,-0.00000391,0.00000413,0.00000263,-0.00000498
,-0.00001140,-0.00001060,0.00000248,-0.00000751,0.00000619,0.00000413,0.00019760
,0.00005369,0.00005255,-0.00002206,0.00010008,0.00006667,-0.00000226,0.00000418,
0.00000228,0.00000334,-0.00000148,0.00000088,-0.00000229,-0.00000218,-0.00000690
,-0.00000013,-0.00000015,0.00000059,-0.00000348,0.00000336,-0.00001241,0.0000038
2,-0.00000612,-0.00000970,0.00000130,-0.00000538,0.00000295,-0.00000093,-0.00000
149,-0.00000054,0.00000298,-0.00000345,0.00000954,0.00000051,-0.00000105,0.00000
253,-0.00000015,-0.00000093,0.00000416,-0.00000138,0.00000079,-0.00000285,-0.000
01251,0.00001345,-0.00000829,0.00001441,-0.00000403,-0.00000201,-0.00004886,0.00
002610,0.00001345,0.00001198,0.00000031,-0.00000169,-0.00001483,-0.00000962,-0.0
0003481,0.00001183,-0.00001267,0.00000737,0.00000480,-0.00000684,0.00000036,0.00
002580,-0.00001129,0.00001774,0.00003416,-0.00003456,0.00001105,-0.00000014,0.00
002775,-0.00005918,0.00000580,0.00001752,-0.00000304,0.00002055,-0.00001902,-0.0
0000531,-0.00001480,0.00000368,0.00003468,0.00007859,0.00055647,0.00066703,-0.02
466387,-0.08711806,-0.24792727,-0.00374913,-0.00344080,-0.00449339,0.00081978,0.
00055573,0.00067480,-0.00139551,-0.00082212,0.00030127,-0.00228924,-0.00652016,-
0.02611769,0.02959343,0.10113031,0.28486928,-0.00009978,-0.00000983,-0.00004276,
0.00011562,-0.00003127,-0.00021449,0.00022278,0.00009711,-0.00004525,0.00001443,
0.00001827,0.00001691,-0.00000091,-0.00000246,-0.00000663,-0.00000530,-0.0000054
9,-0.00000082,0.00000123,-0.00000062,0.00000132,-0.00050561,0.00113424,0.0001688
5,-0.00001871,0.00004981,0.00010045,0.00002702,-0.00000662,-0.00001246,0.0000646
8,-0.00012829,-0.00003155,-0.00001467,-0.00003338,0.00001423,0.00001058,0.000005
12,-0.00000140,-0.00000680,0.00000514,-0.00000266,0.00000504,0.00000760,0.000023
71,-0.00000528,0.00000710,-0.00000594,-0.00001032,0.00000304,0.00000082,0.000009
30,0.00007571,0.00004381,0.00003819,-0.00000845,-0.00002397,0.00001547,0.0000050
0,0.00005646,-0.00007992,-0.00003045,0.00005686,-0.00000258,0.00002541,-0.000002
89,0.00000336,0.00000354,0.00001947,0.00000827,0.00000838,0.00000099,-0.00000494
,0.00000138,-0.00000431,0.00002108,0.00000656,0.00000498,0.00001189,-0.00001333,
-0.00000886,-0.00078445,-0.00003487,0.00013394,-0.00004834,-0.00008045,-0.000042
07,0.00000029,0.00000560,0.00000212,-0.00000686,-0.00002111,0.00000654,0.0000119
4,-0.00000861,0.00000745,-0.00007701,-0.00004912,0.00005616,-0.00001581,0.000021
56,-0.00000587,0.00000706,-0.00001220,-0.00001400,-0.00001668,-0.00001685,0.0000
1608,0.00000510,0.00001664,-0.00000599,-0.00000214,0.00001095,-0.00001753,-0.000
01379,-0.00001604,0.00001674,0.00000438,0.00000274,-0.00001225,0.00000610,-0.000
00067,-0.00000462,0.00002147,-0.00001416,-0.00000205,-0.00000953,0.00000836,-0.0
0002999,0.00002168,-0.00000735,-0.00000857,0.00000374,-0.00000160,0.00000192,-0.
00001357,-0.00000783,0.00005536,-0.00000639,0.00001963,-0.00001047,0.00003697,0.
00000341,0.00001565,-0.00000105,-0.00000350,-0.00000198,-0.00000327,0.00000904,-
0.00001119,-0.00003509,-0.00000862,0.00001847,0.00001091,0.00000862,-0.00000353,
-0.00000754,0.00000137,0.00000113,-0.00000655,-0.00001716,-0.00000928,-0.0079085
5,-0.00225250,0.00016178,-0.17710291,0.11691395,0.03414933,-0.02239342,0.0165428
3,0.00506441,0.00057515,0.00068582,-0.00024764,0.00055999,0.00048911,0.00039623,
-0.00074660,0.00302032,-0.00056368,0.00183552,0.00014682,0.00097767,0.20571025,0
.00003935,-0.00000052,0.00000833,-0.00012377,-0.00002879,0.00015182,-0.00009789,
-0.00004262,0.00000531,-0.00000867,-0.00001089,-0.00000747,-0.00000045,0.0000037
8,0.00000364,0.00000272,0.00000392,0.00000089,-0.00000025,0.00000248,-0.00000090
,-0.00136346,0.00018754,0.00010706,0.00004995,-0.00002364,-0.00006636,-0.0000011
3,0.00000870,0.00001134,0.00030425,0.00021403,0.00004306,0.00000278,0.00002004,0
.00000367,-0.00000135,0.00000010,0.00000116,0.00000727,-0.00000308,0.00000545,-0
.00000109,-0.00000733,-0.00000254,0.00000576,-0.00000616,0.00000523,0.00000973,-
0.00000183,-0.00000019,-0.00013624,0.00002354,-0.00000412,0.00000898,0.00000415,
-0.00000719,-0.00006212,-0.00002016,-0.00006323,0.00010889,0.00005599,-0.0000507
3,0.00000480,-0.00001095,0.00000005,0.00000608,-0.00000083,-0.00000618,-0.000001
52,-0.00000331,-0.00001077,-0.00000233,-0.00000478,0.00000292,-0.00000756,-0.000
00576,0.00000753,-0.00000425,0.00000758,0.00000915,-0.00000273,-0.00008058,-0.00
000483,-0.00000911,0.00003298,0.00003965,0.00000360,-0.00000615,-0.00000022,0.00
000505,0.00001298,-0.00000365,-0.00000812,0.00000385,-0.00000492,0.00003489,0.00
001462,-0.00002999,0.00000205,-0.00001553,0.00000658,-0.00000842,0.00000663,0.00
000979,0.00000882,0.00001242,-0.00000847,-0.00000008,-0.00000227,0.00000167,0.00
000182,-0.00000309,0.00000500,0.00000952,0.00000921,-0.00001056,-0.00000173,-0.0
0000293,0.00000540,-0.00000090,-0.00000196,0.00000214,-0.00002001,0.00000966,-0.
00000502,-0.00000762,0.00002339,0.00000501,-0.00003331,0.00002512,0.00001532,0.0
0001648,0.00000081,-0.00000626,-0.00001548,-0.00002754,-0.00003108,0.00000584,-0
.00000768,0.00000681,0.00000156,-0.00001010,-0.00000533,0.00001395,-0.00001259,0
.00000568,0.00001659,-0.00001539,0.00000506,0.00001291,0.00003448,-0.00002388,-0
.00000427,0.00000409,0.00000079,0.00001303,-0.00001215,-0.00000222,-0.00000714,0
.00001350,0.00002003,-0.00204813,0.00023645,0.00008938,0.11845864,-0.14437676,-0
.02979340,-0.00734703,0.00679397,0.00196570,-0.00071110,0.00018330,-0.00000939,-
0.00047529,0.00015640,0.00017534,0.01918952,-0.01913011,-0.00270655,0.01051871,-
0.00988891,-0.00478191,-0.13536224,0.16607761,0.00001199,-0.00000115,0.00000267,
-0.00006071,0.00000978,0.00008030,-0.00006302,-0.00001736,0.00000555,-0.00000157
,-0.00000476,-0.00000392,0.00000145,0.00000161,0.00000093,-0.00000071,0.00000083
,-0.00000182,-0.00000207,0.00000124,0.00000176,-0.00026386,-0.00010047,0.0001889
1,0.00001384,-0.00001605,-0.00003260,-0.00000168,0.00000493,0.00000214,0.0000642
0,0.00008917,-0.00002789,0.00000425,0.00000586,-0.00000044,-0.00000474,0.0000009
1,-0.00000263,0.00000222,-0.00000349,0.00000615,0.00000122,0.00000159,-0.0000003
9,0.00000306,-0.00000170,0.00000190,0.00000360,0.00000052,-0.00000183,-0.0000284
3,0.00000040,-0.00000914,0.00000128,-0.00000445,0.00000094,-0.00000419,-0.000010
64,-0.00000840,0.00003030,0.00001220,-0.00002046,-0.00000462,-0.00000496,0.00000
059,0.00000628,0.00000222,-0.00000091,-0.00000228,-0.00000364,-0.00000460,0.0000
0015,-0.00000130,0.00000579,-0.00000207,0.00000221,-0.00000103,-0.00000015,0.000
00396,0.00000252,0.00005239,-0.00000995,-0.00003564,-0.00002201,0.00004237,-0.00
004363,-0.00000199,-0.00000208,-0.00000017,0.00000218,0.00000419,-0.00000126,-0.
00000168,0.00000053,-0.00000243,0.00001870,0.00001200,-0.00001863,0.00000205,-0.
00000366,0.00000349,-0.00000127,0.00000231,0.00000342,0.00000309,0.00000326,-0.0
0000271,0.00000208,-0.00000316,0.00000300,0.00000222,-0.00000534,0.00000274,0.00
000287,0.00000326,-0.00000307,-0.00000015,-0.00000166,0.00000375,-0.00000362,0.0
0000222,0.00000014,0.00001586,-0.00000534,0.00000054,-0.00000767,0.00000191,0.00
000484,-0.00000413,0.00000811,0.00000652,-0.00000289,0.00000737,0.00000909,0.000
02091,-0.00000408,-0.00000189,0.00000181,-0.00000351,0.00000857,-0.00000502,0.00
000255,-0.00000043,0.00000228,-0.00000620,0.00000304,0.00000305,-0.00000740,0.00
000616,0.00001596,-0.00001669,-0.00002426,-0.00000283,-0.00000322,-0.00000028,0.
00000341,-0.00000206,0.00000349,-0.00000540,0.00000804,0.00000395,0.00013718,0.0
0009956,0.00037864,0.03453865,-0.02973650,-0.05135693,-0.00020082,0.00046993,0.0
0005067,0.00031421,0.00006109,-0.00004573,-0.00062079,-0.00006926,-0.00002425,-0
.01599492,0.01574978,0.00338868,0.02217828,-0.02150757,-0.00830795,-0.03987472,0
.03481077,0.05625453,0.00005497,-0.00000709,0.00007185,0.00003961,0.00020149,-0.
00001188,-0.00017383,0.00000750,-0.00011176,-0.00000889,-0.00002061,-0.00000346,
0.00000294,0.00000017,0.00000546,0.00000323,0.00000314,0.00000216,-0.00000411,0.
00000401,-0.00000025,-0.00035396,0.00018900,-0.00061089,-0.00000446,-0.00009590,
-0.00000721,0.00000599,0.00000336,0.00001650,-0.00002304,-0.00002694,0.00019478,
0.00002017,0.00000920,-0.00000351,0.00001606,-0.00001608,0.00001989,0.00001409,0
.00000212,-0.00001358,-0.00000150,-0.00000959,0.00000565,0.00000976,-0.00000370,
0.00001094,0.00001062,-0.00000242,0.00000476,-0.00014917,0.00002743,-0.00009876,
-0.00001925,0.00003175,-0.00001540,0.00000483,0.00004832,-0.00000763,-0.00001520
,-0.00009399,0.00007318,0.00001050,-0.00000690,-0.00000889,-0.00000859,0.0000093
5,-0.00001292,0.00000316,0.00000300,0.00000202,-0.00000415,0.00000244,-0.0000125
0,-0.00001339,-0.00000448,0.00000923,-0.00000299,0.00000184,-0.00000081,-0.00001
336,0.00005578,0.00016185,0.00003472,0.00002844,-0.00002307,0.00001437,-0.000006
26,0.00001010,0.00000801,0.00000909,0.00000013,-0.00000066,0.00000032,-0.0000016
0,0.00001724,-0.00000939,0.00001042,-0.00003603,-0.00003718,-0.00002305,-0.00001
495,-0.00000266,0.00001192,0.00002788,0.00000449,0.00000483,-0.00000729,-0.00002
242,-0.00002669,-0.00005013,0.00001910,0.00005533,0.00000733,0.00000605,-0.00000
691,-0.00000929,0.00001187,0.00001161,0.00001319,-0.00000774,0.00000075,-0.00000
476,0.00000785,-0.00000864,0.00000670,-0.00001404,0.00000999,0.00002306,-0.00000
696,0.00000599,-0.00000228,0.00000086,0.00000206,-0.00000297,-0.00000018,-0.0000
0289,0.00000442,-0.00000951,0.00001525,-0.00000101,-0.00000535,-0.00001100,-0.00
000036,-0.00000782,0.00001304,-0.00000538,-0.00001462,0.00000929,-0.00000210,0.0
0000254,-0.00000049,-0.00000634,-0.00001300,0.00000386,-0.00000353,0.00000327,0.
00000076,0.00001347,0.00001618,-0.00000208,0.00027886,-0.00022032,-0.00035553,0.
00020032,-0.00000945,0.00072925,0.00003079,0.00108059,0.00025611,-0.04557902,-0.
00745193,-0.01533272,0.00037965,-0.00000759,-0.00009523,-0.00008361,0.00000758,-
0.00014370,-0.00010546,-0.00057712,0.00015568,-0.00009940,0.00008857,0.00012677,
0.04855017,-0.00003294,-0.00001176,-0.00003160,0.00016338,0.00002274,-0.00006183
,0.00005710,0.00008009,-0.00002950,0.00000573,0.00000106,-0.00000335,-0.00000245
,-0.00000046,-0.00000368,-0.00000352,-0.00000206,-0.00000202,-0.00000277,0.00000
233,0.00000296,0.00049610,0.00004649,-0.00002714,-0.00008634,0.00002252,0.000008
90,0.00002049,-0.00000386,-0.00001117,-0.00036610,0.00005224,0.00002945,0.000012
36,-0.00001772,0.00001421,0.00000268,0.00000284,0.00000089,-0.00000393,0.0000030
1,0.00000479,-0.00000635,0.00000568,0.00000179,-0.00000432,0.00000319,-0.0000004
0,-0.00000375,0.00000475,-0.00000078,0.00012249,-0.00004288,-0.00002658,-0.00003
526,0.00001994,-0.00000034,0.00001429,0.00000878,0.00001919,-0.00007810,-0.00003
139,0.00002858,0.00000165,0.00001080,0.00001130,0.00000831,-0.00000056,0.0000085
9,-0.00000374,0.00000094,-0.00000652,-0.00000615,-0.00000186,-0.00000056,0.00001
294,0.00000026,0.00000176,0.00000516,-0.00000539,-0.00000313,-0.00010458,0.00008
935,0.00002803,-0.00001482,-0.00005691,0.00004777,0.00000086,0.00000178,0.000006
93,-0.00000501,-0.00001102,0.00000338,0.00000214,0.00000047,0.00000173,-0.000028
19,-0.00003154,0.00004307,-0.00000829,0.00000425,-0.00001126,0.00000671,-0.00001
081,-0.00000619,-0.00001139,-0.00001522,0.00001517,-0.00000721,-0.00000289,-0.00
002041,-0.00002289,0.00003309,0.00000713,-0.00001123,-0.00000890,0.00000916,0.00
000307,0.00000999,-0.00000369,0.00000637,-0.00000254,-0.00000237,-0.00000448,-0.
00000541,0.00000391,-0.00000480,0.00000072,-0.00000855,-0.00000510,-0.00000454,-
0.00000083,0.00000006,-0.00000635,-0.00000422,-0.00000339,0.00000940,0.00000386,
-0.00000575,0.00000488,-0.00001402,0.00000376,-0.00000200,0.00000199,-0.00000933
,0.00001005,-0.00001104,-0.00000687,0.00001472,-0.00001213,0.00000108,0.00000018
,0.00001440,0.00000290,0.00000321,-0.00000169,-0.00000695,0.00000456,-0.00000377
,0.00000252,-0.00001589,-0.00000330,-0.00101838,0.00169233,-0.00025775,0.0005441
2,0.00050655,0.00050753,0.00114813,0.00714108,0.01967770,-0.00658381,-0.08507102
,-0.09179342,-0.00010345,-0.00238865,0.00300742,0.00007560,0.00000320,-0.0000603
2,-0.00035697,-0.00020504,0.00021108,-0.00000359,-0.00012116,-0.00012449,0.00856
833,0.09629465,0.00002974,0.00001552,0.00005932,-0.00008086,0.00011591,0.0000427
0,-0.00018751,-0.00007663,-0.00017240,-0.00000799,-0.00000708,-0.00001371,0.0000
0821,-0.00000155,0.00000744,0.00000757,0.00000541,0.00000094,-0.00000367,0.00000
700,0.00000128,-0.00048701,0.00000719,-0.00092533,0.00009106,-0.00003729,0.00000
030,0.00003589,-0.00000274,0.00003263,0.00008068,0.00022370,0.00049960,0.0000479
9,-0.00000941,0.00003046,0.00003053,-0.00001347,0.00002609,0.00002949,0.00000205
,-0.00000027,0.00000244,0.00000022,-0.00000858,0.00000926,0.00000636,0.00001015,
0.00000334,0.00000799,0.00000471,0.00018431,-0.00003764,-0.00012659,-0.00010697,
0.00010108,-0.00001730,-0.00007648,-0.00003212,-0.00001371,0.00006945,0.00000379
,0.00003034,0.00002444,-0.00000600,0.00001530,0.00000182,-0.00000566,-0.00003367
,-0.00000178,-0.00000324,-0.00001081,-0.00000278,0.00000164,-0.00001252,-0.00002
233,-0.00001890,0.00000980,-0.00001093,0.00000471,-0.00000340,0.00005131,0.00012
153,0.00015968,0.00003255,0.00009756,-0.00003221,0.00000003,-0.00000122,0.000008
88,0.00000415,0.00000046,0.00000303,-0.00000054,-0.00000355,-0.00000583,-0.00000
827,-0.00001721,0.00001667,-0.00002055,-0.00001166,-0.00002249,0.00000337,-0.000
01481,-0.00001086,0.00001713,-0.00000971,0.00000010,-0.00002618,-0.00001666,-0.0
0001326,-0.00000280,0.00000636,0.00006029,0.00000485,0.00000319,-0.00000186,-0.0
0000443,0.00000219,0.00000789,0.00000524,-0.00000588,-0.00000472,0.00000081,0.00
003251,-0.00001943,0.00002092,-0.00001728,-0.00000347,0.00001059,0.00000653,0.00
000514,0.00000538,0.00000062,-0.00000106,-0.00001560,-0.00000438,-0.00001936,0.0
0001125,-0.00001771,0.00001698,-0.00000455,-0.00001183,-0.00000881,0.00000919,-0
.00001826,0.00002808,0.00000893,-0.00002968,0.00001446,-0.00000106,0.00000881,-0
.00002284,-0.00000016,-0.00000277,-0.00000030,0.00000313,-0.00000590,0.00000154,
-0.00000120,0.00001485,0.00001514,0.00032405,-0.00132309,0.00189406,-0.00039252,
-0.00084628,0.00066236,-0.00176031,-0.00577538,-0.02657038,-0.01495027,-0.091055
08,-0.24147754,0.00017994,0.00395055,-0.00354936,-0.00017657,-0.00029567,0.00030
212,0.00038932,0.00061593,0.00033082,0.00002410,-0.00001487,-0.00014928,0.017682
88,0.10377103,0.28103530,-0.00012116,-0.00000940,-0.00007174,0.00006784,-0.00006
181,-0.00012767,0.00013946,-0.00008333,-0.00004071,0.00002164,0.00002740,0.00000
735,-0.00000291,0.00000027,-0.00000561,-0.00000452,-0.00000121,-0.00000010,0.000
00344,0.00000145,-0.00000085,0.00053474,-0.00058639,0.00003218,0.00000244,0.0000
8230,0.00008727,0.00007145,-0.00000576,-0.00001034,-0.00053828,0.00037866,-0.000
56553,0.00000714,-0.00005087,0.00005530,0.00002187,0.00000340,0.00000651,0.00000
368,0.00000235,0.00001059,-0.00000454,0.00000788,0.00002204,-0.00001032,0.000009
91,-0.00000803,-0.00001288,0.00000687,-0.00000086,0.00019664,0.00013298,0.000098
17,-0.00007497,0.00008439,-0.00000776,-0.00000563,0.00004898,0.00007345,-0.00004
792,0.00003154,0.00003408,0.00000629,0.00003376,0.00001783,0.00001107,-0.0000031
7,0.00001032,-0.00000149,0.00001029,-0.00000663,-0.00000909,0.00000276,-0.000005
49,0.00001715,-0.00000238,0.00001245,0.00000402,-0.00000738,-0.00000405,-0.00008
531,0.00010340,-0.00000175,-0.00004078,-0.00000942,0.00000807,-0.00000718,0.0000
0788,0.00000234,-0.00000413,-0.00001710,0.00000470,0.00000631,-0.00000511,0.0000
0541,-0.00005420,-0.00004053,0.00003591,-0.00000093,0.00002540,-0.00001095,0.000
00664,-0.00001099,-0.00002113,-0.00002713,-0.00000776,0.00001679,0.00003934,0.00
004534,0.00001637,0.00000038,-0.00000608,-0.00006128,-0.00001204,-0.00001404,0.0
0001593,0.00000471,-0.00000399,-0.00001532,-0.00000014,0.00000283,-0.00000304,0.
00001600,0.,-0.00000150,-0.00000575,0.00000084,-0.00001921,-0.00000395,0.0000053
2,-0.00000640,0.00000619,-0.00000198,-0.00000332,-0.00001526,-0.00000306,0.00002
432,-0.00000673,0.00001815,-0.00001476,0.00002464,-0.00000513,0.00001681,-0.0000
0421,0.00000190,-0.00000563,0.00000060,0.00001493,-0.00001458,-0.00000622,-0.000
00211,0.00000644,0.00001127,0.00001216,-0.00000248,-0.00000625,-0.00000012,0.000
00054,-0.00000991,-0.00001704,0.00000080,-0.00005738,0.00013665,-0.00058484,0.00
026576,-0.00093286,0.00047800,-0.00174879,0.00272813,-0.00056963,-0.18555926,0.1
1814797,0.02568610,0.00011976,-0.00028141,0.00009820,-0.00008531,-0.00016060,0.0
0007501,-0.00005144,0.00005119,-0.00003249,0.00012180,-0.00062290,0.00027671,0.0
0042503,0.00049763,0.00120071,0.21322449,0.00007490,0.00000340,0.00003483,-0.000
08664,0.00005657,0.00017327,-0.00013742,-0.00002517,-0.00001726,-0.00001134,-0.0
0001515,-0.00001045,-0.00000134,0.00000344,0.00000343,0.00000142,0.00000165,0.00
000061,-0.00000320,-0.00000031,0.00000102,-0.00145590,-0.00011341,0.00037985,0.0
0000168,-0.00007797,-0.00010157,-0.00003078,0.00001683,0.00000736,-0.00011268,0.
00003409,-0.00005462,-0.00000860,0.00004309,-0.00002244,-0.00001207,-0.00000126,
-0.00000347,0.00000142,-0.00000016,-0.00000040,-0.00000766,-0.00001448,-0.000010
63,0.00000781,-0.00001227,0.00000769,0.00001378,-0.00000526,0.00000078,-0.000297
26,0.00002631,-0.00005985,0.00002669,-0.00001804,0.00001121,0.00003493,-0.000050
99,-0.00008134,0.00004678,-0.00001624,-0.00003660,-0.00000391,-0.00002466,-0.000
01498,-0.00000402,0.00000138,-0.00000435,0.00000171,-0.00000673,-0.00000175,0.00
000379,-0.00000643,0.00000399,-0.00000902,-0.00000748,-0.00000076,-0.00000444,0.
00001408,0.00001394,0.00034476,-0.00009540,-0.00010802,0.00004956,0.00008817,0.0
0002155,0.00000563,-0.00000357,-0.00000268,0.00000731,0.00001860,-0.00000538,-0.
00000700,0.00000783,-0.00000798,0.00006091,0.00003005,-0.00003419,-0.00000537,-0
.00001156,0.00000618,-0.00001340,0.00001290,0.00002039,0.00001182,0.00001822,-0.
00001026,0.00000825,-0.00001270,0.00000250,-0.00000836,-0.00001590,0.00001308,0.
00001174,0.00001325,-0.00001392,-0.00000486,-0.00000068,0.00001024,-0.00000196,-
0.00000073,0.00000161,-0.00001119,0.00001019,0.00000929,0.00001564,-0.00000907,0
.00002853,0.00001087,-0.00000888,0.00000354,-0.00000084,-0.00000424,-0.00000251,
0.00000407,0.00001207,-0.00004544,0.00000779,-0.00001758,0.00001139,-0.00002989,
-0.00000625,-0.00001550,-0.00000457,-0.00000351,0.00000821,0.00000066,-0.0000122
5,0.00001160,0.00001384,0.00001723,-0.00000923,-0.00001127,-0.00001150,0.0000031
9,0.00000226,0.00000304,0.00000149,0.00001012,0.00002116,0.00000566,0.00272108,-
0.00628255,0.00349062,0.00059445,0.00045054,-0.00040945,0.01719161,-0.01594984,-
0.00149252,0.11731220,-0.13884687,-0.02133331,-0.00009899,0.00041098,-0.00060755
,0.00008431,0.00036049,-0.00023858,0.00004476,-0.00027787,-0.00011591,-0.0008408
6,-0.00021637,0.00062312,0.01239109,-0.01036720,-0.00520091,-0.13697149,0.160997
32,0.00000387,-0.00000736,0.00000899,0.00001009,0.00005443,-0.00001537,-0.000031
35,0.00002094,-0.00001152,0.00000038,-0.00000481,0.00000026,0.00000145,0.0000005
9,-0.00000113,-0.00000241,-0.00000083,-0.00000195,-0.00000353,0.00000159,0.00000
255,0.00035591,0.00033742,-0.00027776,-0.00000599,-0.00001874,0.00000924,0.00000
658,0.00000085,0.00000407,0.00014659,-0.00027528,-0.00009738,0.00000640,-0.00000
305,-0.00000023,-0.00000050,0.00000018,-0.00000136,0.00000058,-0.00000422,0.0000
0423,0.00000472,0.00000255,0.00000799,0.00000329,-0.00000066,0.00000158,0.000001
94,0.00000119,-0.00000108,-0.00012832,0.00008032,0.00000101,0.00002866,-0.000011
97,-0.00000754,-0.00000730,0.00004298,0.00002276,-0.00001220,-0.00002544,0.00001
567,-0.00000334,0.00000038,-0.00000241,0.00000561,0.00000678,0.00000441,0.000001
29,0.00000066,-0.00000559,-0.00000413,-0.00000165,0.00000364,0.00000168,0.000006
73,0.00000237,0.00000516,0.00000033,-0.00000123,-0.00011263,0.00000465,0.0001082
2,-0.00000648,-0.00001519,-0.00004412,0.00000048,-0.00000369,0.00000272,0.000000
37,-0.00000029,0.00000112,0.00000274,-0.00000252,-0.00000100,-0.00000924,-0.0000
0341,-0.00000663,-0.00000748,-0.00000685,0.00000332,-0.00000183,-0.00000084,0.00
000494,0.00000691,-0.00000094,0.00000328,-0.00000198,-0.00001006,-0.00000717,-0.
00001035,0.00000238,0.00001647,0.00000087,0.00000138,0.00000019,-0.00000129,0.00
000352,0.00000377,0.00000126,0.00000081,0.00000011,0.00000213,-0.00001296,0.0000
0025,-0.00001302,0.00000698,-0.00000138,0.00000352,0.00000174,0.00000376,-0.0000
0158,0.00000485,0.00000719,0.00000478,-0.00001412,0.00002036,-0.00000090,0.00000
215,0.00000418,0.00001335,0.00000222,0.00000015,0.00000167,-0.00000292,-0.000000
45,-0.00000121,-0.00000421,0.00000228,-0.00000549,-0.00001011,-0.00000065,-0.000
00115,-0.00000283,0.00000026,0.00000057,-0.00000104,-0.00000087,0.00000098,0.000
00217,-0.00000428,-0.00167548,0.00510347,-0.00194994,-0.00047724,-0.00021323,0.0
0037292,-0.01431250,0.01218370,0.00210840,0.02564615,-0.02196662,-0.04716630,-0.
00013190,0.00029199,0.00005786,-0.00015960,-0.00012128,-0.00003256,0.00013075,-0
.00014881,-0.00010629,0.00024022,0.00036383,0.00008387,0.02325500,-0.02032858,-0
.00646989,-0.03068803,0.02335387,0.05280521,-0.00002677,0.00004916,0.00001833,-0
.00003087,-0.00001054,0.00012904,-0.00006443,-0.00015720,-0.00006104,-0.00003139
,-0.00002404,-0.00002367,-0.00000148,0.00000530,0.00000614,-0.00000072,0.0000071
9,0.00000230,-0.00000129,0.00000782,-0.00000310,0.00090981,0.00089521,0.00003937
,-0.00001639,-0.00003949,-0.00007758,0.00005950,-0.00002337,0.00003773,-0.002438
89,0.00120119,-0.00089647,0.00006660,-0.00003442,0.00004696,0.00001934,-0.000008
35,0.00001055,0.00000507,-0.00001938,0.00001643,0.00001244,0.00001059,-0.0000139
4,0.00000033,0.00000121,-0.00000149,-0.00000563,0.00000152,0.00000166,-0.0009794
4,0.00024018,-0.00022879,-0.00003319,0.00005165,-0.00004325,0.00004545,-0.000003
74,-0.00006601,0.00005329,0.00006397,0.00000682,0.00003465,0.00000540,0.00002629
,0.00001975,0.00000972,-0.00002157,-0.00000396,0.00001207,-0.00003599,-0.0000357
4,-0.00001303,0.00000094,-0.00001493,-0.00001603,0.00003316,-0.00001058,0.000008
28,0.00000074,0.00001868,-0.00035653,-0.00009463,-0.00002669,-0.00002314,0.00000
711,-0.00000817,-0.00000678,0.00000550,-0.00000353,0.00000821,0.00000363,-0.0000
0637,0.00000047,0.00000114,0.00004662,0.00000910,-0.00003837,0.00001967,-0.00001
515,0.00002669,-0.00000376,0.00000250,0.00001991,0.00001448,-0.00000416,-0.00001
445,-0.00006561,-0.00001667,-0.00000090,0.00002820,0.00001379,0.00003766,0.00000
835,0.00000897,-0.00000933,0.00000091,-0.00000080,0.00000818,-0.00000379,0.00000
080,0.00000097,-0.00001728,-0.00000817,-0.00001893,0.00000629,0.00000056,-0.0000
0217,-0.00000220,0.00000945,0.,-0.00000171,0.00000627,0.00000231,-0.00000601,-0.
00000985,0.00000795,-0.00000627,-0.00000209,0.00000840,0.00000344,0.00000575,-0.
00001012,0.00000427,0.00000700,-0.00000159,-0.00000007,-0.00000651,0.00000878,-0
.00000761,-0.00000518,-0.00000335,-0.00000865,-0.00000180,0.00000043,0.00000741,
-0.00000200,-0.00000109,-0.00000168,0.00000376,-0.00000136,-0.00002090,-0.000017
29,-0.00032265,0.00040513,-0.00102557,0.00085793,-0.00306009,-0.00468106,0.00215
720,-0.22514754,-0.10583640,-0.01597233,0.00026503,0.00061321,-0.00029627,-0.000
11309,-0.00014350,-0.00003949,0.00009257,0.00023878,0.00019521,0.00031280,-0.000
03893,-0.00015224,-0.00368830,-0.00293313,-0.00227487,-0.02695756,-0.01065993,-0
.00213484,0.26013693,-0.00017075,-0.00005112,-0.00012122,-0.00014530,-0.00025823
,-0.00020558,0.00015275,-0.00013113,0.00000918,0.00001959,0.00002804,0.00000733,
-0.00000857,0.00000421,-0.00001107,-0.00001448,-0.00000142,-0.00000190,-0.000002
15,0.00000147,0.00000643,-0.00063011,-0.00321029,0.00005088,0.00012243,0.0001808
3,0.00018022,0.00007154,0.00000918,-0.00004083,0.00131010,0.00131286,-0.00005559
,0.00001865,-0.00002764,0.00006158,0.00001152,0.00001031,-0.00000040,-0.00002696
,0.00000067,0.00001939,-0.00000398,-0.00001018,0.00003879,-0.00001617,0.00000288
,-0.00001406,-0.00002339,0.00000020,-0.00000687,0.00063869,0.00000938,0.00029276
,-0.00015932,0.00015466,0.00003216,-0.00010283,0.00005201,0.00007420,0.00008125,
0.00013746,0.00001869,0.00000004,0.00004692,0.00001626,0.00002857,0.00000468,0.0
0003045,-0.00001245,0.00001165,-0.00001227,-0.00001752,0.00000317,0.00000083,0.0
0002962,0.00000374,0.00001518,0.00000319,0.00000224,0.00000237,0.00002494,0.0003
0415,-0.00002061,0.00000757,0.00003540,0.00002732,-0.00001675,0.00000335,0.00000
110,-0.00001156,-0.00001354,0.00000440,0.00000166,-0.00000221,0.00000240,-0.0000
3812,-0.00004347,0.00001184,0.00003247,0.00002236,-0.00001198,0.00000815,-0.0000
0594,-0.00002087,-0.00005793,-0.00000883,0.00002824,0.00004450,0.00009101,0.0000
1926,0.00002102,-0.00001233,-0.00009772,-0.00001949,-0.00001279,0.00002322,0.000
00716,-0.00000526,-0.00000919,-0.00001172,0.00000878,0.00000126,0.00002794,-0.00
000215,0.00000045,-0.00000822,0.00002177,-0.00000012,-0.00005181,0.00001914,-0.0
0000525,0.00000890,0.00000356,-0.00000791,-0.00001976,-0.00003277,0.00001532,-0.
00001581,0.00003188,-0.00001906,0.00003853,-0.00000373,0.00002099,0.00000336,0.0
0001003,-0.00001466,0.00000942,0.00002426,-0.00001397,0.00001052,-0.00000335,-0.
00000595,0.00001254,0.00002722,-0.00000066,0.00000652,-0.00000711,-0.00000028,-0
.00002333,-0.00001785,0.00000694,0.00017730,0.00130627,-0.00057310,-0.00045495,-
0.00348444,0.00350536,-0.02081691,-0.01449926,0.00157704,-0.10547650,-0.10436167
,-0.01067661,0.00012589,0.00062129,-0.00120898,-0.00120972,-0.00060592,0.0001608
4,0.00025591,0.00021363,0.00019669,0.00022143,-0.00002924,-0.00000528,-0.0141340
9,-0.00785184,-0.00424736,0.01747268,0.00951726,0.00127248,0.12242318,0.12012877
,0.00001465,0.00003492,-0.00003416,-0.00005260,-0.00004631,0.00012070,0.00004395
,-0.00006590,0.00008774,0.00000234,0.00001130,0.00000359,-0.00000072,0.00000178,
-0.00000087,0.00000177,-0.00000067,-0.00000060,0.00000551,-0.00000171,-0.0000047
3,0.00036838,0.00090762,0.00079236,-0.00001042,-0.00001643,-0.00006886,-0.000009
17,-0.00000293,0.00002034,-0.00098866,-0.00012955,-0.00081293,-0.00002594,-0.000
01374,-0.00000271,-0.00002115,0.00001485,-0.00002599,0.00000616,-0.00001065,0.00
001536,0.00000136,0.00002639,-0.00002496,-0.00000174,0.00000248,-0.00000601,0.00
000391,0.00000610,-0.00000255,-0.00036635,0.00003403,0.00016282,0.00009765,-0.00
007682,-0.00000162,0.00004861,-0.00007278,-0.00004133,0.00001517,0.00004098,-0.0
0005727,-0.00000731,-0.00001199,0.00000501,0.00000070,-0.00001056,-0.00000272,0.
00000294,-0.00000502,-0.00000463,0.00000691,-0.00000592,0.00001046,-0.00000122,-
0.00000126,-0.00000247,-0.00000195,0.00000233,0.00000213,0.00005243,-0.00030887,
-0.00016995,-0.00001168,0.00000157,-0.00001601,-0.00001189,0.00000168,-0.0000130
2,0.00000289,0.00000525,-0.00000436,-0.00000058,0.00000164,-0.00000110,0.0000089
3,0.00004884,-0.00004328,0.00002272,0.00001313,0.00001599,-0.00000165,0.00000800
,-0.00001167,0.00000190,0.00001677,-0.00002203,0.00004324,0.00001079,0.00006612,
0.00003855,-0.00006113,-0.00005910,0.00000917,0.00000675,-0.00000596,-0.00000097
,-0.00001528,-0.00000699,-0.00001317,0.00000947,0.00000381,-0.00000342,-0.000001
18,0.00000621,-0.00000587,-0.00000269,-0.00000871,0.00001021,-0.00000040,-0.0000
0391,-0.00000244,-0.00000067,0.00000303,0.00001552,0.00001773,-0.00000155,0.0000
0610,-0.00000785,0.00000059,-0.00001915,0.00000545,0.00000474,-0.00000246,-0.000
00443,-0.00000202,0.00000083,-0.00000231,0.00000175,-0.00000158,-0.00000178,-0.0
0000041,-0.00000261,-0.00000569,-0.00000209,-0.00000080,0.00000031,0.00000022,0.
00000034,0.00000096,-0.00000153,-0.00020076,-0.00098278,0.00022980,0.00049271,0.
00336489,-0.00254707,0.01823180,0.01131033,0.00015773,-0.01681927,-0.01095674,-0
.04498053,0.00072612,0.00052739,0.00085372,0.00102221,0.00076591,0.00009171,-0.0
0007116,0.00005249,-0.00009153,-0.00014684,-0.00003175,-0.00005710,-0.02604289,-
0.01584433,-0.00486836,0.00461981,0.00175946,0.00120096,0.01918914,0.00965180,0.
05093737,0.00004856,0.00002917,-0.00005424,0.00000504,0.00003230,0.00011395,-0.0
0003580,-0.00002376,0.00008704,0.00001049,-0.00000249,-0.00000399,-0.00000503,0.
00000260,0.00000081,0.00000728,0.00000188,-0.00000180,0.00000717,-0.00000022,-0.
00000824,-0.00022972,-0.00008916,0.00048411,-0.00003339,-0.00004875,-0.00007825,
-0.00001178,0.00000609,-0.00001390,-0.00007798,0.00007636,-0.00009406,-0.0000567
1,-0.00002218,0.00003342,-0.00001947,0.00001382,-0.00002547,0.00002695,-0.000005
21,0.00001070,-0.00005431,0.00001768,-0.00001458,-0.00000175,-0.00000357,-0.0000
0194,0.00001866,0.00000306,-0.00000605,-0.00014449,-0.00002328,0.00009437,0.0000
2547,-0.00002174,0.00002160,0.00004200,0.00002566,-0.00000222,-0.00000401,-0.000
01338,-0.00003694,-0.00000860,-0.00001301,0.00001186,0.00000098,-0.00001669,0.00
000224,-0.00001174,-0.00000867,-0.00000320,0.00001015,-0.00000286,0.00000730,0.0
0000019,0.00000129,-0.00000993,0.00000035,0.00000356,0.00000644,-0.00004959,0.00
012177,-0.00007908,0.00000695,-0.00000402,0.00000432,0.00000318,0.00000006,-0.00
000662,0.00000795,0.00001115,-0.00001096,-0.00001074,0.00001671,0.00000118,0.000
03084,0.00002242,-0.00002186,0.00000686,0.,-0.00000130,-0.00000442,0.00000427,0.
00000237,0.00000844,0.00001236,-0.00001008,0.00001101,-0.00000320,0.00000388,-0.
00000597,-0.00000376,-0.00000623,0.00000828,0.00000608,-0.00000948,-0.00000359,-
0.00000405,-0.00000258,-0.00000030,-0.00000074,0.00000264,0.00002511,0.00000933,
0.00002788,-0.00009403,0.00002506,0.00000805,0.00002218,0.00000526,-0.00001133,-
0.00000660,-0.00000731,-0.00000192,0.00004372,0.00010728,0.00000485,0.00003922,-
0.00002741,-0.00001688,-0.00003785,-0.00002224,0.00000869,-0.00000833,-0.0000275
4,-0.00003628,-0.00000377,0.00000702,-0.00000137,0.00001868,0.00000792,0.0000045
0,-0.00000801,-0.00001893,-0.00000593,-0.00000413,0.00000111,-0.00000180,0.00000
608,0.00000223,-0.00000240,0.00023251,-0.00024547,0.00037779,0.00019858,0.000399
85,-0.00063211,-0.00007928,0.00337864,-0.00273832,0.00029762,-0.00032840,-0.0007
0078,-0.04430083,0.00089845,-0.00106348,-0.00017872,-0.00054842,-0.00035490,-0.0
0004163,-0.00003482,0.00017721,-0.00011863,0.00013912,-0.00007721,0.00023268,0.0
0015764,-0.00018511,0.00000594,-0.00007154,0.00007772,0.00001088,0.00001079,-0.0
0008119,0.04717779,0.00000568,0.00003530,-0.00007620,0.00002333,0.00000325,-0.00
001003,0.00003673,-0.00002570,0.00003374,0.00001530,0.00000501,0.00000128,-0.000
00246,0.,-0.00000184,0.00000427,0.00000013,-0.00000045,0.00000388,0.00000039,-0.
00000471,0.00030970,-0.00020287,0.00032604,0.00000231,0.00001448,0.00000258,0.00
001819,-0.00000572,-0.00000100,-0.00032592,0.00027634,-0.00008538,-0.00002380,-0
.00004856,0.00003715,-0.00001606,0.00001026,-0.00001216,0.00001202,-0.00000353,0
.00001409,-0.00001830,0.00004405,-0.00001554,-0.00000787,0.00001037,-0.00000810,
0.00000281,0.00000677,-0.00000332,0.00020796,-0.00009617,0.00006342,-0.00003391,
0.00001369,0.00002996,-0.00001977,-0.00002174,0.00000762,-0.00002454,-0.00000921
,-0.00001370,-0.00001074,-0.00000031,0.00002074,0.00000500,-0.00001043,-0.000002
97,-0.00001340,-0.00000740,0.00000709,0.00000885,-0.00000009,0.00000143,0.000005
76,0.00000029,-0.00000819,-0.00000217,-0.00000376,-0.00000623,-0.00008692,0.0001
7956,0.00001306,0.00000200,0.00000805,-0.00000669,-0.00000581,0.00000616,-0.0000
0270,0.00000200,-0.00000596,-0.00000405,0.00000309,0.00000655,0.00000265,-0.0000
3044,0.00000432,0.00001012,0.00000719,0.00000248,-0.00000816,0.00000144,-0.00000
979,-0.00001408,0.00000005,-0.00000327,0.00000018,0.00001163,-0.00000344,0.00000
452,0.00000160,-0.00000047,-0.00000478,-0.00000221,-0.00000414,0.00000492,0.0000
0082,-0.00000246,-0.00000420,-0.00000293,0.00000370,0.00000020,0.00001622,0.0000
1421,0.00000124,-0.00000589,-0.00003080,-0.00002172,0.00000849,-0.00001108,-0.00
000377,-0.00000975,-0.00000251,0.00000090,0.00008170,0.00003877,-0.00001860,-0.0
0000183,-0.00000314,0.00000581,-0.00003834,0.00001902,0.00002780,-0.00000405,-0.
00000489,0.00000597,0.00000012,-0.00000185,-0.00000397,-0.00000960,-0.00000905,-
0.00001483,0.00000188,-0.00000161,-0.00000078,-0.00000319,0.00000353,0.00000667,
-0.00000316,-0.00000305,0.00000177,-0.00087455,0.00106745,0.00009296,0.00024406,
0.00045374,-0.00070744,-0.00022631,0.00649389,-0.00445493,-0.00020219,0.00008406
,-0.00130122,0.00195018,-0.18144324,0.11966157,-0.00019231,0.00019158,-0.0002650
3,-0.00000959,-0.00007987,-0.00011692,0.00002862,-0.00017610,0.00011302,0.000017
97,0.00037393,-0.00033890,-0.00021084,0.00010024,-0.00014303,0.00020601,0.000042
97,-0.00017085,-0.00116271,0.20723629,-0.00006539,-0.00004871,0.00007004,0.00002
537,0.00001231,-0.00023792,0.00002123,0.00009299,-0.00008430,-0.00001185,-0.0000
0015,0.00000526,-0.00000115,0.00000207,-0.00000315,-0.00001490,-0.00000694,0.000
00023,-0.00001135,-0.00000126,0.00001126,0.00049624,0.00033814,-0.00087962,0.000
00905,0.00001198,0.00013636,-0.00000608,0.00000645,-0.00001839,-0.00016885,-0.00
036464,0.00036817,0.00002075,0.00000905,-0.00003605,0.00003222,-0.00001006,0.000
00839,-0.00003697,0.00000571,-0.00000823,0.00002390,-0.00002060,0.00006070,-0.00
000257,-0.00000541,0.00000062,-0.00001425,-0.00000668,0.00000037,-0.00009852,0.0
0007794,-0.00012133,0.00003906,0.00000046,-0.00002755,0.00001478,0.00005556,0.00
005297,-0.00005018,-0.00005158,0.00010086,0.00000902,0.00001400,-0.00003230,-0.0
0000793,0.00002727,0.00001609,0.00002091,0.00001457,0.00000385,-0.00001828,-0.00
000347,-0.00000425,0.00000844,-0.00000538,0.00000735,0.00001397,-0.00000006,-0.0
0000520,-0.00005226,-0.00015805,0.00006184,-0.00001732,-0.00001797,-0.00008503,0
.00000294,-0.00000252,0.00000455,-0.00000772,-0.00000679,0.00000941,0.00001560,-
0.00001567,0.00000764,-0.00000581,-0.00003064,0.00002442,-0.00001437,0.00000047,
0.00000382,0.00000017,0.00000284,0.00000937,-0.00001320,-0.00000889,0.00001300,-
0.00001122,0.00000333,-0.00001358,-0.00001192,0.00000953,0.00000821,-0.00001014,
-0.00000487,0.00000729,-0.00000115,0.00000867,0.00000099,0.00000464,-0.00000207,
-0.00000136,0.00003459,-0.00003701,-0.00005711,0.00007252,-0.00004701,-0.0000297
4,0.00004537,-0.00003797,-0.00000859,-0.00000948,0.00001056,0.00000223,0.0000185
8,-0.00006326,0.00012861,-0.00004804,0.00005791,0.00001243,0.00002543,0.00002218
,-0.00000233,-0.00002523,0.00003095,0.00002290,-0.00001346,0.00000869,0.00001324
,-0.00005434,-0.00003679,-0.00000043,0.00000033,0.00000663,0.00000602,-0.0000103
3,0.00001847,0.00001104,0.00000249,0.00000611,-0.00001539,-0.00035140,0.00085736
,0.00252034,0.00068523,0.00075245,0.00080511,-0.00111312,0.02094360,-0.02583075,
-0.00090311,-0.00230804,-0.00595563,-0.00109977,0.11920093,-0.14598361,-0.000485
58,-0.00067018,0.00003643,0.00025002,0.00014193,0.00034043,-0.00003178,-0.000008
50,-0.00007659,-0.00000328,0.00114281,-0.00133693,0.00014481,-0.00024960,0.00012
544,-0.00027079,-0.00035816,0.00016765,0.00219209,-0.13858632,0.17128769,-0.0001
2726,-0.00003226,-0.00002302,0.00007175,-0.00001187,-0.00018129,0.00005134,-0.00
003515,-0.00014176,0.00000810,0.00002037,0.00000567,0.00000072,0.00000004,-0.000
00252,-0.00000623,0.00000002,0.00000047,-0.00000230,0.00000439,0.00000280,0.0004
4791,-0.00046383,-0.00053422,0.00002280,0.00006523,0.00011492,0.00007631,-0.0000
0284,-0.00001025,-0.00053063,0.00006270,0.00078963,0.00003793,-0.00002612,0.0000
4109,0.00004377,-0.00000937,0.00002870,-0.00000083,0.00001026,0.00000312,0.00001
588,-0.00002017,0.00005450,-0.00000417,0.00000918,0.00000045,-0.00001448,0.00000
477,0.00000233,0.00020452,0.00014655,-0.00001357,-0.00008287,0.00011415,-0.00003
339,-0.00003182,0.00005244,0.00005881,-0.00004932,-0.00000120,0.00007456,0.00001
766,0.00003330,0.00000629,0.00001092,0.00000577,0.00000431,0.00000621,0.00001221
,-0.00000775,-0.00001605,0.00000295,-0.00001184,0.00001022,-0.00000991,0.0000175
7,0.00000401,-0.00000516,-0.00000548,-0.00003894,0.00006912,0.00006303,-0.000028
76,0.00000654,-0.00000709,-0.00000539,0.00000506,0.00000740,-0.00000547,-0.00001
862,0.00000879,0.00001025,-0.00001271,0.00000576,-0.00005662,-0.00004816,0.00004
562,-0.00000248,0.00001350,-0.00001373,0.00000443,-0.00001396,-0.00001448,-0.000
02166,-0.00001636,0.00002122,0.00000738,0.00002721,-0.00000463,-0.00000670,0.000
00773,-0.00001562,-0.00001329,-0.00001387,0.00001641,0.00000177,0.00000208,-0.00
000906,0.00000262,0.00000103,-0.00000488,0.00001546,0.00000685,-0.00002416,0.000
02610,-0.00001510,-0.00001859,0.00000627,-0.00000107,-0.00000503,0.00000702,-0.0
0000065,-0.00000369,-0.00005309,-0.00002486,0.00004530,-0.00001154,0.00001954,0.
00000019,0.00005397,-0.00000527,0.00000302,-0.00000352,0.00000514,0.00000857,0.0
0000111,0.00000534,-0.00000614,-0.00001984,-0.00000189,0.00000429,0.00001093,0.0
0001290,0.00000056,-0.00000719,0.00000190,0.00000287,-0.00000777,-0.00001039,0.0
0000069,0.00027481,-0.00065943,-0.00000873,0.00024321,-0.00058496,-0.00074456,0.
00062628,0.00028796,0.00106969,0.00013661,-0.00023782,-0.00023218,-0.17885020,0.
11499403,0.04106669,-0.00006501,0.00003725,0.00005350,-0.00007521,-0.00008345,-0
.00010393,0.00000556,-0.00047493,-0.00052051,-0.00003241,-0.00012404,-0.00019052
,0.00048416,-0.00018322,0.00003937,-0.00029795,0.00010083,0.00009215,-0.00151319
,0.00262061,-0.00042163,0.20541920,0.00008240,-0.00000191,0.00003036,-0.00005877
,0.00002344,0.00018666,-0.00007037,0.00002942,0.00007985,-0.00000227,-0.00001163
,0.00000127,-0.00000220,0.00000237,0.00000142,0.00000156,0.00000066,-0.00000045,
-0.00000036,-0.00000262,0.00000006,-0.00112977,0.00006232,0.00006260,-0.00002060
,-0.00006053,-0.00010611,-0.00005219,0.00001380,-0.00000673,-0.00006700,-0.00010
088,0.00004681,-0.00003043,0.00005004,-0.00003553,-0.00002865,0.00000307,-0.0000
0948,0.00000320,-0.00000050,-0.00000583,-0.00001403,-0.00002252,-0.00001205,0.00
000667,-0.00001240,0.00000614,0.00001515,-0.00000723,-0.00000142,-0.00030383,0.0
0002221,0.00006972,0.00006434,-0.00005531,0.00001618,0.00006183,-0.00002226,-0.0
0007049,0.00004116,-0.00000586,-0.00007604,-0.00001061,-0.00002252,-0.00001417,-
0.00000702,0.00000038,0.00000304,-0.00000016,-0.00000697,0.00000220,0.00000964,-
0.00000252,0.00000721,-0.00000498,0.00000449,-0.00000817,-0.00000212,0.00000836,
0.00001183,0.00025561,-0.00010080,-0.00001177,0.00002910,0.00005734,0.00003189,0
.00000699,-0.00000533,-0.00000578,0.00000663,0.00001662,-0.00000799,-0.00001050,
0.00001098,-0.00000634,0.00004707,0.00002722,-0.00003661,0.00000346,-0.00001185,
0.00000934,-0.00000987,0.00001296,0.00001640,0.00001364,0.00001778,-0.00001475,0
.00000083,-0.00000814,0.00000044,-0.00000198,-0.00000620,0.00000589,0.00000999,0
.00001015,-0.00001326,-0.00000073,-0.00000265,0.00000738,-0.00000249,-0.00000131
,0.00000323,-0.00002373,0.00000151,0.00002632,-0.00000947,0.00000878,0.00002911,
0.00000266,-0.00000399,0.00000417,0.00000063,-0.00000618,-0.00000466,-0.00000539
,0.00003489,-0.00003750,0.00001298,-0.00001526,-0.00000356,-0.00003136,-0.000015
71,-0.00001328,-0.00000437,-0.00000475,-0.00000705,-0.00000114,-0.00000155,0.000
00484,0.00002667,0.00002053,0.00000008,-0.00001004,-0.00001142,0.00000093,0.0000
0343,0.00000046,-0.00000072,0.00000811,0.00001405,0.00000419,0.00125699,-0.00210
766,-0.00384000,0.00034636,0.00019501,0.00028463,0.00926297,-0.00869117,-0.00462
497,-0.00005750,0.00024540,0.00075159,0.11414700,-0.13870859,-0.03398359,0.00010
172,-0.00032807,-0.00000446,0.00004448,0.00015752,0.00031357,-0.00072653,0.00017
537,-0.00047356,-0.00001517,-0.00005232,0.00018937,-0.00012417,0.00031433,0.0002
0814,-0.00003787,-0.00003939,-0.00000899,0.02080860,-0.01937402,-0.00308028,-0.1
3344630,0.15905143,0.00001304,-0.00000056,0.00003376,-0.00003139,0.00005423,0.00
016177,-0.00008321,-0.00004049,0.00000914,-0.00000935,-0.00001264,-0.00000341,0.
00000160,0.00000185,0.00000238,-0.00000137,0.00000212,-0.00000131,-0.00000435,0.
00000219,0.00000291,-0.00093752,-0.00027121,-0.00029903,-0.00001130,-0.00003702,
-0.00006954,0.00000571,0.00000329,0.00000836,-0.00009646,0.00034192,-0.00001640,
0.00001949,0.00000964,-0.00000366,-0.00000532,-0.00000311,0.00000115,-0.00000295
,-0.00000646,0.00000452,0.00001670,-0.00000327,-0.00001129,0.00000310,-0.0000029
6,0.00000385,0.00000326,-0.00000069,-0.00000177,-0.00003039,-0.00008500,-0.00000
663,-0.00002217,0.00002077,0.00000515,0.00009055,-0.00003141,-0.00006428,0.00003
180,0.00001090,-0.00004178,0.00000017,-0.00000410,0.00000058,0.00000448,0.000006
67,-0.00000694,-0.00000187,0.00000024,-0.00000793,-0.00000628,-0.00000102,0.0000
0210,-0.00000682,0.00000093,0.00000606,-0.00000623,0.00000972,0.00000536,0.00024
044,-0.00013862,0.00005998,0.00001286,0.00009015,0.00001385,-0.00000371,-0.00000
351,0.00000155,0.00000333,0.00000882,-0.00000280,-0.00000534,0.00000190,-0.00000
681,0.00001631,0.00000934,-0.00002318,0.00000736,-0.00001059,0.00000169,-0.00000
490,0.00000460,0.00000908,0.00000863,0.00000775,-0.00000600,-0.00000077,-0.00000
986,0.00000449,0.00000014,-0.00000803,0.00001121,0.00000562,0.00000787,-0.000005
57,-0.00000155,-0.00000159,0.00000781,-0.00000562,0.00000315,0.00000195,-0.00002
234,0.00000371,0.00002195,0.00000805,0.00000161,0.00002767,0.00000548,-0.0000055
7,0.00000914,-0.00000246,0.00000202,0.00000680,0.00003459,-0.00004192,-0.0000551
7,-0.00000518,-0.00000877,0.00001260,-0.00001762,0.00000152,-0.00001259,-0.00000
272,0.00000642,0.00000485,0.00000247,-0.00001274,0.00000626,0.00000466,0.0000049
7,-0.00001760,-0.00000747,-0.00000602,0.00000166,0.00000191,0.00000217,0.0000011
6,0.00000375,0.00001133,0.00000588,0.00192976,-0.00516994,-0.00639855,0.00067725
,0.00023890,0.00061565,0.01958482,-0.01719429,-0.00755330,0.00012688,-0.00019606
,0.00032523,0.04082380,-0.03350175,-0.05435964,-0.00009571,0.00003549,-0.0000369
1,0.00019738,0.00021791,0.00015201,-0.00058288,-0.00025116,-0.00018175,-0.000058
83,0.00006330,0.00031599,-0.00030251,0.00029166,-0.00075945,0.00010250,0.0000012
8,-0.00007368,-0.01555536,0.01421812,0.00437419,-0.04673524,0.04097990,0.0627075
5,-0.00004327,0.00007226,0.00001759,-0.00002891,0.00002038,0.00011085,-0.0000832
2,-0.00018596,-0.00012144,-0.00002436,-0.00002202,-0.00002178,-0.00000111,0.0000
0682,0.00000911,0.00000012,0.00000785,0.00000291,-0.00000012,0.00000732,-0.00000
443,0.00093206,0.00051321,0.00012802,-0.00001089,-0.00003376,-0.00005576,0.00006
443,-0.00002696,0.00004854,-0.00217249,0.00069494,0.00167506,0.00005369,-0.00007
887,0.00007177,0.00001634,-0.00000295,-0.00001090,0.00000156,-0.00002308,0.00002
021,0.00002696,0.00005771,-0.00004699,0.00000006,0.00000265,-0.00000827,-0.00000
618,0.00000373,-0.00000245,-0.00089213,0.00013365,0.00030092,-0.00003978,0.00005
572,-0.00003215,0.00004569,-0.00000487,-0.00001165,0.00004040,0.00006249,0.00002
933,0.00003958,0.00000534,0.00002976,0.00002047,0.00000293,-0.00002817,-0.000001
86,0.00001480,-0.00004031,-0.00003909,-0.00001497,-0.00000363,-0.00001402,-0.000
01959,0.00003973,-0.00001190,0.00000959,-0.00000214,-0.00000864,-0.00027667,-0.0
0017074,-0.00002458,-0.00001297,-0.00000300,-0.00001029,-0.00000326,0.00000190,-
0.00000034,0.00001112,0.00000060,-0.00000685,-0.00000226,0.00000289,0.00003709,0
.00001638,-0.00002731,0.00001148,-0.00002166,0.00000510,-0.00000894,0.00000667,0
.00001432,0.00000492,0.00000735,-0.00000777,-0.00000132,-0.00000658,0.00001797,0
.00001086,-0.00000442,0.00000461,0.00000796,0.00000933,-0.00000897,-0.00000265,-
0.00000198,0.00000393,-0.00000503,0.00000276,0.00000470,-0.00001249,-0.00001891,
-0.00002023,0.00001304,0.00000386,-0.00000974,-0.00000507,0.00000733,0.00000091,
-0.00000215,0.00000874,0.00000554,0.00001807,-0.00004650,0.00000085,-0.00001505,
0.00000450,0.00000916,-0.00000958,0.00001384,0.00000083,0.00000234,0.00000783,0.
00000514,-0.00000011,-0.00000730,0.00000845,-0.00000827,-0.00000988,-0.00000728,
-0.00000858,-0.00000069,0.00000123,0.00000777,-0.00000181,-0.00000037,-0.0000022
8,0.00000467,-0.00000097,0.00006542,0.00000232,0.00042568,0.00015313,-0.00084189
,-0.00177876,-0.00628464,-0.00497670,-0.00394803,0.00020877,0.00032642,0.0006105
4,-0.22963338,-0.10458107,-0.00900145,0.00008862,0.00030041,-0.00010415,-0.00026
181,-0.00024444,-0.00001518,0.00035275,-0.00007965,0.00007548,0.00006738,0.00007
576,0.00035776,-0.00028834,-0.00000862,-0.00005970,0.00054263,0.00015947,-0.0002
7917,-0.00143342,-0.00228590,0.00126497,-0.02638502,-0.01035791,0.00067931,0.264
95456,-0.00013673,-0.00008351,0.00001370,-0.00008646,-0.00012197,-0.00022811,0.0
0000994,-0.00002168,-0.00015347,-0.00000228,0.00001165,0.00000874,-0.00000113,0.
00000264,-0.00000690,-0.00001755,-0.00000083,0.00000115,-0.00001067,0.00000255,0
.00001302,-0.00045495,-0.00188042,-0.00140732,0.00010024,0.00012858,0.00017939,0
.00004604,0.00000937,-0.00001608,0.00070271,0.00076528,0.00090115,0.00007195,0.0
0004950,-0.00000447,0.00004371,-0.00001815,0.00003894,-0.00004236,0.00001082,-0.
00000168,0.00005103,-0.00008049,0.00009396,-0.00000453,-0.00000002,-0.00000083,-
0.00002948,-0.00000826,0.00000267,0.00041949,0.00018960,-0.00035040,-0.00014573,
0.00015099,-0.00002088,-0.00009907,0.00004425,0.00005281,0.00006068,0.00006166,0
.00006473,0.00001157,0.00003572,-0.00000899,0.00002010,0.00002355,0.00001747,0.0
0000390,0.00001466,-0.00000579,-0.00002115,0.00000710,-0.00000309,0.00001430,0.,
0.00001667,0.00000532,0.00000072,-0.00000046,0.00005069,0.00008477,0.00006428,0.
00001460,0.00003266,0.00001056,-0.00000457,-0.00000189,0.00000953,-0.00001065,-0
.00001412,0.00001474,0.00000650,-0.00001465,0.00000156,-0.00004243,-0.00005039,0
.00003350,-0.00000414,0.00000556,-0.00001192,0.00000315,-0.00000651,-0.00000679,
-0.00002653,-0.00001424,0.00002230,0.00000173,0.00003740,-0.00000232,0.00000052,
0.00000414,-0.00001693,-0.00001647,-0.00001193,0.00001858,0.00000356,0.00000324,
-0.00000098,-0.00000028,0.00000046,-0.00000237,0.00000462,-0.00001101,-0.0000266
4,0.00004399,0.00001498,0.00000709,-0.00004073,0.00000829,0.00000998,0.00001242,
0.00000787,-0.00000690,-0.00009061,-0.00010581,0.00003876,-0.00003601,0.00005129
,-0.00000600,0.00008065,-0.00001209,-0.00000620,0.00000626,0.00002124,0.00001482
,0.00000510,0.00001352,-0.00000692,0.00000118,-0.00000280,-0.00000225,0.00001184
,0.00002708,0.00000500,0.00000605,-0.00000472,0.00000159,-0.00001624,-0.00000904
,0.00000495,0.00011015,0.00052080,0.00077199,-0.00055058,-0.00074210,-0.00267835
,-0.01173632,-0.00715383,-0.00364094,0.00053202,0.00041395,0.00091503,-0.1044681
9,-0.10277248,-0.00382599,0.00018840,0.00026417,-0.00006129,-0.00069649,-0.00015
516,-0.00017539,0.00014580,-0.00005139,-0.00000187,-0.00000358,-0.00013685,0.000
21371,0.00012282,-0.00005420,-0.00000070,0.00005383,0.00032351,0.00021660,-0.023
56101,-0.01514460,0.00236161,0.01782608,0.00923910,0.00038201,0.12156398,0.11610
247,-0.00011215,-0.00000379,-0.00011387,-0.00006019,-0.00009806,-0.00014939,-0.0
0001391,-0.00009043,-0.00001709,0.00002057,0.00001245,0.00000019,-0.00000877,0.0
0000531,-0.00000906,-0.00000641,-0.00000218,-0.00000115,0.00000044,-0.00000019,0
.00000091,-0.00076573,-0.00245213,-0.00050455,0.00007894,0.00009998,0.00011993,0
.00006922,0.00000406,-0.00002603,0.00168476,0.00096001,-0.00062368,-0.00001010,-
0.00007972,0.00008194,0.00000832,0.00000934,-0.00001698,-0.00001379,-0.00000860,
0.00002740,-0.00001479,0.00004038,0.00003027,-0.00002023,0.00000900,-0.00002113,
-0.00001213,0.00000489,-0.00001023,0.00075843,-0.00004371,-0.00006541,-0.0001456
9,0.00014180,0.00005012,-0.00007790,0.00009173,0.00007559,0.00003105,0.00005172,
0.00003247,-0.00000154,0.00003388,0.00001765,0.00001795,-0.00000051,0.00001913,-
0.00001615,0.00000987,-0.00000479,-0.00001123,0.00000212,-0.00000165,0.00001868,
-0.00000056,0.00000785,0.00000482,0.00000350,0.00000148,-0.00005072,0.00049940,0
.00003952,0.00000911,0.00002987,0.00000165,-0.00001200,0.00000793,-0.00000071,0.
00000094,-0.00000534,-0.00000270,0.00000391,0.00000332,0.00000325,-0.00002265,-0
.00001385,0.00000554,0.00001230,0.00000348,-0.00003000,-0.00000187,-0.00000470,-
0.00001503,-0.00002079,0.00000057,0.00001489,0.00004342,0.00003018,0.00000969,-0
.00000293,-0.00001096,-0.00003617,-0.00000805,-0.00000588,0.00001255,0.00000010,
-0.00000368,-0.00000608,-0.00000687,0.00000732,0.00000191,0.00003500,0.00000414,
-0.00000296,-0.00001462,0.00000547,-0.00000859,-0.00002443,0.00001005,-0.0000063
5,0.00000135,0.00000211,-0.00000235,0.00002458,-0.00000500,0.00002279,-0.0000065
1,0.00002519,-0.00001549,0.00001160,0.00000354,0.00002897,-0.00000344,0.00000027
,-0.00001139,0.00000633,0.00001520,-0.00000875,0.00000623,-0.00000582,-0.0000119
8,0.00000754,0.00001363,-0.00000266,0.00000162,-0.00000275,0.00000137,-0.0000149
6,-0.00001009,0.00000460,0.00037170,0.00113011,0.00103799,-0.00127669,-0.0024419
6,-0.00505859,-0.02528822,-0.01420030,-0.00384041,-0.00047318,-0.00079844,0.0010
3075,-0.00819514,-0.00366365,-0.04294063,0.00014984,0.00007368,-0.00013429,-0.00
141767,-0.00087997,-0.00018543,0.00017676,0.00005311,-0.00006923,0.00010874,0.00
002116,0.00027696,0.00001294,0.00000827,-0.00005047,0.00011553,0.00038257,-0.000
87556,0.01820237,0.01172614,0.00000856,0.00628916,0.00312885,0.00107968,0.009847
22,0.00616665,0.05083524\\0.00000365,0.00000562,0.00000655,0.00000757,0.00000855
,0.00000408,-0.00000124,-0.00000441,-0.00000414,-0.00000357,0.00000269,0.0000029
6,-0.00000007,0.00000030,0.00000104,-0.00000281,-0.00000204,0.00000054,-0.000000
27,0.00000026,-0.00000094,0.00000136,0.00000198,0.00000182,-0.00000650,-0.000008
39,-0.00000838,-0.00000421,-0.00000106,-0.00000603,-0.00000342,0.00000468,0.0000
0107,0.00000389,0.00000094,-0.00000966,-0.00000764,-0.00000280,-0.00000227,0.000
00514,-0.00000221,0.00000151,-0.00000094,0.00000120,0.00000263,0.00000162,-0.000
00265,0.00000515,0.00000122,0.00000019,-0.00000064,0.00000192,-0.00000035,0.0000
0132,0.00000157,-0.00000003,0.00000028,0.00000634,0.00000258,0.00000270,-0.00000
417,-0.00000011,0.00000456,-0.00000542,-0.00000119,0.00000059,-0.00000608,-0.000
00625,-0.00000278,0.00000346,0.00000272,0.00000375,0.00000671,0.00001060,-0.0000
0066,0.00000296,-0.00000351,-0.00000135,-0.00000010,0.00000223,0.00000308,0.0000
0564,-0.00000585,0.00000065,-0.00000255,0.00000081,0.00000124,0.00000070,-0.0000
0025,-0.00000033,-0.00000140,-0.00000150,0.00000047,0.00000037,-0.00000072,-0.00
000040,0.00000026,0.00000418,0.00000463,0.00000191,-0.00000109,-0.00000132,0.000
00335,-0.00000047,-0.00000062,-0.00000044,0.00000027,0.00000078,-0.00000020,-0.0
0000004,-0.00000085,0.00000024,0.00000031,-0.00000034,-0.00000100,-0.00000054,0.
00000100,-0.00000201,-0.00000089,-0.00000197,-0.00000141,-0.00000125,-0.00000006
,-0.00000205,-0.00000169,-0.00000570,-0.00000247,0.00000025,-0.00000148,0.000001
91,-0.00000403,0.00000091,-0.00000326,-0.00000394,0.00000031,-0.00000168,0.00000
119,-0.00000025,0.,0.00000008,-0.00000046,0.00000754,0.00000066,-0.00000467,-0.0
0000152,0.00000016,0.00000327,-0.00000075,0.00000049,-0.00000008,0.00000032,0.00
000125,-0.00000115,0.00000278,0.00000162,0.00000009,-0.00000035,0.00000071,0.000
00044,-0.00000067,0.00000031,-0.00000076,-0.00000357,-0.00000212,0.00000254,-0.0
0000579,0.00000258,0.00000030,0.00000188,0.00000325,-0.00000406,0.00000279,0.000
00242,-0.00000020,-0.00000577,-0.00000093,-0.00000063,0.00000049,-0.00000234,0.0
0000190,0.00000034,0.00000123,-0.00000114,0.00000241,-0.00000208,-0.00000038,-0.
00000063,0.00000008,0.00000082,-0.00000051,-0.00000029,-0.00000006,-0.00000276,-
0.00000171,0.00000104,0.00000031,0.00000051,0.00000029,0.00000240,-0.00000158,-0
.00000047,0.00000416,0.00000141,-0.00000009\\\@
