1\1\GINC-ECHO\Freq\External='./xtb.sh'\ZDO\C20H28Fe1N2O3Pd1\ECHO\14-Oct-2024\0\\
#p freq external='./xtb.sh'\\Generate automatically by rxnb\\0,1\Fe,-1.51838,0.9
7657,-0.33842\C,2.37911,-0.12758,1.85268\Pd,0.15073,-0.82207,0.25226\C,-2.79642,
-1.47606,-0.25046\H,-3.09112,3.07804,-0.46909\H,-3.79599,1.08621,1.09772\H,-1.55
887,0.25211,2.4059\C,2.32548,-1.43437,-1.39\O,3.17637,0.18349,2.71834\C,-2.15932
,-0.60047,-1.26291\O,1.40756,-2.04328,-2.10973\C,-0.54056,0.78339,-2.01036\C,-1.
77429,1.42941,-2.20106\C,-2.78505,0.5753,-1.72812\H,0.39932,1.24295,-2.23183\H,-
1.90675,2.43883,-2.51724\H,-3.81395,0.83167,-1.61005\H,0.43494,-1.54375,-1.86748
\C,-0.75384,-0.52795,-1.49124\C,2.7521,0.23478,0.34612\O,1.28853,-0.7411,2.02663
\C,-0.55632,1.77989,1.20654\C,-1.04853,2.74032,0.30193\C,-2.44199,2.56557,0.2025
\C,-2.80655,1.47946,1.0218\C,-1.6448,0.99519,1.64591\H,0.4222,1.72458,1.63183\N,
1.9592,-0.60928,-0.48522\H,3.83207,0.0755,0.23141\H,-3.51686,-0.83206,0.25313\H,
-3.32446,-2.34698,-0.66418\H,-0.47085,3.41355,-0.29096\N,-1.78372,-1.90081,0.728
85\C,-1.18401,-3.18417,0.33228\C,-2.37988,-2.06993,2.04652\H,-1.9046,-4.00755,0.
45934\H,-0.8828,-3.15776,-0.71773\H,-0.3092,-3.3896,0.96277\H,-3.04041,-2.94779,
2.0767\H,-1.59047,-2.20222,2.78639\H,-2.97045,-1.19488,2.30482\C,2.38763,1.67981
,-0.07275\C,2.83913,2.71383,0.95226\C,3.01094,1.99832,-1.4345\H,3.92524,2.75316,
0.99009\H,2.46325,3.69882,0.6837\H,2.49292,2.46568,1.95087\H,1.28859,1.7022,-0.1
9952\H,4.09727,2.00584,-1.36963\H,2.71463,1.26478,-2.18271\H,2.68496,2.9805,-1.7
7074\C,3.75261,-1.74376,-1.74226\H,4.28517,-2.09996,-0.86246\H,3.76905,-2.50766,
-2.51386\H,4.25068,-0.84816,-2.10879\\Version=ES64L-G16RevC.01\HF=-82.968411\RMS
D=0.000e+00\RMSF=3.162e-06\ZeroPoint=0.4400451\Thermal=0.4675209\ETot=-82.500890
1\HTot=-82.4999459\GTot=-82.5843973\Dipole=0.,0.,0.\PG=C01 [X(C20H28Fe1N2O3Pd1)]
\NImag=1\\0.39132332,-0.04313588,0.50536684,-0.01681799,0.15546000,0.59425834,-0
.00018086,-0.00120297,0.00005282,0.72310430,-0.00042448,-0.00087275,0.00004840,0
.25314254,0.32431276,0.00132355,-0.00031953,0.00033996,0.21989297,0.07949505,0.5
2434467,-0.04153737,0.04269584,-0.00672227,-0.01690838,-0.00739576,-0.00131383,0
.22676892,0.03579714,-0.03672810,0.01000302,0.00043991,0.00078589,-0.00347079,-0
.03580182,0.09600840,-0.01580595,0.01472572,-0.00682378,-0.00825501,-0.00652524,
0.01348331,0.04028884,-0.03142505,0.21898632,-0.00543357,-0.00124970,0.00408272,
-0.00089506,-0.00045768,0.00006224,-0.00397731,-0.00090438,-0.00234605,0.4737316
3,-0.00206022,-0.00226017,0.00505611,-0.00017133,-0.00004602,0.00016346,-0.00090
873,0.00204209,-0.00199471,-0.00724278,0.51761273,-0.00453303,-0.00593420,-0.001
42864,-0.00029488,-0.00012953,-0.00030660,-0.00195618,-0.00173912,0.00005622,-0.
04219287,0.01901432,0.45773795,-0.00244236,0.00014533,-0.00150593,0.00018877,-0.
00000351,0.00003357,0.00017799,-0.00050821,0.00008033,-0.00004202,-0.00036708,0.
00007236,0.16433695,0.00142150,-0.00370638,0.00345551,-0.00006653,-0.00003696,0.
00001955,-0.00068530,0.00063283,-0.00020032,0.00037807,0.00066644,-0.00009491,-0
.09274595,0.11040230,0.00224131,-0.00224087,0.00005926,0.00027992,0.00010668,-0.
00001173,-0.00008997,0.00004581,-0.00022935,0.00001473,0.00014394,-0.00008972,0.
12765856,-0.10901966,0.16384646,-0.00162855,-0.00095871,-0.00229690,0.00014098,-
0.00006537,0.00013304,-0.00051452,-0.00045309,0.00040152,-0.00046719,-0.00062695
,0.00004433,0.00014364,0.00009367,0.00056402,0.31744469,0.00368970,0.00097233,0.
00021762,0.00001528,0.00001051,0.00007459,0.00016805,-0.00001552,-0.00000870,0.0
0074711,-0.00102748,-0.00099557,0.00030742,-0.00061640,-0.00046867,0.11159624,0.
08190553,0.00298434,0.00187591,0.00024566,-0.00001315,-0.00007557,0.00001440,-0.
00058813,0.00039257,-0.00002091,0.00065993,0.00010201,-0.00046721,0.00039565,-0.
00037304,-0.00054847,-0.01802717,-0.01847956,0.03118155,-0.00029392,-0.00155506,
-0.00000497,-0.00124465,-0.00038594,0.00044988,0.00038237,0.00105052,0.00147586,
0.00004965,-0.00012657,-0.00005504,0.00036250,0.00075320,-0.00076679,-0.00003346
,0.00014910,0.00034825,0.04495313,-0.00003280,0.00428770,-0.00179059,-0.00007166
,0.00022604,0.00007947,0.00061813,0.00085507,0.00009249,-0.00022583,-0.00007279,
-0.00013391,-0.00033707,-0.00002373,0.00074464,0.00014518,-0.00013091,-0.0006154
7,-0.01131095,0.19783646,0.00025586,0.00511557,0.00229818,0.00089978,0.00019279,
0.00012549,0.00360715,-0.00134364,-0.00414608,-0.00018566,0.00034071,-0.00055188
,0.00038331,0.00009259,0.00026527,0.00001697,-0.00046466,-0.00065654,0.01910943,
-0.17205837,0.19265124,0.00113402,0.00037420,0.00212896,0.00431872,0.00062616,-0
.00464283,-0.00762249,0.00425874,0.01415996,-0.00026986,-0.00024808,0.00001548,0
.00003157,-0.00006097,0.00000064,0.00010872,-0.00002734,-0.00007765,0.00019751,-
0.00008109,-0.00025070,0.57301819,0.00108058,-0.00027720,0.00191784,0.00195221,0
.00278320,-0.00460330,0.00425430,0.00091271,0.00510360,0.00010853,-0.00014572,0.
00015419,-0.00008390,-0.00000121,-0.00004203,-0.00017403,-0.00008045,-0.00000863
,0.00009118,-0.00011923,0.00001809,-0.03477519,0.43602715,0.00138719,-0.00024526
,0.00168310,0.00052666,-0.00037618,-0.00881923,0.00653454,0.00023796,0.00326722,
0.00034094,-0.00024562,0.00039175,-0.00010576,0.00000060,-0.00008472,-0.00018151
,-0.00007926,-0.00003570,0.00017166,-0.00015982,-0.00002314,-0.02839471,0.318321
22,0.50749227,-0.00005775,0.00058216,-0.00020198,-0.30865350,-0.09537225,-0.2629
6604,0.00147362,-0.00261570,0.00323245,0.00040331,0.00003074,0.00024657,-0.00004
598,0.00002398,-0.00013796,-0.00004769,-0.00004347,-0.00000824,0.00046058,-0.000
07171,-0.00032493,-0.00144536,0.00104766,0.00067520,0.36951222,-0.00013085,0.000
60559,-0.00029924,-0.09366065,-0.10036331,-0.09936701,0.00014529,0.00026858,0.00
253971,0.00019445,-0.00000016,0.00012480,0.00001222,0.00000369,-0.00004627,0.000
04237,0.00001381,0.00000408,0.00011706,-0.00011823,-0.00013350,0.00007849,0.0000
7198,0.00058907,0.14132725,0.08605621,-0.00067896,0.00067527,-0.00016239,-0.2704
8950,-0.10522881,-0.36279419,-0.00019877,-0.00050392,-0.00319211,0.00024950,0.00
002344,0.00020083,-0.00000569,-0.00000362,-0.00005408,-0.00003828,-0.00005469,0.
00000763,0.00003073,-0.00014865,-0.00019231,0.00046095,0.00320929,0.00230864,0.3
2347812,0.11856546,0.42971855,-0.02598784,-0.03862379,-0.01464332,-0.00131143,-0
.00084992,0.00014567,-0.00966291,-0.00019733,-0.00294307,-0.09890072,-0.04202410
,0.06179007,-0.00014761,0.00040056,0.00030293,-0.00052598,-0.00044357,-0.0003523
6,-0.00020461,0.00081163,0.00083243,-0.00113190,-0.00028147,-0.00065476,0.000593
93,0.00058818,0.00061222,0.54261562,-0.03848763,-0.08709238,-0.04203588,0.000130
06,0.00028985,-0.00011182,0.00583149,0.00033961,-0.00311104,-0.04555899,-0.11406
879,0.07772420,-0.00044039,0.00034815,0.00024043,-0.00056371,0.00015905,0.000439
05,0.00047469,-0.00048122,-0.00003994,0.00080420,0.00058061,0.00079084,-0.000080
99,-0.00028840,-0.00020902,0.02842978,0.55290990,-0.01193371,-0.03155249,-0.0393
4470,0.00171408,0.00114248,-0.00017995,-0.00589216,-0.00225056,0.00006862,0.0571
9495,0.07134142,-0.12892032,-0.00004831,0.00043478,0.00032928,0.00007017,0.00019
261,0.00025826,-0.00024567,0.00021802,0.00038919,-0.00004567,-0.00042195,-0.0006
9871,-0.00051532,-0.00034759,-0.00023087,-0.07629362,-0.19863283,0.31685011,-0.0
0622952,0.00322197,-0.00718981,-0.01150649,-0.00743317,0.01279564,-0.00402725,0.
00200920,-0.00718019,-0.00016291,0.00070277,-0.00035853,0.00008286,-0.00020353,-
0.00016865,0.00006167,-0.00003447,-0.00002222,-0.00024742,0.00023375,0.00008236,
-0.17919773,-0.06781272,-0.08389752,0.00080119,0.00073455,-0.00595709,-0.0003939
6,0.00127607,0.00051000,0.26405475,0.00187552,-0.00092402,0.00189163,-0.00266515
,-0.00442663,0.00465356,0.00582998,-0.00499475,-0.00413763,0.00004587,-0.0003939
4,0.00009177,-0.00000180,0.00014188,0.00012918,0.00004694,0.00007203,0.00005670,
-0.00010701,-0.00010385,0.00015708,-0.07735659,-0.12855639,-0.09134017,-0.001696
71,0.00015328,-0.00461976,0.00138595,-0.00177457,0.00012638,0.07052482,0.2048275
0,-0.00072801,-0.00015777,0.00037471,-0.00246753,-0.00218596,0.00637119,0.003220
04,-0.00117132,-0.01020005,-0.00017820,0.00004001,-0.00026225,0.00004762,0.00005
395,0.00009622,0.00001834,0.00006007,0.00005489,-0.00014301,-0.00003079,0.000362
63,-0.09747850,-0.09325014,-0.14910311,-0.00060066,0.00011225,-0.00296630,0.0011
2840,-0.00066600,0.00034972,0.10692990,0.16997331,0.22197569,-0.05237114,-0.0066
6184,0.05389131,0.00063130,0.00038956,-0.00013458,0.00322157,0.00664928,-0.00238
343,-0.00477675,0.00220673,0.00116899,-0.00004961,-0.00033650,0.00011862,0.00044
162,-0.00020127,-0.00083720,-0.00007753,-0.00016750,-0.00033255,-0.00150296,-0.0
0112521,-0.00178179,-0.00037996,-0.00007846,-0.00008981,-0.01674319,-0.02306457,
0.01269851,0.00340607,-0.00061813,0.00046747,0.71801156,-0.00815001,-0.01227205,
-0.01073808,0.00138505,0.00097837,0.00007656,0.00088105,-0.00478143,0.00194868,-
0.00188184,0.00174468,0.00224880,0.00008338,-0.00009324,-0.00012635,0.00005669,-
0.00064177,-0.00035467,-0.00002177,0.00023757,0.00036402,0.00200896,0.00165561,0
.00150110,-0.00045718,-0.00057809,-0.00048385,-0.03672714,-0.00545316,0.01761763
,-0.00433078,0.00095338,-0.00036511,0.05976493,0.47731986,0.04027170,-0.00626826
,-0.09227717,0.00022153,0.00021660,0.00038886,0.00294754,0.00457947,-0.00522489,
0.00024983,-0.00030221,0.00107272,-0.00030570,0.00071449,0.00044848,-0.00009644,
-0.00021472,-0.00004710,-0.00008879,0.00021808,0.00071933,-0.00047881,-0.0012928
7,-0.00158838,-0.00020244,-0.00005729,-0.00024890,0.00590342,0.00656105,-0.00586
433,0.00082443,0.00038422,0.00097134,-0.10324467,-0.15164200,0.22597163,0.000881
63,0.00061823,-0.01585817,0.00119890,0.00083154,-0.00082315,0.00077874,0.0002090
9,-0.00150866,-0.00075073,0.00234118,0.00090446,-0.00030302,0.00074611,0.0005602
3,-0.00007596,-0.00012589,0.00046072,-0.00020535,-0.00008585,-0.00016730,-0.0001
7388,0.00023238,-0.00005756,-0.00048816,-0.00026795,-0.00000220,0.01835689,-0.01
779597,0.01438279,-0.00147448,0.00040323,0.00049924,-0.26603479,0.08693870,-0.00
322006,0.53804882,0.00449836,-0.02577238,0.03230902,-0.00082464,-0.00053866,0.00
057154,-0.00183540,-0.00220159,0.00154200,0.00369381,-0.00155407,0.00238426,0.00
091274,-0.00071348,-0.00180110,0.00009013,-0.00017232,-0.00002903,0.00019583,-0.
00053113,-0.00077971,0.00067466,0.00022107,0.00078836,0.00035398,0.00029751,-0.0
0010652,-0.00262987,-0.04078516,0.02622143,-0.00012205,-0.00012446,-0.00086832,0
.11318340,-0.11730849,0.02133841,-0.03899390,0.67456817,-0.01522641,0.01945518,-
0.11569454,-0.00002803,-0.00001475,0.00018404,-0.00047297,0.00110006,-0.00080379
,-0.00068938,0.00055317,0.00027555,-0.00040402,0.00024287,-0.00053584,-0.0005671
6,0.00044048,0.00086970,0.00040164,-0.00075383,-0.00035788,-0.00004471,-0.000217
83,-0.00032845,0.00004331,0.00004447,0.00000025,0.00389479,0.01214803,-0.0052452
0,-0.00008051,0.00011204,0.00027860,-0.04338118,0.03772334,-0.03976331,-0.017314
54,-0.24021918,0.27748566,-0.07244506,-0.01609849,-0.06402278,0.00047890,0.00024
800,-0.00005852,-0.00273281,-0.00027301,0.00060398,0.00609934,-0.00835482,0.0063
3004,0.00023204,0.00121092,0.00042964,-0.00038134,-0.00008249,0.00107127,-0.0000
8550,0.00015249,0.00048334,0.00001893,-0.00027504,-0.00039551,-0.00010286,-0.000
13418,0.00003321,-0.11465406,0.11219460,-0.03066287,-0.00135602,0.00098801,0.000
63006,-0.05056250,-0.00356312,-0.00166289,-0.20500363,-0.12328357,0.08240399,0.7
7860476,-0.01474582,-0.00777472,-0.02353799,-0.00093350,-0.00060309,0.00041668,0
.00081346,0.00100307,0.00080947,0.00696646,-0.01948166,0.01137910,-0.00013104,-0
.00074298,-0.00050116,-0.00020636,-0.00014150,-0.00044519,0.00000117,0.00029910,
0.00040592,-0.00003973,-0.00001320,-0.00011163,0.00039932,0.00026032,0.00009340,
0.07139389,-0.22484291,0.07475877,0.00101071,-0.00070222,-0.00018522,-0.01109480
,0.01178754,-0.01178198,-0.09453141,-0.16138955,0.07518139,-0.04458162,0.4743418
3,-0.04371664,-0.02204622,-0.07282860,0.00019607,0.00018292,-0.00002766,0.000614
21,0.00002761,-0.00106464,-0.00587162,0.01155788,-0.00837893,-0.00053414,0.00013
349,-0.00040551,-0.00072033,-0.00005430,0.00018326,0.00017384,0.00003021,0.00045
191,0.00006576,0.00009083,0.00006516,-0.00006336,0.00001798,-0.00005479,-0.02309
699,0.08671749,-0.06233097,-0.00063699,0.00026752,0.00008404,0.02164468,-0.00841
455,0.01154278,0.04879213,0.06117826,-0.06302154,-0.02500645,-0.13831911,0.22838
428,-0.00026396,-0.00102134,-0.00186826,-0.00008789,-0.00012540,0.00010952,0.000
23128,-0.00078463,0.00189454,0.00003386,0.00042166,0.00003356,0.00010238,-0.0003
6148,-0.00007179,0.00019148,0.00004427,-0.00034511,0.00006169,0.00007939,-0.0001
1017,0.00023984,0.00011867,0.00009018,0.00003376,0.00001296,0.00001042,-0.001214
11,0.00006827,0.00095354,0.00021134,-0.00010133,-0.00026425,-0.25982080,-0.10739
648,0.05327091,-0.02133138,-0.00967970,0.00537490,-0.00498758,0.00167031,0.00114
518,0.29140951,0.00161081,-0.00047474,0.00018948,-0.00011593,-0.00015690,0.00036
686,-0.00029746,-0.00095955,0.00182266,-0.00158371,0.00038289,0.00053342,-0.0000
2369,0.00014752,-0.00004832,-0.00006769,-0.00017309,0.00005325,-0.00004753,-0.00
011556,-0.00001107,0.00082405,-0.00077234,0.00020595,-0.00004622,0.00000626,-0.0
0021439,-0.00247541,-0.00447349,0.00398176,0.00068472,-0.00006347,-0.00068161,-0
.10788428,-0.09099402,0.03077544,0.01068135,0.00556864,-0.00342002,0.00167820,-0
.00104557,0.00094657,0.11892517,0.09903011,0.00696586,0.00530862,0.00049889,0.00
050529,0.00036698,-0.00050899,0.00119908,0.00121604,-0.00139747,-0.00013486,-0.0
0032601,0.00062088,-0.00028266,0.00022487,0.00009074,-0.00014197,-0.00004243,0.0
0011516,-0.00009193,-0.00012328,0.00027043,-0.00029161,0.00053412,0.00026212,-0.
00014110,-0.00014615,0.00017580,0.00035271,0.00082920,0.00102380,-0.00000194,-0.
00026678,-0.00017929,0.05862242,0.03251206,-0.03707775,-0.00697348,-0.00424869,0
.00055195,-0.00218096,0.00136163,0.00195954,-0.05664437,-0.03587555,0.03829770,-
0.00233906,0.00064351,0.00040340,0.00031278,0.00016287,-0.00006492,0.00014428,0.
00069801,-0.00029010,0.00062590,-0.00066722,0.00040310,-0.00031446,0.00052754,0.
00093815,0.00000489,-0.00014841,0.00010658,-0.00014696,-0.00004964,-0.00000887,-
0.00000782,-0.00015693,-0.00020809,-0.00010877,-0.00008217,-0.00002723,-0.003123
91,-0.00239443,0.00243997,-0.00001707,0.00007737,0.00014268,-0.00129299,0.022014
38,-0.00759581,-0.04343052,0.03507510,-0.01028304,0.00448226,-0.01939569,0.00606
150,0.00000879,0.00028867,0.00014929,0.04909254,-0.00032559,-0.00098934,-0.00204
067,-0.00045698,-0.00028273,0.00004287,-0.00042527,-0.00073686,0.00016271,0.0007
9561,-0.00006497,0.00041553,0.00007708,0.00036404,-0.00030161,0.00011573,-0.0000
7646,-0.00016205,-0.00007556,0.00005768,-0.00001738,-0.00002288,0.00011978,0.000
25843,0.00018099,0.00009313,0.00009251,-0.00110511,-0.00289704,0.00347785,0.0000
1471,-0.00005398,-0.00021079,0.00134386,-0.01096222,0.00307125,0.03398038,-0.301
77345,0.08824210,0.00262375,-0.01416657,0.00373823,0.00028162,0.00024121,-0.0004
1419,-0.03881697,0.33244337,-0.00028074,0.00597248,0.00011865,-0.00006844,-0.000
06531,0.00006628,0.00019049,-0.00095946,0.00030411,-0.00020149,-0.00030155,0.000
40478,0.00124272,-0.00039123,-0.00113156,-0.00038632,0.00002498,0.00034186,0.000
05681,-0.00022171,0.00034326,0.00011895,0.00011779,0.00008549,0.00004082,0.00003
452,0.00002238,0.00042508,0.00059676,0.00173702,-0.00009699,-0.00013167,-0.00009
050,-0.00172468,-0.00061873,-0.00182172,-0.00974665,0.08881604,-0.05074275,-0.00
031801,0.00430921,-0.00402577,-0.00012658,-0.00033859,-0.00114953,0.00963799,-0.
09746418,0.05334201,-0.00201486,0.00252979,0.00228230,0.00033993,0.00018277,0.00
016779,-0.00016024,-0.00038822,0.00034696,0.00002716,-0.00079559,0.00018349,0.00
001870,-0.00069150,-0.00010809,0.00018074,0.00015714,-0.00015056,0.00013472,-0.0
0009290,0.00026891,0.00018624,-0.00023559,-0.00019850,-0.00012415,-0.00003190,-0
.00013627,-0.00902142,0.00236416,0.00054132,-0.00005035,0.00017929,0.00008253,-0
.00361014,-0.00111085,0.00035369,-0.01597432,0.00408788,0.00058920,-0.31008823,0
.06882110,0.03405989,-0.00034208,0.00037546,-0.00068576,-0.00012163,-0.00044381,
-0.00016739,0.34209190,-0.00130592,-0.00073940,0.00027654,-0.00038714,-0.0002373
9,0.00006813,0.00101558,-0.00031745,-0.00023515,0.00027916,-0.00027109,-0.001024
69,-0.00028624,-0.00106114,-0.00038468,-0.00009587,0.00029423,0.00002704,0.00011
130,-0.00011386,0.00001748,-0.00003450,0.00005459,0.00015584,0.00012495,0.000089
69,0.00004451,0.02237962,-0.00440697,-0.00379687,0.00023467,-0.00020959,-0.00019
310,-0.00176958,-0.00210875,0.00179996,-0.01589206,0.00442244,-0.00021079,0.0692
7634,-0.05267768,-0.00169604,-0.00068463,0.00035637,-0.00006756,-0.00027010,0.00
004134,-0.00017353,-0.07581906,0.05928867,-0.00507212,0.00261005,-0.00037115,-0.
00016298,-0.00010137,0.00000246,0.00054684,-0.00020516,-0.00013705,-0.00119979,-
0.00099135,-0.00007651,-0.00031405,-0.00039187,0.00017389,0.00013940,0.00004092,
-0.00105814,0.00002363,-0.00009262,0.00029375,0.00009779,0.00015955,0.00015296,0
.00007030,0.00004647,0.00004678,-0.00488852,0.00026610,-0.00160049,-0.00030155,0
.00000393,-0.00006773,0.00409237,0.00206350,0.00182253,0.01093480,-0.00568302,-0
.00248316,0.03275904,0.00033816,-0.02817919,0.00084859,-0.00010463,0.00063626,-0
.00031299,-0.00022086,-0.00109451,-0.03792077,0.00060575,0.02988270,0.00711854,-
0.00521757,0.00786652,0.00896675,0.00475117,-0.00738233,0.00656422,0.00039594,0.
01183397,0.00001136,-0.00101587,0.00037559,-0.00006818,0.00022507,0.00022407,0.0
0005155,0.00009439,-0.00001276,0.00016982,-0.00018565,-0.00032003,-0.05717237,-0
.02575721,-0.03457234,-0.00148678,-0.00074493,0.00286451,-0.00160624,0.00020175,
-0.00041339,0.00800329,0.01029454,0.01779090,-0.00322716,0.00508267,-0.00012226,
0.00229135,-0.00020380,0.00051344,0.00107751,-0.00105921,0.00117378,-0.00033190,
-0.00154478,-0.00015076,0.00012925,-0.00018503,0.00011857,0.00006157,-0.00017488
,0.00021069,0.02129959,-0.00401413,0.00300377,-0.00297361,-0.00556101,-0.0024859
0,0.00337555,-0.00385887,0.00312184,-0.00789692,-0.00001417,0.00057936,-0.000390
39,-0.00002477,-0.00010173,-0.00010983,-0.00009261,-0.00004843,0.00000343,-0.000
10246,0.00013187,0.00023544,0.00486000,0.02602702,0.02206777,0.00133360,0.000484
38,-0.00096641,-0.00025179,0.00228953,0.00042828,-0.00443780,-0.04313163,-0.0230
5834,0.00434566,-0.00567612,-0.00050284,-0.00066349,-0.00079538,-0.00003353,-0.0
0136581,0.00051780,-0.00054364,0.00000618,-0.00009956,0.00034431,0.00009530,0.00
004851,0.00002909,-0.00033695,0.00025985,-0.00017633,0.02985778,0.02550001,-0.00
049473,0.00156198,-0.00043750,-0.00365321,-0.00211006,0.00177987,-0.00124015,-0.
00086454,-0.00124848,0.00014969,0.00026649,0.00002872,-0.00000512,-0.00003984,-0
.00004785,-0.00005399,0.00001508,-0.00000058,0.00000441,-0.00003235,-0.00009366,
-0.00291383,0.01728820,0.01900954,0.00079021,0.00044580,-0.00049674,-0.00146093,
0.00089069,-0.00066019,-0.00511553,-0.01728193,-0.03784250,-0.00100648,0.0015746
1,-0.00072506,-0.00036107,0.00070855,-0.00037980,-0.00078218,-0.00010518,-0.0000
3915,0.00016070,0.00048680,0.00008363,-0.00022764,0.00029028,-0.00002172,-0.0001
6480,0.00027846,0.00006190,0.01675229,0.00135695,0.03108247,-0.02532066,0.033122
23,0.00547776,0.00093312,0.00119633,-0.00065068,-0.03652949,0.00003075,-0.044489
07,-0.00936608,-0.00189923,0.00278674,0.00026007,-0.00103204,-0.00045405,0.00033
276,0.00011596,-0.00020280,0.00009286,-0.00058001,-0.00070807,0.01100991,0.00956
434,0.01061500,-0.00040824,-0.00045002,-0.00016348,-0.27074987,-0.01863091,0.029
00636,-0.03958386,0.01706311,0.00243234,-0.06879379,-0.01858457,0.01115249,-0.00
148062,0.01568427,-0.00612503,-0.03371274,0.03909907,-0.00214460,-0.00085998,-0.
02058198,0.00396545,-0.00358876,0.00179391,0.00121231,-0.00208365,0.00390486,0.0
0079040,0.02078946,-0.01886785,-0.00081254,0.45805543,0.04732771,-0.05904577,-0.
01085001,0.00420803,0.00202979,-0.00137606,-0.00033214,-0.00778824,0.02590390,-0
.01659018,0.00090684,0.00356521,-0.00077754,0.00120505,0.00066104,-0.00046187,0.
00061698,0.00115095,-0.00000391,-0.00077693,-0.00035023,-0.01074596,-0.00983779,
-0.01205749,-0.00058565,-0.00027754,0.00064328,0.00555171,-0.05207926,0.01355954
,0.03519702,-0.00749660,0.00079046,-0.03962538,-0.24106565,0.10157336,0.03010096
,-0.03569133,0.00265030,0.01309333,-0.00003191,0.00064269,-0.00084205,-0.0073235
6,0.00033669,0.00266803,-0.00169079,-0.00011472,0.00002158,-0.00242932,0.0013596
1,-0.02587970,0.00387409,-0.00107808,-0.02865352,0.40151205,0.03179508,-0.038540
25,-0.00964819,0.00663312,0.00389413,-0.00442807,-0.04996942,0.01445622,-0.08622
796,0.01193305,-0.00268169,-0.00769557,-0.00014084,0.00040303,0.00012194,-0.0005
5329,0.00032076,0.00037596,0.00021294,-0.00009361,0.00045448,-0.00950395,-0.0091
9345,-0.01003383,-0.00261172,-0.00130038,0.00070692,0.03742509,0.02415142,-0.041
53258,0.03451599,-0.01084651,0.00449318,0.00606430,0.07599054,-0.06464852,-0.022
94645,0.02370673,0.00344616,-0.00680184,0.00835678,0.00104865,0.00004556,0.00198
813,-0.00405248,-0.00213682,0.00311910,0.00256506,-0.00093124,0.00316159,0.00147
896,-0.03019642,0.01736121,-0.00304310,-0.00197784,-0.12739994,0.21076058,0.0006
6968,-0.00024091,0.00054991,-0.05931569,0.00386779,0.01412931,-0.00581667,-0.002
90128,-0.00476853,0.00012624,0.00002050,0.00008186,0.00006188,0.00000913,0.00001
651,0.00011215,-0.00002358,-0.00001312,0.00010474,-0.00015752,-0.00001635,0.0088
0996,0.00181787,0.00124682,0.00279343,-0.00239425,-0.03013880,-0.00030686,0.0002
3011,0.00001357,0.00173378,0.00106199,0.00189767,0.00005132,0.00007935,0.0002885
2,0.00004484,0.00012444,0.00004952,0.00001647,-0.00011253,0.00016682,-0.00002409
,0.00037326,-0.00014114,0.00004507,0.00001035,0.00005360,0.00009004,-0.00000689,
-0.00000100,-0.00108768,-0.00023349,-0.00029167,-0.00057150,-0.00050209,-0.00032
334,0.52790390,-0.00003324,-0.00039597,-0.00002409,0.00706381,-0.05971845,-0.002
87510,-0.00082244,0.00030192,0.00075245,0.00001756,0.00006020,-0.00001371,0.0000
0576,0.00001488,-0.00001212,0.00002698,-0.00000414,-0.00002562,0.00013881,-0.000
00046,-0.00006391,-0.00605161,-0.01772456,-0.01231477,-0.00316233,0.01589650,-0.
00468084,-0.00012210,0.00007757,0.00016020,-0.00495904,0.00140332,-0.00974369,0.
00011337,0.00002668,0.00014946,-0.00000496,0.00001920,0.00003376,-0.00000161,0.0
0003555,0.00007730,0.00001488,-0.00000607,0.00002767,-0.00000143,-0.00003750,-0.
00000917,0.00007361,-0.00002370,-0.00002098,0.00107938,-0.00089420,-0.00045257,-
0.00040203,0.00057689,0.00021618,0.01245376,0.39312710,-0.00015369,-0.00009953,0
.00003927,0.00522336,0.00313600,-0.05277280,-0.00538456,-0.00018328,-0.00317887,
-0.00023978,-0.00004926,-0.00007969,0.00002236,-0.00002769,0.00001568,-0.0000127
1,-0.00003182,-0.00003394,-0.00019444,0.00004919,0.00008178,-0.00601444,-0.01143
305,-0.01763225,-0.01540832,-0.00069349,-0.05977426,-0.00037354,-0.00003304,0.00
051333,-0.01146863,-0.01376712,-0.00250337,0.00026532,0.00017406,0.00010828,0.00
034910,-0.00025217,-0.00006045,0.00020880,-0.00021467,-0.00001509,-0.00006904,0.
00012426,-0.00002063,0.00010590,-0.00011292,-0.00001898,0.00007456,-0.00010513,-
0.00002490,0.00490127,-0.00260324,-0.00204618,0.00037357,0.00172061,0.00225431,0
.02373539,0.02292666,0.38101691,0.00063522,-0.00060607,0.00027732,-0.34043575,-0
.15702014,0.03439444,-0.01414452,0.00345630,-0.02079235,0.00062202,0.00037781,0.
00009532,-0.00013190,0.00005548,-0.00021525,-0.00000486,-0.00006253,-0.00001221,
0.00048274,0.00021240,-0.00058987,-0.00192062,-0.00202760,-0.00306339,-0.0674818
4,-0.04492977,-0.02152996,0.00173706,-0.00067154,-0.00197167,0.00837012,0.001342
96,0.00213502,-0.00044750,-0.00210203,-0.00077401,-0.00143146,0.00094718,0.00009
276,-0.00056038,0.00135013,-0.00024089,-0.00003332,0.00008128,-0.00035597,-0.000
25582,0.00038544,0.00016779,-0.00024528,0.00036895,0.00020274,-0.00678033,0.0043
7121,0.00294102,0.00168605,-0.00283356,-0.00073205,-0.02047195,-0.02382576,0.029
98995,0.44932092,0.00048018,0.00058708,0.00064288,-0.16110551,-0.14922604,0.0248
5774,0.00330721,-0.01413529,0.00347227,0.00027363,0.00003088,0.00000969,0.000047
44,0.00005263,0.00007856,0.00006568,0.00002793,0.00008747,-0.00014312,-0.0003372
8,0.00018840,-0.00213267,-0.00166553,-0.00104812,-0.04077663,-0.00083696,-0.0099
6457,0.00020624,0.00051715,-0.00053755,0.00529101,0.00189119,0.00179835,-0.00166
650,0.00020987,-0.00068180,0.00014886,0.00047146,-0.00009365,-0.00006493,-0.0003
4339,-0.00003142,-0.00005119,-0.00000237,-0.00005233,-0.00020668,0.00024075,0.00
004966,-0.00016322,0.00014317,0.00001451,-0.00382992,0.00194850,0.00129530,0.001
56671,0.00186764,-0.00257648,-0.02413356,-0.00023337,0.01783895,0.22492996,0.158
37425,-0.00006904,-0.00106195,-0.00009113,0.04842984,0.03081418,-0.08800012,-0.0
0224885,0.00981303,-0.06229712,0.00010855,0.00034194,0.00007384,0.00004988,-0.00
005707,0.00004025,0.00004305,-0.00004797,-0.00000255,-0.00080333,-0.00007999,0.0
0017944,0.00081587,0.00033154,0.00035259,-0.04436658,-0.02293619,0.00910294,0.00
020950,0.00106100,-0.00251211,0.00006667,-0.00079293,-0.00004565,-0.00049704,-0.
00133581,-0.00047339,-0.00049425,0.00035311,0.00023327,-0.00093537,0.00081084,0.
00040700,-0.00008038,-0.00007033,0.00012061,-0.00012088,0.00010404,0.00017694,-0
.00009253,0.00042875,0.00016783,-0.00134756,0.00131384,0.00041416,-0.00499298,-0
.00373067,0.00554145,0.03140902,0.02082864,-0.01741493,-0.02603431,-0.03786635,0
.16349361,-0.05147803,-0.01536573,-0.03543293,0.00000488,0.00053884,0.00031006,0
.00090701,-0.00018061,-0.00009663,-0.00024057,0.00060453,0.00025100,-0.00523481,
-0.00241206,-0.00150416,-0.00421041,-0.00000804,-0.00465398,0.00263287,0.0012082
1,0.00023739,-0.00043097,-0.00039728,-0.00056999,-0.00017213,-0.00027513,-0.0002
6325,-0.00147580,0.00388476,0.00102604,0.00051779,0.00010280,0.00048069,0.006594
32,-0.00370835,0.00086592,-0.00063506,-0.00055169,0.00268020,0.00177957,-0.00265
408,-0.00144989,-0.00009894,-0.00001904,-0.00003154,-0.00005728,-0.00000103,0.00
060374,0.00059637,0.00040623,0.00100594,-0.00065747,0.00057144,0.00000695,0.0058
6056,0.00261059,-0.00286057,0.00004210,-0.00039062,-0.00018238,-0.00088175,0.000
87088,-0.00035725,0.72408918,-0.01378503,-0.02354946,-0.02991715,-0.00067625,-0.
00044027,-0.00041528,0.00597957,-0.00555724,-0.00403798,0.00023041,0.00066178,0.
00021344,0.00059247,0.00158524,0.00328495,0.00058284,-0.00035069,0.00178039,-0.0
1448685,-0.01205096,0.00233451,0.00050718,0.00081798,0.00080916,0.00003916,-0.00
004612,0.00028547,-0.00722475,0.00374992,-0.00277839,-0.00147883,0.00023215,-0.0
0029481,0.00492173,-0.00048181,-0.00177734,0.00180469,-0.00081339,0.00418957,-0.
00220104,-0.00718579,0.00114703,-0.00026591,-0.00023404,-0.00010633,0.00017564,0
.00032224,0.00102909,0.00006522,-0.00017908,0.00006284,0.00172152,-0.00091384,-0
.00013634,-0.00000727,0.00732236,0.00217417,-0.00033439,0.00004879,0.00018428,0.
00140267,-0.00131444,0.00061138,0.05542205,0.36093536,-0.03527209,-0.02752120,-0
.04996142,-0.00077680,0.00001242,-0.00104491,-0.00008551,-0.00187576,0.00050220,
0.00126688,0.00121643,0.00001671,-0.00106419,0.00042542,-0.00016501,-0.00087692,
0.00230229,0.00054502,0.01425334,0.01042241,-0.00382355,-0.00060190,0.00003604,0
.00017038,0.00030866,0.00016920,0.00052617,0.00208587,0.00443871,0.00276616,0.00
167256,-0.00052342,-0.00037129,-0.00108024,-0.00399305,0.00445906,-0.00678776,-0
.00233241,-0.00084512,0.00122545,0.00510100,-0.00382807,-0.00046275,0.00040704,0
.00127301,0.00008310,-0.00012053,0.00070584,0.00036516,0.00023914,-0.00004786,-0
.00214932,0.00116019,0.00055769,0.00608998,-0.00446482,-0.00597284,-0.00051915,0
.00004909,0.00006752,-0.00011429,0.00051678,0.00007125,0.17689296,-0.19476349,0.
37424522,-0.01392041,-0.03505761,-0.00172132,0.00019601,0.00001765,-0.00014814,0
.00066363,0.00113316,0.00006846,-0.00035501,0.00043833,0.00060885,-0.01377668,-0
.00238335,-0.00070347,-0.00126180,-0.00378257,-0.00054990,-0.00283799,-0.0024227
4,-0.00018939,-0.00004089,0.00033553,0.00021067,-0.00000865,0.00019108,0.0000647
6,-0.00606600,0.00639696,-0.00134154,-0.00103743,0.00040354,0.00006566,0.0048615
4,0.00061533,-0.00263122,0.00223313,-0.00420493,0.00072662,-0.00179918,-0.005997
45,-0.00155433,-0.00020174,0.00005246,-0.00056862,0.00031286,0.00043307,0.000459
21,0.00007945,-0.00024848,0.00020366,0.00144586,-0.00065983,-0.00012707,0.002568
88,0.00684983,0.00177947,-0.00017496,0.00001349,-0.00014051,-0.00034524,-0.00000
069,0.00009454,-0.10038757,0.03647701,-0.06451417,0.59547757,-0.03077280,-0.1110
0423,-0.04185938,0.00008214,-0.00043194,-0.00027203,0.00008015,-0.00274327,-0.00
045051,-0.00029499,0.00000420,0.00002317,0.01328014,0.00312324,-0.00013432,-0.00
029793,-0.00232167,0.00254458,-0.00248173,-0.00159517,0.00070962,-0.00008446,0.0
0015853,0.00022713,0.00000866,0.00011273,0.00018147,0.00309683,-0.00182993,-0.00
244204,-0.00061194,0.00030341,0.00010023,-0.00282413,0.00490881,0.00059064,0.003
81176,0.00247460,0.00070790,0.00224354,-0.00157261,0.00358574,-0.00062179,0.0003
9969,0.00069553,0.00053462,-0.00031217,0.00068680,0.00051773,0.00031664,0.000982
88,0.00054840,-0.00013804,0.00011719,-0.00630065,-0.00095305,0.00341571,0.000104
36,-0.00020912,0.00006869,-0.00035852,0.00070299,-0.00018452,0.06740070,-0.16606
028,0.14846021,0.14202385,0.51792233,0.00205861,-0.02890386,-0.03057599,-0.00010
892,0.00023310,-0.00034446,0.00143977,0.00131605,0.00030171,-0.00087337,-0.00074
133,-0.00005962,-0.01521873,-0.00586074,-0.00277902,0.00044311,0.00430663,-0.000
63110,0.00177722,0.00365105,0.00042712,0.00025383,0.00055237,0.00070782,-0.00000
276,-0.00007222,-0.00000532,-0.00514797,0.00107663,-0.00030223,-0.00120701,0.000
21826,-0.00029984,0.00240143,-0.00178193,0.00106550,-0.00114418,-0.00181655,0.00
214277,-0.00111052,-0.00662672,0.00001635,-0.00019106,-0.00044146,-0.00014842,-0
.00034169,-0.00043450,-0.00018450,0.00027675,0.00016940,0.00037325,0.00128070,-0
.00072039,-0.00008788,-0.00155773,0.00289785,0.00130627,-0.00023123,0.00014770,0
.00008676,-0.00015651,-0.00035637,-0.00014170,-0.06726719,0.11055423,-0.15502012
,-0.01271812,-0.26266567,0.37188039,-0.03650077,0.05990049,0.01917420,0.00034863
,0.00025653,-0.00012579,-0.00024360,0.00004791,0.00047455,0.00042513,-0.00022081
,-0.00075593,-0.14946285,0.08526238,-0.11600861,-0.00452149,-0.02138696,0.013568
17,-0.00350690,0.00113992,-0.00072352,0.00009972,0.00002069,-0.00004255,-0.00007
735,-0.00013195,0.00005439,0.00111673,-0.00550971,-0.00351763,0.00010590,-0.0001
9301,-0.00015459,-0.00330344,0.00646975,-0.00023584,0.00450838,0.00455712,-0.001
86224,0.00264386,-0.00340030,0.00044780,0.00006035,-0.00000851,-0.00031302,0.000
40682,-0.00000125,-0.00071659,-0.00061594,-0.00075407,-0.00040344,-0.00021722,-0
.00001362,-0.00002212,-0.00446211,-0.00515901,0.00221234,0.00014231,0.00004478,0
.00012797,-0.00017666,-0.00011510,0.00013388,-0.03283715,0.03789432,-0.01951502,
-0.31368731,-0.05937360,-0.02151523,0.63453884,0.05128390,-0.09562091,-0.0365643
5,-0.00012397,-0.00006425,-0.00004046,-0.00129937,0.00110197,-0.00025137,0.00122
531,0.00138359,-0.00045996,0.08519719,-0.10080754,0.09901334,-0.00204203,-0.0083
2910,0.00386306,0.00127329,-0.00050078,0.00116070,-0.00031955,-0.00021117,-0.000
16249,0.00002452,0.00005911,0.00005973,0.00688185,-0.00442343,-0.00082731,0.0005
6955,-0.00006175,0.00017127,-0.00271980,0.00124123,0.00267718,0.00106982,0.00175
848,0.00033867,0.00332012,0.00140615,-0.00028615,-0.00042576,0.00043641,0.000957
37,-0.00010024,-0.00036803,0.00069347,0.00040240,0.00014998,-0.00001412,-0.00064
837,0.00034561,0.00004574,-0.00444371,-0.00456129,-0.00016316,-0.00006355,-0.000
04356,-0.00004266,-0.00000143,0.00007440,-0.00005148,0.00983981,0.01302372,0.002
60993,-0.01220980,-0.06093984,0.02260128,-0.06882810,0.48084042,0.00984829,-0.02
464046,-0.01724203,0.00018186,-0.00001321,-0.00015182,-0.00233389,0.00235062,-0.
00087556,0.00001117,0.00027194,-0.00012194,-0.11642703,0.09905051,-0.14737356,0.
00106891,-0.00011884,-0.00234379,-0.00316610,0.00336160,0.00008915,-0.00039803,-
0.00034023,-0.00030768,0.00001426,-0.00005035,0.00011118,0.00215867,0.00056802,0
.00082873,0.00173271,-0.00043191,0.00003015,0.00151318,-0.00473837,0.00063610,0.
00161105,-0.00014565,-0.00106953,-0.00233233,-0.00229326,0.00152781,-0.00016155,
0.00019929,0.00041689,0.00064786,-0.00083119,-0.00172188,0.00001289,-0.00092009,
-0.00059888,-0.00204561,0.00104031,0.00010712,0.00422533,-0.00339785,-0.00498306
,-0.00005159,-0.00004460,0.00004217,0.00004861,0.00004585,0.00023787,-0.02016319
,0.01151631,-0.01293292,-0.02172576,0.01831620,-0.04904681,0.12059773,-0.2535959
2,0.38484379,-0.06948907,0.01617008,0.05950486,-0.00053699,-0.00018025,0.0003582
3,-0.00161130,0.00066150,0.00152754,-0.00094130,-0.00102319,0.00079205,0.0067139
5,0.01160394,-0.01062426,-0.28907743,-0.09751408,0.01869969,0.00040751,0.0011529
3,0.00052728,0.00027394,-0.00009906,0.00000070,0.00026576,0.00010260,-0.00010002
,0.00501928,-0.00273914,-0.00098174,0.00008040,-0.00011072,-0.00031292,0.0002996
1,0.00485305,-0.00106270,0.00122758,0.00054876,-0.00264707,0.00142879,0.00179536
,-0.00224702,0.00027168,-0.00022499,-0.00067133,-0.00018779,-0.00001006,-0.00071
707,-0.00041003,-0.00005756,-0.00124361,0.00005221,-0.00014682,-0.00010838,-0.00
270797,-0.00456431,0.00070051,0.00003128,0.00013501,-0.00008406,0.00066564,-0.00
024705,-0.00027139,-0.05062330,-0.00644208,0.00944060,-0.02208961,-0.01969909,0.
01282377,-0.09071804,-0.07121919,0.04287829,0.76205811,0.00678259,-0.02047316,-0
.02297686,-0.00017106,-0.00018187,-0.00001683,0.00116421,-0.00064176,-0.00082390
,-0.00116919,-0.00054166,0.00000726,-0.00347426,-0.00998445,0.00565189,-0.100679
65,-0.07020411,0.01736542,0.01639160,-0.00782368,0.00379757,-0.00003565,0.000063
72,0.00010296,0.00008746,-0.00006625,0.00012764,0.00272575,0.00442777,0.00143983
,0.00034848,-0.00013071,0.00005925,0.00498607,-0.00488799,0.00142788,-0.00369834
,-0.00060023,0.00250440,-0.00188082,0.00426850,0.00029669,0.00003069,-0.00030997
,-0.00067920,-0.00017503,0.00003647,0.00064958,0.00053989,-0.00000730,-0.0006742
9,-0.00066841,0.00031466,0.00011030,0.00452989,0.00175367,-0.00391753,-0.0000722
9,-0.00005520,-0.00002255,-0.00004736,0.00018349,-0.00002274,-0.00651381,-0.0016
8501,-0.00732652,-0.04401658,-0.00297779,0.00981204,-0.03500140,-0.19990427,0.12
058696,0.10016511,0.39116609,0.04974108,-0.02910925,-0.06449082,-0.00025696,-0.0
0017530,-0.00000479,-0.00141767,-0.00081339,0.00153250,-0.00062645,-0.00020908,0
.00017798,0.00548020,0.00976920,-0.01071293,0.01747607,0.01591450,-0.03028849,-0
.01484588,0.00552455,-0.00536593,0.00003302,0.00026534,0.00027652,0.00008492,0.0
0016837,-0.00000096,-0.00366865,-0.00031677,0.00093424,-0.00106457,0.00034623,-0
.00004586,-0.00133600,0.00461294,-0.00321968,0.00816261,-0.00084479,-0.00257643,
0.00266238,-0.00388129,0.00276992,-0.00057692,-0.00001627,-0.00063825,0.00029696
,0.00000048,0.00069492,0.00040016,-0.00015622,-0.00008650,0.00125669,-0.00058637
,-0.00003576,-0.00169585,0.00537561,0.00370524,-0.00003388,-0.00000420,-0.000102
84,-0.00004238,0.00025326,-0.00027764,-0.01857897,-0.00689841,0.01813423,0.01635
502,0.00316238,-0.00442817,0.02366732,0.14456751,-0.13135241,-0.00616758,-0.2013
9563,0.33134838,-0.00413433,0.00274244,0.01306924,0.00020009,0.00031564,-0.00052
927,-0.00256101,0.00491182,0.00241120,0.00136328,0.00131254,-0.00043021,-0.00068
522,-0.00119969,-0.00226501,-0.01756886,0.00765061,-0.01189029,-0.03978553,0.014
77664,-0.02172291,-0.00078389,-0.00014168,-0.00006669,-0.00000091,0.00004490,0.0
0017941,0.00498415,0.00242616,0.00051416,0.00189282,-0.00062758,-0.00006340,0.00
018430,-0.00358626,0.00662994,-0.01013743,-0.00104410,0.00044958,-0.00005518,0.0
0524512,-0.00606625,-0.00000091,0.00008435,0.00015242,-0.00023432,-0.00017304,-0
.00008922,-0.00010254,-0.00018724,-0.00066339,-0.00240508,0.00111726,0.00036009,
0.00425508,-0.00789731,-0.00602922,-0.00019092,-0.00011618,-0.00006462,-0.000766
56,-0.00025976,0.00039855,-0.21409205,-0.11609859,0.02891007,0.00522558,-0.01139
264,0.02223056,0.01035734,0.02142790,-0.03062333,-0.24273050,0.06408952,-0.07500
696,0.52749323,0.00102155,-0.02507318,0.01362345,-0.00088381,-0.00028962,-0.0002
2153,0.00134469,0.00029467,-0.00105684,0.00033739,-0.00028946,0.00035986,-0.0019
8467,-0.00175155,0.00502359,-0.00754781,0.00242751,-0.00856708,0.01541126,-0.169
32382,0.16034786,0.00038805,0.00037539,0.00038571,0.00018053,0.00011651,0.000139
09,-0.00055121,0.00371921,-0.00063700,-0.00017153,-0.00022417,-0.00058461,-0.000
97056,0.00069741,-0.00081353,-0.00027080,0.00225725,-0.00008637,-0.00012813,0.00
016329,-0.00140710,0.00005866,-0.00009066,0.00008790,-0.00016473,-0.00013861,-0.
00091092,0.00006560,0.00000648,0.00021753,0.00026236,-0.00017388,0.00018204,0.00
109068,0.00206338,-0.00032261,-0.00018216,0.00000048,-0.00001610,0.00111997,-0.0
0011201,-0.00000612,-0.11110012,-0.12462721,0.04612377,-0.00121825,-0.02885561,0
.03633592,0.00342913,-0.02562940,0.03007265,0.07227236,-0.07923351,0.05197563,0.
02832355,0.45091599,0.00930989,0.01294602,-0.09481556,-0.00090432,-0.00089213,-0
.00026963,0.00106787,-0.00232356,-0.00075146,0.00058765,0.00095165,0.00015426,0.
00094704,0.00258802,-0.00134662,0.00293915,-0.00247178,0.00086987,-0.01874602,0.
15237764,-0.18534401,-0.00029734,-0.00010714,-0.00004235,0.00038799,0.00037258,0
.00048572,0.00577970,-0.00443600,0.00184932,0.00091994,-0.00020006,-0.00021606,-
0.00686370,0.00548486,0.00321003,0.00027235,-0.00184540,-0.00248419,0.00287037,0
.00376401,-0.00027318,-0.00046604,0.00039636,0.00112676,0.00003254,-0.00033245,0
.00068760,0.00062763,0.00039672,0.00096234,-0.00138513,0.00059307,0.00043800,-0.
00437456,-0.00903809,0.00022476,-0.00001139,-0.00014137,-0.00016206,0.00040437,0
.00075636,-0.00009847,0.07266221,0.07805739,-0.07842116,0.01335997,0.01381177,-0
.01047465,-0.01400768,0.01411774,-0.01781987,-0.12218383,0.07055527,-0.10489482,
0.06607770,-0.33270411,0.48624454,0.00156452,-0.00013654,0.00179205,0.00058780,0
.00160656,0.00005165,0.00013904,-0.00227237,-0.00186461,-0.00001181,0.00030445,-
0.00002687,-0.00015542,-0.00048713,-0.00013270,-0.00043998,0.00015604,-0.0007761
9,0.00021769,0.00007975,0.00051397,0.00003868,0.00005955,0.00011824,-0.00065723,
-0.00066115,-0.00034944,0.00010081,-0.00007777,0.00001524,-0.00046320,0.00001684
,0.00002570,-0.00020454,0.00018927,0.00010338,0.00022653,0.00000715,0.00017922,0
.00007951,0.00015279,0.00037388,-0.00009054,0.00006825,0.00024647,0.00002284,-0.
00003260,0.00029597,0.00019415,0.00009016,0.00025998,0.00033835,-0.00004711,-0.0
0009827,-0.00034085,0.00024668,0.00043711,-0.00018754,0.00008446,0.00030417,-0.0
0072561,0.00112057,-0.00001526,-0.28041944,0.01161686,-0.11035700,-0.00671855,0.
00146584,-0.00244035,-0.00148440,0.00000784,-0.00187799,-0.00367734,-0.00240820,
-0.00055562,-0.01781126,0.00153356,-0.00654662,0.31521296,-0.00420216,0.00146239
,0.00201031,0.00334488,-0.00021032,-0.00020539,-0.00135777,-0.00335219,-0.002416
09,-0.00001337,0.00011485,-0.00008920,0.00106954,0.00034788,0.00043930,-0.000508
46,0.00050753,-0.00001760,-0.00010916,-0.00034723,-0.00050559,-0.00023326,-0.000
31048,-0.00041434,-0.00049933,-0.00009229,-0.00004953,0.00006418,0.00027335,0.00
046291,0.00035518,0.00023161,0.00032454,0.00077255,-0.00056483,0.00058532,-0.000
28465,-0.00021640,0.00001782,0.00021590,-0.00037316,-0.00075342,-0.00004145,0.00
005218,-0.00001669,0.00011840,0.00002004,-0.00007953,-0.00006252,-0.00008525,0.0
0009531,-0.00035410,0.00013013,-0.00009012,0.00055502,0.00043110,-0.00050760,0.0
0023627,-0.00003115,0.00003638,-0.00075803,-0.00075976,0.00113829,0.00533190,-0.
03101242,0.01126347,0.01946329,-0.00175676,0.00577352,0.00206473,-0.00155347,0.0
0437332,-0.00173926,-0.00045783,0.00129052,-0.01035689,0.00133180,-0.00556928,-0
.01237827,0.03495017,-0.00396608,0.00189107,0.00284598,-0.00024954,-0.00022292,0
.00183429,-0.00127338,-0.00414794,-0.00127197,0.00006155,0.00017759,0.00005831,-
0.00039242,-0.00009020,0.00041351,0.00080519,0.00010368,0.00048697,0.00010353,-0
.00085550,-0.00047004,-0.00010817,-0.00058126,-0.00054091,0.00004461,-0.00009676
,-0.00061669,0.00003745,0.00063833,0.00041281,0.00042495,0.00022175,0.00039958,0
.00042458,-0.00042866,0.00091803,-0.00022649,-0.00012523,0.00043235,0.00045269,-
0.00009193,-0.00076654,-0.00013671,0.00004552,-0.00016609,0.00009564,-0.00009228
,0.00025030,0.00009669,0.00014649,0.00011346,-0.00048323,0.00025987,-0.00008224,
0.00083181,0.00047176,-0.00043224,0.00041410,-0.00013346,-0.00025733,0.00014373,
0.00050535,-0.00037442,-0.11813349,0.01596944,-0.07857944,-0.01114471,-0.0013551
3,-0.00397821,-0.00102793,0.00202679,-0.00075453,0.00250246,0.00233318,0.0003669
4,0.01160309,-0.00215775,0.00392441,0.11478329,-0.01569109,0.08245397,0.00069763
,0.00161415,-0.00016196,0.00973361,0.00653305,-0.00983047,-0.06383053,-0.0163269
0,0.02603939,0.00016382,-0.00011546,-0.00007028,0.00005086,-0.00004554,-0.000062
16,0.00004337,-0.00009220,-0.00005076,-0.00021220,0.00012841,-0.00006216,-0.1274
1327,0.08085614,0.09148736,0.00154284,-0.00044573,0.00347962,-0.00030774,0.00205
089,-0.00044329,0.00779410,-0.03100616,-0.03434687,-0.00329643,0.00246765,-0.000
55484,0.00089600,-0.00010176,0.00017119,0.00009235,-0.00057226,0.00044595,-0.000
33193,0.00030560,0.00010327,0.00003527,-0.00000603,0.00016101,-0.00000661,0.0000
0264,0.00001441,-0.00446023,0.00094923,-0.00075401,-0.00152578,-0.00560122,-0.00
660187,-0.12954707,-0.05043952,-0.04280307,-0.00455109,-0.00398732,0.00070586,-0
.00093871,0.00041660,0.00009159,0.00021882,-0.00028471,-0.00018385,0.00000673,0.
00024527,0.00017827,0.00010972,-0.00013826,0.00016302,0.00041641,0.00024708,-0.0
0032249,0.00028671,0.00003527,-0.00018442,0.36291151,0.00147512,-0.00247388,-0.0
0185054,0.00211700,0.00220637,-0.01151368,0.00165706,-0.00384534,-0.00067462,-0.
00019427,-0.00085611,0.00051225,-0.00006843,0.00002450,-0.00000944,0.00004197,0.
00003434,0.00004306,-0.00005096,0.00011035,-0.00017526,0.08817404,-0.23441653,-0
.22467092,-0.00008814,0.00008380,0.00258121,-0.00015689,-0.00103967,-0.00043447,
-0.01318360,-0.02704519,-0.03737071,0.00149995,-0.00132267,0.00029951,-0.0007194
1,0.00032261,-0.00019841,-0.00014329,0.00036055,-0.00027060,0.00059429,0.0004308
7,-0.00009096,0.00000709,0.00009077,-0.00005605,0.00004161,0.00000221,-0.0000813
5,0.00842732,-0.00831828,-0.00172374,-0.00445904,0.00520119,0.00474478,-0.060495
35,-0.10714655,-0.05171095,-0.00465606,-0.00026602,0.00137241,0.00061046,-0.0010
8013,0.00006569,-0.00035131,0.00023699,-0.00019874,0.00001478,0.00010901,0.00013
569,0.00007563,0.00001083,0.00022395,0.00037136,-0.00028690,0.00039094,0.0000525
4,-0.00019518,0.00030819,0.00391387,0.43538117,-0.00005671,-0.00118915,-0.001747
10,-0.01332368,-0.01964256,-0.02559690,0.01414023,0.00709347,-0.02982230,0.00044
483,0.00056726,0.00011240,-0.00000310,0.00005701,0.00005954,-0.00000753,0.000072
00,0.00005961,0.00004376,0.00015544,-0.00012596,0.09702010,-0.22244612,-0.278395
31,-0.00060749,0.00285472,-0.01117408,-0.00054938,-0.00053753,-0.00004750,-0.015
14729,-0.03492185,-0.03486908,0.00189016,-0.00065303,0.00051710,0.00012015,-0.00
081975,0.00002241,-0.00012005,0.00019911,-0.00021963,-0.00035286,-0.00000972,0.0
0004321,0.00015777,-0.00019569,-0.00009669,-0.00003767,-0.00001706,-0.00005340,0
.01140392,-0.00585126,-0.00606252,-0.00906058,0.00473836,0.00567214,-0.05442649,
-0.05772492,-0.10537020,-0.00156600,-0.00190185,-0.00168412,0.00065701,-0.000853
25,-0.00007553,-0.00006548,-0.00015407,-0.00007891,0.00010534,-0.00003373,-0.000
01961,-0.00007720,-0.00018963,-0.00012456,0.00044501,-0.00038845,0.00013584,-0.0
0009556,-0.00020388,-0.00023859,-0.04007947,0.36310812,0.49385018,0.00020371,0.0
0009723,-0.00001403,-0.01229841,0.00065937,0.00277697,-0.00137413,-0.00062851,-0
.00188377,0.00011476,0.00000647,0.00009480,0.00000760,-0.00000994,-0.00001832,-0
.00000037,-0.00001547,-0.00001064,0.00003396,0.00000606,-0.00008283,-0.00088578,
0.00081386,0.00107611,0.00249324,0.00016485,-0.00125504,0.00011079,0.00009036,0.
00001810,0.00090736,-0.00008343,0.00004185,-0.00018367,0.00011178,-0.00005687,0.
00007501,-0.00002291,0.00002765,0.00006092,-0.00004013,0.00004220,-0.00013126,-0
.00005231,0.00003277,-0.00000449,-0.00000244,0.00002351,0.00000205,-0.00000286,0
.00000829,-0.00018992,0.00025395,0.00014687,0.00017890,-0.00025240,-0.00006216,-
0.24599214,0.03577250,0.02652089,0.00007452,-0.00134546,0.00220805,-0.00018939,0
.00000212,0.00007082,0.00000082,-0.00004418,0.00004313,0.00004496,-0.00003232,0.
00001941,0.00007923,-0.00000686,0.00003498,0.00007926,0.00010209,0.00001758,-0.0
0010474,-0.00008496,-0.00009227,-0.02857050,-0.00669344,-0.00550170,0.29410266,0
.00000872,0.00018778,-0.00012158,-0.00374083,0.00220503,0.00309407,-0.00109523,-
0.00046033,-0.00132491,0.00003088,-0.00001099,0.00001390,-0.00001568,0.00000436,
0.00000005,0.00001525,0.00000756,0.00000447,0.00000194,-0.00001848,-0.00000512,-
0.00067750,0.00111587,0.00111999,-0.00063118,-0.00071830,-0.00057401,0.00006483,
-0.00003086,-0.00004086,0.00044624,-0.00001479,0.00020201,0.00001520,-0.00001046
,0.00012272,-0.00004083,-0.00002278,0.00000341,0.00001101,-0.00002182,-0.0000054
6,0.00005813,-0.00003931,-0.00006397,-0.00002063,0.00001818,-0.00002478,-0.00000
324,0.00000344,-0.00000134,0.00014574,-0.00002528,-0.00007565,-0.00009651,0.0000
1330,0.00016100,0.03318902,-0.04457065,-0.00617687,-0.00008359,-0.00055902,0.000
75790,0.00019540,-0.00006368,-0.00008287,0.00008178,0.00000101,-0.00005348,-0.00
006768,0.00003608,-0.00000674,-0.00000537,0.00000964,0.00002730,-0.00000210,-0.0
0002344,0.00007170,0.00003307,-0.00003576,0.00012909,-0.02169450,0.00079366,-0.0
0053670,-0.03550847,0.05646153,0.00001140,0.00001030,-0.00001031,0.02262519,-0.0
0529331,-0.00159139,0.00073986,-0.00011513,-0.00105841,0.00001447,-0.00004057,0.
00003118,0.00000705,0.00000169,-0.00000241,-0.00000638,-0.00000151,0.00000015,-0
.00006504,-0.00002683,0.00003793,-0.00088622,0.00128486,0.00128994,-0.00114674,0
.00106340,0.00130007,-0.00002172,0.00009362,-0.00008992,0.00061468,0.00003155,-0
.00013387,-0.00008334,0.00002097,-0.00004437,-0.00001983,0.00001826,0.00000004,-
0.00000960,-0.00003363,0.00002878,-0.00002270,0.00000315,-0.00001627,0.00000106,
0.00001742,0.00000742,-0.00000562,0.00001290,-0.00000229,-0.00018215,-0.00005601
,0.00016628,-0.00011436,-0.00014724,-0.00023040,0.02831011,-0.00843855,-0.045606
47,0.00397391,0.00484363,-0.00587511,0.00000615,-0.00007527,0.00006695,0.0000129
0,0.00007138,-0.00003828,-0.00003078,0.00003005,0.00001491,-0.00007518,0.0000137
5,0.00001796,0.00003401,-0.00002821,0.00005696,-0.00002809,0.00016790,0.00003075
,-0.02073576,-0.00161721,0.00073418,-0.02532553,0.00498242,0.05087053,0.00100875
,0.00282180,-0.00045179,0.00010456,0.00014833,0.00010365,-0.00173245,0.00025650,
-0.00001122,-0.13638401,0.09149602,0.06778173,-0.00004468,0.00024953,0.00001862,
0.00091813,0.00019207,0.00021606,-0.00024782,-0.00005153,-0.00033403,0.00022245,
-0.00005333,-0.00016182,-0.00000048,-0.00004078,-0.00003973,-0.01559661,0.002284
59,0.01498124,0.00028777,-0.00031491,-0.00004694,-0.00066775,-0.00053997,-0.0003
8649,-0.00057151,-0.00003732,-0.00033820,0.00094708,0.00084861,-0.00136875,0.000
21539,-0.00018148,-0.00030315,0.00006426,0.00014658,-0.00021248,0.00024749,-0.00
011155,-0.00002407,-0.00043836,0.00023565,-0.00004018,0.00003410,-0.00143330,0.0
0201446,0.00009501,0.00006426,0.00001783,0.00005500,-0.00023025,0.00014942,-0.00
004071,-0.00008339,0.00027109,0.00009159,0.00040324,0.00005308,-0.00040616,-0.00
001046,0.00034722,0.00077303,0.00048523,0.00064977,-0.00094463,-0.00014345,0.000
31899,0.00011416,0.00007885,0.00013762,-0.00015156,-0.00009139,0.00022842,0.0000
2135,-0.00000283,-0.00001786,0.16531826,0.00326057,0.00175089,-0.00017941,0.0001
0580,0.00004417,-0.00001040,0.00082122,0.00000636,0.00020355,0.09291676,-0.12288
067,-0.06880471,-0.00025366,0.00021925,0.00023985,0.00136061,-0.00246807,-0.0016
5438,0.00003173,0.00004027,0.00025773,-0.00009779,-0.00021248,-0.00018454,-0.000
00947,-0.00000205,-0.00002381,-0.01276408,0.00481664,0.00964351,0.00018483,0.000
15900,0.00011741,-0.00017867,-0.00092710,-0.00046075,-0.00018731,0.00014572,-0.0
0056557,-0.00253685,-0.00021332,0.00086902,0.00021554,-0.00029963,-0.00028835,-0
.00001415,0.00011650,-0.00046934,0.00003395,-0.00038612,0.00047499,-0.00003059,-
0.00013036,-0.00012254,0.00053880,-0.00092392,0.00109341,-0.00000813,0.00002072,
0.00004949,0.00002284,-0.00006299,-0.00002611,0.00038156,0.00021958,0.00101236,-
0.00020803,0.00056524,-0.00014973,-0.00002390,0.00064425,0.00079295,-0.00254279,
-0.00282092,-0.00038385,-0.00040718,-0.00002396,0.00010678,0.00029548,0.00005980
,0.00015348,-0.00003076,-0.00009112,0.00001776,-0.00000955,-0.00000182,-0.000006
50,-0.10883664,0.14895647,-0.00206813,-0.00192048,-0.00171032,-0.00019105,-0.000
09534,-0.00001253,0.00018129,0.00027081,0.00009933,0.07240429,-0.07107241,-0.092
95960,0.00003664,0.00012044,-0.00007487,0.00052039,-0.00148598,0.00037211,-0.000
26212,0.00000469,-0.00027183,-0.00005554,0.00009221,0.00003550,0.00004630,0.0000
2341,0.00003088,0.02199922,-0.00661475,-0.01556156,-0.00009800,0.00000910,0.0000
3101,0.00111546,0.00079532,0.00023610,0.00051534,0.00025090,-0.00007668,0.000809
11,-0.00029312,-0.00018170,-0.00018025,0.00035687,0.00016960,0.00006443,-0.00005
048,0.00011694,-0.00078940,0.00096522,-0.00058266,0.00015202,-0.00003294,0.00001
792,-0.00010189,0.00157932,-0.00248637,-0.00003731,-0.00003103,-0.00003321,0.000
15084,0.00006750,-0.00000910,-0.00018996,-0.00003592,0.00022866,-0.00009046,0.00
012589,-0.00017890,0.00048658,0.00012697,0.00012412,-0.00059858,-0.00153461,-0.0
0029982,-0.00020341,-0.00045300,-0.00028842,-0.00000232,0.00001862,0.00005374,0.
00002105,-0.00012628,0.00007102,0.00000064,0.00000446,0.00000079,-0.08216956,0.0
7282297,0.11760615,-0.00037939,-0.00041606,-0.00003635,0.00027541,0.00009459,0.0
0011157,-0.00056511,-0.00002899,-0.00151192,-0.08207304,-0.07604507,-0.03152549,
0.00001464,0.00003921,0.00002886,0.00017081,-0.00012134,-0.00005066,-0.00003404,
-0.00001792,-0.00000605,-0.00011155,-0.00035531,-0.00037386,-0.00008896,-0.00003
800,-0.00004848,-0.00525396,-0.01376720,-0.00178943,0.00014101,0.00026512,0.0002
2646,-0.00005490,-0.00013455,0.00022782,-0.00009540,-0.00027251,0.00017998,-0.00
024813,-0.00031220,-0.00042904,0.00008288,-0.00003558,-0.00006232,-0.00007167,0.
00004655,-0.00001102,0.00005365,-0.00006133,-0.00005087,-0.00012614,-0.00022826,
-0.00012059,-0.00060592,-0.00029823,0.00013393,0.00008837,0.00005637,0.00005847,
-0.00009007,-0.00005429,0.00017860,0.00007179,-0.00013123,0.00009560,0.00008623,
0.00011675,-0.00013272,-0.00012371,-0.00003931,0.00010066,0.00005361,0.00044889,
0.00028006,-0.00015855,0.00026718,0.00017075,0.00007615,0.00006885,0.00006571,-0
.00027364,-0.00000272,0.00037687,-0.00001658,0.00000381,0.00000454,0.00808752,0.
01458344,0.00752951,0.10410155,-0.00148080,-0.00135640,0.00171585,0.00042643,0.0
0012620,0.00009376,-0.00026584,-0.00058929,-0.00030899,-0.07281438,-0.17671336,-
0.06515689,-0.00006604,0.00014307,0.00000721,-0.00020997,-0.00003691,0.00000449,
0.00002751,-0.00014785,0.00010745,-0.00000210,-0.00028022,-0.00023722,-0.0001514
9,-0.00002483,-0.00009039,-0.01032646,-0.01670820,-0.00005478,-0.00001593,0.0002
8520,0.00016811,0.00006503,-0.00053690,0.00019858,-0.00025451,-0.00030596,0.0001
5196,-0.00055551,-0.00016545,0.00031352,0.00016414,0.00004125,0.00002731,-0.0000
1542,0.00012673,-0.00007528,0.00001638,-0.00035226,-0.00022137,0.00007810,-0.000
30899,-0.00014554,0.00014330,-0.00019441,-0.00066741,0.00010895,0.00004200,0.000
05545,-0.00028258,-0.00005126,0.00013578,0.00016010,-0.00011289,0.00047332,0.000
09653,-0.00011332,-0.00060496,-0.00023439,0.00033981,0.00011896,-0.00048495,-0.0
0019301,-0.00017870,0.00046535,0.00042047,0.00032914,0.00011356,0.00005704,0.000
05808,-0.00000886,0.00016579,-0.00006745,-0.00002505,0.00001111,0.00000972,-0.00
660563,-0.01798573,-0.01021671,0.09000893,0.20575818,0.00163072,0.00205948,-0.00
111619,0.00010793,0.00005708,0.00010254,0.00007218,0.00072805,-0.00083468,-0.032
86291,-0.06327377,-0.06946185,0.00000108,0.00001382,0.00000093,-0.00014344,0.000
00721,0.00003166,0.00000594,-0.00000280,0.00010029,-0.00002077,-0.00009264,-0.00
015486,-0.00006381,-0.00004151,-0.00004908,0.00861223,0.01553975,0.00749874,0.00
015554,-0.00006977,0.00007530,0.00021849,0.00012475,-0.00017965,0.00008298,0.000
21718,-0.00020431,0.00031789,0.00014822,-0.00030038,-0.00001754,0.00011208,-0.00
005205,0.00007248,0.00002385,-0.00002404,-0.00007034,0.00001189,0.00011685,-0.00
017083,0.00014847,-0.00002297,0.00061310,0.00075992,-0.00013536,0.00001856,0.000
02732,0.00003068,0.00004718,-0.00005342,0.00014431,0.00009563,-0.00009015,-0.000
05168,-0.00017550,0.00033097,0.00008211,0.00013689,0.00015309,-0.00010440,-0.000
19157,-0.00058018,0.00014968,-0.00021151,-0.00025173,0.00010964,0.00003328,0.000
03296,0.00002727,-0.00013138,-0.00017966,0.00019498,-0.00002225,-0.00000761,-0.0
0000479,-0.00517603,-0.01510680,-0.00601686,0.04721432,0.07356764,0.08516534,-0.
00050286,0.00092186,0.00011764,0.00007249,-0.00001243,-0.00010240,-0.00021857,0.
00019449,-0.00011950,-0.00007054,0.00023601,-0.00005981,-0.00026777,0.00018962,0
.00007196,-0.00002997,-0.00137847,0.00031591,0.00040860,0.00029061,-0.00035726,-
0.00002829,0.00002677,0.00002545,0.00000838,-0.00002738,0.00006514,-0.00013436,0
.00038291,0.00008289,-0.00002531,0.00001263,-0.00001417,0.00024811,-0.00000854,0
.00030365,-0.00006283,-0.00049411,0.00042426,-0.00001923,-0.00004434,0.00028219,
0.00003318,0.00011962,0.00028401,-0.00027192,-0.00007145,-0.00060607,0.00017182,
0.00000054,0.00025688,0.00002764,0.00003294,-0.00001758,-0.00011517,0.00038018,0
.00001883,0.00005627,0.00001190,0.00003265,-0.00002854,0.00000288,0.00003299,0.0
0707800,0.00625110,-0.00455071,-0.12494989,-0.10089247,0.08676920,-0.01295796,-0
.01749359,0.01462817,-0.00512489,-0.00269982,-0.00046578,-0.00136111,0.00121167,
-0.00160722,0.00021903,-0.00001286,0.00007723,-0.00004378,0.00002848,-0.00002429
,-0.00001096,-0.00003025,0.00001605,0.00007772,0.00029048,-0.00003120,0.00001250
,0.00004691,-0.00000660,0.13918954,-0.00245311,-0.00332051,0.00503485,-0.0003666
7,-0.00029904,0.00029975,-0.00084130,-0.00045842,-0.00008398,0.00031934,0.000586
81,-0.00000773,-0.00000406,-0.00065789,-0.00078031,0.00050726,0.00034197,-0.0000
3232,-0.00074626,-0.00008676,-0.00009776,-0.00012932,-0.00026581,-0.00013622,0.0
0011460,0.00013071,-0.00007836,0.00050181,0.00046696,-0.00055891,0.00020754,0.00
018296,0.00012296,-0.00058152,0.00017948,0.00060539,0.00009503,-0.00030164,0.000
65290,0.00064350,0.00030329,0.00059334,0.00018811,-0.00031422,-0.00034124,-0.000
35624,0.00001912,-0.00011703,0.00042789,0.00021873,0.00027161,-0.00018008,0.0001
0124,0.00010238,-0.00055243,0.00085766,0.00093681,-0.00014074,-0.00000083,-0.000
12469,0.00020148,0.00016844,-0.00014334,-0.00773461,-0.01120001,0.00629448,-0.10
271472,-0.14891954,0.11188973,-0.00085866,-0.00092603,-0.00160413,0.00042864,0.0
0128380,0.00059566,0.00071243,-0.00088952,0.00227980,0.00008413,-0.00049079,-0.0
0033334,-0.00026210,0.00026035,-0.00005951,-0.00004807,0.00010595,0.00001764,0.0
0021844,0.00041784,0.00000553,0.00005820,0.00006360,-0.00001902,0.11155128,0.162
68594,-0.00190720,-0.00245109,0.00155209,0.00031683,0.00024712,-0.00017263,-0.00
004623,0.00062157,-0.00004509,0.00021505,0.00027590,-0.00007152,0.00017806,-0.00
074842,-0.00019353,-0.00005067,0.00042429,0.00032597,0.00064081,0.00096657,0.000
26974,0.00002267,0.00007841,0.00006912,-0.00015242,-0.00015002,-0.00003322,0.000
25075,0.00031363,-0.00067943,-0.00018510,0.00000784,-0.00003966,-0.00040577,0.00
013611,-0.00015295,0.00024867,-0.00063963,0.00001735,0.00028216,-0.00003196,0.00
056118,0.00014066,-0.00029193,-0.00010173,-0.00046987,-0.00013374,-0.00033601,0.
00018518,0.00000663,0.00005840,0.00014813,-0.00009081,-0.00001165,-0.00060553,0.
00052985,0.00058971,0.00000026,-0.00004403,0.00007179,-0.00027493,-0.00002231,-0
.00000435,0.01156455,0.00867433,-0.00951858,0.08615259,0.11162751,-0.11984665,-0
.00071779,-0.00245011,-0.00050624,-0.00009978,0.00296836,-0.00003312,0.00037211,
0.00567083,-0.00151199,0.00008448,-0.00064012,-0.00056943,-0.00002579,-0.0001002
2,0.00006389,0.00000162,-0.00004981,-0.00001612,0.00000035,0.00012616,-0.0001156
1,0.00002925,0.00006934,-0.00002549,-0.09560782,-0.12506645,0.12996298,0.0026087
1,-0.00422613,-0.00088223,-0.00031945,-0.00043792,0.00203941,-0.02328598,0.01009
346,0.00778813,-0.12866500,0.01230428,-0.04628886,-0.00002142,-0.00000379,0.0000
6429,0.00003858,-0.00000493,0.00008492,-0.00008840,-0.00056700,0.00023731,-0.000
72921,-0.00173720,-0.00162104,0.00003280,-0.00004216,-0.00058813,0.00916081,-0.0
0005893,0.00218070,0.00012261,0.00096297,0.00206677,0.00094415,0.00033617,-0.000
38116,-0.00050248,-0.00008382,-0.00004265,-0.00042925,-0.00124931,0.00045999,0.0
0015240,0.00018100,-0.00029058,-0.00002583,0.00003492,0.00006399,0.00014117,-0.0
0023637,0.00003436,-0.00004228,-0.00023021,-0.00013546,0.00027730,0.00219853,0.0
0411232,-0.00138141,0.00032805,0.00037653,-0.00040655,0.00119767,-0.00174537,0.0
0065432,-0.00031686,-0.00028035,-0.00018629,0.00031251,-0.00019667,0.00011700,-0
.00026295,-0.00009593,-0.00038545,0.00040903,0.00018873,0.00082723,-0.00178755,-
0.00029255,0.00019188,0.00011890,0.00019151,0.00230010,-0.01022192,-0.00089505,-
0.00045291,-0.00034334,-0.00038325,-0.01946204,0.00969628,-0.01220983,-0.0233286
7,-0.00073198,-0.02136440,0.00005466,0.00023946,-0.00004665,0.37976672,0.0023052
7,0.00147469,-0.00215658,0.00060952,0.00001266,0.00107692,-0.01109891,-0.0018817
6,0.00652653,0.03352134,-0.06972168,0.02050513,-0.00014833,0.00044645,0.00021621
,-0.00003819,0.00003785,0.00029863,-0.00001679,-0.00118623,-0.00043775,-0.000503
85,-0.00114825,-0.00087285,-0.00031011,-0.00004172,-0.00043304,0.00997032,-0.010
45940,0.01838522,-0.00069675,0.00141026,0.00077517,0.00123212,-0.00048227,-0.001
23128,-0.00045199,-0.00063243,-0.00019366,-0.00201171,-0.00089926,0.00155104,0.0
0027838,0.00009695,-0.00031797,-0.00021270,-0.00000021,-0.00038545,-0.00027075,0
.00000799,-0.00030111,0.00130430,-0.00114391,-0.00032257,-0.00069275,0.00255141,
0.00276161,-0.00063351,0.00022067,0.00017993,-0.00076860,0.00060833,-0.00101728,
0.00104656,0.00015633,-0.00036707,0.00008319,0.00098544,0.00029498,-0.00015323,0
.00024428,0.00002493,-0.00073023,0.00005682,0.00013361,0.00058368,-0.00469585,-0
.00030672,0.00018975,0.00018375,0.00031092,0.00438442,-0.00150396,-0.00261063,-0
.00019859,-0.00010945,-0.00014716,0.01779300,-0.00898350,0.01094617,-0.01324977,
0.00540557,-0.01382967,0.00006534,0.00037701,0.00016595,-0.08453034,0.39207449,-
0.00149191,-0.00199410,-0.00172389,-0.00054816,-0.00027370,-0.00050082,0.0006303
1,-0.00136434,-0.01655529,-0.06285165,0.00684673,-0.12092092,0.00007002,-0.00019
998,-0.00010088,-0.00002367,-0.00000415,-0.00011943,0.00023578,-0.00064360,-0.00
062223,-0.00049260,0.00024643,0.00040926,0.00015590,0.00010234,0.00014003,-0.015
81522,0.01959483,-0.02633108,0.00024596,-0.00039557,-0.00019856,-0.00050215,0.00
050397,0.00000879,0.00043876,0.00158421,0.00021771,0.00192381,0.00040157,-0.0025
8936,-0.00007570,-0.00010606,0.00022753,0.00034222,0.00018502,0.00031452,0.00010
836,0.00009948,0.00010792,0.00031101,-0.00015083,-0.00022520,0.00125810,0.000469
90,-0.00012135,0.00107304,-0.00024560,-0.00054248,0.00026807,-0.00077717,0.00223
877,-0.00009848,-0.00005979,0.00030541,-0.00020022,-0.00005215,-0.00013258,0.000
16661,0.00009367,0.00009464,0.00017540,-0.00023960,-0.00065610,0.00036041,-0.000
41722,0.00004061,-0.00012264,-0.00005719,-0.00009093,0.00276799,0.00338894,0.004
05117,0.00019238,0.00020603,0.00031226,0.00569925,-0.00139389,0.00571147,-0.0200
6185,-0.00089602,-0.01614283,-0.00005457,-0.00016344,-0.00005927,-0.01929023,-0.
02130380,0.50117560,-0.00007230,0.00013084,-0.00008904,-0.00006266,-0.00033089,0
.00021830,-0.00131569,-0.00609904,-0.00040037,-0.01810327,0.02214149,0.00191663,
-0.00001757,-0.00001608,0.00001637,-0.00004533,0.00006208,0.00000274,0.00010171,
-0.00000796,0.00002517,-0.00036609,-0.00054461,-0.00039603,-0.00000514,0.0001180
6,-0.00009074,-0.00001282,-0.00034807,0.00041219,0.00046419,0.00021264,0.0000775
7,0.00011950,-0.00033026,-0.00011394,-0.00011365,-0.00006714,-0.00003958,0.00027
463,0.00024370,-0.00047514,0.00005152,0.00002013,-0.00003839,-0.00001233,0.00004
169,-0.00000165,-0.00001798,0.00001429,0.00001065,-0.00009631,-0.00061458,0.0001
8762,-0.00029055,0.00007919,0.00097735,0.00012175,0.00012925,-0.00002624,-0.0001
8765,0.00033793,0.00005825,0.00008049,-0.00005928,0.00010511,-0.00008477,0.00009
155,0.00002281,-0.00005461,0.00005309,0.00001361,-0.00014202,0.00025050,-0.00006
247,0.00015826,-0.00021652,0.00010066,0.00002027,-0.00004426,0.00002954,-0.00077
732,-0.00034198,0.00075307,-0.00002751,-0.00004345,-0.00002054,-0.00388696,0.003
16760,-0.00256979,0.00086259,0.00280951,0.00116053,-0.00000512,0.00008092,0.0000
2743,-0.07640885,0.03184575,0.00647333,0.48943913,0.00005272,0.00029763,-0.00020
178,-0.00078296,-0.00013043,-0.00067147,-0.00231502,-0.00539206,0.00005407,0.007
75906,-0.01252175,-0.00096125,-0.00002696,0.00001428,-0.00007467,-0.00010322,-0.
00005938,0.00003258,0.00004878,-0.00018121,-0.00032159,0.00023581,0.00095655,0.0
0080713,0.00024911,0.00009411,0.00030571,-0.00070696,0.00025903,-0.00053142,-0.0
0017211,-0.00052039,-0.00073126,0.00041822,-0.00052724,-0.00001488,-0.00001077,-
0.00016904,-0.00008546,-0.00014096,0.00001507,-0.00007954,0.00003366,0.00001767,
-0.00007243,-0.00001277,0.00005389,-0.00001682,-0.00007433,0.00003652,-0.0000340
9,0.00009063,-0.00043539,0.00054112,-0.00030017,-0.00134884,0.00221580,-0.000114
98,-0.00022808,-0.00011696,-0.00021082,-0.00050106,-0.00099210,-0.00003591,-0.00
024526,0.00021079,-0.00003208,0.00003907,0.00005254,0.00000141,0.00011462,0.0001
0147,0.00013199,0.00026054,0.00014265,0.00009114,0.00045299,0.00048422,0.0000169
6,-0.00008731,0.00000049,0.00013089,-0.00046625,-0.00016978,0.00012625,-0.000013
98,0.00003952,0.00057053,-0.00055301,0.00113380,-0.00143293,0.00242723,-0.001170
04,0.00002260,0.00009989,-0.00007378,0.06153281,-0.16848338,-0.03383854,0.004385
21,0.41754282,0.00032997,0.00000387,0.00003744,-0.00039660,-0.00025547,-0.000142
56,0.00108454,-0.00005149,0.00211977,-0.00954198,0.01616050,0.00427461,-0.000008
42,-0.00002792,-0.00002822,-0.00000961,-0.00001480,-0.00007662,0.00017046,-0.000
02550,-0.00009234,0.00065298,0.00071421,0.00080837,0.00014143,0.00011378,0.00002
959,-0.00071640,0.00050414,-0.00057635,-0.00031214,-0.00105271,-0.00030669,-0.00
005348,0.00020446,0.00000497,-0.00002528,0.00028475,-0.00005404,0.00013171,-0.00
000396,-0.00026798,-0.00000227,0.00005380,-0.00002887,0.00002087,0.00005034,0.00
004275,0.00001430,0.00000089,0.00003989,-0.00065168,0.00104234,0.00029371,0.0004
6495,-0.00083482,-0.00038759,-0.00008223,-0.00012417,-0.00015931,0.00019446,0.00
048847,0.00002459,-0.00004327,-0.00001370,-0.00012241,-0.00004827,-0.00001931,0.
00003992,0.00002518,-0.00004253,-0.00001042,0.00007418,0.00007668,0.00011588,-0.
00019494,0.00007325,0.00000910,0.00001063,-0.00004179,0.00001282,0.00001006,-0.0
0004270,-0.00018705,0.00001966,-0.00000536,0.00000981,-0.00299144,0.00197745,-0.
00169544,-0.00012915,0.00078670,0.00063120,0.00001235,-0.00000788,-0.00002921,0.
01173769,-0.02611404,-0.08274818,0.00458642,-0.01735890,0.52787566,-0.00023636,0
.00006370,0.00013524,-0.00054696,-0.00028763,0.00005427,0.00034273,0.00067320,0.
00276116,0.00531382,0.00339029,-0.02003646,0.00000748,0.00001403,-0.00003254,-0.
00015708,0.00006527,-0.00007709,0.00051619,-0.00161392,0.00033460,0.00002297,0.0
0004973,0.00013706,0.00024783,0.00011755,0.00006326,-0.00128574,0.00055574,-0.00
284993,0.00010502,-0.00020331,-0.00012362,0.00011942,0.00005185,0.00007112,-0.00
005262,0.00030942,0.00007338,0.00041472,0.00011105,-0.00058992,-0.00000802,0.000
04806,-0.00003275,0.00005499,0.00008805,0.00006619,-0.00002665,0.00001623,-0.000
01954,-0.00030748,0.00031915,0.00024902,-0.00048020,0.00001124,0.00014841,-0.000
17189,0.00004837,-0.00004860,0.00027339,0.00037585,-0.00046040,0.00018826,-0.000
32207,0.00033073,-0.00003212,0.00000556,0.00014249,-0.00001202,0.00004979,-0.000
09486,-0.00021739,-0.00019259,0.00009552,-0.00115627,-0.00136765,-0.00025267,-0.
00002582,-0.00004139,0.00001156,-0.00085980,-0.00075233,-0.00013564,-0.00000815,
-0.00004910,-0.00006478,0.00106823,0.00010115,-0.00286810,-0.00078647,0.00015880
,-0.00171650,-0.00001006,-0.00000501,0.00002450,-0.09567934,0.00095113,0.0645826
5,-0.01041683,0.00108668,0.01777053,0.50515309,0.00074705,0.00111641,-0.00101552
,-0.00004079,0.00001450,-0.00000950,0.00064005,0.00094814,0.00250930,-0.00134271
,-0.00315009,0.00809279,-0.00004842,0.00004431,0.00003193,0.00022702,-0.00017447
,0.00022859,-0.00183452,-0.00331548,0.00025380,-0.00011949,-0.00019798,-0.000102
22,0.00004155,-0.00001351,0.00001922,0.00182149,-0.00167403,0.00226960,0.0000414
4,0.00025361,0.00003494,0.00012049,0.00011366,-0.00008968,-0.00006069,-0.0001079
0,-0.00007195,-0.00029343,-0.00011654,0.00016774,0.00002991,0.00003331,-0.000062
38,-0.00001740,-0.00001372,-0.00002137,-0.00006416,-0.00004614,-0.00001394,0.000
07856,-0.00019787,0.00004859,-0.00035960,-0.00004397,0.00020919,-0.00015117,0.00
005997,0.00008409,-0.00001439,0.00010517,-0.00027827,0.00026805,-0.00035569,0.00
013048,-0.00012017,-0.00003169,0.00021454,0.00006252,-0.00003997,0.00007319,-0.0
0013454,0.00016740,0.00015029,-0.00101450,-0.00032413,-0.00102597,-0.00001408,-0
.00003215,0.00007916,-0.00087975,-0.00060960,-0.00003568,-0.00002906,-0.00003933
,-0.00006005,0.00009691,0.00032258,0.00264522,-0.00057145,0.00015355,-0.00080885
,0.00005541,0.00003893,0.00001590,-0.00737002,-0.06742268,0.03035203,0.01306848,
-0.00539705,-0.02768280,-0.03816503,0.51184413,0.00033760,-0.00112069,0.00003880
,0.00036464,0.00006292,0.00085709,0.00064184,0.00098143,0.00008834,0.00437277,0.
00703380,-0.03039559,0.00000512,-0.00006212,0.00004344,0.00020852,-0.00002352,0.
00007682,-0.00019164,-0.00048146,0.00034161,0.00016716,-0.00022465,-0.00030311,-
0.00016264,-0.00004498,-0.00037337,-0.00253283,0.00104189,-0.00271101,-0.0001934
7,0.00005899,0.00027904,0.00016494,0.00024216,0.00009372,-0.00011870,0.00044911,
0.00006507,0.00034659,0.00023750,-0.00046190,-0.00004602,-0.00003056,-0.00001863
,0.00004888,-0.00001913,0.00001923,0.00010513,0.00003687,0.00000596,0.00027161,-
0.00014812,-0.00034950,-0.00048350,0.00019079,0.00005912,0.00012148,0.00012062,-
0.00006877,-0.00011791,0.00002597,-0.00050433,-0.00011384,-0.00028241,-0.0002695
7,-0.00003896,-0.00004661,-0.00003429,0.00000924,-0.00026359,0.00014829,0.000096
33,-0.00003381,-0.00030563,0.00024574,0.00031870,-0.00059202,0.00005668,0.000015
54,0.00003279,-0.00001297,-0.00026302,0.00011011,-0.00006307,-0.00000527,-0.0000
4213,0.00166795,-0.00074161,-0.00000704,-0.00017120,0.00011980,0.00018504,0.0000
3376,0.00003191,0.00003764,0.04576321,0.01128714,-0.18235155,0.01096450,-0.00243
217,-0.01680013,0.03406511,0.01632453,0.47066575,0.00035363,0.00016950,-0.000346
65,0.00056906,0.00031190,0.00005501,-0.00076344,-0.00094890,0.00044195,0.0017346
1,0.00135886,0.00104442,0.00001143,-0.00000455,0.00000982,0.00004269,-0.00001148
,0.00001130,-0.00005547,-0.00000270,0.00004331,0.00031042,-0.00005541,-0.0002182
4,-0.00028763,-0.00011422,-0.00018444,-0.00022451,-0.00008431,-0.00004025,-0.000
08645,0.00011827,0.00010456,0.00017674,0.00005204,-0.00000251,-0.00005656,0.0000
0600,-0.00004966,-0.00006177,0.00002576,-0.00006341,0.00004150,0.00000924,-0.000
04402,0.00001936,-0.00002229,-0.00002131,0.00003184,-0.00003224,-0.00001082,0.00
012534,-0.00027614,-0.00022083,-0.00029908,-0.00009275,0.00046983,0.00004271,0.0
0002752,0.00013267,-0.00041806,-0.00026683,-0.00030817,0.00004889,-0.00012402,-0
.00005957,-0.00008878,0.00009827,-0.00003536,0.00000109,0.00005003,0.00006684,-0
.00003700,0.00002235,0.00003219,-0.00006951,0.00008938,0.00006991,0.00005182,0.0
0004074,0.00005606,-0.00004722,-0.00012648,0.00001468,-0.00003062,-0.00001506,-0
.00000833,0.00005275,0.00001625,0.00011453,0.00034854,-0.00062400,0.00024887,0.0
0001142,0.00002685,0.00000267,0.00877799,0.00235672,-0.00149839,-0.14067232,-0.0
9516072,0.01861231,0.00210777,0.00297611,-0.00059170,0.15748201,0.00023756,0.000
20903,-0.00021553,0.00038358,0.00006171,0.00015900,0.00049621,-0.00147849,-0.000
59518,-0.00193101,0.00041830,-0.00139302,-0.00000400,0.00001657,0.00002607,-0.00
003000,-0.00001960,0.00000535,0.00000758,-0.00005842,0.00012463,0.00003298,-0.00
027738,-0.00017134,-0.00015028,-0.00003425,-0.00012067,0.00005978,0.00004714,0.0
0019807,-0.00017476,0.00038282,0.00010073,0.00011812,0.00008026,-0.00006315,-0.0
0009190,0.00003773,-0.00003157,0.00004557,0.00003974,-0.00009250,0.00003745,0.00
001808,-0.00003035,0.00001458,0.00000877,-0.00001798,0.00000574,-0.00003082,-0.0
0002630,0.00034517,-0.00045123,-0.00020243,-0.00026044,0.00041697,0.00035689,0.0
0009289,0.00005374,0.00007255,-0.00020696,0.00004914,-0.00006233,0.00012974,-0.0
0003672,-0.00011940,-0.00005666,0.00008114,-0.00001344,0.00002288,0.00001189,-0.
00001113,-0.00005916,0.00005298,-0.00003632,-0.00002134,-0.00031988,-0.00008076,
0.00007224,0.00003806,0.00006104,-0.00002526,0.00026595,0.00004179,-0.00002329,0
.00000368,-0.00000617,-0.00042290,0.00046200,-0.00000142,0.00096584,0.00053512,0
.00084420,0.00000423,0.00001075,0.00000996,-0.01054920,-0.04664321,-0.00399118,-
0.09996120,-0.14314156,0.02106427,-0.00109452,0.00077792,0.00207187,0.11687757,0
.18693247,-0.00006941,-0.00017164,-0.00004073,0.00004578,0.00004411,-0.00002100,
0.00056376,0.00004703,0.00060766,0.00098968,0.00067815,0.00064649,-0.00000341,0.
00000877,-0.00000933,-0.00002119,0.00000150,0.00000616,-0.00000692,-0.00004899,0
.00001268,-0.00013390,0.00003243,0.00008941,-0.00004503,-0.00002439,0.00000556,0
.00021822,-0.00005153,-0.00006456,-0.00020571,0.00010027,-0.00007599,-0.00012095
,0.00004619,0.00002425,0.00002670,0.00001776,0.00002055,0.00000202,0.00003955,0.
00003400,-0.00002988,-0.00002198,0.00001269,-0.00001849,-0.00000310,-0.00000365,
-0.00001611,0.00000920,-0.00000144,0.00006933,0.00016450,-0.00003368,0.00031408,
0.00034208,-0.00028007,0.00000029,0.00001114,0.00000163,-0.00001339,0.00000299,-
0.00014265,-0.00001609,-0.00000390,-0.00000342,-0.00000543,-0.00002539,-0.000019
44,-0.00000256,0.00000712,0.00001764,0.00001854,0.00000467,-0.00001520,0.0000176
8,-0.00003113,-0.00000242,-0.00000318,0.00000673,-0.00000425,0.00001388,0.000031
16,-0.00001405,0.00001201,0.00001116,-0.00000288,-0.00009474,-0.00007461,-0.0000
8616,-0.00059920,0.00006939,-0.00012530,0.00000228,0.00000165,-0.00001003,-0.002
77972,-0.00767894,-0.00067898,0.01752070,0.01991195,-0.04960820,-0.00206301,-0.0
0348838,0.00148648,-0.02219299,-0.01970706,0.05234870,-0.00043608,-0.00008897,-0
.00004430,0.00004393,-0.00000557,-0.00022658,0.00042242,-0.00154274,0.00013740,0
.00013984,0.00001784,0.00086153,0.00000748,-0.00001923,-0.00000581,-0.00000272,0
.00000750,0.00002149,-0.00002931,-0.00003113,-0.00000723,-0.00099715,-0.00077330
,-0.00035160,0.00001714,0.00003071,0.00012315,0.00024059,0.00028344,-0.00016795,
0.00016603,0.00089528,0.00012558,-0.00000552,-0.00005842,-0.00002845,-0.00001430
,-0.00002645,-0.00001156,-0.00015857,0.00019796,0.00004764,-0.00002396,-0.000051
00,0.00003378,-0.00004094,-0.00001572,0.00002120,-0.00003504,0.00000790,0.000002
44,0.00041137,-0.00171390,0.00071251,0.00023757,-0.00025856,0.00043526,-0.000079
12,-0.00002038,0.00009739,-0.00010959,0.00018240,-0.00003464,-0.00001583,-0.0000
4655,0.00000760,-0.00005028,-0.00007524,-0.00004240,0.00002515,-0.00005272,-0.00
000241,0.00001393,0.00005462,-0.00010519,0.00012608,0.00002476,-0.00006075,-0.00
002296,0.00000032,-0.00000719,-0.00002488,0.00002234,0.00012152,-0.00000002,0.00
002180,0.00002166,0.00015637,-0.00032882,0.00001318,-0.00113550,0.00009899,0.000
24468,-0.00000587,-0.00000614,-0.00000691,-0.00530162,0.00196121,0.01290136,-0.0
5852807,-0.00130916,0.05470322,-0.00131256,0.00318676,0.00177006,-0.00723891,-0.
00506991,0.02221306,0.06659508,-0.00059010,0.00101070,-0.00033920,-0.00015599,-0
.00010633,-0.00013502,-0.00141910,-0.00293966,-0.00198926,0.00001531,0.00087299,
-0.00041138,-0.00000438,0.00005747,0.00001384,-0.00011341,0.00004341,0.00003747,
0.00005309,0.00003609,0.00011304,-0.00041663,-0.00007103,-0.00006414,0.00014132,
0.00005240,0.00016814,0.00055929,-0.00013585,-0.00031784,-0.00005613,0.00015014,
0.00002734,-0.00000488,-0.00055113,0.00010621,-0.00003061,-0.00001629,-0.0000667
7,0.00014284,-0.00022623,-0.00000864,0.00001960,-0.00000936,-0.00005199,-0.00003
430,0.00009194,-0.00006563,-0.00007971,0.00003192,-0.00005637,-0.00074562,-0.001
22690,0.00089382,-0.00039524,-0.00083898,0.00130006,0.00000249,-0.00000148,-0.00
002328,0.00011369,0.00012833,0.00028135,0.00007120,-0.00006197,0.00020559,-0.000
05095,0.00007266,-0.00005679,0.00000584,0.00014215,0.00002664,-0.00009402,0.0000
1141,0.00002977,0.00013466,-0.00008136,0.00022286,0.00004536,0.00004731,0.000049
14,-0.00026519,-0.00012147,0.00006616,0.00006781,0.00002131,0.00002083,-0.000325
23,0.00014245,-0.00016413,0.00021103,0.00003556,-0.00004148,-0.00001385,0.000071
58,0.00002804,0.00812471,-0.00158443,-0.02632261,-0.00224602,-0.04104119,0.01291
632,0.00297710,-0.00426011,-0.00189445,-0.00768367,-0.00233869,0.02108346,0.0023
8600,0.05205027,0.00017549,0.00034707,-0.00017637,-0.00032913,-0.00016553,-0.000
20877,-0.00083842,-0.00279009,-0.00199468,-0.00072890,0.00066326,0.00083663,-0.0
0003210,0.00004141,-0.00000681,-0.00005327,-0.00001990,-0.00001303,0.00000211,0.
00006140,0.00000332,-0.00054094,0.00001442,0.00043691,0.00016445,0.00000828,0.00
022229,0.00002087,0.00005477,0.00011974,-0.00021253,0.00071104,-0.00039257,-0.00
016012,0.00020526,-0.00004079,-0.00000814,0.00019183,-0.00006220,-0.00011854,-0.
00001200,-0.00003798,0.00001335,-0.00002098,-0.00004920,-0.00001354,0.00002769,-
0.00003984,-0.00003051,-0.00000496,-0.00003764,0.00113192,0.00037247,0.00012895,
0.00033200,0.00070116,-0.00064247,-0.00002879,-0.00007080,-0.00001531,0.00021019
,-0.00014363,0.00022316,-0.00002172,0.00000788,0.00013839,0.00007146,0.00009932,
0.00007792,-0.00007170,0.00008801,0.00002411,0.00000404,-0.00005579,0.00018453,-
0.00008781,0.00012293,0.00010101,0.00016398,-0.00001363,0.00004517,-0.00045329,-
0.00020867,-0.00014595,0.00007915,-0.00001132,-0.00000690,-0.00020943,0.00030860
,-0.00006753,-0.00007640,0.00021919,0.00024539,0.00004294,0.00006394,-0.00002852
,0.00389642,-0.00251951,-0.01106111,0.06063729,0.00908114,-0.25740939,0.00123092
,-0.00338386,-0.00088891,0.00324611,0.00291194,-0.00612824,-0.07049684,-0.008934
30,0.29652213,-0.00025085,-0.00062943,-0.00010409,0.00031206,-0.00002556,-0.0000
4332,0.00028753,0.00236322,-0.00058172,-0.00150332,0.00295695,0.00113862,-0.0000
0884,-0.00002688,0.00002186,0.00001418,-0.00001957,-0.00003725,0.00001055,0.0000
4051,0.00008025,0.00002370,-0.00011898,0.00001714,-0.00013479,0.00000146,0.00003
433,-0.00035981,0.00020430,-0.00001771,-0.00016468,0.00017904,-0.00006872,0.0000
0540,0.00005918,-0.00005772,0.00007607,-0.00011047,0.00000211,0.00004364,0.00015
585,-0.00004283,-0.00005493,-0.00008180,0.00002388,0.00000048,-0.00004832,-0.000
01351,0.00006760,-0.00005773,0.00001451,0.00046297,-0.00022561,-0.00017900,-0.00
010991,0.00051747,0.00019327,-0.00003314,-0.00006622,-0.00001443,-0.00057853,-0.
00043459,-0.00029699,0.00006353,0.00008356,-0.00005223,-0.00000418,-0.00008658,0
.00016362,0.00004286,-0.00004089,0.00003525,-0.00009234,0.00004507,-0.00008332,0
.00010478,-0.00014076,-0.00016507,-0.00001522,-0.00005058,-0.00001072,0.00021699
,0.00021595,-0.00014896,-0.00002607,0.00003147,0.00000751,-0.00045319,0.00039494
,-0.00054609,0.00052810,0.00023105,0.00057833,-0.00002056,-0.00000926,0.00003526
,-0.01101513,0.00725580,-0.00762548,-0.17987029,0.02881308,-0.09953703,0.0001154
0,-0.00013082,-0.00019411,-0.02150499,-0.00075217,-0.01427013,0.00680543,-0.0015
7459,0.00311267,0.20687388,-0.00076850,0.00074555,-0.00035939,-0.00088746,-0.000
72565,-0.00011431,-0.00006835,-0.00422198,0.00154114,0.00396645,-0.00400141,-0.0
0199626,-0.00000815,0.00003959,-0.00002403,-0.00009043,0.00001931,0.00005063,0.0
0007386,-0.00003271,-0.00003225,-0.00015293,-0.00004308,0.00031764,0.00043336,0.
00025589,0.00027890,0.00020228,-0.00005719,-0.00013951,-0.00006645,0.00008640,-0
.00030239,-0.00005768,-0.00014547,-0.00010274,-0.00003674,0.00008144,-0.00009031
,-0.00016332,0.00017413,0.00007448,0.00002944,-0.00000435,-0.00004946,-0.0000429
7,0.00004133,-0.00002318,-0.00009525,0.00006365,-0.00005852,0.00016189,-0.000159
21,0.00023362,0.00017327,-0.00025060,-0.00001767,0.00011210,0.00003017,-0.000136
84,0.00013515,0.00064461,-0.00038548,0.00001902,-0.00004003,0.00021713,-0.000012
68,0.00007578,-0.00000805,-0.00002114,0.00013629,-0.00003984,-0.00002225,-0.0000
5361,0.00002686,0.00009542,0.00000011,0.00023634,0.00002620,-0.00002741,0.000032
87,-0.00034045,0.00007174,-0.00000642,0.00007115,0.00002317,-0.00001992,0.001378
12,-0.00072864,0.00105200,-0.00021111,-0.00007585,-0.00023202,-0.00000754,0.0000
5514,0.,0.02349252,-0.01017869,0.01532131,0.02830506,-0.04499870,0.02051493,0.00
015364,0.00035145,0.00078248,-0.01849497,0.00269770,-0.01182553,0.00158390,0.000
45077,0.00239548,-0.03877134,0.05988419,0.00004445,-0.00032461,-0.00008298,0.000
11837,0.00007378,0.00036992,-0.00009218,0.00347116,-0.00005563,0.00050521,-0.000
41903,0.00045246,0.00000985,-0.00001378,-0.00000412,0.00002937,-0.00000577,-0.00
003154,0.00002013,-0.00000808,0.00003003,0.00062971,0.00021214,-0.00035599,-0.00
008997,-0.00002138,-0.00017607,-0.00027114,-0.00008308,0.00022353,-0.00001714,-0
.00041778,0.00015372,0.00006309,0.00006892,0.00004185,0.00001752,-0.00011598,0.0
0006769,0.00011078,-0.00010031,0.00003710,-0.00004398,-0.00001487,0.00001616,0.0
0003493,-0.00004855,0.00000180,0.00006243,-0.00001858,0.00000530,-0.00027694,0.0
0003295,-0.00029243,-0.00025186,0.00008693,0.00024507,0.00011808,0.00009308,-0.0
0007433,-0.00010867,-0.00029111,-0.00033170,0.00000593,0.00001023,-0.00001777,0.
00002295,-0.00000867,0.00004534,-0.00002566,-0.00004505,0.00002451,0.00003637,-0
.00003664,-0.00005420,-0.00002770,-0.00006361,-0.00012165,-0.00005046,-0.0000271
0,-0.00002789,0.00026030,0.00029150,0.00005954,-0.00003319,0.00000955,-0.0000195
2,0.00031558,-0.00003468,0.00021209,0.00036180,0.00024195,0.00010645,-0.00001555
,-0.00001497,0.00001490,0.00564945,-0.00047501,0.00363279,-0.10481761,0.02163220
,-0.12016853,0.00088533,-0.00060524,0.00099258,0.00187162,-0.00055051,0.00230376
,-0.02370381,0.00461185,-0.02013739,0.11829811,-0.02659692,0.13342305,0.00036764
,0.00019302,-0.00009615,0.00048220,0.00018611,0.00015744,0.00086367,0.00043722,0
.00091407,0.00059566,0.00054251,-0.00052810,0.00000398,0.00000897,0.00002543,0.0
0011053,-0.00004559,0.00005078,-0.00033681,0.00000516,-0.00002105,0.00001752,-0.
00030865,-0.00033565,-0.00022414,-0.00008580,-0.00016228,0.00019344,-0.00015144,
0.00009280,0.00007933,0.00018625,0.00020286,0.00006292,0.00001279,-0.00005557,-0
.00007520,0.00001456,-0.00003311,-0.00002612,0.00003751,-0.00004590,0.00003184,0
.00001353,-0.00003198,-0.00000481,-0.00000387,-0.00002319,0.00001094,-0.00002288
,0.00000822,0.00004441,-0.00008900,-0.00009705,-0.00014197,0.00011957,0.00002722
,-0.00002799,0.00004312,0.00012068,-0.00019954,0.00004599,-0.00014175,0.00004121
,0.00007039,-0.00010632,-0.00002039,0.00009598,-0.00006028,0.00000425,0.00000077
,0.00004221,-0.00006561,-0.00001197,0.00002289,0.00016898,0.00015508,0.00000102,
0.00004016,0.00005230,0.00003546,-0.00041512,-0.00025638,0.00002301,-0.00006326,
-0.00001837,-0.00002040,-0.00001422,0.00005854,0.00008971,0.00019610,0.00000453,
0.00038826,0.00000859,0.00003312,0.00001167,-0.01589162,-0.01366508,0.01607088,0
.00036155,-0.00187282,-0.00044818,-0.11609337,-0.09770057,-0.00663280,0.00016453
,0.00138102,0.00079602,0.00023504,-0.00000457,-0.00049907,-0.00024094,-0.0001407
8,0.00006367,0.13838923,0.00038412,0.00028887,-0.00018850,0.00058313,0.00020265,
0.00020117,0.00063779,0.00027547,0.00014683,-0.00008702,0.00058328,-0.00072970,-
0.00000635,0.00001127,0.00002533,-0.00007576,-0.00007450,-0.00002002,0.00007732,
-0.00045712,0.00042250,0.00003002,-0.00030071,-0.00031001,-0.00024542,-0.0000791
1,-0.00019879,0.00014869,-0.00009856,-0.00009991,0.00000244,0.00020301,0.0002144
0,0.00006499,0.00008600,-0.00004143,-0.00002826,-0.00001651,-0.00003294,0.000027
97,0.00000839,-0.00008698,0.00003389,0.00002969,-0.00000670,0.00002204,0.0000056
7,-0.00001112,0.00001285,-0.00005818,-0.00000215,0.00014796,-0.00013365,-0.00014
505,-0.00021832,0.00026032,0.00013099,0.00001762,0.00004124,0.00010427,-0.000317
11,-0.00002273,-0.00007613,0.00026931,-0.00009230,0.00013052,-0.00005787,0.00011
574,-0.00001937,-0.00002488,0.00007719,-0.00001144,-0.00021748,0.00002545,0.0000
1437,-0.00064005,-0.00025271,-0.00022285,0.00008901,0.00005112,0.00005092,-0.000
16203,-0.00010763,0.00002139,-0.00006529,-0.00000907,-0.00001038,-0.00008059,-0.
00056365,0.00004059,0.00024800,0.00027529,0.00051712,0.00001839,-0.00000814,0.00
002614,-0.01185304,-0.00874020,0.01351077,0.00286963,0.00317858,-0.00151141,-0.0
9577986,-0.17845537,-0.00582459,-0.00042970,0.00055891,0.00035311,0.00023520,-0.
00002187,-0.00043335,-0.00011185,-0.00028318,0.00010367,0.12004017,0.20970602,-0
.00038985,-0.00001888,-0.00012843,0.00010394,0.00006136,-0.00027895,-0.00075283,
-0.00087152,-0.00116071,0.00116325,0.00052040,0.00128625,-0.00000168,-0.00002469
,0.00001040,-0.00007519,0.00002593,-0.00001269,0.00007138,0.00010416,0.00015907,
-0.00006747,0.00019557,0.00021858,-0.00008308,-0.00002702,0.00006067,-0.00027256
,0.00017199,-0.00025794,-0.00012918,0.00000368,-0.00008690,-0.00008337,-0.000102
79,0.00002554,0.00004495,-0.00005561,0.00002725,-0.00000259,0.00002127,0.0000084
4,-0.00001659,-0.00003233,0.00002589,-0.00000958,-0.00001442,0.00000471,0.000000
42,0.00001678,-0.00000175,0.00013038,-0.00005421,0.00003084,0.00022450,-0.000032
47,-0.00003938,0.00005019,-0.00008475,-0.00001677,-0.00014780,-0.00011386,0.0003
1630,0.00005048,-0.00003106,0.00013977,-0.00004033,0.00000113,0.00006186,0.00001
009,0.00006132,0.00005201,-0.00010454,-0.00001565,-0.00001982,-0.00009434,-0.000
03473,-0.00001526,0.00002837,-0.00000453,-0.00001444,0.00049187,0.00036100,-0.00
003157,0.00003542,0.00001895,0.00004571,-0.00009761,0.00007303,-0.00004252,0.000
15072,-0.00040151,0.00010814,0.00000362,-0.00001075,0.00003284,0.02604701,0.0242
1361,-0.01276834,0.00055896,0.00295950,0.00061985,-0.00304914,-0.00194805,-0.043
22890,-0.00054833,-0.00108452,-0.00013695,-0.00030529,0.00029366,0.00042994,-0.0
0028325,-0.00021089,-0.00021652,-0.00559055,-0.00208537,0.05430152,-0.00022569,0
.00002019,-0.00006777,-0.00031957,-0.00025530,0.00006979,0.00097096,-0.00001757,
-0.00005001,0.00024691,0.00047928,0.00169390,0.00000633,-0.00003672,0.00000283,0
.00004038,-0.00008065,0.00003533,0.00037603,0.00031953,-0.00002319,0.00003047,0.
00002218,0.00004708,0.00014280,0.00009834,0.00008519,0.00027813,-0.00019643,0.00
027652,-0.00001981,0.00002346,0.00000402,0.00000053,0.00010667,0.00001184,-0.000
06370,-0.00005990,0.00006230,-0.00000991,0.00004458,0.00005309,-0.00001234,0.000
00803,-0.00000963,0.00000512,-0.00001835,0.00002840,0.00002493,-0.00000919,0.000
00519,-0.00002202,-0.00002787,-0.00000562,-0.00001897,-0.00005496,-0.00011704,0.
00006464,0.00003373,-0.00009545,0.00009674,0.00024457,-0.00019757,0.00008798,-0.
00009462,0.00008514,-0.00006489,0.00000879,0.00001606,0.00005646,-0.00001926,0.0
0001991,-0.00014885,-0.00002770,-0.00001673,-0.00019552,0.00000289,-0.00018182,0
.00003302,-0.00001705,0.00001794,-0.00007648,0.00009506,-0.00011501,-0.00000484,
0.00000289,-0.00000937,0.00011786,-0.00029556,-0.00024142,0.00047101,0.00003954,
0.00048321,0.00000822,-0.00001349,0.00000979,0.00881807,-0.00068184,0.00704582,0
.00077209,-0.00053662,0.00089927,-0.17414896,0.02151798,-0.11820192,-0.00045268,
0.00005119,-0.00006462,-0.00002054,-0.00005483,0.00003895,0.00004864,0.00007903,
0.00028765,-0.01753309,-0.00061417,-0.01347885,0.19570745,-0.00020872,0.00031460
,-0.00038836,-0.00056286,-0.00017016,0.00020365,-0.00023760,0.00009237,0.0008105
1,0.00005137,0.00056737,0.00179928,-0.00001534,0.00006305,-0.00006029,-0.0001130
6,0.00007782,-0.00003441,0.00018995,-0.00159275,0.00026607,0.00012270,0.00004214
,0.00002299,0.00023566,0.00005335,0.00002342,0.00015489,0.00002335,0.00017565,-0
.00000384,-0.00016820,-0.00009470,-0.00004796,0.00003106,-0.00004969,0.00003257,
0.00001496,-0.00003569,-0.00004870,0.00010107,0.00000840,-0.00000484,-0.00000077
,-0.00001554,-0.00000182,-0.00000748,-0.00000270,-0.00005434,0.00002066,-0.00005
948,-0.00004237,0.00005774,-0.00000425,0.00004730,-0.00018331,-0.00006281,0.0000
7158,0.00007370,-0.00011076,0.00047712,-0.00003036,-0.00039904,-0.00010815,0.000
00804,-0.00000397,0.00003769,0.00003239,-0.00001525,-0.00009365,0.00009727,-0.00
006628,0.00024833,-0.00003771,0.00006737,0.00010008,-0.00002725,0.00023263,-0.00
007486,-0.00006103,0.00000465,0.00001480,0.00007616,0.00001140,0.00001943,0.0000
0326,-0.00003097,-0.00020309,0.00015791,0.00014924,0.00008974,-0.00003956,0.0004
0621,-0.00001121,0.00004041,-0.00004539,0.00330195,-0.00078420,0.00477552,-0.000
04527,0.00043722,-0.00061385,0.02068316,-0.04754640,0.01697395,-0.00033742,-0.00
014730,0.00003079,0.00002677,-0.00006235,0.00007073,0.00030429,-0.00001570,-0.00
046421,-0.02161705,0.00077552,-0.01674238,-0.02422957,0.05245972,0.00033864,-0.0
0073646,0.00047936,0.00061561,0.00038165,-0.00006729,0.00082251,0.00112995,-0.00
129585,0.00194551,0.00008713,-0.00624401,0.00001690,-0.00006258,0.00001899,0.000
01345,0.00001368,-0.00005825,-0.00003769,0.00051242,0.00049519,-0.00013056,0.000
05220,-0.00006990,-0.00031067,-0.00017147,-0.00015280,-0.00104371,0.00057599,-0.
00103392,0.00001151,0.00010934,0.00016989,0.00007318,0.00005325,0.00009592,-0.00
000349,0.00003181,0.00009501,0.00026919,-0.00011851,-0.00024256,-0.00002284,0.00
000347,0.00003975,0.00004529,0.00000780,0.00004136,0.00007794,-0.00002452,0.0000
4151,-0.00001753,0.00002134,-0.00002324,-0.00026606,0.00029281,0.00021485,-0.000
15186,-0.00006578,0.00011099,-0.00048810,-0.00037712,0.00022866,0.00013943,0.000
06040,-0.00013785,-0.00003058,-0.00002866,0.00002576,0.00000933,-0.00011481,0.00
004709,-0.00008831,0.00004184,-0.00006409,-0.00007950,-0.00013087,-0.00036642,0.
00002027,0.00003219,-0.00000218,0.00011541,-0.00026128,-0.00010426,-0.00003971,-
0.00001260,0.00001977,0.00067006,-0.00035622,0.00013504,-0.00034948,0.00015132,-
0.00016212,-0.00000085,-0.00005311,0.00001129,-0.01894484,0.00661059,-0.02917050
,-0.00063277,0.00033831,0.00024291,-0.11420989,0.01664655,-0.14338028,-0.0000850
7,0.00000999,-0.00017695,-0.00003540,0.00014583,0.00040987,0.00066915,-0.0004290
8,-0.00029749,-0.00448446,-0.00114073,-0.00062103,0.13293155,-0.02322495,0.17646
904,0.00001508,0.00067079,-0.00057705,-0.00015216,0.00009763,0.00009410,-0.00106
711,0.00035785,0.00061559,0.00095205,-0.00031192,-0.00177051,-0.00001399,0.00008
435,-0.00006192,0.00008482,0.00026281,-0.00013938,-0.00246085,-0.00336973,-0.000
67879,0.00019814,0.00005496,-0.00006749,0.00007269,-0.00003525,-0.00001498,-0.00
003216,-0.00010642,-0.00022142,0.00013066,-0.00032626,-0.00008589,-0.00000595,0.
00008051,-0.00002391,-0.00002953,0.00006557,-0.00007135,0.00001436,0.00002715,-0
.00002532,0.00003227,-0.00000780,-0.00009004,-0.00000739,-0.00000965,-0.00004007
,-0.00002887,0.00000738,-0.00006323,-0.00023920,0.00024446,-0.00000251,0.0000243
4,-0.00037472,-0.00008546,0.00003463,0.00004396,-0.00000209,0.00023301,-0.000249
44,-0.00004116,-0.00042625,-0.00010178,-0.00005772,0.00001891,0.00006949,-0.0000
3819,-0.00013978,-0.00003034,0.00003991,0.00067954,0.00006053,0.00023111,0.00021
810,-0.00061480,0.00051424,-0.00009355,-0.00001474,0.00000168,-0.00007353,-0.000
01923,0.00009946,0.00002147,-0.00000270,-0.00001996,0.00067700,0.00008113,-0.000
78545,-0.00019113,-0.00014991,-0.00009917,-0.00001073,0.00012299,-0.00005029,-0.
01041324,0.01297053,0.00745369,-0.00107939,-0.00044277,0.00356520,-0.11207604,0.
10543642,0.02829615,-0.00001908,-0.00043795,-0.00008289,-0.00014771,0.00095858,0
.00039617,0.00028246,-0.00023457,-0.00006671,0.00897901,-0.01485233,-0.00359148,
-0.01512153,0.02178835,0.00273891,0.13107672,0.00061028,0.00050201,-0.00134195,-
0.00008983,-0.00007592,-0.00002215,0.00041244,0.00001735,0.00010251,-0.00043353,
0.00047105,0.00148318,-0.00004400,0.00012120,-0.00000378,0.00049642,-0.00033898,
0.00036770,-0.00297918,-0.00244652,-0.00022570,-0.00008857,-0.00003044,-0.000004
56,0.00002777,0.00003067,0.00002586,-0.00026445,-0.00006230,-0.00006710,0.000028
28,0.00010423,0.00002731,-0.00011050,0.00019527,-0.00012882,0.00030713,0.0000217
8,-0.00012278,-0.00016553,-0.00002519,-0.00014617,-0.00003081,0.00002118,-0.0000
0440,0.00005687,0.00001038,-0.00004344,-0.00013176,-0.00000190,-0.00006214,0.000
03050,-0.00006848,-0.00000989,0.00014949,-0.00017285,-0.00011704,-0.00003279,-0.
00000049,-0.00000288,0.00008133,0.00009174,-0.00003098,-0.00017630,-0.00017928,0
.00042978,-0.00002113,0.00015812,0.00011178,0.00002158,0.00008375,0.00022494,-0.
00015880,-0.00074582,0.00035292,-0.00166683,-0.00225646,0.00010409,0.00005611,0.
00002814,0.00005912,0.00000419,-0.00007908,-0.00000513,0.00000223,-0.00000340,-0
.00000161,-0.00004899,0.00089736,0.00050123,0.00013212,-0.00023307,-0.00002985,0
.00006423,0.00004212,-0.00004938,0.00106039,0.00016938,-0.00282918,0.00071972,0.
00039283,-0.00112752,0.10739451,-0.20284881,-0.04457156,0.00027499,0.00060936,0.
00009004,0.00013118,0.00016896,-0.00004552,-0.00026441,0.00010574,0.00002148,0.0
1214702,-0.02709844,-0.00504276,0.00415062,-0.00471028,0.00001342,-0.12176668,0.
23709519,-0.00096204,-0.00117526,0.00112890,0.00005443,-0.00000070,-0.00001812,0
.00071536,0.00006830,-0.00035178,0.00171400,-0.00169512,-0.00046007,0.00004875,-
0.00010390,-0.00001986,-0.00049872,0.00046935,-0.00006288,-0.00011216,-0.0001858
3,0.00130689,-0.00014961,-0.00004535,0.00003602,-0.00006617,-0.00002362,-0.00004
586,0.00044034,-0.00008446,0.00038431,-0.00018012,0.00026856,0.00004092,-0.00010
969,-0.00021249,0.00008776,-0.00012312,-0.00015130,0.00017348,0.00010168,0.00017
943,0.00012733,-0.00005338,-0.00006599,0.00005462,-0.00006269,-0.00006453,0.0000
8254,0.00002846,0.00007663,-0.00001849,0.00031441,-0.00026231,-0.00003126,-0.000
01677,0.00047426,0.00026345,-0.00005486,-0.00002401,0.00001621,-0.00012103,0.000
05114,-0.00010190,-0.00000991,0.00011183,-0.00018292,-0.00006940,-0.00024123,0.0
0000111,0.00005093,-0.00002639,-0.00017075,0.00017994,0.00031009,-0.00037204,0.0
0049905,-0.00011181,0.00003287,-0.00009163,-0.00005003,-0.00006752,0.00016005,0.
00008176,-0.00003896,-0.00001607,0.00000094,0.00000349,-0.00118487,0.00073121,-0
.00238029,-0.00002377,0.00010218,0.00011375,-0.00007889,-0.00007887,0.00003707,0
.01671761,-0.02322576,-0.01244396,0.00299300,-0.00006028,-0.00627915,0.02552267,
-0.03989828,-0.05254300,-0.00012955,0.00053804,0.00004423,0.00100656,-0.00167391
,-0.00058433,-0.00008409,0.00017213,-0.00000830,0.00027304,-0.00279545,0.0010890
7,-0.01135802,0.01650892,0.00426757,-0.03519857,0.05214632,0.06685109,0.00170061
,0.00052952,-0.00010865,0.00348356,-0.00496626,-0.00014076,-0.00059083,-0.003312
51,0.00074769,0.00004006,-0.00001698,-0.00003464,0.00005735,-0.00005965,0.000010
01,0.00012409,0.00003664,-0.00003801,-0.00004562,-0.00000711,-0.00008164,0.00057
259,-0.00103635,0.00171078,-0.00005599,0.00023292,0.00031019,0.00018030,-0.00008
251,-0.00012019,-0.00264556,-0.00010849,-0.00236158,0.00025930,0.00026810,0.0011
3962,-0.00040745,-0.00005667,0.00011611,0.00022520,0.00014039,-0.00006363,-0.000
22940,-0.00009832,-0.00093166,-0.00005356,-0.00001037,0.00001353,0.00009679,0.00
003145,-0.00004389,0.00117340,-0.00087788,-0.00037577,-0.00067173,0.00040563,0.0
0049972,-0.07232395,0.02527556,-0.00638810,-0.00260483,-0.00009446,0.00121819,-0
.00042991,-0.00103580,-0.00008335,0.00062512,-0.00069354,-0.00041923,-0.00021217
,-0.00005227,0.00006753,0.00002006,0.00003302,-0.00005577,-0.00019966,0.00040909
,0.00020988,-0.00130462,-0.00028571,0.00131109,0.00356557,-0.01613177,-0.0003449
2,-0.01120303,0.02776345,-0.00584824,0.00003480,-0.00003347,0.00000699,0.0000404
1,0.00007516,-0.00001558,-0.00028961,0.00051139,-0.00020225,-0.00019293,-0.00005
659,0.00001390,-0.00003774,0.00004841,-0.00000249,-0.00002517,0.00000574,-0.0000
0028,0.00004915,0.00005528,-0.00000935,0.00005189,0.00003120,0.00005907,-0.00000
049,0.00006361,-0.00005075,0.00003068,0.00004254,0.00001755,0.00001929,0.0000011
2,-0.00005575,0.00000130,0.00000597,-0.00000809,0.51228152,0.00000019,-0.0008389
6,-0.00008538,-0.00219078,-0.00745832,0.01405549,-0.00208159,-0.00040886,-0.0001
5043,-0.00005944,0.00003821,-0.00003171,0.00001092,0.00003516,0.00001041,-0.0000
2292,-0.00000167,0.00000644,-0.00004152,-0.00000860,0.00004917,-0.00242800,-0.00
112476,0.00325994,-0.00146689,-0.00110351,-0.00270589,-0.00008143,-0.00001299,0.
00023787,-0.00032699,0.00076956,-0.00152133,0.00001686,0.00008581,-0.00006664,0.
00023868,-0.00013419,-0.00003106,-0.00002160,-0.00003493,0.00002935,-0.00028214,
-0.00000529,-0.00012298,0.00004797,-0.00005418,-0.00001986,0.00001166,-0.0000480
6,-0.00002383,0.00037939,-0.00024409,-0.00019472,-0.00003495,0.00046107,0.000455
04,0.03205154,-0.13293487,0.02328099,0.00299521,0.00170984,-0.00086342,-0.000273
42,0.00017228,0.00005322,0.00028447,-0.00032966,0.00008526,0.00005013,0.00000030
,-0.00004437,0.00000123,-0.00005028,-0.00004600,0.00013406,-0.00006296,-0.000154
65,-0.00001109,0.00057166,-0.00014323,-0.00475928,-0.04209332,-0.01127909,0.0057
6555,-0.00884565,0.00319001,0.00003490,0.00001466,-0.00002075,0.00002802,0.00002
752,0.00002740,0.00024917,0.00004762,-0.00004923,0.00024382,0.00016613,-0.000141
69,-0.00002562,-0.00019692,-0.00005575,-0.00002301,0.00003219,0.00006141,0.00000
760,0.00003585,0.00000859,-0.00000691,-0.00001452,0.00001161,-0.00002128,-0.0000
4595,-0.00000578,0.00003988,0.00004824,-0.00002411,-0.00001207,-0.00001546,0.000
01682,0.00000697,-0.00001069,-0.00001010,0.01725624,0.45113682,0.00024970,-0.000
01507,-0.00070169,-0.00387063,0.02078364,-0.00526455,0.00069261,-0.00024163,0.00
076011,0.00002697,-0.00004902,0.00005575,0.00000070,0.00000045,-0.00001830,0.000
00667,0.00001578,0.00005201,0.00006044,0.00000560,-0.00004020,-0.00168998,0.0002
7514,0.00227246,0.00038012,-0.00339469,-0.00137826,-0.00009448,0.00005438,0.0000
1179,-0.00103163,0.00003290,-0.00271980,-0.00006044,0.00013406,-0.00020224,-0.00
015664,0.00008181,0.00001247,0.00000576,0.00010368,0.00004390,-0.00085679,-0.000
22417,-0.00054367,-0.00004286,-0.00001210,0.00000390,0.00005128,-0.00000422,0.00
000240,0.00009422,-0.00022002,0.00009383,0.00007240,-0.00026204,-0.00023887,-0.0
1030160,0.03523437,-0.06053437,0.00201554,-0.00147009,-0.00237041,0.00080680,0.0
0003414,-0.00187549,-0.00015899,-0.00007125,-0.00012439,0.00001710,0.00000930,0.
00003016,0.00026902,0.00014041,0.00012152,0.00022302,-0.00008108,-0.00013355,0.0
0308795,-0.00011999,-0.00098610,0.00055155,-0.02332492,0.00104245,0.00011462,-0.
00133549,0.00094354,0.00001165,-0.00002076,-0.00002509,-0.00000481,-0.00000058,-
0.00002731,-0.00004441,0.00004446,0.00009953,-0.00019631,-0.00009589,-0.00001952
,-0.00002971,0.00008434,0.00004205,0.00001660,0.00001010,-0.00002045,0.00000817,
0.00000224,-0.00000897,0.00000492,0.00000178,0.00004542,-0.00002010,0.00002603,-
0.00003374,-0.00001433,-0.00001879,0.00000316,0.00000736,0.00000681,-0.00001490,
0.00000464,-0.00000426,0.00000471,0.00819513,0.02289855,0.45528396,-0.00009352,0
.00010009,0.00023262,-0.00042258,-0.00062117,-0.00013216,-0.00049469,0.00000071,
-0.00031911,-0.00001100,0.00000718,-0.00003205,-0.00004266,-0.00001354,-0.000001
15,-0.00004542,0.00001015,0.00000538,-0.00004750,-0.00001841,-0.00001079,0.00001
301,-0.00022937,-0.00028469,0.00008218,0.00096144,0.00007097,0.00011074,-0.00001
514,0.00003053,0.00045308,0.00018310,0.00050986,-0.00000373,-0.00011243,-0.00016
057,0.00010050,-0.00009907,0.00005655,-0.00001809,-0.00004867,-0.00005461,-0.000
11880,-0.00008578,0.00020459,0.00001151,-0.00002472,0.00000447,-0.00003047,-0.00
000155,-0.00002039,-0.00016481,0.00013423,0.00007994,0.00007364,0.00018835,0.000
03789,0.00255679,0.00308687,0.00369098,0.00050636,0.00027535,0.00015882,0.000364
51,-0.00033104,-0.00004014,-0.00012850,-0.00000127,0.00004877,0.00007967,0.00008
422,-0.00001457,-0.00010687,-0.00005519,-0.00002056,0.00005946,0.00012138,-0.000
09732,-0.00104053,-0.00009479,-0.00001810,0.00010035,0.00090661,-0.00008794,0.00
017067,0.00041138,0.00014354,0.00001020,-0.00002073,0.00000562,-0.00000033,-0.00
001805,0.00001634,-0.00012091,-0.00010100,0.00004162,0.00003149,0.00003818,-0.00
001891,-0.00002167,-0.00005968,-0.00001729,-0.00000702,0.00000081,0.00000530,-0.
00001184,-0.00001070,0.00000533,-0.00000746,0.00000230,-0.00002591,0.00002444,-0
.00001945,0.00002949,0.00000303,0.00000240,-0.00000054,0.00000158,-0.00000222,0.
00000650,0.00001165,-0.00000226,-0.00000763,-0.07971619,-0.02722048,-0.02908762,
0.51258452,-0.00007977,-0.00003357,0.00007641,0.00067729,0.00049373,0.00017935,-
0.00042529,-0.00034388,-0.00016936,-0.00001552,0.00000168,-0.00004801,0.00002281
,0.00002269,0.00002733,0.00000629,0.00002253,0.00004092,0.00000293,-0.00000599,0
.00000230,-0.00075575,-0.00100335,-0.00011511,-0.00045049,-0.00208047,-0.0000003
2,0.00013643,-0.00008760,-0.00006562,-0.00039158,0.00034231,-0.00066047,0.000103
07,-0.00009491,0.00002527,-0.00001867,-0.00004221,0.00001378,0.00004408,-0.00004
771,-0.00004948,-0.00004636,0.00000898,0.00001288,0.00001249,0.00001612,0.000007
43,-0.00002548,0.00001069,-0.00002299,0.00052664,-0.00031095,-0.00002861,-0.0002
0291,0.00026391,0.00025087,-0.00675752,-0.02311693,-0.01444383,-0.00012677,-0.00
032905,-0.00002326,0.00047714,-0.00003150,-0.00020237,-0.00012368,0.00004490,-0.
00024705,-0.00001407,0.00004425,0.00003769,-0.00000388,0.00004526,0.00001574,-0.
00007564,-0.00006247,0.00006615,-0.00038445,-0.00009804,0.00014600,0.00143508,-0
.00728163,-0.00061981,-0.00022842,0.00013714,0.00002489,-0.00001454,-0.00001869,
0.00000456,0.00000548,0.00001126,0.00000866,0.00013906,0.00005960,0.00012140,-0.
00003238,0.00001858,-0.00000268,-0.00000557,-0.00006942,-0.00003000,-0.00001355,
-0.00000273,0.00000672,-0.00001748,0.00000304,0.00000601,0.00002635,0.00000840,-
0.00000783,0.00002694,0.00001153,0.00000129,0.00000757,0.00001594,0.00000284,0.0
0000992,-0.00000639,-0.00000325,-0.00000710,-0.00000502,0.00000353,-0.02698770,-
0.12220034,-0.06170101,-0.01657197,0.49104173,-0.00005400,0.00002259,-0.00011706
,-0.00058209,0.00064130,0.00031801,-0.00033829,0.00006111,0.00000137,-0.00001948
,-0.00000069,-0.00003559,-0.00000557,0.00002743,0.00000181,-0.00000664,0.0000173
0,0.00003235,0.00002509,0.00001369,-0.00000156,-0.00002110,-0.00050814,-0.000807
55,0.00048661,0.00071838,-0.00010162,0.00000686,0.00000200,0.00001676,0.00063829
,0.00040294,0.00088594,0.00013689,0.00004111,0.00002267,-0.00004710,-0.00005219,
0.00001683,-0.00000173,-0.00002987,-0.00002193,0.00006824,-0.00007217,-0.0000315
5,0.00000472,-0.00001647,-0.00002154,-0.00001664,-0.00000539,-0.00002216,0.00002
113,0.00003537,-0.00004293,-0.00005130,0.00004187,0.00008781,0.00189125,0.000109
82,0.00360786,0.00030332,0.00016717,-0.00012315,-0.00015901,-0.00019274,-0.00035
857,0.00000570,0.00000939,-0.00003710,-0.00004200,0.00000275,0.00002412,0.000060
27,0.00003040,0.00003438,-0.00001811,-0.00000118,-0.00003635,0.00121552,0.000376
67,0.00048406,-0.00010279,0.00183610,0.00017769,0.00006390,0.00033529,0.00012096
,-0.00000218,-0.00001495,0.00000142,0.00000359,0.00000016,0.00000742,-0.00005865
,0.00002694,-0.00007344,0.00004910,0.00004117,-0.00000942,-0.00000185,-0.0000558
7,-0.00003403,-0.00000053,0.00000957,0.00001969,0.00000124,0.00000304,0.00000278
,-0.00001396,-0.00001080,-0.00001449,0.00002548,-0.00001792,0.00003306,0.0000052
4,0.00000598,-0.00000814,0.00000518,0.00000561,0.00001111,0.00000524,-0.00000326
,0.00000733,-0.02796279,-0.05837621,-0.12329369,-0.01234319,-0.03370517,0.507226
63,0.00030988,0.00010409,-0.00013557,-0.00019149,0.00117754,0.00053937,-0.000424
36,0.00007229,0.00014967,-0.00002186,0.00001114,-0.00003054,-0.00000404,0.000004
12,0.00000534,-0.00004293,0.00002460,0.00002229,0.00000650,0.00003049,-0.0000395
1,-0.00034063,-0.00020020,0.00008813,-0.00018104,-0.00039364,-0.00018901,0.00002
306,-0.00004116,0.00008129,0.00038848,0.00014056,0.00007862,0.00045793,0.0002613
0,-0.00003132,-0.00006965,-0.00018272,0.00005799,-0.00005132,0.00001431,-0.00004
013,-0.00082648,-0.00028663,-0.00019753,-0.00001192,-0.00001368,0.00001902,-0.00
002462,-0.00002010,-0.00001896,-0.00028585,0.00014067,0.00011123,-0.00011000,0.0
0000073,-0.00002832,0.00275463,0.00133510,-0.00500369,0.00066821,0.00016505,-0.0
0049418,-0.00027450,-0.00011080,0.00056489,-0.00003471,-0.00007240,-0.00000940,0
.00010628,-0.00002724,0.00002552,-0.00001566,-0.00002474,-0.00000504,-0.00003583
,0.00015652,-0.00008674,-0.00045601,0.00006009,-0.00005950,0.00002533,-0.0008331
5,0.00010547,0.00094115,0.00073067,-0.00114919,0.00001640,-0.00003815,-0.0000068
0,0.00000134,-0.00001641,0.00000841,-0.00009224,-0.00006849,0.00007654,0.0000417
4,0.00005128,-0.00002128,-0.00002262,-0.00005623,-0.00000795,0.00000501,0.000012
95,0.00001204,0.00000139,-0.00000594,-0.00000174,-0.00001290,-0.00000664,-0.0000
2950,0.00003401,-0.00001777,0.00003523,0.00000365,0.00000007,-0.00000949,0.00000
566,0.00000505,0.00000405,0.00002065,-0.00000735,-0.00000283,-0.08986328,-0.0104
0300,0.04707867,0.00294153,0.00070808,-0.00541187,0.50957666,0.00025084,-0.00011
370,0.00000461,0.00173123,-0.00376432,-0.00324740,0.00031286,-0.00024448,0.00053
048,0.00002173,-0.00001600,0.00000575,0.00002547,0.00000415,-0.00000197,0.000004
02,0.00000130,0.00001240,0.00003448,-0.00001851,-0.00002366,0.00075011,-0.000305
53,0.00099439,0.00047358,0.00116396,0.00157663,0.00001374,0.00000278,-0.00007319
,-0.00070093,-0.00021567,-0.00066728,0.00018620,0.00006124,-0.00005602,-0.000090
93,0.00010592,-0.00000422,0.00000971,0.00002875,-0.00001726,-0.00074036,0.000288
38,0.00001557,0.00002330,0.00001204,0.00001687,0.00001206,0.00001380,-0.00001369
,0.00014914,-0.00022278,0.00005939,-0.00005403,-0.00017308,-0.00010707,-0.008295
51,-0.01584264,0.02657326,-0.00224004,-0.00033643,0.00130620,0.00002428,0.000012
71,-0.00001189,-0.00004308,0.00005534,-0.00004609,0.00002129,-0.00001272,0.00001
795,0.00006921,0.00003325,0.00001168,-0.00007007,0.00001323,0.00000354,-0.000140
84,-0.00007924,0.00001707,-0.00008331,0.00016944,0.00147924,-0.00092663,0.001174
42,0.00031624,0.00000313,-0.00000642,-0.00000444,-0.00000494,-0.00000066,-0.0000
0611,0.00006171,0.00000124,-0.00005418,-0.00009160,-0.00003812,0.00004621,0.0000
0015,0.00000091,0.00001265,-0.00000077,0.00000170,-0.00000585,-0.00000674,0.0000
0498,-0.00000499,0.00000417,0.00000443,0.00003012,-0.00000584,0.00003472,-0.0000
1745,-0.00000946,-0.00000818,0.00000106,0.00001947,0.00000653,-0.00001401,-0.000
00472,0.00000403,-0.00000098,-0.01124967,-0.06593446,0.02247479,0.00612745,0.001
47984,-0.01852895,-0.00639491,0.51964869,0.00021792,-0.00010895,-0.00023128,-0.0
0100883,0.00129912,0.00105617,0.00039166,0.00023604,0.00024016,0.00000407,0.0000
0095,0.00007909,0.00000595,-0.00003047,-0.00002053,-0.00000377,-0.00003365,-0.00
003771,-0.00002049,-0.00002199,-0.00001104,0.00039949,-0.00002070,0.00151572,-0.
00008437,-0.00016213,-0.00037088,-0.00021360,0.00006946,0.00013507,-0.00045108,-
0.00042925,-0.00085716,0.00014978,0.00022043,-0.00018859,0.00005949,0.00004725,-
0.00002744,-0.00007458,0.00011256,0.00006243,-0.00082270,0.00007087,0.00007352,-
0.00000767,-0.00003868,0.00001079,0.00003502,-0.00002899,0.00004496,-0.00034652,
0.00009397,0.00008436,0.00021796,-0.00028410,-0.00031790,0.00288951,0.01214721,-
0.01294988,0.00098562,0.00020866,-0.00070669,-0.00035741,0.00013510,-0.00002972,
-0.00004785,-0.00010304,0.00015572,0.00005660,-0.00007404,-0.00001935,0.00003501
,-0.00002724,-0.00003259,0.00010821,0.00006397,-0.00008280,0.00011416,-0.0000479
1,-0.00023615,-0.00028491,-0.00088450,-0.00054905,0.00048016,-0.00104056,0.00044
603,0.00002128,0.00001546,-0.00001174,-0.00000572,-0.00000794,-0.00000218,0.0000
2227,-0.00005096,0.00000984,-0.00002801,-0.00004577,0.00001037,0.00000206,0.0000
7221,0.00003485,0.00001644,0.00000664,-0.00003164,0.00001154,0.00000116,-0.00000
168,-0.00001585,0.00000567,0.00004335,-0.00004312,0.00000079,-0.00003736,-0.0000
1049,-0.00001557,0.00000738,-0.00000667,-0.00000705,0.00000305,0.00000108,0.0000
0478,-0.00000767,0.04676511,0.01928187,-0.15798891,0.00771024,-0.00119628,-0.028
38454,0.02692775,0.01721005,0.46099844,0.00001438,-0.00009301,0.00007272,-0.0013
7318,-0.00077969,-0.00025069,-0.00006671,0.00013299,0.00007616,0.00000659,0.0000
0023,0.00004431,-0.00000420,-0.00001680,-0.00000948,-0.00002540,-0.00001945,-0.0
0001263,0.00000594,0.00001183,-0.00002455,-0.00009185,0.00024678,0.00023113,0.00
077686,0.00058930,0.00019932,-0.00004810,0.00004103,0.00004460,0.00009447,-0.000
11222,-0.00006854,-0.00004076,0.00006690,-0.00005234,0.00006965,0.00001562,0.000
00055,-0.00001915,0.00003421,0.00000763,-0.00007348,-0.00002805,0.00006716,0.000
00773,-0.00002144,0.00001742,0.00000205,-0.00001074,0.00000724,-0.00017368,0.000
13222,0.00003862,0.00014415,-0.00007335,-0.00010693,0.00020600,0.00028515,0.0002
6559,0.00058531,0.00017315,-0.00004960,-0.00011976,0.00000342,-0.00010057,-0.000
03058,-0.00010562,0.00007364,0.00011295,-0.00001436,0.00001947,0.00003936,-0.000
01779,-0.00002774,0.00008893,0.00007356,-0.00011069,-0.00002035,0.00012427,-0.00
017912,0.00009381,0.00004228,0.00008283,0.00040029,-0.00033232,-0.00010155,0.000
02084,0.00000810,0.00000022,-0.00000610,-0.00003186,-0.00000383,0.00002434,-0.00
010217,0.00011249,0.00000903,-0.00005297,-0.00001395,-0.00000679,0.00005551,0.00
001957,0.00001641,0.00001436,-0.00002345,-0.00001194,-0.00001910,0.00000362,-0.0
0000343,0.00001437,0.00002717,-0.00001727,0.00000208,-0.00001756,-0.00001693,-0.
00002931,-0.00000153,-0.00000423,0.00000550,-0.00000104,0.00001588,0.00000630,-0
.00001016,-0.01445182,-0.00447783,-0.00457444,-0.28493939,-0.00474538,-0.0055613
8,0.00102830,0.00062399,0.00091022,0.32970959,-0.00003939,-0.00002016,-0.0000487
2,-0.00107673,-0.00058987,-0.00023777,-0.00012207,-0.00000651,-0.00006314,-0.000
00069,0.00000515,0.00000731,-0.00000061,0.00000709,-0.00000078,0.00000174,-0.000
00133,0.00000213,0.00001643,0.00000884,-0.00000601,-0.00008769,0.00008006,0.0000
2252,0.00066577,0.00037420,0.00004313,0.00000826,0.00000672,0.00003437,0.0000725
2,0.00004184,0.00005886,-0.00004148,-0.00005382,-0.00008900,0.00002882,-0.000031
08,0.00000078,-0.00000306,-0.00000821,-0.00000436,-0.00001695,-0.00003227,0.0000
6132,0.00000444,-0.00001427,-0.00000846,-0.00000384,-0.00000592,0.00000125,-0.00
000047,0.00003169,0.00001513,0.00002381,0.00006945,0.00001140,-0.00074774,0.0007
1584,0.00003887,0.00052827,0.00028832,-0.00001918,-0.00010843,0.00005483,0.00000
199,-0.00003390,0.00000413,0.00010873,-0.00000071,0.00002721,-0.00001104,0.00000
349,0.00001198,-0.00000053,0.00003231,-0.00002566,-0.00000465,0.00013340,-0.0000
2673,0.00005210,0.00017338,-0.00012494,0.00009364,0.00024526,-0.00031575,-0.0002
4851,0.00000743,-0.00000095,-0.00000008,0.00000407,-0.00000172,0.00000078,-0.000
08563,-0.00003890,-0.00007576,0.00001462,0.00000170,-0.00001283,-0.00000422,-0.0
0000562,-0.00000043,0.00000091,0.00000480,0.00000108,-0.00000119,0.00000295,0.00
000433,-0.00000072,0.00000620,0.00000370,-0.00000586,0.00000207,-0.00000443,0.00
000215,-0.00000003,-0.00000405,-0.00000309,0.00000326,-0.00000140,0.00000724,-0.
00000157,-0.00000273,-0.02249187,-0.00226675,-0.00300398,-0.00544195,-0.04449439
,0.00069330,-0.00015739,0.00046263,0.00091652,0.00792529,0.04900795,-0.00000801,
-0.00006787,-0.00001711,0.00050978,0.00002110,0.00031400,-0.00002378,-0.00006467
,-0.00001555,-0.00000232,-0.00001002,0.00001114,0.00001804,0.00000637,0.00000012
,0.00000016,-0.00000165,0.00000717,-0.00000162,-0.00001949,0.00002127,-0.0000664
0,0.00003217,0.00001025,-0.00041346,-0.00013577,-0.00011660,0.00001868,0.0000037
2,0.00000394,0.00002057,0.00000058,0.00002706,-0.00006009,-0.00003085,-0.0000897
6,0.00002790,-0.00000900,0.00000572,-0.00000350,0.00001012,0.00001653,-0.0000427
5,-0.00002120,0.00006074,0.00000901,-0.00000852,0.00000784,-0.00000127,0.0000007
3,-0.00000179,0.00001194,0.00001028,0.00001649,0.00000507,0.00005130,-0.00002433
,0.00008432,0.00042643,0.00013852,-0.00026707,-0.00008637,-0.00008875,-0.0000551
6,0.00018993,0.00015071,0.00005280,0.00004909,0.00002271,-0.00000851,-0.00000799
,0.00000267,-0.00000565,0.00000584,0.00000959,0.00011534,-0.00001559,0.00006825,
-0.00038700,-0.00023806,-0.00008962,0.00009350,0.00001950,0.00002464,0.00002751,
-0.00011228,0.00007855,-0.00000178,-0.00000301,-0.00000197,0.00000372,0.00000024
,-0.00000208,0.00003485,-0.00000893,-0.00001255,0.00001243,0.00000335,-0.0000085
2,0.00000386,-0.00000166,-0.00000013,0.00000138,0.00000200,0.00000467,-0.0000043
3,0.00000207,0.00000036,0.00000023,0.00000622,0.00000779,-0.00000432,0.00000455,
-0.00000659,-0.00000153,0.00000012,0.00000041,0.00000227,-0.00000575,-0.00000152
,-0.00000665,-0.00000019,-0.00000167,-0.02137621,-0.00275641,-0.00306538,-0.0058
0402,0.00085167,-0.04373085,-0.00146480,-0.00010963,0.00073259,0.00765783,0.0025
3856,0.05031055,0.00010528,0.00018495,-0.00005122,-0.00039018,-0.00022734,-0.000
40169,-0.00010960,-0.00004798,-0.00005279,-0.00001297,-0.00000574,0.00000084,0.0
0001155,0.00000347,-0.00000105,0.00003407,0.00003063,-0.00000085,0.00002703,0.00
002104,-0.00002151,-0.00003688,-0.00009781,-0.00008911,0.00023315,0.00024326,0.0
0002347,0.00004622,-0.00002941,0.00000036,-0.00006864,0.00008522,-0.00001359,0.0
0000053,-0.00003269,0.00002378,-0.00000292,-0.00002938,0.00001898,0.00000396,0.0
0004191,-0.00001512,0.00000905,-0.00002268,0.00001187,-0.00000888,-0.00001099,-0
.00000523,0.00000412,0.00000949,-0.00000199,0.00011866,-0.00006521,-0.00001865,-
0.00002702,0.00010312,0.00008753,0.00016051,-0.00139362,-0.00072465,0.00017139,0
.00010939,0.00002980,-0.00000393,-0.00003242,0.00009904,-0.00007961,-0.00005235,
0.00015496,-0.00007181,0.00002726,-0.00007879,0.00003590,0.00000801,-0.00000656,
-0.00002919,-0.00004912,-0.00000190,0.00012741,-0.00012745,0.00010716,0.00019040
,-0.00041173,0.00001105,0.00012923,-0.00032464,-0.00006697,0.00000126,-0.0000023
4,0.00000472,0.00000774,0.00001213,0.00000217,-0.00016891,0.00004826,-0.00025252
,0.00002429,0.00003963,-0.00001010,0.00000364,-0.00002976,-0.00000944,-0.0000098
3,0.00000260,0.00001468,0.00000577,0.00001248,0.00000164,0.00000354,-0.00000028,
-0.00000226,0.00000296,0.00000516,0.00000117,0.00001024,0.00001306,-0.00000326,0
.00000093,0.00000153,-0.00000292,0.00000110,-0.00000092,0.00000175,0.00287722,-0
.00783570,0.00163461,-0.07352212,0.07629786,-0.02104648,0.00006913,0.00010574,0.
00015312,-0.01613491,0.03093480,-0.00958496,0.08179641,0.00030404,0.00039408,-0.
00022477,0.00086120,0.00048441,-0.00063928,0.00057595,-0.00026720,0.00014709,0.0
0007713,0.00003254,0.00002975,0.00001167,-0.00001459,-0.00002028,0.00005576,0.00
000651,-0.00003186,0.00004210,0.00000749,-0.00003820,0.00000476,0.00045745,0.000
86735,-0.00031336,-0.00026440,0.00007571,0.00010699,0.00005612,-0.00006470,-0.00
073699,-0.00029925,-0.00068861,-0.00014924,-0.00009640,0.00004344,-0.00010714,-0
.00000177,0.00004494,0.00004906,0.00002147,0.00004041,0.00000567,-0.00011376,-0.
00007618,-0.00005513,0.00003328,-0.00000806,0.00002012,0.00002945,0.00003701,0.0
0032242,-0.00015712,-0.00001132,-0.00013213,0.00002228,-0.00003647,-0.00170212,-
0.00240267,-0.00303433,-0.00062827,-0.00022495,-0.00000870,-0.00003181,0.0000771
2,0.00012984,0.00002641,-0.00000544,0.00011715,-0.00017293,-0.00004243,-0.000077
36,0.00009416,0.00003683,0.00001362,0.00006117,-0.00000742,0.00011908,-0.0001313
5,-0.00059009,0.00032274,0.00023764,-0.00172411,-0.00019558,-0.00015920,0.000077
22,0.00007621,-0.00001067,0.00003454,0.00000993,-0.00000503,0.00000826,-0.000024
23,-0.00020389,0.00024422,-0.00028426,-0.00008687,-0.00004073,0.00002317,0.00001
948,0.00007646,0.00002590,0.00002191,-0.00000537,-0.00003108,-0.00001899,-0.0000
0771,0.00000138,0.00002723,0.00002498,0.00003926,-0.00001370,0.00004218,-0.00004
388,-0.00002056,-0.00002224,0.00001144,0.00000718,0.00000438,-0.00001842,-0.0000
1472,0.00001467,0.00000155,0.00619757,-0.02517950,0.00248508,0.07618361,-0.23533
620,0.05605144,0.00009427,0.00055893,0.00075034,0.00295688,-0.00161220,0.0011724
7,-0.08763046,0.27506794,0.00001119,0.00009583,0.00000313,-0.00058419,-0.0001336
7,-0.00051497,-0.00013081,-0.00003347,-0.00007684,-0.00000437,-0.00000295,-0.000
00320,-0.00000820,-0.00001146,0.00000375,0.00000430,0.00000934,-0.00000145,-0.00
001573,-0.00000124,-0.00001319,-0.00009275,-0.00004550,0.00008804,0.00032425,0.0
0063829,0.00005434,0.00004188,-0.00001966,-0.00000381,-0.00010465,0.00003521,-0.
00017653,-0.00000314,-0.00001851,0.00003559,0.00001100,-0.00000744,0.00000835,-0
.00000452,-0.00000318,-0.00000822,-0.00000124,-0.00005437,-0.00000431,-0.0000191
2,0.00000288,0.,0.00000492,0.00000478,-0.00000512,0.00006103,-0.00003224,0.00000
393,0.00002054,0.00004847,0.00005794,-0.00097588,-0.00208029,-0.00180845,0.00017
561,0.00006795,0.00005839,0.00005526,-0.00014205,-0.00000237,0.00001191,-0.00009
745,0.00002262,0.00005485,0.00002451,0.00000128,0.00001668,0.00000033,-0.0000092
9,-0.00000966,0.00004330,-0.00005135,-0.00008735,0.00030441,-0.00013279,0.000152
97,-0.00124096,-0.00004915,0.00013707,-0.00010455,-0.00003994,0.00000402,-0.0000
0364,0.00000121,0.00000565,-0.00000052,0.00000060,-0.00014839,-0.00001626,0.0000
8397,0.00000938,0.00000996,-0.00001173,-0.00000183,-0.00000318,-0.00000819,-0.00
000700,0.00000361,0.00000471,0.00000204,0.00000309,0.00000115,0.00000765,0.00000
414,-0.00000163,0.00000690,0.00000021,-0.00000175,0.00000535,0.00000257,0.000000
26,-0.00000387,-0.00000339,-0.00000283,0.00000215,-0.00000015,0.00000026,0.00625
102,-0.01888283,0.00338663,-0.02120960,0.05589348,-0.05839315,-0.00003804,-0.000
92977,0.00046570,-0.00053657,0.00099243,0.00034401,0.02641939,-0.06312165,0.0672
1603,0.00005557,-0.00001727,0.00001544,0.00219781,0.00096915,0.00124029,0.000102
28,-0.00017881,0.00002936,-0.00000456,-0.00001371,0.00001398,0.00004214,-0.00000
314,0.00000984,0.00003739,0.00000394,0.00001654,-0.00000893,-0.00005149,0.000036
76,0.00002908,0.00003035,0.00002148,-0.00072803,-0.00123223,-0.00067955,0.000038
02,-0.00002891,-0.00002449,-0.00012312,-0.00004691,-0.00002709,-0.00003346,-0.00
000391,-0.00000280,0.00001423,0.00002880,0.00001501,-0.00001038,0.00003506,-0.00
000711,-0.00001039,0.00000056,0.00002285,0.00000980,-0.00000338,0.00002274,-0.00
000324,0.00001267,0.00000099,0.00007425,-0.00003364,0.00000174,-0.00004762,0.000
03656,-0.00002562,0.00015226,0.00022452,-0.00014541,-0.00102913,-0.00028430,-0.0
0012530,-0.00079787,-0.00003522,-0.00017929,0.00007123,0.00015540,-0.00007035,-0
.00006610,-0.00003246,-0.00000531,-0.00001067,0.00000487,-0.00000916,0.00004701,
-0.00007079,0.00011542,-0.00151088,-0.00088947,-0.00027928,0.00003516,0.00018343
,-0.00001339,-0.00015765,-0.00001163,0.00011309,-0.00000642,0.00000051,0.0000029
2,0.00000583,0.00001401,-0.00000070,0.00004962,0.00002937,-0.00003830,0.00001265
,0.00003181,0.00000219,0.00001296,-0.00001539,-0.00000280,-0.00000459,-0.0000030
1,0.00000711,0.00000251,0.00001334,-0.00000300,0.00000129,0.00000582,0.00000689,
0.00000043,0.00001093,-0.00000464,0.00000375,0.00001080,0.00000263,0.00000742,-0
.00001003,-0.00000078,-0.00001833,0.00000104,0.00000087,0.00317613,0.00213819,-0
.00740240,-0.06914732,-0.01890657,0.07175704,0.00014004,-0.00078857,-0.00086974,
-0.01643728,-0.00931546,0.03172170,0.00395128,0.00366265,-0.01009657,0.07938288,
0.00006605,-0.00009337,0.00017163,-0.00205295,-0.00345333,-0.00264730,-0.0003689
1,-0.00005584,-0.00039173,-0.00001543,0.00000032,-0.00000650,0.00001067,-0.00001
529,0.00001181,0.00000668,-0.00000575,0.00000046,-0.00005514,-0.00002667,0.00002
534,-0.00004739,0.00006968,-0.00011236,0.00123948,-0.00012536,0.00203005,-0.0000
0689,-0.00001037,0.00004909,0.00013871,0.00012731,0.00017451,0.00000066,0.000048
40,0.00000654,0.00006193,-0.00002370,-0.00000419,0.00000753,-0.00003396,-0.00001
315,0.00001516,-0.00001725,0.00002163,0.00001865,-0.00001865,0.00001184,0.000002
26,-0.00001036,-0.00000442,-0.00004102,0.00004560,-0.00000724,0.00007989,0.00003
773,0.00013057,0.00010254,0.00070577,0.00021640,0.00080349,0.00045021,0.00034098
,-0.00029424,-0.00016901,-0.00017639,0.00004903,-0.00001308,0.00000676,0.0000995
9,-0.00000558,0.00003466,-0.00000812,-0.00000345,-0.00002919,-0.00003325,0.00001
956,-0.00004509,-0.00073111,0.00059195,-0.00015703,-0.00005470,0.00001756,0.0001
2106,0.00003915,-0.00000299,0.00003889,0.00000972,-0.00000184,-0.00000027,0.0000
0917,0.00000574,0.00000797,-0.00004975,-0.00007140,0.00006632,0.00003937,0.00002
336,-0.00002892,-0.00000615,0.00000273,-0.00001398,-0.00001820,0.00000411,0.0000
0255,0.00002083,0.00001031,0.00000177,-0.00000188,0.00000090,-0.00000486,-0.0000
0064,-0.00001909,0.00000046,0.00001615,0.00001277,0.00000328,-0.00001030,-0.0000
1428,0.00001271,0.00000099,-0.00000041,-0.00000167,0.00658848,0.00378831,-0.0187
1362,-0.01936041,-0.05688335,0.05525977,-0.00104655,-0.00238359,-0.00326883,-0.0
0078884,0.00068028,0.00134570,-0.00915600,-0.01043920,0.02850541,0.02436455,0.06
692062,0.00040880,0.00007268,0.00003762,0.00019617,-0.00033718,0.00048854,-0.000
12963,-0.00045382,-0.00027803,0.00001972,0.00001862,0.00000641,0.00006098,-0.000
02017,0.00000743,0.00007107,-0.00000565,-0.00000094,0.00000683,-0.00000295,0.000
02854,0.00002286,0.00009418,-0.00008367,0.00008418,0.00116298,-0.00022350,0.0000
6105,-0.00000165,0.00000671,-0.00000517,0.00011210,0.00022504,-0.00008647,0.0000
2553,-0.00000721,-0.00001139,-0.00005060,0.00003409,0.00008053,0.00004153,0.0000
2789,0.00004860,-0.00000490,-0.00001275,0.00001199,-0.00002250,0.00002114,0.0000
2018,0.00000184,0.00002820,0.00008191,-0.00001341,-0.00005768,-0.00011809,0.0000
9978,0.00007407,0.00023760,0.00074756,0.00034781,-0.00041571,-0.00003307,0.00007
659,0.00008364,0.00025982,-0.00012046,0.00001946,0.00015174,-0.00007082,-0.00000
501,-0.00003290,-0.00000224,0.00006744,0.00006463,-0.00000755,0.00003946,-0.0001
7289,0.00016169,-0.00128094,-0.00058240,0.00063355,-0.00013236,0.00024218,0.0000
1128,0.00002473,0.00002655,-0.00006802,-0.00000337,0.00001669,0.00000768,0.00001
131,0.00002002,-0.00000422,-0.00000353,0.00007108,-0.00013099,0.00001383,-0.0000
0244,-0.00002284,0.00001823,0.00005569,0.00000222,-0.00000163,-0.00001019,-0.000
00816,0.00002057,0.00001201,0.00000201,0.00000334,0.00001226,0.00002914,-0.00002
678,0.00000904,-0.00002308,0.00000742,0.00001014,0.00001046,-0.00000294,-0.00000
835,0.00000469,-0.00001323,0.00000506,0.00000263,0.00627170,0.00148517,-0.022898
38,0.07332885,0.05474145,-0.24944252,-0.00161395,-0.00339464,-0.00353201,0.00357
784,0.00130826,-0.00197325,0.00330138,0.00597584,-0.01055606,-0.08457071,-0.0618
9656,0.28775601,0.00506047,0.00154984,0.00106486,-0.00074054,-0.00009275,-0.0012
3394,0.00118927,-0.00043743,-0.00053651,0.00041937,0.00050964,0.00010949,0.00033
831,-0.00034812,-0.00014270,0.00026019,0.00007121,-0.00013614,-0.00001051,0.0000
8925,-0.00041287,-0.00018248,0.00125685,0.00096149,0.00023098,-0.00005937,0.0003
5826,0.00095594,0.00040882,0.00028717,-0.00064664,-0.00043428,-0.00041371,-0.001
84091,-0.00051491,-0.00133206,0.00005960,-0.00009718,0.00098543,0.00033935,0.000
46968,0.00030889,-0.00025569,-0.00052641,-0.00106836,0.00001576,-0.00010615,0.00
047188,0.00024604,0.00019222,0.00019792,0.00025780,0.00012302,0.00020674,-0.0007
3157,0.00045388,0.00045069,-0.01195884,0.00495795,-0.00198986,0.00014348,0.00013
910,0.00003881,-0.00425949,-0.00025824,0.00501701,-0.00361150,0.00105610,-0.0001
1264,0.00042874,-0.00056110,-0.00051838,0.00048556,-0.00046040,-0.00060600,-0.00
033880,-0.00030612,-0.00081550,-0.00169814,0.00046665,0.00334582,0.00129809,-0.0
0273910,0.00037251,-0.00052810,0.00186532,-0.00070661,0.00016736,0.00029494,0.00
002871,0.00004603,0.00003877,-0.00004502,-0.00070064,0.00094301,-0.00014967,-0.0
0019738,0.00054390,-0.00002867,0.00000386,-0.00013147,-0.00000836,0.00003716,0.0
0004089,-0.00011471,-0.00004830,-0.00001806,0.00000160,-0.00000058,0.00004668,-0
.00006245,0.00008998,0.00003920,0.00006372,-0.00001051,-0.00001056,0.00001036,0.
00003177,0.00001908,0.00001676,0.00001204,0.00011244,-0.00002142,-0.24119891,0.0
0609781,-0.02369243,-0.01083054,-0.00249784,-0.00347233,-0.01659359,-0.00068334,
0.00318018,-0.00006767,-0.00156357,-0.00144068,0.00055106,0.00031721,0.00034576,
0.00011949,0.00015830,0.00019057,0.28329775,0.00091962,-0.00153729,0.00042008,0.
00122806,0.00065256,-0.00089782,-0.00154852,-0.00271335,0.00110428,0.00003363,0.
00009824,-0.00004333,0.00008018,0.00001480,0.00002048,-0.00000178,-0.00010448,0.
00004280,-0.00009399,-0.00004066,0.00005290,0.00056163,-0.00082684,-0.00030694,-
0.00015499,0.00006361,0.00009698,-0.00010106,-0.00001744,0.00010671,0.00031313,0
.00026810,0.00029796,-0.00052912,0.00033665,-0.00053087,0.00009141,0.00020039,-0
.00002924,0.00010635,-0.00017785,0.00003883,-0.00019856,0.00070319,-0.00079749,0
.00016732,-0.00003902,0.00012203,0.00002609,-0.00007623,-0.00001046,-0.00023607,
-0.00013015,-0.00011553,-0.00065366,-0.00046901,-0.00042609,0.02653918,-0.007260
42,0.00388201,-0.00046583,-0.00012528,-0.00001756,-0.00023151,0.00090660,-0.0005
2755,0.00055123,0.00028358,-0.00059618,0.00046229,0.00004493,0.00011610,0.000032
60,-0.00014318,0.00006541,-0.00027056,0.00003106,-0.00000799,-0.00001125,0.00140
533,-0.00001542,0.00257631,0.00019505,0.00006755,0.00149051,-0.00492729,0.001058
91,0.00003936,0.00003752,-0.00000500,0.00002357,0.00004364,-0.00000305,0.0008469
2,-0.00130433,0.00035678,0.00008574,0.00001014,-0.00002087,-0.00001404,0.0000450
5,0.00003503,0.00000346,0.00000072,-0.00000335,0.00003917,0.00002400,-0.00001684
,-0.00002302,-0.00003877,0.00004115,-0.00006348,-0.00000830,-0.00004176,0.000024
34,0.00002042,-0.00000918,0.00000357,-0.00001351,0.00000970,-0.00001747,0.000032
45,-0.00001707,0.00762425,-0.04211602,0.00164096,-0.01933448,-0.00153409,-0.0044
2616,-0.00619701,0.00090547,0.00120369,-0.00189800,-0.00225836,-0.00293354,-0.00
069188,0.00044845,0.00010700,0.00008240,0.00027308,0.00037086,-0.00977135,0.0583
3002,0.00071701,0.00026563,-0.00172357,-0.00155525,-0.00021019,0.00067134,0.0001
9263,0.00129857,0.00097042,0.00012250,0.00009831,-0.00004799,-0.00003909,-0.0000
6187,-0.00007530,-0.00010998,0.00005093,-0.00003183,0.00007402,0.00012009,-0.000
17426,0.00017251,-0.00040521,-0.00011406,0.00017912,-0.00001837,-0.00018471,0.00
013926,0.00024638,0.00003709,0.00029808,0.00005356,-0.00009668,-0.00125208,-0.00
048932,-0.00044287,-0.00035350,0.00022463,0.00013351,0.00012954,0.00005066,0.000
18725,-0.00076254,-0.00056321,-0.00279773,-0.00014545,0.00007418,-0.00000020,0.0
0016704,0.00004778,-0.00002655,-0.00028753,0.00003070,0.00011734,0.00002686,-0.0
0050517,0.00008679,-0.00976532,0.00246520,-0.00095491,0.00074404,-0.00000689,-0.
00026017,0.00163852,-0.00075677,-0.00108222,0.00024519,-0.00089735,0.00046639,0.
00023726,-0.00006782,-0.00006532,0.00009909,0.00004162,-0.00006128,0.00082584,0.
00069845,-0.00054305,0.00286117,-0.00042989,-0.00564291,0.00065565,-0.00146537,0
.00026088,-0.00047116,0.00171827,0.00003086,0.00004918,0.00000921,-0.00007890,0.
00000186,-0.00002067,-0.00003538,-0.00020068,0.00013087,0.00051449,0.00000591,0.
00007589,-0.00002688,-0.00001066,-0.00000672,0.00001891,0.00003033,0.00001909,0.
00000115,-0.00001784,-0.00002309,-0.00000799,-0.00001928,-0.00002487,-0.00000815
,0.00002445,0.00000384,0.00002990,-0.00001318,-0.00002890,-0.00001670,0.00000786
,0.00002776,-0.00001191,0.00004835,-0.00001553,0.00000996,-0.02349985,0.00137213
,-0.04288758,-0.02032972,-0.00196208,-0.00344515,0.02740322,0.00069010,-0.002524
22,-0.00158119,-0.00312834,-0.00265572,0.00019000,0.00050719,0.00061876,-0.00012
579,0.00022464,0.00020598,0.01934374,-0.00022781,0.06491062,0.00000745,-0.000106
38,0.00002765,-0.00044675,-0.00005111,-0.00003491,-0.00007562,0.00017739,-0.0000
9866,-0.00000365,0.00002256,0.00003409,0.00000868,-0.00001410,-0.00000771,-0.000
02047,-0.00002154,-0.00000710,-0.00000403,0.00001103,-0.00000629,-0.00052068,0.0
0014315,0.00030390,0.00033521,0.00010295,-0.00000527,0.00002743,-0.00000427,0.00
005314,0.00013399,-0.00015595,-0.00009363,0.00008718,0.00002301,-0.00005168,0.00
010525,-0.00007214,0.00001862,0.00001060,0.00004282,0.00001767,-0.00008781,-0.00
003331,0.00010864,0.00003069,-0.00003574,0.00002661,-0.00001295,-0.00001216,0.00
001750,-0.00013920,0.00018953,0.00005599,0.00003350,0.00011976,-0.00003808,0.000
39415,0.00045844,-0.00084672,0.00035916,0.00011243,-0.00011203,-0.00021689,0.000
07841,0.00011568,0.00001462,-0.00002768,0.00006325,0.00008860,-0.00000802,-0.000
00043,-0.00002856,-0.00002236,-0.00003401,0.00007759,0.00000237,-0.00003205,-0.0
0011083,0.00000015,-0.00012324,-0.00004078,-0.00015915,0.00006464,0.00061137,-0.
00058714,0.00018794,0.00001123,0.00000662,0.00000911,-0.00000953,-0.00003259,0.0
0000314,0.00000781,-0.00011935,0.00001537,-0.00000767,-0.00006892,0.00000445,0.0
0000444,0.00005012,0.00001199,0.00001900,0.00000597,-0.00002709,-0.00001984,-0.0
0002436,0.00000580,-0.00000741,0.00001929,0.00002086,-0.00002472,0.00000446,-0.0
0001414,-0.00001740,-0.00002678,0.00000117,-0.00000487,0.00000433,-0.00000010,0.
00001360,0.00000555,-0.00001016,-0.01869130,-0.00153312,0.00459884,0.00091133,-0
.00006340,-0.00102404,-0.27985581,-0.00030121,-0.01979590,0.00066300,0.00024574,
0.00048772,-0.00020344,0.00005043,0.00001225,0.00014029,-0.00001669,-0.00038633,
-0.00072018,-0.00079162,0.00330020,0.32515595,-0.00005293,-0.00000815,-0.0000117
5,-0.00004625,-0.00006412,0.00026676,-0.00008285,-0.00000888,-0.00002357,-0.0000
0351,0.00000951,-0.00000844,-0.00000930,0.00000306,0.00000383,0.00000099,0.00000
166,0.00000034,0.00000456,0.00000578,-0.00000284,-0.00039463,0.00004207,-0.00003
313,-0.00000098,-0.00005939,-0.00016761,0.00001820,0.00000053,0.00000431,0.00016
964,0.00003018,0.00008475,-0.00002813,0.00007455,0.00000859,-0.00003969,-0.00005
576,0.00002556,-0.00001001,-0.00000879,-0.00000168,0.00020052,-0.00021147,-0.000
01093,-0.00001353,-0.00000980,-0.00000614,-0.00000342,-0.00000663,-0.00000354,-0
.00001464,0.00005828,0.00002389,0.00000761,0.00005825,0.00002753,-0.00123868,0.0
0070057,-0.00013813,0.00012456,0.00006725,-0.00008548,-0.00001440,0.00000636,0.0
0004530,0.00000398,-0.00002426,0.00002301,0.00000140,0.00002347,-0.00000571,-0.0
0001361,-0.00000556,0.00000252,0.00000595,-0.00000185,-0.00000440,-0.00000234,0.
00000637,-0.00000530,0.00001289,-0.00024790,0.00002051,0.00021725,-0.00037106,0.
00043260,0.00000563,-0.00000164,-0.00000016,0.00000619,0.00000284,0.00000231,-0.
00005588,-0.00000405,0.00004800,0.00003654,0.00001728,-0.00001746,-0.00000077,-0
.00002122,-0.00000677,-0.00000333,0.00000215,0.00001412,0.00000129,0.00000699,0.
00000261,-0.00000193,0.00000505,-0.00000606,0.00000423,-0.00000007,0.00000685,0.
00000552,0.00000569,-0.00000594,-0.00000356,0.00000218,-0.00000291,0.00000482,-0
.00000390,-0.00000189,-0.00694825,-0.00023848,0.00044553,0.00077298,0.00022410,-
0.00039444,-0.00097049,-0.04516889,-0.00061403,-0.00006154,0.00018057,-0.0003611
8,0.00015764,-0.00013999,0.00006789,-0.00009838,-0.00010627,-0.00003695,-0.00067
521,0.00039792,0.00109716,0.00120228,0.04876161,-0.00003424,-0.00006942,0.000010
91,0.00033177,0.00000940,-0.00002359,0.00005779,-0.00000458,-0.00013212,-0.00001
024,-0.00000112,-0.00000249,0.00000167,-0.00000262,-0.00000218,0.00000084,0.0000
0313,0.00000985,-0.00001396,-0.00001619,0.00002503,-0.00013071,0.00009691,0.0000
3710,-0.00015891,-0.00004143,0.00004194,0.00000554,-0.00000078,-0.00000090,-0.00
004599,-0.00001547,0.00002359,0.00007550,0.00012074,0.00004196,-0.00008897,-0.00
007262,0.00004844,0.00000448,0.00003087,0.00002231,0.00026568,-0.00002630,-0.000
01861,0.00001696,-0.00002210,0.00000638,-0.00000535,-0.00000818,0.00000140,0.000
07342,-0.00000022,-0.00002169,-0.00007602,0.00004588,0.00004410,0.00058398,-0.00
088290,0.00074245,-0.00022601,-0.00009354,0.00009286,0.00021519,-0.00000954,-0.0
0027519,0.00005895,0.00003040,-0.00007179,-0.00000446,0.00001388,-0.00001002,-0.
00000011,0.00001991,0.00001673,0.00001749,-0.00004358,0.00003440,0.00011841,-0.0
0000464,0.00009004,-0.00018621,-0.00014279,-0.00008511,-0.00023712,0.00043601,0.
00001452,-0.00000861,-0.00000400,0.00000157,-0.00000061,0.00000295,0.00000301,0.
00001063,0.00002244,-0.00005789,-0.00000837,0.00000254,0.00000641,-0.00000022,-0
.00000484,-0.00000734,-0.00000453,-0.00000510,0.00000187,-0.00000110,-0.00000186
,0.00000015,0.00000177,0.00000274,-0.00000615,0.00001207,-0.00000469,0.00000843,
-0.00000142,0.00000206,0.00000565,0.00000289,-0.00000547,0.00000487,-0.00000813,
-0.00000111,0.00000239,0.02793200,0.00060930,-0.00092353,0.00112900,0.00060135,0
.00102740,-0.01866819,-0.00040364,-0.04453537,-0.00035540,-0.00025030,-0.0005884
7,-0.00011297,-0.00002527,-0.00007598,-0.00012460,0.00006115,0.00019514,0.002741
84,0.00101645,-0.00451167,0.01996190,-0.00027257,0.05212691,0.00040273,0.0001322
7,-0.00018906,-0.00011671,0.00006644,-0.00002691,-0.00009655,-0.00013554,0.00022
176,0.00003987,0.00000912,-0.00000494,0.00002947,-0.00001521,-0.00001177,-0.0000
0544,0.00001439,0.00000674,0.00001819,0.00000985,-0.00003119,0.00077314,-0.00045
211,-0.00037184,-0.00000972,-0.00000342,-0.00001409,0.00004167,0.00003073,-0.000
00720,-0.00002331,0.00013717,0.00006951,-0.00078226,-0.00040002,0.00004198,-0.00
003684,0.00018651,-0.00000893,0.00006251,-0.00001236,0.00001887,-0.00149503,0.00
029850,-0.00014927,-0.00001216,0.00003486,0.00001464,0.00005531,0.00002735,-0.00
002090,-0.00006833,-0.00018944,-0.00000356,-0.00000524,-0.00014541,0.00002558,0.
00028822,0.00009512,-0.00044536,-0.00001605,-0.00001313,0.00000420,-0.00008998,-
0.00008662,0.00001725,-0.00008850,-0.00004597,-0.00003546,0.00004836,0.00000561,
-0.00002613,0.00003175,0.00000380,-0.00000079,0.00005601,0.00002212,-0.00003778,
-0.00001887,0.00000553,-0.00004087,0.00008269,-0.00001629,0.00050542,-0.00023647
,-0.00006032,-0.00019783,0.00000969,0.00000266,-0.00001880,0.00000793,0.00001657
,-0.00001343,0.00000872,0.00000550,0.00003238,0.00000405,0.00003390,-0.00000305,
0.00001032,0.00000721,0.00000880,0.00000040,0.00000201,0.00000209,0.00000950,0.0
0000882,-0.00000667,0.00000285,-0.00001302,-0.00000113,-0.00000861,0.00000883,-0
.00000873,0.00000559,0.00000570,-0.00000312,0.00000161,0.00000295,-0.00000724,0.
00000013,-0.00000112,0.00000439,0.00333014,0.00779102,0.00792918,-0.00023469,-0.
00048324,0.00210201,-0.06287957,-0.04404809,-0.04504977,0.00012567,0.00000319,0.
00013603,-0.00008030,-0.00004737,-0.00003235,0.00035913,0.00036261,0.00049369,0.
00037017,0.00037884,0.00029981,-0.01357087,-0.02398373,-0.02304211,0.07134391,-0
.00023609,-0.00021859,0.00006160,-0.00031528,-0.00018501,0.00008788,-0.00024643,
0.00008875,-0.00038714,-0.00004343,0.00002052,-0.00002197,0.00001612,0.00000906,
0.00000232,-0.00001040,0.00001236,0.00003374,-0.00001472,0.00001462,0.00001277,-
0.00031420,-0.00092436,-0.00052237,0.00003846,0.00011798,-0.00007362,0.00003799,
-0.00011500,0.00008301,0.00035986,0.00012799,0.00024642,0.00010663,-0.00007551,-
0.00007740,0.00002253,-0.00014177,0.00003206,0.00000535,0.00001135,-0.00000202,0
.00051266,0.00047951,-0.00001849,0.00004468,-0.00004135,0.00001326,-0.00003855,-
0.00001899,-0.00000054,-0.00024538,0.00008584,0.00003276,-0.00019483,0.00021277,
0.00010694,-0.00020694,0.00007807,0.00018554,0.00025016,0.00010813,0.00013094,0.
00008351,-0.00000252,-0.00003158,0.00006276,0.00006168,-0.00004422,0.00003122,0.
00006485,-0.00003570,-0.00007843,-0.00000797,0.00004734,0.00004583,-0.00006948,0
.00005651,-0.00006301,-0.00001646,-0.00000261,-0.00015476,-0.00000028,0.00162134
,0.00000174,0.00006909,-0.00006087,-0.00000839,-0.00002407,0.00000936,-0.0000003
9,-0.00000603,0.00001201,-0.00003785,-0.00009532,-0.00004969,0.00002625,0.000012
26,-0.00000162,-0.00000759,-0.00002876,-0.00000814,0.00000585,-0.00000120,0.0000
0814,-0.00000010,-0.00000474,-0.00000019,-0.00001557,-0.00000660,-0.00002461,0.0
0002588,-0.00001730,0.00003385,0.00000601,0.00000864,-0.00000269,-0.00000204,-0.
00000073,0.00000637,0.00000337,-0.00000480,-0.00000410,0.00175307,0.00348021,0.0
0159286,0.00011372,0.00042351,0.00031826,-0.04444955,-0.15306625,-0.10856351,0.0
0021264,-0.00000296,0.00015740,-0.00013749,0.00024470,0.00015332,-0.00000065,0.0
0020137,0.00009851,0.00023707,0.00002255,-0.00013986,-0.00175927,-0.00098158,-0.
00132117,0.05230084,0.17755767,-0.00061151,-0.00001829,0.00001045,-0.00042959,-0
.00048615,-0.00063907,0.00016790,0.00019394,-0.00078917,-0.00004740,-0.00001913,
0.00000163,-0.00001898,0.00002297,0.00001289,-0.00001712,0.00001665,0.00002832,-
0.00001910,-0.00001069,0.00004297,-0.00013396,0.00124883,-0.00011795,0.00028917,
0.00037191,0.00054027,0.00013806,-0.00007167,-0.00001588,-0.00015044,0.00004164,
0.00034463,0.00001351,-0.00015461,-0.00015832,0.00007164,-0.00014504,-0.00001111
,-0.00008372,0.00000172,0.00002398,0.00039662,-0.00020764,0.00060275,-0.00000988
,0.00002407,-0.00001475,-0.00006590,0.00000344,-0.00000785,0.00056684,-0.0000125
9,-0.00005073,-0.00003591,0.00037162,0.00024090,-0.00036564,-0.00092478,0.000765
39,0.00017840,0.00013854,0.00032563,0.00017428,0.00003652,0.00005536,0.00013898,
0.00008074,-0.00000939,-0.00005989,0.00006229,-0.00000628,-0.00012774,0.00000015
,0.00002687,0.00009519,-0.00005668,0.00011212,-0.00013201,-0.00007135,0.00001641
,0.00045388,-0.00014087,-0.00015797,-0.00019293,0.00007156,-0.00019786,-0.000028
62,-0.00001826,0.00001304,-0.00000558,-0.00000951,0.00000482,0.00002122,-0.00003
186,-0.00006793,-0.00011126,-0.00000859,0.00003010,-0.00002057,-0.00006822,-0.00
002427,-0.00001426,-0.00001184,-0.00000297,-0.00003787,-0.00001688,0.00001067,0.
00002417,0.00001690,-0.00001817,0.00004122,-0.00000077,0.00001107,-0.00001104,-0
.00000606,0.00000931,0.00000417,-0.00000552,0.00000057,-0.00001173,-0.00000346,0
.00000398,-0.00620896,-0.01799210,-0.02342459,0.00282418,0.00124807,-0.00626665,
-0.04573556,-0.10906097,-0.14957756,0.00038747,0.00024828,0.00024468,-0.00000268
,0.00029299,0.00008623,-0.00030604,-0.00131312,-0.00129620,-0.00033858,-0.000288
74,0.00059717,-0.00377901,-0.00419761,-0.00299571,0.05162052,0.12681994,0.175752
93,0.00023363,0.00026514,-0.00018013,0.00026034,-0.00045236,-0.00021288,-0.00002
270,-0.00004067,0.00010336,0.00001086,-0.00000491,-0.00000883,-0.00000160,-0.000
01391,-0.00000295,0.00001078,0.00003614,-0.00000166,0.00002749,0.00001477,-0.000
02449,-0.00001719,0.00002014,-0.00016881,0.00001715,0.00009429,0.00006098,0.0000
8006,0.00005086,-0.00003031,0.00000589,0.00003358,0.00003132,-0.00012012,-0.0000
0882,0.00004711,-0.00008204,-0.00001141,0.00004378,0.00001706,0.00003224,0.00000
617,-0.00002387,-0.00032686,-0.00007254,-0.00006520,0.00001478,-0.00001303,0.000
03203,0.00001818,-0.00001324,0.00004769,-0.00003455,0.00001029,0.00000561,0.0000
1759,0.00004581,-0.00030585,-0.00110278,0.00218981,-0.00017351,0.00004986,0.0000
2116,0.00000598,-0.00007862,0.00006555,-0.00006196,-0.00013114,0.00004958,-0.000
02028,0.00000171,-0.00004359,0.00004583,0.00002721,-0.00002447,0.00004717,0.0000
4216,-0.00005067,0.00000388,-0.00001640,-0.00001262,0.00010628,0.00026748,0.0002
5764,0.00012557,-0.00006999,0.00002016,0.00000484,-0.00000743,-0.00001080,0.0000
1244,0.00001279,-0.00000642,-0.00011027,0.00008678,0.00007585,0.00004157,0.00004
797,-0.00001691,0.00000652,-0.00002279,-0.00000620,-0.00000888,0.00000194,0.0000
1886,0.00000461,0.00001217,-0.00000058,0.00000455,0.00000263,-0.00000379,0.00000
329,0.00000902,-0.00000024,0.00000770,0.00000809,-0.00000594,0.00000188,0.000003
03,-0.00000668,0.00000287,-0.00000641,0.00000560,0.00327308,-0.01014990,0.004352
38,0.00013909,-0.00012982,-0.00027694,-0.06702724,0.06600181,-0.02254873,-0.0002
3246,0.00020995,-0.00006017,0.00027084,-0.00008314,-0.00003437,-0.00010130,-0.00
009707,0.00001776,0.00049336,-0.00069190,0.00026849,-0.01487154,0.03161451,-0.01
004560,0.00316669,-0.00839036,0.00190408,0.07469493,0.00025521,0.00040561,-0.000
22330,0.00054215,-0.00017428,-0.00123643,0.00049562,-0.00020105,0.00013779,0.000
07234,0.00003219,0.00001393,-0.00001237,-0.00000827,-0.00001091,0.00003252,-0.00
000292,-0.00003272,0.00002334,0.00000987,-0.00004332,0.00030866,0.00062964,0.000
33617,0.00007412,0.00017200,0.00048690,0.00013560,0.00004618,-0.00010201,-0.0004
1344,-0.00016377,-0.00021551,-0.00025758,-0.00011244,0.00010713,-0.00003074,0.00
009495,-0.00001194,0.00002153,-0.00004698,0.00003884,-0.00040029,-0.00052022,-0.
00012658,-0.00008996,0.00008389,-0.00001919,0.00002765,0.00003491,0.00002296,0.0
0028393,-0.00011487,-0.00000187,0.00001472,-0.00001506,-0.00003010,-0.00117638,-
0.00086624,0.00285355,-0.00072503,-0.00022645,0.00032645,-0.00003048,-0.00008658
,0.00011164,-0.00003734,-0.00011092,0.00002371,-0.00010743,-0.00003447,-0.000005
75,0.00006423,-0.00000019,-0.00000412,0.00000847,0.00004129,0.00002872,0.0000343
4,-0.00008050,0.00004221,0.00014732,0.00009191,0.00019890,-0.00039456,0.00027730
,-0.00011308,-0.00000631,0.00003866,0.00000527,-0.00000556,0.00000739,-0.0000228
8,-0.00007516,0.00019903,-0.00000163,-0.00010467,-0.00004144,0.00002881,0.000020
61,0.00005376,0.00001359,0.00000880,-0.00000781,-0.00002411,-0.00001917,-0.00000
763,0.00000189,0.00002447,0.00001618,0.00002734,-0.00001512,0.00003577,-0.000036
31,-0.00001673,-0.00001924,0.00000841,0.00000285,0.00000527,-0.00001854,-0.00001
020,0.00001247,0.00000377,0.00119916,-0.00899502,0.00582390,0.00017973,0.0006859
4,-0.00093290,0.06659661,-0.23833354,0.06257132,0.00006629,-0.00012090,0.0001152
9,-0.00005379,0.00047661,-0.00002784,0.00003603,-0.00002608,-0.00026976,-0.00004
041,0.00006684,-0.00022286,0.00305525,-0.00255706,0.00078225,0.00751389,-0.02676
384,0.00423297,-0.07705973,0.27623865,-0.00021886,-0.00024446,0.00012937,-0.0006
6981,0.00101209,0.00126814,-0.00031470,0.00013220,-0.00018887,-0.00004548,-0.000
01775,-0.00001367,-0.00000540,0.00000725,0.00001538,-0.00002935,-0.00000773,0.00
001553,-0.00003117,-0.00001270,0.00003968,-0.00014519,0.00003203,-0.00042253,-0.
00012097,-0.00037259,-0.00049228,-0.00003861,-0.00000581,0.00002554,0.00044634,0
.00016038,0.00032371,0.00004714,0.00007542,-0.00008641,0.00008813,-0.00002253,-0
.00002970,-0.00003895,-0.00001231,0.00000427,-0.00001838,-0.00008887,0.00019803,
0.00001407,-0.00000654,0.00001710,-0.00001252,-0.00001168,-0.00001813,-0.0001886
3,0.00014214,0.00001669,0.00015150,0.00001261,0.00003456,0.00216667,0.00245561,-
0.00583357,0.00081506,0.00014152,-0.00037828,-0.00000530,0.00004713,-0.00006796,
0.00004552,0.00008212,-0.00006597,0.00006435,0.00001402,0.00003702,-0.00007949,-
0.00002966,-0.00000433,0.00001531,-0.00002097,-0.00002218,-0.00002463,0.00010314
,-0.00003844,-0.00008579,-0.00058333,-0.00001770,0.00017816,-0.00032045,0.000002
80,0.00000188,-0.00001225,-0.00000380,0.00000455,-0.00000242,0.00001004,0.000164
68,-0.00009951,0.00008135,0.00004366,0.00002651,-0.00002305,-0.00001275,-0.00004
382,-0.00001274,-0.00001516,0.00000048,0.00002119,0.00000803,0.00000505,0.000001
07,-0.00000759,-0.00000971,-0.00001789,0.00000473,-0.00002550,0.00001624,0.00000
908,0.00001193,-0.00000369,-0.00000607,-0.00000678,0.00001164,0.00000088,-0.0000
0724,0.00000009,-0.00633902,0.02530006,-0.01213976,-0.00017280,0.00086420,0.0005
8680,-0.02278993,0.06337827,-0.06259661,-0.00011297,0.00001792,-0.00012140,0.000
30067,-0.00067810,-0.00059155,-0.00003867,-0.00007450,0.00031287,-0.00046685,0.0
0007834,0.00066992,-0.00281475,0.00397603,-0.00040243,0.00611649,-0.02055163,0.0
0566845,0.02432457,-0.07472889,0.07398072,-0.00040030,0.00028166,-0.00032850,-0.
00063995,-0.00021806,-0.00053769,-0.00045096,0.00022374,-0.00091833,0.00007177,0
.00003459,0.00001570,-0.00002512,0.00001632,-0.00000891,-0.00001656,-0.00000419,
0.00002018,-0.00000012,0.00002014,-0.00003791,-0.17453212,0.02310536,0.02705936,
0.00054315,0.00013797,0.00054329,0.00034483,-0.00013151,-0.00005685,-0.04504637,
-0.00106435,-0.00306577,0.00016326,-0.00049599,0.00003749,0.00002659,-0.00008608
,0.00002174,0.00004496,-0.00005194,-0.00003182,-0.00005508,-0.00000075,0.0000620
0,-0.00003456,0.00005383,0.00000278,-0.00006494,0.00002628,0.00000319,0.00223322
,-0.00354035,-0.00184277,-0.00135967,0.00169364,0.00151450,0.00036915,-0.0007021
4,-0.00099477,0.00055686,0.00020941,0.00027163,0.00007131,-0.00002673,0.00013017
,0.00003416,0.00002636,-0.00001008,-0.00003436,0.00008278,0.00002335,-0.00003859
,-0.00001327,0.00005827,0.00009516,0.00004038,0.00011541,-0.00005633,-0.00003577
,-0.00005880,-0.01890920,0.01356227,0.01465557,0.00062088,0.00012492,0.00022710,
-0.00001972,-0.00000459,0.00002728,-0.00001748,-0.00002037,-0.00002366,-0.000009
59,-0.00001711,0.00000722,-0.00015123,-0.00008804,-0.00006439,-0.00001043,0.0000
8986,-0.00005217,0.00002048,-0.00000668,-0.00009022,-0.00007491,-0.00006222,0.00
004374,0.00006670,0.00012434,0.00003947,-0.00000943,0.00004967,0.00000033,-0.000
07667,-0.00007817,0.00004184,-0.00000582,0.00001636,0.00000069,-0.00000593,0.000
00883,0.00000703,0.00017346,-0.00006381,0.00052768,-0.00007820,-0.00003659,-0.00
013441,-0.00023122,-0.00013702,-0.00002980,0.00008801,0.00005075,0.00003100,-0.0
0000567,0.00010178,0.00001668,0.00000492,-0.00000191,-0.00002821,0.00014925,-0.0
0012602,0.00001491,0.00008975,0.00005904,-0.00004967,-0.00000667,0.00018081,0.00
001223,0.00001951,0.00014474,-0.00000743,0.45983065,-0.00019483,0.00001746,-0.00
001204,-0.00014248,-0.00031274,0.00100089,-0.00309862,0.00138004,-0.00165979,0.0
0004446,0.00012826,-0.00003900,0.00001335,-0.00000004,0.00001744,0.00002489,0.00
000503,-0.00000005,-0.00000498,0.00001798,0.00000186,0.02863344,-0.06934987,-0.0
0494139,0.00012405,0.00006706,-0.00017234,0.00002133,0.00001352,0.00004851,-0.01
580090,0.00655294,-0.00141797,0.00012391,-0.00013832,0.00014403,0.00004023,-0.00
008559,0.00002344,0.00001446,0.00002128,-0.00002818,-0.00002437,0.00000003,-0.00
000584,0.00001994,-0.00001962,-0.00000589,0.00000393,-0.00000027,-0.00000137,0.0
0180773,-0.00055781,-0.00348956,-0.00116065,0.00085859,0.00115084,-0.00024892,-0
.00059429,0.00170668,0.00021141,0.00015504,-0.00004927,0.00005622,-0.00004003,-0
.00006143,-0.00003098,-0.00002765,-0.00006688,0.00001652,0.00001435,-0.00000055,
-0.00002673,-0.00000376,-0.00004122,-0.00000180,-0.00009711,-0.00000482,0.000007
19,0.00003325,0.00003823,0.02630098,-0.00369369,-0.01757899,0.00052073,-0.000339
88,-0.00050465,0.00002959,0.00001659,0.00001140,0.00005488,0.00001109,0.00003983
,-0.00000639,-0.00001089,0.00000181,0.00072816,0.00006107,0.00013952,0.00013437,
-0.00007820,-0.00000796,0.00002240,0.00003828,0.00006546,0.00000133,0.00002060,-
0.00000585,0.00008041,0.00000204,-0.00003675,-0.00000587,-0.00003420,-0.00004178
,0.00004879,0.00004104,-0.00003641,-0.00001885,-0.00000912,-0.00000686,0.0000082
6,0.00000124,-0.00000910,0.00010459,0.00014060,0.00029216,0.00002392,0.00012438,
0.00000364,-0.00001107,0.00027837,0.00022531,-0.00001095,-0.00000020,-0.00000521
,0.00001197,-0.00000317,-0.00000806,-0.00000673,-0.00001978,0.00000569,-0.000036
89,-0.00008370,-0.00002331,0.00003226,-0.00006354,-0.00002335,0.00016810,-0.0005
0063,-0.00014032,0.00000494,-0.00002939,-0.00006961,0.01465477,0.50637629,0.0000
2661,-0.00016187,-0.00042089,0.00046815,0.00022775,0.00017620,0.00083110,-0.0024
7856,0.00046799,-0.00004992,-0.00006877,0.00000268,0.00001153,-0.00000470,-0.000
00204,0.00000766,0.00000010,0.00000992,-0.00001251,-0.00000381,0.00002433,0.0324
0090,-0.00392599,-0.06903051,-0.00030898,-0.00009702,-0.00013296,0.00004900,-0.0
0033115,0.00003489,-0.01960666,-0.00052525,0.00541727,0.00029355,-0.00020004,0.0
0001648,-0.00010455,-0.00005245,-0.00000406,0.00006284,0.00006489,-0.00005566,0.
00006331,-0.00002900,-0.00003933,0.00002550,-0.00001278,-0.00000067,0.00001936,-
0.00002241,-0.00000947,0.00030538,-0.00404375,0.00021264,-0.00086791,0.00147938,
0.00122493,0.00027569,0.00202448,-0.00025036,-0.00021343,0.00007214,-0.00005121,
0.00006755,-0.00011368,0.00005403,-0.00006536,0.00004921,-0.00006756,0.00002535,
0.00001018,0.00006635,0.00001436,0.00003054,-0.00001458,0.00003788,-0.00004452,0
.00011784,0.00002963,0.00004283,0.00007774,0.02702790,-0.01631067,-0.01007139,0.
00056054,-0.00079881,-0.00047683,-0.00001249,-0.00000114,-0.00001831,0.00001172,
0.00003318,-0.00001565,0.00001158,0.00002339,-0.00001121,-0.00076871,-0.00008245
,-0.00007350,-0.00004798,-0.00003332,-0.00003167,-0.00004051,-0.00000572,0.00000
410,0.00001441,0.00003549,0.00001647,0.00001566,0.00000411,-0.00000718,0.0000184
9,-0.00001162,0.00001606,0.00001191,0.00001350,0.00001446,0.00000838,-0.00000985
,-0.00000941,-0.00000700,-0.00000600,0.00000695,0.00028796,0.00022307,-0.0003188
8,-0.00005276,0.00000189,0.00009514,-0.00010905,-0.00009408,-0.00020634,-0.00001
655,-0.00002175,-0.00000393,-0.00001074,-0.00005126,-0.00001755,0.00001238,0.000
00499,0.00003985,-0.00015100,-0.00010605,0.00002351,0.00002656,0.00005209,0.0000
2449,0.00001938,0.00001846,-0.00000478,0.00005013,-0.00002764,0.00005679,0.01860
066,0.01890892,0.51163834,0.00010340,-0.00008145,-0.00009017,-0.00002765,0.00039
432,-0.00005144,-0.00033468,-0.00025997,0.00010770,0.00001566,-0.00003455,0.0000
2076,0.00000429,-0.00000654,-0.00000855,-0.00000310,-0.00000410,0.00000049,-0.00
000849,0.00000210,-0.00001059,-0.02068603,0.01276524,-0.02116804,0.00014411,-0.0
0010236,0.00007688,0.00007653,-0.00008716,0.00001161,-0.00477936,0.00068231,0.00
103579,0.00005559,-0.00003542,0.00000650,-0.00002154,-0.00003514,0.00002299,0.00
004959,0.00001059,-0.00000913,-0.00000961,-0.00005501,-0.00000017,0.00001216,-0.
00001249,0.00000705,0.00001101,-0.00001115,0.00000018,-0.00086466,-0.00086344,0.
00021856,0.00000316,0.00022404,0.00018025,0.00013087,0.00044664,0.00005837,0.000
04050,-0.00023045,0.00003585,-0.00000858,-0.00003627,0.00002962,-0.00000229,0.00
001599,-0.00001053,0.00001275,0.00001269,0.00002330,0.00000773,0.00000144,0.0000
0684,0.00002796,0.00002099,0.00003793,-0.00000409,0.00000956,0.00000305,0.000413
63,-0.00269411,-0.00127868,0.00047023,0.00037009,0.00014095,0.00001053,-0.000008
33,-0.00000401,0.00000132,0.00000123,-0.00001045,-0.00000116,0.00000407,-0.00000
624,-0.00029075,-0.00011057,-0.00002779,-0.00006845,0.00003644,-0.00002406,-0.00
001140,-0.00001564,-0.00003587,0.00001685,-0.00001290,0.00000507,-0.00001749,0.0
0004185,-0.00002453,-0.00003363,-0.00000564,0.00006805,-0.00001387,-0.00001484,0
.00001053,-0.00000140,0.00000759,0.00000210,0.00001512,-0.00000876,-0.00000756,0
.00006948,-0.00001193,-0.00006029,0.00000564,-0.00004361,0.00000072,0.00005582,-
0.00005185,-0.00001704,0.00002506,0.00000155,-0.00000358,-0.00000861,-0.00003429
,-0.00000822,-0.00000986,0.00000511,0.00000935,0.00001932,-0.00008685,-0.0000042
0,0.00005289,0.00004163,0.00003578,-0.00011431,-0.00000495,-0.00001571,0.0000039
5,-0.00007108,0.00001075,-0.09464125,0.04020064,-0.09726989,0.11249753,-0.000055
97,0.00000544,0.00003680,0.00050761,0.00009155,-0.00015483,0.00033492,0.00026966
,-0.00019276,-0.00001188,0.00001319,-0.00002121,-0.00000446,0.00000242,0.0000050
0,-0.00000239,0.00000132,-0.00000068,0.00000491,0.00000402,0.00000637,0.00381486
,-0.00145911,0.00599130,-0.00037029,-0.00004462,-0.00001533,-0.00001279,0.000021
18,-0.00001145,0.00014281,-0.00059842,-0.00026383,0.00000290,-0.00002963,-0.0000
1001,0.00000801,0.00000269,-0.00000978,-0.00001471,-0.00000798,0.00000336,-0.000
01429,0.00002605,0.00000973,-0.00000346,0.00000351,-0.00000402,-0.00000520,0.000
00323,-0.00000050,-0.00018974,0.00020259,-0.00000299,0.00001342,-0.00004489,-0.0
0005058,0.00063143,-0.00012819,-0.00000228,-0.00026907,-0.00013510,0.00010975,0.
00001347,0.00001688,0.00000754,-0.00000488,-0.00000221,0.00001003,-0.00000957,0.
00000207,-0.00000353,-0.00001361,-0.00000290,-0.00001521,-0.00000345,-0.00001121
,-0.00001633,0.00001464,-0.00000602,-0.00000953,0.00044665,0.00056919,-0.0004653
4,-0.00016475,-0.00123051,-0.00068059,0.00000265,0.00000031,0.00000502,-0.000000
56,-0.00000387,0.00000502,0.00000199,-0.00000484,0.00001138,0.00005690,-0.000011
41,0.00003393,0.00000237,-0.00001722,0.00000301,-0.00000560,-0.00000510,0.000018
51,-0.00000581,-0.00000348,0.00000221,0.00000056,-0.00000052,-0.00001591,-0.0000
1256,0.00000817,0.00000823,-0.00000045,0.00000338,-0.00000363,0.00000016,0.00000
569,0.00000425,0.00000443,-0.00000264,-0.00000088,-0.00022927,-0.00005532,0.0000
0007,0.00000951,0.00001886,-0.00002931,0.00009736,-0.00002679,0.00008272,-0.0000
3414,-0.00004290,-0.00000625,-0.00001431,0.00004906,0.00000893,0.00000479,0.0000
0033,-0.00000862,-0.00009148,0.00013954,-0.00004007,-0.00001259,-0.00005039,0.00
006854,-0.00007096,0.00003705,0.00000569,-0.00005147,0.00002466,-0.00006220,0.03
955787,-0.06758582,0.06377966,-0.04514299,0.07487175,0.00009388,-0.00003924,-0.0
0000720,0.00058334,-0.00008179,0.00036060,-0.00012210,0.00010258,-0.00012733,0.0
0000607,0.00001919,-0.00001189,0.00000268,-0.00000504,-0.00000421,-0.00000139,-0
.00000756,-0.00000063,-0.00000123,0.00000229,0.00000261,-0.00167035,-0.00240241,
0.00525145,-0.00024797,0.00004959,-0.00018650,0.00000756,-0.00001308,-0.00001040
,0.00071278,0.00049571,0.00071177,0.00002100,-0.00001967,-0.00001589,0.00001187,
-0.00005181,0.00000488,0.00002713,0.00000825,-0.00001783,-0.00000035,0.00000019,
-0.00001709,0.00000255,0.00000019,0.00000381,-0.00000316,0.00000074,0.00000817,0
.00082974,-0.00009955,-0.00029368,-0.00026267,0.00021949,0.00011979,0.00018163,-
0.00001033,-0.00007997,-0.00011375,0.00006694,-0.00012345,0.00002813,0.00000098,
0.00000483,-0.00003923,0.00001189,-0.00003292,0.00001282,0.00000371,0.00002341,-
0.00001460,0.00002762,-0.00002034,-0.00001126,-0.00002541,0.00003005,0.00000406,
0.00000590,0.00001224,0.00067797,0.00003182,-0.00014775,0.00019288,-0.00040348,0
.00016001,-0.00000280,0.00000466,0.00000487,-0.00000068,-0.00000134,0.00000356,0
.00000148,-0.00000079,0.00000009,0.00007053,0.00000944,0.00002616,0.00001433,-0.
00000328,-0.00001231,0.00001038,-0.00000266,-0.00000778,0.00000092,-0.00000854,-
0.00000584,-0.00002108,-0.00000532,-0.00002583,-0.00000915,-0.00000806,0.0000256
5,0.00000167,0.00000161,-0.00000415,0.00000436,-0.00000055,0.00000588,0.00000228
,0.00000316,-0.00000221,-0.00014182,0.00000323,0.00013396,-0.00002700,0.00002089
,0.00000745,-0.00006882,-0.00005658,-0.00005597,0.00000196,0.00000259,0.00000255
,0.00000640,0.00000013,-0.00000665,0.00000161,-0.00000639,0.00000877,-0.00000145
,0.00001576,-0.00003129,-0.00000425,0.00003475,-0.00002118,0.00005160,0.00003318
,-0.00002689,0.00003326,-0.00002473,0.00001109,-0.09406257,0.06349291,-0.2016812
0,0.11002615,-0.07441005,0.23013594,-0.00001463,0.00006111,0.00005474,-0.0001241
1,-0.00010265,0.00006822,0.00022821,0.00024095,0.00037614,0.00000364,-0.00000519
,0.00001735,-0.00000092,0.00000133,-0.00000161,-0.00000084,-0.00000018,0.0000000
6,0.00000914,0.00000154,-0.00001709,-0.00286156,0.02144347,0.02142906,0.00004054
,0.00000960,-0.00006464,0.00001140,0.00004022,-0.00001308,0.00236789,0.00019255,
0.00032708,-0.00007740,0.00003404,-0.00003125,-0.00000873,0.00001818,0.00000617,
-0.00000406,-0.00000514,0.00000662,0.00000427,-0.00001766,0.00002460,0.00000253,
0.00000286,0.00000136,-0.00000223,0.00000133,0.00000142,-0.00021081,0.00031051,0
.00032421,0.00026602,-0.00030682,-0.00040168,-0.00039547,-0.00033421,-0.00041148
,0.00017800,0.00006362,-0.00008716,-0.00000817,0.00001488,0.00000819,0.00001689,
-0.00000371,0.00000741,-0.00000792,-0.00000251,-0.00000468,0.00000491,0.00000022
,0.00000585,-0.00000423,0.00002011,-0.00000678,-0.00001127,-0.00002091,-0.000023
43,-0.00744028,0.00200149,0.00294327,0.00021316,-0.00013429,-0.00018227,0.000009
71,-0.00000762,-0.00000560,-0.00001337,-0.00001200,-0.00000289,0.00000153,-0.000
00699,0.00000152,-0.00002361,-0.00004454,-0.00002742,-0.00002979,0.00000409,0.00
002640,0.00001041,-0.00000952,-0.00001234,-0.00000833,-0.00001208,-0.00000881,-0
.00003535,0.00003660,0.00001274,0.00000903,0.00002416,0.00001340,-0.00000841,-0.
00000901,-0.00000258,0.00000207,0.00000739,-0.00000825,0.00001069,-0.00000502,-0
.00000971,0.00001222,0.00001041,-0.00001433,0.00003734,-0.00000270,0.00001463,0.
00006804,-0.00000513,-0.00000915,0.00001094,0.00001424,0.00000836,0.00000012,-0.
00002062,-0.00000849,-0.00000414,-0.00000764,-0.00001572,0.00008529,-0.00006320,
0.00001291,0.00003552,0.00006399,0.00001469,-0.00009222,-0.00000940,0.00000005,0
.00002144,-0.00003633,-0.00000293,-0.04166191,0.00008691,-0.00045730,0.00040983,
-0.01011458,-0.01152762,0.04844100,-0.00010604,0.00006042,-0.00003967,-0.0001153
7,-0.00009044,0.00002998,-0.00030542,-0.00010918,-0.00019216,-0.00000255,0.00001
448,-0.00002367,0.00000368,0.00000366,0.00000697,0.00000485,0.00000717,0.0000043
8,-0.00000272,-0.00000009,0.00001647,0.00291702,-0.00664860,-0.00729018,0.000090
82,0.00002314,0.00001175,0.00004101,-0.00001070,-0.00000055,-0.00084459,0.000216
10,0.00115078,0.00005391,-0.00004674,0.00004680,0.00001233,-0.00001471,-0.000000
45,0.00000019,-0.00002175,0.00000898,-0.00002695,-0.00001294,-0.00002755,-0.0000
0243,-0.00000451,-0.00000401,-0.00000180,0.00000126,-0.00000549,-0.00009251,-0.0
0001352,-0.00023451,-0.00014337,0.00017567,0.00020633,0.00006335,0.00021903,0.00
002549,0.00013276,0.00005176,0.00001191,0.00002113,-0.00001127,0.00001183,0.0000
1301,0.00001426,-0.00001703,-0.00002186,0.00001164,-0.00000151,-0.00001230,-0.00
000461,-0.00000052,0.00000177,-0.00002165,0.00001510,-0.00000301,0.00001444,0.00
002498,0.00176638,-0.00005328,-0.00132728,0.00021617,-0.00010531,0.00015956,-0.0
0000190,-0.00000436,0.00000492,0.00001026,0.00001021,0.00000748,-0.00000603,0.00
000767,-0.00000227,0.00005481,0.00000597,-0.00001245,0.00000970,-0.00001211,-0.0
0001966,-0.00000552,0.00000222,0.00001297,-0.00000462,0.00000890,0.00001255,0.00
001111,0.00001465,-0.00000105,0.00000107,-0.00000113,0.00000033,0.00000634,0.000
01016,0.00000045,-0.00000270,-0.00000122,0.00000511,-0.00000091,-0.00000373,0.00
000175,0.00003722,0.00010072,0.00004111,-0.00000716,0.00001793,0.00001259,0.0000
0675,-0.00012411,0.00001595,0.00002244,0.00002669,0.00002186,0.00000538,-0.00000
020,0.00000668,-0.00000019,0.00001042,0.00001398,-0.00003561,-0.00000928,0.00000
220,0.00010835,0.00012827,0.00002964,-0.00008676,-0.00006654,-0.00015532,0.00003
681,-0.00000927,-0.00003057,0.00136417,-0.16655739,-0.12377717,-0.00047996,0.006
84086,0.00581242,-0.00254711,0.18886762,-0.00009500,0.00004639,-0.00005416,-0.00
019231,-0.00008108,0.00015812,-0.00017462,-0.00027360,0.00000269,0.00000115,-0.0
0000732,0.00000365,-0.00000117,0.00000833,0.00000230,-0.00000217,0.00000386,0.00
000306,-0.00000634,-0.00000991,0.00001832,0.00357881,-0.00784301,-0.00766424,0.0
0011659,0.00003092,0.00003909,0.00002150,-0.00000655,0.00000703,-0.00090031,0.00
102646,0.00032452,0.00002132,-0.00001175,0.00003017,-0.00000203,0.00001741,-0.00
000084,-0.00001492,-0.00000958,0.00001163,-0.00000337,-0.00000751,-0.00000927,-0
.00000128,-0.00000194,-0.00000556,0.00000306,-0.00000039,-0.00000964,-0.00018429
,-0.00010293,-0.00008029,-0.00006508,0.00011210,0.00015150,0.00019163,0.00005223
,0.00016769,0.00012841,0.00009753,-0.00002967,0.00000275,-0.00000560,0.00000446,
0.00001420,0.00000349,-0.00000720,-0.00000991,0.00000801,0.00000168,-0.00000339,
-0.00000460,0.00000633,0.00000176,-0.00000576,0.00000964,-0.00000015,0.00001805,
0.00002090,0.00180631,-0.00117311,-0.00059169,0.00021081,0.00019497,-0.00002972,
-0.00000756,0.00000020,-0.00000240,0.00001178,0.00001496,0.00000400,0.00000091,0
.00001159,-0.00000787,0.00000715,0.00005035,-0.00002294,0.00001605,-0.00000606,-
0.00001845,-0.00001063,0.00001020,0.00000390,0.00000386,0.00001748,0.00001179,0.
00004817,-0.00001576,0.00001901,0.00000829,-0.00001372,-0.00004089,0.00000940,0.
00000960,0.00000433,-0.00000185,-0.00000637,0.00000269,-0.00001082,0.00000380,0.
00000892,0.00009043,-0.00001758,0.00001335,-0.00000962,0.00001421,0.00001169,-0.
00005583,0.00005367,0.00000764,0.00001345,0.00002095,0.00000294,0.00000957,-0.00
000621,0.00001209,-0.00000713,0.00001163,0.00001595,-0.00002307,-0.00003787,0.00
000795,0.00001626,-0.00000392,-0.00003644,0.00005211,-0.00007289,-0.00002978,0.0
0000277,0.00003020,0.00002232,0.00078466,-0.12394164,-0.16861271,-0.00214105,-0.
01861933,-0.02239131,-0.00278666,0.14451832,0.19146977,0.00010560,0.00013288,-0.
00003293,-0.00023781,-0.00019182,0.00017999,-0.00099013,0.00031294,-0.00010218,0
.00005595,0.00002042,0.00002204,-0.00000201,-0.00000269,-0.00000717,0.00001025,-
0.00000494,-0.00000960,0.00000822,-0.00000093,-0.00003425,-0.02019797,-0.0222129
3,0.01328557,0.00016434,0.00009961,-0.00002716,0.00003982,0.00001169,0.00001154,
-0.00358692,0.00138139,0.00022505,-0.00009211,-0.00005827,0.00005093,-0.00002192
,0.00004038,0.00001737,0.00004018,-0.00001238,-0.00000110,-0.00007296,0.00008035
,-0.00001297,-0.00000512,0.00001162,-0.00000209,0.00001868,0.00000431,0.00000255
,-0.00047770,0.00007862,-0.00075543,-0.00002192,-0.00007905,0.00005475,0.0000695
5,-0.00003783,0.00048702,0.00017282,0.00009402,-0.00004970,-0.00002822,-0.000041
28,-0.00001235,-0.00001464,-0.00002360,-0.00000402,-0.00000775,-0.00001205,-0.00
000998,0.00003869,-0.00001307,0.00001231,-0.00001447,0.00002240,-0.00000952,-0.0
0000544,-0.00001829,0.00001491,0.00069754,-0.00034156,-0.00292160,0.00039582,0.0
0008577,0.00032288,0.00001655,0.00001427,-0.00000022,0.00001384,0.00000278,-0.00
000384,-0.00000854,0.00002754,-0.00000672,0.00013471,-0.00000936,0.00001371,0.00
000149,0.00002118,0.00002401,0.00001491,0.00000817,-0.00001384,-0.00000668,0.000
00422,-0.00000174,0.00004740,0.00002396,0.00002409,-0.00001455,0.00002893,-0.000
04547,0.00000063,-0.00000715,-0.00000770,-0.00000129,0.00000232,-0.00001782,0.00
000312,0.00000634,-0.00000721,-0.00009905,-0.00002517,0.00030891,0.00002256,0.00
002017,-0.00012078,0.00029057,0.00010871,0.00028186,0.00003186,-0.00000511,0.000
00357,-0.00001060,0.00001348,-0.00000476,-0.00000556,-0.00004556,-0.00006188,-0.
00003135,-0.00006392,0.00001773,0.00028252,0.00002812,-0.00002042,-0.00059776,0.
00050102,-0.00039456,-0.00001043,-0.00020035,-0.00016206,-0.08694768,-0.09354905
,0.03848030,0.00719976,0.01126311,-0.00526769,0.00053796,-0.00215337,-0.00046260
,0.10309522,0.00012594,-0.00000599,-0.00001178,0.00010839,0.00020112,-0.00017780
,0.00012826,-0.00016698,0.00008876,0.00001901,0.00000540,-0.00000237,0.00000508,
-0.00000639,-0.00000597,0.00000497,-0.00000548,-0.00000253,-0.00000113,0.0000041
0,-0.00001328,-0.00252535,0.00533880,-0.00155085,0.00005661,-0.00001330,0.000024
58,0.00000945,-0.00002496,-0.00001290,0.00066422,0.00049470,0.00029431,-0.000010
12,-0.00003274,-0.00002980,-0.00004147,-0.00000220,0.00000155,0.00002298,-0.0000
2377,-0.00001775,0.00003980,0.00005938,-0.00000442,0.00000379,0.00001287,0.00000
519,-0.00000183,0.00000791,0.00000666,0.00049351,-0.00035037,0.00016383,-0.00016
391,0.00008753,0.00009270,-0.00006290,-0.00007879,0.00014186,-0.00023977,-0.0001
1255,-0.00000220,-0.00000304,-0.00001934,0.00002066,-0.00003292,0.00002461,-0.00
002527,0.00000230,-0.00001078,0.00002830,0.00001288,0.00001918,-0.00000495,-0.00
002443,0.00000587,0.00001853,-0.00000206,0.00000899,0.00000529,0.00048724,-0.000
79163,0.00008463,0.00023467,0.00018034,-0.00028832,-0.00000986,0.00000976,0.0000
0034,-0.00000443,-0.00000272,-0.00000549,0.00000697,-0.00000119,0.00000011,-0.00
005129,0.00002153,0.00000385,0.00001555,0.00000259,-0.00000602,0.00001079,0.0000
0569,-0.00002024,0.00000337,0.00000553,-0.00000380,0.00001275,-0.00001557,0.0000
0852,0.00001143,0.00000089,-0.00001550,0.00000008,-0.00000263,-0.00000004,0.0000
0255,-0.00000292,-0.00000410,-0.00000743,0.00000779,0.00000366,0.00019670,0.0002
0181,-0.00039175,-0.00000299,-0.00007798,0.00005064,0.00005172,-0.00009705,0.000
03611,-0.00000976,-0.00000249,-0.00002756,-0.00000253,-0.00003348,-0.00000774,-0
.00000928,0.00000089,0.00002812,-0.00000146,-0.00004707,0.00009650,-0.00021367,-
0.00040182,-0.00022718,0.00061810,-0.00016190,0.00009723,-0.00005610,-0.00010456
,0.00008368,-0.08902898,-0.20613973,0.06635301,-0.00464233,-0.01172360,0.0072058
7,-0.01085906,-0.02290666,0.00589908,0.10465898,0.23665938,-0.00006007,-0.000053
07,0.00001280,0.00021136,0.00040888,-0.00035739,0.00056934,0.00004573,0.00001383
,-0.00001876,-0.00001226,-0.00000364,-0.00000690,0.00000509,0.00000061,-0.000012
62,-0.00000042,0.00000062,-0.00000025,-0.00000319,0.00001549,0.00475253,0.006649
45,-0.00203557,-0.00017146,-0.00009994,0.00010315,-0.00002166,0.00000955,-0.0000
0881,0.00010545,-0.00012789,-0.00072805,0.00001724,0.00000285,-0.00002829,0.0000
0016,0.00000909,-0.00000878,-0.00002656,0.00000648,0.00000705,0.00001309,-0.0000
0718,0.00003132,0.00000115,-0.00000197,-0.00000236,-0.00000259,-0.00000140,-0.00
000560,-0.00025409,0.00006923,0.00014179,0.00006621,-0.00002695,-0.00004811,0.00
048425,0.00002795,0.00016990,-0.00038481,-0.00027245,0.00017196,0.00000112,0.000
01941,0.00001644,0.00000482,-0.00000334,0.00001483,-0.00000087,0.00000573,0.0000
0593,-0.00001353,-0.00000152,-0.00000750,0.00000949,0.00000365,-0.00001604,0.000
01800,0.00000204,-0.00001647,0.00036193,-0.00097380,0.00071937,-0.00015657,-0.00
042187,-0.00123894,-0.00000256,-0.00000209,-0.00000107,-0.00000244,-0.00000149,0
.00000194,0.00000825,-0.00000945,0.00000870,-0.00004477,-0.00000050,0.00001274,-
0.00000448,-0.00002101,-0.00000306,-0.00001111,-0.00000586,0.00001247,0.00000131
,-0.00000338,0.00000174,-0.00000609,-0.00001158,-0.00001873,-0.00000625,-0.00000
912,0.00001737,-0.00000160,0.00000210,0.00000151,0.00000221,0.00000251,0.0000072
3,-0.00000030,-0.00000100,0.00000309,0.00006805,-0.00019526,-0.00023646,0.000023
34,-0.00001467,-0.00001578,0.00015954,0.00011785,-0.00005467,-0.00005578,-0.0000
5398,-0.00003091,-0.00002012,0.00002763,0.00000907,-0.00000488,0.00001673,0.0000
1058,-0.00005825,0.00009102,-0.00000302,-0.00022337,-0.00028633,0.00009355,0.000
01584,0.00000254,0.00032826,-0.00012286,0.00014103,0.00001455,0.03751755,0.06711
891,-0.06819957,0.01009460,0.02490999,-0.01168989,-0.00956146,-0.01908857,0.0070
6398,-0.04324975,-0.07798393,0.07574689\\-0.00000935,-0.00000295,0.00000365,0.00
000238,-0.00000160,0.00000447,0.00000600,0.00000076,-0.00000221,-0.00000302,0.00
000485,0.00000524,0.00000106,-0.00000177,0.00000218,0.00000125,0.00000003,-0.000
00006,0.00000059,-0.00000024,-0.00000006,0.00000252,0.00000410,0.00000205,-0.000
00167,-0.00000011,-0.00000368,0.00000393,0.00000634,-0.00000159,-0.00000602,-0.0
0000033,0.00000009,-0.00000008,-0.00000496,0.00000065,0.00000620,-0.00000004,-0.
00000157,-0.00000251,-0.00000776,0.00000632,0.00000061,-0.00000129,0.00000172,-0
.00000063,0.00000153,-0.00000099,-0.00000128,-0.00000039,0.00000044,0.00000633,-
0.00000503,0.00000136,-0.00000479,0.00000974,-0.00000856,0.00000155,-0.00000359,
-0.00000248,-0.00000119,0.00000124,0.00000242,-0.00000168,-0.00001169,0.00001008
,-0.00000191,0.00000346,-0.00000638,0.00000015,0.00000290,-0.00000149,-0.0000008
7,0.00000075,-0.00000116,0.00000300,0.00000565,-0.00000382,-0.00000013,0.0000004
2,0.00000028,-0.00000011,0.00000192,-0.00000014,0.00000047,0.00000049,0.00000087
,0.00000238,-0.00000296,-0.00000177,-0.00000019,-0.00000145,-0.00000137,-0.00000
119,0.00000035,0.00000008,-0.00000210,-0.00000098,-0.00000340,0.00000219,0.00000
433,0.00000173,0.00000331,-0.00000310,-0.00000097,-0.00000356,-0.00000399,-0.000
00022,0.00000027,0.00000045,-0.00000004,0.00000010,-0.00000022,-0.00000036,0.000
00014,-0.00000005,0.00000013,-0.00000210,0.00000068,-0.00000139,-0.00000029,0.00
000353,0.00000190,-0.00000504,0.00000239,-0.00000448,0.00000380,0.00000073,0.000
00206,-0.00000470,0.00000105,-0.00000519,-0.00000229,0.00000003,0.00000034,0.000
00152,-0.00000062,-0.00000096,-0.00000171,0.00000035,0.00000033,0.00000396,-0.00
000150,0.00000046,0.00000018,-0.00000042,-0.00000040,0.00000215,0.00000299,0.000
00371,0.00000135,-0.00000333,0.00000169,-0.00000094,-0.00000305,-0.00000606,0.00
000216,-0.00000109,0.00000198,0.00000001,0.00000390,0.00000313,-0.00000023,-0.00
000045,0.00000146\\\@
