1\1\GINC-ECHO\Freq\External='./xtb.sh'\ZDO\C24H36Fe1N2O4Pd1\ECHO\14-Oct-2024\0\\
#p freq external='./xtb.sh'\\Generate automatically by rxnb\\0,1\Fe,-2.39044,0.0
472,-0.90497\C,1.03826,1.76218,2.04109\Pd,-0.38628,-0.23654,0.6002\C,-2.70516,-2
.32942,0.55543\H,-4.60593,0.81344,-2.09237\H,-4.76169,-0.10641,0.36782\H,-2.6849
1,0.95355,1.77259\C,2.37561,-0.66378,-0.16002\O,1.46215,2.55881,2.86102\C,-2.184
75,-1.87104,-0.75443\O,1.90616,-1.82453,-0.617\C,-1.04045,-0.54508,-2.18675\C,-2
.34368,-0.69756,-2.6931\C,-3.05869,-1.51837,-1.80526\H,-0.30264,0.06439,-2.66098
\H,-2.75379,-0.17605,-3.52798\H,-4.10609,-1.71897,-1.84567\H,0.88533,-1.72733,-0
.67232\C,-0.90154,-1.28858,-0.98083\C,1.90116,1.52417,0.73686\O,-0.01726,1.07834
,2.16229\C,-2.15387,1.87136,-0.1475\C,-2.79636,1.87221,-1.40108\C,-3.95639,1.083
31,-1.29189\C,-4.01333,0.56985,0.01847\C,-2.90345,1.05842,0.73228\H,-1.32928,2.4
8157,0.15438\N,1.54736,0.22731,0.22307\H,2.94828,1.53293,1.06665\H,-3.72648,-1.9
5159,0.59737\H,-2.72989,-3.42255,0.67267\H,-2.42072,2.29776,-2.30453\N,-1.92669,
-1.70436,1.62827\C,-0.83217,-2.5777,2.06677\C,-2.76223,-1.3876,2.7738\H,-1.21882
,-3.44388,2.62809\H,-0.27975,-2.95029,1.19992\H,-0.15787,-2.01251,2.72084\H,-3.1
1018,-2.29712,3.28463\H,-2.18938,-0.78724,3.47993\H,-3.63021,-0.8205,2.44854\C,1
.72891,2.61582,-0.36826\C,1.19444,3.91569,0.23578\C,0.80394,2.13608,-1.50432\C,3
.11038,2.90073,-0.97348\H,0.18386,3.79588,0.61739\H,1.1907,4.70338,-0.51569\H,1.
8187,4.2261,1.06951\H,0.47558,2.99434,-2.0872\H,1.3613,1.47455,-2.1669\H,-0.081,
1.59693,-1.14437\H,3.76752,3.3461,-0.2302\H,3.5691,1.98068,-1.33055\H,3.02053,3.
59123,-1.81037\O,3.68059,-0.43727,-0.14816\C,5.99264,-0.72581,-0.27048\C,4.66034
,-1.43604,-0.51395\C,4.53727,-2.66229,0.38905\C,4.51671,-1.80912,-1.98925\H,6.05
711,0.16668,-0.88714\H,6.06958,-0.42827,0.77172\H,6.81854,-1.38694,-0.51418\H,4.
55743,-2.35687,1.43308\H,5.37046,-3.33434,0.20453\H,3.60983,-3.19378,0.19396\H,4
.54725,-0.91238,-2.60457\H,5.33631,-2.46013,-2.27942\H,3.5782,-2.32669,-2.16749\
\Version=ES64L-G16RevC.01\HF=-99.7163978\RMSD=0.000e+00\RMSF=3.202e-06\ZeroPoint
=0.558123\Thermal=0.5917711\ETot=-99.1246267\HTot=-99.1236825\GTot=-99.2215585\D
ipole=0.,0.,0.\PG=C01 [X(C24H36Fe1N2O4Pd1)]\NImag=1\\0.47548960,-0.14401322,0.60
205628,-0.03694854,0.10554879,0.41840660,0.00007205,-0.00134248,0.00067385,0.542
01841,0.00106926,-0.00081551,0.00132213,0.29176170,0.55715861,0.00153898,0.00051
749,0.00083163,0.07913678,0.23580022,0.48475615,-0.05679266,0.00693828,-0.037010
23,-0.00967437,-0.01006037,-0.00636624,0.20707251,0.00072594,-0.00074020,-0.0006
4704,-0.00922112,-0.00493426,0.00301518,0.03890446,0.11585162,-0.02835256,-0.001
91402,-0.01826010,-0.01291195,-0.00212241,0.00994884,0.03931023,0.07621011,0.187
50882,-0.00291050,0.00099108,0.00033110,-0.00055060,-0.00039420,0.00003655,-0.00
161268,-0.00255135,-0.00003324,0.50932030,-0.00437319,-0.00413170,0.00760016,-0.
00068322,-0.00052057,-0.00003528,-0.00257638,-0.00229451,-0.00136396,-0.03325318
,0.48252686,-0.00104200,-0.00490668,-0.00180792,-0.00004966,-0.00026045,-0.00019
987,-0.00027446,-0.00184908,0.00355609,-0.01326932,-0.02831332,0.46100989,-0.002
82876,-0.00157119,-0.00338965,0.00009626,0.00001220,0.00003831,0.00065604,-0.000
04119,0.00049898,0.00001876,-0.00048847,0.00047047,0.15807936,0.00207013,-0.0009
5424,0.00390187,0.00018537,0.00014495,0.00013846,-0.00057370,-0.00034599,-0.0003
7392,0.00012525,0.00035438,-0.00030857,0.05972996,0.05233867,0.00146501,-0.00023
498,-0.00154000,0.00024522,0.00014705,0.00001022,0.00039799,-0.00018032,-0.00000
222,-0.00011357,-0.00027433,0.00009435,0.15158512,0.05807520,0.22722636,-0.00218
285,-0.00407482,-0.00054422,0.00007327,0.00002280,0.00013543,-0.00032986,-0.0002
6697,0.00064824,-0.00077540,-0.00018249,0.00050776,-0.00039736,0.00070128,0.0004
4898,0.19367960,0.00265053,0.00263431,-0.00163949,0.00017082,0.00016238,0.000199
12,-0.00051760,-0.00040265,-0.00010432,0.00129814,-0.00102014,-0.00034548,0.0007
8585,-0.00041006,-0.00000659,0.15050253,0.16036179,-0.00005432,0.00126145,-0.000
46701,-0.00005205,-0.00008363,0.00000832,-0.00061861,-0.00003321,-0.00009521,-0.
00001826,0.00058298,-0.00023277,0.00015902,-0.00006321,-0.00020530,-0.06883200,-
0.07328262,0.07619511,0.00121058,-0.00267261,0.00252827,-0.00180593,-0.00090493,
0.00004843,-0.00169870,0.00205758,0.00209170,0.00012811,0.00005516,0.00014365,0.
00027799,0.00010446,-0.00120294,-0.00029759,0.00049944,0.00042090,0.04945699,-0.
00178141,0.00365747,-0.00257206,-0.00016751,0.00035515,0.00020045,0.00291406,0.0
0003076,-0.00216039,-0.00019337,-0.00028247,-0.00043968,-0.00011125,0.00052663,0
.00005344,0.00030645,-0.00046576,-0.00034740,0.00345410,0.03581915,-0.00081034,0
.00270149,0.00157395,0.00065481,0.00030623,0.00040752,0.00414101,-0.00219033,-0.
00233653,-0.00010085,-0.00000558,-0.00044835,0.00042733,0.00016854,-0.00018101,0
.00012282,-0.00034029,0.00002330,0.06451704,-0.03973032,0.34554429,0.00165018,-0
.00021844,0.00153403,0.00261055,0.00240126,0.00458511,-0.00602544,0.00346256,0.0
0312796,-0.00041159,-0.00057382,-0.00031749,0.00012470,0.00018196,0.00018354,0.0
0026285,0.00023868,-0.00010608,-0.00002935,0.00005471,0.00001125,0.68348502,-0.0
0213373,0.00173495,-0.00056326,0.00480804,-0.00093163,-0.00597850,0.00767210,0.0
0691651,0.00589908,0.00013167,0.00012640,0.00034477,0.00003880,-0.00028782,-0.00
009763,-0.00011673,-0.00035661,-0.00000729,0.00025144,-0.00015211,0.00013875,-0.
10289952,0.64357698,-0.00130758,0.00100546,-0.00103834,0.00134451,-0.00437702,-0
.00303638,0.00246626,0.00150112,0.00193336,0.00017679,0.00020104,0.00022339,0.00
002551,-0.00010975,-0.00005423,-0.00002025,-0.00010585,-0.00001415,0.00016162,-0
.00007260,0.00002345,-0.06078993,0.20551678,0.22222849,-0.00044984,0.00053082,-0
.00031457,-0.13148614,-0.12331101,-0.12591203,-0.00032350,0.00024284,0.00413196,
0.00015987,0.00023763,-0.00002117,-0.00002066,-0.00005479,-0.00009558,-0.0000271
8,-0.00002504,0.00000071,0.00052902,0.00005749,-0.00020745,-0.00247982,-0.001109
58,-0.00029371,0.15311447,-0.00042304,0.00047486,-0.00044710,-0.12627335,-0.3039
2658,-0.24787312,-0.00074655,0.00091157,0.00084009,0.00023832,0.00031567,0.00017
916,0.00000231,-0.00005683,-0.00008159,0.00002061,-0.00004977,0.00003583,0.00048
262,-0.00023576,-0.00022999,-0.00328323,0.00017071,0.00017043,0.17817354,0.34705
778,-0.00093555,0.00027683,-0.00033036,-0.12867342,-0.25114521,-0.32821351,0.001
53070,-0.00238503,-0.00151301,0.00012937,0.00022970,0.00007880,-0.00000810,-0.00
007519,-0.00004543,-0.00004407,-0.00009911,0.00002669,0.00028123,-0.00013388,-0.
00023212,-0.00455851,0.00128758,-0.00078739,0.14526594,0.31534671,0.37957701,-0.
01078516,0.00797234,0.00662869,-0.00085141,-0.00065061,0.00018192,-0.00824810,-0
.00446783,0.00081603,-0.08847556,-0.02119980,0.05742170,-0.00008373,0.00013370,-
0.00000218,-0.00002767,-0.00058176,-0.00011373,-0.00084507,0.00109865,0.00017240
,-0.00135297,-0.00069110,-0.00026111,0.00081920,0.00061338,0.00055518,0.50503662
,0.01126875,-0.12269910,0.00945487,0.00021613,0.00032455,-0.00014719,-0.00250710
,-0.00368524,-0.00405857,-0.02657852,-0.06506505,0.05727483,-0.00078235,0.000657
98,0.00004530,-0.00067040,-0.00011883,0.00032141,-0.00007919,0.00048005,0.000315
15,0.00003919,0.00027622,0.00001480,-0.00003387,-0.00009406,0.00002598,0.0928986
3,0.33257491,0.00455594,0.01916429,-0.02158289,0.00156664,0.00109895,-0.00017695
,-0.00702174,-0.00313374,0.00486848,0.05897371,0.05166634,-0.18903709,0.00007153
,0.00024838,0.00002727,0.00034328,0.00021705,-0.00008065,-0.00076695,0.00042951,
0.00009266,0.00040615,-0.00088818,-0.00056196,-0.00032027,-0.00044084,-0.0000989
9,0.00800432,-0.20296638,0.57351180,-0.00021866,-0.00202207,-0.00137854,-0.00853
768,-0.00240881,0.00451130,-0.01361027,0.00146993,-0.00361877,-0.00021372,0.0002
4113,-0.00025983,0.00003451,-0.00006448,-0.00003007,0.00005520,0.00006939,0.0000
0161,-0.00008378,-0.00002958,-0.00043121,-0.09258018,-0.03816294,-0.01681843,0.0
0257589,0.00063372,-0.00106685,-0.00068871,0.00030934,-0.00031572,0.33768198,0.0
0036178,-0.00065745,0.00043522,-0.00949006,-0.00356994,0.00806686,0.00333400,-0.
00521973,-0.00541166,-0.00001577,-0.00024671,-0.00010219,-0.00003894,0.00016409,
0.00004905,0.00002159,0.00017109,0.00002912,-0.00026229,0.00006480,0.00021287,-0
.03903835,-0.24870606,-0.07804131,0.00164853,-0.00159357,-0.00514861,0.00099707,
-0.00002740,0.00081974,0.01701328,0.37867058,-0.00029038,-0.00011339,0.00049639,
-0.00202196,0.00114598,0.00252022,-0.00024630,-0.00222022,-0.00452117,-0.0001801
4,-0.00009489,-0.00041292,0.00000767,0.00007267,0.00004256,-0.00001831,0.0000772
4,0.00002412,-0.00014270,0.00012110,0.00010892,-0.01799725,-0.08132479,-0.078793
05,0.00049794,-0.00015648,-0.00048887,0.00027465,0.00027008,0.00009254,0.0284747
5,0.13085383,0.09233573,-0.06711753,0.01505902,0.05623901,0.00065768,0.00017374,
-0.00012824,0.00405647,0.00552343,-0.00326008,-0.00363630,-0.00057340,-0.0010543
8,0.00028121,-0.00032944,0.00026669,0.00038513,0.00004744,-0.00058459,0.00012078
,-0.00040666,-0.00025609,-0.00038553,-0.00193423,-0.00090523,-0.00000687,-0.0001
6810,-0.00004218,0.00284099,-0.01271066,0.01616885,0.00270732,0.00098057,0.00065
414,0.63628580,0.00742105,-0.03104916,-0.01534875,0.00094875,0.00087804,-0.00008
300,0.00219426,0.00206888,-0.00274400,-0.00445337,0.00155642,0.00126335,-0.00027
041,0.00016494,0.00009260,0.00056776,-0.00091276,-0.00021916,-0.00028148,0.00026
735,0.00026519,0.00103651,-0.00006518,-0.00044739,-0.00068049,-0.00057219,-0.000
38110,-0.02924451,-0.01272832,0.01914497,-0.00096157,0.00004164,0.00012216,0.173
84300,0.31641843,0.05052748,-0.01879075,-0.05675151,-0.00001121,-0.00003953,0.00
006695,0.00151979,0.00314275,-0.00815826,0.00178991,-0.00065865,0.00009913,-0.00
067552,0.00063968,0.00004291,-0.00026109,0.00033576,0.00005377,-0.00023107,0.000
32556,0.00031784,-0.00016597,-0.00218043,-0.00072183,0.00023501,0.00002314,0.000
04487,0.02443361,0.00997615,-0.01791420,0.00164722,0.00124656,0.00093810,-0.0453
5469,-0.20589810,0.46637544,-0.00137570,0.00679840,-0.00102147,0.00132497,0.0005
2512,-0.00078507,0.00093605,-0.00002955,-0.00285064,-0.00254635,0.00082844,-0.00
156265,-0.00091881,0.00072217,0.00045982,0.00005053,0.00010711,0.00024700,-0.000
35825,0.00011053,0.00003141,-0.00007241,-0.00022599,-0.00035254,-0.00039917,-0.0
0038289,0.00008930,0.01470524,0.00657405,0.00622859,-0.00068164,0.00012028,0.000
50283,-0.28354965,-0.03397985,-0.05862105,0.53257935,0.00897366,-0.03091422,-0.0
3088845,-0.00030299,-0.00003471,0.00029702,-0.00123659,-0.00108072,0.00148556,0.
00119092,0.00229945,0.00192093,0.00042616,-0.00057041,-0.00094845,-0.00035430,0.
00024750,0.00048683,0.00073705,-0.00096347,-0.00023108,0.00015924,0.00025882,0.0
0020501,0.00024266,0.00005348,-0.00006941,0.01306357,-0.00732313,0.03651796,-0.0
0030812,-0.00019604,-0.00037066,-0.03539984,-0.04762119,0.01311538,0.05732435,0.
32339557,0.00200424,-0.04203882,-0.10971830,0.00037846,0.00014385,-0.00021290,0.
00032209,0.00138651,-0.00250932,-0.00253845,-0.00082381,-0.00151486,-0.00105602,
0.00031150,0.00016448,-0.00081850,0.00049994,0.00040294,0.00029490,-0.00009287,0
.00027863,-0.00013472,-0.00047615,-0.00037079,-0.00017276,-0.00004699,0.00005670
,-0.00310282,0.01642359,-0.03521926,-0.00014079,0.00027513,0.00047605,-0.1096332
9,0.00621632,-0.08951275,0.12219179,-0.23943333,0.62977317,-0.03485517,-0.042052
92,-0.02051279,0.00073181,0.00032589,-0.00020074,-0.00287154,-0.00162856,0.00032
259,0.00408404,0.00114581,0.00499859,-0.00040717,0.00166572,-0.00014228,-0.00023
439,0.00047003,0.00081319,-0.00014246,0.00005865,0.00012507,0.00011084,-0.000388
76,-0.00003363,-0.00023039,-0.00010996,0.00002181,-0.15825437,0.04454538,-0.1231
8732,-0.00105768,0.00048930,0.00013123,-0.04025910,-0.02448590,0.00346415,-0.136
94666,-0.08778422,0.09199413,0.71980036,-0.02991129,-0.08790912,-0.05441025,-0.0
0029558,0.00000416,0.00026704,-0.00061212,0.00057895,-0.00013736,0.00697547,-0.0
0336334,0.01296872,-0.00014271,-0.00033892,-0.00039361,-0.00058262,-0.00035726,0
.00038177,-0.00024686,0.00062154,0.00040890,0.00011384,-0.00015832,-0.00021629,0
.00005831,0.00011162,-0.00002962,0.01570340,-0.05358221,0.04897525,-0.00018125,0
.00002890,0.00008607,-0.01706678,-0.00812408,-0.00377984,-0.08337461,-0.13155344
,0.13038818,0.17039053,0.32019993,-0.00915260,-0.04503948,-0.03011187,0.00044201
,0.00022361,-0.00015602,0.00040084,-0.00100499,-0.00116825,-0.01192939,0.0048275
3,-0.02319036,-0.00054684,0.00010863,-0.00030677,-0.00054774,0.00018166,0.000316
98,0.00024690,0.00001308,0.00015966,0.00002134,0.00000452,0.00009575,-0.00000145
,-0.00015224,-0.00003661,-0.10061084,0.07362515,-0.18887492,-0.00064545,0.000122
25,-0.00004251,0.02347943,0.00959046,0.02072160,0.05798079,0.09860073,-0.1621970
4,0.07050881,-0.14771787,0.43932027,-0.00101031,-0.00345140,-0.00045348,-0.00004
216,-0.00004082,0.00002079,-0.00001078,0.00033526,0.00171343,0.00050184,0.000368
68,-0.00045210,0.00036289,-0.00025482,0.00016754,0.00021971,-0.00001302,-0.00035
643,0.00005671,0.00006501,-0.00022028,-0.00008177,0.00005051,-0.00012700,0.00000
191,0.00003463,0.00002911,-0.00039476,0.00044561,-0.00154131,0.00005953,0.000024
71,0.00006771,-0.17643548,-0.11754520,0.08638065,-0.01761587,-0.01337852,0.01089
298,-0.00474447,-0.00068613,-0.00064002,0.19562098,0.00315594,0.00354823,-0.0014
0630,0.00010402,0.00001263,-0.00007478,0.00069693,0.00074553,0.00105196,-0.00129
834,0.00006563,0.00043736,-0.00012519,-0.00001392,-0.00004980,0.00001237,-0.0001
0186,0.00003151,-0.00001109,-0.00003068,0.00014078,0.00026355,0.00050646,0.00053
785,-0.00000100,-0.00009214,0.00000844,-0.00216900,-0.00090340,0.00469489,0.0003
3811,-0.00032989,-0.00052128,-0.11536613,-0.12087737,0.08066145,-0.00361815,-0.0
0368020,0.00132831,-0.00270590,0.00081899,0.00150201,0.13466210,0.13629094,0.002
20016,0.00538693,-0.00201514,0.00061661,0.00021056,-0.00051377,0.00097700,0.0003
4922,-0.00267057,0.00088422,0.00011750,0.00045182,-0.00024551,0.00002519,0.00003
694,-0.00012488,0.00003126,0.00002089,-0.00006534,0.00006455,0.00020310,-0.00077
582,0.00019341,-0.00044426,-0.00022350,-0.00001239,0.00018843,0.00076124,0.00232
638,-0.00321921,-0.00023973,-0.00011058,0.00036009,0.08945714,0.08366034,-0.0923
5112,-0.00837676,-0.00827084,0.00581568,-0.00326132,0.00066684,-0.00004820,-0.09
210668,-0.08828587,0.10033211,-0.00163240,-0.00065018,0.00120647,0.00047027,0.00
028978,-0.00010286,-0.00000804,0.00078687,-0.00093015,0.00046811,-0.00014561,0.0
0044235,-0.00082867,0.00048711,0.00060149,0.00009332,-0.00003536,0.00009588,-0.0
0009804,-0.00010623,-0.00004785,0.00029037,-0.00024633,-0.00017513,-0.00020492,-
0.00014529,-0.00007077,-0.00206658,-0.00177927,0.00110071,-0.00007521,0.00015564
,0.00010533,-0.00777796,0.01308949,-0.01972741,-0.08096636,0.05187215,-0.0912453
1,0.00652828,-0.00593685,0.01193636,-0.00026395,0.00044521,0.00032205,0.09044633
,-0.00210126,0.00081707,-0.00265781,-0.00028926,-0.00021976,0.00004581,0.0001379
1,-0.00029970,0.00060564,0.00065752,0.00030932,0.00083387,0.00029836,0.00027535,
-0.00035869,-0.00008103,-0.00006653,0.00015071,-0.00006437,-0.00001680,0.0001902
0,-0.00019742,0.00013165,0.00011477,0.00012755,0.00010847,0.00007266,-0.00173063
,-0.00062711,0.00533135,0.00006877,-0.00011389,-0.00004690,-0.00075034,-0.000546
55,-0.00248431,0.05138383,-0.09964596,0.11936660,0.00863227,-0.00881444,0.012113
84,0.00029936,-0.00030402,-0.00073362,-0.05636282,0.10833849,-0.00234604,0.00466
799,-0.00211883,0.00017346,0.00015637,0.00002400,0.00044087,0.00010335,0.0001383
8,-0.00056511,-0.00037726,0.00015673,0.00107525,-0.00023218,-0.00034130,-0.00043
736,0.00006261,0.00031961,0.00010114,0.00001212,0.00033742,0.00023368,-0.0000046
1,-0.00007926,-0.00006245,-0.00007123,-0.00004361,0.00041885,0.00171216,-0.00172
182,-0.00005791,-0.00005211,0.00004303,-0.00333893,0.00130988,-0.00576841,-0.090
33557,0.12037883,-0.21426009,-0.00469135,0.00518935,-0.01153254,0.00005353,-0.00
077788,-0.00030266,0.10028620,-0.13376938,0.23455888,-0.00119112,0.00222116,0.00
054620,0.00045209,0.00039725,0.00006918,-0.00056503,-0.00016031,0.00039338,0.000
18651,0.00009050,0.00073127,0.00025661,0.00003523,0.00007798,0.00008611,0.000072
39,0.00000639,0.00003926,0.00009268,0.00013044,0.00050711,-0.00017556,-0.0000761
3,-0.00018657,-0.00017727,-0.00014985,-0.01529009,-0.00279262,0.00008743,-0.0001
8348,0.00014380,-0.00005538,-0.00281485,-0.00254600,-0.00022664,-0.01175945,-0.0
0169424,-0.00092149,-0.31829009,-0.05691545,-0.01225962,-0.00016970,-0.00031321,
-0.00073333,0.00014972,-0.00013914,0.00034823,0.35150304,-0.00524648,0.00016370,
-0.00022004,-0.00020768,-0.00010727,0.00011567,0.00100632,-0.00017588,-0.0000919
6,0.00021420,-0.00128682,-0.00007927,0.00029360,-0.00131571,0.00047143,0.0000128
4,0.00001345,-0.00052561,0.00014890,0.00008915,0.00028946,-0.00000704,0.00005585
,0.00008821,0.00011982,0.00006238,-0.00000436,0.01033532,0.00118821,-0.00194393,
0.00010321,-0.00007651,-0.00006011,-0.00066267,0.00001790,0.00273863,-0.01213107
,-0.00469569,-0.00207102,-0.05724637,-0.03680081,0.00504146,-0.00035443,0.000254
87,-0.00026398,-0.00009060,-0.00075857,-0.00048070,0.06290859,0.04000558,-0.0039
9276,0.00011001,-0.00153926,0.00008643,0.00005429,-0.00002670,-0.00020804,0.0000
0808,0.00010262,-0.00104950,-0.00074460,0.00074921,-0.00026692,0.00028059,0.0002
0650,0.00031468,-0.00037309,-0.00059053,-0.00006351,0.00009864,0.00018867,0.0000
3536,0.00003279,-0.00005187,-0.00002320,-0.00000875,0.00000590,-0.01629546,-0.00
480008,-0.00096219,-0.00019728,0.00001470,0.00002482,0.00287620,0.00418044,-0.00
137849,0.01960805,0.00163271,0.00238766,-0.01422580,0.00585124,-0.03515747,0.000
95100,0.00054099,0.00057698,0.00015017,-0.00061193,-0.00052231,0.01412141,-0.007
53035,0.03867556,0.00143903,0.00077767,0.00224851,0.00938124,0.00325194,-0.00412
080,0.01006100,0.00470706,0.00873914,0.00009601,-0.00040611,0.00036599,-0.000015
54,0.00005873,0.00004611,0.00006386,-0.00004903,-0.00006156,0.00016572,-0.000042
67,0.00014837,-0.02027969,-0.05106270,-0.02091619,-0.00276369,-0.00079323,0.0010
1024,0.00012343,-0.00069848,0.00025059,-0.17134344,0.04187782,0.00172361,-0.0033
7508,0.00148351,-0.00160406,0.00102235,0.00069033,0.00027790,0.00092918,0.000446
19,0.00083429,0.00002435,-0.00063158,0.00043876,0.00010322,-0.00011463,0.0001877
4,0.00024266,-0.00004903,0.00022038,0.17054400,-0.00088449,0.00042731,-0.0001039
6,-0.00146659,-0.00091246,-0.00034875,-0.00141128,0.00212250,0.00019687,-0.00003
889,0.00006271,-0.00001194,-0.00003751,-0.00004451,-0.00001922,-0.00007644,-0.00
001849,-0.00001034,0.00002454,0.00001007,-0.00006137,-0.03087161,0.01034403,0.00
044626,0.00061110,0.00055651,0.00053528,-0.00092490,0.00016990,-0.00075130,0.034
28274,-0.04366018,-0.00731729,0.00056919,-0.00034300,-0.00021165,0.00022915,-0.0
0006893,-0.00000777,-0.00056780,-0.00013468,-0.00010161,0.00013031,-0.00022737,0
.00050777,-0.00004688,0.00004768,-0.00002409,-0.00025663,0.00003250,-0.00006796,
0.00221553,0.04538976,0.00032326,0.00014590,-0.00088326,-0.00029386,-0.00078335,
-0.00011853,0.00121849,0.00214431,0.00508192,0.00017584,0.00011608,0.00026762,0.
00002236,-0.00002990,-0.00004238,-0.00002261,-0.00002376,-0.00001619,0.00013695,
-0.00012825,-0.00006967,-0.01252408,0.00134810,0.00293056,-0.00000833,0.00023716
,0.00009380,-0.00063382,-0.00058115,-0.00015982,-0.00552705,-0.00781965,-0.01878
201,-0.00173681,0.00074104,-0.00169282,-0.00063310,0.00036087,-0.00054617,0.0000
4703,-0.00003984,0.00011435,-0.00003646,0.00040548,-0.00040257,-0.00012600,-0.00
000657,-0.00005977,0.00007154,0.00007739,-0.00000676,0.01280298,0.00695189,0.020
15243,-0.06586092,0.03820590,-0.01492796,-0.00268385,-0.00103807,0.00042273,-0.0
2768196,-0.02519133,-0.02966819,-0.00507123,-0.00146568,0.00330597,0.00092381,-0
.00086722,0.00020164,0.00077284,-0.00036246,-0.00041898,0.00054902,-0.00094398,-
0.00071316,0.00210786,0.01679831,0.00695330,0.00076589,0.00091775,0.00031211,-0.
23059923,-0.10215883,0.02682447,-0.03217628,-0.00557257,-0.00726084,-0.06012511,
0.01049150,-0.03785125,-0.00920016,0.00918692,-0.01834012,-0.04119864,0.00697590
,-0.01980901,0.00427766,-0.00954250,0.01322448,-0.00399791,-0.00018084,-0.000422
15,-0.00301741,0.00182538,-0.00213608,0.02276563,0.00022769,0.00678475,0.4302037
8,0.05451655,-0.03211291,0.00794511,0.00749445,0.00354887,-0.00293939,-0.0201549
3,-0.04315529,-0.03417957,-0.00825928,-0.00581193,0.00012783,-0.00050364,0.00013
907,-0.00006325,-0.00088774,0.00087016,0.00039349,0.00042669,-0.00056219,0.00035
837,-0.00079498,-0.00939576,-0.00431002,-0.00204461,-0.00169554,0.00039285,-0.07
613592,-0.06965868,0.01953119,0.01543346,0.00655958,0.00399525,-0.00995419,-0.10
071615,0.12094506,0.00976440,-0.00087104,0.00479990,-0.01649684,0.01261152,-0.01
407823,0.00390888,-0.01035720,0.00760778,-0.00146856,0.00131006,0.00091419,-0.00
237774,0.00191124,0.00082777,-0.01425791,-0.00317586,-0.00307623,0.07496498,0.24
583211,-0.00288002,-0.00085670,-0.00402814,0.00325465,0.00010428,-0.00280023,-0.
01999015,-0.04986606,-0.08810191,0.01977766,0.00202415,-0.00442339,0.00051342,-0
.00035546,-0.00014184,-0.00005973,-0.00037844,-0.00024528,-0.00000300,0.00053259
,0.00015380,-0.00080423,-0.00121646,0.00008435,-0.00202727,-0.00084230,0.0001321
1,0.01418349,0.02683105,-0.06262131,0.00583131,0.00060159,0.00218202,-0.01809264
,0.10066808,-0.21836610,-0.04747259,0.01285699,-0.02249796,-0.01389631,-0.001184
95,-0.00333382,-0.00075615,0.00314905,-0.00650211,-0.00485569,0.00244418,-0.0002
4161,-0.00217783,0.00279300,-0.00200797,-0.00868783,0.00150745,-0.00249864,0.073
99800,-0.10447113,0.41158053,0.00027214,0.00035927,-0.00013159,-0.07008390,0.005
94043,0.01145810,0.00108869,-0.00297042,-0.00158565,0.00015268,0.00017956,0.0001
2924,0.00001424,0.00002841,-0.00003119,0.00007524,0.00001990,-0.00000416,0.00030
295,-0.00006429,0.00007900,0.00860353,0.01619876,0.00565053,0.01002506,-0.003472
93,-0.00238124,-0.00036569,0.00013803,-0.00042587,0.00152004,0.00736137,0.002538
28,-0.00042455,0.00023241,-0.00004212,-0.00012854,0.00012141,-0.00005807,-0.0000
8019,0.00008768,0.00006345,-0.00005633,0.00000123,-0.00026015,-0.00001160,0.0000
0431,0.00000273,0.00005260,0.00002999,-0.00002187,-0.00193077,-0.00049986,0.0000
6792,0.00016214,-0.00181250,-0.00001459,0.48814670,0.00049579,-0.00028312,0.0004
7364,0.01113332,-0.05564011,-0.00086296,-0.00277298,-0.00281424,-0.00209113,-0.0
0003307,-0.00003413,-0.00001127,0.00000643,0.00002684,0.00001234,0.00005079,0.00
000572,-0.00001642,0.00012410,0.00002744,0.00000807,0.00172723,-0.03036643,-0.01
067889,0.00313310,-0.00445049,-0.03688717,-0.00019546,0.00005867,0.00026703,-0.0
0124184,-0.00681425,-0.00584435,0.00002346,0.00024306,-0.00003705,0.00010878,0.0
0003678,0.00000181,0.00004367,0.00005908,0.00003660,-0.00007147,-0.00002197,-0.0
0004203,0.00006203,-0.00004591,0.00005064,0.00011585,-0.00001487,0.00002502,0.00
094409,-0.00025985,-0.00030867,-0.00041749,0.00075785,-0.00022339,0.03202720,0.4
1980835,-0.00018249,-0.00000828,0.00013047,0.00422849,0.00881107,-0.06175064,-0.
00283120,-0.00456080,-0.00310624,-0.00010949,-0.00015073,-0.00002736,0.00002115,
-0.00000338,0.00004046,0.00001942,-0.00000738,-0.00000411,-0.00025100,-0.0000174
0,0.00004198,0.00075041,-0.01014994,-0.01001308,0.00965046,-0.03364921,-0.045368
13,-0.00009795,-0.00004771,0.00041198,-0.00085601,-0.00812033,0.00792091,0.00009
645,0.00007316,0.00004001,0.00032301,-0.00009132,0.00006035,0.00023642,-0.000063
50,0.00002078,-0.00006135,0.00008223,-0.00008398,0.00007923,-0.00001128,0.000027
70,0.00006514,-0.00002953,0.00004511,0.00159434,-0.00011671,-0.00016089,-0.00004
783,0.00148540,0.00030733,0.04017725,0.02857883,0.38375861,0.00204004,-0.0000102
2,0.00182368,-0.32463713,-0.17094727,0.03480153,-0.01693319,-0.00189846,-0.00257
406,0.00029753,0.00044476,-0.00004670,-0.00009495,-0.00014119,-0.00022409,0.0000
1611,-0.00014130,0.00002203,0.00051240,0.00021341,-0.00103814,-0.00149939,-0.003
17954,-0.00163466,-0.03341493,-0.04988628,-0.01966793,0.00155938,-0.00044562,-0.
00032333,0.00484052,0.00429925,0.00115897,0.00034845,-0.00119422,0.00011709,-0.0
0138851,0.00035548,-0.00034145,-0.00060909,0.00050901,-0.00063630,0.00001717,-0.
00014906,-0.00040346,-0.00032455,0.00025483,-0.00009565,-0.00031067,0.00013296,0
.00002980,-0.00524880,0.00107488,0.00023214,0.00572949,-0.00251236,-0.00183523,-
0.03722039,-0.01978004,0.03129130,0.41492931,-0.00082563,0.00072693,0.00004807,-
0.16822737,-0.17276099,0.01077467,0.00687147,-0.03107960,-0.02481803,0.00019851,
0.00052135,-0.00020060,0.00001060,0.00004691,0.00001993,0.00006294,0.00004460,0.
00004833,-0.00041461,-0.00035764,0.00030659,-0.00125756,-0.00257015,-0.00023552,
-0.06000647,-0.03561953,-0.01971991,0.00010884,0.00015457,-0.00248974,0.00418062
,0.00384018,0.00098241,-0.00232876,-0.00187839,-0.00103632,-0.00057306,0.0006927
3,-0.00051381,-0.00064608,0.00022221,0.00012229,-0.00018253,-0.00018228,-0.00004
008,-0.00049439,0.00018083,-0.00004211,-0.00035629,0.00032470,-0.00010689,-0.005
04006,0.00061710,-0.00028672,0.00317833,0.00018684,0.00001342,-0.01656485,0.0061
7207,0.00600611,0.24384989,0.22906496,0.00104442,-0.00037888,0.00140557,0.041744
82,0.01547397,-0.07990202,0.00707215,-0.01933940,-0.05719654,-0.00014496,0.00021
783,-0.00039168,-0.00002932,0.00001131,0.00002443,-0.00001262,0.00005501,-0.0000
1205,-0.00069647,0.00008748,-0.00031795,-0.00001851,0.00042770,-0.00004192,-0.03
544607,-0.03243825,0.00862335,-0.00018121,-0.00006702,-0.00297505,0.00074923,-0.
00070920,0.00042066,0.00001451,-0.00126102,0.00039687,-0.00054002,0.00028799,0.0
0003230,-0.00124972,0.00054890,0.00006171,-0.00008648,-0.00007491,0.00006145,-0.
00015458,0.00004640,0.00009276,-0.00025872,0.00038786,-0.00011124,-0.00127206,0.
00038470,-0.00076301,-0.00141765,-0.00351782,0.00817482,0.03528431,0.00985636,-0
.00695766,-0.04841980,0.03285498,0.13418013,-0.02764566,-0.01909618,-0.00691112,
-0.00014398,0.00039269,0.00025376,-0.00126282,0.00175517,-0.00032992,-0.00049731
,-0.00020426,0.00014080,-0.00263186,-0.00550381,-0.00030470,-0.00241719,-0.00444
976,-0.00359243,0.00319950,0.00508836,-0.00236406,-0.00006641,-0.00062718,-0.000
13449,0.00008279,-0.00022612,-0.00019347,-0.00000624,0.00197139,0.00045438,0.000
12988,0.00018479,0.00033599,0.00471687,0.00080620,0.00148151,-0.00063398,0.00078
029,0.00072943,0.00251759,0.00024829,-0.00087794,0.00022694,-0.00030633,-0.00024
088,-0.00006499,-0.00015616,0.00004586,0.00004479,0.00090806,0.00053922,-0.00036
185,-0.00001831,-0.00029743,0.00327680,0.00117706,-0.00224012,-0.00000374,-0.000
27969,-0.00013074,-0.00092493,0.00026712,-0.00093086,0.52056154,-0.01740363,-0.0
8565048,-0.02777094,-0.00043647,-0.00056538,-0.00069590,0.00653523,-0.00342180,0
.00083433,-0.00003372,0.00122633,-0.00051442,-0.00268598,0.00002201,0.00132847,-
0.00194666,-0.00037153,-0.00081485,-0.00012139,-0.00288974,0.00129428,-0.0004588
6,0.00046680,0.00013081,-0.00007305,0.00024855,0.00032303,-0.00691433,0.00238569
,-0.00389492,-0.00008061,-0.00011889,-0.00002595,0.00587036,0.00084451,0.0028795
5,-0.00166054,-0.00022340,0.00392107,0.00159362,-0.00351569,0.00100813,-0.000527
15,-0.00000423,0.00039756,-0.00024680,0.00088040,0.00107973,0.00028683,0.0005250
1,0.00026689,-0.00002743,0.00013376,-0.00008934,0.00388498,0.00433238,-0.0042532
7,-0.00043780,-0.00011186,0.00014777,0.00032501,0.00012331,0.00055228,0.30230346
,0.39788011,-0.00798342,-0.02745320,-0.01336589,-0.00013208,-0.00053928,-0.00049
751,-0.00406972,0.00178859,-0.00024046,0.00070063,0.00081854,-0.00019662,-0.0002
4079,-0.00150254,-0.00124982,-0.00142226,0.00098462,-0.00137418,0.01199088,0.017
33961,-0.01303599,-0.00086838,0.00015809,0.00028052,0.00022267,0.00023704,0.0001
9021,0.00328413,0.00529832,0.00231007,0.00053220,-0.00009276,-0.00016689,-0.0015
6345,-0.00211518,0.00599212,-0.00586691,-0.00535589,-0.00085684,-0.00045227,0.00
505245,-0.00824603,-0.00057858,0.00076336,0.00058333,0.00004254,-0.00015708,0.00
017011,0.00018434,0.00028460,-0.00024047,-0.00086328,0.00020775,0.00021418,0.006
67193,-0.00403543,-0.00093488,-0.00005462,-0.00020443,-0.00015243,-0.00089671,0.
00063752,-0.00121173,0.12175883,-0.02397222,0.53269021,-0.01225275,0.02359271,0.
00823975,0.00029601,0.00019914,-0.00000559,-0.00045282,0.00125619,-0.00061868,-0
.00039707,0.00070067,0.00013995,-0.01239442,-0.00815297,0.00218176,0.00059093,-0
.00355288,0.00080134,-0.00065146,-0.00275861,0.00091051,0.00007346,-0.00000147,-
0.00012586,0.00007696,-0.00006617,-0.00001703,-0.00738924,0.00131785,-0.00404949
,-0.00021138,-0.00001923,-0.00004133,0.00448180,0.00033141,-0.00287935,0.0035936
8,-0.00227530,0.00187283,-0.00010399,-0.00485446,0.00072400,0.00031336,-0.000472
31,-0.00056378,-0.00010552,0.00062004,-0.00020988,0.00003332,-0.00049351,-0.0000
3549,0.00053032,-0.00000159,-0.00000610,0.00216990,0.00659033,-0.00294311,0.0000
4656,0.00005983,-0.00006233,-0.00018655,-0.00012173,0.00016476,-0.10652806,-0.03
538814,-0.10604658,0.44011892,0.02932837,-0.11674766,0.02547776,0.00017992,-0.00
028292,-0.00014725,0.00121478,-0.00067659,0.00107544,-0.00072844,-0.00035707,0.0
0019623,-0.00292386,-0.00440159,-0.00021644,-0.00032135,-0.00026965,0.00169179,-
0.00190483,-0.00074217,0.00082845,-0.00033525,0.00009366,0.00007059,0.00005181,0
.00013350,0.00006911,-0.00232863,-0.00119748,-0.00317367,-0.00047926,0.00009590,
-0.00009165,-0.00139621,0.00300244,-0.00241087,0.00359083,0.00190773,0.00186226,
0.00236095,-0.00407853,0.00595882,-0.00068422,-0.00006243,0.00019001,0.00028974,
0.00019743,0.00062604,0.00018462,0.00092179,0.00070238,0.00058934,0.00008951,0.0
0005386,-0.00548916,0.00133224,0.00186455,-0.00014219,-0.00005858,0.00003180,-0.
00030390,0.00003690,-0.00019089,-0.00935399,-0.04781568,0.02519136,0.20300794,0.
37328982,0.00234543,0.03704173,-0.02453959,0.00001285,0.00027679,-0.00035688,-0.
00013236,0.00207425,-0.00092616,-0.00021677,-0.00077966,0.00021766,-0.01433360,-
0.01428365,0.00311115,-0.00107060,0.00297346,-0.00444228,0.00115717,0.00407166,-
0.00244660,0.00001394,0.00041243,0.00007385,-0.00010996,-0.00016896,0.00001580,-
0.00596487,-0.00083358,0.00023177,-0.00020774,-0.00027103,-0.00030084,0.00381167
,-0.00096083,0.00257029,-0.00155720,-0.00224455,0.00228992,0.00018306,-0.0049231
9,0.00126790,0.00048848,-0.00052398,-0.00003309,-0.00025328,-0.00078306,-0.00039
893,0.00000926,-0.00020591,-0.00018168,0.00045603,0.00000043,0.00015482,0.001250
97,0.00217504,-0.00172940,-0.00001568,0.00016543,0.00001237,0.00009168,-0.000455
19,0.00039589,-0.10865219,-0.01522742,-0.26679140,-0.00360029,-0.18960438,0.6724
9136,-0.09205861,0.06382515,-0.02148124,0.00015322,0.00020845,0.00002696,0.00107
812,-0.00002476,0.00077788,0.00031777,-0.00099105,0.00006848,-0.14429788,-0.0535
3816,-0.13822504,0.00096202,-0.00733621,0.01833435,-0.00260170,-0.00162896,-0.00
102038,0.00028357,0.00011219,-0.00008162,-0.00016281,-0.00009831,-0.00002630,0.0
0031928,-0.00447208,-0.00027753,-0.00015348,-0.00021973,-0.00010846,-0.00416086,
0.00286357,-0.00484277,0.00198547,0.00271208,-0.00328345,0.00221164,-0.00136720,
0.00142918,0.00046405,-0.00035038,-0.00044598,0.00029749,-0.00003173,-0.00063987
,-0.00039644,-0.00088250,0.00007990,0.00023483,-0.00006518,0.00012971,-0.0028824
9,-0.00132136,0.00439731,0.00010341,0.00012863,0.00005760,-0.00006408,0.00001628
,0.00011658,-0.03382400,-0.00236489,-0.02627844,-0.22915574,-0.15313302,0.021291
09,0.56639706,0.05109275,-0.04462633,0.00547118,0.00000495,-0.00011689,-0.000103
93,-0.00261632,0.00091868,-0.00166760,0.00076846,0.00091958,-0.00104827,-0.05384
143,-0.04698428,-0.05245061,0.00199788,-0.00861766,0.01502438,-0.00289914,0.0006
8988,-0.00040803,-0.00026482,0.00006601,0.00010655,-0.00002940,0.00006821,0.0001
3139,0.00839666,-0.00175984,0.00187443,0.00035911,0.00000990,-0.00001733,-0.0022
1382,0.00073325,0.00195807,0.00079459,0.00319034,-0.00227894,0.00233603,0.000839
90,0.00083265,-0.00062642,0.00052835,0.00034952,0.00068647,-0.00059277,-0.000048
17,0.00046574,-0.00073609,-0.00004884,-0.00051003,-0.00007906,-0.00007831,-0.000
42643,-0.00667790,0.00241850,0.00002059,-0.00005377,0.00001096,-0.00013058,0.000
06699,-0.00006476,-0.02617096,0.00832061,-0.02767169,-0.11459799,-0.12336539,0.0
2871515,0.17560898,0.30010089,-0.02908437,0.01430909,-0.01174433,0.00011174,-0.0
0005608,-0.00004945,-0.00118586,0.00015072,-0.00145160,-0.00047858,-0.00051284,0
.00054351,-0.13828430,-0.05256246,-0.20575887,0.00062046,0.00274372,-0.00760343,
-0.00364269,0.00040876,-0.00188646,-0.00013998,0.00016858,0.00006558,-0.00014519
,0.00005566,0.00000784,-0.00384789,0.00165296,-0.00090382,0.00019237,-0.00005108
,-0.00000843,0.00494382,-0.00291175,0.00113082,0.00228354,-0.00069348,0.00057517
,-0.00308827,-0.00290167,0.00312241,0.00015577,-0.00021251,-0.00015093,0.0009057
8,-0.00066207,-0.00098973,0.00028279,-0.00104908,0.00004325,-0.00033113,0.000070
02,-0.00000005,0.00516876,0.00201509,-0.00331630,0.00005222,-0.00000350,-0.00001
649,-0.00010509,0.00019474,-0.00000356,-0.01562856,-0.01452216,-0.00716080,-0.00
227666,0.01543896,-0.07342841,0.18399844,-0.06249223,0.63260490,-0.09211807,0.02
678628,0.05170098,-0.00047160,-0.00005825,0.00012275,-0.00193860,0.00121928,-0.0
0005086,-0.00007246,-0.00019359,0.00105750,0.00261433,0.00671097,-0.01543080,-0.
17854686,-0.13450093,0.06324733,-0.00394194,0.00077985,-0.00147502,0.00029330,0.
00005927,0.00002399,0.00010234,0.00003178,-0.00010146,0.00588565,-0.00196744,0.0
0108369,0.00004290,-0.00020437,-0.00021694,-0.00300964,0.00303515,-0.00362653,0.
00035041,-0.00088990,-0.00315138,0.00200205,0.00025158,-0.00310846,0.00034697,-0
.00000858,-0.00013665,0.00013519,-0.00068476,-0.00086576,-0.00042856,-0.00060486
,-0.00062738,0.00020059,-0.00005168,0.00019306,-0.00219156,-0.00503346,0.0049109
1,0.00020899,0.00015017,-0.00013214,0.00064211,-0.00010612,0.00002868,-0.0351255
3,-0.01571153,0.01093675,0.00026700,-0.01028343,0.01723626,-0.06327687,-0.032336
31,0.02565525,0.58364190,0.01394077,-0.02984789,-0.00891751,-0.00043277,-0.00019
070,0.00021675,-0.00098309,-0.00047227,0.00122924,-0.00124050,-0.00105643,0.0007
1590,0.00307873,0.00032089,-0.00703943,-0.13763156,-0.14176886,0.06429364,0.0044
8078,0.00029984,0.00107757,-0.00012063,-0.00001011,0.00004100,0.00007308,0.00018
926,-0.00002851,0.00125690,0.00287387,-0.00026773,-0.00003838,0.00000045,-0.0000
7886,0.00250092,0.00159246,-0.00149871,0.00272354,0.00031661,-0.00023073,-0.0001
2177,0.00204879,-0.00021677,0.00023576,-0.00086659,-0.00072409,-0.00021408,0.000
28081,0.00040652,0.00057700,-0.00026998,-0.00068477,-0.00001129,0.00003666,0.000
14807,0.00054226,0.00160591,-0.00154922,0.00012393,-0.00000433,-0.00014254,0.000
41012,0.00007347,-0.00010745,-0.03125675,-0.01716089,0.01334273,-0.02806082,-0.0
1556166,0.01588183,-0.01448969,-0.07610003,0.08969297,0.26718596,0.34973035,0.05
156417,-0.01466572,-0.03234837,-0.00001854,-0.00000109,0.00010359,-0.00207274,-0
.00035287,0.00205013,0.00022588,0.00006515,-0.00005484,0.00253466,0.00593100,-0.
01695211,0.06479347,0.06293438,-0.06895358,-0.02108505,-0.00641200,-0.00880228,0
.00000685,-0.00024395,-0.00011080,0.00012750,-0.00002396,-0.00010797,-0.00300973
,-0.00339820,0.00172498,-0.00021621,0.00006997,-0.00012127,-0.00562930,0.0012212
9,-0.00602804,0.00846743,0.00142207,-0.00284258,0.00452517,-0.00099032,0.0048417
4,-0.00055413,-0.00001768,-0.00008508,0.00025319,0.00023083,0.00025445,-0.000066
76,0.00032386,0.00037306,0.00047005,-0.00004616,0.00012065,-0.00482123,0.0028079
5,0.00248659,0.00001299,0.00003131,-0.00006398,0.00005328,0.00004060,-0.00008682
,-0.00949862,0.00281463,0.01758115,0.03568121,0.01637170,-0.01387738,-0.01777939
,0.09597789,-0.28307616,-0.02326203,-0.12907754,0.54710078,-0.01382284,0.0167140
1,0.01684984,0.00063049,0.00045340,-0.00046213,-0.00480594,0.00218665,-0.0014592
6,0.00056472,0.00090880,-0.00097029,0.00104728,-0.00265012,-0.00255768,-0.012906
13,-0.00514561,-0.00875019,-0.04422071,-0.00468402,-0.06237078,-0.00065217,0.000
09556,0.00009247,-0.00003103,-0.00033198,0.00001754,0.00240848,0.00235675,-0.000
64730,0.00034853,0.00001668,0.00000948,0.00302519,-0.00000602,0.00694798,-0.0079
0585,-0.00410081,0.00213124,-0.00112782,-0.00024900,-0.00601605,0.00018785,-0.00
005804,-0.00013838,-0.00021582,0.00006216,0.00016228,0.00012627,-0.00065252,-0.0
0052366,-0.00046631,0.00004928,-0.00002364,0.00530460,-0.00330298,-0.00104787,-0
.00005756,-0.00014305,0.00002090,-0.00224118,-0.00029530,-0.00007232,-0.12100543
,-0.10778642,0.06971244,0.00119826,0.00374748,0.00645455,0.00605557,0.00525878,-
0.04487481,-0.21206255,-0.07714065,-0.08173035,0.41301507,0.01382900,-0.02539752
,-0.02489437,-0.00058930,-0.00081912,-0.00053160,0.00042574,0.00227437,-0.001387
66,0.00081981,0.00154896,-0.00024455,-0.00132690,0.00024856,0.00197779,-0.009646
21,-0.00819186,-0.01036960,-0.00196041,-0.02911205,0.02994393,-0.00061253,0.0005
8019,0.00030343,0.00011548,0.00031361,0.00034684,0.00319149,0.00315156,-0.000350
00,0.00029196,-0.00034746,-0.00041682,-0.00387828,0.00087988,0.00269746,-0.00478
520,-0.00223654,-0.00037126,0.00055375,0.00185956,-0.00575174,-0.00039074,0.0004
7047,0.00049290,0.00003041,-0.00046488,-0.00003707,0.00018971,0.00044204,0.00025
431,-0.00045550,0.00010066,0.00028125,0.00242505,-0.00430497,0.00136508,-0.00006
146,-0.00011886,0.00000829,0.00022797,0.00034924,-0.00026920,-0.08183893,-0.1280
7328,0.06909178,0.00909266,0.00620863,0.03462317,0.00046470,-0.00165536,0.000463
20,-0.09786986,-0.07286296,-0.03774890,0.18068227,0.26593661,0.01413406,-0.02612
607,-0.08449213,-0.00040472,-0.00047754,0.00026819,0.00239504,-0.00305796,0.0000
9911,-0.00013089,0.00064032,-0.00056783,0.00123286,0.00121079,-0.00504317,0.0073
2288,0.00410843,0.00694126,-0.05695898,0.02350504,-0.31804912,-0.00030363,-0.000
49259,0.00003564,0.00023745,0.00040067,0.00013924,0.00637766,-0.00095730,0.00511
933,0.00015857,0.00025188,0.00013744,-0.00595446,0.00206147,0.00024095,0.0016324
8,-0.00275100,-0.00004794,0.00103323,0.00388596,-0.00094848,-0.00068872,0.000603
55,0.00046990,-0.00009868,0.00048146,0.00100959,0.00014130,0.00086769,0.00039053
,-0.00043943,-0.00004977,-0.00015236,-0.00203569,-0.00641243,0.00507837,0.000106
08,-0.00012781,-0.00004630,-0.00057205,0.00046432,-0.00043850,0.08355673,0.11271
222,-0.16454619,0.00462891,0.00890253,-0.04163934,-0.01642407,-0.00369682,-0.036
79647,-0.12763648,-0.04094998,-0.13807169,0.09433368,-0.07405569,0.77246135,0.00
372498,0.00102047,0.00063410,0.00020491,0.00062671,-0.00090947,0.00058523,-0.000
02876,-0.00037133,-0.00009578,0.00015419,-0.00010153,-0.00013879,-0.00082747,0.0
0003492,-0.00011390,-0.00065898,-0.00059301,-0.00014229,0.00077028,0.00037100,-0
.00009052,0.00041628,0.00008269,-0.00025552,-0.00038669,0.00012400,0.00010618,-0
.00028604,-0.00001927,-0.00031179,-0.00034072,-0.00012479,-0.00081461,-0.0000532
8,-0.00062154,0.00035236,0.00024461,-0.00004886,-0.00039545,0.00054929,0.0005313
8,-0.00010897,0.00015462,0.00019993,-0.00008257,0.00008698,0.00020254,0.00010076
,0.00020973,0.00009391,0.00029598,0.00011651,-0.00000265,-0.00041407,-0.00020196
,0.00070397,-0.00027135,0.00010905,0.00010550,-0.00056679,0.00014218,-0.00058675
,-0.19783790,-0.13245367,-0.06490958,-0.01050435,-0.00532357,-0.00332813,-0.0011
1659,-0.00237178,-0.00263462,-0.00159095,-0.00370860,0.00066814,-0.01231254,-0.0
0731049,-0.00347035,0.22787876,-0.00539322,0.00123179,0.00217810,0.00158975,0.00
101094,0.00092100,0.00128005,-0.00623922,0.00052018,-0.00003843,0.00021994,-0.00
017147,0.00033239,0.00047010,0.00037546,-0.00030628,0.00027329,-0.00035018,0.000
39967,-0.00066944,0.00003457,0.00038108,-0.00045778,-0.00011934,-0.00030856,-0.0
0055978,-0.00035501,-0.00018659,0.00063439,0.00016240,-0.00020115,0.00034467,0.0
0016239,0.00074400,0.00041180,0.00114925,-0.00030909,-0.00003250,0.00048005,0.00
068196,-0.00038466,-0.00057648,-0.00013957,-0.00005650,-0.00009399,0.00009775,0.
00013453,0.00020268,0.00000166,0.00019822,0.00015447,-0.00004025,-0.00010391,-0.
00015390,-0.00001442,0.00088241,-0.00085660,0.00022689,0.00005001,0.00007642,-0.
00092701,0.00045245,-0.00001712,-0.14186315,-0.12645446,-0.04683710,0.00484720,0
.00166597,0.00111421,-0.00017735,0.00110846,0.00157360,-0.00150829,-0.00025022,0
.00095812,-0.00713270,-0.00609304,-0.00372211,0.14780959,0.13297953,-0.00130351,
0.00079572,0.00052812,-0.00170760,0.00015790,0.00027454,0.00010281,-0.00062074,0
.00113238,0.00000728,0.00011513,0.00005447,-0.00075903,-0.00053819,0.00028318,0.
00087712,0.00054016,0.00043858,0.00030608,-0.00044656,0.00016977,0.00013362,-0.0
0014010,0.00005409,0.00033832,-0.00018790,-0.00010007,-0.00016030,0.00029305,-0.
00017613,-0.00002661,-0.00000802,-0.00000499,-0.00011765,0.00016100,0.00036297,-
0.00015453,0.00020411,0.00030391,0.00021858,0.00012444,-0.00026081,-0.00003224,-
0.00014324,-0.00013146,-0.00002559,0.00005711,0.00024732,0.00004230,0.00017343,-
0.00007732,-0.00004557,0.00000096,-0.00003351,0.00017731,0.00039004,-0.00011191,
0.00017060,0.00001520,-0.00005913,0.00056838,-0.00013652,-0.00067502,-0.06884748
,-0.04437250,-0.06137569,-0.01665555,-0.01225967,-0.00378372,-0.00219414,-0.0005
5080,-0.00377329,0.00210914,0.00291826,-0.00190068,0.01455305,0.00874422,0.00603
558,0.06883513,0.04684674,0.06538392,-0.00698293,0.00281433,-0.00453369,0.008204
49,0.01454618,0.00217493,-0.04683040,-0.01300214,0.02388338,0.00008598,-0.000220
78,-0.00019793,0.00013112,-0.00022814,-0.00011345,-0.00004211,-0.00016441,0.0000
3863,-0.00028207,0.00008133,0.00015503,-0.26592560,0.19064854,0.08461173,0.00014
943,0.00209362,0.00645136,0.00012609,0.00180783,-0.00082918,0.01774295,-0.007412
48,-0.00312050,-0.00378411,0.00016987,-0.00082963,0.00074902,0.00011753,0.000218
17,0.00081220,-0.00011221,0.00052213,-0.00024719,0.00023389,0.00007357,-0.000080
43,0.00006848,0.00007491,0.00000421,-0.00001068,0.00003436,-0.01049808,0.0001753
2,-0.00102975,0.00935971,-0.00819445,-0.00252504,-0.08844277,-0.03729671,-0.0159
5279,0.00009889,-0.00161250,0.00116932,-0.00121867,-0.00021210,0.00066361,0.0000
5270,-0.00051860,-0.00007109,-0.00041469,0.00098025,0.00052270,0.00010876,0.0001
7211,-0.00034728,0.00127373,0.00067804,-0.00040615,0.00020457,0.00020670,-0.0001
3800,0.47515810,0.00370979,-0.00187877,0.00030605,0.00277218,-0.01474193,-0.0118
3535,-0.01077055,-0.00645040,-0.00713926,0.00011904,-0.00013840,0.00055692,-0.00
005619,0.00011673,0.00002769,0.00008322,0.00011947,0.00001190,-0.00014484,0.0000
7140,-0.00029729,0.20861617,-0.28905869,-0.10637897,0.00155801,0.00026255,-0.003
60211,-0.00057622,-0.00042088,-0.00050024,0.01584477,-0.06701417,-0.03069464,0.0
0100416,0.00022089,0.00033841,-0.00005791,-0.00012732,0.00016474,-0.00001628,-0.
00011872,-0.00001204,-0.00007846,0.00006220,-0.00030393,0.00009936,-0.00001219,0
.00000180,0.00006711,-0.00003105,-0.00008587,0.01123767,-0.00401939,0.00075242,-
0.00903861,0.00131888,0.00142606,-0.05300124,-0.16904965,-0.04978765,-0.00306365
,-0.00078495,0.00003541,0.00095007,-0.00074475,0.00040713,-0.00015313,0.00004529
,-0.00026694,-0.00005529,0.00004022,-0.00000727,-0.00002234,0.00005623,0.0002671
1,0.00094095,-0.00044164,0.00074539,0.00004570,0.00003934,0.00020973,-0.16295721
,0.61275849,-0.00272578,-0.00002203,-0.00304932,-0.00350606,-0.02306515,-0.00912
603,0.00478924,-0.00816664,-0.00934163,-0.00004728,0.00048567,-0.00084659,-0.000
00028,0.00006034,0.00004507,-0.00002837,0.00000675,-0.00003433,-0.00013555,0.000
18717,-0.00007245,0.08966844,-0.10420616,-0.08172772,0.00357927,-0.00251996,-0.0
0954581,-0.00058376,0.00012367,-0.00013027,0.00503608,-0.02931449,-0.00695338,0.
00097358,0.00066833,0.00072371,0.00086222,-0.00039416,0.00059802,0.00000228,0.00
002409,0.00009810,-0.00016411,-0.00004469,0.00049079,0.00022695,-0.00012179,0.00
011021,0.00001942,-0.00006631,-0.00001180,0.00570681,-0.00038489,-0.00254815,-0.
00631617,-0.00063994,0.00032663,-0.01748202,-0.04788184,-0.07216182,0.00092349,-
0.00193923,0.00061289,0.00034619,0.00003388,0.00037185,0.00023157,-0.00022486,0.
00016890,0.00009253,0.00009450,0.00003109,0.00018698,-0.00047693,-0.00011953,0.0
0044856,0.00023480,0.00023863,0.00010048,-0.00023919,-0.00019590,-0.09015501,0.2
1257161,0.18117907,0.00011317,-0.00002027,-0.00007126,-0.02065970,0.00003866,-0.
00399341,-0.00092224,-0.00103679,-0.00071050,0.00005218,0.00008251,0.00007895,0.
00000326,-0.00002055,-0.00001039,0.00000486,-0.00002474,0.00000144,0.00008149,-0
.00001801,-0.00007786,-0.00171196,0.00038973,0.00046135,0.00297331,-0.00065438,-
0.00072042,0.00000106,0.00007178,0.00003320,0.00029514,0.00035141,0.00029004,-0.
00011774,0.00010231,-0.00006842,0.00005052,0.00000540,0.00003332,0.00001793,0.00
003595,-0.00000801,-0.00003845,-0.00003268,0.00008457,0.00001538,-0.00001057,0.0
0001952,0.00001930,-0.00002016,0.00000863,0.00004059,0.00009948,-0.00005225,0.00
016495,0.00002265,0.00014119,-0.24115255,0.00688186,-0.06178388,-0.00276997,-0.0
0126865,0.00457154,-0.00008736,-0.00000239,0.00001219,0.00002381,-0.00004210,0.0
0010089,0.00006006,0.00003667,0.00003526,0.00010346,0.00004651,0.00001830,0.0000
0498,0.00009189,-0.00007782,0.00003167,-0.00014731,0.00000544,-0.01296837,-0.013
06670,-0.00766807,0.28054466,-0.00030260,0.00013096,-0.00031427,0.00326943,0.002
15910,0.00311281,0.00026937,-0.00164611,-0.00154517,0.00002958,0.00002025,0.0000
2334,0.00000224,-0.00000247,-0.00000245,0.00000010,0.00000824,0.00000076,-0.0000
1835,-0.00001537,0.00001670,-0.00263462,0.00146653,-0.00033026,-0.00030556,-0.00
028563,-0.00030543,0.00008117,0.00005173,-0.00006798,0.00074212,0.00061159,0.000
82531,-0.00005144,-0.00002038,0.00006035,0.00003494,-0.00001590,0.00003371,0.000
04089,-0.00002604,0.00004768,-0.00000087,-0.00003484,0.00001086,-0.00001131,-0.0
0000015,-0.00001204,-0.00000809,0.00000680,-0.00000375,-0.00009105,0.00003840,0.
00009343,0.00004026,-0.00010965,0.00012062,0.00472478,-0.03997910,-0.00109563,0.
00193329,0.00093781,-0.00127015,0.00005430,-0.00002741,0.00008730,0.00002221,0.0
0001635,-0.00004704,-0.00005797,0.00003190,0.00000580,-0.00003052,-0.00000125,0.
00001475,0.00007599,0.00006091,0.00006951,-0.00004552,0.00002573,0.00002139,-0.0
3228354,-0.01248960,-0.01273995,0.00542645,0.05504212,-0.00010962,0.00007031,-0.
00008697,0.01791298,-0.00232523,0.00532627,0.00078978,-0.00040337,-0.00060782,0.
00002295,0.00002167,0.00001416,0.00001621,-0.00000431,-0.00000209,-0.00000399,-0
.00000132,0.00000214,-0.00006030,-0.00001632,0.00001563,-0.00254639,0.00064220,0
.00057253,0.00001923,0.00164034,0.00032575,0.00005713,0.00004411,-0.00006652,0.0
0021382,0.00009724,0.00011860,-0.00004251,-0.00007067,0.00002515,0.00003745,-0.0
0000200,0.00002376,0.00004116,-0.00001109,0.00003227,-0.00001889,0.00002493,0.00
001012,-0.00000270,0.00001615,0.00000712,-0.00001426,0.00001400,-0.00000003,0.00
007375,-0.00002590,0.00011305,-0.00008987,-0.00013533,-0.00004479,-0.05726686,-0
.00268544,-0.05577072,0.00415735,0.00202188,-0.00465386,-0.00003403,-0.00001165,
0.00007746,-0.00000555,0.00001478,-0.00005590,-0.00000936,0.00003136,0.00001396,
-0.00003404,-0.00000378,0.00000269,0.00004845,0.00002706,0.00004105,-0.00002205,
0.00005029,-0.00010513,-0.01470034,-0.00793040,-0.00373718,0.07065531,-0.0002820
5,0.07311589,-0.00025614,0.00211662,-0.00154023,0.00003958,0.00017726,0.00002140
,-0.00138578,-0.00062586,0.00002130,-0.24151070,0.07961270,0.00675967,0.00000020
,0.00007258,-0.00008693,-0.00006282,0.00136253,-0.00008998,-0.00007499,-0.000210
26,-0.00017382,0.00025955,0.00008684,-0.00007043,-0.00004541,-0.00003641,-0.0000
1328,-0.01846096,0.00119001,0.01012460,0.00017498,-0.00020681,0.00003279,-0.0005
5955,-0.00075697,-0.00001771,-0.00047722,-0.00042303,0.00004419,0.00148103,0.000
59617,-0.00188531,0.00023856,-0.00014687,-0.00006306,0.00002905,0.00006762,-0.00
010488,0.00051773,0.00001120,0.00011981,-0.00028286,0.00004556,-0.00009561,-0.00
020124,0.00009348,0.00252380,0.00008469,0.00007993,-0.00000511,-0.00001069,-0.00
013903,0.00013282,0.00003940,-0.00016144,-0.00008980,0.00011822,0.00020822,0.000
03408,-0.00030321,-0.00036961,0.00028449,0.00050759,0.00223593,-0.00036844,-0.00
071617,-0.00024600,0.00023862,-0.00000585,0.00007148,0.00001844,-0.00019474,0.00
005796,0.00009243,0.00004164,-0.00000577,-0.00001658,0.28678203,0.00176674,0.002
05189,-0.00206683,-0.00001650,0.00003275,0.00000721,-0.00001972,0.00013082,-0.00
005556,0.08279006,-0.07279970,-0.00584193,-0.00031811,0.00019632,-0.00001451,0.0
0247074,-0.00185103,0.00027655,-0.00014375,-0.00009665,-0.00000884,0.00006723,-0
.00012992,-0.00006517,0.00003608,0.00000406,-0.00000240,-0.00816106,0.00175547,0
.00429020,0.00011765,0.00008873,0.00004994,0.00043077,-0.00062942,0.00008162,-0.
00011449,-0.00016820,-0.00058861,-0.00101756,-0.00048133,0.00003978,0.00021912,-
0.00012902,-0.00010344,0.00007997,-0.00007290,-0.00037105,-0.00026804,0.00007421
,0.00002194,-0.00004111,-0.00008547,-0.00002133,0.00013449,0.00011325,0.00083731
,0.00001294,0.00003077,0.00000717,0.00012520,0.00003738,0.00009397,-0.00002714,0
.00064999,0.00063493,-0.00033314,0.00031227,-0.00044585,-0.00024849,0.00071346,0
.00027542,-0.00088401,-0.00278951,0.00137021,-0.00044548,-0.00015483,0.00013042,
0.00016187,0.00027705,0.00007727,-0.00008030,-0.00009341,0.00015658,0.00000382,-
0.00000068,-0.00000305,-0.09265514,0.08388960,-0.00231705,-0.00383788,0.00063186
,-0.00014818,-0.00004397,0.00002551,-0.00040260,-0.00020467,-0.00028696,0.010671
15,-0.00679843,-0.03761490,0.00016851,0.00000535,-0.00015240,-0.00031095,0.00041
968,0.00100114,-0.00013160,-0.00021600,-0.00025615,-0.00007512,-0.00000508,-0.00
005807,0.00006153,0.00002166,0.00002830,0.03015330,-0.00325540,-0.00954263,0.000
00795,-0.00002748,0.00007090,0.00049204,0.00145555,-0.00026241,0.00040563,0.0004
0399,0.00006333,0.00221039,0.00051132,-0.00042071,-0.00043817,0.00039170,-0.0000
5916,0.00000044,0.00013748,0.00031420,-0.00082487,0.00014046,-0.00124220,-0.0000
3449,0.00010125,-0.00002835,-0.00012500,-0.00016863,-0.00317826,-0.00000696,-0.0
0002486,-0.00002337,0.00009388,0.00009904,0.00012629,-0.00015619,-0.00036859,-0.
00018482,0.00014179,-0.00011393,-0.00000404,0.00049579,-0.00009584,-0.00014845,0
.00054886,0.00040783,-0.00016593,0.00020188,-0.00039634,-0.00008593,-0.00013412,
-0.00007704,-0.00001540,0.00002522,0.00000974,0.00002212,-0.00000618,0.00001011,
0.00000611,-0.00895566,0.00658159,0.05931386,-0.00004414,-0.00076561,0.00016590,
0.00004955,0.00005109,0.00002072,-0.00009405,-0.00050512,-0.00065051,-0.04237272
,0.00330392,0.00306361,0.00003777,0.00001217,0.00003049,0.00028896,-0.00003982,-
0.00002202,-0.00003164,-0.00000961,-0.00005856,0.00006733,-0.00027199,-0.0000891
1,-0.00001825,-0.00000437,0.00000591,0.00202028,-0.01115631,0.00273516,0.0000289
5,0.00020804,0.00002467,-0.00016320,0.00005012,0.00011541,0.00002674,-0.00005714
,0.00023842,0.00012756,-0.00037039,-0.00025076,0.00004464,-0.00006603,0.00001280
,-0.00006617,-0.00003036,0.00002692,0.00002834,0.00007701,-0.00002607,-0.0000341
1,-0.00015638,0.00001840,-0.00055693,-0.00040019,0.00045067,-0.00000180,0.000025
42,0.00001288,-0.00000120,0.00000679,0.00006385,0.00001853,-0.00005801,-0.000080
10,0.00004298,0.00011013,0.00003421,-0.00000245,-0.00008879,0.00017387,-0.000057
76,0.00068582,-0.00013010,-0.00025842,-0.00003971,-0.00002122,0.00000337,0.00003
887,0.00000358,-0.00027318,0.00003671,0.00016379,0.00000686,0.00000383,-0.000000
40,-0.00276873,0.02923446,-0.00281329,0.04937080,-0.00028557,-0.00001190,0.00063
590,0.00042460,0.00031812,0.00012679,0.00004728,-0.00056601,-0.00084553,0.005614
54,-0.24214421,0.02533409,-0.00009285,0.00008893,-0.00004639,-0.00011842,-0.0001
0870,0.00004828,0.00003718,0.00001217,0.00017513,0.00041274,-0.00046651,-0.00016
810,-0.00016647,-0.00012972,-0.00010606,-0.00185058,-0.01032087,0.00849556,-0.00
008802,0.00034171,0.00007436,0.00014990,-0.00011431,0.00027747,-0.00010452,-0.00
018889,0.00022489,-0.00025194,-0.00030748,0.00000704,0.00011419,0.00007689,-0.00
006343,-0.00003031,0.00003634,-0.00012225,0.00015646,-0.00028387,0.00004750,0.00
011234,-0.00032935,-0.00005232,0.00028767,-0.00020525,-0.00050898,0.00002745,0.0
0008938,0.00007645,-0.00030276,-0.00008658,0.00017540,0.00014779,0.00007310,0.00
037004,0.00000435,-0.00008563,-0.00043527,-0.00027041,0.00019991,-0.00010701,-0.
00028514,-0.00026992,0.00020405,-0.00006318,0.00051127,0.00013637,0.00007442,0.0
0014614,0.00000754,-0.00032253,0.00011197,0.00013185,-0.00002365,-0.00000665,-0.
00001289,0.00400361,-0.01542254,0.00169114,0.00263229,0.29095408,0.00160439,0.00
170309,-0.00281086,-0.00020157,-0.00006971,-0.00002960,-0.00005560,0.00056509,-0
.00109222,-0.00048417,0.02536066,-0.04180287,0.00005087,-0.00002742,0.00002929,-
0.00002182,0.00003461,0.00000369,-0.00003902,0.00007589,-0.00002216,-0.00008824,
0.00009132,-0.00001420,0.00006189,0.00001350,0.00005585,0.00150040,0.02550187,-0
.00686352,0.00008405,-0.00013310,0.00007243,0.00015581,0.00012205,-0.00034758,0.
00011082,0.00021030,-0.00044067,0.00050804,0.00015502,-0.00041097,-0.00009117,-0
.00003174,-0.00008964,0.00006225,0.00000767,0.00003792,-0.00019402,0.00023087,0.
00006219,-0.00012939,0.00017435,-0.00006460,-0.00027146,0.00089557,-0.00014875,-
0.00003507,-0.00001045,-0.00001209,0.00019476,0.00010287,0.00012668,0.00004686,-
0.00014035,-0.00028759,-0.00035200,0.00038836,0.00017301,0.00028686,-0.00005023,
-0.00012766,0.00019418,-0.00011420,0.00042405,-0.00022989,-0.00060617,0.00020922
,-0.00002495,-0.00002223,-0.00000788,0.00002578,-0.00019456,0.00026752,0.0000020
1,-0.00000204,0.00000210,0.00019977,-0.00145630,0.00190636,0.00332199,-0.0245599
1,0.05358761,0.00016054,0.00106294,-0.00320356,0.00010748,0.00000071,-0.00009380
,0.00007037,0.00021697,-0.00012720,-0.00015956,-0.00016692,0.00001716,-0.0005641
2,0.00053058,0.00001901,0.00032779,-0.00105004,0.00102144,0.00050282,0.00013375,
-0.00035930,-0.00005297,0.00011700,-0.00002045,-0.00004139,0.00001998,0.00006151
,-0.00051338,0.00012906,0.00032878,-0.00004069,-0.00008177,-0.00000118,0.0004974
5,0.00019069,0.00007348,-0.00007666,-0.00008483,0.00021084,-0.00020481,-0.000339
94,-0.00004451,-0.00026331,0.00036414,0.00014811,0.00015919,-0.00023187,-0.00032
742,-0.00004939,-0.00005721,0.00013515,0.00008545,0.00002002,-0.00003088,0.00040
636,-0.00026156,-0.00032695,0.00002793,0.00003369,0.00004262,-0.00000489,-0.0000
0365,0.00006641,0.00406008,0.00668398,-0.00917858,-0.07092393,-0.04809408,0.0848
1416,-0.00682940,-0.00818446,0.02045151,-0.00279439,-0.00497391,0.00175413,-0.00
112178,-0.00147110,-0.00180772,-0.00001909,0.00043733,0.00003341,0.00008294,-0.0
0002990,0.00002757,0.00001128,-0.00001932,0.00001748,-0.00001731,0.00005093,-0.0
0003676,-0.00001871,-0.00000171,0.00000193,0.07840015,-0.00230460,-0.00134230,0.
00566358,-0.00009273,-0.00009830,0.00005331,-0.00054875,-0.00029021,0.00006100,0
.00004726,0.00059320,-0.00041747,0.00043195,-0.00094402,-0.00009231,0.00029098,0
.00018567,0.00028034,-0.00025298,0.00035878,-0.00035907,-0.00009135,-0.00007015,
0.00003823,0.00001636,0.00001817,-0.00002013,0.00025212,0.00031047,-0.00102346,0
.00001154,0.00008430,-0.00002399,-0.00074679,0.00027825,0.00028796,0.00029969,-0
.00021579,0.00102045,0.00027580,0.00084398,0.00068750,0.00030648,-0.00023217,0.0
0003916,-0.00039022,-0.00066971,-0.00046024,0.00030317,0.00048307,0.00019361,-0.
00014585,0.00003206,0.00002144,-0.00115258,0.00081017,0.00018389,-0.00000366,-0.
00003562,0.00000139,0.00001345,0.00000902,-0.00016073,0.00402953,-0.00031811,-0.
00174438,-0.04974235,-0.07417883,0.10293993,-0.00305017,-0.00722630,0.00987124,-
0.00232913,0.00029391,-0.00043786,-0.00106620,0.00217385,-0.00147969,0.00056340,
-0.00067806,-0.00005642,-0.00023919,0.00007039,-0.00011455,-0.00002120,-0.000001
22,-0.00000570,0.00002269,0.00039345,-0.00031380,0.00002613,0.00009149,-0.000082
68,0.05531018,0.07895678,0.00020729,-0.00115337,-0.00107321,0.00040327,0.0002175
7,-0.00021200,0.00016425,0.00071131,-0.00044797,0.00004070,-0.00012819,0.0000181
0,0.00019133,0.00003775,0.00035773,-0.00044960,0.00018081,0.00010321,0.00045153,
0.00115221,-0.00026228,0.00009291,0.00010340,-0.00003198,-0.00013045,-0.00011992
,0.00003895,0.00000542,-0.00018946,-0.00018864,-0.00008255,-0.00011348,0.0000315
3,0.00006073,-0.00024170,-0.00046392,0.00039392,-0.00044264,-0.00014329,-0.00007
063,-0.00012906,0.00018137,0.00000264,0.00003937,0.00012380,-0.00005447,-0.00029
224,-0.00007030,-0.00003046,-0.00020246,-0.00002973,0.00015170,-0.00004173,-0.00
005088,-0.00006554,-0.00022205,-0.00001523,-0.00011741,0.00005092,0.00008546,-0.
00026127,-0.00012003,0.00006789,0.00909562,0.00952914,-0.01757443,0.08508666,0.1
0291636,-0.24877713,0.00091015,-0.00017723,-0.00023095,-0.00064385,0.00125348,-0
.00132537,-0.00159360,0.00237000,-0.00482938,0.00015082,-0.00034495,-0.00010955,
0.00000327,-0.00009539,0.00019785,0.00002103,-0.00003552,0.00000887,-0.00003261,
-0.00020001,0.00001282,-0.00000794,0.00001055,-0.00001542,-0.09327734,-0.1142851
3,0.27441782,0.00525786,-0.00200394,0.00526707,-0.00066329,0.00009360,0.00093270
,-0.01939506,-0.00050847,-0.00276681,-0.10712264,-0.03132578,-0.03782245,0.00000
712,0.00001531,0.00009483,0.00001615,0.00003933,0.00004569,-0.00009423,0.0001138
8,0.00030186,0.00086995,-0.00131391,-0.00005056,0.00021001,-0.00015714,-0.000251
98,0.00755943,0.00376540,0.00197930,-0.00025471,0.00075897,0.00095335,0.00025123
,0.00019917,-0.00020865,-0.00021936,-0.00019141,-0.00005789,0.00005172,-0.000709
57,0.00103525,0.00007791,0.00005283,-0.00022671,-0.00010429,0.00009440,0.0000688
5,0.00016581,-0.00005229,0.00020902,-0.00005633,0.00001213,-0.00005108,-0.000986
33,0.00243743,0.00185991,-0.00064954,-0.00002784,0.00003861,-0.00015392,0.000413
05,-0.00114500,0.00019865,-0.00004752,-0.00067046,0.00003938,0.00009609,-0.00011
383,0.00015059,-0.00053579,-0.00010738,-0.00056862,0.00043576,0.00010862,0.00042
877,-0.00031338,0.00000445,0.00015692,0.00003544,-0.00000271,0.00099998,-0.00551
360,0.00485943,-0.00008409,-0.00020933,-0.00010210,-0.02259210,-0.01045488,-0.02
157700,-0.00533133,-0.01105047,-0.00653488,-0.00001040,0.00006708,-0.00010159,0.
45394072,0.00581042,-0.00218942,0.00200990,0.00000340,0.00025627,0.00084204,-0.0
1805250,-0.00384694,-0.00559730,-0.02438816,-0.09274553,-0.03445141,-0.00025952,
0.00027181,-0.00000005,-0.00002254,0.00009732,0.00017330,0.00053315,-0.00130923,
0.00050445,0.00107166,-0.00134706,0.00017464,-0.00010965,-0.00021591,-0.00038536
,0.00147208,0.00404178,-0.00009633,-0.00077147,0.00084548,0.00045762,0.00090568,
-0.00022040,-0.00128744,-0.00036516,0.00027171,-0.00036832,-0.00051350,-0.001165
18,0.00072182,0.00025045,0.00004933,-0.00021355,-0.00004832,0.00007694,-0.000180
31,-0.00008557,-0.00015868,-0.00009758,0.00114511,-0.00038484,0.00018936,-0.0012
9217,0.00403716,0.00142421,-0.00008906,-0.00004424,0.00000765,-0.00112423,-0.000
02113,-0.00036494,0.00070110,0.00063657,-0.00123436,-0.00010621,0.00091587,-0.00
018977,-0.00016609,-0.00031499,-0.00012896,-0.00086493,-0.00026782,-0.00008235,0
.00222610,-0.00374387,0.00233248,0.00012921,0.00021370,0.00008706,0.00423522,-0.
00157039,0.00369412,-0.00009518,-0.00005250,-0.00001275,0.00565030,0.00342682,0.
00608084,-0.02005865,-0.02509842,-0.02618455,-0.00008376,0.00032099,-0.00008884,
-0.06776466,0.33642290,-0.00311511,-0.00319118,-0.00114760,-0.00045377,-0.000565
93,-0.00072943,0.01149748,-0.00286481,-0.00345341,-0.05541380,-0.05910130,-0.125
38913,0.00039229,-0.00036562,0.00005438,0.00000698,-0.00016282,-0.00022005,0.000
18282,0.00001386,-0.00032425,-0.00100562,0.00066337,-0.00018179,0.00021672,0.000
30060,0.00034086,-0.01618190,-0.00811486,-0.04041841,0.00098163,-0.00046603,-0.0
0013733,-0.00122253,0.00049915,0.00056284,-0.00020991,0.00155179,-0.00073039,0.0
0299134,0.00048751,-0.00306390,-0.00023967,-0.00004911,0.00032003,0.00019999,0.0
0054314,0.00031792,0.00017661,0.00026498,0.00015469,-0.00086238,0.00021042,-0.00
017323,0.00188140,-0.00147197,-0.00086393,0.00065774,-0.00005904,-0.00010905,0.0
0042536,-0.00011833,0.00181512,-0.00041147,-0.00045276,0.00134881,-0.00016876,-0
.00092918,-0.00010105,0.00022945,0.00038369,0.00020034,0.00103032,-0.00019465,-0
.00048062,-0.00075961,0.00240922,-0.00120300,-0.00018270,-0.00022491,-0.00010038
,-0.00262903,0.00338622,-0.00062686,0.00003930,0.00017118,0.00010569,-0.00650911
,-0.00045443,-0.00383636,-0.00601574,-0.01120553,-0.00358839,0.00007676,-0.00039
116,0.00006471,0.01502936,0.05909397,0.49184384,0.00008447,-0.00028786,0.0004965
0,0.00048779,0.00027497,0.00062471,0.00110382,-0.00173666,0.00005601,-0.02196104
,0.00768960,-0.01121622,-0.00002544,0.00001649,0.00005562,-0.00002747,0.00008939
,-0.00002611,-0.00000489,0.00013908,0.00008825,0.00069974,-0.00144284,-0.0002580
6,-0.00018454,-0.00015046,-0.00032153,0.00036000,0.00009262,0.00085917,0.0001302
2,0.00087952,0.00003203,0.00006232,-0.00026539,0.00000652,0.00000848,-0.00014428
,0.00010688,0.00023817,0.00021558,-0.00050656,0.00004341,-0.00000665,0.00001419,
-0.00000971,-0.00001541,-0.00002001,0.00000914,-0.00000733,0.00002554,0.00038584
,-0.00052358,0.00009458,-0.00062424,0.00070184,-0.00023959,0.00003988,0.00021275
,0.00005643,-0.00057609,0.00019258,-0.00005160,0.00002180,0.00017637,-0.00016294
,-0.00009691,0.00003372,0.00002979,-0.00002563,0.00000288,-0.00002988,-0.0002878
6,-0.00013699,-0.00026414,0.00037268,-0.00031166,0.00028705,0.00000898,-0.000022
79,0.00003043,-0.00103035,0.00002888,0.00072405,-0.00004739,-0.00007170,-0.00003
288,-0.00287681,-0.00059927,-0.00340070,0.00030342,0.00241657,0.00031677,-0.0000
3972,0.00007090,0.00002993,-0.13024573,0.05100343,-0.02576645,0.47464426,-0.0002
4855,0.00042237,-0.00031067,-0.00064751,-0.00064802,-0.00014646,0.00050850,-0.00
439973,0.00415191,-0.01057633,0.00419504,-0.00369404,-0.00000075,-0.00004605,-0.
00002203,-0.00006344,-0.00007506,0.00001303,0.00025094,-0.00022780,-0.00017294,-
0.00044100,0.00051023,0.00017036,0.00021126,0.00032262,0.00007531,-0.00070842,-0
.00036622,-0.00051271,0.00059263,-0.00059168,-0.00000771,0.00030807,-0.00023745,
0.00016390,0.00003519,-0.00009994,0.00000172,0.00019434,-0.00006968,-0.00043196,
0.00003829,0.00001969,-0.00010251,-0.00004534,0.00006878,-0.00003513,-0.00006634
,0.00000821,-0.00000014,-0.00071295,0.00028754,0.00025043,0.00039000,-0.00046165
,0.00190507,0.00005606,-0.00015350,-0.00016582,0.00027135,-0.00004523,-0.0004595
7,0.00015288,-0.00012727,0.00022740,-0.00017352,0.00001762,-0.00003556,-0.000007
67,0.00012520,-0.00004328,-0.00011814,0.00036023,-0.00006332,-0.00011714,0.00039
368,0.00029015,0.00003547,-0.00003306,0.00006734,-0.00059814,-0.00041501,0.00033
647,0.00001272,-0.00001701,0.00003372,-0.00316637,-0.00039739,-0.00228422,-0.001
85943,0.00226805,-0.00202639,-0.00001803,0.00002327,-0.00006817,0.07887644,-0.11
633665,0.02047271,0.02356497,0.45221643,0.00049088,-0.00027240,0.00041001,0.0001
6783,0.00003197,0.00030260,0.00043149,0.00382479,-0.00032844,-0.01988306,0.01204
928,-0.00918745,-0.00000087,-0.00001498,0.00003608,0.00005978,-0.00002027,-0.000
09686,0.00003931,0.00015449,0.00004712,0.00047557,0.00059358,0.00028682,-0.00010
359,-0.00006993,-0.00020005,-0.00040971,-0.00020734,-0.00055665,-0.00030627,-0.0
0059098,0.00024254,-0.00039820,0.00016332,-0.00029748,-0.00009235,0.00018306,-0.
00017657,0.00021172,0.00007860,-0.00033042,-0.00002983,0.00003697,0.00001482,0.0
0001451,0.00004449,0.00001685,0.00005892,0.00001110,0.00005823,-0.00040375,0.000
45820,-0.00038667,0.00056455,-0.00014473,-0.00116104,0.00003814,0.00000787,0.000
00841,-0.00028962,0.00063526,0.00002043,-0.00002055,0.00010283,-0.00034162,-0.00
007663,-0.00002540,0.00008136,0.00007483,-0.00000293,0.00002292,-0.00006708,-0.0
0011915,-0.00003185,-0.00000964,-0.00034587,-0.00001040,0.00000165,-0.00000842,0
.00001450,0.00011089,0.00008245,-0.00029589,-0.00003572,-0.00002309,-0.00002987,
-0.00252906,-0.00079159,-0.00294952,0.00043968,0.00045385,0.00142867,0.00002577,
-0.00000716,0.00004353,-0.04090862,0.02082117,-0.08509752,-0.01618326,0.04260053
,0.50792611,-0.00049309,0.00008282,0.00035351,-0.00058517,-0.00059346,-0.0001302
7,-0.00054102,0.00041360,0.00086135,0.00655612,-0.00342140,-0.01153236,0.0000254
5,-0.00000701,-0.00007680,-0.00031457,-0.00009149,-0.00032906,0.00087953,-0.0000
4552,0.00038844,-0.00045195,0.00030235,0.00019968,0.00021721,0.00027763,0.000162
08,-0.00055584,-0.00124437,-0.00247350,0.00018056,-0.00026231,-0.00004940,-0.000
00823,0.00010056,0.00004474,-0.00010583,0.00021993,-0.00007710,0.00039595,-0.000
04448,-0.00035063,-0.00002184,0.00001415,-0.00003129,-0.00000157,0.00011600,-0.0
0000089,-0.00002364,0.00000008,-0.00003221,-0.00037784,0.00020280,0.00004028,-0.
00020552,-0.00013225,0.00008958,-0.00002908,-0.00008446,-0.00010399,0.00027682,0
.00037392,-0.00021231,0.00005976,0.00009120,0.00033108,0.00005428,0.00009830,0.0
0001250,-0.00006446,-0.00006189,-0.00021260,-0.00003547,-0.00022861,0.00038297,-
0.00045568,-0.00092717,0.00069750,-0.00001115,-0.00003031,-0.00001886,-0.0001039
0,-0.00039682,0.00007040,0.00002989,-0.00001799,0.00000698,0.00128984,-0.0013768
5,-0.00281246,-0.00016927,-0.00110589,-0.00127844,-0.00001966,-0.00004556,0.0000
0541,-0.12213299,0.02629713,0.06637365,-0.02418934,0.01032526,0.02183068,0.51191
914,0.00112246,0.00011548,-0.00004955,-0.00022598,0.00000845,0.00039949,-0.00078
051,0.00229284,0.00051093,0.00725262,-0.00626372,-0.01636481,-0.00005365,0.00001
572,0.00002712,0.00025803,0.00006108,0.00030617,-0.00013714,-0.00220245,0.001726
90,0.00013770,-0.00015567,0.00007925,0.00005998,0.00000083,-0.00013785,0.0000377
4,-0.00117989,-0.00019658,-0.00015581,0.00000311,0.00000324,0.00002857,0.0002072
4,-0.00025380,-0.00018825,0.00010621,-0.00011536,0.00011634,-0.00000397,-0.00044
842,0.00001379,-0.00001508,-0.00004649,0.00002174,0.00002234,-0.00000635,-0.0000
0228,-0.00003705,0.00000591,0.00018389,-0.00003020,0.00004878,-0.00070894,-0.000
00865,0.00014298,-0.00004216,0.00005235,-0.00006189,0.00007370,-0.00000332,-0.00
061716,0.00034122,-0.00015496,0.00009001,-0.00012698,0.00004810,0.00025849,0.000
12295,-0.00005540,0.00008394,-0.00026499,0.00002966,-0.00013788,-0.00059985,-0.0
0153884,-0.00031213,0.00002744,0.00000096,0.00009327,-0.00046721,-0.00082842,0.0
0054143,0.00001276,-0.00005995,-0.00004707,0.00127858,0.00095356,0.00057351,-0.0
0062979,-0.00112160,-0.00135961,0.00002884,0.00009066,0.00000231,0.00821659,-0.0
6412317,-0.01304980,0.01675314,-0.00969164,-0.01452768,-0.01216845,0.50220769,0.
00029758,-0.00114147,0.00137747,0.00007770,0.00040711,0.00062276,0.00070419,0.00
015406,-0.00065971,0.00958117,-0.00774890,-0.02865292,0.00006258,-0.00003507,0.0
0005121,0.00000224,0.00013904,-0.00019522,0.00027788,0.00111677,-0.00032917,0.00
055924,0.00002659,-0.00013070,-0.00006020,-0.00019075,-0.00032144,-0.00260086,-0
.00182628,-0.00394824,-0.00017939,-0.00012591,0.00018364,0.00001272,0.00020626,0
.00003794,-0.00034573,0.00035396,-0.00017983,0.00038120,0.00023967,-0.00060404,-
0.00003849,-0.00006398,0.00005007,0.00004978,0.00001578,0.00003597,0.00010313,0.
00010706,-0.00003942,0.00017785,-0.00000056,-0.00025107,-0.00017005,-0.00000524,
-0.00022713,0.00010736,0.00008491,-0.00000888,-0.00005350,-0.00035825,-0.0004856
1,-0.00018266,-0.00030094,-0.00012210,0.00002474,-0.00007813,-0.00006835,0.00007
047,-0.00008089,0.00023038,0.00017130,-0.00018929,-0.00035899,0.00047156,0.00048
093,-0.00032546,0.00005301,0.00001702,-0.00004536,0.00018783,0.00021847,0.000039
31,-0.00001921,0.00000050,-0.00002664,0.00189005,-0.00090047,-0.00077054,-0.0000
3000,0.00041056,0.00029980,-0.00000405,0.00002306,0.00001651,0.06527947,-0.03441
536,-0.16247146,-0.00073001,0.00265132,0.00202446,0.05236514,0.00818202,0.474193
12,0.00016664,0.00010798,-0.00030389,0.00030471,0.00033163,-0.00000189,-0.000608
40,-0.00076659,0.00078328,0.00116288,0.00217434,0.00059632,0.00001374,-0.0000025
2,0.00000984,0.00005245,0.00001794,0.00000497,-0.00006663,0.00000390,-0.00002135
,0.00043081,-0.00000949,-0.00016617,-0.00012520,-0.00015240,-0.00012903,-0.00024
153,-0.00021546,-0.00007291,0.00011757,-0.00000371,0.00012098,0.00004814,0.00008
555,-0.00001991,-0.00000436,-0.00003419,-0.00002894,-0.00006240,-0.00003462,-0.0
0004114,0.00002739,-0.00000484,-0.00002473,0.00002539,-0.00001739,0.00000472,0.0
0004098,-0.00000464,0.00001187,-0.00011687,-0.00008407,-0.00009397,0.00001127,-0
.00031129,0.00031929,-0.00002719,0.00004946,0.00004483,-0.00013264,-0.00034762,-
0.00000945,0.00003625,-0.00006658,0.00005319,-0.00009578,0.00001027,-0.00004454,
-0.00000773,0.00007735,0.00002107,-0.00002263,-0.00000198,0.00003500,-0.00012718
,0.00018201,-0.00004881,0.00000805,0.00003884,0.00001099,-0.00021347,-0.00005699
,0.00011674,-0.00000695,-0.00001935,-0.00000266,0.00026850,0.00011567,0.00020849
,0.00044191,-0.00054962,0.00047987,0.00000061,0.00001801,-0.00000938,0.00395039,
0.02145280,-0.01203489,-0.07720081,-0.05970050,0.03906665,0.00204715,0.00248000,
-0.00303522,0.08552532,0.00035825,0.00010697,-0.00021308,0.00051679,0.00038292,0
.00013017,0.00059118,-0.00063145,0.00069666,-0.00056366,0.00065270,-0.00096209,-
0.00001308,0.00002507,0.00001100,-0.00002511,-0.00000968,0.00001666,-0.00003064,
0.00004202,0.00014318,0.00049602,-0.00018825,-0.00005179,-0.00023809,-0.00019619
,-0.00019448,0.00005669,0.00010306,0.00009963,-0.00035476,0.00018963,-0.00006005
,0.00004587,0.00007786,-0.00010657,-0.00007945,-0.00000626,-0.00005334,-0.000035
56,0.00002155,-0.00010808,0.00002914,-0.00000766,-0.00002314,0.00001651,-0.00001
661,-0.00001495,0.00002457,-0.00003650,-0.00000816,0.00043877,-0.00024104,-0.000
06165,-0.00031581,0.00035232,-0.00006505,0.00000405,0.00009460,0.00009875,-0.000
28676,-0.00024752,-0.00022074,0.00014662,-0.00003899,-0.00010414,-0.00007512,0.0
0003678,-0.00004714,-0.00000431,0.00001578,-0.00000739,-0.00007685,-0.00002280,-
0.00005048,0.00005609,-0.00023571,0.00009047,0.00003704,0.00009059,0.00001967,-0
.00005693,0.00010328,0.00001282,-0.00001369,-0.00000855,-0.00001475,-0.00044886,
0.00006115,-0.00019252,0.00025519,0.00074289,0.00050472,0.00000036,0.00002543,-0
.00000158,0.01050081,-0.03227202,0.01881487,-0.06517001,-0.15790501,0.07417155,-
0.00148820,0.00084808,0.00147057,0.06530472,0.19766256,-0.00013222,-0.00022178,0
.00014498,-0.00016853,-0.00007189,-0.00012354,-0.00040959,0.00084983,-0.00001547
,0.00131439,0.00183748,0.00107428,0.00000776,-0.00001317,-0.00001524,0.00000914,
0.00001824,-0.00000245,-0.00000272,-0.00005105,-0.00005531,-0.00034914,0.0001751
9,0.00005763,0.00007755,0.00005413,0.00009560,0.00023323,-0.00009032,-0.00009080
,-0.00008706,-0.00012559,-0.00006364,-0.00008891,-0.00007121,0.00010615,0.000069
97,0.00004051,0.00002925,-0.00001839,0.00001400,0.00009236,-0.00002775,-0.000014
91,0.00002661,-0.00002244,-0.00000940,0.00000800,-0.00002894,0.00002778,0.000002
26,-0.00004947,0.00013986,-0.00005604,0.00025751,0.00005044,-0.00021857,-0.00000
995,-0.00002482,-0.00004473,0.00017688,0.00001640,0.00005958,-0.00010223,-0.0000
2864,0.00007790,0.00003703,-0.00003729,0.00000688,-0.00002053,0.00001964,0.00000
441,0.00005666,0.00002200,0.00004804,-0.00005275,0.00018392,-0.00004541,-0.00002
589,-0.00004348,-0.00002322,0.00012493,-0.00012092,0.00002071,0.00002096,0.00001
884,0.00000457,0.00031181,-0.00015885,0.00015504,-0.00061851,-0.00102454,-0.0003
5664,0.00000008,-0.00001588,-0.00000896,-0.00498344,0.01841454,-0.01046219,0.041
72323,0.07402359,-0.09621261,0.00004307,-0.00261084,0.00177932,-0.04422777,-0.09
792633,0.11103362,0.00010780,-0.00045152,0.00048734,0.00015621,0.00008766,-0.000
03656,0.00037984,0.00177297,0.00098707,0.00023867,0.00012942,0.00090104,0.000039
11,-0.00003054,0.00001330,0.00005866,0.00001958,0.00001196,-0.00001714,-0.000101
61,-0.00000977,-0.00001605,-0.00054887,0.00005631,-0.00007752,-0.00001847,-0.000
03738,-0.00018841,0.00020269,-0.00021313,-0.00008496,0.00031227,-0.00016252,-0.0
0005287,0.00013914,-0.00014898,-0.00001187,-0.00001436,0.00004287,-0.00028563,0.
00012868,-0.00008238,-0.00003398,-0.00001990,0.00007538,-0.00000455,-0.00002381,
0.00007828,0.00000600,0.00001442,0.00002686,0.00031291,-0.00041622,0.00067827,0.
00047869,-0.00011992,0.00014160,-0.00006881,-0.00002454,0.00001996,-0.00012124,-
0.00003738,-0.00033085,-0.00001359,-0.00011413,-0.00008081,0.00001919,-0.0001302
1,0.00005788,0.00010924,-0.00008811,0.00006778,0.00007984,0.00001972,-0.00015663
,0.00006926,-0.00003373,-0.00020550,-0.00004734,-0.00005466,-0.00001558,-0.00000
116,0.00008691,0.00009696,-0.00003017,0.00000080,-0.00001101,0.00043635,-0.00014
837,0.00031997,-0.00106674,-0.00043001,0.00006379,0.00001320,-0.00004306,0.00000
813,-0.01607476,0.01098362,0.01788132,-0.09606944,0.03442489,0.08576452,-0.00484
359,0.00417562,-0.00136001,-0.00663986,0.00175799,0.01399380,0.11444287,-0.00082
134,0.00030180,-0.00083558,-0.00005999,-0.00026646,-0.00023820,0.00090132,-0.004
58291,0.00061236,-0.00079890,0.00083080,-0.00022720,-0.00003125,0.00003996,-0.00
001764,-0.00012191,-0.00000399,0.00001406,0.00000105,0.00010470,0.00002902,-0.00
108185,-0.00083625,0.00005633,0.00007121,0.00018012,0.00023562,0.00058010,0.0001
6346,-0.00026886,0.00000744,0.00070868,-0.00033762,0.00003463,-0.00032095,0.0002
4645,0.00001100,-0.00001290,-0.00007596,0.00007385,-0.00006823,0.00007224,0.0000
3819,-0.00003826,-0.00002009,-0.00006300,0.00000812,-0.00008991,-0.00008477,-0.0
0004432,-0.00005758,0.00007171,-0.00044899,0.00122128,-0.00004642,0.00014272,0.0
0085393,-0.00005299,-0.00008148,0.00002619,-0.00000923,0.00026670,0.00026952,0.0
0002134,0.00010200,0.00021119,-0.00005530,0.00003174,-0.00008498,-0.00008498,0.0
0010644,-0.00008092,-0.00009981,-0.00002351,0.00006667,0.00009052,0.00012238,0.0
0021406,0.00004452,0.00008020,0.00001772,-0.00030380,-0.00011495,-0.00008021,0.0
0003899,0.00004724,0.00003767,-0.00027593,-0.00010457,-0.00019979,-0.00049393,0.
00009139,0.00001818,-0.00003435,0.00005634,-0.00002312,0.01140085,-0.00864442,-0
.01499555,0.03736174,-0.06568459,-0.06197168,0.00363508,-0.00213440,0.00125799,-
0.01190770,0.00614574,0.01958435,-0.04649988,0.07925873,0.00039831,-0.00012880,-
0.00009875,-0.00007776,-0.00020530,-0.00023593,0.00085624,-0.00105325,0.00000458
,-0.00095138,0.00019347,0.00064479,-0.00002297,-0.00002342,-0.00000967,0.0000354
1,-0.00003568,-0.00000564,-0.00001927,-0.00000513,-0.00006397,-0.00034825,-0.000
03032,0.00025090,-0.00000648,0.00001579,0.00011917,-0.00025142,0.00009482,0.0001
8638,-0.00018202,0.00024258,-0.00037161,-0.00019062,0.00020148,-0.00027020,-0.00
005183,0.00011079,-0.00008136,-0.00019436,0.00001370,-0.00007899,0.00000306,-0.0
0000598,0.00000585,0.00001997,-0.00002799,0.00002310,0.00003367,-0.00000574,0.00
001531,0.00095066,0.00066787,-0.00030467,0.00009462,0.00056077,-0.00129960,-0.00
006964,-0.00006127,0.00005922,0.00014678,-0.00016737,0.00015496,-0.00004763,0.00
001726,0.00005998,0.00004900,0.00010392,0.00004278,-0.00007418,-0.00001830,0.000
03506,0.00003977,0.00003798,0.00013270,-0.00011271,0.00006148,-0.00006211,0.0001
1009,0.00003503,0.00002210,-0.00012172,-0.00009122,-0.00017529,0.00000583,-0.000
01671,0.00001368,-0.00003664,0.00015206,-0.00005862,-0.00036923,0.00014835,0.000
10110,0.00004210,0.00001061,-0.00004159,-0.00282879,0.00168766,0.00588741,0.0923
9465,-0.06268191,-0.19223041,-0.00077631,-0.00041367,0.00057713,0.00956117,-0.00
274999,-0.01557274,-0.10529776,0.07040090,0.21879268,0.00044493,-0.00021385,0.00
049415,0.00062190,0.00033746,-0.00004381,-0.00058438,0.00131435,-0.00257038,-0.0
0450658,0.00259014,-0.00132869,0.00001527,0.00000187,0.00004471,0.00004273,-0.00
001326,-0.00003671,-0.00006450,0.00010316,0.00001583,0.00016261,-0.00024823,0.00
004926,-0.00024635,-0.00016175,-0.00005934,-0.00029074,0.00003713,-0.00012941,-0
.00009331,0.00017909,-0.00003067,0.00008879,0.00006007,0.00000607,-0.00000901,-0
.00003655,0.00006424,0.00014368,-0.00005394,-0.00002672,-0.00002245,-0.00002295,
0.00004564,0.00002215,-0.00000703,0.00001797,0.00006022,0.00001262,0.00004898,0.
00027373,0.00001139,-0.00000458,-0.00044087,0.00034329,-0.00012833,-0.00009378,-
0.00006470,0.00008847,-0.00027560,-0.00066899,0.00032161,0.00010893,0.00000207,-
0.00010401,-0.00000043,0.00002073,0.00006412,0.00001873,-0.00009458,0.00007581,-
0.00006014,0.00001155,-0.00005145,0.00002835,-0.00022501,-0.00010208,-0.00000440
,-0.00001920,0.00000038,0.00021972,0.00000489,0.00003539,-0.00006448,0.00000616,
0.00002023,-0.00086697,-0.00044833,-0.00113728,0.00017776,0.00063137,0.00043363,
-0.00000938,-0.00000670,0.00004092,-0.01808892,-0.00807430,-0.01760014,-0.121513
60,-0.07047091,-0.07552293,0.00007880,-0.00064527,-0.00061778,-0.00873274,-0.011
73164,-0.00700735,0.00960461,0.00735585,0.00817444,0.14407002,-0.00071462,-0.000
14600,-0.00044491,-0.00045811,-0.00059945,0.00034300,-0.00040193,0.00012880,0.00
048083,0.00324558,-0.00059309,0.00045073,0.00000853,0.00000840,-0.00000923,-0.00
004063,0.00000744,-0.00000565,0.00005635,0.00004644,0.00001107,0.00003731,0.0000
2142,0.00003424,0.00014592,0.00026742,0.00003107,-0.00002327,-0.00002844,0.00003
850,0.00009422,-0.00011644,-0.00004023,0.00011115,-0.00013945,0.00003550,0.00002
016,-0.00004700,0.00001281,-0.00003247,0.00004426,0.00002195,-0.00000500,-0.0000
1812,-0.00000979,-0.00001273,-0.00000478,-0.00000482,-0.00002899,0.00000404,-0.0
0004275,-0.00000554,-0.00004438,0.00004480,-0.00011300,0.00014365,0.00009123,0.0
0016912,0.00000906,-0.00007411,0.00006059,-0.00018897,-0.00054071,0.00006376,0.0
0006412,0.00015241,-0.00002363,0.00006740,-0.00002544,-0.00006855,0.00001849,-0.
00005613,-0.00000296,-0.00007012,-0.00000429,0.00010271,-0.00002541,0.00008813,-
0.00001524,-0.00003377,0.00003636,0.00002375,0.00017536,-0.00012994,0.00000840,0
.00001736,-0.00001796,0.00084119,0.00048286,0.00082495,0.00011508,0.00029301,0.0
0003713,-0.00004214,0.00001090,0.00000985,0.01246057,0.00843957,0.01093229,-0.07
403639,-0.10553722,-0.07289541,0.00038493,0.00073208,0.00091996,-0.01659190,-0.0
1633956,-0.01275803,-0.00556508,-0.00567728,-0.00711155,0.07971083,0.11911678,0.
00068250,-0.00014020,0.00065574,0.00047773,0.00086340,0.00026778,-0.00176186,0.0
0294645,-0.00400528,-0.00294544,0.00141050,0.00001738,0.00002511,-0.00000737,0.0
0003765,0.00008893,0.00001201,-0.00004742,-0.00005805,0.00003917,0.00003439,0.00
080433,0.00000505,-0.00052997,-0.00015247,-0.00034524,-0.00027350,-0.00021063,-0
.00007549,0.00030115,0.00005689,-0.00006255,0.00039772,0.00012713,0.00009035,0.0
0009682,0.00005731,-0.00004319,0.00015617,0.00025385,-0.00008775,0.00008727,-0.0
0004612,0.00001475,0.00002718,0.00005252,-0.00000193,0.00004391,0.00009112,0.000
04270,0.00006175,-0.00023768,-0.00017994,-0.00036389,-0.00055888,0.00018841,-0.0
0005954,0.00001192,0.00012424,0.00000255,-0.00003973,-0.00057251,0.00038415,0.00
004870,-0.00003944,-0.00014745,0.00003501,0.00001680,0.00002608,0.00001051,-0.00
009263,0.00006378,-0.00000559,-0.00000412,-0.00003926,-0.00002682,-0.00020180,-0
.00013981,-0.00003871,-0.00004799,-0.00002826,0.00036689,0.00013031,0.00021141,-
0.00002875,-0.00000765,-0.00001157,-0.00054895,-0.00016430,-0.00061132,0.0002400
1,0.00052016,0.00010248,0.00000316,-0.00003048,0.00004020,-0.00900642,-0.0031594
6,-0.00888544,-0.07961110,-0.07320057,-0.12082337,0.00077807,-0.00007727,0.00076
835,0.00879338,0.00807667,0.00827565,-0.01413650,-0.01550777,-0.01718552,0.09606
846,0.07974986,0.14109439,0.00043101,0.00018886,0.00015673,0.00015975,0.00018479
,0.00012101,0.00014268,0.00106935,0.00011341,0.00034006,-0.00006852,-0.00063105,
-0.00000376,0.00002025,0.00000689,0.00016622,0.00009242,0.00007632,-0.00030169,-
0.00009832,-0.00020823,0.00032895,-0.00022708,-0.00007262,-0.00009158,-0.0001047
9,-0.00010193,0.00017547,0.00006681,0.00024588,-0.00003846,0.00011339,0.00007081
,0.00005091,0.00000815,-0.00008941,-0.00006740,-0.00001576,-0.00004644,-0.000059
07,-0.00000095,-0.00004632,0.00002588,-0.00000477,-0.00002488,0.00000002,-0.0000
2028,-0.00001368,0.00001128,-0.00000300,0.00001438,0.00006705,-0.00005145,-0.000
03790,-0.00012102,0.00003471,-0.00001547,-0.00006281,0.00003762,0.00003545,-0.00
000350,-0.00000119,-0.00016793,-0.00006797,-0.00003268,-0.00022210,0.00000725,0.
00001874,-0.00005282,0.00002925,-0.00000896,0.00005160,-0.00002170,0.00001653,-0
.00001136,0.00022776,0.00021834,-0.00008467,-0.00000178,0.00002567,-0.00000264,-
0.00029443,-0.00026549,0.00022228,-0.00001970,-0.00002555,-0.00001866,-0.0000050
6,0.00017947,-0.00011812,-0.00002993,0.00014125,0.00010970,-0.00000708,0.0000293
5,-0.00002119,-0.01514639,-0.01217760,0.02089959,0.00075239,-0.00294559,0.001789
83,-0.06129355,-0.05271899,0.02260198,0.00000240,0.00139587,-0.00045523,0.000408
27,-0.00014569,-0.00039006,-0.00009028,-0.00001031,0.00004163,0.07431449,0.00018
313,0.00023733,-0.00032153,0.00067009,0.00044734,0.00008309,0.00034754,-0.000003
68,-0.00012573,0.00039039,0.00103402,-0.00066819,-0.00001292,0.00001593,0.000034
92,-0.00005178,-0.00007873,0.00003271,-0.00001722,0.00007219,0.00037996,0.000414
54,-0.00023197,-0.00009401,-0.00026345,-0.00025693,-0.00020552,0.00013182,-0.000
10598,-0.00009732,-0.00014044,0.00015295,0.00006963,0.00002963,-0.00001177,-0.00
004213,0.00001197,-0.00003920,-0.00000898,-0.00000269,-0.00000645,-0.00008217,0.
00002479,0.00001623,-0.00001225,0.00001065,-0.00000810,-0.00000966,0.00002456,-0
.00002430,0.00002761,0.00020396,-0.00008521,-0.00006563,-0.00013557,0.00013170,-
0.00009305,-0.00006250,0.00002966,0.00010917,-0.00042892,-0.00015123,0.00006284,
0.00019811,0.00015512,0.00009585,-0.00009232,0.00006363,-0.00005627,-0.00006031,
0.00005550,-0.00004303,-0.00023570,-0.00011321,0.00003849,-0.00031848,-0.0003985
0,-0.00002655,0.00004897,0.00009131,0.00000347,-0.00009727,0.00005845,0.00005437
,-0.00004784,-0.00001292,0.00000067,0.00003392,-0.00025539,0.00031338,0.00017550
,0.00048709,0.00055325,0.00000544,0.00002687,0.00003380,-0.00441765,0.00573806,0
.00792072,0.00119948,0.00271841,-0.00218166,-0.04840889,-0.19369434,0.07154560,-
0.00099764,0.00045722,0.00022477,0.00009648,-0.00002286,-0.00030591,-0.00012263,
-0.00042977,0.00017765,0.06245234,0.22228060,-0.00069482,-0.00037652,-0.00015992
,-0.00009131,-0.00020506,-0.00029767,-0.00015804,-0.00137903,0.00023560,0.000474
68,0.00128547,0.00125532,0.00002089,-0.00002607,0.00000584,-0.00003241,0.0000543
7,-0.00003496,-0.00005843,0.00018928,-0.00027601,-0.00046708,0.00023844,0.000071
80,0.00003394,0.00009162,0.00014650,-0.00029351,-0.00000980,-0.00023522,0.000065
67,-0.00007864,-0.00009662,-0.00003733,-0.00014768,0.00017595,0.00006738,0.00001
357,0.00006817,0.00000537,0.00002647,0.00004955,-0.00002064,-0.00002170,0.000031
53,-0.00002153,-0.00000841,0.00001285,-0.00002942,0.00003908,-0.00002851,-0.0001
0531,0.00005649,0.00007124,0.00035161,-0.00009598,0.00000981,0.00003096,-0.00006
523,-0.00002547,0.00003559,0.00004926,0.00035238,-0.00008938,-0.00005563,0.00012
777,-0.00002865,-0.00003851,0.00005813,0.00001361,0.00009864,0.00001720,0.000063
84,-0.00001761,-0.00000766,0.00016355,0.00031292,0.00003238,-0.00001672,-0.00004
530,-0.00000653,0.00029959,0.00031552,-0.00031577,0.00002290,0.00003379,0.000036
59,-0.00022174,0.00026914,-0.00032597,0.00025446,-0.00040187,0.00017922,-0.00001
308,-0.00000079,0.00001196,0.02298823,0.01988996,-0.02862598,-0.00149922,0.00044
262,0.00076365,0.02250093,0.07643684,-0.08032941,0.00017095,-0.00106127,0.000460
55,-0.00059582,0.00029033,0.00039643,-0.00009922,-0.00021881,-0.00021808,-0.0386
8658,-0.09303509,0.10296991,-0.00027451,-0.00008396,-0.00016266,-0.00026683,-0.0
0035208,0.00011733,0.00070786,0.00004785,0.00039495,-0.00107194,0.00141701,0.002
17000,0.00001770,-0.00001908,0.00003484,0.00009638,-0.00003936,0.00011413,0.0002
5559,0.00047493,-0.00046349,-0.00002115,0.00005310,0.00007418,0.00005936,0.00017
219,0.00003511,0.00038752,0.00022033,0.00057955,-0.00003512,-0.00000146,-0.00004
880,-0.00004649,0.00006740,-0.00005576,-0.00004333,-0.00005082,0.00007217,-0.000
10717,0.00005941,0.00006621,-0.00000501,-0.00000553,-0.00001292,-0.00000280,-0.0
0000887,0.00002639,0.00002431,0.00000770,0.00001994,0.00002520,-0.00003510,0.000
05027,0.00010279,-0.00009615,-0.00010162,0.00008661,-0.00000817,-0.00005313,0.00
000711,0.00024959,-0.00031027,0.00008275,0.00001277,0.00016624,-0.00005536,-0.00
002953,0.00002009,0.00010175,0.00005192,0.00000373,-0.00017943,-0.00008581,-0.00
005205,-0.00021537,-0.00014135,-0.00014617,0.00003305,0.00002293,0.00001998,-0.0
0003700,0.00004908,-0.00016810,-0.00000291,-0.00000176,-0.00000203,0.00014956,-0
.00028783,-0.00012720,0.00037431,0.00040263,0.00032529,0.00001088,-0.00000003,0.
00001806,0.00826976,0.00965852,0.01166710,0.00088980,0.00046742,0.00126957,-0.11
464971,-0.07197200,-0.08486020,-0.00028951,-0.00007911,-0.00008141,0.00007238,-0
.00011334,-0.00001232,-0.00046496,0.00030206,0.00031344,-0.00577694,-0.00746802,
-0.00583637,0.12852344,0.00002097,-0.00017535,0.00012308,-0.00034413,-0.00007191
,0.00004448,0.00029484,0.00057821,-0.00056620,0.00111407,0.00034845,-0.00143478,
0.00000214,-0.00001518,-0.00002850,-0.00007091,-0.00003072,-0.00006736,0.0003329
2,-0.00034262,0.00086476,-0.00005521,0.00012426,0.00000355,0.00013265,0.00003132
,0.00003845,-0.00021958,-0.00013842,-0.00037502,-0.00000241,-0.00008790,0.000020
67,-0.00002979,0.00004320,-0.00002798,0.00000147,0.00003362,0.00003258,0.0000810
3,0.00002868,-0.00011313,-0.00001831,0.00000406,-0.00000264,0.00001084,0.0000203
6,0.00002859,0.00000883,-0.00000757,-0.00001276,-0.00003379,0.00000749,-0.000016
37,-0.00013776,-0.00000443,-0.00004302,0.00005085,0.00000276,-0.00008073,0.00030
341,-0.00013360,-0.00010737,0.00001786,-0.00000408,-0.00007568,-0.00000284,0.000
01874,0.00001555,-0.00004129,-0.00003164,-0.00003062,0.00009097,0.00001967,0.000
05052,0.00004095,-0.00013807,0.00001457,-0.00001945,-0.00003155,0.00002347,0.000
13643,-0.00007075,0.00000878,0.00000774,-0.00000539,-0.00001481,0.00029854,-0.00
000184,0.00018489,-0.00009987,0.00027553,0.00028553,-0.00000246,-0.00002052,-0.0
0002053,-0.00194131,-0.00422168,-0.00896971,-0.00019800,0.00017455,-0.00016568,-
0.07032259,-0.11635865,-0.08192619,-0.00035433,-0.00035537,-0.00005236,-0.000128
97,0.00017187,0.00025198,0.00073703,-0.00005214,-0.00018771,-0.01869499,-0.01996
369,-0.01565478,0.08008467,0.13174297,0.00067828,-0.00010500,0.00118944,0.000837
43,0.00055856,-0.00015129,0.00070117,0.00020252,-0.00201231,0.00312449,-0.002733
18,-0.00471334,0.00004180,-0.00002683,0.00008723,0.00007696,-0.00002130,-0.00000
873,-0.00045101,0.00117599,-0.00056140,-0.00002328,-0.00002831,-0.00005782,-0.00
029363,-0.00032394,-0.00015265,-0.00074304,-0.00054808,-0.00092341,-0.00013916,0
.00016914,0.00006753,0.00005709,0.00011136,0.00006499,-0.00007497,0.00004962,0.0
0006199,0.00030169,-0.00010107,-0.00008530,-0.00001975,0.00001276,0.00003290,0.0
0002104,0.00003658,0.00001749,0.00008488,0.00005519,0.00007414,0.00007099,-0.000
04945,0.00000283,-0.00045232,0.00023784,-0.00006616,-0.00019322,-0.00005609,0.00
011900,-0.00069514,-0.00031445,0.00057995,0.00015508,0.00005086,-0.00014730,-0.0
0002177,-0.00001596,0.00007417,0.00010586,-0.00007501,0.00010840,-0.00022191,-0.
00007455,-0.00008116,-0.00007874,-0.00039180,-0.00030982,0.00002801,0.00003533,-
0.00003065,0.00016428,-0.00019998,0.00013907,-0.00004866,0.00000762,0.00003054,0
.00077656,0.00004417,0.00027016,-0.00025447,-0.00025806,-0.00047212,0.00002219,-
0.00002557,0.00006637,-0.01066767,-0.01616086,-0.02542866,-0.00066262,0.00015278
,0.00051702,-0.08104028,-0.08095187,-0.13468427,0.00009420,0.00006775,-0.0001816
5,-0.00024748,0.00031114,0.00017455,0.00046856,-0.00008783,0.00022676,0.00574253
,0.00678751,0.00814226,0.09225260,0.09812484,0.16555175,-0.00019571,0.00037131,-
0.00091002,-0.00027461,0.00004560,-0.00001087,-0.00132903,-0.00001610,0.00044495
,0.00086295,-0.00071424,-0.00141838,-0.00002628,0.00001851,-0.00008515,-0.000014
48,0.00017533,-0.00056014,-0.00056366,-0.00235481,0.00041177,0.00015306,0.000105
68,-0.00010190,0.00010718,0.00002692,0.00006501,0.00003889,-0.00019118,-0.000178
99,0.00020819,-0.00025106,0.00009971,0.00003818,0.00007639,-0.00007052,-0.000115
04,-0.00002222,-0.00011840,0.00003191,0.00001646,-0.00002459,0.00007258,-0.00003
223,-0.00008325,0.00000469,-0.00002447,-0.00003993,0.00002543,-0.00003336,-0.000
02104,-0.00026337,0.00012070,-0.00014802,0.00013442,-0.00035029,0.00014581,0.000
05589,0.00006025,-0.00003026,0.00034913,-0.00013951,0.00010919,-0.00025145,-0.00
029836,0.00000929,0.00001798,0.00000420,-0.00010542,-0.00012375,-0.00008025,0.00
008323,0.00051479,0.00072794,-0.00009585,0.00035187,0.00049886,0.00017478,-0.000
05108,-0.00002802,0.00001055,-0.00012946,0.00002836,0.00006274,0.00003944,-0.000
00142,-0.00001468,0.00106552,-0.00012354,-0.00004760,-0.00011458,-0.00025503,-0.
00008667,-0.00004515,0.00005941,-0.00009545,-0.02182675,0.01346412,-0.00186877,-
0.00298253,0.00160785,0.00457008,-0.19269032,0.09920200,-0.06080916,0.00022406,-
0.00064777,0.00033461,-0.00106173,0.00103771,-0.00026915,0.00048308,-0.00010003,
0.00016167,0.00605102,-0.00299514,0.00128867,-0.01676637,0.00887579,-0.00930568,
0.22786952,0.00018691,-0.00033594,-0.00055784,-0.00008066,-0.00002672,-0.0000220
7,0.00008730,0.00033412,-0.00010222,0.00107253,-0.00007202,0.00056524,-0.0000402
3,0.00003394,-0.00007241,0.00017991,0.00031229,0.00025338,-0.00185174,-0.0028358
9,0.00140359,-0.00006284,-0.00000355,0.00002853,0.00002709,0.00000430,0.00000529
,0.00007293,-0.00004980,0.00011022,-0.00003153,0.00002487,-0.00004148,-0.0001259
2,-0.00003804,-0.00006973,0.00015326,0.00003782,-0.00002824,-0.00009560,-0.00001
228,-0.00007703,-0.00002720,-0.00003520,0.00000072,0.00001900,-0.00002418,0.0000
0674,-0.00009040,-0.00005595,-0.00009691,0.00008149,-0.00003804,0.00004116,0.000
12346,0.00002772,0.00001108,-0.00002047,0.00000009,-0.00000889,0.00013257,-0.000
02116,-0.00001357,-0.00029621,-0.00010883,0.00026156,-0.00005593,0.00005036,0.00
004722,-0.00005176,0.00005242,0.00008461,0.00037175,-0.00023199,0.00051961,-0.00
032614,-0.00154668,0.00108542,-0.00003068,-0.00000424,0.00001521,0.00007830,-0.0
0003127,0.00005290,0.00000596,-0.00000310,-0.00000208,-0.00045065,-0.00014796,-0
.00162917,0.00002414,-0.00005955,0.00012681,-0.00000487,0.00001553,-0.00006543,0
.00860458,-0.00580472,-0.00053662,0.00197970,-0.00047942,-0.00208244,0.09954618,
-0.10819463,0.03949527,-0.00015883,0.00050885,-0.00024741,0.00065630,-0.00010034
,0.00008151,-0.00014929,0.00001499,-0.00006726,0.02131609,-0.01838073,0.01280505
,-0.01300686,0.00863372,-0.00563850,-0.11785194,0.12854547,-0.00108653,-0.000581
69,0.00214525,0.00005726,0.00003674,-0.00001903,0.00021475,0.00008794,-0.0002482
5,0.00213996,-0.00116519,0.00001251,0.00013297,-0.00009059,0.00004976,-0.0011773
5,0.00013729,-0.00085536,0.00056771,0.00139699,0.00038464,-0.00000896,-0.0000562
5,0.00001540,-0.00003563,-0.00005643,-0.00002504,0.00041649,0.00040696,0.0003380
9,-0.00012269,0.00006341,-0.00003886,-0.00000537,-0.00013447,0.00026756,-0.00023
805,-0.00009580,0.00027346,0.00006537,0.00032769,0.00004674,-0.00000580,-0.00004
386,0.00007301,-0.00008020,-0.00003057,0.00011940,0.00006272,0.00009607,-0.00002
246,0.00016137,-0.00003757,0.00003808,-0.00024533,0.00037668,-0.00001850,-0.0000
3008,-0.00001203,0.00001575,-0.00008661,-0.00010668,-0.00008097,0.00002759,-0.00
009747,-0.00039991,0.00007963,-0.00028236,0.00010889,0.00011331,-0.00016578,-0.0
0026112,0.00020142,0.00061027,-0.00097884,0.00101501,0.00139859,-0.00059754,-0.0
0006179,-0.00015206,-0.00003545,0.00005089,0.00009298,-0.00002651,-0.00000715,-0
.00000038,-0.00000337,-0.00020849,-0.00157007,-0.00162304,-0.00018969,0.00020003
,-0.00003604,-0.00008044,-0.00009114,0.00010550,0.01982968,-0.01329548,0.0045373
4,0.00305285,-0.00172303,-0.00333911,-0.06598840,0.04237370,-0.06703936,-0.00021
323,-0.00008166,-0.00005937,0.00134174,-0.00096265,0.00045947,0.00002185,0.00011
257,-0.00006987,-0.01071682,0.00898609,-0.00481139,-0.01730242,0.00984098,-0.007
54313,0.06847657,-0.04562922,0.07905818,0.00023683,0.00039966,-0.00012880,0.0055
5501,-0.00907139,0.00689617,-0.00021201,-0.00104077,0.00055325,0.00002931,-0.000
02973,-0.00005863,0.00006084,0.00006112,0.00002798,0.00004807,0.00007172,0.00001
891,-0.00000205,-0.00001746,0.00006395,0.00166083,-0.00061914,0.00054228,-0.0009
1936,0.00205926,0.00015686,0.00007678,0.00003885,-0.00004381,-0.00093248,-0.0006
0362,-0.00069688,-0.00001375,0.00010034,-0.00013872,-0.00010229,-0.00004624,0.00
007887,0.00015057,-0.00001130,-0.00000050,-0.00034133,-0.00045311,-0.00012830,0.
00001550,-0.00000185,0.00003359,0.00002132,0.00000297,-0.00001503,0.00066352,-0.
00021793,-0.00005501,-0.00023446,-0.00001679,0.00009808,-0.05914309,-0.00013671,
-0.00471916,-0.00418274,0.00025179,0.00057239,0.00013948,-0.00038251,-0.00017435
,-0.00009592,-0.00000446,-0.00034109,-0.00000932,0.00001921,0.00011852,0.0000151
7,0.00015498,-0.00005114,-0.00008962,0.00003264,0.00018424,-0.00077023,0.0003524
3,0.00044803,0.00207373,-0.00030429,0.00335151,-0.00713608,0.01703668,-0.0187755
6,-0.00000038,-0.00002301,0.00001129,0.00000786,0.00004887,-0.00002466,-0.000040
03,-0.00004344,-0.00004834,0.00012461,0.00014356,-0.00010541,0.00004514,-0.00000
004,-0.00004637,-0.00003531,-0.00000989,0.00002352,0.00001832,0.00004478,-0.0000
2626,0.00000470,0.00003612,0.00001779,0.00002796,0.00002864,-0.00001052,0.000014
61,0.00003960,-0.00001292,0.00001815,-0.00000859,0.00001211,-0.00002411,-0.00000
763,0.00000851,0.46575350,0.00032907,-0.00006303,0.00030960,-0.00736695,0.005560
06,0.00976191,-0.00188664,-0.00131270,-0.00044808,-0.00002546,-0.00004815,-0.000
07607,0.00000412,0.00004137,0.00002612,-0.00000212,0.00003241,0.00000750,-0.0000
5306,0.00002806,0.00002242,-0.00208695,-0.00188234,0.00246218,-0.00010590,-0.004
52349,-0.00262568,-0.00003752,0.00000005,0.00022553,0.00005354,0.00067389,-0.001
95049,0.00004790,-0.00000914,-0.00013434,0.00002913,-0.00006860,0.00009876,0.000
07915,-0.00003934,0.00002479,-0.00002347,-0.00005251,-0.00002682,0.00006675,-0.0
0002460,0.00004155,0.00003675,-0.00002908,0.00000664,0.00038634,-0.00033421,-0.0
0010363,-0.00060772,0.00051831,0.00011361,0.01191553,-0.08717358,0.03514738,0.00
354290,0.00073865,-0.00091406,0.00024204,-0.00024556,-0.00021772,0.00000299,-0.0
0014488,-0.00004673,0.00008759,0.00001432,-0.00003788,0.00000253,-0.00001815,-0.
00000715,-0.00004730,-0.00015712,-0.00007841,0.00021518,0.00047862,0.00000094,0.
00269052,-0.03894900,0.01080797,0.00223916,-0.00188728,0.00555734,0.00003511,-0.
00001090,0.00000600,0.00000693,0.00005193,0.00000244,-0.00005982,-0.00005712,0.0
0009828,0.00015125,0.00003834,-0.00009938,0.00006132,-0.00006090,-0.00002262,-0.
00006275,0.00001009,0.00006086,0.00003416,0.00005678,-0.00002363,-0.00001096,-0.
00000743,0.00000851,0.00003144,-0.00000910,0.00006308,0.00003024,0.00005549,-0.0
0003968,-0.00001598,-0.00000706,0.00002382,0.00002464,-0.00001532,0.00000833,-0.
00371678,0.46787068,0.00014252,0.00031416,-0.00062892,0.00212422,0.01239797,-0.0
1734530,0.00125924,0.00101185,0.00135523,0.00006063,0.00001033,0.00004287,0.0000
1265,-0.00002028,-0.00001193,0.00000933,0.00002000,-0.00001024,0.00007303,-0.000
00402,-0.00009090,-0.00184482,-0.00002973,0.00134144,0.00075420,-0.00215926,0.00
144660,-0.00005631,-0.00004257,-0.00019253,-0.00040900,-0.00180646,-0.00223832,-
0.00011302,0.00045617,-0.00003465,-0.00044467,-0.00004782,0.00000612,0.00003975,
0.00005577,-0.00008098,-0.00001631,-0.00028534,-0.00032784,-0.00003390,-0.000010
20,-0.00000762,0.00004230,0.00001195,-0.00002812,0.00017558,-0.00013976,0.000185
11,0.00031219,-0.00067214,0.00012421,-0.01489716,0.04297426,-0.10177328,0.000221
43,-0.00265743,-0.00038015,0.00044023,-0.00014120,-0.00005157,-0.00009119,-0.000
14211,-0.00015198,-0.00008525,-0.00003671,0.00003657,0.00013110,0.00015974,0.000
02525,-0.00014891,0.00008204,-0.00000777,0.00024778,-0.00000024,0.00043919,0.001
83123,-0.00089665,0.00886316,-0.00509944,0.00933328,-0.00979166,0.00000976,-0.00
001309,-0.00000979,-0.00000029,-0.00001601,-0.00002551,-0.00009494,0.00006623,-0
.00015926,-0.00013231,-0.00005209,0.00007407,-0.00007708,0.00005841,-0.00000157,
0.00002343,-0.00000235,-0.00001724,-0.00000062,-0.00001838,-0.00000131,0.0000296
1,0.00000679,-0.00000326,0.00000231,0.00002639,-0.00003877,-0.00001458,-0.000028
46,0.00001940,0.00001383,0.00000639,-0.00002716,-0.00000427,0.00001206,0.0000049
9,0.00126816,0.02147065,0.45547816,0.00004963,0.00022617,0.00018298,0.00148660,-
0.00058909,0.00065726,0.00018570,-0.00036047,-0.00027700,0.00001071,0.00002220,-
0.00002626,0.00000839,-0.00001481,0.00002515,0.00000813,-0.00000164,-0.00001268,
-0.00005947,-0.00005165,0.00002172,-0.00052155,0.00030910,0.00011400,-0.00027386
,-0.00026672,-0.00007738,0.00005553,0.00003156,-0.00000611,-0.00004949,-0.000122
73,-0.00002045,-0.00008179,-0.00014279,-0.00000839,0.00005728,-0.00003758,0.0000
8125,0.00006752,0.00000880,0.00000182,0.00004724,0.00008861,0.00007985,0.0000133
0,0.00001424,0.00002164,-0.00001351,0.00000694,0.00001536,0.00001704,0.00003566,
-0.00001937,-0.00009183,0.00009713,-0.00004876,-0.00014037,0.00421463,-0.0001344
3,-0.00052850,0.00017060,-0.00005565,0.00089343,0.00062251,0.00026365,-0.0000907
1,-0.00000843,-0.00004603,0.00002876,0.00002517,-0.00002285,-0.00006853,-0.00004
645,-0.00000576,-0.00007405,-0.00001955,0.00001402,-0.00168339,-0.00139239,-0.00
070949,-0.00007838,-0.00029634,-0.00009577,-0.00010811,0.00006043,-0.00014522,-0
.00000698,0.00000230,0.00000522,-0.00000428,0.00000374,0.00000091,0.00000940,-0.
00003228,0.00003503,-0.00001827,-0.00001620,0.00000364,-0.00001539,0.00001520,-0
.00000093,0.00000232,-0.00002302,-0.00000709,0.00000453,-0.00000109,0.00000005,0
.00000307,0.00000750,-0.00001888,-0.00000746,-0.00000879,-0.00000473,-0.00000403
,0.00001468,0.00000678,0.00000039,-0.00001475,0.00000891,-0.00000909,-0.00000891
,-0.00000906,-0.07783874,0.03630277,0.01799100,0.51768888,0.00002674,0.00007524,
0.00006682,0.00035658,0.00003523,-0.00025144,-0.00025876,-0.00024322,-0.00016465
,-0.00000522,-0.00000806,-0.00005226,-0.00001592,0.00000700,0.00001023,-0.000013
80,0.00001391,-0.00000504,-0.00001134,-0.00000394,-0.00002120,-0.00035288,-0.001
10396,-0.00000485,-0.00022652,-0.00183658,0.00158020,0.00011124,-0.00001132,-0.0
0000234,0.00002185,-0.00002542,-0.00041088,0.00008651,-0.00002653,0.00006686,0.0
0002017,-0.00002964,0.00004411,0.00004150,-0.00001475,0.00001951,0.00000595,0.00
000721,-0.00000347,-0.00000382,0.00000542,-0.00000347,-0.00002452,-0.00000234,-0
.00000793,0.00018421,0.00001698,0.00002472,-0.00021289,0.00016197,0.00003997,0.0
0699439,-0.02261151,-0.00127567,0.00017612,-0.00024663,0.00024273,0.00028805,0.0
0015322,0.00002489,-0.00012962,-0.00010779,-0.00005950,-0.00004853,-0.00001822,-
0.00007164,-0.00004940,-0.00004673,0.00002070,-0.00008850,-0.00008969,-0.0000011
6,-0.00023192,-0.00028895,-0.00001228,0.00163248,-0.00357454,0.00211241,0.000184
03,-0.00066329,0.00054743,-0.00001809,-0.00000184,0.00001464,-0.00000629,0.00000
280,0.00000657,-0.00001757,-0.00000965,-0.00000111,-0.00003157,0.00000056,0.0000
1192,0.00002554,-0.00003244,0.00001425,-0.00000778,-0.00001557,0.00000045,-0.000
01352,-0.00000776,0.00000559,0.00001315,0.00000937,-0.00001758,0.00001916,0.0000
1714,0.00000252,-0.00000250,0.00000929,0.00000165,0.00000718,-0.00000372,-0.0000
0039,-0.00000492,-0.00000443,-0.00000247,0.03729275,-0.15146005,-0.04480374,0.01
947244,0.46383083,0.00009314,-0.00005090,0.00010593,-0.00080758,0.00034888,-0.00
085889,-0.00038664,0.00003677,-0.00030813,-0.00001124,-0.00000620,-0.00000732,-0
.00002139,-0.00001809,-0.00000472,-0.00002784,-0.00002578,0.00000413,-0.00002151
,-0.00000758,0.00000013,0.00110550,-0.00010919,-0.00047165,-0.00001828,0.0030708
1,-0.00181156,-0.00005234,0.00002322,0.00003959,0.00016820,0.00070128,0.00075381
,0.00000178,0.00002125,-0.00006501,0.00000571,-0.00003860,0.00003080,-0.00001386
,-0.00001144,-0.00001003,0.00008248,0.00006582,0.00006026,0.00002302,-0.00000993
,0.00000637,-0.00000542,-0.00001833,0.00000438,-0.00016778,0.00002167,-0.0000806
6,-0.00000945,0.00007469,0.00003852,-0.00512094,0.01371759,0.00496063,0.00030595
,0.00050588,0.00003565,-0.00020882,-0.00027548,0.00001002,-0.00003503,-0.0000279
6,0.00009659,0.00003628,0.00001338,-0.00000190,-0.00001764,-0.00004876,-0.000006
61,-0.00008152,-0.00004466,-0.00015366,0.00054187,0.00058518,-0.00004540,-0.0011
7595,0.00354452,-0.00150086,-0.00044481,0.00091047,-0.00065282,0.00001093,0.0000
0147,0.00000175,0.00000095,-0.00000882,0.00001601,0.00001161,-0.00003795,0.00003
608,0.00001985,0.00000906,0.00000006,0.00000615,-0.00001445,-0.00000357,0.000000
80,0.00000788,-0.00000415,0.00000650,-0.00000161,0.00000586,-0.00001202,-0.00001
936,-0.00000953,0.00000813,0.00000030,0.00003565,0.00000263,-0.00000469,0.000000
73,-0.00000688,0.00000592,0.00001055,0.00001172,0.00000378,-0.00000252,0.0172366
1,-0.04002165,-0.08281010,0.00591500,-0.02501982,0.52429290,0.00139955,0.0013625
3,-0.00009935,-0.00069760,0.00009199,0.00059492,-0.00083464,-0.00159502,0.001074
30,-0.00001908,0.00000651,-0.00009013,0.00006431,-0.00006239,0.00004422,0.000027
50,-0.00003217,-0.00002893,-0.00008036,-0.00006157,-0.00003635,-0.00004324,-0.00
069491,-0.00027142,0.00029547,-0.00013573,-0.00022687,-0.00010647,0.00002815,0.0
0012672,0.00017157,0.00024973,0.00012858,0.00003417,0.00027001,0.00029405,-0.000
04263,-0.00027454,0.00035838,0.00011289,0.00009733,-0.00008932,-0.00002278,-0.00
023564,-0.00002416,0.00002035,0.00000518,0.00011206,0.00002204,0.00000153,0.0000
1331,-0.00023874,-0.00004118,-0.00014569,-0.00048611,0.00061158,-0.00016070,-0.0
0333742,0.00249952,-0.00658327,0.00036711,0.00031250,-0.00014622,-0.00034450,-0.
00092219,0.00062246,0.00036521,-0.00030348,0.00014916,0.00013679,-0.00001285,0.0
0017286,-0.00010518,-0.00017924,-0.00016817,-0.00009759,0.00031883,-0.00032123,-
0.00089338,-0.00024520,0.00049702,-0.00077831,0.00100873,-0.00223041,-0.00013986
,0.00041803,-0.00084205,0.00005867,-0.00000827,0.00003094,0.00000505,0.00000735,
0.00002532,-0.00014809,-0.00009488,0.00017663,0.00002216,-0.00006845,0.00005307,
-0.00002743,0.00009320,-0.00006468,-0.00000020,0.00000698,-0.00001355,0.00002432
,0.00001607,-0.00000621,-0.00001230,0.00002895,-0.00002316,0.00000635,0.00002952
,-0.00000385,0.00000212,0.00001580,0.00000054,0.00000098,-0.00000614,-0.00003060
,0.00005116,-0.00000202,-0.00002425,-0.10370934,-0.02218235,-0.04589393,0.004588
55,0.00242976,0.00408865,0.48963951,0.00147151,-0.00036842,-0.00038782,0.0008461
5,-0.00158445,-0.00069983,-0.00066174,-0.00206137,0.00242165,-0.00002524,0.00002
905,-0.00001390,0.00005825,0.00003514,-0.00001503,0.00002473,0.00003837,0.000046
83,0.00003808,-0.00004133,0.00001971,-0.00089736,0.00056991,0.00134459,0.0000685
6,0.00109510,0.00045841,0.00000259,0.00008614,0.00006156,-0.00000016,-0.00018988
,-0.00017346,-0.00016416,-0.00006880,-0.00077371,-0.00000939,-0.00036297,0.00023
000,-0.00017715,0.00012819,0.00001236,-0.00156085,-0.00166114,-0.00019818,-0.000
02402,-0.00002365,0.00003748,0.00000028,-0.00000262,0.00004334,-0.00012976,0.000
16661,0.00009758,-0.00017319,0.00009651,-0.00026571,0.00968973,0.00266672,0.0138
5172,-0.00023340,0.00031356,-0.00002365,0.00083394,-0.00095873,-0.00116204,0.000
36391,-0.00019833,0.00003323,-0.00001871,0.00003133,0.00018338,0.00007516,0.0002
6277,-0.00012784,0.00033671,0.00012778,-0.00001958,0.00103520,0.00024011,-0.0001
9924,0.00234977,-0.00155126,0.00243396,0.00084388,-0.00199076,0.00248635,0.00004
166,-0.00001720,0.00000071,0.00000147,0.00001364,-0.00000209,0.00010677,0.000086
48,-0.00009554,-0.00016741,-0.00014499,0.00006793,-0.00007357,-0.00004190,0.0000
2308,0.00000667,0.00002412,-0.00003720,-0.00000953,0.00000402,-0.00000933,-0.000
04590,0.00005523,0.00007537,-0.00001152,-0.00000058,-0.00005703,-0.00001211,-0.0
0000720,0.00001101,0.00004091,0.00000225,-0.00001395,0.00000505,-0.00000601,-0.0
0001642,-0.02071869,-0.07389895,-0.02297142,-0.01243989,-0.01267163,-0.01993197,
-0.01609830,0.51370026,0.00040026,-0.00024118,-0.00076523,-0.00084172,0.00063804
,-0.00013859,0.00065661,0.00206489,-0.00152777,-0.00002450,0.00008005,0.00006572
,0.00007320,-0.00002974,0.00001974,0.00001248,-0.00001076,0.00002168,0.00001008,
-0.00000516,-0.00001478,-0.00020209,-0.00008126,-0.00001813,0.00017007,-0.000385
37,-0.00002556,-0.00023811,0.00016251,0.00020854,0.00007441,-0.00028205,-0.00037
973,-0.00006012,-0.00065299,-0.00118484,0.00022176,-0.00008512,0.00011685,-0.000
19101,0.00016843,0.00006085,-0.00130046,-0.00106571,0.00016635,0.00003394,-0.000
03673,0.00011951,0.00000695,0.00002791,0.00010481,-0.00040532,0.00004515,-0.0001
1738,0.00008468,-0.00021871,-0.00012437,-0.01335588,0.00017317,-0.01779470,0.000
43585,-0.00002775,-0.00012703,0.00007158,-0.00029485,-0.00086422,-0.00032874,0.0
0004151,-0.00015220,0.00032141,0.00008704,0.00005173,0.00012480,0.00015465,0.000
00855,0.00025758,-0.00012853,-0.00002038,0.00133258,0.00021039,-0.00021498,-0.00
156627,0.00073769,-0.00132423,-0.00029851,0.00184958,-0.00228467,0.00002586,-0.0
0000996,-0.00000819,0.00000089,-0.00003441,0.00001664,0.00000263,-0.00021681,0.0
0017165,0.00006037,-0.00000072,-0.00000719,-0.00001430,0.00016219,-0.00007195,0.
00006197,-0.00000707,-0.00004245,0.00002243,-0.00001876,0.00001189,-0.00003192,0
.00000212,0.00001527,-0.00002940,-0.00003094,-0.00000085,-0.00001269,-0.00003175
,0.00002592,-0.00001462,0.00001015,0.00002289,0.00000814,0.00000386,-0.00000111,
-0.05172767,-0.02676319,-0.12323022,-0.00808300,-0.01048990,-0.01445476,-0.03402
685,-0.02006106,0.46101843,-0.00001961,0.00000252,0.00012036,-0.00011727,0.00008
425,0.00049192,-0.00042035,-0.00022677,-0.00018552,-0.00001127,-0.00001742,-0.00
002098,-0.00001214,0.00001500,0.00000425,-0.00001737,0.00000638,0.00000548,0.000
00177,0.00001816,-0.00001460,0.00073630,-0.00032690,-0.00065738,-0.00008438,-0.0
0019699,-0.00013839,0.00002927,0.00000661,0.00002234,0.00019407,0.00058262,0.000
35673,0.00008463,-0.00006015,-0.00001106,0.00007038,-0.00001642,0.00002402,0.000
01542,-0.00003701,0.00001751,-0.00005087,-0.00001549,0.00004534,0.00001264,0.000
00045,0.00000427,-0.00001629,-0.00001828,-0.00000878,-0.00006956,0.00002330,-0.0
0002155,-0.00009709,0.00012059,-0.00003112,-0.00145458,-0.00340421,0.00410582,0.
00022130,0.00012202,0.00003924,0.00003070,0.00003682,0.00007170,-0.00001101,-0.0
0000694,0.00000700,0.00000417,0.00000776,-0.00000083,-0.00002036,-0.00002214,0.0
0000617,-0.00000360,-0.00000828,-0.00002165,-0.00007537,-0.00005685,-0.00001837,
-0.00008264,0.00035242,-0.00008956,0.00075087,0.00131499,-0.00147562,0.00000398,
-0.00000466,0.00000966,-0.00000110,-0.00000250,0.00001136,0.00000915,-0.00003249
,0.00006180,0.00002106,0.00001931,-0.00002022,0.00001665,-0.00002526,0.00000824,
-0.00000839,0.00000622,0.00001106,0.00000068,-0.00000322,0.00000373,-0.00000077,
-0.00001117,-0.00001178,0.00000806,0.00000987,0.00002295,0.00000318,-0.00000068,
-0.00000560,-0.00000035,0.00000436,0.00000225,0.00000979,-0.00000040,0.00000019,
-0.15918220,-0.01895446,0.04118296,-0.01791943,0.00340356,0.00901516,-0.02633031
,-0.00849366,0.00175484,0.46040788,0.00004886,-0.00003440,-0.00000607,0.00151606
,-0.00248751,-0.00017071,0.00005438,0.00011370,0.00009069,-0.00000008,0.00000401
,0.00001398,0.00000721,0.00000723,-0.00000115,-0.00000029,-0.00000291,0.00000711
,0.00001961,-0.00001710,0.00000344,-0.00097644,0.00004621,0.00073699,-0.00021215
,0.00086358,0.00049638,-0.00003060,0.00001951,-0.00002071,-0.00019108,-0.0005953
6,-0.00050962,-0.00002862,-0.00002911,-0.00007172,-0.00001203,0.00000873,-0.0000
0321,-0.00001893,0.00000685,0.00000004,-0.00004477,0.00001981,0.00001985,0.00000
671,-0.00000065,0.00000851,-0.00000017,-0.00000558,-0.00000336,0.00009190,-0.000
01308,0.00003970,0.00005264,-0.00006695,0.00000230,-0.01547247,-0.00871630,0.015
31083,-0.00161840,-0.00017457,0.00045103,-0.00007338,0.00004349,0.00005038,-0.00
000806,0.00002052,-0.00000876,0.00001493,0.00000694,0.00002453,0.00001500,0.0000
1306,-0.00000239,0.00000853,0.00002374,0.00000251,-0.00008506,-0.00015110,-0.000
05334,-0.00005401,-0.00002971,0.00066306,-0.00145373,0.00055452,0.00026935,0.000
00508,-0.00000241,-0.00000190,0.00000096,-0.00000446,0.00000178,0.00001562,-0.00
001056,0.00001370,-0.00000216,-0.00000163,0.00001109,-0.00000067,0.00000067,0.00
001557,0.00000452,0.00000614,-0.00000381,-0.00000825,-0.00000413,-0.00000192,-0.
00000438,0.00001410,0.00000952,-0.00000734,0.00000340,-0.00002451,-0.00000223,-0
.00000860,0.00000235,0.00001199,-0.00000113,-0.00000649,-0.00000230,-0.00000151,
-0.00000414,-0.01947297,-0.06570077,0.00820320,0.02237281,-0.00062902,-0.0108203
6,-0.01224845,-0.00323139,0.00033818,-0.01530970,0.52356327,0.00004978,-0.000139
71,0.00007427,-0.00126155,0.00287246,-0.00022534,-0.00001486,0.00010465,-0.00006
251,-0.00000727,-0.00000013,0.00002618,0.00000342,-0.00000404,-0.00000550,-0.000
01376,-0.00002288,0.00000258,-0.00002419,-0.00001125,0.00001543,-0.00064616,-0.0
0002848,-0.00002310,0.00002977,-0.00080479,-0.00034325,-0.00009821,0.00002872,0.
00002577,0.00030597,0.00023517,0.00024037,-0.00004537,-0.00007579,-0.00015904,0.
00004948,-0.00000190,0.00000650,-0.00004242,-0.00000206,-0.00001082,-0.00000597,
0.00003841,0.00011356,0.00002418,-0.00000434,0.00001838,0.00000329,-0.00001156,0
.00001075,-0.00018031,0.00005591,-0.00003364,0.00012964,-0.00003177,-0.00004352,
0.01598933,0.01164413,-0.01693809,0.00170520,0.00010833,-0.00058045,-0.00029961,
0.00007158,0.00009784,-0.00000539,0.00004805,0.00008595,0.00003497,0.00000616,0.
00003472,-0.00001767,-0.00001790,-0.00000994,0.00005035,0.00006959,-0.00006096,-
0.00000242,-0.00008138,-0.00011633,0.00032479,-0.00031641,-0.00071467,0.00227934
,0.00087306,-0.00007251,0.00001561,-0.00000513,-0.00000320,0.00000323,-0.0000052
1,0.00000722,0.00005207,-0.00003057,0.00004371,0.00001923,-0.00000100,-0.0000053
5,-0.00001199,0.00000604,0.00000244,0.00000703,0.00000585,-0.00000664,0.00000947
,0.00000027,0.00000363,-0.00001087,-0.00000918,-0.00000315,-0.00000774,-0.000024
62,0.00001417,-0.00000077,-0.00000235,0.00000423,-0.00000783,-0.00000199,0.00001
694,0.00000377,-0.00000096,-0.00000267,0.04201832,0.00685574,-0.07943657,0.01487
021,-0.00204865,-0.00639804,-0.01814517,-0.00551058,0.00378645,0.03290476,0.0077
9413,0.51275745,-0.00000183,-0.00024020,-0.00001399,-0.00073802,0.00189167,0.000
11063,0.00014061,0.00078167,0.00029550,-0.00000552,-0.00000956,0.00005066,-0.000
02130,-0.00001259,-0.00002363,-0.00002378,-0.00003094,0.00000540,0.00003336,-0.0
0001545,0.00005680,-0.00049854,0.00002726,0.00011040,0.00035520,-0.00113789,-0.0
0024082,-0.00010566,-0.00002328,-0.00002741,0.00014061,-0.00015672,-0.00008354,-
0.00003165,0.00010186,-0.00006427,-0.00001440,0.00005454,-0.00005274,-0.00009512
,0.00000479,-0.00004183,-0.00001980,-0.00000715,0.00002205,0.00000688,-0.0000043
3,-0.00000278,-0.00001062,-0.00001739,-0.00001480,-0.00011811,0.00003283,0.00003
233,0.00012188,-0.00012886,-0.00004538,0.00011810,-0.00050648,-0.00015717,0.0005
4528,-0.00032968,-0.00012536,-0.00145957,-0.00093352,-0.00032995,0.00006846,0.00
008976,0.00005066,-0.00005813,-0.00006486,-0.00005437,-0.00001768,-0.00008875,0.
00002824,0.00007891,0.00009665,-0.00001576,0.00017300,-0.00078505,-0.00020827,0.
00019684,-0.00005502,0.00000329,0.00015553,-0.00020430,0.00005479,0.00000624,0.0
0000251,-0.00000522,-0.00000463,-0.00001108,0.00000624,0.00004011,0.00002322,-0.
00003912,-0.00000952,0.00001480,0.00001935,0.00000957,-0.00000593,0.00001875,0.0
0001005,0.00002319,0.00000108,-0.00001657,-0.00001302,0.00000062,0.00000230,-0.0
0000841,-0.00001041,0.00000055,0.00001734,0.00000084,-0.00000779,-0.00001757,-0.
00000540,0.00000831,0.00001258,-0.00001113,0.00000227,-0.00000083,-0.00000291,-0
.01342704,0.00137207,0.00586668,-0.25039796,-0.02828426,0.07788590,0.00069662,-0
.00051549,-0.00074234,-0.00111848,0.00311124,0.00144189,0.29195741,0.00031242,0.
00020738,0.00018145,0.00107835,-0.00078662,0.00072795,0.00000345,-0.00051509,0.0
0000138,0.00000709,0.00000203,0.00000438,0.00004823,0.00001243,0.00001578,0.0000
4390,0.00001079,0.00000753,-0.00004896,-0.00004004,0.00010709,0.00029349,-0.0000
0662,-0.00008362,0.00022762,-0.00007823,0.00030859,0.00000757,0.00000469,0.00002
636,-0.00009441,0.00011643,0.00006954,-0.00008589,0.00006193,-0.00003501,0.00001
642,0.00001416,-0.00000439,0.00002679,-0.00000126,-0.00001126,0.00000225,-0.0000
1311,-0.00000682,0.00001573,0.00001502,0.00002564,0.00000426,0.00000548,0.000005
37,0.00005152,-0.00001958,-0.00001382,-0.00005396,0.00002471,0.00003431,-0.00005
366,0.00085806,-0.00026837,-0.00056196,-0.00019919,0.00006210,-0.00103994,-0.000
81448,-0.00029465,0.00007803,0.00009901,-0.00012735,0.00004920,0.00000004,0.0000
6610,0.00000750,0.00000812,-0.00003525,-0.00002528,0.00000012,0.00010201,-0.0015
8766,-0.00018297,-0.00051781,-0.00009774,0.00017519,-0.00004030,-0.00011516,0.00
005185,-0.00000324,-0.00000152,0.00000961,-0.00000071,0.00000352,0.00002064,-0.0
0001003,0.00000744,0.00001614,-0.00001456,0.00002485,0.00003149,-0.00003372,0.00
000518,0.00001349,-0.00002052,-0.00001200,-0.00000691,0.00000130,0.00001682,0.00
002554,-0.00001191,-0.00000158,0.00000820,0.00000329,-0.00000474,-0.00001233,-0.
00000494,0.00000692,0.00002073,-0.00000547,0.00000034,-0.00000519,0.00001824,-0.
00001806,0.00000118,-0.00000227,0.02390877,0.00159039,-0.00929352,-0.02747069,-0
.04645763,0.01070628,0.00030150,0.00086114,0.00043712,0.00247552,-0.00380872,-0.
00230842,0.03331720,0.05442869,0.00014430,0.00020216,-0.00014510,-0.00016587,0.0
0152876,0.00045493,0.00017463,-0.00022167,0.00039600,0.00002116,0.00002353,-0.00
000261,0.00004109,0.00002129,-0.00000178,0.00005561,0.00003539,-0.00000822,0.000
05464,0.00006007,-0.00001695,0.00022895,-0.00004660,-0.00004165,-0.00023464,-0.0
0033441,-0.00060300,0.00002522,-0.00000294,-0.00003384,-0.00008713,-0.00000343,0
.00001867,-0.00010128,-0.00002270,-0.00000278,-0.00004518,-0.00002038,0.00002049
,0.00003977,0.00003699,-0.00000574,0.00002764,-0.00002142,-0.00003155,-0.0000128
6,0.00000251,0.00000331,0.00000289,0.00001995,0.00000294,0.00009237,-0.00002665,
-0.00000105,-0.00004969,-0.00009085,-0.00002243,-0.00026557,0.00017701,0.0002340
6,-0.00015688,-0.00022791,-0.00023301,-0.00025254,-0.00008467,-0.00020111,-0.000
02802,0.00005980,-0.00010643,-0.00005754,-0.00006257,0.00001100,0.00005939,0.000
09648,-0.00003015,0.00007867,-0.00001297,0.00021972,-0.00101024,-0.00086038,0.00
092261,-0.00009481,0.00017947,-0.00014913,-0.00003485,0.00001031,-0.00011505,-0.
00000901,0.00000564,-0.00000289,-0.00000072,0.00001252,-0.00002064,-0.00002321,0
.00000535,-0.00014589,0.00002718,0.00002976,-0.00003464,0.00000867,0.00002368,-0
.00000394,0.00000706,0.00000642,0.00001053,0.00000337,0.00000990,-0.00001093,-0.
00000144,0.00000639,0.00000834,-0.00001923,0.00000078,-0.00002160,-0.00000012,0.
00000387,-0.00000948,-0.00000022,0.00000593,-0.00001082,-0.00000573,0.00000171,0
.00000521,0.01226681,-0.00033406,-0.00544753,0.07848691,0.01140807,-0.07240584,0
.00027673,0.00025456,0.00040965,0.00150228,-0.00266166,-0.00083443,-0.09102398,-
0.01151553,0.08135839,-0.00000338,-0.00003848,-0.00006148,-0.00037352,0.00015557
,0.00030319,-0.00006545,0.00013884,0.00011449,-0.00000442,-0.00000225,0.00001597
,-0.00000523,0.00000414,-0.00000246,0.00000618,0.00000807,-0.00000701,0.00002783
,0.00002837,-0.00004295,0.00023273,-0.00003884,-0.00009864,0.00005356,-0.0001687
6,-0.00009876,-0.00005485,0.00000183,-0.00000367,0.00002130,0.00010486,0.0001030
5,-0.00001805,0.00002634,-0.00001901,-0.00001156,-0.00000609,-0.00000774,-0.0000
1512,0.00000605,-0.00001565,0.00000992,-0.00001029,-0.00000216,0.00000242,-0.000
01296,-0.00000533,0.00000724,-0.00000602,-0.00000171,-0.00000896,-0.00002076,-0.
00000069,0.00003400,-0.00002936,-0.00000239,-0.00007739,0.00174241,0.00069335,0.
00027771,0.00012124,-0.00003256,-0.00006400,-0.00000529,-0.00011029,-0.00007059,
-0.00004590,0.00005346,-0.00002793,-0.00003079,-0.00002151,0.00003314,0.00002301
,-0.00000177,0.00000444,-0.00002016,-0.00002048,0.00025294,0.00005186,0.00032599
,-0.00017271,0.00064930,-0.00028847,0.00006912,-0.00006035,-0.00009985,0.0000079
5,0.00000246,-0.00000337,0.00000121,0.00000407,-0.00000349,-0.00001354,-0.000024
56,-0.00003715,0.00001166,0.00001463,-0.00000961,0.00000778,-0.00000922,0.000011
16,0.00000059,0.00000693,0.00000226,-0.00000023,0.00000447,-0.00000308,0.0000001
5,-0.00000784,-0.00000347,-0.00000610,0.00000176,0.00000158,0.00000346,-0.000002
96,-0.00000836,-0.00000338,0.00000469,-0.00000889,0.00000848,0.00000169,0.000002
82,-0.00082069,0.00843394,-0.00659309,-0.04381841,-0.00112756,0.00044594,0.00013
021,-0.00069347,0.00006046,0.00020645,0.00090522,-0.00044593,-0.00288567,-0.0224
4963,0.02317052,0.04795343,0.00004502,0.00011661,-0.00025135,0.00058272,-0.00006
083,-0.00067248,0.00045370,0.00019929,0.00039901,0.00003432,0.00005289,0.0000247
7,0.00001129,-0.00001528,-0.00001328,0.00002103,-0.00000442,-0.00001287,0.000041
75,0.00000162,-0.00002658,-0.00088308,0.00045661,0.00051142,-0.00009941,0.000025
76,-0.00009409,0.00000156,0.00003306,-0.00006720,-0.00015108,-0.00058904,-0.0004
6644,-0.00011757,-0.00000648,0.00000886,-0.00006427,0.00000268,0.00000855,0.0000
0758,0.00002796,0.00001203,0.00001084,-0.00006337,0.00000234,-0.00002668,-0.0000
0014,-0.00001120,0.00000147,0.00001787,0.00000442,0.00012703,0.00003195,0.000060
78,0.00008405,-0.00014696,-0.00000269,0.00139601,-0.00390072,-0.00194228,-0.0002
5529,-0.00027166,-0.00004552,-0.00003015,0.00002406,0.00000797,-0.00001043,0.000
01671,0.00003526,-0.00003714,-0.00004378,0.00001530,0.00006625,0.00006474,0.0000
0230,0.00000954,0.00005396,0.00001912,-0.00009282,-0.00022167,0.00024530,0.00054
763,-0.00158785,0.00055476,0.00008231,-0.00031318,0.00025061,-0.00000719,0.00001
304,-0.00001050,0.00000360,-0.00001342,-0.00001224,-0.00004116,-0.00001274,-0.00
010112,-0.00003404,-0.00002862,0.00001278,-0.00001998,0.00004743,-0.00001309,0.0
0002734,0.00000416,-0.00002141,-0.00001601,-0.00001422,0.00000458,0.00000667,0.0
0003171,0.00001151,-0.00000818,0.00000363,-0.00004646,-0.00001196,-0.00002437,0.
00001569,0.00000886,0.00000067,-0.00001532,-0.00000814,0.00000756,-0.00000686,0.
00227232,-0.02527378,0.01755305,-0.00118913,-0.16259389,0.11796806,0.00039719,0.
00042604,0.00107894,-0.00086975,0.00078899,0.00073624,-0.00217871,-0.00477328,0.
00650561,-0.00062767,0.19122983,-0.00000744,-0.00002485,0.00014282,-0.00056438,-
0.00055088,-0.00052981,-0.00032613,-0.00030269,-0.00029012,-0.00001933,-0.000038
92,-0.00001848,0.00000309,0.00002024,0.00001766,0.00000058,0.00001471,0.00000693
,-0.00003678,-0.00000989,0.00002200,0.00037322,-0.00036306,-0.00018671,0.0001855
2,0.00102083,-0.00043423,0.00001681,-0.00001896,0.00004483,-0.00000111,0.0002788
9,0.00007483,0.00006094,0.00000120,0.00000885,0.00003794,-0.00001774,0.00000485,
0.00001980,-0.00002009,-0.00001105,-0.00000751,0.00001093,0.00001370,0.00001620,
-0.00000253,0.00000810,0.00000438,-0.00001076,-0.00000388,0.00003660,-0.00002474
,-0.00001658,-0.00009190,0.00015393,0.00002985,0.00052337,-0.00108824,0.00001333
,0.00018932,0.00028803,0.00011600,0.00001634,-0.00004556,0.00001063,0.00000844,0
.00000067,-0.00004311,0.00001626,0.00002796,-0.00000197,-0.00004710,-0.00002314,
-0.00001078,-0.00002486,-0.00004425,0.00001117,0.00002961,0.00019147,-0.00018548
,0.00010536,-0.00030817,0.00026230,0.00016888,-0.00016357,0.00009889,0.00000667,
-0.00000941,0.00000636,0.00000228,0.00002178,0.00000277,0.00000283,0.00000046,0.
00005826,0.00002668,0.00003066,-0.00002362,0.00001620,-0.00003878,0.00000338,-0.
00003074,-0.00000442,0.00001843,0.00001096,0.00001886,-0.00000697,0.00000182,-0.
00000738,-0.00000504,0.00001221,-0.00000081,0.00002044,0.00001266,0.00002641,-0.
00001275,-0.00000651,-0.00000830,0.00001157,0.00000343,-0.00000707,0.00000671,-0
.00030106,-0.00574865,0.00601759,0.00047887,0.11812039,-0.15792207,0.00044785,-0
.00092607,0.00047851,0.00006274,-0.00081696,0.00048683,0.00225812,0.00988872,-0.
01012075,-0.00164245,-0.13714809,0.18371192,0.00003648,-0.00005017,0.00010254,-0
.00075194,-0.00216141,-0.00080016,-0.00008215,0.00004702,-0.00011432,-0.00000927
,-0.00000353,0.00004134,-0.00000056,-0.00001125,0.00000766,-0.00000845,-0.000015
06,-0.00000112,-0.00001107,-0.00001592,-0.00002861,0.00000765,0.00009277,0.00000
505,0.00000409,0.00163478,0.00019875,-0.00006129,0.00000644,0.00002618,-0.000026
22,0.00002120,0.00000118,-0.00001112,0.00007341,-0.00004349,0.00002924,0.0000155
1,-0.00001502,-0.00003233,0.00000778,-0.00003385,-0.00002771,-0.00000841,0.00002
591,0.00001396,-0.00000580,0.00001458,0.00000889,-0.00001411,0.00000383,0.000002
06,-0.00000412,-0.00001454,0.00007819,0.00001771,0.00002855,0.00022008,-0.000043
98,0.00023443,0.00037817,0.00030241,0.00013866,-0.00008346,-0.00011072,0.0000255
3,-0.00003521,-0.00007408,0.00005855,0.00006956,0.00003059,0.00001488,0.00001457
,-0.00002151,-0.00000420,-0.00007798,-0.00003062,-0.00013114,0.00017863,0.000239
18,-0.00020158,-0.00007960,-0.00010699,0.00007416,0.00002702,0.00008042,0.000111
84,0.00001749,0.00000242,-0.00000412,0.00000704,-0.00000428,0.00000616,0.0000127
3,-0.00000558,0.00008031,-0.00001271,-0.00002171,0.00000814,-0.00001465,-0.00000
196,-0.00000479,0.00000104,-0.00000185,-0.00001614,0.00000425,-0.00000065,0.0000
0376,-0.00000356,0.00000212,0.00000653,0.00000170,-0.00001279,0.00000210,0.00000
190,-0.00000579,0.00000812,-0.00000240,-0.00000589,0.00000394,0.00000770,0.00000
308,-0.00000483,0.00495294,0.00141367,0.00572239,-0.12663327,-0.03908745,-0.1084
1794,0.00011324,0.00116763,0.00074542,0.00070666,0.00080921,0.00066796,-0.024366
52,-0.00963105,-0.02354080,-0.00027876,0.00035825,-0.00168851,0.14592896,0.00009
526,-0.00005962,0.00013517,-0.00228395,-0.00367597,-0.00096867,-0.00026630,-0.00
016720,-0.00030249,-0.00001148,-0.00000276,0.00001274,0.00000709,-0.00000089,0.0
0000426,-0.00000001,-0.00000730,0.00000128,-0.00001902,-0.00000407,0.00000822,-0
.00001209,0.00005846,-0.00013930,0.00101406,0.00143510,0.00092313,-0.00003237,0.
00002395,0.00005500,-0.00000290,0.00021334,0.00011209,0.00000032,0.00000422,-0.0
0004531,0.00005489,-0.00001197,0.00001436,-0.00000402,0.00000472,-0.00000122,0.0
0002374,0.00002713,0.00006865,0.00002466,-0.00000902,0.00001641,0.00000963,-0.00
000791,0.00000959,0.00002063,0.00001981,-0.00004058,-0.00003244,0.00014949,0.000
03407,-0.00076368,0.00065119,-0.00020070,0.00102738,0.00070767,0.00018073,-0.000
10729,-0.00001180,-0.00002792,0.00000367,0.00001241,0.00003995,0.00003607,0.0000
1331,0.00000525,0.00000071,-0.00000907,-0.00000470,0.00000957,-0.00000822,-0.000
03583,-0.00000451,0.00001218,-0.00007572,0.00008712,0.00021482,0.00025540,0.0003
4549,-0.00016288,-0.00006979,0.00001300,0.00000311,-0.00000099,0.00000612,0.0000
0488,0.00000431,0.00001590,-0.00002280,0.00002916,0.00002119,-0.00001174,-0.0000
0938,-0.00000934,-0.00000499,-0.00000908,-0.00000862,-0.00000141,-0.00000373,0.0
0000870,0.00000924,0.00000272,-0.00000315,0.00000269,0.00000139,-0.00000508,-0.0
0001993,0.00000521,0.00000575,0.00000523,0.00000035,-0.00000872,-0.00000403,0.00
000919,0.00000801,0.00000034,-0.00000147,-0.01389728,-0.01080762,-0.02138018,-0.
03895633,-0.06101615,-0.05038912,0.00186419,-0.00438823,-0.00288375,-0.00078604,
0.00046129,0.00043793,-0.00531883,-0.00072270,-0.00402349,0.01325922,0.00536308,
0.01844311,0.04464769,0.07222307,0.00008869,0.00000727,0.00007932,0.00043938,0.0
0139729,0.00144476,0.00000010,0.00001892,0.00004776,0.00000681,0.00001704,0.0000
1667,0.00001400,-0.00000651,0.00000030,0.00000326,-0.00001258,0.00000392,-0.0000
0383,-0.00001205,0.00001637,-0.00023774,0.00002946,-0.00003012,-0.00001781,0.000
12693,-0.00110694,-0.00001338,0.00001149,-0.00000373,0.00006515,0.00005076,0.000
07420,-0.00005085,0.00000771,-0.00004213,0.00001218,0.00000507,0.00001421,-0.000
00992,0.00002365,-0.00000943,0.00000367,0.00002184,0.00003458,0.00000853,0.00000
458,0.00001716,-0.00000222,-0.00000052,0.00000935,-0.00007686,0.00003531,-0.0000
1723,0.00002910,-0.00005939,-0.00006358,0.00009605,0.00041172,-0.00024586,-0.000
40480,-0.00033520,-0.00036257,0.00002230,0.00007809,0.00000251,0.00003285,0.0000
2540,-0.00000467,0.00004605,0.00001796,0.00001479,0.00001202,0.00000376,-0.00000
597,0.00002860,0.00003131,0.00000041,-0.00026445,-0.00024063,-0.00014737,0.00008
929,0.00012882,-0.00010076,0.00012379,-0.00013170,0.00011107,0.00000375,0.000002
26,-0.00000239,0.00000314,-0.00001150,0.00000391,0.00002502,-0.00000046,0.000026
95,0.00000454,-0.00002423,0.00000729,-0.00001566,0.00002883,-0.00001253,0.000016
04,0.00000189,-0.00001225,-0.00000102,-0.00001157,0.00000517,-0.00000825,0.00000
814,0.00000407,-0.00001034,-0.00000642,-0.00000773,-0.00000621,-0.00001216,0.000
01039,0.00000303,0.00000043,0.00000343,0.00000086,-0.00000004,-0.00000449,-0.006
44689,-0.00779181,-0.01174782,-0.10959098,-0.05107731,-0.18699123,0.00090214,-0.
00250854,-0.00124668,-0.00051298,0.00022348,0.00008748,0.00458744,0.00258119,0.0
0714686,-0.01553230,-0.00343286,-0.02164815,0.12574720,0.06081905,0.21461185,0.0
0007466,0.00028511,-0.00030799,-0.00043539,0.00012370,0.00010902,-0.00043870,-0.
00028090,0.00019670,-0.00000445,-0.00002904,0.00002864,0.00002570,0.00000105,-0.
00000151,0.00000219,0.00005883,-0.00002138,0.00003638,0.00000260,-0.00004692,0.0
0000746,-0.00001983,0.00005165,0.00003556,-0.00013619,-0.00007017,0.00007007,0.0
0007065,0.00000121,-0.00005559,0.00002665,-0.00001656,-0.00009194,-0.00015474,0.
00000814,0.00002321,0.00000054,0.00009009,-0.00004349,0.00006171,-0.00009504,-0.
00001687,0.00000042,0.00003905,-0.00000386,-0.00003674,0.00001470,0.00000770,0.0
0000425,-0.00003155,0.00005313,-0.00002754,0.00002707,-0.00005620,0.00008411,-0.
00006917,-0.00177066,-0.00081599,-0.00229316,0.00016737,0.00003357,-0.00003213,-
0.00015277,0.00008637,0.00014252,-0.00009700,-0.00003039,0.00030460,-0.00003032,
-0.00005883,-0.00008903,0.00008586,0.00002146,-0.00005801,0.00014737,0.00004129,
-0.00006612,0.00002591,-0.00010957,0.00018061,0.00023452,-0.00065397,0.00027037,
-0.00006353,0.00049589,-0.00052188,0.00002160,-0.00000744,0.00000443,0.00001469,
0.00001021,0.00000109,-0.00035923,-0.00011866,-0.00023016,0.00004021,0.00008093,
-0.00006419,0.00002583,-0.00006580,0.00003337,-0.00002214,0.00002095,0.00001802,
-0.00000993,0.00000738,-0.00000256,0.00000481,-0.00000312,-0.00001912,0.00000988
,0.00001316,0.00001312,0.00001076,0.00000570,-0.00001609,0.00000186,0.00000118,-
0.00000580,0.00001253,0.00000211,0.00000389,-0.00662738,0.01324688,-0.01263698,0
.00065091,0.00087833,0.00070338,-0.06288538,0.05590581,-0.03553146,0.00005410,0.
00026928,-0.00066405,0.00001122,-0.00011983,0.00016141,0.00015080,-0.00061305,-0
.00012126,-0.00001269,0.00022078,0.00024366,0.07108287,0.00031784,0.00038351,-0.
00062858,0.00004789,-0.00024691,-0.00041733,0.00027912,-0.00031218,0.00045751,0.
00004563,0.00007202,-0.00000313,0.00001514,-0.00002343,-0.00000256,0.00003705,0.
00003096,-0.00004100,0.00003734,-0.00001190,-0.00005797,-0.00072612,0.00058066,0
.00013809,0.00001700,0.00021551,0.00021148,0.00018695,0.00014326,-0.00011579,-0.
00014081,-0.00022087,-0.00001069,-0.00037692,-0.00016250,0.00004098,-0.00003493,
-0.00005242,0.00008877,0.00001194,0.00005245,0.00004588,0.00015027,-0.00060615,0
.00013607,-0.00010845,-0.00003728,-0.00004569,0.00001187,0.00004941,-0.00000228,
0.00023596,0.00017054,-0.00000079,0.00001301,0.00004952,-0.00001529,-0.00058958,
-0.00045306,-0.00099327,-0.00011558,-0.00001963,0.00003615,-0.00005340,-0.000012
36,0.00014808,0.00008177,-0.00009497,0.00022376,-0.00010710,-0.00008814,-0.00005
041,0.00008815,0.00007233,-0.00001934,0.00011862,0.00011627,-0.00000395,-0.00005
474,-0.00004545,0.00034699,0.00048502,-0.00071058,0.00111587,-0.00015716,0.00022
054,-0.00025681,-0.00001157,0.00001599,-0.00001179,0.00000617,-0.00000070,-0.000
02306,-0.00041212,0.00011301,-0.00028635,-0.00003986,-0.00000575,-0.00002412,-0.
00000569,0.00001282,-0.00001086,0.00001690,-0.00000367,-0.00002247,-0.00002816,-
0.00001669,0.00001068,0.00000035,0.00004527,0.00000944,-0.00001592,-0.00000050,-
0.00004559,-0.00001336,-0.00001812,0.00001690,0.00000534,-0.00000239,-0.00001640
,-0.00001261,0.00000820,-0.00000301,-0.00119785,0.00500346,-0.00219390,-0.000775
03,0.00075865,-0.00158037,0.05668810,-0.19532042,0.10009036,-0.00000758,-0.00001
128,-0.00035349,-0.00003937,0.00003270,0.00014463,-0.00037424,-0.00008328,-0.000
46238,-0.00012585,-0.00011281,-0.00019413,-0.06583874,0.22623010,-0.00016975,-0.
00023884,0.00029207,-0.00081588,0.00061624,0.00067220,-0.00027101,0.00026852,-0.
00050429,-0.00002764,-0.00006446,0.00000133,-0.00002945,-0.00000144,0.00000621,-
0.00005470,-0.00001127,0.00001004,-0.00002820,0.00001574,0.00002790,0.00029868,-
0.00032486,-0.00024641,0.00009572,-0.00045516,-0.00025073,-0.00009052,-0.0000305
1,0.00000129,0.00009487,0.00025157,0.00012671,0.00004971,0.00006898,-0.00006604,
-0.00002832,-0.00000731,-0.00000037,-0.00003451,-0.00002030,-0.00002470,0.000183
31,0.00016492,0.00012363,0.00001557,-0.00000283,0.00001088,0.00000350,-0.0000271
6,-0.00001668,-0.00008664,-0.00005952,-0.00003135,0.00002985,0.00009386,0.000029
11,-0.00329774,-0.00089431,-0.00382042,0.00040594,0.00005066,-0.00002405,0.00016
421,-0.00000924,0.00002802,-0.00003953,-0.00006949,0.00003871,0.00008266,0.00006
751,-0.00003257,-0.00005769,-0.00006700,-0.00000513,-0.00004198,-0.00007180,-0.0
0013465,0.00021116,0.00019836,-0.00056080,-0.00018469,-0.00054465,0.00004580,-0.
00013686,0.00071750,-0.00074841,0.00001297,-0.00002008,0.00000316,0.00000253,0.0
0000395,0.00001049,0.00007594,-0.00000426,0.00030858,0.00002380,0.00000811,-0.00
000057,0.00001732,-0.00003494,0.00001291,-0.00002859,0.00000271,0.00003002,0.000
01399,0.00001194,-0.00000577,0.00000428,-0.00002920,-0.00001801,0.00000981,-0.00
000182,0.00003672,0.00001041,0.00001390,-0.00001370,-0.00000786,0.00000093,0.000
01161,0.00001381,-0.00000659,0.00001328,-0.00938271,0.01702585,-0.01720294,0.000
00942,0.00134137,0.00048972,-0.03560341,0.10063157,-0.10780953,0.00042139,0.0000
7177,0.00012752,0.00024194,0.00002329,-0.00048453,-0.00040971,-0.00114282,0.0000
0133,0.00020623,0.00019125,0.00029650,0.04474621,-0.11489344,0.12614642,0.000610
59,0.00051650,-0.00042214,-0.00010309,0.00009400,-0.00010568,-0.00049616,-0.0000
8693,0.00140029,0.00005100,0.00004191,0.00000935,0.00003490,-0.00003414,0.000003
64,-0.00000785,-0.00001792,-0.00003022,0.00003739,-0.00000778,-0.00011139,0.0006
2969,0.00031044,0.00000248,0.00001748,-0.00007117,0.00003795,-0.00004270,0.00006
569,-0.00008687,0.00000003,-0.00020532,-0.00027124,-0.00054785,-0.00030717,0.000
40787,-0.00009286,0.00020448,-0.00019085,0.00009428,0.00002122,-0.00003138,-0.00
138578,-0.00163693,-0.00103261,-0.00005530,0.00002605,-0.00000291,0.00008857,0.0
0004884,-0.00004739,-0.00019003,-0.00019881,0.00014272,0.00029348,-0.00025987,0.
00012587,0.00007406,-0.00001048,0.00031000,-0.00004008,-0.00028169,-0.00006610,-
0.00059124,0.00008844,0.00068643,-0.00012925,-0.00020941,0.00020825,0.00013051,-
0.00000064,0.00000204,0.00012184,-0.00005852,-0.00003013,-0.00005419,0.00005409,
-0.00027670,-0.00032815,-0.00020689,-0.00016900,-0.00005940,0.00037757,-0.000687
76,-0.00001558,-0.00004968,-0.00002336,0.00004469,0.00001268,-0.00003501,0.00001
412,0.00000241,-0.00002163,-0.00008954,0.00008100,0.00014493,0.00008246,0.000068
05,-0.00005087,0.00001164,0.00004428,0.00000587,0.00000354,0.00002081,-0.0000072
3,0.00001124,0.00000777,-0.00001307,0.00000460,-0.00000562,0.00000837,-0.0000355
2,-0.00001967,-0.00003653,0.00000959,-0.00000895,-0.00000790,-0.00000632,-0.0000
0377,-0.00002640,0.00002144,0.00000953,-0.00000167,0.00690589,-0.00967659,-0.009
57696,-0.00128558,-0.00136602,-0.00226909,-0.10840798,0.07684993,0.07531449,0.00
063551,-0.00153122,-0.00156125,0.00001511,-0.00000914,-0.00014331,-0.00008919,-0
.00006021,0.00004087,0.00028388,-0.00075798,-0.00040330,-0.00628797,0.00879013,0
.00592200,0.12680351,0.00005323,-0.00019445,0.00004204,-0.00008508,-0.00028492,-
0.00013904,-0.00014988,-0.00011538,-0.00029087,-0.00000853,-0.00001551,0.0000003
2,0.00001099,0.00002647,-0.00001052,-0.00004069,0.00002818,0.00002981,-0.0000034
0,0.00000179,-0.00000342,0.00052168,-0.00007102,0.00028589,0.00000937,0.00018562
,0.00001390,0.00001330,0.00002060,0.00006288,0.00000387,0.00005461,-0.00009118,-
0.00028813,-0.00056426,0.00003059,0.00001961,0.00001919,0.00000883,0.00001714,0.
00001902,-0.00000919,-0.00119564,-0.00032990,-0.00044011,0.00003034,0.00001826,0
.00002009,0.00000548,-0.00002140,-0.00002638,-0.00006757,-0.00007992,0.00009231,
-0.00010018,0.00006101,-0.00000702,-0.00006610,-0.00012425,-0.00001996,0.0000411
9,0.00014907,0.00006622,-0.00022657,0.00006895,0.00014115,0.00003918,0.00004878,
-0.00002398,0.00004085,0.00006050,-0.00010352,-0.00007216,-0.00004106,0.00006230
,0.00008927,0.00003132,0.00003338,-0.00019069,-0.00013989,0.00000054,0.00017704,
-0.00021577,0.00128407,0.00003023,-0.00009548,-0.00001039,0.00001222,-0.00001985
,0.00000278,0.00000633,0.00001120,-0.00000337,0.00002148,-0.00010165,0.00000516,
0.00001520,0.00005153,-0.00003534,0.00001364,-0.00002256,0.00001998,-0.00000635,
0.00000883,0.00000768,-0.00000382,-0.00000001,-0.00000174,0.00001305,-0.00001677
,-0.00002279,0.00002077,0.00002004,0.00001903,0.00000841,0.00001050,-0.00001161,
0.00000018,-0.00000242,-0.00000309,0.00000559,-0.00000601,0.00000689,0.00289020,
-0.00792247,-0.00922591,-0.00186977,-0.00086150,-0.00286853,0.07513062,-0.127395
16,-0.08235933,0.00058467,0.00049720,-0.00017210,-0.00024722,0.00004951,0.000249
14,0.00006047,0.00029233,-0.00005319,0.00017400,-0.00070093,-0.00042990,0.017824
17,-0.02082575,-0.01507471,-0.08555169,0.15005784,-0.00051830,-0.00030892,0.0000
2257,0.00001299,-0.00039868,-0.00028519,0.00064008,0.00012262,-0.00123569,-0.000
02561,-0.00004370,0.00000877,-0.00001809,0.00002256,0.00000606,-0.00003771,0.000
03499,0.00002138,-0.00002871,0.00001112,0.00007759,-0.00040510,0.00082057,-0.000
99415,0.00000955,0.00041506,0.00030130,0.00013882,0.00001866,-0.00002479,-0.0001
1947,0.00007536,0.00042221,-0.00009924,-0.00036392,-0.00010500,0.00008977,-0.000
08682,0.00007794,-0.00008130,0.00000174,0.00002900,-0.00023777,-0.00030273,0.000
74801,-0.00003921,0.00000369,-0.00002857,-0.00005430,-0.00001616,-0.00001107,0.0
0047029,0.00028655,-0.00014537,-0.00011296,0.00033950,-0.00003103,-0.00020234,-0
.00061727,0.00003093,0.00001806,0.00027697,0.00021053,0.00035915,-0.00005382,-0.
00022526,0.00007271,0.00007346,-0.00011679,-0.00009050,0.00000508,-0.00002714,-0
.00013164,0.00000933,0.00000208,0.00013148,0.00001070,0.00012987,0.00017066,0.00
006230,-0.00007322,0.00001296,0.00017535,-0.00005377,0.00006286,0.00000808,0.000
02528,-0.00003550,-0.00002413,0.00001858,-0.00000146,0.00000088,0.00000179,0.000
08427,0.00001929,-0.00001544,-0.00010338,-0.00003284,0.00001712,0.00000509,-0.00
005852,0.00000587,-0.00001618,-0.00002471,0.00000914,-0.00002377,-0.00001206,0.0
0001289,0.00001787,0.00001361,-0.00002168,0.00003360,0.00001627,0.00001664,-0.00
000879,0.00000661,0.00000937,0.00000404,-0.00000383,0.00001476,-0.00001986,-0.00
000877,0.00001624,0.00921406,-0.01700447,-0.01760173,-0.00291312,-0.00151915,-0.
00371426,0.07522035,-0.08432265,-0.12672849,0.00151919,0.00047304,0.00077295,-0.
00021795,0.00022961,0.00015077,-0.00010562,0.00016274,-0.00000535,0.00031270,-0.
00132282,-0.00040702,-0.00803737,0.00947156,0.00937822,-0.08360902,0.10072423,0.
14676695,0.00239312,0.00322751,-0.00012573,0.00023524,-0.00055998,-0.00132411,0.
00286671,0.00000439,-0.00044893,0.00014129,0.00053953,-0.00016791,0.00046681,-0.
00014673,0.00008780,0.00030895,0.00012671,-0.00019290,0.00002115,-0.00014087,-0.
00031358,-0.00196047,0.00163810,0.00015051,-0.00009742,0.00018515,0.00040286,0.0
0071225,0.00083635,-0.00008018,-0.00040868,-0.00071061,-0.00006749,-0.00134749,-
0.00194123,-0.00105025,-0.00004886,0.00037226,0.00085095,-0.00000938,0.00062396,
0.00006540,0.00033326,-0.00087427,0.00013115,-0.00008294,0.00015268,0.00041321,0
.00005550,0.00035198,0.00007070,0.00048186,0.00045638,0.00003691,-0.00075093,-0.
00014799,0.00021179,-0.00004995,-0.00064584,0.00094272,-0.00011510,0.00003755,0.
00003876,-0.00485949,0.00132934,0.00366538,-0.00262926,-0.00068671,-0.00070472,0
.00047335,-0.00051242,-0.00014312,0.00068747,-0.00042059,-0.00028996,-0.00008836
,-0.00078385,-0.00007835,-0.00337192,0.00214376,0.00355738,-0.00016570,-0.000282
80,0.00045876,0.00020278,-0.00012207,0.00019677,-0.00001469,0.00025045,-0.000112
49,0.00003274,0.00004839,-0.00006692,-0.00052372,0.00007767,-0.00061889,-0.00027
589,0.00034562,-0.00038731,0.00006108,-0.00011787,0.00005610,0.00004374,-0.00001
482,-0.00008874,-0.00004653,-0.00002549,0.00001401,0.00000387,0.00003081,-0.0000
7211,0.00005753,0.00009221,0.00002477,-0.00000741,0.00001272,0.00001031,0.000020
44,0.00002608,0.00001098,-0.00004524,0.00007376,-0.00007213,-0.01574007,-0.00818
087,0.00273528,0.00017779,0.00010584,0.00023513,-0.18368651,-0.08811422,0.062675
43,-0.00247022,-0.00178357,-0.00276637,0.00027302,0.00007503,-0.00002169,-0.0000
8548,0.00006313,-0.00005823,0.00007535,0.00011386,0.00011273,0.00684000,0.003495
35,-0.00230105,-0.01575428,-0.00689318,0.00957043,0.21737803,0.00263111,-0.00025
957,0.00007598,0.00006512,0.00003889,-0.00050235,-0.00054092,-0.00053113,0.00323
959,0.00008236,0.00027793,-0.00015450,0.00018049,-0.00008763,-0.00002305,0.00004
746,-0.00007747,-0.00001547,-0.00002391,-0.00006679,-0.00019143,0.00063061,0.000
45876,0.00024428,-0.00011558,-0.00021493,-0.00002340,-0.00014283,0.00042227,0.00
004764,-0.00008931,-0.00006742,-0.00012535,-0.00170844,-0.00176787,-0.00200691,-
0.00035497,0.00031232,0.00013404,0.00005774,0.00028262,0.00021300,-0.00048256,-0
.00210477,-0.00275690,0.00006908,0.00010590,0.00025651,0.00019282,0.00010264,0.0
0004154,0.00004875,-0.00028231,0.00005498,-0.00066320,-0.00169058,0.00026613,0.0
0029211,0.00022452,0.00055435,0.00003760,-0.00029496,0.00005575,-0.00096071,0.00
057737,0.00044508,-0.00035723,-0.00042021,0.00017058,0.00067712,0.00010959,-0.00
012628,0.00042805,-0.00021701,0.00004247,0.00007922,0.00008574,-0.00078203,0.001
56126,-0.00060490,-0.00249859,0.00273658,-0.00149477,0.00181824,-0.00002490,-0.0
0014024,-0.00006598,0.00008765,0.00012552,-0.00013339,0.00002814,0.00004770,-0.0
0006019,0.00028383,-0.00024289,0.00057398,-0.00007123,0.00018678,-0.00019484,-0.
00004178,-0.00006343,0.00010050,0.00001650,0.00003081,-0.00002347,0.00002208,0.0
0000902,-0.00002989,-0.00000842,-0.00008124,0.00003509,-0.00001656,-0.00003297,0
.00001488,0.00002676,0.00000677,-0.00002878,0.00001100,0.00001975,0.00000141,0.0
0000526,0.00004504,-0.00005463,-0.00804912,-0.00436879,0.00162395,-0.00023135,-0
.00000299,0.00006579,-0.08711190,-0.09353856,0.03710279,-0.00075446,-0.00023969,
-0.00092097,0.00011811,-0.00022767,-0.00038775,-0.00005720,0.00002890,0.00001951
,0.00024065,0.00010199,0.00000524,-0.02009974,-0.01512674,0.01250549,0.01516649,
0.00855162,-0.00768574,0.09645216,0.11210636,-0.00001540,0.00005857,-0.00240561,
-0.00119283,-0.00070524,-0.00033260,0.00006633,0.00205723,-0.00045596,0.00007406
,0.00005232,-0.00004558,0.00000022,-0.00013239,-0.00003321,-0.00007031,-0.000000
49,-0.00011016,0.00016816,0.00005298,-0.00022292,-0.00038835,0.00010968,0.000004
29,0.00031808,0.00029651,0.00014257,-0.00006390,0.00006747,-0.00020176,0.0001835
8,-0.00029807,-0.00019128,-0.00025338,-0.00068243,0.00042710,-0.00077459,-0.0001
1795,-0.00007737,-0.00000450,0.00019178,0.00003918,0.00011199,-0.00269077,-0.002
20500,-0.00025107,-0.00004954,-0.00015947,0.00010743,0.00016814,-0.00003906,-0.0
0008476,0.00003657,0.00017225,0.00058367,0.00019956,0.00070867,0.00014220,-0.000
23767,0.00110168,0.00058726,0.00001064,-0.00031419,0.00290576,-0.00100543,-0.000
03581,0.00009624,-0.00026931,0.00071790,-0.00021451,-0.00021421,0.00000363,-0.00
004514,0.00014699,-0.00022232,0.00062495,0.00041990,-0.00044933,0.00395981,-0.00
271132,-0.00206302,-0.00234163,0.00173721,-0.00119356,0.00019332,-0.00011665,0.0
0014000,0.00001016,-0.00003559,-0.00005757,0.00000302,-0.00003321,-0.00001912,-0
.00063279,0.00047320,-0.00043123,0.00010896,0.00002746,-0.00003163,0.00005559,0.
00011785,-0.00005691,0.00000529,0.00003612,0.00002694,-0.00001698,-0.00002120,0.
00000489,0.00000714,0.00003157,-0.00000669,0.00001958,0.00008247,-0.00002916,-0.
00000983,-0.00003623,0.00000920,0.00000149,0.00000265,-0.00005894,0.00005549,-0.
00001198,0.00004693,-0.01608240,-0.00914356,0.00767412,-0.00034933,0.00030152,0.
00003958,0.06081537,0.03642732,-0.06744651,-0.00287307,-0.00148707,-0.00231165,0
.00008985,-0.00019558,-0.00004579,0.00004187,-0.00000989,-0.00014380,0.00008312,
-0.00009349,-0.00006499,0.01322616,0.01024191,-0.00672316,0.01702152,0.00795206,
-0.00821459,-0.07504007,-0.04080993,0.08487137,0.00000595,-0.00009332,0.00010671
,-0.00075830,-0.00059347,-0.00025147,-0.00012225,0.00001605,-0.00010872,-0.00000
626,0.00001004,0.00002625,0.00000578,-0.00000385,-0.00000158,-0.00000447,-0.0000
1396,0.00000551,-0.00000415,-0.00000529,-0.00000185,-0.00039436,-0.00001741,-0.0
0005744,0.00050812,0.00049694,0.00012563,-0.00002834,0.00002054,0.00002890,0.000
03260,0.00008979,0.00008396,-0.00000865,-0.00006409,-0.00007463,0.00008071,0.000
00341,0.00000569,-0.00002143,0.00001302,-0.00001325,-0.00002411,0.00002402,0.000
08745,0.00001639,0.00000141,0.00001500,-0.00000685,-0.00000654,0.00001159,0.0000
0789,0.00004708,-0.00003941,0.00002744,0.00005169,-0.00005384,0.00003359,0.00064
941,-0.00090352,0.00044164,0.00023875,-0.00005637,-0.00016839,0.00005454,0.00002
578,0.00000484,0.00002447,0.00004652,0.00004354,0.00002116,0.00001181,-0.0000140
8,-0.00001576,-0.00001276,0.00004152,0.00002379,-0.00002282,-0.00001544,-0.00008
704,-0.00010458,0.00024277,0.00013542,0.00012812,0.00059807,-0.00052167,0.000384
71,0.00000793,0.00000303,0.00000156,0.00000542,-0.00001081,0.00000905,0.00003850
,-0.00002266,0.00004883,0.00001466,-0.00002747,0.00001660,-0.00001061,0.00001694
,-0.00001370,0.00001072,-0.00000093,-0.00001788,-0.00000222,-0.00000995,0.000007
94,-0.00001007,0.00001086,0.00000248,-0.00001149,-0.00001211,-0.00000646,-0.0000
0223,-0.00001210,0.00000889,-0.00000279,-0.00000100,0.00000008,0.00000809,0.0000
0099,-0.00000532,-0.02125773,-0.01226328,-0.01747629,0.00078514,-0.00063090,-0.0
0079763,-0.00619820,-0.00207615,0.00198660,-0.12637137,-0.05759604,-0.09903379,0
.00047612,-0.00005169,-0.00013563,-0.00018626,0.00019423,-0.00016111,-0.00036937
,0.00046783,0.00091494,0.00009377,-0.00012070,0.00008309,-0.00007335,0.00021768,
0.00044566,-0.00094170,-0.00029572,-0.00125122,0.14859843,0.00002626,-0.00004125
,0.00005325,-0.00035975,-0.00016217,0.00010495,-0.00009921,0.00002443,-0.0001225
2,-0.00000360,0.00000496,0.00000358,-0.00000076,-0.00000366,-0.00000194,-0.00000
537,-0.00000806,0.00000159,-0.00000379,-0.00000014,0.00000621,-0.00041643,-0.000
03688,-0.00018908,0.00028513,0.00004467,0.00000450,-0.00000609,0.00001360,0.0000
1894,0.00011316,0.00014091,0.00011706,0.00001415,0.00000745,-0.00002285,0.000034
88,-0.00000534,0.00001254,-0.00000933,0.00000581,0.00000089,0.00001846,-0.000000
06,0.00004709,0.00000882,-0.00000326,0.00000794,-0.00000197,-0.00000356,0.000006
26,-0.00000656,0.00005804,-0.00003643,-0.00001318,0.00004765,-0.00001927,-0.0007
0676,-0.00002542,-0.00085928,0.00027497,0.00010855,-0.00010021,-0.00006830,0.000
01562,0.00000580,0.00001383,0.00001271,0.00002336,0.00001445,0.00000623,-0.00000
241,-0.00000640,-0.00001003,0.00000148,0.00001868,0.00000860,-0.00001343,-0.0000
0033,-0.00001867,-0.00002963,0.00031219,0.00004298,0.00019672,-0.00020277,-0.000
99312,0.00096764,0.00000443,0.00000164,0.00000239,0.00000339,-0.00000492,0.00000
557,0.00001013,-0.00001147,0.00001357,0.00001266,-0.00001053,0.00000286,-0.00000
567,0.00000221,-0.00000727,0.00000162,-0.00000028,-0.00000546,-0.00000077,-0.000
00466,0.00000617,-0.00000264,0.00000251,-0.00000662,-0.00000459,-0.00000420,0.00
000418,-0.00000046,-0.00000564,0.00000351,-0.00000209,0.00000190,0.00000217,0.00
000544,0.00000063,-0.00000200,-0.00566878,-0.00322256,-0.00396366,0.00115571,0.0
0038750,-0.00000841,-0.00164373,-0.00010484,0.00032762,-0.05762068,-0.08486572,-
0.06798668,0.00011727,-0.00015109,-0.00004577,0.00007003,-0.00002352,0.00018137,
0.00027602,0.00026848,-0.00016849,-0.00012041,-0.00001799,0.00002671,-0.00004328
,0.00009489,0.00024451,-0.00021764,0.00014427,-0.00024500,0.06823433,0.09583562,
0.00005155,0.00002029,0.00005120,0.00018304,0.00008143,0.00004469,0.00004249,-0.
00000758,-0.00008775,0.00000292,0.00001334,-0.00000540,0.00000469,-0.00000598,-0
.00000184,-0.00000167,-0.00000927,0.00000318,-0.00000564,-0.00000205,0.00000769,
-0.00020477,-0.00001663,-0.00008913,-0.00006330,0.00001890,0.00003175,0.00001894
,0.00000243,0.00000408,0.00002822,0.00002586,0.00008336,0.00001461,0.00000394,-0
.00000415,0.00002085,-0.00001437,0.00002186,0.00000463,0.00001389,-0.00000364,0.
00002512,0.00002683,0.00001208,0.00000130,0.00000550,0.00000573,-0.00001280,0.00
000149,0.00000953,0.00003148,0.00003586,-0.00003439,-0.00004108,0.00001932,-0.00
002176,0.00078876,0.00013951,0.00046654,-0.00004332,-0.00002880,-0.00001195,-0.0
0002231,0.00001059,-0.00001278,-0.00000024,0.00000437,-0.00001282,0.00001647,0.0
0000584,0.00000285,-0.00000956,-0.00000362,-0.00001054,0.00000299,-0.00000415,0.
00001054,-0.00002091,-0.00001210,-0.00001788,0.00004390,-0.00012470,-0.00003685,
0.00028082,0.00043972,0.00008478,-0.00000667,0.00000327,0.00000337,-0.00000053,-
0.00001367,0.00000626,0.00001266,-0.00000579,0.00000278,-0.00001724,-0.00003065,
0.00002390,-0.00001158,0.00001618,-0.00001463,0.00001241,-0.00000624,-0.00001468
,-0.00000374,-0.00001427,0.00000779,-0.00000703,0.00000602,0.00000138,-0.0000029
5,-0.00000194,-0.00000003,-0.00000686,-0.00001046,0.00001158,0.00000233,0.000002
82,0.00000454,-0.00000078,0.00000125,-0.00000355,0.00434132,0.00347289,0.0061361
3,0.00059949,0.00044029,0.00057841,0.00112152,0.00000878,0.00024822,-0.09914338,
-0.06787849,-0.15974684,0.00012824,0.00008015,-0.00007804,-0.00021965,0.00002533
,-0.00022988,0.00036796,-0.00007585,0.00011961,0.00025283,-0.00011124,0.00010086
,-0.00005843,0.00031261,0.00014818,0.00028661,0.00019233,0.00033678,0.11433105,0
.07911937,0.18387238,0.00019476,0.00006437,-0.00000856,-0.00012673,0.00043180,0.
00021840,-0.00014625,0.00011429,0.00031517,0.00001565,0.00001527,0.00001545,0.00
000856,-0.00000835,-0.00000355,0.00000718,-0.00001007,-0.00000539,0.00001647,0.0
0000227,-0.00002595,-0.00049428,-0.00057630,0.00045122,0.00002801,-0.00032975,-0
.00022392,-0.00007495,-0.00000328,0.00000461,0.00003694,-0.00002740,-0.00019670,
-0.00007971,0.00002823,-0.00003340,-0.00005863,0.00002186,-0.00004180,0.00001694
,0.00000833,-0.00002013,-0.00006282,-0.00000171,-0.00006973,0.00000355,0.0000016
9,0.00000539,0.00002379,0.00000587,-0.00000007,-0.00021043,-0.00008271,0.0000470
1,0.00010064,-0.00014986,0.00001519,0.00069267,0.00069111,-0.00077715,0.00011746
,-0.00012451,-0.00016751,-0.00003076,-0.00006128,-0.00001584,-0.00003372,-0.0000
5138,0.00003911,0.00003674,-0.00000141,0.00001656,0.00005559,0.00002750,-0.00000
598,-0.00003869,-0.00001369,-0.00006040,0.00006604,0.00006199,0.00001371,-0.0001
4882,0.00017762,-0.00024807,0.00036174,-0.00007981,0.00014349,0.00001585,0.00000
472,-0.00001017,0.00000312,-0.00000226,-0.00000296,-0.00000944,0.00001259,0.0000
0906,0.00004817,0.00000618,-0.00001002,-0.00000804,0.00003148,-0.00000264,0.0000
1063,0.00001300,-0.00000597,0.00001402,0.00000521,-0.00000709,-0.00000755,-0.000
01150,0.00000427,-0.00001571,-0.00000852,-0.00000282,0.00000487,-0.00000483,-0.0
0000513,-0.00000249,0.00000256,-0.00000534,0.00000760,0.00000375,-0.00000215,-0.
01526293,0.02255014,0.01075873,-0.00569557,-0.00058384,0.00263337,0.00053921,0.0
0091936,0.00094580,-0.08241073,0.08302724,0.03042135,-0.00072903,0.00139601,0.00
086448,0.00001783,-0.00035516,-0.00001144,-0.00005873,-0.00017874,-0.00014210,0.
00002926,-0.00009266,0.00002395,-0.00069064,-0.00059727,-0.00089880,0.00021894,-
0.00000363,-0.00000778,0.00729515,-0.01581315,-0.00662630,0.09728415,-0.00013377
,-0.00004461,0.00000950,-0.00016303,-0.00040522,-0.00020184,0.00001284,-0.000103
81,-0.00020004,-0.00001435,-0.00002062,-0.00000822,-0.00000359,0.00001279,0.0000
0560,-0.00000435,0.00001508,0.00000452,-0.00000950,0.00000467,0.00000047,-0.0002
1042,-0.00014140,0.00001832,0.00005168,0.00025866,0.00003253,0.00004494,-0.00001
415,0.00002551,0.00006663,0.00016195,0.00012037,0.00007219,-0.00002422,0.0000359
9,0.00003937,-0.00000098,0.00000999,-0.00000109,-0.00001196,0.00000827,0.0000222
9,0.00002693,0.00001157,0.00000819,-0.00000304,-0.00000166,-0.00000706,-0.000006
39,-0.00000510,0.00006872,0.00000648,0.00000473,-0.00008809,0.00010210,-0.000016
31,-0.00050961,0.00050199,0.00065440,0.00002173,0.00017593,0.00014772,0.00003040
,0.00002086,0.00001339,0.00002723,0.00002468,-0.00003093,-0.00002047,0.00000102,
-0.00002488,-0.00003246,-0.00002244,0.00002072,0.00002959,0.00000267,0.00003125,
-0.00003351,-0.00004538,-0.00001319,-0.00007452,0.00028890,-0.00005342,-0.000183
12,0.00024840,-0.00018870,-0.00000475,-0.00000710,0.00000590,-0.00000244,0.00000
921,0.00000057,0.00000737,-0.00001124,0.00000608,-0.00000311,0.00001926,-0.00000
596,0.00001266,-0.00002485,0.00000807,-0.00000750,-0.00000540,0.00000670,-0.0000
0097,0.00000450,-0.00000156,0.00000196,-0.00000661,-0.00000608,0.00001266,0.0000
1187,0.00001481,0.00000201,0.00001047,-0.00000530,-0.00000125,-0.00000149,0.0000
0118,-0.00000159,-0.00000332,0.00000381,0.00050741,0.00231900,-0.00005986,0.0003
2844,0.00056777,-0.00009781,-0.00051925,0.00029673,0.00039706,0.08311240,-0.2172
7982,-0.06522464,0.00000954,0.00017670,-0.00003372,-0.00020404,0.00035282,-0.000
17226,-0.00000785,0.00006377,0.00029516,-0.00005737,-0.00010502,-0.00010249,-0.0
0000540,0.00052455,0.00025561,-0.00017039,-0.00000889,0.00009131,0.00464596,-0.0
1529105,-0.00732736,-0.09658431,0.25144357,-0.00015851,-0.00000306,-0.00006343,-
0.00003642,-0.00037363,-0.00035034,0.00014078,-0.00009439,-0.00003486,-0.0000001
9,-0.00000543,0.00000024,-0.00000219,0.00000565,0.00000237,0.00000035,0.00000750
,0.00000029,-0.00000636,-0.00000306,0.00000962,0.00181685,0.00062317,-0.00016626
,-0.00002015,0.00033347,0.00020598,0.00003909,0.00000347,-0.00002713,-0.00034494
,-0.00019679,-0.00011513,0.00000598,-0.00004443,0.00004050,0.00001149,0.00000794
,0.00000066,0.00000270,-0.00000721,0.00001504,-0.00001636,-0.00000733,0.00002204
,-0.00000865,0.00000281,-0.00000765,-0.00000883,0.00000194,-0.00000713,0.0001332
4,-0.00002895,0.00001532,-0.00001215,0.00004927,0.00001021,0.00036451,-0.0005969
8,0.00049543,-0.00011394,0.00006931,0.00016435,0.00003526,0.00002764,0.00002295,
0.00001420,0.00001781,-0.00002898,-0.00002505,-0.00000368,-0.00000529,-0.0000172
7,-0.00000781,0.00000317,0.00001329,0.00000913,0.00003195,-0.00004160,-0.0000384
2,-0.00001055,-0.00017142,0.00008876,0.00014429,0.00008291,-0.00000695,-0.001111
78,-0.00001200,-0.00000062,-0.00000009,-0.00000139,0.00000126,-0.00000453,0.0000
0030,0.00000140,-0.00000516,-0.00003779,0.00000023,0.00000158,0.00000483,-0.0000
0820,-0.00000009,-0.00000350,-0.00000960,-0.00000352,-0.00001097,-0.00000358,0.0
0000089,0.00000968,0.00001349,0.00000482,0.00001145,0.00000446,-0.00001288,-0.00
000457,0.00000138,0.00000514,0.00000354,-0.00000416,0.00000076,-0.00001037,-0.00
000092,0.00000122,0.00771833,-0.01050333,-0.00590617,0.00329500,0.00037203,-0.00
103154,-0.00099748,0.00035319,0.00033835,0.02966399,-0.06461248,-0.06817388,0.00
057990,-0.00078875,-0.00020124,-0.00005416,0.00014660,-0.00006904,-0.00000259,0.
00013374,0.00026124,-0.00002060,0.00007237,-0.00009665,-0.00055563,-0.00007618,0
.00022251,-0.00005865,-0.00009382,-0.00008507,0.00760127,-0.02304730,-0.00960562
,-0.03744672,0.07624658,0.07797804,0.00003210,0.00001220,-0.00010573,0.00060911,
-0.00101888,-0.00005628,0.00006493,0.00010879,0.00018893,0.00000893,0.00000972,0
.00001719,0.00000165,-0.00000044,-0.00000201,0.00001016,0.00000386,-0.00000406,0
.00002202,-0.00000038,-0.00001563,-0.00037441,-0.00001699,0.00025648,0.00000366,
0.00032709,0.00011774,-0.00002638,0.00000733,-0.00001746,-0.00010083,-0.00018569
,-0.00017144,-0.00005154,0.00002764,-0.00000615,-0.00003537,-0.00000007,-0.00000
653,-0.00000037,0.00001176,-0.00000822,0.00000205,-0.00004310,0.00000105,-0.0000
0453,-0.00000920,-0.00000426,0.00001108,0.00000084,-0.00000145,0.00011288,-0.000
00799,0.00002905,0.00001987,-0.00004774,0.00000884,-0.00398768,-0.00174871,0.003
31496,-0.00047591,-0.00002628,0.00002931,0.00000620,-0.00000786,0.00000629,-0.00
000706,-0.00001212,0.00002583,-0.00000894,-0.00001111,0.00000332,0.00003128,0.00
002979,0.00000221,-0.00001032,0.00000674,-0.00000498,0.00000712,-0.00003607,0.00
004565,0.00010714,0.00011583,0.00021709,-0.00009904,0.00003387,0.00000179,0.0000
0635,0.00000246,-0.00000506,0.00000313,0.00000501,-0.00000658,-0.00002351,-0.000
00357,-0.00002215,0.00000613,0.00000918,-0.00000732,0.00000269,0.00000723,0.0000
0152,0.00000297,0.00000584,-0.00000382,-0.00000369,0.00000321,-0.00000351,0.0000
0324,0.00000868,-0.00000019,-0.00000266,0.00000915,-0.00001548,0.00000170,-0.000
00382,-0.00000289,0.00000365,0.00000066,-0.00001028,0.00000117,0.00000136,-0.000
00079,-0.00004437,-0.01668928,0.02049068,0.00039034,-0.00080667,0.00005818,0.000
69967,-0.00028933,0.00068948,-0.04540162,0.01480923,-0.01820462,0.00011940,-0.00
001243,-0.00013823,-0.00027934,0.00049479,0.00023270,-0.00011039,0.00009398,-0.0
0007453,-0.00066626,0.00010268,-0.00009592,0.00002392,-0.00017451,-0.00011024,0.
00010807,0.00013663,0.00001700,-0.00268575,0.01179451,-0.01656913,-0.00136231,0.
00976095,-0.01003865,0.05296402,0.00000194,0.00009556,-0.00017268,0.00065478,-0.
00044344,-0.00053515,0.00032945,0.00013599,0.00029576,0.00002631,0.00003261,0.00
000981,0.00000244,-0.00001062,-0.00000907,0.00000975,-0.00000526,-0.00000805,0.0
0002079,-0.00000368,-0.00001168,-0.00006841,0.00049669,0.00016832,-0.00011611,0.
00022874,0.00023149,0.00000476,0.00001722,-0.00005878,-0.00013188,-0.00032081,-0
.00018562,-0.00008761,-0.00002449,0.00002146,-0.00004804,0.00000898,-0.00000943,
0.00001361,0.00000667,0.00001261,-0.00001885,-0.00005793,-0.00000168,-0.00002582
,0.00000593,-0.00001296,-0.00000082,0.00001374,-0.00000097,0.00005436,0.00001438
,0.00004437,0.00007867,-0.00011761,0.00000710,-0.00191242,-0.00002032,0.00194820
,-0.00063254,-0.00023361,0.00015106,-0.00000436,-0.00001718,0.00003709,-0.000011
17,-0.00001251,0.00001650,-0.00001942,-0.00002029,0.00001703,0.00003897,0.000033
76,-0.00000180,-0.00001795,0.00002188,-0.00000331,0.00000661,-0.00001104,0.00004
810,0.00006656,0.00002290,-0.00005826,-0.00040493,0.00002233,-0.00022392,-0.0000
0794,0.00000869,-0.00000762,0.00000238,-0.00001191,-0.00000790,-0.00002408,0.000
01198,-0.00003724,-0.00002487,-0.00001502,0.00000804,-0.00000544,0.00003019,-0.0
0000822,0.00001590,0.00000005,-0.00001600,-0.00001198,-0.00001054,0.00000269,0.0
0000565,0.00001959,0.00000369,-0.00000375,0.00000488,-0.00003022,-0.00000773,-0.
00001585,0.00001074,0.00000687,0.00000019,-0.00000958,-0.00000788,0.00000538,-0.
00000427,-0.00176563,-0.00575531,0.00713050,0.00070562,0.00048767,-0.00075242,0.
00035017,0.00037782,0.00007302,0.01541189,-0.13901732,0.11364500,0.00012823,-0.0
0008695,-0.00006871,0.00029614,0.00024113,-0.00028555,-0.00005453,-0.00009163,0.
00000541,-0.00045060,0.00036366,-0.00016138,-0.00013027,-0.00074815,-0.00006303,
0.00026448,0.00002615,-0.00014237,-0.00126012,0.00763773,-0.00886995,0.00560392,
-0.02304220,0.02245802,-0.01695968,0.15996562,-0.00000165,-0.00010953,0.00017522
,-0.00086189,0.00062631,0.00065126,-0.00039377,-0.00011610,-0.00021833,-0.000023
41,-0.00003947,-0.00000854,-0.00000677,0.00001500,0.00001204,-0.00000984,0.00000
521,0.00000477,-0.00002170,0.00000593,0.00001434,0.00031904,-0.00037863,-0.00042
529,0.00015952,-0.00033766,-0.00026332,-0.00003612,-0.00001294,0.00004059,0.0001
5102,0.00043095,0.00024935,0.00006123,0.00004617,-0.00001922,0.00003289,-0.00000
237,0.,-0.00001061,-0.00001418,-0.00001123,0.00000376,0.00002311,0.00002378,0.00
002453,-0.00000989,0.00001181,0.00000832,-0.00001704,-0.00000621,-0.00011713,-0.
00001722,-0.00003539,-0.00005261,0.00010299,-0.00000093,0.00275208,0.00109788,-0
.00209881,0.00074779,0.00022268,-0.00019396,0.00002598,0.00000856,-0.00003895,0.
00001285,-0.00000069,-0.00000362,0.00001791,0.00001462,-0.00001974,-0.00002855,-
0.00003412,0.00000352,0.00000629,-0.00003091,-0.00001994,0.00001260,0.00004457,-
0.00005023,0.00024628,0.00021091,-0.00008411,0.00061152,-0.00009484,0.00018966,0
.00001283,-0.00000929,0.00000257,0.00000014,0.00001778,0.00000416,0.00001226,-0.
00000424,0.00004817,0.00004109,0.00003801,-0.00002941,0.00001178,-0.00003824,0.0
0001312,-0.00002426,0.00000434,0.00002263,0.00001276,0.00001537,-0.00000694,-0.0
0000003,-0.00002233,-0.00000711,0.00000660,-0.00000414,0.00003097,0.00001061,0.0
0001943,-0.00001618,-0.00000788,-0.00000169,0.00001036,0.00000848,-0.00000691,0.
00000691,0.00169162,0.00994196,-0.01238882,-0.00040251,0.00045715,0.00006705,-0.
00113624,-0.00067466,0.00052643,-0.01857661,0.11404711,-0.18207960,-0.00029151,-
0.00011864,0.00021819,0.00067186,-0.00077884,0.00018054,-0.00002851,0.00010915,-
0.00018434,0.00022594,-0.00013260,0.00039469,0.00001520,0.00003747,0.00019219,-0
.00027484,-0.00016122,-0.00000703,-0.00591613,0.01523864,-0.02240919,0.00043713,
-0.00480160,0.00670646,0.02009429,-0.13478861,0.21071664,-0.00240441,0.00081703,
-0.00231513,0.00189831,-0.00215393,-0.00645352,-0.00180048,-0.00037350,0.0024216
4,0.00026296,0.00040226,0.00023367,-0.00003788,-0.00016537,-0.00013449,-0.000107
14,-0.00012180,0.00004960,0.00013646,-0.00009212,-0.00030887,-0.26896149,-0.0527
0760,-0.00611228,0.00121927,0.00285785,0.00424901,0.00108835,-0.00004699,-0.0003
1251,-0.03830604,-0.02300034,-0.00748327,-0.00021091,-0.00095052,0.00007869,-0.0
0006572,-0.00001573,0.00007938,0.00013840,-0.00008534,0.00001720,-0.00002903,0.0
0014911,0.00013589,-0.00023723,0.00021991,-0.00012437,-0.00030937,0.00008157,-0.
00000120,-0.00014669,-0.00268863,0.00008912,0.00126084,-0.00064706,-0.00008148,-
0.00205561,0.00370986,0.00065736,-0.00018927,0.00015792,0.00125700,-0.00008152,0
.00029285,0.00083353,-0.00002430,0.00011967,-0.00005920,-0.00023066,0.00024582,0
.00005935,-0.00010441,0.00010704,0.00005745,0.00025235,0.00084420,0.00023606,0.0
0008462,-0.00035298,-0.00002826,-0.06951105,0.01116805,0.00813727,0.00131050,0.0
0091608,0.00204697,-0.00007367,-0.00001302,0.00006519,-0.00007521,-0.00036921,0.
00005213,0.00003935,0.00002270,-0.00005784,-0.00121709,-0.00132560,0.00062943,-0
.00081600,0.00048739,-0.00030570,0.00041073,-0.00012554,-0.00037187,-0.00025062,
-0.00042774,0.00026229,-0.00013328,0.00039669,-0.00008714,-0.00013373,0.00020949
,-0.00020184,-0.00026470,-0.00037446,0.00033862,0.00000728,0.00007406,-0.0001178
9,0.00006483,0.00002878,-0.00003951,-0.00013978,-0.00154797,0.00200026,0.0002742
7,-0.00008184,-0.00054763,0.00005843,0.00080448,0.00030349,-0.00043208,0.0011605
5,-0.00014935,0.00037412,-0.00026271,-0.00013340,-0.00011755,0.00054709,-0.00034
684,-0.00002214,-0.00008412,0.00014221,0.00002106,0.00035314,-0.00031644,-0.0001
2735,-0.00027355,-0.00024460,0.00088582,-0.00024927,0.00033241,0.00026009,0.0001
9746,0.00015038,0.00052201,-0.00009329,-0.00096884,0.00035036,0.00025256,-0.0003
7600,0.51044687,0.00033457,-0.00022196,-0.00005660,-0.00097043,-0.00005651,0.001
30395,-0.00380950,-0.00187514,-0.00110185,-0.00000120,0.00001931,-0.00012529,0.0
0000202,0.00003654,0.00002763,0.00003927,0.00005114,-0.00000767,-0.00004929,0.,-
0.00005400,-0.03876388,-0.08710432,-0.01392394,0.00035838,0.00024147,0.00004037,
0.00024178,-0.00001225,0.00007712,-0.04796750,-0.01475971,-0.00827030,0.00034670
,-0.00002595,0.00040371,0.00007262,-0.00006942,0.00013557,0.00011783,-0.00000891
,0.00006754,-0.00007569,-0.00005488,-0.00001459,0.00001222,-0.00001004,-0.000002
65,0.00001886,0.00000419,-0.00001372,0.00243915,-0.00584708,-0.00255255,-0.00233
314,0.00133157,0.00044408,0.00148469,0.00051745,0.00050476,0.00083688,0.00071061
,-0.00012466,0.00022472,-0.00004777,-0.00000511,0.00000887,0.00000156,-0.0001081
5,-0.00003225,-0.00003484,-0.00004924,-0.00001461,-0.00004762,0.00004279,-0.0000
0425,-0.00009230,0.00014696,-0.00009881,0.00003018,0.00000662,0.03870632,0.00181
806,-0.00767802,0.00123866,-0.00057573,-0.00004002,-0.00000872,0.00002593,-0.000
00523,0.00005281,0.00011030,-0.00002670,-0.00003663,0.00000708,0.00000169,0.0002
2458,0.00025459,-0.00014688,0.00022379,-0.00009606,-0.00006793,-0.00004013,0.000
03238,0.00000879,0.00001875,0.00007210,-0.00002620,0.00006575,0.00011033,-0.0000
1915,-0.00000436,-0.00003694,-0.00000407,0.00003816,0.00004440,-0.00003748,-0.00
000989,-0.00001623,0.00000799,-0.00002167,0.00000519,0.00000068,-0.00049685,0.00
032184,-0.00000060,0.00008469,0.00019154,-0.00020377,0.00025065,0.00000492,0.000
10066,-0.00037078,0.00000005,0.00061793,0.00011209,-0.00003197,-0.00004019,-0.00
005187,0.00009963,0.00003802,-0.00002351,0.00002263,0.00004795,-0.00002805,-0.00
003444,0.00002496,-0.00013499,-0.00003761,-0.00014564,-0.00004727,-0.00013623,0.
00006167,0.00010161,0.00014401,-0.00001017,0.00040633,-0.00093164,-0.00061976,0.
00016145,-0.00023974,0.00008229,-0.02407709,0.27808457,0.00079433,-0.00045056,0.
00051698,-0.00059912,0.00027578,0.00000467,0.00035486,-0.00083307,0.00043495,-0.
00001980,-0.00008993,0.00003725,0.00000260,0.00001150,0.00000848,0.00000473,0.00
000066,0.00000387,-0.00003295,-0.00000236,0.00003041,-0.00253415,-0.01303377,-0.
04423922,0.00019415,-0.00017181,0.00013813,-0.00004715,-0.00006449,0.00013515,-0
.01706584,-0.00889072,0.00690599,0.00023515,0.00010531,0.00002676,-0.00002078,-0
.00002274,0.00003820,-0.00001269,0.00004631,-0.00003760,0.00005358,-0.00009758,0
.00005092,0.00004806,-0.00002414,0.00002050,0.00003013,-0.00002227,0.00000907,0.
00083969,-0.00294116,0.00136765,-0.00122787,0.00100361,0.00004038,-0.00048039,0.
00055494,-0.00214756,0.00023577,0.00018214,-0.00000065,0.00002592,-0.00002478,-0
.00008336,-0.00001183,0.00001570,-0.00002823,0.00003696,-0.00003514,0.00000448,0
.00000102,0.00000235,0.00000388,-0.00004561,-0.00009009,-0.00001072,0.00000116,0
.00005650,-0.00001486,0.01913730,-0.00517626,0.00874936,0.00120576,-0.00046557,-
0.00080755,0.00002676,-0.00000537,-0.00000211,0.00001105,0.00005208,-0.00002807,
0.00000960,-0.00000207,0.00000065,-0.00045532,-0.00041020,0.00022153,-0.00003607
,-0.00012421,-0.00002930,-0.00006898,-0.00007407,0.00003238,0.00001973,0.0000318
3,-0.00000314,-0.00003732,-0.00000198,-0.00002064,-0.00005912,-0.00001199,0.0000
7312,-0.00001122,0.00002838,0.00001831,-0.00001260,-0.00000632,-0.00000056,0.000
02250,-0.00001563,0.00000884,0.00076075,0.00057286,-0.00025185,-0.00010923,0.000
01859,0.00003716,0.00013208,-0.00045837,0.00013863,0.00035939,-0.00033199,-0.000
42514,-0.00009984,0.00007427,0.00004368,0.00001618,-0.00007633,0.00006254,0.0000
1540,0.00008497,-0.00000317,-0.00000786,-0.00002845,0.00008586,0.00014836,0.0000
5535,0.00026227,-0.00011742,-0.00001245,-0.00000054,-0.00003274,0.00018440,0.000
02163,-0.00038849,0.00010319,0.00040122,-0.00013739,0.00014176,0.00018799,-0.028
43253,0.07526129,0.09096120,-0.00015905,-0.00002378,-0.00010065,-0.00001332,-0.0
0020686,-0.00032572,0.00027438,0.00016702,0.00008661,0.00000435,0.00000931,0.000
03001,-0.00001131,-0.00001036,-0.00001320,-0.00001536,-0.00001410,0.00000157,0.0
0000474,-0.00000358,0.00000950,-0.00264753,0.00326734,0.00090045,0.00003664,0.00
016036,0.00021685,0.00001369,0.00002094,-0.00002714,-0.00007276,-0.00028569,-0.0
0011806,-0.00002933,-0.00000890,-0.00001232,-0.00000388,0.00002059,-0.00001700,-
0.00004228,0.00000466,0.00000590,0.00000323,-0.00001096,0.00002456,-0.00001299,0
.00000033,-0.00000745,-0.00001281,0.,-0.00000282,-0.00012795,0.00000187,0.000038
82,0.00017841,-0.00007174,-0.00000537,0.00006058,-0.00003966,0.00000533,0.000033
16,0.00003370,0.00003645,-0.00003360,0.00001257,0.00002966,0.00002082,0.00001358
,0.00002850,-0.00001196,0.00000295,-0.00000200,0.00000235,-0.00000045,0.00001172
,0.00002762,0.00003579,-0.00001962,0.00001105,-0.00001315,-0.00000164,-0.0023441
7,0.00005364,0.00023177,-0.00002372,-0.00003949,-0.00003677,-0.00000685,0.000000
07,0.00000173,-0.00000403,-0.00001856,0.00000319,0.00000393,0.00000304,-0.000012
02,-0.00004187,-0.00004212,0.00002870,-0.00002394,0.00001895,-0.00000672,0.00001
301,-0.00000602,-0.00002156,-0.00002192,-0.00002120,0.00001419,-0.00000108,0.000
02534,0.00000421,-0.00000602,0.00000683,-0.00002317,-0.00001590,-0.00002019,0.00
001812,0.00000177,0.00000443,-0.00000262,-0.00000562,0.00000278,-0.00000138,0.00
002243,-0.00009151,0.00003852,-0.00001171,-0.00000722,-0.00001838,0.00002284,0.0
0002739,0.00000940,0.00000850,-0.00010962,-0.00004188,-0.00000013,0.00000914,0.0
0000253,-0.00001505,0.00003805,-0.00000955,-0.00000468,-0.00000111,0.00000611,-0
.00002458,0.00003371,-0.00002120,-0.00000224,-0.00000862,0.00003786,0.00004012,0
.00000360,-0.00000183,-0.00001284,-0.00000583,0.00000143,0.00000889,0.00002935,0
.00007585,-0.00002643,0.00006960,-0.00001734,-0.04143020,-0.00214208,-0.00008709
,0.47614893,0.00009708,-0.00007714,0.00003364,-0.00010012,-0.00000252,0.00013706
,-0.00015745,-0.00007355,0.00004860,-0.00000757,-0.00001309,0.00000331,-0.000002
50,0.00000337,-0.00000057,-0.00000042,-0.00000118,-0.00000019,-0.00000709,-0.000
00131,0.00001504,0.00203366,-0.00188684,-0.00060098,0.00001185,-0.00003387,-0.00
006619,-0.00005199,0.00000328,0.00001643,0.00019529,0.00025879,-0.00002821,0.000
00985,0.00006179,-0.00000939,0.00000386,0.00000932,-0.00001011,-0.00000862,0.000
00022,0.00000327,-0.00000976,-0.00001569,-0.00000733,0.00000886,-0.00001011,0.00
000314,0.00001380,-0.00000336,-0.00000287,0.00017389,-0.00006872,-0.00002478,-0.
00010751,0.00004460,0.00002135,-0.00007002,-0.00004269,-0.00002719,0.00002882,0.
00001469,-0.00006536,-0.00000065,-0.00001091,-0.00002648,0.00001213,0.00000452,0
.00000839,0.00000792,-0.00000437,-0.00000512,0.00000802,-0.00000123,0.00001167,-
0.00000717,-0.00001267,-0.00001129,-0.00000240,0.00001585,0.00000088,0.00154552,
-0.00000932,-0.00015363,0.00002749,0.00005080,0.00001869,0.00000135,0.00000061,-
0.00000545,0.00001010,0.00002290,-0.00000768,-0.00000239,0.00000096,-0.00000443,
0.00004312,0.00008017,-0.00004345,0.00004575,-0.00001502,-0.00000635,-0.00001321
,0.00001239,-0.00000111,0.00001407,0.00002853,-0.00001174,0.00002781,-0.00002258
,0.00001069,0.00000245,-0.00002037,0.00000380,0.00000924,0.00001256,-0.00001010,
-0.00000325,-0.00000522,0.00000458,-0.00001053,0.00000238,0.00000407,-0.00004124
,0.00001830,-0.00000860,-0.00000566,-0.00000264,0.00000554,0.00001159,-0.0000490
6,0.00001967,-0.00013555,0.00002642,0.00000068,-0.00000808,0.00000083,0.00000300
,0.00000673,-0.00000661,0.00000609,0.00000029,0.00001702,0.00000275,0.00000813,-
0.00000264,0.00000718,0.00001052,0.00002025,-0.00001648,-0.00003474,0.00000400,0
.00000216,0.00001725,0.00003405,-0.00000226,0.00015661,-0.00005337,-0.00002844,0
.00002381,-0.00001135,0.00001594,0.02151123,0.00658092,0.00102482,-0.03902283,0.
51497048,0.00006231,-0.00005275,0.00001066,0.00000420,0.00003358,0.00010992,-0.0
0006272,0.00002376,0.00001758,-0.00000398,-0.00000246,-0.00000220,-0.00000027,-0
.00000078,-0.00000244,-0.00000471,-0.00000314,0.00000012,-0.00000080,0.00000059,
0.00001217,0.00085648,-0.00082258,0.00007757,-0.00004283,-0.00002561,-0.00007484
,-0.00002788,0.00000793,-0.00000324,0.00005372,-0.00002381,0.00031557,0.00000137
,0.00004610,-0.00000648,0.00000081,-0.00000150,0.00000313,-0.00000736,0.00000577
,-0.00000007,0.00000019,-0.00002867,0.00000089,0.00000726,-0.00000838,0.00000467
,0.00000620,-0.00000199,-0.00000048,0.00009358,-0.00000157,-0.00008838,-0.000048
15,0.00001645,0.00000410,0.00000711,0.00000526,-0.00004487,-0.00000277,-0.000022
39,-0.00003807,-0.00000409,-0.00000691,-0.00000254,0.00000715,0.00000293,0.00000
494,-0.00000053,-0.00000543,0.00000463,0.00000860,0.00000660,0.00000839,-0.00000
736,-0.00000028,-0.00001223,0.00000039,0.00000716,0.00000165,0.00055307,0.000030
33,-0.00009101,0.00002797,-0.00003756,0.00006835,0.00000416,-0.00000122,0.000000
37,-0.00000003,0.00000358,-0.00000172,-0.00000028,-0.00000118,-0.00000504,0.0000
1969,0.00001359,-0.00000703,0.00001614,-0.00000494,0.00000718,0.00000236,0.00000
574,0.00000226,-0.00000219,0.00000025,0.00000283,-0.00001342,-0.00000549,-0.0000
1772,-0.00000430,0.00000281,0.00001022,0.00000067,0.00000007,-0.00000163,-0.0000
0030,0.00000207,0.00000467,-0.00000048,0.00000037,-0.00000055,-0.00003189,-0.000
00231,0.00000245,0.00001372,-0.00000462,0.00000121,0.00002993,-0.00001195,-0.000
00006,0.00006023,-0.00000349,0.00000091,0.00000976,-0.00000014,-0.00000266,-0.00
000433,0.00000685,-0.00000488,-0.00000251,0.00000195,0.00000972,-0.00000624,0.00
000229,0.00000057,-0.00001506,-0.00001629,-0.00001499,0.00000014,0.00000564,-0.0
0000285,-0.00000684,0.00003564,0.00004848,-0.00010879,-0.00001174,-0.00007641,0.
00000549,-0.00000525,-0.00000899,0.00812256,0.00141627,0.00310220,-0.01368890,-0
.00442521,0.52761560,0.00047246,0.00003790,0.00042185,-0.00142495,0.00036787,0.0
0237026,-0.00057021,-0.00011531,-0.00013052,-0.00008550,-0.00014209,-0.00010755,
0.00002613,0.00004055,0.00005200,0.00004752,0.00005027,-0.00002659,-0.00004562,0
.00000425,0.00003587,-0.04276950,0.01728317,0.00756176,-0.00004231,-0.00087465,-
0.00141152,-0.00012261,0.00002029,0.00019263,0.00362554,0.00219171,0.00071478,0.
00008946,0.00020535,0.00008182,0.00001446,0.00004473,-0.00003469,0.00003238,-0.0
0003883,0.00006947,-0.00006510,0.00002601,-0.00013653,0.00005826,-0.00005370,0.0
0003760,0.00010533,-0.00000510,-0.00000641,-0.00201080,-0.00013808,-0.00014704,0
.00027555,-0.00011683,-0.00008880,0.00134752,-0.00159530,-0.00109395,0.00083898,
0.00038648,-0.00042822,0.00010118,-0.00013218,-0.00019254,0.00005966,-0.00000859
,-0.00003694,0.00001989,-0.00008847,-0.00008022,0.00003381,-0.00008227,0.0000563
2,-0.00004691,-0.00020332,-0.00007103,-0.00006545,0.00006049,0.00000626,-0.00339
044,-0.00105635,-0.00022071,0.00017151,0.00029944,0.00007343,0.00004268,-0.00000
578,-0.00002322,0.00001481,0.00012708,-0.00002213,-0.00004955,-0.00000860,0.0000
2604,0.00041612,0.00044202,-0.00033546,0.00012942,-0.00015665,0.00009747,-0.0001
0616,0.00003586,0.00013904,0.00011486,0.00014756,-0.00008668,-0.00002090,-0.0001
8341,-0.00001195,-0.00001527,-0.00004601,0.00012480,0.00007965,0.00011476,-0.000
10661,-0.00001941,-0.00001897,0.00002603,0.00000012,-0.00001473,0.00001400,-0.00
030538,0.00022561,-0.00032504,-0.00003274,-0.00011066,0.00009804,-0.00000533,-0.
00012529,0.00015998,-0.00012698,-0.00024681,0.00033167,-0.00001725,0.00004090,-0
.00000267,0.00004650,-0.00015880,0.00009155,0.00001223,0.00005523,-0.00002715,0.
00008149,-0.00013849,0.00008228,-0.00003519,0.00006464,-0.00023846,-0.00017333,0
.00005780,-0.00007624,0.00002324,-0.00004765,-0.00013567,0.00037507,0.00032669,-
0.00037470,-0.00000626,-0.00016324,0.00018878,-0.07420942,0.03209589,0.01227161,
-0.14842586,-0.05475674,-0.01893308,0.43563148,-0.00069392,0.00025556,-0.0003876
0,0.00164992,0.00005371,-0.00201685,0.00126244,0.00061381,-0.00010650,0.00004920
,0.00011804,0.00006058,-0.00001177,-0.00004301,-0.00004147,-0.00005255,-0.000041
66,0.00001776,0.00004013,0.00000941,-0.00005578,0.01430787,0.01242020,0.00473091
,-0.00017149,0.00045123,0.00098904,0.00019942,-0.00005681,-0.00012294,-0.0003716
0,-0.00115292,0.00089708,-0.00004258,-0.00028810,-0.00008047,-0.00001650,0.00000
128,-0.00001626,-0.00006405,0.00000508,-0.00005274,0.00007603,0.00007347,0.00005
785,-0.00005908,0.00006591,-0.00002617,-0.00011073,0.00001997,0.00000934,0.00053
686,0.00056269,0.00012454,0.00045364,-0.00037105,-0.00011839,-0.00070567,0.00069
735,0.00065017,-0.00093232,-0.00062042,0.00047114,-0.00011909,0.00009051,0.00020
686,-0.00001383,0.00001290,0.00001886,-0.00002945,0.00007766,0.00003535,-0.00004
087,0.00002821,-0.00002771,0.00009083,0.00021077,0.00003061,0.00006716,-0.000061
65,-0.00001739,-0.00529275,0.00028087,0.00013066,0.00026810,-0.00051083,-0.00036
002,-0.00002420,-0.00000587,0.00003776,-0.00004713,-0.00017377,0.00005566,0.0000
3906,0.00000134,-0.00000284,-0.00035387,-0.00050251,0.00036799,-0.00026000,0.000
19945,-0.00003692,0.00011280,-0.00004026,-0.00007921,-0.00008275,-0.00018590,0.0
0009418,-0.00008201,0.00005565,-0.00004789,-0.00002186,0.00008763,-0.00000665,-0
.00008017,-0.00011223,0.00009520,0.00000619,0.00003671,-0.00002355,0.00004083,0.
00000421,-0.00001624,0.00047073,-0.00012867,0.00018100,-0.00004980,0.00000754,0.
00002229,-0.00011943,0.00013108,-0.00012855,0.00004370,0.00003692,-0.00032851,-0
.00006096,-0.00000308,0.00003046,-0.00001268,0.00006397,-0.00007163,0.00000764,-
0.00006875,-0.00002310,-0.00004229,0.00009776,-0.00005651,0.00009799,-0.00000646
,0.00017554,0.00010114,-0.00000881,0.00004069,-0.00008209,-0.00011668,0.00002224
,-0.00003931,-0.00024533,0.00058063,-0.00007212,0.00018075,-0.00014069,0.0381052
2,-0.12713307,-0.02934327,-0.05238657,-0.09111126,-0.00901414,0.04662781,0.45522
195,-0.00022831,0.00015543,-0.00036796,0.00090753,-0.00010692,-0.00035157,0.0009
1392,0.00017302,0.00093067,0.00005145,0.00005285,0.00008777,-0.00000897,-0.00002
087,-0.00002359,-0.00000416,-0.00001353,0.00000213,0.00003601,-0.00002332,-0.000
02923,0.00639482,0.00476748,-0.00338407,-0.00029583,0.00031002,0.00022211,0.0000
8216,-0.00005026,-0.00005085,-0.00022613,0.00120739,-0.00358725,-0.00008197,-0.0
0018876,-0.00005862,-0.00013931,0.00005742,-0.00007772,-0.00000964,-0.00003500,0
.00000500,-0.00001451,0.00010662,-0.00005603,-0.00005519,0.00004501,-0.00003287,
-0.00003001,0.00002392,-0.00000653,-0.00000173,-0.00013868,0.00077099,0.00036521
,-0.00025961,0.00005418,0.00051897,0.00094557,0.00048283,-0.00030478,-0.00005523
,-0.00016474,-0.00003635,-0.00001078,0.00012701,-0.00001607,0.00000565,0.0000127
8,-0.00002577,0.00001237,0.00001668,0.00002929,0.00004768,0.00003341,0.00000763,
0.00010302,0.00000659,0.00001387,-0.00002326,0.00002148,-0.00164621,-0.00178221,
0.00195554,-0.00032704,-0.00020294,0.00005107,-0.00003786,-0.00000075,-0.0000075
0,-0.00001188,-0.00005672,-0.00001226,-0.00000150,0.00002012,-0.00003129,-0.0003
2554,-0.00020413,0.00007157,-0.00005469,0.00008120,0.00000233,0.00004140,-0.0000
2365,-0.00005135,-0.00003149,-0.00002544,0.00000043,0.00005771,0.00006723,0.0000
8052,0.00005396,-0.00000145,-0.00011810,-0.00002490,-0.00003535,0.00004297,0.000
02539,-0.00001255,-0.00002276,-0.00003291,0.00001255,-0.00000429,-0.00019792,-0.
00019624,0.00038663,0.00004383,0.00003968,-0.00010817,-0.00007773,0.00019414,-0.
00001507,-0.00009016,0.00029908,-0.00001920,0.00005212,-0.00004329,-0.00001624,-
0.00001988,0.00009561,-0.00006325,-0.00001008,-0.00008610,-0.00000822,-0.0000218
9,0.00001176,-0.00009953,-0.00004719,-0.00005162,-0.00016567,0.00003988,-0.00005
305,0.00004293,-0.00000681,-0.00015601,-0.00003504,0.00011168,0.00011563,0.00012
063,0.00004728,0.00007655,-0.00017238,0.01323890,-0.02831960,-0.05444052,-0.0182
2524,-0.00902550,-0.06771296,0.01609384,-0.00974516,0.47435051,-0.00007112,-0.00
005463,-0.00004587,0.00005689,-0.00019224,-0.00029538,0.00035572,0.00018106,0.00
029193,0.00000835,0.00003110,0.00005308,-0.00000309,-0.00000989,-0.00000933,-0.0
0000407,-0.00001541,-0.00000031,0.00001239,-0.00000740,-0.00000319,0.00296106,0.
00051656,-0.00107156,-0.00001485,0.00015659,0.00018704,-0.00009025,0.00001710,-0
.00006142,-0.00269634,0.00103704,-0.00137097,-0.00009041,0.00002720,-0.00006827,
-0.00002385,0.00001902,-0.00002042,-0.00005475,0.00002247,-0.00002632,0.00000310
,-0.00001274,0.00002946,-0.00000654,0.00000089,-0.00000076,-0.00000436,-0.000002
64,-0.00000480,0.00077061,0.00019447,0.00010726,0.00007493,-0.00007157,0.0000372
5,-0.00009619,0.00002756,0.00004845,0.00001052,-0.00001286,-0.00006234,-0.000039
45,0.00000554,-0.00000652,0.00000219,-0.00001330,0.00004881,0.00002382,0.0000085
7,0.00001839,0.00002850,0.00001716,-0.00001503,0.00000669,0.00003021,-0.00003345
,0.00001384,-0.00001953,0.00000068,-0.00065169,0.00037776,0.00038037,-0.00006277
,-0.00007293,-0.00002518,0.00000746,-0.00000614,-0.00001063,-0.00001074,-0.00002
171,0.00000147,0.00000843,-0.00000397,-0.00000679,-0.00005835,-0.00006860,0.0000
2931,0.00002361,0.00002218,0.00001280,0.00001800,0.00000888,-0.00002576,-0.00002
337,-0.00001341,0.00000887,-0.00001038,0.00003269,0.00000042,0.00001137,-0.00000
450,-0.00004151,-0.00001152,-0.00001393,0.00001261,0.00000284,-0.00000271,-0.000
00939,-0.00000106,0.00000055,0.00000257,-0.00001536,-0.00011139,0.00008960,0.000
01058,0.00002607,-0.00003766,-0.00000511,0.00004308,-0.00001241,0.00001663,0.000
09346,-0.00004049,0.00002656,-0.00000997,-0.00000739,-0.00000932,0.00003839,-0.0
0001394,-0.00000343,-0.00001119,0.00000629,-0.00001216,0.00002712,-0.00001564,0.
00000733,-0.00002132,0.00003119,0.00004864,0.00000509,0.00000812,-0.00001754,0.0
0001310,0.00001920,-0.00006401,-0.00009764,0.00003819,-0.00000134,0.00004334,-0.
00002202,-0.00723464,0.02835344,-0.00888738,-0.00681874,-0.02219148,0.01347120,-
0.06385772,-0.01553933,0.00779927,0.53417155,0.00020228,0.00001913,0.00012068,-0
.00012660,0.00016923,0.00048081,-0.00018345,0.00000372,-0.00001935,-0.00001560,-
0.00002391,-0.00001458,0.00001063,0.00000846,0.00000898,0.00001307,0.00001087,-0
.00000070,-0.00000274,0.00000009,-0.00000378,-0.00235573,0.00057889,0.00007498,-
0.00000297,-0.00018573,-0.00032128,-0.00007148,-0.00001497,0.00003571,0.00193289
,-0.00049567,0.00131560,-0.00001446,0.00005163,-0.00002644,-0.00000209,-0.000014
40,0.00000616,0.00003958,0.00000164,-0.00001237,0.00000184,-0.00000093,-0.000028
95,0.00001864,-0.00000589,0.00000994,0.00002150,0.00000024,0.00000294,-0.0001165
3,-0.00019108,0.00001733,0.00001201,-0.00006308,-0.00004244,0.00005730,-0.000131
09,-0.00013099,0.00005118,-0.00001481,-0.00011151,0.00000927,-0.00002602,-0.0000
3746,-0.00002035,-0.00001631,-0.00001529,0.00002188,-0.00000372,0.00000858,0.000
01230,0.00001477,-0.00000613,-0.00003941,-0.00003601,-0.00000376,-0.00001063,0.0
0001098,0.00000343,0.00019676,0.00014550,-0.00021954,0.00006482,0.00002422,0.000
06775,0.00000845,-0.00000173,-0.00000520,0.00000512,0.00001922,-0.00000343,-0.00
000383,-0.00000420,0.00000610,0.00006934,0.00008288,-0.00005559,0.00002923,-0.00
003420,0.00003660,-0.00001534,0.00000574,0.00001773,0.00004868,0.00003887,-0.000
03131,-0.00002821,-0.00005806,-0.00000813,0.00001194,-0.00001419,0.00003971,0.00
002246,0.00002484,-0.00002409,0.00000002,-0.00000797,0.00000534,-0.00000068,-0.0
0000082,0.00000149,-0.00003154,0.00014408,-0.00008035,0.00000364,-0.00000796,0.0
0004321,-0.00001648,-0.00001518,-0.00002095,0.00000485,-0.00001640,0.00005220,0.
00000186,-0.00000674,-0.00000196,0.00001451,-0.00004932,0.00001165,0.00000218,0.
00000395,-0.00000030,0.00002779,-0.00004192,0.00002683,-0.00000966,0.00000463,-0
.00004751,-0.00004137,0.00000150,-0.00000315,0.00001482,0.00000945,0.00001409,0.
00002937,0.00005484,-0.00010686,0.00001615,-0.00007809,0.00001400,0.01399204,-0.
03396362,0.01006017,-0.00769951,-0.01676477,0.00996118,-0.01364685,-0.13333862,0
.05766595,-0.00388665,0.47917004,0.00003663,-0.00010807,-0.00001331,0.00003198,-
0.00006102,-0.00007377,0.00001342,0.00025199,0.00010901,-0.00001211,-0.00000255,
0.00001772,-0.00000517,-0.00000907,-0.00000862,-0.00001392,-0.00001737,0.0000014
4,0.00000574,-0.00000470,0.00001990,-0.00053080,-0.00012588,0.00055006,-0.000036
05,0.00001949,0.00002287,-0.00009101,0.00000787,-0.00001403,-0.00106331,0.000259
35,0.00032121,-0.00002393,0.00007699,-0.00006525,-0.00000690,0.00000790,-0.00001
806,-0.00005651,0.00001662,-0.00002171,0.00000989,-0.00002653,0.00000888,0.00000
917,-0.00001254,0.00000438,0.00000542,-0.00000814,0.00000127,-0.00001365,0.00015
702,-0.00017226,0.00005092,-0.00006737,-0.00000969,-0.00000775,0.00001430,-0.000
00354,-0.00003273,-0.00006165,-0.00003653,-0.00003871,-0.00000310,0.00000047,0.0
0001948,0.00001147,0.00003864,0.00000885,-0.00000276,0.00000711,0.00001944,0.000
00570,0.00001342,0.00000605,0.00002423,-0.00004194,0.00001380,0.00000054,-0.0000
0024,0.00024670,-0.00006784,-0.00007740,-0.00000508,-0.00002392,0.00002048,0.000
01596,-0.00000224,0.00000185,-0.00000636,-0.00001290,0.00000552,0.00000387,0.000
00077,-0.00000904,0.00000213,-0.00002720,0.00001499,-0.00003797,0.00002862,0.000
03016,0.00000970,0.00000908,0.00001230,-0.00000851,-0.00001785,0.00001341,-0.000
03970,-0.00000691,-0.00003672,-0.00000920,0.00000280,0.00001174,-0.00000351,-0.0
0000882,0.00000244,0.00000045,0.00000397,0.00000235,0.00000956,-0.00000156,-0.00
000606,0.00001198,-0.00002233,-0.00001596,-0.00000341,-0.00002797,0.00000740,0.0
0001894,-0.00002947,0.00002965,0.00001250,-0.00006380,0.00000969,-0.00001136,0.0
0001320,0.00000701,-0.00000172,0.00000900,-0.00000483,0.00000173,0.00000927,0.00
000683,-0.00000854,0.00000628,-0.00000361,0.00001788,0.00000368,-0.00000693,-0.0
0001056,0.00001632,-0.00000369,-0.00000699,0.00001750,0.00000664,-0.00001940,0.0
0001456,-0.00002891,-0.00000403,0.00000442,0.00000457,0.00034704,-0.00320921,0.0
0455146,0.00090226,0.00033662,0.00114002,0.00758842,0.05839983,-0.10859525,0.002
57283,0.04106294,0.49703197,-0.00002951,-0.00006149,-0.00008313,-0.00000565,-0.0
0018292,-0.00040462,0.00015149,0.00023887,0.00016771,0.00000239,0.00002337,0.000
03315,-0.00000306,-0.00001043,-0.00000761,-0.00000589,-0.00001930,0.00000064,0.0
0001431,-0.00000850,0.00000006,0.00295948,-0.00024997,0.00079854,0.00004711,0.00
013902,0.00024369,-0.00009583,0.00002504,-0.00004114,-0.00259881,-0.00008680,0.0
0177763,-0.00005243,0.00005991,-0.00009636,-0.00001601,0.00000606,-0.00001070,-0
.00006169,0.00001890,-0.00002077,0.00001874,-0.00001492,0.00003450,-0.00000738,-
0.00000221,0.00000205,-0.00000486,-0.00000613,0.00000255,0.00075208,0.00016541,0
.00011003,0.00007102,-0.00011970,0.00001920,-0.00030426,-0.00003397,0.00000721,0
.00000670,-0.00004475,0.00001564,-0.00005392,0.00000447,0.00000381,0.00000725,-0
.00001180,0.00005589,0.00002535,0.00000237,0.00002879,0.00003457,0.00001621,-0.0
0001132,0.00000617,0.00003408,-0.00005145,0.00001193,-0.00002523,-0.00000401,-0.
00065915,0.00072626,0.00005357,0.00003893,-0.00011963,-0.00005460,0.00001043,-0.
00000207,-0.00000226,-0.00000573,-0.00001909,0.00000794,0.00000946,-0.00000355,-
0.00000187,-0.00000964,-0.00002343,0.00001676,-0.00002831,0.00002082,0.00000285,
0.00001818,0.00000830,-0.00002080,-0.00001162,-0.00001485,0.00001065,-0.00000444
,0.00002291,0.00000965,-0.00000836,-0.00000711,-0.00002726,-0.00000864,-0.000017
93,0.00001079,0.00000411,0.00000355,-0.00000234,0.00000468,0.00000116,-0.0000020
4,0.00005049,-0.00005482,-0.00000325,0.00000324,0.00000327,-0.00001111,0.0000259
8,-0.00003372,-0.00003475,0.00002520,-0.00003118,-0.00005860,0.00000885,0.000001
27,0.00000282,-0.00000493,0.00002499,-0.00000935,-0.00000231,0.00000532,0.000009
21,-0.00001452,0.00003398,0.00000556,0.00003567,0.00000724,0.00005716,0.00003946
,0.00002299,0.00001410,-0.00001477,0.00003996,0.00002826,-0.00008943,-0.00005055
,0.00003234,-0.00000577,0.00002398,-0.00000303,-0.00649738,0.01583645,0.02503014
,-0.00727035,-0.00871391,-0.02463219,-0.06421707,-0.00726020,-0.01725959,0.00128
041,-0.00037593,0.00206303,0.53446970,0.00016518,-0.00002372,0.00008988,-0.00007
531,0.00007688,0.00033444,-0.00005205,0.00008058,0.00018380,-0.00000923,-0.00001
789,0.00001424,0.00000617,0.00000304,0.00000346,0.00000790,-0.00000103,-0.000000
36,-0.00000127,-0.00000477,0.00000254,-0.00240734,0.00030139,0.00014318,-0.00001
521,-0.00011189,-0.00020576,-0.00011716,-0.00001328,0.00002532,0.00085601,0.0007
8045,-0.00116646,-0.00004894,0.00005939,-0.00006314,-0.00002872,0.00001005,-0.00
002537,0.00000387,0.00000400,-0.00002007,-0.00000152,0.00002287,-0.00003452,0.00
001897,-0.00000665,0.00000732,0.00002149,-0.00000338,0.00000031,-0.00019310,-0.0
0009995,0.00004599,0.00009403,-0.00010398,-0.00001357,0.00020612,-0.00003183,-0.
00001855,0.00004157,-0.00000913,-0.00012692,-0.00001086,-0.00002236,-0.00004436,
-0.00001066,-0.00000902,0.00000797,0.00002997,-0.00000365,0.00000483,0.00002036,
0.00001121,-0.00000160,-0.00002911,-0.00002530,-0.00002320,-0.00000112,0.0000100
9,0.00000098,0.00037251,-0.00034206,0.00012320,-0.00003955,0.00012072,0.00003699
,0.00001060,-0.00000191,-0.00000999,0.00000507,0.00001422,-0.00000476,-0.0000006
0,-0.00000248,0.00000125,0.00003134,0.00005784,-0.00003894,0.00001767,-0.0000104
9,0.00002176,-0.00001218,0.00001022,0.00000934,0.00002786,0.00003070,-0.00002141
,0.00001258,-0.00003428,0.00000965,0.00000962,-0.00001963,0.00000895,0.00001479,
0.00001717,-0.00001555,-0.00000110,-0.00000824,0.00000185,-0.00000292,-0.0000008
1,0.00000304,-0.00007359,0.00006154,-0.00002402,-0.00000688,0.00000162,0.0000239
6,-0.00004532,-0.00000659,0.00001345,-0.00003480,0.00004988,0.00006648,-0.000005
41,-0.00000303,-0.00000068,0.00001347,-0.00003540,0.00001065,0.00000515,0.000005
71,-0.00000289,0.00003019,-0.00004183,0.00001326,0.00003623,0.00002914,-0.000047
92,-0.00004801,0.00000340,0.00000088,0.00001434,0.00000296,-0.00000579,0.0000812
1,-0.00003459,-0.00012804,0.00001142,-0.00005804,0.00002895,0.01091093,-0.014995
23,-0.02630622,-0.00567642,-0.00447827,-0.01460108,-0.00625565,-0.06617564,-0.02
256717,0.00131166,0.00220672,0.02164971,-0.00150690,0.52598816,0.00016577,0.0000
4511,0.00009317,-0.00007663,0.00015739,0.00033715,-0.00016045,-0.00010531,-0.000
11622,-0.00000869,-0.00001350,-0.00004014,0.00001178,0.00000844,0.00001063,0.000
00922,0.00001590,-0.00000025,-0.00000447,0.00000669,-0.00000470,-0.00112852,0.00
007778,0.00057046,0.00003546,-0.00013458,-0.00018368,0.00002377,-0.00000101,0.00
003998,0.00222192,0.00003384,-0.00094055,0.00003227,0.00001498,0.00002217,0.0000
1688,-0.00002346,0.00002891,0.00005263,0.00000422,0.00000332,-0.00000483,-0.0000
1337,-0.00002247,0.00001272,-0.00000547,0.00001072,0.00000947,0.00000508,0.00000
764,-0.00005468,-0.00006695,-0.00031412,-0.00005674,0.00003828,-0.00002294,0.000
11287,-0.00005193,-0.00003547,0.00006621,0.00003035,-0.00001673,0.00002408,-0.00
001956,-0.00002126,-0.00001818,-0.00001693,-0.00003730,0.00000726,-0.00000744,0.
00000407,-0.00000441,0.00000766,-0.00000786,-0.00002654,-0.00004259,0.00001178,-
0.00001387,0.00000767,-0.00000043,0.00001387,-0.00010291,0.00010103,0.00001416,0
.00007491,0.00003825,0.00000366,0.00000081,0.00000717,0.00000129,0.00001334,0.00
000021,-0.00000453,-0.00000610,0.00001021,0.00003772,0.00001771,-0.00000624,-0.0
0000285,-0.00002127,-0.00000036,-0.00000904,-0.00000850,0.00000668,0.00001515,0.
00000897,-0.00000566,-0.00001196,-0.00001866,-0.00000827,-0.00000377,0.00000259,
0.00002211,0.00000930,0.00001394,-0.00001026,-0.00000092,0.00000226,0.00000584,0
.00000855,-0.00000246,-0.00000081,-0.00006090,0.00009814,-0.00005906,0.00001312,
0.00001264,0.00002357,-0.00000351,-0.00002700,-0.00005516,0.00000114,0.00005062,
-0.00000468,0.00000644,-0.00001231,-0.00000589,0.00001167,-0.00004430,0.00001365
,-0.00000035,0.00000303,-0.00000284,0.00002326,-0.00003777,0.00003308,-0.0000465
4,0.00001461,-0.00001688,-0.00001061,-0.00000478,-0.00000024,0.00001334,-0.00001
508,-0.00000838,0.00001234,0.00006245,0.00001525,0.00000651,-0.00005900,0.000023
34,0.00867319,-0.01333815,-0.01463383,-0.00568149,-0.00478725,-0.01079307,-0.016
27644,-0.02324181,-0.17432083,-0.00215441,0.00072515,-0.02484631,-0.00532367,-0.
01701490,0.44916845,0.00006595,0.00001396,-0.00001269,-0.00014395,-0.00002883,0.
00019856,-0.00008387,-0.00009156,0.00002693,0.00000143,-0.00000493,0.00000184,0.
00000255,0.00000300,0.00000351,0.00000826,0.00000533,-0.00000158,-0.00000111,-0.
00000322,-0.00000193,-0.00069417,-0.00071870,0.00014433,0.00004354,-0.00001359,-
0.00010069,-0.00001251,-0.00000093,0.00001465,0.00026764,0.00040571,0.00005116,-
0.00001732,0.00001518,0.00000749,-0.00000811,-0.00000048,-0.00000187,0.00001882,
0.00000136,-0.00000002,-0.00001248,-0.00000630,-0.00001261,0.00000406,-0.0000045
0,0.00000149,0.00001323,0.00000003,0.00000034,0.00002096,-0.00000968,0.00003499,
-0.00003973,0.00001664,0.00001124,-0.00002213,-0.00003639,-0.00006266,0.00011170
,0.00006621,-0.00006738,0.00000577,-0.00001447,-0.00000979,-0.00000659,-0.000006
52,-0.00000550,0.00000372,-0.00000252,0.00000084,0.00000765,0.00000633,0.0000032
0,-0.00001487,-0.00001010,0.00000470,-0.00000893,0.00000648,0.00000801,0.0002676
1,0.00000968,-0.00009421,0.00000928,0.00001003,0.00012291,0.00000349,0.00000109,
-0.00000326,0.00000595,0.00001455,-0.00000593,-0.00000642,0.00000221,-0.00000485
,0.00002181,0.00003452,-0.00002434,0.00000856,-0.00000179,-0.00000454,-0.0000080
7,0.00000112,0.00000040,0.00001132,0.00001697,-0.00001017,0.00001420,-0.00000353
,0.00001004,0.00000380,-0.00000940,-0.00000511,0.00000786,0.00000943,-0.00000720
,0.00000048,-0.00000515,0.00000051,-0.00000280,-0.00000053,0.00000090,-0.0000948
4,-0.00003616,0.00003104,0.00005330,0.00001496,-0.00002087,0.00001395,0.00002793
,-0.00001347,0.00000294,0.00018210,0.00010869,0.00003176,-0.00002594,-0.00001710
,0.00000188,-0.00000245,-0.00000109,-0.00000018,0.00000488,0.00001099,0.00001145
,-0.00001071,0.00000047,-0.00003781,-0.00002499,-0.00004111,0.00000379,-0.000015
10,0.00000601,0.00004851,0.00003933,0.00003113,-0.00020321,0.00003847,-0.0001819
0,0.00006510,-0.00008696,-0.00001888,0.00181231,0.00029757,-0.00051542,-0.043306
38,-0.00841290,0.00634242,-0.00439528,-0.02359856,0.01460442,-0.00456953,-0.0027
3581,-0.00064840,0.00066461,0.00015421,0.00091562,0.04931990,0.00001781,0.000048
17,-0.00003980,-0.00001308,0.00000255,0.00006954,0.00001009,-0.00005691,0.000010
52,0.00000745,0.00000340,-0.00000409,0.00000215,-0.00000050,-0.00000152,0.000002
93,0.00000402,-0.00000306,0.00000089,-0.00000102,-0.00000730,0.00005076,-0.00033
479,0.00012644,0.00000600,-0.00000049,-0.00004036,0.00001788,-0.00000255,0.00000
457,0.00013580,0.00024974,-0.00009035,0.00000198,-0.00001848,0.00002048,-0.00001
636,0.00000257,-0.00000173,0.00001657,-0.00000844,0.00001484,-0.00000708,0.00001
061,-0.00001411,-0.00000452,0.00000549,-0.00000212,0.00000008,0.00000648,-0.0000
0062,0.00011407,-0.00001447,0.00006116,-0.00003860,0.00000366,0.00002426,-0.0000
1573,-0.00003507,-0.00001518,0.00000484,0.00001418,-0.00003033,0.00000248,-0.000
01370,0.00002093,-0.00000132,-0.00000362,-0.00001047,-0.00000424,-0.00000584,0.0
0000224,0.00001156,0.00000633,0.00000747,-0.00000648,0.00000109,0.00000086,-0.00
000354,0.00000543,0.00000166,0.00016488,0.00006684,-0.00002089,-0.00002079,0.000
05897,0.00003150,-0.00000794,0.00000430,-0.00000140,0.00000383,-0.00000102,-0.00
000275,-0.00000229,0.00000113,-0.00000513,-0.00000748,0.00001511,-0.00000877,0.0
0000515,0.00000289,-0.00000761,0.00000035,-0.00000449,-0.00000927,0.00000583,0.0
0000342,-0.00000438,0.00001163,-0.00000277,0.00000818,0.00000605,-0.00000585,-0.
00000386,0.00000104,-0.00000158,0.00000197,0.00000318,-0.00000195,0.00000054,-0.
00000746,0.00000405,-0.00000210,-0.00004091,0.00004145,0.00003967,-0.00000443,-0
.00001418,-0.00000144,-0.00001433,0.00001266,0.00001172,-0.00002141,-0.00001750,
0.00002614,-0.00000170,-0.00000356,0.00000108,0.00000586,-0.00000320,-0.00000344
,0.00000197,-0.00000729,-0.00000461,0.00000712,-0.00000887,-0.00000566,-0.000015
01,0.00000174,-0.00002017,-0.00001124,-0.00001384,0.00000159,0.00001324,-0.00006
862,-0.00007899,0.00008047,0.00013767,0.00000306,0.00001391,-0.00003218,0.000020
28,0.00066373,0.00094043,-0.00047238,-0.00863512,-0.20709847,0.11373524,-0.00488
680,-0.01596088,0.00918442,-0.00356367,-0.00168957,-0.00051338,0.00065749,0.0003
5084,0.00043505,0.01290055,0.23833749,-0.00003750,-0.00002403,-0.00000471,0.0001
2002,0.00007700,-0.00010470,0.00002505,0.00006678,0.00000421,-0.00000112,0.00000
315,-0.00000047,-0.00000382,-0.00000258,-0.00000213,-0.00000659,-0.00000674,0.00
000070,0.00000129,0.00000247,0.00000640,0.00021053,0.00031087,-0.00001793,-0.000
06174,-0.00003947,0.00003503,0.00000443,0.00000434,-0.00000722,-0.00010868,-0.00
031657,-0.00006903,0.00000628,-0.00000806,-0.00000221,0.00000473,0.00000636,-0.0
0000574,-0.00001504,0.00000030,0.00000211,-0.00000010,0.00000098,0.00001247,-0.0
0000079,-0.00000126,-0.00000066,-0.00000233,-0.00000025,-0.00000163,-0.00009633,
0.00001558,-0.00002291,0.00003604,-0.00001853,-0.00002019,0.00009624,0.00008509,
0.00009946,-0.00011711,-0.00007940,0.00005389,-0.00000595,0.00000729,0.00000126,
0.00000895,0.00000298,0.00001112,-0.00000222,-0.00000134,-0.00000438,-0.00000054
,-0.00000793,0.00000230,0.00001067,0.00000503,-0.00001004,0.00001037,-0.00000333
,-0.00000199,-0.00010501,-0.00007628,-0.00000644,0.00002971,-0.00000292,-0.00013
266,0.00000143,-0.00000063,0.00000068,-0.00000267,-0.00000585,0.00000298,0.00000
139,0.00000027,0.00000386,-0.00000345,-0.00001594,0.00001188,-0.00000893,0.00000
403,0.00000416,0.00000351,0.00000103,0.00000127,-0.00000672,-0.00000804,0.000005
51,-0.00000195,0.00000321,-0.00000291,-0.00000594,0.00000434,-0.00000275,-0.0000
0410,-0.00000450,0.00000245,-0.00000024,0.00000409,-0.00000012,0.00000242,-0.000
00065,0.00000002,0.00009236,-0.00000590,-0.00003574,-0.00001115,-0.00000698,0.00
000438,-0.00003822,-0.00000583,0.00001128,-0.00001936,0.00001647,-0.00002202,-0.
00002456,0.00001044,0.00000437,-0.00000380,0.00000344,0.00000510,0.00000736,-0.0
0001525,-0.00002114,-0.00000999,0.00000169,-0.00000575,-0.00000006,0.00000108,0.
00001595,0.00000100,0.00000420,-0.00001748,0.00001379,-0.00014231,-0.00006616,0.
00003030,0.00003897,0.00024139,-0.00006489,0.00006839,-0.00003364,0.00029432,-0.
00041541,0.00003190,0.00624763,0.11414326,-0.12374714,0.00124517,-0.00146494,0.0
0179982,-0.00012148,-0.00011343,0.00049719,-0.00056497,-0.00083561,0.00058912,-0
.00672734,-0.13261572,0.14055588,0.00008827,-0.00002178,0.00006774,-0.00019078,-
0.00000208,0.00008874,-0.00014774,-0.00005631,-0.00009372,-0.00000394,-0.0000109
6,0.00000287,0.00000317,0.00000327,0.00000361,0.00000278,0.00000455,-0.00000007,
-0.00000494,0.00000010,0.00000100,-0.00077370,-0.00048659,-0.00057561,0.00011350
,-0.00002419,-0.00000928,-0.00001213,0.00000085,0.00001435,0.00025024,0.00033710
,0.00023422,0.00000131,0.00002675,0.00000241,0.00001228,-0.00001078,0.00001007,0
.00001320,0.00000665,-0.00001025,0.00000089,-0.00001739,0.00000117,0.00001094,-0
.00000675,0.00000652,0.00001095,-0.00000330,0.00000152,0.00003693,0.00001644,-0.
00003817,-0.00005352,0.00005035,-0.00000131,-0.00010749,-0.00005378,-0.00007898,
0.00012152,0.00004865,-0.00001770,0.00000035,-0.00000314,-0.00001889,-0.00000615
,-0.00000129,-0.00000353,0.00000738,0.00000605,-0.00000125,-0.00000688,0.0000017
6,-0.00000322,-0.00000659,-0.00000884,0.00000349,-0.00000474,0.00000625,-0.00000
102,0.00030969,-0.00006043,0.00005049,0.00000872,0.00013774,0.00002476,0.0000087
7,-0.00000272,0.00000087,0.00000423,0.00001202,-0.00000267,-0.00000106,-0.000001
77,0.00000090,0.00002292,0.00001038,-0.00000475,0.00000228,-0.00001645,-0.000006
54,-0.00000898,-0.00000286,0.00000341,0.00001126,0.00000951,-0.00000316,-0.00000
432,-0.00000985,-0.00001114,-0.00001124,0.00000121,0.00001820,0.00000458,0.00000
763,-0.00000604,-0.00000368,0.00000011,0.00000317,0.00000548,-0.00000305,0.00000
254,-0.00001873,0.00003774,-0.00002553,0.00000305,-0.00000159,0.00001711,0.00000
907,-0.00002190,0.00000552,0.00001051,0.00000435,0.00002216,0.00000173,-0.000004
48,-0.00000316,0.00000847,-0.00002429,0.00001028,0.00000309,0.00002112,0.0000071
6,0.00001483,-0.00001013,0.00002195,0.00000050,-0.00000667,0.00000185,-0.0000041
4,-0.00000316,-0.00000064,0.00002313,0.00005030,0.00001028,-0.00001286,-0.000018
60,-0.00007552,0.00001557,-0.00004668,0.00003405,0.00184787,-0.00007305,0.000544
80,-0.04355879,-0.00321773,-0.01294988,-0.00477087,-0.00898174,-0.02622033,0.000
66518,0.00069585,-0.00058305,-0.00460597,-0.00254838,-0.00118544,0.00102747,0.00
052845,0.00072957,0.04963221,-0.00000644,-0.00000218,0.00000759,0.00010535,0.000
08155,-0.00006506,0.00002195,0.00003225,-0.00005437,0.00000019,0.00000325,-0.000
00346,-0.00000119,-0.00000307,-0.00000259,-0.00000518,-0.00000153,-0.00000047,0.
00000038,0.00000344,-0.00000050,0.00011802,0.00005018,-0.00010241,-0.00004913,-0
.00002943,0.00001688,0.00001751,0.00000300,-0.00000259,0.00002540,-0.00011655,0.
00006980,0.00001314,-0.00001016,0.00001274,0.00000774,0.00000152,0.00000238,-0.0
0000313,0.00000259,0.00000468,-0.00000058,-0.00000389,0.00000142,-0.00000104,0.0
0000007,0.00000100,-0.00000285,0.00000322,0.00000059,0.00003282,0.00002014,-0.00
002494,-0.00001442,0.00001236,-0.00000703,0.00004290,0.00003235,0.00005187,-0.00
008530,-0.00006204,0.00003971,-0.00000468,-0.00000052,0.00000784,0.00000677,0.00
000144,0.00000195,-0.00000237,-0.00000032,-0.00000586,0.00000004,-0.00000412,0.0
0000373,0.00001104,0.00000324,-0.00000274,0.00000440,0.00000054,-0.00000081,0.00
006398,-0.00002447,0.00001416,0.00004483,0.00002404,-0.00001112,-0.00000046,0.00
000100,0.00000335,-0.00000064,-0.00000698,0.00000231,-0.00000005,-0.00000145,-0.
00000142,-0.00000417,-0.00002276,0.00002139,-0.00000887,0.00000428,-0.00000581,0
.00000451,-0.00000464,-0.00000519,-0.00000343,-0.00001064,0.00000657,-0.00000732
,-0.00000056,-0.00001073,-0.00000975,0.00000727,0.00000667,-0.00000445,-0.000006
22,0.00000439,0.00000008,0.00000502,0.00000045,0.00000388,0.00000013,-0.00000106
,0.00002694,0.00000172,-0.00001015,0.00000853,-0.00001128,0.00000071,-0.00001515
,-0.00000590,-0.00000022,0.00002069,0.00000971,0.00001458,-0.00001510,0.00000123
,-0.00000025,-0.00000265,0.00000285,-0.00000366,0.00000973,-0.00001049,-0.000005
73,-0.00000549,-0.00000056,-0.00000808,-0.00000852,-0.00000294,-0.00000038,-0.00
000147,-0.00000309,-0.00000812,0.00001256,-0.00005854,0.00000013,-0.00005468,0.0
0005114,0.00004486,-0.00002473,0.00000497,-0.00002629,0.00078760,0.00016475,0.00
055052,-0.00345835,-0.06174114,-0.06279098,-0.00323225,-0.00504203,-0.01486642,0
.00014952,0.00024958,-0.00067178,-0.00286747,-0.00113253,-0.00077750,0.00122565,
0.00555638,0.02647196,0.00659578,0.06886914,0.00003717,0.00002277,0.00002942,-0.
00009002,-0.00001265,0.00006764,-0.00005287,-0.00007163,-0.00009640,-0.00000081,
-0.00000092,-0.00001148,0.00000591,0.00000028,0.00000212,0.00000189,0.00000585,-
0.00000151,-0.00000398,0.00000227,-0.00000078,-0.00015193,-0.00030745,-0.0003834
8,0.00008272,0.00001519,-0.00000924,0.00001983,0.00000150,0.00001213,0.00015811,
0.00032162,0.00025247,0.00001817,0.00000145,0.00002396,0.00001210,-0.00000584,0.
00001120,0.00001419,0.00000558,0.00000380,-0.00000369,-0.00000900,-0.00000718,0.
00000247,0.00000013,0.00000598,-0.00000032,0.00000518,0.00000369,0.00015598,0.00
000710,-0.00002699,-0.00007587,0.00006004,0.00000723,-0.00012308,-0.00007359,-0.
00008174,0.00008298,0.00005078,-0.00001702,0.00000161,-0.00000845,-0.00000405,0.
00000249,-0.00000549,-0.00001530,0.00000210,-0.00000223,-0.00000402,-0.00000298,
0.00000129,-0.00000148,0.00000050,-0.00000980,0.00000851,-0.00000830,0.00000546,
-0.00000126,0.00021116,0.00005294,0.00006793,-0.00001061,0.00007457,0.00011854,-
0.00000344,0.00000321,0.00000406,0.00000094,-0.00000075,0.00000121,-0.00000221,-
0.00000661,0.00000044,0.00000591,-0.00000475,0.00000804,-0.00000474,0.00000238,-
0.00001528,0.00000051,-0.00000729,-0.00000678,0.00000381,-0.00000581,0.00000256,
-0.00000679,-0.00000514,-0.00000689,0.00000062,0.00000134,0.00001465,-0.00000035
,-0.00000141,0.00000330,0.00000055,0.00000276,0.00000402,0.00000060,0.00000146,-
0.00000282,-0.00004424,0.00003058,-0.00001676,0.00001470,-0.00000323,0.00000017,
0.00002586,-0.00001793,-0.00000840,0.00000994,-0.00003743,0.00001771,0.00000634,
-0.00000923,-0.00000137,0.00000643,-0.00001232,-0.00000286,0.00000005,0.00001596
,0.00001803,0.00001179,-0.00000487,0.00000784,-0.00000083,0.00000373,-0.00000236
,-0.00000033,-0.00000656,0.00000728,0.00000163,0.00009871,0.00004371,-0.00004013
,0.00000031,-0.00014753,0.00004276,-0.00006836,0.00002795,0.00023950,0.00049255,
0.00085049,-0.01313453,-0.06316506,-0.26954971,-0.00419077,-0.00402892,-0.008632
95,0.00084390,0.00053974,0.00067684,-0.00207035,-0.00115544,-0.00005566,-0.00056
225,-0.00237567,-0.02364193,0.01664978,0.07354852,0.31028402,-0.00009578,-0.0000
0791,-0.00005661,0.00013046,-0.00004426,-0.00019374,0.00022336,0.00010797,0.0000
2591,0.00000594,0.00002095,0.00001841,-0.00000341,-0.00000707,-0.00000724,-0.000
00420,-0.00000470,0.00000016,0.00000878,-0.00000083,-0.00000917,-0.00052669,0.00
110015,0.00027480,-0.00003828,0.00005427,0.00010476,0.00002093,0.00000531,-0.000
01922,0.00008095,-0.00012390,-0.00004155,-0.00001870,-0.00002465,0.00000519,0.00
000766,0.00000732,0.00000183,-0.00001132,0.00000990,-0.00000113,0.00000468,-0.00
000115,0.00002089,-0.00000601,0.00000526,-0.00000278,-0.00000990,0.00000236,0.00
000217,-0.00002224,0.00007189,0.00004920,0.00007664,-0.00003203,-0.00001928,-0.0
0000466,0.00001320,0.00005246,-0.00006175,-0.00002387,0.00003900,-0.00002377,0.0
0000573,0.00001809,0.00001156,-0.00000108,0.00002107,0.00000374,0.00000866,-0.00
000065,0.00000703,0.00000049,0.00000041,0.00002349,0.00002561,-0.00000554,0.0000
1147,-0.00001388,-0.00000120,-0.00080402,-0.00005382,0.00008362,-0.00003329,-0.0
0006449,-0.00006238,-0.00000256,0.00000412,0.00000087,-0.00000038,-0.00002136,0.
00000408,0.00000633,-0.00000252,-0.00000277,-0.00004023,-0.00005009,0.00003101,-
0.00002275,0.00002055,-0.00000717,0.00001302,-0.00000540,-0.00001691,-0.00001612
,-0.00002195,0.00001076,-0.00000117,0.00002436,-0.00000081,0.00000131,0.00000899
,-0.00001950,-0.00000926,-0.00001887,0.00001300,0.00000522,0.00000277,-0.0000068
4,0.00000244,0.00000273,-0.00000499,0.00004215,-0.00003712,0.00000160,0.00000120
,0.00000527,-0.00000340,-0.00001925,0.00001670,-0.00001952,0.00002658,0.00000544
,-0.00002950,-0.00000051,-0.00000791,0.00000108,0.00000155,0.00000983,-0.0000126
9,0.00000258,-0.00001352,-0.00000251,-0.00000217,0.00001620,-0.00000813,0.000003
14,-0.00000532,0.00003612,0.00002932,-0.00000566,0.00000453,-0.00002197,-0.00002
521,-0.00000535,-0.00005916,0.00000772,0.00007058,-0.00000585,0.00000954,-0.0000
1011,-0.00783940,-0.00224192,-0.00061943,-0.18187784,0.11387351,0.04189568,-0.02
267487,0.01571150,0.00581583,0.00057199,0.00069511,-0.00011877,0.00057593,0.0004
3906,0.00048779,0.00011402,0.00228766,-0.00044574,0.00042973,0.00121921,0.001673
27,0.21120804,0.00001662,0.00000642,0.00000855,-0.00012489,-0.00001605,0.0001337
1,-0.00010068,-0.00006369,-0.00003673,-0.00000382,-0.00000968,-0.00000964,0.0000
0055,0.00000455,0.00000350,0.00000077,0.00000343,0.00000032,-0.00000398,0.000001
24,0.00000632,-0.00130555,0.00017686,0.00002263,0.00005971,-0.00002465,-0.000064
94,0.00001163,0.00000185,0.00001691,0.00028746,0.00020410,0.00009660,0.00001395,
0.00000890,0.00001546,-0.00000061,0.00000167,-0.00000160,0.00000805,-0.00000760,
0.00000934,-0.00000206,-0.00000476,-0.00000551,0.00000522,-0.00000452,0.00000194
,0.00000845,-0.00000019,-0.00000203,-0.00012574,0.00002356,-0.00001082,-0.000013
06,0.00001750,-0.00000401,-0.00002203,-0.00001261,-0.00005976,0.00009104,0.00005
315,-0.00002521,0.00001222,-0.00000529,-0.00000517,0.00000461,0.00000551,-0.0000
1362,-0.00000698,-0.00000605,-0.00000703,-0.00000339,-0.00000605,0.00000853,-0.0
0000527,-0.00001048,0.00000513,-0.00000508,0.00000646,0.00000195,-0.00000028,-0.
00008516,-0.00001743,-0.00001217,0.00000993,0.00006411,0.00000486,-0.00000323,0.
00000039,0.00000190,0.00001190,-0.00000129,-0.00000393,0.00000154,-0.00000058,0.
00002140,0.00001607,-0.00001533,0.00000186,-0.00001116,0.00000413,-0.00000875,0.
00000038,0.00000875,0.00000611,0.00001192,-0.00000383,0.00000239,-0.00000343,-0.
00000106,0.00000068,-0.00000295,0.00000609,0.00000539,0.00001006,-0.00000682,-0.
00000166,-0.00000185,0.00000272,0.00000193,-0.00000293,0.00000282,-0.00002552,-0
.00000056,-0.00001730,0.00001847,0.00000671,0.00000101,0.00001546,0.00000778,-0.
00000524,0.00003798,0.00002519,0.00003998,0.00001121,-0.00000431,-0.00000586,-0.
00000198,-0.00000843,0.00000582,-0.00000650,0.00001441,0.00000982,0.00000396,-0.
00000453,0.00000931,-0.00001275,-0.00001381,-0.00001333,0.00000031,-0.00000310,0
.00000091,0.00000593,0.00007753,0.00004132,-0.00008962,-0.00003362,-0.00010445,0
.00002299,-0.00002980,-0.00000054,-0.00204040,0.00021139,-0.00005529,0.11533775,
-0.13582607,-0.03428489,-0.00734159,0.00636720,0.00235598,-0.00073590,0.00017544
,-0.00002630,-0.00040016,0.00014319,0.00017517,0.02134058,-0.02045550,-0.0045676
9,0.00779602,-0.00651683,-0.00411600,-0.13180934,0.15601425,0.00000756,-0.000008
69,-0.00000860,-0.00006831,0.00000413,0.00007347,-0.00005304,-0.00001510,-0.0000
0792,-0.00000073,-0.00000383,-0.00000166,0.00000063,0.00000034,-0.00000076,-0.00
000258,-0.00000012,-0.00000117,-0.00000115,-0.00000019,0.00000758,-0.00047549,-0
.00002862,0.00018132,0.00002823,-0.00001554,-0.00003253,0.00000165,0.00000433,0.
00000718,0.00010334,0.00010856,-0.00000311,0.00000786,0.00000827,0.00000632,-0.0
0000514,0.00000602,-0.00000529,-0.00000241,-0.00000375,0.00000747,-0.00000108,-0
.00000300,0.00000069,0.00000378,-0.00000259,0.00000213,0.00000538,0.00000182,-0.
00000235,-0.00004302,0.00000884,-0.00001001,0.00000245,-0.00000012,-0.00000197,0
.00000023,-0.00001725,-0.00002334,0.00003214,0.00001411,-0.00002010,-0.00000121,
-0.00000570,0.00000277,0.00000819,0.00000186,-0.00000213,-0.00000356,-0.00000511
,-0.00000073,0.00000461,0.00000128,0.00000838,-0.00000438,0.00000059,-0.00000733
,0.00000030,0.00000377,-0.00000212,0.00000792,-0.00001905,-0.00002850,-0.0000265
0,0.00004136,-0.00001930,0.00000009,-0.00000031,-0.00000067,0.00000059,0.0000038
6,-0.00000058,-0.00000043,-0.00000077,-0.00000095,0.00001005,0.00001488,-0.00001
297,0.00000201,-0.00000591,0.00000318,-0.00000376,-0.00000022,0.00000223,0.00000
361,0.00000481,-0.00000132,0.00000445,-0.00000371,0.00000078,0.00000120,-0.00000
366,0.00000272,0.00000183,0.00000312,-0.00000184,-0.00000016,0.00000025,0.000002
85,-0.00000328,0.00000103,-0.00000002,-0.00001872,0.00000507,0.00000845,-0.00000
490,0.00000168,0.00000826,-0.00000048,0.00000091,0.00000500,-0.00002421,0.000015
09,0.00000276,0.00000182,-0.00000029,-0.00000127,0.00000189,-0.00000777,0.000005
58,-0.00000294,0.00000541,-0.00000093,0.00000387,-0.00000388,0.00000757,0.000005
59,-0.00000017,0.00000321,-0.00000001,0.00000104,0.00000138,0.00000217,0.0000077
1,-0.00001757,0.00006465,-0.00003111,-0.00001194,0.00000218,-0.00000172,0.000017
69,-0.00061742,-0.00005719,0.00035934,0.04246284,-0.03430235,-0.05527595,-0.0024
6900,0.00220173,0.00075067,0.00024958,0.00013129,-0.00002833,-0.00063920,-0.0000
2046,-0.00001507,-0.01361956,0.01282708,0.00388627,0.02399436,-0.02129817,-0.010
27925,-0.04859845,0.04037190,0.06092485,0.00009843,-0.00003054,0.00008352,0.0000
1076,0.00014140,0.00000403,-0.00015457,0.00005063,-0.00011378,-0.00000320,-0.000
02124,-0.00000386,0.00000186,0.00000105,0.00000368,-0.00000052,0.00000249,0.,-0.
00000320,0.00000329,0.00000124,-0.00030853,0.00026184,-0.00054673,0.00000249,-0.
00006960,-0.00001362,-0.00001317,0.00000227,0.00000748,-0.00005077,-0.00006276,0
.00016691,0.00000441,0.00002002,-0.00000721,0.00001162,-0.00001489,0.00001226,0.
00000677,0.00000965,-0.00001395,-0.00000180,-0.00001290,0.00000577,0.00001064,-0
.00000794,0.00000890,0.00001337,-0.00000294,0.00000261,-0.00013983,0.00004233,-0
.00009826,-0.00001517,0.00001846,-0.00001312,0.00000105,0.00004704,0.00000787,-0
.00001234,-0.00007078,0.00004285,-0.00000332,0.00000267,-0.00001499,-0.00000773,
0.00000015,0.00000390,0.00000531,0.00000960,-0.00000056,-0.00001086,-0.00000220,
-0.00000729,0.00000225,-0.00000442,-0.00000285,0.00000072,0.00000183,-0.00000123
,-0.00001944,0.00002079,0.00016971,0.00004112,0.00003024,-0.00001599,0.00001838,
-0.00000355,0.00000759,0.00000405,0.00001006,-0.00000114,-0.00000078,-0.00000045
,0.00000273,0.00003524,-0.00001333,0.00001896,-0.00001305,-0.00002949,-0.0000087
5,-0.00000868,-0.00000795,0.00001523,0.00001786,0.00000165,0.00000521,-0.0000218
1,-0.00003412,-0.00005775,-0.00005662,0.00003142,0.00005857,0.00000210,0.0000052
3,-0.00000641,-0.00000670,0.00000783,0.00000530,0.00001783,-0.00000664,0.0000024
4,0.00000750,0.00001849,-0.00002525,-0.00000283,-0.00000905,0.00001665,-0.000004
27,-0.00001852,0.00000722,0.00000543,-0.00001073,0.00001189,-0.00000930,0.000004
01,0.00000042,0.00000389,-0.00001725,0.00000728,0.00000464,0.00000635,-0.0000011
4,0.00000423,-0.00001031,0.00001238,-0.00000045,-0.00000133,0.,-0.00000205,0.000
00384,-0.00000709,0.00000347,-0.00000331,-0.00000122,0.00000586,0.00000602,-0.00
000178,-0.00000807,-0.00001059,0.00001038,0.00029724,-0.00010115,-0.00044455,0.0
0018369,-0.00005156,0.00070769,0.00001903,0.00114752,0.00185221,-0.04447418,-0.0
0183022,-0.00479841,0.00036999,-0.00024056,0.00009684,-0.00006559,0.00004443,-0.
00015820,-0.00012735,-0.00061883,0.00004663,-0.00010977,0.00007225,0.00014001,0.
04726137,-0.00005608,0.00000210,-0.00003602,0.00013870,0.00000973,-0.00004926,0.
00005054,0.00006911,-0.00000627,0.00000394,0.00000650,-0.00000583,-0.00000259,-0
.00000338,-0.00000349,-0.00000580,-0.00000118,-0.00000068,0.00000354,0.00000412,
-0.00000123,0.00056219,0.00000038,0.00011185,-0.00007006,0.00001788,0.00000968,0
.00002943,0.00000398,-0.00001424,-0.00036447,0.00004802,-0.00004940,0.00001478,-
0.00002677,0.00001479,0.00000344,0.00000447,-0.00000018,-0.00000721,0.00000043,0
.00000924,-0.00000462,0.00000486,0.00000095,-0.00000740,0.00000238,-0.00000225,-
0.00000679,0.00000492,-0.00000091,0.00009953,-0.00003733,-0.00000462,-0.00001850
,0.00000961,0.00000193,0.00002729,0.00001949,0.00002797,-0.00007064,-0.00002235,
0.00002030,-0.00000135,0.00000114,0.00001897,0.00000906,0.00000072,0.00000193,-0
.00000761,-0.00000168,-0.00000510,0.00000185,-0.00000318,0.00000501,0.00001643,0
.00000783,-0.00000073,0.00000200,-0.00000533,0.00000100,-0.00011454,0.00007793,0
.00001213,-0.00002643,-0.00006895,0.00002310,-0.00000269,0.00000194,0.00000559,-
0.00000240,-0.00001104,0.00000017,-0.00000081,-0.00000008,-0.00000193,-0.0000055
3,-0.00003987,0.00002981,-0.00000326,0.00001212,-0.00000507,0.00001214,-0.000004
59,-0.00000697,-0.00001950,-0.00002296,0.00001156,-0.00001382,0.00000647,-0.0000
2525,-0.00001207,0.00002818,0.00000097,-0.00000894,-0.00001100,0.00000721,0.0000
0269,0.00000728,-0.00000064,0.00000389,-0.00000044,-0.00000212,-0.00000329,-0.00
002067,0.00001838,0.00000557,0.00000469,-0.00001430,-0.00000286,0.00000955,-0.00
001017,-0.00000512,0.00001072,-0.00000826,-0.00000111,-0.00000139,0.00000001,-0.
00000580,0.00001509,-0.00000716,-0.00000050,-0.00001246,-0.00000139,-0.00001001,
0.00000646,-0.00001348,-0.00000862,0.00000198,-0.00000097,0.00000729,-0.00000264
,0.00000121,-0.00000327,-0.00001881,-0.00000095,-0.00000112,0.00001092,0.0000234
7,-0.00000468,0.00001930,-0.00001869,-0.00104204,0.00188946,-0.00033014,0.000562
92,0.00055944,0.00052868,0.00010213,0.00480242,0.02377805,-0.00098910,-0.0642213
5,-0.06873223,-0.00031745,-0.00328694,0.00303299,0.00010491,0.00005382,-0.000085
47,-0.00040927,-0.00029935,0.00010342,-0.00000053,-0.00010305,-0.00011983,0.0022
2051,0.07274111,0.00007940,0.00002657,0.00009579,-0.00003554,0.00011673,0.000045
58,-0.00017574,-0.00006201,-0.00022903,-0.00000932,-0.00001281,-0.00002787,0.000
00951,0.00000042,0.00000353,0.00000111,0.00001054,-0.00000247,-0.00000739,0.0000
0704,-0.00000561,-0.00037271,0.00013633,-0.00098055,0.00007305,-0.00004064,-0.00
000620,0.00005291,-0.00000287,0.00002568,-0.00002147,0.00017739,0.00053050,0.000
05327,-0.00001961,0.00004219,0.00003367,-0.00001345,0.00002143,0.00002630,0.0000
0547,0.00000191,0.00000039,-0.00000601,-0.00000936,0.00000502,0.00000132,0.00000
915,-0.00000038,0.00000884,0.00000452,0.00022330,-0.00002571,-0.00012243,-0.0001
3098,0.00009943,-0.00001600,-0.00007179,-0.00002179,-0.00002063,0.00002891,-0.00
000115,0.00004754,0.00000668,-0.00000828,-0.00000641,0.00000016,-0.00000727,-0.0
0002548,0.00000075,0.00000252,-0.00001159,-0.00001662,-0.00000350,-0.00000541,0.
00000907,-0.00001589,0.00001613,-0.00000934,0.00000429,-0.00000453,0.00001747,0.
00011876,0.00019680,0.00003257,0.00008408,0.00001575,0.00000137,-0.00000034,0.00
000928,-0.00000081,-0.00000091,0.00000342,-0.00000225,-0.00000939,0.00000506,0.0
0001862,-0.00003040,0.00002794,-0.00001562,-0.00000985,-0.00001490,0.00000263,-0
.00001623,-0.00000341,0.00001820,-0.00001035,0.00000048,-0.00004765,-0.00002723,
-0.00003775,-0.00001248,0.00001588,0.00006281,0.00000085,0.00000142,0.00000014,-
0.00000158,0.00000621,0.00000550,0.00001072,-0.00000272,-0.00000488,-0.00000429,
0.00005189,-0.00004097,0.00000388,-0.00000305,0.00001766,0.00000511,-0.00003358,
-0.00001243,0.00001112,-0.00003000,0.00000718,-0.00001139,-0.00000436,0.00000238
,0.00000750,-0.00002488,0.00000444,0.00000366,0.00001121,0.00000702,0.00001163,-
0.00001207,0.00001337,0.00000077,0.00000734,0.00000419,-0.00000745,-0.00000660,-
0.00000007,0.00001353,0.00002623,0.00001732,-0.00000953,0.00001628,-0.00005019,0
.00000635,-0.00004040,0.00001713,0.00009019,-0.00131247,0.00167693,-0.00035256,-
0.00087193,0.00064208,-0.00028525,-0.00167240,-0.02423788,-0.00432037,-0.0680693
9,-0.26335446,0.00035248,0.00398358,-0.00264149,-0.00018462,-0.00032706,0.000232
28,0.00031221,0.00050264,0.00045439,0.00002766,-0.00000468,-0.00015973,0.0051956
9,0.07681359,0.30584761,-0.00011038,0.00000482,-0.00006503,0.00006352,-0.0000698
4,-0.00010882,0.00010645,-0.00008574,-0.00001521,0.00001311,0.00003230,0.0000122
4,-0.00000451,-0.00000340,-0.00000591,-0.00000212,0.00000035,0.00000010,0.000005
84,-0.00000005,-0.00000758,0.00050456,-0.00059031,0.00001729,-0.00000829,0.00007
732,0.00009077,0.00007051,0.00000941,-0.00000972,-0.00048918,0.00042600,-0.00053
348,0.00001110,-0.00004871,0.00004137,0.00001457,0.00000937,0.00000427,0.0000016
1,0.00000208,0.00001452,-0.00000315,-0.00000181,0.00001662,-0.00001118,0.0000068
2,-0.00000557,-0.00001310,0.00000646,-0.00000003,0.00017888,0.00011976,0.0001244
5,-0.00005348,0.00005661,0.00000675,-0.00000775,0.00003854,0.00005696,-0.0000304
1,0.00003763,0.00002842,-0.00001138,0.00000612,0.00002114,0.00001053,-0.00000121
,0.00000695,-0.00000299,0.00000682,-0.00000566,0.00000368,-0.00000274,0.00000308
,0.00002176,0.00001596,0.00001024,0.00000377,-0.00000937,0.00000138,-0.00006492,
0.00010494,0.00000494,-0.00004273,-0.00000593,0.00000339,-0.00001053,0.00000644,
0.00000114,0.00000297,-0.00001379,0.00000189,0.00000239,-0.00000177,-0.00000302,
-0.00003536,-0.00003627,0.00002258,-0.00000991,0.00002586,-0.00002612,0.00001016
,-0.00000380,-0.00002740,-0.00002439,-0.00001068,0.00001206,0.00004208,0.0000533
4,0.00002976,0.00000874,-0.00000860,-0.00005633,-0.00000824,-0.00001532,0.000013
26,0.00000580,-0.00000235,-0.00000922,-0.00000521,0.00000415,-0.00000374,0.00001
254,-0.00001610,0.00001581,0.00000380,0.00001658,-0.00001261,-0.00000348,0.00000
690,-0.00002047,0.00001269,0.00000420,-0.00001775,0.00000038,-0.00000889,0.00000
042,-0.00000316,0.00001614,-0.00001007,-0.00000073,-0.00000846,0.00000223,-0.000
00549,0.00001579,-0.00001012,-0.00000789,-0.00000215,0.00002216,0.00002121,-0.00
001565,0.00000926,-0.00000298,-0.00000191,0.00000452,-0.00002555,0.00000335,0.00
001983,0.00000201,0.00001399,-0.00001534,0.00005721,-0.00004994,-0.00049046,0.00
026406,-0.00095053,0.00034452,-0.00093481,0.00212655,-0.00047427,-0.18803223,0.1
1590895,0.03323172,0.00012198,-0.00030936,0.00006639,-0.00008016,-0.00016036,0.0
0005168,-0.00005973,0.00006141,-0.00002218,0.00009476,-0.00066408,0.00018658,-0.
00092545,0.00139581,0.00169903,0.21616071,0.00007214,-0.00000847,0.00002701,-0.0
0010199,0.00004720,0.00014955,-0.00013125,-0.00003688,-0.00003145,-0.00000567,-0
.00001363,-0.00000686,-0.00000109,0.00000398,0.00000337,-0.00000023,-0.00000093,
0.00000048,-0.00000512,-0.00000035,0.00001423,-0.00147483,-0.00019836,0.00029386
,0.00002514,-0.00006702,-0.00009909,-0.00003022,0.00000711,0.00001612,-0.0001202
0,0.00006142,-0.00001606,-0.00000895,0.00003879,-0.00001141,-0.00001102,0.000000
49,-0.00000688,-0.00000250,-0.00000019,0.00000014,-0.00000657,-0.00000829,-0.000
01136,0.00000864,-0.00000998,0.00000373,0.00001459,-0.00000425,-0.00000119,-0.00
027041,0.00002680,-0.00008002,0.00000248,-0.00000107,0.00001109,0.00003102,-0.00
005429,-0.00005603,0.00004041,-0.00001465,-0.00003400,0.00000536,-0.00000687,-0.
00001928,-0.00000258,0.00000232,-0.00000395,0.00000066,-0.00000720,-0.00000142,0
.00000206,-0.00000347,0.00000393,-0.00001630,-0.00001874,-0.00000663,-0.00000302
,0.00001485,0.00000329,0.00038532,-0.00004404,-0.00013759,0.00004688,0.00006537,
0.00004063,0.00000854,-0.00000136,-0.00000173,0.00000319,0.00001919,-0.00000330,
-0.00000484,0.00000368,-0.00000203,0.00003832,0.00003709,-0.00002170,-0.00000210
,-0.00000493,0.00000537,-0.00001675,0.00000553,0.00001839,0.00000874,0.00001923,
-0.00000430,0.00001739,-0.00002242,-0.00000435,-0.00001050,-0.00001336,0.0000137
7,0.00000724,0.00001445,-0.00001047,-0.00000438,-0.00000169,0.00000496,0.0000018
2,-0.00000293,0.00000307,-0.00001133,0.00004088,-0.00001730,0.00000082,-0.000020
40,0.00001032,0.00001475,-0.00001234,0.00002542,-0.00000787,-0.00003909,0.000037
55,-0.00000770,0.00000904,0.00000121,0.00000104,-0.00001202,0.00001014,0.0000010
2,0.00001386,0.00000177,0.00000368,-0.00001485,0.00000756,-0.00000510,0.00000220
,-0.00003384,-0.00002930,0.00000411,-0.00000836,0.00001025,0.00001326,-0.0000040
0,0.00002852,0.00003073,-0.00005310,0.00000521,-0.00001944,0.00001403,0.00269910
,-0.00731952,0.00297504,0.00065635,0.00053221,-0.00034863,0.01899019,-0.01715259
,-0.00293144,0.11506436,-0.13342565,-0.02644991,-0.00004272,0.00045375,-0.000574
74,0.00011408,0.00039868,-0.00017401,0.00003462,-0.00023809,-0.00013020,-0.00089
237,-0.00032876,0.00051144,0.00951014,-0.00710832,-0.00478189,-0.13415393,0.1550
6840,0.00001728,-0.00003292,0.00000457,0.00000064,0.00003780,-0.00000852,-0.0000
2067,0.00005184,-0.00000931,-0.00000061,-0.00000406,0.00000683,-0.00000081,-0.00
000250,-0.00000263,-0.00000528,-0.00000226,-0.00000066,0.00000096,-0.00000033,0.
00000690,0.00019246,0.00033344,-0.00017200,0.00000089,-0.00001550,0.00000306,-0.
00000585,0.00000346,0.00000328,0.00010727,-0.00024460,-0.00015279,0.00000010,0.0
0001006,-0.00000308,-0.00000089,0.00000628,-0.00000519,-0.00000959,0.00000221,-0
.00000002,0.00000064,-0.00000696,0.00000873,0.00000470,-0.00000350,0.00000290,0.
00000566,0.00000097,-0.00000108,-0.00015437,0.00009162,-0.00000415,0.00004319,-0
.00001338,-0.00001002,-0.00000444,0.00003570,0.00001937,-0.00001261,-0.00002769,
-0.00000159,-0.00000941,-0.00000347,0.00000270,0.00000996,0.00000305,0.00000810,
-0.00000061,-0.00000020,-0.00000106,0.00000368,0.00000220,0.00000804,0.00000217,
0.00000912,-0.00001151,0.00000634,0.00000082,-0.00000341,-0.00007773,-0.00003661
,0.00010198,-0.00000035,0.00001200,-0.00003713,0.00000358,-0.00000070,0.00000072
,0.00000062,0.00000005,0.00000070,0.00000157,-0.00000141,-0.00000216,-0.00000042
,-0.00000260,-0.00000166,-0.00000398,-0.00000940,0.00000837,-0.00000404,-0.00000
322,0.00000550,0.00000616,0.00000086,0.00000297,0.00000115,-0.00001291,-0.000015
65,-0.00001585,0.00000540,0.00001426,0.00000039,0.00000077,-0.00000001,-0.000001
18,0.00000345,0.00000237,0.00000080,0.00000111,0.00000026,0.00000264,-0.00001768
,0.00000064,-0.00000141,-0.00000164,0.00000622,-0.00000793,0.00000093,0.00000403
,0.00000123,0.00001916,-0.00000228,-0.00000070,-0.00000036,-0.00000232,0.0000011
6,-0.00000495,0.00000221,0.00000124,0.00000099,-0.00000224,0.00000155,-0.0000002
7,0.00000391,0.00000412,-0.00000514,0.00001132,0.00000941,0.00000194,-0.00000164
,-0.00000376,-0.00000392,-0.00000391,-0.00000222,-0.00002092,0.00001633,-0.00000
448,0.00000039,0.00000514,-0.00124497,0.00444114,-0.00103971,-0.00039457,-0.0002
4789,0.00028593,-0.01213992,0.00989759,0.00250053,0.03309272,-0.02702173,-0.0502
4992,-0.00014289,0.00033386,0.00002549,-0.00014495,-0.00007204,-0.00007686,0.000
13962,-0.00016082,-0.00013784,0.00012074,0.00026751,0.00022354,0.02497989,-0.020
53308,-0.00838165,-0.03939262,0.02952948,0.05589055,-0.00004871,0.00003776,0.000
04037,-0.00006072,-0.00000175,0.00010923,-0.00009838,-0.00015821,-0.00012727,-0.
00002283,-0.00002177,-0.00003247,-0.00000359,0.00000521,0.00000436,-0.00000182,0
.00000813,0.00000221,-0.00000844,0.00000681,0.00000731,0.00089557,0.00083969,0.0
0017048,0.00001087,-0.00003407,-0.00006794,0.00006898,-0.00002132,0.00003791,-0.
00232792,0.00124161,-0.00075566,0.00008163,-0.00002730,0.00004636,0.00001872,-0.
00000215,0.00000648,0.00000668,-0.00002185,0.00001706,0.00000761,0.00000902,-0.0
0001097,0.00000036,0.00000099,-0.00000209,-0.00000385,0.00000076,0.00000107,-0.0
0093186,0.00027278,-0.00029198,-0.00005630,0.00006363,-0.00003226,0.00005674,0.0
0000568,-0.00005046,0.00005260,0.00006544,0.00003479,0.00003323,0.00001032,-0.00
000316,0.00001267,0.00002116,-0.00002599,-0.00002189,-0.00000462,-0.00002633,-0.
00003161,-0.00002865,0.00001604,0.00001361,-0.00001532,0.00002816,-0.00000904,0.
00000470,-0.00000317,0.00005809,-0.00034649,-0.00013678,-0.00002401,-0.00002408,
0.00000105,-0.00000410,-0.00000721,0.00000415,-0.00000743,0.00000486,0.00000445,
-0.00000349,0.00000284,0.00000404,0.00003660,0.00001454,-0.00003514,0.00000561,-
0.00001210,0.00003949,-0.00000069,-0.00000559,0.00002238,0.00001550,-0.00000187,
-0.00001449,-0.00008460,-0.00000750,0.00000950,0.00002820,0.00000507,0.00002307,
0.00000458,0.00001140,-0.00000617,0.00000010,0.00000012,0.00000620,-0.00000027,-
0.00000290,-0.00000100,-0.00000664,-0.00000457,-0.00002875,-0.00000333,0.0000085
3,0.00000376,0.00000906,-0.00000940,-0.00000423,0.00001077,-0.00000131,-0.000006
76,0.00000477,0.00000523,-0.00000276,-0.00000324,-0.00000884,0.00000809,-0.00000
629,0.00000295,-0.00000207,-0.00000430,-0.00000420,0.00000863,0.00000047,0.00000
045,0.00000935,0.00000474,0.00001266,-0.00000645,-0.00000677,0.00001275,0.000005
94,-0.00001827,-0.00001741,-0.00000212,-0.00000622,-0.00000064,0.00000964,0.0000
3150,0.00008979,-0.00032831,0.00032681,-0.00130532,0.00084647,-0.00414315,-0.005
48206,0.00121563,-0.22277674,-0.10093696,-0.03899939,0.00024051,0.00061639,-0.00
025209,-0.00016114,-0.00017434,-0.00007721,0.00008397,0.00020809,0.00023522,0.00
032796,-0.00001800,-0.00013310,-0.00215548,-0.00177678,-0.00238003,-0.02700841,-
0.01019492,-0.00502555,0.25732994,-0.00021219,-0.00004024,-0.00013865,-0.0000908
6,-0.00021726,-0.00018749,0.00008060,-0.00013934,-0.00001424,0.00001955,0.000039
56,0.00001281,-0.00001189,0.00000007,-0.00000784,-0.00001163,-0.00000377,0.00000
469,0.00000346,0.00000153,0.00001110,-0.00062771,-0.00324973,-0.00049126,0.00007
649,0.00015995,0.00018315,0.00008406,0.00002800,-0.00003500,0.00138791,0.0012792
6,0.00026490,0.00002407,-0.00004096,0.00005650,0.00001090,0.00001314,-0.00000087
,-0.00002088,-0.00000770,0.00002293,-0.00000453,-0.00001981,0.00002874,-0.000016
65,0.00000356,-0.00001357,-0.00002313,0.00000020,-0.00000669,0.00066195,-0.00003
189,0.00032632,-0.00016291,0.00015283,0.00005664,-0.00007754,0.00004358,0.000009
49,0.00007648,0.00012418,0.00004026,0.00000286,0.00002344,0.00003608,0.00001949,
0.00001270,0.00000105,-0.00002343,0.00000219,-0.00000358,-0.00000558,-0.00000492
,0.00001097,0.00002267,0.00002701,0.00001582,0.00000287,-0.00000573,0.00000039,0
.00003282,0.00035434,0.00006856,0.00000033,0.00003035,0.00004860,-0.00001976,0.0
0000071,0.00000251,-0.00000443,-0.00001118,0.00000067,0.00000282,0.00000418,-0.0
0000678,-0.00004327,-0.00004108,0.00001270,0.00002003,0.00001497,-0.00004684,0.0
0001364,0.00000054,-0.00003094,-0.00005873,-0.00002011,0.00003385,0.00005624,0.0
0012094,0.00003165,0.00002476,-0.00001496,-0.00007864,-0.00001594,-0.00001841,0.
00002137,0.00000513,-0.00000034,-0.00000296,-0.00001438,0.00000547,0.00000112,-0
.00000656,-0.00003895,0.00003553,0.00001187,0.00002282,-0.00002708,0.00002320,0.
00001933,-0.00000744,0.00001031,0.00002235,-0.00001090,0.00001608,-0.00000673,-0
.00000552,-0.00001283,0.00003266,-0.00000830,-0.00000759,0.00000135,0.00000935,-
0.00001497,0.00003185,-0.00001133,-0.00001577,-0.00002009,0.00002688,0.00003863,
-0.00001449,0.00000967,0.00000007,0.00003315,0.00002012,-0.00004799,-0.00003503,
-0.00001619,0.00000750,0.00002156,-0.00001590,0.00018099,0.00150842,-0.00040152,
-0.00071603,-0.00433887,0.00323701,-0.02299961,-0.01577380,-0.00175278,-0.100487
90,-0.09930462,-0.02313316,0.00009885,0.00070178,-0.00121144,-0.00133250,-0.0007
0695,-0.00002001,0.00024856,0.00017489,0.00024400,0.00023603,-0.00002533,0.00001
271,-0.01041908,-0.00514751,-0.00485771,0.01683785,0.00896407,0.00321851,0.11687
198,0.11500288,-0.00005344,0.00004470,-0.00005174,-0.00006114,-0.00005948,0.0000
7371,0.00007260,-0.00011994,0.00009711,-0.00000146,0.00000867,0.00001322,-0.0000
0140,-0.00000017,-0.00000111,0.00000352,0.00000180,-0.00000101,-0.00000018,-0.00
000496,-0.00000051,0.00030107,0.00043103,0.00087859,0.00001367,0.00000127,-0.000
04239,0.00001125,-0.00001037,0.00002882,-0.00085330,0.00020396,-0.00089625,-0.00
000116,-0.00001983,0.00000651,-0.00001521,0.00002146,-0.00002224,-0.00000046,-0.
00001178,0.00001277,0.00000060,0.00002243,-0.00001461,-0.00000397,0.00000462,-0.
00000570,-0.00000052,0.00000628,-0.00000173,-0.00036880,0.00003466,0.00015479,0.
00008083,-0.00004890,-0.00001090,0.00003519,-0.00005962,-0.00002240,0.00002191,0
.00004666,-0.00003810,-0.00000171,-0.00001310,0.00000064,0.00000849,-0.00000131,
-0.00000288,0.00000198,-0.00000720,-0.00000757,0.00000915,-0.00000243,0.00001297
,-0.00000476,-0.00000261,0.00000100,-0.00000195,0.00000341,-0.00000038,0.0000711
4,-0.00026043,-0.00023099,-0.00001640,0.00000402,-0.00001452,-0.00001421,0.00000
426,-0.00001131,0.00000230,0.00000442,0.00000175,-0.00000221,0.00000012,-0.00000
131,-0.00002324,0.00006334,-0.00003760,0.00001546,0.00000100,-0.00001506,-0.0000
1204,0.00000696,-0.00001713,0.00000825,0.00002949,-0.00001698,0.00007741,0.00001
399,0.00010157,0.00003698,-0.00005538,-0.00006316,0.00000748,0.00000774,-0.00000
159,0.00000188,-0.00001050,-0.00000474,-0.00002205,0.00000916,0.00000271,-0.0000
0087,0.00000460,0.00000657,-0.00000396,0.00000087,-0.00000356,-0.00000560,0.0000
0636,-0.00000171,-0.00000942,0.00000367,-0.00000558,0.00000085,-0.00000169,-0.00
000020,0.00000082,-0.00000052,0.00000105,-0.00000197,-0.00000300,-0.00000427,0.0
0000406,-0.00000443,-0.00000273,0.00000523,0.00001136,-0.00000394,-0.00001026,-0
.00000071,0.00000471,-0.00000264,-0.00000887,-0.00001084,0.00001767,0.00000359,0
.00001161,0.00000351,-0.00000016,0.00000223,-0.00017997,-0.00083990,0.00002085,0
.00054769,0.00305404,-0.00161351,0.01516045,0.00886192,0.00246920,-0.03975973,-0
.02339846,-0.05248806,0.00070517,0.00054226,0.00078489,0.00083907,0.00064787,0.0
0024522,-0.00003014,0.00009979,-0.00004318,-0.00009516,-0.00002721,-0.00007555,-
0.02745993,-0.01584426,-0.00913824,0.00527089,0.00216946,0.00182319,0.04585441,0
.02424600,0.05893918,0.00004879,0.00004083,-0.00004738,-0.00003969,0.00001394,0.
00010980,-0.00003337,-0.00003903,0.00009959,0.00000890,-0.00000210,0.00000085,0.
00000153,0.00000112,0.00000216,0.00000843,0.00000379,-0.00000452,0.00000141,-0.0
0000196,-0.00000499,-0.00030550,-0.00016341,0.00050310,-0.00000688,-0.00003808,-
0.00008027,-0.00001898,0.00000238,0.00000032,-0.00005613,0.00009206,-0.00009500,
-0.00004318,-0.00002808,0.00001505,-0.00002506,0.00001478,-0.00001970,0.00002394
,-0.00000235,0.00000814,-0.00004257,0.00002428,-0.00001767,0.00000176,-0.0000031
1,-0.00000173,0.00001909,0.00000489,-0.00000474,-0.00015358,-0.00003712,0.000081
63,0.00002152,-0.00003110,0.00001713,0.00004049,0.00001570,0.00002222,0.00001595
,-0.00000222,-0.00004176,0.00000109,-0.00001883,-0.00000159,-0.00000797,-0.00001
140,0.00000105,0.00000119,-0.00000607,0.00000003,0.00001771,0.00000379,0.0000024
2,-0.00001484,-0.00000987,-0.00000332,-0.00000012,0.00000831,0.00000949,-0.00003
674,0.00013824,-0.00008238,0.00000129,-0.00000518,-0.00000059,0.00000528,0.00000
300,-0.00000621,0.00000558,0.00001424,-0.00000900,-0.00000873,0.00000657,-0.0000
0540,0.00002367,0.00002851,-0.00002146,0.00000926,0.00000320,-0.00000131,-0.0000
0664,0.00000157,0.00000109,0.00000764,0.00001469,-0.00000944,0.00001102,-0.00000
614,0.00000035,-0.00000431,-0.00000329,-0.00000375,0.00000624,0.00000879,-0.0000
0771,-0.00000097,-0.00000400,-0.00000217,-0.00000194,-0.00000076,0.00000101,-0.0
0000909,0.00003282,0.00006400,-0.00000965,-0.00000142,-0.00002080,-0.00003890,0.
00006640,0.00004605,-0.00006533,0.00004880,0.00000661,0.00000227,-0.00000718,-0.
00000205,0.00000379,-0.00000162,0.00000127,0.00000175,-0.00001627,-0.00001295,0.
00002111,-0.00003192,-0.00002314,-0.00005403,0.00002348,-0.00004976,-0.00001419,
-0.00002912,-0.00000922,0.00000496,-0.00006780,-0.00005576,0.00014422,0.00007177
,0.00005319,0.00001850,0.00000334,-0.00001132,0.00025831,-0.00033089,0.00021259,
0.00019765,0.00043862,-0.00061410,0.00003881,0.00228735,-0.00093647,0.00037246,-
0.00015005,-0.00036009,-0.04451761,-0.00644025,0.00395750,-0.00012309,-0.0004562
7,-0.00042361,-0.00006653,-0.00006165,0.00014558,-0.00011425,0.00014978,-0.00006
245,0.00023920,0.00010272,-0.00008381,-0.00000552,-0.00006657,0.00006054,0.00003
243,0.00004395,-0.00008503,0.04732342,0.00000416,0.00009276,-0.00006735,0.000025
05,0.00001921,0.00004538,-0.00000581,-0.00008362,0.00002313,0.00001300,0.0000002
5,-0.00001345,0.00000364,0.00000075,0.00000047,0.00000644,0.00000782,-0.00000494
,0.00000079,0.00000144,-0.00001396,0.00023888,-0.00035095,0.00039222,0.00000009,
-0.00000246,-0.00002465,0.00003964,-0.00000529,0.00000686,-0.00027006,0.00035930
,-0.00008868,0.00000501,-0.00006161,0.00003607,-0.00002378,0.00000359,-0.0000052
2,0.00002746,-0.00001609,0.00002303,-0.00001052,0.00004572,-0.00002108,-0.000008
65,0.00000989,-0.00000661,-0.00000119,0.00000990,-0.00000258,0.00020127,-0.00011
232,0.00008248,-0.00005863,0.00000110,0.00003370,-0.00000977,-0.00002050,-0.0000
0065,-0.00001661,0.00000563,-0.00000857,0.00000534,-0.00001737,0.00003063,-0.000
00774,-0.00001094,-0.00001880,-0.00000607,-0.00000852,0.00000460,0.00001140,0.00
000502,0.00000290,-0.00000690,-0.00000318,0.00000245,-0.00000561,0.00000298,0.00
000049,-0.00009532,0.00021118,0.00001648,-0.00000922,0.00000786,0.00000888,-0.00
001110,0.00000559,-0.00000092,0.00000396,-0.00000184,-0.00000396,-0.00000267,0.0
0000366,-0.00000122,-0.00001017,0.00001383,-0.00000201,0.00001155,0.00000022,-0.
00001187,0.00000144,-0.00000826,-0.00001251,0.00000382,0.00000074,-0.00000433,0.
00000821,-0.00000564,0.00000299,0.00000339,0.00000349,0.00000067,-0.00000017,-0.
00000161,0.00000254,0.00000285,-0.00000010,-0.00000043,-0.00000783,0.00000421,-0
.00000190,0.00000795,0.00005457,0.00002857,-0.00001833,-0.00000787,-0.00000135,-
0.00001399,0.00000689,-0.00000255,0.00002088,-0.00004888,0.00000556,-0.00000659,
0.00000163,0.00000607,0.00000372,-0.00000436,-0.00000355,-0.00000360,-0.00001103
,-0.00000598,0.00000894,-0.00001601,-0.00000078,0.00002584,0.00004491,-0.0000149
4,-0.00002046,-0.00000031,0.00002086,-0.00003246,0.00002143,0.00000426,0.0000512
1,0.00000763,-0.00009145,0.00000996,-0.00002063,0.00001433,-0.00083439,0.0009858
2,-0.00016956,0.00019680,0.00045515,-0.00073985,-0.00001071,0.00385507,-0.000659
78,-0.00005805,0.00044816,-0.00047928,-0.00540887,-0.21052066,0.11113130,-0.0001
1134,0.00031056,-0.00023816,-0.00003078,-0.00007609,-0.00017268,0.00002642,-0.00
018836,0.00010223,0.00002419,0.00024568,-0.00013074,-0.00022113,0.00015281,-0.00
015340,0.00024945,0.00011063,-0.00016541,0.00725898,0.24117247,-0.00008088,-0.00
007124,0.00002467,0.00008296,0.00001935,-0.00019800,0.00004617,0.00011471,-0.000
05700,-0.00000589,0.00000634,0.00000907,-0.00000879,-0.00000392,-0.00000446,-0.0
0001295,-0.00001197,0.00000342,0.00000008,0.00000338,0.00001380,0.00053894,0.000
40186,-0.00071484,-0.00001853,0.00001036,0.00011728,-0.00000302,0.00001081,-0.00
002063,-0.00024286,-0.00036440,0.00028106,0.00000847,0.00000694,-0.00001253,0.00
002533,0.00000294,-0.00000057,-0.00003851,0.00000615,-0.00000370,0.00001310,-0.0
0001878,0.00004619,-0.00000259,-0.00000209,-0.00000039,-0.00000954,-0.00000498,-
0.00000150,-0.00006367,0.00007366,-0.00009911,0.00004385,0.00001357,-0.00002104,
-0.00002400,0.00004325,0.00002150,-0.00007068,-0.00005922,0.00006819,-0.00001231
,0.00002353,-0.00000533,0.00001668,0.00001160,0.00002301,-0.00000257,0.00000574,
-0.00000437,-0.00000868,-0.00001250,-0.00000130,0.00002107,0.00001240,-0.0000115
7,0.00001528,-0.00000655,-0.00000780,-0.00005833,-0.00012896,0.00006959,0.000006
18,0.00000857,-0.00007894,0.00000331,-0.00000119,0.00000293,-0.00000430,-0.00001
046,0.00000565,0.00000680,-0.00000166,0.00000586,-0.00001038,-0.00003843,0.00002
360,-0.00001362,0.00000295,0.00000399,0.00000450,0.00000222,0.00000236,-0.000014
87,-0.00001606,0.00001369,-0.00001013,0.00000528,-0.00001529,-0.00001227,0.00000
803,0.00000367,-0.00000841,-0.00000938,0.00000645,-0.00000207,0.00000637,0.00000
042,0.00000598,-0.00000120,0.00000084,0.00008621,-0.00000603,-0.00007324,-0.0000
4156,-0.00000608,0.00002109,-0.00000501,-0.00004355,-0.00000252,0.00004187,-0.00
014234,-0.00006026,-0.00002725,0.00002215,0.00001233,-0.00000220,0.00000333,0.00
000750,0.00000317,0.00000616,-0.00000741,-0.00001924,0.00003284,0.00000791,0.000
05232,0.00000008,0.00010355,0.00001482,0.00001606,-0.00001375,-0.00001610,0.0000
2768,0.00000085,0.00001313,-0.00012911,0.00004585,-0.00004920,0.00007549,0.00003
095,-0.00058502,0.00065922,0.00257777,0.00067625,0.00073553,0.00081526,0.0003669
2,0.02490130,-0.02332849,-0.00054154,-0.00149114,-0.00638944,0.00405327,0.110664
24,-0.11643198,-0.00050392,-0.00066333,-0.00013388,0.00022532,0.00008585,0.00036
078,-0.00003453,-0.00001078,-0.00007004,0.00008881,0.00135467,-0.00121573,0.0001
1129,-0.00025433,0.00008632,-0.00024607,-0.00035913,0.00007876,-0.00402071,-0.12
931445,0.13699205,-0.00010875,-0.00001858,-0.00002397,0.00009185,-0.00001716,-0.
00015646,0.00003611,-0.00003073,-0.00013829,0.00000446,0.00002429,0.00000419,-0.
00000427,-0.00000276,-0.00000422,-0.00000561,0.00000244,0.00000068,0.00000193,0.
00000460,-0.00000455,0.00052756,-0.00036982,-0.00052660,0.00000631,0.00006068,0.
00011654,0.00008459,0.00001452,-0.00001400,-0.00055273,-0.00005070,0.00072794,0.
00003480,-0.00003362,0.00004949,0.00004332,-0.00000214,0.00002167,-0.00000331,0.
00001078,0.00001023,0.00000993,-0.00002982,0.00003874,-0.00000763,0.00000353,-0.
00000003,-0.00001559,0.00000537,0.00000243,0.00020813,0.00014525,0.00001853,-0.0
0006693,0.00009384,-0.00001563,-0.00005004,0.00004663,0.00003749,-0.00005002,0.0
0000488,0.00006778,-0.00001005,0.00001317,0.00001284,0.00001675,0.00000040,0.000
00604,-0.00000335,0.00001042,-0.00000974,-0.00001117,-0.00000927,-0.00000097,0.0
0003274,0.00001242,0.00001225,0.00000437,-0.00001015,-0.00000351,-0.00005023,0.0
0007216,0.00008527,-0.00002355,0.00000468,-0.00000817,-0.00000874,0.00000412,0.0
0000661,-0.00000057,-0.00001819,0.00000586,0.00000458,-0.00000512,0.00000259,-0.
00003048,-0.00005035,0.00003293,-0.00000534,0.00001569,-0.00001934,0.00000960,-0
.00000933,-0.00001889,-0.00002007,-0.00002208,0.00001623,-0.00000317,0.00003317,
-0.00000429,-0.00000308,0.00000920,-0.00001396,-0.00001027,-0.00001603,0.0000137
8,0.00000286,0.00000347,-0.00000561,0.00000050,0.00000283,-0.00000481,0.00003148
,-0.00000529,-0.00002641,0.00000489,0.00001170,-0.00000045,0.00000569,-0.0000209
4,-0.00003051,0.00003348,-0.00003325,-0.00002153,-0.00000704,-0.00000550,0.00000
151,-0.00000224,0.00000784,-0.00000596,0.00000044,-0.00000141,0.00000355,-0.0000
0670,0.00001789,0.00000392,-0.00000828,-0.00001274,0.00005838,0.00003879,-0.0000
0856,-0.00000087,-0.00000306,0.00000777,0.00001068,-0.00007063,0.00001410,0.0000
2570,-0.00000513,0.00000346,-0.00000287,0.00013343,-0.00037957,0.00033290,0.0002
4704,-0.00048581,-0.00082545,-0.00061096,0.00108242,0.00162284,0.00014170,-0.000
19303,-0.00027234,-0.18349894,0.11153732,0.04820214,-0.00006419,0.00002747,0.000
05457,-0.00008029,-0.00007952,-0.00012820,0.00007018,-0.00039122,-0.00055492,-0.
00001736,-0.00009970,-0.00022597,0.00049791,-0.00021328,0.00008344,-0.00030704,0
.00008874,0.00009096,-0.00059436,0.00189980,-0.00047356,0.21073558,0.00007991,-0
.00001329,0.00001463,-0.00007612,0.00001941,0.00014229,-0.00006499,0.00001604,0.
00006635,0.00000076,-0.00000899,0.00000407,-0.00000043,0.00000368,0.00000134,0.0
0000069,-0.00000347,0.,-0.00000090,-0.00000310,0.00000993,-0.00097743,0.00007958
,0.00004445,0.00000069,-0.00005036,-0.00009686,-0.00005202,0.00000436,-0.0000017
5,-0.00004812,-0.00014483,0.00003417,-0.00002793,0.00004376,-0.00002579,-0.00002
856,0.00000145,-0.00000948,0.00000313,-0.00000250,-0.00000253,-0.00001530,-0.000
00809,-0.00001134,0.00000862,-0.00000804,0.00000320,0.00001616,-0.00000552,-0.00
000332,-0.00030270,0.00002453,0.00004434,0.00004871,-0.00004302,0.00001478,0.000
06038,-0.00000605,-0.00002530,0.00003699,-0.00000826,-0.00006342,0.00000421,-0.0
0000780,-0.00000970,-0.00000572,0.00000366,0.00000026,-0.00000083,-0.00000753,0.
00000473,0.00001078,0.00000542,0.00000464,-0.00002076,-0.00000952,-0.00001204,-0
.00000095,0.00001097,0.00000564,0.00023781,-0.00007878,-0.00003350,0.00001362,0.
00003314,0.00003347,0.00001001,-0.00000390,-0.00000553,0.00000331,0.00001600,-0.
00000597,-0.00000450,0.00000472,-0.00000478,0.00002774,0.00002916,-0.00002541,0.
00000420,-0.00000799,0.00001064,-0.00000975,0.00000703,0.00001304,0.00000915,0.0
0001722,-0.00000871,0.00000512,-0.00001028,-0.00000225,-0.00000229,-0.00000643,0
.00000565,0.00000619,0.00001010,-0.00000952,-0.00000118,-0.00000330,0.00000353,0
.00000050,-0.00000362,0.00000351,-0.00002651,0.00001593,0.00001754,0.00000466,-0
.00001285,-0.00000280,0.00000535,0.00001784,0.00002875,-0.00002721,0.00000305,0.
00001796,0.00000099,0.00000395,-0.00000096,0.00000009,-0.00000275,0.00000548,0.0
0000015,0.00000510,-0.00000007,0.00000252,-0.00001137,-0.00000463,-0.00003357,-0
.00000421,-0.00004446,-0.00002215,-0.00000511,-0.00001055,0.00001721,-0.00001233
,-0.00001454,0.00004345,0.00005270,0.00000807,0.00000828,-0.00000070,-0.00000262
,0.00116280,-0.00105074,-0.00308824,0.00023522,0.00013307,0.00023891,0.00691562,
-0.00597078,-0.00403365,-0.00011450,0.00018300,0.00073457,0.11077253,-0.13025666
,-0.03753747,0.00011400,-0.00032327,-0.00003433,0.00000227,0.00009205,0.00030593
,-0.00062054,0.00026198,-0.00045004,-0.00001575,-0.00007915,0.00014055,-0.000105
84,0.00023849,0.00033811,-0.00004846,-0.00003778,-0.00000709,0.02282418,-0.02057
945,-0.00493128,-0.12966424,0.14881853,0.00003392,-0.00002498,0.00003654,-0.0000
6146,0.00004135,0.00013888,-0.00009321,-0.00002899,-0.00001671,-0.00000578,-0.00
001203,0.00000216,0.00000034,0.00000097,0.00000035,-0.00000380,-0.00000008,-0.00
000015,-0.00000435,-0.00000056,0.00001372,-0.00103422,-0.00021585,-0.00040912,0.
00000920,-0.00003156,-0.00006526,-0.00000263,0.00000336,0.00001029,-0.00015337,0
.00030871,0.00006299,0.00001450,0.00002108,-0.00000201,-0.00000577,0.00000316,-0
.00000516,-0.00000957,-0.00000356,0.00000228,0.00000586,-0.00000936,-0.00000654,
0.00000442,-0.00000434,0.00000409,0.00000703,-0.00000022,-0.00000242,-0.00004891
,-0.00007172,-0.00001092,-0.00001773,0.00002443,0.00000585,0.00010106,-0.0000099
8,-0.00003876,0.00003079,0.00000624,-0.00004001,0.00000091,-0.00000194,-0.000006
99,0.00000466,0.00000560,-0.00000267,-0.00000311,-0.00000207,-0.00000321,-0.0000
0253,-0.00000011,0.00000805,-0.00000678,-0.00000276,-0.00000524,-0.00000436,0.00
000938,-0.00000205,0.00029849,-0.00016829,0.00005734,-0.00000244,0.00008705,0.00
003837,0.00000042,-0.00000203,-0.00000021,0.00000131,0.00001028,-0.00000269,-0.0
0000185,-0.00000089,-0.00000159,0.00001073,0.00001813,-0.00001530,0.00001016,-0.
00001106,0.00000380,-0.00000887,0.00000027,0.00000780,0.00000909,0.00001146,-0.0
0000436,0.00000161,-0.00001563,0.00000004,-0.00000274,-0.00000680,0.00001194,0.0
0000334,0.00000768,-0.00000399,-0.00000137,-0.00000032,0.00000504,-0.00000457,0.
00000041,0.00000198,-0.00003044,0.00001425,0.00000064,-0.00000375,-0.00000650,0.
00001002,0.00000744,-0.00000956,0.00001933,0.00000032,-0.00002055,0.00004509,-0.
00000417,0.00000724,0.00000007,0.00000011,-0.00000792,0.00000769,-0.00000047,0.0
0000971,0.00000248,-0.00000286,-0.00000592,0.00001004,0.00002303,-0.00001888,-0.
00003056,-0.00001859,0.00000850,-0.00000295,-0.00000058,0.00002867,0.00000551,0.
00003134,-0.00002538,-0.00009173,0.00000300,-0.00001209,0.00001471,0.00251829,-0
.00454574,-0.00734165,0.00068261,0.00014825,0.00066218,0.02105294,-0.01705527,-0
.00901312,0.00011084,-0.00023461,0.00038479,0.04784823,-0.03701699,-0.05827936,-
0.00008385,0.00000106,-0.00004013,0.00018175,0.00020463,0.00022250,-0.00064764,-
0.00021586,-0.00033381,-0.00008006,0.00000680,0.00032645,-0.00024523,0.00041545,
-0.00070103,0.00008302,0.00001289,-0.00006473,-0.01307785,0.01127889,0.00463634,
-0.05513577,0.04475654,0.06776247,-0.00006403,0.00005732,0.00004322,-0.00004318,
0.00003643,0.00011621,-0.00010091,-0.00020534,-0.00018215,-0.00001636,-0.0000212
1,-0.00002920,-0.00000236,0.00000609,0.00000621,0.00000020,0.00000839,0.00000260
,-0.00001157,0.00000601,0.00000499,0.00096267,0.00063187,0.00031545,0.00000814,-
0.00003932,-0.00006472,0.00007740,-0.00003130,0.00006065,-0.00229777,0.00040467,
0.00158708,0.00008490,-0.00005961,0.00005623,0.00000806,0.00000829,-0.00001100,0
.00000300,-0.00002725,0.00002065,0.00002006,0.00004279,-0.00003157,0.00000103,0.
00000375,-0.00000604,-0.00000409,0.00000330,-0.00000149,-0.00093673,0.00011723,0
.00023082,-0.00006329,0.00006503,-0.00003252,0.00005734,-0.00001280,-0.00000735,
0.00002935,0.00006193,0.00005035,0.00003780,0.00000699,-0.00000798,0.00001202,0.
00001889,-0.00003215,-0.00001855,-0.00000276,-0.00003343,-0.00003444,-0.00003468
,0.00001676,0.00001740,-0.00001851,0.00003868,-0.00000960,0.00000515,-0.00000419
,0.00003756,-0.00029149,-0.00021151,-0.00002105,-0.00001321,-0.00000723,-0.00000
747,-0.00000209,0.00000049,-0.00000263,0.00001043,0.00000260,-0.00000459,0.00000
164,0.00000711,0.00002140,0.00003111,-0.00002022,0.00000924,-0.00001889,0.000005
60,-0.00000924,-0.00000007,0.00001248,0.00000677,0.00001078,-0.00000704,0.000003
70,-0.00001213,0.00001556,0.00000996,-0.00000278,0.00000625,0.00000478,0.0000117
8,-0.00000661,-0.00000192,-0.00000111,0.00000415,-0.00000518,-0.00000053,0.00000
363,-0.00000235,-0.00001929,-0.00003750,-0.00000669,0.00001041,0.00000842,0.0000
1016,-0.00001246,-0.00001237,0.00001567,0.00000527,-0.00000403,0.00000378,0.0000
0611,-0.00000159,-0.00000289,-0.00001126,0.00000933,-0.00000703,0.00000390,-0.00
000183,-0.00000468,-0.00000159,0.00000956,0.00003103,-0.00000211,0.00000655,-0.0
0001083,0.00001348,0.00000707,-0.00000801,0.00002503,0.00001687,-0.00002550,-0.0
0005795,-0.00002066,-0.00001081,0.00000286,0.00001041,0.00002231,-0.00010640,0.0
0036193,0.00031433,-0.00049352,-0.00152957,-0.00455201,-0.00360268,-0.00447675,0
.00020386,0.00029584,0.00060186,-0.22739217,-0.10088580,-0.03280675,0.00008382,0
.00030486,-0.00005136,-0.00017488,-0.00018933,-0.00003990,0.00033740,-0.00009250
,0.00008795,0.00004245,0.00003111,0.00035017,-0.00028653,0.00000155,-0.00007384,
0.00054766,0.00016255,-0.00017765,-0.00252098,-0.00306308,0.00073370,-0.02673983
,-0.01037875,-0.00228008,0.26237489,-0.00013767,-0.00007350,0.00000289,-0.000030
83,-0.00008692,-0.00016842,-0.00001987,-0.00002652,-0.00019724,-0.00000030,0.000
01662,0.00000258,-0.00000935,0.00000242,-0.00000498,-0.00001501,-0.00000444,0.00
000719,-0.00000166,0.00000544,0.00001308,-0.00022676,-0.00138925,-0.00155211,0.0
0005153,0.00009887,0.00015186,0.00006364,0.00001852,-0.00002005,0.00038314,0.000
52161,0.00105275,0.00005954,0.00003564,0.00002970,0.00004475,-0.00001525,0.00002
903,-0.00003018,0.00000179,0.00000577,0.00003369,-0.00008146,0.00005853,-0.00000
559,-0.00000045,-0.00000216,-0.00002702,-0.00000809,0.00000047,0.00038648,0.0002
1847,-0.00027992,-0.00013664,0.00014704,0.00000015,-0.00007067,0.00002842,-0.000
01203,0.00004339,0.00005904,0.00006949,0.00000733,0.00003141,0.00001591,0.000022
27,0.00002060,-0.00000267,-0.00001917,0.00000439,-0.00000112,-0.00002093,-0.0000
0666,0.00000469,0.00002457,0.00001625,0.00001011,0.00000207,-0.00000782,-0.00000
651,0.00006194,0.00001334,0.00009775,0.00001330,0.00002753,0.00002911,-0.0000069
2,-0.00000449,0.00000851,-0.00000620,-0.00001597,0.00001160,0.00000816,-0.000003
24,0.00000152,-0.00003305,-0.00005328,0.00002993,-0.00001012,0.00000454,-0.00001
646,0.00001084,-0.00000336,-0.00001109,-0.00002356,-0.00002207,0.00002081,-0.000
00537,0.00004053,0.00000046,0.00000361,0.00000431,-0.00001190,-0.00001267,-0.000
01588,0.00001494,0.00000137,0.00000415,0.00000097,0.00000170,-0.00000007,-0.0000
0042,-0.00000594,-0.00005251,-0.00003302,0.00001976,0.00001589,0.00000397,0.0000
4488,-0.00002519,-0.00003541,0.00003319,-0.00000688,-0.00000791,0.00000882,0.000
00018,-0.00000384,-0.00001053,0.00001730,-0.00000285,-0.00000550,0.00001466,0.00
001494,-0.00002807,0.00004906,0.00001054,-0.00001578,-0.00006670,0.00006633,0.00
004944,0.00000181,-0.00000387,0.00001120,0.00004965,0.00003930,-0.00011539,-0.00
003415,0.00000261,-0.00000825,0.00001895,-0.00000774,-0.00001304,0.00029276,0.00
068816,-0.00026834,-0.00016357,-0.00206534,-0.00818200,-0.00479486,-0.00425219,0
.00053501,0.00040631,0.00086220,-0.10089540,-0.09967639,-0.01698356,0.00016744,0
.00025528,0.00000028,-0.00049966,-0.00002088,-0.00018588,0.00012151,-0.00005769,
0.00000769,-0.00002571,-0.00016046,0.00015508,0.00012139,-0.00005355,0.00000621,
0.00001712,0.00022716,0.00036245,-0.02572178,-0.01650558,-0.00127007,0.01699290,
0.00863593,0.00234794,0.11729894,0.11213123,-0.00014818,-0.00001405,-0.00011818,
-0.00004791,-0.00011277,-0.00014543,-0.00002370,-0.00009167,-0.00003783,0.000017
66,0.00001624,0.00000980,-0.00001021,-0.00000240,-0.00000599,-0.00000546,-0.0000
0375,0.00000125,0.00000174,-0.00000030,0.00000690,-0.00070677,-0.00251079,-0.001
04244,0.00005869,0.00010650,0.00013886,0.00006843,0.00001688,-0.00001337,0.00156
948,0.00111186,-0.00014395,0.00000909,-0.00007162,0.00005808,0.00000336,0.000018
51,-0.00001764,-0.00002017,-0.00001144,0.00002322,-0.00000854,0.00001516,0.00002
933,-0.00001716,0.00000842,-0.00001660,-0.00001302,0.00000425,-0.00000812,0.0007
6806,-0.00001073,-0.00002137,-0.00014581,0.00013719,0.00005601,-0.00007770,0.000
07915,0.00002181,0.00004064,0.00006068,0.00003967,-0.00000439,0.00001368,0.00002
622,0.00001074,0.00000524,0.00000608,-0.00001680,0.00000659,-0.00000097,-0.00000
034,-0.00000481,0.00000430,0.00001537,0.00002213,0.00001022,0.00000740,-0.000002
11,0.00000142,-0.00004172,0.00049062,0.00012643,0.00000789,0.00003324,0.00002324
,-0.00001378,0.00000825,0.00000054,0.00000647,-0.00000059,-0.00000325,0.00000182
,0.00000603,-0.00000586,-0.00002712,-0.00000722,0.00000545,0.00001740,0.00000422
,-0.00004309,0.00000046,-0.00000314,-0.00002299,-0.00002054,-0.00000376,0.000013
69,0.00004027,0.00003538,0.00000686,-0.00000090,-0.00000555,-0.00002794,-0.00000
721,-0.00001004,0.00001202,0.00000142,-0.00000033,-0.00000272,-0.00001127,0.0000
0608,0.00000110,0.00000445,-0.00001644,0.00002756,-0.00000383,0.00001551,-0.0000
1972,0.00000564,0.00001772,-0.00000047,0.00000376,0.00000074,-0.00000581,0.00000
636,-0.00000395,-0.00000103,-0.00000692,0.00002231,-0.00000571,-0.00000370,-0.00
000159,0.00000398,-0.00000714,0.00002537,-0.00001303,0.00000531,-0.00000312,0.00
003874,0.00002390,-0.00001382,0.00001190,-0.00000232,0.00002494,0.00000908,-0.00
000445,-0.00004152,-0.00002698,0.00000691,0.00002040,-0.00000769,0.00029980,0.00
105558,0.00133498,-0.00098705,-0.00183916,-0.00579476,-0.02655933,-0.01443826,-0
.00797563,-0.00045403,-0.00085607,0.00103819,-0.03201986,-0.01684988,-0.04804189
,0.00018317,0.00013970,-0.00011920,-0.00148886,-0.00086897,-0.00041111,0.0002177
9,0.00004924,-0.00004694,0.00009436,-0.00003284,0.00032582,0.00001201,0.00001101
,-0.00005391,0.00020189,0.00052825,-0.00078363,0.01489848,0.00935154,0.00246060,
0.00689719,0.00346286,0.00202263,0.03739872,0.02090125,0.05708929\\-0.00000220,0
.00000024,-0.00000341,0.00000508,-0.00000376,-0.00000685,-0.00000107,0.00000704,
-0.00000320,0.00000350,0.00000326,0.00000189,-0.00000183,-0.00000075,-0.00000180
,0.00000003,0.00000001,0.,0.00000068,-0.00000072,0.00000103,0.00001130,-0.000005
26,0.00000036,0.00000051,0.00000202,0.00000219,0.00000171,-0.00000288,0.00000148
,0.00001657,0.00000089,0.00000074,0.00000180,-0.00000282,0.00000307,0.00000376,0
.00000203,-0.00000256,-0.00000257,-0.00000189,0.00000043,-0.00000055,0.00000030,
0.00000067,0.00000078,-0.00000041,0.00000127,0.00000141,0.00000004,-0.00000006,-
0.00002134,0.00000020,-0.00000301,-0.00000118,-0.00000227,-0.00000368,0.00000195
,-0.00000119,0.00000193,-0.00000632,-0.00000147,0.00000264,-0.00000897,0.0000025
1,-0.00000245,0.00000823,0.00000403,-0.00000426,-0.00000356,-0.00000093,0.000001
72,0.00000076,-0.00000179,0.00000124,0.00000783,0.00000060,0.00000279,0.00000280
,0.00000230,0.00000234,-0.00000346,0.00000719,0.00000202,-0.00000197,0.00000204,
-0.00000064,-0.00000347,0.00000144,0.00000050,-0.00000147,-0.00000165,-0.0000002
0,0.00000057,-0.00000122,0.00000213,0.00000087,-0.00000585,0.00000031,-0.0000024
4,-0.00000033,-0.00000253,-0.00000169,-0.00000178,0.00000421,-0.00000029,0.00000
088,0.00000065,0.00000233,-0.00000011,-0.00000204,0.00000142,0.00000064,0.000002
22,0.00000116,0.00000215,-0.00000120,-0.00000109,-0.00000015,-0.00000124,-0.0000
0123,0.00000092,-0.00000042,0.00000281,0.,0.00000150,0.00000092,0.00000142,0.000
00344,-0.00000121,0.00000378,0.00000241,-0.00000197,-0.00000170,-0.00000087,0.00
000055,-0.00000185,0.00000018,0.00000034,-0.00000003,-0.00000069,-0.00000126,-0.
00000147,-0.00000249,-0.00000157,0.,-0.00000049,0.00000083,-0.00000209,-0.000002
04,-0.00000408,-0.00000299,0.00000049,0.00000061,0.00000054,0.00000148,-0.000000
43,0.00000038,-0.00000001,0.00000013,0.00000059,-0.00000145,-0.00000241,-0.00000
278,-0.00000006,0.00000484,-0.00000620,-0.00000440,-0.00000399,0.00000258,0.0000
0040,-0.00000317,0.00000235,-0.00000178,-0.00000040,0.00000045,0.00000322,-0.000
00010,-0.00000037,-0.00000057,-0.00000069,0.00000236,0.00000333,-0.00000315,0.00
000284,0.00000192,0.00000170,-0.00000030,0.00000103,-0.00000008,-0.00000254,-0.0
0000096,0.00000160,0.00000118,0.00000082,-0.00000119,0.00000114,-0.00000139,0.00
000157,0.00000006,-0.00000135,0.00000142,-0.00000087,0.00000004\\\@
