1\1\GINC-ECHO\Freq\External='./xtb.sh'\ZDO\C20H28Fe1N2O3Pd1\ECHO\14-Oct-2024\0\\
#p freq external='./xtb.sh'\\Generate automatically by rxnb\\0,1\Fe,-2.00821,-0.
39798,-0.06161\C,2.67407,-0.25569,1.5211\Pd,0.46685,0.48324,-0.09576\C,-1.85801,
2.27689,-0.12434\H,-4.38964,-1.53124,0.2028\H,-3.93124,0.76508,1.39273\H,-1.4688
1,0.68993,2.43285\C,1.06778,-2.33751,-0.32872\O,3.48651,-0.55015,2.37919\C,-1.99
727,1.1977,-1.12529\O,-0.16093,-2.53346,-0.44427\C,-1.48852,-0.83727,-1.90041\C,
-2.87003,-0.78396,-1.75105\C,-3.20153,0.49399,-1.26292\H,-0.97584,-1.74375,-2.11
842\H,-3.51836,-1.62103,-1.85105\H,-4.15962,0.81871,-0.93136\H,-0.58548,-0.61727
,0.19626\C,-0.88954,0.40839,-1.55935\C,2.87093,-0.7234,0.03815\O,1.61243,0.42504
,1.69024\C,-1.94923,-0.08037,1.8758\C,-3.25443,-0.05843,1.3788\C,-3.50881,-1.290
56,0.74724\C,-2.36045,-2.07633,0.85117\C,-1.39277,-1.35022,1.57181\H,-0.45309,-1
.7311,1.90758\N,1.55553,-1.12344,-0.39438\H,3.60313,-1.53546,-0.02349\H,-2.43291
,1.9253,0.72778\H,-2.24291,3.25337,-0.45591\H,-2.16071,-2.96484,0.30315\N,-0.443
59,2.38046,0.24946\C,-0.26834,2.90715,1.61016\C,0.24785,3.23073,-0.72054\H,-1.18
877,3.36491,1.9807\H,0.04387,2.10799,2.2835\H,0.51528,3.66422,1.63224\H,-0.10884
,4.26966,-0.66278\H,1.32364,3.22427,-0.52898\H,0.06328,2.85701,-1.72855\C,3.3741
7,0.4899,-0.77636\C,4.84592,0.74205,-0.46498\C,3.14675,0.28611,-2.27642\H,5.4579
7,-0.06876,-0.85621\H,5.1822,1.67429,-0.91642\H,5.00149,0.79563,0.61043\H,2.7906
,1.38135,-0.45772\H,3.66743,-0.60623,-2.61913\H,2.07857,0.16737,-2.48581\H,3.524
13,1.14142,-2.83507\C,2.00281,-3.51834,-0.12857\H,2.47697,-3.45233,0.84883\H,1.4
1624,-4.43085,-0.18421\H,2.77422,-3.53458,-0.89521\\Version=ES64L-G16RevC.01\HF=
-82.9868028\RMSD=0.000e+00\RMSF=4.385e-06\ZeroPoint=0.4444176\Thermal=0.4711267\
ETot=-82.5156762\HTot=-82.514732\GTot=-82.5966581\Dipole=0.,0.,0.\PG=C01 [X(C20H
28Fe1N2O3Pd1)]\NImag=1\\0.54568041,0.02928979,0.46325939,-0.04874355,-0.13907117
,0.71076070,0.00205653,0.00048673,0.00128643,0.69943588,-0.00094051,-0.00033581,
-0.00071113,-0.24401131,0.33898159,0.00236986,-0.00007235,0.00032681,0.22724669,
-0.05394870,0.56412896,-0.09524220,-0.01915444,0.00386634,-0.00760695,0.00452617
,-0.00181147,0.29701025,-0.04437003,-0.00603386,0.00120426,0.00404556,-0.0005066
7,0.00852503,-0.00704235,0.21937827,-0.00503904,-0.00117005,-0.00688846,-0.01161
724,0.01013349,0.01093506,0.06261688,0.01213312,0.18783395,-0.00629930,0.0076941
1,0.00016816,-0.00100555,0.00061396,-0.00038732,-0.00327961,0.00226597,-0.000607
68,0.45689356,0.00307089,-0.00359757,-0.00836035,0.00056950,-0.00032179,-0.00004
678,0.00640818,-0.00121543,0.00133220,0.01549515,0.51058449,-0.00011720,0.004828
33,-0.00720874,0.00000493,-0.00001130,-0.00024520,-0.00065698,0.00055694,0.00097
432,-0.04157753,-0.00844503,0.50679768,-0.00112085,-0.00013813,-0.00166838,0.000
13816,-0.00001429,-0.00004244,0.00112566,0.00085292,-0.00004733,0.00024732,0.000
68324,0.00008297,0.26731003,0.00014444,-0.00341259,-0.00124006,-0.00005144,-0.00
000576,-0.00008267,0.00081771,0.00030871,-0.00004868,-0.00000073,0.00050531,0.00
006794,0.05924351,0.05752383,0.00230138,0.00139305,-0.00072328,0.00020561,-0.000
10323,0.00005716,-0.00051462,-0.00036322,-0.00014338,-0.00014112,-0.00028051,-0.
00009164,0.14784949,0.04558517,0.12001490,-0.00164035,0.00084054,-0.00287829,0.0
0011020,0.00004797,0.00002193,-0.00010183,0.00072595,0.00012509,-0.00036422,0.00
037851,0.00074420,-0.00003293,-0.00029736,0.00064585,0.17387140,-0.00197552,0.00
029549,0.00114082,-0.00005838,0.00000538,-0.00008710,-0.00029885,-0.00029408,-0.
00011072,-0.00093202,-0.00075878,0.00069299,-0.00042083,-0.00031110,0.00015263,-
0.15980102,0.23714535,0.00053613,-0.00240784,-0.00069102,0.00002911,0.00002737,0
.00006196,-0.00088244,-0.00036903,0.00015212,0.00032785,-0.00066760,-0.00027267,
0.00052553,-0.00000512,-0.00065120,0.00434516,0.00817700,0.02773011,-0.00054858,
0.00327189,0.00149275,-0.00069728,0.00042621,0.00026845,-0.00031559,-0.00021027,
0.00117282,0.00051474,-0.00005259,-0.00023311,0.00009968,-0.00095417,-0.00088483
,-0.00025144,-0.00006015,0.00042770,0.10812472,0.00141154,0.00133112,0.00239371,
0.00050817,-0.00005500,-0.00021259,0.00044135,0.00065441,-0.00145804,0.00016376,
-0.00046619,0.00066879,0.00028535,0.00012050,-0.00025084,-0.00004711,0.00026637,
0.00028669,0.10654501,0.21417903,-0.00199361,-0.00408606,0.00269896,0.00057189,-
0.00023722,0.00012467,0.00311081,-0.00093045,-0.00357736,-0.00027194,-0.00048502
,-0.00061381,0.00026270,-0.00010237,0.00037246,0.00022050,0.00029103,-0.00102627
,0.08420468,0.13010927,0.11442782,-0.00479534,-0.00408502,-0.00135569,0.00701531
,-0.00404527,-0.00873456,0.00472529,0.00457370,0.00222515,0.00145079,0.00036792,
0.00007964,0.00009688,0.00009878,-0.00003340,0.00024243,-0.00059672,0.00033100,0
.00022088,-0.00027383,-0.00031487,0.74783443,-0.00918693,-0.00001895,-0.00266171
,0.00158063,0.00110156,-0.00860326,0.00034046,-0.01319677,0.00200931,0.00102658,
-0.00009272,0.00003271,-0.00009085,0.00013806,-0.00005254,-0.00007942,-0.0003012
7,0.00021198,0.00007171,-0.00030314,-0.00012513,0.11613375,0.62746635,-0.0010037
5,0.00023994,-0.00076074,-0.00495505,-0.00181752,0.00104937,-0.00054914,0.000773
17,-0.00028114,0.00013886,0.00004753,0.00000199,-0.00010542,0.00001325,0.0000023
5,-0.00010721,-0.00001404,0.00000541,0.00007374,-0.00013428,-0.00009430,0.059113
91,-0.02323996,0.18245644,-0.00054878,-0.00019389,-0.00041281,-0.31595990,0.0907
7597,-0.27110156,-0.00026338,0.00249108,0.00397517,0.00049969,-0.00020887,0.0001
1900,-0.00004615,0.00001931,-0.00010710,-0.00002364,0.00006343,-0.00003989,0.000
30539,-0.00015755,-0.00028681,0.00055678,0.00281817,-0.00010316,0.37685195,0.000
89482,0.00022198,0.00050084,0.09000397,-0.09653479,0.09479414,0.00096631,0.00059
553,-0.00300046,-0.00021825,0.00009251,-0.00004443,-0.00000132,-0.00001289,0.000
05142,-0.00002728,0.00001016,0.00001225,-0.00013173,0.00000639,0.00013294,0.0003
1218,-0.00223585,0.00094116,-0.13781871,0.08194764,-0.00172707,-0.00022442,-0.00
023807,-0.27285889,0.09552697,-0.36579355,-0.00112340,-0.00162930,-0.00308361,0.
00034522,-0.00020416,0.00007520,0.00004126,0.00004969,-0.00005056,0.00001660,0.0
0003215,-0.00002771,0.00004586,0.00004346,-0.00021497,0.00501010,0.00668204,-0.0
0216845,0.33075430,-0.10888514,0.41981159,0.00126173,-0.00082812,0.00216160,-0.0
0045562,0.00045496,0.00051423,-0.01222771,0.00829464,0.00034319,-0.05976391,-0.0
0750108,-0.00401848,0.00005271,-0.00015422,0.00030966,-0.00016939,0.00018888,-0.
00019415,-0.00060568,-0.00040722,0.00070420,0.00135177,0.00204200,-0.00043374,0.
00031176,-0.00040904,0.00040830,0.53965321,-0.00208311,-0.11065709,0.05918801,0.
00015419,0.00002282,0.00000845,0.00097454,-0.00034942,0.00481722,-0.00940122,-0.
15184063,-0.10633534,0.00052529,0.00007932,-0.00046756,0.00048478,-0.00021869,-0
.00008270,-0.00042393,-0.00022568,-0.00018576,-0.00035947,-0.00051498,-0.0000484
0,-0.00002866,-0.00011575,0.00001047,0.05383776,0.60113473,0.00384740,0.05077279
,-0.05565186,0.00113893,-0.00077380,0.00006985,-0.00401116,0.00666576,-0.0009630
0,-0.00596116,-0.09508671,-0.13477309,-0.00027307,-0.00031351,0.00037515,0.00002
353,-0.00029284,0.00026917,0.00001774,0.00004519,0.00008680,-0.00201487,-0.00164
266,0.00010078,-0.00033286,0.00032883,-0.00036191,-0.00918625,0.18787575,0.30893
700,0.01059493,-0.00265135,0.00200450,-0.00971258,0.00477214,0.01220433,-0.00318
816,0.00229640,-0.00245960,-0.00130074,-0.00125311,-0.00000777,0.00049952,0.0002
1799,-0.00033380,0.00023905,0.00047303,-0.00070709,-0.00027241,0.00012871,-0.000
34961,-0.50217387,-0.06026426,-0.04754008,-0.00075891,-0.00001816,-0.00688152,-0
.00142651,-0.00027442,0.00193158,0.64329012,0.00020518,-0.00388351,0.00228042,0.
00123380,-0.00100035,0.00238385,0.00050007,-0.00218741,-0.00011964,-0.00000704,0
.00100340,0.00001297,-0.00030280,-0.00022372,0.00019551,-0.00023004,0.00019178,0
.00040837,0.00004936,0.00014394,0.00043732,-0.07760633,-0.08561342,-0.00479359,-
0.00100111,0.00092933,-0.00176466,-0.00096493,0.00105273,-0.00060028,0.09961083,
0.12285595,0.00300264,0.00056504,-0.00737391,0.00198175,0.00097931,0.00063583,-0
.00003345,-0.00017772,-0.00332736,-0.00027140,0.00003689,0.00011038,0.00007360,-
0.00011509,0.00001125,0.00007668,-0.00016855,0.00025723,-0.00002000,-0.00002701,
0.00024596,-0.04631471,-0.00375969,-0.05898452,-0.00009315,-0.00028504,0.0005143
6,0.00023711,0.00066189,0.00059875,0.05460809,-0.00036339,0.05946589,-0.01377997
,0.01950000,0.04122151,-0.00004932,0.00008363,0.00003592,-0.00066138,-0.00961660
,-0.00420776,-0.00288415,0.00049576,0.00031028,-0.00012766,0.00010981,0.00030608
,0.00015483,-0.00035095,-0.00041689,0.00015923,0.00013233,-0.00037062,-0.0002773
2,-0.00030712,-0.00005911,-0.00017357,-0.00018672,0.00022155,0.01125681,0.011332
27,-0.00172683,-0.00244072,0.00443316,-0.00611324,0.61366671,0.01645932,-0.03098
267,-0.01722363,-0.00067745,0.00043970,-0.00006400,-0.00208343,-0.00031625,-0.00
038822,0.00466925,0.00004600,-0.00501142,-0.00022276,-0.00016461,0.00018463,-0.0
0054375,-0.00029423,0.00068756,0.00024873,-0.00002131,0.00015832,-0.00032691,0.0
0053462,0.00048614,0.00019568,-0.00028029,0.00047914,0.01940890,-0.03866893,-0.0
2776666,0.00559856,-0.00465534,0.00465073,-0.10889028,0.64274063,0.02356073,-0.0
2661889,-0.10801462,0.00064222,-0.00056341,0.00014929,-0.00073328,-0.00201679,-0
.00199028,0.00086448,0.00029529,0.00118335,-0.00044152,-0.00030108,0.00030733,-0
.00019004,0.00016289,0.00041685,-0.00005791,0.00007634,0.00062189,0.00438284,0.0
0121603,-0.00033068,-0.00040152,0.00023511,-0.00039221,-0.00264462,-0.00980924,-
0.00382416,-0.00868840,0.00750359,-0.00803550,-0.07988178,0.17270074,0.22248496,
-0.02705493,-0.01498914,-0.05147194,0.00097647,-0.00076633,-0.00056499,-0.000080
59,-0.00058301,-0.00126330,-0.00372635,-0.00043914,0.00157032,-0.00134187,-0.000
91220,0.00251756,-0.00006421,0.00028293,0.00060269,-0.00020484,0.00015405,0.0001
8316,-0.00116288,0.00000947,-0.00055134,-0.00050110,0.00024255,0.00010843,0.0114
3146,-0.01706360,-0.00551576,0.00137407,-0.00068457,-0.00019990,-0.34462373,0.03
007586,0.05764011,0.65497184,-0.01503439,-0.02039282,-0.01310096,0.00028507,-0.0
0013906,-0.00021053,0.00083621,-0.00192322,-0.00000147,-0.00300473,0.00122640,-0
.00275455,-0.00107818,0.00010895,0.00201106,-0.00030270,-0.00028750,-0.00018455,
-0.00004662,-0.00031957,0.00085492,-0.00021287,0.00002319,0.00001477,-0.00009695
,0.00012291,0.00008803,-0.03428414,-0.03829703,-0.02215385,0.00058214,-0.0006845
3,0.00116740,-0.00625398,-0.07100671,-0.01430760,0.13292475,0.64102593,-0.047181
03,-0.01068556,-0.09585491,-0.00023757,0.00027365,0.00029434,-0.00024490,0.00069
986,0.00081486,0.00055182,0.00035305,0.00025443,-0.00000852,0.00030114,-0.001866
95,-0.00058889,-0.00020228,0.00058364,0.00099498,0.00031976,-0.00047615,0.000921
57,0.00034349,0.00011231,0.00018656,-0.00011524,-0.00006964,-0.00395402,-0.00766
269,-0.00216012,-0.00036774,-0.00099820,-0.00137412,0.01387425,-0.01662719,-0.03
848841,0.00597550,0.16514784,0.22433490,-0.05985061,0.03950672,-0.05294281,0.000
79364,-0.00050375,-0.00025301,-0.00179165,0.00372035,0.00053693,-0.00307446,-0.0
0513240,-0.00097542,-0.00046291,-0.00138326,0.00060727,-0.00035066,0.00036334,0.
00189484,0.00007178,-0.00000617,0.00051460,0.00048266,-0.00007294,0.00001344,-0.
00031350,0.00020607,0.00002200,-0.25746725,-0.13527168,-0.01503330,0.00024828,0.
00020165,-0.00053060,-0.02120495,0.02894348,0.01012473,-0.08355509,0.06833231,0.
03696021,0.75485095,0.04123358,-0.03327770,0.04112416,0.00029111,-0.00041169,-0.
00037489,0.00045180,-0.00001611,-0.00147288,-0.02331917,-0.01303540,-0.00531177,
0.00000905,-0.00026951,0.00017606,0.00048839,0.00010710,-0.00073021,-0.00000225,
0.00027962,-0.00072060,-0.00075149,-0.00056301,-0.00003965,-0.00023804,0.0001341
1,0.00009362,-0.08819212,-0.12529191,-0.02942188,0.00067439,0.00006265,-0.000235
27,0.03799041,-0.01120205,0.00361250,0.03349940,-0.27653143,-0.10607592,-0.07692
389,0.52996869,-0.04240985,0.03199216,-0.06851741,-0.00002759,-0.00004468,0.0000
9967,0.00011782,-0.00245952,-0.00075306,-0.01210139,-0.00545877,-0.00479453,-0.0
0041293,0.00043367,-0.00032174,-0.00053400,0.00061020,-0.00130273,0.00012211,-0.
00004869,0.00076075,-0.00019855,-0.00033993,0.00000778,-0.00001099,-0.00003087,-
0.00003184,-0.01829673,-0.03066420,-0.03639456,0.00070866,-0.00016475,0.00199359
,0.03046364,-0.00916352,0.00250079,0.01561922,-0.08321110,-0.05958665,-0.0644975
9,0.13598688,0.22282306,-0.00245988,-0.00081233,-0.00244429,0.00045086,-0.000296
40,-0.00037110,0.00080972,-0.00145393,-0.00002401,0.00071704,-0.00053301,-0.0004
4754,0.00006729,0.00027378,0.00002857,0.00009065,-0.00022436,-0.00031644,-0.0000
5111,-0.00013242,0.00003509,-0.00347541,-0.00018857,-0.00202850,-0.00002391,0.00
008793,0.00018413,-0.00084737,-0.00249147,-0.00140864,-0.00052377,0.00370680,-0.
00267767,-0.10669332,0.12342577,0.03349717,-0.01438018,0.02256298,0.00740643,-0.
00517485,0.00111428,0.00224920,0.12499867,-0.00091005,-0.00197895,0.00145278,-0.
00036721,0.00022610,0.00016220,-0.00145242,-0.00081182,-0.00234207,0.00113481,-0
.00035481,-0.00077691,0.00000291,0.00003809,0.00005493,-0.00010220,-0.00015049,0
.00016283,-0.00004050,-0.00013477,0.00010682,0.00291808,0.00216025,0.00044776,0.
00010561,-0.00007065,-0.00003866,0.00001211,-0.00467841,-0.00328511,0.00086131,-
0.00338943,0.00331686,0.12560314,-0.25826605,-0.05929922,0.00069905,0.00072438,0
.00007456,0.00002519,-0.00080272,-0.00066951,-0.13709724,0.28210105,0.00181515,-
0.00659477,0.00127569,0.00048327,-0.00033405,-0.00056855,-0.00010246,-0.00181656
,-0.00050618,0.00016662,0.00078693,0.00069199,-0.00040720,-0.00014840,0.00016632
,-0.00010349,0.00025044,0.00018173,-0.00001512,0.00034059,0.00026414,-0.00605013
,-0.00077774,-0.00113650,-0.00001731,0.00009830,0.00033442,-0.00018584,0.0000721
6,0.00105879,-0.00145885,0.00475028,-0.00472941,0.03471842,-0.06052625,-0.034445
72,0.00046349,0.00078686,-0.00055786,-0.00063998,0.00038929,0.00249251,-0.031369
53,0.06257658,0.03823929,-0.00192038,-0.00084030,0.00343077,0.00042460,-0.000237
53,-0.00005076,0.00032574,-0.00023154,-0.00001677,0.00049353,0.00055025,0.000135
33,0.00003366,-0.00016389,0.00164945,-0.00006926,0.00016659,0.00029032,-0.000006
60,0.00015053,0.00007711,-0.00065835,-0.00049076,-0.00012473,-0.00013473,0.00007
237,-0.00005855,-0.00114347,0.00142887,0.00118498,0.00086292,-0.00001136,0.00019
763,-0.01638504,-0.02034822,-0.00333256,-0.14896031,-0.14669142,-0.01663015,0.00
662771,0.00623772,0.00018354,-0.00053749,-0.00023460,0.00010617,0.16642963,0.001
94022,-0.00195476,0.00169243,0.00010596,-0.00008809,0.00003995,0.00011909,-0.000
14810,-0.00005690,-0.00111488,0.00013705,-0.00021329,0.00035549,0.00094439,-0.00
029662,-0.00014794,-0.00013961,0.00002992,0.00015852,-0.00009532,0.00007369,0.00
005902,0.00012167,-0.00000005,-0.00003973,0.00001036,-0.00005732,-0.00074112,-0.
00485300,-0.00369861,-0.00002441,-0.00015230,0.00006109,0.00053674,0.00207293,0.
00069286,-0.14628795,-0.22642658,-0.02672952,-0.01521465,-0.01634134,-0.00143869
,0.00009097,0.00071353,0.00012510,0.16062832,0.24670547,-0.00128803,-0.00487796,
0.00156794,-0.00021599,0.00016151,0.00002702,0.00096402,0.00095031,0.00002675,0.
00011298,0.00041345,0.00051369,0.00176057,-0.00042170,-0.00294978,-0.00031201,0.
00008113,0.00026985,0.00020762,0.00022455,0.00034323,0.00001101,-0.00007355,-0.0
0002290,0.00009093,-0.00005593,0.00007790,0.00091621,-0.00063071,0.00136125,0.00
064826,-0.00045195,-0.00001556,0.00190240,0.00613442,0.00026582,-0.01677413,-0.0
2701810,-0.02544960,-0.00361965,-0.00430771,-0.00339142,-0.00008891,0.00025287,-
0.00126081,0.01340955,0.02985004,0.02860835,-0.00108425,-0.00254706,0.00344850,0
.00034370,-0.00017678,0.00010436,-0.00022612,0.00113350,0.00036807,0.00027370,0.
00083357,0.00043408,0.00009389,-0.00000778,0.00014107,0.00056096,-0.00016249,-0.
00053518,0.00006220,0.00004037,0.00030416,0.00002428,-0.00023830,0.00008667,-0.0
0009378,0.00002929,-0.00011720,-0.01876798,0.00664784,0.00595078,0.00040380,-0.0
0018116,-0.00015869,-0.00141858,0.00017254,0.00025342,-0.00256567,0.00187479,0.0
0063675,-0.28084306,0.08162132,0.08670824,0.00003184,-0.00022006,-0.00035059,0.0
0005700,0.00035602,-0.00038764,0.30793103,0.00065761,-0.00132515,-0.00176727,0.0
0017107,-0.00010693,-0.00006233,-0.00117461,0.00012959,0.00006391,-0.00028980,-0
.00042400,0.00059331,-0.00023185,-0.00146473,0.00051060,0.00022493,0.00078049,0.
00001541,-0.00024830,-0.00003129,-0.00014422,-0.00039099,-0.00018559,-0.00008019
,-0.00003660,0.00004454,-0.00000098,-0.01371586,0.00632806,0.00573366,-0.0000387
0,0.00027960,0.00031778,0.00208379,-0.00414126,-0.00165708,0.02094301,-0.0056317
5,-0.00503532,0.08170110,-0.06276403,-0.03413002,0.00092046,0.00014678,0.0000865
5,0.00028641,-0.00035638,0.00004502,-0.08824663,0.07080154,-0.00348998,0.0000124
9,0.00034924,-0.00025379,0.00016690,-0.00005393,0.00112107,-0.00006427,-0.000139
70,-0.00041821,0.00139372,-0.00013419,-0.00015165,0.00049340,0.00022185,-0.00026
847,-0.00008367,-0.00287259,0.00001433,0.00012910,0.00025527,-0.00040866,-0.0000
8425,-0.00007870,0.00009712,-0.00006554,0.00010388,0.00044897,0.00021906,-0.0021
4118,0.00069788,-0.00053053,0.00011819,0.00311417,-0.00397001,0.00126871,0.01093
097,-0.00085965,-0.00507396,0.08492991,-0.03497669,-0.05062416,0.00090204,-0.000
05741,0.00032818,-0.00044891,0.00017280,-0.00087135,-0.09610721,0.03784957,0.059
17695,-0.11355198,0.00984814,-0.01799377,-0.00218846,0.00088699,-0.00396040,-0.0
0493956,-0.01189526,0.00694163,0.00164087,0.00002986,0.00064594,-0.00019266,-0.0
0017565,-0.00006936,-0.00003264,0.00008086,0.00004745,0.00071922,0.00035985,-0.0
0044232,0.00798011,0.01136564,0.00137668,0.00070534,-0.00058572,0.00215303,-0.00
026672,0.00226093,-0.00379289,-0.00956753,-0.00039565,-0.00167056,-0.00511679,-0
.00124021,-0.00075840,-0.00267739,-0.00070934,0.00043323,-0.00183773,-0.00139278
,0.00306395,0.00101324,-0.00041080,0.00113946,-0.00051342,-0.00048849,0.00062094
,-0.00050618,-0.00010604,0.00017149,0.15761709,0.02910578,-0.01244306,0.00092575
,-0.00278799,0.00219593,-0.00042877,-0.03431215,-0.02607661,0.01081389,0.0010320
3,0.00021048,0.00044949,0.00010598,-0.00011495,-0.00027356,-0.00010923,-0.000372
62,0.00062173,0.00027599,0.00003525,-0.00024024,0.01877160,0.00462033,-0.0014588
6,0.00044425,-0.00073332,0.00039241,0.00519840,0.00016331,-0.00185911,-0.0064299
0,-0.00531926,-0.00025659,-0.00314959,0.00168673,-0.00020989,-0.00106615,-0.0003
2287,-0.00117055,-0.00086302,-0.00142967,0.00111349,-0.00034871,0.00003384,-0.00
103983,-0.00040175,-0.00023192,0.00045023,-0.00050231,-0.00026492,-0.00029589,-0
.00235957,0.04506270,-0.02380145,0.00081274,-0.00768190,-0.00073869,0.00004169,0
.00120451,0.00760752,0.00795702,0.00360020,0.00006626,-0.00011399,-0.00018226,-0
.00004393,0.00019311,-0.00050830,-0.00012627,0.00004779,-0.00002997,0.00005285,-
0.00082744,-0.00025801,0.00153690,-0.00022586,0.00117851,0.00016307,0.00006216,-
0.00066478,-0.00201331,0.00083489,0.00062321,0.00072595,-0.00128397,0.00003298,-
0.00563697,-0.00347655,-0.00242108,-0.00141084,0.00059701,-0.00108624,-0.0002184
9,-0.00043599,0.00026817,-0.00033162,-0.00066508,-0.00094100,-0.00001466,0.00002
605,-0.00013922,0.00024945,0.00000953,-0.00043172,0.01351302,-0.01735387,0.02032
973,-0.05162139,-0.02148514,0.02403026,0.00072853,-0.00090400,-0.00113757,-0.050
61543,0.00756695,-0.05512457,0.00405697,0.00082024,-0.00183502,0.00094438,0.0007
2131,-0.00058542,0.00044157,-0.00025339,-0.00080744,0.00016348,0.00002379,-0.000
88350,0.00288212,0.00080662,0.00048549,-0.00022731,0.00039466,0.00024979,-0.1964
3059,0.09920737,0.04516381,-0.00241761,0.00116765,-0.00132490,-0.10823034,-0.090
46755,-0.03340330,-0.03456353,-0.02261381,0.00337379,-0.04693956,-0.01045420,0.0
1269884,0.00705111,0.01017945,0.00068571,-0.00519661,-0.00011776,0.00297003,-0.0
0414695,-0.00339309,0.00129418,0.00081344,-0.00160219,0.00042022,0.47659932,-0.0
3398324,-0.01870254,0.01002933,-0.00170295,0.00093145,-0.00043761,0.00533586,-0.
02103967,-0.01065037,0.01349488,-0.01054615,-0.00674229,0.00072176,0.00019329,-0
.00034622,0.00033656,0.00024655,-0.00090293,-0.00028992,-0.00035198,0.00031051,0
.00216806,0.00048702,0.00074274,-0.00002911,-0.00027206,-0.00009890,0.07536268,-
0.11119584,-0.04081648,-0.00245373,0.00121389,0.00182712,-0.07387183,-0.23111357
,-0.07107383,-0.03439224,-0.00506493,0.01224305,0.01411732,0.01736163,-0.0046300
8,-0.00917684,-0.01444407,-0.00103177,-0.00100444,-0.00049040,-0.00028438,0.0005
5746,-0.00099898,-0.00129938,0.00239039,0.00217745,0.00797154,0.03536758,0.39354
865,0.05770403,0.02382522,-0.03574655,0.00236718,-0.00182658,-0.00136388,-0.0535
6761,-0.01385257,-0.06684482,0.00867539,-0.00425485,-0.00918093,-0.00066623,-0.0
0048710,0.00033006,-0.00071809,0.00015514,0.00058201,0.00013983,-0.00005563,0.00
099791,-0.00191825,0.00117102,-0.00095547,-0.00168751,0.00082513,0.00008053,0.04
722530,-0.06043933,-0.04876631,0.00256581,-0.00105147,0.00108837,-0.02276163,-0.
04327151,-0.04096993,-0.02343654,-0.00231329,0.01156900,-0.00130229,-0.00180497,
-0.00049506,-0.00224866,-0.00248981,-0.00335462,-0.00182517,-0.00131152,0.002863
03,-0.00121807,-0.00159253,0.00191762,0.00254098,0.00718840,-0.00464239,0.001463
90,0.10312853,0.18976428,0.00090709,0.00011065,-0.00029485,-0.05045358,-0.000995
52,0.00785446,-0.00675624,-0.00042221,-0.00293883,-0.00001969,-0.00023161,-0.000
01502,0.00001158,-0.00004383,0.00002907,0.00007032,-0.00003944,0.00003454,0.0001
3208,0.00000370,-0.00013665,-0.01331186,-0.01398024,-0.00155473,0.00404962,0.001
71184,-0.02881461,-0.00049490,0.00012979,0.00000727,-0.00208775,-0.00291371,-0.0
0267560,-0.00008236,-0.00006103,0.00033492,0.00004818,0.00000648,0.00006459,-0.0
0000857,-0.00003853,0.00009658,-0.00015307,-0.00016886,0.00001725,0.00008430,0.0
0002464,-0.00002663,0.00009220,0.00000514,-0.00008992,-0.00094587,0.00026610,0.0
0058647,-0.00066068,0.00064057,-0.00034541,0.48930126,0.00023449,0.00051569,-0.0
0011961,0.00197125,-0.06642781,-0.01204336,0.01004343,-0.00063461,0.00169864,-0.
00027449,0.00009232,-0.00008940,0.00005352,0.00005073,-0.00002075,-0.00000650,0.
00001389,0.00000098,-0.00012783,0.00003155,0.00007161,-0.02164552,-0.00543083,-0
.00959636,0.00596024,0.01427672,0.00534171,0.00029443,0.00024285,-0.00006232,-0.
01221553,-0.00564213,0.00002285,0.00023941,0.00011734,-0.00017823,0.00009224,0.0
0011849,-0.00003431,0.00003226,-0.00007630,0.00003644,0.00006082,-0.00014920,0.0
0023965,0.00004818,-0.00000401,0.00005676,-0.00001767,0.00000299,0.00005323,-0.0
0028090,-0.00090051,-0.00009448,-0.00001369,-0.00050230,0.00055939,-0.06464408,0
.47355804,0.00067378,0.00006163,0.00000769,0.00919610,-0.00470181,-0.08401084,-0
.00314721,0.00164414,-0.00397160,-0.00017454,0.00008866,-0.00000612,0.00001502,0
.00001669,0.00000304,-0.00002158,0.00003826,-0.00000622,-0.00016471,0.00001187,0
.00002425,0.01249085,0.00589724,-0.00783864,-0.01733755,-0.00719861,-0.04998011,
-0.00027887,0.00018633,0.00019042,-0.01045270,0.00174079,0.00705251,0.00015306,-
0.00010383,-0.00020388,0.00024211,0.00011743,-0.00010748,0.00009785,0.00017632,-
0.00007217,0.00014973,-0.00035895,0.00049137,0.00011742,0.00000049,-0.00002237,0
.00001869,0.00006276,-0.00003275,-0.00024375,-0.00140638,-0.00002479,0.00004477,
-0.00043018,0.00034169,0.00940365,0.00073963,0.36686405,0.00022612,0.00051465,-0
.00166844,-0.30345546,0.15649282,0.04053367,-0.02519956,-0.00117556,-0.01725017,
0.00026388,-0.00059758,-0.00001554,-0.00007034,0.00004626,-0.00017409,0.00001614
,0.00008296,-0.00005814,0.00022179,-0.00037565,-0.00045737,-0.00687925,-0.002652
76,0.00142326,-0.06570197,0.04577663,-0.02282322,0.00140467,0.00005506,-0.001795
64,0.00876980,-0.00025624,-0.00009526,0.00063950,0.00138944,-0.00116344,-0.00151
543,-0.00014432,0.00068868,-0.00121861,-0.00106092,0.00024934,-0.00052971,0.0004
5632,-0.00048627,-0.00029400,-0.00004481,0.00031837,-0.00020269,-0.00018469,0.00
029064,-0.00283855,0.00020492,0.00030745,0.00335955,0.00029470,-0.00003434,-0.02
298401,0.02444257,0.02407450,0.41201559,0.00060965,0.00014879,0.00034146,0.15653
481,-0.16259255,-0.03242029,0.00485991,-0.02006425,-0.00248775,-0.00046471,0.000
12183,0.00005389,-0.00003227,0.00002159,-0.00001088,-0.00010825,0.00004228,-0.00
002973,-0.00021788,-0.00032791,0.00005080,0.00159361,0.00143632,0.00023544,0.041
33247,-0.00268778,0.01219601,-0.00048645,0.00004015,-0.00003108,-0.00267369,0.00
054356,-0.00040775,0.00115038,-0.00035505,0.00064357,0.00008989,0.00050719,0.000
03831,-0.00024531,-0.00018960,0.00020349,0.00024759,-0.00020483,0.00006722,0.000
23633,0.00006710,-0.00014768,0.00008933,0.00001829,-0.00009282,-0.00141091,-0.00
208545,0.00042075,-0.00053741,0.00471615,0.00102302,0.02785761,-0.00687546,-0.02
324642,-0.23201162,0.18809992,0.00048243,0.00114761,-0.00146531,0.04443657,-0.03
522690,-0.09167173,-0.01450296,-0.01080013,-0.05134077,-0.00031982,-0.00029466,0
.00006845,0.00007933,0.00003221,0.00002972,0.00001756,0.00005952,-0.00002524,-0.
00057841,0.00050015,0.00007937,0.00091137,0.00070115,-0.00058988,-0.04196797,0.0
2326873,0.01070539,-0.00109398,-0.00097802,-0.00184510,-0.00092002,-0.00053840,0
.00021343,-0.00091094,0.00100665,-0.00110436,-0.00063226,-0.00022018,0.00014038,
-0.00096385,-0.00004323,0.00053705,-0.00005143,0.00028959,0.00002735,-0.00017823
,0.00004045,0.00026878,-0.00023554,-0.00024960,0.00016198,-0.00108640,-0.0001740
0,-0.00133303,0.00238715,0.00136246,0.00701042,0.03256776,-0.02711609,-0.0169650
6,-0.02346592,0.05092542,0.15318850,-0.00730777,-0.01502987,-0.00721490,0.000025
91,-0.00009275,-0.00042399,-0.00038772,0.00122966,0.00253837,0.00009740,-0.00205
808,-0.00097780,-0.00016132,-0.00099153,-0.00394151,-0.01413876,-0.00025797,-0.0
0546418,-0.09538625,-0.09480894,-0.08183271,-0.00014108,0.00069594,0.00000849,0.
00004554,-0.00014334,0.00032637,0.00670156,-0.00201561,0.00028647,-0.00055220,-0
.00129136,-0.00016475,0.00135931,0.00279680,0.00579344,-0.00840597,0.00671821,0.
00038854,-0.00314291,-0.00812978,-0.00431458,0.00006137,-0.00004051,0.00054638,-
0.00001037,0.00023760,0.00001666,-0.00034604,0.00010943,-0.00052753,-0.00917714,
0.00007133,0.01315447,0.00408814,0.00772669,-0.00771313,-0.00019242,-0.00003644,
-0.00007958,-0.00026326,0.00024386,0.00073398,0.54338804,-0.01158883,-0.02538291
,-0.02607727,0.00084730,-0.00029311,0.00030090,-0.00105899,-0.00103428,0.0005324
0,0.00105629,-0.00158505,0.00054226,0.00046555,-0.00359932,-0.00341270,0.0179388
1,0.00056003,0.01107981,-0.09425780,-0.19010877,-0.12337073,-0.00098876,-0.00129
246,-0.00011517,-0.00024692,0.00021762,-0.00026582,-0.00069150,0.00581469,-0.000
01444,0.00126679,0.00095321,0.00083684,-0.00048317,-0.00021545,-0.00224199,0.005
34597,-0.00094974,-0.00120526,0.00234338,0.00347347,0.00385354,-0.00026742,-0.00
026600,0.00011171,0.00057169,-0.00031951,0.00106314,0.00014261,-0.00007124,0.000
28579,0.00597938,0.00341484,-0.00892997,-0.00260994,-0.00203118,0.00533742,0.000
02801,0.00008689,0.00003416,-0.00105609,-0.00003638,-0.00038504,0.02364970,0.585
94124,-0.00586969,-0.02651141,-0.10786064,-0.00108271,0.00093631,-0.00036298,0.0
0138578,0.00088132,-0.00234147,-0.00123355,-0.00036034,0.00014743,-0.00077579,-0
.00234665,0.00010558,0.00210283,0.00105567,-0.00098572,-0.07572442,-0.11847899,-
0.11114961,0.00242100,0.00139876,-0.00025574,0.00032228,-0.00031494,0.00056567,0
.00830887,0.00146255,-0.00108832,-0.00354003,0.00139018,0.00011465,-0.01029397,-
0.00437383,0.00701778,0.00206909,-0.00120729,-0.00323428,0.00130733,-0.00318525,
0.00109845,-0.00021315,0.00016344,0.00029749,0.00012515,0.00037382,0.00020761,0.
00049803,-0.00036310,0.00079205,0.00332877,0.00006338,-0.00339699,-0.00148984,0.
01134873,0.00311330,-0.00008730,-0.00023555,-0.00025385,0.00053869,-0.00101135,0
.00017456,0.20749476,0.24375919,0.35989528,-0.05887353,0.01322085,0.06335150,-0.
00011319,0.00004009,0.00051189,-0.00207375,0.00037475,0.00121241,-0.00040317,0.0
0143219,0.00070159,-0.00139494,-0.01923338,-0.01044419,-0.15735468,0.14691785,-0
.00138303,-0.01091171,-0.00044795,-0.00135606,0.00053435,-0.00008409,0.00020108,
0.00009864,-0.00009499,-0.00035719,0.00404315,0.00310059,-0.00371449,-0.00004521
,0.00055758,0.00005165,-0.00672524,-0.00688015,-0.00223804,0.00512257,-0.0043875
6,-0.00403198,0.00073031,0.00328963,-0.00088329,0.00002177,-0.00005637,-0.000706
89,-0.00016140,-0.00009896,-0.00058919,-0.00051991,0.00065657,-0.00171885,-0.001
06349,0.00189924,-0.00051708,-0.00220815,0.00634876,0.00550733,0.00020615,-0.000
17889,-0.00013388,0.00047359,0.00005651,-0.00043485,-0.30030838,0.00069164,-0.12
969332,0.63571840,0.02011558,-0.02086232,-0.01682803,0.00023764,-0.00025427,0.00
006840,-0.00100129,-0.00082226,0.00091561,-0.00037514,-0.00175631,-0.00049347,-0
.00167059,-0.00463417,-0.00116236,0.14904818,-0.21091363,-0.00967489,-0.01945397
,0.00118672,-0.00324912,-0.00061448,-0.00073985,-0.00006826,-0.00015982,0.000005
92,-0.00006358,-0.00468198,0.00449006,-0.00104490,0.00105714,0.00093673,-0.00083
913,-0.00505826,-0.00129543,-0.00068339,0.00429681,-0.00277891,-0.00215975,0.006
49927,0.00441907,-0.00022677,-0.00019901,-0.00023800,0.00053321,0.00025453,-0.00
019528,-0.00010226,0.00045866,0.00009446,0.00245877,0.00099217,0.00077014,-0.000
25103,-0.00235416,-0.00036416,0.00470840,-0.00000118,0.00000139,0.00010629,-0.00
021079,-0.00001707,-0.00012607,0.02086879,-0.06316501,-0.01363484,-0.17747785,0.
61559379,0.05958714,-0.00113626,-0.07400712,-0.00022771,0.00003887,0.00004883,-0
.00115123,0.00015833,0.00189247,-0.00056952,0.00085631,0.00079698,-0.00038395,-0
.01006395,-0.00786799,-0.00246861,-0.00839665,-0.02437971,-0.01293132,0.00091735
,-0.00386043,0.00019734,0.00007600,0.00017733,0.00003377,-0.00005382,-0.00000595
,-0.00649599,0.00094138,0.00199713,-0.00033192,0.00029492,0.00084755,-0.00196472
,-0.00159554,-0.00314387,0.00880962,-0.00458779,-0.00386949,0.00369574,0.0064896
9,0.00104731,-0.00080033,0.00017196,-0.00062394,0.00062904,-0.00025384,0.0008211
6,0.00045768,0.00041432,-0.00207507,0.00056914,-0.00002464,-0.00318948,-0.001771
39,-0.00819226,0.00339252,0.00005269,-0.00010521,0.00002624,-0.00030197,-0.00016
598,-0.00027832,-0.07995321,-0.01780741,-0.08058307,0.08853116,0.15656064,0.2671
6497,-0.08471849,-0.04866842,0.04724960,0.00040789,-0.00021379,0.00001996,0.0009
9011,0.00069258,0.00051718,0.00018150,0.00100851,-0.00020185,-0.24626725,-0.0555
1036,-0.13421225,0.00539014,0.01526981,0.00706086,-0.00450363,0.00039510,-0.0008
7426,-0.00114047,-0.00119020,0.00021916,-0.00005668,0.00012749,-0.00018329,-0.00
310574,0.00390585,-0.00357105,0.00161914,0.00001700,-0.00033859,-0.00407977,-0.0
0390116,-0.00143522,0.00110038,-0.00699084,-0.00215406,0.00339339,0.00488519,0.0
0090947,0.00004837,0.00013147,-0.00096063,0.00004737,-0.00041107,-0.00142751,-0.
00023110,0.00114546,-0.00038542,-0.00062538,0.00022825,-0.00121872,-0.00026347,0
.00112669,0.00350687,0.00009588,-0.00003753,0.00002240,-0.00017847,0.00021847,-0
.00007637,-0.01227397,-0.01961851,-0.01675623,-0.07678437,-0.05364864,-0.0471658
6,0.72481435,-0.04170773,-0.02844524,0.02510290,0.00012464,-0.00007059,-0.000308
97,0.00210062,0.00081712,-0.00061092,-0.00009781,0.00161178,0.00044085,-0.055464
02,-0.05142032,-0.04137932,-0.00506338,-0.01809716,-0.00725394,-0.00043888,-0.00
067089,-0.00050218,-0.00006329,0.00069375,-0.00029586,-0.00000031,0.00002673,0.0
0002140,-0.00957775,-0.00253581,0.00693329,0.00048359,-0.00159292,0.00004436,0.0
0818109,0.00469866,-0.00209272,-0.00357439,0.00642311,0.00302355,-0.00535485,0.0
0011784,0.00179774,0.00048818,0.00022464,-0.00059841,-0.00025714,0.00009336,-0.0
0053750,-0.00010195,-0.00047101,0.00028080,-0.00060480,-0.00323665,0.00181057,0.
00343753,-0.01108744,-0.00381511,0.00001267,0.00006634,0.00010553,-0.00018027,0.
00010530,0.00003719,-0.03844695,-0.01074432,-0.00301689,-0.01388389,-0.25677393,
-0.12279802,0.01460819,0.50974086,0.03848949,0.01891680,-0.02767134,-0.00009043,
0.00016946,-0.00024717,-0.00230607,-0.00071501,-0.00076607,0.00035969,-0.0006757
8,-0.00061392,-0.13549495,-0.04146166,-0.10505676,0.00134989,0.00064187,-0.00198
809,-0.00407363,-0.00144588,0.00133521,0.00010377,0.00047127,-0.00025303,0.00008
921,-0.00007094,0.00027149,0.00483943,-0.00158538,0.00013887,0.00004200,0.000179
92,-0.00036956,0.00286262,0.00374212,0.00265340,-0.00238281,-0.00183615,-0.00254
844,-0.00154876,0.00253979,0.00005641,0.00007314,-0.00008429,0.00087873,0.000710
99,0.00059824,-0.00382909,0.00014791,0.00083622,-0.00072984,-0.00208619,0.001320
98,-0.00012468,0.00312963,0.00408106,-0.00680178,-0.00005263,0.00006661,0.000038
60,0.00035188,-0.00010670,0.00053639,-0.03697868,-0.01264645,-0.00981829,-0.0223
7371,-0.10478567,-0.08794771,0.19813298,0.14915216,0.29341252,-0.00089668,-0.011
32723,0.01469070,0.00003303,-0.00017849,-0.00029260,0.00159164,0.00121994,0.0005
9245,0.00021701,-0.00030601,-0.00024135,-0.01544214,0.01288289,-0.00162512,0.000
09910,0.00206351,-0.00181422,-0.00070878,0.00133786,-0.00031550,0.00005590,0.001
81876,0.00028284,0.00002723,-0.00010807,0.00009839,-0.01112003,-0.00165987,0.004
47800,-0.00981371,-0.00123971,0.00617824,0.00705116,0.00217114,-0.00376449,0.001
58703,0.00666516,0.00136029,-0.00235910,0.00551404,-0.00376518,0.00019479,-0.000
06675,-0.00032293,-0.00015965,-0.00032636,0.00049479,0.00003125,0.00024922,-0.00
045881,-0.00931365,-0.01209079,0.00616773,0.00277201,-0.01007063,-0.00356598,0.0
0014305,-0.00003235,-0.00003621,-0.00009220,0.00036083,-0.00003771,0.00062031,-0
.01587738,0.00679136,0.01033368,0.03848056,0.00711970,-0.25120440,0.10619167,-0.
02512233,0.51231397,-0.01460497,-0.11221222,0.04759843,-0.00004686,-0.00018473,0
.00050022,-0.00020302,-0.00008521,0.00002364,0.00069534,0.00012154,-0.00064662,-
0.00515261,0.00571026,-0.00012283,-0.00147082,-0.00484033,-0.00112902,0.00189292
,-0.00444127,0.00045475,-0.00001495,-0.00046760,0.00052098,0.00004152,0.00009898
,-0.00031839,0.00133949,0.00188097,0.00282541,0.00143127,0.00051670,-0.00163345,
0.00390533,0.00432511,0.00048317,-0.00524679,0.00383371,0.00082783,-0.00429534,-
0.00321330,-0.00244414,0.00050014,0.00028724,-0.00052536,-0.00081786,0.00026594,
-0.00050061,-0.00063146,0.00021098,-0.00093894,-0.00423869,-0.00158068,0.0023752
4,0.00405031,0.00036614,-0.00583729,0.00011581,-0.00023895,-0.00015856,0.0005990
1,0.00057202,-0.00006604,-0.00792391,-0.03424264,-0.01315449,0.01418095,-0.03857
404,-0.00703445,0.15566931,-0.15546906,-0.00487262,-0.10271785,0.71030534,0.0118
0222,0.04425880,-0.04765165,0.00012644,-0.00017245,-0.00042201,0.00141580,0.0002
5633,-0.00096416,-0.00070479,0.00125956,0.00075387,-0.00864431,0.00967252,-0.002
99358,-0.00170171,-0.00380143,0.00060904,-0.00008490,-0.00368953,0.00123415,-0.0
0214947,-0.00050707,-0.00026261,0.00003688,0.00000578,0.00012673,-0.00550518,0.0
0091200,-0.00012554,0.00767022,-0.00198923,-0.00220357,0.00170248,0.00110318,-0.
00052901,0.00248546,-0.00013808,0.00209245,0.00367120,0.00794999,0.00033725,0.00
009247,-0.00003209,0.00036919,0.00001002,0.00035854,-0.00003325,0.00027785,-0.00
031972,0.00045935,-0.00072561,-0.00447647,0.00377481,-0.00303758,-0.00286867,0.0
0368676,-0.00013209,0.00019533,0.00020963,-0.00039990,0.00016046,0.00020856,0.00
067402,-0.03444697,-0.00327750,0.00447059,-0.01480914,-0.00165160,-0.03269973,-0
.00812587,-0.04064891,0.09244225,0.21773714,0.31154806,-0.02898968,0.01740671,-0
.01941446,0.00015345,-0.00054736,0.00054483,-0.00393553,-0.00720500,0.00577131,-
0.00020465,-0.00055769,0.00062281,-0.00383666,0.00437025,-0.00310792,-0.00435530
,0.00096093,-0.00466980,0.00575348,-0.01184420,0.00054579,0.00019846,0.00056828,
0.00110399,-0.00018307,0.00031940,-0.00032430,0.00103680,-0.00316595,0.00224267,
-0.00309181,0.00275768,0.00435439,0.00260087,0.00040477,0.00209422,-0.00167489,0
.00145287,0.00032468,0.00063627,-0.00275641,-0.00229381,-0.00005037,-0.00004630,
0.00026389,0.00007859,0.00024216,-0.00011022,0.00046768,-0.00040671,0.00061137,0
.00084585,0.01026261,-0.01147531,0.00387092,0.00025943,-0.00457440,-0.00000844,-
0.00008305,0.00003027,-0.00066668,-0.00002888,-0.00023539,-0.09480943,0.08981915
,0.01404282,-0.03575217,0.02341937,-0.01117865,-0.04871299,0.01918278,-0.0244423
2,-0.17634766,-0.09658573,-0.09337478,0.64698345,0.01962973,-0.03787677,0.037517
67,-0.00038915,0.00028829,0.00068398,-0.00649686,-0.00269748,0.00428476,-0.00007
254,0.00129360,-0.00016667,0.00134374,-0.00097336,-0.00189939,0.00089378,-0.0013
0298,0.00068988,0.00666997,-0.01587956,-0.00101464,0.00078305,-0.00059062,-0.000
80209,0.00017254,-0.00020242,-0.00027808,0.01097499,0.00108615,-0.00121162,0.002
08566,-0.00076102,-0.00336236,-0.00859436,-0.00176565,0.00367504,-0.00287385,-0.
00109052,-0.00586689,-0.00169792,-0.00873694,0.00110429,-0.00018021,0.00039067,-
0.00072238,-0.00026722,0.00038063,-0.00140711,-0.00050049,0.00019227,-0.00037883
,-0.00071610,0.00738957,0.00586464,-0.00053123,0.01090991,0.00024574,0.00006829,
-0.00045394,-0.00029362,0.00079290,-0.00032352,0.00019378,0.09025187,-0.25359859
,-0.08144917,0.02709192,-0.01507718,0.01686967,-0.01131063,0.02784757,-0.0041069
8,-0.06039442,-0.13056299,-0.06563103,-0.14606482,0.50583130,-0.02350922,0.03633
808,-0.06173543,-0.00085763,0.00049392,-0.00109978,0.00542118,0.00560851,-0.0024
4939,0.00055757,-0.00148712,-0.00024090,-0.00133510,-0.00063756,0.00138162,-0.00
149696,-0.00145318,0.00175165,0.00601694,-0.01108056,-0.00221923,0.00042300,0.00
086499,-0.00045911,0.00024541,-0.00030869,0.00081986,0.00027238,-0.00568863,0.00
433016,0.00234329,-0.00404520,-0.00729326,0.00183247,0.00438862,0.00364132,-0.00
482955,0.00486833,0.00034397,-0.00293014,-0.00523740,-0.00341121,-0.00000091,-0.
00020278,0.00182768,0.00030056,-0.00007113,0.00062121,0.00003812,-0.00041612,0.0
0004224,-0.00262204,0.00083628,0.00214105,0.00682979,0.00056438,-0.01007780,-0.0
0024732,0.00000614,-0.00001669,0.00007539,-0.00070916,0.00063963,-0.01033948,-0.
03509244,-0.04942809,0.01467739,0.00586653,0.01494626,-0.01238695,0.00098814,-0.
01053313,-0.11593426,-0.09614630,-0.11219832,0.23212321,0.07909403,0.29365157,0.
00203699,-0.00073415,0.00149227,-0.00045663,-0.00039183,0.00027511,0.00052944,0.
00021119,-0.00061451,-0.00010577,-0.00031145,0.00006304,-0.00037221,0.00077200,-
0.00034014,-0.00005368,0.00003047,-0.00067413,0.00016511,-0.00002134,0.00039674,
0.00045822,0.00047103,0.00111700,0.00003263,0.00025434,-0.00018079,-0.00005888,0
.00006700,-0.00008959,-0.00048404,0.00064006,0.00153349,-0.00043285,-0.00013780,
0.00003667,0.00028670,-0.00016581,0.00024903,0.00006815,-0.00023256,0.00070534,-
0.00006259,-0.00004788,0.00024787,0.00008547,0.00004731,0.00033897,0.00017159,-0
.00023430,0.00020229,0.00180068,-0.00070534,0.00129683,-0.00015932,0.00013700,0.
00049152,-0.00012496,-0.00005125,0.00004491,-0.00009513,-0.00002281,-0.00025523,
-0.00816041,0.00284733,-0.00175965,-0.00133903,0.00218546,-0.00146180,-0.0032151
4,-0.00009401,-0.00353161,-0.01615399,0.00541782,-0.00458685,-0.26158082,0.09430
352,-0.08675215,0.28811697,0.00023110,0.00001379,-0.00330482,-0.00170495,0.00053
138,0.00026709,-0.00020096,-0.00155470,0.00245602,0.00017051,0.00020230,0.000087
59,-0.00075168,0.00045235,-0.00019116,0.00091394,0.00013433,0.00026669,-0.000002
81,-0.00012300,0.00003805,0.00144791,0.00154598,-0.00048024,0.00050538,-0.000214
83,0.00011107,-0.00009154,0.00017526,-0.00031272,-0.00044567,-0.00122035,-0.0008
6936,-0.00046971,-0.00005996,-0.00018286,0.00002348,-0.00018895,0.00012061,-0.00
018238,-0.00019571,0.00027219,0.00000681,0.00004568,-0.00016861,-0.00004674,0.00
008812,0.00000497,-0.00010704,-0.00007414,-0.00019785,0.00094057,-0.00229139,0.0
0504084,0.00016769,0.00022868,-0.00000431,-0.00005946,-0.00010479,-0.00013858,0.
00088776,0.00019081,-0.00080158,0.01747843,-0.00543690,0.00697383,0.00227417,-0.
00345713,-0.00051596,-0.00221731,-0.00120965,-0.00268320,-0.01417407,0.00627314,
-0.00393229,0.09870705,-0.07454604,0.02964404,-0.10310038,0.08138417,-0.00053084
,-0.00148791,0.00530293,0.00038104,0.00009115,0.00091697,-0.00016832,0.00227003,
-0.00123819,-0.00003116,-0.00035086,0.00010893,-0.00020625,0.00024112,0.00035287
,0.00055406,-0.00038393,0.00053750,0.00021291,0.00050185,-0.00072343,0.00332408,
-0.00004385,-0.00160269,-0.00014529,0.00007999,-0.00052878,-0.00006055,-0.000560
75,0.00045529,-0.00125690,-0.00062421,-0.00089737,0.00047500,0.00031328,0.001060
14,0.00007811,0.00023520,0.00034176,0.00024765,-0.00018885,-0.00093704,-0.000244
26,0.00005210,-0.00000942,0.00021937,-0.00002216,0.00019404,0.00002163,-0.000126
47,0.00016559,-0.00240857,0.00638238,-0.00726555,-0.00002539,-0.00087642,-0.0001
1725,0.00024553,-0.00012773,-0.00036227,-0.00011392,-0.00010190,-0.00022280,0.00
940323,-0.00214049,0.00203827,0.00124969,-0.00277367,0.00096853,-0.00169561,-0.0
0107411,0.00021182,-0.00659336,0.00452599,-0.00266604,-0.09386669,0.02948288,-0.
05770477,0.09181580,-0.03190550,0.06154434,0.00203038,-0.00146052,0.00031946,-0.
01062655,-0.00993560,-0.01227390,-0.04671936,0.03960306,0.00993415,-0.00051686,-
0.00082642,-0.00016995,0.00018946,0.00002976,-0.00010457,0.00012377,0.00012669,-
0.00015178,-0.00004962,0.00003247,-0.00002402,-0.11801290,-0.11406159,0.00046691
,0.00006156,0.00073117,-0.00483632,-0.00074726,-0.00096045,0.00059970,-0.0577406
7,-0.06170160,-0.00011628,-0.00087775,-0.00000873,0.00010087,0.00077762,-0.00008
796,0.00001560,0.00032938,-0.00008029,0.00004203,-0.00021353,-0.00068085,0.00126
969,0.00038626,0.00005682,0.00008659,0.00016793,0.00002076,0.00008790,-0.0071295
5,-0.00098415,0.00171961,-0.00301004,0.00228553,-0.00309262,-0.18617918,-0.02332
299,-0.05352701,0.00289774,0.00228403,0.00229312,0.00096004,-0.00025197,-0.00081
590,0.00028310,0.00007392,-0.00068187,0.00044650,0.00020248,0.00031090,-0.000211
89,0.00069324,0.00000603,-0.00020527,0.00060037,-0.00092604,-0.00034015,-0.00018
229,-0.00034079,0.46076107,0.00563045,0.00112840,0.00123616,-0.01900390,-0.00332
366,-0.00308604,0.02838311,-0.07703488,-0.02027104,-0.00016125,-0.00110824,0.000
06393,-0.00002266,-0.00008841,0.00006311,-0.00015609,0.00020867,-0.00010658,0.00
010161,0.00015888,0.00008343,-0.10368848,-0.37879493,0.02208872,-0.00110416,0.00
145931,-0.00744554,-0.00172058,0.00073610,0.00044102,-0.04143511,-0.01727247,-0.
00320995,0.00182626,-0.00002292,-0.00204711,-0.00017041,0.00024135,-0.00013687,-
0.00068393,0.00002393,0.00015381,0.00028495,-0.00075437,0.00108967,0.00026330,0.
00001049,0.00005129,-0.00006976,0.00001957,0.00014030,-0.00599681,-0.00606517,-0
.00033649,-0.00229501,-0.00065622,0.00249745,-0.02966287,-0.08111447,-0.02072094
,0.00347722,-0.00145145,-0.00048269,-0.00023206,0.00067705,-0.00051364,-0.000131
14,0.00034399,-0.00036542,0.00069294,-0.00003406,-0.00034512,-0.00140034,0.00020
138,0.00078045,0.00006713,0.00026270,-0.00019890,-0.00034422,-0.00030961,-0.0004
1694,0.17204469,0.62211322,0.00144027,0.00033367,-0.00272751,-0.02392196,-0.0168
2440,-0.01748119,-0.00209892,-0.01194474,-0.03107652,0.00040947,-0.00052785,0.00
003233,-0.00001509,-0.00005942,0.00002611,-0.00000607,-0.00004387,0.00011758,-0.
00005504,-0.00000091,0.00010572,-0.01214468,0.00988937,-0.03843260,0.00106722,0.
00118404,-0.00687123,-0.00013633,0.00049681,-0.00024740,0.00297372,-0.00863897,0
.01070091,0.00105078,-0.00090109,-0.00045001,0.00018243,0.00021901,0.00000271,-0
.00022574,-0.00022247,0.00027824,0.00018052,0.00064215,-0.00056079,0.00001958,0.
00001160,0.00000671,-0.00007441,-0.00000608,-0.00001657,0.00071205,0.00190340,0.
00140253,-0.00182681,0.00286053,0.00570449,-0.04715460,-0.01344667,-0.05852279,-
0.00345791,-0.00079781,0.00035464,-0.00015914,0.00045015,0.00044360,0.00000080,0
.00005701,0.00017223,-0.00014232,-0.00019697,0.00002682,-0.00030422,-0.00023498,
-0.00049710,0.00104703,0.00010352,-0.00042113,0.00011497,-0.00009522,0.00049836,
0.07276280,0.01863254,0.11489868,-0.00037278,-0.00021493,-0.00014327,-0.00454770
,0.00589615,0.00110194,-0.00338997,-0.00112848,-0.00125208,0.00017685,-0.0001061
9,0.00002268,0.00001459,0.00000170,-0.00001727,0.00001681,-0.00000574,-0.0000072
2,0.00001786,-0.00001870,-0.00005086,-0.00040397,0.00252855,0.00014403,0.0007758
8,-0.00133368,-0.00033200,0.00013356,-0.00009815,-0.00000977,0.00115738,-0.00070
590,-0.00015454,-0.00005997,0.00003939,0.00002009,0.00005837,-0.00000664,0.00002
782,0.00008269,0.00005059,-0.00001427,-0.00002206,0.00008887,0.00002568,-0.00000
519,0.00000233,0.00001509,0.00000242,-0.00001219,0.00000966,0.00068492,0.0003810
8,-0.00001403,0.00018449,0.00013547,0.00008638,-0.13184225,0.10915160,0.00897972
,-0.00006196,0.00040695,0.00195877,0.00006955,-0.00009145,0.00009709,0.00004567,
-0.00002572,0.00003020,-0.00002247,0.00001099,0.00004887,0.00005411,-0.00000780,
-0.00002680,-0.00007971,0.00008738,0.00013451,-0.00006428,0.00008628,-0.00002657
,-0.03297301,0.01883761,-0.00212321,0.16564567,-0.00012713,0.00006925,0.00014025
,0.00785047,-0.00739881,0.00119090,0.00051540,-0.00036123,-0.00040540,-0.0000829
7,0.00005329,-0.00001483,-0.00000835,-0.00000507,0.00001010,-0.00001734,0.000000
23,0.00000899,-0.00002300,0.00001076,0.00004872,0.00031259,0.00072907,0.00035398
,-0.00161429,0.00124781,0.00079470,-0.00010247,-0.00000506,-0.00003391,0.0001015
3,-0.00005616,-0.00008403,0.00002378,-0.00001571,-0.00000965,0.00000567,-0.00001
647,-0.00003159,-0.00005631,0.00002463,0.00000904,0.00001476,-0.00001463,0.00000
016,-0.00000121,-0.00000551,-0.00000610,-0.00002106,0.00000475,-0.00000383,-0.00
018730,-0.00004835,-0.00005185,-0.00002220,0.00003142,-0.00014497,0.10644054,-0.
16557629,-0.01205007,0.00225957,-0.00123124,-0.00316646,0.00002226,0.00004009,-0
.00000370,-0.00006321,0.00003460,-0.00001442,-0.00001843,-0.00002275,-0.00002365
,-0.00001067,-0.00001746,-0.00000531,0.00004490,-0.00006227,-0.00001285,0.000017
70,-0.00003975,-0.00000121,0.00037318,0.00578931,0.00173174,-0.12466405,0.197122
00,-0.00006272,-0.00008121,0.00009868,0.01376386,-0.01697918,0.00274633,-0.00088
877,-0.00125923,-0.00072513,0.00002799,0.00001115,0.00000008,-0.00000366,0.00000
035,-0.00000042,-0.00000989,0.00000551,-0.00000345,-0.00003399,0.00003207,0.0000
2224,-0.00052144,-0.00015414,0.00046835,0.00010506,0.00154608,0.00176132,-0.0000
9389,-0.00006888,-0.00002806,0.00094593,0.00000587,-0.00015920,-0.00004878,0.000
05628,0.00001129,0.00001590,-0.00000074,-0.00000849,0.00001721,0.00004684,-0.000
02098,-0.00002378,0.00001504,-0.00001061,-0.00000494,-0.00000603,0.00000520,-0.0
0000492,-0.00000185,0.00000102,-0.00007716,0.00012444,-0.00009820,0.00003372,0.0
0012666,-0.00023468,0.00627984,-0.01169545,-0.04250152,0.00684639,-0.00499725,-0
.00791467,-0.00000073,0.00000393,0.00006452,-0.00003816,0.00002660,0.00001331,-0
.00000337,-0.00005086,0.00000097,-0.00006670,-0.00001422,-0.00001480,0.00009120,
0.00003271,-0.00000400,0.00002316,-0.00007037,-0.00000395,-0.00831637,0.00685813
,0.00132941,-0.00951414,0.00951901,0.04436131,-0.00360898,-0.00002000,-0.0004189
9,-0.00028276,0.00009621,0.00013024,-0.00278388,0.00101034,0.00080623,-0.1038460
5,-0.04053625,0.09561159,0.00008155,-0.00014199,-0.00025201,-0.00328088,-0.00241
484,0.00197879,-0.00034056,0.00055782,-0.00157616,0.00027232,0.00010205,0.000093
93,0.00016521,-0.00005068,0.00004843,0.00297196,0.00174052,0.00225281,-0.0001862
5,-0.00000636,-0.00006047,-0.00047514,-0.00021114,0.00010102,0.00007021,0.000136
02,0.00014472,0.00065443,-0.00185859,-0.00152658,-0.00017582,-0.00005764,-0.0000
4488,0.00008814,-0.00004935,0.00019420,-0.00052342,-0.00038321,-0.00062120,-0.00
021513,0.00050139,0.00027457,-0.00031110,0.00085507,0.00054899,0.00014967,-0.000
12433,-0.00003863,0.00023861,0.00002459,0.00001150,0.00113564,0.00004525,0.00064
468,0.00133890,-0.00400738,0.00117128,-0.00015977,0.00028629,-0.00060500,0.00013
685,-0.00001725,0.00027519,-0.00028537,0.00060996,-0.00026417,-0.00014050,0.0001
2974,0.00004741,-0.00004155,0.00008617,-0.00008122,0.00004369,-0.00001160,0.0000
0509,0.13384943,-0.00042487,0.00255891,-0.00019704,-0.00022704,0.00018064,-0.000
05013,0.00015080,-0.00050071,-0.00042620,-0.04350902,-0.06007424,0.07130548,0.00
044438,0.00030900,-0.00031490,-0.00341977,-0.00108455,0.00122840,0.00072799,-0.0
0038672,0.00099735,0.00037658,0.00034571,0.00000054,0.00000839,-0.00002503,0.000
05798,0.00888342,-0.00460600,-0.02141407,-0.00128072,0.00076973,0.00023816,-0.00
044806,-0.00148054,0.00123677,0.00095070,-0.00056315,0.00085073,0.00167996,0.000
46976,-0.00032378,-0.00040518,-0.00006074,0.00070963,0.00029334,0.00015597,0.000
62562,0.00001030,-0.00029241,-0.00007854,0.00089385,0.00056753,-0.00042853,-0.00
176225,0.00025272,-0.00089682,-0.00009794,-0.00002990,-0.00003485,-0.00009541,-0
.00022190,-0.00001740,0.00138170,-0.00424657,0.00221615,-0.00172753,-0.00476412,
0.00112254,0.00071348,0.00009797,-0.00152560,0.00035621,0.00059849,0.00039511,-0
.00024374,-0.00013572,-0.00132069,-0.00030730,0.00016829,-0.00035238,-0.00040787
,-0.00030927,0.00019720,-0.00000097,0.00000571,0.00002567,0.05457115,0.08464873,
-0.00066793,0.00384208,-0.00352846,-0.00012508,0.00004640,0.00002188,0.00148664,
-0.00110206,0.00055871,0.10210053,0.06902502,-0.19247176,-0.00005388,-0.00013515
,-0.00008275,0.00177563,0.00142147,0.00061445,-0.00116610,0.00119800,-0.00140115
,-0.00017443,-0.00007067,-0.00008386,0.00000421,-0.00000449,0.00000007,0.0135138
9,-0.00486334,-0.02634758,0.00023624,0.00003440,-0.00000583,0.00048399,-0.001516
95,0.00039530,0.00048363,-0.00070633,-0.00004236,0.00028893,-0.00004893,-0.00058
506,-0.00028362,-0.00011309,0.00018238,0.00017287,0.00003417,0.00007400,-0.00111
493,-0.00020633,-0.00033073,-0.00004574,-0.00028649,0.00009040,-0.00180799,-0.00
057262,-0.00261427,-0.00007947,0.00007666,-0.00000123,0.00012830,-0.00002781,-0.
00012022,-0.00044369,0.00400099,-0.00103306,0.00161788,0.00350519,-0.00035661,0.
00027563,-0.00033226,0.00033917,-0.00012740,-0.00008706,-0.00017831,-0.00039591,
0.00011030,-0.00000407,0.00000207,0.00003488,0.00009207,0.00002650,0.00015962,0.
00002033,-0.00002147,0.00001224,-0.00001414,-0.11487409,-0.07598921,0.23041784,-
0.00011165,-0.00169304,-0.00107281,0.00014759,-0.00008135,0.00017454,-0.00188471
,-0.00035583,-0.00119391,-0.05944364,0.05743784,-0.01762585,0.00003820,-0.000007
02,0.00001001,0.00014990,-0.00010140,0.00003834,-0.00013741,-0.00002689,-0.00014
175,-0.00034440,-0.00023896,-0.00000925,-0.00006104,0.00004017,-0.00006504,0.002
53508,-0.00015477,0.00084893,0.00021724,0.00001368,0.00002984,-0.00007892,0.0000
0113,0.00013851,0.00002030,0.00010764,0.00019666,0.00007836,0.00011594,-0.000667
78,-0.00003524,-0.00000239,-0.00008703,-0.00001406,0.00001129,0.00003911,-0.0000
9716,-0.00012447,0.00003829,-0.00017084,0.00007984,-0.00000158,-0.00033103,-0.00
010671,0.00027029,0.00015657,-0.00002750,0.00001865,0.00009775,0.00010977,0.0001
3686,-0.00027360,-0.00019347,0.00023585,0.00014802,-0.00029665,0.00033023,0.0000
9293,0.00004146,-0.00008072,-0.00025787,-0.00021895,0.00023021,-0.00002869,0.000
18804,-0.00005415,-0.00000708,-0.00001665,0.00006145,0.00015177,0.00083261,0.000
22999,-0.00001760,0.00001095,0.00000362,0.00588979,-0.01119307,0.00502797,0.0823
2983,0.00018071,-0.00201362,-0.00188306,-0.00053645,0.00020337,-0.00017239,0.000
51804,-0.00050355,0.00067336,0.05511152,-0.20371720,0.05910386,0.00013079,0.0000
9146,-0.00004835,-0.00004247,-0.00023803,0.00012494,-0.00004305,-0.00016798,-0.0
0013706,-0.00018712,0.00030605,-0.00000815,0.00019532,-0.00005114,0.00015620,0.0
0565633,-0.02332532,0.00035227,0.00006822,-0.00003777,-0.00002565,-0.00004100,-0
.00044881,-0.00026572,0.00006518,-0.00035350,0.00002005,0.00029458,0.00035524,-0
.00021375,-0.00018793,0.00011643,0.00002589,0.00011239,0.00014082,0.00010643,-0.
00037994,-0.00041352,0.00028885,-0.00018999,0.00021978,0.00015273,-0.00002389,-0
.00152929,0.00038111,-0.00017237,0.00002840,-0.00001781,0.00029224,-0.00011249,-
0.00012046,-0.00020011,0.00001549,-0.00017943,0.00057835,-0.00024467,0.00013167,
0.00044285,-0.00005733,-0.00022580,-0.00034683,0.00008256,0.00059189,-0.00022299
,0.00024196,-0.00048539,-0.00009924,0.00014151,-0.00008876,0.00014107,-0.0001063
6,0.00000483,0.00003147,0.00000418,-0.00000572,0.00309465,-0.01124695,0.00678733
,-0.07275789,0.24046670,0.00035298,-0.00149276,-0.00044058,0.00001900,0.00001071
,0.00009665,-0.00025524,-0.00038729,-0.00009032,-0.01870750,0.05725263,-0.064754
66,0.00000862,-0.00000076,-0.00001450,-0.00010376,0.00019256,-0.00000596,0.00004
240,0.00008845,0.00015852,-0.00030991,-0.00015754,-0.00005095,-0.00003692,0.0000
1288,-0.00003741,0.00607628,-0.01729272,0.00661089,0.00019643,0.00002680,0.00003
383,0.00025035,-0.00034041,-0.00019549,-0.00007261,-0.00005941,-0.00011164,0.000
04674,-0.00017918,0.00000239,-0.00013756,-0.00013823,0.00003656,0.00005999,-0.00
004937,-0.00000384,-0.00002259,0.00006389,0.00016605,-0.00030662,-0.00011211,-0.
00008879,0.00025579,-0.00199751,-0.00089543,0.00004525,0.00002421,0.00001368,0.0
0010316,-0.00000312,0.00004516,0.00001671,0.00088849,-0.00010718,0.00004706,0.00
082112,-0.00014614,-0.00000816,-0.00021401,-0.00003802,-0.00020674,-0.00010533,0
.00000848,0.00009355,-0.00008079,-0.00007722,0.00002486,-0.00002915,0.00002390,0
.00008040,0.00022588,0.00000830,-0.00002011,0.00000586,-0.00000622,-0.00639553,0
.02243137,-0.00890629,0.02696519,-0.06736108,0.07097811,-0.00306054,-0.00155424,
-0.00260619,0.00045271,-0.00030559,-0.00037167,-0.00006196,-0.00106239,0.0001231
2,-0.00012798,0.00023792,0.00003656,-0.00053920,-0.00006409,0.00045087,0.0003308
7,0.00117967,0.00006259,0.00043479,-0.00081258,0.00001063,-0.00459490,-0.0017113
0,0.00008899,-0.00004396,0.00011034,0.00018857,-0.00058381,-0.00005741,0.0004088
0,-0.00246555,0.00053153,0.00203669,0.00047275,0.00003791,-0.00047204,0.00008716
,0.00044930,-0.00016168,-0.00013275,0.00049667,0.00008972,0.00014815,-0.00035581
,0.00067342,-0.00032195,0.00018031,-0.00065057,0.00006194,0.00013897,0.00009463,
0.00097492,-0.00098601,-0.00016819,0.00034567,-0.00010201,-0.00066546,0.00003680
,0.00020921,0.00032265,-0.00035893,0.00015162,0.00003346,-0.00240719,-0.00192135
,-0.00150986,-0.00291060,0.00430104,-0.00086051,-0.00212993,0.01886536,0.0105623
3,-0.04344272,0.05285188,0.02630079,0.00369517,-0.01631964,-0.00685282,-0.000000
21,-0.00046697,-0.00020556,0.00110542,0.00139994,-0.00019953,-0.00003588,0.00001
479,-0.00001677,-0.00020633,0.00014556,-0.00011434,-0.00005654,-0.00004477,-0.00
001267,0.05491144,0.00095251,-0.00379804,-0.00403327,-0.00006329,-0.00000376,-0.
00013324,0.00049423,0.00011152,0.00006404,0.00010808,0.00084763,0.00010611,-0.00
002229,-0.00026803,0.00069746,-0.00049064,-0.00010712,-0.00000967,0.00045082,-0.
00017145,0.00022459,-0.00094948,0.00007466,0.00014441,0.00005820,-0.00000435,0.0
0014685,-0.00002308,0.00030816,0.00025939,0.00011741,-0.00086297,-0.00039799,0.0
0016424,-0.00015159,-0.00050811,-0.00037960,-0.00037390,-0.00049308,-0.00040655,
0.00047725,-0.00047955,-0.00016612,-0.00002858,0.00025353,0.00026042,-0.00011474
,0.00016661,-0.00030538,0.00031637,-0.00028752,-0.00056890,-0.00079994,0.0002252
0,0.00076718,0.00052429,-0.00109839,0.00002338,0.00009939,0.00012370,0.00014817,
0.00001767,0.00009406,-0.00072643,-0.00048056,-0.00122522,0.00160697,-0.00075117
,-0.00048284,0.00222181,-0.01075876,-0.00381945,0.05211355,-0.25079603,-0.139897
08,-0.00014724,-0.01005645,-0.00421612,-0.00037988,-0.00010241,0.00030433,0.0006
1940,0.00026214,-0.00018049,0.00002873,-0.00000476,-0.00000625,0.00012727,0.0007
7203,-0.00010002,-0.00000783,0.00017133,0.00000371,-0.05630057,0.27516109,0.0001
5532,0.00430857,0.00096508,-0.00008120,-0.00000457,0.00008226,-0.00054907,-0.000
45519,0.00010262,0.00006414,-0.00073091,-0.00028361,0.00045193,0.00077182,-0.000
39823,-0.00010830,-0.00027255,0.00023730,0.00002316,-0.00096396,0.00042466,0.001
43083,0.00019045,0.00043571,-0.00003254,0.00003264,-0.00006586,-0.00002158,-0.00
048899,-0.00071697,0.00154540,0.00072276,-0.00187944,-0.00039447,0.00012981,0.00
043461,0.00032716,0.00043849,0.00040076,0.00055665,-0.00037141,0.00056439,0.0004
4246,0.00053450,-0.00062126,-0.00054011,0.00043457,-0.00021862,0.00027749,-0.000
24299,0.00008171,-0.00065352,-0.00040462,0.00031372,-0.00088084,-0.00025029,0.00
095542,-0.00005026,0.00000183,-0.00000548,0.00000305,-0.00003676,-0.00003784,-0.
00167119,-0.00484547,-0.00064213,-0.00150344,-0.00279438,0.00035894,-0.00003572,
0.00358029,-0.00024290,0.02433642,-0.14196880,-0.10975293,0.00426213,-0.01126186
,-0.00754199,0.00000808,0.00044842,-0.00071740,-0.00040926,-0.00030282,0.0000304
0,-0.00001333,0.00000367,0.00000403,-0.00015692,-0.00044479,-0.00006550,-0.00001
220,-0.00008344,-0.00002101,-0.02652772,0.15447194,0.11784304,0.00232408,0.00376
880,0.00055151,-0.00124015,0.00104691,0.00081891,-0.02643231,0.00657721,-0.00038
507,-0.18644027,0.01252325,-0.02698374,0.00012422,0.00017454,-0.00008717,0.00022
272,-0.00017121,-0.00011343,-0.00007912,-0.00001284,0.00023715,-0.00463749,0.000
28117,-0.00015954,0.00030757,-0.00018125,-0.00020405,-0.01255514,-0.00903464,-0.
01034058,0.00156421,-0.00032436,0.00020670,-0.00008839,-0.00020191,0.00032223,-0
.00083830,-0.00035897,0.00032671,0.00045340,-0.00130423,-0.00142898,-0.00014290,
0.00007681,-0.00015743,0.00016537,-0.00012828,0.00015574,0.00042587,0.00002190,0
.00011075,-0.00077516,0.00111943,0.00045090,0.00106314,-0.00155383,0.00101032,0.
00051917,-0.00015800,-0.00025826,0.00036585,-0.00040775,-0.00072432,-0.00031759,
-0.00032900,-0.00055099,-0.00026990,-0.00056660,-0.00018183,0.00034070,0.0002539
8,-0.00009453,0.00000463,0.00038532,-0.00030805,-0.00018744,0.00016144,-0.000167
17,0.00009136,0.00000892,0.00002830,0.01066267,0.00413537,0.00027294,0.00003783,
0.00008380,-0.00011519,-0.02324762,-0.00265224,-0.00162749,-0.03004293,0.0102594
4,-0.01052820,-0.00007988,-0.00000795,-0.00006410,0.45207132,-0.00003152,0.00496
443,0.00055909,0.00087565,-0.00146842,-0.00265891,0.01752815,-0.03508547,-0.0049
3025,-0.01592028,-0.05876818,-0.00213857,0.00023058,0.00024008,-0.00019224,0.000
02417,-0.00006595,-0.00025199,-0.00021950,-0.00034197,0.00043952,0.00713608,0.00
054220,0.00040383,-0.00018862,0.00028766,0.00078740,-0.02341449,-0.00583300,-0.0
1050724,-0.00395804,0.00085664,-0.00040701,-0.00011739,0.00072558,0.00076117,-0.
00026374,-0.00074334,0.00021287,-0.00016023,-0.00288252,-0.00168354,0.00016316,0
.00004129,0.00068922,0.00027406,-0.00008253,0.00019495,0.00004272,-0.00022405,0.
00019340,0.00028930,-0.00333894,-0.00048793,-0.00081589,0.00172883,-0.00361130,0
.00062942,-0.00168530,0.00010800,0.00021607,0.00199834,0.00265595,-0.00004255,-0
.00128556,-0.00042826,0.00028803,-0.00015660,-0.00062872,0.00012998,-0.00002863,
0.00050397,0.00042602,0.00072453,-0.00019496,-0.00010278,0.00059428,0.00017621,-
0.00006571,0.00004047,-0.00037124,-0.00998224,0.00738904,0.00111745,0.00076490,0
.00005706,0.00074691,-0.01216227,-0.00173778,-0.00125018,0.02668995,-0.00134827,
0.00910979,0.00036264,0.00035432,-0.00020953,0.06890693,0.33417582,0.00022433,0.
00151404,-0.00147785,-0.00004556,-0.00040276,-0.00122937,-0.00210289,-0.00029063
,-0.02120061,-0.02944840,0.00488939,-0.08030292,0.00002600,0.00001470,-0.0000387
0,-0.00012116,0.00006032,-0.00005004,-0.00016875,-0.00011621,-0.00072814,0.00191
807,-0.00007070,0.00043701,-0.00007438,-0.00000387,0.00038059,-0.02763755,-0.009
03296,-0.01113817,-0.00086490,0.00010522,0.00041082,-0.00031889,-0.00006935,-0.0
0028879,-0.00093587,-0.00142019,0.00033966,-0.00016236,-0.00272913,-0.00267818,0
.00012862,0.00003750,0.00008760,0.00017659,-0.00036250,0.00008961,-0.00007173,-0
.00008610,0.00001397,0.00029876,-0.00044116,-0.00000706,-0.00007217,-0.00159446,
-0.00064980,0.00048475,-0.00069651,0.00032417,0.00028345,0.00170925,0.00213596,0
.00047244,0.00027954,0.00014415,0.00026252,0.00034642,-0.00042846,-0.00009977,-0
.00031803,0.00005145,-0.00025569,-0.00000923,0.00000726,0.00013027,-0.00007216,0
.00021875,-0.00015951,0.00006567,-0.00006202,-0.00201577,0.00018642,0.00709685,0
.00009838,0.00013432,0.00026273,0.02202275,0.00058269,0.00422296,-0.01322563,0.0
0289823,-0.00308892,0.00002032,0.00007462,-0.00002090,0.01322235,-0.00244359,0.5
0191830,0.00085471,0.00125438,0.00097880,0.00045795,-0.00007052,0.00010430,0.000
29534,0.00054028,0.00159519,-0.00758357,-0.01175153,-0.02656585,0.00002390,-0.00
000527,-0.00003160,-0.00007520,-0.00008172,-0.00008376,0.00005376,-0.00074863,-0
.00002897,-0.00038416,-0.00006363,-0.00000902,-0.00025632,0.00006851,-0.00018146
,-0.00459842,-0.00054672,-0.00222793,0.00024346,-0.00004919,-0.00001204,0.000106
89,0.00001231,0.00007046,-0.00032229,-0.00029574,0.00010434,0.00012696,-0.000884
16,-0.00085810,-0.00002562,0.00003905,-0.00002478,0.00003045,-0.00009072,0.00001
771,0.00001059,-0.00005435,0.00001298,-0.00048044,-0.00008532,0.00011659,-0.0002
7295,0.00011885,0.00018650,-0.00015193,0.00012162,0.00011332,-0.00116272,0.00173
042,0.00014305,-0.00024576,-0.00016465,0.00038338,0.00003112,-0.00035608,-0.0001
8760,-0.00004281,0.00009445,-0.00010337,0.00003511,-0.00001592,-0.00007032,-0.00
023746,-0.00003239,-0.00027073,-0.00004762,0.00001583,-0.00002450,0.00001911,0.0
0012767,-0.00045026,-0.00000565,-0.00000183,0.00000093,0.00049484,-0.00085843,-0
.00203354,-0.00060676,-0.00022478,-0.00042219,-0.00005209,0.00001215,0.00001603,
-0.07207976,-0.00583711,-0.00607815,0.52496719,0.00118635,0.00140196,0.00044297,
0.00004485,-0.00017736,0.00000986,-0.00115665,-0.00122892,-0.00525213,-0.0021654
8,-0.00445323,-0.00424213,0.00003720,0.00001623,0.00000207,0.00008014,-0.0000123
3,-0.00004160,-0.00162680,-0.00171620,-0.00000661,0.00028043,-0.00004703,0.00001
117,0.00001214,-0.00000756,0.00009542,-0.00273685,-0.00025110,-0.00083044,-0.000
15507,0.00013151,0.00004443,-0.00013723,0.00000665,0.00007599,-0.00007207,-0.000
05819,0.00008901,0.00007904,-0.00032328,-0.00014283,0.00001665,0.00003534,0.0000
3625,0.00003313,-0.00001774,-0.00001741,0.00008796,-0.00004374,0.00003753,-0.000
35447,-0.00033721,-0.00003938,0.00011629,-0.00036933,-0.00017319,0.00022479,-0.0
0016866,-0.00002376,0.00105944,-0.00077303,0.00028708,0.00020140,0.00036389,0.00
041758,-0.00001242,-0.00021672,-0.00022236,-0.00002431,0.00002368,-0.00003258,-0
.00003007,0.00001116,-0.00012339,-0.00008857,0.00001928,-0.00012738,-0.00001013,
-0.00010061,-0.00003705,0.00030735,-0.00023877,0.00083919,0.00000503,0.00004288,
0.00003920,-0.00032099,0.00026872,-0.00112963,0.00111161,0.00023693,0.00072260,0
.00002060,0.00002937,-0.00000543,-0.01097086,-0.07934240,-0.05621286,0.00177636,
0.49316672,0.00078999,0.00020959,-0.00024925,0.00029211,0.00018220,0.00160593,-0
.00125014,0.00146311,-0.00099744,-0.00613019,-0.00762471,-0.01296917,-0.00001808
,0.00000732,0.00004630,0.00001699,0.00000052,0.00003362,0.00095132,0.00077185,0.
00003692,-0.00016983,-0.00032930,0.00010990,0.00030380,-0.00022477,-0.00044862,-
0.00144165,0.00012686,0.00005948,-0.00002002,0.00023931,-0.00001684,-0.00003701,
-0.00007302,0.00003750,-0.00016399,-0.00018431,0.00008021,-0.00000173,-0.0002631
5,-0.00018185,-0.00000846,-0.00003393,0.00000625,0.00003350,-0.00002566,-0.00000
868,-0.00000546,-0.00003453,-0.00001405,-0.00053326,-0.00029717,0.00026820,-0.00
039298,0.00026583,-0.00015587,0.00034777,0.00000466,-0.00008985,0.00001102,-0.00
064869,-0.00135937,-0.00046299,-0.00040521,-0.00032709,0.00020074,0.00008388,-0.
00014910,0.00002944,0.00017080,-0.00007733,0.00005000,0.00009877,-0.00004258,0.0
0005227,0.00017039,-0.00025974,0.00001114,0.00004220,0.00003097,0.00051729,-0.00
031869,0.00023161,0.00001102,-0.00003580,-0.00012041,0.00146637,0.00052474,0.000
69964,0.00060828,0.00005778,0.00086688,0.00004081,-0.00003015,0.00000092,-0.0124
7318,-0.03669322,-0.17932933,-0.00246105,-0.03507409,0.45436369,0.00028881,0.000
04410,-0.00002762,0.00049896,0.00000061,-0.00000292,0.00191153,0.00224745,-0.000
90706,-0.02785413,-0.01962353,0.02103200,0.00000467,0.00003617,0.00002372,0.0000
5760,-0.00007535,-0.00001213,-0.00005501,-0.00007399,0.00004986,-0.00022177,-0.0
0015134,-0.00001362,-0.00024029,-0.00000187,-0.00012406,0.00020291,0.00020754,0.
00059816,0.00003196,-0.00005421,0.00005583,-0.00014784,-0.00003184,0.00007515,-0
.00009520,0.00001333,-0.00003681,0.00011574,-0.00036185,-0.00021787,0.00000638,-
0.00004039,-0.00003388,-0.00001838,-0.00001167,-0.00001837,0.00003823,-0.0000107
7,0.00003191,-0.00015521,0.00004462,0.00000276,-0.00004429,-0.00019576,-0.000348
83,-0.00006147,0.00021604,0.00002479,-0.00044184,-0.00009718,0.00040094,-0.00000
249,0.00007079,0.00004285,-0.00025803,-0.00032917,0.00006037,0.00003200,0.000067
02,0.00002919,-0.00009612,0.00003007,-0.00000248,0.00002726,-0.00007646,-0.00003
777,0.00000550,0.00000637,0.00003426,-0.00005493,0.00025459,0.00047116,-0.000089
23,0.00002850,-0.00008890,-0.00684831,-0.00160771,-0.00059157,0.00100599,-0.0020
7394,0.00158237,-0.00000791,-0.00003793,0.00002920,-0.09348512,-0.03438393,0.032
81318,0.00014777,0.00102799,0.00008056,0.51206032,-0.00051127,0.00027632,-0.0000
5640,0.00113956,-0.00061805,0.00026869,-0.00278889,-0.00362953,0.00225446,-0.003
51891,-0.00403204,0.00274194,0.00004704,0.00000203,0.00002098,0.00008124,-0.0000
8815,-0.00002631,-0.00012687,-0.00008190,0.00004856,-0.00044293,-0.00043397,-0.0
0001105,-0.00041477,0.00022473,-0.00033788,0.00083522,-0.00027802,0.00011731,0.0
0027303,0.00027694,0.00002361,-0.00003809,0.00006371,0.00017740,-0.00000747,-0.0
0013130,0.00008115,0.00029556,0.00024766,0.00023630,-0.00004532,-0.00010768,0.00
010189,0.00000567,0.00000049,0.00000036,0.00005022,-0.00003138,0.00002447,0.0006
2982,0.00023315,-0.00003312,-0.00168834,-0.00254940,-0.00081997,0.00028354,-0.00
014143,0.00010066,-0.00037525,0.00048349,0.00064569,0.00025154,0.00013750,-0.000
18353,0.00012324,0.00022512,-0.00025391,-0.00011285,0.00006802,0.00006658,0.0002
0800,0.00009501,-0.00011905,-0.00036027,-0.00012779,0.00031452,-0.00005457,-0.00
000053,-0.00007101,0.00087701,0.00013975,-0.00088115,-0.00006843,-0.00003138,0.0
0001388,-0.00014458,0.00009974,-0.00043729,0.00240366,0.00287000,-0.00100138,0.0
0005444,0.00005421,-0.00001179,-0.05431994,-0.11579008,0.06176312,0.00512095,0.0
0381278,-0.00582664,-0.00566547,0.45020566,0.00038075,-0.00011202,0.00012182,-0.
00063439,0.00026172,-0.00035060,0.00037535,-0.00025355,0.00114760,0.00117132,-0.
00148042,0.00327026,0.00001534,0.00001726,-0.00002699,0.00005981,0.00001100,-0.0
0001195,-0.00001164,-0.00003496,-0.00016662,0.00039454,0.00033559,0.00009976,0.0
0027148,-0.00011667,0.00019701,-0.00121340,-0.00018127,-0.00044552,-0.00016720,-
0.00019055,-0.00009317,0.00005133,-0.00008802,-0.00008870,-0.00017859,-0.0001485
9,-0.00009702,-0.00023984,-0.00007650,-0.00012428,-0.00003811,-0.00005736,0.0000
2259,-0.00002325,-0.00004932,0.00005081,-0.00004260,-0.00002515,0.00006490,-0.00
008298,-0.00018083,0.00005055,0.00065042,0.00054138,-0.00005696,-0.00011522,-0.0
0003958,-0.00007165,0.00013189,-0.00024241,-0.00017008,-0.00015060,-0.00008134,0
.00018038,-0.00006391,-0.00015587,0.00014731,0.00007356,-0.00004167,0.00001019,-
0.00007777,-0.00006693,0.00003548,0.00005931,0.00005235,-0.00018573,0.00004106,0
.00003010,-0.00002281,-0.00009525,-0.00020627,-0.00018033,0.00009179,-0.00001437
,0.00008356,-0.00112008,0.00015379,0.00027818,-0.00127637,-0.00029193,0.00034873
,0.00000554,0.00002552,-0.00001744,0.03733189,0.04738305,-0.12596015,0.01178205,
0.01490552,-0.03209689,0.02821023,0.03981104,0.49811594,0.00015206,-0.00007574,0
.00021562,0.00042595,-0.00036885,0.00003432,-0.00034813,0.00011410,0.00000576,0.
00075285,-0.00274777,-0.00267700,0.00001191,0.00000454,0.00001649,0.00000543,-0.
00006958,-0.00000278,0.00005496,0.00024871,-0.00002817,-0.00013100,-0.00022178,-
0.00001081,-0.00022259,0.00015374,-0.00014895,-0.00007606,-0.00014290,-0.0002874
3,0.00010754,0.00004952,0.00001857,0.00006967,0.00002708,-0.00000511,-0.00012709
,0.00005821,0.00002023,0.00002966,-0.00002979,0.00001465,0.00003108,-0.00001142,
-0.00005736,-0.00002418,0.00002055,-0.00002678,0.00003795,-0.00002537,-0.0000095
5,-0.00025568,-0.00004333,0.00004894,-0.00011296,0.00002841,0.00014043,-0.000015
35,0.00001401,0.00007015,-0.00010548,0.00047754,0.00013868,0.00001680,-0.0000427
7,0.00011123,0.00004396,-0.00012654,-0.00004178,-0.00006146,0.00008959,-0.000026
76,-0.00001601,-0.00001416,-0.00002968,-0.00003172,0.00005613,-0.00010129,-0.000
03814,-0.00001600,0.00001932,0.00011627,0.00004933,-0.00005880,-0.00001913,0.000
02643,0.00001994,-0.00004114,-0.00084923,-0.00107825,0.00073351,0.00014488,0.000
13285,-0.00002930,-0.00004365,0.00004979,0.00157280,0.00188598,0.00525454,-0.209
71317,0.07915491,0.06086100,0.00000489,0.00106852,0.00021531,0.24236269,-0.00020
857,0.00103622,0.00051186,-0.00015751,0.00008919,0.00002250,-0.00012756,-0.00016
852,-0.00111887,0.00065059,0.00138839,-0.00034149,0.00003813,0.00006813,0.000002
20,-0.00023270,-0.00001417,-0.00006649,0.00029294,-0.00110399,0.00029942,0.00029
926,0.00025871,0.00005136,0.00017613,-0.00009954,0.00006292,0.00005521,-0.000086
56,0.00013298,-0.00030253,0.00001563,-0.00000525,0.00002369,0.00017009,0.0000179
0,0.00002701,0.00009682,0.00009149,0.00003026,-0.00004569,0.00006414,0.00001305,
0.00004483,0.00005964,-0.00000553,0.00003912,0.00004411,-0.00003003,-0.00004587,
-0.00001143,0.00040155,0.00010509,-0.00010394,0.00003605,-0.00005986,0.00007826,
-0.00000561,-0.00003739,-0.00005898,-0.00001986,-0.00023004,-0.00013028,0.000025
46,-0.00012632,-0.00012524,-0.00014724,-0.00009175,-0.00008342,0.00003669,-0.000
02992,-0.00003330,0.00007303,0.00018831,0.00007390,0.00008301,-0.00007513,0.0000
8986,-0.00001010,0.00007282,-0.00005330,0.00005261,-0.00031076,0.00022796,0.0000
3194,-0.00000954,-0.00001386,-0.00107266,-0.00082964,-0.00093023,-0.00024826,0.0
0012781,-0.00032169,0.00003510,0.00007642,0.00002560,0.00709380,-0.00821352,-0.0
1329004,0.08035635,-0.07981064,-0.02573706,0.00045330,-0.00086783,-0.00004510,-0
.09263204,0.09107759,-0.00015243,0.00075345,0.00020533,0.00006581,-0.00012578,-0
.00026813,-0.00022691,0.00002875,-0.00161166,0.00194374,-0.00023458,0.00097166,0
.00002402,0.00002482,-0.00001498,-0.00008072,-0.00005248,0.00002261,-0.00009935,
0.00015579,0.00028882,0.00018170,0.00014109,-0.00003325,-0.00015860,0.00009323,0
.00003606,0.00029142,0.00008597,0.00014522,-0.00010397,0.00000510,0.00002841,-0.
00000308,0.00011905,0.00002140,0.00009546,0.00009164,0.00004206,0.00001628,-0.00
001679,0.00010612,0.00000981,0.00005576,0.00003758,0.00000485,0.00004846,0.00001
741,-0.00003252,-0.00003821,-0.00000423,0.00018623,0.00003011,-0.00007103,0.0000
3012,-0.00018567,0.00012007,-0.00010237,-0.00001905,0.00006344,-0.00007710,0.000
44669,0.00027620,0.00014533,-0.00011141,-0.00013069,-0.00005529,-0.00008490,-0.0
0012199,0.00001380,0.00000625,0.00004636,0.00002528,0.00006642,0.00001526,-0.000
05627,-0.00007636,0.00005058,-0.00001639,-0.00000129,-0.00003144,-0.00007628,-0.
00029811,0.00037783,0.00002131,0.00001733,0.00004488,-0.00074969,-0.00101406,-0.
00023641,0.00011097,0.00044859,-0.00052132,0.00000625,0.00002633,0.00000547,0.02
310065,-0.01745776,-0.02258671,0.05871590,-0.02745481,-0.06315812,0.00021947,-0.
00251471,-0.00238970,-0.07176883,0.03908690,0.08177769,-0.00010761,0.00067148,0.
00047002,-0.00159463,0.00123512,0.00007781,0.00186453,-0.00063913,0.00090399,-0.
00032002,-0.00059723,-0.00079202,0.00004118,0.00008002,0.00002709,-0.00008347,0.
00003533,-0.00003591,-0.00179290,-0.00257318,0.00067061,0.00033801,0.00014880,0.
00004519,0.00034692,-0.00035577,0.00013671,-0.00015421,-0.00023039,-0.00012845,-
0.00041663,0.00001991,0.00000844,0.00005894,0.00011304,-0.00004495,-0.00005896,0
.00005678,0.00008992,-0.00003762,-0.00005472,0.00004446,0.00001840,0.00000196,0.
00004520,-0.00001543,0.00001461,0.00003841,0.00001383,-0.00002382,0.00001914,0.0
0049834,0.00008460,-0.00021348,-0.00011884,-0.00002460,-0.00015626,0.00027844,-0
.00007476,-0.00037014,-0.00013737,-0.00042498,-0.00032989,-0.00038125,-0.0008870
7,-0.00026075,-0.00025887,0.00015433,-0.00007525,0.00003378,0.00000908,0.0000106
7,0.00004307,0.00010139,0.00006783,0.00014147,-0.00017502,0.00014796,0.00007395,
0.00000012,-0.00001246,-0.00009327,-0.00002259,-0.00007736,-0.00003966,-0.000037
60,-0.00007850,-0.00034152,0.00012486,-0.00025453,0.00015590,-0.00006590,0.00033
269,0.00006079,0.00004984,0.00002502,0.00110691,0.00170772,-0.00367260,-0.062545
38,0.05213218,-0.04213868,-0.00004296,0.00040747,0.00052435,-0.01036560,0.024639
51,-0.01469092,0.06852819,0.00092294,0.00052597,0.00089783,0.00166550,-0.0004757
7,0.00043158,-0.00081532,0.00107586,-0.00178524,-0.00016553,-0.00002904,-0.00092
636,0.00003469,0.00002060,0.00007189,0.00008440,-0.00003625,-0.00004336,-0.00221
444,-0.00068658,0.00058118,-0.00009907,-0.00005684,-0.00011177,-0.00036599,0.000
00556,-0.00032608,-0.00012889,-0.00015277,0.00004244,-0.00004036,0.00003144,0.00
009776,0.00016902,0.00016264,0.00002940,0.00002664,0.00001507,-0.00005773,0.0001
9348,0.00017842,0.00003214,0.00006002,-0.00001341,0.00005655,-0.00002187,-0.0000
1951,-0.00002519,0.00008654,0.00001292,0.00008066,0.00016439,0.00014517,-0.00026
537,-0.00021554,-0.00017782,0.00018616,-0.00021310,0.00027744,0.00023999,0.00011
561,-0.00158358,-0.00047154,-0.00083425,-0.00120306,0.00011741,-0.00016604,-0.00
005528,-0.00015887,0.00002186,0.00010441,-0.00001955,0.00012467,-0.00001572,-0.0
0010993,-0.00017464,-0.00023272,-0.00007758,0.00001222,-0.00019747,-0.00002589,0
.00004144,-0.00018845,0.00033794,0.00001564,-0.00000711,0.00000132,0.00009983,0.
00014237,0.00008332,-0.00047275,0.00004839,-0.00018309,0.00004285,0.00004357,0.0
0001084,-0.00262052,0.00841288,-0.00664291,0.05117722,-0.17473623,0.10842999,-0.
00041121,0.00027114,-0.00080434,0.00570862,-0.01158734,0.00711045,-0.05550729,0.
20127520,0.00100703,0.00065829,0.00052302,0.00140650,-0.00095892,0.00020329,0.00
005210,-0.00081180,-0.00235948,-0.00037899,0.00063425,-0.00241340,0.00005214,0.0
0004025,0.00001878,0.00001193,-0.00003644,-0.00003277,-0.00014247,0.00001143,0.0
0124634,-0.00023058,-0.00012336,-0.00010351,-0.00073085,0.00036876,-0.00046178,-
0.00041905,-0.00017667,0.00003778,0.00021772,0.00014155,0.00002751,0.00003609,0.
00004542,0.00012493,0.00012873,0.00008352,0.00010733,0.00015232,-0.00004340,-0.0
0004760,-0.00003377,0.00004236,0.00005801,0.00005353,0.00002011,0.00003263,0.000
06958,-0.00001155,0.00001774,-0.00050454,-0.00026105,-0.00010215,-0.00037447,-0.
00021670,0.00030381,-0.00014393,0.00001249,0.00015213,-0.00054658,0.00077965,0.0
0037219,0.00023944,0.00040097,-0.00039690,-0.00009798,-0.00003257,-0.00015691,0.
00009798,0.00007672,0.00002408,-0.00001291,0.00008487,0.00001410,-0.00001812,-0.
00020272,-0.00016069,-0.00000649,-0.00007810,0.00002660,0.00008826,-0.00020749,-
0.00012562,-0.00007656,0.00008584,0.00007111,0.00019254,0.00003537,0.00015851,-0
.00037140,-0.00000607,0.00003570,0.00003430,0.00006376,-0.00001544,-0.00721504,0
.01447536,-0.02876922,-0.04003367,0.10566177,-0.12148206,-0.00183027,-0.00038970
,-0.00488811,0.00192486,-0.00506066,0.00605228,0.04642740,-0.12057146,0.15291732
,0.00025499,0.00014658,0.00006529,-0.00003240,0.00001414,-0.00002979,0.00018928,
-0.00062089,-0.00028153,-0.00006294,-0.00175080,-0.00185788,0.00001893,0.0000119
1,-0.00000291,0.00008475,-0.00000582,-0.00000184,-0.00030836,-0.00015681,-0.0000
9398,-0.00008343,0.00008630,-0.00001420,-0.00003556,0.00000429,0.00001555,-0.000
49754,-0.00005063,-0.00030503,0.00009641,-0.00002305,-0.00001870,0.00000937,-0.0
0004870,0.00005272,-0.00000612,-0.00002272,0.00005289,0.00007562,0.00001434,-0.0
0005842,-0.00001755,0.00001625,-0.00000009,0.00001235,-0.00000409,0.00001392,0.0
0004457,-0.00001166,0.00002616,-0.00026661,-0.00008411,0.00005682,-0.00008740,0.
00000319,0.00003069,-0.00003207,-0.00000165,0.00001455,0.00008911,0.00007740,0.0
0005191,0.00010374,0.00005820,-0.00004459,0.00007199,0.00002718,-0.00003718,0.00
006788,0.00008337,0.00001561,0.00000574,0.00001492,-0.00000680,-0.00003478,0.000
08020,-0.00008313,-0.00001173,-0.00000202,-0.00001661,-0.00008731,0.00009984,0.0
0001491,-0.00000327,0.00000399,0.00000776,0.00036130,0.00018523,-0.00021857,0.00
005843,-0.00009480,0.00006414,-0.00000207,0.00001288,-0.00000210,-0.00564064,-0.
00493638,-0.00425079,-0.16741734,-0.11740022,-0.00016772,0.00077787,0.00002562,0
.00203435,-0.02521626,-0.01972841,0.00350468,0.00565221,0.00359991,0.00028808,0.
19145034,0.00060686,0.00025640,0.00010346,0.00010681,-0.00051871,-0.00010399,-0.
00070810,-0.00061180,-0.00094572,0.00082399,-0.00161327,-0.00084438,0.00000987,0
.00000075,-0.00000434,0.00003072,-0.00003278,-0.00001859,0.00007604,-0.00017484,
-0.00014386,-0.00016083,0.00009973,0.00001201,0.00000864,0.00016601,0.00005767,-
0.00077694,-0.00009630,-0.00009851,0.00021382,0.00000982,-0.00003585,-0.00000017
,-0.00005382,0.00008550,-0.00000458,-0.00002940,0.00004693,0.00006686,-0.0000202
2,-0.00006466,-0.00001653,0.00003477,0.00000545,0.00002607,-0.00000116,-0.000001
19,0.00003469,-0.00001694,0.00000922,-0.00057745,-0.00022648,0.00013896,-0.00000
756,0.00001923,0.00008020,-0.00009738,-0.00009223,0.00006923,0.00025450,0.000856
30,0.00013393,-0.00021443,-0.00000794,0.00008444,0.00007926,-0.00015497,-0.00009
172,0.00005041,0.00008015,-0.00001572,0.00001147,0.00004341,-0.00001377,-0.00004
463,0.00009969,-0.00024117,-0.00004509,0.00003849,-0.00002667,0.00005547,-0.0000
9582,-0.00000258,0.00001781,0.00005208,0.00003687,0.00031140,-0.00002868,-0.0000
2520,0.00027023,-0.00001231,0.00006220,-0.00000318,0.00002402,-0.00000267,-0.010
15432,-0.01011157,-0.00744760,-0.11832565,-0.15624344,0.00041488,-0.00070545,0.0
0187374,0.00190034,0.00823802,0.00892474,-0.00022925,-0.01994595,-0.02183308,0.0
0504378,0.13950137,0.17871658,0.00028948,0.00014485,-0.00005484,0.00017735,-0.00
007713,0.00008992,-0.00032976,-0.00045368,-0.00056216,-0.00038751,-0.00266030,-0
.00366654,0.00000707,0.00002543,0.00000097,-0.00004229,0.00001560,-0.00002913,-0
.00009713,-0.00009974,0.00017429,-0.00007462,0.00001438,-0.00003183,-0.00015100,
0.00002994,-0.00011359,-0.00177278,-0.00033979,-0.00068378,0.00005722,0.00001408
,0.00003520,-0.00004062,0.00000459,0.00002318,-0.00004373,-0.00007827,0.00004710
,0.00002272,-0.00020719,-0.00025603,0.00000470,0.00001835,0.00001302,0.00002594,
-0.00002330,0.00001629,0.00001796,-0.00000724,-0.00000459,-0.00013119,-0.0000685
4,-0.00005675,-0.00003208,0.00000136,0.00002488,-0.00002563,0.00000084,0.0000070
5,-0.00012675,0.00008997,0.00005532,0.00006587,0.00007683,-0.00015078,-0.0000405
1,0.00005254,0.00003816,0.00000256,-0.00002877,0.00004729,-0.00005236,-0.0000007
9,0.00004028,0.00010661,-0.00001397,0.00003872,0.00002732,-0.00002359,0.00000210
,0.00010534,0.00004127,0.00011743,-0.00000590,0.00003231,0.00000363,0.00022805,0
.00003777,-0.00009837,0.00014673,0.00004145,0.00006234,0.00001159,0.00001179,0.0
0000476,-0.02099079,-0.01948505,-0.00766612,0.00457248,0.00297792,-0.04249890,-0
.00169325,-0.00177287,-0.00020022,0.00725525,0.00632626,0.00053566,0.01297686,0.
01406719,-0.00034106,0.00027739,0.00184212,0.05682645,0.00036445,-0.00008303,-0.
00011001,0.00020476,-0.00016218,0.00014019,-0.00020925,0.00026001,0.00070020,0.0
0271349,-0.00247297,0.00106519,0.00000635,-0.00000500,0.00000231,0.00001610,-0.0
0001463,0.00001163,-0.00000417,0.00001831,-0.00001230,0.00000824,-0.00009531,0.0
0000517,-0.00010002,0.00003678,-0.00011681,-0.00014486,0.00003999,-0.00012888,0.
00001505,0.00005195,-0.00002530,0.00001343,-0.00001514,-0.00001316,-0.00002647,-
0.00003082,0.00000477,-0.00006825,0.00002071,0.00001668,0.00001211,-0.00001443,-
0.00001716,0.00000623,0.00001062,-0.00001295,0.00000451,-0.00000478,-0.00000435,
-0.00036446,-0.00027887,0.00005183,0.00003737,0.00003850,0.00005988,0.00003667,0
.00003845,0.00003140,-0.00015826,0.00008498,-0.00022996,-0.00008446,-0.00000411,
0.00006732,0.00003972,0.00000121,0.00000894,-0.00002620,-0.00004415,0.00004731,-
0.00009589,-0.00001979,-0.00003913,0.00006835,0.00010914,-0.00007627,0.00000345,
-0.00001700,0.00002813,0.00002808,0.00002350,-0.00020433,0.00002020,0.00002247,0
.00001098,0.00012323,0.00011895,-0.00002023,-0.00025436,0.00065265,-0.00012229,-
0.00000512,-0.00002111,0.00000349,0.00359876,-0.01443649,0.00000061,0.00059140,-
0.00008362,-0.00012442,-0.07160782,0.06638261,0.00639217,-0.00002313,-0.00013851
,-0.00034754,-0.00018555,0.00001431,0.00005314,-0.00005052,0.00023819,-0.0007125
3,0.07741568,-0.00067644,0.00052916,-0.00006419,-0.00047135,0.00013284,-0.000194
05,-0.00091375,-0.00113439,0.00142070,0.00162629,0.00057051,0.00006555,0.0000186
1,0.00002430,-0.00003315,-0.00001753,-0.00001516,-0.00000847,0.00001494,-0.00005
509,-0.00008128,0.00012890,0.00046479,0.00000846,0.00022244,-0.00005984,0.000199
74,-0.00000671,-0.00010427,-0.00027551,-0.00008018,-0.00011011,-0.00004412,0.000
07748,0.00025959,0.00001070,0.00016154,0.00000598,-0.00001571,0.00002515,0.00003
385,0.00010044,-0.00002418,0.00006190,0.00007296,-0.00001504,0.00002952,0.000044
84,-0.00005146,-0.00002918,0.00004736,0.00031548,0.00024606,-0.00009816,0.000147
08,-0.00022086,0.00006058,-0.00013264,-0.00010030,-0.00008749,0.00029146,-0.0000
3382,0.00012089,0.00015989,-0.00019642,0.00010970,0.00000580,-0.00000568,-0.0000
7904,-0.00005482,-0.00003183,0.00009836,0.00006961,0.00004830,-0.00001945,-0.000
02485,0.00010233,0.00020633,-0.00005176,0.00006532,-0.00006992,0.00024414,-0.000
11132,-0.00024483,0.00005652,0.00001461,0.00002280,0.00037769,0.00031315,-0.0002
7292,-0.00145301,0.00047029,-0.00030311,0.00000767,0.00005431,-0.00000866,-0.004
15288,-0.03620826,0.01426885,-0.00010548,0.00127347,-0.00144479,0.06967773,-0.21
889930,-0.02056553,-0.00014495,0.00006194,0.00022532,0.00001229,0.00042363,-0.00
016834,0.00045346,0.00038278,0.00043503,-0.07622116,0.27041386,-0.00009385,0.000
13397,-0.00017935,0.00004996,0.00002194,0.00007522,0.00096404,0.00012488,-0.0008
1741,-0.00058187,-0.00042521,0.00009453,-0.00000870,-0.00000897,-0.00000123,-0.0
0002143,0.00001660,0.00000771,0.00002557,0.00003904,0.00004135,-0.00018470,-0.00
015064,-0.00005701,-0.00003766,-0.00000465,-0.00001062,0.00027258,-0.00017036,-0
.00008287,0.00013447,0.00000779,0.00006552,-0.00009854,0.00000919,0.00007143,0.0
0003497,-0.00003259,0.00002354,0.00008636,-0.00002510,0.00001912,-0.00001595,0.0
0002716,-0.00000107,-0.00001284,0.00000466,-0.00000659,-0.00001358,0.00000656,-0
.00000150,0.00005978,0.00004994,-0.00000722,-0.00025603,-0.00088107,0.00017347,0
.00003539,0.00008276,-0.00000085,0.00002847,-0.00013437,-0.00001931,0.00006899,0
.00001330,-0.00001139,-0.00001203,-0.00002609,-0.00002059,-0.00000585,-0.0000008
3,0.00001952,0.00000771,0.00002531,-0.00002540,-0.00001247,-0.00001784,0.0000536
0,0.00000377,-0.00001418,0.00000884,-0.00031192,0.00008183,0.00029090,-0.0000234
5,-0.00001681,-0.00001514,-0.00029654,-0.00003309,0.00002196,-0.00012393,-0.0003
1526,0.00038244,-0.00000475,0.00000030,-0.00001212,-0.00196072,0.02749914,-0.004
86101,-0.00051931,0.00160857,0.00138941,0.00499046,-0.01848398,-0.04646880,0.000
25233,0.00027099,0.00046870,-0.00006796,-0.00039310,0.00010889,-0.00050588,0.000
06850,-0.00072954,-0.00826922,0.01251771,0.05250774,0.00105553,0.00048069,-0.000
09577,0.00042233,-0.00029907,0.00019099,0.00004752,-0.00319728,0.00041276,-0.002
43913,-0.00240590,0.00358658,-0.00000086,0.00001859,-0.00000091,0.00005097,0.000
00880,-0.00004819,-0.00002657,0.00000438,-0.00000079,0.00014966,0.00015237,-0.00
001484,-0.00019206,0.00007124,-0.00007242,-0.00030295,0.00016037,0.00027267,0.00
006889,0.00016937,0.00005632,-0.00012490,-0.00019412,0.00008994,0.00004800,0.000
10689,0.00005912,0.00006881,-0.00007711,-0.00001002,0.00000542,0.00007459,0.0000
0236,0.00004790,0.00003204,-0.00000669,0.00011835,0.00002110,0.00000364,-0.00068
654,-0.00012461,0.00005648,-0.00020653,-0.00010206,-0.00006551,0.00020475,-0.000
34542,0.00006898,-0.00008046,0.00039845,-0.00013673,-0.00012598,0.00012564,-0.00
024165,-0.00002045,-0.00006115,-0.00003180,0.00009009,0.00010501,-0.00003503,-0.
00002110,0.00002227,0.00006572,0.00007700,-0.00002820,-0.00029816,-0.00003758,0.
00001632,0.00000781,-0.00040680,-0.00043645,0.00004739,-0.00003694,0.00000783,0.
00003857,-0.00100292,-0.00024183,-0.00029898,0.00073005,-0.00046261,0.00031376,0
.00000151,0.00001656,0.00001474,-0.01934296,-0.00429600,0.00020757,0.00022450,-0
.00007907,-0.00097205,-0.26190111,0.00527278,-0.04214380,0.00022522,0.00001332,-
0.00019410,0.00001179,0.00000773,-0.00012976,0.00043806,0.00053472,0.00049668,-0
.01460568,0.00451302,-0.00378327,0.30597095,0.00112255,-0.00007858,0.00027715,0.
00009436,-0.00019674,0.00046634,-0.00138898,-0.00087655,0.00027012,-0.00257533,-
0.00117703,0.00303210,0.00001469,0.00001340,0.00000050,0.00006944,-0.00002694,-0
.00002424,-0.00003467,-0.00000137,-0.00005489,-0.00050605,-0.00023740,0.00001255
,-0.00008908,0.00006762,-0.00021214,-0.00005439,0.00016531,0.00017791,0.00041126
,0.00008571,0.00002442,-0.00004689,-0.00008684,0.00013089,0.00004378,0.00001468,
0.00005917,0.00012594,0.00003607,-0.00006611,-0.00002960,-0.00000602,0.00002056,
0.00004155,0.00001235,0.00001124,0.00007460,-0.00000300,0.00002220,-0.00084230,-
0.00038470,0.00011674,-0.00001830,0.00022568,-0.00004140,-0.00015918,0.00002632,
0.00000176,0.00023466,0.00020036,-0.00008197,-0.00017638,-0.00002618,-0.00006847
,0.00006991,-0.00004492,0.00004717,0.00006256,0.00003392,-0.00004770,-0.00001900
,0.00001827,-0.00005218,0.00001994,0.00011509,-0.00025897,-0.00002674,0.00001090
,-0.00002283,0.00026668,0.00010549,-0.00009610,-0.00002360,0.00015324,-0.0000195
1,-0.00130683,0.00005397,-0.00022688,0.00004006,-0.00000637,0.00003389,0.0000102
7,0.00002410,-0.00001953,-0.02009140,-0.00188912,-0.00176815,0.00024315,0.000198
53,-0.00058682,0.00532081,-0.04169497,0.00015075,0.00005802,-0.00009577,0.000039
17,-0.00015328,-0.00018482,-0.00018506,0.00030833,0.00031742,-0.00070368,0.03008
654,-0.00387853,0.00586654,-0.00118552,0.04918631,-0.00015697,0.00003789,-0.0001
3981,-0.00020558,0.00042996,0.00021167,0.00011144,-0.00051413,0.00074743,0.00275
822,0.00174657,-0.00235785,-0.00000690,-0.00000851,-0.00001101,-0.00002752,0.000
01675,-0.00000498,0.00004756,0.00000633,0.00002138,0.00002415,-0.00013002,0.0000
2774,0.00003554,-0.00012512,-0.00006984,-0.00004356,0.00007651,0.00013324,0.0000
5116,0.00005475,0.00000239,-0.00001552,0.00000915,-0.00002524,0.00000936,0.00003
979,0.00002149,0.00007054,0.00004700,0.00002064,0.00000038,-0.00000966,-0.000006
06,0.00001006,-0.00000124,-0.00000488,-0.00000074,-0.00001091,-0.00002407,0.0000
2228,0.00003157,-0.00002052,0.00000020,0.00014702,0.00014779,0.00008278,-0.00003
802,-0.00001992,-0.00000004,-0.00039423,-0.00023239,0.00003651,0.00007551,-0.000
04024,0.00002158,0.00006597,-0.00003471,-0.00004870,-0.00003781,0.00001229,-0.00
002652,-0.00004025,0.00001476,0.00005979,-0.00000071,0.00002564,-0.00000758,0.00
000583,0.00001093,-0.00006107,-0.00003029,-0.00015112,0.00002246,0.00001372,-0.0
0003693,0.00125698,0.00006889,0.00029348,-0.00005857,-0.00019296,-0.00013907,-0.
00001155,-0.00001005,0.00000845,0.02061827,0.00218369,0.00161167,0.00138717,0.00
008456,0.00059653,-0.04741612,-0.00013214,-0.05189773,-0.00031787,-0.00005931,-0
.00001574,0.00012902,0.00025672,0.00029557,0.00078887,-0.00041956,-0.00141048,0.
00279269,-0.00098031,0.00166649,0.04712774,-0.00251208,0.05784804,-0.00031516,0.
00042733,-0.00013010,0.00007650,-0.00015223,-0.00015556,0.00028781,0.00071361,-0
.00051837,0.00013367,0.00007370,0.00116919,0.00002306,0.00002035,-0.00001182,0.0
0002048,-0.00001488,-0.00000069,-0.00000495,0.00000870,-0.00004258,0.00014202,0.
00011542,-0.00002608,-0.00001470,0.00003792,0.00004398,-0.00027580,-0.00039067,0
.00009193,-0.00022357,-0.00000590,-0.00001282,0.00004078,-0.00001375,-0.00007741
,0.00003532,-0.00009326,-0.00000388,-0.00028112,-0.00006088,0.00009663,0.0000055
3,0.00002518,0.00004219,-0.00000074,0.00003427,0.00004052,-0.00003429,0.00000106
,0.00003889,0.00043203,0.00012978,-0.00001868,0.00029963,-0.00083142,-0.00011147
,-0.00007265,0.00009447,-0.00000667,-0.00010690,0.00004938,0.00001767,0.00005174
,-0.00007678,-0.00001663,0.00001766,-0.00000740,-0.00004938,-0.00002071,0.000047
51,0.00001536,0.00005196,0.00004978,-0.00004022,-0.00005570,0.00001390,0.0001237
3,-0.00000079,0.00001647,-0.00002427,-0.00003690,0.00004513,0.00017086,-0.000011
58,-0.00002443,0.00001442,0.00017072,0.00007494,0.00001790,-0.00050329,0.0003669
1,0.00053499,0.00002314,0.00002093,-0.00003363,0.00129844,0.00287010,0.01391524,
-0.00048618,-0.00150798,0.00238810,-0.05289458,-0.01543913,-0.04280577,0.0001362
8,0.00022624,0.00029150,-0.00003420,0.00021234,0.00074109,-0.00002825,-0.0000014
8,-0.00014662,0.00262613,0.00604521,0.01028944,-0.00778925,-0.01161703,-0.029059
81,0.05745814,0.00088112,0.00035178,-0.00009872,0.00003936,-0.00000039,0.0001350
5,0.00028019,-0.00124726,0.00139973,0.00014317,0.00061633,0.00004159,0.00003036,
0.00003692,-0.00003084,0.00008689,-0.00000863,-0.00006132,-0.00000747,-0.0000063
8,-0.00009601,-0.00013728,-0.00016051,0.00009614,-0.00005818,0.00001440,-0.00012
055,-0.00083017,0.00010951,0.00059922,0.00002748,0.00011715,-0.00004962,-0.00016
561,-0.00038537,-0.00006823,-0.00009048,-0.00009790,0.00007319,-0.00018947,-0.00
002735,0.00001575,-0.00001778,-0.00007439,0.00002255,0.00006542,0.00001631,0.000
04574,0.00007809,-0.00001775,0.00003816,-0.00013851,-0.00012663,0.00013087,-0.00
047995,-0.00135826,-0.00075920,0.00001924,0.00002020,0.00003182,0.00001638,0.000
07142,-0.00022102,-0.00013958,0.00001048,-0.00006150,0.00011290,0.00007754,0.000
03143,-0.00001007,0.00005764,-0.00005736,0.00006158,-0.00002621,0.00000226,-0.00
004478,0.00004003,-0.00010223,0.00001519,0.00005319,-0.00005734,0.00005704,0.000
00087,-0.00001315,-0.00004310,0.00001404,-0.00002189,0.00016534,-0.00014308,0.00
006299,0.00013544,-0.00024685,-0.00018946,0.00003566,0.00003418,-0.00005052,0.00
240376,0.00482324,0.01693971,-0.00220104,-0.00040782,0.00236883,-0.01436376,-0.0
7212589,-0.07971801,-0.00014311,0.00018642,0.00088260,0.00005072,0.00035099,0.00
061514,0.00010472,-0.00000469,-0.00020613,-0.00416285,-0.01455905,-0.02736099,-0
.00007233,0.00073326,0.00028626,0.01857130,0.08319202,-0.00099801,-0.00061766,-0
.00039056,-0.00000078,-0.00008765,-0.00021161,-0.00147718,0.00146974,-0.00207958
,-0.00061288,-0.00044874,0.00062397,-0.00002825,-0.00001564,0.00002177,-0.000005
35,0.00000828,0.00000310,-0.00006083,-0.00006002,0.00003489,0.00000566,-0.000058
30,-0.00002778,0.00007271,0.00006112,0.00013530,0.00033056,0.00000934,0.00012789
,-0.00006591,-0.00013315,-0.00006557,0.00016670,0.00028324,-0.00006858,0.0000261
0,-0.00003375,-0.00004738,0.00024634,0.00021541,-0.00010541,0.00000200,-0.000035
56,-0.00004925,-0.00005948,-0.00005567,-0.00003493,-0.00003059,0.00001165,-0.000
01435,0.00076287,0.00041012,-0.00019188,-0.00044176,-0.00065153,0.00072878,-0.00
001724,0.00006033,-0.00002323,0.00017901,0.00033371,0.00046642,0.00017556,-0.000
02039,0.00029684,-0.00014762,0.00008936,0.00009068,-0.00020516,-0.00011256,0.000
14820,0.00000566,-0.00016876,0.00005196,0.00003732,-0.00002996,0.00037915,0.0000
7961,-0.00004476,0.00002434,0.00010287,0.00018659,-0.00010363,0.00005464,-0.0000
5601,0.00001876,-0.00040230,-0.00025211,0.00007388,0.00025541,-0.00025260,-0.000
11585,-0.00001287,-0.00005505,0.00002954,-0.00163251,-0.00427277,-0.02628956,0.0
0230109,0.00295454,-0.00440287,-0.03735214,-0.07568395,-0.23829489,-0.00007556,0
.00001567,-0.00054420,0.00021754,-0.00035792,-0.00101601,0.00060753,0.00069177,0
.00036862,-0.00085543,-0.00508395,-0.00415500,-0.00437209,-0.00368349,-0.0074748
2,0.04328987,0.08559365,0.28206657,-0.00064326,0.00002268,0.00014854,-0.00028384
,-0.00156849,0.00806223,-0.00588425,-0.00213542,0.00167472,-0.00026838,-0.000047
61,-0.00006132,0.00002382,-0.00000059,0.00001939,0.00004908,-0.00001959,-0.00000
989,-0.00005371,-0.00007502,-0.00007384,-0.00418826,0.00025793,0.00149956,-0.001
44586,-0.00017592,-0.00074992,-0.00004658,-0.00015351,0.00008391,-0.00199558,-0.
00171922,-0.00108639,-0.00006577,0.00005638,0.00014747,0.00023602,0.00001625,0.0
0003508,0.00013670,-0.00000720,0.00008817,-0.00002115,-0.00001325,0.00014998,0.0
0006786,0.00004379,0.00000530,0.00006645,0.00000405,-0.00001796,0.00000787,0.000
01600,-0.00007752,-0.00031361,-0.00011967,-0.00108460,-0.06324523,-0.01609837,0.
01401989,0.00129158,-0.00003074,0.00064543,0.00010607,-0.00008825,-0.00002190,0.
00013511,0.00009651,-0.00009385,0.00011806,-0.00001267,-0.00004958,0.00018165,0.
00015273,-0.00002324,-0.00017034,-0.00004121,0.00008950,-0.00005653,0.00002365,-
0.00012483,-0.01868182,-0.02791101,0.00930032,0.00360143,0.01303319,-0.00856361,
0.00007083,-0.00011740,-0.00003458,0.00002315,-0.00004133,0.00002765,0.00009709,
0.00009870,-0.00002373,-0.00017683,-0.00010281,0.00000937,0.00003790,0.00001180,
0.00006560,0.00033190,-0.00052161,0.00009075,0.00011867,-0.00006380,-0.00001211,
-0.00009628,-0.00005970,0.00004848,-0.00000020,0.00014866,0.00005538,0.00020203,
-0.00009353,-0.00006518,-0.00015050,0.00071313,0.00007258,-0.00012755,-0.0000308
2,-0.00016823,0.47933839,-0.00065061,-0.00026186,-0.00004258,-0.00291554,0.00830
467,0.00901113,0.00185699,0.00431258,-0.00045612,0.00011509,0.00000013,0.0000710
7,-0.00002801,-0.00002301,-0.00001121,-0.00001553,0.00001386,0.00000500,0.000011
90,0.00006756,0.00000102,-0.00215682,0.00058629,0.00139099,-0.00168594,-0.001082
74,-0.00271938,0.00000760,0.00008124,0.00011669,0.00042625,-0.00058247,-0.000279
09,-0.00004434,-0.00011508,0.00006130,0.00000225,-0.00001281,-0.00001204,0.00005
747,-0.00000309,-0.00007008,-0.00000808,-0.00002276,-0.00002588,0.00000163,-0.00
002442,-0.00002147,0.00000217,0.00001862,-0.00002541,0.00032975,0.00051125,-0.00
000664,0.00006174,-0.00005382,0.00009376,-0.01297837,-0.12610239,0.03631514,0.00
466501,-0.00475094,-0.00123705,-0.00005751,-0.00002765,0.00010231,0.00005053,0.0
0000179,0.00007453,0.00005141,-0.00000682,-0.00006955,-0.00001305,-0.00001064,0.
00001706,-0.00008986,-0.00000765,0.00013321,0.00002490,-0.00006675,0.00004636,-0
.01300092,-0.01178616,0.00226117,-0.00374876,-0.02323163,0.01405490,-0.00007177,
0.00000930,-0.00000177,-0.00003194,-0.00001663,-0.00002846,-0.00001237,-0.000042
19,-0.00004752,-0.00021738,-0.00035218,-0.00013868,0.00008073,-0.00009675,-0.000
08428,-0.00040050,0.00075471,-0.00007746,-0.00010451,0.00002092,-0.00000126,0.00
000021,0.00012104,-0.00001233,-0.00002288,-0.00017441,-0.00006757,-0.00024128,0.
00000607,0.00010308,0.00008288,-0.00083908,-0.00005471,0.00012058,-0.00000540,0.
00016208,-0.01821659,0.46181384,0.00006270,-0.00012609,-0.00005660,0.01097681,0.
01714610,-0.02158598,0.00154614,0.00088019,0.00243713,0.00014564,0.00005319,0.00
005982,-0.00000602,0.00000122,-0.00003863,-0.00000972,0.00002470,-0.00001904,0.0
0005767,0.00004030,-0.00001326,-0.00165506,-0.00036173,0.00000220,-0.00230976,-0
.00305387,-0.00212586,-0.00013834,0.00006763,0.00007161,-0.00028351,-0.00089258,
-0.00028119,-0.00024334,-0.00024591,-0.00006456,-0.00025843,-0.00003959,0.000050
31,-0.00008125,-0.00007999,-0.00006741,-0.00006943,-0.00002808,-0.00007702,-0.00
000981,-0.00000156,0.00000676,0.00002639,-0.00001516,0.00000289,0.00041415,0.000
24186,0.00010832,0.00077956,0.00028714,-0.00073572,0.01754024,0.04885654,-0.0859
1486,-0.00255655,-0.00086034,0.00023388,-0.00010431,-0.00009516,-0.00001455,0.00
008852,-0.00009114,0.00003539,0.00005684,0.00010277,-0.00003596,0.00003385,0.000
00825,0.00008668,-0.00022780,-0.00000059,0.00006450,0.00001609,0.00002064,0.0000
0825,0.00119292,-0.00500679,0.00575382,-0.00039365,0.00013440,0.00099185,-0.0000
2050,0.00002298,-0.00000815,-0.00002816,0.00001281,-0.00001173,-0.00003557,-0.00
003843,-0.00001168,-0.00004824,0.00002698,-0.00015006,-0.00000522,-0.00002214,0.
00000590,-0.00004070,0.00034922,0.00005255,-0.00005360,0.00002541,-0.00001662,0.
00002494,0.00006924,-0.00007210,-0.00000222,-0.00010872,-0.00003601,-0.00013109,
-0.00000205,-0.00000019,-0.00005098,-0.00030631,-0.00001251,-0.00001451,0.000045
39,0.00002855,0.00193817,0.01894346,0.45652289,-0.00045405,0.00005802,0.00002446
,0.00010306,0.00036889,0.00053586,-0.00090342,0.00030400,-0.00003645,-0.00004199
,-0.00003455,0.00000430,-0.00000822,-0.00000762,0.00001265,0.00000533,-0.0000090
8,0.00000908,-0.00000314,-0.00001089,-0.00000926,-0.00103054,-0.00069077,-0.0000
2988,-0.00047492,-0.00021875,-0.00027104,0.00007190,-0.00005367,0.00002390,0.000
27879,-0.00001722,-0.00000557,0.00006349,0.00004866,0.00010100,0.00009646,-0.000
01801,-0.00000404,0.00005593,0.00003901,0.00003537,-0.00000797,-0.00000002,0.000
02707,-0.00000491,-0.00000403,-0.00000822,-0.00000893,0.00000356,-0.00000628,0.0
0007317,0.00004031,-0.00005006,-0.00012042,-0.00010400,-0.00005428,-0.01493527,-
0.00764164,0.00041810,0.00018778,-0.00020537,0.00033234,0.00008780,0.00003922,-0
.00002108,0.00000295,0.00005600,-0.00004123,-0.00000131,-0.00001746,-0.00003003,
0.00006243,0.00001979,-0.00001978,-0.00000137,-0.00003542,0.00001270,-0.00000956
,0.00000298,-0.00000588,-0.00040052,-0.00179570,0.00091504,0.00054650,0.00112897
,-0.00056643,-0.00001126,-0.00004825,0.00000336,-0.00000752,-0.00001980,0.000002
61,0.00001751,0.00000825,-0.00000770,0.00006288,-0.00012741,-0.00007225,0.000031
69,-0.00001986,-0.00001227,0.00005940,0.00006532,-0.00004310,0.00000425,-0.00000
712,0.00000130,-0.00001804,0.00000166,-0.00001190,-0.00002342,-0.00001375,-0.000
00502,-0.00007682,-0.00000822,0.00001565,-0.00000695,-0.00009407,-0.00001162,0.0
0000919,-0.00000984,0.00005331,-0.18799381,-0.01774370,-0.02567331,0.45824587,0.
00030752,0.00008802,-0.00002066,0.00057188,-0.00067259,-0.00040502,0.00000187,-0
.00019977,-0.00002393,-0.00001750,0.00003962,0.00000121,-0.00000322,-0.00000033,
0.00000082,-0.00001177,0.00000495,0.00000219,-0.00000128,-0.00000188,0.00001071,
-0.00094443,0.00031097,0.00015975,-0.00057445,-0.00001920,0.00009969,-0.00001873
,0.00000446,0.00000383,-0.00059806,-0.00057054,-0.00025853,0.00001179,-0.0000265
8,-0.00004860,0.00000642,0.00000020,-0.00000871,-0.00002561,0.00000607,0.0000050
5,0.00002830,0.00000765,0.00002915,0.00000364,0.00000296,0.00000075,-0.00000447,
0.00000583,-0.00000259,-0.00015794,-0.00023135,0.00000295,0.00003372,-0.00004605
,0.00015421,-0.02209242,-0.00666802,-0.00129407,-0.00043718,0.00051834,-0.000171
39,-0.00001901,0.00000827,-0.00002674,-0.00001422,0.00001324,0.00001406,-0.00000
034,-0.00001877,0.00000503,-0.00002735,-0.00000735,0.00001078,0.00005248,0.00001
584,-0.00006324,0.00001250,-0.00000048,-0.00003178,-0.00282200,-0.00418860,0.002
16617,-0.00166361,0.00055758,-0.00023689,0.00000614,0.00001498,0.00000424,0.0000
1048,0.00000378,0.00000173,0.00002075,0.00000915,0.00000527,-0.00000700,-0.00005
204,0.00002113,-0.00000756,0.00000309,0.00002094,0.00004561,-0.00009335,-0.00002
494,0.00001594,0.00000466,-0.00000212,-0.00000837,-0.00002217,0.00002165,0.00000
393,0.00003424,0.00000626,0.00006938,-0.00000215,-0.00001209,0.00002633,0.000161
39,-0.00001038,-0.00001812,0.00000884,-0.00004349,-0.01811662,-0.06827973,-0.005
46821,-0.00854010,0.51959537,0.00019752,0.00004665,0.00001375,0.00087580,0.00051
716,0.00032073,0.00023611,0.00011430,-0.00005751,0.00000577,0.00000954,0.0000053
0,-0.00000654,-0.00000447,0.00000082,-0.00000733,0.00000501,0.00000543,-0.000000
60,0.00000839,0.00001335,0.00022750,-0.00025060,-0.00012260,0.00003259,-0.000080
96,-0.00034253,-0.00001273,-0.00000403,-0.00001133,0.00054896,0.00032365,0.00017
118,-0.00000363,-0.00004255,0.00003710,0.00001034,0.00001175,0.00000644,-0.00001
216,-0.00003246,0.00000485,0.00002040,0.00004673,-0.00003523,0.00000654,0.000008
63,-0.00001167,0.00000069,0.00000628,-0.00001065,-0.00018466,-0.00008507,0.00004
987,-0.00008012,-0.00002588,0.00019306,0.01126203,0.00244733,0.00192706,0.000031
68,0.00012439,-0.00036373,-0.00002692,0.00000817,-0.00005145,0.00002737,-0.00002
106,-0.00000440,0.00002919,0.00000889,0.00000371,-0.00000007,0.00003393,-0.00001
401,0.00001167,0.00002442,-0.00008059,0.00000199,-0.00001104,0.00003315,0.001494
21,0.00272436,-0.00092399,0.00028582,-0.00016683,0.00046872,-0.00000278,0.000002
93,0.00000656,0.00000499,-0.00000429,0.00000165,-0.00001476,-0.00001248,-0.00000
202,0.00002378,-0.00004964,-0.00001511,-0.00001092,-0.00000672,0.00001411,0.0000
0488,-0.00003062,-0.00003510,0.00000268,0.00000142,0.00000211,0.00000881,0.00001
372,0.00001774,0.00000220,0.00000240,0.00002008,0.00001646,0.00000559,0.00001356
,-0.00002180,0.00003713,0.00002062,0.00002215,-0.00002799,-0.00002808,-0.0238187
5,-0.00457429,-0.06842661,-0.01297624,-0.00460870,0.52432658,0.00009708,-0.00005
104,-0.00007141,-0.00057291,-0.00185890,0.00001407,-0.00076499,0.00045968,0.0035
3528,-0.00005328,-0.00002848,0.00001909,0.00002037,0.00000990,-0.00001062,0.0000
3274,-0.00000541,-0.00002367,0.00002370,-0.00002105,-0.00008168,0.00038995,-0.00
013999,0.00055617,0.00071951,0.00035036,0.00067664,-0.00028569,-0.00013228,0.000
10996,-0.00003618,0.00010258,-0.00020170,-0.00015176,-0.00007620,0.00005200,-0.0
0011241,-0.00009316,0.00006452,-0.00009423,-0.00000883,0.00007676,-0.00010290,-0
.00010338,0.00002336,-0.00000064,0.00002428,0.00001831,0.00004216,-0.00003305,-0
.00000857,-0.00003035,-0.00004483,0.00008611,0.00034870,0.00043114,-0.00066419,0
.00055541,-0.00047331,0.00896145,-0.00025782,0.00034260,0.00006486,-0.00003442,-
0.00008492,-0.00013014,0.00014992,-0.00002450,-0.00005214,0.00011544,0.00005545,
-0.00004558,0.00006127,0.00014926,-0.00000288,-0.00014155,0.00007006,-0.00007627
,-0.00000273,0.00006592,-0.00005240,-0.00038189,-0.00052554,0.00069314,-0.000003
79,0.00003525,-0.00019814,0.00002747,-0.00005111,-0.00002011,-0.00000018,-0.0000
2009,0.00000878,0.00000564,0.00003222,-0.00000145,-0.00004422,-0.00000043,0.0001
4380,-0.00000776,0.00000228,-0.00001678,0.00011021,-0.00005404,-0.00005412,0.000
00457,-0.00001085,-0.00001135,0.00000779,-0.00002509,-0.00004692,-0.00001134,-0.
00002684,-0.00001470,0.00001707,-0.00005874,-0.00003048,0.00005816,-0.00003625,0
.00004203,-0.00008183,0.00005173,-0.00006232,-0.06603107,-0.00054053,-0.01567936
,-0.00971182,-0.00474656,-0.02912166,0.50966567,0.00023140,0.00004091,-0.0000262
6,-0.00088989,-0.00434587,-0.00050817,0.00017613,-0.00084909,0.00057380,-0.00005
242,0.00005102,-0.00001185,0.00000217,0.00000836,-0.00000467,-0.00000916,0.00000
798,-0.00000112,0.00000117,0.00000137,0.00000014,0.00051403,0.00069262,0.0002246
1,0.00127317,0.00077646,0.00145742,-0.00005034,0.00000797,-0.00002557,-0.0003556
3,-0.00004523,-0.00003034,-0.00001316,-0.00009256,-0.00006285,-0.00003353,0.0000
3420,0.00001279,-0.00006392,-0.00002565,0.00001592,0.00005620,0.00001491,0.00000
911,-0.00000108,0.00001324,0.00000915,0.00000731,0.00000523,0.00000375,-0.000020
13,-0.00010259,0.00001916,0.00020460,0.00009469,-0.00021371,-0.00008161,-0.00022
482,0.02441924,-0.00093569,0.00147263,0.00017630,-0.00003089,-0.00002189,-0.0000
4916,-0.00000362,-0.00001576,-0.00000394,0.00002709,0.00002278,0.00000453,-0.000
00578,0.00001676,0.00002976,-0.00001100,-0.00001354,-0.00002598,-0.00000472,0.00
002071,-0.00002812,-0.00010125,0.00000314,0.00117918,-0.00013421,0.00034644,0.00
042658,0.00003160,-0.00000641,0.00001089,0.00001228,0.00001770,0.00000068,0.0000
0689,0.00001211,0.00001576,-0.00013635,0.00027337,0.00011474,-0.00002351,0.00006
184,0.00001247,-0.00008968,-0.00000616,0.00016923,0.00001751,0.00000302,-0.00000
461,0.00001898,-0.00007371,0.00000700,0.00000375,0.00004881,0.00000536,0.0000652
2,-0.00001308,-0.00005674,-0.00004832,0.00018053,-0.00010212,-0.00001189,0.00008
375,-0.00002994,-0.00122190,-0.06853194,-0.01912883,-0.00212703,-0.00008838,-0.0
0518500,-0.00056521,0.51977229,0.00007351,-0.00012284,0.00009861,0.00054597,0.00
369151,0.00026766,0.00100877,0.00042882,-0.00069980,0.00002913,0.00001287,0.0000
0312,0.00001734,0.00001289,-0.00000774,0.00000220,0.00000553,-0.00000577,-0.0000
2583,0.00002255,0.00003025,-0.00076551,-0.00071506,0.00009278,-0.00067429,-0.000
40065,-0.00125386,0.00010413,0.00006716,-0.00000054,0.00041264,-0.00004624,-0.00
000088,-0.00001701,-0.00007808,-0.00004112,-0.00001589,0.00003314,0.00000270,0.0
0000765,-0.00003638,-0.00002993,0.00002926,0.00001740,-0.00006505,0.00000248,0.0
0000598,0.00000684,0.00000642,0.00000284,0.00000974,-0.00016334,-0.00002398,-0.0
0004212,0.00015895,-0.00002511,0.00008145,0.00311131,0.00536360,-0.02302458,0.00
019837,-0.00098423,-0.00010274,-0.00003306,0.00000152,0.00004243,-0.00003690,-0.
00004043,-0.00001915,0.00004067,0.00002304,0.00000407,-0.00004667,-0.00001974,0.
00000076,-0.00001605,-0.00002400,0.00000212,-0.00002156,-0.00002374,0.00000926,-
0.00020726,0.00028620,-0.00122819,-0.00014172,-0.00045522,0.00073195,-0.00001090
,0.00004397,-0.00000661,0.00001094,0.00000202,0.00000170,-0.00001870,-0.00000636
,0.00000515,0.00000896,0.00000873,0.00002306,-0.00001176,-0.00004634,-0.00006496
,-0.00005463,0.00008190,0.00002423,0.00001552,0.00000059,0.00001783,-0.00002621,
0.00003716,0.00001075,-0.00000042,0.00000879,-0.00000440,0.00002658,-0.00000854,
0.00000761,-0.00013203,0.00004056,-0.00006466,0.00005287,-0.00000995,0.00001768,
-0.01814678,-0.02251268,-0.18149944,-0.00732574,-0.00162694,-0.01181373,-0.01506
255,-0.01000888,0.44464239,-0.00024628,-0.00011111,-0.00009079,-0.00078528,0.000
47855,0.00024310,-0.00025792,0.00012518,0.00008559,0.00003108,-0.00002838,0.0000
0285,-0.00000056,0.00000121,-0.00000663,0.00000574,0.00000166,-0.00000299,0.0000
1218,0.00000184,-0.00001986,-0.00013569,0.00014548,0.00005056,0.00038150,-0.0001
9523,-0.00011172,0.00005674,0.00000721,0.00000167,0.00018580,-0.00006578,-0.0000
1487,0.00000337,0.00003674,0.00000264,-0.00000813,0.00000096,0.00000869,0.000035
32,0.00001929,-0.00001231,-0.00001523,0.00000506,-0.00000103,-0.00000358,-0.0000
0213,0.00000110,0.00000569,-0.00000334,0.00000263,0.00019811,0.00019380,-0.00001
142,-0.00002692,0.00002222,-0.00007554,0.00030828,0.00119614,-0.00037271,0.00035
042,-0.00046785,-0.00001544,0.00001643,-0.00004193,0.00005013,0.00002488,0.00000
204,0.00001749,-0.00001576,0.00001124,0.00001167,0.00002231,-0.00001866,0.000007
81,-0.00003717,0.00002475,0.00009360,-0.00000099,0.00001834,-0.00000240,0.000329
99,-0.00002245,-0.00014247,-0.00012850,-0.00092488,0.00031325,0.00000616,-0.0000
0793,-0.00000268,0.00000214,0.00000293,-0.00000781,-0.00001151,-0.00000020,-0.00
000116,0.00000710,-0.00006429,-0.00002775,0.,-0.00001250,-0.00001409,0.00000665,
0.00005558,0.00001966,-0.00002144,0.00000254,-0.00000733,0.00001757,0.00000675,-
0.00002789,0.00000153,-0.00003910,-0.00002173,-0.00003104,-0.00000527,0.00001531
,-0.00006771,-0.00011372,-0.00002146,0.00003135,-0.00001358,0.00004108,-0.023986
55,0.02276784,0.01003061,-0.11440972,0.09829944,0.04789386,0.00119144,0.00043494
,0.00095640,0.13567976,-0.00001691,0.00004977,0.00004173,0.00015465,-0.00030211,
-0.00010557,0.00012912,-0.00011066,-0.00013958,-0.00003893,0.00002147,-0.0000038
3,-0.00000261,-0.00000234,0.00000640,-0.00000301,-0.00000195,0.00000280,-0.00000
258,-0.00000054,0.00001000,-0.00001739,-0.00008900,-0.00003487,-0.00009065,0.000
14567,-0.00001677,-0.00001659,-0.00000812,0.00000061,0.00000412,0.00001835,0.000
02300,-0.00000576,-0.00001497,0.00002608,0.00001597,-0.00000790,-0.00001169,-0.0
0002157,-0.00001402,0.00001713,0.00000298,0.00001004,-0.00000277,0.00000409,0.00
000673,-0.00000769,0.00000233,0.00000340,-0.00000704,-0.00006181,-0.00004530,0.0
0000457,0.00000042,-0.00001870,-0.00004406,-0.00083710,0.00077866,-0.00006904,0.
00006138,0.00015800,0.00015968,0.00001110,0.00001337,-0.00001755,-0.00001161,0.0
0001001,-0.00001110,0.00000570,-0.00000609,-0.00001460,0.00001399,0.00001296,0.0
0000106,0.00000109,-0.00002891,-0.00002430,0.00000054,-0.00000278,0.00000272,-0.
00012854,-0.00004194,0.00005907,-0.00032792,0.00014997,0.00005892,0.00000462,-0.
00000345,0.00000356,0.00000738,-0.00000678,0.00000460,0.00000291,-0.00000246,0.0
0000174,0.00006134,-0.00002114,-0.00001189,-0.00000850,0.00000611,0.00001573,-0.
00005207,0.00001628,-0.00001075,0.00001932,-0.00000386,-0.00000292,-0.00001321,-
0.00000789,0.00001229,-0.00001214,0.00002615,0.00001152,0.00000311,0.00000389,-0
.00000199,-0.00002243,0.00003801,-0.00000245,0.00000519,-0.00000093,-0.00000692,
0.00180296,0.00207090,0.00144558,0.09717740,-0.17892323,-0.06435393,-0.00053314,
0.00054937,0.00019957,-0.11447462,0.20544349,0.00003569,0.00003083,0.00003163,0.
00025744,-0.00038769,-0.00016089,0.00001097,-0.00009163,0.00006859,-0.00000552,0
.00001542,0.00000636,-0.00000623,0.00000025,-0.00000087,-0.00000645,0.00000659,-
0.00000226,0.00000044,0.00000488,0.00000410,-0.00001254,-0.00013301,0.00000229,-
0.00012521,0.00031788,-0.00000978,-0.00003918,-0.00000362,0.00001256,-0.00002061
,0.00003631,0.00000250,-0.00003103,-0.00003691,0.00001700,-0.00000971,-0.0000077
5,0.00000242,-0.00002087,-0.00001599,0.00000568,0.00000217,0.00000814,0.00000323
,0.00000693,0.00000753,-0.00000738,0.00000721,0.00000329,-0.00000755,-0.00003457
,-0.00003349,0.00002417,0.00000966,0.00001457,-0.00009827,0.00039153,-0.00046351
,0.00004991,-0.00019637,0.00021327,0.00006666,-0.00001083,-0.00000435,-0.0000312
9,0.00001116,-0.00000171,-0.00001081,0.00002375,0.00000847,-0.00001168,0.0000131
0,0.00002368,0.00000792,-0.00001382,-0.00001377,-0.00002973,0.00001147,-0.000006
58,-0.00000225,-0.00008143,0.00017194,-0.00003508,0.00031183,0.00056583,0.000055
73,0.00000426,-0.00000611,-0.00000112,0.00000287,-0.00000124,0.00000103,0.000003
45,-0.00000380,0.00000045,-0.00000370,0.00004659,0.00001111,-0.00000173,0.000004
98,0.00000553,-0.00004629,0.00001656,0.00001961,0.00001005,-0.00000109,0.0000016
6,-0.00001526,-0.00001202,0.00000338,-0.00000716,0.00002070,-0.00000287,0.000000
32,0.00000119,-0.00000271,0.00000144,0.00001098,-0.00002314,0.00000725,0.0000012
0,0.00000503,-0.00201909,0.00370286,0.00193583,0.04785423,-0.06496194,-0.0759966
3,-0.00082560,0.00079476,0.00069284,-0.05512637,0.07604999,0.08423445,0.00004221
,0.00002500,-0.00000269,-0.00008648,-0.00040830,-0.00058401,-0.00001823,-0.00041
438,0.00011181,0.00003357,-0.00000079,-0.00000383,0.,0.00000264,-0.00000630,-0.0
0000838,0.00000800,-0.00000182,0.00000771,-0.00000814,-0.00000278,-0.00010908,0.
00042459,0.00012706,0.00016460,0.00010167,0.00010927,-0.00000288,-0.00000247,-0.
00000623,-0.00045620,-0.00025918,-0.00012805,0.00000078,-0.00000760,-0.00003370,
-0.00000535,0.00000077,0.00000007,-0.00001761,0.00000339,0.00000372,0.00002678,0
.00000527,0.00003013,0.00000342,0.00000027,0.00000561,-0.00000566,0.00000078,0.0
0000519,0.00001183,-0.00009841,-0.00001745,0.00006025,0.00001273,-0.00005774,-0.
00517422,-0.00059185,-0.00132464,-0.00011439,0.00019244,-0.00004125,0.00000175,-
0.00002106,-0.00000660,-0.00000500,-0.00000317,0.00001114,0.00000244,0.00000154,
0.00000923,0.00000430,-0.00000742,0.00001452,0.00001369,0.00000530,-0.00000085,0
.00001349,0.00001078,-0.00003425,-0.00091787,-0.00172351,0.00079360,-0.00011314,
0.00016281,-0.00017004,0.00003040,0.00001046,-0.00000352,0.00000022,0.00002666,-
0.00000263,0.00002289,0.00001091,-0.00000183,-0.00000415,0.00015250,0.00001004,-
0.00001478,-0.00000525,-0.00000881,-0.00007920,-0.00002552,0.00000644,0.00000485
,0.00000662,-0.00000311,0.00000886,-0.00001878,-0.00002180,0.00000040,0.00002494
,0.00001263,0.00002681,0.00003776,-0.00000583,-0.00008690,0.00000656,0.00006644,
-0.00001547,-0.00002921,-0.00000114,-0.01392082,-0.02679950,0.01200365,-0.062852
27,-0.05891087,0.02978417,0.00055515,-0.00005422,0.00080232,0.00492655,0.0155253
4,-0.00668168,0.07555184,0.00011028,0.00001468,0.00001378,0.00050895,-0.00058040
,-0.00027301,0.00002647,-0.00043549,0.00027093,0.00005184,0.00000713,0.00002258,
-0.00000274,0.00000779,-0.00001531,-0.00001200,0.00001738,-0.00000898,0.00000472
,0.00000211,-0.00000251,0.00036428,0.00053091,0.00008564,-0.00020907,0.00016658,
0.00016164,-0.00004602,0.00001249,-0.00001752,-0.00051008,-0.00016679,-0.0000854
8,-0.00005865,-0.00003367,-0.00003663,-0.00003223,-0.00000635,0.00000596,-0.0000
4492,-0.00003568,0.00000302,0.00002456,0.00000418,0.00001852,-0.00000089,0.00000
069,0.00000873,-0.00000228,0.00000087,0.00000933,0.00005970,-0.00008242,0.000004
71,0.00011393,0.00005446,-0.00017326,-0.00168026,0.00039470,-0.00045090,-0.00047
308,0.00035911,-0.00003807,-0.00000998,-0.00005136,-0.00001526,0.00000552,-0.000
02309,0.00001004,0.00002872,0.00000955,0.00000890,0.00001452,0.00002191,0.000030
68,-0.00002992,-0.00000255,-0.00000613,0.00001911,0.00000677,-0.00002951,-0.0004
9345,-0.00049208,0.00035274,-0.00014069,0.00050626,-0.00015200,0.00001607,0.0000
0690,-0.00000211,-0.00000662,0.00003129,-0.00000492,0.00001562,0.00000749,-0.000
00212,-0.00007118,0.00019938,0.00004328,-0.00001117,-0.00000528,-0.00001047,-0.0
0006038,-0.00003524,0.00004064,-0.00000742,0.00001007,0.00000667,0.00000713,-0.0
0002047,-0.00001641,0.00001057,0.00002906,0.00000154,0.00001797,0.00003408,-0.00
001816,-0.00001314,0.00004641,0.00002283,-0.00002018,-0.00001095,-0.00001056,-0.
00478525,-0.00670044,0.00290475,-0.05888113,-0.21820355,0.08428819,0.00041799,0.
00010155,0.00016016,-0.00512740,-0.02770688,0.01076934,0.07043277,0.25166691,0.0
0003450,0.00001394,0.00000873,-0.00049755,0.00037472,0.00020046,0.00004402,0.000
29227,0.00007072,-0.00000392,0.00001088,0.00000998,-0.00000438,-0.00000563,0.000
00151,0.00000041,0.00000063,0.00000114,0.00000366,0.00001047,0.00000181,-0.00023
704,-0.00023733,-0.00001012,0.00022643,-0.00008038,-0.00007698,-0.00003097,0.000
00049,0.00003599,0.00021476,0.00004734,0.00000631,-0.00002450,-0.00003684,0.0000
3558,-0.00000612,-0.00001011,0.00000915,-0.00000068,-0.00000877,0.00000006,-0.00
000393,0.00000776,-0.00000732,0.00000966,0.00000579,-0.00001117,0.00001126,0.000
00264,-0.00001204,-0.00007152,0.00000431,0.00003069,-0.00002655,0.00000251,-0.00
001555,-0.00038982,-0.00011100,0.00033981,0.00022652,-0.00021928,-0.00004993,-0.
00002148,0.00001327,-0.00002737,0.00002848,-0.00000353,-0.00000749,0.00002431,0.
00001111,-0.00001542,0.00000761,0.00001671,-0.00000696,-0.00001901,0.00000462,-0
.00003994,-0.00000326,-0.00000765,0.00000684,-0.00004409,-0.00003278,0.00006488,
0.00006450,-0.00022709,-0.00009636,-0.00001094,-0.00000746,-0.00000679,0.0000020
9,-0.00001765,0.00000175,-0.00000513,-0.00000559,-0.00000363,0.00002808,-0.00012
999,-0.00002571,0.00001863,0.00001210,0.00000408,0.00006397,0.00002347,-0.000015
54,-0.00000548,-0.00001123,-0.00000399,-0.00000756,0.00001530,0.00000271,0.00000
744,-0.00002392,-0.00000806,-0.00000805,-0.00002845,0.00000607,0.00003997,-0.000
01104,0.00002188,-0.00002307,0.00000363,-0.00000231,-0.00085684,-0.00401761,0.00
188856,0.02946892,0.08472646,-0.08527796,-0.00060474,-0.00058592,0.00059814,-0.0
0268712,-0.01017095,0.00494308,-0.03407096,-0.09950875,0.09566675,0.00012871,0.0
0000953,0.00002246,-0.00264445,-0.00049195,-0.00087913,-0.00040439,0.00013359,-0
.00046278,-0.00000862,0.00000600,-0.00000814,0.00000779,-0.00000129,0.00000561,0
.00000133,-0.00000415,0.00000402,-0.00001886,0.00000695,0.00001161,-0.00006287,-
0.00007131,-0.00011478,0.00111793,0.00012705,0.00084979,0.00006694,-0.00000956,0
.00001393,0.00021463,0.00007405,0.00006184,0.00003915,0.00001081,0.00002244,0.00
003974,0.00002048,-0.00000532,0.00003796,0.00001246,-0.00000604,0.00001036,0.000
02342,-0.00000995,0.00001061,0.00000334,-0.00000278,0.00000490,0.00000368,-0.000
00591,-0.00008943,-0.00003715,-0.00001045,-0.00004056,-0.00007856,0.00022676,0.0
0060036,0.00038180,-0.00040728,0.00048143,0.00006838,0.00022618,-0.00001723,0.00
000994,0.00001122,-0.00001525,0.00000261,0.00000424,-0.00000468,-0.00000613,0.00
001276,-0.00002182,-0.00002439,-0.00001306,0.00001432,0.00001219,-0.00000541,-0.
00001447,-0.00002702,0.00000625,0.00025574,0.00032645,0.00018499,0.00008623,-0.0
0010706,0.00004727,0.00000128,0.00001082,-0.00000350,0.00001849,-0.00001181,0.00
000145,-0.00000449,-0.00000241,-0.00000012,-0.00001363,-0.00004025,-0.00003094,-
0.00000567,0.00000423,-0.00001334,-0.00003669,0.00002792,-0.00002039,0.00003354,
-0.00001407,0.00001239,-0.00005302,-0.00000465,0.00003006,-0.00000498,0.00004289
,-0.00000631,0.00001313,-0.00001079,0.00000947,-0.00001669,-0.00000392,-0.000063
69,0.00005023,-0.00001695,0.00003298,-0.00771517,-0.00292463,-0.02984482,-0.0466
9283,-0.00051610,-0.03029570,-0.00580190,-0.00108556,-0.00169931,0.00206273,0.00
215033,0.01787002,0.00175488,-0.00000887,0.00900063,0.05672616,0.00001705,-0.000
00036,-0.00001152,-0.00238189,0.00092031,-0.00072327,-0.00000194,0.00020706,-0.0
0007694,0.00000445,0.00000429,0.00000517,0.00000261,-0.00000314,0.00000107,0.000
00353,-0.00000218,0.00000129,-0.00000191,0.00001014,0.00000160,-0.00009951,-0.00
002414,-0.00005164,0.00133692,-0.00033508,0.00032157,0.00000123,0.00000645,0.000
01619,0.00015969,0.00001848,0.00002375,-0.00000533,-0.00000976,0.00002226,0.0000
0941,0.00000168,0.00000167,0.00001179,-0.00001000,-0.00000118,0.00000127,0.00000
902,-0.00000876,0.00000540,0.00000105,-0.00000257,0.00000568,0.00000095,-0.00000
358,-0.00002822,0.00001003,0.00000327,-0.00000272,-0.00001909,0.00006724,-0.0003
4523,0.00029088,-0.00030727,0.00069970,-0.00062271,0.00004926,-0.00000444,0.0000
0200,0.00000581,0.00000854,-0.00000242,0.00000487,0.00000779,-0.00000099,-0.0000
0552,0.00000183,-0.00000248,-0.00000497,-0.00001680,0.00000983,-0.00000786,-0.00
001385,-0.00000583,0.00000289,0.00016155,-0.00004756,0.00013081,-0.00002779,-0.0
0039420,-0.00029900,-0.00000885,0.00000088,-0.00000433,-0.00000034,-0.00000970,-
0.00000099,-0.00000577,-0.00000145,-0.00000335,0.00001300,-0.00008025,-0.0000255
8,0.00001390,0.00000313,-0.00000251,0.00003542,0.00000305,-0.00001690,-0.0000090
3,-0.00000707,-0.00000224,0.00000085,0.00002421,0.00000162,0.00001227,-0.0000247
5,0.00000203,0.00000059,-0.00001505,0.00000382,0.00000918,-0.00000246,0.00003527
,-0.00001515,-0.00000244,-0.00000739,-0.00148082,-0.00021427,-0.00489559,-0.0004
4705,-0.04574006,-0.01033856,-0.00138306,0.00033553,-0.00034977,-0.00096142,-0.0
0299238,-0.02675731,0.00237268,-0.00081783,0.02979995,0.00225413,0.04924320,0.00
019796,0.00001025,-0.00000443,0.00050031,-0.00014248,0.00093387,-0.00039691,0.00
003429,-0.00016780,0.00002200,0.00000767,0.00000232,0.00000156,0.00000421,-0.000
00536,-0.00000364,0.00000900,-0.00000295,-0.00000147,0.00000602,0.00000875,-0.00
006371,-0.00000421,-0.00007457,0.00029559,0.00004315,-0.00050780,0.00003209,-0.0
0000588,0.00000176,0.00017858,0.00006565,0.00005290,-0.00000375,-0.00000362,0.00
000386,0.00001128,0.00001184,0.00000659,0.00000517,-0.00001763,0.00000239,0.0000
1125,0.00002002,-0.00001091,0.00000520,0.00000576,0.00000201,0.00000704,0.000003
00,-0.00000019,-0.00008143,-0.00005316,-0.00000155,-0.00003173,-0.00004101,0.000
08558,0.00056353,0.00024966,0.00014524,-0.00022032,0.00027976,-0.00015051,-0.000
01804,0.00000063,0.00000840,-0.00000484,-0.00001606,-0.00000399,0.00001362,-0.00
000301,0.00001208,-0.00002197,0.00000326,0.00000442,0.00000003,0.00000685,-0.000
01712,0.00000251,-0.00000612,0.00000898,0.00013919,0.00009618,0.00002424,-0.0000
2645,-0.00037814,-0.00005621,0.00000721,0.00000612,-0.00000277,0.00000840,-0.000
00065,-0.00000207,-0.00000552,-0.00000253,-0.00000266,-0.00003569,-0.00000037,-0
.00000108,-0.00001620,-0.00000863,-0.00001143,-0.00003891,-0.00001123,-0.0000124
4,0.00001675,0.00000168,0.00000652,-0.00001120,-0.00000855,0.00002059,-0.0000015
2,0.00003340,0.00000483,0.00002522,0.00000637,-0.00000136,-0.00004096,0.00002917
,-0.00005101,0.00004216,-0.00000827,0.00001288,-0.00499841,-0.00139767,-0.009143
88,-0.03058143,-0.01112582,-0.28167950,-0.00247736,-0.00001309,-0.00001492,0.000
54586,-0.00332982,-0.01605130,-0.00056981,0.00214131,-0.01801642,0.03690107,0.01
332502,0.32435500,0.00048008,0.00004453,0.00057158,-0.00005709,0.00063886,0.0003
8327,-0.00148552,0.00073906,0.00062552,-0.00008789,-0.00014211,-0.00005514,0.000
03027,0.00002275,-0.00004699,0.00003865,0.00001672,-0.00006619,-0.00004570,0.000
00923,-0.00002233,-0.00037828,-0.00001193,-0.00005341,-0.00016335,-0.00033243,-0
.00031069,-0.00004891,-0.00004439,0.00002449,0.00035151,-0.00003865,-0.00000046,
-0.00012076,-0.00004535,0.00009741,0.00004621,-0.00001602,0.00013507,0.00004634,
-0.00004559,0.00011013,-0.00005411,-0.00002284,0.00004130,0.00005397,-0.00000281
,0.00006628,0.00005657,-0.00001772,0.00005797,-0.00059068,0.00005497,-0.00001366
,-0.00042949,0.00000675,-0.00090704,0.00420623,-0.00462734,-0.00238744,0.0005696
4,-0.00142180,0.00137341,-0.00017942,-0.00015425,-0.00005529,0.00017970,0.000024
44,-0.00008379,0.00017384,0.00006868,-0.00017058,0.00012138,0.00012687,-0.000030
40,-0.00031761,-0.00012736,0.00010107,-0.00001049,-0.00000311,-0.00005054,0.0009
3814,-0.00069938,-0.00002504,-0.00028601,-0.00061317,0.00091989,-0.00004573,-0.0
0007208,0.00000892,0.00000777,0.00001252,0.00000868,0.00001818,0.00006729,-0.000
09373,-0.00058326,0.00040728,0.00016668,0.00002192,0.00006921,-0.00002329,-0.000
90639,0.00091502,0.00008138,0.00002081,-0.00003592,-0.00000200,0.00000388,-0.000
00200,0.00003073,0.00004321,0.00002908,0.00001342,-0.00003600,-0.00003716,-0.000
03335,-0.00033740,0.00128478,-0.00005146,-0.00002591,0.00000693,-0.00012584,-0.0
8535831,0.07398514,0.02756030,-0.02142920,0.02169055,0.00713342,0.00177257,-0.00
128713,-0.00019160,-0.00620181,-0.00033342,-0.00132655,0.00069305,0.00045874,0.0
0032213,0.00048425,0.00023108,0.00023661,0.10757882,0.00136336,0.00036723,0.0000
2669,0.00364713,-0.00266627,-0.00188129,-0.00640327,-0.00196541,0.00033722,-0.00
020572,0.00015689,0.00001145,0.00002714,-0.00001397,0.00005528,0.00003570,-0.000
04171,0.00001918,-0.00001727,-0.00003943,-0.00000974,-0.00012554,-0.00079851,-0.
00001661,-0.00045331,0.00039345,0.00017021,-0.00003010,0.00000418,0.00014712,-0.
00011617,0.00048129,0.00009742,0.00003145,-0.00006629,0.00003570,0.00011135,-0.0
0000283,-0.00000359,0.00010321,0.00005190,0.00003283,0.00004572,-0.00001343,0.00
000998,0.00004959,0.00003349,-0.00002718,0.00005054,0.00000631,-0.00003790,-0.00
046672,-0.00035072,0.00002726,-0.00018661,-0.00017587,0.00040760,0.01216219,-0.0
2319437,-0.00104717,-0.00180902,0.00264067,-0.00080022,-0.00002906,0.00016634,-0
.00018335,0.00003183,0.00007431,0.00000074,-0.00000323,-0.00003730,-0.00000641,-
0.00003831,-0.00000477,-0.00004351,0.00016512,0.00011026,-0.00031854,-0.00002347
,-0.00002908,-0.00000712,0.00084547,0.00047898,-0.00025909,-0.00144158,-0.004444
18,0.00224414,0.00003785,-0.00002069,-0.00002859,0.00005362,-0.00009457,0.000011
25,0.00002877,0.00001487,0.00005014,-0.00034269,-0.00000995,0.00019817,-0.000035
27,0.00009851,0.00015290,0.00109110,-0.00073461,-0.00016250,0.00007654,-0.000070
75,-0.00001219,-0.00008234,-0.00004709,0.00007307,0.00003450,0.00003567,-0.00003
778,0.00013543,-0.00016853,-0.00006632,0.00128249,-0.00059676,0.00009944,-0.0002
4871,0.00009637,-0.00012933,0.07913199,-0.16022343,-0.04284931,-0.00043272,0.001
59721,0.00025812,0.00369476,-0.00550016,-0.00408994,-0.00038400,0.00079833,0.000
16646,-0.00058707,0.00078270,0.00008263,0.00003354,0.00011180,0.00018176,-0.0896
8093,0.19140869,0.00017349,-0.00000060,0.00004378,-0.00022412,0.00275630,0.00026
900,-0.00065558,-0.00064625,0.00108869,-0.00002740,0.00008857,-0.00001710,-0.000
01299,-0.00001221,0.00001183,-0.00000808,-0.00000399,0.00001969,0.00002743,-0.00
001112,-0.00000888,-0.00004101,-0.00027509,-0.00001935,-0.00008478,-0.00013422,0
.00000083,-0.00007903,0.00002869,-0.00000857,-0.00000112,0.00011402,0.00002002,0
.00001576,-0.00003246,-0.00004404,-0.00001889,0.00000897,-0.00005063,-0.00004764
,-0.00000418,-0.00003525,0.00003580,0.00000189,-0.00004605,-0.00000091,0.0000081
6,-0.00002512,-0.00001022,0.00001258,-0.00002110,-0.00005596,-0.00013340,-0.0000
0408,-0.00000459,0.00002588,-0.00003882,-0.00623573,0.01197062,0.00207426,-0.000
21533,0.00022825,-0.00127240,0.00001107,0.00008508,0.00002141,-0.00002908,0.0000
1846,0.00004897,-0.00006666,-0.00004239,0.00001764,-0.00003905,-0.00005029,0.000
02026,0.00009384,0.00002130,-0.00006344,-0.00000165,0.00001808,0.00001228,-0.000
46791,-0.00008258,-0.00018738,0.00058242,0.00268016,-0.00116059,0.00005087,0.000
03182,-0.00001627,-0.00001237,-0.00000134,0.00000409,-0.00000517,-0.00002261,0.0
0002072,0.00032418,-0.00012097,0.00008830,0.00002523,0.00001408,0.00008685,0.000
03428,-0.00017759,-0.00004528,-0.00005300,0.00000931,-0.00005946,0.00008736,0.00
005882,-0.00012547,0.00002160,-0.00013007,0.00000287,0.00012595,-0.00000761,-0.0
0005590,0.00006195,0.00024972,0.00079753,-0.00033855,0.00004741,-0.00024048,0.02
898434,-0.04279724,-0.05532755,-0.00250255,0.00311327,0.00204238,0.01394128,-0.0
2432330,-0.01422684,-0.00102197,-0.00002049,0.00038098,0.00039512,-0.00001768,0.
00007004,-0.00031184,0.00037222,0.00013010,-0.03292103,0.04894179,0.07096466,-0.
00002526,-0.00010108,-0.00018479,0.00000304,0.00010531,0.00008235,-0.00040223,0.
00041393,0.00016423,0.00006508,-0.00005641,-0.00000238,0.00000044,-0.00000188,-0
.00000498,0.00000726,-0.00000216,-0.00000552,0.00000592,-0.00000341,-0.00001578,
-0.00030300,0.00002525,0.00036480,-0.00000437,-0.00007383,-0.00007657,0.00007148
,-0.00003427,-0.00000955,0.00011563,-0.00009566,-0.00013432,0.00000799,0.0001138
5,0.00002721,0.00001578,-0.00000621,0.00002374,0.00007499,0.00002108,-0.00000746
,-0.00007920,0.00001748,0.00001732,-0.00000200,-0.00000147,0.00000019,0.00001145
,-0.00001042,-0.00000682,0.00006391,0.00008976,0.00002723,-0.00008042,-0.0000142
6,0.00021320,0.00027656,0.00023884,0.00011883,-0.00000586,-0.00008913,-0.0000885
2,0.00000992,-0.00001296,0.00001729,0.00002737,0.00000086,0.00000557,-0.00002248
,-0.00000583,0.00001463,-0.00000473,0.00000208,-0.00001717,0.00001367,0.00005824
,0.00002947,0.00000708,0.00000395,0.00001687,-0.00020820,0.00001362,-0.00031313,
0.00018855,-0.00019601,0.00012683,-0.00000188,-0.00001476,-0.00000743,0.00000633
,-0.00001980,-0.00001026,-0.00001781,-0.00000536,0.00000043,-0.00000301,-0.00009
866,-0.00004443,0.00000105,-0.00001529,-0.00001492,0.00004103,-0.00000882,-0.000
04070,-0.00001044,0.00000257,0.00000342,0.00000179,0.00000641,-0.00000478,-0.000
00522,-0.00001821,-0.00001187,-0.00001471,0.00000065,0.00004111,-0.00005394,-0.0
0009290,-0.00003598,0.00008642,-0.00006472,0.00005599,0.00137309,-0.00181044,0.0
0158186,0.00086330,-0.00081054,-0.00070520,-0.10058204,0.09488039,0.03398330,-0.
00002688,0.00000404,-0.00022302,-0.00008476,-0.00001750,0.00005435,-0.00009806,0
.00005529,-0.00001927,0.00078832,-0.00029574,-0.00028652,0.11184895,0.00005488,0
.00010907,0.00018551,0.00017092,-0.00026525,0.00008429,0.00034589,-0.00022898,-0
.00024378,-0.00004551,0.00003271,-0.00000356,-0.00000836,-0.00000568,0.00000921,
-0.00000986,0.00000225,0.00000740,0.00000626,0.00000516,0.00001992,-0.00010040,-
0.00012284,-0.00022597,-0.00014449,0.00012255,-0.00001466,-0.00010097,-0.0000148
5,0.00001934,0.00007279,0.00009572,0.00007552,-0.00003580,-0.00007114,0.00004614
,0.00000253,-0.00001692,-0.00001201,-0.00006405,-0.00003622,0.00002652,0.0000260
0,0.00002937,-0.00000101,0.00000754,0.00000795,-0.00001407,-0.00000243,0.0000094
9,-0.00001040,-0.00018792,-0.00014244,0.00003992,-0.00000435,-0.00000607,-0.0001
4265,-0.00041693,0.00074997,0.00060281,-0.00008082,0.00018533,0.00007693,-0.0000
1640,0.00003440,-0.00007125,0.00000728,-0.00000190,-0.00002395,0.00003554,0.0000
1009,-0.00002775,0.00002407,0.00004013,-0.00000509,-0.00000314,-0.00004952,-0.00
009153,0.00001230,-0.00000774,0.00000481,0.00020882,0.00016516,0.00022471,-0.000
00829,0.00035945,-0.00013469,0.00000579,-0.00000748,0.00000786,0.00000293,0.0000
0212,0.00000827,0.00001119,-0.00000059,-0.00000344,0.00006252,0.00000888,-0.0000
2896,-0.00000054,0.00003497,0.00004326,-0.00003671,-0.00000114,0.00000437,0.0000
1987,-0.00000678,-0.00000790,-0.00000652,-0.00000974,0.00001398,-0.00000164,0.00
002549,0.00002006,0.00001374,0.00000194,-0.00000656,0.00003027,0.00009262,0.0000
7575,-0.00007614,0.00000284,-0.00005235,0.00313816,-0.00594976,-0.00633969,0.000
18985,0.00020407,0.00045408,0.09429499,-0.20607514,-0.05740602,-0.00060275,0.000
37238,-0.00020924,0.00008477,-0.00019879,-0.00000269,0.00002450,0.00009715,0.000
29305,-0.00034207,0.00045168,-0.00158067,-0.11075070,0.23671381,-0.00002204,0.00
008380,0.00010665,0.00011167,-0.00040968,-0.00013214,0.00027759,-0.00030825,-0.0
0030859,-0.00001068,0.00001802,0.00000575,-0.00000769,0.00000002,0.00000315,-0.0
0001118,0.00000568,0.00000008,-0.00000862,0.00000510,0.00001862,0.00044926,0.000
12509,-0.00022459,-0.00000903,0.00014606,0.00018258,-0.00005883,-0.00002760,-0.0
0000828,-0.00031587,0.00005876,0.00004972,-0.00000709,-0.00001497,0.00002322,0.0
0000936,-0.00001701,-0.00000815,-0.00003553,-0.00000417,0.00002281,0.00001996,0.
00001344,0.00002922,0.00000127,0.00000217,-0.00000429,-0.00000783,0.00000302,-0.
00000361,-0.00006156,-0.00012409,0.00000412,0.00000814,-0.00001359,-0.00005300,0
.00024043,-0.00091651,0.00123808,-0.00015665,0.00038330,0.00010256,0.00000016,0.
00000616,-0.00004982,-0.00000718,0.00000131,-0.00002315,0.00001914,0.00000871,-0
.00000411,0.00001895,0.00002054,0.00000818,-0.00000628,-0.00003628,-0.00003884,0
.00000979,-0.00002326,-0.00000718,-0.00004922,-0.00006489,0.00034173,-0.00029062
,0.00036465,-0.00028181,-0.00000700,-0.00000814,0.00000622,-0.00000315,0.0000033
7,0.00000292,0.00002117,0.00000226,-0.00000432,-0.00005012,0.00011154,0.00002097
,-0.00000126,0.00001828,0.00001173,-0.00001557,-0.00003632,0.00002265,0.00002066
,0.00000055,0.00001510,-0.00002349,-0.00001336,0.00002900,-0.00000586,0.00004446
,0.00001647,0.00000850,0.00001517,0.00000213,0.00000584,0.00009022,-0.00004661,0
.00003290,-0.00000156,-0.00001814,0.01456625,-0.02630456,-0.01465361,0.00098172,
-0.00003886,0.00079192,0.03477732,-0.05817728,-0.06419682,-0.00065226,0.00022861
,0.00002909,-0.00005011,0.00009312,-0.00006942,0.00012201,0.00014475,0.00027250,
-0.00077085,-0.00201563,-0.00648115,-0.04031724,0.06962206,0.07619074,0.00045676
,0.00026853,0.00024928,-0.00094212,0.00028464,-0.00048050,0.00067791,-0.00099696
,-0.00316553,0.00006857,-0.00002066,0.00003496,-0.00003474,-0.00001431,-0.000035
60,-0.00003602,0.00006600,-0.00002099,0.00007289,0.00008460,0.00001140,0.0003569
6,0.00047791,-0.00022058,0.00025245,-0.00000194,0.00018819,-0.00005326,0.0001171
6,0.00011569,-0.00018597,0.00001583,0.00008677,-0.00007760,-0.00011281,-0.000087
16,-0.00013505,-0.00007435,0.00000734,-0.00007447,0.00002757,0.00002910,0.000079
27,-0.00010422,-0.00003848,0.00001374,-0.00000704,-0.00001114,0.00000667,0.00001
454,0.00000706,0.00029625,0.00016967,0.00000279,-0.00106391,0.00016622,-0.000144
63,-0.00095922,0.00007151,0.00015588,0.00081651,-0.00025310,-0.00012368,-0.00002
324,-0.00003622,-0.00002664,0.00006183,0.00006068,0.00011523,0.00001512,-0.00004
862,-0.00003810,0.00012046,-0.00002725,0.00008710,-0.00019785,-0.00010709,0.0000
5862,0.00003147,-0.00000666,-0.00002124,0.00028395,-0.00121741,0.00285021,-0.000
09275,-0.00005637,-0.00010685,-0.00005399,-0.00004048,0.00004195,-0.00003571,0.0
0002519,-0.00001167,0.00000603,0.00000068,-0.00003219,0.00019664,-0.00005091,-0.
00016860,-0.00002688,-0.00006835,0.00001964,-0.00005862,-0.00006217,0.00007842,-
0.00004852,0.00002560,0.00000932,0.00001947,-0.00003079,0.00005709,0.00002063,0.
00002698,-0.00000861,-0.00005616,0.00003575,0.00000580,-0.00005688,-0.00011484,-
0.00013427,0.00010690,0.00007785,0.00007180,-0.00637774,-0.00048732,-0.00437308,
0.00022965,-0.00062985,-0.00215485,-0.25763827,-0.02277432,-0.03904314,0.0004686
3,-0.00021869,0.00005529,0.00015922,0.00023205,0.00003648,-0.00038460,-0.0001713
4,-0.00016561,0.00060043,-0.00041435,0.00037904,-0.01954889,0.00103334,-0.001592
81,0.29743753,-0.00017305,-0.00014620,-0.00025866,-0.00012574,0.00001626,0.00002
145,0.00017019,0.00055847,-0.00029309,0.00008279,-0.00008259,-0.00000228,0.00000
497,-0.00000780,-0.00000243,0.00000458,-0.00000681,0.00000357,0.00000610,-0.0000
0141,-0.00002008,-0.00023826,-0.00066866,0.00058035,0.00002890,-0.00001575,-0.00
003895,0.00010248,-0.00003833,-0.00000445,0.00016453,0.00000866,-0.00024063,-0.0
0001966,0.00020623,0.00001980,-0.00004506,-0.00002284,0.00005631,0.00011328,0.00
000998,-0.00001481,-0.00019744,-0.00013055,-0.00000877,-0.00000993,-0.00001107,-
0.00000176,0.00001214,-0.00002382,-0.00001767,0.00016856,0.00029668,0.00009083,-
0.00003530,0.00010298,0.00021710,0.00030479,0.00005671,0.00040360,0.00002350,-0.
00007569,0.00004878,0.00004463,-0.00002514,0.00001753,0.00003662,-0.00002019,-0.
00001910,0.00000346,-0.00001499,0.00001224,-0.00001060,0.00004806,-0.00003574,-0
.00004520,0.00005207,0.00006634,-0.00000827,0.00000085,0.00002218,0.00004940,-0.
00028314,0.00078286,0.00006368,-0.00006479,-0.00002662,-0.00001833,-0.00003046,0
.00000872,0.00000117,-0.00003670,-0.00001521,-0.00003459,-0.00001169,0.00001503,
0.00005512,-0.00016119,-0.00009043,-0.00001894,-0.00004271,-0.00002524,0.0000089
3,-0.00006835,-0.00009916,-0.00001021,0.00000599,0.00001997,-0.00000249,-0.00000
717,0.00002524,-0.00001187,-0.00000751,-0.00000522,-0.00004615,0.00002172,0.0000
9245,-0.00014231,-0.00011028,-0.00013117,0.00028189,-0.00016549,0.00007507,-0.00
472058,-0.00042427,-0.00200287,-0.00035387,0.00041817,-0.00106789,-0.02407983,-0
.04643223,-0.00459976,-0.00006174,-0.00005948,-0.00005318,0.00013574,0.00009698,
0.00005317,-0.00028735,0.00014386,-0.00007206,-0.00058927,0.00004858,-0.00023708
,0.02758362,0.00102349,0.00350095,0.02863718,0.05061842,-0.00120338,-0.00009878,
-0.00018377,-0.00077050,0.00004116,-0.00032034,0.00146123,-0.00123378,-0.0021050
4,0.00005725,-0.00000864,0.00001271,-0.00003154,0.00000517,0.00001529,-0.0000308
8,-0.00000261,0.00001255,-0.00000116,-0.00000784,0.00002184,0.00063254,0.0013134
3,-0.00049135,0.00046587,-0.00001061,0.00034461,0.00011084,-0.00004425,-0.000120
98,-0.00049241,-0.00033337,0.00008336,0.00012576,0.00020426,-0.00002091,0.000057
17,-0.00000799,-0.00006210,-0.00001512,0.00004704,-0.00000832,0.00006363,0.00007
054,0.00011947,-0.00004676,-0.00002122,-0.00002081,-0.00006514,0.00000798,0.0000
0777,0.00068019,0.00028775,-0.00017890,0.00028220,-0.00016527,0.00031430,-0.0006
5351,-0.00060634,0.00096477,0.00048888,-0.00006106,0.00033316,0.00015732,-0.0000
5759,0.00011382,-0.00009274,-0.00000241,-0.00003552,-0.00006330,0.00002729,0.000
06625,0.00005152,-0.00004766,0.00004396,0.00003887,-0.00004248,0.00019260,0.0000
1369,0.00000260,-0.00002839,0.00001120,0.00101342,-0.00051406,0.00008354,-0.0001
1134,0.00001559,-0.00000178,0.00000975,0.00000278,-0.00002649,0.00005743,-0.0000
0732,0.00002396,-0.00000805,0.00001785,-0.00004982,0.00017415,-0.00007727,0.0000
1214,-0.00000939,-0.00003560,-0.00001529,-0.00005111,0.00003485,-0.00002514,0.00
002300,0.00002339,-0.00001563,-0.00000509,0.00000518,0.00000142,0.00003357,0.000
00702,-0.00007950,0.00009626,0.00002571,-0.00007168,-0.00009289,-0.00008227,0.00
008890,-0.00009216,0.00016885,-0.02934828,-0.00328303,-0.00888249,-0.00127710,-0
.00061141,-0.00616103,-0.04043540,-0.00471326,-0.04849556,0.00023119,-0.00001186
,-0.00007051,0.00018103,0.00004205,-0.00007443,-0.00172221,-0.00040825,-0.000474
02,-0.00040418,-0.00004175,0.00083618,0.00842724,0.00057294,0.00226974,0.0479229
1,0.00597498,0.05943517,-0.00004746,0.00011192,-0.00001627,0.00011908,-0.0000010
3,-0.00035203,-0.00026299,-0.00062767,0.00046712,-0.00000201,0.00001648,0.000000
57,-0.00000489,0.00000083,-0.00000522,-0.00001170,0.00000798,-0.00000016,0.00000
601,-0.00000264,-0.00000144,0.00018666,0.00044073,-0.00016872,-0.00000365,-0.000
00397,0.00008357,-0.00002878,-0.00002819,-0.00001725,-0.00013560,-0.00003643,0.0
0005084,0.00000528,-0.00005093,0.00000525,0.00002230,0.00002000,-0.00000156,-0.0
0002901,-0.00001738,0.00001151,0.00005865,0.00007340,0.00002576,0.00001169,0.000
01141,-0.00000270,-0.00000126,0.00000793,-0.00000376,0.00005763,-0.00004066,-0.0
0002326,0.00003127,-0.00003989,-0.00005664,-0.00008556,-0.00019678,-0.00056420,-
0.00009140,0.00008557,0.00004851,0.00001039,-0.00002460,-0.00001340,-0.00000202,
0.00001074,0.00001028,-0.00000103,-0.00000019,-0.00000189,0.00002910,-0.00000548
,0.00001972,0.00001149,-0.00000351,-0.00000705,0.00000100,0.00000839,-0.00002749
,-0.00000796,-0.00024732,0.00083092,-0.00004593,0.00007477,0.00002965,0.00003336
,0.00000157,-0.00001192,-0.00000317,0.00002914,0.00000080,0.00001786,0.00001164,
-0.00000518,-0.00003619,0.00014276,-0.00001471,0.00001063,0.00002535,0.00001372,
-0.00003110,0.00000628,0.00004014,-0.00000308,0.00000305,-0.00001480,0.00000823,
-0.00001329,-0.00002323,0.00001269,0.00001512,0.00000848,0.00002740,0.00002336,-
0.00003948,0.00003112,0.00006115,0.00014381,-0.00016218,-0.00002853,-0.00000585,
0.00123453,0.00244775,-0.00157596,0.00050702,0.00052673,-0.00075082,-0.07293198,
-0.06578639,0.04231215,-0.00004783,0.00013301,0.00000592,-0.00000450,-0.00018577
,-0.00027463,-0.00009986,-0.00002568,0.00003004,-0.00010479,-0.00006120,0.000342
13,0.00538785,0.01324294,-0.00703096,-0.01458153,-0.02687032,0.01518550,0.080956
78,0.00002514,0.00004869,-0.00005463,-0.00001808,-0.00032198,-0.00055387,-0.0001
2551,-0.00054451,0.00046439,0.00002793,0.00001075,0.00003140,-0.00000089,0.00000
797,-0.00001451,-0.00000911,0.00001358,-0.00000835,-0.00000548,-0.00000170,-0.00
000501,0.00059844,0.00061070,-0.00014291,0.00016288,0.00005171,0.00030626,-0.000
01850,0.00001299,-0.00002035,-0.00043874,-0.00009718,0.00002924,-0.00002715,-0.0
0003346,-0.00002754,0.00000094,-0.00000195,-0.00000045,-0.00003498,-0.00002504,0
.00000846,0.00006203,0.00002131,0.00002372,0.00000216,0.00000534,0.00000894,-0.0
0000298,0.00000228,0.00000959,0.00011385,-0.00005847,-0.00004510,0.00010107,0.00
001140,-0.00011798,-0.00047328,0.00082470,0.00036115,-0.00026811,0.00025190,0.00
010054,0.00000744,-0.00005174,0.00000313,-0.00000531,-0.00000606,0.00001374,0.00
001953,-0.00000091,0.00000588,0.00001773,0.00000560,0.00003106,-0.00002228,0.000
00232,0.00000676,0.00000300,0.00000633,-0.00003731,0.00001948,-0.00022369,0.0004
9058,-0.00009767,0.00028501,-0.00023324,0.00001512,0.00000853,-0.00000975,-0.000
00935,0.00002967,-0.00000260,0.00001752,0.00001181,-0.00000368,-0.00010574,0.000
20170,0.00006481,-0.00000210,-0.00000919,-0.00001404,-0.00002959,-0.00002621,0.0
0005619,-0.00000769,0.00000838,0.00000577,0.00000398,-0.00001084,-0.00002067,0.0
0000949,0.00001818,0.00000056,0.00002003,0.00002153,-0.00003291,0.00001902,0.000
06293,0.00002054,-0.00005237,0.00001675,-0.00000868,0.00067461,0.00173444,0.0005
8754,0.00012480,0.00034352,-0.00055334,-0.06483391,-0.19260045,0.09308705,0.0000
6899,-0.00032496,0.00012982,0.00017528,0.00040511,-0.00000583,-0.00000139,-0.000
04088,-0.00023083,-0.00004768,0.00054617,-0.00023342,-0.00866212,-0.02777037,0.0
1322876,-0.00372535,-0.00448184,0.00247810,0.07677938,0.22093659,-0.00019135,0.0
0002360,0.00002922,0.00020861,0.00202983,0.00081866,0.00020125,0.00051771,-0.000
49303,-0.00003828,0.00000532,0.00000861,-0.00000662,-0.00000923,0.00001056,0.000
00040,-0.00000590,0.00000762,-0.00000823,0.00001520,0.00001227,-0.00040881,-0.00
039928,-0.00011446,-0.00053380,-0.00034809,-0.00073483,0.00000848,-0.00002120,0.
00002332,0.00037577,0.00008292,0.00005342,0.00002337,0.00000411,0.00006381,0.000
02166,-0.00000406,0.00000450,0.00002493,0.00000785,0.00000509,-0.00001734,0.0000
1324,-0.00001838,0.00000389,0.00000027,-0.00001668,0.00000324,0.00000474,-0.0000
1633,-0.00000334,0.00011286,0.00001936,-0.00010752,-0.00007438,0.00012273,-0.000
30955,-0.00058990,-0.00752138,0.00051774,-0.00068316,0.00000790,0.00000304,0.000
02486,-0.00000190,0.00001286,0.00000765,-0.00002137,0.00000629,0.00000468,-0.000
00892,0.00000984,0.00000749,-0.00001522,-0.00002212,-0.00001443,0.00000358,-0.00
001797,-0.00002680,0.00002899,-0.00048716,-0.00042898,0.00046323,0.00005761,-0.0
0009087,0.00003729,-0.00003936,-0.00001906,0.00000614,0.00000478,-0.00002989,0.0
0000036,-0.00001182,-0.00001058,-0.00000525,0.00001498,-0.00023451,-0.00007206,0
.00001431,0.00000303,0.00001246,0.00008555,0.00003740,-0.00002139,0.00000066,-0.
00000809,0.00000825,-0.00003071,0.00002211,0.00004548,-0.00000519,-0.00000769,-0
.00001148,-0.00005051,-0.00002871,0.00003076,0.00003835,-0.00007066,-0.00016938,
0.00010158,0.00000570,0.00005466,0.00964626,0.02389504,-0.02106591,0.00082367,0.
00055317,0.00095209,0.04232204,0.09373732,-0.10058489,-0.00013509,0.00004664,-0.
00006709,-0.00061913,-0.00060780,-0.00015631,0.00022972,-0.00003875,0.00035600,0
.00014849,0.00036626,0.00049111,-0.00274919,-0.00593093,0.00478257,-0.00046634,-
0.00262642,0.00288831,-0.04867521,-0.10917987,0.11973390,-0.00013348,0.00022242,
-0.00002565,-0.00032555,0.00018488,-0.00025419,-0.00086912,0.00004165,-0.0004306
2,-0.00007733,-0.00006670,-0.00000661,0.00002468,-0.00000105,-0.00000449,-0.0000
2891,0.00004626,-0.00000078,-0.00003011,0.00001824,0.00002014,-0.09088438,0.0403
5638,-0.00532495,0.00041978,-0.00025707,0.00051463,0.00008350,0.00002701,0.00013
621,-0.05469860,0.02994226,-0.00969322,-0.00001131,0.00029178,-0.00072519,0.0003
2774,-0.00008597,-0.00013302,-0.00001549,0.00017631,0.00000553,-0.00001177,-0.00
001324,0.00053295,0.00008662,0.00000078,0.00006058,-0.00005441,0.00004157,0.0000
3160,-0.00008189,-0.00124133,-0.00042216,-0.00004918,-0.00022793,0.00027266,-0.0
0129895,-0.00117177,0.00072899,0.00049298,-0.00015730,0.00008539,0.00026178,-0.0
0010743,-0.00016374,-0.00016445,0.00006286,0.00010341,0.00018000,-0.00007073,0.0
0000535,-0.00016173,-0.00010103,0.00032066,-0.00022486,-0.00015965,0.00035740,-0
.00014013,-0.00003306,-0.00012799,0.00667868,0.00240494,-0.00195297,0.00055048,-
0.00159654,-0.00047318,0.00002205,0.00001029,0.00000810,0.00001575,0.00006512,0.
00002227,0.00041096,0.00033166,-0.00009242,0.00039352,-0.00071987,-0.00019907,0.
00003968,-0.00003916,-0.00002584,0.00000004,-0.00003694,-0.00000432,-0.00001223,
-0.00000331,-0.00000105,-0.00002696,0.00001003,0.00001270,0.00001768,0.00002957,
0.00000593,-0.00001219,0.00005172,0.00001143,0.00001414,0.00001956,-0.00001122,-
0.00000453,-0.00000537,0.00001180,0.00028428,-0.00006645,-0.00017818,-0.00002919
,0.00007554,-0.00000473,-0.00007561,0.00006061,-0.00001195,0.00003638,-0.0000190
8,-0.00001873,0.00002116,0.00000848,-0.00000811,0.00000875,0.00000109,0.00002580
,-0.00001895,-0.00018638,0.00006175,0.00000253,-0.00005794,-0.00000253,0.0000209
2,-0.00001715,0.00008308,0.00002903,0.00003967,0.00000297,0.49916907,0.00033128,
-0.00019253,0.00013479,0.00149220,-0.00071478,0.00068249,-0.00089547,0.00012319,
0.00103696,-0.00012329,-0.00008451,-0.00006083,-0.00000990,-0.00001057,0.0000294
4,0.00001358,-0.00002970,0.00000157,-0.00000611,-0.00002606,0.00003352,0.0503494
6,-0.12639289,0.01008335,-0.00064703,0.00042534,-0.00052218,-0.00007384,0.000148
93,0.00003718,0.00954481,0.00373004,0.00176413,0.00025475,-0.00020061,0.00028252
,-0.00014259,0.00000536,0.00002607,-0.00001590,-0.00000241,0.00004980,0.00014794
,-0.00012475,-0.00013541,-0.00000599,-0.00000581,-0.00003172,0.00002995,-0.00001
337,-0.00001054,-0.00107666,-0.00009119,0.00029655,-0.00034992,0.00003417,0.0001
2248,0.00080940,0.00071132,0.00033449,-0.00067553,0.00039587,-0.00010448,-0.0001
3439,0.00013402,0.00000594,0.00002949,0.00009706,-0.00004100,-0.00006122,-0.0000
4827,-0.00007243,-0.00004972,0.00003134,-0.00014825,0.00019926,0.00004606,-0.000
11779,0.00011420,-0.00012692,0.00000855,0.01422215,-0.04982117,0.00549238,-0.000
70219,-0.00214477,0.00021502,-0.00002203,-0.00000802,0.00000015,0.00007812,-0.00
007839,0.00002671,-0.00010697,-0.00009029,0.00005768,0.00076753,-0.00077554,-0.0
0039363,0.00004646,-0.00002197,0.00008854,0.00009731,0.00010554,-0.00014231,0.00
005031,-0.00005271,-0.00005754,0.00000801,0.00000276,0.00001919,-0.00001662,-0.0
0003519,0.00000057,0.00003062,-0.00009526,0.00000951,0.00000543,0.00003838,0.000
00835,-0.00001500,0.00003379,-0.00002032,0.00034387,-0.00023535,-0.00013985,0.00
006456,0.00002262,0.00003195,-0.00002285,0.00002572,0.00001078,-0.00007303,0.000
02160,0.00003561,-0.00003927,0.00000109,-0.00001346,0.00000973,-0.00002130,0.000
01079,-0.00010627,0.00007465,0.00016053,-0.00007937,0.00001502,0.00002463,-0.000
08903,-0.00005517,-0.00017875,-0.00001272,-0.00000593,0.00001681,0.05180206,0.47
127145,-0.00132983,0.00028010,0.00067909,0.00020298,-0.00020019,-0.00055648,0.00
042332,-0.00091278,0.00454980,0.00003620,0.00007090,0.00001538,0.00002255,0.0000
0598,-0.00001926,0.00000130,0.00001624,-0.00005575,0.00000706,0.00000409,-0.0000
1470,-0.00844324,0.00696197,-0.06866077,-0.00003043,0.00009196,0.00018399,0.0000
6875,-0.00024080,0.00008462,-0.00600436,0.00507961,0.01285589,0.00023401,0.00013
925,0.00027669,0.00002266,-0.00001282,0.00018658,0.00007943,0.00004846,-0.000274
01,0.00008110,-0.00018968,0.00010010,0.00000216,0.00000590,0.00000578,0.00002049
,-0.00003095,0.00001565,0.00112596,-0.00065832,-0.00024293,0.00034917,-0.0004397
0,-0.00084676,0.00121048,0.00022154,-0.00136794,-0.00012313,0.00013280,0.0001007
7,0.00023481,-0.00028708,0.00009903,-0.00004225,-0.00004097,-0.00001761,0.000085
19,0.00004431,0.00000725,-0.00011667,0.00010876,0.00037137,-0.00081975,0.0002401
1,0.00060841,-0.00008142,0.00016459,0.00000924,-0.00288985,0.00680283,0.00792843
,0.00017343,0.00029163,0.00039150,0.00000790,-0.00001097,-0.00001225,-0.00004340
,0.00002512,-0.00001046,-0.00011572,0.00008953,-0.00004162,-0.00017598,0.0002184
6,-0.00069537,0.00004879,-0.00010909,-0.00004138,-0.00008351,0.00002940,0.000061
26,-0.00000603,-0.00000505,-0.00001522,-0.00001555,0.00000380,0.00000261,0.00000
795,0.00001762,-0.00000447,0.00001583,0.00005966,-0.00003261,0.00000636,0.000001
51,0.00001238,-0.00001723,-0.00002280,0.00000512,0.00004338,-0.00012840,0.000066
06,-0.00001301,0.00001768,-0.00000748,-0.00006493,-0.00011890,0.00006572,0.00003
823,0.00000584,-0.00000251,-0.00000169,-0.00000513,0.00000562,0.00000012,-0.0000
0510,-0.00000695,0.00001439,-0.00012436,0.00002500,-0.00001435,0.00002257,-0.000
05216,-0.00003534,-0.00004672,0.00003951,0.00001171,0.00000823,0.00001707,-0.005
16987,0.00975936,0.48756348,-0.00016381,-0.00002416,0.00012691,0.00050790,0.0001
2254,-0.00036117,-0.00019726,0.00001649,0.00016221,0.00002127,-0.00000648,0.0000
0574,0.00004142,-0.00000865,-0.00000490,0.00002661,-0.00000512,-0.00000693,0.000
00271,0.00001757,0.00000051,-0.01033572,0.00307301,-0.01795372,-0.00013012,-0.00
011915,0.00028787,0.00002451,-0.00005141,0.00002304,-0.00295303,0.00293377,0.001
30978,0.00002031,0.00000740,0.00001824,0.00002665,0.00001478,0.00004254,0.000050
50,0.00000414,-0.00003507,0.00003038,-0.00002793,0.00005563,0.00002982,0.0000010
5,0.00001607,0.00000672,-0.00000710,0.00001137,0.00028727,-0.00001236,-0.0001940
7,0.00002491,-0.00007794,-0.00008826,0.00012466,-0.00023759,0.00011174,-0.000256
61,0.00001005,0.00020956,0.00007951,-0.00001178,0.00008847,-0.00000113,-0.000048
48,0.00000675,0.00002314,0.00002735,0.00001629,-0.00006699,-0.00007408,0.0000743
6,-0.00027742,0.00000402,0.00015039,-0.00021036,0.00020300,0.00007671,-0.0006739
5,-0.00097972,0.00061094,-0.00002184,-0.00105925,0.00058526,-0.00000115,-0.00000
327,-0.00000181,-0.00000365,-0.00000257,-0.00000322,-0.00001524,0.00001783,-0.00
007545,-0.00003207,0.00010650,-0.00006773,0.00000183,-0.00000872,-0.00002897,-0.
00000711,-0.00002552,0.00001765,-0.00000332,-0.00000243,0.00000550,-0.00000370,0
.00001194,-0.00000011,0.00000355,-0.00000350,0.00000093,0.00000150,0.00000475,-0
.00000232,-0.00001520,-0.00000660,-0.00000159,0.00000120,-0.00001361,0.00001683,
-0.00005146,0.00003879,0.00001003,-0.00001139,-0.00003145,0.00001006,-0.00002515
,-0.00002508,0.00001719,-0.00000567,-0.00000628,0.00002225,-0.00001698,0.0000109
7,-0.00000740,0.00001094,-0.00001812,-0.00000150,0.00000163,0.00001614,-0.000016
34,0.00001494,0.00002378,-0.00000047,-0.00002117,-0.00001376,-0.00000451,-0.0000
0317,-0.00001339,0.00000277,-0.08387730,-0.01012470,-0.09724128,0.09771266,0.000
21063,-0.00001556,-0.00023089,0.00075915,-0.00113491,0.00046282,0.00041010,-0.00
032001,-0.00056702,-0.00001946,-0.00000157,-0.00000023,-0.00001999,0.00000206,-0
.00000065,-0.00001312,0.00000148,0.00000754,0.00000547,-0.00001252,0.00000460,0.
00979117,0.00131722,0.02118505,-0.00041894,0.00066819,-0.00043206,-0.00004486,0.
00007203,-0.00003818,0.00268910,-0.00235625,-0.00064896,-0.00001072,-0.00003614,
-0.00002689,-0.00003046,-0.00000488,-0.00002506,-0.00005459,-0.00004137,0.000050
20,-0.00001735,-0.00004384,-0.00004011,-0.00001422,0.00000003,-0.00001204,-0.000
00398,0.00000448,-0.00000023,-0.00024179,0.00013315,0.00012208,-0.00012591,0.000
11459,0.00012676,-0.00026389,-0.00040895,0.00013583,-0.00032461,0.00031834,-0.00
019255,-0.00003828,0.00003925,-0.00003870,0.00000678,0.00001117,-0.00000425,-0.0
0004548,0.00001167,-0.00000789,0.00006003,0.00002144,-0.00007377,0.00017440,-0.0
0004753,-0.00014041,0.00014147,0.00000842,-0.00002092,0.00106871,-0.00009586,-0.
00059892,-0.00107491,-0.00124531,0.00097056,-0.00001096,-0.00000288,0.00000886,0
.00000174,0.00000331,0.00000177,0.00001652,-0.00005398,-0.00000626,0.00009024,-0
.00016166,0.00014439,-0.00000896,0.00001564,0.00002433,0.00002552,0.00001145,-0.
00001138,-0.00000895,0.00001175,-0.00000175,0.00002482,-0.00001115,-0.00000057,0
.00000045,-0.00000446,0.00000317,-0.00000695,-0.00000860,0.00000533,0.00000860,-
0.00000071,0.00000168,0.00000057,0.00001590,-0.00002136,-0.00009293,0.00000894,0
.00002320,-0.00000869,0.00002466,-0.00001263,0.00004308,0.00003691,-0.00001426,-
0.00002059,0.00000892,0.00001712,0.00003228,0.00004018,-0.00002702,-0.00003549,-
0.00003676,-0.00002146,0.00002012,0.00011342,-0.00002349,0.00001402,-0.00000030,
0.00000023,-0.00000875,0.00003004,-0.00004734,-0.00000698,0.00001205,-0.00006270
,-0.00829814,-0.04181438,-0.01136916,0.00923319,0.04717513,0.00015464,-0.0001067
8,0.00004268,-0.00000050,0.00044269,0.00029550,-0.00019569,0.00012843,-0.0000850
1,0.00001671,-0.00001934,0.00000391,0.00001662,0.00000742,-0.00001036,0.00001589
,0.00000831,-0.00002025,-0.00000401,0.00000567,0.00000082,-0.00641940,0.00175249
,-0.00534342,0.00022816,-0.00026682,-0.00002609,0.00000391,-0.00001616,0.0000316
9,0.00036013,0.00120396,0.00030374,-0.00002788,-0.00002616,0.00002185,0.00001255
,0.00005171,0.00001766,0.00003695,-0.00004260,-0.00001247,0.00007355,-0.00004351
,0.00001094,0.00001824,0.00000800,0.00000427,0.00002138,0.00000240,0.00001740,0.
00001469,-0.00008517,-0.00006616,-0.00003846,-0.00006302,0.00002903,-0.00061401,
0.00020896,0.00021060,0.00015845,-0.00012090,-0.00013762,0.00001126,0.00001697,0
.00002099,-0.00000904,-0.00003373,-0.00001290,0.00003003,0.00000184,-0.00000216,
-0.00003378,0.00002081,0.00004536,-0.00011480,0.00000157,-0.00001571,-0.00003785
,0.00004650,0.00012475,-0.00016468,0.00036398,0.00054395,0.00100340,0.00057645,-
0.00021889,-0.00000201,-0.00001014,-0.00000406,-0.00000052,-0.00000196,-0.000000
20,-0.00001710,-0.00000906,-0.00004752,0.00000293,0.00001544,-0.00001750,0.00000
867,-0.00001663,-0.00002400,-0.00000436,-0.00003272,0.00000946,0.00000450,-0.000
00530,0.00000454,-0.00001099,0.00000658,0.00000122,0.00000179,0.00000354,0.00000
070,0.00000463,0.00000053,-0.00000104,-0.00001268,0.00000514,-0.00000191,0.00000
037,-0.00000807,0.00001314,0.00015140,-0.00010866,-0.00006495,0.00000015,-0.0000
1368,0.00003834,-0.00001462,0.00000075,-0.00001304,0.00004797,-0.00000029,-0.000
04861,-0.00001948,-0.00005030,0.00000691,0.00001652,0.00001996,0.00004753,0.0000
1651,-0.00013485,0.00005236,-0.00003831,-0.00002365,-0.00003899,0.00001261,-0.00
005148,0.00000888,-0.00000583,-0.00001658,0.00004009,-0.09226826,-0.01576603,-0.
23688715,0.10852694,0.01655027,0.27145848,0.00001186,-0.00023489,-0.00004564,-0.
00028655,0.00024975,0.00022230,-0.00002747,0.00034735,-0.00022426,0.00001368,0.0
0001148,0.00000960,0.00000246,0.00000315,-0.00000310,-0.00000298,-0.00002399,0.0
0000923,0.00000590,-0.00001721,-0.00001680,0.00895986,0.01373727,0.00091088,0.00
009919,-0.00012331,-0.00005508,0.00008653,-0.00003231,-0.00001480,0.00216877,-0.
00015612,0.00027832,0.00000570,0.00003963,0.00003022,0.00002700,0.00000297,0.000
01720,-0.00000476,-0.00000757,0.00000888,0.00003355,0.00007254,-0.00001683,-0.00
001236,0.00001123,0.00000366,-0.00000745,-0.00001096,-0.00000853,0.00002117,0.00
010791,-0.00002756,0.00002795,-0.00004429,0.00002021,-0.00049738,-0.00021838,0.0
0004850,0.00033041,-0.00022329,-0.00006738,0.00001229,-0.00002616,-0.00000649,0.
00001324,-0.00000743,0.00000581,-0.00001876,-0.00002038,-0.00002979,-0.00000752,
0.00002047,0.00005171,0.00003184,0.00005193,0.00004292,0.00002527,0.00001295,-0.
00001598,-0.00228592,0.00362879,-0.00087527,0.00024827,-0.00036850,-0.00002481,0
.00001788,0.00000403,0.00000264,-0.00000157,0.00000054,-0.00000594,-0.00013486,0
.00008484,0.00000549,-0.00017091,0.00019340,0.00005928,-0.00001228,0.00000707,-0
.00001039,-0.00001804,-0.00000250,0.00001041,0.00000236,0.00000076,0.00000446,-0
.00000780,-0.00000778,-0.00000259,-0.00000310,0.00000203,-0.00000238,-0.00000110
,0.00000260,0.00000183,-0.00000200,-0.00000003,0.00000403,-0.00000030,-0.0000084
3,0.00000527,0.00009340,-0.00000637,-0.00004552,0.00002451,-0.00001421,0.0000184
4,0.00000045,0.00000822,-0.00000489,0.00005271,0.00000794,-0.00002172,-0.0000096
1,-0.00003322,0.00001089,0.00001299,0.00002228,0.00002108,-0.00001047,-0.0001118
7,0.00002593,0.00002108,0.00001366,-0.00006417,-0.00001248,-0.00000882,0.0000217
0,0.00000905,-0.00002229,0.00001747,-0.11720842,-0.11362712,-0.00643562,-0.00882
681,-0.01308906,-0.00285723,0.13217805,0.00004935,0.00062142,0.00023713,0.000104
28,0.00003764,0.00020447,-0.00036331,0.00020693,0.00024784,-0.00007425,0.0000623
6,0.00000273,-0.00001471,-0.00001616,0.00002140,-0.00003558,0.00002486,0.0000294
2,-0.00001717,0.00002566,0.00004737,-0.01235387,-0.02802450,-0.00061617,0.000011
40,-0.00000535,-0.00002592,-0.00003982,0.00009847,0.00004249,-0.00172761,0.00340
043,-0.00033527,0.00006454,-0.00012791,-0.00008872,0.00004727,-0.00004762,-0.000
05237,-0.00008693,0.00001520,-0.00000538,0.00004914,-0.00015306,0.00009391,0.000
05343,0.00000006,-0.00001465,-0.00001790,0.00003364,-0.00002936,-0.00055009,-0.0
0041677,0.00008637,-0.00007620,-0.00006381,0.00008227,0.00055661,0.00000452,0.00
024084,0.00003377,0.00004005,-0.00003047,-0.00003451,0.00004839,-0.00007052,-0.0
0006609,0.00008406,0.00001031,0.00007510,-0.00008280,-0.00000116,-0.00003016,-0.
00001333,-0.00003789,0.00005288,-0.00006455,-0.00013160,-0.00005182,-0.00021379,
-0.00008667,0.00326881,-0.00562986,0.00023211,0.00022305,-0.00004982,-0.00000444
,0.00000051,0.00003455,-0.00000482,0.00002691,-0.00000188,0.00001989,0.00026326,
-0.00000112,0.00003278,0.00025447,-0.00037521,-0.00014420,0.00001474,-0.00000123
,0.00002903,0.00000637,0.00005648,-0.00003710,0.00002345,-0.00001670,-0.00001393
,-0.00001795,0.00001055,0.00002410,-0.00000135,0.00001185,0.00000528,0.00001391,
-0.00002014,0.00000170,0.00002678,0.00003211,0.00000473,-0.00001179,0.00002099,-
0.00001840,0.00008435,0.00005978,-0.00008293,-0.00000292,0.00002486,0.00000745,-
0.00002391,-0.00000250,0.00003631,0.00002083,0.00000372,-0.00000782,0.00000452,-
0.00001275,0.00001232,0.00002196,0.00001899,0.00001784,-0.00001322,0.00005719,0.
00002645,0.00000484,-0.00000991,-0.00003703,-0.00002325,0.00000648,-0.00006178,-
0.00000463,-0.00000570,0.00000143,-0.11275278,-0.21239291,-0.01118010,-0.0040740
6,-0.00353989,-0.00210700,0.13000436,0.24750943,0.00001949,-0.00001774,-0.000002
49,-0.00009295,0.00017502,0.00011308,0.00006421,0.00006639,0.00017898,0.00000975
,0.00000673,-0.00000028,-0.00000875,0.00000812,-0.00000015,-0.00000768,0.0000056
8,-0.00000376,-0.00000348,0.00000684,-0.00000344,0.00177143,0.00378100,0.0007152
5,0.00001473,-0.00003346,-0.00001810,-0.00001145,-0.00002116,-0.00000867,0.00061
510,-0.00024047,-0.00073823,-0.00004382,0.00001506,0.00001275,-0.00001793,-0.000
00791,0.00000422,0.00000658,0.00000884,-0.00000708,-0.00002620,0.00008209,-0.000
00259,-0.00001432,0.00000141,0.00000554,0.00000582,-0.00000556,-0.00000570,-0.00
001764,-0.00001861,0.00004934,0.00004796,0.00000341,-0.00006191,-0.00014911,-0.0
0000698,0.00023937,0.00002477,-0.00000289,-0.00001893,-0.00001492,-0.00003687,-0
.00002522,0.00000184,0.00001163,-0.00000378,0.00002149,-0.00001679,0.00000870,0.
00002040,0.00003691,-0.00001888,0.00002228,0.00002626,-0.00002634,-0.00003123,-0
.00009996,-0.00003156,-0.00065724,0.00091548,0.00075750,0.00002809,-0.00017124,-
0.00025366,0.00000455,-0.00000126,-0.00000697,-0.00000136,0.00000013,-0.00000417
,0.00002901,-0.00000574,0.00009193,-0.00005094,0.00006797,-0.00001271,0.00000150
,-0.00000491,-0.00000592,-0.00000598,0.00000143,0.00000606,0.00000340,-0.0000011
4,0.00000053,-0.00000713,-0.00000025,-0.00000186,-0.00000080,0.00000361,-0.00000
335,-0.00000058,0.00000186,-0.00000277,0.,-0.00000161,-0.00000180,0.00000101,-0.
00000219,0.00000375,0.00002911,-0.00005664,-0.00001693,0.00000501,-0.00000567,0.
00000185,0.00000072,0.00001103,-0.00000570,-0.00001040,-0.00000899,-0.00000892,-
0.00000432,-0.00000494,0.00000814,0.00000612,0.00001643,0.00000274,-0.00000329,-
0.00001920,0.00000060,-0.00001971,-0.00002665,0.00003591,0.00001992,-0.00000359,
0.00002002,-0.00000611,0.00001047,0.00001678,-0.00656899,-0.01136433,-0.04497270
,-0.01752537,-0.02487435,-0.00363928,0.00814998,0.01247169,0.04742442,0.00028975
,-0.00013843,-0.00009262,-0.00005105,0.00017649,0.00005453,-0.00018149,0.0000420
3,-0.00017607,0.00004753,-0.00001707,0.00001529,0.00000832,0.00000251,-0.0000072
5,-0.00000240,0.00001509,-0.00000718,0.00000190,-0.00000594,-0.00001419,-0.01665
668,0.00418212,0.01324148,0.00010254,-0.00006491,-0.00002235,-0.00005687,0.00003
585,0.00002451,-0.00336755,0.00335955,-0.00214804,-0.00013914,0.00000254,-0.0001
0662,-0.00003924,-0.00003785,-0.00002276,-0.00000516,-0.00001148,0.00002011,-0.0
0013468,0.00006022,0.00005038,0.00000954,-0.00000134,0.00001845,0.00001296,-0.00
000273,0.00000413,-0.00009618,-0.00008981,0.00006809,0.00010569,0.00010739,-0.00
009806,0.00023988,-0.00024911,0.00034485,-0.00007513,0.00004324,-0.00008333,-0.0
0005306,-0.00002517,-0.00008094,0.00004031,-0.00002118,0.00001241,0.00006826,0.0
0000577,0.00000232,0.00001084,0.00004376,-0.00002267,-0.00000562,0.00000074,-0.0
0003553,-0.00001573,-0.00005932,-0.00009378,-0.00015213,-0.00117739,-0.00112121,
0.00035222,-0.00059885,-0.00015787,0.00001307,-0.00001351,-0.00000300,-0.0000004
5,0.00001381,-0.00000766,0.00010179,0.00001713,0.00004803,0.00000618,0.00009576,
0.00005813,0.00000118,-0.00001379,-0.00002088,-0.00000647,-0.00004639,0.00003468
,-0.00000790,-0.00000072,0.00000314,-0.00000245,-0.00000974,-0.00001720,0.000007
79,0.00000460,-0.00000429,0.00000076,0.00000292,-0.00000577,-0.00001578,0.000002
58,0.00000227,-0.00000729,-0.00000129,0.00000918,0.00012350,-0.00009710,0.000060
90,-0.00001008,-0.00002999,-0.00001912,-0.00000175,0.00000094,-0.00002933,0.0000
1362,-0.00003578,0.00000055,-0.00001914,0.00001454,0.00000511,-0.00002525,-0.000
00390,-0.00000945,-0.00001385,-0.00007387,-0.00000374,0.00018260,-0.00006237,-0.
00004832,-0.00009924,0.00010784,-0.00001731,-0.00004547,-0.00004849,0.00000206,-
0.15906516,-0.00153773,0.12473870,0.00913223,-0.00046915,-0.00806006,-0.01496656
,-0.00289501,0.01437742,0.18444648,-0.00021244,0.00005841,0.00014251,0.00021125,
-0.00009423,-0.00047261,0.00045975,-0.00043429,0.00062571,-0.00001001,0.00002444
,-0.00000138,-0.00000560,0.00000704,-0.00000070,-0.00000407,0.00000045,-0.000006
11,-0.00000307,0.00001715,0.00000911,0.01480451,0.00019959,-0.01715215,-0.000104
94,0.00010175,0.00009772,0.00001065,-0.00003651,-0.00003235,0.00392724,-0.002247
38,0.00170858,0.00002331,0.00002237,0.00010960,-0.00000455,-0.00000224,0.0000354
8,-0.00001251,-0.00001318,-0.00003374,0.00003418,-0.00003487,-0.00003635,-0.0000
1409,0.00000194,-0.00000697,0.00000031,-0.00000790,0.00000129,0.00015692,0.00002
411,0.00002698,-0.00004572,-0.00006556,-0.00007779,0.00087471,-0.00045310,-0.000
31722,-0.00043880,0.00024761,0.00017198,0.00002355,-0.00002926,0.00001844,-0.000
00182,0.00000307,-0.00003469,-0.00000708,0.00001829,0.00000585,0.00001997,0.0000
2932,-0.00000924,-0.00002889,0.00002217,-0.00001030,-0.00000990,-0.00001875,0.00
005696,-0.00018309,0.00008275,0.00160589,-0.00102035,-0.00120149,-0.00073392,-0.
00001655,-0.00000718,0.00000716,-0.00000883,-0.00000062,-0.00000025,-0.00002705,
-0.00005506,0.00001369,-0.00000369,-0.00001940,-0.00010207,0.00000204,-0.0000037
3,0.00000753,-0.00000357,0.00001690,0.00000123,-0.00000299,0.00000460,0.,0.00000
904,0.00000085,0.00001226,0.00000073,0.00000123,0.00000240,0.00000043,0.00000451
,-0.00000268,0.00000984,-0.00000523,-0.00000489,0.00000640,0.00000252,-0.0000109
7,0.00001204,-0.00023944,-0.00003796,0.00000846,0.00000158,-0.00002152,0.0000837
4,-0.00006677,-0.00001748,-0.00010772,0.00001122,0.00001675,0.00001821,0.0000453
2,-0.00000055,0.00001007,0.00001265,-0.00000142,-0.00001718,0.00010953,0.0000299
2,-0.00018615,-0.00000571,0.00021827,0.00007532,-0.00003639,-0.00000351,0.000002
79,0.00011314,0.00000469,0.00117065,-0.04178257,-0.00483075,0.00122521,0.0011676
7,-0.00226979,-0.02020266,-0.00126137,0.01932563,-0.00049800,0.04577005,-0.00017
920,0.00013087,-0.00007959,0.00021108,-0.00009481,-0.00034607,0.00004334,0.00002
653,-0.00017290,-0.00002850,0.00001150,-0.00000949,0.00000061,-0.00001152,0.0000
0762,-0.00000137,-0.00001329,0.00001605,0.00000547,0.00000311,0.00001002,0.00083
044,0.00017731,0.00247386,-0.00020237,0.00005380,0.00007751,0.00000966,-0.000011
27,-0.00002482,-0.00157887,-0.00015320,-0.00036009,0.00007144,0.00001352,-0.0000
0198,0.00001054,-0.00000214,-0.00000543,0.00001031,0.00002887,0.00001290,0.00000
157,0.00001164,0.00001373,0.00000223,-0.00000314,-0.00000148,-0.00001303,-0.0000
0199,-0.00001358,0.00004663,0.00018114,-0.00006372,-0.00003320,-0.00000610,0.000
05146,0.00056193,-0.00021805,-0.00005894,-0.00023269,0.00010293,0.00025056,0.000
04027,0.00001348,0.00007393,-0.00003013,0.00001621,0.00002614,-0.00005937,-0.000
00784,0.00000481,0.00000149,-0.00008539,0.00000761,0.00000801,-0.00002202,0.0000
5753,-0.00006710,0.00008832,0.00002377,-0.00037772,-0.00077310,0.00060172,-0.000
89348,-0.00093844,-0.00007684,-0.00000243,0.00001779,-0.00000390,0.00000342,-0.0
0001047,0.00000067,-0.00002597,0.00000877,-0.00002414,-0.00000139,-0.00003107,0.
00002198,-0.00000624,0.00001721,0.00001409,0.00001379,0.00003543,-0.00001965,0.0
0000151,0.00000393,-0.00000215,0.00000640,0.00000708,0.00000385,-0.00000527,-0.0
0000814,0.00000073,-0.00000552,-0.00000459,0.00000441,0.00000898,-0.00001090,0.0
0000070,0.00000316,0.00000105,-0.00000437,-0.00016777,0.00010917,0.00001736,0.00
001096,-0.00001176,-0.00003113,-0.00002385,-0.00000180,0.00002222,-0.00006766,0.
00000427,0.00005841,0.00000489,0.00004286,-0.00001016,-0.00000076,-0.00001910,-0
.00003690,-0.00002293,0.00014865,-0.00006125,0.00001270,0.00007986,0.00007268,-0
.00000227,0.00000403,0.00000547,0.00001961,0.00000079,-0.00003992,0.12088270,-0.
00157753,-0.16149484,0.02100167,-0.00025230,-0.02666746,0.00086442,0.00095610,0.
00021638,-0.14066014,0.00197373,0.18546267\\-0.00001181,-0.00001948,-0.00000920,
0.00000444,0.00000047,0.00000805,-0.00001003,0.00000751,0.00000114,0.00000266,0.
00000442,-0.00000444,-0.00000558,0.00000028,-0.00000302,0.00000026,-0.00000280,-
0.00000087,0.00000271,-0.00000518,-0.00000225,0.00001017,0.00000288,-0.00000211,
-0.00000555,0.00000165,-0.00000568,-0.00000182,-0.00000361,0.00000234,0.00001323
,-0.00001259,0.00000703,0.00000420,0.00001086,-0.00000374,0.00000045,0.00000666,
-0.00000075,0.00000473,0.00000419,0.00000019,-0.00000446,0.00000203,-0.00000077,
-0.00000126,-0.00000357,0.00000134,0.00000030,-0.00000058,0.00000019,0.00000329,
0.00000554,0.00000548,-0.00000949,0.00000299,-0.00000475,-0.00000519,-0.00000082
,0.00000636,0.00000705,-0.00000233,-0.00000523,0.00000021,0.00001026,-0.00000066
,-0.00000524,0.00000487,0.00000082,0.00000737,0.00000452,0.00000453,0.00001072,0
.00000992,0.00000602,-0.00000096,-0.00000284,0.00000026,-0.00000104,-0.00000342,
-0.00000171,-0.00000529,-0.00000780,0.00000038,-0.00000118,-0.00000032,-0.000000
05,-0.00000291,-0.00000159,0.00000431,-0.00000004,-0.00000110,-0.00000125,-0.000
00128,-0.00000493,-0.00000312,0.00000071,-0.00000057,-0.00000214,0.00000288,0.00
000127,0.00000293,0.00000340,-0.00000376,0.00000403,-0.00000139,-0.00000099,0.00
000099,0.00000010,-0.00000069,0.00000069,-0.00000164,0.00000049,-0.00000118,-0.0
0000191,0.00000308,-0.00000001,-0.00000110,0.00000139,0.00000023,0.00000042,-0.0
0000196,-0.00000283,0.00000080,-0.00000343,-0.00000144,0.00000060,0.00000625,0.0
0000512,0.00000450,0.00000047,0.00000104,0.00000142,-0.00000122,-0.00000220,-0.0
0000097,-0.00000083,0.00000230,0.00000032,-0.00000218,-0.00000375,-0.00000164,-0
.00000055,-0.00000192,-0.00000100,-0.00000038,0.00000118,-0.00000390,0.00000067,
-0.00000144,0.00000044,-0.00000074,-0.00000035,0.00000147,-0.00000457,0.00000031
,-0.00000155,0.00000019,-0.00000082,0.00000084,0.00000199,0.00000012,-0.00000148
,-0.00000002,0.00000031\\\@
