1\1\GINC-ECHO\Freq\External='./xtb.sh'\ZDO\C24H36Fe1N2O4Pd1\ECHO\14-Oct-2024\0\\
#p freq external='./xtb.sh'\\Generate automatically by rxnb\\0,1\Fe,-2.05779,-0.
28647,0.47525\C,0.94744,-1.14853,-2.19759\Pd,-0.01813,0.72317,-0.3452\C,-2.27802
,2.52799,0.28176\H,-4.12268,0.72001,-0.96597\H,-1.8286,0.04857,-2.30133\H,-0.963
24,-2.16571,-1.2934\C,2.40565,0.28832,0.41809\O,0.82135,-1.97665,-3.0859\C,-2.00
407,1.48278,1.29024\O,2.19719,1.45066,0.80446\C,-0.95267,-0.29061,2.14769\C,-2.3
1732,-0.46236,2.3811\C,-2.98197,0.66358,1.86578\H,-0.19835,-0.94624,2.51884\H,-2
.75171,-1.34779,2.77986\H,-4.02857,0.83545,1.811\H,0.16636,1.59358,1.88245\C,-0.
68978,0.9978,1.595\C,1.6051,-1.58516,-0.8411\O,0.6111,0.07757,-2.28832\C,-2.7131
4,-2.07244,0.05368\C,-3.7675,-1.14481,0.11046\C,-3.49567,-0.13032,-0.82764\C,-2.
28679,-0.42896,-1.46511\C,-1.81034,-1.64312,-0.92142\H,-2.59938,-2.89431,0.7201\
N,1.40437,-0.51626,0.10071\H,2.67409,-1.67143,-1.07791\H,-3.27578,2.32689,-0.104
3\H,-2.25781,3.5522,0.67796\C,-4.95068,-1.25307,0.97657\H,-5.56715,-2.08961,0.65
22\H,-4.64737,-1.43696,2.00001\H,-5.55323,-0.35218,0.92937\N,-1.28912,2.36402,-0
.79629\C,-0.17752,3.31427,-0.6644\C,-1.88939,2.55417,-2.10971\H,-0.51146,4.3444,
-0.86137\H,0.25064,3.27633,0.33955\H,0.60573,3.05484,-1.39022\H,-2.16198,3.60555
,-2.27313\H,-1.17416,2.25604,-2.87685\H,-2.78303,1.94621,-2.20641\C,1.10887,-2.9
5056,-0.31739\C,2.29298,-3.82762,0.0896\C,0.15532,-2.78191,0.87259\H,2.92244,-4.
04415,-0.7703\H,2.89483,-3.3199,0.8409\H,1.94186,-4.77126,0.50369\H,0.60204,-3.4
5451,-1.14799\H,0.75408,-2.6494,1.77031\H,-0.50501,-1.91688,0.7489\H,-0.43798,-3
.68419,0.99894\O,3.63525,-0.27142,0.37044\C,5.98148,-0.46703,0.41481\C,4.81224,0
.50923,0.64366\C,4.89338,1.68965,-0.32718\C,4.79287,1.00154,2.09285\H,6.56252,-0
.60117,1.32282\H,5.58343,-1.43331,0.11596\H,6.64077,-0.11033,-0.3713\H,4.85117,1
.32669,-1.3526\H,5.8249,2.22911,-0.17579\H,4.05934,2.36611,-0.15861\H,4.70014,0.
15447,2.76977\H,5.71378,1.53601,2.31135\H,3.94737,1.66681,2.24597\\Version=ES64L
-G16RevC.01\HF=-99.7788208\RMSD=0.000e+00\RMSF=5.310e-06\ZeroPoint=0.5638078\The
rmal=0.5966336\ETot=-99.1821873\HTot=-99.1812431\GTot=-99.2760439\Dipole=0.,0.,0
.\PG=C01 [X(C24H36Fe1N2O4Pd1)]\NImag=1\\0.42158865,0.10770081,0.44740921,0.07459
772,0.15073006,0.58503640,0.00047064,-0.00000922,-0.00031220,0.24401406,-0.00187
572,-0.00442951,-0.00572103,-0.05391173,0.76596440,-0.00111403,-0.00032314,-0.00
007768,0.07630255,0.23804964,0.54907015,-0.08038537,-0.03870412,0.01990788,0.000
30333,0.00576190,0.00298300,0.25843924,-0.03999890,-0.02925648,0.01483702,0.0030
8178,-0.00618656,-0.00156523,-0.02278089,0.17798136,0.02200982,0.01580360,-0.002
87181,0.00752795,-0.01429293,0.01322795,-0.02118128,-0.00257289,0.21632276,-0.00
290663,0.00041138,-0.00178250,-0.00035669,0.00098848,-0.00003219,-0.00330930,0.0
0240518,0.00273981,0.50510202,0.00193357,0.00043367,0.00698102,0.00021437,-0.000
59061,0.00005107,0.00352703,-0.00108073,-0.00392871,0.01960384,0.50077090,0.0022
3582,-0.00633971,0.00045657,0.00018333,-0.00057398,-0.00023137,0.00140730,-0.001
42387,-0.00094384,0.05075118,-0.00390071,0.44603651,-0.00067892,0.00283138,0.001
94747,0.00008217,0.00016925,-0.00004976,-0.00123511,0.00071067,-0.00036898,-0.00
067519,0.00014454,-0.00055783,0.14875918,-0.00203221,0.00144069,-0.00090937,-0.0
0000240,-0.00010663,0.00008026,0.00016490,-0.00019687,0.00013239,-0.00167158,-0.
00163637,-0.00116620,-0.15489963,0.24951118,0.00028655,0.00282162,-0.00003748,-0
.00001170,-0.00011288,0.00002701,0.00023938,0.00016092,-0.00003680,-0.00099716,-
0.00005646,-0.00061144,0.01598709,-0.04191997,0.03740157,0.00029117,0.00199990,-
0.00172892,-0.00206688,0.00242463,-0.00071185,-0.00001896,-0.00109679,-0.0033324
8,0.00001584,0.00000271,-0.00004583,-0.00022087,-0.00019546,-0.00069022,0.096303
88,0.00108323,0.00138978,-0.00194827,0.00118511,0.00047735,0.00065846,-0.0009493
7,0.00220065,-0.00063670,0.00017028,-0.00017803,-0.00027978,-0.00007496,-0.00010
581,-0.00034237,0.05668053,0.10945636,0.00163853,0.00317483,0.00288396,-0.000616
47,0.00086552,0.00073796,-0.00463910,-0.00053672,-0.00452549,0.00024380,0.000150
01,-0.00042212,-0.00029998,-0.00038078,-0.00051623,-0.11372810,-0.12289913,0.230
02337,0.00288685,-0.00260011,-0.00198707,-0.00143886,-0.00502756,0.00030730,0.00
140642,-0.00006797,0.00031444,-0.00008340,-0.00014135,-0.00008007,0.00013686,0.0
0017670,0.00051974,0.00005213,-0.00040836,-0.00058225,0.25716508,0.00342648,-0.0
0030756,0.00274085,-0.00280967,0.00126413,0.00054657,-0.00081953,-0.00342792,-0.
00178662,0.00004710,0.00026824,0.00000833,0.00062520,0.00007221,-0.00046244,-0.0
0007465,-0.00027560,-0.00009411,-0.13825050,0.11912051,0.00468233,0.00016882,0.0
0126810,0.00242069,0.00335641,0.00330568,-0.00026443,-0.00207928,0.00006857,-0.0
0000092,0.00014484,0.00008496,-0.00072655,0.00058324,0.00046231,-0.00059725,-0.0
0053096,-0.00025284,-0.09756758,0.04803223,0.07544749,0.00179475,0.00190888,-0.0
0081849,0.00014275,0.00083422,-0.00287802,-0.01975506,0.00072657,-0.00181200,-0.
00059404,0.00021384,0.00058383,0.00025884,-0.00029180,0.00005709,-0.00006163,0.0
0005422,-0.00016067,-0.00009831,-0.00047170,-0.00037949,0.54836578,-0.00191879,-
0.00122367,0.00172214,-0.00553454,0.00980416,-0.00542290,0.02008776,0.01316632,0
.01224950,-0.00014128,-0.00035544,0.00038227,0.00001536,-0.00011384,-0.00001169,
-0.00058035,-0.00020677,-0.00030429,-0.00088380,-0.00027371,-0.00049636,0.029946
44,0.75284191,-0.00068135,0.00053341,0.00099115,-0.00163216,-0.00180960,-0.00503
954,0.00028633,0.00282061,0.00253816,-0.00019155,-0.00000968,0.00030616,0.000046
21,-0.00005663,-0.00000235,-0.00038498,-0.00005343,-0.00018966,-0.00038934,-0.00
032124,-0.00015293,0.03766078,0.20843964,0.25096409,0.00042957,0.00076974,0.0006
5476,-0.07144323,-0.03542261,-0.04686921,-0.00143103,0.00045850,-0.00151681,0.00
002386,-0.00001858,0.00003569,-0.00004987,0.00004344,0.00001385,0.00050583,-0.00
060601,-0.00000650,-0.00080670,0.00027336,-0.00073543,0.00085880,0.00219912,0.00
032098,0.04206021,0.00158521,0.00236580,0.00167635,-0.04004822,-0.31235732,-0.27
436318,-0.00204103,-0.00115105,0.00406892,-0.00038713,0.00014308,0.00033458,-0.0
0016184,0.00005660,0.00001076,-0.00059805,-0.00047569,-0.00029173,0.00212641,-0.
00015764,-0.00178732,0.00267917,-0.00122346,-0.00007924,0.03158810,0.39358628,0.
00128637,0.00112301,0.00091383,-0.04807170,-0.27380971,-0.37363322,-0.00249898,-
0.00041328,-0.00265364,-0.00014870,0.00007275,0.00022271,-0.00003944,-0.00006709
,-0.00004129,0.00000026,-0.00052523,-0.00040071,0.00200882,0.00043041,-0.0023454
4,0.00557687,0.00376554,0.00003404,0.06678213,0.33635863,0.43366079,-0.01448326,
-0.00955895,-0.00613622,-0.00089227,0.00489787,-0.00050763,-0.00841789,0.0047804
6,0.01355207,-0.07247785,0.02318695,-0.02943139,0.00009319,0.00051791,0.00013436
,-0.00041026,-0.00037264,-0.00037918,0.00025261,-0.00008930,-0.00024354,-0.00211
867,-0.00029648,-0.00051348,-0.00032492,-0.00199524,-0.00075847,0.56346923,0.001
02441,-0.09837519,-0.03421887,-0.00002319,0.00029714,-0.00017045,-0.00331665,0.0
0037203,0.00135701,0.02935914,-0.14693885,0.09446453,0.00071489,-0.00049899,0.00
012871,-0.00039118,0.00012646,0.00038246,-0.00007086,0.00015358,0.00033767,-0.00
033085,-0.00069002,-0.00055173,0.00001676,-0.00015870,0.00000959,0.01103767,0.55
590022,-0.00234460,-0.02286879,-0.03865192,-0.00007041,0.00014789,-0.00023645,0.
00415388,-0.00485052,-0.00024902,-0.02870058,0.09060294,-0.13013027,-0.00009448,
0.00017803,0.00011984,0.00013815,0.00000898,0.00017591,-0.00017990,0.00020799,0.
00011092,-0.00021370,-0.00038866,-0.00015888,0.00009732,0.00004768,0.00018811,0.
00312147,-0.24556183,0.35144286,-0.00289358,-0.00141196,0.00202549,-0.00307845,0
.00424044,-0.00249819,-0.01158902,-0.00383284,-0.00422080,-0.00014966,-0.0002335
2,0.00020760,0.00001226,0.00002667,0.00000153,-0.00047529,-0.00036926,0.00001536
,-0.00040829,0.00018649,0.00004177,-0.08294425,0.04750391,0.01822922,0.00097784,
-0.00115517,0.00048647,-0.00024623,-0.00043388,-0.00009151,0.13267847,0.00060408
,-0.00006432,0.00019599,0.00561352,-0.01023680,0.00590881,-0.00444396,-0.0077895
8,-0.00616673,0.00004532,-0.00000897,-0.00008537,-0.00002270,0.00002621,0.000033
66,0.00026954,-0.00012368,0.00024503,0.00071288,0.00017329,0.00030213,0.05942323
,-0.45881503,-0.13637650,-0.00229616,0.00074834,-0.00464624,0.00004444,0.0005130
1,0.00029277,-0.06710189,0.58552639,-0.00081816,-0.00148725,-0.00030857,0.000276
72,0.00113693,0.00127533,-0.00476003,-0.00211879,-0.00396234,0.00002564,0.000014
13,-0.00018779,0.00003884,0.00003190,0.00001492,0.00002485,-0.00010574,0.0000618
3,0.00013247,0.00018703,0.00013947,0.02341547,-0.13718412,-0.10857624,-0.0001717
1,-0.00046272,-0.00046322,-0.00010847,0.00060827,-0.00037593,-0.01390904,0.18485
796,0.09782840,-0.04271653,0.01286240,-0.04222346,-0.00058736,0.00253334,-0.0002
5495,-0.00399501,-0.00483191,0.00896280,-0.00460275,0.00004557,-0.00101098,0.000
41681,-0.00016311,0.00067011,0.00013846,0.00009172,0.00048340,-0.00034668,-0.000
22397,-0.00010302,-0.00082183,-0.00082838,-0.00052698,-0.00003515,-0.00105838,-0
.00037520,-0.00005921,0.02209872,-0.00706489,0.00007837,0.00033162,0.00039772,0.
70552518,0.01152259,-0.02339673,0.00044593,-0.00037124,0.00295528,-0.00033429,-0
.00505317,-0.00031784,0.00774516,0.00317728,0.00050915,0.00205444,-0.00028464,-0
.00042810,-0.00042394,0.00013499,-0.00000918,0.00019086,0.00018663,0.00002638,0.
00016407,-0.00106839,-0.00046460,-0.00059276,-0.00011493,-0.00121351,-0.00046707
,0.03098258,-0.02731345,0.02327867,-0.00011817,0.00018459,-0.00044972,-0.1005359
3,0.53051142,-0.02653778,0.00571499,-0.06196855,0.00060023,-0.00183168,0.0002965
3,-0.00312806,0.00277362,-0.00321599,-0.00150293,-0.00068710,0.00111618,0.000306
24,-0.00021122,0.00020724,-0.00004431,0.00017528,0.00080759,-0.00008491,0.000407
13,0.00079161,-0.00087066,-0.00160324,-0.00036219,0.00009034,0.00068883,0.000172
25,-0.00499995,0.01140150,-0.01124517,-0.00065717,0.00092894,0.00005614,0.064780
76,-0.20661958,0.24241084,0.00515212,-0.00554875,0.03055529,0.00071088,-0.001997
56,0.00090179,0.00120229,-0.00119951,-0.00059237,-0.00256198,-0.00151899,0.00048
547,0.00002513,-0.00005342,-0.00029508,-0.00034707,0.00000668,-0.00005448,0.0001
5178,-0.00004280,0.00014596,0.00011319,-0.00019562,0.00031374,-0.00008419,0.0008
6467,0.00001213,0.01707537,-0.00499235,-0.00628252,-0.00041183,0.00010993,-0.000
18635,-0.33545376,-0.02478903,0.01488195,0.59062934,-0.01070587,-0.02106516,0.01
410533,-0.00017256,0.00101565,-0.00009266,0.00026212,-0.00021960,0.00113122,-0.0
0276337,0.00069430,0.00228712,-0.00017604,-0.00014077,0.00015440,-0.00022869,-0.
00047976,-0.00056140,-0.00005156,0.00002722,-0.00004049,-0.00047674,-0.00007624,
-0.00005812,-0.00007619,-0.00042563,-0.00015488,-0.02029616,-0.03902799,0.033603
94,-0.00007670,0.00005581,0.00010501,-0.03886218,-0.06519312,0.02485849,0.064063
45,0.61387122,0.01140181,0.00159159,-0.12181031,-0.00005858,0.00084665,0.0000830
8,0.00076312,0.00163619,-0.00100782,0.00119364,0.00050510,-0.00001845,0.00072688
,0.00001748,0.00072768,-0.00063032,-0.00053616,-0.00020149,0.00003047,0.00030138
,0.00054679,-0.00037599,-0.00023439,-0.00041774,-0.00014645,-0.00028689,-0.00012
361,0.00223004,0.01599318,-0.00831006,-0.00047832,0.00003075,0.00012944,0.069055
42,0.02687992,-0.04913776,-0.08195482,-0.26164729,0.32047465,-0.03857345,0.04213
532,0.04966383,0.00011024,-0.00036156,0.00014563,-0.00276220,0.00157484,0.000378
20,0.00347260,0.00013899,-0.00185505,-0.00030397,0.00021780,-0.00100584,0.000028
14,0.00009304,-0.00011675,-0.00037278,-0.00032168,-0.00039835,0.00010062,-0.0000
2854,-0.00009833,0.00001139,0.00004006,-0.00004115,-0.20306048,-0.12675589,0.075
51001,-0.00033302,-0.00006800,0.00022703,-0.04533155,0.01922474,-0.00319333,-0.1
2801990,0.10949749,-0.05229415,0.79408370,0.03170705,-0.02221988,-0.05094404,0.0
0028431,-0.00120973,0.00032481,0.00089102,0.00024007,-0.00110481,-0.01496134,-0.
01507595,0.01353984,0.00024942,-0.00034607,0.00023893,0.00015944,0.00019619,0.00
049088,-0.00059342,-0.00017510,0.00027756,0.00011805,-0.00011190,-0.00011892,0.0
0005020,0.00055330,0.00014394,-0.08766128,-0.14664602,0.06871383,-0.00050249,-0.
00022472,-0.00002890,0.02924019,-0.00141140,-0.01269951,0.08799062,-0.22659882,0
.10848915,-0.08471189,0.47159245,0.02482933,-0.04653479,-0.08203324,-0.00032971,
0.00203169,-0.00039341,-0.00039385,0.00009824,0.00065613,0.00945680,0.00776415,-
0.00921421,0.00060412,-0.00035311,0.00017670,-0.00007408,0.00004359,0.00031172,-
0.00057234,-0.00043420,-0.00058262,-0.00034041,-0.00002049,-0.00026264,-0.000057
65,-0.00079494,-0.00020397,0.07740229,0.09134512,-0.08095987,-0.00000011,-0.0000
2057,0.00020964,-0.02592752,0.00108002,0.01464184,-0.02381724,0.08209198,-0.0689
8791,-0.06030932,-0.15124331,0.26160578,0.00092867,-0.00006957,0.00298254,0.0000
5906,-0.00019653,-0.00001576,0.00016340,0.00027446,-0.00106103,0.00040572,-0.000
39718,0.00005494,0.00009044,-0.00012711,0.00027479,0.00002897,-0.00010000,0.0001
0420,-0.00001211,0.00010849,0.00012960,-0.00009323,-0.00037173,0.00034789,-0.000
00855,0.00005454,-0.00002467,-0.00065277,-0.00132778,0.00040393,-0.00021836,0.00
014610,-0.00018331,-0.18934586,0.12788339,-0.07396096,-0.01879768,0.01663985,-0.
00850894,-0.00557774,0.00002866,-0.00060661,0.20651175,-0.00146396,0.00012202,0.
00033051,-0.00018685,0.00033478,-0.00011764,0.00031054,-0.00030734,0.00146672,0.
00144715,-0.00017745,0.00050449,-0.00014486,-0.00011199,-0.00010201,-0.00001706,
-0.00008456,-0.00002184,-0.00013464,0.00004628,-0.00014848,-0.00062039,0.0002972
0,0.00048171,0.00000965,-0.00019080,-0.00004252,0.00063026,-0.00479626,0.0040585
5,0.00018424,-0.00017876,-0.00044021,0.12578377,-0.14653636,0.07050205,-0.000757
35,0.00230596,-0.00153372,-0.00018467,-0.00004909,0.00103760,-0.14440010,0.16756
723,-0.00038643,0.00584587,0.00364564,-0.00036483,0.00043528,-0.00054346,-0.0012
3775,0.00156132,-0.00190251,-0.00024791,-0.00017988,0.00050958,0.00006756,-0.000
05019,0.00003441,0.00004249,-0.00004010,0.00024872,-0.00031220,0.00008792,-0.000
16498,0.00120034,0.00105221,-0.00007236,0.00014216,-0.00012127,0.00025219,-0.000
77332,0.00157670,0.00079172,0.00005376,-0.00068273,0.00000279,-0.08091274,0.0718
5415,-0.06402679,0.00713291,-0.00579016,0.00160279,0.00213502,0.00100611,0.00139
969,0.07649848,-0.07379329,0.06676643,-0.00165493,0.00017041,-0.00106687,0.00012
551,-0.00028912,0.00003629,-0.00020226,-0.00059708,0.00055834,0.00045959,0.00046
413,-0.00030583,0.00004586,0.00008786,-0.00010006,-0.00010545,0.00009739,-0.0000
1452,-0.00002312,-0.00013390,-0.00005320,0.00024593,-0.00014105,0.00002090,-0.00
000619,0.00011598,0.00001494,-0.00200511,0.00198493,-0.00105924,-0.00007844,0.00
012853,0.00006820,-0.01026355,-0.02251215,0.01047487,-0.08600882,-0.10038971,0.0
4865038,0.00712346,0.01031926,-0.00551613,-0.00009061,-0.00035334,-0.00029660,0.
10235995,0.00107490,-0.00082841,-0.00227047,-0.00001531,-0.00020401,0.00000823,0
.00013391,-0.00057979,0.00025155,-0.00084565,0.00014486,0.00053277,-0.00013750,-
0.00005408,-0.00010731,0.00009166,-0.00004100,0.00002004,0.00002318,0.00006803,-
0.00007211,0.00015227,-0.00007231,0.00002700,-0.00000266,0.00008332,0.00003588,0
.00066638,-0.00389367,0.00435190,-0.00002810,0.00005383,0.00001300,-0.00212807,-
0.00251893,0.00073528,-0.10065339,-0.24530071,0.10098113,-0.00977144,-0.01544857
,0.00612632,-0.00011242,0.00030297,-0.00053250,0.11280424,0.26795509,0.00193990,
0.00447632,-0.00208169,-0.00004460,-0.00009865,0.00002869,-0.00028843,-0.0008370
0,0.00023020,0.00011132,-0.00037220,0.00035068,0.00033542,-0.00023161,0.00037332
,-0.00010123,-0.00017131,0.00034905,-0.00021352,0.00023308,0.00028658,0.00004256
,0.00011478,0.00000904,0.00002163,0.00008186,0.00006526,-0.00085343,0.00092014,0
.00179311,-0.00005731,-0.00015299,-0.00008770,0.00161928,-0.00009021,-0.00216516
,0.04907673,0.10140102,-0.06648360,0.00203413,0.00434826,-0.00511352,0.00007831,
-0.00047771,-0.00097084,-0.05081363,-0.11053052,0.07105551,-0.00086271,-0.001492
32,-0.00135701,-0.00002306,-0.00017089,-0.00007344,-0.00073030,0.00053592,0.0000
4747,0.00034802,0.00048889,-0.00054762,0.00007322,-0.00000455,0.00004231,0.00008
413,-0.00002174,-0.00019611,0.00008381,-0.00002956,-0.00003409,0.00029166,-0.000
02928,-0.00004043,0.00000369,0.00001539,0.00002612,-0.01757991,0.00207250,-0.001
09577,-0.00001959,0.00003420,0.00015497,-0.00260335,0.00121107,0.00037406,-0.008
98894,0.00103902,-0.00040813,-0.33487848,0.05114512,-0.01389021,-0.00016627,-0.0
0007304,0.00064814,0.00010437,0.00026842,0.00008606,0.37092951,0.00170245,-0.001
59963,0.00048603,0.00005325,-0.00014996,0.00003350,-0.00085392,0.00016538,0.0002
2264,-0.00044736,-0.00037617,-0.00091489,0.00016522,0.00024596,0.00006113,-0.000
19941,-0.00007092,0.00011029,-0.00015792,0.00007724,0.00024255,-0.00001512,-0.00
006885,0.00004714,0.00001835,0.00007981,0.00002015,-0.01748530,0.00264576,-0.002
27278,-0.00005381,-0.00000967,-0.00002427,0.00206274,-0.00290969,0.00232390,0.01
881562,-0.00177811,-0.00149981,0.05036404,-0.03935501,0.01032018,0.00085932,0.00
023705,-0.00024212,0.00021643,-0.00033538,-0.00024807,-0.04879428,0.04892567,0.0
0411216,-0.00136152,-0.00144478,-0.00001134,-0.00010283,0.00000410,-0.00033806,0
.00038911,-0.00057349,0.00069770,-0.00133457,-0.00003453,-0.00000826,0.00015424,
-0.00100378,-0.00005577,-0.00002581,0.00028172,-0.00012320,0.00025140,0.00011725
,0.00016903,0.00019138,0.00005215,0.00001443,0.00008040,0.00005121,0.00759458,-0
.00230063,-0.00037127,-0.00003891,-0.00013265,-0.00007091,-0.00356381,0.00315565
,0.00194299,-0.01228978,-0.00139310,-0.00192891,-0.01219272,0.01303424,-0.025797
71,-0.00067582,0.00014704,0.00047469,0.00018061,-0.00037972,-0.00101295,0.017896
92,-0.01033451,0.02780101,0.00178856,-0.00187699,-0.00336849,0.00035952,-0.00056
018,0.00029986,0.00231571,-0.00071966,0.00087408,0.00018349,-0.00001284,0.000328
71,0.00011083,-0.00004257,0.00013082,-0.00000832,0.00002675,0.00026080,0.0000537
4,0.00007984,0.00010224,0.00066350,0.00201078,0.00131941,-0.00010961,0.00006498,
-0.00009287,-0.01925809,-0.01091672,-0.00300749,-0.00445979,-0.00141452,-0.00066
458,-0.00433633,-0.00559710,0.00097494,0.00042052,-0.00112278,-0.00059734,-0.002
56433,0.00120642,-0.00151424,0.00037751,0.00015587,0.00022122,-0.00004679,-0.000
05059,-0.00029889,-0.00035755,-0.00032937,0.00029978,0.21591690,-0.00381022,0.00
128192,0.00042201,0.00008711,-0.00042577,0.00022884,0.00093346,-0.00016620,-0.00
912368,-0.00025486,0.00004377,-0.00039222,0.00008670,-0.00001293,0.00005669,0.00
000694,-0.00003753,0.00013827,-0.00007089,0.00007855,0.00006944,0.00159977,-0.00
098612,-0.00122030,0.00003872,0.00019384,0.00017438,0.00966774,0.00720859,0.0020
2390,-0.00126700,0.00049109,0.00183929,-0.01665365,-0.00950855,-0.00362772,-0.00
133048,-0.00278604,0.00128141,0.00134528,-0.00167534,0.00048559,0.00011465,0.000
00235,0.00026677,-0.00066626,0.00015757,0.00042659,0.00045533,0.00004582,-0.0003
5813,0.12604222,0.12699931,-0.00659683,-0.00223338,0.00694195,0.00020329,-0.0011
0735,0.00053105,0.00202573,-0.00487605,-0.01834424,0.00036081,0.00014733,-0.0000
2879,0.00005513,-0.00002648,0.00004309,-0.00006084,-0.00015421,0.00000818,-0.000
10938,0.00007635,-0.00005640,0.00161890,-0.00119931,-0.00024851,-0.00001009,0.00
055712,0.00025002,0.00600542,-0.00104068,0.00001496,0.00148285,0.00093591,0.0010
7986,0.01449458,0.01263301,0.00081467,-0.00164160,0.00301137,-0.00071538,-0.0000
6229,-0.00118538,0.00179728,0.00008964,-0.00051519,-0.00024376,0.00061919,0.0002
9417,-0.00011690,0.00029648,0.00014497,0.00030444,0.06328045,0.03369570,0.044328
52,-0.04822254,-0.02731458,-0.00017384,0.00091103,-0.00265936,0.00234792,0.00345
760,0.01002961,-0.00472326,-0.00156235,0.00499505,-0.00237963,0.00046700,-0.0002
3799,0.00065380,0.00021910,-0.00001876,0.00017713,-0.00005247,0.00015025,-0.0000
9196,-0.00023031,-0.00035758,-0.00041157,-0.00024983,0.00104087,-0.00051177,-0.2
3710713,0.07894748,-0.03545211,-0.00276338,-0.00047397,0.00391585,-0.06885461,-0
.03549224,0.02005069,-0.02345542,-0.02039115,0.00620597,-0.04392132,-0.02253167,
0.00471508,0.00582177,0.01743443,-0.00478395,-0.00444400,-0.00060799,-0.00095054
,-0.00267660,-0.00323417,-0.00094836,-0.18879371,-0.11761283,-0.08518025,0.59799
836,-0.03656812,-0.03109590,-0.00840957,-0.00055364,0.00244574,0.00048288,0.0128
3128,-0.00775717,-0.01975766,0.02041390,-0.00695856,0.00569079,0.00067736,0.0003
7104,0.00095594,0.00010177,-0.00027546,-0.00018150,0.00027174,0.00049904,0.00036
650,-0.00078905,0.00253424,0.00033917,-0.00036339,-0.00078806,-0.00044408,0.0501
8208,-0.07955532,0.02502063,0.00220869,-0.00046106,0.00064705,-0.02996654,-0.246
32558,0.11060315,-0.02943125,-0.01722171,0.00044719,0.00353082,0.01089753,-0.001
03409,-0.00292112,-0.01266437,0.00517136,-0.00118581,-0.00046673,-0.00014636,0.0
0015065,-0.00047245,0.00256171,-0.10767005,-0.11912210,-0.04503722,0.10838752,0.
50369540,-0.01819465,-0.01933058,-0.02094197,-0.00189013,0.00717468,-0.00318093,
0.00857759,-0.01395401,-0.05389804,-0.01300859,0.00191861,-0.00660974,0.00056497
,0.00001437,0.00047449,-0.00000041,-0.00011993,0.00009941,0.00017636,0.00015187,
0.00013045,-0.00065785,0.00232180,0.00080876,0.00017170,-0.00264167,-0.00006115,
-0.06534684,0.02923292,-0.04668644,0.00392210,-0.00061108,-0.00128183,-0.0062180
7,0.06382573,-0.07166300,0.03532878,0.01206915,0.00362368,0.00994120,0.01085610,
-0.00377124,0.00128962,0.00591492,-0.00432720,0.00207299,0.00201794,0.00321766,0
.00123150,0.00253059,0.00130736,-0.06055837,-0.02921324,-0.03259072,0.09956764,-
0.07255355,0.23180444,0.00136126,-0.00016853,-0.00119313,-0.07418490,0.00399184,
-0.01168676,-0.00205597,0.00410950,0.00893603,0.00030045,-0.00017825,-0.00029249
,0.00011585,-0.00002022,0.00000708,0.00015759,0.00017984,0.00001312,-0.00200002,
-0.00026948,-0.00067451,0.00557716,-0.01303008,-0.01305729,0.01050130,-0.0027648
0,-0.01612552,0.00033789,-0.00009640,-0.00005995,-0.00158071,-0.00906598,-0.0022
3142,-0.00004921,-0.00023954,-0.00062723,-0.00018251,0.00003853,0.00009249,0.000
03177,-0.00014363,0.00009651,-0.00011130,0.00004965,0.00041418,-0.00003012,-0.00
004790,-0.00004714,0.00004125,-0.00002732,0.00000381,-0.00029227,0.00009965,0.00
009445,0.00004787,0.00052172,0.00018307,0.46540321,-0.00009821,-0.00061834,0.000
20857,-0.00087415,-0.05239378,0.00994808,0.00174384,-0.00409164,-0.00290814,-0.0
0000478,-0.00000507,0.00001252,-0.00006847,-0.00002933,-0.00003960,-0.00041650,-
0.00012365,0.00005590,-0.00063169,0.00024213,-0.00030078,-0.01244167,-0.02877203
,-0.01611540,-0.00688930,0.00264877,-0.02330922,0.00021429,-0.00008244,0.0000714
2,-0.00429879,0.00145734,-0.00356766,-0.00005666,-0.00015640,0.00003866,0.000007
95,0.00002741,-0.00004085,0.00006453,0.00015617,-0.00001987,0.00007747,0.0002322
9,-0.00011064,-0.00003163,-0.00001442,0.00006134,-0.00008733,0.00001237,0.000018
69,0.00010645,-0.00028047,-0.00026432,0.00009605,0.00009935,-0.00029949,-0.00506
892,0.46225916,0.00008430,0.00020824,-0.00117006,-0.00833854,0.00954133,-0.06893
940,0.00381640,-0.00479055,-0.00550147,0.00027292,-0.00020791,-0.00017898,-0.000
07302,0.00001962,-0.00002442,0.00032227,0.00003927,0.00004653,-0.00039305,-0.000
24471,-0.00006832,0.00204119,-0.00225513,-0.00898462,-0.02130876,-0.01180762,-0.
05047236,0.00109438,0.00008624,0.00016615,0.00193463,-0.00732255,0.00369715,0.00
028727,0.00039089,0.00014779,-0.00024773,0.00020662,0.00015854,-0.00007129,-0.00
006434,0.00022907,0.00020665,0.00011431,-0.00038799,-0.00003325,-0.00000766,0.00
000338,-0.00008202,0.00001559,-0.00004808,-0.00057911,-0.00041733,-0.00038071,-0
.00101954,0.00004224,0.00201824,-0.02925046,0.03242003,0.38499578,-0.00173047,-0
.00278899,-0.00478466,-0.08124866,0.08243148,-0.00829243,-0.01254121,0.00426649,
0.01209360,0.00011973,-0.00033372,0.00002860,0.00009496,-0.00004698,0.00009341,-
0.00051438,-0.00072129,0.00082878,-0.00102241,0.00081735,0.00027228,-0.00115200,
0.00078208,0.00202792,0.01919742,0.01075674,0.00184801,0.00227803,0.00012398,-0.
00007634,0.00187442,-0.00107131,-0.00029599,0.00129995,0.00139582,-0.00099976,-0
.00096428,0.00087577,0.00075286,-0.00001416,-0.00073800,0.00127573,-0.00019910,0
.00012024,0.00026266,-0.00007318,-0.00003171,-0.00015901,0.00004591,-0.00010707,
-0.00012100,-0.00080977,-0.00023998,0.00005118,0.00136980,0.00204648,0.00359648,
0.00358632,0.02577800,-0.01985334,0.07392049,0.00173034,0.00253998,0.00391903,0.
08900247,-0.37422482,0.02698915,0.00501071,-0.00486943,-0.00682133,-0.00060631,0
.00042332,0.00028588,-0.00010234,0.00008253,0.00007934,-0.00055253,-0.00046607,-
0.00025550,0.00115229,-0.00115250,-0.00085931,0.00034163,-0.00809129,-0.00120062
,0.01217744,-0.08535575,-0.03319135,-0.00309801,-0.00000953,-0.00002103,-0.00445
489,0.00700752,-0.00114255,-0.00122526,-0.00193681,0.00095089,0.00071036,-0.0005
5957,-0.00080757,0.00004538,0.00029428,-0.00122623,0.00019311,-0.00033821,-0.000
18307,0.00022020,0.00016662,0.00008445,0.00016472,0.00005200,0.00005788,0.000522
29,0.00046912,0.00095879,0.00055556,0.00080090,-0.00200353,0.01881572,-0.0337930
9,0.02635791,-0.12685024,0.49984782,0.00483254,0.00402555,0.00502991,-0.01534762
,0.03744571,-0.08300280,0.00815636,0.00128066,-0.05993114,0.00011218,0.00036064,
0.00006925,-0.00006551,-0.00000871,-0.00007293,0.00157284,-0.00014283,-0.0004078
4,0.00032613,0.00032281,-0.00080360,-0.00018956,-0.00171834,-0.00116301,0.007151
48,-0.05372680,0.00621583,-0.00291685,0.00028024,-0.00052301,-0.00327011,0.00081
229,-0.00088916,-0.00116392,-0.00162889,0.00132370,0.00037984,-0.00120456,-0.001
01654,-0.00002463,0.00016872,-0.00124785,0.00014097,-0.00005934,0.00008807,0.000
03978,0.00000338,0.00022947,-0.00000758,0.00030058,0.00027430,0.00077419,0.00052
819,0.00021092,0.00065193,-0.00454373,0.00140586,-0.01551022,0.03074108,-0.00705
629,0.01444489,-0.01540218,0.14587402,-0.01918655,-0.03999916,-0.02296000,-0.000
49513,-0.00051976,-0.00041600,-0.00193654,-0.00279597,0.00178336,-0.00030042,-0.
00019880,-0.00024752,0.00022730,0.00259023,0.00128331,-0.00021027,0.00150760,0.0
0029401,-0.01408894,-0.01030411,0.00979531,0.00053417,-0.00081044,-0.00008803,-0
.00002169,0.00027873,0.00038721,-0.00615014,-0.00066561,0.00238017,-0.00034222,0
.00035471,-0.00027456,0.00168706,-0.00241893,0.00330925,0.00516147,0.00133440,0.
00185578,0.00050354,0.00707802,-0.00036607,0.00023815,0.00031542,0.00097629,-0.0
0000232,-0.00039415,0.00027947,-0.00005669,0.00054648,0.00028252,-0.00006360,0.0
0015278,0.00054616,0.00248979,-0.00168867,0.00001509,-0.00000942,-0.00003097,0.0
0040744,0.00042514,0.00047555,-0.00016591,0.45909438,-0.03838540,-0.10743962,-0.
01578365,-0.00051351,-0.00019236,-0.00051599,0.00046264,-0.00118885,0.00073323,0
.00022325,0.00017465,-0.00010993,-0.00093609,-0.00340049,0.00222578,0.00174032,-
0.00354755,0.00075565,0.00752565,0.00618185,-0.00790552,0.00014505,-0.00004576,0
.00001921,0.00041347,0.00027296,0.00020712,0.00209331,0.00123138,-0.00326190,-0.
00017765,0.00017770,-0.00014164,0.00118266,0.00319000,-0.00170359,-0.00403559,0.
00108103,0.00162350,-0.00227236,-0.00448447,0.00160914,0.00058818,0.00016829,0.0
0017047,-0.00060627,0.00023718,0.00095648,-0.00038224,0.00007282,0.00075844,0.00
009537,0.00023209,0.00092729,0.00445846,0.00284312,0.00143414,0.00019391,-0.0001
4417,0.00006088,0.00042155,-0.00015565,-0.00045571,-0.10522996,0.63502919,-0.017
63203,-0.00694492,-0.01528630,0.00025430,0.00118912,-0.00028827,0.00133496,0.001
02291,0.00004215,0.00022176,-0.00058085,-0.00048426,0.00214732,0.00393076,-0.001
45888,0.00014519,0.00445584,-0.00013735,0.00511396,0.00299727,-0.00396566,0.0000
8443,0.00044858,0.00024366,-0.00022183,-0.00057656,-0.00007749,0.00458299,-0.001
73089,-0.00115115,0.00001016,-0.00020220,-0.00014167,-0.00163162,-0.00059298,0.0
0088658,-0.00125813,-0.00017153,0.00048100,-0.00158924,-0.00686100,0.00049263,-0
.00002011,-0.00000876,0.00004831,-0.00015425,-0.00081264,-0.00095437,-0.00002516
,-0.00003060,0.00034443,-0.00001392,-0.00004019,0.00016735,0.00118282,0.00078369
,-0.00046884,0.00017820,0.00015766,0.00005652,0.00012185,-0.00082547,-0.00008360
,-0.14099704,-0.26264363,0.43373255,-0.08960520,-0.04687958,-0.03093716,-0.00040
566,0.00025630,0.00026824,-0.00127856,0.00048164,0.00090723,0.00021345,0.0011346
4,0.00060293,0.00418576,0.01235578,-0.01024154,-0.00323434,0.00108823,0.00136711
,-0.00240664,-0.00109498,0.00201606,-0.00085952,-0.00063975,0.00002537,0.0001328
7,-0.00018480,-0.00027129,0.00039526,0.00185878,0.00032459,0.00006955,0.00043691
,-0.00031679,-0.00170153,-0.00292049,0.00157733,-0.00088442,-0.00071339,0.001614
13,0.00004337,-0.00133048,0.00199941,0.00015111,0.00005207,0.00035031,0.00001309
,-0.00060671,0.00047815,-0.00057256,0.00165047,0.00097649,-0.00036094,0.00035406
,0.00077673,0.00149828,0.00322841,-0.00078790,0.00008743,-0.00006963,0.00019085,
0.00018085,-0.00015140,-0.00053451,-0.20126132,0.16027491,0.02157213,0.63699693,
-0.04208557,-0.03399930,-0.02121948,-0.00017421,0.00044546,-0.00008341,-0.001010
37,-0.00057827,0.00111955,-0.00068393,0.00116729,-0.00061235,-0.00543961,-0.0170
7520,0.01344101,0.00133438,-0.00044367,0.00076388,0.00095364,-0.00000657,0.00135
588,-0.00005696,-0.00042538,-0.00005218,0.00001149,-0.00020679,0.00000761,-0.007
13752,-0.00269587,-0.00032232,0.00006548,0.00021149,-0.00015436,0.00248809,0.000
78061,0.00294615,0.00164986,0.00408638,-0.00096117,-0.00213748,0.00313170,-0.002
19825,0.00021657,0.00032947,0.00050650,-0.00008625,-0.00035648,0.00073578,0.0003
1295,-0.00112741,-0.00168551,0.00003961,-0.00013427,0.00028048,0.00294823,-0.003
62567,0.00169388,0.00001389,0.00010633,0.00013338,0.00060717,-0.00024056,-0.0002
1352,0.10815275,-0.17305398,0.01589497,-0.06744168,0.46545688,-0.01669523,-0.011
43919,-0.02050193,-0.00001570,-0.00007614,-0.00032389,0.00200474,0.00162351,-0.0
0060635,0.00034081,0.00002080,0.00021919,-0.00069677,0.00143563,-0.00374435,0.00
404073,0.00113227,0.00001808,0.00374048,0.00296279,-0.00098711,0.00070537,-0.000
64761,-0.00008035,0.00008157,0.00021592,0.00018417,0.00009693,0.00089342,0.00031
073,-0.00050736,0.00016103,-0.00028645,-0.00208536,-0.00215528,-0.00045905,-0.00
456726,0.00100065,-0.00042641,0.00272690,-0.00491404,0.00245956,0.00019063,-0.00
000891,0.00005064,-0.00035894,0.00067326,-0.00101721,0.00013134,-0.00199070,-0.0
0132267,0.00027715,-0.00009502,-0.00058367,-0.00245475,0.00077793,-0.00121144,0.
00005916,-0.00006223,0.00019031,0.00046632,0.00005400,-0.00010467,0.01911698,0.0
0838919,-0.04953801,-0.21366874,-0.15733880,0.41320988,-0.07004173,0.00912776,-0
.06555835,-0.00056771,-0.00003079,-0.00053002,-0.00358953,0.00061301,-0.00113401
,-0.00013976,0.00014351,-0.00063954,-0.13792596,0.14161059,-0.01759802,-0.009224
66,0.00038130,0.00126921,-0.00081574,0.00153316,-0.00121582,0.00030593,-0.000436
25,-0.00013427,0.00028592,0.00008503,0.00035312,0.00277834,0.00207167,0.00006520
,-0.00030511,0.00030380,-0.00013161,-0.00181483,-0.00296742,0.00096612,-0.000840
63,-0.00036855,0.00423178,0.00203868,-0.00131191,0.00337074,0.00016323,-0.000288
16,-0.00023465,0.00009960,0.00019056,0.00093037,-0.00070704,0.00016216,0.0008245
1,0.00000984,0.00036958,0.00059011,0.00096979,0.00377879,-0.00099380,0.00010825,
-0.00008409,0.00007824,0.00050626,0.00010991,-0.00002091,0.01080778,0.00988756,-
0.00601732,-0.07274269,-0.00408946,0.02419006,0.57366120,0.01400464,-0.02249047,
0.00387904,0.00052476,-0.00097288,0.00023226,-0.00062978,-0.00014816,0.00039215,
0.00141460,-0.00180780,0.00058028,0.14515072,-0.21863661,0.03856923,-0.01213043,
0.00260865,0.00255625,0.00256447,-0.00299992,0.00369246,0.00028197,-0.00029156,0
.00007560,-0.00010618,0.00042102,0.00006718,-0.00235101,0.00307716,-0.00037876,-
0.00013103,0.00012771,-0.00017906,-0.00305652,0.00062459,-0.00078026,-0.00030651
,0.00036343,0.00091505,0.00248125,0.00167137,0.00008499,-0.00018420,-0.00039879,
-0.00066607,0.00033311,-0.00005493,0.00001900,-0.00012611,0.00012222,-0.00099447
,-0.00002210,-0.00003773,0.00004043,-0.00097988,0.00064460,-0.00162734,-0.000079
01,-0.00006599,-0.00013281,-0.00081743,0.00049143,-0.00005523,0.03191009,-0.0366
1897,0.01820363,-0.03882523,-0.18802933,0.13017317,-0.23016806,0.56028059,-0.053
51850,-0.00204618,-0.05190838,0.00016512,-0.00005664,0.00026496,0.00037215,-0.00
250955,0.00059853,0.00006998,-0.00064346,-0.00041578,-0.01767330,0.03779910,-0.0
3487792,0.01680478,-0.00398933,-0.00480048,0.00119213,0.00110117,0.00025703,-0.0
0025580,0.00050182,0.00011151,-0.00004733,-0.00005947,-0.00025086,-0.00164907,-0
.00245230,0.00142054,0.00044714,-0.00005135,0.00018351,0.00439000,0.00467723,-0.
00330822,-0.00821042,0.00147296,-0.00466127,-0.00410511,0.00095722,0.00084690,0.
00039828,-0.00034859,-0.00072280,-0.00038311,0.00004750,0.00065245,-0.00035506,0
.00005213,0.00000214,-0.00001720,0.00031276,0.00046431,0.00401912,-0.00058216,0.
00226987,-0.00000549,0.00000752,-0.00029614,0.00014835,0.00021340,-0.00022270,-0
.01330760,0.01359199,-0.00772582,0.06415507,0.14068522,-0.15533208,-0.09989682,-
0.18464948,0.37154152,-0.00508334,-0.00917842,-0.00889975,0.00048420,-0.00147771
,0.00112618,-0.00755436,-0.00818301,-0.00189860,0.00034731,-0.00124819,-0.000029
25,-0.01116866,0.00225441,0.00536677,-0.08532873,-0.04955927,0.11116787,-0.00686
192,0.01585883,-0.01165109,-0.00093503,0.00156752,0.00033968,-0.00026622,0.00016
430,-0.00026644,0.00110875,-0.00248927,-0.00004287,0.00183909,-0.00039516,0.0005
5848,0.00254935,0.00296714,-0.00613718,-0.00733011,0.00415745,-0.00235689,-0.001
70784,-0.00008909,0.00487292,0.00004990,-0.00010989,-0.00021177,-0.00043424,-0.0
0006140,-0.00022577,0.00005058,0.00017159,0.00055754,-0.00046359,0.00032982,0.00
091319,0.00483610,0.00217236,0.00200539,-0.00012757,0.00021479,-0.00064669,-0.00
426536,0.00112415,0.00096680,0.00098896,-0.00910800,0.00180453,-0.00693781,-0.02
590005,0.04747243,-0.25641734,0.06334960,0.09399584,0.47017319,-0.00887687,-0.01
912191,-0.00723270,0.00026807,-0.00032339,-0.00001784,-0.00297735,0.00056612,-0.
00188591,-0.00076057,0.00135018,0.00025376,0.01552457,-0.00499192,-0.01352296,-0
.05169528,-0.08834295,0.11271707,0.00452415,-0.00922556,0.00521601,0.00074162,0.
00089034,0.00037031,-0.00006795,-0.00005055,0.00000028,0.00149860,0.00440436,0.0
0001216,0.00066102,-0.00044352,0.00011435,-0.00042805,-0.00172189,0.00225453,0.0
0532904,-0.00137357,0.00212885,0.00047210,0.00034507,-0.00427593,0.00002425,0.00
006917,0.00025361,0.00009535,-0.00029844,-0.00041661,-0.00034727,0.00004935,-0.0
0002291,0.00027925,-0.00010796,-0.00057023,-0.00239279,0.00148299,0.00013345,-0.
00000690,0.00010972,-0.00026886,-0.00027353,0.00068777,0.00088904,-0.01603475,-0
.01880505,0.04603062,-0.01170130,-0.00126412,0.00671786,0.06178612,-0.06535137,-
0.00633271,-0.07805444,0.45306934,-0.01309026,-0.00435999,-0.11469866,-0.0000745
1,-0.00089331,-0.00083537,0.00102295,-0.00095457,-0.00119506,-0.00019045,0.00145
818,0.00003841,-0.00494092,0.00005581,0.00225572,0.10385642,0.10660779,-0.220652
16,0.00207528,-0.00663231,0.00451139,0.00091726,-0.00038913,0.00011920,0.0004034
7,0.00068812,0.00057618,-0.00410113,-0.00075486,0.00243065,-0.00078318,-0.000082
98,-0.00043028,0.00521123,0.00078004,0.00291068,-0.00041183,-0.00243885,-0.00139
290,-0.00069378,0.00502697,-0.00054112,0.00048715,0.00030194,0.00099067,-0.00004
004,-0.00000487,0.00111780,-0.00036448,0.00055096,0.00075062,0.00063009,-0.00008
574,-0.00059694,-0.00107343,-0.00358618,0.00117329,0.00023589,-0.00019460,0.0004
5402,0.00053780,0.00024107,-0.00059957,-0.00168986,0.02036302,-0.01636291,0.0214
1620,0.00278256,-0.01983528,0.14735456,-0.01485235,-0.11591513,-0.23749257,-0.22
436747,0.57402939,-0.02789595,0.02163680,0.01025756,-0.00127094,-0.00035040,0.00
133050,-0.00330065,-0.00280695,-0.00024361,-0.00026879,0.00008941,-0.00014827,-0
.00304204,0.00263693,0.00494323,0.00408872,-0.01097353,0.00175572,-0.22669558,0.
12888379,0.09733770,-0.00002127,0.00109817,0.00029585,-0.00030710,-0.00041446,-0
.00051471,0.00287552,-0.00248509,-0.00252695,0.00063763,-0.00037191,0.00004323,0
.00303981,0.00015163,-0.00072178,-0.00217697,0.00101465,-0.00077383,0.00111873,-
0.00322199,0.00271351,0.00006570,0.00022018,0.00042265,-0.00010497,0.00009776,0.
00010611,0.00001460,-0.00039279,-0.00056414,-0.00007140,0.00001681,0.00055300,0.
00337761,0.00009101,0.00134246,0.00020150,0.00050044,0.00022934,-0.00097056,-0.0
0044311,0.00044139,-0.16880833,-0.05870578,0.13305527,-0.03945068,0.03047055,0.0
2348711,-0.03019160,0.02780066,0.00930058,-0.08359939,0.08283476,-0.02222897,0.5
8119624,0.01688062,-0.05496775,-0.04791224,-0.00008921,0.00014671,-0.00020218,-0
.00542556,-0.00181074,-0.00267930,0.00039896,0.00066570,-0.00000719,0.00170656,-
0.00144613,-0.00102050,0.00284476,-0.01121820,0.00283760,0.12440767,-0.11015535,
-0.05086948,-0.00021012,0.00093508,0.00024039,-0.00032919,-0.00052916,0.00017040
,0.00564293,0.00090026,-0.00418601,0.00058723,-0.00017584,0.00014692,-0.00337490
,0.00232403,-0.00117161,-0.00311407,0.00224833,0.00266256,-0.00317749,-0.0076953
6,0.00272179,0.00012358,-0.00004359,-0.00017323,-0.00011028,0.00025633,0.0010115
1,-0.00024825,0.00032747,0.00092651,-0.00005942,0.00019193,0.00053252,0.00136839
,0.00303108,0.00010531,-0.00000813,-0.00020259,-0.00019321,-0.00002361,0.0001878
3,0.00012828,-0.02373685,-0.08959852,0.04961154,0.00094934,0.02314892,-0.0041045
7,0.02373178,-0.02491782,-0.01200739,0.08975476,-0.24190993,0.11743475,-0.223414
80,0.51951398,0.00859558,-0.05616115,-0.06394646,0.00072328,-0.00098263,-0.00138
066,0.00125251,0.00106890,-0.00111664,-0.00019600,0.00141897,0.00021956,0.001717
97,0.00152663,0.00036489,-0.00591818,0.01766704,-0.00490157,0.09179649,-0.051750
32,-0.07029771,0.00129222,0.00015439,0.00034277,0.00088676,0.00083460,0.00051235
,0.00167153,0.00647255,0.00351659,0.00008796,-0.00009995,0.00002957,-0.00003737,
-0.00282684,0.00484017,0.00461898,-0.00408404,0.00071438,0.00011483,0.00239292,-
0.00333303,0.00052316,0.00032977,0.00105476,-0.00004713,-0.00005643,0.00080246,-
0.00044416,0.00055100,0.00014295,0.00061883,-0.00009632,-0.00120849,-0.00561478,
0.00042261,-0.00025363,0.00019435,-0.00006092,-0.00024983,0.00021245,0.00053063,
0.00012962,0.15059064,0.08668444,-0.18776479,0.01820034,-0.01280123,-0.01252591,
-0.01198382,0.00321604,0.01851576,-0.00672987,0.07120381,-0.09083850,-0.25093004
,-0.07228915,0.42671987,-0.00075783,-0.00172338,0.00251432,0.00025899,-0.0003251
5,0.00026232,0.00020900,-0.00035577,0.00012738,-0.00010666,0.00016104,0.00002053
,0.00034679,0.00114803,-0.00044534,0.00047439,-0.00056759,0.00023690,0.00001549,
-0.00045382,-0.00010026,-0.00001430,-0.00031404,-0.00001966,-0.00006006,0.000091
35,-0.00011133,-0.00025398,0.00005769,-0.00051431,-0.00006393,0.00023254,0.00005
053,0.00041627,0.00021074,0.00027888,0.00005450,0.00005885,0.00003196,-0.0001671
5,0.00033891,0.00023981,-0.00012346,-0.00026777,-0.00021215,0.00043147,-0.000005
82,0.00028896,-0.00007831,0.00020090,-0.00001930,0.00004320,0.00004141,0.0000261
1,0.00024754,0.00015589,0.00052935,-0.00003480,-0.00013254,-0.00009000,-0.000128
47,0.00025373,-0.00009880,-0.03689258,0.02933440,-0.01485167,-0.00060306,0.01591
355,-0.01439606,-0.00192012,0.00507289,0.00032358,-0.00178120,-0.00020446,0.0024
8135,0.00195738,-0.01347208,0.00779831,0.04455378,0.00171385,-0.00122971,0.00370
387,0.00003994,-0.00019681,0.00009319,0.00072100,0.00003909,-0.00001950,0.000069
28,0.00061769,-0.00001655,-0.00056262,-0.00014765,0.00026095,0.00031771,-0.00004
608,-0.00027443,-0.00054020,-0.00035180,-0.00033076,0.00000533,-0.00013684,0.000
01442,0.00000795,0.00004511,-0.00006467,0.00002547,0.00066187,-0.00034333,-0.000
01639,0.00015643,0.00001463,0.00046554,0.00025629,0.00060903,-0.00054167,-0.0006
6908,0.00086156,-0.00033821,0.00029902,0.00084779,0.00003290,-0.00012803,0.00007
429,0.00016693,-0.00038153,-0.00099844,-0.00033951,0.00018305,0.00034736,0.00012
695,0.00019417,0.00007962,0.00107655,0.00092512,0.00060196,-0.00004529,-0.000056
57,0.00002242,0.00006373,0.00008762,-0.00019896,0.02952148,-0.21460367,0.1523435
9,0.00168788,-0.01343291,0.00846821,0.00169711,-0.00173894,0.00051467,0.00073592
,0.00037351,0.00090736,-0.00147918,-0.00424213,0.00193620,-0.03504806,0.23364656
,0.00065111,-0.00245176,0.00066172,-0.00008316,0.00030587,-0.00016918,0.00012963
,0.00042575,-0.00010150,-0.00002320,0.00017862,-0.00006615,0.00026656,0.00028181
,0.00030807,-0.00011783,0.00111114,0.00010025,-0.00038181,-0.00053278,-0.0005727
7,-0.00002826,0.00005675,0.00000476,-0.00000606,-0.00017238,-0.00000786,-0.00020
288,0.00017756,-0.00054450,0.00001816,-0.00005786,-0.00000794,0.00034447,0.00026
964,-0.00013404,-0.00059194,-0.00089130,-0.00014148,-0.00015141,0.00010295,0.000
47136,-0.00009118,-0.00012237,-0.00004129,0.00022434,-0.00078557,-0.00081498,-0.
00010210,-0.00000096,0.00004272,0.00003840,0.00005619,0.00001607,0.00058121,0.00
022400,0.00039827,0.00011105,0.00002451,0.00001741,0.00014752,-0.00012438,0.0000
6874,-0.01501340,0.15209329,-0.14842304,-0.00000687,-0.00162319,-0.00049313,0.00
155902,0.00224870,-0.00049659,0.00294776,0.00497534,-0.00222027,-0.00467069,0.01
403232,-0.01126289,0.01588340,-0.16861972,0.16230231,0.00605774,-0.00062268,-0.0
0048641,0.00595173,-0.01480637,-0.00494955,-0.07030378,0.05116163,-0.03410027,0.
00028972,-0.00027856,0.00002882,0.00020713,0.00007017,0.00006281,-0.00009996,-0.
00003083,0.00016687,0.00015748,0.00004563,0.00026438,-0.24412373,-0.13965687,-0.
04418480,-0.00202889,-0.00075560,-0.00696250,0.00007315,0.00010033,0.00000194,0.
01151619,-0.01495737,-0.00890600,-0.00152929,-0.00026692,0.00185541,0.00042097,0
.00003450,-0.00064315,0.00038917,0.00018556,-0.00028338,-0.00019171,-0.00004639,
-0.00065703,0.00013794,-0.00004496,-0.00032660,0.00008938,-0.00002315,-0.0002686
5,-0.00077831,0.00005710,0.00038997,-0.00150549,0.00040366,0.00018312,-0.0716501
0,0.02239346,0.00692866,-0.00032484,0.00391121,0.00192027,0.00056461,0.00039849,
0.00006911,0.00070114,0.00031826,0.00005716,0.00051844,0.00014674,0.00008773,-0.
00056394,-0.00016588,0.00010250,-0.00087501,-0.00038087,0.00018888,0.00024925,0.
00031701,-0.00001268,0.45921000,-0.00216008,0.00142282,-0.00095266,-0.00263444,0
.00031054,-0.01351723,0.02770505,-0.06503665,0.01574883,0.00011415,-0.00024328,-
0.00003114,-0.00016585,0.00015489,-0.00007410,0.00011079,0.00005737,-0.00035861,
-0.00000606,-0.00010676,0.00033804,-0.13262192,-0.15676434,-0.04511014,-0.001419
55,0.00031847,-0.00179901,-0.00034848,-0.00059003,-0.00030978,-0.02424504,-0.079
01171,-0.03168108,0.00130499,0.00076828,0.00043180,0.00012486,-0.00020258,-0.000
32520,-0.00010831,0.00018103,0.00011253,0.00009813,0.00025835,-0.00058070,-0.000
02716,0.00005238,0.00006199,-0.00013701,0.00001594,-0.00009662,-0.00039779,-0.00
007322,0.00024309,0.00173784,-0.00147042,-0.00304896,0.03504533,-0.13054479,-0.0
8320371,0.00551870,-0.00456780,0.00124469,-0.00004671,-0.00010971,0.00007118,0.0
0022893,-0.00004802,-0.00031401,-0.00046436,0.00020611,0.00050186,0.00084245,-0.
00036610,-0.00028868,-0.00060274,-0.00009244,-0.00044830,0.00010157,-0.00004348,
-0.00009482,0.09452181,0.45973070,-0.00194582,-0.00255265,-0.00026015,0.00147532
,-0.02217653,-0.02793708,-0.01603964,0.01193636,-0.03781195,-0.00065556,0.001244
51,0.00023259,0.00013209,-0.00005846,0.00006182,-0.00005734,-0.00010697,-0.00025
454,-0.00000159,-0.00005720,-0.00044079,-0.06817754,-0.06678345,-0.07418819,-0.0
0582905,-0.00017215,-0.01077895,-0.00028488,0.00049240,-0.00026447,-0.01694521,-
0.02463938,0.00268602,0.00171456,0.00114981,-0.00128878,-0.00085397,-0.00026882,
-0.00005937,0.00024293,-0.00019833,0.00028835,0.00009625,-0.00026867,0.00065880,
-0.00009700,-0.00006896,0.00001162,0.00016316,-0.00006199,0.00004232,0.00026737,
0.00033386,-0.00035116,0.00108945,-0.00118438,0.00033937,0.02574139,-0.06943788,
-0.11998931,-0.00179809,-0.00245648,0.00044782,-0.00018181,-0.00020498,-0.000287
48,-0.00001642,0.00020536,-0.00006986,0.00018241,-0.00014527,0.00029980,0.000051
99,0.00073262,-0.00101249,-0.00043924,0.00001613,0.00050443,-0.00012289,-0.00014
760,0.00002421,0.08146726,0.19341779,0.25424960,0.00032927,-0.00000912,-0.000055
01,-0.01936493,0.00394916,-0.00205365,-0.00082902,0.00082116,0.00207770,0.000041
07,-0.00005910,-0.00005481,0.00003039,-0.00000831,0.00000847,0.00001183,-0.00003
632,0.00008913,-0.00018971,0.00011891,0.00009433,-0.00061409,0.00047785,-0.00041
915,0.00237630,-0.00037170,-0.00014786,0.00002417,-0.00003147,-0.00006364,0.0000
6071,-0.00029198,-0.00030320,-0.00010578,-0.00010170,0.00000558,0.00011194,-0.00
002888,-0.00003985,0.00004093,-0.00001380,-0.00005464,-0.00005405,0.00001947,-0.
00007237,0.00002113,0.00001895,-0.00003161,0.00002390,0.00000305,-0.00001056,-0.
00007718,-0.00003953,-0.00000409,0.00012502,-0.00001894,-0.00031960,-0.24915538,
0.01231242,0.04457374,0.00151445,0.00022866,-0.00175121,0.00002662,0.00004485,-0
.00001622,0.00015652,-0.00001089,-0.00002976,0.00008408,-0.00002392,-0.00000418,
0.00000525,-0.00000639,0.00005310,0.00000840,0.00003134,0.00005143,0.00004144,0.
00004909,-0.00003132,-0.00902406,0.01000668,0.00886867,0.28785256,-0.00007072,0.
00014694,-0.00006216,0.00918416,0.00067065,0.00221553,0.00127811,-0.00142359,-0.
00336450,-0.00008438,0.00004375,0.00006305,-0.00001371,0.00000868,0.00000147,-0.
00002516,-0.00002260,-0.00004570,-0.00001425,-0.00006374,0.00007913,0.00351364,-
0.00014880,-0.00061738,-0.00086801,-0.00051359,-0.00038324,-0.00011402,0.0000233
5,0.00004402,-0.00029892,0.00120656,0.00058951,-0.00001448,0.00004839,0.00005532
,0.00000581,-0.00001047,0.00004956,-0.00003971,-0.00004472,0.00002530,-0.0000000
6,-0.00007636,-0.00001595,0.00001644,-0.00000056,-0.00001359,-0.00000255,-0.0000
0208,-0.00000272,0.00003067,0.00002364,0.00003706,0.00002125,-0.00004932,0.00018
949,0.01558726,-0.03827564,-0.00544246,-0.00148852,0.00035057,0.00108457,-0.0000
2966,0.00000429,-0.00006440,-0.00002902,-0.00004720,0.00002787,-0.00001893,-0.00
000474,0.00002164,-0.00003981,0.00005732,0.00003558,-0.00010350,-0.00009437,0.00
003923,0.00006493,0.00000700,-0.00002958,0.02223290,-0.00998555,-0.01115498,-0.0
2021201,0.05908441,-0.00038341,-0.00017773,0.00018103,-0.02307983,0.00159947,0.0
0176460,-0.00001125,0.00048229,-0.00237107,-0.00010750,0.00004859,0.00009137,-0.
00000281,-0.00001020,-0.00000400,0.00001632,-0.00008952,0.00000492,0.00001523,0.
00017053,-0.00005125,0.00357841,0.00049993,0.00149631,0.00172082,0.00097988,-0.0
0050402,-0.00007984,0.00003160,-0.00004047,-0.00031836,0.00085560,-0.00002416,0.
00008146,0.00000124,-0.00006605,0.00000778,-0.00001094,-0.00000953,-0.00005632,-
0.00002576,0.00000620,0.00003120,-0.00001137,-0.00001619,-0.00000482,0.00001195,
0.00001239,-0.00000055,0.00000343,0.00001121,0.00006369,0.00004465,0.00007428,0.
00006676,-0.00001490,-0.00005347,0.03443984,-0.00213960,-0.04127422,0.00110913,0
.00195882,-0.00275260,0.00000834,0.00005484,-0.00001638,-0.00004449,0.00000589,-
0.00002270,0.00001677,0.00000484,0.00008914,0.00007303,0.00006457,-0.00005745,0.
00003396,-0.00004999,0.00005990,-0.00001527,0.00000855,-0.00001437,0.02238828,-0
.01540428,-0.01019335,-0.05112013,0.00615437,0.05734422,-0.00023032,-0.00182701,
0.00071363,-0.00012720,-0.00007304,-0.00012237,-0.00224986,0.00037813,0.00022704
,-0.23520570,-0.04303101,-0.07716025,0.00028052,-0.00151424,-0.00093878,-0.00010
864,0.00012759,0.00020964,-0.00002145,-0.00005328,-0.00003102,0.00029525,-0.0003
9505,-0.00004024,0.00005281,0.00003615,0.00005610,-0.01043388,0.00363980,-0.0089
2690,-0.00003225,0.00032233,0.00006567,-0.00040675,0.00040324,-0.00004579,-0.000
34124,0.00016563,0.00000245,0.00135350,-0.00106554,0.00127249,0.00013025,0.00004
570,0.00014492,0.00001020,-0.00008556,0.00003200,0.00031729,-0.00003174,0.000067
03,-0.00003592,0.00006736,0.00013465,-0.00007069,0.00069083,-0.00166151,0.000077
94,-0.00008370,0.00001581,0.00014435,0.00009759,-0.00015106,0.00013868,-0.000167
30,0.00006801,-0.00000558,0.00039511,-0.00012560,0.00033818,-0.00248677,-0.00085
012,-0.00068478,0.00050882,-0.00020265,-0.00001517,0.00007940,0.00014668,-0.0000
0430,-0.00001660,0.00001934,0.00010953,0.00019066,-0.00010258,0.00003086,-0.0000
1703,0.00000072,0.27862147,-0.00372134,0.00540690,-0.00082994,0.00000866,0.00007
323,0.00005253,0.00056177,0.00003389,-0.00008817,-0.04443931,-0.04734349,-0.0198
7447,-0.00272385,-0.00213501,-0.00225177,0.00006414,-0.00006870,0.00012357,-0.00
018365,0.00024133,0.00011732,-0.00013534,0.00002831,-0.00002497,-0.00003958,0.00
000502,-0.00000168,0.02087156,-0.00208593,0.01275431,-0.00008942,0.00000268,-0.0
0004247,0.00023314,-0.00074306,-0.00053415,0.00020368,0.00002995,-0.00053533,0.0
0166749,-0.00018657,-0.00010370,-0.00028040,-0.00018911,-0.00021844,0.00003742,0
.00010913,-0.00044439,-0.00026476,-0.00027302,0.00059366,0.00008923,-0.00024912,
-0.00016825,-0.00072059,-0.00199870,0.00245989,-0.00002999,0.00005037,0.00005163
,-0.00017635,-0.00005466,0.00011639,0.00043658,0.00046294,-0.00001846,0.00030534
,0.00006447,0.00043427,0.00070710,-0.00384549,0.00015857,0.00067559,0.00011863,0
.00032770,-0.00015010,0.00035338,0.00070947,-0.00001130,0.00044365,0.00001457,-0
.00006846,-0.00012802,-0.00000525,-0.00001377,0.00000091,-0.00000678,0.05184279,
0.05801914,0.00104382,-0.00214361,-0.00106549,0.00004055,-0.00013852,0.00002013,
0.00036792,0.00032907,-0.00013491,-0.08151451,-0.02007920,-0.07205478,-0.0014058
7,-0.00175054,0.00031584,0.00017894,-0.00009408,-0.00018468,0.00002236,0.0000455
4,0.00004034,0.00007358,-0.00003952,-0.00010072,-0.00001364,0.00001578,-0.000002
72,-0.02386764,0.00243204,-0.01225420,-0.00005995,0.00003720,0.00013343,-0.00083
976,0.00099546,-0.00007276,-0.00030046,0.00032134,-0.00005638,-0.00083910,-0.000
38093,0.00009999,0.00024943,0.00029335,0.00008615,-0.00005428,-0.00000725,0.0001
3871,0.00089706,0.00061468,-0.00060837,-0.00006097,0.00009280,0.00009698,0.00051
230,0.00211712,-0.00243723,-0.00000050,-0.00003383,-0.00004782,-0.00008473,0.000
12747,0.00003630,0.00013348,0.00003348,-0.00012949,-0.00051762,0.00036704,0.0001
1093,-0.00014513,-0.00185253,-0.00016927,-0.00002085,-0.00011401,-0.00022055,0.0
0008330,-0.00014367,0.00012615,0.00000087,-0.00006910,-0.00010910,-0.00000740,-0
.00016137,0.00021416,-0.00000404,0.00000827,0.00000630,0.08981689,0.01929050,0.0
9306876,-0.00026372,0.00025339,0.00045424,-0.00001558,-0.00001165,-0.00004730,-0
.00034905,0.00060012,0.00129116,-0.04221686,-0.00988122,-0.00790729,0.00029688,-
0.00003227,0.00012660,-0.00004280,-0.00002770,0.00003541,-0.00000792,-0.00003577
,-0.00001617,0.00013880,0.00025091,0.00012230,0.00001504,0.00000873,-0.00000574,
0.00277890,0.00569319,0.00183774,0.00014173,-0.00018198,-0.00004952,-0.00012008,
-0.00009843,-0.00004906,0.00007133,0.00008430,-0.00004121,0.00004716,0.00026744,
0.00039004,0.00001242,0.00003201,0.00004089,-0.00006165,0.00003500,-0.00002075,0
.00000762,-0.00010611,-0.00007558,-0.00014469,0.00006906,-0.00019427,-0.00031009
,-0.00002858,-0.00023457,0.00003374,-0.00002076,-0.00001847,0.00004976,-0.000036
04,-0.00013731,0.00011266,-0.00007493,-0.00008940,0.00003353,0.00022252,-0.00012
115,-0.00012300,-0.00078950,-0.00029268,-0.00027062,0.00016880,0.00004717,0.0000
1525,-0.00009177,0.00014066,-0.00000833,0.00000154,-0.00000137,-0.00029913,0.000
08797,-0.00035067,0.00001169,-0.00001171,-0.00000501,-0.00359687,-0.02623330,-0.
01138284,0.05113558,0.00054797,-0.00060700,0.00152772,-0.00019164,0.00033741,0.0
0012624,0.00027137,-0.00100516,-0.00102807,-0.01257126,-0.22328062,-0.07130385,0
.00006450,-0.00018058,-0.00001926,-0.00006279,-0.00007197,0.00012295,-0.00008063
,0.00013517,0.00005800,-0.00055368,-0.00030208,-0.00016209,0.00007478,-0.0000588
2,-0.00005846,-0.00101402,-0.02539431,0.00027844,0.00001433,0.00023717,0.0001171
5,-0.00033679,-0.00048441,0.00033428,0.00012598,-0.00058223,0.00034119,0.0006268
3,-0.00082634,-0.00004393,-0.00014312,0.00007261,-0.00007259,0.00011859,0.000098
87,-0.00007462,-0.00009214,-0.00028359,-0.00020277,0.00025397,-0.00011445,0.0001
2163,-0.00017268,0.00050080,-0.00077774,-0.00006786,0.00006437,0.00011951,0.0001
3953,-0.00017672,0.00012232,-0.00011884,-0.00008855,-0.00051328,0.00037315,0.000
01235,0.00003031,0.00035913,-0.00020626,-0.00000378,-0.00012281,0.00053543,0.000
23580,-0.00026668,-0.00006133,0.00037790,-0.00000704,0.00012542,0.00005028,0.000
33089,0.00014655,-0.00000240,0.00000317,-0.00000240,-0.00000548,-0.00338128,-0.0
0833532,-0.00463541,0.00877366,0.26426287,-0.00059167,0.00218727,-0.00168476,-0.
00000313,0.00006345,0.00005949,0.00018309,0.00010883,-0.00100317,-0.00567708,-0.
06950371,-0.06589235,0.00011822,-0.00007849,0.00004654,-0.00002177,0.00001255,0.
00002426,0.00001748,0.00003146,0.00002991,-0.00016389,-0.00011982,-0.00009119,-0
.00000829,-0.00006830,-0.00002691,0.00132615,0.01900480,0.00659828,-0.00012191,0
.00000409,-0.00001650,0.00012736,0.00014454,-0.00028048,0.00001898,0.00033314,-0
.00024151,-0.00038228,0.00056458,-0.00038992,0.00004555,0.00004144,-0.00004449,-
0.00006236,0.00004949,-0.00002187,0.00005945,0.00002787,0.00010588,0.00002006,0.
00001157,0.00000952,-0.00013909,0.00045184,0.00029968,-0.00000195,0.00004155,0.0
0001918,-0.00005422,-0.00000112,0.00016258,0.00019636,0.00024217,0.00019158,-0.0
0021207,0.00005728,-0.00014956,-0.00017810,-0.00051946,0.00017535,0.00020042,-0.
00028589,-0.00001976,-0.00002023,0.00016218,-0.00002019,0.00000676,-0.00002474,-
0.00002020,0.00018240,-0.00008117,0.00033930,-0.00000565,-0.00000522,-0.00000780
,-0.00333676,-0.01312421,-0.00394181,-0.00040456,0.08486421,0.08254482,0.0000931
4,0.00005435,0.00169337,0.00013917,-0.00046765,-0.00029344,0.00065359,0.00025136
,0.00014942,-0.00002011,0.00093733,-0.00011402,-0.00007152,0.00000602,-0.0012414
8,0.00003738,0.00020797,-0.00038594,-0.00025151,-0.00067360,0.00029607,0.0005460
5,0.00000795,0.00007359,0.00000236,0.00014603,0.00016124,-0.00006547,0.00095362,
0.00014714,-0.00032866,-0.00005188,-0.00013084,0.00045590,-0.00020191,0.00098433
,-0.00068753,-0.00063468,0.00089561,-0.00255620,-0.00091071,-0.00064515,0.000336
67,-0.00002762,0.00026253,-0.00155117,-0.00063143,0.00014341,-0.00123302,-0.0010
7635,0.00010376,0.00011562,0.00017700,0.00022452,0.00110249,0.00116889,0.0004284
5,0.00006892,-0.00003792,-0.00005492,-0.00014049,0.00033581,0.00020826,-0.019056
32,-0.00067898,0.01078771,-0.18842735,-0.00675698,0.10024398,-0.00351878,-0.0022
5135,0.00240552,0.00067276,0.00047484,-0.00068687,-0.00149437,0.00177019,-0.0002
3931,-0.00015623,-0.00095428,-0.00043491,-0.00001058,-0.00016635,0.00008404,-0.0
0002115,0.00004400,0.00000549,-0.00004298,0.00046019,-0.00009066,0.00001619,0.00
010901,0.00003642,0.50431631,-0.00152214,-0.00265076,0.00169238,0.00006818,-0.00
057289,-0.00014446,0.00020553,-0.00003448,0.00015493,-0.00005040,0.00041472,-0.0
0009567,-0.00079853,0.00012928,-0.00010806,-0.00060050,0.00042091,0.00016117,0.0
0080352,0.00040763,-0.00053318,0.00040888,-0.00013362,0.00001308,0.00006426,0.00
027061,0.00015284,-0.00012036,0.00063923,-0.00024791,-0.00024801,0.00004387,-0.0
0006939,-0.00010310,-0.00005062,0.00061179,-0.00002923,-0.00088627,0.00072289,-0
.00200118,-0.00214983,-0.00056111,0.00010134,-0.00007831,0.00001893,-0.00008873,
-0.00001295,0.00019707,-0.00287742,-0.00195365,-0.00144141,0.00002770,0.00010321
,0.00013507,0.00022362,0.00066856,0.00016447,-0.00001858,-0.00002831,-0.00002292
,-0.00021127,0.00032940,0.00015288,0.01620775,0.00132246,-0.01393173,-0.00517706
,-0.06058425,0.01270046,-0.01428514,-0.00138899,0.01001996,0.00017055,-0.0018873
6,0.00227604,0.00460624,-0.00190221,-0.00029258,-0.00069419,-0.00015659,-0.00062
235,-0.00000764,-0.00009857,0.00000854,-0.00001332,0.00003005,0.00001020,-0.0001
1399,0.00009576,0.00009146,-0.00002601,0.00002597,0.00001800,-0.02004249,0.51858
076,-0.00083735,-0.00013314,0.00072942,-0.00013789,0.00009792,-0.00000283,-0.000
15663,0.00007446,0.00000231,-0.00007190,-0.00017921,-0.00005702,-0.00036358,-0.0
0081211,0.00015413,0.00094476,0.00011400,0.00006879,0.00021951,0.00013968,0.0003
1469,-0.00011380,-0.00008223,-0.00004050,0.00005419,-0.00002053,0.00000913,-0.00
029998,-0.00003804,-0.00023389,0.00002473,0.00009543,0.00002069,-0.00041749,-0.0
0043821,-0.00007327,0.00000520,0.00083708,-0.00067330,-0.00028075,-0.00142009,-0
.00043955,-0.00014219,-0.00005557,-0.00000150,-0.00173646,-0.00061333,-0.0007873
6,-0.00077201,-0.00081134,-0.00038546,-0.00007919,0.00002084,0.00011148,-0.00010
614,0.00036526,-0.00005968,-0.00002132,-0.00001622,0.00003842,0.00006276,-0.0000
3649,0.00006608,0.00480542,-0.00087825,-0.00209986,0.09219518,0.01347801,-0.1264
9778,0.01776828,0.00189237,-0.01305279,0.00308260,0.00339365,-0.00104785,0.00137
491,0.00122646,0.00061686,-0.00041090,-0.00008031,0.00002923,0.00006641,0.000015
58,-0.00006325,0.00001873,-0.00001839,0.00000270,0.00003534,-0.00010469,-0.00001
794,0.00001477,-0.00001704,0.00000519,0.00694947,-0.00709951,0.51324366,-0.00099
619,-0.00004054,0.00050088,0.00005002,-0.00025597,-0.00010756,0.00010300,0.00003
539,0.00006306,-0.00000538,0.00016491,-0.00003724,-0.00013351,-0.00007722,-0.000
07985,0.00000973,0.00014285,-0.00005325,0.00008532,-0.00008116,-0.00007167,0.000
26601,-0.00007604,0.00000965,0.00003198,0.00012774,0.00008560,0.00002394,0.00019
521,0.00000545,-0.00014751,0.00004019,-0.00003120,0.00001547,-0.00012087,0.00023
626,0.00002633,-0.00025715,0.00047169,-0.00032679,0.00023475,0.00017935,0.000094
57,-0.00002539,0.00004278,-0.00013913,-0.00013803,-0.00007372,-0.00037588,-0.000
27976,-0.00007794,0.00002795,0.00006685,0.00008475,0.00042142,0.00032758,-0.0000
4745,0.00000342,-0.00002272,-0.00002172,-0.00006729,0.00014587,0.00006606,0.0010
7540,-0.00039449,-0.00033966,-0.02062911,-0.02029237,-0.00115393,-0.00086695,-0.
00012998,-0.00035303,-0.00034802,-0.00000791,0.00043362,-0.00005941,-0.00014688,
0.00028297,-0.00049987,0.00011605,-0.00027876,-0.00002916,-0.00005406,0.00000159
,0.00000325,0.00001876,0.00000199,-0.00005138,0.00008096,0.00000328,0.00001320,0
.00004409,0.00000087,-0.11607556,-0.10362379,-0.04352245,0.13516822,0.00147066,0
.00011766,-0.00019878,0.00000966,-0.00005742,-0.00001221,0.00009666,0.00004202,-
0.00009671,0.00000158,0.00012772,-0.00001287,-0.00006331,-0.00008963,-0.00013093
,0.00001957,0.00003192,-0.00004037,0.00006563,-0.00002016,-0.00003736,0.00011493
,-0.00006042,-0.00000872,0.00000259,0.00003690,0.00003477,0.00006836,0.00016235,
-0.00019644,-0.00007092,0.00003690,0.00000824,-0.00001907,-0.00003236,0.00011178
,0.00006990,-0.00013259,0.00018862,-0.00047471,-0.00057339,-0.00001128,0.0000272
3,-0.00000495,0.00000921,-0.00016099,-0.00005692,-0.00006113,-0.00038101,-0.0000
9071,-0.00002138,0.00000967,0.00002451,0.00003773,0.00010495,0.00022939,0.000088
78,-0.00001164,-0.00000184,-0.00000270,-0.00003011,0.00003073,0.00004685,0.00134
090,0.00024864,-0.00057680,-0.00815253,-0.00259055,0.00270692,-0.00043346,-0.000
03269,0.00025381,-0.00011641,0.00008827,0.00031417,-0.00029240,-0.00024094,0.000
22745,-0.00012753,-0.00000049,-0.00006428,-0.00001883,-0.00003067,-0.00000335,0.
00000174,0.00000398,0.00000592,-0.00002819,0.00003898,-0.00007439,0.00000291,0.0
0004186,-0.00000265,-0.10103027,-0.18563777,-0.05838374,0.12091335,0.21279518,0.
00086216,0.00054382,-0.00065785,0.00001299,0.00010390,0.00011050,0.00004953,-0.0
0005154,-0.00011315,0.00002464,-0.00000730,-0.00001724,0.00001232,0.00010927,0.0
0005708,0.00009283,-0.00003393,-0.00001278,-0.00000614,0.00001915,-0.00000291,-0
.00004183,-0.00002232,-0.00001968,-0.00003772,-0.00004800,-0.00006142,-0.0000008
3,0.00007884,-0.00016767,0.00001223,0.00002188,0.00002620,0.00017639,-0.00001941
,-0.00010729,-0.00069332,-0.00019504,-0.00009898,-0.00014853,-0.00057384,0.00005
298,-0.00002510,0.00000029,0.00003828,0.00009316,-0.00023329,0.00010335,-0.00035
520,0.00002545,-0.00010419,-0.00000001,-0.00000139,-0.00002983,-0.00019001,-0.00
017632,0.00014524,-0.00001275,0.00001063,-0.00001082,0.00000842,-0.00003449,-0.0
0001873,-0.00036764,0.00034309,0.00062622,0.01280375,0.01318582,0.00400281,0.001
05443,0.00010660,-0.00087075,0.00009108,0.00007076,-0.00045448,-0.00013485,-0.00
000203,-0.00014568,-0.00008384,0.00008770,0.00012566,0.00000678,0.00002712,-0.00
002353,0.00000188,-0.00000073,-0.00000153,-0.00000180,0.00000176,-0.00002151,0.0
0000117,0.00000134,-0.00000179,-0.04158027,-0.05632787,-0.06205924,0.04641794,0.
06618641,0.07195316,0.00191144,0.00166190,-0.00255651,0.00003846,0.00008555,0.00
007717,0.00037893,0.00017281,-0.00017934,0.00003808,0.00040751,-0.00006917,-0.00
035343,-0.00004871,-0.00015157,-0.00015277,0.00002110,-0.00016656,0.00008874,-0.
00013072,-0.00020637,-0.00009575,-0.00004118,0.00002810,-0.00002889,-0.00006969,
-0.00007656,-0.00010531,0.00020509,0.00012906,0.00007770,0.00004542,0.00000668,-
0.00009672,0.00040088,0.00031710,-0.00276413,-0.00230657,0.00050426,-0.00077960,
-0.00121821,0.00081415,0.00004369,0.00002513,0.00017071,-0.00341592,0.00075443,-
0.00219807,0.00017552,-0.00033103,0.00015451,0.00007899,0.00011460,0.00001432,0.
00042121,0.00023103,0.00034334,0.00002360,-0.00000620,-0.00002411,0.00005022,0.0
0002173,-0.00011916,-0.00033592,-0.00093858,0.00030235,0.00466278,-0.00610112,0.
02512753,-0.00230522,0.00085515,0.00188286,-0.00118639,-0.00085561,-0.00012547,-
0.00011161,-0.00049711,-0.00025651,-0.00028379,0.00026669,0.00021548,0.00016382,
0.00008120,-0.00002727,0.00002073,-0.00000435,-0.00001063,-0.00002943,0.00028768
,-0.00004372,0.00000634,0.00010827,-0.00002087,-0.05912150,0.01566825,-0.0700427
5,-0.00597393,0.00082874,-0.01852842,0.07383159,0.00195481,-0.00052876,-0.000519
87,-0.00003207,0.00013671,0.00009444,0.00014538,0.00009458,-0.00009359,-0.000026
03,0.00009905,0.00002114,0.00009612,0.00012753,-0.00001830,-0.00001665,-0.000019
77,-0.00004484,0.00006923,0.00002293,-0.00002299,-0.00016001,0.00000152,-0.00000
615,-0.00002054,-0.00009424,-0.00007783,-0.00014942,-0.00048453,0.00021261,0.000
10996,0.00002292,0.00003099,-0.00020202,-0.00003360,0.00002295,-0.00061645,0.000
40676,-0.00028241,-0.00106421,-0.00093461,0.00019131,0.00011497,0.00004105,0.000
02365,-0.00041858,0.00125595,-0.00009105,-0.00032909,-0.00238588,0.00073618,0.00
003131,0.00000090,0.00003188,0.00015710,0.00003870,0.00002649,-0.00001101,0.0000
1192,0.00000345,0.00005401,-0.00005593,-0.00011409,0.00034520,0.00008202,-0.0003
0199,-0.00261586,-0.00034168,0.00474416,-0.00113771,0.00031496,0.00096232,-0.000
22826,-0.00029958,-0.00001357,0.00001351,-0.00017229,-0.00017570,0.00032835,-0.0
0016297,-0.00006529,0.00003409,0.00005441,0.00002014,0.00000757,-0.00001686,-0.0
0000093,0.00001002,0.00005354,0.00007861,-0.00000056,0.00002515,-0.00000661,0.01
591894,-0.04798207,0.03786914,-0.00917808,0.00276650,-0.02366912,-0.01372578,0.0
5463424,-0.00166497,-0.00083263,0.00080666,-0.00009354,0.00012391,-0.00004365,-0
.00017443,-0.00010545,-0.00009135,0.00000351,-0.00009035,0.00002275,0.00002674,-
0.00008621,-0.00006813,0.00016142,0.00001235,0.00018219,-0.00008706,0.00008515,0
.00011312,-0.00017988,0.00002119,-0.00004224,0.00003692,-0.00004079,0.00001109,-
0.00008622,0.00009166,-0.00005865,0.00003156,-0.00003886,0.00001436,0.00005507,0
.00010151,-0.00013914,-0.00144517,-0.00130406,-0.00021071,-0.00023413,-0.0004160
0,-0.00011014,-0.00008449,0.00001345,-0.00000912,-0.00117701,0.00002830,0.000633
47,-0.00008999,0.00077237,0.00023304,-0.00006353,0.00000748,0.00003162,-0.000195
66,-0.00016308,0.00006152,0.00001941,0.00001309,0.00002208,0.00003968,-0.0000422
8,0.00009865,-0.00066637,0.00019412,0.00044979,0.00216385,0.00624712,-0.02440123
,0.00154412,-0.00131267,-0.00204328,0.00113926,0.00063255,-0.00033210,0.00046909
,0.00050766,-0.00024655,0.00041260,-0.00053647,0.00000049,-0.00000107,0.00005105
,0.00002940,-0.00001326,-0.00000904,-0.00000452,0.00000111,-0.00001581,-0.000091
67,-0.00002287,-0.00001339,0.00001078,-0.07162162,0.04035053,-0.26398063,-0.0070
8410,-0.00062073,-0.01346505,0.08181271,-0.04573630,0.30595773,0.00273852,-0.000
93503,-0.00032712,0.00002630,0.00009217,0.00000226,0.00014660,0.00028729,-0.0000
5938,-0.00015033,0.00020803,-0.00006953,-0.00008237,-0.00070761,0.00069439,0.000
09266,-0.00000404,-0.00018221,-0.00006140,-0.00029728,0.00003223,0.00008666,0.00
005267,0.00002780,-0.00004617,-0.00008509,-0.00002211,-0.00031251,-0.00005335,0.
00015670,0.00002149,-0.00002057,-0.00000028,0.00027371,-0.00004550,0.00016653,-0
.00046162,0.00040392,-0.00009054,-0.00102305,0.00004572,0.00007476,0.00021996,0.
00000303,0.00006847,-0.00018058,0.00003666,0.00010246,-0.00163714,-0.00249043,-0
.00171325,0.00007414,0.00001891,0.00003107,0.00050199,0.00022255,0.00015328,0.00
001544,-0.00000183,-0.00001983,0.00003723,-0.00003949,-0.00006086,-0.00337725,-0
.00023744,0.00370204,-0.01997109,0.02292962,0.00228494,0.00081926,0.00032253,-0.
00109891,-0.00013646,0.00013705,-0.00032315,-0.00122216,0.00047728,-0.00007164,-
0.00003266,-0.00024246,-0.00000342,-0.00000284,-0.00004567,0.00005898,0.00000374
,-0.00001180,-0.00000154,-0.00002327,-0.00017006,0.00020587,0.00005148,0.0000147
5,0.00001250,-0.11502825,0.11361311,-0.00791546,0.00914703,-0.01376707,0.0005496
7,-0.00565708,0.01012678,-0.00290598,0.13459984,0.00001204,-0.00032694,0.0001174
3,-0.00001600,-0.00004007,0.00003029,0.00007734,-0.00018141,0.00003445,-0.000066
70,0.00005889,-0.00002782,-0.00006446,0.00030882,-0.00000652,-0.00004501,-0.0000
0179,-0.00002725,-0.00004272,0.00006475,0.00002878,-0.00020806,-0.00010503,-0.00
005013,0.00002810,0.00001254,-0.00002981,-0.00022519,0.00016332,0.00001803,0.000
05299,0.00006726,0.00003887,-0.00004745,-0.00008514,0.00016540,0.00024182,-0.000
08751,0.00023377,-0.00079351,-0.00067749,-0.00050343,0.00000343,-0.00000967,-0.0
0000699,0.00004786,-0.00005985,0.00005327,-0.00172766,-0.00011971,-0.00099621,0.
00000310,0.00001420,0.00002558,0.00010883,0.00006709,0.00008890,-0.00001122,-0.0
0000874,0.00000955,0.00001424,0.00004889,-0.00001162,0.00008684,0.00026253,-0.00
024420,0.00282569,0.00037452,-0.00210467,-0.00122922,0.00091794,0.00025747,0.000
16674,-0.00007111,-0.00010972,0.00011874,-0.00022804,0.00002589,-0.00017915,0.00
000762,-0.00007215,0.00006950,0.00010166,0.00002221,0.00000820,0.00000684,-0.000
00799,-0.00003842,0.00003034,0.00002877,-0.00000802,0.00000320,-0.00000199,0.113
70152,-0.21552725,0.01167037,0.01253869,-0.02727206,0.00049247,0.00437825,-0.006
76890,0.00229367,-0.12987532,0.24881105,-0.00023587,0.00071289,-0.00032884,-0.00
003502,-0.00000103,0.00003812,0.00003695,-0.00007673,-0.00001452,0.00006765,-0.0
0009195,0.00002472,0.00013381,0.00051197,-0.00033607,0.00000862,-0.00001674,0.00
007008,0.00010630,0.00015274,-0.00007003,-0.00007707,-0.00000296,-0.00002351,0.0
0001511,0.00000651,-0.00002626,0.00003706,-0.00024108,0.00009210,0.00001309,0.00
000038,0.00000488,-0.00013674,-0.00014757,0.00003066,-0.00033441,0.00018397,-0.0
0047567,-0.00038000,-0.00001499,-0.00030556,0.00002633,0.00000591,0.00001627,0.0
0012324,-0.00002891,0.00001818,-0.00139287,-0.00130196,0.00022298,-0.00000660,-0
.00000559,0.00000050,-0.00002873,0.00002492,-0.00001055,-0.00001012,0.00000968,0
.00001332,-0.00001156,0.00000849,-0.00000883,0.00257779,0.00027880,-0.00158644,0
.01231393,-0.01603107,0.00001261,-0.00023485,-0.00111783,0.00073119,0.00024085,-
0.00010212,-0.00000043,0.00099935,-0.00025451,-0.00010579,0.00016631,-0.00003086
,-0.00003583,-0.00000500,0.00002546,-0.00002319,-0.00000261,-0.00000117,-0.00000
113,0.00005354,0.00008268,0.00005833,-0.00003286,-0.00003114,-0.00000826,-0.0083
3089,0.01204603,-0.04396059,0.00452690,-0.00962948,0.00120972,-0.01689775,0.0264
3678,-0.00340266,0.00670536,-0.01130805,0.04825147,0.00081994,0.00087353,-0.0000
6553,-0.00122208,0.00180599,-0.00229693,-0.02935937,0.00177463,-0.00441390,-0.12
205344,0.02034937,0.04666314,-0.00006449,0.00010409,0.00001150,0.00012840,0.0004
0829,-0.00013475,-0.00012436,-0.00003172,-0.00004679,0.00432571,0.00597850,0.002
54415,0.00028761,0.00012447,0.00079251,0.00410328,-0.00698466,0.00694224,0.00196
764,-0.00364301,-0.00129927,-0.00028107,-0.00001801,-0.00000629,-0.00004403,-0.0
0031576,-0.00007673,0.00096487,0.00118662,0.00004469,-0.00008783,-0.00012159,0.0
0018458,-0.00001359,-0.00019853,-0.00020598,0.00018250,0.00014004,-0.00013898,-0
.00033482,-0.00004985,-0.00051666,-0.00076078,-0.00030647,-0.00086547,-0.0012302
3,0.00107764,0.00078186,0.00100588,-0.00194613,0.00132336,-0.00018760,0.00014582
,0.00031612,0.00039948,0.00009515,0.00005377,0.00013029,-0.00049752,-0.00011208,
-0.00038278,-0.00060600,0.00011945,0.00026806,0.00033127,-0.00003089,-0.00006708
,0.00004387,0.00011762,0.00439800,0.00260657,-0.00149546,-0.00015545,0.00060040,
0.00024916,-0.02643979,0.00189203,0.01958835,-0.00672239,0.00783232,0.00947274,0
.00016816,0.00009326,-0.00001378,0.00003155,-0.00002205,-0.00004177,0.00010527,0
.00003713,0.00004344,0.00008838,0.00003191,-0.00001711,0.44859908,0.00076662,0.0
0497921,-0.00353016,0.00135237,-0.00201695,0.00328242,0.01905589,-0.03114242,0.0
0579873,0.00246648,-0.06425184,-0.00820494,-0.00003723,0.00003474,0.00019488,-0.
00046178,-0.00127174,-0.00021909,0.00011098,0.00027717,0.00027655,-0.00406803,-0
.00865933,-0.00258580,-0.00031727,-0.00034307,-0.00123710,-0.01338771,0.00036705
,0.01810320,-0.00165200,0.00429078,0.00145266,-0.00061414,-0.00010721,-0.0010120
3,0.00031072,-0.00082983,-0.00026175,0.00122661,-0.00152694,0.00118766,-0.000140
23,0.00018258,-0.00043493,0.00019885,-0.00006994,-0.00042888,0.00017121,-0.00017
088,-0.00031308,0.00004290,-0.00013137,0.00031667,-0.00016587,0.00027696,0.00048
738,0.00102623,-0.00061034,-0.00156177,-0.00137754,0.00242659,-0.00071640,0.0006
6932,0.00065580,-0.00008930,0.00030798,0.00071380,0.00023612,0.00027829,-0.00047
413,0.00047444,-0.00194102,-0.00296604,-0.00024688,-0.00037042,0.00029136,0.0005
0606,0.00021964,0.00037275,0.00004245,-0.00225895,0.01054073,0.00198520,0.000175
06,-0.00065650,-0.00025414,-0.00568678,0.00033848,0.00393203,0.01884823,-0.00766
478,-0.02374134,0.00037325,0.00015602,-0.00008220,0.00007606,0.00003645,-0.00002
077,0.00018142,0.00009023,-0.00008690,0.00012061,0.00009139,-0.00003673,0.061947
67,0.32545509,-0.00128763,-0.00349872,0.00052084,0.00028282,-0.00144820,-0.00039
802,-0.00112008,-0.00299901,-0.02881180,0.05807893,-0.02896179,-0.12838994,0.000
03984,-0.00007169,-0.00014348,-0.00025463,-0.00013610,-0.00054422,0.00002221,-0.
00020024,-0.00012580,0.00104393,0.00187987,0.00093688,-0.00005757,0.00056362,0.0
0005408,0.02091865,0.01155113,-0.03234645,0.00078585,-0.00106069,0.00016697,0.00
084272,0.00073284,0.00012355,0.00001724,0.00187985,0.00015834,-0.00205198,0.0004
9354,-0.00240709,0.00005318,-0.00006663,0.00021934,-0.00020424,0.00038512,0.0003
0851,-0.00008500,0.00012806,0.00011419,-0.00033124,-0.00042830,-0.00070901,-0.00
038795,-0.00024806,0.00068023,-0.00235932,0.00077603,-0.00076286,0.00034012,0.00
006558,0.00266202,-0.00009819,0.00000529,0.00010751,-0.00007372,-0.00029859,-0.0
0015550,-0.00034741,-0.00003078,-0.00064166,-0.00027316,-0.00036240,0.00006151,0
.00019715,-0.00009104,-0.00054638,-0.00005404,-0.00018314,-0.00006495,0.00150970
,0.00228821,0.00923142,-0.00008688,0.00053436,0.00067320,-0.00114317,0.00117044,
0.00401336,0.01495386,-0.01055250,-0.01690822,-0.00013374,-0.00003592,0.00006838
,-0.00002264,0.00001063,-0.00000411,-0.00015060,-0.00007937,0.00003058,-0.000061
51,-0.00005432,-0.00001462,0.00232084,-0.00650143,0.51142548,0.00006331,0.000366
63,-0.00007702,0.00010822,-0.00003253,-0.00039686,0.00019767,0.00623756,-0.00011
707,-0.02522722,-0.01300693,0.00330774,-0.00008864,-0.00006894,0.00000153,0.0000
4952,-0.00014352,-0.00015647,0.00003442,0.00000732,-0.00005309,0.00079444,-0.000
16718,-0.00025044,-0.00001851,0.00000641,0.00019406,-0.00001239,0.00009250,-0.00
037004,-0.00046844,0.00065022,-0.00037414,-0.00020624,0.00003527,0.00014043,-0.0
0013179,0.00004503,0.00005095,0.00005781,-0.00057691,0.00063943,0.00003667,-0.00
000277,-0.00001398,-0.00000490,0.00000261,0.00000868,-0.00000881,0.00001563,-0.0
0001539,-0.00018515,0.00013499,-0.00026620,0.00001688,-0.00045877,0.00030202,-0.
00003442,-0.00002997,0.00013092,-0.00034057,-0.00044829,-0.00059609,-0.00018085,
0.00009298,-0.00002686,-0.00015199,-0.00027414,0.00002382,-0.00024339,0.00002794
,0.00023112,0.00045338,0.00026220,0.00000301,-0.00003511,-0.00017320,0.00008473,
-0.00002740,-0.00005021,-0.00003972,-0.00046897,-0.00004435,-0.00055595,-0.00000
704,0.00008137,0.00001802,-0.00359384,-0.00081008,0.00294015,0.00043095,-0.00218
974,-0.00155611,0.00009211,0.00002410,-0.00007307,0.00000983,-0.00000032,-0.0000
0709,-0.00000625,0.00000252,-0.00000953,-0.00001786,0.00002798,0.00001048,-0.131
76146,-0.05666355,-0.00702958,0.47416779,0.00000484,-0.00050361,0.00004626,0.000
14077,-0.00049349,-0.00087236,-0.00269052,-0.01110742,0.00157267,0.00225503,-0.0
0050947,0.00081498,0.00005755,-0.00007738,0.00004471,-0.00010819,-0.00023527,-0.
00036258,-0.00003560,-0.00000798,0.00005017,0.00205543,0.00251623,0.00104996,-0.
00003228,0.00013357,0.00026249,0.00042366,-0.00014174,-0.00054003,0.00105863,-0.
00215796,0.00022988,-0.00043964,-0.00025237,-0.00014254,-0.00010892,-0.00017508,
-0.00020869,-0.00015672,-0.00005092,-0.00029656,-0.00002231,0.00001947,-0.000089
40,0.00005995,0.00006062,-0.00004624,0.00004368,-0.00002274,-0.00002684,-0.00018
496,-0.00063738,0.00042348,0.00032919,-0.00011081,0.00168774,-0.00002273,-0.0000
1938,-0.00019910,0.00015846,-0.00097350,-0.00122622,0.00004394,0.00002550,-0.000
02835,-0.00011357,0.00001216,0.00022068,0.00009765,0.00041588,0.00020026,0.00014
536,0.00056676,0.00056921,0.00006532,-0.00011441,0.00043237,0.00005935,0.0000827
0,-0.00007223,-0.00072535,-0.00033620,0.00015281,-0.00009255,0.00008266,0.000103
36,0.00203618,0.00004432,-0.00069378,0.00196804,0.00268913,-0.00113652,0.0000954
0,0.00010023,-0.00003993,0.00003279,0.00003651,-0.00000581,-0.00000919,-0.000008
28,-0.00006598,0.00001223,-0.00001238,-0.00002420,-0.08329418,-0.12097739,-0.012
84783,-0.03207922,0.43989631,-0.00011011,0.00018476,-0.00009640,-0.00007697,-0.0
0012314,-0.00013383,-0.00059591,0.00176155,0.00213532,0.01825033,0.01265783,0.00
043767,0.00003606,-0.00000781,-0.00010453,-0.00013761,0.00004658,-0.00000499,-0.
00000028,-0.00001551,0.00001398,-0.00027919,-0.00012261,0.00010581,0.00003055,0.
00008091,-0.00000637,0.00072416,0.00022915,-0.00109893,0.00019135,0.00008091,-0.
00051694,0.00003543,-0.00005897,-0.00006507,0.00011931,0.00029108,-0.00004320,-0
.00023881,0.00003752,-0.00039036,0.00001707,0.00006766,-0.00000214,-0.00000710,0
.00006676,0.00005606,-0.00002305,-0.00000232,0.00003687,-0.00001483,0.00026598,-
0.00027874,-0.00005994,-0.00013324,0.00033723,-0.00001311,-0.00004357,-0.0000191
4,0.00023330,0.00050009,0.00027673,0.00004686,-0.00003861,0.00000169,-0.00001656
,-0.00000746,-0.00000405,0.00003845,0.00001941,0.00007427,0.00005276,-0.00013494
,-0.00004158,-0.00003347,0.00004401,-0.00008103,-0.00001059,-0.00002016,-0.00000
331,0.00003050,-0.00015535,-0.00004943,0.00002789,-0.00002153,0.00001358,0.00317
996,0.00050777,-0.00219249,0.00044830,0.00067052,0.00089935,-0.00000029,0.000005
78,0.00001526,0.00000444,0.00001068,-0.00000338,-0.00001627,-0.00001444,-0.00000
209,-0.00001339,-0.00002031,-0.00000585,-0.00374562,-0.00769650,-0.07531905,0.00
615075,0.00192691,0.52894141,-0.00084016,0.00032287,-0.00067105,-0.00016303,0.00
040105,0.00010289,-0.00062811,-0.00048959,-0.00258660,0.00498708,-0.00205893,0.0
1872907,-0.00047543,-0.00036299,0.00052067,0.00084446,0.00032686,-0.00035412,-0.
00003616,0.00000107,0.00002581,-0.00027026,0.00037140,0.00010512,0.00002006,-0.0
0018469,-0.00007099,-0.00138101,0.00016759,0.00329150,0.00021061,-0.00015871,-0.
00001439,0.00006546,0.00004530,-0.00015642,-0.00007304,-0.00023002,-0.00010208,0
.00041406,-0.00016040,0.00045281,-0.00003506,-0.00000331,0.00001690,0.00000739,-
0.00009750,-0.00007134,0.00001773,-0.00001439,0.00002628,-0.00008326,-0.00015647
,-0.00008441,-0.00055239,-0.00004700,-0.00000508,-0.00008851,0.00006082,-0.00002
743,0.00001919,-0.00011866,0.00019194,-0.00004445,-0.00006490,0.00003553,0.00015
105,0.00002491,0.00007198,-0.00020582,0.00066217,-0.00009395,-0.00026143,0.00121
714,-0.00019187,0.00022225,0.00009246,-0.00033189,-0.00000507,0.00005848,-0.0000
3015,-0.00005708,0.00069473,0.00042459,-0.00001680,0.00002420,0.00002742,0.00094
119,0.00004625,0.00322878,-0.00063550,0.00048426,0.00163243,-0.00008252,-0.00008
512,0.00002503,-0.00003169,-0.00003007,0.00002901,0.00003973,0.00003841,-0.00000
014,0.00000563,0.00001072,0.00003825,-0.09776396,0.00284062,-0.05569381,-0.01899
836,-0.00116850,-0.02713298,0.53232292,0.00014687,0.00165969,-0.00179710,0.00016
564,0.00012198,0.00016875,0.00000672,0.00196856,0.00582657,-0.00186779,-0.000901
93,-0.00536918,-0.00038169,-0.00035033,0.00046462,-0.00003321,-0.00315588,0.0006
5637,0.00001192,-0.00000406,0.00012150,-0.00027646,-0.00100050,-0.00029421,-0.00
009191,-0.00005949,-0.00009815,-0.00105681,-0.00072062,0.00054894,-0.00031330,0.
00064764,0.00005922,-0.00011951,0.00003388,-0.00003964,0.00004173,0.00001936,-0.
00004730,0.00006058,-0.00014101,-0.00010828,0.00000326,0.00003465,-0.00007931,0.
00000262,0.00002013,0.00000891,0.00004490,-0.00004446,-0.00003227,-0.00001624,0.
00000852,0.00020925,0.00046375,-0.00015028,-0.00016309,0.00031591,-0.00010913,0.
00010211,0.00003245,-0.00013394,-0.00043378,0.00022137,-0.00010958,0.00024509,-0
.00012565,0.00010112,-0.00003366,0.00016416,-0.00009701,0.00018665,0.00097764,-0
.00205796,-0.00040087,-0.00051605,-0.00024253,0.00034687,-0.00000848,0.00006154,
0.00004873,0.00077950,-0.00106602,-0.00077697,0.00002090,-0.00010241,-0.00011542
,-0.00056622,0.00081269,0.00076801,0.00094955,-0.00067288,-0.00159829,0.00013032
,0.00000811,-0.00002180,0.00000908,0.00000742,0.00000552,-0.00000665,0.00001697,
-0.00002329,0.00000338,0.00003165,0.00000824,0.01455401,-0.06371454,0.03351118,-
0.01254628,-0.00288971,-0.01889494,0.02803639,0.49610680,-0.00059306,-0.00125302
,0.00034920,0.00020092,0.00014501,0.00086824,0.00013975,0.00006933,0.00001419,-0
.00382608,0.00389068,-0.03164283,-0.00018736,0.00040782,0.00001846,-0.00020217,-
0.00030028,0.00022221,-0.00001596,0.00001204,0.00000811,-0.00110673,-0.00011229,
-0.00005914,-0.00010218,-0.00002814,-0.00035203,0.00247132,-0.00041910,-0.003050
25,0.00014495,-0.00006077,0.00002868,0.00010615,0.00026402,0.00002698,0.00023813
,0.00038984,0.00013258,-0.00030735,0.00021830,-0.00027840,0.00001363,0.00000518,
-0.00002281,-0.00003859,0.00001632,0.00001762,-0.00004537,0.00008316,0.00003235,
-0.00013346,-0.00002067,-0.00031836,0.00046488,0.00002918,0.00019921,-0.00006358
,0.00026773,0.00000288,-0.00029164,0.00010372,-0.00063559,-0.00005954,-0.0000363
7,-0.00017436,-0.00025301,-0.00004213,0.00007441,0.00016975,0.00021819,-0.000543
61,0.00028019,0.00051546,-0.00069858,0.00000008,-0.00031359,-0.00006166,-0.00000
447,0.00002196,0.00001865,0.00023233,0.00036850,0.00015704,0.00000698,-0.0000381
5,-0.00003668,-0.00210919,-0.00002205,-0.00008291,0.00047977,-0.00009816,-0.0005
0376,-0.00012902,-0.00008530,-0.00000762,-0.00003064,-0.00002714,0.00001354,0.00
000288,-0.00000693,0.00001167,-0.00004613,-0.00000424,0.00004155,-0.04959985,0.0
1153262,-0.18304894,-0.00920633,-0.00005774,-0.01029875,-0.03263427,0.02341504,0
.46665347,0.00016228,-0.00005968,0.00027414,0.00013118,-0.00054170,0.00008683,-0
.00056554,-0.00036637,-0.00086061,0.00143499,-0.00185988,-0.00115878,0.00005837,
-0.00002216,-0.00000968,-0.00006628,0.00001545,0.00001795,0.00001064,-0.00002710
,-0.00000998,0.00029685,-0.00063348,-0.00005873,-0.00001934,0.00029681,0.0001355
1,-0.00015634,0.00044149,0.00010466,-0.00028555,0.00040571,-0.00014744,0.0000300
9,-0.00004134,0.00008030,0.00003078,0.00000082,0.00004156,-0.00005536,0.00004358
,0.00000778,0.00001430,-0.00001098,0.00002302,0.00001253,0.00001294,0.00001026,0
.00002939,0.00000394,-0.00000700,0.00005404,0.00007989,0.00010080,-0.00014999,-0
.00002047,-0.00028580,-0.00007047,0.00001815,-0.00006936,-0.00007435,0.00055506,
0.00040424,0.00000961,-0.00001507,-0.00001216,-0.00004997,0.00001988,-0.00001229
,-0.00005144,0.00000252,-0.00006939,-0.00018213,-0.00021554,-0.00008336,-0.00002
253,-0.00001121,-0.00004294,0.00000414,-0.00000844,0.00000401,0.00034587,0.00031
369,0.00017980,0.00000876,0.00000403,0.00000960,0.00028689,-0.00003620,-0.000199
56,0.00031689,0.00067369,0.00005599,0.00003889,0.00002670,-0.00000787,0.00002332
,0.00001273,-0.00000398,-0.00000999,-0.00000442,-0.00000952,0.00001795,-0.000012
32,-0.00000603,0.00205530,-0.02552661,0.00228417,-0.06943926,0.06421524,-0.01285
719,0.00121021,-0.00261751,0.00170001,0.07736537,-0.00009084,0.00043741,-0.00042
431,-0.00022434,0.00059127,0.00019782,-0.00229547,-0.00242766,0.00014836,0.00118
218,0.00070276,-0.00108362,-0.00000748,-0.00003326,0.00001100,0.00000609,-0.0000
7321,0.00008805,-0.00003460,0.00008013,0.00004254,-0.00062467,-0.00002665,0.0000
0080,0.00003745,-0.00027528,-0.00020510,0.00011729,-0.00007590,0.00010131,0.0002
4583,0.00003040,0.00004775,0.00000909,0.00010300,-0.00008525,0.00009395,0.000033
13,-0.00004746,-0.00001671,0.00002008,-0.00008103,-0.00003309,0.00004418,-0.0000
6697,-0.00000075,0.00001570,-0.00003189,-0.00000345,-0.00002393,-0.00001996,0.00
002573,-0.00012905,0.00000665,0.00019710,0.00014303,0.00002910,-0.00000044,0.000
08795,0.00009183,0.00003633,-0.00029246,-0.00020936,0.00005182,0.00002403,-0.000
06034,0.00013185,0.00011458,-0.00003080,0.00000248,-0.00004634,0.00003368,0.0000
6550,-0.00005486,-0.00000720,-0.00006000,0.00002578,-0.00001426,0.00000247,0.000
02933,-0.00000241,0.00075002,0.00050988,0.00009142,-0.00000642,-0.00002275,-0.00
001852,0.00042205,0.00010579,-0.00004061,-0.00054763,0.00060335,0.00088242,-0.00
007161,-0.00004116,0.00002855,-0.00001523,-0.00000913,0.00000428,0.00003172,0.00
002063,0.00000339,0.00000630,0.00000744,0.00000140,-0.01084527,-0.03910906,0.002
23409,0.06811117,-0.21295047,0.03571283,0.00116209,0.00114566,0.00145181,-0.0690
4174,0.26522486,0.00014484,-0.00010082,0.00001233,-0.00002347,0.00014633,-0.0000
5846,-0.00015977,0.00026282,0.00078417,-0.00077285,0.00126006,0.00078974,0.00001
002,0.00000619,0.00001307,0.00000872,-0.00003427,0.00001186,0.00000990,0.0000020
4,-0.00000782,0.00018747,-0.00010308,-0.00012119,0.00000665,-0.00009116,0.000001
89,-0.00025952,-0.00012220,0.00001235,-0.00019930,0.00006011,-0.00000032,0.00008
054,-0.00001105,0.00001246,-0.00001294,0.00000564,0.00004021,0.00004750,0.000074
86,0.00002952,0.00001418,-0.00003500,0.00001910,0.00000809,-0.00001380,0.0000061
5,0.00001008,0.00000347,0.00000357,0.00018425,0.00022992,0.00021305,-0.00008485,
0.00014275,-0.00048173,0.00004490,-0.00001493,0.00003188,-0.00000361,-0.00007064
,-0.00012209,-0.00003643,-0.00001969,-0.00001204,-0.00002395,-0.00002412,-0.0000
0083,-0.00000025,-0.00000312,-0.00000344,-0.00003220,0.00001799,-0.00001128,0.00
000140,-0.00001446,0.00002108,0.00000077,-0.00000213,-0.00000541,-0.00002222,0.0
0002937,-0.00007581,-0.00000944,0.00001046,-0.00001054,-0.00004496,-0.00011376,-
0.00005335,0.00058797,-0.00031306,-0.00034452,0.00001055,0.00001148,-0.00000812,
0.00000425,0.00000007,-0.00000049,-0.00000390,-0.00000253,-0.00000218,0.00000419
,-0.00000105,-0.00000005,0.00051603,-0.00029657,-0.00030563,-0.01298554,0.035061
06,-0.05277823,0.00035644,-0.00301975,0.00145598,0.01626336,-0.04184119,0.055318
27,-0.00010439,0.00046511,-0.00009024,0.00006980,-0.00008776,-0.00001402,0.00147
685,-0.00053715,-0.00092862,0.00032444,0.00027686,-0.00079931,0.00004016,-0.0000
2228,-0.00002978,-0.00004836,0.00003412,0.00002141,-0.00004435,0.00003437,0.0000
2385,0.00034426,0.00168627,0.00046895,-0.00004676,0.00006089,0.00005457,-0.00015
537,-0.00038396,-0.00010704,-0.00071792,-0.00083650,-0.00061486,-0.00000650,-0.0
0021524,0.00003104,0.00002441,0.00009251,-0.00003453,-0.00023183,-0.00019876,-0.
00005128,0.00000769,0.00004190,-0.00005837,0.00000566,0.00005914,-0.00004676,0.0
0000883,-0.00000020,-0.00002305,0.00099510,0.00017547,0.00011117,0.00027809,0.00
019083,-0.00005222,-0.00008520,0.00012145,-0.00006525,-0.00012389,-0.00016179,0.
00009354,0.00000326,0.00010556,0.00001990,0.00000772,-0.00001027,-0.00002615,0.0
0001123,-0.00003553,0.00019219,0.00014994,-0.00005903,0.00012969,-0.00004025,0.0
0009418,0.00007693,0.00000622,0.00002655,0.00000626,-0.00066103,-0.00092566,-0.0
0015766,-0.00004408,0.00002307,-0.00000012,0.00038810,0.00020341,-0.00008979,-0.
00111804,0.00040209,-0.00001618,0.00005187,0.00002996,0.00000379,0.00001318,0.00
001452,-0.00000015,0.00001941,-0.00000301,0.00000698,0.00000233,0.00000261,-0.00
001436,-0.01175430,-0.00199507,-0.02173161,-0.07554488,0.00413752,-0.07703142,-0
.00440017,-0.00348561,-0.00138104,-0.00365992,0.00393517,-0.01223835,0.08660605,
0.00100354,0.00062013,-0.00004713,-0.00010567,-0.00013098,-0.00023266,-0.0018143
1,-0.00391114,-0.00201653,0.00035746,0.00066185,-0.00008756,0.00011897,-0.000032
95,0.00002678,-0.00001163,0.00005170,0.00010209,-0.00000848,0.00006683,0.0000415
2,0.00085370,-0.00144982,-0.00035669,0.00006316,0.00016050,0.00022792,-0.0003810
3,0.00031228,-0.00030818,-0.00025546,0.00054620,0.00046593,-0.00005155,-0.000358
92,0.00021739,0.00003792,0.00001260,-0.00018745,-0.00003189,-0.00015962,-0.00005
975,-0.00001689,-0.00003519,-0.00003010,0.00009328,0.00005470,-0.00007372,0.0000
9681,-0.00000734,-0.00005119,-0.00004662,-0.00126890,0.00232432,-0.00036990,-0.0
0068423,0.00036644,-0.00000280,-0.00009345,0.00011306,0.00005503,0.00010263,0.00
035111,0.00011401,0.00000018,-0.00007174,-0.00000019,0.00011276,-0.00000181,0.00
011564,-0.00004491,0.00002155,-0.00021833,-0.00003809,0.00016298,-0.00007670,-0.
00000356,0.00013374,0.00004482,0.00003813,0.00001502,0.00039506,0.00020507,-0.00
000866,-0.00003816,0.00005401,0.00003749,0.00015286,-0.00009415,-0.00007242,0.00
032775,0.00007090,0.00003642,0.00006946,0.00006259,0.00000480,0.00002332,0.00001
658,-0.00000858,0.00001102,0.00000345,-0.00000355,0.00002534,0.00000151,-0.00001
361,-0.00793622,-0.00097866,-0.01867024,0.00492801,-0.04115973,0.01215844,-0.003
52108,-0.00195708,-0.00049630,0.01137981,-0.00456687,0.02717081,-0.00164194,0.05
157017,-0.00014070,0.00040056,0.00011820,0.00004155,-0.00019033,-0.00005910,0.00
014666,-0.00301420,-0.00153024,0.00089012,0.00005603,0.00060081,0.00002732,-0.00
004639,-0.00002402,0.00002306,0.00008368,-0.00001410,-0.00011911,0.00004018,0.00
003099,0.00070584,-0.00109399,0.00005752,0.00000711,0.00013553,0.00020367,-0.000
24339,-0.00010329,0.00028046,-0.00090813,0.00141427,-0.00071802,-0.00004509,0.00
010278,0.00002993,0.00001698,0.00008746,-0.00006631,0.00010824,-0.00000930,-0.00
007017,-0.00000971,0.00001426,-0.00003473,0.00000346,0.00001420,-0.00000981,0.00
002303,-0.00000796,-0.00001061,0.00040520,0.00212330,-0.00092292,-0.00026317,0.0
0041896,-0.00081839,-0.00002715,-0.00006636,0.00002981,-0.00008196,0.00000922,0.
00028497,0.00010653,0.00010365,0.00000091,0.00007857,0.00004676,-0.00001007,-0.0
0002381,-0.00001379,0.00016283,0.00008346,-0.00001865,0.00006610,-0.00009244,-0.
00002633,0.00004327,-0.00000248,0.00004293,-0.00002325,-0.00002159,-0.00012745,-
0.00016182,-0.00004819,-0.00000518,0.00002779,0.00021311,0.00015227,-0.00006790,
0.00039907,0.00014047,0.00028884,0.00005641,0.00003915,-0.00000298,0.00001066,-0
.00000088,-0.00000821,0.00000918,-0.00000802,0.00000831,-0.00000217,-0.00000170,
-0.00000908,-0.00335948,-0.00180534,-0.00439291,-0.08291801,0.01025378,-0.243278
85,-0.00170194,-0.00165637,0.00001242,-0.00339742,0.00331875,-0.00752073,0.09586
088,-0.01211634,0.27952220,0.00021281,0.00054845,0.00003065,0.00027119,-0.000622
36,-0.00013667,-0.00040779,-0.00304767,0.00189914,-0.00441596,-0.00267205,-0.000
65905,0.00001665,-0.00001353,0.00005922,-0.00005268,-0.00013792,-0.00009939,-0.0
0002390,0.00001894,0.00001443,0.00069149,0.00063106,0.00007233,-0.00004821,0.000
30795,0.00011054,-0.00046241,-0.00022753,0.00036190,-0.00045598,-0.00023457,-0.0
0023357,-0.00000461,-0.00001985,0.00007052,0.00004806,0.00001614,-0.00006784,0.0
0010706,0.00005814,0.00000812,-0.00003026,0.00004705,-0.00003853,0.00002309,0.00
003539,0.00000080,0.00006376,0.00001245,-0.00002189,0.00010020,-0.00012538,0.000
21240,-0.00027214,-0.00016542,-0.00001264,-0.00004454,0.00006334,-0.00007912,-0.
00015060,0.00086771,-0.00003628,0.00004647,0.00001876,-0.00006016,0.00002250,0.0
0009767,-0.00006562,-0.00003079,0.00003614,0.00006154,0.00003804,0.00001916,0.00
018885,0.00004541,-0.00004371,-0.00007860,-0.00000799,0.00002448,-0.00005266,-0.
00047701,-0.00060998,0.00009536,-0.00006341,0.00002210,0.00001919,-0.00098420,-0
.00002667,0.00098518,0.00017161,-0.00040246,-0.00056352,-0.00001103,0.00003411,0
.00000470,0.00000940,-0.00000014,-0.00000631,0.00000079,0.00001135,-0.00002531,0
.00003243,-0.00001276,-0.00000820,-0.02049380,0.00022742,0.01654104,-0.14858860,
0.03903295,0.09880808,0.00026569,0.00030413,0.00072804,-0.00872251,0.00739703,0.
00882916,0.00844748,-0.00222671,-0.00572262,0.17554621,0.00087505,0.00006390,0.0
0007774,0.00001353,-0.00098005,-0.00026504,-0.00201079,-0.00150344,0.00161286,-0
.00351912,-0.00113990,-0.00081175,0.00005837,-0.00002703,0.00004174,-0.00009332,
-0.00001478,-0.00001040,-0.00003158,-0.00000072,0.00005531,0.00023517,-0.0004562
4,0.00037184,0.00001862,0.00045304,0.00034122,-0.00005700,-0.00015121,0.00019966
,-0.00006701,0.00013695,-0.00021352,-0.00012724,-0.00000591,-0.00001296,0.000028
18,-0.00005496,-0.00018786,0.00015779,0.00007161,-0.00001565,-0.00002533,-0.0000
1682,-0.00004311,0.00004797,0.00001053,-0.00005208,0.00007332,0.00000409,-0.0000
6077,-0.00002899,-0.00000273,-0.00015867,-0.00046350,-0.00027776,-0.00007996,-0.
00011368,0.00008449,0.00001892,0.00032854,0.00019573,-0.00069392,0.00008987,0.00
006323,-0.00000452,0.00011490,0.00009227,-0.00003048,0.00003029,-0.00006534,0.00
002386,-0.00011979,-0.00002904,0.00014060,-0.00007998,0.00001113,0.00018434,0.00
003914,0.00004857,-0.00000145,0.00041505,0.00014674,-0.00035054,-0.00000330,0.00
002937,-0.00000638,-0.00101662,0.00004354,0.00084681,-0.00001253,0.00002875,0.00
002262,0.00002533,0.00001507,-0.00000345,0.00001982,0.00001341,-0.00000748,0.000
00898,0.00001339,-0.00001830,0.00003194,0.00000066,-0.00001147,-0.01595342,0.002
80329,0.01322966,0.04041536,-0.05433861,-0.03762374,-0.00005619,0.00032207,0.000
80870,0.02129376,-0.01061211,-0.01871134,-0.00111476,0.00134343,0.00129250,-0.03
902945,0.06372614,-0.00029421,-0.00052694,-0.00017141,0.00006258,0.00022256,0.00
030857,0.00170256,0.00413708,-0.00075962,0.00048704,0.00024740,0.00067491,-0.000
05385,0.00004741,-0.00004359,-0.00001808,-0.00000520,0.00002968,0.00004284,-0.00
003483,-0.00002063,-0.00069346,0.00141269,-0.00009773,-0.00005343,-0.00016821,-0
.00021062,0.00017972,-0.00019533,0.00002384,0.00025165,-0.00114181,0.00058656,0.
00008842,0.00002332,-0.00008867,-0.00007099,-0.00002807,0.00010771,-0.00014038,-
0.00010640,0.00008007,0.00004016,-0.00001236,0.00002022,-0.00003789,-0.00003310,
0.00000868,-0.00006106,0.00000842,0.00001266,0.00001893,-0.00020772,-0.00011520,
0.00034534,0.00044406,0.00013016,-0.00005345,0.00019029,-0.00006074,-0.00015921,
-0.00052311,-0.00045063,-0.00010729,0.00005613,0.00005766,-0.00000106,-0.0001355
9,0.00000798,-0.00005099,-0.00003913,-0.00000293,0.00010674,-0.00001265,-0.00010
328,0.00002000,0.00005861,0.00005817,0.00000239,-0.00002816,0.00002257,-0.000116
37,-0.00009509,-0.00002456,0.00002494,0.00001467,-0.00004518,0.00003349,0.000115
98,-0.00000161,-0.00017986,0.00039394,0.00015911,-0.00001555,-0.00004377,-0.0000
1470,-0.00001284,-0.00000309,0.00000756,-0.00000175,-0.00000439,0.00001580,-0.00
002370,0.00001512,0.00000562,0.00033510,0.00181958,0.00007062,0.10385457,-0.0381
4636,-0.14182909,-0.00119787,-0.00016277,0.00094275,-0.00267867,0.00060495,0.003
35000,0.01952177,-0.00821865,-0.02262999,-0.12034964,0.04067990,0.16042764,0.000
09699,-0.00027848,0.00016449,0.00001913,-0.00017820,-0.00012904,0.00019712,-0.00
053082,-0.00136910,0.00029127,-0.00034096,0.00037947,0.00019471,-0.00011475,-0.0
0008312,-0.00030717,-0.00008730,0.00020552,-0.00000778,-0.00003022,-0.00000849,0
.00039338,0.00024557,0.00013936,0.00000554,0.00013820,0.00009888,0.00015068,0.00
008309,-0.00021329,0.00000986,-0.00019758,-0.00002837,0.00002555,0.00001381,0.00
003038,-0.00006381,0.00000174,0.00002724,-0.00004862,-0.00001105,-0.00000410,0.0
0001838,-0.00000759,0.00003035,-0.00001118,0.00001135,0.00002353,0.00000264,-0.0
0000459,-0.00001028,0.00002356,0.00002571,-0.00000156,-0.00007103,0.00004993,0.0
0001558,-0.00008958,0.00005435,-0.00000886,0.00001492,-0.00009076,0.00007809,-0.
00000463,-0.00002914,0.00005462,0.00003026,-0.00002625,-0.00004405,-0.00002675,-
0.00007337,0.00001782,0.00015813,-0.00039393,0.00002767,-0.00010525,0.00000158,0
.00005553,-0.00001480,-0.00002854,0.00001145,-0.00023234,0.00020034,0.00018422,-
0.00001322,0.00003627,0.00003056,-0.00005764,-0.00028599,0.00011612,0.00004395,0
.00003334,-0.00011920,0.00001467,-0.00000192,0.00000517,0.00000896,0.00001135,-0
.00000372,-0.00001268,-0.00000556,-0.00000400,0.00001477,-0.00001060,-0.00001396
,-0.00774831,0.01374892,-0.01171738,0.00059728,0.00290051,-0.00043590,-0.0561510
6,0.04680655,-0.00235148,-0.00014195,-0.00109368,-0.00044133,0.00015795,-0.00003
017,0.00029534,-0.00021054,0.00010772,-0.00003613,0.06420615,-0.00019582,0.00064
285,-0.00033761,-0.00025889,0.00060529,0.00024943,-0.00088443,0.00070360,0.00075
056,0.00004202,0.00082648,-0.00081488,0.00001465,-0.00020538,0.00002710,-0.00006
291,-0.00025606,0.00040949,-0.00004922,0.00010050,0.00003847,-0.00077587,-0.0003
3475,-0.00017628,0.00006279,-0.00029474,-0.00024750,-0.00009574,-0.00012477,-0.0
0011923,0.00008792,0.00020318,0.00007106,0.00003204,0.00005023,-0.00008058,0.000
01461,-0.00001423,-0.00002564,-0.00000271,-0.00000349,-0.00005912,-0.00003300,0.
00003683,-0.00002839,-0.00000732,0.00001701,-0.00002025,-0.00000923,-0.00004794,
0.00000256,-0.00004395,-0.00003448,0.00001048,0.00017515,0.00009057,-0.00012926,
0.00010183,-0.00005655,0.00004562,0.00013679,-0.00014855,-0.00011525,0.00008697,
0.00006462,-0.00000583,0.00019752,0.00008662,-0.00009422,0.00015754,-0.00018612,
0.00005738,0.00042766,-0.00048480,-0.00002004,-0.00022442,0.00012365,0.00006437,
-0.00001698,0.00003135,0.00003002,0.00042182,0.00005466,-0.00003726,0.00003041,-
0.00006080,-0.00003138,-0.00026307,-0.00042594,0.00027655,-0.00009550,0.00026071
,0.00046492,-0.00005047,-0.00005067,0.00004583,-0.00001331,-0.00000166,0.0000072
4,0.00002221,0.00002197,0.00001103,-0.00000121,0.00000766,0.00001123,0.00935878,
-0.01069477,0.01664036,-0.00154479,0.00276605,-0.00156832,0.04469008,-0.23935913
,0.01810414,0.00065402,0.00067144,0.00036567,-0.00022245,0.00003495,-0.00041875,
0.00015058,-0.00038431,0.00010024,-0.05857850,0.28180160,0.00024164,-0.00038043,
0.00022515,-0.00016504,0.00008187,-0.00033445,0.00009118,-0.00106257,-0.00202988
,-0.00066543,0.00089386,0.00130948,0.00011681,0.00002075,-0.00001274,-0.00000689
,0.00024331,0.00009914,-0.00002445,-0.00000582,-0.00001444,0.00055974,0.00038887
,0.00017225,0.00006995,-0.00006057,0.00008629,0.00027426,-0.00005018,-0.00016519
,0.00011029,-0.00023332,-0.00003194,0.00000949,-0.00010737,0.00003270,-0.0000648
5,-0.00003474,0.00001446,0.00001206,0.00005099,-0.00002994,0.00000944,-0.0000315
2,0.00003701,0.00000761,-0.00001946,0.00000760,0.00000212,0.00002091,-0.00000420
,0.00005459,0.00003866,0.00005796,-0.00023926,0.00008484,-0.00003016,-0.00012732
,-0.00004466,-0.00003794,0.00029691,-0.00017347,0.00035186,0.00001269,-0.0000111
5,0.00009402,0.00001087,0.00002250,-0.00000494,0.00009891,-0.00004920,-0.0000287
3,-0.00008613,-0.00017290,-0.00000350,-0.00002732,0.00001125,0.00006902,0.000002
27,-0.00001038,0.00003184,-0.00043558,0.00038166,0.00028610,-0.00001797,0.000050
56,0.00007178,0.00027450,0.00014642,-0.00008617,-0.00038076,-0.00016086,0.000151
75,0.00001945,0.00000834,0.00001306,-0.00000403,-0.00000385,-0.00000142,-0.00001
903,-0.00001618,0.00001412,-0.00000016,-0.00000041,-0.00000709,-0.01681560,0.031
30158,-0.01775921,0.00106979,0.00193951,0.00056071,-0.00339261,0.02206410,-0.045
31229,-0.00007635,-0.00103734,-0.00003926,0.00040984,0.00012832,0.00033099,0.000
06676,-0.00028469,-0.00019953,0.01227024,-0.03310480,0.05823128,-0.00026501,0.00
014652,-0.00016742,0.00006936,0.00053576,0.00009469,0.00128792,-0.00043094,0.000
28417,-0.00023552,-0.00036147,-0.00153555,0.00013936,0.00006893,-0.00007438,0.00
029374,-0.00100665,0.00019405,0.00005177,-0.00001910,-0.00002549,0.00004296,0.00
010983,-0.00006679,-0.00008220,-0.00021206,-0.00018680,0.00027067,0.00005572,-0.
00034210,-0.00003815,-0.00014016,0.00006253,0.00001495,-0.00007988,-0.00005029,-
0.00007597,0.00007764,-0.00006485,-0.00004511,-0.00007324,-0.00005627,-0.0000192
6,0.00000149,0.00001469,0.00000556,0.00001447,-0.00002714,0.00003349,-0.00000420
,-0.00002077,-0.00000211,-0.00001270,0.00003048,0.00014646,0.00005282,0.00006282
,0.00011592,-0.00006905,0.00008121,-0.00044398,-0.00031744,0.00013276,-0.0000913
6,0.00008051,-0.00000827,0.00009265,-0.00011339,0.00001832,-0.00030265,0.0000534
6,0.00016099,-0.00032150,0.00025207,0.00024620,0.00018295,0.00006562,-0.00010156
,0.00002105,0.00001041,-0.00002570,-0.00014122,-0.00002999,0.00015415,-0.0000274
8,0.00000293,-0.00001069,0.00024907,0.00016331,0.00018848,0.00039613,-0.00021588
,-0.00032909,0.00003339,0.00003995,-0.00002444,0.00000642,-0.00000341,0.00000234
,0.00003494,0.00000268,-0.00000553,0.00002627,0.00000116,-0.00001565,0.00717620,
-0.00338848,-0.00750831,0.00090815,0.00019237,-0.00134102,-0.15120295,0.04406896
,0.11153271,-0.00028874,0.00003395,0.00010131,0.00002023,0.00002097,-0.00001392,
-0.00039164,-0.00028836,-0.00072515,-0.00597062,0.00445528,0.00578645,0.16959468
,0.00036497,-0.00000791,-0.00051829,0.00051519,-0.00086486,0.00016708,-0.0001422
8,0.00068125,0.00091966,0.00011529,0.00099917,0.00126720,0.00011728,-0.00003445,
-0.00004488,-0.00086255,-0.00168575,0.00059151,0.00001520,-0.00005764,0.00002974
,0.00009192,0.00027867,0.00011587,-0.00015941,0.00029413,0.00005449,-0.00009098,
0.00006027,0.00005247,-0.00004899,-0.00025481,-0.00008117,0.00002226,0.00005270,
-0.00003208,-0.00001684,0.00001025,-0.00001003,0.00006435,0.00010067,-0.00002724
,0.00001549,-0.00000484,-0.00002298,-0.00000295,-0.00001103,0.00001549,0.0000345
0,-0.00000071,-0.00005700,-0.00003274,-0.00003711,-0.00009744,-0.00011056,-0.000
10647,-0.00003805,-0.00011638,0.00014196,-0.00018058,-0.00051745,0.00031968,-0.0
0056034,0.00000144,0.00004428,0.00000721,0.00008471,-0.00001940,-0.00000734,-0.0
0030211,-0.00001666,0.00014218,-0.00007927,-0.00002841,0.00020922,0.00005528,-0.
00005374,0.00002953,0.00002799,0.00002121,-0.00004972,-0.00007166,-0.00001156,-0
.00009878,-0.00001205,0.00001375,-0.00002322,-0.00001407,-0.00007033,0.00002551,
-0.00010843,0.00011250,0.00053375,0.00002894,0.00001851,-0.00002253,0.00001715,0
.00000971,-0.00000795,-0.00000560,0.00000630,-0.00002561,0.00003407,-0.00000124,
-0.00002193,-0.00316612,0.00181696,0.00277581,-0.00007343,0.00019167,-0.00024955
,0.04426110,-0.06271314,-0.04714618,0.00037292,-0.00032762,-0.00004469,-0.000039
65,-0.00002766,0.00014377,-0.00046787,0.00012447,-0.00042254,0.02315175,-0.01315
413,-0.02066438,-0.04965333,0.06926689,-0.00037739,-0.00059689,0.00045682,-0.000
34186,0.00093602,0.00019524,-0.00095563,0.00087638,-0.00151944,-0.00217421,-0.00
035226,-0.00600446,0.00002825,0.00001314,-0.00007938,0.00029241,0.00092206,0.000
52442,0.00000576,0.00001288,-0.00002127,-0.00006308,-0.00027938,-0.00024292,0.00
004240,-0.00049645,-0.00030576,0.00086241,0.00007201,-0.00121058,0.00000519,0.00
022942,0.00020204,0.00010514,0.00003837,0.00001654,-0.00000999,0.00006403,0.0001
6751,-0.00026332,-0.00001764,-0.00008319,0.00003500,-0.00001471,0.00003383,-0.00
003309,0.00001492,0.00005543,-0.00008733,0.00000601,0.00004404,0.00006694,0.0001
1637,0.00013358,0.00049920,0.00023533,-0.00000336,0.00010746,-0.00013402,0.00004
968,0.00048007,-0.00074533,0.00026106,-0.00004147,-0.00007715,0.00003788,-0.0001
1897,-0.00011528,0.00005378,0.00009659,-0.00006158,-0.00009977,0.00006622,-0.000
15932,-0.00042976,-0.00008435,0.00012097,-0.00005678,-0.00002353,-0.00006400,0.0
0003556,0.00003240,-0.00004715,-0.00002238,0.00004543,-0.00003001,0.00000418,-0.
00072816,0.00000581,0.00014401,0.00054053,-0.00010888,-0.00057064,-0.00004338,-0
.00003812,0.00002631,-0.00001288,0.00000160,0.00001298,-0.00002872,-0.00002333,0
.00001555,-0.00003594,-0.00000086,0.00000526,0.01710923,-0.00555957,-0.02995618,
0.00080001,0.00013426,0.00035859,0.10698143,-0.04559158,-0.15179096,0.00000505,-
0.00005360,-0.00015779,0.00012717,0.00017237,0.00032621,-0.00091951,-0.00032959,
-0.00012870,0.00059543,-0.00124572,0.00227905,-0.12457555,0.05171467,0.18604986,
-0.00046858,-0.00021858,0.00057611,-0.00033556,0.00010664,-0.00007311,-0.0018244
0,0.00007132,-0.00087586,0.00082494,0.00021982,0.00163110,-0.00077193,-0.0010461
0,0.00113479,-0.00069099,0.00241392,0.00047748,-0.00006982,0.00006166,0.00000271
,0.00006642,-0.00049853,-0.00006749,0.00012985,-0.00002422,0.00003747,0.00005951
,0.00007562,0.00021080,0.00003916,0.00049622,0.00007638,0.00010435,0.00001378,0.
00003045,-0.00016829,-0.00002336,0.00003794,0.00004347,0.00000635,-0.00005027,0.
00005169,0.00000539,0.00008838,-0.00003131,0.00001930,0.00004143,0.00002398,-0.0
0000497,0.00004362,0.00002511,0.00002990,0.00012511,-0.00010804,0.00001543,-0.00
022651,0.00000586,-0.00007956,0.00000606,0.00043886,0.00010072,0.00008782,0.0000
7080,-0.00004871,0.00008143,0.00000051,0.00010249,0.00006205,0.00038508,-0.00161
192,0.00013034,0.00057569,-0.00064456,-0.00029814,-0.00027478,0.00028505,0.00008
757,-0.00008020,-0.00005936,0.00004820,0.00016647,0.00015375,-0.00001397,0.00004
511,-0.00002727,0.00001919,0.00089953,0.00027234,0.00080013,-0.00011847,0.000136
91,0.00014575,-0.00001843,-0.00003330,0.00003595,-0.00001402,-0.00000738,0.00000
583,-0.00001322,0.00001568,-0.00000384,-0.00003160,0.00000403,0.00004432,-0.0162
9011,-0.00901690,-0.00595384,-0.00162770,0.00030510,-0.00432224,-0.20746447,-0.1
1426455,-0.01478104,0.00014072,0.00056575,0.00001620,-0.00060684,-0.00083101,-0.
00024162,0.00044624,0.00008142,-0.00004752,0.00474487,0.00175200,0.00088761,-0.0
2120222,-0.01317323,0.00176774,0.24268909,-0.00061548,0.00085996,-0.00184491,0.0
0010120,-0.00002635,0.00003498,0.00006231,0.00036081,0.00034408,-0.00034835,0.00
004008,0.00039835,-0.00146855,-0.00018448,0.00110088,0.00207206,-0.00360961,-0.0
0012418,0.00000305,0.00006178,0.00007005,0.00004468,0.00000728,-0.00001102,-0.00
006752,-0.00001612,-0.00000845,0.00016617,-0.00020032,-0.00014417,-0.00008872,0.
00000179,-0.00003232,0.00013192,0.00013124,-0.00022024,-0.00025895,0.00014575,-0
.00015279,0.00017593,-0.00009439,-0.00013016,0.00002546,0.00000898,-0.00002651,-
0.00004535,0.00000853,-0.00006407,0.00012526,-0.00004224,-0.00009940,-0.00004926
,-0.00004533,-0.00006662,-0.00025911,-0.00021720,-0.00010319,0.00001097,0.000003
18,0.00001217,-0.00019528,0.00001558,0.00007022,0.00015741,0.00013522,0.00009074
,0.00000149,-0.00017416,0.00043089,-0.00080833,-0.00149129,0.00105015,0.00100689
,-0.00319703,0.00050423,0.00016579,-0.00042313,0.00045944,-0.00000014,0.00012059
,-0.00005568,-0.00002825,-0.00013552,0.00001541,-0.00001318,-0.00000133,-0.00001
028,0.00042948,0.00075541,-0.00055984,-0.00008823,-0.00016609,0.00004753,0.00014
670,0.00011457,-0.00008111,0.00003440,0.00000303,-0.00000295,0.00007647,0.000037
69,-0.00006987,0.00003850,0.00001950,0.00001267,0.00174541,0.00146191,-0.0015597
5,-0.00049302,0.00040536,-0.00036352,-0.11688907,-0.12163580,-0.01137298,0.00005
196,0.00045290,0.00003841,-0.00002859,0.00034148,0.00004623,0.00010582,-0.000049
23,-0.00002065,-0.02521329,-0.02280144,-0.00022253,0.00599565,0.00487380,0.00050
828,0.13428993,0.14391130,0.00096529,-0.00166835,0.00147751,-0.00002310,0.000118
37,0.00009484,-0.00096741,0.00013662,-0.00045068,-0.00206428,-0.00082107,-0.0000
9548,0.00189038,0.00091208,-0.00054423,0.00021612,-0.00026219,0.00097612,0.00006
489,-0.00012135,-0.00007136,0.00001462,-0.00024876,-0.00004849,-0.00001002,-0.00
010440,-0.00012230,-0.00052999,0.00025343,0.00045578,0.00004140,0.00019816,0.000
06400,0.00010382,-0.00016998,0.00024263,0.00010077,-0.00020759,0.00020054,-0.000
08491,0.00030997,0.00009976,0.00002439,-0.00007958,0.00004699,0.00003997,-0.0000
8912,0.00010246,-0.00002054,0.00008241,-0.00003680,0.00007226,0.00000458,0.00008
418,0.00003634,0.00023621,0.00003671,0.00003474,-0.00005660,-0.00002046,0.000114
59,-0.00004490,-0.00011698,-0.00010332,-0.00028205,0.00000611,0.00003608,0.00012
787,-0.00030433,-0.00009820,0.00114813,-0.00066859,-0.00091493,0.00089707,-0.000
03803,0.00013515,-0.00003731,-0.00021978,0.00004890,-0.00013575,0.00003979,0.000
17239,0.00029513,0.00006843,0.00001976,-0.00001369,-0.00000341,0.00090116,-0.000
73403,-0.00234277,0.00015056,0.00013361,0.00012710,-0.00016011,-0.00005880,0.000
03682,-0.00004426,-0.00003546,0.00001372,-0.00008446,-0.00004017,0.00002265,0.00
003300,-0.00000127,-0.00003160,-0.02486162,-0.01562829,-0.00759758,-0.00313102,0
.00007104,-0.00563681,-0.00977261,-0.00796536,-0.04236555,0.00026716,0.00020992,
-0.00003548,-0.00152073,-0.00118988,-0.00016408,0.00011744,0.00012885,-0.0000037
1,0.00217547,0.00091643,0.00155681,0.01813206,0.01172506,0.00115591,0.01827140,0
.01224974,0.05388523,0.00053628,-0.00102523,-0.00032530,0.00648805,0.00654174,-0
.00014774,0.00018044,0.00094606,-0.00015622,0.00004673,-0.00002499,0.00003093,0.
00003929,-0.00005727,-0.00000127,0.00000957,0.00005666,-0.00000879,-0.00212833,0
.00136050,-0.00096951,0.00076782,-0.00042129,-0.00012666,-0.00085976,-0.00085749
,-0.00146266,0.00023037,-0.00001520,-0.00002629,-0.00035285,0.00017588,0.0000433
2,0.00014180,-0.00006899,-0.00031439,-0.00020581,0.00004270,-0.00007045,0.000094
40,-0.00004739,0.00015539,-0.00017900,0.00057357,0.00031324,0.00000903,0.0000570
2,-0.00006542,0.00003026,-0.00003479,0.00002569,-0.00002495,-0.00000482,-0.00004
998,-0.00002301,0.00023994,0.00011935,-0.07059024,-0.02629992,0.01156620,-0.0029
8061,0.00327667,-0.00240902,-0.00051573,0.00010620,0.00024044,-0.00019088,0.0000
3356,-0.00000479,0.00010793,-0.00001699,0.00000049,-0.00035453,0.00008956,-0.000
04069,0.00024876,0.00029610,-0.00001889,-0.00022101,0.00003310,0.00011096,0.0018
8649,-0.00435203,-0.00389808,-0.01347154,-0.02280851,0.01179141,0.00001316,0.000
01539,-0.00000126,-0.00000561,-0.00001314,0.00001291,0.00009027,0.00001990,-0.00
003749,0.00000344,0.00000780,-0.00000351,0.00003578,0.00000786,-0.00000268,0.000
01139,-0.00002655,-0.00000125,-0.00024321,0.00025904,-0.00001475,-0.00003454,-0.
00009863,0.00001347,0.00000455,0.00002896,0.00002826,0.00001459,0.00000087,0.000
00170,-0.00000923,-0.00002084,0.00000003,-0.00000928,-0.00003048,-0.00000377,-0.
00001196,0.00000897,-0.00002172,0.00001400,-0.00000797,0.00001694,-0.00000366,-0
.00000981,0.00000955,0.46845457,-0.00050392,-0.00017923,0.00009567,0.00216491,-0
.01028941,0.01430423,0.00074634,-0.00232580,-0.00012619,0.00000998,0.00002313,-0
.00002598,0.00000326,0.00001043,0.00001439,0.00005969,-0.00005418,0.00005146,-0.
00000599,0.00113752,0.00039287,0.00136921,-0.00382552,0.00058956,-0.00060863,-0.
00171393,-0.00480584,0.00018726,-0.00000522,-0.00000763,-0.00076159,-0.00114182,
-0.00125292,0.00025833,-0.00039284,-0.00035300,-0.00011466,0.00006520,0.00008288
,-0.00009540,-0.00009511,0.00011849,0.00013934,-0.00013110,-0.00010938,-0.000067
61,-0.00004329,0.00005045,0.00001394,-0.00000693,-0.00003883,-0.00001349,0.00003
541,-0.00001081,0.00025663,-0.00001974,0.00013619,-0.03620789,-0.13083250,0.0284
8220,-0.00069207,0.00122358,0.00108957,0.00023023,-0.00013046,-0.00008850,0.0000
0351,0.00009278,-0.00012620,-0.00004369,-0.00004091,0.00006205,0.00035091,-0.000
25424,-0.00020440,0.00026887,-0.00046998,-0.00019887,0.00015273,-0.00017182,0.00
009312,-0.00758084,-0.02991259,-0.00544520,-0.00365663,-0.00363134,0.00337779,-0
.00000377,-0.00001519,-0.00000223,-0.00000500,0.00002378,-0.00000002,-0.00006823
,-0.00004116,0.00002308,-0.00002779,-0.00000124,0.00001414,-0.00002620,0.0000154
1,0.00002173,0.00000998,0.00002188,0.00000194,-0.00004871,0.00030415,-0.00014440
,0.00003884,0.00004867,-0.00002825,-0.00002774,0.00004717,-0.00000534,-0.0000160
2,0.00004688,0.00000164,-0.00000964,0.00001351,0.00001279,-0.00004854,-0.0000005
0,0.00001689,-0.00001094,0.00003607,-0.00001338,-0.00001238,-0.00002481,0.000042
42,0.00001800,-0.00000706,0.00000280,0.00772624,0.45740607,-0.00027684,0.0004182
5,-0.00037388,0.00771122,0.01676751,-0.00655841,-0.00069835,-0.00039237,0.000475
36,-0.00002216,-0.00006212,-0.00001811,0.00002141,0.00003608,0.00003523,0.000060
75,0.00005018,-0.00007172,-0.00209932,0.00153331,0.00027688,0.00028598,-0.003022
34,-0.00035020,-0.00121770,0.00024731,-0.00083723,-0.00014563,-0.00004727,0.0000
2416,-0.00077813,-0.00106519,-0.00114219,-0.00019456,0.00001253,0.00026978,0.000
30885,-0.00003684,0.00009247,0.00002361,0.00006674,-0.00012116,0.00006584,-0.000
07923,-0.00034173,0.00002107,-0.00002972,-0.00002682,-0.00002183,0.00000250,-0.0
0003782,-0.00002498,-0.00007206,-0.00000063,0.00007592,-0.00030828,-0.00018863,0
.01586698,0.02993188,-0.07531343,-0.00364742,0.00314850,-0.00377953,-0.00019035,
-0.00014635,-0.00033731,0.00018115,-0.00001125,0.00004289,-0.00003706,0.00011061
,0.00001041,0.00000735,0.00010765,0.00003942,-0.00014625,-0.00035475,-0.00054454
,0.00019338,0.00003656,0.00001355,-0.00567975,-0.01671439,0.00433801,0.00447117,
0.00745987,-0.00150079,-0.00002280,-0.00002909,-0.00001132,0.00000076,0.00000731
,-0.00001117,-0.00004028,-0.00001354,0.00001196,-0.00002535,-0.00001336,0.000010
17,0.00001229,0.00000332,-0.00000678,0.00000269,0.00001790,-0.00000533,0.0004008
9,-0.00029437,0.00016536,0.00003925,0.00005866,-0.00001818,0.00003697,-0.0000468
5,-0.00001026,-0.00001737,0.00001105,-0.00000044,-0.00000634,-0.00000029,-0.0000
0685,-0.00002951,-0.00001454,0.00001530,0.00000194,-0.00000403,0.00002740,0.0000
1529,-0.00001794,0.00000820,-0.00002154,-0.00000530,0.00001593,0.02434951,0.0323
4065,0.51113696,-0.00017373,0.00018395,-0.00012031,-0.00057907,-0.00030459,-0.00
054945,-0.00021031,0.00001125,-0.00006182,-0.00000675,-0.00000618,0.00001845,-0.
00002522,-0.00001086,-0.00001608,-0.00002064,-0.00002179,0.00002193,-0.00003295,
-0.00013775,0.00004179,0.00064932,0.00017159,0.00051917,0.00003630,0.00017043,0.
00036551,-0.00000715,-0.00000372,0.00003162,-0.00000377,-0.00039812,-0.00026471,
-0.00002708,0.00008326,0.00010153,0.00009897,-0.00002287,0.00001139,0.00001737,0
.00005801,-0.00002299,-0.00003072,0.00004598,-0.00002103,0.00002963,0.00001311,-
0.00002464,-0.00002034,0.00000738,0.00002729,-0.00000192,-0.00001835,0.00000507,
-0.00007472,-0.00012450,-0.00003059,0.00479744,-0.00067640,0.00126394,0.00054054
,-0.00069772,0.00031426,-0.00011610,0.00004340,-0.00003397,0.00004342,-0.0000351
0,0.00003202,0.00000199,0.00004895,-0.00006014,-0.00012235,0.00008423,0.00013663
,0.00007154,-0.00000128,-0.00002135,0.00000599,0.00010797,-0.00004766,-0.0003459
7,-0.00064746,-0.00008654,0.00094799,-0.00186797,0.00075658,0.00000831,0.0000165
5,-0.00000372,0.00000280,0.00000645,-0.00000530,-0.00002148,0.00001518,0.0000076
1,0.00000648,0.00000592,0.00000056,0.00001119,-0.00000008,-0.00002011,-0.0000060
9,-0.00001644,0.00000452,0.00014982,-0.00019142,0.00006831,-0.00001241,0.0000511
1,0.00000089,0.00000919,-0.00002764,0.00000425,0.00000605,0.00000567,-0.00000119
,0.00000827,0.00001155,0.00003166,0.00003079,0.00000940,-0.00003183,0.00000711,-
0.00000623,0.00000897,-0.00000025,0.00000314,-0.00001350,0.00000459,-0.00000103,
-0.00000129,-0.14336055,0.05472004,-0.02969334,0.48164752,-0.00011711,0.00016446
,-0.00001184,-0.00157777,-0.00274247,-0.00084691,0.00025102,-0.00043114,0.000001
47,-0.00002110,0.00000615,-0.00000037,-0.00000428,0.00001716,0.00002092,-0.00003
932,0.00001050,-0.00002296,0.00055659,-0.00039002,0.00011738,-0.00004268,-0.0006
9045,0.00013363,0.00041151,0.00070985,0.00026148,-0.00005933,0.00001954,0.000013
36,-0.00010570,0.00009825,-0.00013425,-0.00006547,0.00002886,0.00007560,0.000060
63,0.00000119,0.00002160,-0.00002232,-0.00000188,-0.00001257,0.00007730,-0.00005
595,-0.00005190,-0.00000330,-0.00000576,0.00000341,0.00000313,0.00000651,-0.0000
2300,0.00000561,-0.00001550,0.00000247,0.00001609,-0.00007438,0.00001106,0.01548
981,-0.02362806,0.01275772,0.00106920,-0.00133247,0.00114516,0.00003760,-0.00000
635,-0.00011776,0.00001642,0.00000491,0.00003399,-0.00004738,0.00004973,0.000006
69,-0.00001196,-0.00002634,0.00002926,-0.00027428,0.00008665,0.00004805,0.000040
71,-0.00000680,0.00000820,0.00007635,-0.00079990,0.00060928,0.00206101,0.0001482
9,-0.00025874,-0.00000113,-0.00000451,0.00000053,0.00000254,-0.00000942,-0.00000
537,-0.00000514,0.00001138,0.00000755,-0.00000053,-0.00000130,-0.00000360,-0.000
00388,0.00000102,0.00000495,-0.00000340,0.00001183,0.00000263,0.00009402,-0.0000
8315,0.00002033,0.00003028,0.00000567,0.00000535,-0.00000855,0.00000710,-0.00001
674,0.00000823,-0.00001554,0.00000052,0.00000295,0.00000703,-0.00000640,-0.00000
485,0.00002617,0.00000957,0.00000752,-0.00001690,-0.00000062,-0.00001337,0.00001
475,-0.00001061,-0.00000349,0.00000344,-0.00000252,0.05513745,-0.10202394,0.0184
9903,0.03393240,0.49899326,-0.00001846,-0.00025107,0.00009505,0.00051368,0.00153
860,0.00010789,0.00007233,0.00013003,0.00001965,0.00000283,0.00000769,0.00001725
,-0.00001177,-0.00001623,0.00000517,0.00000936,-0.00002688,0.00002515,0.00021214
,-0.00030008,-0.00001398,0.00062919,-0.00028538,0.00015315,0.00001103,-0.0001931
8,-0.00003095,0.00007072,-0.00001860,0.00000827,-0.00020402,0.00011224,-0.000033
99,0.00005782,-0.00021043,-0.00026260,-0.00006383,0.00000278,-0.00005863,-0.0000
1698,-0.00003295,0.00003199,0.00005374,0.00004562,0.00006599,-0.00003924,-0.0000
0774,0.00003112,-0.00000487,-0.00000207,0.00001459,0.00003503,0.00000159,-0.0000
0804,-0.00001045,0.00006641,-0.00005983,-0.00460885,0.00993426,-0.00395901,-0.00
038315,0.00053486,-0.00052615,0.00014905,0.00009325,0.00015147,-0.00008067,0.000
03280,0.00001986,0.00000776,0.00003414,0.00002329,-0.00007971,0.00006442,0.00003
406,0.00014958,0.00017164,0.00002651,-0.00006454,-0.00003801,-0.00000999,-0.0002
6116,-0.00021750,-0.00049833,-0.00085835,0.00101579,0.00066209,-0.00000549,-0.00
000154,-0.00000067,-0.00000537,-0.00000224,0.00000546,-0.00000861,0.00000802,0.0
0000098,-0.00000271,0.00000065,0.00000194,-0.00001607,0.00000284,0.00000620,-0.0
0000212,-0.00000596,0.00000567,-0.00006359,0.00006087,-0.00001634,-0.00000674,0.
00001500,-0.00000152,-0.00000388,0.00000587,0.00000010,-0.00000443,0.00000807,0.
00000062,0.00001472,0.00000064,0.00001198,0.00000928,-0.00001458,-0.00000515,-0.
00000238,0.00000348,0.00000195,-0.00000186,-0.00000817,0.00001412,0.00000371,-0.
00000017,-0.00000325,-0.03039504,0.01743917,-0.07413069,-0.01899714,0.01321173,0
.52040519,0.00138608,-0.00367122,0.00017380,-0.00123689,0.00037631,-0.00110035,-
0.00087856,0.00069450,0.00000879,0.00000491,-0.00023747,0.00010554,0.00013722,0.
00002448,0.00015271,-0.00012216,0.00007312,0.00014526,-0.00066486,0.00076109,-0.
00078248,0.00004440,0.00099593,0.00051308,0.00033293,0.00020246,0.00002514,-0.00
051111,-0.00028669,0.00011911,0.00031055,-0.00052950,-0.00010260,-0.00061147,0.0
0096699,-0.00052248,0.00041344,-0.00000900,-0.00092495,0.00032017,-0.00022785,-0
.00028570,0.00018538,-0.00055056,-0.00040591,0.00004313,0.00015087,-0.00020156,0
.00018245,-0.00009883,-0.00010216,-0.00008879,0.00004705,-0.00000620,-0.00060877
,-0.00048965,-0.00081352,-0.00942592,-0.00525491,0.01086070,0.00059419,-0.000627
17,0.00008715,-0.00107309,0.00116068,-0.00000168,0.00053473,0.00006789,-0.000399
80,-0.00001159,0.00037096,0.00020389,-0.00031528,-0.00022303,0.00040322,-0.00201
886,0.00192789,-0.00085078,-0.00131168,0.00098065,-0.00063322,-0.00152677,-0.001
17418,0.00195769,-0.00085482,-0.00167577,0.00112678,0.00006271,-0.00007816,0.000
01924,0.00002716,0.00001230,-0.00003230,0.00030303,0.00011776,-0.00008925,0.0000
2037,0.00002100,-0.00000481,0.00016513,0.00006970,-0.00001768,0.00004229,0.00000
888,0.00001763,0.00027623,-0.00037119,0.00008959,-0.00000453,-0.00025064,0.00001
814,0.00004969,-0.00004444,0.00004516,0.00002996,-0.00001583,0.00000453,-0.00003
217,-0.00004412,-0.00001649,-0.00001419,-0.00001744,0.00001449,0.00000957,-0.000
00568,-0.00000470,-0.00002745,-0.00000409,0.00002372,0.00005107,-0.00005236,0.00
005013,-0.10946224,0.00993909,0.05621906,-0.02155497,0.00819053,0.01906204,0.495
65818,-0.00255664,0.00065900,-0.00128684,-0.00132007,-0.00183298,-0.00028491,0.0
0016248,-0.00093528,0.00029856,0.00002960,0.00015801,-0.00009430,-0.00007997,0.0
0012885,0.00000366,0.00005241,-0.00001622,-0.00014534,0.00013869,-0.00002396,0.0
0001333,0.00060037,0.00026663,0.00065729,0.00009186,0.00092862,0.00011996,-0.000
04416,0.00026149,0.00017036,-0.00001795,-0.00009252,-0.00004202,0.00141509,-0.00
213998,-0.00140850,-0.00043111,-0.00028190,0.00079167,0.00013785,0.00029929,0.00
026633,0.00111295,-0.00206427,-0.00066646,0.00011977,-0.00006316,0.00010920,-0.0
0010278,0.00003703,0.00003258,0.00013697,-0.00002803,0.00010968,0.00072965,0.000
76069,0.00029323,-0.01511220,-0.00131003,0.01839807,0.00032055,0.00012793,0.0003
2711,-0.00182240,-0.00071434,-0.00006047,-0.00012236,-0.00056699,0.00003340,-0.0
0000297,0.00026529,0.00000225,-0.00018643,0.00017900,-0.00047782,0.00099126,-0.0
0056878,-0.00091045,-0.00045118,0.00032894,-0.00023018,-0.00222960,-0.00126764,0
.00160065,-0.00162926,-0.00305918,0.00190897,-0.00007292,0.00000872,-0.00000398,
-0.00001307,0.00001099,0.00001462,-0.00018865,-0.00001149,0.00009049,-0.00003510
,0.00001899,-0.00001318,-0.00012274,-0.00000756,-0.00000713,-0.00002071,0.000021
44,-0.00000988,0.00002821,0.00007505,-0.00008017,0.00004969,0.00004614,-0.000013
05,-0.00001235,0.00004474,-0.00004171,-0.00000788,-0.00001031,-0.00000343,0.0000
3684,0.00004114,0.00002664,-0.00002606,0.00004279,0.00001605,0.00000418,0.000000
40,0.00000536,-0.00003366,0.00002625,-0.00000520,-0.00002615,0.00005118,-0.00004
163,0.00599715,-0.06543948,-0.01017309,0.01432452,-0.00422247,-0.01253667,0.0077
7724,0.52516307,-0.00076226,-0.00049380,-0.00307867,0.00027495,0.00029136,-0.000
34914,0.00003819,0.00039013,0.00003648,0.00009391,0.00010531,0.00009490,-0.00006
149,0.00004686,0.00003701,-0.00003520,0.00006568,0.00001540,-0.00221125,0.001195
93,-0.00214260,-0.00005467,-0.00056052,0.00017767,-0.00003682,0.00022206,-0.0001
4002,0.00018671,-0.00012890,0.00041824,-0.00018763,0.00018454,-0.00015715,-0.000
16222,-0.00217053,-0.00186595,-0.00004907,-0.00029872,-0.00039757,0.00015072,0.0
0035021,0.00046761,0.00191621,-0.00287070,-0.00087322,-0.00009900,-0.00013774,0.
00002045,-0.00004189,-0.00005178,0.00014218,0.00008691,-0.00006922,-0.00003513,0
.00019020,-0.00019578,-0.00025231,0.00933027,0.00412031,-0.00839759,-0.00014952,
0.00025072,-0.00002234,-0.00031548,0.00042214,-0.00000853,-0.00024274,0.00001130
,-0.00003375,-0.00020486,0.00051502,0.00027520,-0.00023781,-0.00056530,-0.000343
91,-0.00235956,0.00151150,-0.00350141,-0.00013997,-0.00008626,-0.00006856,0.0002
2612,0.00013206,-0.00037612,0.00014381,0.00101187,-0.00051644,0.00001632,0.00000
246,-0.00000919,0.00000254,0.00001593,0.00000794,-0.00004529,0.00003325,-0.00002
321,0.00001746,-0.00000573,-0.00000154,-0.00005084,-0.00002823,0.00000127,-0.000
02235,-0.00003972,0.00001528,-0.00000947,-0.00002256,-0.00001556,-0.00001910,0.0
0009194,-0.00001312,-0.00002197,-0.00001354,-0.00002154,-0.00000208,0.00000022,0
.00000571,0.00005004,0.00001795,0.00007586,0.00004326,-0.00001029,-0.00003537,0.
00000739,-0.00002351,0.00001207,0.,-0.00000362,0.00000652,-0.00000322,-0.0000130
5,0.00000384,0.05945158,-0.01468994,-0.14154678,0.00132797,-0.00191386,0.0014834
6,0.04086026,-0.00689830,0.46985294,-0.00005954,0.00021760,-0.00006491,-0.000267
41,0.00067641,0.00040780,-0.00001971,-0.00008741,0.00006930,-0.00000808,-0.00000
012,-0.00002123,0.00000338,0.00001551,0.00000018,-0.00000763,0.00000789,-0.00000
062,-0.00008380,0.00004975,0.00014781,-0.00029224,-0.00005325,-0.00000986,0.0002
8778,-0.00064267,-0.00028156,-0.00002524,0.00000803,-0.00000351,0.00006545,0.000
00312,-0.00000104,-0.00006022,0.00013867,0.00017776,0.00010700,-0.00002728,0.000
02813,0.00000366,-0.00001139,-0.00002812,-0.00003363,-0.00004663,-0.00008218,0.0
0003364,0.00000086,-0.00002456,-0.00000383,0.00000514,-0.00001642,-0.00000873,-0
.00001236,-0.00001784,-0.00002919,-0.00012976,0.00002469,0.00018267,-0.00078766,
0.00020186,0.00017828,-0.00038140,-0.00001847,-0.00005884,-0.00003269,-0.0000775
0,0.00011744,-0.00002759,-0.00000393,-0.00002188,0.00001649,0.00000265,0.0000384
4,-0.00001973,0.00001401,-0.00014914,-0.00004576,-0.00003741,0.00008209,0.000037
74,-0.00002348,0.00012710,0.00009785,-0.00014065,0.00066909,0.00012875,-0.000022
24,0.00000209,-0.00000532,-0.00000519,0.00000828,0.00001080,-0.00000536,-0.00001
812,-0.00000784,0.00001013,0.00000155,-0.00000323,0.00000247,0.00001807,0.000000
85,-0.00001262,-0.00000104,0.00001341,-0.00000304,0.00002435,0.00000283,-0.00000
133,0.00000521,-0.00002749,0.00000357,0.00000231,-0.00000113,0.00001148,-0.00000
514,0.00000506,-0.00000391,-0.00000892,-0.00001075,-0.00001597,-0.00001641,0.000
00546,0.00001517,-0.00000004,0.00000857,-0.00000283,-0.00000319,0.00000286,0.000
00095,0.00000292,-0.00000513,0.00000694,-0.01764726,0.00738888,0.01842148,-0.120
12471,0.02423152,0.10905572,-0.00457503,0.00407509,-0.00096378,0.14057721,0.0000
3371,-0.00014521,0.00000389,0.00035191,-0.00040666,-0.00000399,0.00008755,0.0000
1595,0.00002035,0.00000631,-0.00000036,0.00000360,0.00000055,-0.00000666,0.00000
064,0.00000494,-0.00000429,0.00000488,0.00002764,0.00000306,-0.00006421,0.000336
36,-0.00004284,-0.00013955,-0.00028818,0.00022815,0.00004686,0.00002024,-0.00000
463,-0.00000144,-0.00011095,0.00011888,0.00005715,0.00003334,-0.00005078,-0.0001
1047,-0.00005619,0.00001312,-0.00000884,-0.00000134,-0.00000497,0.00002539,-0.00
000445,0.00001582,0.00005596,-0.00002036,-0.00000673,0.00001168,0.00000139,-0.00
000431,0.00000422,0.00000849,0.00002216,0.00001347,0.00004278,0.00008715,0.00000
631,0.00077451,0.00036156,-0.00089225,-0.00015987,0.00022301,-0.00006231,0.00002
374,0.00001220,0.00005464,-0.00005153,0.00001754,-0.00000360,0.00000201,-0.00001
119,0.00000878,-0.00000228,0.00001090,-0.00001874,0.00007788,0.00002583,0.000023
53,-0.00003098,-0.00002923,0.00001578,-0.00027053,-0.00001874,0.00027012,-0.0001
9740,-0.00131719,0.00017932,-0.00000564,0.00000093,0.00000221,-0.00000567,-0.000
00078,0.00000492,0.00000677,0.00000055,-0.00000606,-0.00000412,-0.00000078,0.000
00097,-0.00000600,-0.00000007,0.00000752,0.00000030,-0.00000353,0.00000106,-0.00
006211,0.00006345,-0.00002671,-0.00000291,0.00000150,-0.00000698,0.00000395,0.00
000480,0.00000328,0.00000063,0.00000365,0.00000290,0.00000213,0.00000413,0.00000
148,0.00000407,-0.00000480,-0.00000133,-0.00000388,0.00000238,-0.00000351,0.0000
0428,-0.00000258,0.00000189,-0.00000408,0.00000170,-0.00000227,0.01162064,-0.004
71181,-0.01278660,0.02436072,-0.05300442,-0.03716067,0.00321352,-0.00179499,0.00
048082,-0.03105939,0.05983252,-0.00008190,-0.00000330,0.00004567,-0.00006553,-0.
00004828,0.00007913,-0.00001566,0.00005181,-0.00006211,0.00000304,0.00001548,-0.
00000196,-0.00000692,-0.00001208,-0.00000352,0.00000574,-0.00000755,0.00000803,0
.00005626,-0.00002822,-0.00000367,0.00037828,0.00004154,-0.00010254,0.00002858,0
.00005909,0.00003815,0.00001058,0.00001307,-0.00000330,-0.00008499,0.00003272,0.
00004559,0.00002637,-0.00002907,-0.00005755,-0.00003427,-0.00002341,0.00001993,-
0.00002024,0.00001999,0.00001533,-0.00003947,0.00008105,0.00005130,-0.00001892,0
.00000225,0.00000620,0.00000369,-0.00000578,0.00001865,0.00000080,0.00000903,0.0
0001820,0.00007943,0.00006388,-0.00001888,-0.00036711,0.00026860,0.00012031,-0.0
0004714,-0.00000386,-0.00002267,0.00002460,0.00001425,-0.00000347,-0.00005767,-0
.00000307,0.00000564,0.00002486,-0.00000358,-0.00002435,-0.00002140,-0.00001179,
0.00000709,0.00003834,0.00002617,-0.00002961,-0.00003562,-0.00000059,-0.00000808
,-0.00014851,-0.00022489,0.00007299,-0.00020211,-0.00027685,0.00036361,0.0000043
9,0.00000559,0.00000773,-0.00000352,-0.00000973,0.00000332,-0.00000428,0.0000039
1,0.00000186,0.00000518,0.00000726,-0.00000040,-0.00001193,-0.00000179,-0.000000
28,0.00000371,-0.00001357,0.00000207,-0.00000502,-0.00000950,0.00000385,-0.00000
235,0.00002741,-0.00000318,-0.00000636,0.00000237,-0.00001306,0.00000539,-0.0000
0800,0.00000370,0.00000568,0.00000819,0.00000761,0.00001035,-0.00000173,-0.00000
531,0.00000310,-0.00000794,0.00000404,0.00000119,0.00000063,0.00000254,-0.000000
58,0.00000339,-0.00000428,-0.00236357,0.00064213,0.00473722,0.10964854,-0.037268
10,-0.19854409,-0.00034227,0.00025356,0.00052531,-0.12726845,0.04234156,0.227507
92,0.00017691,-0.00006443,0.00006252,-0.00006810,-0.00060614,-0.00029038,-0.0001
4653,-0.00001887,-0.00015251,0.00002368,-0.00001744,-0.00001590,0.00000488,0.000
00597,0.00001387,0.00001206,-0.00001668,0.00002755,0.00016862,-0.00018164,0.0000
4814,-0.00008858,0.00050332,-0.00024894,0.00013332,0.00039924,0.00020943,-0.0000
2937,0.00000290,-0.00000366,0.00002768,-0.00010961,0.00011106,-0.00005679,-0.000
01685,-0.00006261,-0.00004373,-0.00003845,0.00001364,0.00002292,-0.00000827,0.00
000285,-0.00009674,0.00006304,0.00009603,-0.00001746,-0.00000449,-0.00001002,0.0
0002255,-0.00001496,-0.00000685,-0.00001289,0.00005404,0.00004420,0.00008749,0.0
0006840,-0.00003352,0.00087964,-0.00105547,0.00052503,0.00000768,0.00016933,0.00
018608,-0.00001266,0.00008982,-0.00001097,0.00002764,-0.00001964,-0.00001144,0.0
0005513,-0.00001642,0.00000758,-0.00008612,-0.00001227,0.00006071,-0.00011695,0.
00011557,-0.00000630,-0.00000292,-0.00000240,-0.00003795,-0.00010509,-0.00006356
,0.00042898,0.00043657,0.00006048,-0.00006148,0.00000742,-0.00001563,0.00000510,
0.00000401,0.00000423,0.00000293,0.00000927,0.00001000,0.00000301,0.00001283,0.0
0000143,-0.00000382,-0.00000252,-0.00000276,0.00000299,-0.00000125,0.00001036,0.
00000073,0.00002206,-0.00000235,-0.00000623,0.00000333,-0.00005560,-0.00000480,0
.00000527,-0.00000571,0.00000652,0.00000341,-0.00000404,0.00000270,-0.00000898,0
.00000482,-0.00001216,-0.00002387,0.00000084,0.00001395,0.00000116,0.00000717,0.
00000353,-0.00000428,-0.00000671,0.00000659,0.00000709,-0.00000854,0.00000255,-0
.01837454,-0.00848605,-0.01949016,-0.11327326,-0.06311572,-0.08776816,0.00067156
,-0.00064233,-0.00128382,0.00926896,0.00818652,0.01223614,0.13255009,0.00003123,
-0.00009652,-0.00002423,0.00007098,-0.00011077,0.00006962,0.00006791,0.00004486,
0.00000431,0.00000381,-0.00000804,-0.00000204,0.00000565,0.00000436,0.00000565,0
.00000197,0.00000800,-0.00001239,-0.00007902,0.00003943,-0.00004694,0.00039397,-
0.00039666,0.00013655,-0.00009694,-0.00005572,-0.00001187,0.00000493,-0.00001781
,0.00000886,-0.00013105,0.00023347,0.00002772,0.00000675,-0.00001111,-0.00000511
,-0.00002485,0.00003080,-0.00000058,0.00000169,0.00000108,-0.00000128,0.00002514
,0.00004149,-0.00002045,-0.00001281,-0.00000455,0.00000322,-0.00000198,-0.000003
57,-0.00000869,0.00000803,-0.00002020,-0.00001569,0.00001306,0.00003898,0.000015
35,0.00046314,0.00082406,0.00039617,-0.00004142,0.00012668,0.00000187,-0.0000129
2,-0.00001322,0.00001400,-0.00001114,0.00001137,-0.00002018,-0.00000377,-0.00002
344,0.00001917,0.00001167,0.00000965,-0.00002192,0.00009580,-0.00005020,0.000023
90,-0.00001061,-0.00001863,0.00000279,0.00012943,0.00030475,-0.00009204,0.000020
89,0.00002219,0.00036119,-0.00000808,-0.00000606,-0.00000210,0.00000037,0.000004
08,0.00000317,0.00000855,-0.00000256,-0.00000994,-0.00000545,-0.00000661,-0.0000
0238,-0.00000168,0.00000251,0.00000710,-0.00000029,0.00000801,0.00000020,-0.0000
4858,0.00006003,-0.00000509,-0.00000355,-0.00000868,-0.00000267,-0.00000170,0.00
000469,0.00000618,-0.00000784,0.00000940,-0.00000294,0.00000536,-0.00001133,-0.0
0000736,-0.00000362,-0.00000361,0.00001315,-0.00000404,0.00000856,-0.00000564,0.
00000427,0.00000051,-0.00000061,-0.00000632,-0.00000236,0.00000105,0.00946490,0.
00730747,0.01130906,-0.06344942,-0.09924466,-0.07908941,-0.00019681,0.00022619,0
.00062653,-0.00337901,-0.00352327,-0.00626700,0.07116020,0.11270536,0.00018174,0
.00001072,0.00006637,0.00000126,-0.00065597,-0.00053741,-0.00016743,-0.00005298,
-0.00013465,0.00001270,-0.00001922,-0.00000928,0.00000297,0.00001458,0.00001354,
0.00001227,-0.00000499,0.00000972,0.00012507,-0.00014477,0.00000223,-0.00103321,
0.00060733,-0.00008157,0.00012709,0.00050113,0.00025835,-0.00005213,0.00001682,-
0.00000733,0.00027912,-0.00027412,-0.00000330,-0.00003518,-0.00003948,0.00002629
,-0.00002254,-0.00000482,0.00000072,0.00000697,-0.00000431,-0.00001122,0.0000000
2,-0.00002282,0.00003696,0.00000314,0.00000235,-0.00000713,0.00001381,-0.0000025
1,-0.00001427,-0.00002528,0.00002541,0.00003186,0.00001683,0.00002107,-0.0000295
3,0.00004973,-0.00083404,0.00052901,0.00001977,0.00022189,0.00020851,-0.00001031
,0.00005014,-0.00002740,0.00002339,-0.00001377,-0.00001459,0.00004024,-0.0000232
1,0.00000169,-0.00008086,-0.00001482,0.00004110,-0.00007109,0.00002805,0.0000254
1,0.00000912,0.00000335,-0.00001501,0.00017538,0.00032195,0.00020627,0.00017278,
0.00056841,-0.00082259,0.00000824,-0.00001223,0.00000031,0.00000460,0.00000592,-
0.00000218,0.00001873,0.00001016,-0.00000335,0.00000753,-0.00000174,-0.00000550,
0.00000057,-0.00000319,0.00000618,-0.00000596,0.00001412,0.00000029,0.00005046,-
0.00004523,0.00001131,0.00000101,-0.00004038,0.00000131,0.00000239,-0.00000724,-
0.00000148,0.00000234,-0.00000263,-0.00000051,-0.00001083,0.00000378,-0.00000430
,-0.00001685,0.00000381,0.00000102,0.00000185,0.00000525,0.00000511,-0.00000393,
-0.00000638,-0.00000112,0.00000748,-0.00000795,0.00000306,-0.00961518,-0.0022360
7,-0.00936292,-0.08717812,-0.07897092,-0.15663639,0.00116355,-0.00004066,0.00095
087,-0.01318683,-0.01581416,-0.02327337,0.10448938,0.09108804,0.18095501,-0.0000
4784,-0.00002030,0.00008883,0.00045295,0.00059631,0.00014060,-0.00004547,0.00008
391,-0.00007372,-0.00000131,0.00001050,-0.00000553,0.00000152,-0.00001010,-0.000
00166,0.00001260,-0.00001178,0.00001287,0.00001718,0.00003497,-0.00001060,-0.000
24203,0.00020639,-0.00012166,-0.00001031,-0.00014249,0.00001004,0.00001221,0.000
01115,-0.00000726,0.00006928,-0.00001398,0.00005856,0.00001254,-0.00001340,-0.00
001576,-0.00000601,-0.00000660,-0.00000470,-0.00001607,-0.00000985,0.00000471,-0
.00000105,0.00002121,0.00000718,-0.00000550,0.00001267,0.00000790,0.00000460,-0.
00000075,0.00000502,-0.00000293,-0.00000030,0.00000195,0.00000677,0.00000344,-0.
00001270,-0.00249118,0.00274872,-0.00140533,-0.00024523,0.00021853,-0.00014806,0
.00001607,0.00002134,-0.00001875,-0.00001533,-0.00000792,0.00001583,0.00001482,-
0.00000879,-0.00000863,0.00001693,-0.00001921,-0.00000324,-0.00000649,0.00000430
,-0.00003536,-0.00003771,0.00001788,0.00000553,0.00020327,0.00029855,-0.00007156
,0.00001853,0.00004014,-0.00005207,0.00000607,0.00000147,0.00000183,0.00000107,-
0.00000546,-0.00000073,-0.00000671,-0.00000375,0.00000466,-0.00000068,0.00000544
,-0.00000056,-0.00000424,0.00000329,-0.00000036,0.00000510,-0.00000859,-0.000000
26,0.00000699,-0.00002276,0.00001030,0.00000319,0.00000541,0.00000208,-0.0000049
9,-0.00000010,-0.00000618,0.00000062,-0.00000767,0.00000081,-0.00000158,-0.00000
056,0.00000075,-0.00000070,-0.00000720,-0.00000213,0.00000236,-0.00000284,0.0000
0542,-0.00000037,-0.00000471,0.00000606,0.00000564,0.00000041,-0.00000077,0.0058
9761,0.02018896,-0.00848077,-0.07019531,-0.06957309,0.03010498,0.00077585,0.0004
3201,-0.00040311,-0.00787523,-0.01687022,0.00951623,-0.00747689,-0.01748141,0.00
572324,0.08089284,0.00001312,0.00039427,-0.00008587,-0.00082550,-0.00029621,-0.0
0105961,-0.00039403,0.00014430,0.00001815,-0.00002462,0.00003107,0.00002200,-0.0
0002129,0.00000715,-0.00002065,-0.00003290,0.00001986,-0.00002449,-0.00003133,-0
.00014654,0.00008597,0.00017424,0.00057188,0.00040932,0.00025983,0.00025478,0.00
035887,-0.00009012,0.00003586,0.00001819,0.00012799,-0.00046968,-0.00021433,-0.0
0005090,-0.00006173,0.00011473,0.00006245,-0.00005054,-0.00001160,-0.00000705,0.
00001543,-0.00002141,-0.00000904,-0.00010883,-0.00001466,0.00005363,0.00000470,-
0.00001209,-0.00001324,0.00001610,0.00002352,-0.00001900,-0.00000142,0.00001288,
-0.00004235,-0.00010822,-0.00007785,0.00327628,-0.00245430,0.00249645,0.00056402
,-0.00077114,0.00038604,0.00001319,-0.00002728,0.00001433,-0.00001477,-0.0000696
9,0.00002530,-0.00004223,0.00006024,-0.00002137,-0.00005605,0.00003175,0.0000421
9,-0.00000081,-0.00005463,0.00004846,0.00008720,0.00001472,-0.00004132,-0.000165
77,-0.00015289,0.00001358,0.00068436,0.00002576,-0.00021546,0.00001244,0.0000180
5,0.00000265,-0.00000071,-0.00000878,-0.00001405,0.00003086,0.00003121,-0.000014
01,0.00002383,0.00000661,0.00000202,0.00000059,-0.00002154,-0.00002116,-0.000017
05,-0.00000519,0.00000018,0.00017820,-0.00023311,0.00006850,-0.00000681,0.000064
29,0.00000877,-0.00000726,-0.00001426,-0.00001945,0.00002278,-0.00002826,0.00000
473,-0.00000136,0.00002655,0.00001992,0.00002501,0.00002954,-0.00003439,0.000014
09,-0.00003475,0.00001264,-0.00000445,0.00001462,-0.00002476,0.00000118,0.000010
95,-0.00000688,-0.00299036,-0.01964429,0.00864284,-0.07012034,-0.21818671,0.0754
8390,-0.00093248,0.00081655,0.00015049,0.00002858,0.00333442,-0.00034183,-0.0093
3009,-0.01786753,0.00498723,0.07940827,0.25444620,-0.00000036,-0.00013383,0.0000
3202,0.00036795,0.00007592,0.00044323,0.00019652,-0.00010881,0.00004748,0.000009
39,-0.00001382,-0.00001578,0.00000669,0.00000300,0.00000780,0.00001546,-0.000006
86,0.00001193,0.00001384,0.00009728,-0.00002833,-0.00022162,-0.00018111,-0.00027
886,-0.00013381,-0.00011828,-0.00014951,0.00003116,-0.00000139,-0.00002087,-0.00
000222,0.00022060,0.00012751,0.00003040,0.00002957,-0.00002387,-0.00001387,0.000
01558,0.00000943,0.00000029,-0.00001365,0.00001154,-0.00000522,-0.00000781,0.000
00808,-0.00000803,-0.00000362,0.00000379,0.00000424,-0.00000245,-0.00001407,0.00
000226,0.00001101,0.00000087,0.00002311,0.00003678,0.00003314,-0.00141076,0.0014
2174,-0.00019859,-0.00019233,0.00023914,-0.00014720,-0.00001476,-0.00000137,-0.0
0000973,0.00001812,0.00002962,-0.00001414,0.00001418,-0.00002492,0.00000288,0.00
002839,-0.00001827,-0.00002925,-0.00002514,0.00001406,-0.00002342,-0.00001245,-0
.00000404,0.00003708,-0.00008713,0.00036673,-0.00001852,-0.00034166,-0.00006541,
0.00000421,-0.00000508,-0.00000707,-0.00000215,-0.00000073,0.00000765,0.00000497
,-0.00001324,-0.00001587,0.00000706,-0.00001442,-0.00000475,0.00000127,0.0000055
0,0.00000786,0.00001027,0.00000436,0.00000636,-0.00000110,-0.00010508,0.00013429
,-0.00004675,-0.00000249,-0.00003530,-0.00000496,0.00000548,0.00000969,0.0000121
7,-0.00000879,0.00001569,-0.00000299,-0.00000261,-0.00001029,-0.00000960,-0.0000
1162,-0.00001051,0.00001304,-0.00000784,0.00001859,-0.00000839,0.00000186,-0.000
00751,0.00000946,-0.00000064,-0.00000670,0.00000408,0.00179318,0.00952794,-0.003
89640,0.03035632,0.07577537,-0.07826592,0.00053868,-0.00072175,0.00032654,0.0125
3797,0.02384901,-0.01316406,-0.00858730,-0.01966026,0.00749326,-0.03502573,-0.09
047870,0.08766759,-0.00001959,0.00005675,-0.00006957,0.00089754,-0.00081002,-0.0
0174778,-0.00022652,0.00004988,-0.00003971,-0.00001330,0.00003463,-0.00001959,0.
00000460,-0.00001015,-0.00000392,0.00001359,0.00001749,-0.00001321,-0.00150376,0
.00202476,-0.00043146,-0.00008160,-0.00016161,-0.00011993,-0.00052002,0.00171572
,0.00041379,-0.00000844,0.00004935,-0.00000292,0.00000481,-0.00024357,-0.0001061
8,-0.00002983,0.00007636,0.00008964,0.00003110,-0.00004084,-0.00001748,-0.000043
70,-0.00004647,0.00002828,-0.00004674,-0.00008198,-0.00004812,0.00004136,0.00001
089,-0.00002598,-0.00001598,-0.00000732,0.00001001,-0.00001434,0.00000406,0.0000
2201,-0.00002301,-0.00006688,-0.00004804,-0.00369307,-0.00849149,-0.00629823,-0.
00014894,0.00034338,0.00000495,-0.00013694,-0.00005549,0.00001053,-0.00007768,0.
00003169,0.00009420,0.00000285,0.00004294,0.00001958,0.00001565,0.00005037,-0.00
005081,-0.00108081,0.00067514,0.00005887,-0.00001548,-0.00001085,0.00009871,-0.0
0101706,-0.00122040,0.00029807,-0.00061276,-0.00060682,0.00040773,0.00000532,0.0
0000005,-0.00000578,0.00000216,0.00000201,-0.00000406,0.00001746,0.00000115,-0.0
0000040,0.00000479,0.00000379,-0.00000032,0.00001846,-0.00000506,-0.00000853,0.0
0000740,-0.00000772,-0.00000808,0.00006229,-0.00008023,0.00001491,0.00001472,0.0
0003215,-0.00000050,-0.00000292,-0.00000951,-0.00002182,-0.00000038,-0.00000675,
0.00000349,-0.00000695,0.00000822,0.00001165,0.00000368,-0.00000104,-0.00001622,
0.00000026,-0.00000585,0.00001176,0.00000723,-0.00000492,-0.00000588,-0.00000124
,-0.00000343,0.00000475,-0.08717298,-0.04776585,-0.07729182,-0.01742581,-0.00746
487,-0.02121140,0.00672724,0.00689015,0.01476957,0.00007174,-0.00054846,-0.00033
648,-0.00445120,0.00338873,-0.00245378,0.00050046,-0.00032497,0.00017339,0.11024
048,-0.00033637,0.00041148,0.00024584,-0.00105147,-0.00302785,-0.00338010,-0.000
48659,-0.00048386,-0.00026548,-0.00000883,0.00003486,0.00002139,-0.00007533,0.00
003249,0.00000144,0.00002465,-0.00008623,0.00004695,0.00306007,-0.00149204,0.000
27764,0.00037360,-0.00073521,-0.00021341,0.00069106,0.00221151,0.00055099,-0.000
10026,0.00003230,0.00003175,-0.00015763,-0.00051774,-0.00028967,0.00007782,-0.00
007817,0.00001887,-0.00002717,-0.00004353,0.00003648,-0.00004110,0.00005626,0.00
000631,-0.00001393,0.00000282,0.00010294,-0.00001524,-0.00000452,0.00003369,-0.0
0000729,0.00001418,0.00002903,0.00000817,0.00008239,0.00010424,0.00010676,0.0000
0549,-0.00002760,-0.01276896,-0.01772123,-0.01455564,-0.00030103,0.00053149,0.00
009911,0.00001736,0.00018132,-0.00012257,-0.00004356,-0.00001973,0.00003624,-0.0
0001643,0.00002838,-0.00004493,-0.00010507,-0.00007898,0.00012715,0.00046918,-0.
00035932,-0.00018837,0.00001687,0.00002708,-0.00003962,-0.00263928,-0.00477194,0
.00015280,-0.00091489,-0.00143596,0.00048144,0.00000602,0.00001463,0.00000934,-0
.00000441,0.00002338,-0.00000175,-0.00004671,0.00001953,0.00001768,-0.00000371,0
.00000139,-0.00000125,-0.00002827,-0.00000703,0.00000800,-0.00002444,0.00000066,
0.00001381,0.00010571,-0.00007671,0.00000554,-0.00000803,0.00005790,-0.00000651,
0.00001056,-0.00001293,-0.00001731,0.00000901,0.00001228,0.00000716,-0.00000422,
0.00004507,0.00003696,0.00001497,0.00002096,-0.00004542,-0.00000002,0.00001134,0
.00002111,-0.00000836,-0.00001601,-0.00001012,0.00002157,0.00000377,-0.00001081,
-0.04892800,-0.08880004,-0.07976615,0.00993510,0.00592895,0.01155936,-0.00199257
,-0.00123547,-0.00407458,-0.00023014,0.00058349,0.00027638,0.00297783,-0.0010054
2,0.00154696,0.00006219,0.00048622,0.00025483,0.05135931,0.11011897,-0.00029016,
0.00041686,0.00012070,0.00004003,0.00225867,0.00023443,-0.00002648,-0.00021979,-
0.00010535,-0.00000668,0.00004395,0.00000274,-0.00005854,0.00004334,-0.00000478,
-0.00001559,0.00002884,0.00001777,0.00046286,-0.00072236,0.00134168,-0.00017362,
0.00004895,-0.00015114,-0.00011752,0.00007685,0.00053503,-0.00005598,0.00008198,
0.00002331,0.00008808,0.00008146,0.00015349,0.00002127,-0.00020525,-0.00006620,0
.00005975,-0.00012922,0.00006895,-0.00007155,0.00008652,0.00000402,-0.00003818,0
.00011974,0.00010431,-0.00003147,-0.00001963,0.00000415,-0.00001446,0.00001292,0
.00002845,0.00000601,0.00005335,0.00004389,0.00014853,0.00000307,-0.00001512,0.0
0169329,0.00120885,0.00560059,0.00053357,-0.00088777,-0.00012039,0.00007751,0.00
006551,-0.00003446,-0.00002255,-0.00003310,-0.00002008,-0.00004684,0.00011784,-0
.00002263,-0.00014759,-0.00008753,0.00010516,-0.00032701,0.00036205,-0.00018769,
0.00008742,0.00000760,-0.00017106,0.00002735,0.00115719,0.00007742,0.00015311,0.
00015264,-0.00060577,0.00001187,0.00000743,0.00001123,0.00000049,0.00001473,-0.0
0000575,-0.00003371,0.00002887,0.00001270,0.00001857,0.00000488,-0.00000084,-0.0
0002768,-0.00001601,-0.00000594,-0.00002666,0.00000502,0.00001342,-0.00002828,-0
.00001309,-0.00002975,-0.00001634,0.00004527,0.00000093,-0.00001087,-0.00000186,
-0.00001058,0.00000121,0.00000505,0.00000119,0.00000549,0.00001829,0.00001981,0.
00003267,0.00000324,-0.00002662,0.00000153,0.00000687,0.00000476,0.00000260,0.00
000151,-0.00000549,0.00000799,0.00000250,0.00000019,-0.07749739,-0.07690384,-0.1
6843737,-0.00864692,-0.00332331,-0.00839092,-0.00740766,-0.01024471,-0.02240327,
0.00061786,-0.00013714,0.00081649,-0.00179665,0.00141832,-0.00011055,0.00017076,
-0.00003002,-0.00017982,0.09019015,0.08628109,0.19593965,0.00035027,-0.00082368,
0.00022248,-0.00011173,-0.00015545,0.00005167,-0.00026670,0.00029250,-0.00045203
,0.00004939,-0.00001622,0.00000491,-0.00002561,0.00000363,0.00002380,0.00000816,
-0.00003157,0.00007991,-0.00024634,0.00009099,0.00008864,0.00035482,-0.00014050,
0.00002839,0.00007263,-0.00001028,0.00002397,-0.00002962,-0.00013475,0.00008560,
-0.00006734,0.00007146,0.00006219,-0.00045043,0.00019865,-0.00040977,-0.00009499
,-0.00007590,0.00001677,0.00006009,0.00002122,0.00002019,-0.00006182,0.00231168,
0.00124771,-0.00021261,-0.00003139,-0.00002851,0.00008170,-0.00008704,0.00001312
,0.00002266,0.00005530,0.00008170,0.00032029,0.00002334,-0.00009547,0.00014966,0
.00030298,-0.00021878,0.00000590,0.00016230,0.00004585,-0.00055905,0.00044262,-0
.00009237,0.00017428,-0.00010306,-0.00010552,0.00005273,0.00006129,0.00011402,-0
.00000439,-0.00031382,0.00017883,-0.00051665,0.00056981,-0.00069441,-0.00005590,
0.00005709,-0.00035648,-0.00010906,-0.00042596,0.00048381,-0.00001421,0.00001684
,-0.00000083,0.00003330,-0.00001281,0.00003913,0.00001593,-0.00000198,0.00001369
,0.00004267,0.00004739,0.00000606,0.00005291,0.00001741,0.00000174,-0.00000356,0
.00000934,-0.00002877,0.00001962,0.00000281,0.00001132,-0.00001809,0.00001273,0.
00000037,0.00001523,-0.00004972,-0.00001146,-0.00000333,-0.00000157,-0.00000100,
0.00000386,-0.00000375,0.00000438,0.00000296,-0.00000384,-0.00000404,-0.00003365
,-0.00000400,0.00002938,0.00000547,0.00000935,0.00000279,-0.00000738,-0.00000653
,0.00002218,0.00002552,-0.00000438,-0.00000415,0.00849859,0.00298489,0.01430720,
0.00128555,0.00042450,0.00180215,-0.12052079,-0.01837726,-0.11285678,-0.00005241
,-0.00001847,0.00008184,-0.00055524,-0.00011678,0.00025116,0.00002740,-0.0000223
4,-0.00005019,-0.00154186,0.00086752,0.00302454,0.13868313,-0.00029965,0.0000167
2,-0.00000978,0.00007946,-0.00000536,-0.00005692,0.00036851,-0.00039201,0.000418
69,-0.00004254,0.00001757,-0.00001151,0.00003672,-0.00000372,0.00002467,-0.00002
246,0.00001230,-0.00005958,0.00025007,-0.00016591,0.00010897,-0.00049936,-0.0003
6997,0.00029022,-0.00001941,-0.00005429,-0.00007732,0.00006456,0.00005976,0.0000
1890,0.00001609,0.00012459,-0.00015075,0.00078206,-0.00096731,0.00001576,0.00010
275,0.00006380,0.00003292,-0.00010741,-0.00004495,-0.00009177,0.00159968,-0.0019
4456,-0.00156699,-0.00001515,0.00001963,0.00005125,-0.00005839,0.00003736,-0.000
05269,-0.00001910,-0.00011739,-0.00005896,-0.00005243,-0.00000305,0.00004766,-0.
00001864,0.00027113,0.00026804,0.00001681,-0.00002653,-0.00006670,0.00017152,-0.
00011558,0.00018275,-0.00013659,0.00027787,-0.00013786,-0.00001284,-0.00008041,0
.00004991,-0.00004516,0.00019288,-0.00002448,0.00052504,-0.00038805,0.00053109,0
.00016368,-0.00018945,-0.00003697,-0.00002976,-0.00006572,0.00010182,-0.00002505
,-0.00006541,-0.00002310,-0.00004906,-0.00001087,-0.00003473,-0.00001590,0.00001
308,-0.00000648,-0.00001864,-0.00000812,-0.00001781,-0.00002010,-0.00000861,-0.0
0000311,-0.00003732,0.00000187,0.00002202,-0.00000413,0.00002710,-0.00000734,-0.
00005117,0.00012044,-0.00001655,-0.00001035,0.00000549,0.00001122,-0.00000345,0.
00001880,0.00001426,-0.00000593,0.00001477,-0.00000792,0.00000008,-0.00001267,-0
.00001655,0.00000305,0.00000908,0.00000638,-0.00001241,0.00001015,-0.00001505,0.
00000309,0.00000578,-0.00001478,-0.00002898,-0.00000485,0.00000244,-0.00028509,-
0.00031573,-0.00454784,-0.00008161,0.00030652,-0.00074617,-0.01707000,-0.0466521
6,-0.02099551,-0.00003832,-0.00010942,0.00015458,0.00038634,0.00033081,-0.000074
23,-0.00006071,-0.00055709,-0.00030300,0.00084027,0.00029099,-0.00122112,0.01813
644,0.05365191,0.00069355,-0.00057288,0.00007675,-0.00008536,-0.00057730,-0.0004
5928,-0.00051244,0.00037293,-0.00051789,0.00004980,-0.00007642,-0.00002761,0.000
05751,0.00001702,0.00005734,0.00001773,-0.00001917,0.00009364,-0.00003553,-0.000
05261,-0.00021652,0.00029411,0.00095898,-0.00042082,0.00018955,0.00056015,0.0001
6168,-0.00012881,-0.00000689,0.00003713,0.00014784,-0.00037244,0.00014280,0.0002
8457,-0.00097576,-0.00049248,-0.00004105,-0.00014133,0.00002188,0.00011817,0.000
00217,-0.00000763,0.00040179,-0.00076431,0.00073722,-0.00002895,0.00003159,-0.00
000246,0.00006228,-0.00003128,-0.00003309,-0.00005433,0.00010609,0.00013708,0.00
029883,0.00021922,-0.00011572,0.00009610,-0.00072563,-0.00038269,-0.00000075,0.0
0027647,0.00021408,-0.00020705,0.00020306,-0.00006685,0.00011407,-0.00009334,-0.
00008603,0.00022887,-0.00000938,0.00004633,-0.00021791,-0.00006478,0.00010410,-0
.00038639,0.00025002,-0.00032828,-0.00015332,0.00003424,-0.00012516,-0.00018947,
-0.00014416,0.00108604,-0.00009500,-0.00007147,-0.00006734,0.00002466,-0.0000459
9,0.00000317,0.00000199,0.00000593,0.00000008,0.00004293,0.00002113,-0.00000085,
0.00001970,0.00000477,-0.00000972,-0.00000707,-0.00000230,0.00002155,-0.00000327
,0.00002368,0.00000025,0.00003451,-0.00000419,-0.00001987,-0.00000084,-0.0001268
3,-0.00000658,0.00001368,-0.00001598,0.00001981,0.00000961,-0.00000959,0.0000045
9,-0.00002383,0.00000720,-0.00003878,-0.00005428,0.00000526,0.00003233,-0.000000
48,0.00001455,0.00000383,-0.00000725,-0.00001781,0.00001282,0.00001426,-0.000032
55,0.00001963,-0.00966467,-0.00578201,-0.02836521,-0.00142666,0.00082470,0.00114
549,-0.11278791,-0.02287700,-0.20073169,-0.00046709,0.00025376,0.00041834,0.0011
4438,-0.00000120,0.00040979,0.00005926,-0.00046040,0.00000437,0.00321627,-0.0002
8972,-0.00445555,0.12607218,0.03156124,0.23678665,0.00050239,-0.00661226,-0.0004
5430,0.00056823,-0.00022631,0.00155825,0.00170270,-0.00159564,0.00098976,-0.0000
4131,-0.00102065,-0.00014802,0.00044030,-0.00022393,0.00051744,0.00002108,-0.000
13028,0.00045436,0.00026111,0.00024230,-0.00091173,-0.00205303,-0.00175880,-0.00
052393,-0.00022652,0.00007735,-0.00044698,0.00011055,-0.00089462,-0.00055037,-0.
00023974,0.00098490,0.00021354,0.00041572,0.00393403,0.00192040,-0.00060437,0.00
095149,-0.00019546,0.00015458,-0.00035086,-0.00072235,0.00044998,-0.00012361,-0.
00167856,-0.00014440,-0.00002716,-0.00032848,0.00026876,-0.00043186,-0.00058044,
-0.00017718,-0.00039930,-0.00022642,-0.00055426,-0.00133571,0.00001982,-0.000287
56,0.00073804,-0.00027211,-0.00071872,0.00029248,0.00020618,-0.00761861,0.000751
68,-0.00147698,0.00039967,0.00045487,0.00051963,0.00078631,0.00046479,0.00102905
,0.00026134,0.00046940,0.00071282,-0.00332088,0.00277938,-0.00672993,-0.00203130
,-0.00105606,0.00005217,-0.00062460,0.00031511,-0.00050234,0.00025059,0.00016991
,-0.00013319,-0.00005844,-0.00047329,0.00004705,0.00002388,-0.00011282,0.0000696
6,0.00082589,0.00031873,-0.00010587,0.00010993,0.00003958,-0.00003346,0.00031496
,0.00013585,0.00001427,0.00031604,0.00003086,-0.00006776,-0.00041111,-0.00043404
,0.00020826,0.00010281,0.00003799,0.00002528,-0.00002843,-0.00004503,0.00007004,
-0.00002277,0.00002990,-0.00000988,-0.00000844,-0.00010326,0.00002436,0.00008929
,-0.00014923,-0.00004527,0.00000012,-0.00000556,-0.00003416,0.00001832,-0.000028
11,0.00004170,-0.00000134,-0.00012081,0.00008836,-0.01320052,0.01329517,0.001048
38,-0.00235798,0.00101142,0.00310373,-0.12132245,0.10842809,-0.01715020,-0.00079
949,0.00058275,-0.00019349,0.00022397,0.00005197,0.00015936,-0.00001937,-0.00029
174,0.00012277,-0.00005383,-0.00003518,-0.00010848,-0.01179490,0.01450120,-0.005
64336,0.14954858,-0.00489589,0.00151280,-0.00002829,-0.00045236,0.00087399,-0.00
083944,-0.00108398,-0.00249195,0.00195460,-0.00001507,0.00102216,0.00005097,-0.0
0037830,-0.00004703,-0.00033366,0.00006801,0.00000465,-0.00034732,0.00054144,0.0
0048283,-0.00100184,-0.00020283,0.00060145,0.00018440,0.00007668,-0.00044197,0.0
0010172,0.00018953,0.00078849,0.00101188,0.00024914,-0.00010706,-0.00008509,0.00
190393,-0.00462197,-0.00492447,0.00100856,0.00003247,0.00002027,-0.00024067,0.00
006772,0.00068119,0.00020705,-0.00135083,-0.00341525,-0.00031164,0.00009034,0.00
085118,-0.00033640,0.00027598,0.00040958,0.00015201,-0.00005675,-0.00020476,0.00
026206,-0.00078297,-0.00052511,-0.00030380,0.00048473,0.00043511,0.00055450,-0.0
0050694,-0.00016549,0.00223521,0.00028948,0.00038103,-0.00122027,0.00044985,-0.0
0075807,-0.00081709,-0.00043141,-0.00049498,0.00001366,-0.00012601,-0.00101221,0
.00316725,0.00007835,0.00225214,-0.00185999,-0.00140846,0.00018938,-0.00277545,-
0.00216987,0.00154097,0.00003302,-0.00015096,-0.00006879,-0.00005170,0.00046013,
-0.00008652,-0.00003226,0.00014421,-0.00006162,-0.00070789,-0.00030697,0.0000637
7,-0.00020028,-0.00004812,0.00002205,-0.00043561,0.00002303,0.00013562,-0.000073
16,-0.00000590,0.00002678,0.00025418,0.00062350,-0.00024045,-0.00003017,0.000014
40,0.00003846,0.00000424,0.00007299,-0.00008477,-0.00002554,0.00003040,-0.000021
22,0.00003120,-0.00001570,-0.00000942,-0.00002390,0.00005083,0.00002801,-0.00003
073,0.00003838,-0.00000127,-0.00002279,0.00002113,-0.00000719,0.00001149,0.00014
625,-0.00011470,0.00418026,-0.00228454,-0.00198280,0.00000288,0.00008593,-0.0004
2695,0.10691636,-0.18546178,0.02390112,-0.00007068,0.00014723,0.00019283,-0.0000
7848,-0.00002188,-0.00014143,-0.00006436,0.00025083,-0.00010918,0.00005790,-0.00
007666,-0.00004090,-0.00113512,0.00281848,0.00001874,-0.11861502,0.21607278,0.00
005964,-0.00162760,-0.00521687,0.00060387,-0.00046476,-0.00033347,0.00095425,0.0
0190860,0.00092092,-0.00005558,0.00000698,-0.00008816,0.00020288,-0.00005646,-0.
00003731,-0.00010650,0.00019628,-0.00013122,-0.00179801,-0.00110336,-0.00576099,
0.00016242,0.00023468,0.00034337,-0.00026984,-0.00000310,-0.00003286,0.00028943,
0.00008990,0.00011484,-0.00004906,-0.00026211,-0.00026467,0.00018230,-0.00225640
,-0.00129255,0.00164351,-0.00058824,-0.00052518,0.00012519,-0.00000420,0.0004702
7,-0.00136838,-0.00382883,-0.00557883,0.00059120,0.00014510,-0.00040930,-0.00014
683,0.00006247,-0.00008081,-0.00011127,-0.00017238,-0.00024149,-0.00055054,-0.00
097295,0.00059577,-0.00010750,-0.00044494,0.00101570,-0.00021426,0.00013931,-0.0
0007890,-0.00336763,-0.00048773,0.00097048,-0.00013353,-0.00019982,0.00009993,0.
00025966,0.00045864,0.00016580,-0.00086108,0.00122805,-0.00078968,-0.00346546,0.
00102353,-0.00420432,0.00033066,0.00028768,0.00075435,0.00084673,0.00074894,-0.0
0022491,-0.00018663,-0.00013207,0.00002571,-0.00002589,-0.00002330,-0.00014500,-
0.00000986,-0.00000429,-0.00004258,0.00004479,-0.00006068,-0.00003519,0.00000061
,0.00000028,-0.00001473,0.00016744,-0.00002781,-0.00006727,0.00000810,-0.0000417
4,-0.00006448,-0.00003372,-0.00004778,-0.00000218,0.00001006,-0.00000130,0.00002
414,0.00000539,-0.00000945,0.00005810,0.00000749,-0.00002533,-0.00000942,-0.0000
0752,-0.00003768,0.00001665,0.00000719,0.00002044,-0.00001225,-0.00000508,-0.000
05169,-0.00001967,0.00000708,0.00002165,-0.00004379,-0.00009085,-0.00006703,0.00
005402,0.01433036,-0.01666560,0.00229026,0.00265782,-0.00081126,-0.00290101,-0.0
1667291,0.02367998,-0.04375407,0.00111338,-0.00062553,0.00028912,0.00000776,0.00
011586,-0.00009606,-0.00009739,-0.00002159,-0.00013186,0.00009917,-0.00018990,-0
.00030172,-0.01670773,0.01977339,-0.00569930,0.02381723,-0.02161317,0.07002778,-
0.00042659,-0.00052338,0.00024580,-0.00061010,-0.00003928,-0.00048533,-0.0002377
0,0.00002360,-0.00005723,-0.00002780,0.00008095,-0.00000986,-0.00002238,-0.00007
383,0.00000057,0.00000199,-0.00003563,0.00004873,-0.00000860,-0.00009808,0.00020
348,0.00012681,0.00027045,0.00003657,0.00012012,0.00021579,0.00018177,0.00006719
,-0.00003310,-0.00001277,0.00003175,-0.00012620,-0.00002026,-0.00004345,0.000264
28,0.00007418,0.00013534,-0.00002872,-0.00008190,-0.00005906,-0.00014519,0.00002
133,-0.00025839,-0.00004424,0.00004280,0.00003872,0.00007708,0.00000587,0.000005
63,-0.00005222,0.00000520,-0.00000883,-0.00001532,-0.00000420,-0.00011573,-0.000
34856,0.00003743,-0.00217833,0.00043234,0.00294608,0.00022869,-0.00023189,0.0001
3051,-0.00087647,0.00057899,-0.00076334,-0.00004324,0.00013453,0.00010160,0.0000
4235,-0.00000709,0.00009729,0.00006823,-0.00004501,0.00019156,-0.00002983,0.0000
0501,-0.00017620,-0.00156616,0.00070035,-0.00014842,0.00001052,0.00062589,0.0000
7589,-0.00020634,-0.00068617,0.00036593,0.00002182,0.00001810,0.00000945,0.00001
584,0.00000256,-0.00000370,0.00007344,0.00004817,-0.00001538,0.00000193,0.000002
28,-0.00000965,0.00002074,0.00002056,0.00000346,0.00003433,-0.00002052,-0.000000
41,0.00005351,-0.00014138,0.00005495,0.00001730,0.00009922,0.00000729,-0.0000266
8,-0.00000957,-0.00004713,0.00000512,-0.00001786,-0.00000006,0.00000463,0.000011
76,0.00002987,0.00003410,-0.00000504,-0.00003867,0.00001441,-0.00002154,0.000014
36,0.00000348,0.00000130,-0.00000594,0.00002062,0.00000054,-0.00000621,-0.012288
21,-0.01637499,0.00572080,-0.00005120,-0.00051070,0.00042637,-0.11050819,-0.1075
8578,0.01103988,0.00017914,0.00019188,-0.00017005,0.00008016,-0.00000293,0.00006
461,-0.00041577,0.00078091,-0.00006068,0.00105116,-0.00006632,-0.00059462,-0.012
87988,-0.01902198,-0.00147671,0.00984031,0.01423766,-0.00191059,0.13051288,-0.00
025680,0.00153993,-0.00064443,-0.00033744,-0.00013554,-0.00064100,-0.00041643,0.
00015984,-0.00008136,-0.00001620,0.00007648,0.00002793,-0.00005925,0.00013000,-0
.00005788,-0.00002950,0.00006283,-0.00012104,-0.00016059,-0.00037911,0.00045916,
0.00056073,0.00057918,0.00025722,0.00018910,0.00023172,0.00029155,-0.00023683,0.
00024599,0.00006867,0.00009061,-0.00034140,-0.00004462,0.00016369,-0.00074660,-0
.00033771,0.00002213,-0.00032985,0.00014709,0.00002036,0.00007314,0.00002640,-0.
00007050,-0.00060080,0.00002641,0.00024555,-0.00009906,-0.00014121,-0.00004085,0
.00006863,0.00005963,0.00003991,0.00014616,0.00011399,0.00015616,0.00024442,-0.0
0026180,-0.00026168,0.00001981,0.00024953,0.00019774,-0.00011243,0.00005057,-0.0
0014995,-0.00021987,0.00029137,0.00005573,-0.00023251,-0.00013571,-0.00014616,0.
00020828,-0.00006730,-0.00020498,0.00009674,-0.00002659,0.00010015,-0.00016856,0
.00036498,0.00160937,0.00029789,-0.00019182,-0.00074758,-0.00076455,0.00093611,0
.00012348,-0.00000598,-0.00001757,0.00000928,0.00001124,0.00000178,-0.00000561,0
.00001906,-0.00002466,-0.00002178,0.00003533,-0.00000102,0.00004218,0.00000896,0
.00000874,0.00001702,-0.00007762,-0.00006034,-0.00008720,0.00003331,0.00000354,0
.00016489,-0.00014533,0.00002681,-0.00001723,0.00002658,-0.00000092,-0.00000484,
-0.00000440,-0.00002298,0.00002879,-0.00002261,0.00000758,-0.00000052,0.00005239
,0.00002409,0.00002631,0.00003290,-0.00003816,0.00001304,-0.00002175,0.00001647,
-0.00000720,0.00001493,-0.00002643,0.00000168,0.00001676,-0.00000011,-0.00021496
,0.00073701,0.00131434,0.00019780,0.00023539,-0.00038129,-0.10883300,-0.21146019
,0.02021069,0.00008205,-0.00003272,-0.00006840,0.00004679,-0.00014041,0.00006337
,0.00005310,0.00030443,-0.00006441,0.00039376,0.00084402,-0.00000477,-0.00522347
,-0.00601893,-0.00125626,-0.01438563,-0.02492391,0.00274029,0.12750397,0.2404030
4,0.00002784,-0.00026501,-0.00030457,0.00075239,-0.00003998,0.00060022,0.0001587
6,0.00002589,-0.00009962,0.00002320,-0.00002118,-0.00002935,0.00005829,-0.000022
97,0.00000553,0.00002523,-0.00000295,0.00002399,0.00016860,0.00038969,-0.0004760
4,0.00015852,0.00002690,-0.00019427,-0.00017764,-0.00015261,-0.00008021,0.000056
36,0.00004972,-0.00005170,-0.00004328,-0.00000163,0.00005024,0.00010946,-0.00001
199,-0.00022423,0.00002290,-0.00006621,0.00004138,0.00004995,-0.00006395,0.00009
515,-0.00030903,0.00007390,0.00015979,0.00008734,-0.00003143,-0.00003025,0.00000
032,-0.00001113,-0.00001198,0.00000324,0.00003183,-0.00000933,0.00005827,0.00003
102,0.00012117,0.00383357,-0.00011820,-0.00388671,-0.00032216,0.00027366,-0.0000
1761,-0.00022966,-0.00005928,-0.00002993,-0.00009708,0.00009793,0.00005273,0.000
06920,-0.00004559,-0.00001132,0.00000900,0.00012482,-0.00010894,-0.00014397,0.00
000760,-0.00005574,-0.00036086,0.00008231,0.00066021,-0.00032889,-0.00094190,0.0
0035222,0.00045052,0.00095277,-0.00056711,-0.00000319,-0.00001434,-0.00001588,-0
.00000547,0.00000004,-0.00000016,0.00002678,-0.00002019,0.00000367,-0.00001709,-
0.00000030,0.00000637,0.00002870,-0.00000563,0.00000481,0.00001365,-0.00000437,-
0.00001964,-0.00004668,0.00005499,-0.00003208,-0.00000185,-0.00003977,-0.0000032
6,0.00000783,-0.00000345,0.00001681,-0.00000271,0.00000295,0.00000036,-0.0000040
3,-0.00000290,-0.00001693,-0.00001072,-0.00001203,0.00001047,-0.00000457,0.00000
420,-0.00000478,0.00000480,-0.00000962,0.00001117,-0.00000632,-0.00001538,0.0000
1388,0.01546559,0.01973260,-0.00664075,-0.00023600,0.00021915,-0.00006161,0.0107
1343,0.02032714,-0.04378915,-0.00004534,0.00001908,0.00001389,0.00001601,-0.0000
9717,-0.00011980,-0.00002319,-0.00012149,0.00025402,0.00027721,0.00108736,0.0004
7969,-0.01633881,-0.02314977,0.00070293,0.00220408,0.00471325,0.00042834,-0.0160
6768,-0.02302626,0.05268424,-0.00067509,-0.00122003,0.00040717,-0.00040860,0.000
09008,0.00333823,0.00170353,-0.00129194,0.00086194,0.00045150,-0.00013385,-0.000
47849,-0.00004527,0.00012022,-0.00002690,0.00001675,-0.00007344,0.00029634,0.000
03143,0.00030728,0.00016853,-0.16887235,0.06877632,0.00509765,-0.00004516,-0.001
86422,-0.00318791,0.00080417,0.00021504,-0.00005973,-0.02747299,0.04055303,0.007
58454,0.00034682,0.00028497,0.00013801,-0.00011088,0.00016148,0.00014122,0.00008
525,-0.00001176,0.00034695,-0.00005444,0.00011627,-0.00031494,-0.00008876,-0.000
13045,-0.00006665,-0.00009130,0.00000776,-0.00007641,0.00046610,-0.00015141,-0.0
0066744,0.00028931,0.00049472,0.00035853,-0.00337334,0.00479229,-0.00160922,0.00
125466,-0.00022590,-0.00118279,-0.00042908,-0.00006494,0.00004664,0.00043924,-0.
00002046,-0.00045617,-0.00023338,-0.00029638,0.00002495,0.00064762,-0.00030555,-
0.00068943,0.00013951,0.00024372,-0.00060627,0.00003021,0.00000276,0.00004802,-0
.08035694,-0.01237021,-0.00466296,0.00008837,-0.00175761,-0.00269075,-0.00002866
,0.00004837,-0.00005564,-0.00002925,0.00025566,0.00010834,-0.00036157,-0.0002867
0,0.00007007,-0.00014865,-0.00008070,0.00001437,0.00007656,0.00010263,0.00008096
,-0.00001550,0.00008856,0.00003727,-0.00246208,0.00390675,-0.00063096,-0.0008959
1,-0.00058545,0.00000568,0.00027078,0.00008714,0.00066263,-0.00020590,0.00057224
,-0.00012337,0.00011020,-0.00059819,-0.00023097,-0.00024358,-0.00012496,0.000235
51,-0.00021525,0.00049378,-0.00025807,-0.00005319,-0.00009418,0.00012673,0.00010
951,-0.00002177,0.00006486,0.00012329,0.00066544,0.00032889,-0.00027955,-0.00026
323,-0.00024277,-0.00006682,-0.00085173,-0.00001958,0.00022792,-0.00014631,-0.00
026062,0.00016358,-0.00011231,0.00056290,0.00010888,-0.00012067,0.00014420,0.000
16350,0.00024523,0.00007037,-0.00011358,0.00019574,0.00001047,0.00074323,0.00012
730,-0.00017355,-0.00007017,-0.00030127,-0.00001353,0.46401973,-0.00007921,0.000
47681,-0.00045768,0.00012179,-0.00088923,0.00127659,-0.00202840,-0.00376228,-0.0
0064477,-0.00003793,0.00006663,-0.00002281,-0.00001236,0.00000366,0.00000383,0.0
0009245,0.00004659,-0.00003292,0.00014747,-0.00007016,0.00001213,0.04671802,-0.1
1898874,-0.01294961,0.00009789,0.00060237,0.00048759,-0.00010745,0.00005899,0.00
003486,0.05750911,-0.04475297,-0.01381138,0.00013005,0.00011718,0.00016377,0.000
05805,-0.00005527,0.00003013,-0.00003820,-0.00000089,-0.00000480,0.00011173,-0.0
0010517,0.00003636,0.00004010,0.00001509,-0.00000393,0.00000703,0.00001228,-0.00
000643,-0.00025418,0.00016568,0.00040154,0.00003639,-0.00050550,-0.00050984,-0.0
0387080,-0.00282395,0.00027173,-0.00053478,0.00145279,-0.00005234,0.00015324,0.0
0002402,-0.00008328,0.00004158,0.00001386,0.00017873,0.00003824,0.00010511,-0.00
008432,-0.00025895,-0.00007444,0.00019777,-0.00020646,-0.00019684,0.00007378,0.0
0004741,0.00000073,-0.00001118,-0.01275524,0.01512625,-0.00801705,-0.00283171,-0
.00078808,-0.00051672,0.00007042,0.00000055,0.00001483,-0.00003844,0.00003174,0.
00000145,0.00004927,0.00005802,0.,0.00003723,0.00001232,-0.00000221,-0.00000419,
-0.00002674,-0.00000902,-0.00000927,0.00000370,-0.00000562,-0.00021408,0.0008109
7,-0.00031600,0.00014967,-0.00022553,-0.00002619,-0.00003271,0.00010446,-0.00009
807,0.00009817,-0.00000019,0.00008822,-0.00033222,0.00031690,0.00019494,-0.00000
600,-0.00000440,-0.00027288,-0.00001331,-0.00000383,0.00000082,-0.00000241,-0.00
002988,0.00001515,0.00006028,0.00001583,0.00002968,0.00038151,0.00023832,-0.0001
5901,0.00021862,-0.00002712,0.00039745,-0.00014892,0.00020371,0.00002546,-0.0000
7632,0.00014362,0.00007065,-0.00024298,0.00023985,-0.00065583,-0.00013854,-0.000
13648,0.00003139,-0.00012137,0.00002008,-0.00010169,0.00016499,-0.00001327,-0.00
012761,-0.00010992,-0.00019050,0.00004234,-0.00004630,-0.00002917,0.00005169,-0.
00547159,0.30287018,0.00007012,-0.00015441,-0.00027426,0.00073184,0.00029947,0.0
0123045,-0.00203927,-0.00153313,0.00171897,0.00005857,-0.00008893,-0.00005116,0.
00000111,-0.00000217,-0.00000195,0.00005844,-0.00002636,0.00003511,0.00008258,0.
00007296,-0.00001025,0.00139184,-0.01483493,-0.05437466,-0.00017096,-0.00015368,
-0.00008964,0.00005098,-0.00000950,-0.00001351,0.01577329,-0.01530258,0.01582839
,-0.00000172,0.00005227,-0.00004173,-0.00003268,-0.00000633,0.00007530,0.0000204
6,0.00003366,0.00006749,-0.00012905,-0.00007221,0.00003436,-0.00002210,-0.000016
13,0.00000485,0.00000466,-0.00001401,-0.00000880,-0.00008910,0.00017046,0.000126
03,0.00008295,0.00018396,-0.00015232,-0.00091480,-0.00079396,-0.00184763,-0.0005
7628,0.00026621,0.00007276,-0.00000720,0.00002567,-0.00000997,0.00000415,0.00000
148,-0.00000436,-0.00001365,-0.00001140,0.00000181,0.00004328,-0.00002247,-0.000
03396,0.00000139,0.00000017,-0.00001458,-0.00000538,-0.00000721,-0.00001341,-0.0
1176587,-0.00107929,0.00827736,-0.00305709,-0.00058358,-0.00136549,0.00002146,-0
.00000014,0.00000587,-0.00000429,0.00003120,-0.00000305,-0.00005875,-0.00002625,
0.00001957,-0.00001216,-0.00000239,0.00000116,-0.00000544,0.00000652,0.00000544,
0.00000040,0.00000432,0.00000292,0.00005561,0.00025999,-0.00030774,0.00017182,-0
.00021294,-0.00004150,0.00001751,0.00003649,-0.00001327,0.00000771,0.00006206,0.
00002706,-0.00003633,0.00002177,0.00004316,0.00002472,-0.00007118,-0.00001504,-0
.00001907,0.00004667,-0.00000416,0.00001810,-0.00002496,0.00003656,0.00001800,-0
.00000841,0.00002503,-0.00035485,0.00053641,-0.00005858,-0.00017816,-0.00011342,
-0.00027574,-0.00020821,-0.00027751,-0.00005504,-0.00000487,0.00015426,0.0001114
1,0.00015186,-0.00027344,0.00009393,0.00006570,-0.00007653,0.00014167,0.00008933
,0.00001515,0.00011390,-0.00010095,-0.00008550,0.00023617,0.00004148,-0.00003155
,-0.00003339,-0.00002505,-0.00002736,0.00011944,0.02889507,0.06479643,0.09079794
,-0.00013676,-0.00006144,-0.00001523,-0.00003072,0.00020896,0.00018755,-0.000035
86,-0.00026687,0.00010669,0.00000886,0.00000167,-0.00001320,-0.00000968,0.000005
99,-0.00000141,0.00000044,-0.00000114,0.00000304,-0.00000144,0.00001559,0.000008
39,-0.00178744,-0.00367218,-0.00083003,-0.00000407,-0.00012552,-0.00015767,0.000
06316,-0.00001441,-0.00000800,-0.00009592,0.00134900,0.00037607,0.00005503,0.000
02895,-0.00002455,0.00000210,-0.00000442,0.00000955,-0.00001731,0.00002091,-0.00
000230,0.00000627,0.00001461,-0.00002018,-0.00001174,-0.00000590,0.00000448,-0.0
0001526,-0.00000024,0.00000009,0.00004201,-0.00002720,-0.00004539,0.00001554,0.0
0000549,-0.00000821,0.00008663,0.00014620,0.00005798,0.00004788,-0.00013349,-0.0
0004556,-0.00000172,-0.00001229,0.00000569,0.00002608,0.00001839,-0.00000692,-0.
00000491,0.00001528,-0.00000324,0.00004302,-0.00001490,-0.00000422,0.00002034,0.
00001658,-0.00003853,-0.00000488,-0.00000458,0.00000142,-0.00223577,0.00012890,-
0.00018221,-0.00006738,0.00002343,0.00003671,-0.00000856,0.00000220,-0.00000570,
-0.00000238,0.00001743,0.00000561,-0.00003367,-0.00001472,0.00001047,-0.00001272
,-0.00000337,0.00000302,0.00000344,0.00000683,0.00000533,-0.00000029,0.00000432,
0.00000239,-0.00009110,0.00020110,-0.00004357,-0.00003153,-0.00001636,-0.0000059
4,0.00000921,0.00001017,0.00002433,-0.00001321,0.00003072,-0.00000424,-0.0000003
2,-0.00003188,-0.00001111,-0.00001177,-0.00001428,0.00001355,-0.00001242,0.00002
729,-0.00001213,0.00000194,-0.00000503,0.00000213,-0.00000159,-0.00000233,0.0000
0289,0.00001667,0.00005136,0.00000513,0.00005259,0.00003833,0.00004286,0.0000276
9,-0.00004621,-0.00000933,-0.00001470,-0.00001062,-0.00002207,-0.00003600,0.0000
2413,-0.00001360,-0.00002316,-0.00002971,-0.00001265,-0.00002172,-0.00002315,0.0
0000948,-0.00000668,0.00002044,-0.00002701,0.00003936,-0.00000835,-0.00000317,-0
.00002583,-0.00001823,0.00000309,-0.04213846,0.01334914,0.00144050,0.48998963,0.
00007410,-0.00000785,-0.00001251,-0.00000654,-0.00004039,-0.00004985,-0.00007507
,-0.00014112,0.00003857,0.00000703,-0.00000713,-0.00000090,0.00000164,-0.0000013
1,0.00000072,0.00000305,-0.00000278,0.00001197,0.00000168,0.00000357,0.00000333,
-0.00090144,-0.00101327,-0.00043303,0.00001325,0.00002646,0.00004593,0.00000618,
0.00001033,0.00000424,-0.00005578,0.00052268,0.00007444,0.00000502,0.00000713,0.
00002251,-0.00000888,0.00001969,-0.00000088,0.00001120,0.00000078,0.00001094,0.0
0000829,-0.00000402,-0.00000529,0.00000673,0.00000274,-0.00000527,0.00000399,0.0
0000010,-0.00000365,-0.00000406,-0.00000873,-0.00000357,-0.00002918,-0.00001010,
-0.00000803,0.00004190,0.00002858,0.00006530,0.00003025,0.00004279,0.00002206,-0
.00001327,-0.00000169,0.00000170,-0.00001248,-0.00000362,-0.00000387,-0.00000131
,-0.00000734,-0.00000575,-0.00001456,-0.00000092,-0.00001062,-0.00000584,-0.0000
0204,-0.00001316,0.00000311,0.00000435,-0.00000234,-0.00044803,0.00013551,0.0000
0463,-0.00007247,0.00004169,-0.00003952,0.00000982,0.00000195,-0.00000181,-0.000
00471,0.00000846,0.00000166,0.00000553,0.00000392,-0.00000507,0.00000379,0.00000
027,-0.00000251,0.,-0.00000187,-0.00000156,-0.00000087,-0.00000043,-0.00000142,-
0.00004163,0.00009615,-0.00002256,-0.00003181,-0.00000834,-0.00001086,0.00000646
,0.00001172,0.00000151,-0.00000008,0.00001883,0.00000050,-0.00003014,-0.00000754
,0.00002260,-0.00002696,-0.00000916,-0.00003223,-0.00000561,0.00000777,-0.000002
08,-0.00000231,-0.00000711,-0.00000300,0.00001260,0.00000144,0.00000504,-0.00000
093,-0.00002904,-0.00000793,0.00009433,0.00003779,0.00001003,-0.00000223,-0.0000
1231,-0.00000401,-0.00001066,-0.00002959,-0.00002123,-0.00005313,-0.00003244,0.0
0005006,0.00001187,0.00003279,-0.00001204,-0.00000166,0.00002357,0.00000530,0.00
000156,0.00000584,0.00000002,0.00001123,-0.00000333,0.00000293,0.00000526,0.0000
1013,-0.00000381,-0.00826578,0.00849736,0.00092937,0.04314595,0.48153878,-0.0000
0283,-0.00002676,-0.00002804,0.00003346,0.00004614,0.00001354,0.00001915,-0.0000
3560,-0.00003269,0.00000211,-0.00000236,-0.00000720,0.00000368,-0.00000284,0.000
00159,0.00000278,-0.00000135,0.00000865,0.00000096,0.00000712,-0.00000201,-0.000
42808,-0.00051219,0.00026673,-0.00001861,-0.00001968,0.00000116,0.00000033,0.000
00615,-0.00000823,-0.00003541,0.00009199,0.00037121,0.00000190,0.00000166,-0.000
00540,-0.00000559,-0.00000164,0.00000717,0.00000404,-0.00000007,0.00000951,-0.00
000824,-0.00001150,0.00000056,-0.00000040,-0.00000101,-0.00000094,0.00000281,-0.
00000234,-0.00000105,-0.00001889,0.00001815,-0.00000831,0.00002868,0.00001152,-0
.00000001,0.00006503,-0.00000425,-0.00003493,-0.00003104,-0.00003445,0.00002573,
-0.00000138,0.00000004,0.00000286,-0.00000622,-0.00000015,0.00000453,0.00000508,
0.00000004,-0.00000149,0.00000283,0.00000195,0.00000152,0.00000261,0.00000718,0.
00000174,-0.00000246,0.00000181,-0.00000058,-0.00023403,0.00009587,-0.00002448,-
0.00001455,0.00002639,-0.00002575,0.00000045,-0.00000151,0.00000305,-0.00000226,
0.00000362,0.00000050,-0.00000232,-0.00000079,0.00000181,0.00000089,0.00000142,0
.00000011,-0.00000013,0.00000036,-0.00000161,0.00000121,-0.00000130,-0.00000045,
-0.00002395,0.00003210,-0.00000633,-0.00001297,-0.00001465,-0.00001258,0.0000021
4,0.00000148,0.00000054,0.00000050,0.00000038,0.00000451,-0.00000279,0.00000018,
-0.00002077,0.00001703,-0.00000378,0.00001612,0.00000069,0.00000034,0.00000028,0
.00000217,0.00000153,0.00000683,0.00000003,0.00000015,0.00000251,-0.00001143,0.0
0002986,-0.00000455,0.00001743,-0.00001951,-0.00005565,-0.00001201,-0.00001907,-
0.00000208,0.00000501,0.00000979,-0.00001364,-0.00004798,-0.00002014,0.00003937,
0.00001101,0.00001312,0.00002372,0.00001467,-0.00000512,0.00001439,-0.00000613,-
0.00000223,0.00001138,0.00000186,0.00000578,-0.00000228,-0.00000054,0.00000257,0
.00000970,-0.00442981,0.00193356,0.00398351,0.01079801,-0.01123815,0.52510331,0.
00069104,0.00062656,0.00001206,-0.00079121,0.00015763,-0.00214707,-0.00233179,0.
00030083,-0.00054837,-0.00009433,0.00008645,0.00009691,0.00004261,-0.00005073,-0
.00000263,0.00001056,0.00005162,-0.00001777,-0.00007272,-0.00002491,-0.00002654,
-0.04766689,-0.00544510,-0.00519605,0.00030904,0.00077224,0.00154840,-0.00034905
,-0.00003269,0.00000055,0.00482891,-0.00481019,-0.00040057,-0.00023147,-0.000182
15,0.00002142,0.00007165,-0.00007800,-0.00006729,0.00003010,0.00000787,-0.000096
01,-0.00011080,-0.00003814,0.00010560,0.00004574,0.00006880,0.00002949,0.0000606
9,0.00001020,0.00004663,-0.00022376,0.00011617,0.00012453,0.00001098,-0.00026350
,-0.00024339,0.00152882,-0.00038495,0.00132044,0.00030123,-0.00021914,0.00069068
,0.00020652,0.00003995,-0.00004181,-0.00023138,-0.00003845,0.00019530,0.00011755
,0.00007716,-0.00009367,-0.00028856,0.00008717,0.00023287,-0.00007767,-0.0001266
4,0.00022907,-0.00002753,0.00000762,-0.00002360,-0.00037649,0.00487186,-0.000270
27,-0.00027692,-0.00067054,-0.00043993,0.00005519,-0.00000907,0.00002589,0.00001
634,-0.00013781,-0.00003713,0.00016973,0.00012466,-0.00004419,0.00006807,0.00004
553,-0.00000614,-0.00003917,-0.00004093,-0.00004345,0.00000087,-0.00004853,-0.00
001382,0.00088022,-0.00121380,0.00026589,0.00022508,0.00020403,0.00004047,-0.000
09432,-0.00002629,-0.00023580,0.00012900,-0.00026301,0.00004821,-0.00001778,0.00
016969,0.00006156,0.00005955,0.00009176,-0.00008765,0.00008922,-0.00020110,0.000
08885,-0.00001140,0.00004774,-0.00002269,-0.00001137,0.00002358,-0.00002199,-0.0
0006573,-0.00011053,0.00000780,0.00001422,0.00017439,-0.00011718,-0.00002615,0.0
0015539,-0.00003430,-0.00001204,-0.00000110,0.00012375,0.00013930,-0.00028219,0.
00009313,0.00004406,0.00019455,-0.00008837,0.00005729,0.00008713,0.00006518,-0.0
0005657,-0.00011885,0.00009421,-0.00016952,0.00000433,0.00001330,0.00014494,0.00
015880,-0.00002460,-0.10580546,-0.04401367,-0.01496252,-0.12174008,0.05359369,0.
01282070,0.42405828,0.00021872,0.00007913,0.00004045,-0.00063730,0.00092577,-0.0
0136830,-0.00073242,0.00135585,-0.00058705,-0.00006983,0.00003059,0.00008885,0.0
0003269,-0.00003612,-0.00000100,-0.00001321,0.00002354,-0.00005024,-0.00009028,0
.00000067,-0.00003999,-0.00497717,0.02060486,0.00589751,0.00021180,0.00003462,0.
00064977,-0.00017358,-0.00009851,-0.00000919,-0.00011805,-0.00399602,0.00007916,
-0.00014543,-0.00013023,-0.00013313,-0.00001770,-0.00003181,-0.00007278,0.000026
28,0.00002029,-0.00008907,-0.00007570,0.00003975,0.00006897,0.00000123,0.0000320
2,0.00002514,0.00002705,-0.00000230,0.00003106,-0.00009878,-0.00000162,0.0000043
9,0.00002998,0.00005124,-0.00003186,0.00041268,-0.00066644,-0.00004659,0.0000933
4,-0.00088707,0.00035901,0.00006473,0.00002555,0.00003664,-0.00011167,0.00002552
,0.00007511,0.00006659,0.00003345,0.00000994,-0.00010816,0.00014015,0.00012621,0
.00005815,-0.00001067,0.00016341,-0.00003778,-0.00000279,-0.00001126,0.00555683,
-0.00006193,-0.00001350,-0.00060366,-0.00037544,-0.00054311,-0.00001632,-0.00001
524,0.00001753,0.00002278,-0.00010227,-0.00001935,0.00007794,0.00005450,-0.00002
289,0.00001852,0.00001837,-0.00000329,-0.00001870,-0.00001171,-0.00001703,0.0000
0938,-0.00002844,-0.00000815,0.00067469,-0.00114347,0.00035237,0.00021543,0.0001
8540,0.00003070,-0.00005327,-0.00006964,-0.00011500,0.00004242,-0.00019392,0.000
01137,0.00010658,0.00004977,-0.00006038,0.00009014,0.00000493,0.00010571,0.00007
044,-0.00013521,0.00006316,0.00002123,0.00004948,-0.00001461,-0.00006200,0.00000
358,-0.00002988,-0.00020425,-0.00002361,-0.00001373,-0.00001378,0.00003590,-0.00
015934,0.00007668,0.00007272,-0.00003602,0.00000932,-0.00009182,-0.00002753,-0.0
0003115,-0.00019295,0.00025100,0.00010112,0.00014546,-0.00003296,0.00007933,-0.0
0002314,0.00007330,-0.00008146,-0.00003689,0.00007196,-0.00008088,0.00003416,-0.
00000071,0.00007411,0.00009586,-0.00000785,-0.05030916,-0.11882271,-0.02119465,0
.05346935,-0.11006260,-0.01061423,-0.03138106,0.46924552,0.00011315,0.00031931,0
.00010973,-0.00067184,-0.00043517,0.00000572,-0.00065978,0.00051103,0.00066549,-
0.00005161,0.00001560,0.00008293,-0.00000070,-0.00000831,-0.00000161,-0.00003347
,0.00000953,-0.00002673,-0.00002852,-0.00003588,0.00001971,-0.00539266,0.0050614
1,-0.00204866,0.00029403,0.00016793,0.00005844,-0.00004183,-0.00005350,0.0000512
7,0.00056727,0.00031826,-0.00398723,-0.00006743,-0.00003237,0.00006691,0.0001010
2,0.00000127,-0.00005982,-0.00003358,-0.00002015,-0.00007095,0.00006305,0.000081
24,-0.00002196,0.00002344,0.00003216,0.00001184,-0.00000234,0.00001686,0.0000119
6,0.00007656,-0.00019729,-0.00007434,-0.00024982,-0.00020416,-0.00001954,-0.0009
1439,0.00017600,0.00053350,0.00043435,0.00042546,-0.00025610,0.00007290,-0.00000
816,-0.00001548,-0.00003099,0.00000041,0.00005457,-0.00001232,0.00003675,-0.0000
1278,-0.00006897,0.00002225,0.00005357,-0.00002954,-0.00008596,0.00005641,0.0000
1135,0.00001606,-0.00000729,0.00166765,-0.00062638,0.00179886,0.00021915,-0.0004
8364,-0.00008579,0.00001501,0.00000281,-0.00001157,0.00002087,-0.00005723,-0.000
02821,0.00005396,0.00003509,-0.00001776,0.00002060,0.00000872,-0.00000044,-0.000
00236,-0.00000935,-0.00002155,-0.00000116,-0.00001192,-0.00000199,0.00045312,-0.
00057346,0.00004574,0.00006391,0.00014630,0.00010911,-0.00005131,0.00000095,-0.0
0005781,0.00002065,-0.00006089,-0.00000737,-0.00000224,0.00001447,0.00004703,-0.
00004804,0.00008654,-0.00009328,0.00001933,-0.00005777,0.00002471,-0.00002653,0.
00000889,-0.00003387,0.00000914,0.00000872,-0.00001000,0.00019516,-0.00013872,0.
00003740,0.00006973,0.00008745,0.00011899,0.00005282,0.00009921,0.00003776,0.000
01427,-0.00011324,-0.00007384,-0.00006379,0.00005199,0.00004163,0.00001082,0.000
07480,-0.00007871,-0.00002886,0.00000922,-0.00005372,0.00002452,0.00003508,-0.00
012145,-0.00000117,-0.00004062,0.00003256,0.00003236,0.00000533,-0.00006625,-0.0
1518670,-0.02030694,-0.05456970,0.01285613,-0.01073925,-0.06715728,-0.00997037,-
0.00307915,0.47160536,-0.00014638,0.00002237,-0.00001646,0.00015221,0.00009686,0
.00026958,0.00085000,-0.00025647,0.00000402,-0.00000870,0.00000573,-0.00002675,-
0.00000502,0.00000727,-0.00000013,-0.00000492,-0.00001339,0.00000371,0.00000443,
0.00002116,0.00000973,0.00200870,-0.00054340,0.00096807,-0.00007082,-0.00009680,
-0.00018445,-0.00001558,-0.00002257,0.00000351,-0.00343590,-0.00138609,0.0019479
3,-0.00000640,-0.00002181,-0.00001562,0.00000747,0.00000706,-0.00001871,-0.00002
733,-0.00006879,-0.00000678,0.00000414,0.00002474,-0.00003369,-0.00000475,-0.000
00125,-0.00000411,-0.00000448,-0.00000011,-0.00000455,-0.00002574,-0.00005234,-0
.00001072,0.00008131,0.00003024,0.00001966,-0.00006644,0.00027151,-0.00011094,-0
.00008903,-0.00007974,-0.00002857,-0.00000373,0.00003805,-0.00000724,0.00004660,
-0.00001047,-0.00000848,-0.00001379,0.00000124,0.00005767,0.00006908,-0.00000704
,0.00000939,0.00000501,0.00000401,0.00002852,0.00000334,0.00000207,0.00000359,-0
.00055360,-0.00063043,-0.00018682,-0.00008058,0.00013158,0.00008287,0.00000112,-
0.00000151,0.00000651,-0.00001080,0.00001754,0.00000210,-0.00001048,-0.00000931,
-0.00000071,-0.00001088,-0.00000402,0.00000193,0.00000625,0.00000610,0.00000401,
-0.00000412,0.00000932,0.00000203,-0.00011751,0.00022754,-0.00002033,0.00006938,
-0.00000057,-0.00001695,0.00000940,0.00001127,0.00000741,-0.00004082,0.00003842,
-0.00000289,-0.00005104,-0.00003972,-0.00000528,-0.00003202,-0.00004144,-0.00000
964,-0.00001776,0.00001992,-0.00001313,-0.00000428,-0.00001015,0.00001173,0.0000
1056,0.00000344,0.00000424,-0.00000148,0.00009212,0.00001985,-0.00001554,-0.0000
3466,0.00000067,-0.00000665,-0.00004010,-0.00000405,-0.00001317,-0.00000308,-0.0
0001431,-0.00003045,0.00006382,-0.00000526,-0.00000688,-0.00003622,0.00000322,-0
.00000751,-0.00004068,0.00000582,0.00000343,0.00002766,-0.00002358,0.00002604,0.
00000988,-0.00000635,-0.00002689,-0.00003075,0.00000433,-0.01599202,-0.03216739,
0.01375692,-0.00337258,0.01821379,-0.01046986,-0.06060493,0.00284112,0.00156154,
0.53625147,-0.00021413,-0.00009655,-0.00000106,0.00008817,-0.00002588,0.00033211
,0.00053751,0.00004039,0.00009733,-0.00000634,0.00000003,0.00001176,-0.00001033,
0.00000845,-0.00000084,-0.00000998,-0.00000905,-0.00000960,0.00000646,0.00000383
,0.00001082,0.00249014,0.00027688,-0.00013117,-0.00004657,-0.00007274,-0.0002415
6,0.00002871,-0.00003120,-0.00000796,-0.00220652,-0.00004050,0.00150591,0.000035
38,0.00000692,-0.00003366,0.00000484,0.00000753,-0.00000281,-0.00001757,0.000006
22,-0.00000889,0.00000985,0.00000608,-0.00002609,-0.00000930,-0.00000837,0.00000
379,-0.00001585,0.00000215,-0.00000216,0.00003695,-0.00002327,-0.00005888,0.0000
4343,0.00003429,0.00003761,-0.00000171,0.00015691,-0.00016104,0.00002178,0.00000
007,-0.00020168,-0.00001666,-0.00000688,0.00000931,0.00002173,0.00001061,-0.0000
0735,-0.00002078,0.00002137,0.00002782,0.00007096,0.00000600,-0.00000261,0.00003
849,0.00001327,-0.00001801,0.00000143,-0.00000617,-0.00000017,-0.00049883,-0.000
33701,-0.00008167,-0.00007478,0.00003211,0.00008937,-0.00001105,-0.00000204,-0.0
0000875,0.00000124,0.00001638,0.00000029,-0.00002713,-0.00001157,0.00000815,-0.0
0001123,-0.00000376,0.00000360,0.00000608,0.00000714,0.00000362,-0.00000081,0.00
000549,0.00000244,-0.00006783,0.00013703,-0.00001282,-0.00005311,-0.00002322,0.0
0000269,-0.00000104,0.00001179,0.00002251,-0.00003723,0.00004088,-0.00001046,0.0
0003680,-0.00005249,-0.00006546,-0.00000769,-0.00002816,0.00008730,-0.00001167,0
.00002615,-0.00001073,-0.00000131,-0.00000739,0.00000045,-0.00000033,-0.00000434
,0.00000416,0.00002368,0.00005991,0.00002397,-0.00000092,0.00001469,0.00002220,0
.00001130,-0.00000699,-0.00000499,-0.00000509,-0.00000211,0.00000939,-0.00000845
,0.00004557,-0.00004263,-0.00001963,-0.00003614,-0.00000981,-0.00002916,-0.00003
785,-0.00000078,0.00000659,0.00001360,-0.00003404,0.00002701,-0.00000026,0.00000
102,-0.00002742,-0.00002462,0.00000243,-0.01881858,-0.02485032,0.01065451,0.0064
9974,-0.01992894,0.01223776,0.00213905,-0.12803389,0.05764228,-0.00280632,0.4784
2889,0.00003192,-0.00007305,-0.00004330,-0.00013778,0.00014443,-0.00004276,-0.00
000706,0.00017667,-0.00006970,0.00001556,-0.00001620,-0.00001841,0.00001314,-0.0
0001084,0.00000382,-0.00000674,-0.00000015,0.00002048,-0.00001380,0.00000464,0.0
0000403,0.00001388,-0.00049498,0.00047331,0.00005032,-0.00006444,-0.00000987,0.0
0002201,0.00000586,-0.00000260,0.00193905,0.00056900,-0.00016372,-0.00001034,0.0
0003236,-0.00001139,-0.00002239,0.00000615,-0.00000189,0.00003096,0.00001888,0.0
0001521,-0.00001529,-0.00001406,0.00000088,-0.00000023,-0.00000458,-0.00000653,0
.00000624,-0.00000688,-0.00000129,-0.00002044,0.00000950,-0.00003546,-0.00001495
,0.00002642,0.00002355,0.00004558,0.00000311,-0.00002945,0.00004410,-0.00013625,
-0.00001270,-0.00000924,-0.00000972,0.00001374,-0.00001492,0.00001003,0.00000586
,0.00000716,-0.00000989,-0.00000795,-0.00001379,0.00002493,-0.00000284,0.0000067
8,0.00000849,0.00000760,-0.00000230,0.00000726,-0.00000285,-0.00010832,0.0000946
3,0.00006855,0.00000695,-0.00007739,0.00004578,-0.00001186,-0.00000292,0.0000087
2,-0.00000002,-0.00000946,0.00000475,0.00000338,0.00000039,-0.00000206,0.0000023
2,-0.00000002,-0.00000195,-0.00000075,-0.00000081,-0.00000365,0.00000455,-0.0000
0578,-0.00000198,0.00000036,-0.00006234,0.00003702,0.00000841,-0.00001481,-0.000
02741,0.00001322,-0.00001075,0.00002106,0.00000639,-0.00002141,0.00001962,0.0000
0920,0.00000372,-0.00004832,0.00008494,-0.00000093,0.00004406,0.00000650,-0.0000
1053,0.00000118,0.00000534,0.00001208,0.00000979,-0.00001449,0.00000177,-0.00000
258,-0.00001256,-0.00001624,-0.00001514,-0.00001915,-0.00003101,-0.00001586,-0.0
0001719,-0.00001748,-0.00000073,0.00000755,0.00000116,0.00000893,0.00001654,-0.0
0000489,-0.00000226,0.00001028,0.00001719,0.00000375,0.00001123,0.00001079,0.000
01340,-0.00000541,-0.00000505,0.00000427,-0.00000320,0.00001276,0.00000010,0.000
01335,0.00001116,0.00000153,0.00102940,-0.00026935,0.00430881,-0.00073544,0.0007
0836,0.00108107,0.00180705,0.05866673,-0.11365387,0.00269962,0.04368916,0.489991
11,-0.00005820,0.00005096,0.00007075,0.00001263,-0.00000181,0.00032234,0.0005236
5,-0.00019666,0.00021996,-0.00000889,0.00000886,-0.00002350,-0.00000817,0.000014
46,-0.00000037,0.00000230,-0.00000484,-0.00000638,0.00000739,0.00001992,0.000012
57,0.00224287,0.00002888,-0.00073562,-0.00001393,-0.00008277,-0.00022246,-0.0000
3936,-0.00000186,-0.00000892,-0.00316924,0.00030811,-0.00294329,0.00002395,-0.00
007070,0.00001977,0.00000794,-0.00000404,-0.00000833,-0.00005031,-0.00004672,-0.
00001632,0.00002283,0.00002773,-0.00003245,-0.00000711,0.00000377,-0.00000328,-0
.00000443,0.00000283,-0.00000519,-0.00001897,-0.00004309,0.00002086,0.00013909,0
.00005659,-0.00002227,-0.00044986,0.00022946,-0.00001031,0.00003101,-0.00001671,
-0.00010501,-0.00000880,0.00003073,-0.00002258,0.00003199,-0.00001446,-0.0000359
0,-0.00000288,-0.00001502,0.00003820,0.00005107,-0.00002987,-0.00000008,-0.00001
144,0.00001067,-0.00000286,0.00000549,-0.00000045,0.00000340,-0.00058146,-0.0009
5445,0.00014811,0.00008122,0.00018091,0.00011413,0.00000388,0.00000115,0.0000004
2,-0.00000553,0.00001918,-0.00000414,-0.00000822,-0.00000785,-0.00000112,-0.0000
0991,-0.00000358,-0.00000001,0.00000279,0.00000361,0.00000580,-0.00000602,0.0000
1006,0.00000158,-0.00006121,0.00014674,-0.00001098,0.00000464,0.00001234,-0.0000
0687,-0.00000097,0.00000871,0.00000982,-0.00002012,0.00003136,-0.00001391,-0.000
03349,-0.00002786,-0.00001865,-0.00003475,-0.00001005,0.00001890,-0.00001029,0.0
0002244,-0.00000789,0.00000049,-0.00000879,0.00000379,0.00000764,-0.00000264,0.0
0000504,0.00002174,0.00004138,0.00003312,-0.00000085,-0.00001223,0.00003617,0.00
001201,-0.00001446,0.00001887,-0.00001112,-0.00001004,-0.00002403,-0.00004365,0.
00005769,-0.00001570,-0.00001070,-0.00003088,-0.00000390,-0.00000557,-0.00002556
,-0.00000608,0.00001029,0.00002732,-0.00003805,0.00003809,-0.00001152,-0.0000128
7,-0.00002561,-0.00003179,-0.00001037,-0.01300707,-0.01882496,-0.02948172,-0.004
79011,0.01042212,0.01860414,-0.06087066,0.00545756,0.00782823,0.00132138,0.00049
171,0.00128867,0.53734166,-0.00012125,-0.00008572,0.00002626,-0.00000031,-0.0000
8071,0.00022612,0.00025830,-0.00001084,0.00016507,0.00000467,-0.00000841,0.00000
898,-0.00000825,0.00000471,0.00000046,-0.00000238,-0.00000767,-0.00000370,0.0000
0724,0.00000633,0.00000704,0.00225352,-0.00021688,0.00027936,-0.00003114,-0.0000
3463,-0.00016077,0.00004310,-0.00002746,0.00000171,-0.00059422,0.00110822,-0.000
88839,0.00003324,0.00002143,-0.00002258,-0.00000153,0.00001420,0.00000337,-0.000
01239,0.00002016,-0.00000179,0.00000098,0.00002413,-0.00002904,-0.00001209,-0.00
000638,0.00000089,-0.00001054,0.00000059,-0.00000009,0.00008381,-0.00005503,-0.0
0003781,0.00001261,0.00005034,0.00002971,-0.00024527,0.00011486,-0.00008032,0.00
003238,0.00003468,-0.00011948,-0.00001371,-0.00000628,0.00000222,0.00000281,0.00
000975,-0.00001650,-0.00001167,0.00000250,0.00000931,0.00004063,-0.00000286,-0.0
0001436,0.00002578,0.00001181,-0.00003110,-0.00000038,-0.00000442,-0.00000078,-0
.00046962,-0.00046481,0.00017917,0.00006478,0.00010929,0.00009946,-0.00000747,-0
.00000024,-0.00000746,0.00000272,0.00000662,0.00000277,-0.00002006,-0.00000909,0
.00000442,-0.00000826,-0.00000394,0.00000049,0.00000181,0.00000471,0.00000435,-0
.00000032,0.00000253,0.00000207,-0.00003831,0.00007627,-0.00000671,-0.00002860,0
.00000783,0.00001019,0.00000062,0.00000887,0.00001360,-0.00001949,0.00002851,-0.
00000949,0.00001472,-0.00003561,-0.00001002,-0.00002240,-0.00000527,0.00001103,-
0.00000909,0.00001975,-0.00000653,0.00000153,-0.00000811,-0.00000517,-0.00000021
,-0.00000383,0.00000192,0.00003634,0.00001954,0.00001649,-0.00000467,0.00000001,
0.00001972,0.00000757,-0.00001702,-0.00000438,-0.00000127,0.00001445,0.00001456,
-0.00001458,0.00001997,-0.00005433,-0.00001577,-0.00003427,0.00000060,-0.0000079
5,-0.00001456,0.00000631,-0.00000711,0.00001477,-0.00001607,0.00002678,-0.000002
13,0.00000114,-0.00002115,-0.00002034,0.00000080,-0.01364992,-0.01130667,-0.0212
5744,0.00651423,-0.00861495,-0.01804970,0.00514441,-0.07201082,-0.03158652,-0.00
038871,0.00356678,0.02025506,-0.00014008,0.52049150,-0.00020346,-0.00002666,-0.0
0002671,0.00009165,-0.00000027,0.00024182,0.00038944,-0.00006366,0.00008529,-0.0
0000775,0.00000262,-0.00000857,-0.00001099,0.00000793,-0.00000107,-0.00000223,-0
.00000682,-0.00001395,0.00001436,0.00000181,0.00000256,0.00148073,0.00010258,0.0
0075242,-0.00008004,-0.00005652,-0.00015588,-0.00000475,-0.00000644,-0.00001275,
-0.00314125,0.00033908,-0.00158672,0.00001684,-0.00001847,-0.00002133,0.00001705
,-0.00001303,0.00000673,-0.00002351,-0.00001300,-0.00000937,0.00000577,-0.000006
23,-0.00001949,-0.00000382,-0.00000501,0.00000428,-0.00000928,0.00000174,0.00000
004,-0.00001910,-0.00000574,-0.00003220,0.00009415,0.00002619,0.00001227,-0.0001
1902,0.00005140,-0.00007779,-0.00008401,0.00000119,-0.00004280,0.00000059,0.0000
0248,-0.00000203,0.00001654,-0.00000370,-0.00000324,-0.00001116,0.00001876,0.000
02813,0.00006615,-0.00000955,0.00000421,0.00002038,0.00001310,-0.00000203,0.0000
0065,-0.00000781,0.00000424,-0.00022686,-0.00035877,0.00006209,-0.00004656,0.000
09496,0.00005295,-0.00000632,-0.00000267,0.00000238,-0.00000269,0.00001970,-0.00
000272,-0.00002402,-0.00001004,0.00001163,-0.00000791,0.00000007,0.00000595,0.00
000259,0.00000448,0.00000368,-0.00000181,0.00000553,0.00000319,-0.00004538,0.000
08512,-0.00000825,0.00002385,0.00000328,-0.00001441,-0.00000580,0.00000686,-0.00
001115,-0.00002357,0.00002005,-0.00000735,0.00000284,-0.00002134,-0.00002630,0.0
0000109,-0.00001280,0.00002100,-0.00000627,0.00001327,-0.00000484,0.00000291,-0.
00000266,0.00000658,-0.00000192,-0.00000161,0.00000340,0.00003844,0.00005842,0.0
0001654,0.00000904,0.00002938,0.00001957,0.00000787,-0.00000195,-0.00001971,-0.0
0000814,0.00000210,-0.00000424,-0.00001700,0.00003009,-0.00001569,-0.00001567,-0
.00004153,0.00000474,-0.00002705,-0.00003562,-0.00000719,0.00001570,0.00000891,-
0.00001376,0.00000765,-0.00000130,-0.00000397,-0.00002984,-0.00003140,0.00001341
,-0.01147961,-0.01126180,-0.01117818,0.00444563,-0.00574695,-0.00894187,0.007654
26,-0.03252353,-0.16897153,0.00126557,-0.00109718,-0.02721317,0.00172343,-0.0254
2721,0.44748867,-0.00004259,-0.00005695,0.00000382,0.00005815,0.00007551,0.00006
180,0.00007484,-0.00006853,0.00000317,0.00000799,-0.00000501,-0.00001824,0.00000
298,0.00000041,0.00000416,0.00000505,-0.00000241,0.00000991,0.00000636,0.0000114
0,-0.00000090,-0.00035123,-0.00037161,-0.00031752,-0.00003185,-0.00004091,-0.000
03456,0.00002094,0.00000582,-0.00001499,0.00000192,-0.00001411,0.00013626,0.0000
0994,0.00001306,-0.00002392,-0.00000373,-0.00000578,0.00001429,-0.00000213,0.000
00296,0.00001146,-0.00000874,0.00000093,-0.00000805,-0.00000489,-0.00000483,-0.0
0000218,0.00000136,-0.00000356,-0.00000469,0.00001324,0.00001496,-0.00000325,0.0
0003582,0.00003489,0.00001935,-0.00001045,0.00004067,-0.00003663,-0.00004269,-0.
00005917,0.00000789,0.00000181,0.00000049,-0.00000631,0.00001520,0.00000322,-0.0
0000547,0.00000727,-0.00000218,-0.00000365,0.00002392,-0.00001462,-0.00000449,0.
00000165,0.00002182,-0.00000942,-0.00000205,-0.00000092,0.00000194,-0.00034439,-
0.00003999,0.00003211,0.00001788,0.00007024,0.00002818,-0.00000290,-0.00000518,-
0.00000096,0.00000186,0.00000702,0.00000461,-0.00001782,-0.00000884,0.00000771,-
0.00000379,-0.00000309,-0.00000075,0.00000202,0.00000280,0.00000234,0.00000201,0
.00000270,0.00000005,-0.00005086,0.00007046,-0.00001903,-0.00001137,-0.00001493,
-0.00001081,0.00000494,-0.00000120,0.00001155,-0.00000742,0.00001094,-0.00000095
,0.00001027,-0.00001202,-0.00001105,0.00000625,-0.00001216,0.00001960,-0.0000026
1,0.00001246,-0.00000236,0.00000406,-0.00000255,0.00000814,-0.00000159,-0.000004
53,0.00000292,-0.00000576,0.00002464,0.00000516,-0.00000804,-0.00004569,-0.00002
494,-0.00001437,-0.00002573,-0.00000328,0.00000321,0.00003514,0.00001815,-0.0000
3743,0.00000331,-0.00003382,0.00000151,-0.00000956,0.00002007,0.00002132,0.00000
097,0.00001481,-0.00001010,0.00000842,0.00000515,0.00001244,0.00001475,-0.000007
04,-0.00000399,-0.00001005,0.00000824,-0.00411230,0.00156666,0.00072502,-0.10957
447,0.01439856,-0.10786097,-0.01332452,0.00533490,-0.01772038,-0.00173090,0.0015
8770,0.00023236,0.00063651,-0.00051858,-0.00148949,0.12697726,0.00000080,0.00001
823,-0.00000375,-0.00000876,-0.00003282,0.00000538,0.00000691,0.00000911,-0.0000
1117,-0.00000332,0.00000398,0.00000298,-0.00000170,-0.00000035,-0.00000042,-0.00
000066,-0.00000174,-0.00000203,0.00000082,0.00000101,0.00000021,0.00035917,0.000
16097,0.00010451,-0.00001046,0.00001849,0.00000353,-0.00000772,-0.00000094,0.000
00609,-0.00016847,0.00013779,-0.00006010,-0.00000243,-0.00000316,0.00000496,0.00
000202,-0.00000056,-0.00000034,-0.00000381,-0.00000229,0.00000099,-0.00000185,0.
00000312,-0.00000040,-0.00000024,0.00000095,0.,-0.00000096,-0.00000016,0.0000014
1,-0.00000327,-0.00000114,0.00000677,0.00000463,-0.00000255,-0.00000327,-0.00000
931,0.00000738,-0.00001460,0.00000762,0.00001259,-0.00000521,-0.00000027,0.00000
165,-0.00000096,-0.00000879,-0.00000450,0.00000285,-0.00000436,-0.00000013,0.000
00190,-0.00000256,0.00000334,-0.00000024,0.00000207,-0.00001037,0.00000190,0.000
00027,0.00000095,-0.00000104,0.00005088,-0.00007944,0.00000757,0.00008986,-0.000
01695,0.00002508,-0.00000015,0.00000092,0.00000108,-0.00000113,-0.00000173,-0.00
000008,0.00000466,0.00000299,-0.00000261,0.00000073,0.,0.00000029,-0.00000068,-0
.00000087,0.00000004,-0.00000081,-0.00000033,0.00000050,0.00000510,-0.00001044,0
.00000233,0.00000816,0.00000921,0.00000093,-0.00000191,0.00000320,-0.00000344,0.
00000110,-0.00000143,0.00000051,-0.00000400,0.00000620,0.00000757,-0.00000679,0.
00000266,-0.00000937,-0.00000074,-0.00000229,0.00000022,-0.00000181,-0.00000129,
-0.00000277,-0.00000077,0.00000062,-0.00000196,0.00000697,0.00000835,0.00000626,
-0.00001758,-0.00002770,0.00000092,-0.00000504,-0.00000666,0.00000390,0.00001606
,0.00003907,0.00002131,-0.00000004,0.00001901,-0.00005296,-0.00002084,-0.0000069
1,0.00000529,0.00000899,-0.00000456,0.00000756,-0.00000339,0.00000265,-0.0000019
2,-0.00000014,-0.00000515,0.00000343,-0.00000127,0.00000266,0.00000299,0.0011392
9,-0.00085832,0.00012183,0.01342767,-0.04441198,0.02354334,0.01158905,-0.0038366
5,0.01440442,0.00247009,-0.00232095,-0.00017326,0.00054096,0.00064618,0.00075187
,-0.01928227,0.05131537,-0.00000414,-0.00002609,0.00000605,0.00010737,-0.0000141
9,0.00006950,0.00013779,-0.00008261,-0.00000322,0.00000760,-0.00000744,-0.000018
03,0.00000127,0.00000337,0.00000586,0.00000381,-0.00000223,0.00000832,0.00000799
,0.00000553,-0.00000222,0.00080956,-0.00013506,-0.00023078,-0.00006178,-0.000023
09,-0.00003563,0.00000644,0.00000885,-0.00000797,-0.00017700,0.00012104,0.000097
43,0.00000843,-0.00000333,-0.00000989,-0.00000506,0.00000133,0.00001125,-0.00000
628,-0.00000700,0.00001215,-0.00000325,-0.00000267,0.00000155,-0.00000508,-0.000
00455,-0.00000412,0.00000064,-0.00000318,-0.00000688,-0.00000112,0.00001594,0.00
001718,0.00004554,0.00003891,0.00000716,0.00001302,0.00005547,-0.00002590,-0.000
07651,0.00000635,0.00003028,-0.00000238,0.00000482,-0.00001260,0.00001431,0.0000
0246,-0.00001131,0.00001152,-0.00001340,-0.00000053,0.00000864,-0.00001966,-0.00
000126,-0.00000857,0.00002032,-0.00000790,-0.00000079,0.00000048,0.00000563,-0.0
0009022,-0.00013086,0.00002388,0.00002179,0.00004864,-0.00000924,-0.00000503,-0.
00000508,-0.00000090,0.00000041,0.00001053,0.00000558,-0.00001117,-0.00000784,0.
00000473,-0.00000387,-0.00000353,-0.00000135,0.00000391,0.00000280,0.00000336,0.
00000006,0.00000408,0.00000038,-0.00005709,0.00006792,-0.00002168,0.00000187,-0.
00001837,-0.00000863,0.00000587,0.,0.00000958,-0.00000798,0.00001490,-0.00000115
,0.00000005,-0.00000470,-0.00000308,0.00000110,-0.00000894,0.00000606,-0.0000049
6,0.00001527,-0.00000367,0.00000295,-0.00000314,0.00000441,-0.00000232,-0.000004
77,0.00000204,-0.00000039,0.00003180,-0.00000888,0.00000230,-0.00001611,-0.00001
434,-0.00000581,-0.00001030,-0.00000560,-0.00000017,0.00003360,0.00000204,-0.000
03453,-0.00000447,-0.00001849,-0.00000193,-0.00001733,0.00002180,0.00001156,-0.0
0000757,0.00000624,-0.00000105,0.00000281,0.00001584,0.00000118,0.00001037,-0.00
000625,-0.00001242,-0.00001508,0.00001179,0.00002829,0.00031309,0.00036609,-0.10
812048,0.02398310,-0.21692142,-0.00075387,0.00072970,0.00163330,-0.00033938,0.00
006920,0.00016653,0.00166041,-0.00158896,0.00046959,0.12380861,-0.02525455,0.249
93030,0.00002378,-0.00000683,0.00002034,-0.00005579,0.00012119,-0.00021792,-0.00
006437,0.00011661,-0.00000611,0.00000154,0.00000441,0.00000016,0.00000452,-0.000
00589,-0.00000018,-0.00000426,0.00000734,-0.00000589,-0.00001904,-0.00000292,-0.
00001235,-0.00086894,0.00087192,0.00021566,0.00005123,-0.00001943,0.00011811,-0.
00000150,0.00000768,-0.00000423,0.00012527,-0.00045924,-0.00012757,-0.00001927,0
.00000105,-0.00000577,0.00000513,-0.00001254,0.00000293,0.00000231,0.00000115,-0
.00000006,-0.00000666,0.00000575,0.00001821,-0.00000122,0.00000415,0.00000290,0.
00000575,0.00000027,0.00000194,0.00000185,0.00000422,-0.00000437,-0.00000948,-0.
00001027,-0.00000358,-0.00010210,0.00002243,0.00014653,0.00004703,-0.00010383,0.
00006573,0.00001169,-0.00000583,0.00000257,-0.00001500,-0.00001090,0.00001023,0.
00000268,0.00000678,-0.00001469,-0.00000645,0.00000041,-0.00001006,-0.00000894,0
.00000105,0.00000932,-0.00000904,-0.00000238,0.00000188,-0.00000300,0.00002798,-
0.00003529,-0.00012536,-0.00003609,-0.00031424,0.00000296,0.00000191,0.00000225,
0.00000113,-0.00001235,-0.00000161,0.00000884,0.00000419,-0.00000228,0.00000470,
0.00000437,0.00000039,-0.00000334,-0.00000207,-0.00000178,0.00000187,-0.00000366
,-0.00000057,0.00005213,-0.00007493,0.00002229,0.00000365,-0.00000535,0.00000498
,-0.00000356,-0.00000497,-0.00000723,0.00001016,-0.00002072,0.00000359,0.0000063
1,0.00000563,-0.00000523,0.00000571,0.00000456,0.00000626,0.00000702,-0.00001514
,0.00000400,-0.00000060,0.00000675,-0.00000006,-0.00000151,0.00000397,-0.0000022
6,-0.00007360,-0.00001051,-0.00001466,-0.00002493,0.00000262,-0.00011509,0.00001
422,-0.00000516,-0.00000262,0.00003208,-0.00009942,-0.00008892,-0.00004179,-0.00
009801,0.00024436,0.00009256,0.00007122,0.00002065,0.00003875,0.00000615,0.00000
035,-0.00001253,-0.00000085,0.00003822,-0.00000529,0.00001096,-0.00000304,0.0000
2420,0.00001233,-0.00001004,0.00111382,0.00120071,0.00045697,-0.07677490,-0.0822
7090,-0.02552349,0.00665648,0.01891284,0.00575320,-0.00164252,0.00122854,0.00015
508,-0.00175022,0.00122631,0.00041965,-0.00755449,-0.01577953,-0.00692401,0.0898
8577,-0.00010322,0.00004221,-0.00002459,0.00017074,-0.00012983,0.00020462,0.0000
4951,-0.00017016,-0.00009376,-0.00001017,0.00000743,-0.00000431,-0.00000783,0.00
000746,-0.00000282,0.00000973,-0.00000315,-0.00000287,0.00001985,0.00001175,0.00
000649,-0.00000043,-0.00092255,-0.00041785,-0.00009368,0.00003374,-0.00006633,-0
.00000577,-0.00000516,0.00000390,-0.00021431,0.00084297,0.00028328,0.00002092,-0
.00000247,0.00000672,0.00001210,-0.00000066,0.00001188,-0.00002445,-0.00000754,0
.00000387,0.00001175,0.00000223,-0.00002061,-0.00000163,0.00000066,0.00000328,-0
.00000725,0.00000421,0.00000148,0.00000218,-0.00001205,-0.00000480,0.00003907,-0
.00000532,0.00001256,0.00006587,-0.00003038,-0.00010785,-0.00008595,0.00011180,-
0.00001586,0.00000377,0.00000159,-0.00001829,-0.00000020,-0.00001144,0.00000811,
-0.00001053,0.00000756,0.00000425,0.00002379,-0.00001237,-0.00000018,-0.00000439
,-0.00002132,-0.00000623,0.00000487,-0.00000367,0.00000044,-0.00016345,0.0000717
9,0.00003652,0.00003124,0.00022889,0.00013829,0.00000467,0.00000232,0.00000201,-
0.00000344,0.00000752,-0.00000075,-0.00000542,-0.00000183,0.00000170,-0.00000279
,0.00000057,0.00000219,-0.00000041,0.00000044,0.00000349,-0.00000323,0.00000405,
0.00000264,-0.00002007,0.00007095,-0.00001830,0.00000936,0.00001565,-0.00001126,
0.00000202,0.00000497,-0.00000950,-0.00001099,0.00001287,-0.00000029,-0.00001368
,-0.00001010,-0.00000100,-0.00001265,-0.00001190,0.00000123,-0.00000454,0.000007
39,-0.00000160,0.00000161,-0.00000599,0.00000510,0.00000609,0.00000186,0.0000030
3,0.00003313,0.00005413,0.00004192,0.00000729,0.00000026,0.00001812,-0.00000651,
-0.00001763,0.00001322,-0.00005047,-0.00000757,-0.00007263,-0.00004788,0.0001072
0,0.00002493,-0.00000845,-0.00006303,0.00001398,-0.00000777,-0.00003454,-0.00000
296,0.00000788,0.00001165,-0.00001346,0.00002970,-0.00002985,-0.00000284,-0.0000
2394,-0.00001633,0.00000818,-0.00160117,0.00136820,0.00042620,-0.08270867,-0.234
62581,-0.05946391,-0.00337817,-0.02171574,-0.00673095,0.00200808,-0.00187639,-0.
00048544,0.00159870,-0.00159032,-0.00019962,-0.00108857,0.00145475,-0.00107098,0
.09348287,0.27027126,-0.00002901,0.00003890,0.00000984,-0.00003552,0.00003968,0.
00010742,-0.00001065,-0.00002098,-0.00001055,-0.00000455,0.00000561,-0.00000108,
-0.00000350,0.00000249,-0.00000143,-0.00000187,0.00000366,-0.00000397,0.00000129
,-0.00000612,0.00001329,0.00001979,-0.00037212,0.00036507,0.00004488,-0.00003210
,-0.00009136,0.00000151,0.00000702,0.00000038,-0.00008359,0.00023990,0.00002457,
0.00001280,-0.00000566,0.00002131,0.00001350,-0.00000409,0.00000293,-0.00001509,
0.00000016,-0.00000333,0.00001587,-0.00000372,-0.00001111,0.00000274,0.00000256,
0.,-0.00000315,0.00000305,0.00000017,-0.00000152,-0.00001621,-0.00001266,-0.0000
0641,-0.00002050,-0.00000259,-0.00009894,0.00003229,0.00004517,0.00003402,0.0000
0476,-0.00003992,0.00000853,-0.00000870,-0.00001079,-0.00000046,-0.00000637,0.00
000077,-0.00000256,0.00000487,-0.00000800,0.00000076,-0.00001272,-0.00000240,-0.
00001400,-0.00000557,-0.00000691,0.00000597,0.00000167,0.00000011,-0.00000939,0.
00002314,-0.00013547,-0.00009956,-0.00000752,0.00008160,0.00000220,0.00000249,-0
.00000041,-0.00000005,0.00000053,-0.00000171,0.00000013,0.00000069,-0.00000027,0
.00000158,0.00000155,0.00000033,0.00000062,-0.00000089,-0.00000169,-0.00000120,0
.00000038,0.,-0.00000052,0.00001178,0.00000746,-0.00000226,0.00000676,0.00000622
,-0.00000375,0.00000207,-0.00000173,-0.00000010,0.00000160,-0.00000179,-0.000003
78,-0.00000425,-0.00000006,-0.00000023,0.00000086,-0.00000238,0.00000045,0.00000
069,-0.00000093,-0.00000096,0.00000065,-0.00000094,0.00000286,0.00000113,-0.0000
0019,0.00003232,-0.00003767,0.00000526,0.00000785,0.00008410,0.00015078,0.000013
34,0.00003570,0.00000710,-0.00003386,-0.00007159,-0.00001241,0.00010255,0.000048
82,-0.00005417,-0.00000903,-0.00001582,-0.00006228,-0.00004963,0.00000696,-0.000
03088,0.00002763,-0.00000537,-0.00003760,0.00000399,-0.00001190,-0.00000271,0.00
000162,-0.00000396,-0.00001768,-0.00046245,0.00060617,-0.00021584,-0.02566077,-0
.05944202,-0.06131246,-0.00067946,-0.00567324,-0.00076582,-0.00034999,0.00027478
,-0.00021798,0.00126115,-0.00102059,-0.00044155,-0.01401263,-0.02595349,-0.01042
277,0.02926922,0.06928673,0.06779279,-0.00003958,0.00000898,0.00001430,-0.000038
75,0.00000903,0.00015244,0.00001222,-0.00006965,0.00010983,0.00000471,0.00000094
,-0.00001076,-0.00000077,0.00000137,0.00000172,-0.00000509,-0.00000089,0.0000040
7,0.00000222,-0.00000019,0.00000963,-0.00029435,-0.00056134,0.00016484,0.0000356
6,-0.00004302,-0.00012471,0.00003402,0.00000281,0.00000122,-0.00000271,0.0001077
2,-0.00016122,0.00001295,0.00001890,0.00000586,0.00002052,0.00000281,0.00000056,
-0.00000507,-0.00000781,0.00000247,0.00001278,0.00001216,-0.00001453,0.00000154,
-0.00000100,-0.00000244,-0.00000246,0.00000075,-0.00000520,0.00002580,-0.0000262
3,-0.00002417,-0.00003468,-0.00002258,0.00001785,-0.00007899,0.00007875,0.000013
20,0.00005836,0.00000794,-0.00010117,0.00000559,-0.00000858,-0.00000758,0.000025
36,-0.00000185,-0.00000413,-0.00001155,0.00000668,-0.00000120,0.00002955,-0.0000
1768,-0.00001394,-0.00000376,0.00000389,-0.00001156,0.00000412,0.00000373,0.0000
0053,-0.00030951,0.00000973,-0.00011626,-0.00001299,-0.00003321,0.00009150,-0.00
000053,-0.00000124,-0.00000598,0.00000401,0.00000470,0.00000254,-0.00001544,-0.0
0000780,0.00000479,-0.00000221,-0.00000372,-0.00000071,0.00000511,0.00000272,-0.
00000164,0.00000080,0.00000302,-0.00000020,-0.00004896,0.00008528,-0.00001979,-0
.00002107,-0.00000507,0.00001141,-0.00000057,0.00000511,0.00001701,-0.00000505,0
.00001661,-0.00000537,0.00000570,-0.00001711,0.00000175,-0.00001271,-0.00000472,
0.00000155,-0.00000573,0.00001448,-0.00000520,-0.00000265,-0.00000475,0.00000087
,0.00000518,-0.00000220,0.00000153,0.00001744,-0.00000355,0.00001070,0.00000219,
0.00000278,0.00004155,0.00000343,0.00000910,0.00000494,-0.00000082,-0.00000863,0
.00000399,0.00000179,0.00002654,-0.00003771,-0.00000220,0.00000556,-0.00001351,-
0.00000778,0.00000433,-0.00001023,0.00001032,0.00001236,-0.00003056,0.00001760,0
.00000616,0.00000086,0.00000044,-0.00001124,-0.00001112,-0.00406949,0.00187940,-
0.00019689,-0.12964613,-0.04988943,0.10584581,-0.01523517,-0.00452963,0.01669701
,0.00064527,-0.00135084,0.00092383,-0.00179808,0.00156636,0.00055742,0.00939722,
0.00540931,-0.01143698,-0.00884594,-0.00845299,0.01063677,0.15004134,0.00000833,
0.00000886,-0.00001226,-0.00000862,0.00000410,0.00007495,0.00005018,0.00000335,0
.00001748,-0.00000341,-0.00000030,-0.00000113,0.00000015,0.00000201,-0.00000013,
-0.00000288,0.00000019,0.00000042,0.00000050,-0.00000082,0.00000550,0.00074777,0
.00007643,0.00013323,0.00000535,-0.00002581,-0.00006644,-0.00000193,0.00000288,0
.00000099,-0.00024140,0.00013758,0.00004188,0.00000104,-0.00000452,0.00000888,0.
00000383,0.00000494,-0.00000163,-0.00000283,-0.00000790,0.00000304,0.00000536,-0
.00000608,-0.00000381,0.00000062,-0.00000155,-0.00000237,-0.00000202,0.00000026,
-0.00000328,-0.00000471,0.00000240,0.00000404,0.00000846,0.00000052,-0.00000137,
-0.00004108,0.00005264,-0.00000127,0.00000650,0.00000436,-0.00002397,-0.00000626
,0.00000142,-0.00000111,0.00000558,-0.00000422,-0.00000306,-0.00000808,-0.000003
07,0.00000620,0.00000496,0.00000051,0.00000069,-0.00000108,-0.00000321,0.0000033
9,0.00000409,0.00000158,-0.00000015,0.00002146,-0.00013052,-0.00005329,0.0000118
8,-0.00003767,0.00007380,-0.00000282,-0.00000041,-0.00000084,-0.00000025,0.00000
334,-0.00000030,0.00000079,-0.00000027,-0.00000189,-0.00000121,-0.00000265,-0.00
000051,0.00000251,-0.00000030,-0.00000009,-0.00000150,0.00000222,-0.00000041,-0.
00002167,0.00001483,-0.00000306,0.00000204,-0.00000192,0.00000025,-0.00000007,0.
00000180,0.00000512,0.00000011,0.00000303,-0.00000057,-0.00000228,0.00000351,-0.
00000248,0.00000411,0.00000603,-0.00000050,-0.00000107,0.00000368,-0.00000282,0.
00000034,0.00000050,-0.00000107,-0.00000272,-0.00000224,0.00000014,0.00001325,0.
00000239,-0.00000453,-0.00002915,0.00000385,0.00004815,0.00000509,0.00001366,0.0
0000371,-0.00000295,0.00001122,0.00003483,0.00007059,0.00002349,-0.00005527,-0.0
0001514,-0.00000801,-0.00002303,-0.00001511,0.00000122,-0.00000647,0.00001445,-0
.00000638,-0.00001977,-0.00000244,0.00000084,-0.00000334,-0.00000080,-0.00000317
,-0.00000405,0.00113389,-0.00040398,-0.00047073,-0.05083783,-0.06987979,0.061385
25,0.01090838,0.00447844,-0.01206849,0.00141612,0.00022863,-0.00079780,0.0019658
6,-0.00174315,-0.00084837,-0.00208237,-0.00083550,0.00348770,-0.01908302,-0.0135
1243,0.02172852,0.05503526,0.08270473,-0.00000847,-0.00000698,0.00000775,-0.0000
3315,0.00006249,-0.00005297,-0.00006172,0.00005868,-0.00005513,-0.00000120,0.000
00636,0.00000364,0.00000072,-0.00000482,-0.00000161,0.00000244,0.00000131,-0.000
00173,-0.00000328,0.00000242,-0.00000088,-0.00050098,0.00025585,-0.00018127,0.00
000419,0.00000899,0.00004132,-0.00001055,0.00000539,-0.00000406,0.00004429,-0.00
007737,0.00010312,0.00000196,-0.00000645,-0.00000646,-0.00001061,-0.00001276,0.0
0000649,-0.00000541,0.00001398,-0.00000136,-0.00000895,-0.00000474,0.00000447,-0
.00000194,0.00000222,0.00000249,0.00000185,-0.00000101,0.00000602,-0.00000944,0.
00001155,0.00000130,0.00001877,0.00001052,-0.00000978,0.00001828,-0.00004401,-0.
00001767,0.00000459,-0.00004681,0.00003174,0.00000715,-0.00000279,0.00000118,-0.
00002475,-0.00000111,0.00000576,0.00001007,0.00000112,-0.00001262,-0.00001688,0.
00000047,0.00000392,0.00000301,-0.00000041,-0.00000277,-0.00000329,-0.00000151,-
0.00000172,0.00005591,0.00002043,0.00007428,0.00003559,0.00001664,0.00000091,0.0
0000288,0.00000208,0.00000437,-0.00000101,-0.00000748,-0.00000191,0.00000627,0.0
0000523,-0.00000147,0.00000463,0.00000604,0.00000062,-0.00000483,-0.00000202,-0.
00000183,0.00000168,-0.00000576,-0.00000030,0.00003767,-0.00005370,0.00001888,0.
00001131,0.00001186,-0.00000052,-0.00000483,-0.00000134,-0.00001198,0.00000508,-
0.00001479,0.00000295,-0.00000108,0.00000679,-0.00000050,0.00000577,-0.00000117,
0.00000040,0.00000550,-0.00001166,0.00000476,-0.00000010,0.00000380,0.00000086,0
.00000019,0.00000418,-0.00000300,-0.00000646,-0.00000092,0.00000041,-0.00002313,
-0.00002991,-0.00002525,-0.00000816,-0.00001241,-0.00000312,0.00000735,0.0000146
6,0.00002131,0.00002275,0.00000279,-0.00000567,-0.00000716,-0.00000290,0.0000001
5,0.00000886,0.00000218,0.00001128,-0.00000638,-0.00000326,0.00001082,-0.0000060
9,-0.00000286,-0.00000177,0.00000429,0.00000929,0.00000186,0.00020265,-0.0006052
7,-0.00008378,0.10556536,0.06106857,-0.17199908,0.00612829,0.00052271,-0.0046117
7,-0.00108778,0.00136541,0.00084708,0.00142335,-0.00110260,-0.00033848,0.0158344
1,0.01257627,-0.02584975,-0.00380239,-0.00194157,0.00587453,-0.12268638,-0.07158
342,0.19588075,0.00005569,0.00005585,0.00004994,-0.00013469,-0.00035285,-0.00004
306,-0.00024311,0.00011641,0.00014122,0.00000530,0.00001147,0.00001036,0.0000014
5,-0.00000432,-0.00000129,-0.00001322,0.00000445,-0.00000661,-0.00000620,-0.0000
1533,0.00000274,-0.00031236,-0.00002531,0.00063347,0.00005881,0.00011286,0.00004
009,0.00001458,0.00001183,0.00000708,-0.00019484,-0.00007996,-0.00013830,-0.0000
0463,0.00001534,0.00002829,0.00001314,-0.00000822,-0.00001104,0.00000664,0.00000
133,-0.00001278,0.00000025,0.00000643,0.00000005,0.00000584,0.00000609,-0.000000
33,0.00000669,0.00000264,0.00000182,0.00000991,-0.00002128,-0.00004889,-0.000080
12,-0.00006501,-0.00000323,-0.00004283,-0.00004025,-0.00000422,0.00020562,0.0002
3742,-0.00011738,0.00000984,-0.00000558,-0.00000300,0.00000164,-0.00000905,-0.00
000328,-0.00000457,0.00001079,-0.00000966,-0.00001297,-0.00001327,-0.00001055,-0
.00001196,-0.00001195,-0.00000709,0.,0.00000304,-0.00000393,-0.00001106,0.000010
31,-0.00014755,0.00006183,-0.00012820,0.00002777,0.00000954,0.00000234,-0.000004
10,0.00000788,-0.00001359,-0.00000592,0.00000836,0.00000546,-0.00000325,0.000006
95,0.00000425,-0.00000067,-0.00000233,-0.00000213,-0.00000476,0.00000131,-0.0000
0378,-0.00000061,0.00002254,-0.00004081,0.00001380,-0.00003760,0.00000867,0.0000
3980,-0.00002082,0.00000867,-0.00000072,0.00002996,-0.00002379,-0.00000959,0.000
03341,0.00000538,-0.00000206,-0.00003481,0.00004488,0.00000405,0.00000711,-0.000
01182,0.00000065,-0.00001352,0.00000268,-0.00001206,0.00000966,0.00000348,-0.000
00512,0.00001927,-0.00002126,-0.00001133,0.00001027,0.00001496,-0.00000524,0.000
00661,0.00001999,-0.00000322,0.00000764,-0.00000459,0.00000131,0.00000180,-0.000
00167,-0.00000360,-0.00000435,0.00001933,-0.00000905,0.00000188,0.00001336,-0.00
000598,0.00000103,0.00000071,-0.00000612,-0.00000065,-0.00000744,0.00000987,0.00
001238,0.00001017,-0.00001231,0.00047315,0.00029009,0.00031867,0.00032265,0.0000
4825,-0.00069197,-0.00007603,0.00007443,0.00183041,-0.04506694,-0.00292961,-0.00
870196,0.00037796,-0.00029662,0.00025788,-0.00008903,-0.00004884,0.00014956,0.00
001213,0.00000496,0.00005178,-0.00065896,0.00049235,-0.00038971,0.04800085,0.000
00702,-0.00000140,-0.00000920,-0.00010575,0.00016642,-0.00004761,0.00004238,0.00
008173,-0.00008992,-0.00000928,-0.00000249,-0.00000199,0.00000416,-0.00000258,-0
.00000126,0.00000048,0.00000790,-0.00000165,-0.00000856,-0.00000112,0.00000042,-
0.00040132,-0.00009601,-0.00009743,0.00006004,-0.00005873,0.00000506,-0.00002040
,-0.00000036,-0.00000160,0.00050046,0.00004499,-0.00003663,-0.00001523,-0.000015
48,-0.00000499,-0.00000081,0.00000040,-0.00000298,0.00000366,-0.00000227,0.00000
024,0.00000433,0.00000190,0.00000373,0.00000262,0.00000144,0.00000082,0.00000130
,0.00000083,0.00000062,-0.00001453,-0.00000966,0.00000518,0.00000976,0.00000240,
-0.00001275,-0.00002453,0.00000950,0.00005785,0.00000376,-0.00010061,0.00005812,
0.00000298,-0.00000197,0.00000458,-0.00000938,-0.00000176,0.00001000,0.00000110,
-0.00000060,-0.00000245,-0.00001085,0.00001099,0.00000422,-0.00000219,-0.0000020
0,0.00001579,-0.00000021,-0.00000146,0.00000229,0.00014749,0.00018262,0.00001853
,-0.00002155,-0.00009377,0.00003114,-0.00000085,0.00000076,0.00000653,-0.0000043
7,-0.00000376,-0.00000137,0.00000896,0.00000360,-0.00000282,0.00000197,0.0000016
2,0.00000079,-0.00000087,-0.00000171,-0.00000018,0.00000047,-0.00000152,-0.00000
053,0.00002954,-0.00005245,0.00002805,0.00003476,0.00000095,-0.00002124,0.000003
72,-0.00000528,-0.00001400,-0.00000745,-0.00001376,0.00000937,-0.00003477,-0.000
00177,0.00000148,0.00005268,-0.00000923,-0.00001867,0.00000653,-0.00001379,0.000
00307,0.00000781,0.00001183,0.00000653,-0.00000737,0.00000219,0.00000335,0.00001
887,-0.00000246,-0.00000351,0.00000158,0.00000279,0.00000937,0.00000932,0.000009
02,-0.00000803,0.00000063,-0.00002266,-0.00001052,-0.00000110,0.00000547,0.00001
569,0.00001219,0.00001347,-0.00000928,0.00000165,0.00000521,-0.00000371,0.000002
81,0.00000229,-0.00000131,-0.00000379,0.00000252,-0.00000107,0.00000966,0.000003
95,-0.00000844,0.00122065,0.00160173,-0.00056179,-0.00044199,0.00067985,0.000465
52,0.00107330,0.00580144,0.02223688,-0.00377407,-0.07221731,-0.07911121,-0.00037
398,-0.00292660,0.00316193,-0.00009865,-0.00001851,-0.00009857,-0.00014159,-0.00
002479,0.00015825,0.00033452,0.00014782,0.00005100,0.00337570,0.08160784,-0.0001
1812,-0.00003615,-0.00003604,0.00016148,0.00018849,0.00012906,0.00026424,-0.0000
8819,-0.00013741,-0.00001453,0.00000052,-0.00000905,-0.00000639,0.00000659,-0.00
000141,0.00001239,0.00000095,-0.00000596,0.00001664,0.00000974,0.00000319,0.0003
9653,-0.00016435,-0.00111774,-0.00007784,-0.00003449,-0.00004328,-0.00002969,-0.
00000592,-0.00002081,-0.00002808,0.00031921,0.00064008,0.00001300,-0.00003407,-0
.00003214,-0.00001148,-0.00000952,0.00002153,-0.00002587,0.00000151,0.00000524,-
0.00000701,-0.00000697,-0.00000810,-0.00000525,0.00000046,0.00000448,-0.00000381
,0.00000070,0.00000327,-0.00001985,0.00002287,0.00001925,0.00013119,0.00006503,-
0.00001856,0.00007318,-0.00001450,-0.00006345,-0.00018724,-0.00010633,0.00007400
,0.00000283,0.00000825,-0.00001268,-0.00001303,-0.00000645,0.00000324,0.00001119
,-0.00000018,-0.00000109,0.00000982,-0.00001356,0.00001973,0.00000326,0.00000993
,-0.00000025,0.00000056,-0.00000909,0.00000254,0.00006787,0.00009242,0.00019176,
-0.00003437,0.00018272,0.00002989,-0.00000102,-0.00000242,0.00000649,-0.00000567
,0.00001011,-0.00000070,-0.00000543,-0.00000194,0.00000278,-0.00000269,0.0000034
2,0.00000306,-0.00000311,0.00000067,0.00000470,-0.00000210,0.00000183,0.00000207
,-0.00000363,0.00003105,0.00000055,0.00004079,-0.00000283,-0.00004365,-0.0000024
0,-0.00000210,-0.00002223,-0.00003162,0.00001184,0.00000124,-0.00001375,-0.00001
416,-0.00002236,0.00003277,-0.00004162,0.00004664,-0.00000142,0.00000487,0.00000
057,0.00000648,0.00000137,0.00001514,-0.00000373,-0.00000071,0.00000188,0.000002
26,0.00004445,0.00000979,-0.00001279,-0.00001656,-0.00000953,-0.00001703,-0.0000
0909,-0.00001154,-0.00001181,0.00002905,0.00003185,0.00000997,0.00001076,-0.0000
2966,-0.00001238,-0.00003236,0.00000540,-0.00000483,-0.00001977,0.00001497,0.000
00027,-0.00000339,0.00000661,0.00000179,-0.00000712,-0.00001013,-0.00001343,-0.0
0000809,0.00001343,-0.00040955,-0.00114123,0.00185354,0.00058294,-0.00086754,0.0
0062651,-0.00046596,-0.00334329,-0.02535868,-0.00948051,-0.07817740,-0.25256968,
0.00034310,0.00411608,-0.00322181,0.00021193,-0.00022978,0.00035666,0.00007250,0
.00001221,-0.00004809,-0.00079272,0.00015459,0.00023962,0.01027999,0.08866485,0.
29430972,-0.00015146,-0.00008156,-0.00001875,0.00010221,0.00020793,0.00020090,0.
00037202,-0.00007054,0.00003542,0.00001257,-0.00001458,-0.00003732,-0.00000060,0
.00000480,0.00000671,0.00000490,-0.00000523,0.00001143,0.00001124,0.00001529,0.0
0000622,0.00110283,0.00036784,0.00000462,-0.00005779,-0.00013204,-0.00018029,0.0
0005300,-0.00000440,-0.00001611,-0.00083974,-0.00034450,0.00064080,0.00003585,0.
00002467,-0.00003079,0.00000605,-0.00000167,0.00002580,-0.00002157,-0.00000029,0
.00001863,0.00000364,0.00000875,-0.00002073,-0.00000873,-0.00000689,-0.00000515,
-0.00000576,-0.00000475,-0.00000948,0.00002902,-0.00001629,-0.00002832,0.0000599
9,0.00006463,0.00006033,-0.00002700,0.00009109,-0.00008498,-0.00010557,-0.000142
23,-0.00003351,-0.00000112,-0.00000856,-0.00001780,0.00003185,0.00000257,-0.0000
0866,0.00000024,-0.00000163,-0.00000265,0.00005562,-0.00002590,-0.00001676,-0.00
000160,0.00002958,-0.00002111,0.00000061,0.00000245,0.00000482,-0.00034708,-0.00
034381,-0.00006543,-0.00004687,0.00007252,0.00002545,-0.00000905,-0.00000730,-0.
00000431,0.00000180,0.00001560,0.00000839,-0.00003699,-0.00001995,0.00001339,-0.
00000885,-0.00000720,-0.00000089,0.00000764,0.00000626,0.00000274,0.00000158,0.0
0000667,0.00000088,-0.00008303,0.00014829,-0.00003127,-0.00003048,-0.00002168,-0
.00002234,0.00001699,-0.00000967,0.00003162,-0.00004027,0.00003958,-0.00000565,0
.00002743,-0.00005607,-0.00005589,0.00001646,-0.00004910,0.00008291,-0.00001190,
0.00003249,-0.00000737,0.00000754,-0.00000741,0.00001904,-0.00000176,-0.00000699
,0.00000559,-0.00000361,0.00002550,0.00000584,0.00000422,-0.00000837,0.00000998,
-0.00000764,-0.00001039,0.00000339,-0.00000234,0.00000618,-0.00000432,-0.0000145
8,0.00001542,-0.00001327,-0.00000325,-0.00002983,0.00001219,-0.00000562,-0.00001
329,0.00000016,0.00000120,0.00001260,-0.00001258,0.00002681,0.00001637,-0.000008
91,-0.00001796,-0.00002525,0.00000600,-0.00050375,-0.00126679,0.00129907,0.00035
215,0.00090230,-0.00012175,-0.00497185,-0.00377201,0.00011904,-0.22063863,-0.101
67673,-0.03056329,0.00023149,0.00033113,-0.00025666,0.00004535,0.00000817,-0.000
01289,-0.00004548,0.00025832,-0.00005376,0.00035941,0.00033430,-0.00018988,-0.00
316585,-0.00224563,-0.00223260,0.25475289,-0.00002508,-0.00000237,-0.00001479,0.
00008209,0.00004652,0.00016325,0.00006880,-0.00017118,-0.00003845,0.00000971,-0.
00000483,-0.00001924,-0.00000278,0.00000318,0.00000191,0.00000412,-0.00000619,0.
00001195,0.00001031,0.00001104,0.00000887,0.00128083,-0.00069378,0.00009174,-0.0
0004196,-0.00004756,-0.00011271,0.00003945,0.00001533,0.00000719,0.00044927,0.00
036789,-0.00020769,0.00003421,0.00002541,0.00001032,0.00000399,0.00000753,0.0000
1293,-0.00000689,-0.00000190,0.00001902,0.00000999,0.00000096,-0.00001891,-0.000
00137,-0.00000598,-0.00000632,-0.00000444,-0.00000228,-0.00000609,0.00000691,-0.
00000923,0.00000852,-0.00000640,0.00001058,0.00003039,-0.00005818,0.00007150,-0.
00004805,-0.00004839,-0.00002817,-0.00001583,-0.00000481,-0.00000867,-0.00001110
,0.00001809,-0.00000098,-0.00001300,-0.00000865,-0.00000882,-0.00000311,0.000027
76,-0.00002236,-0.00002150,-0.00000015,0.00000509,-0.00002552,0.00000525,0.00000
339,0.00000186,-0.00028861,-0.00014148,-0.00006460,-0.00002101,0.00009392,0.0000
6877,-0.00000195,0.00000188,-0.00000163,-0.00000132,0.00001494,0.00000579,-0.000
01789,-0.00000995,0.00000568,-0.00000474,-0.00000577,-0.00000067,0.00000487,0.00
000234,0.00000260,-0.00000032,0.00000484,0.00000088,-0.00008018,0.00010789,-0.00
002294,0.00000149,0.00000024,-0.00000513,0.00001384,0.00000078,0.00002137,0.0000
0178,0.00002734,-0.00000257,-0.00001684,-0.00000272,0.00002245,-0.00001588,-0.00
001417,-0.00002669,-0.00000853,0.00002192,-0.00000650,0.00000236,-0.00000828,0.0
0000206,0.00000323,-0.00000290,0.00000126,0.00000275,0.00003140,0.00001603,-0.00
000837,-0.00001986,0.00001067,-0.00001129,-0.00001238,0.00000722,-0.00000439,0.0
0001424,0.00000200,-0.00000941,0.00003234,-0.00002629,-0.00000852,-0.00002121,0.
00000685,0.00000136,-0.00000345,0.00000012,0.00000729,0.00001296,-0.00001732,0.0
0002625,-0.00000395,-0.00000315,-0.00001203,-0.00001648,0.00000203,-0.00404068,-
0.00650746,0.00355817,-0.00081629,0.00054927,0.00007614,-0.02002992,-0.01310735,
-0.00216328,-0.10038800,-0.09922601,-0.01768359,0.00005726,0.00042158,-0.0007567
0,0.00000200,0.00004155,0.00008509,0.00007297,0.00034754,-0.00003416,0.00053878,
-0.00090970,-0.00048567,-0.01175708,-0.00650669,-0.00439175,0.11856547,0.1156253
5,-0.00001043,-0.00003338,-0.00000774,0.00004454,0.00011573,-0.00000396,0.000061
98,0.00000033,-0.00001824,0.00000054,-0.00000366,0.00000094,0.00000327,-0.000001
84,0.00000177,0.00000190,-0.00000219,0.00000471,-0.00000271,0.00000593,-0.000003
83,-0.00026094,0.00051758,-0.00018449,-0.00001449,-0.00003575,-0.00000432,0.0000
0033,-0.00000110,-0.00000296,-0.00011675,-0.00022818,-0.00014228,0.00000476,0.00
000152,-0.00001136,-0.00000663,-0.00000293,0.00000727,-0.00000446,0.00000925,0.0
0000274,-0.00000501,-0.00000752,0.00000929,-0.00000528,-0.00000164,-0.00000015,-
0.00000147,-0.00000281,-0.00000144,-0.00000448,0.00001927,0.00002309,0.00002399,
0.00002616,0.00000037,0.00002923,0.00000573,0.00003015,-0.00003009,-0.00007408,0
.00003189,-0.00000210,-0.00000168,0.00000006,-0.00000746,0.00000499,0.00000239,0
.00000853,-0.00000356,-0.00000472,-0.00000491,0.00000215,0.00000709,0.00000199,0
.00000880,-0.00000030,-0.00000244,0.00000048,-0.00000020,0.00005423,-0.00004631,
0.00010402,-0.00000135,0.00003970,-0.00006399,-0.00000374,-0.00000181,-0.0000006
9,-0.00000062,0.00000017,0.00000207,-0.00000171,-0.00000080,0.00000127,0.0000002
0,0.00000095,-0.00000085,0.00000013,0.00000047,-0.00000135,0.00000108,-0.0000017
0,-0.00000087,0.00001347,-0.00000985,-0.00000653,0.00001611,-0.00000592,0.000001
55,0.00000472,-0.00000568,0.00000576,-0.00000679,0.00000261,0.00000290,-0.000005
33,0.00000311,-0.00000144,0.00000334,-0.00001727,0.00000017,-0.00000153,0.000002
92,0.00000174,0.00000308,-0.00000086,0.00000235,-0.00000178,0.00000040,-0.000000
35,-0.00001636,-0.00001616,-0.00000149,0.00000330,0.00000588,0.00000280,0.000001
96,-0.00000205,0.00000491,-0.00000050,0.00000248,-0.00000212,-0.00000068,-0.0000
1820,0.00000777,0.00000260,-0.00000248,0.00000383,0.00000230,-0.00000036,0.00000
282,-0.00000381,-0.00000753,0.00001031,-0.00000831,0.00000353,-0.00000441,-0.000
00220,0.00000089,0.00000440,0.00253864,0.00459248,-0.00165943,0.00019366,-0.0003
8683,0.00028645,0.01462479,0.00863486,0.00200467,-0.03067264,-0.01827958,-0.0477
7872,0.00036311,0.00041288,0.00018108,0.00011088,0.00002068,-0.00011793,0.000067
49,-0.00006512,-0.00010400,0.00013779,-0.00045382,0.00020894,-0.02740964,-0.0162
5529,-0.00704827,0.03558378,0.01934789,0.05348525,0.00003112,0.00006414,0.000004
25,-0.00000948,0.00000562,-0.00010633,-0.00012392,0.00003879,-0.00022644,-0.0000
0137,0.00001086,0.00003207,-0.00000578,-0.00000313,-0.00000008,0.00000438,0.0000
0650,-0.00000925,-0.00000376,-0.00000591,0.00000225,0.00092462,-0.00368954,-0.00
037221,0.00001489,0.00009503,0.00014922,0.00000365,0.00001406,0.00001029,-0.0029
6611,0.00059787,0.00119144,0.00001566,0.00001115,0.00002360,0.00000900,-0.000011
52,-0.00000336,0.00000289,0.00003229,-0.00001615,0.00000556,-0.00000670,0.000011
97,0.00000631,0.00000386,0.00000306,-0.00000023,0.00000227,0.00000481,-0.0000102
0,-0.00000239,0.00004052,-0.00009135,-0.00006834,-0.00003373,0.00007437,-0.00014
113,0.00007276,-0.00001743,0.00003211,0.00012343,0.00003620,-0.00001385,-0.00000
541,-0.00002316,0.00000615,0.00001912,0.00001412,0.00001859,-0.00003249,-0.00005
015,-0.00001558,0.00001816,-0.00001925,-0.00002333,-0.00001238,-0.00000017,0.000
00098,0.00000117,0.00032844,0.00088550,0.00011938,-0.00002057,0.00005784,0.00002
116,0.00000536,0.00000757,-0.00000097,-0.00000480,-0.00000113,-0.00000012,0.0000
1638,0.00001401,-0.00000115,0.00000633,0.00000514,0.00000122,-0.00000551,-0.0000
0525,0.00000226,-0.00000094,-0.00000368,0.00000039,0.00012778,-0.00012347,0.0000
2556,0.00002465,0.00003551,0.00000835,0.00000296,0.00000745,-0.00002406,0.000049
20,-0.00001790,0.00000827,-0.00010003,0.00006547,0.00012180,-0.00004798,0.000019
79,-0.00017753,0.00000835,-0.00001783,0.00000775,0.00000434,0.00000551,-0.000017
28,0.00000051,0.00000547,0.00000038,0.00000574,-0.00000178,0.00001977,0.00000441
,-0.00000523,0.00000414,-0.00000223,0.00000032,0.00000362,-0.00001091,0.00000313
,0.00000394,-0.00000630,0.00000518,-0.00000521,-0.00000210,0.00001410,-0.0000087
1,0.00000723,0.00000998,0.00000294,-0.00000012,-0.00000195,-0.00000128,-0.000013
47,-0.00003403,0.00000980,0.00000600,0.00001896,-0.00000310,-0.00099078,0.000663
36,0.00023098,0.00045880,0.00035809,0.00016140,0.00019597,0.00341962,-0.00169891
,-0.18815681,0.11566028,0.02965288,-0.00001119,-0.00046814,0.00002012,0.00020142
,-0.00006143,0.00009004,-0.00002697,0.00005594,-0.00015237,0.00024907,0.00007822
,-0.00032133,0.00010720,0.00079509,0.00141353,-0.02684866,0.01609992,0.00478856,
0.21635566,0.00031961,0.00016155,0.00003833,-0.00003138,-0.00042321,-0.00018545,
-0.00074777,-0.00008884,-0.00013297,-0.00000165,0.00001664,0.00000382,0.00001087
,-0.00000627,0.00000234,0.00000116,0.00001104,0.00001791,0.00000341,-0.00001780,
-0.00000391,-0.00076569,-0.00414205,-0.00030746,0.00002306,0.00020899,0.00022367
,-0.00002700,0.00005458,0.00001227,0.00027365,0.00223236,0.00009131,-0.00003749,
0.00000008,0.00007186,0.00000538,-0.00000614,-0.00000963,0.00002820,-0.00000960,
-0.00000011,-0.00000173,-0.00002820,0.00001818,0.00001685,0.00000845,-0.00000609
,0.00001980,0.00000158,-0.00000136,-0.00005646,0.00004666,0.00002489,-0.00010619
,-0.00012199,-0.00002786,0.00004424,-0.00013071,0.00009793,0.00006840,0.00034634
,0.00010350,0.00002291,0.00000483,-0.00001296,-0.00002409,-0.00001432,0.00001718
,0.00002259,-0.00000298,-0.00003410,-0.00008859,-0.00001639,0.00001230,-0.000046
60,-0.00002384,0.00001269,0.00000312,0.00000770,-0.00000192,0.00054367,0.0007638
8,-0.00002053,0.00004458,-0.00004984,0.00004359,0.00001944,-0.00000147,0.0000038
9,0.00000807,-0.00002121,-0.00000872,0.00003687,0.00002216,-0.00001082,0.0000164
2,0.00000477,-0.00000406,-0.00000455,-0.00000955,-0.00000700,-0.00000116,-0.0000
0444,-0.00000287,-0.00000664,-0.00012012,-0.00001213,-0.00003764,-0.00000141,0.0
0002520,-0.00002469,0.00000900,-0.00002339,0.00008140,-0.00007548,0.00001813,0.0
0000670,0.00009659,0.00002792,-0.00000524,0.00011839,-0.00006871,0.00001837,-0.0
0003391,0.00000963,-0.00001216,0.00000619,-0.00000528,0.00001110,0.00000226,-0.0
0000236,0.00002366,-0.00000658,-0.00001536,0.00000287,0.00001416,-0.00000267,-0.
00001395,0.00002474,0.00000313,0.00000274,0.00001659,0.00002256,0.00002455,-0.00
001762,-0.00002017,-0.00000461,0.00002192,-0.00000545,0.00000980,0.00003381,-0.0
0000405,0.00001044,-0.00002023,0.00001182,-0.00002928,-0.00000703,0.00000622,0.0
0001916,0.00002234,-0.00000192,-0.00013357,0.00183176,-0.00071003,0.00050852,-0.
00387819,0.00311397,0.01940334,-0.01921303,-0.00046732,0.11504080,-0.13483701,-0
.02570809,-0.00003057,0.00070733,-0.00115217,0.00049350,-0.00078160,0.00001244,0
.00057420,-0.00040931,0.00004383,-0.00045591,-0.00005918,0.00039581,0.01091291,-
0.00833696,-0.00532035,-0.01144414,0.00928469,0.00205756,-0.13427514,0.15641132,
-0.00006279,-0.00001366,0.00006744,0.00001186,-0.00025167,0.00005053,0.00006828,
-0.00000385,0.00021871,0.00001907,0.00000958,0.00002153,-0.00000463,0.00000244,0
.00000053,-0.00001210,-0.00000794,-0.00000844,-0.00000012,-0.00000281,0.00000211
,-0.00025728,0.00197100,0.00125444,-0.00001143,0.00004463,-0.00005539,0.00004909
,-0.00000488,0.00001644,0.00071263,-0.00087489,-0.00120519,0.00002625,0.00003764
,0.00000942,0.00000307,-0.00000084,-0.00000793,-0.00001467,-0.00000277,-0.000008
52,0.00000175,0.00001728,-0.00000888,-0.00000501,-0.00000089,-0.00000186,-0.0000
0470,-0.00000029,-0.00000184,0.00006520,-0.00002644,-0.00005664,-0.00007434,-0.0
0002093,0.00003910,-0.00007932,0.00003421,-0.00007404,0.00012186,0.00015572,-0.0
0014017,-0.00000661,-0.00000502,-0.00000223,0.00001167,0.00000238,-0.00001789,-0
.00000981,0.00000023,0.00000650,0.00002157,-0.00001741,-0.00002585,0.00000899,-0
.00000105,-0.00002894,0.00000045,0.00000156,-0.00000146,-0.00034722,-0.00066019,
-0.00021697,0.00003619,-0.00001032,-0.00002670,0.00000505,0.00000141,-0.00001593
,0.00000891,-0.00000252,-0.00000005,-0.00000661,-0.00000402,0.00000015,-0.000000
10,-0.00000059,-0.00000194,0.00000228,0.00000245,-0.00000214,0.00000110,0.000000
21,0.00000006,-0.00001850,0.00008087,-0.00003236,-0.00005401,0.00000792,0.000097
16,-0.00001481,0.00001301,0.00001191,0.00001251,0.00002133,-0.00003351,0.0000659
3,-0.00001557,0.00003360,-0.00016039,0.00002182,-0.00004627,-0.00001034,0.000018
39,-0.00000565,-0.00001358,-0.00001443,-0.00002200,0.00001612,0.00000158,-0.0000
0464,-0.00000866,-0.00001035,-0.00000324,0.00000703,0.00000903,-0.00000383,0.000
01080,-0.00000156,0.00000033,0.00000491,-0.00000337,-0.00001130,-0.00001211,0.00
000264,0.00000615,-0.00000500,-0.00000124,0.00000090,-0.00000070,-0.00000534,-0.
00000415,-0.00000302,0.00001074,-0.00000492,0.00001553,-0.00000356,0.00000602,-0
.00000646,-0.00000752,-0.00000523,0.00053929,-0.00148179,0.00012340,-0.00007685,
0.00324741,-0.00157191,-0.01439939,0.01216040,0.00217316,0.03051690,-0.02626380,
-0.05007553,-0.00045317,0.00065135,0.00067122,-0.00042661,0.00039081,0.00013765,
-0.00043813,0.00054646,-0.00003628,0.00006067,-0.00004648,-0.00011660,0.02388228
,-0.01997273,-0.00807052,-0.00417859,0.00255014,0.00142073,-0.03528722,0.0275842
1,0.05653426,0.00001438,-0.00004663,0.00001664,-0.00000938,0.00002128,-0.0000568
0,-0.00002104,0.00009150,-0.00004397,0.00000632,0.00000127,-0.00000003,0.0000060
3,-0.00000418,0.00000301,-0.00000024,0.00000027,0.00000514,0.00000006,-0.0000003
0,-0.00000544,-0.00026390,0.00027639,-0.00044611,0.00000663,0.00001525,0.0000597
1,-0.00001731,0.00000734,-0.00001660,-0.00024786,-0.00015686,0.00002541,-0.00002
887,0.00001938,-0.00002066,-0.00001545,-0.00002671,0.00000684,0.00001734,0.00000
603,0.00000024,-0.00004844,-0.00003320,0.00000680,0.00000087,-0.00000054,0.00000
251,0.00001148,-0.00000477,0.00000340,-0.00000633,0.00006121,-0.00000894,0.00004
318,0.00001923,0.00000393,0.00004106,-0.00004186,-0.00005486,-0.00000807,-0.0000
1887,0.00002155,0.00000177,0.00000740,0.00000461,-0.00001069,-0.00000618,0.00000
635,0.00001573,0.00000580,-0.00000291,-0.00000442,0.00000371,0.00000507,-0.00000
153,0.00001536,0.00000897,-0.00000585,-0.00000315,-0.00000135,-0.00005597,-0.000
09429,0.00014275,-0.00000586,0.00000763,-0.00000428,0.00000399,-0.00000597,0.000
00529,0.00000308,-0.00001082,-0.00000069,0.00000567,0.00000418,0.00000058,0.0000
0358,0.00000264,0.00000085,-0.00000413,-0.00000169,-0.00000025,0.00000201,-0.000
00192,0.00000013,0.00002407,-0.00004113,0.00000623,-0.00000110,-0.00000909,-0.00
000195,-0.00000431,-0.00000372,-0.00000504,0.00000536,-0.00001812,0.00000338,0.0
0002183,0.00000533,-0.00000958,-0.00000224,0.00000175,0.00001841,0.00000586,-0.0
0001171,0.00000467,-0.00000208,0.00000355,0.00000641,-0.00000007,0.00000134,0.00
000019,-0.00000592,-0.00000863,-0.00002097,-0.00001919,-0.00001315,-0.00001537,-
0.00001999,-0.00000964,-0.00002257,0.00000216,0.00001623,0.00003030,0.00004200,-
0.00003424,-0.00001711,0.00000661,0.00000492,0.00000542,0.00000430,0.00001266,0.
00001660,-0.00001374,-0.00003452,0.00002266,-0.00001937,0.00001670,-0.00000637,0
.00001814,0.00001502,0.00001812,0.00043120,0.00036402,-0.00012107,0.00034021,-0.
00040430,0.00063595,-0.00015494,-0.00045803,0.00020141,0.00041220,0.00003737,0.0
0014765,-0.04623531,-0.01567558,0.01228389,-0.00077190,0.00027579,0.00054282,0.0
0002036,0.00002668,-0.00003893,-0.00006191,0.00004130,-0.00017488,0.00023711,-0.
00005127,0.00002340,0.00004157,0.00006436,-0.00007829,0.00000876,-0.00004815,0.0
0006622,0.04948494,-0.00004004,0.00009451,-0.00000024,0.00000851,-0.00007197,0.0
0004562,-0.00003601,-0.00010172,0.00002631,-0.00001671,0.00000878,0.00001035,-0.
00000841,0.00000443,-0.00000537,0.00000213,0.00000194,-0.00001428,0.00000456,-0.
00000023,0.00000073,-0.00025774,-0.00058654,0.00041396,0.00000070,0.00003230,-0.
00000971,-0.00002524,-0.00002161,0.00001813,0.00048253,0.00040362,0.00003611,-0.
00000833,-0.00002422,0.00001625,0.00003520,0.00000906,-0.00000707,-0.00001734,-0
.00002029,-0.00000931,0.00001747,0.00004738,-0.00000812,0.00000074,0.00000750,0.
00000523,-0.00000586,0.00000750,0.00000338,0.00002011,-0.00006937,0.00001093,-0.
00001529,-0.00004489,-0.00002221,-0.00002025,-0.00002833,0.00002094,0.00001855,0
.00005800,-0.00004151,0.00001183,-0.00000006,-0.00000822,-0.00000618,-0.00001140
,0.00001274,-0.00001949,0.00001015,0.00000181,0.00000731,-0.00000046,-0.00000193
,-0.00000149,-0.00003309,0.00000694,0.00000191,-0.00000255,0.00000054,0.00021289
,0.00033916,-0.00007272,0.00000186,0.00000486,0.00001065,0.00000807,0.00000512,-
0.00000198,-0.00000300,-0.00000218,-0.00000442,0.00000695,0.00000303,-0.00000364
,-0.00000070,0.00000080,0.00000122,-0.00000104,-0.00000020,-0.00000013,-0.000003
96,0.00000174,0.00000150,0.00002917,0.00000540,0.00000494,0.00001010,0.00002213,
0.00000265,-0.00000890,0.00000815,-0.00001960,-0.00000647,0.00000291,-0.00000419
,-0.00003074,-0.00001198,0.00001185,-0.00001438,-0.00000176,-0.00001493,-0.00000
180,-0.00000436,0.00000058,-0.00000331,-0.00000225,-0.00000216,0.00000864,0.0000
0432,0.00000150,-0.00000028,0.00001794,0.00001735,-0.00000357,0.00000283,0.00000
193,0.00000648,0.00000986,0.00000305,0.00001144,-0.00000014,0.00000060,-0.000023
50,0.00000715,-0.00002316,0.,0.00000150,0.00000352,0.00000384,-0.00001456,-0.000
00484,-0.00001342,0.00002213,-0.00001324,0.00001837,-0.00001428,0.00001510,-0.00
000172,-0.00000617,-0.00000273,0.00091030,0.00083487,0.00008652,-0.00001774,0.00
052159,-0.00060910,0.00090010,0.00555500,-0.00298473,-0.00003333,0.00027144,-0.0
0098220,-0.01690173,-0.19234240,0.11540230,-0.00011054,0.00027637,-0.00008365,-0
.00008604,0.00004848,-0.00010323,0.00004348,-0.00005993,-0.00015916,-0.00001030,
0.00036649,-0.00023103,0.00024206,0.00008620,-0.00014218,-0.00022604,0.00013350,
-0.00019113,0.01834626,0.21985929,0.00011008,-0.00008023,0.00001424,0.00000699,0
.00018738,-0.00011391,-0.00005361,0.00010657,-0.00007898,0.00001523,-0.00000900,
-0.00001129,0.00001208,-0.00000794,0.00000572,0.00000453,0.00000349,0.00001434,-
0.00001096,0.00000631,-0.00001168,-0.00037339,0.00061808,-0.00079405,0.00000432,
-0.00005768,0.00006807,0.00000402,0.00002087,-0.00001752,0.00020656,-0.00057495,
0.00031438,-0.00000419,-0.00000515,-0.00002765,-0.00003786,-0.00000766,0.0000078
7,0.00002044,0.00001701,0.00001539,-0.00003386,-0.00002475,0.00003608,-0.0000025
2,-0.00000168,-0.00000491,0.00001207,-0.00000823,-0.00000330,-0.00003029,0.00006
507,0.00003365,0.00003314,0.00006420,-0.00000990,0.00004660,-0.00000682,-0.00002
068,-0.00004114,-0.00013561,0.00010638,-0.00000434,-0.00000066,0.00000872,-0.000
01451,0.00000751,-0.00000706,0.00002815,-0.00001854,-0.00001728,-0.00002749,-0.0
0000296,-0.00000044,-0.00000325,0.00003424,-0.00000288,-0.00000915,0.00000197,0.
00000358,-0.00003362,-0.00016308,0.00012534,-0.00000914,0.00003738,-0.00007053,-
0.00000242,-0.00000273,0.00000362,0.00000122,-0.00000604,0.00000432,0.00000303,0
.00000052,0.00000073,0.00000296,0.00000142,-0.00000303,-0.00000024,-0.00000013,-
0.00000003,0.00000508,-0.00000449,-0.00000246,0.00000145,-0.00004913,0.00000729,
0.00000151,-0.00002080,-0.00000847,0.00000884,-0.00000962,0.00000943,0.00001156,
-0.00001514,0.00000734,0.00000907,0.00001260,-0.00000814,0.00002552,-0.00000361,
0.00001024,0.00000653,-0.00000491,0.00000298,0.00000625,0.00000549,0.00000282,-0
.00000797,-0.00000243,-0.00000136,-0.00003651,0.00000791,-0.00003663,-0.00002807
,-0.00004396,-0.00006860,-0.00000736,-0.00003117,-0.00001841,0.00000360,0.000010
62,0.00000428,0.00000477,-0.00006355,0.00004190,0.00003088,0.00001633,0.00002762
,0.00003608,0.00001572,0.00002192,-0.00002384,-0.00002048,0.00006701,-0.00001815
,0.00002301,-0.00001193,0.00001336,0.00001518,0.00001222,0.00062517,0.00043293,0
.00265240,-0.00080407,0.00081672,0.00082682,0.00299184,0.02273811,-0.02507466,-0
.00003776,-0.00201598,-0.00649665,0.01258600,0.11461480,-0.13099750,0.00084057,-
0.00016810,0.00022890,-0.00012260,0.00005862,-0.00012433,-0.00026764,-0.00002227
,0.00036402,0.00011670,0.00132290,-0.00136867,-0.00017157,-0.00028151,0.00013294
,0.00023674,-0.00036942,0.00009140,-0.01519400,-0.13407922,0.15460131,-0.0001531
8,-0.00004426,-0.00000299,0.00004858,0.00001199,0.00018059,0.00024453,-0.0001053
1,0.00015732,0.00000481,-0.00001074,-0.00002131,-0.00000223,0.00000389,0.0000034
3,-0.00000621,-0.00000776,0.00000598,0.00000624,0.00000866,0.00000901,0.00103363
,0.00022909,0.00055001,-0.00002788,-0.00007007,-0.00016028,0.00006669,-0.0000191
8,0.00000204,-0.00085172,0.00020579,-0.00099350,0.00003426,0.00003706,-0.0000118
3,0.00003346,0.00001165,0.00000870,-0.00002110,-0.00001242,0.00000788,0.00002597
,0.00003790,-0.00003226,-0.00000581,-0.00000456,-0.00000425,-0.00001056,-0.00000
035,-0.00001096,0.00006651,-0.00007777,-0.00003984,-0.00001798,0.00001877,0.0000
6592,-0.00008656,0.00011001,-0.00001188,-0.00000471,-0.00001298,-0.00009824,-0.0
0000030,-0.00000985,-0.00001175,0.00004242,0.00000380,-0.00001093,-0.00001862,0.
00000830,0.00001052,0.00006834,-0.00001620,-0.00002609,0.00000554,0.00001549,-0.
00001575,0.00000363,0.00000482,0.00000038,-0.00031054,-0.00034493,-0.00002474,-0
.00000076,0.00002354,0.00002863,-0.00000710,-0.00000309,-0.00000929,0.00000229,0
.00001437,0.00000516,-0.00003527,-0.00001904,0.00001188,-0.00000876,-0.00000792,
-0.00000110,0.00000969,0.00000690,0.00000035,0.00000100,0.00000694,0.00000040,-0
.00007650,0.00014299,-0.00002651,-0.00002119,-0.00001225,0.00000298,0.00001243,0
.,0.00002645,-0.00002705,0.00004057,-0.00001281,0.00000906,-0.00005105,-0.000011
52,-0.00001478,-0.00001831,0.00002022,-0.00001230,0.00002938,-0.00000852,0.00000
078,-0.00000860,0.00000581,0.00000235,-0.00000643,0.00000519,0.00000425,0.000000
88,0.00001629,0.00002016,0.00000986,0.00002551,0.00000181,0.00000558,0.00001631,
0.00000192,-0.00000302,-0.00001515,-0.00003573,0.00002201,-0.00001951,-0.0000063
2,-0.00001852,0.00000470,-0.00001128,-0.00001256,-0.00001131,0.00000201,0.000027
41,-0.00003788,0.00003645,0.00000635,0.00000420,-0.00001588,-0.00002432,-0.00000
589,-0.00000040,-0.00013178,-0.00143822,0.00033719,0.00064065,0.00053872,-0.0032
8345,-0.00220663,-0.00210219,0.00024691,0.00016632,0.00043803,-0.21732011,-0.101
01618,-0.03920901,0.00031916,0.00016185,0.00030809,-0.00005451,0.00017153,0.0001
7230,0.00004855,-0.00000472,0.00002899,0.00001349,0.00011204,0.00026373,0.000612
51,0.00021656,-0.00008416,-0.00033049,-0.00007279,-0.00006673,-0.00445110,-0.003
84028,0.00024977,0.25044454,-0.00001912,0.00000991,-0.00002067,0.00003752,0.0000
0125,0.00014244,0.00010156,-0.00009824,-0.00000342,-0.00000059,-0.00000192,-0.00
001285,-0.00000174,0.00000331,0.00000158,0.00000131,-0.00000346,0.00000930,0.000
00648,0.00000633,0.00000894,0.00084802,-0.00033620,-0.00005718,-0.00002061,-0.00
003655,-0.00010036,0.00003168,0.00001001,0.00000250,0.00033473,0.00006440,0.0002
6031,0.00002458,0.00001587,0.00001242,0.00001195,0.00000738,0.00000916,-0.000011
23,-0.00000559,0.00001513,0.00002264,0.00000131,-0.00001486,-0.00000026,-0.00000
409,-0.00000518,-0.00000543,-0.00000047,-0.00000682,-0.00000457,-0.00001291,0.00
000028,-0.00000839,-0.00000443,0.00002866,-0.00009877,0.00008228,-0.00000378,-0.
00001198,0.00001123,-0.00002247,-0.00000070,-0.00000586,-0.00001041,0.00002013,-
0.00000134,-0.00000473,-0.00000998,-0.00000241,-0.00000276,0.00001839,-0.0000135
4,-0.00001042,-0.00000609,-0.00000118,-0.00001057,0.00000574,0.00000499,0.000001
36,-0.00018653,-0.00013522,-0.00002703,0.00000602,0.00004483,0.00005167,-0.00000
255,0.00000096,-0.00000208,-0.00000152,0.00001206,0.00000317,-0.00001293,-0.0000
0700,0.00000322,-0.00000419,-0.00000540,-0.00000082,0.00000562,0.00000208,0.0000
0159,-0.00000100,0.00000525,0.00000029,-0.00006133,0.00007869,-0.00002785,-0.000
00948,-0.00000493,-0.00000611,0.00001039,0.00000149,0.00001774,-0.00000269,0.000
02100,0.00000051,-0.00000706,0.00000185,0.00000172,0.00000084,-0.00000194,-0.000
00402,-0.00000561,0.00001558,-0.00000590,-0.00000003,-0.00000509,0.00000215,0.00
000026,-0.00000451,0.00000098,0.00001161,0.00001513,0.00001472,0.00000386,-0.000
00542,0.00001683,-0.00000561,-0.00000204,0.00001273,-0.00000370,0.00000282,-0.00
000880,-0.00001468,0.00003537,-0.00000795,-0.00000766,-0.00001313,0.00000171,-0.
00000442,-0.00000480,-0.00000639,0.00001557,0.00001578,-0.00002116,0.00001997,-0
.00000558,-0.00000149,-0.00000978,-0.00001322,-0.00000393,-0.00174062,-0.0013789
0,-0.00359047,-0.00054665,0.00035124,-0.00008187,-0.00919386,-0.00593126,-0.0034
8050,0.00018306,0.00020889,0.00082236,-0.09989653,-0.10053192,-0.02200350,0.0004
8823,-0.00101237,-0.00019525,0.00008832,0.00017917,0.00022756,0.00005893,0.00004
520,0.00000663,0.00000455,-0.00009910,0.00015648,0.00011276,0.00027344,0.0002922
5,0.00006823,-0.00002897,-0.00000781,-0.02430512,-0.01586614,-0.00270528,0.11763
991,0.11489475,-0.00002453,-0.00002616,0.00001345,0.00004476,0.00001136,0.000166
27,0.00009213,-0.00009025,-0.00002205,0.00000437,-0.00000651,-0.00000726,0.00000
200,0.00000083,0.00000223,0.00000330,-0.00000581,0.00001389,0.00000986,0.0000109
1,0.00000693,0.00095253,-0.00057167,-0.00041189,-0.00002058,-0.00002975,-0.00009
114,0.00001257,0.00000798,-0.00000484,0.00023581,0.00035451,0.00010193,0.0000102
3,0.00001321,-0.00000349,0.00000318,-0.00000152,0.00000967,-0.00000474,-0.000000
98,0.00000840,-0.00000286,-0.00000820,-0.00001386,-0.00000285,-0.00000471,-0.000
00220,-0.00000187,-0.00000117,-0.00000447,0.00000701,0.00000925,-0.00000125,0.00
001302,0.00001229,0.00001786,-0.00015181,0.00006545,-0.00003987,-0.00001544,0.00
000889,-0.00003450,-0.00000038,0.00000035,-0.00000600,0.00001437,0.00000534,-0.0
0000574,0.00000580,-0.00000461,-0.00000201,0.00001482,-0.00001429,-0.00000271,0.
00000129,0.00001389,-0.00001118,0.00000326,0.00000160,-0.00000019,-0.00025295,-0
.00021827,0.00012260,0.00002707,0.00010298,0.00007093,0.00000126,-0.00000177,-0.
00000184,0.00000025,0.00000856,0.00000269,-0.00001086,-0.00000630,0.00000545,-0.
00000152,-0.00000143,-0.00000112,0.00000281,0.00000224,-0.00000024,0.00000129,0.
00000153,-0.00000037,-0.00004146,0.00006902,-0.00002110,-0.00001026,-0.00000681,
-0.00000207,0.00000751,-0.00000048,0.00001371,-0.00000858,0.00001838,-0.00000118
,-0.00000481,-0.00001288,0.00000107,-0.00000396,-0.00001469,0.00000201,-0.000004
69,0.00001388,-0.00000224,0.00000013,-0.00000553,0.00000517,0.00000680,-0.000001
30,0.00000304,0.00000962,0.00000893,0.00001560,-0.00000626,-0.00002048,0.0000188
3,-0.00001432,-0.00000560,0.00001198,0.00000086,0.00001595,0.00000888,-0.0000123
5,0.00001345,-0.00004325,-0.00000625,-0.00001480,0.00000726,0.00000347,0.0000018
5,0.00000164,-0.00000299,-0.00000064,-0.00001985,0.00001558,0.00000459,-0.000006
29,-0.00000487,-0.00001283,0.00000413,-0.00375792,-0.00442522,-0.00718046,-0.000
54754,0.00047718,0.00047812,-0.02293347,-0.01366828,-0.00685460,-0.00032906,-0.0
0040197,0.00046691,-0.03858385,-0.02156337,-0.05045150,0.00014649,-0.00026039,0.
00035915,-0.00002395,0.00025626,0.00007842,-0.00007116,0.00007262,-0.00013541,0.
00007301,0.00000111,0.00034118,0.00032323,0.00035417,-0.00077476,-0.00009353,0.0
0003298,-0.00005071,0.01671165,0.01056086,0.00349643,0.04577474,0.02698104,0.058
81572,0.00003225,0.00003929,-0.00003484,-0.00004738,0.00004736,-0.00010424,-0.00
014577,0.00009184,-0.00011756,-0.00001421,0.00000914,0.00002142,-0.00000271,-0.0
0000594,-0.00000331,0.00000162,0.00000450,-0.00000833,-0.00000528,-0.00000526,0.
00000088,0.00118099,-0.00287103,-0.00125157,0.00002185,0.00005856,0.00011420,-0.
00001244,0.00003196,-0.00000887,-0.00290199,0.00100348,-0.00048802,0.00000480,-0
.00001073,0.00001759,0.00001224,-0.00001040,-0.00000005,0.00001661,0.00003426,-0
.00001012,0.00001390,-0.00003265,0.00002120,0.00000836,0.00000256,0.00000580,0.0
0000213,0.00000296,0.00000587,-0.00015203,0.00004269,0.00003096,-0.00001839,-0.0
0005564,-0.00003602,0.00006685,-0.00009882,0.00003447,-0.00001420,-0.00001715,0.
00007399,0.00002143,-0.00001894,0.00000695,-0.00003629,-0.00000686,0.00002365,-0
.00000065,0.00002636,-0.00002598,-0.00002348,0.00000625,0.00001312,-0.00000045,-
0.00001265,0.00000399,-0.00000109,-0.00000008,-0.00000199,0.00031925,0.00086140,
0.00017792,-0.00002243,0.00003436,0.00003438,0.00000058,0.00000332,0.00000692,-0
.00000519,-0.00000597,-0.00000386,0.00000989,0.00001146,0.00000125,0.00000446,0.
00000444,0.00000260,-0.00000547,-0.00000512,-0.00000013,-0.00000050,-0.00000505,
-0.00000033,0.00009919,-0.00014000,0.00003129,0.00001414,0.00002372,-0.00001448,
-0.00000380,-0.00000529,-0.00002045,0.00002316,-0.00002949,0.00001887,-0.0000273
1,0.00005821,-0.00000113,0.00003092,0.00001284,-0.00001909,0.00001050,-0.0000238
2,0.00000865,0.00000184,0.00000712,-0.00000444,-0.00000508,0.00000391,-0.0000019
2,0.00001460,0.00001397,0.00002284,0.00000468,-0.00000599,0.00000378,0.00000110,
0.00000411,0.00001099,-0.00001159,-0.00000038,0.00000146,-0.00000397,0.00001399,
0.00000402,-0.00000285,0.00001360,-0.00000996,0.00000558,0.00001093,0.00000287,0
.00000789,-0.00000479,-0.00000204,-0.00001760,-0.00001827,0.00000135,0.00000688,
0.00001844,-0.00000362,-0.00086291,0.00053473,-0.00014885,0.00047638,0.00058877,
0.00037285,-0.00153750,0.00322903,0.00362669,-0.00005890,-0.00030671,-0.00032891
,-0.19269022,0.11617686,0.02569780,0.00022729,-0.00012091,0.00035375,-0.00009499
,0.00001086,0.00018548,0.00018140,0.00002639,-0.00009390,0.00004412,-0.00007364,
-0.00033690,-0.00032223,0.00001901,0.00008284,0.00058488,-0.00014150,0.00015756,
0.00122867,0.00044965,-0.00091118,-0.02658078,0.01604015,0.00241555,0.22094923,0
.00021649,0.00003898,-0.00001510,0.00002583,-0.00009053,-0.00008323,-0.00026297,
0.00003093,-0.00019919,0.00000860,0.00000921,-0.00001101,0.00001282,-0.00000370,
0.00000555,0.00000539,0.00000758,0.00002028,0.00000515,-0.00000626,-0.00000547,-
0.00075105,-0.00149650,-0.00177202,0.00000663,0.00007679,0.00012698,-0.00004922,
0.00004932,-0.00001863,0.00065756,0.00059338,0.00153981,-0.00005147,-0.00000665,
0.00002279,-0.00001959,-0.00001993,0.00000986,0.00003438,-0.00000900,0.00001568,
-0.00003933,-0.00008009,0.00002696,0.00001013,0.00000122,-0.00000448,0.00002251,
-0.00000512,-0.00000187,-0.00009262,0.00018045,0.00003485,0.00005266,-0.00003285
,-0.00003058,0.00003957,-0.00007610,0.00001342,-0.00005050,0.00009634,0.00011432
,0.00000432,0.00001542,-0.00000820,-0.00002027,-0.00001967,0.00001466,0.00002519
,-0.00000577,-0.00001710,-0.00005590,-0.00000485,0.00001833,-0.00003592,0.000002
26,0.00002488,-0.00000149,0.00000305,-0.00000029,0.00023137,0.00017717,0.0000196
3,0.00000360,0.00000520,0.00001928,0.00001005,-0.00000828,0.00000746,0.00000658,
-0.00001419,0.00000068,0.00002542,0.00001482,-0.00000714,0.00001061,0.00000324,-
0.00000210,-0.00000329,-0.00000579,-0.00000292,0.00000030,-0.00000122,-0.0000013
3,-0.00000365,-0.00007166,-0.00002207,0.00000023,-0.00001953,-0.00000785,-0.0000
1074,0.00000097,-0.00001150,0.00003059,-0.00003819,0.00001481,0.00003578,0.00005
589,0.00001658,0.00000146,0.00001491,-0.00000448,0.00001100,-0.00001985,0.000007
03,-0.00000371,0.00000350,0.00000551,-0.00000072,-0.00000069,-0.00000295,0.00000
973,-0.00000379,-0.00002834,-0.00000963,-0.00000214,-0.00000516,-0.00002546,0.00
000804,-0.00001172,-0.00000101,0.00001873,0.00002603,0.00004473,-0.00002641,-0.0
0000865,0.00000233,0.00001028,0.00000188,0.00000413,0.00002455,0.00000848,0.0000
1139,-0.00004567,0.00003018,-0.00003530,0.00000839,-0.00001153,0.00002059,0.0000
2230,0.00001447,0.00017780,0.00033675,0.00087475,0.00058913,-0.00044940,-0.00237
297,0.00929997,-0.00815017,-0.00530933,-0.00032322,0.00047307,0.00098879,0.11595
852,-0.13535683,-0.01848558,-0.00033444,0.00009102,-0.00031336,0.00026455,-0.000
05383,-0.00004180,0.00020189,-0.00034979,-0.00029507,-0.00001986,-0.00013134,0.0
0023129,-0.00008893,-0.00003096,-0.00001949,-0.00007551,0.00031927,0.00034078,0.
02178522,-0.01975440,-0.00023805,-0.01195898,0.00916128,0.00189522,-0.13553943,0
.15453684,0.00023618,0.00014703,0.00002332,0.00000891,-0.00015807,-0.00009706,-0
.00044146,-0.00012220,-0.00018224,-0.00000234,0.00000746,0.00001638,0.00000257,-
0.00000469,0.00000140,0.00000748,0.00000771,0.00000788,0.00000174,-0.00001168,-0
.00000264,0.00007154,-0.00402747,-0.00137092,0.00001281,0.00013075,0.00015217,-0
.00002856,0.00001738,0.00002420,-0.00057414,0.00221275,0.00042174,-0.00001732,-0
.00002157,0.00004777,0.00001376,0.00000693,-0.00000672,0.00001469,0.00000833,-0.
00000702,0.00000308,0.00000227,0.00002421,0.00001043,0.00001198,-0.00000391,0.00
000998,0.00000140,0.00000133,-0.00003483,0.00001653,0.00011699,-0.00007488,-0.00
007528,-0.00007806,0.00005673,-0.00011652,0.00008884,-0.00002188,0.00016867,0.00
010797,0.00002334,-0.00000350,-0.00000910,-0.00002941,-0.00000459,0.00001573,0.0
0002092,-0.00000357,-0.00003790,-0.00008217,-0.00002031,0.00001994,-0.00003215,-
0.00002368,-0.00000553,0.00000207,0.00000676,-0.00000136,0.00063632,0.00112538,-
0.00002761,0.00001139,0.00000623,0.00003680,0.00001668,0.00000559,-0.00000267,-0
.00000144,-0.00001202,-0.00000033,0.00002795,0.00001759,-0.00000710,0.00001239,0
.00000548,-0.00000286,-0.00000326,-0.00000609,-0.00000546,-0.00000058,-0.0000062
3,-0.00000171,0.00006549,-0.00008111,-0.00000439,0.00000273,0.00000801,-0.000010
32,-0.00000142,0.00000725,-0.00002100,0.00003150,-0.00001988,0.00001401,-0.00007
479,0.00004961,0.00007276,-0.00001170,0.00000969,-0.00008362,0.00000470,-0.00001
706,0.00000754,-0.00000375,-0.00000068,-0.00001018,0.00001285,0.00000629,0.00000
153,0.00001735,0.00000630,0.00000117,0.00000267,0.00000658,0.00000119,-0.0000098
2,0.00002197,0.00000628,0.00000177,0.00001382,0.00001778,0.00000374,-0.00001771,
-0.00002432,-0.00000152,0.00001916,-0.00000279,0.00001290,0.00002291,-0.00000194
,-0.00000113,-0.00000892,0.00001087,-0.00001656,-0.00001979,0.00001100,0.0000131
9,0.00001957,-0.00000308,-0.00072936,0.00166725,0.00146071,0.00071231,-0.0024855
7,-0.00503203,0.02294821,-0.01842308,-0.00710834,0.00027083,-0.00081955,0.000867
75,0.02471324,-0.01807649,-0.04626854,-0.00025377,0.00016777,-0.00024492,0.00069
432,-0.00057537,-0.00033498,0.00063987,-0.00069772,-0.00024580,-0.00010139,0.000
04944,0.00030184,-0.00002276,0.00002109,-0.00004730,-0.00005248,0.00050558,-0.00
098721,-0.01470617,0.01310528,0.00204119,-0.00441386,0.00336731,0.00154007,-0.02
960374,0.02287932,0.05481864\\0.00002203,-0.00000689,0.00000679,0.00000710,-0.00
000754,-0.00001324,-0.00000431,-0.00001433,-0.00001596,0.00000332,-0.00000944,0.
00000528,-0.00000433,0.00000144,-0.00000322,-0.00000014,-0.00000079,0.00000027,-
0.00000366,0.00000511,0.00000328,0.00000724,0.00000106,-0.00001308,-0.00000061,0
.00000695,0.00000740,0.00000998,0.00000434,-0.00000272,-0.00000716,-0.00001132,0
.00001242,0.00000717,-0.00000145,-0.00000151,-0.00000795,-0.00000065,-0.00000049
,-0.00000567,0.00000632,-0.00000511,0.00000097,0.00000517,0.00000405,0.00000543,
-0.00000447,0.00000197,-0.00000251,-0.00000172,-0.00000004,-0.00000498,0.0000151
3,-0.00000101,-0.00000118,0.00000191,0.00000534,0.00000423,0.00001299,-0.0000083
1,-0.00000638,0.00000508,0.00000504,-0.00000243,0.00000170,-0.00000660,-0.000005
52,0.00000349,-0.00000559,0.00001124,-0.00000280,0.00000529,-0.00000332,0.000000
22,0.00000757,-0.00000261,-0.00000132,-0.00000483,-0.00000437,-0.00000104,-0.000
00091,-0.00000659,-0.00001159,0.00001332,-0.00000061,-0.00000151,0.00000429,-0.0
0000135,0.00000034,-0.00000118,-0.00000098,0.00000095,0.00000063,-0.00000106,-0.
00001177,0.00000615,0.00000472,0.00000212,0.00000444,-0.00000188,0.00000472,-0.0
0000253,-0.00000565,0.00000283,-0.00000384,-0.00000578,0.00000568,-0.00000124,0.
00000072,0.00000348,0.00000380,0.00000027,0.00000151,-0.00000028,0.00000323,-0.0
0000521,-0.00000723,-0.00000703,0.00000634,-0.00000231,0.00000369,-0.00000436,0.
00000532,-0.00000183,0.00000168,0.00000049,-0.00000122,0.00000283,0.00000211,0.0
0000219,-0.00000154,-0.00000162,0.00000440,-0.00000002,0.00001594,-0.00000163,-0
.00000086,-0.00000246,-0.00001074,0.00000354,-0.00000469,-0.00000104,-0.00000663
,-0.00000254,0.00000455,0.00000301,-0.00000361,-0.00000097,0.00000547,0.00000552
,0.00000101,-0.00000140,-0.00000906,0.00000115,-0.00000011,0.00000324,0.00000550
,-0.00000480,-0.00000199,0.00000046,0.00000023,-0.00000086,0.00000245,-0.0000013
9,0.00000079,-0.00000140,-0.00000055,-0.00000401,-0.00000230,-0.00000177,0.00000
124,-0.00000119,0.00000326,-0.00000403,0.00000541,0.00000262,-0.00000326,-0.0000
0008,-0.00000136,0.,0.00000098,0.00000306,-0.00000022,0.00000030,0.00000037,0.00
000253,0.00000366,-0.00000040,0.00000178,-0.00000344,0.00000155,0.00000262,-0.00
000135,-0.00000256,-0.00000234,-0.00000372,-0.00000092,0.00000035,0.00000112,-0.
00000351,0.00000167,0.00000443,-0.00000045,0.00000096\\\@
