1\1\GINC-ECHO\Freq\External='./xtb.sh'\ZDO\C36H45Fe1N2O5P1Pd1\ECHO\15-Oct-2024\0
\\#p freq external='./xtb.sh'\\Generate automatically by rxnb\\0,1\Fe,0.56153,-0
.47952,-0.14992\C,-4.05738,0.25561,1.62969\Pd,-2.02267,-0.95188,0.09419\C,-0.027
58,-3.09207,0.26215\H,2.2605,-1.67974,1.45609\H,-0.1848,-1.14888,2.43893\H,-0.90
708,1.23009,1.59542\C,-2.29221,1.79082,-0.65539\O,-4.79186,0.71584,2.48589\C,0.2
0656,-2.20754,-0.89087\O,-1.04945,1.73467,-0.83259\C,0.02525,-0.29131,-2.01773\C
,1.37479,-0.58111,-1.90626\C,1.50113,-1.77579,-1.18221\H,-0.31096,0.64493,-2.392
82\H,2.1238,0.0778,-2.25747\H,2.38342,-2.23486,-0.8137\H,-0.76751,0.1493,-0.2668
4\C,-0.76475,-1.30814,-1.40751\C,-4.28124,0.60701,0.12292\O,-3.05801,-0.50616,1.
8502\C,0.00296,0.73243,1.33918\C,0.40322,-0.53453,1.8008\C,1.70305,-0.7804,1.349
43\C,2.10348,0.33877,0.59972\C,1.04302,1.24819,0.5572\H,0.98405,2.0326,-0.15876\
N,-2.95598,0.69389,-0.44063\H,-4.81957,1.55772,0.0425\H,0.67321,-2.73436,1.01173
\H,0.16452,-4.15546,0.05385\P,3.49668,0.71825,-0.40925\O,3.22442,1.69391,-1.4726
1\C,4.28782,-0.83178,-0.9268\C,4.5824,-1.05079,-2.26225\C,5.23356,-2.20975,-2.64
754\C,5.59602,-3.14698,-1.6945\C,5.32533,-2.91842,-0.35335\C,4.68046,-1.75794,0.
03107\C,4.70285,1.33875,0.816\C,4.39405,1.46316,2.16179\C,5.33985,1.95876,3.0430
3\C,6.59228,2.32934,2.58246\C,6.90137,2.21096,1.23638\C,5.95666,1.71663,0.35615\
H,4.29794,-0.30449,-2.98837\H,5.46032,-2.38287,-3.68853\H,6.10101,-4.05333,-1.99
3\H,5.62517,-3.64364,0.38881\H,4.48385,-1.55439,1.07326\H,3.41289,1.17881,2.5126
1\H,5.09925,2.0587,4.09132\H,7.32794,2.71559,3.27236\H,7.87661,2.50516,0.87765\H
,6.1741,1.62428,-0.69916\N,-1.39758,-2.88673,0.72835\C,-1.56865,-3.28555,2.1221\
C,-2.32758,-3.67271,-0.08551\H,-1.6583,-4.37518,2.21681\H,-0.71461,-2.97479,2.71
998\H,-2.46598,-2.81764,2.52729\H,-2.15711,-4.75113,0.05796\H,-3.35483,-3.44595,
0.2119\H,-2.18817,-3.43921,-1.14173\C,-5.05314,-0.51174,-0.60835\C,-5.3937,-0.04
283,-2.02223\C,-6.30245,-0.95716,0.16531\C,-6.03508,-2.18123,1.0363\H,-6.10201,0
.78267,-1.98635\H,-5.83326,-0.85292,-2.60203\H,-4.49028,0.29652,-2.52688\H,-4.35
518,-1.37638,-0.70261\H,-7.10253,-1.19309,-0.54109\H,-6.64495,-0.13791,0.79979\H
,-6.91691,-2.43422,1.62088\H,-5.77783,-3.0435,0.41871\H,-5.22242,-1.98138,1.7315
6\O,-2.99096,2.9385,-0.694\C,-3.40354,5.23976,-0.82587\C,-2.2908,4.19051,-0.8335
2\C,-1.3525,4.3977,0.3573\C,-1.51731,4.23802,-2.15241\H,-4.07947,5.07003,-1.6597
3\H,-3.97206,5.1678,0.09745\H,-2.97834,6.23571,-0.90761\H,-1.91117,4.30743,1.286
61\H,-0.90644,5.38682,0.30696\H,-0.56544,3.6487,0.34303\H,-2.18909,4.0353,-2.983
61\H,-1.07868,5.22319,-2.28287\H,-0.72821,3.49019,-2.14524\\Version=ES64L-G16Rev
C.01\HF=-136.6820269\RMSD=0.000e+00\RMSF=2.629e-06\ZeroPoint=0.7317629\Thermal=0
.7784529\ETot=-135.9035741\HTot=-135.9026299\GTot=-136.0314317\Dipole=0.,0.,0.\P
G=C01 [X(C36H45Fe1N2O5P1Pd1)]\NImag=1\\0.57884607,0.02426338,0.55077806,0.109200
51,0.18704599,0.74894308,0.00129699,0.00043300,-0.00116898,0.61870952,-0.0010657
1,-0.00038667,0.00108348,-0.28504225,0.40330278,-0.00226498,0.00151118,0.0004597
3,-0.18783073,0.09792014,0.57102436,-0.10636633,-0.00206475,0.00703885,-0.006501
26,0.00479383,0.00135892,0.25354787,-0.02503167,0.00032369,-0.00275919,0.0069098
8,-0.00457153,-0.00678651,-0.06505028,0.19950246,0.01859002,-0.00558150,-0.01156
757,0.00895140,-0.00806582,0.01317024,-0.06744124,-0.00310697,0.20442859,-0.0054
7742,0.00852350,0.00000784,-0.00085944,0.00071303,0.00028513,-0.00154551,0.00276
844,0.00082117,0.47720331,0.00246844,-0.00156001,0.00728618,0.00066373,-0.000483
53,-0.00000611,0.00642823,-0.00277783,-0.00135673,0.02827708,0.50388952,-0.00086
050,-0.00676471,-0.00662323,0.00003122,-0.00000976,-0.00029553,-0.00009192,-0.00
030061,0.00102381,0.03568416,-0.00442282,0.50674599,-0.00124966,0.00145021,0.002
79149,0.00004630,0.00006108,-0.00000961,-0.00021495,0.00064701,-0.00030563,-0.00
055415,0.00024497,-0.00094630,0.13578030,-0.00163520,-0.00028675,-0.00213207,-0.
00008262,0.00001732,0.00010115,0.00010251,-0.00018724,0.00015525,-0.00118266,-0.
00076477,-0.00066093,-0.14791614,0.27889992,-0.00066442,0.00311528,-0.00173825,-
0.00002626,-0.00001930,0.00008843,0.00102961,0.00021219,-0.00000675,-0.00006595,
0.00083291,-0.00037126,0.00980250,-0.03343930,0.02990766,-0.00110117,0.00324312,
-0.00293615,-0.00086211,0.00062761,-0.00031087,-0.00002935,-0.00013573,-0.001379
99,0.00047215,-0.00029149,0.00031781,-0.00021639,-0.00004063,-0.00035901,0.14059
597,0.00192667,0.00047586,-0.00211638,0.00060530,-0.00010216,0.00026657,0.000453
21,0.00138851,0.00088156,0.00009806,-0.00072685,-0.00062361,0.00003698,0.0001979
2,-0.00036779,0.10593163,0.15690634,0.00170492,0.00388750,0.00331415,-0.00057390
,0.00028187,0.00016122,-0.00426525,0.00111612,-0.00422750,0.00029140,0.00015308,
-0.00072684,-0.00025553,-0.00036687,-0.00083707,-0.11667152,-0.12357010,0.144986
32,0.00129047,-0.00183095,-0.00215245,-0.00108618,-0.00030305,-0.00016607,0.0007
1078,-0.00026941,0.00029541,-0.00020004,-0.00035157,0.00001639,0.00012273,0.0000
5397,0.00059329,0.00014828,-0.00011584,-0.00047342,0.27137742,-0.00076595,0.0007
2972,0.00395882,-0.00196305,0.00092997,-0.00006523,-0.00137152,-0.00361967,-0.00
331582,0.00023521,0.00012898,-0.00015680,0.00086308,0.00000217,-0.00031135,-0.00
006969,-0.00022087,-0.00013116,-0.12975676,0.10907063,-0.00020084,0.00274735,0.0
0392277,0.00007616,-0.00005400,0.00109515,-0.00090918,-0.00325470,-0.00075406,0.
00004920,0.00026143,0.00009582,-0.00058013,0.00042714,0.00054852,-0.00037422,-0.
00057973,-0.00068021,-0.06739060,0.02908239,0.04928788,0.00254259,-0.00671539,0.
00316587,0.00848153,-0.00562446,0.00853268,0.00358054,-0.00527097,0.00111409,0.0
0139553,0.00029354,-0.00023276,-0.00001651,-0.00066804,-0.00048247,0.00029406,-0
.00015858,0.00019554,0.00091490,0.00078678,-0.00322918,0.76785510,-0.00886770,0.
00150715,0.00252830,0.00131178,0.00428895,0.00864099,-0.00233927,-0.01139851,0.0
0312826,0.00111200,-0.00037384,-0.00014884,-0.00007309,-0.00014695,-0.00007211,-
0.00004845,-0.00020692,0.00028009,0.00044693,0.00191971,0.00060499,0.08105647,0.
63496168,0.00206860,0.00025030,-0.00153429,0.00460673,0.00115852,-0.00143043,0.0
0109839,0.00124763,-0.00230627,-0.00035650,0.00012501,-0.00008084,0.00014628,0.0
0012144,0.00007119,-0.00009409,0.00020680,-0.00014756,-0.00151174,0.00042288,-0.
00176373,-0.10291309,-0.06804313,0.18573917,-0.00055215,-0.00002776,0.00041176,-
0.26754655,0.12759979,0.24257158,-0.00027443,0.00198581,-0.00389854,0.00040428,-
0.00023856,-0.00011668,0.00000835,0.00006570,0.00003647,0.00036774,-0.00021910,0
.00028192,0.00014737,0.00058162,-0.00001188,-0.00044641,0.00349590,-0.00060199,0
.31487886,0.00105117,0.00001271,-0.00061405,0.12741223,-0.14305532,-0.15092431,0
.00156289,0.00057438,0.00247640,-0.00026495,0.00017205,0.00004994,-0.00003526,0.
00000969,-0.00002924,-0.00021579,0.00003100,-0.00019113,0.00024534,-0.00041759,-
0.00013972,0.00067985,-0.00465420,-0.00068854,-0.18612288,0.14615819,0.00169432,
-0.00051317,-0.00018625,0.24196449,-0.14958821,-0.36370874,0.00089708,0.00046789
,-0.00358858,-0.00026359,0.00023085,0.00008644,-0.00002764,-0.00002695,-0.000045
21,-0.00007331,-0.00003545,-0.00021996,0.00008536,-0.00026800,-0.00052767,-0.004
57037,-0.00816219,-0.00086391,-0.29438151,0.17906317,0.41795509,-0.00960840,-0.0
2613160,-0.01047910,0.00001006,0.00011770,-0.00032795,-0.00994409,0.01066697,-0.
00144130,-0.06187668,-0.01435648,0.01816215,-0.00001112,0.00010148,0.00030530,-0
.00077537,-0.00053840,-0.00056767,-0.00010521,0.00006937,0.00005721,0.00097166,0
.00145732,-0.00017247,0.00020367,-0.00037897,-0.00035952,0.57857305,-0.03154721,
-0.12687057,-0.04915275,0.00008822,0.00007049,0.00013323,0.00478392,-0.00334195,
-0.00489246,-0.01475781,-0.12320893,0.10676451,0.00051375,-0.00022303,0.00006704
,-0.00022702,0.00006246,0.00035986,0.00012090,0.00034997,0.00054754,0.00050537,-
0.00057050,0.00001317,-0.00009525,-0.00005541,0.00000671,0.03920910,0.53432574,-
0.01427189,-0.03900081,-0.04221492,-0.00094337,0.00078617,0.00008252,0.00481150,
-0.00689925,0.00092941,0.01919091,0.09636805,-0.17258774,-0.00010083,0.00036751,
0.00012641,0.00007851,-0.00006010,0.00000558,0.00006621,0.00029090,0.00026201,0.
00188662,0.00145207,-0.00046771,0.00025363,-0.00033248,-0.00030833,-0.04425714,-
0.23279511,0.39150647,0.00236242,-0.00201225,-0.00252221,-0.01068710,0.00561174,
-0.01206734,-0.00366346,0.00566840,-0.00077259,-0.00124041,-0.00091182,0.0002707
8,0.00045363,0.00054737,0.00084979,-0.00034888,0.00014315,0.00036221,-0.00062288
,-0.00012233,0.00123746,-0.45570083,0.00518835,0.06256473,-0.00013060,0.00033015
,0.00699897,-0.00168018,-0.00113042,-0.00191706,0.62059077,0.00454052,-0.0091699
5,-0.00056131,0.00364893,-0.00342887,0.00161379,-0.00280249,-0.01335964,0.003743
66,0.00060093,0.00101449,-0.00032572,-0.00037513,0.00020258,-0.00057330,0.000221
10,0.00008895,-0.00042665,0.00023659,-0.00114877,0.00065130,-0.02140972,-0.07747
331,0.00394469,-0.00090250,0.00130353,-0.00007940,-0.00034710,0.00158009,0.00063
281,0.01052021,0.12796380,-0.00530087,0.00114092,-0.00751715,-0.00221088,-0.0001
5878,0.00069959,0.00067779,0.00266084,-0.00282235,0.00011291,-0.00021741,0.00021
571,0.00001233,0.00013874,0.00033342,0.00001739,-0.00000488,0.00031869,-0.001463
79,0.00152123,-0.00152407,0.06908251,0.00086561,-0.06841345,0.00027419,0.0000877
6,0.00039216,0.00000785,-0.00069497,0.00046526,-0.08491924,-0.00728546,0.0792443
9,-0.01375303,0.00766373,-0.04575008,0.00034644,-0.00018342,0.00028911,-0.000139
95,-0.00793452,0.00437280,-0.00182473,0.00092314,0.00076554,0.00005674,-0.000271
43,0.00046691,0.00014240,0.00011444,0.00069057,-0.00042409,-0.00042286,-0.000130
30,-0.00142714,0.00026970,-0.00014353,-0.00026940,-0.00015332,-0.00030767,0.0141
3373,0.00203177,0.00413289,-0.00076796,0.00382874,0.00692704,0.59590937,0.008542
03,-0.03195852,0.00717193,-0.00044446,0.00045523,0.00014393,-0.00077946,0.002086
95,-0.00031579,0.00523842,-0.00000890,0.00491472,-0.00059952,-0.00033483,-0.0006
6100,0.00020471,-0.00018537,0.00000845,-0.00003471,0.00000720,0.00001666,-0.0028
9183,0.00004065,-0.00038154,0.00021546,-0.00032043,-0.00044136,0.01230767,-0.035
77916,0.03245373,0.00854899,-0.01040142,-0.00694901,-0.10432513,0.60649691,-0.02
968488,0.01493322,-0.11994318,-0.00017272,0.00033595,0.00038325,0.00253683,0.002
09194,-0.00256099,-0.00151520,-0.00000214,0.00036363,0.00037435,-0.00000201,0.00
059602,0.00001010,0.00004644,0.00075092,-0.00001081,0.00027221,0.00104767,-0.005
13435,-0.00071655,0.00017584,0.00024326,-0.00017108,-0.00035039,0.00116431,0.014
99452,-0.01187205,0.00783296,-0.00885541,-0.00682315,0.03840194,-0.25273106,0.31
038583,-0.03069001,-0.00607017,0.05087154,0.00126989,-0.00101035,0.00060137,0.00
087838,-0.00055198,0.00075659,-0.00421198,0.00054560,-0.00067701,-0.00011515,0.0
0010477,-0.00064163,-0.00011810,0.00005581,-0.00040793,0.00034247,-0.00003081,-0
.00005551,-0.00113510,-0.00042277,0.00062699,-0.00062061,0.00038354,-0.00002882,
0.00166022,-0.02122435,0.01351332,0.00157624,-0.00096942,-0.00059312,-0.34924986
,0.07391086,-0.04859432,0.70967567,-0.00626705,-0.01959604,-0.01301498,0.0003805
2,-0.00030086,0.00010657,-0.00012408,-0.00202977,0.00038317,-0.00234153,0.002253
72,0.00282406,-0.00023729,-0.00024673,0.00042310,-0.00017465,-0.00045806,-0.0006
8489,-0.00028764,-0.00027441,-0.00014775,-0.00042196,-0.00010965,-0.00012782,-0.
00018612,0.00023273,0.00004336,-0.03980549,-0.02189215,0.02911176,0.00052094,-0.
00053316,-0.00116169,0.04914163,-0.07483655,0.02985433,0.09873060,0.53479659,0.0
4528997,-0.01145568,-0.10895270,0.00003626,-0.00008700,0.00020026,-0.00029051,0.
00002112,0.00033297,0.00035179,-0.00050934,-0.00008320,0.00070272,0.00027254,0.0
0066876,-0.00090609,-0.00015636,-0.00022145,-0.00025900,0.00002423,0.00027386,-0
.00045725,-0.00057126,0.00011799,-0.00011819,0.00008891,-0.00005151,0.01196130,0
.01306422,-0.00950927,-0.00017395,0.00140927,-0.00162696,0.00307665,0.01970842,-
0.04416452,-0.10970267,-0.24695666,0.32473665,-0.04541123,0.04971093,0.03746009,
0.00076807,-0.00048771,0.00021794,-0.00147380,0.00410677,-0.00116101,-0.00768137
,-0.00532448,0.00340682,-0.00029346,-0.00000296,-0.00187318,0.00010666,-0.000043
23,-0.00026465,0.00010182,-0.00025883,-0.00010800,0.00061793,0.00013570,-0.00020
570,-0.00032205,0.00019533,-0.00001700,-0.30143803,-0.10045255,0.05529641,0.0001
5367,0.00025801,0.00073326,-0.01037511,0.02734804,-0.01535320,-0.07108350,0.0322
9347,-0.02107825,0.74057388,0.04884880,-0.07389342,-0.05745468,0.00018425,-0.000
17087,0.00035538,0.00074545,-0.00007755,0.00108150,-0.02187638,-0.00649251,0.008
37060,0.00064585,0.00002511,0.00074019,0.00000123,0.00037313,0.00095234,-0.00028
304,-0.00001003,0.00026322,-0.00071807,0.00001315,0.00008588,-0.00013176,0.00002
715,-0.00014675,-0.05076401,-0.07968376,0.03456981,0.00054791,-0.00034376,0.0002
4155,0.03227080,-0.02164248,0.00053566,0.00492309,-0.25108520,0.15286662,-0.1262
2693,0.52278557,0.02963234,-0.04848801,-0.06188172,0.00003944,0.00000820,0.00008
513,-0.00042256,0.00171644,-0.00155430,0.01764092,0.00440287,-0.00830353,0.00027
656,-0.00091444,-0.00120033,-0.00013065,0.00007690,0.00055996,-0.00054479,-0.000
18457,-0.00072231,-0.00018826,0.00014780,0.00006072,-0.00001297,0.00008308,-0.00
002327,0.05146148,0.04027851,-0.05211092,0.00003505,-0.00019410,0.00209480,-0.03
508516,0.01891656,0.00329184,-0.00002554,0.12337198,-0.10747134,0.02747063,-0.20
322657,0.29206656,-0.00385763,0.00017353,0.00314644,0.00026844,-0.00019698,0.000
30461,0.00044081,-0.00104565,0.00081988,0.00073795,-0.00075186,0.00065682,0.0000
5331,-0.00019331,0.00038105,-0.00009549,-0.00015569,-0.00001453,-0.00011781,0.00
004745,0.00020439,-0.00211966,0.00078832,0.00178412,-0.00000359,0.00005344,-0.00
016251,-0.00138903,-0.00275385,0.00271620,-0.00074599,0.00379923,0.00175875,-0.0
6643632,0.08429461,-0.03548664,-0.01047109,0.02329085,-0.01124857,-0.00493650,0.
00151036,-0.00193488,0.08102941,-0.00095625,-0.00148449,-0.00157612,-0.00038548,
0.00026968,-0.00021157,-0.00144199,0.00024219,0.00209476,0.00087919,-0.00040249,
0.00082648,-0.00012892,-0.00019998,-0.00014352,-0.00005240,-0.00017801,-0.000071
55,-0.00010015,0.00006206,-0.00007261,0.00302283,0.00126525,-0.00120141,0.000107
03,-0.00009757,0.00006374,-0.00019019,-0.00351087,0.00391848,0.00160616,-0.00493
637,-0.00386553,0.08653002,-0.27245080,0.10424365,0.00256228,-0.00442436,0.00182
965,0.00113156,-0.00100051,0.00183680,-0.09744531,0.29906581,0.00013796,0.005368
15,0.00125076,-0.00028659,0.00021156,-0.00040916,0.00028803,0.00102892,-0.000973
25,-0.00044659,-0.00051509,0.00063535,0.00012228,-0.00022553,0.00025999,-0.00005
591,-0.00026895,0.00028440,-0.00024976,0.00014957,-0.00000045,0.00442351,-0.0010
3033,-0.00103375,0.00000886,-0.00005165,0.00025833,0.00060975,0.00066467,0.00024
937,0.00150612,-0.00428649,-0.00331627,-0.03632259,0.10490789,-0.06303325,-0.000
88025,-0.00139819,-0.00008558,0.00097939,0.00025917,0.00249989,0.03272124,-0.110
43091,0.07080386,0.00003999,-0.00004581,-0.00408471,0.00006074,-0.00004728,0.000
11147,0.00018966,-0.00024950,0.00004421,0.00049475,0.00046373,-0.00017770,-0.000
06288,0.00008499,-0.00034850,-0.00003810,0.00007692,-0.00012119,0.00004939,-0.00
006195,-0.00020212,-0.00070479,-0.00006259,0.00019025,0.00001085,0.00000661,-0.0
0005417,-0.00103766,0.00116960,-0.00078538,0.00092694,-0.00048856,-0.00016508,-0
.02002034,-0.01477584,0.00843792,-0.19400424,-0.14190430,0.07810590,0.00515378,0
.00304826,-0.00109939,-0.00065816,0.00004896,-0.00010251,0.22256117,0.00318927,-
0.00061331,-0.00019519,-0.00027720,0.00016927,0.00001058,-0.00047053,-0.00005644
,0.00025636,-0.00105500,-0.00001725,0.00044458,-0.00008052,-0.00014990,0.0000989
9,-0.00003523,-0.00020383,-0.00003132,-0.00010497,0.00005625,0.00005777,0.000044
10,0.00054299,-0.00013553,0.00011341,-0.00007829,-0.00005846,-0.00083616,-0.0032
3633,0.00430688,-0.00016087,-0.00041591,0.00014316,0.00408065,0.00407695,-0.0020
4906,-0.14377353,-0.15610087,0.07341459,-0.01529304,-0.01080112,0.00471798,0.000
72988,0.00070620,-0.00049049,0.15652256,0.16942284,0.00235936,0.00494407,0.00079
492,0.00007811,-0.00007742,0.00008477,-0.00056376,-0.00063031,-0.00019488,0.0001
3959,-0.00020945,0.00038253,0.00028202,-0.00000745,0.00018284,-0.00022716,-0.000
09214,0.00021621,-0.00026669,-0.00000848,0.00007912,0.00010219,-0.00006993,0.000
04128,-0.00004492,0.00005459,0.00001540,-0.00034228,0.00171684,0.00047602,-0.000
51107,0.00046262,-0.00009306,-0.00362191,-0.00466865,0.00244087,0.08053583,0.075
09633,-0.06084152,0.00616150,0.00381174,-0.00456808,-0.00010122,-0.00055812,-0.0
0089291,-0.07658549,-0.07752306,0.06446957,-0.00016959,-0.00386768,-0.00264560,0
.00011754,-0.00008687,-0.00003990,-0.00053448,0.00107195,-0.00046702,0.00024810,
0.00056863,-0.00067972,0.00068036,0.00003023,0.00029092,0.00001580,0.00000666,-0
.00026660,0.00007192,-0.00015598,-0.00000476,-0.00016421,-0.00013083,-0.00000673
,-0.00000161,0.00000505,0.00003413,-0.02047736,0.01020297,-0.00725999,0.00053970
,-0.00034648,0.00015202,-0.00113305,-0.00042327,0.00047582,0.00097534,0.00087024
,0.00004648,-0.25003780,0.11449218,-0.09053438,0.00021641,-0.00010405,0.00037425
,0.00015266,0.00038936,0.00022671,0.28255096,0.00190358,-0.00141548,0.00267180,0
.00004615,-0.00004387,0.00007450,-0.00114209,0.00032261,0.00006360,-0.00053822,-
0.00080152,-0.00036026,0.00030361,0.00063081,-0.00088625,-0.00025349,0.00001850,
0.00018259,-0.00028341,0.00002297,0.00008267,-0.00014486,0.00001266,0.00010189,-
0.00000227,0.00003520,-0.00002794,-0.00936011,0.00603415,-0.00484654,-0.00030978
,0.00044714,-0.00036750,0.00116070,-0.00310019,0.00245794,0.01667321,-0.00811075
,0.00392560,0.11510833,-0.08924536,0.05416771,0.00073899,0.00002480,-0.00012249,
0.00033655,-0.00029366,-0.00016746,-0.11871093,0.09824897,0.00405296,-0.00066434
,-0.00016769,0.00001583,-0.00003437,-0.00000661,-0.00078264,-0.00002775,-0.00043
088,0.00047793,-0.00137943,0.00012474,0.00019728,-0.00084356,-0.00295699,-0.0000
0878,-0.00008832,0.00019354,-0.00015815,0.00019647,0.00003783,0.00063533,-0.0000
2026,-0.00010600,-0.00002329,0.00004322,0.00003311,0.00201997,-0.00178153,-0.000
21122,-0.00071283,0.00070116,0.00013096,-0.00264318,0.00531957,0.00010814,-0.014
24552,0.00316474,-0.00559563,-0.08787556,0.05472240,-0.06114388,-0.00104510,0.00
036404,0.00029030,0.00021916,-0.00038557,-0.00065192,0.09948663,-0.05999033,0.06
942575,-0.09716902,0.03294469,-0.00542970,-0.00131051,0.00128184,0.00404265,0.02
270063,0.01366113,-0.00697249,0.00147530,-0.00069968,-0.00053256,-0.00005508,-0.
00006689,-0.00012148,0.00072747,0.00009057,0.00056360,0.00157958,0.00096400,0.00
208497,-0.00000713,0.01480801,-0.00295914,0.00055772,-0.00083359,-0.00213764,0.0
0093843,0.00313082,0.00360245,-0.00518468,-0.00371413,0.00333349,-0.00608422,-0.
00179772,0.00016730,-0.00405250,0.00092888,0.00037975,-0.00239340,-0.00174983,-0
.00314097,0.00116199,-0.00094424,-0.00064376,-0.00057369,-0.00057673,-0.00030496
,-0.00046027,-0.00027622,-0.00024066,0.10747269,0.04896130,-0.02546745,0.0068643
8,-0.00470501,0.00417495,-0.00238657,-0.00481318,0.00989073,0.00045923,0.0003269
1,0.00006714,0.00006890,-0.00013301,-0.00064638,-0.00045743,-0.00014088,-0.00018
096,0.00016656,-0.00054797,-0.00136800,-0.00538759,0.04759252,0.00277183,-0.0043
4243,0.00064787,-0.00109741,0.00090467,0.00559987,-0.00267284,0.00119721,-0.0211
4047,0.00535660,-0.00052982,0.00587823,0.00405251,-0.00466116,-0.00097904,0.0001
7989,-0.00206439,-0.00072810,-0.00114391,0.00108415,-0.00144766,0.00186521,0.003
55080,0.00006451,0.00050227,-0.00014566,-0.00012416,-0.00032947,0.00014778,-0.05
980747,0.02332263,-0.00805181,0.00516210,-0.00425222,0.00177987,-0.00102273,0.00
084270,0.00142985,-0.00006490,0.00630951,-0.00019043,-0.00012404,-0.00014922,0.0
0021961,0.00002714,-0.00017262,-0.00013402,0.00053353,-0.00011644,-0.00112397,-0
.00330962,-0.00453442,-0.01582903,-0.00094048,0.00436700,-0.00018711,0.00016095,
-0.00065498,0.00105093,-0.00008743,0.00162427,0.00729793,-0.00377429,-0.00098451
,0.00497525,0.00233868,-0.00641394,0.00395076,-0.00136319,0.00120073,0.00007648,
0.00048261,-0.00121466,0.00111434,0.00000359,-0.00497298,0.00037996,-0.00014852,
-0.00016526,-0.00015422,0.00013053,-0.00070905,0.01252810,0.00865877,0.01555477,
-0.07418794,-0.02278997,-0.02818252,0.00018032,-0.00022090,0.00095927,-0.0471365
8,0.01879812,0.05205112,0.00537190,-0.00139468,0.00247288,0.00053018,-0.00008274
,0.00110565,0.00023179,0.00005790,0.00105576,-0.00004856,0.00052836,0.00038298,0
.00426859,0.00169508,-0.00104170,-0.00006512,0.00010366,-0.00032316,-0.17276229,
0.11263167,-0.05137765,-0.00326222,0.00325864,0.00075760,-0.13565915,-0.09157707
,0.07168187,-0.04297798,-0.01551126,0.00181061,-0.04592828,-0.00107942,-0.008821
59,0.00658907,0.00588450,-0.00236741,-0.00467802,0.00071947,-0.00228705,-0.00417
239,-0.00275200,-0.00022983,0.00478183,-0.00398001,-0.00361586,0.49854765,-0.040
99284,-0.01955965,-0.01479675,-0.00201950,0.00161544,-0.00044586,0.01830222,-0.0
2504022,-0.00622750,0.00938914,-0.01046745,0.00576445,0.00044129,0.00022999,0.00
077138,-0.00029966,-0.00030642,-0.00039327,0.00003973,0.00033124,0.00062847,0.00
155276,0.00011136,-0.00076961,0.00023502,-0.00053719,0.00033074,0.08729751,-0.13
171676,0.05824127,-0.00280562,0.00352458,-0.00254630,-0.08280547,-0.16941320,0.0
9711286,-0.02050559,0.00170088,-0.00566328,0.02729405,0.01695037,0.00313392,-0.0
1229152,-0.01287693,0.00318152,0.00007183,-0.00004049,0.00140503,0.00145725,0.00
015884,0.00199731,0.00489077,-0.00490060,-0.00818974,0.00308527,0.35103893,-0.05
576181,-0.02248905,-0.04148824,-0.00270294,0.00222158,-0.00261327,0.05016190,-0.
00212011,-0.07254031,-0.01123949,0.00622071,-0.01042493,0.00057971,-0.00015538,0
.00038724,-0.00004538,0.00035684,0.00073464,-0.00045172,-0.00005033,-0.00022610,
-0.00064650,-0.00047629,0.00027616,0.00195876,-0.00126265,0.00023179,-0.04756278
,0.07647937,-0.06634394,-0.00042961,0.00085201,0.00054950,0.05495880,0.07116147,
-0.07372283,0.03332023,0.00103053,0.01253967,0.00076257,-0.00017665,0.00040962,0
.00437372,0.00325785,-0.00455497,0.00210716,0.00090187,0.00272472,0.00121210,0.0
0193423,0.00161006,-0.00517483,-0.00713560,-0.00099341,-0.03546233,-0.13094018,0
.24944826,0.00048879,-0.00002305,0.00006455,-0.05170863,-0.00459296,-0.00735758,
-0.00387616,0.00031621,0.00310508,-0.00010455,-0.00019825,0.00009178,0.00006321,
-0.00008018,-0.00004091,0.00016006,-0.00001357,0.00010229,-0.00017302,-0.0000558
8,-0.00031256,-0.01952332,-0.01169992,0.00558016,0.00694516,0.00575243,0.0251275
4,-0.00022088,0.00016412,0.00003636,-0.00224565,-0.00305705,0.00406516,-0.000000
73,-0.00006702,-0.00023158,0.00015728,0.00001633,-0.00002557,0.00007915,-0.00000
874,-0.00007341,-0.00017465,-0.00011245,-0.00000174,0.00000035,-0.00004739,0.000
00176,0.00003513,-0.00000726,0.00007622,-0.00110110,0.00064449,-0.00043340,-0.00
034783,0.00056797,0.00000621,0.45962692,-0.00025669,0.00052284,-0.00030058,-0.00
029573,-0.06903015,0.01566039,0.00948596,-0.00241841,-0.00311242,-0.00024508,0.0
0015668,0.00008706,-0.00001405,0.00000940,0.00000911,-0.00015980,0.00005065,-0.0
0010804,-0.00001439,-0.00007883,0.00010532,-0.02112858,0.00238922,0.00903537,0.0
0848081,0.01200696,-0.01552908,0.00030129,0.00008442,0.00000987,-0.01072411,-0.0
0219663,0.00220202,0.00020010,0.00017114,0.00019017,0.00004497,0.00007739,0.0000
1689,-0.00001437,-0.00004322,0.00002513,0.00004802,-0.00006938,-0.00011242,0.000
02848,-0.00000597,-0.00003432,-0.00002733,-0.00000861,-0.00004405,0.00005000,-0.
00115197,0.00063130,-0.00020675,-0.00041085,-0.00009156,-0.06474727,0.49505777,-
0.00033084,-0.00070732,0.00013343,-0.01319435,0.00668647,-0.08895380,0.00178743,
-0.00303950,-0.00271908,0.00022597,-0.00014456,0.00001413,0.00000869,-0.00002554
,-0.00000376,0.00020614,-0.00004317,0.00003937,-0.00006016,0.00012933,-0.0003166
0,-0.00461856,-0.00694891,-0.00827957,0.01540754,-0.00132650,-0.05072181,0.00007
992,-0.00024042,0.00019019,0.01055996,-0.00247082,0.00712408,-0.00017959,0.00008
081,-0.00030431,-0.00034570,-0.00009341,-0.00008035,-0.00003254,-0.00007959,-0.0
0011121,-0.00004147,0.00030857,0.00027544,-0.00006539,0.00004898,-0.00002073,-0.
00001507,-0.00005079,-0.00002747,0.00004483,0.00303488,-0.00082565,-0.00001486,0
.00058566,0.00056980,-0.01029411,-0.00161406,0.38534419,0.00143837,-0.00028563,0
.00122753,-0.26907858,0.16209500,-0.05087823,-0.02287827,0.00238219,0.01913311,0
.00025953,-0.00061649,-0.00003741,0.00004396,0.00010124,0.00004362,0.00021963,-0
.00060029,0.00057254,-0.00011175,0.00107086,-0.00002765,-0.00763677,-0.00026580,
-0.00084935,-0.05452006,0.05178007,0.02048506,0.00049663,-0.00002894,0.00148859,
0.00839294,-0.00299710,0.00045298,-0.00000923,0.00089317,0.00042635,-0.00166737,
-0.00033962,-0.00052835,-0.00120065,-0.00067357,-0.00042735,-0.00031609,0.000446
14,0.00025221,0.00001854,0.00026418,-0.00022512,-0.00003725,-0.00009210,-0.00014
395,-0.00284050,0.00286369,-0.00071566,0.00447253,0.00088495,0.00106813,-0.01837
783,0.02408930,-0.02105882,0.36133923,0.00036574,0.00013292,-0.00042427,0.158403
97,-0.17993294,0.04143014,0.00847093,-0.02073311,-0.00689782,-0.00045926,0.00039
322,-0.00013394,-0.00012422,0.00003328,0.00001752,-0.00021783,-0.00034953,-0.000
04202,-0.00010902,0.00022423,-0.00003554,0.00370399,-0.00029775,-0.00088738,0.05
099270,-0.01721185,-0.01558788,-0.00030477,0.00015666,-0.00032537,-0.00411574,0.
00234463,0.00016099,0.00138429,-0.00083354,-0.00059849,0.00057894,0.00053525,-0.
00011736,-0.00018290,-0.00007553,-0.00004116,0.00017939,-0.00026977,0.00001120,0
.00011841,-0.00012604,0.00017191,0.00002812,0.00001066,0.00008501,-0.00076927,-0
.00395075,-0.00030088,-0.00061322,0.00512997,-0.00150287,0.02607794,-0.00478211,
0.02182479,-0.24521303,0.21981141,-0.00061180,-0.00074891,-0.00044100,-0.0506101
0,0.04249255,-0.09704103,0.01364638,0.00276255,-0.06102689,0.00021067,0.00022284
,0.00010400,-0.00005118,-0.00000793,-0.00002178,0.00075647,-0.00050488,-0.000059
55,0.00052792,0.00080989,-0.00052551,-0.00047185,-0.00108939,-0.00004475,0.03707
382,-0.02684015,0.01274365,0.00155567,0.00051470,-0.00198388,0.00118769,0.000651
90,-0.00012738,0.00069015,-0.00124728,-0.00063921,0.00059174,0.00013305,0.000247
55,0.00087638,-0.00012193,0.00078078,-0.00001474,-0.00025708,0.00008094,0.000011
79,-0.00016611,0.00035334,0.00015477,0.00018876,0.00021539,0.00079655,-0.0005416
5,-0.00161904,-0.00189140,-0.00071831,0.00716868,-0.03157940,0.02802136,-0.01863
810,0.03284349,-0.04506999,0.16618660,-0.03012048,0.01936720,0.01772529,-0.00013
235,-0.00050109,-0.00048537,-0.00399709,-0.00708286,-0.00480172,-0.00014357,-0.0
0055950,-0.00045114,-0.00390653,0.00157856,0.00428578,0.00517187,-0.01438367,0.0
0183040,-0.24648770,0.12342286,0.07089696,0.00228042,-0.00007381,-0.00169302,-0.
00008747,0.00038432,0.00036373,0.00264303,-0.00271042,-0.00108504,-0.00496423,0.
00312985,-0.00560515,0.00043253,-0.00056468,-0.00230483,-0.00105088,0.00103679,0
.00012790,0.00034128,-0.00388017,0.00164753,-0.00009240,-0.00008085,-0.00030626,
0.00014152,0.00021700,0.00005496,0.00016838,-0.00061221,-0.00068555,0.00240186,0
.00708110,0.00461631,0.00216637,0.00103541,0.00136043,-0.00003852,-0.00012795,0.
00011756,-0.00143636,-0.00026780,0.00052191,0.64394448,0.02159945,-0.04821209,-0
.04115833,0.00006053,0.00004593,-0.00084615,-0.00975676,-0.00379866,-0.00362207,
0.00002754,0.00173943,-0.00007417,0.00133902,-0.00132037,-0.00082126,0.00387882,
-0.01369496,0.00265081,0.11924588,-0.10031641,-0.02988737,0.00043750,-0.00074334
,0.00097475,0.00002883,-0.00004324,0.00046884,0.01045152,0.00072198,0.00139739,0
.00233537,-0.00079375,0.00363096,-0.01037033,-0.00161239,-0.00102651,-0.00117056
,-0.00190197,0.00727246,-0.00221255,-0.00616934,-0.00038176,-0.00012632,0.000557
98,0.00096751,-0.00005411,0.00082391,0.00121358,-0.00048034,0.00033675,0.0003693
6,0.00606336,0.00577033,-0.00657245,-0.00037174,0.00948673,-0.00513021,0.0000754
8,-0.00036066,0.00038030,0.00014232,-0.00039795,0.00027183,-0.18195335,0.5344294
0,0.02209689,-0.03838629,-0.05067060,0.00075736,-0.00087907,-0.00106209,-0.00737
993,-0.00483438,0.00084992,-0.00050449,0.00143795,-0.00034663,0.00131615,0.00162
958,0.00169044,-0.00499814,0.01357724,-0.00400526,0.06462008,-0.02915249,-0.0462
9555,0.00193638,-0.00159707,-0.00072679,-0.00024300,0.00051505,0.00083232,-0.002
78202,0.00483635,0.00204343,-0.00461714,0.00334829,-0.00969531,0.00032807,-0.002
11861,0.00522465,0.00370957,-0.00480003,0.00062642,0.00379862,0.00641414,-0.0031
3056,0.00024381,0.00044536,0.00157877,-0.00042517,0.00000667,0.00019924,0.000002
92,0.00021442,0.00006420,-0.00253868,-0.00225326,-0.00065235,-0.00578422,-0.0031
9006,-0.00703524,0.00017431,0.00001422,-0.00008608,-0.00000064,0.00102745,0.0006
4594,-0.21469167,-0.09679138,0.30942673,-0.01483827,-0.01425624,0.01162317,0.000
39727,-0.00025592,0.00042727,-0.00293841,-0.00079105,-0.00529563,-0.00018310,-0.
00210295,0.00112952,-0.01163593,0.00160266,0.00358222,-0.12670891,-0.09285108,0.
11308848,-0.00569159,0.01742104,-0.01109360,-0.00082547,0.00037704,-0.00000232,-
0.00011400,-0.00006149,-0.00019713,0.00748081,-0.00207470,0.00001870,-0.00038548
,-0.00138964,0.00013696,0.00087665,0.00132005,-0.00607761,-0.00565565,0.00751390
,-0.00106272,-0.00368151,-0.00660544,0.00464523,-0.00011420,-0.00015601,-0.00046
355,-0.00002256,-0.00002404,-0.00031103,-0.00015046,0.00020584,0.00019420,-0.002
41201,0.00176132,-0.00654845,0.00407687,0.00730124,0.00352681,-0.00008772,0.0000
0361,-0.00007488,-0.00109929,0.00034721,-0.00059773,-0.08151831,0.07197298,0.005
48152,0.56328729,-0.01048265,-0.01804335,0.01383434,0.00058783,-0.00041368,-0.00
033002,-0.00038435,0.00082462,0.00059633,0.00111770,-0.00201540,-0.00036299,0.01
873686,-0.00299848,-0.01102682,-0.09462247,-0.13244350,0.11457807,0.00292697,-0.
00825783,0.00419311,-0.00014316,-0.00144639,0.00022594,-0.00016357,0.00030215,0.
00031284,-0.00225758,0.00505980,-0.00132616,0.00055844,0.00095449,-0.00120073,0.
00162779,0.00090334,0.00361864,0.00552281,-0.00212450,0.00013448,0.00295815,0.00
412920,-0.00491588,-0.00025303,-0.00030139,-0.00004767,0.00016819,-0.00087196,-0
.00094920,0.00002831,-0.00009688,-0.00018191,0.00119156,0.00023125,0.00712898,-0
.00372772,-0.00449298,-0.00401208,0.00001570,0.00012604,-0.00006535,-0.00091608,
0.00010211,0.00049068,0.07752852,-0.27130052,0.06422978,-0.00143053,0.53890765,0
.01582158,0.01009635,-0.12155577,0.00080635,-0.00101901,-0.00018949,-0.00344640,
-0.00074550,-0.00290634,0.00097611,0.00000367,-0.00015605,-0.00467161,-0.0004716
2,0.00034733,0.10679742,0.10993373,-0.14067570,0.00072158,-0.00534562,0.00201424
,-0.00152233,-0.00122090,0.00013852,-0.00025796,0.00037374,0.00047541,-0.0072469
1,0.00019633,-0.00011933,0.00294101,-0.00198673,0.00000038,0.01173153,0.00364355
,0.00470138,-0.00349390,0.00215607,-0.00230653,-0.00140588,0.00264224,0.00139103
,0.00017640,-0.00011078,0.00032786,-0.00038315,-0.00044229,0.00011115,-0.0006002
4,0.00057778,0.00106452,-0.00419745,0.00068007,-0.00181672,0.00089388,-0.0091643
4,0.00596662,-0.00000394,0.00016332,-0.00021579,-0.00024973,0.00098228,0.0000442
5,-0.01630490,0.11532859,-0.07176932,-0.23676277,-0.24441594,0.42152084,-0.05586
428,0.01205483,-0.07124724,-0.00001524,-0.00006707,-0.00050031,-0.00280206,0.000
06440,-0.00135272,-0.00022054,0.00119295,-0.00090387,-0.11808410,0.13791857,-0.0
1086042,-0.01322952,0.00173199,0.00131754,-0.00076267,0.00198719,-0.00116967,0.0
0074922,-0.00042802,-0.00008870,0.00004532,-0.00005886,0.00034859,0.00305065,0.0
0295475,0.00259273,-0.00004172,0.00111077,-0.00030710,-0.00884238,-0.00480727,0.
00426587,0.00483385,-0.00510112,0.00498736,0.00239149,0.00400873,-0.00013312,0.0
0001726,-0.00004074,0.00062109,-0.00002977,0.00007373,0.00070644,-0.00035185,0.0
0068864,0.00104396,0.00014133,0.00042788,0.00039005,-0.00098039,0.00528967,-0.00
667807,0.00017140,-0.00014425,0.00016836,0.00040185,0.00007801,0.00047497,-0.027
39961,0.02978853,-0.01946939,-0.29649823,0.04402632,0.12127590,0.59023330,0.0194
8275,-0.02315546,0.01924357,0.00014600,-0.00021426,0.00003966,-0.00125612,-0.000
84124,0.00006110,-0.00002674,-0.00201387,0.00116995,0.13991775,-0.24961667,0.032
64009,-0.01545391,0.00355142,0.00190917,0.00190380,-0.00343462,0.00374211,-0.000
69208,-0.00036707,0.00008618,-0.00009895,-0.00003188,-0.00005141,-0.00420615,0.0
0442003,0.00004609,0.00081093,0.00095289,0.00095165,-0.00381875,0.00085617,0.000
49284,0.00193310,-0.00216093,0.00077119,0.00587368,0.00260532,-0.00118852,-0.000
17796,-0.00038021,-0.00057413,0.00025493,0.00002601,0.00013255,0.00045845,-0.000
61697,-0.00279471,0.00111378,-0.00062376,-0.00003025,-0.00189371,-0.00059415,-0.
00332111,0.00000639,0.00005016,-0.00013036,-0.00008656,0.00007502,-0.00015316,0.
02705248,-0.02259388,0.00175492,0.05915878,-0.06784550,-0.00353484,-0.18880084,0
.63075500,-0.06888450,0.00660391,-0.09594479,0.00025451,-0.00021765,-0.00004280,
-0.00004212,-0.00105459,0.00160704,0.00040007,-0.00038942,0.00071019,-0.01107656
,0.03157822,-0.02576011,0.01422051,-0.00343050,-0.00355094,0.00145350,0.00105637
,0.00105132,-0.00013400,-0.00021532,0.00016153,-0.00008935,0.00019509,0.00012594
,0.00744425,-0.00194384,0.00210124,0.00005069,-0.00003910,0.00075273,0.00146521,
0.00067179,-0.00308326,-0.00770367,0.00509561,-0.00317486,-0.00520927,-0.0046599
4,0.00346990,0.00065636,-0.00039825,-0.00048268,-0.00058248,0.00045469,0.0005731
8,-0.00066504,-0.00031463,-0.00113265,0.00256098,0.00009903,-0.00212104,0.003217
22,0.00805469,0.00120216,-0.00001220,0.00006901,-0.00003255,0.00025482,0.0002018
8,-0.00016639,0.00469816,-0.01528190,0.01781115,0.07326177,0.00790832,-0.0747279
9,-0.07332959,-0.18631027,0.30549733,-0.10853012,-0.05491245,-0.05144443,0.00111
807,-0.00080095,-0.00029366,0.00100378,0.00049451,-0.00031439,0.00008735,0.00120
550,-0.00000939,0.00613346,0.01066749,-0.00718556,-0.00419822,0.00111047,0.00062
687,-0.00345878,-0.00181728,0.00207578,-0.00058795,-0.00189102,0.00041573,-0.000
42785,0.00041749,0.00049210,-0.00382786,0.00562426,0.00203776,0.00121963,0.00048
935,-0.00015456,-0.00336220,-0.00200487,0.00287038,0.00201173,-0.00418572,0.0046
1253,0.00519849,0.00425061,-0.00191608,0.00020901,0.00027340,0.00097780,-0.00056
811,-0.00006842,0.00095747,-0.00034112,0.00042979,0.00001770,-0.00101238,-0.0007
1544,0.00074520,0.00107829,-0.00093377,-0.00249616,0.00014152,-0.00008207,-0.000
05201,-0.00078668,0.00033746,0.00004489,-0.05003483,-0.00182436,0.01353931,-0.02
321071,-0.01543593,0.01886146,-0.07627207,-0.06280268,0.06509062,0.63719930,-0.0
5081040,-0.02840561,-0.02607383,0.00026252,-0.00025093,0.00030046,0.00190645,0.0
0072483,0.00042591,-0.00002129,0.00123460,-0.00088907,-0.00817313,-0.01769095,0.
00904702,0.00023023,-0.00055178,0.00069528,0.00107394,-0.00014367,0.00118256,-0.
00058349,0.00052665,0.00023152,-0.00006392,0.00008545,-0.00000625,-0.00914525,-0
.00207806,-0.00608073,0.00121084,-0.00187624,0.00035468,0.00890307,0.00307173,0.
00053665,-0.00176389,0.00700445,-0.00404825,-0.00572029,0.00092596,-0.00001434,0
.00053003,0.00017782,0.00047792,-0.00039765,-0.00069502,-0.00028946,0.00001283,-
0.00016745,0.00054915,-0.00039701,-0.00174590,-0.00107251,0.00225934,-0.01002370
,0.00573466,-0.00003142,0.00011275,-0.00014092,-0.00026201,0.00022242,-0.0000091
5,0.02944841,0.02038676,-0.00596609,-0.03269200,-0.00354900,0.00281837,-0.039372
43,-0.22390457,0.13501245,-0.00045725,0.48237091,-0.04309611,-0.02232615,-0.0329
7748,-0.00051486,0.00016597,-0.00013245,0.00140098,0.00068334,-0.00024300,-0.000
21901,-0.00000605,-0.00049827,-0.00076819,0.00156523,-0.00363625,0.00423872,0.00
117419,0.00130458,0.00373019,0.00257433,0.00013101,-0.00040606,-0.00015143,-0.00
017957,0.00020565,-0.00006882,0.00006651,-0.00424873,0.00274239,0.00117989,-0.00
019382,-0.00027305,-0.00029755,-0.00404796,-0.00296559,0.00281345,0.00065533,-0.
00270469,-0.00070993,0.00242398,0.00011983,-0.00017575,0.00004815,0.00029670,0.0
0062912,0.00054461,0.00070260,-0.00062733,0.00006453,-0.00028729,-0.00041500,-0.
00089234,-0.00132371,-0.00026546,-0.00360101,-0.00259653,-0.00507176,-0.00004049
,0.00000462,0.00004603,0.00027438,0.00007901,0.00034988,0.02215904,-0.00149753,-
0.00729525,0.04402500,0.00867820,-0.00963324,0.04322352,0.11731338,-0.10964607,-
0.15035482,-0.16629015,0.30754171,-0.00683307,-0.02890242,-0.01491812,0.00004332
,-0.00015815,0.00039472,0.00082963,0.00100942,-0.00136674,0.00027895,-0.00016521
,0.00002245,-0.00005719,0.00166003,0.00167556,-0.00022336,0.00063402,0.00037233,
-0.01644233,-0.01062666,0.00790808,0.00002666,0.00195195,-0.00087048,0.00007843,
-0.00020197,-0.00019790,-0.00967212,-0.00057102,-0.00406160,-0.01042525,-0.00313
205,-0.00574147,0.00892845,0.00212758,0.00152454,0.00026146,0.00733402,-0.004387
02,-0.00277003,0.00509282,0.00426777,0.00036738,0.00003063,0.00044855,-0.0003365
2,-0.00040917,-0.00064492,0.00006753,0.00047691,0.00061210,-0.01163516,-0.007746
74,-0.00732174,0.00284845,-0.00832042,0.00644814,0.00018574,-0.00004190,-0.00004
566,0.00004685,0.00044241,-0.00017785,-0.20486003,-0.04384022,0.13693936,0.00167
284,-0.02283935,-0.00108452,0.01125566,0.02697988,-0.00843107,-0.21263531,0.1273
1815,0.00227417,0.50400529,-0.02660259,-0.12944294,-0.03719909,0.00004408,-0.000
43371,-0.00076429,-0.00169984,-0.00165263,0.00009483,0.00053429,-0.00002647,0.00
080554,-0.00192613,-0.00391016,0.00139811,0.00163587,-0.00422063,0.00034470,0.00
802985,0.00641633,-0.00618235,0.00037742,-0.00193445,-0.00016120,-0.00007675,0.0
0031415,0.00053504,0.00446926,0.00144891,-0.00273117,0.00170812,0.00151187,0.001
75508,0.00284793,0.00341105,-0.00197649,-0.00430887,0.00503238,-0.00005354,-0.00
543356,-0.00349949,0.00361944,0.00045250,0.00034522,0.00054143,-0.00085003,0.000
36093,0.00054877,-0.00065102,0.00055287,0.00096538,0.00010336,0.00154286,-0.0020
9349,0.00422640,0.00213198,0.00380941,0.00001804,-0.00035692,0.00027720,0.000590
93,0.00047396,0.00010077,-0.08105682,-0.09503430,0.08515164,-0.01226220,-0.02530
407,0.01725197,0.00818132,-0.03753448,0.01067089,0.15837192,-0.17295293,0.024701
40,-0.07357086,0.64631981,-0.00979790,-0.03564730,-0.04069607,-0.00028247,0.0002
6780,-0.00045834,-0.00179721,-0.00065002,-0.00051806,0.00027072,-0.00127738,0.00
087587,0.00260814,0.00406346,0.00025380,0.00027078,0.00464890,0.00106994,0.00353
098,0.00184024,-0.00205677,0.00287535,-0.00007191,-0.00074591,0.00002203,-0.0000
1515,0.00010741,0.00546421,-0.00078193,0.00119242,-0.01006736,0.00245442,-0.0033
3420,-0.00275922,-0.00151236,-0.00017018,-0.00185920,-0.00035773,0.00313133,-0.0
0386914,-0.00615046,0.00117547,-0.00011970,0.00000439,0.00030070,0.00007755,0.00
018694,0.00051166,-0.00000172,0.00031354,0.00005041,0.00203731,0.00237230,0.0018
6266,0.00219960,0.00270276,0.00075022,0.00013016,-0.00019081,0.00028640,0.000326
76,-0.00038233,0.00020237,0.12030616,0.05789954,-0.12891484,0.00324804,0.0408932
6,-0.00987719,-0.00396345,0.01877871,-0.00567442,0.00726007,0.02196292,-0.043828
33,-0.11862451,-0.26212437,0.39652042,-0.00334109,-0.00011503,0.00256199,0.00032
164,-0.00026379,0.00036969,-0.00009843,-0.00089088,0.00003934,-0.00005702,0.0003
2310,-0.00006299,0.00044421,0.00114929,-0.00020083,0.00041618,-0.00077599,0.0000
4287,-0.00006171,-0.00037565,0.00013310,-0.00456473,-0.00075077,0.00012239,-0.00
001024,0.00008596,-0.00021114,-0.00057526,0.00013494,-0.00027500,-0.00384113,0.0
0067098,-0.00264597,0.00048944,0.00000739,0.00063857,-0.00005404,0.00024511,0.00
010773,-0.00006450,0.00053600,-0.00023461,0.00009233,-0.00048582,-0.00064556,-0.
00012999,0.00037324,0.00052885,0.00005687,0.00015678,-0.00007953,0.00069432,-0.0
0280771,0.00073408,0.00041170,0.00001608,0.00067876,0.00000491,0.00012925,-0.000
26191,-0.00021374,0.00013459,-0.00008866,0.00133157,-0.01624525,0.00940360,-0.00
268645,-0.00134717,0.00183748,-0.00249890,0.00421019,0.00040885,0.00072021,0.014
64443,-0.01208244,-0.03012823,0.01694877,-0.00734511,0.04509508,0.00171693,-0.00
438437,0.00489045,-0.00012908,0.00008525,0.00002537,0.00035540,-0.00007977,-0.00
020777,0.00026219,0.00098296,-0.00033362,-0.00051901,-0.00012115,0.00001532,0.00
038909,0.00000232,-0.00011663,-0.00024488,-0.00015051,-0.00039250,-0.00075808,0.
00102187,-0.00008614,0.00005922,-0.00006314,-0.00010244,0.00012907,0.00022609,-0
.00037552,0.00044988,-0.00106730,0.00065990,0.00014713,-0.00011402,0.00053458,-0
.00042666,-0.00006585,0.00061525,-0.00045166,0.00055995,0.00048667,-0.00019308,-
0.00000006,-0.00020553,0.00008259,-0.00019989,-0.00021601,-0.00025809,0.00040893
,0.00025316,-0.00080987,-0.00052945,0.00002022,0.00096722,0.00058112,0.00089769,
0.00006284,0.00004279,-0.00003682,0.00022649,-0.00006685,-0.00009987,-0.00221290
,-0.00547003,0.00238131,-0.00001640,0.00086785,0.00075250,0.00163070,-0.00079148
,0.00052860,0.00157565,-0.01275571,0.00655079,0.01654904,-0.19753414,0.15971460,
-0.02034944,0.21999841,-0.00042556,-0.00399720,0.00016920,-0.00000331,0.00006658
,0.00009675,0.00101394,0.00016579,-0.00054685,0.00005002,0.00066439,-0.00049090,
0.00016184,0.00031542,0.00012832,0.00005426,0.00096175,0.00025882,0.00004674,-0.
00048992,-0.00047007,-0.00158156,0.00007175,0.00052510,0.00004293,-0.00004679,-0
.00008438,-0.00005339,0.00037049,-0.00087066,-0.00179222,-0.00035672,-0.00191550
,0.00009255,-0.00041614,0.00058161,-0.00030937,-0.00015834,0.00065231,-0.0006053
3,0.00050831,0.00030971,-0.00050781,-0.00064907,-0.00058805,0.00021273,-0.000539
68,-0.00010055,-0.00023480,0.00027817,0.00007498,0.00085998,-0.00036399,0.000686
31,0.00104894,0.00040187,0.00091626,0.00004048,-0.00000291,0.00000621,-0.0000349
7,0.00002790,0.00019397,-0.00293197,0.00976871,-0.00879735,0.00192248,0.00422595
,-0.00096884,0.00181292,0.00250907,-0.00042715,-0.00088539,-0.00100098,-0.001039
99,-0.00484225,0.16384111,-0.16817491,0.00723447,-0.17583421,0.18006378,0.001794
29,-0.00091130,-0.00041658,-0.01292830,-0.00415083,0.01079184,-0.03457716,0.0363
3486,-0.01416296,-0.00060959,-0.00062441,0.00026052,0.00014296,0.00015134,0.0001
5557,-0.00005317,-0.00000607,-0.00000651,-0.00054972,-0.00010805,0.00030224,-0.1
6555078,-0.16044940,0.03862161,0.00041180,0.00099297,0.00614052,-0.00104777,-0.0
0082404,-0.00049812,-0.07787347,-0.04440114,0.01621677,0.00001703,0.00018659,0.0
0022107,0.00056515,-0.00012955,-0.00021958,-0.00000721,-0.00022092,-0.00009465,-
0.00017376,-0.00070531,-0.00119663,0.00037093,-0.00005360,-0.00009854,0.00015749
,-0.00004462,-0.00012744,-0.00793785,-0.00754554,0.00227750,-0.00322035,0.002442
88,0.00272827,-0.18632913,0.00752826,0.06541251,0.00382472,0.00106110,-0.0017292
2,-0.00113104,0.00008026,0.00061161,0.00053631,-0.00033158,0.00071243,0.00018067
,0.00013040,0.00075859,0.00041849,0.00024269,-0.00018047,-0.00021149,0.00079567,
-0.00038955,0.00129922,0.00052006,0.00035230,0.52149179,0.00312421,0.00077560,-0
.00167795,-0.01387779,0.00153397,0.00048441,0.02527707,-0.07450805,0.02602552,-0
.00055199,-0.00104134,0.00018869,-0.00013068,0.00016877,0.00009306,0.00020450,0.
00005875,-0.00011353,-0.00021832,-0.00011861,0.00041282,-0.15239589,-0.33771446,
0.05151573,-0.00114707,0.00236798,0.00612403,-0.00113497,0.00069493,-0.00034419,
-0.02827320,0.00548070,0.00622695,0.00177976,0.00066930,0.00180260,0.00018592,0.
00040386,0.00018881,-0.00066559,0.00002155,-0.00000364,0.00014178,-0.00073432,-0
.00063419,0.00013164,-0.00018229,0.00001907,-0.00013511,-0.00004444,-0.00012861,
-0.00346471,-0.01152101,0.00412581,-0.00243463,-0.00126070,-0.00228085,0.0011504
4,-0.07292839,0.01287652,0.00249990,-0.00049945,0.00004012,0.00052679,0.00045584
,-0.00008851,0.00005771,0.00046669,0.00042273,-0.00003412,0.00039942,0.00038547,
0.00065955,0.00004919,0.00008482,-0.00124676,0.00084153,-0.00048434,0.00109370,-
0.00003992,0.00025280,0.17389689,0.57934437,-0.00272359,0.00018022,-0.00207484,0
.02866385,0.00901237,-0.02018940,-0.00005089,0.01835884,-0.03497238,-0.00013026,
0.00082076,-0.00007052,0.00004664,0.00000420,0.00006143,0.00007763,-0.00003145,0
.00016814,-0.00007208,0.00023820,0.00048642,0.04706145,0.06606677,-0.05364909,-0
.00129369,-0.00147560,-0.00920909,0.00056456,-0.00044403,-0.00010154,0.01290625,
0.01359674,0.00782427,-0.00114216,0.00064299,-0.00076318,-0.00044938,-0.00022770
,-0.00009221,0.00033364,0.00003272,0.00013465,-0.00031038,-0.00027513,-0.0000787
4,-0.00004077,0.00010924,-0.00003950,0.00013793,-0.00001174,0.00000210,0.0020778
1,0.00008595,0.00034893,0.00248252,-0.00244159,0.00543892,0.05805255,0.00559088,
-0.07122302,0.00183238,0.00125198,0.00034508,-0.00147939,-0.00061098,-0.00042051
,-0.00022837,-0.00046406,0.00046904,0.00003197,-0.00008742,0.00009026,-0.0000976
6,0.00022128,0.00025114,0.00077894,-0.00012506,-0.00043974,-0.00009574,0.0000866
2,-0.00015094,-0.14445071,-0.11341188,0.15035826,-0.00027863,-0.00009735,0.00016
007,-0.00266532,0.00646902,-0.00221006,-0.00289617,-0.00020274,0.00205743,0.0001
3299,-0.00009507,-0.00002473,0.00002021,-0.00001071,0.00000529,0.00001971,-0.000
01349,0.00004931,-0.00006901,0.00011971,0.00001849,-0.00061133,0.00325826,-0.000
53936,0.00017575,-0.00107780,0.00056680,0.00006259,-0.00008776,0.00002015,0.0015
3413,-0.00095089,0.00004127,-0.00002829,0.00000772,-0.00003965,0.00002251,-0.000
03177,-0.00002862,0.00006509,0.00002714,-0.00001150,0.00000976,0.00007294,-0.000
03405,0.00001295,0.00001604,-0.00000870,0.00001221,-0.00000502,-0.00000275,0.000
47131,0.00043691,-0.00019671,0.00021308,0.00009113,-0.00010107,-0.08819570,0.091
98463,-0.00817278,-0.00008795,0.00001815,-0.00176694,-0.00007792,0.00003897,-0.0
0014281,0.00004391,-0.00008291,-0.00008061,0.00002993,-0.00001951,-0.00003828,-0
.00005662,-0.00001459,-0.00001451,0.00006124,-0.00003021,0.00003158,-0.00002259,
0.00003784,0.00000708,-0.02764055,0.02578965,0.00221564,0.11368808,-0.00009145,0
.00007116,-0.00013663,0.00594052,-0.00854529,0.00015971,0.00068725,-0.00061717,-
0.00008878,-0.00007849,0.00008175,0.00000747,-0.00002182,0.00000532,-0.00000955,
-0.00002528,0.00000781,-0.00005019,0.00004117,-0.00005184,0.00001167,0.00069069,
-0.00014461,-0.00024298,-0.00128275,0.00155931,-0.00099279,-0.00009618,0.0000237
4,0.00004179,0.00000711,0.00004159,0.00005245,0.00000820,-0.00002541,0.00001907,
-0.00001199,0.00000395,0.00002736,-0.00006380,0.00001876,-0.00001010,0.00000386,
-0.00002018,0.00001449,-0.00001342,-0.00000954,0.00000187,-0.00002500,0.00000759
,-0.00000122,-0.00012087,0.00001296,0.00002829,0.00004161,0.00004310,0.00021546,
0.09110319,-0.21147233,0.01802962,0.00174505,-0.00069377,0.00259628,0.00002530,-
0.00007197,0.00002756,0.00002402,0.00002612,0.00002398,-0.00006073,0.00002307,0.
00002192,0.00002580,-0.00000214,-0.00000417,-0.00003192,0.00001839,-0.00001261,0
.00000751,-0.00001002,-0.00001350,0.00645958,0.00031015,-0.00227999,-0.10967507,
0.24521592,0.00010387,0.00011117,0.00002692,-0.01002353,0.02105302,0.00036204,0.
00096418,0.00105771,-0.00119252,-0.00006574,-0.00000997,0.00002016,0.00001142,-0
.00001034,-0.00000038,0.00003949,-0.00003085,0.00001242,-0.00003174,0.00007740,-
0.00004112,0.00035984,-0.00052094,0.00079143,-0.00062069,-0.00129374,0.00178767,
0.00006888,0.00002324,-0.00005678,-0.00095135,0.00027472,-0.00019435,0.00002166,
-0.00004270,0.00001762,0.00000385,-0.00000035,0.00000729,-0.00001263,-0.00002657
,-0.00000205,0.00000809,-0.00001408,0.00000173,-0.00000643,-0.00000722,0.0000103
7,-0.00000159,-0.00000239,0.00000901,-0.00000069,-0.00020542,0.00002400,-0.00012
167,-0.00012617,-0.00012356,-0.00686686,0.01915694,-0.04312593,-0.00619498,0.003
83827,-0.00759256,-0.00007055,-0.00001783,0.00001541,-0.00000478,0.00004089,0.00
004628,0.00003925,-0.00001927,0.00001084,-0.00000022,0.00003952,-0.00000161,0.00
005228,-0.00003638,-0.00002316,0.00001020,0.00000210,0.00002055,0.00951147,-0.01
059173,0.00124606,0.00943241,-0.01616431,0.04867529,-0.00451312,0.00122478,0.000
01334,-0.00031306,0.00014305,-0.00012902,-0.00259667,0.00130353,-0.00065618,-0.1
3601366,-0.05042497,-0.10466680,-0.00455036,-0.00309495,-0.00182629,-0.00031046,
0.00084951,0.00141202,-0.00018668,0.00017440,-0.00000929,0.00032099,0.00013588,-
0.00013184,0.00016501,-0.00007822,-0.00006082,0.00329080,0.00083707,-0.00158941,
-0.00035073,0.00014581,0.00002612,-0.00054462,-0.00016598,-0.00026387,0.00016716
,0.00014210,-0.00033618,0.00072369,-0.00199458,0.00206726,-0.00023150,-0.0000133
1,-0.00004271,0.00014410,-0.00008692,-0.00019399,-0.00047724,-0.00030591,0.00088
649,-0.00002058,0.00049808,-0.00032428,-0.00040515,0.00075841,-0.00064860,0.0001
0266,-0.00013583,0.00005411,0.00023642,-0.00002701,-0.00004166,-0.00038231,0.000
81694,0.00037112,0.00119208,-0.00087678,-0.00060468,0.00031459,-0.00552424,-0.00
060399,-0.00005834,0.00053125,0.00066935,0.00033015,0.00005292,-0.00037321,-0.00
013745,0.00029800,0.00019826,-0.00008964,-0.00003602,0.00007400,0.00003522,-0.00
001034,-0.00000816,0.17385122,-0.00062501,0.00265733,-0.00167812,-0.00013978,0.0
0021120,0.00003075,0.00069023,-0.00030836,0.00098507,-0.05443019,-0.06347596,-0.
06561712,-0.00407298,-0.00097464,-0.00080149,0.00100698,-0.00108337,-0.00125268,
-0.00030671,0.00017764,0.00028728,0.00051468,0.00034786,-0.00010863,-0.00002199,
-0.00003061,-0.00003627,0.00731160,-0.00228456,0.01804480,-0.00132414,0.00086595
,-0.00033752,-0.00082063,-0.00126159,-0.00092054,0.00083083,-0.00067089,-0.00087
517,0.00167715,0.00007598,-0.00016848,-0.00039224,-0.00009415,-0.00064365,0.0002
8725,0.00001010,-0.00044918,0.00025336,-0.00016069,-0.00001031,0.00040274,0.0002
9461,0.00006254,-0.00145315,0.00043942,0.00061249,-0.00008420,-0.00000150,0.0000
4083,-0.00016133,-0.00017981,0.00000157,-0.00030773,-0.00000327,0.00111020,0.000
70639,-0.00575496,-0.00117335,-0.00264149,-0.00512676,-0.00024188,0.00071550,0.0
0014752,0.00108417,0.00049476,0.00059999,-0.00048422,0.00027444,0.00082352,0.000
36494,-0.00038328,-0.00040277,-0.00009681,-0.00000547,0.00000740,-0.00002551,0.0
6530657,0.08521321,0.00047104,-0.00465134,-0.00265591,0.00011362,-0.00007419,0.0
0002405,-0.00111118,0.00120196,0.00025554,-0.10967732,-0.06252740,-0.15512571,-0
.00155492,-0.00101476,0.00125945,0.00105047,-0.00156997,-0.00089001,0.00006559,-
0.00006261,0.00001964,0.00005239,-0.00011444,-0.00004145,-0.00000258,0.00001505,
0.00000493,-0.01668853,0.00393544,-0.02974902,0.00009022,-0.00015662,0.00003175,
-0.00009751,0.00186339,0.00026851,-0.00052395,0.00080566,-0.00007760,-0.00065480
,0.00019287,-0.00065452,0.00040405,0.00017692,0.00028525,-0.00021900,0.00004600,
0.00018422,0.00130730,0.00009153,-0.00054040,-0.00010524,0.00025200,-0.00021809,
0.00204452,-0.00038061,-0.00275261,0.00005155,-0.00005914,-0.00001165,-0.0001126
4,0.00006130,-0.00005829,0.00033762,-0.00018283,-0.00029272,-0.00003274,-0.00345
127,-0.00020559,-0.00166538,-0.00274446,0.00018071,-0.00025038,0.00025609,-0.000
03074,0.00012037,0.00001468,-0.00004477,0.00006329,-0.00007048,-0.00010863,0.000
07076,-0.00007207,0.00004702,0.00001274,-0.00001090,-0.00000195,0.12264531,0.069
83824,0.19100952,-0.00060396,-0.00139405,0.00157409,0.00000681,-0.00004934,-0.00
012465,-0.00167884,0.00014334,0.00131751,-0.04424863,0.02703738,0.00262905,0.000
16533,-0.00019217,-0.00002958,-0.00014740,0.00000435,0.00016932,-0.00002779,-0.0
0000052,-0.00003811,-0.00035753,-0.00026719,0.00007594,-0.00000346,0.00002754,0.
00001689,0.00240873,-0.00301774,-0.00020278,0.00023604,-0.00006981,-0.00001816,-
0.00010057,-0.00003163,-0.00009615,0.00004145,0.00001257,-0.00020221,0.00025113,
0.00018310,0.00064222,-0.00005295,0.00004884,0.00007106,-0.00000231,0.00000943,-
0.00003988,-0.00019574,-0.00021574,-0.00001684,-0.00016904,0.00027066,-0.0000460
4,-0.00040026,-0.00021625,-0.00038202,0.00010493,-0.00002980,-0.00002004,0.00016
412,0.00003950,-0.00013086,-0.00004339,0.00031823,0.00005097,-0.00030974,-0.0003
3755,-0.00013468,0.00020082,-0.00046778,-0.00029112,0.00016188,0.00004768,0.0000
9681,-0.00027521,-0.00027357,-0.00028932,-0.00006219,0.00003987,0.00003303,0.000
20788,0.00073017,-0.00038464,-0.00000614,0.00000449,-0.00000012,0.00359193,-0.01
670634,-0.00520623,0.06010402,-0.00044271,-0.00057675,0.00153379,-0.00042571,0.0
0024287,0.00014741,0.00084887,-0.00069543,-0.00090037,0.02395387,-0.23272100,-0.
04030851,-0.00003902,-0.00030100,-0.00006840,-0.00006483,-0.00018233,0.00016361,
-0.00011629,0.00016635,0.00008651,-0.00003016,0.00055627,-0.00011745,0.00015452,
-0.00007890,-0.00012144,0.00087126,-0.02093527,0.00341251,-0.00006078,0.00005500
,0.00004073,-0.00006939,-0.00026693,0.00031006,0.00002168,-0.00033598,0.00011347
,0.00041483,0.00041082,-0.00009256,-0.00014774,0.00013703,-0.00005537,0.00015466
,0.00009439,-0.00010626,-0.00044599,-0.00038673,-0.00015460,0.,-0.00005801,-0.00
009885,-0.00024234,-0.00125828,-0.00029580,-0.00015808,0.00003820,0.00005995,0.0
0021850,-0.00012503,0.00016079,-0.00021377,0.00023082,0.00035835,-0.00010298,-0.
00004328,0.00021034,0.00045926,-0.00031920,0.00001763,0.00023636,0.00001354,0.00
024557,-0.00013575,0.00003199,-0.00046922,0.00000602,0.00020092,0.00003571,0.000
02032,-0.00030561,0.00010464,0.00002649,0.00000394,-0.00000665,0.00009593,-0.013
23084,-0.00543853,-0.03942588,0.27705554,-0.00002877,0.00176372,-0.00136024,0.00
004448,-0.00001611,0.00007926,0.00030360,0.00052855,-0.00018483,0.00410708,-0.03
908076,-0.05143211,0.00010463,-0.00016492,0.00002856,-0.00000897,-0.00005084,0.0
0016170,-0.00000468,0.00001009,-0.00000677,0.00039697,0.00011444,-0.00008222,0.0
0001121,-0.00001756,-0.00001714,-0.00285653,0.02269029,0.00385929,-0.00020970,0.
00005625,0.00001441,-0.00017673,0.00037730,-0.00025562,0.00006860,0.00005145,-0.
00014133,-0.00011119,0.00006977,0.00002406,0.00018556,0.00009573,0.00001605,-0.0
0008236,0.00003751,0.00000976,0.00008903,0.00003162,0.00021615,0.00037074,-0.000
07633,-0.00001254,0.00005770,0.00201811,-0.00112780,-0.00002624,-0.00002331,0.00
002255,-0.00012539,0.00002329,0.00001890,-0.00005072,-0.00004836,-0.00020915,-0.
00005658,-0.00086767,-0.00000578,-0.00031467,-0.00079272,0.00000980,-0.00000306,
0.00018664,-0.00010487,0.00027644,0.00007761,0.00010723,0.00000449,-0.00003924,-
0.00002747,-0.00014272,-0.00027223,0.00009255,0.00001747,-0.00000991,-0.00000956
,0.00134433,-0.02143363,-0.00507755,-0.00946982,0.04674746,0.05690837,0.01246881
,0.00525231,-0.00209808,-0.00258393,0.00167061,0.00098932,0.00103321,0.00171443,
0.00003901,0.00080861,0.00126358,-0.00040156,0.00015457,0.00084662,-0.00125925,0
.00063899,0.00027748,-0.00049957,-0.00015927,-0.00020255,-0.00001405,-0.00457487
,0.00228638,0.00024174,0.00141423,-0.00076739,-0.00124148,0.00225364,0.00090731,
0.00071562,0.00525197,-0.00336218,0.00075879,-0.00095660,-0.00033603,0.00204832,
-0.00188305,-0.00158271,0.00221510,-0.00234129,-0.00077654,0.00193492,-0.0002035
1,0.00045127,0.00065383,-0.00030768,-0.00234045,-0.00535937,0.00071419,0.0006306
0,0.00047347,-0.00275311,0.00050482,-0.00083317,0.00132233,0.00192080,0.00019891
,-0.00033621,0.00013265,0.00001263,0.00269484,-0.00083810,-0.00111433,-0.0002205
0,0.00148497,0.00031443,0.00404637,0.00197922,-0.00143267,-0.00422960,-0.0051297
2,-0.00055597,-0.15532919,-0.02837461,0.09047896,-0.02468741,0.00163676,0.009249
04,-0.00273600,0.00089568,-0.00143378,0.00157636,-0.00010740,0.00071739,0.000165
89,-0.00011772,-0.00005569,0.00074742,0.00109561,-0.00037451,0.00020435,0.000835
76,-0.00023588,0.40051981,0.00644255,-0.00637126,0.00115872,-0.00124706,0.000993
35,0.00013546,0.00075762,0.00083708,-0.00027442,-0.00010071,0.00105321,-0.000187
24,-0.00081829,-0.00139540,0.00042155,-0.00027867,-0.00002704,0.00008914,0.00113
100,0.00045038,-0.00027152,0.00038653,0.00281238,-0.00036923,0.00051621,-0.00035
787,-0.00029650,-0.00089195,-0.00007684,0.00061037,0.00014970,-0.00257861,0.0009
0853,0.00012460,-0.00003689,0.00029651,-0.00333611,-0.00246600,-0.00201599,-0.00
173988,-0.00038827,0.00037316,0.00081756,0.00048219,0.00043062,0.00040125,0.0055
1572,-0.00120624,-0.00117057,-0.00280141,0.00049334,-0.00050955,0.00173540,-0.00
095949,0.00083816,0.00008037,0.00063262,-0.00008298,-0.00005078,0.00024933,0.001
14547,-0.00054655,-0.00013725,0.00692111,0.00016144,-0.00102919,0.00083997,-0.00
243929,0.00097810,-0.01232399,-0.00361206,0.00433656,-0.03295179,-0.03616555,0.0
2965826,0.00682083,0.00142445,-0.00771819,0.00281905,-0.00129848,-0.00083667,-0.
00019103,-0.00106621,0.00034018,0.00007693,-0.00007207,-0.00001524,-0.00019336,0
.00051725,0.00038827,0.00001113,-0.00013296,-0.00002827,-0.06903132,0.53923975,-
0.01027754,-0.00091758,-0.00232410,0.00087467,-0.00047335,0.00009556,-0.00036551
,0.00019350,0.00072294,0.00020612,-0.00009572,-0.00021126,-0.00047920,0.00051718
,-0.00013502,0.00066613,0.00045440,0.00047690,0.00020647,0.00000775,0.00030750,-
0.00004879,-0.00130554,0.00045780,-0.00038154,-0.00001083,-0.00006217,-0.0006513
6,0.00019980,-0.00040476,0.00006762,0.00097993,-0.00138430,-0.00162354,0.0009934
4,0.00036205,0.00203513,0.00021348,0.00226865,0.00091000,-0.00135075,0.00047599,
-0.00099816,-0.00000111,-0.00005043,-0.00498576,-0.00606102,-0.00683484,-0.00028
215,-0.00058925,0.00045225,0.00103404,-0.00046581,0.00131277,0.00070974,-0.00111
300,-0.00143894,0.00008362,0.00008873,-0.00012996,-0.00081916,0.00006352,-0.0003
9700,0.00030633,0.00144502,-0.00033721,0.00233645,0.00097612,-0.00074354,0.00793
048,0.00389486,-0.00741809,0.08926991,0.02425917,-0.09017135,0.01128936,-0.00483
579,-0.00288748,-0.00164024,0.00000451,0.00140355,-0.00002504,0.00045840,-0.0004
3178,-0.00000965,0.00004984,0.00000223,0.00040893,0.00038666,-0.00001014,-0.0000
3274,-0.00016387,0.00002183,0.01200685,-0.20587421,0.59647584,0.00284031,0.00234
661,-0.00167424,0.00094594,-0.00061736,-0.00047445,0.00074965,-0.00003025,-0.000
12566,-0.00011891,0.00038925,0.00004772,-0.00032795,-0.00044438,-0.00002561,-0.0
0016738,-0.00015686,-0.00017357,0.00022439,-0.00006980,-0.00014799,0.00213067,-0
.00045590,-0.00022880,-0.00052379,0.00029497,0.00054842,-0.00032975,0.00004567,0
.00053721,-0.00176066,0.00024435,0.00034964,0.00046763,-0.00054042,0.00014616,-0
.00184855,-0.00398357,-0.00289434,-0.00052787,0.00053049,-0.00013451,0.00052223,
-0.00002935,0.00026080,-0.00332540,-0.00284755,-0.00087788,-0.00055433,-0.000227
83,0.00016148,0.00124809,0.00038635,-0.00016067,0.00018695,0.00017801,0.00071821
,0.00016263,-0.00004959,0.00002983,-0.00080471,0.00033970,0.00035889,0.00114407,
-0.00062238,-0.00059755,-0.00111645,-0.00102703,0.00003244,-0.00173983,0.0007346
8,0.00127731,0.00646443,-0.00961924,0.00972938,-0.00028260,-0.00070974,0.0010267
9,-0.00003985,-0.00092776,0.00043823,-0.00054887,-0.00029408,-0.00008951,-0.0000
5367,0.00003601,0.00001752,0.00000438,0.00024902,0.00001848,-0.00003281,-0.00018
247,0.00002549,-0.06949710,0.06743132,-0.06686776,0.06176869,0.00112347,0.002468
20,-0.00145604,0.00085120,-0.00068493,0.00002128,0.00077541,-0.00081903,-0.00046
491,0.00015997,0.00025431,-0.00013291,0.00010537,0.00050954,-0.00018362,-0.00012
944,0.00010223,-0.00024986,-0.00000570,-0.00006991,-0.00001894,-0.00007329,-0.00
208509,0.00029820,-0.00039037,0.00025959,0.00017604,-0.00029139,0.00018342,0.000
32213,0.00009976,0.00158985,-0.00053997,-0.00033774,-0.00092038,0.00041489,-0.00
066139,-0.00177647,-0.00223508,-0.00058323,-0.00035931,-0.00008502,-0.00012484,-
0.00027715,-0.00004681,-0.00563413,-0.00668430,-0.00243986,0.00015813,0.00038637
,-0.00015759,0.00059365,-0.00124924,0.00023385,0.00000110,0.00021042,0.00087571,
0.00006631,0.00007651,-0.00021646,-0.00088349,0.00046154,0.00032562,-0.00114067,
-0.00068230,0.00032174,-0.00085023,-0.00032956,0.00019065,-0.00092498,0.00194928
,0.00154036,-0.00104907,-0.00585255,0.00838660,0.00219040,0.00010451,-0.00078049
,-0.00113613,-0.00014425,0.00011034,0.00015837,0.00076497,-0.00023501,-0.0000676
2,0.00005057,0.00003039,0.00018184,0.00015993,-0.00010672,0.00002705,0.00009161,
0.00001843,0.07160837,-0.28417022,0.25686035,-0.06858017,0.30010071,0.00034536,-
0.00162769,0.00016068,-0.00032983,0.00017226,-0.00016282,0.00010365,0.00006000,-
0.00044655,-0.00020194,0.00006781,0.00009803,-0.00001518,-0.00031290,0.00000476,
0.00029636,-0.00002027,0.00004185,-0.00006150,0.00000811,0.00000624,0.00021282,0
.00067377,-0.00034335,0.00015079,0.00002867,0.00012044,0.00002081,-0.00001227,0.
00049326,-0.00015755,-0.00046120,0.00083730,0.00010950,-0.00073429,0.00024169,-0
.00203175,-0.00271817,-0.00164071,-0.00087829,0.00047757,-0.00045089,0.00042471,
-0.00002653,-0.00000312,-0.00029886,0.00074300,0.00052279,-0.00012759,-0.0001152
2,0.00004415,-0.00021056,0.00026976,-0.00079106,-0.00032052,0.00050751,0.0005814
8,-0.00000055,-0.00007613,0.00009399,0.00034638,0.00001089,0.00025577,-0.0001141
2,0.00011979,0.00011276,0.00074210,0.00116801,-0.00008542,0.00239098,-0.00198886
,-0.00143281,0.00006828,0.01430843,-0.01119454,-0.00218048,0.00131193,0.00055096
,0.00044170,0.00001821,-0.00080054,0.00000275,-0.00026924,0.00019564,0.00000592,
-0.00002734,-0.00000198,-0.00016150,-0.00018454,0.00000699,0.00000424,-0.0000090
1,-0.00002078,-0.07123534,0.25435470,-0.32515922,0.08073650,-0.27838331,0.346071
84,0.00465209,-0.00065122,-0.00054189,0.00060708,-0.00040495,-0.00018560,0.00082
557,-0.00005606,-0.00030088,0.00013720,0.00048323,-0.00012533,0.00003160,-0.0001
8805,0.00005400,0.00007903,-0.00001305,-0.00023892,-0.00007879,-0.00022594,-0.00
010514,0.00064285,-0.00065329,0.00001969,-0.00030441,0.00017998,0.00025856,-0.00
071368,0.00046431,-0.00014202,-0.00033614,0.00032163,-0.00011743,0.00005538,-0.0
0009236,0.00025614,-0.00153965,0.00059768,-0.00015121,-0.00380615,-0.00202807,0.
00024879,0.00015255,0.00000277,0.00023500,-0.00115638,0.00059117,-0.00047662,-0.
00355810,-0.00186076,-0.00055988,0.00078386,-0.00021718,0.00016695,0.00024448,0.
00032977,0.00039834,0.00009482,-0.00000416,-0.00002946,-0.00062060,0.00021927,0.
00026886,-0.00135040,-0.00057512,-0.00050903,-0.00068862,0.00005567,-0.00050943,
-0.00003258,0.00093218,-0.00015606,-0.00362517,0.00921563,0.00347237,-0.00045531
,-0.00132828,0.00249994,0.00007683,-0.00022346,-0.00000794,-0.00011538,0.0001414
1,-0.00014183,-0.00003058,0.00002324,0.00001728,0.00004821,0.00031709,0.00003326
,0.00000594,-0.00002918,0.00001071,-0.05959428,0.04861851,0.01663689,0.00362570,
0.00245640,0.00035436,0.19911773,-0.00025132,-0.00044742,-0.00001020,0.00015419,
-0.00012068,-0.00001575,0.00012458,-0.00017074,-0.00004890,0.00002206,-0.0000597
6,-0.00003745,-0.00039349,0.00020000,0.00021321,-0.00002958,0.00002306,-0.000047
78,-0.00006686,-0.00009147,0.00002598,-0.00009028,-0.00042367,0.00007646,-0.0000
5324,0.00004320,0.00002631,-0.00004891,-0.00001560,-0.00002564,0.00008754,0.0003
3701,-0.00014086,0.00008448,0.00005066,-0.00002991,0.00031230,-0.00004785,0.0000
7860,-0.00109975,-0.00037284,-0.00002095,-0.00004341,-0.00005061,0.00000838,0.00
042692,-0.00071055,0.00048300,-0.00341369,-0.00069218,-0.00057549,0.00011459,-0.
00025107,0.00007635,-0.00006033,0.00002065,0.00000454,-0.00000974,0.00001805,-0.
00002857,-0.00015999,0.00005331,0.00006507,-0.00065691,-0.00020762,0.00002102,-0
.00022150,0.00002290,-0.00007186,0.00049248,0.00023902,-0.00019882,-0.00058259,0
.00447601,0.00097984,-0.00069007,0.00017107,0.00051897,-0.00028753,-0.00005301,0
.00000421,0.00005984,0.00018173,-0.00005827,-0.00001071,0.00001038,0.00000475,-0
.00005383,0.00002448,0.00002678,-0.00001714,-0.00001302,0.00000399,0.04503182,-0
.12964497,-0.03091550,0.00675812,-0.00834462,0.00197394,-0.16907861,0.45582392,-
0.00054969,0.00010069,-0.00027557,-0.00009914,0.00005527,-0.00002413,-0.00004530
,-0.00000752,-0.00014819,0.00003462,-0.00006562,0.00001787,-0.00007254,0.0002177
0,-0.00028952,-0.00004254,-0.00000678,0.00004883,0.00008538,0.00009914,-0.000014
32,0.00002229,0.00009945,-0.00007301,0.00003457,-0.00000846,-0.00000139,-0.00003
060,-0.00008759,0.00009877,-0.00003571,-0.00011194,0.00014689,-0.00006157,-0.000
07615,-0.00019988,-0.00076222,-0.00010100,-0.00054364,-0.00015829,0.00034173,0.0
0001413,0.00004021,0.00002295,-0.00001810,-0.00103593,0.00088785,-0.00030529,0.0
0125998,0.00011871,0.00135619,-0.00013780,0.00001748,-0.00016129,-0.00002680,0.0
0011610,0.00014246,-0.00000179,-0.00000533,0.00000402,0.00005882,-0.00000234,0.0
0006270,0.00063760,-0.00003502,0.00024830,0.00001608,-0.00005196,0.00016396,-0.0
0036876,-0.00035935,0.00042013,0.00264539,-0.00644860,-0.00056885,0.00039356,0.0
0058399,-0.00109399,0.00011588,0.00004120,-0.00018185,-0.00000030,-0.00005751,0.
00002776,0.00000070,-0.00000083,0.00000091,0.00004061,-0.00001918,-0.00004760,-0
.00000390,0.00000588,-0.00000215,0.01968042,-0.03708053,-0.05075065,-0.00697186,
0.01604370,0.00459625,-0.03361505,-0.04746162,0.63327455,0.00015413,-0.00032553,
-0.00026935,0.00013473,-0.00009260,-0.00001586,0.00014349,-0.00001279,-0.0000508
8,-0.00000889,0.00010499,-0.00002806,-0.00012348,-0.00010197,0.00002962,0.000027
18,-0.00000477,-0.00001645,0.00000923,-0.00000799,0.00001477,0.00011605,-0.00012
053,0.00002381,-0.00005940,0.00004091,0.00004445,0.00007670,0.00007093,0.0000430
4,-0.00003862,0.00006335,-0.00003976,-0.00011349,-0.00013474,0.00018731,-0.00071
188,0.00069362,-0.00003823,-0.00050158,-0.00024196,0.00034535,-0.00000431,-0.000
00904,0.00007275,-0.00134249,0.00024797,0.00009633,-0.00094248,-0.00062419,0.000
58614,0.00014668,-0.00001186,-0.00002061,-0.00014914,0.00003347,0.00011787,0.000
01147,-0.00000323,-0.00000717,-0.00011876,0.00005126,0.00003575,-0.00005112,-0.0
0000309,-0.00020724,0.00011346,-0.00011578,-0.00010411,-0.00007254,0.00013632,-0
.00017388,-0.00081562,0.00147335,0.00089078,-0.00032083,-0.00017282,0.00015269,-
0.00002462,-0.00007948,0.00000808,-0.00000304,0.00002714,-0.00002066,-0.00000698
,0.00000453,0.00000232,0.00000049,0.00006493,0.00000067,0.00000313,-0.00000126,0
.00000064,-0.00348538,0.00391841,0.01028132,0.00052379,-0.00042158,-0.00102144,-
0.06395879,0.02853852,0.04101729,0.23817448,0.00009484,-0.00014260,0.00002759,-0
.00011782,0.00006977,-0.00001378,-0.00003904,-0.00000974,-0.00010432,-0.00000214
,0.00000093,-0.00000280,0.00010460,0.00004790,-0.00004538,0.00002684,-0.00000348
,0.00001845,0.00003229,0.00004166,0.00000307,-0.00011179,0.00008720,-0.00006224,
0.00004349,-0.00002504,-0.00001578,-0.00010054,0.00002670,-0.00004485,0.00009256
,-0.00008250,0.00013154,0.00008288,-0.00007972,0.00003847,0.00026945,0.00016917,
0.00032161,-0.00051707,-0.00043301,-0.00011704,0.00005101,-0.00001652,-0.0000187
5,0.00104223,-0.00042003,-0.00040570,-0.00088342,0.00011740,0.00019386,-0.000146
75,-0.00003721,-0.00014774,0.00007651,0.00013308,0.00010888,-0.00000458,0.000007
87,-0.00000058,0.00010618,-0.00001397,0.00002771,0.00029442,0.00006395,0.0002332
4,0.00008767,0.00007132,0.00018891,-0.00008039,-0.00021253,0.00003648,0.00048808
,-0.00224857,-0.00111244,0.00025172,0.00027183,-0.00051387,-0.00002657,0.0000349
0,-0.00008433,0.00001963,-0.00001842,0.00003454,0.00000383,-0.00000318,-0.000001
13,0.00000861,-0.00004574,-0.00000583,-0.00000127,0.00001132,0.00000467,0.004750
43,-0.00500620,-0.01708455,-0.00024964,0.00026443,0.00129692,0.02297259,-0.08690
729,-0.00429580,-0.22175983,0.55460791,-0.00018631,0.00042163,-0.00045879,0.0001
6062,-0.00011069,-0.00002482,-0.00004130,-0.00003627,0.00001633,-0.00000726,-0.0
0002093,0.00001221,-0.00001005,0.00011412,-0.00019755,-0.00000376,0.00000684,-0.
00000096,-0.00003853,0.00001193,-0.00000088,0.00014479,-0.00011620,0.00003865,-0
.00007822,0.00003072,0.00007153,-0.00022657,0.00016500,-0.00011878,-0.00014978,0
.00012889,-0.00008564,0.00000752,0.00007805,-0.00008125,0.00014905,-0.00026680,-
0.00038484,-0.00028423,-0.00057141,0.00002910,-0.00005701,0.00000888,-0.00002979
,-0.00070813,0.00002990,0.00075625,0.00068904,0.00100972,-0.00078606,0.00015662,
-0.00010190,0.00011462,-0.00012187,-0.00004188,0.00001862,0.00003025,-0.00000100
,-0.00000892,-0.00011301,0.00008317,0.00003183,-0.00001736,0.00006534,0.00001273
,0.00004275,-0.00000870,-0.00006415,0.00013114,0.00020332,-0.00004895,-0.0006181
5,0.00027438,0.00050396,-0.00019455,-0.00009322,0.00016338,0.00002084,0.00007968
,0.00006131,-0.00006441,-0.00000040,-0.00004469,-0.00000337,0.00000814,0.0000024
4,0.00002307,0.00003587,-0.00005142,-0.00000666,-0.00000552,-0.00000051,0.007871
40,-0.01309962,-0.00741062,-0.00140422,0.00253954,-0.00104685,0.06569071,-0.0552
4892,-0.31232542,-0.05079611,-0.04290708,0.64167739,0.00007700,-0.00008983,-0.00
007266,-0.00004840,0.00003591,-0.00000491,-0.00003616,0.00002090,0.00001693,0.00
001202,-0.00000854,-0.00001590,-0.00000267,0.00005105,-0.00003271,0.00000647,-0.
00000343,0.00001579,0.00001415,0.00002233,0.00000777,-0.00008409,0.00006021,-0.0
0001432,0.00002345,-0.00001723,-0.00001863,-0.00001571,0.00000400,0.00000662,0.0
0006436,-0.00006587,0.00002931,-0.00005587,0.00002011,0.00001787,0.00003202,-0.0
0003404,0.00005895,0.00001632,-0.00011562,-0.00008459,0.00000528,0.00000687,-0.0
0000732,-0.00002298,0.00007544,-0.00011180,-0.00013211,-0.00000160,0.00002012,-0
.00009092,0.00004023,-0.00003415,0.00002362,-0.00001982,-0.00002350,-0.00000534,
0.00000438,-0.00000023,0.00006374,-0.00002502,-0.00003151,0.00014892,0.00006010,
0.00002364,0.00014768,0.00000050,0.00000298,-0.00006539,-0.00006220,-0.00002041,
0.00015493,-0.00070786,-0.00036550,0.00005279,0.00004425,-0.00018661,-0.00001895
,0.00000817,-0.00002701,0.00002594,-0.00001035,0.00002088,0.00000212,0.,-0.00000
093,0.00000808,0.00000717,0.00000447,0.00000039,0.00000253,-0.00001013,0.0047838
7,0.00210872,0.00206872,-0.00018624,-0.00047806,-0.00047964,-0.00286997,0.003601
43,0.04343133,-0.11128076,0.11609589,0.01778347,0.23579208,-0.00019560,-0.000041
20,0.00006231,0.00002089,-0.00002233,0.00000454,0.00000677,0.00000121,-0.0000312
2,-0.00000955,-0.00000545,0.00001418,0.00001941,-0.00012213,0.00006285,0.0000029
5,-0.00000072,0.00000043,0.00001511,0.00002057,0.00000061,-0.00002695,-0.0000082
2,0.00000979,-0.00001129,0.00000791,0.00001874,0.00006836,0.00003929,0.00000260,
0.00002897,-0.00000367,-0.00000631,-0.00001805,-0.00007216,0.00002162,-0.0004153
2,0.00014888,-0.00017128,0.00014043,0.00022428,0.00023136,-0.00000239,-0.0000024
7,0.00000780,-0.00014671,-0.00019893,0.00014572,0.00016035,0.00002540,0.00006488
,-0.00000963,-0.00001929,0.00000559,-0.00007303,0.00000358,0.00003832,-0.0000012
9,-0.00000041,0.00000308,-0.00000525,0.00002785,-0.00000355,0.00009714,0.0000128
7,0.00001687,-0.00001149,-0.00001109,0.00000639,-0.00005053,-0.00011387,0.000093
09,0.00043386,-0.00057240,-0.00033276,-0.00000062,0.00009565,-0.00014049,0.00001
208,0.00001029,-0.00000262,-0.00000413,0.00000892,0.00000623,0.00000156,-0.00000
069,-0.00000211,-0.00000387,-0.00002916,-0.00000113,0.00000532,0.00002037,0.0000
0651,0.00209697,0.00227851,-0.00084026,-0.00062848,0.00052576,0.00006297,0.00983
953,0.00462693,-0.08037462,0.10848790,-0.25055471,-0.01835145,-0.21431185,0.5368
4743,-0.00041045,0.00016600,0.00004302,0.00012217,-0.00009238,-0.00000962,0.0000
1763,-0.00001222,0.00012109,-0.00002500,-0.00000342,0.00001655,-0.00001706,-0.00
003889,-0.00007420,-0.00003351,-0.00000765,0.00000308,-0.00001939,0.00000255,0.0
0000099,0.00010679,-0.00010013,0.00001707,-0.00004630,0.00004564,0.00004986,0.00
009465,0.00011069,-0.00004092,-0.00007747,0.00013357,-0.00002069,0.00010034,0.00
004114,0.00008300,-0.00005355,-0.00001759,0.00019580,-0.00004253,-0.00002692,0.0
0019109,-0.00001251,-0.00003063,-0.00000734,0.00030586,-0.00012828,-0.00008171,0
.00023491,0.00005542,-0.00038849,0.00022575,-0.00003870,0.00004149,-0.00006930,-
0.00002634,-0.00000687,0.00000614,-0.00001205,-0.00001101,-0.00008030,0.00004879
,0.00000425,0.00005784,-0.00003616,-0.00009221,0.00006230,-0.00007052,-0.0000540
9,-0.00002327,0.00011325,-0.00007288,0.00012417,-0.00078088,-0.00027920,0.000168
43,-0.00005503,-0.00009449,0.00000471,-0.00000508,-0.00000795,0.00000561,0.00001
989,-0.00000201,-0.00001167,0.00000671,-0.00000005,-0.00001676,0.00001677,-0.000
04314,0.00000414,0.00000923,-0.00000351,0.00190284,-0.00041203,-0.00422849,-0.00
050223,0.00055487,0.00064064,0.01717246,-0.02948197,-0.00912977,0.05366937,-0.08
770893,-0.11238806,-0.06046705,-0.02301865,0.66962242,-0.00008875,-0.00008876,-0
.00001796,-0.00006337,0.00004390,0.00002245,-0.00006522,0.00002485,0.00007336,-0
.00000309,-0.00002869,0.00000154,-0.00000239,0.00000881,0.00002195,-0.00000119,0
.00000493,-0.00000174,0.00000622,-0.00000273,-0.00000198,-0.00003210,0.00005730,
-0.00001244,0.00003483,-0.00002813,-0.00003026,0.00010436,-0.00005134,0.00003467
,0.00002920,-0.00005894,0.00001210,0.00004640,0.00001644,-0.00001839,0.00004234,
-0.00004525,-0.00000269,0.00003959,0.00009580,-0.00012016,0.00000415,0.00000039,
0.00001467,0.00004547,0.00002565,-0.00001293,-0.00014368,0.00000012,0.00010597,-
0.00004875,0.00004332,-0.00000568,0.00000475,-0.00002065,-0.00004058,-0.00001128
,0.00000590,0.00000937,0.00004887,-0.00002275,-0.00004014,0.00001777,0.00000297,
-0.00000580,0.00003788,-0.00003690,0.00000006,0.00002276,0.00008009,-0.00005258,
0.00003858,-0.00006133,-0.00010169,0.00006615,-0.00000620,-0.00000767,0.00000062
,-0.00000782,-0.00000669,-0.00001005,-0.00000966,0.00001088,0.00000966,-0.000006
91,-0.00000356,0.00000164,0.00000389,0.00001352,-0.00000429,0.00000412,-0.000000
78,-0.00023733,0.00040954,0.00030142,0.00006148,-0.00013357,0.00009036,-0.004275
62,-0.00381459,-0.00361343,-0.00863704,0.02073438,-0.00471262,-0.07495312,0.0647
0886,-0.05529781,0.23995846,-0.00021528,0.00021925,0.00000016,0.00008413,-0.0000
6341,-0.00000951,0.00001567,-0.00000764,0.00008545,-0.00000020,0.00001536,-0.000
00277,-0.00004134,-0.00010866,-0.00005188,-0.00002134,-0.00001139,0.00000099,-0.
00002145,-0.00000455,0.00000159,0.00002186,-0.00007590,0.00002256,-0.00002909,0.
00003545,0.00002829,0.00007933,0.00009066,-0.00005981,-0.00003123,0.00011529,-0.
00002952,0.00013624,0.00012938,0.00000903,0.00008287,-0.00028872,0.00013752,0.00
008995,-0.00001060,0.00014578,-0.00004799,-0.00000873,-0.00001690,-0.00009474,0.
00003764,-0.00001772,0.00025311,0.00001707,-0.00030941,0.00012796,-0.00005595,0.
00005211,0.00000465,-0.00003312,-0.00002634,0.00000787,-0.00000944,-0.00001192,-
0.00005339,0.00002299,-0.00000063,-0.00005239,-0.00000615,-0.00007427,0.00005732
,-0.00007892,-0.00004431,0.00014844,0.00010174,-0.00010190,-0.00025090,0.0001314
2,0.00018877,-0.00000819,-0.00003440,0.00002600,-0.00002675,0.00001901,0.0000126
7,0.00003088,0.00002957,0.00000141,-0.00000934,0.00000666,0.00000116,-0.00000863
,-0.00000168,-0.00003636,0.00001293,0.00002277,-0.00000244,0.00035411,-0.0011615
1,0.00024397,-0.00008531,0.00050245,-0.00040960,-0.00410780,-0.00382854,0.018991
00,0.02694527,-0.05057840,-0.00268864,0.05580200,-0.19340458,0.14681632,-0.22446
081,0.55941889,0.00003599,-0.00007587,0.00011919,0.00001316,-0.00000839,-0.00000
641,0.00002369,-0.00000885,-0.00004876,0.00000628,0.00001407,-0.00001187,-0.0000
2872,-0.00015693,0.00004990,0.00001270,-0.00001348,0.00001599,0.00001447,-0.0000
0068,0.00000497,0.00003927,-0.00002618,-0.00002111,-0.00001198,0.00000434,-0.000
00311,0.00006608,-0.00002898,0.00006117,-0.00005075,-0.00000277,0.00003174,-0.00
006508,-0.00006943,0.00000646,-0.00035632,0.00026415,-0.00029305,0.00022596,0.00
032403,0.00005927,0.00000615,0.00000543,0.00001475,-0.00004889,-0.00005012,0.000
13218,0.00043645,-0.00024927,0.00014265,-0.00001444,-0.00002357,-0.00001525,-0.0
0001763,0.00002195,0.00005166,0.00001364,-0.00000274,-0.00001420,-0.00003223,0.0
0000936,0.00002066,0.00000227,0.00000494,0.00000822,-0.00006837,-0.00004110,0.00
004557,0.00002270,-0.00002073,0.00004827,0.00005970,0.00005951,0.00014216,-0.000
07756,0.00008722,-0.00004692,0.00002501,-0.00001612,-0.00003759,-0.00000139,-0.0
0000809,-0.00000257,-0.00000338,0.00000496,0.00000260,0.00000344,-0.00003859,-0.
00002374,0.00002695,0.00002332,0.00000850,0.00075039,-0.00121579,-0.00198824,-0.
00024918,0.00025030,0.00021325,-0.00476211,0.02024029,-0.05906521,-0.03136431,0.
05003413,0.05210552,-0.01859858,0.07729283,-0.20800449,-0.05237827,-0.02014406,0
.64326065,0.00032280,-0.00022331,0.00001215,-0.00007587,0.00004727,0.00002198,0.
00005522,-0.00006197,-0.00010008,0.00002106,-0.00002054,-0.00002417,-0.00003746,
-0.00005555,0.00011611,0.00002253,-0.00001043,-0.00000014,0.00003095,0.00001531,
0.00001687,-0.00003214,0.00006648,-0.00000705,0.00003325,-0.00001680,-0.00002735
,-0.00003102,-0.00004441,0.00004166,0.00004468,-0.00004987,0.00003424,-0.0000943
5,-0.00009644,0.00001711,-0.00023283,0.00018245,-0.00016553,0.00036946,0.0001350
6,0.00000103,0.00002163,0.00000244,-0.00000287,0.00000282,-0.00000653,0.00006174
,-0.00073706,-0.00000206,-0.00013061,-0.00012551,0.00002065,-0.00008718,0.000035
38,0.00005538,0.00003091,-0.00001215,0.00000483,0.00000514,0.00006134,-0.0000107
0,0.00001322,0.00015820,0.00005109,0.00006834,-0.00002053,0.00002421,0.00007163,
-0.00007127,-0.00021389,0.00008104,0.00026639,-0.00058879,-0.00023332,-0.0000265
7,0.00009399,-0.00017505,0.00003046,-0.00001001,-0.00000630,0.00001454,-0.000006
19,0.00001182,0.00000255,-0.00000199,0.00000028,-0.00001925,-0.00005496,0.000027
80,0.00001673,0.00002575,0.00001345,0.00501521,0.00165739,-0.00206765,-0.0007066
2,0.00025361,0.00026759,-0.00762917,0.02951275,-0.03057244,-0.01426302,0.0111497
1,0.01808167,0.01414500,-0.02569493,0.00309501,-0.06815280,0.03073531,0.02829176
,0.23755229,-0.00025910,0.00019407,-0.00005935,0.00009479,-0.00005987,-0.0000371
0,0.00003657,-0.00000182,-0.00009511,0.00003952,0.00004581,-0.00001050,0.0002359
9,0.00006037,-0.00031535,0.00002657,0.00001547,0.00000297,0.00000351,-0.00000162
,-0.00000967,0.00004567,-0.00012705,0.00001688,-0.00005682,0.00003135,0.00004152
,-0.00008132,0.00016488,-0.00014938,-0.00007667,0.00006772,-0.00002936,-0.000006
00,0.00011919,0.00000259,0.00017414,-0.00038132,0.00023884,-0.00017747,-0.000471
57,-0.00004589,-0.00004292,0.00001988,-0.00000728,0.00002211,0.00002280,-0.00011
797,0.00056844,0.00018846,-0.00002306,0.00009182,-0.00011319,0.00001051,-0.00002
311,0.00005502,0.00011175,0.00002652,0.00000094,-0.00001655,-0.00010093,0.000029
57,0.00006350,-0.00003783,0.00004955,0.00002789,0.00003247,0.00004568,-0.0000004
0,-0.00005781,0.00007476,0.00000932,0.00006431,-0.00024910,-0.00051931,0.0000185
0,0.00001239,-0.00004334,-0.00004862,0.00001320,0.00000620,-0.00000456,0.0000279
4,-0.00003437,-0.00000867,0.00000765,0.00000535,0.00005769,0.00004704,-0.0000745
5,0.00000169,0.00002121,-0.00001793,0.00159825,0.00157512,0.00448133,0.00030545,
-0.00083878,-0.00047848,0.02352853,-0.05083326,0.04930062,0.01089787,-0.02188293
,-0.02939335,-0.01966828,0.03676614,0.00740980,0.02252777,-0.09186338,0.00070928
,-0.22299740,0.55047241,0.00012478,-0.00014710,-0.00013115,-0.00006597,0.0000386
0,0.00000860,-0.00004421,0.00003265,-0.00000182,0.00001137,-0.00002502,-0.000012
40,-0.00007746,-0.00024897,-0.00003976,0.00001675,-0.00000253,0.00000124,0.00001
056,-0.00000335,-0.00000355,-0.00007438,0.00005965,-0.00001140,0.00003223,-0.000
02624,-0.00002044,-0.00015742,-0.00001248,-0.00004451,0.00008113,-0.00009403,0.0
0001776,-0.00004848,0.00003991,-0.00002152,0.00023952,-0.00009607,0.00009908,-0.
00021680,-0.00033571,-0.00020971,0.00001989,0.00001809,0.00000728,0.00004822,0.0
0007466,-0.00014748,-0.00030224,0.00007084,0.00015071,-0.00013687,0.00003345,-0.
00003159,0.00003182,0.00000420,-0.00000848,-0.00001002,0.00000126,0.00001255,0.0
0006067,-0.00001155,-0.00002591,0.00004894,0.00003363,0.00009181,-0.00002373,-0.
00000810,0.00009388,0.00024090,0.00010446,0.00003949,0.00006177,0.00005367,-0.00
017320,-0.00006991,0.00008584,-0.00000162,0.00001204,0.00000844,0.00000742,-0.00
000482,-0.00000113,0.00000481,0.00000895,-0.00000572,-0.00000279,-0.00003798,-0.
00005388,-0.00000773,0.00001522,0.00002826,0.00002188,-0.00195162,0.00432624,-0.
00004016,-0.00009922,0.00072316,-0.00028166,-0.00312481,-0.00275919,0.04871355,0
.01786336,-0.02983176,-0.03153013,-0.02367814,0.05864095,-0.05652807,0.06550833,
-0.06882987,-0.31075256,-0.03942477,-0.03639284,0.65110409,0.00112521,-0.0007515
4,0.00023106,0.00014921,-0.00010522,-0.00003641,0.00029798,-0.00000163,-0.000037
90,0.00004749,0.00018341,-0.00007602,-0.00095041,0.00046188,0.00037827,0.0000064
0,0.00001199,-0.00008550,0.00006563,0.00001368,-0.00003270,0.00011565,-0.0001382
0,0.00000872,-0.00006318,0.00004955,0.00005973,-0.00009923,0.00035523,-0.0002630
5,-0.00004398,0.00006133,-0.00000910,0.00012132,0.00013019,0.00014893,-0.0000874
4,-0.00029261,0.00013659,-0.00107376,-0.00083392,-0.00023628,0.00007523,-0.00000
533,0.00005327,-0.00036215,0.00028261,-0.00009843,-0.00278868,-0.00097174,-0.000
85327,0.00021435,-0.00006952,-0.00002170,0.00002199,0.00010507,0.00025850,0.0000
1039,-0.00000206,-0.00000595,-0.00013961,0.00005054,0.00007526,-0.00000035,-0.00
009848,-0.00019558,-0.00000619,0.00016448,-0.00025188,-0.00084778,-0.00051165,0.
00043967,0.00023817,-0.00044299,0.00060718,-0.00001148,-0.00012305,-0.00015792,-
0.00000883,-0.00010597,-0.00006154,0.00001454,0.00004946,-0.00001816,-0.00001057
,0.00000471,0.00000393,0.00000607,0.00013421,0.00001945,0.00000206,0.00000239,-0
.00000867,-0.00544119,0.00924347,-0.00553499,-0.00015872,0.00256992,0.00008652,-
0.07062259,0.05946812,-0.03170738,0.01218677,-0.01851764,-0.01966854,-0.01644766
,0.02107404,-0.00794340,-0.00457136,0.00185642,0.04361791,-0.11001325,0.11754714
,0.01703344,0.23432229,-0.00008397,0.00006966,-0.00016362,0.00013172,-0.00009842
,-0.00001178,-0.00000651,-0.00009448,-0.00004421,0.00003694,-0.00001211,0.000038
90,0.00042990,0.00024162,-0.00004130,0.00004536,0.00001999,0.00000483,-0.0000256
3,0.00003214,0.00000505,0.00004388,-0.00015032,0.00002237,-0.00006876,0.00002764
,0.00005474,-0.00010347,0.00007508,-0.00005339,-0.00005888,0.00012302,-0.0000576
7,-0.00013957,-0.00010110,0.00005553,-0.00032788,0.00029157,-0.00020912,-0.00062
397,-0.00018935,0.00001612,-0.00002822,-0.00001842,-0.00001610,-0.00011737,-0.00
038398,0.00020511,0.00020949,0.00088866,0.00014255,0.00008629,-0.00012731,0.0000
4773,-0.00013981,0.00004759,0.00004190,0.00001673,0.00001426,-0.00001605,-0.0000
9176,0.00008361,0.00002430,0.00001754,0.00007567,0.00006981,0.00014082,0.0001255
2,-0.00004299,0.00025867,-0.00012064,-0.00019572,-0.00054082,0.00032172,-0.00036
512,0.00002295,0.00000515,-0.00004616,-0.00008703,0.00004963,0.00006363,-0.00003
514,0.00004362,-0.00003685,-0.00000443,0.00000772,0.00000046,0.00006732,0.000013
50,-0.00001009,-0.00002325,-0.00001718,0.00001033,0.00764502,-0.01921627,0.00859
403,0.00202999,-0.00434623,0.00040193,0.06253446,-0.17938211,0.08277854,-0.02328
529,0.03638284,0.05365151,0.02163160,-0.05125350,0.01440015,0.00799646,0.0040533
0,-0.08259070,0.11042064,-0.25512842,-0.01954266,-0.21865101,0.53463631,-0.00031
544,0.00057337,-0.00044879,-0.00012861,0.00008087,0.00008285,-0.00000992,-0.0000
2341,0.00024438,0.00001563,0.00001919,0.00004214,0.00108837,0.00051437,-0.000071
72,0.00003152,0.00000088,-0.00002656,0.00001858,0.00004098,0.00001148,-0.0002091
8,0.00010520,0.00001699,0.00007901,-0.00002798,-0.00008482,0.00021445,-0.0001453
5,0.00015855,0.00019133,-0.00003934,-0.00002121,-0.00000841,0.00015624,-0.000037
69,0.00040283,-0.00014600,0.00036131,0.00023381,-0.00010676,0.00000084,-0.000051
54,-0.00000718,-0.00003611,-0.00001893,0.00005252,-0.00040497,-0.00195996,-0.000
57097,0.00045663,-0.00007268,0.00007850,0.00000066,-0.00002925,-0.00006966,-0.00
017519,-0.00005589,0.00001463,0.00000615,0.00013951,-0.00005846,-0.00012397,0.00
016722,-0.00005584,-0.00007249,0.00034697,0.00016361,-0.00022006,-0.00086547,-0.
00048102,0.00004055,0.00081562,-0.00145284,-0.00093964,0.00017855,0.00007001,-0.
00027125,-0.00011037,0.00003953,-0.00001383,0.00007440,0.00001538,0.00004239,0.0
0000235,-0.00000659,-0.00000694,0.00014471,0.00007608,0.00001783,-0.00002474,0.0
0000590,-0.00000173,-0.00278945,0.00404996,0.00736191,0.00143244,-0.00276803,0.0
0054642,-0.05466301,0.13408971,-0.20315986,0.00164822,0.00817252,-0.05373509,-0.
00784869,0.01350736,0.00019876,0.01640764,-0.02963285,-0.00730542,0.05320452,-0.
08871015,-0.11278947,-0.04667268,-0.00513980,0.65907914,-0.00120657,0.00021148,0
.00126931,0.00043057,-0.00026342,-0.00011865,0.00035212,-0.00001672,-0.00002320,
0.00001205,0.00012451,-0.00002568,-0.00017405,-0.00025108,-0.00006287,-0.0000006
3,0.00010331,0.00001343,0.00005809,-0.00006438,0.00004847,0.00055613,-0.00038492
,0.00002538,-0.00020786,0.00011799,0.00016891,-0.00029401,0.00016935,0.00001459,
-0.00039216,0.00031070,-0.00007641,0.00003566,0.00004278,0.00018073,0.00019366,0
.00000344,0.00023852,0.00026639,0.00054858,-0.00006978,0.00008814,-0.00001750,0.
00006309,-0.00009734,0.00018761,0.00011364,-0.00022980,-0.00017093,0.00005826,0.
00051718,-0.00004255,0.00013008,0.00019964,-0.00018278,-0.00007637,0.00006095,-0
.00000660,-0.00001058,-0.00038407,0.00013386,0.00011942,-0.00027500,-0.00013651,
0.00015959,-0.00044613,-0.00017098,0.00022157,-0.00076832,0.00063519,-0.00029266
,-0.01086006,-0.00779616,-0.00558204,0.00070446,-0.00076823,-0.00010924,-0.00010
697,-0.00025260,-0.00014745,-0.00012941,0.00003819,-0.00009019,-0.00002242,0.000
01523,0.00000735,-0.00001234,0.00013098,0.00004151,-0.00000832,-0.00008318,0.000
02694,-0.08636949,-0.02496312,-0.05195209,0.00174789,-0.00090516,-0.00563195,0.0
0613551,0.00274353,0.00350956,-0.00068872,0.00081448,0.00006065,-0.00073906,-0.0
0010686,0.00004711,-0.00001890,0.00003951,0.00028007,-0.00023237,-0.00052976,-0.
00022509,-0.00010266,0.00041224,0.00016527,0.52103604,0.00020535,0.00018938,0.00
001892,0.00008243,-0.00007413,0.00000733,0.00010634,-0.00007017,-0.00003684,0.00
006266,0.00001178,-0.00002369,0.00004247,0.00006057,-0.00008360,0.00006962,0.000
02811,-0.00002959,-0.00000095,-0.00001842,0.00004779,-0.00008147,-0.00025120,0.0
0005491,-0.00003376,0.00003899,0.00001805,0.00002685,0.00010783,-0.00000272,0.00
008430,0.00016074,-0.00007299,0.00000458,-0.00000989,0.00001464,0.00008050,0.000
33515,0.00046220,-0.00000072,0.00006899,0.00008618,-0.00004499,-0.00002175,0.000
00928,-0.00007724,-0.00047948,-0.00002120,0.00017240,0.00016695,-0.00007088,0.00
000236,-0.00011034,0.00003645,0.00008523,0.00000527,0.00004371,0.00000673,0.0000
1193,-0.00002978,-0.00006577,0.00005274,0.00001237,-0.00041926,-0.00007972,0.000
19402,-0.00000424,0.00022205,-0.00003695,0.00053432,0.00016670,-0.00033378,-0.00
277411,0.00148233,-0.00219872,-0.00024966,-0.00030033,-0.00008032,-0.00025956,-0
.00001514,0.00000834,0.00004917,0.00010113,-0.00000987,-0.00000987,0.00000614,0.
00000256,0.00003468,0.00003189,-0.00005196,0.00001140,0.00006083,-0.00000349,-0.
03315908,-0.05841175,-0.02896862,0.01008636,0.00811923,0.01313948,-0.00661308,-0
.00457790,-0.00963563,0.00000092,-0.00200803,0.00091212,0.00109282,-0.00014570,-
0.00018692,-0.00012229,0.00029323,-0.00024436,0.00011699,0.00061877,-0.00005834,
-0.00049738,0.00013912,-0.00154910,0.13589127,0.17235693,0.00273038,0.00051538,-
0.00061413,-0.00007950,0.00004993,-0.00003032,-0.00000628,0.00002824,-0.00009445
,0.00001974,0.00003348,-0.00001799,0.00008293,0.00005487,0.00008110,0.00001216,-
0.00004547,-0.00002956,0.00003199,0.00003513,-0.00004421,-0.00003615,0.00016184,
-0.00006748,0.00001935,0.00001561,0.00001817,0.00015279,-0.00000939,0.00003372,0
.00000727,-0.00018095,0.00014115,0.00000330,-0.00006717,-0.00002707,-0.00013307,
0.00001470,0.00005206,-0.00015263,0.00002210,0.00016636,0.00007520,0.00001196,-0
.00000331,0.00029044,0.00057690,0.00022005,0.00009915,0.00006001,-0.00007239,-0.
00009606,0.00001338,-0.00008683,0.00002972,0.00023231,0.00020469,0.00001426,-0.0
0001871,0.00001424,0.00005687,-0.00001091,0.00002195,-0.00001242,-0.00023629,-0.
00001530,-0.00009094,0.00003163,-0.00001862,-0.00043798,-0.00046939,-0.00028077,
0.00544886,0.00311873,0.00573335,0.00007254,-0.00002669,-0.00031417,0.00019082,0
.00007398,-0.00008768,0.00000127,-0.00004358,0.00003392,0.00000222,-0.00000821,0
.00000456,-0.00002273,-0.00003251,0.00000443,0.00000220,0.00002376,-0.00000633,-
0.05321762,-0.02634673,-0.08610690,-0.01159606,0.00034119,-0.01327804,-0.0038886
6,-0.00621848,-0.00425214,0.00006972,-0.00101974,0.00049871,0.00070747,0.0000575
1,0.00001858,-0.00011048,0.00013627,0.00006658,0.00067151,-0.00002372,-0.0002071
0,-0.00005841,-0.00023654,-0.00069536,-0.07652012,0.05212722,0.59024795,0.000080
48,-0.00002592,0.00064134,0.00005355,-0.00008212,-0.00011561,0.00010823,-0.00002
789,-0.00022252,0.00002239,0.00009071,-0.00007515,0.00001525,-0.00022974,-0.0001
4197,-0.00006235,-0.00006437,-0.00003751,-0.00004599,-0.00002245,-0.00004091,0.0
0009694,-0.00009155,-0.00009155,-0.00002420,0.00004975,0.00008743,-0.00004799,0.
00015291,-0.00002777,-0.00005696,0.00004834,0.00013869,0.00006554,-0.00008371,0.
00016512,-0.00015592,-0.00021329,0.00004499,-0.00015206,0.00015768,-0.00008880,0
.00007857,0.00001909,0.00005413,0.00015559,0.00019964,0.00013063,0.00004449,0.00
007483,-0.00005644,0.00002776,-0.00010427,-0.00009856,0.00012077,0.00002407,0.00
011945,0.00003685,-0.00002580,0.00000037,-0.00005862,0.00007279,0.00012763,-0.00
029988,-0.00001714,0.00019600,-0.00046103,-0.00001251,0.00031094,0.00034039,0.00
013328,0.00001017,-0.00164529,-0.00104056,-0.00153442,0.00034476,0.00009759,-0.0
0009770,0.00003077,-0.00007502,-0.00015825,0.00000898,0.00001143,0.00001364,-0.0
0000041,-0.00000057,0.00000788,-0.00000155,-0.00001784,-0.00003296,0.00003006,0.
00002750,0.00001025,0.00551827,-0.00094621,-0.00982922,-0.00273576,0.00101979,-0
.00356037,-0.00199502,-0.00153762,-0.00119992,0.00023164,-0.00035928,0.00015361,
0.00025548,0.00012126,0.00003544,-0.00002213,0.00002924,-0.00000628,0.00013356,0
.00013629,0.00003823,0.00000042,-0.00005360,-0.00043503,-0.09872525,-0.00460985,
0.08392986,0.61156220,0.00004353,0.00005309,0.00011199,0.00004681,-0.00006252,-0
.00005017,0.00007047,-0.00008037,-0.00004610,0.00002786,0.00003699,-0.00001115,-
0.00003199,0.00006872,-0.00002415,-0.00003156,-0.00000855,-0.00002802,-0.0000466
0,0.00000884,-0.00002546,0.00001923,-0.00010265,-0.00004450,-0.00001993,0.000041
25,0.00004861,0.00001649,0.00007869,0.00003272,-0.00001128,0.00008566,0.00005966
,0.00000813,-0.00002916,0.00005685,-0.00008884,-0.00009336,0.00002198,-0.0000369
5,0.00004582,0.00004021,0.00003287,-0.00000530,0.00000720,0.00005545,0.00007868,
0.00006806,-0.00000578,0.00005062,-0.00001676,0.00006041,-0.00006220,-0.00002095
,0.00004026,0.00002041,0.00003046,0.00000139,-0.00000271,-0.00000535,-0.00003146
,0.00004673,0.00004620,-0.00016698,-0.00009446,0.00007667,0.00004186,-0.00006985
,0.00003641,-0.00019823,-0.00016565,-0.00009527,-0.00050163,-0.00045058,-0.00026
309,0.00019190,0.00008591,-0.00001876,-0.00003460,-0.00000474,-0.00012334,0.0000
2004,0.00004087,0.00000682,-0.00000633,0.00000306,0.00000208,0.00003021,0.000035
67,-0.00001174,0.00000417,0.00001889,-0.00000214,0.00131380,-0.00073606,-0.00776
264,-0.00054885,-0.00007867,-0.00040092,-0.00117707,-0.00134411,-0.00055104,0.00
016913,-0.00004417,-0.00006648,0.00015765,0.00003941,0.00005479,0.00000064,-0.00
000830,-0.00003778,0.00003482,0.00013357,-0.00000246,0.00005469,-0.00036759,-0.0
0001638,-0.01413301,-0.05273116,-0.01685519,0.17110449,0.19022909,0.00033289,0.0
0010043,-0.00015731,-0.00009493,0.00007066,0.00003643,-0.00005937,0.00006900,0.0
0024478,-0.00002584,-0.00005668,0.00008000,-0.00010494,-0.00000822,-0.00000480,-
0.00003375,-0.00000959,-0.00002808,-0.00000714,-0.00001497,-0.00002415,-0.000048
63,0.00010102,0.00001716,0.00005687,-0.00001874,-0.00003296,0.00018102,-0.000023
21,0.00003794,0.00006623,-0.00004896,-0.00000778,0.00012293,0.00006882,0.0000116
8,-0.00000336,0.00004600,0.00007277,0.00004185,0.00000855,0.00011741,-0.00000279
,-0.00004024,-0.00000852,-0.00002193,-0.00001064,0.00006725,-0.00007767,0.000030
68,-0.00002838,0.00004668,0.00020639,0.00003577,-0.00012416,-0.00005205,-0.00016
136,-0.00003760,0.00000224,0.00001403,0.00012628,-0.00005099,-0.00009873,0.00021
834,-0.00006931,-0.00022999,0.00024148,0.00001567,-0.00025966,-0.00037581,-0.000
06667,-0.00008858,0.00007415,-0.00014667,0.00015425,-0.00023132,-0.00015583,-0.0
0000757,-0.00011047,-0.00000106,-0.00000731,0.00004095,-0.00003489,0.00004930,-0
.00000346,-0.00000383,-0.00000916,-0.00001648,0.00003517,-0.00003443,-0.00002221
,0.00000799,-0.00001398,-0.00401404,-0.00498859,-0.01823352,-0.00093158,0.000861
66,-0.00040553,-0.00069934,-0.00005127,-0.00039086,0.00015095,-0.00021863,-0.000
29311,0.00001184,0.00013096,-0.00014129,-0.00006019,-0.00008731,0.00008045,0.000
18333,-0.00003573,0.00007497,0.00026285,-0.00007370,-0.00011051,0.02865480,-0.03
669759,-0.31118790,-0.03428035,0.07872852,0.62543772,0.00005662,0.00005097,-0.00
005156,0.00003490,-0.00002306,0.00001038,0.00002051,-0.00000233,0.00006456,-0.00
001570,-0.00001736,0.00002490,-0.00004823,-0.00001484,-0.00001905,-0.00001258,0.
00000528,-0.00002253,-0.00000914,-0.00001397,-0.00001338,0.00005887,-0.00000078,
0.00002855,-0.00000509,0.00000875,0.00001126,0.00004216,0.00000187,0.00000925,-0
.00004804,0.00004415,-0.00002798,0.00003315,0.00002371,0.00001867,0.00001954,0.0
0001853,0.00004500,0.00002267,0.00000649,0.00004496,-0.00001229,-0.00001698,-0.0
0000944,0.00001844,-0.00002272,0.00002966,-0.00000344,0.00000787,-0.00000756,0.0
0008274,0.00005308,0.00003540,-0.00006024,-0.00002939,-0.00004874,-0.00001096,-0
.00000020,0.00000305,-0.00000731,0.00000996,-0.00001546,0.00011195,-0.00005184,-
0.00010198,0.00013630,0.00002256,-0.00012911,-0.00009677,0.00009203,-0.00011305,
-0.00021252,0.00004249,0.00014134,-0.00000921,-0.00014976,0.00008156,-0.00002057
,0.00000179,-0.00000090,0.00001447,-0.00002131,0.00000582,-0.00000461,0.00000247
,-0.00000270,-0.00000640,0.00002126,-0.00000153,-0.00000849,-0.00001361,-0.00000
455,0.00211359,-0.00118866,0.00164725,0.00013943,-0.00004560,0.00038717,-0.00036
830,-0.00026068,-0.00054520,-0.00005925,-0.00008685,0.00016880,0.00006646,-0.000
01719,-0.00003161,-0.00003447,-0.00002699,-0.00000818,-0.00000644,0.00009862,0.0
0008542,-0.00004799,0.00008318,-0.00025229,0.04255880,0.00374222,-0.06115787,-0.
19986330,-0.06559067,-0.06308270,0.59115390,0.00017638,0.00002328,-0.00002829,0.
00000478,-0.00000695,0.00000102,0.00005737,-0.00002542,-0.00006988,0.00000273,0.
00001059,-0.00000660,-0.00002075,-0.00000426,0.00000928,0.00000359,0.00000574,-0
.00000631,0.00000720,-0.00000607,-0.00000870,-0.00001647,-0.00003720,0.00001425,
-0.00000238,0.00000619,0.00000333,-0.00002643,0.00000259,0.00000338,0.00001668,0
.00002285,-0.00000302,-0.00003231,-0.00003761,0.00000317,-0.00005117,-0.00003583
,-0.00003171,-0.00002788,-0.00000676,0.00000347,0.00001435,-0.00000019,-0.000003
90,0.00002485,0.00006326,0.00003571,-0.00002201,-0.00001740,0.00001750,-0.000013
27,-0.00000830,-0.00002390,0.00000659,0.00003516,0.00004025,-0.00000125,0.000000
52,-0.00000335,-0.00000489,0.00000960,0.00002258,0.00004192,-0.00003137,0.000025
43,-0.00001669,0.00000292,0.00000854,-0.00015634,-0.00007952,0.00006535,0.000038
53,-0.00022240,0.00023742,-0.00004885,0.00003017,0.00001964,0.00003342,-0.000015
37,-0.00001249,0.00001419,0.00001158,0.00000340,-0.00000392,0.00000226,0.0000001
7,-0.00000686,-0.00000354,0.00000993,-0.00000099,-0.00000599,0.00000040,-0.00047
115,0.00620361,-0.00083630,-0.00101082,-0.00070132,-0.00168797,0.00052980,0.0002
5674,0.00070266,-0.00007080,0.00016862,-0.00002584,-0.00009847,-0.00000054,0.000
02453,-0.00000605,-0.00001077,0.00004633,0.00002773,-0.00008587,-0.00001115,0.00
001704,-0.00003069,0.00011182,0.01247135,0.00298004,-0.03205125,-0.07847081,-0.0
8507104,-0.04748045,0.16423325,0.19087422,0.00020219,-0.00007837,-0.00008443,-0.
00010109,0.00005597,0.00006427,-0.00008268,0.00006274,0.00012372,-0.00002472,-0.
00002382,0.00002893,-0.00000544,-0.00007388,-0.00001652,-0.00001022,-0.00000311,
-0.00000488,-0.00001632,0.00000558,-0.00000405,-0.00010336,0.00009142,0.00000612
,0.00006395,-0.00004855,-0.00006402,0.00005931,-0.00000227,0.00000371,0.00011009
,-0.00006760,0.00002716,0.00003578,0.00000851,0.00000929,-0.00002337,0.00001649,
0.00000328,-0.00003121,-0.00002937,0.00004523,0.00000311,-0.00000960,0.00000398,
0.00002739,-0.00001451,0.00002766,-0.00001191,0.00001984,-0.00003066,-0.00011710
,0.00007506,-0.00001469,-0.00001625,-0.00001843,-0.00006602,-0.00002553,-0.00000
142,0.00000368,0.00011738,-0.00002949,-0.00008788,0.00001804,0.00001083,0.000041
03,-0.00002102,0.00002950,0.00002318,0.00001945,-0.00011547,0.00020011,0.0005703
4,0.00036477,0.00037159,-0.00020412,0.00020647,0.00007200,-0.00001377,0.00001721
,-0.00003599,0.00003631,-0.00001857,0.00003762,0.00000726,-0.00000649,-0.0000075
1,-0.00002378,-0.00003029,-0.00001055,0.00000769,0.00002387,-0.00000320,0.001544
32,-0.00152568,-0.00343282,-0.00043951,0.00036299,-0.00020792,-0.00062331,-0.000
36977,-0.00039067,0.00003403,-0.00008684,-0.00001489,0.00006524,0.00000703,0.000
01057,-0.00000031,0.00001403,0.00002632,0.00005826,0.00003983,0.00006000,0.00011
423,-0.00002322,-0.00018304,-0.00619702,-0.01209156,-0.05371315,-0.13660503,-0.0
7410353,-0.18879526,-0.03543546,0.08318753,0.65784910,-0.00006074,-0.00002092,-0
.00004414,-0.00004141,0.00002476,0.00001300,-0.00002690,0.00000537,0.00006407,-0
.00000252,-0.00002350,0.00002113,-0.00003195,0.00005537,-0.00001842,-0.00000554,
0.00001073,-0.00001704,-0.00000292,-0.00000835,-0.00001186,0.00001904,0.00004675
,-0.00000127,0.00002286,-0.00001919,-0.00001427,0.00000295,-0.00001396,0.0000187
8,-0.00000571,-0.00003347,-0.00000839,0.00000910,0.00002187,-0.00001752,0.000040
30,0.00002641,0.00002444,0.00004234,0.00000361,0.00002369,-0.00000058,-0.0000014
5,0.00000086,-0.00001876,-0.00002119,0.00000642,-0.00002253,0.00001963,0.0000088
7,-0.00001750,0.00005723,-0.00000296,-0.00002953,-0.00002606,-0.00004205,-0.0000
2004,0.00001143,0.00001189,0.00004101,-0.00001285,-0.00002214,0.00007956,-0.0000
0435,-0.00001163,0.00006708,0.00003629,-0.00002905,-0.00001465,0.00003166,-0.000
04573,-0.00000551,-0.00003902,-0.00012078,0.00006097,-0.00006521,0.00000078,-0.0
0001300,-0.00003449,0.00001893,-0.00002093,-0.00001672,0.00000165,0.00000302,-0.
00000525,-0.00000301,0.00000709,0.00000683,-0.00001004,-0.00000551,0.00000918,-0
.00000368,-0.00115534,0.00006434,-0.00003198,0.00039483,-0.00013993,0.00040006,0
.00028026,0.00026466,0.00016521,0.00000581,0.00000391,-0.00007563,-0.00003569,-0
.00003665,0.00001491,0.00002280,0.00003136,0.00000554,-0.00001070,-0.00004825,-0
.00005535,0.00008582,-0.00002919,0.00005991,-0.02643816,-0.00153899,0.03385157,-
0.05400940,-0.02891769,-0.05152197,-0.28291193,-0.06470082,0.11042660,0.60312727
,-0.00009699,-0.00002775,-0.00001883,-0.00003085,0.00001949,0.00001262,-0.000053
02,0.00001562,0.00006257,-0.00000106,-0.00001785,0.00001625,-0.00000862,0.000004
21,-0.00000144,-0.00000673,0.00000094,-0.00000469,-0.00000195,-0.00000843,-0.000
00548,-0.00001264,0.00000402,-0.00000464,0.00001955,-0.00001311,-0.00001704,0.00
003647,-0.00001420,0.00000516,0.00001700,-0.00001503,0.00000153,0.00003329,0.000
01936,-0.00001365,0.00002814,0.00000630,0.00000608,0.00002980,0.00002039,-0.0000
0287,-0.00000265,-0.00000566,0.00000486,-0.00000366,-0.00001283,0.00000173,-0.00
000696,0.00000832,-0.00000681,-0.00002307,0.00002607,0.00000107,-0.00002094,-0.0
0001240,-0.00003321,-0.00000753,0.00000417,0.00000336,0.00002728,-0.00001353,-0.
00002477,0.00002133,0.00001646,-0.00001873,0.00003092,-0.00000391,-0.00000437,0.
00003746,0.00006025,-0.00003179,-0.00000535,0.00003683,-0.00001001,0.00005274,-0
.00003426,0.,-0.00000860,-0.00001660,0.00000162,-0.00000710,0.00000712,0.0000052
2,0.00000287,-0.00000256,-0.00000205,-0.00000151,-0.00000103,-0.00000803,-0.0000
0322,0.00001081,-0.00000132,-0.00036722,-0.00017464,-0.00019466,0.00010133,-0.00
003521,0.00022742,0.00006608,0.00007049,0.00003937,-0.00001651,0.00002709,-0.000
00124,-0.00000686,0.00000454,-0.00002337,0.00003021,-0.00002385,-0.00000274,-0.0
0001667,-0.00000669,0.00003061,0.00002382,0.00002442,-0.00001363,-0.00118131,-0.
00596163,0.00720095,-0.01935633,-0.00715334,-0.00934176,-0.07797683,-0.07196187,
0.02696725,0.17228110,0.19520389,0.00020606,0.00001229,-0.00003069,-0.00005429,0
.00004386,-0.00000529,-0.00001082,-0.00000565,-0.00007649,0.00002485,0.00001583,
-0.00002056,0.00001028,0.00001789,0.00000945,0.00002862,0.00000400,0.00000567,0.
00002490,0.00000179,0.00000459,-0.00001910,0.00002129,-0.00003142,0.00001253,-0.
00001593,-0.00002129,-0.00000951,-0.00000936,-0.00000699,0.00002132,-0.00006395,
0.00003907,-0.00005466,-0.00005575,-0.00002681,-0.00001619,0.00003310,-0.0000624
2,-0.00004179,-0.00004471,-0.00001736,0.00001795,0.00001318,0.00000771,0.0000399
0,-0.00000294,0.00000524,0.00001261,0.00001675,-0.00003752,-0.00009735,-0.000028
92,-0.00004801,0.00003816,0.00005802,0.00008141,0.00000619,0.00001000,-0.0000017
5,0.00001966,-0.00002631,0.00001697,-0.00002750,-0.00000802,0.00009179,-0.000046
30,0.00003208,0.00007176,-0.00004587,-0.00011082,0.00006139,0.00015545,0.0001355
8,0.00014216,-0.00010581,0.00011850,-0.00001894,0.00001784,-0.00000292,-0.000046
37,-0.00001968,0.00000500,-0.00000806,0.00000536,-0.00000305,0.00000380,-0.00000
259,-0.00002517,-0.00000421,0.00000361,0.00001531,-0.00000047,-0.00003085,-0.000
17307,-0.00180994,-0.00008211,-0.00032195,0.00047398,-0.00013838,0.00009360,-0.0
0006097,-0.00005366,-0.00002793,0.00002205,0.00001581,0.00001164,0.00005558,0.00
001894,0.00002506,-0.00001690,0.00001361,-0.00004597,0.00001825,-0.00000374,0.00
001013,-0.00007724,0.03383108,0.00761551,-0.03525797,0.00409973,0.01063234,0.054
33355,0.03703264,0.00005258,-0.12120679,-0.01745640,0.08488438,0.64540614,-0.000
13946,-0.00003950,0.00007963,-0.00005776,0.00004738,0.00000775,0.00000463,-0.000
02029,-0.00006991,0.00002595,-0.00000898,-0.00001538,-0.00003087,0.00005641,-0.0
0001553,0.00001949,0.00001622,0.00000294,0.00002188,-0.00001061,0.00000589,-0.00
000234,0.00002697,-0.00001622,0.00001977,-0.00002091,-0.00002800,-0.00003164,-0.
00001908,-0.00001396,0.00001022,-0.00003873,0.00001002,-0.00005148,-0.00004270,-
0.00004706,0.00001007,-0.00000163,-0.00002472,-0.00000389,-0.00002868,-0.0000553
9,0.00000395,0.00001108,0.00000276,-0.00004509,-0.00005978,-0.00000822,-0.000030
90,0.00000834,-0.00000765,-0.00009398,-0.00000709,-0.00004707,0.00001671,0.00001
823,0.00002758,-0.00000757,0.00001636,0.00000279,0.00002020,-0.00002958,0.000017
03,-0.00000176,0.00002476,0.00010137,-0.00000920,0.00004861,0.00007984,0.0000686
2,-0.00001628,0.00002328,-0.00052855,-0.00033868,-0.00064861,0.00002013,0.000054
11,-0.00003115,-0.00003205,-0.00004801,-0.00000556,-0.00001883,-0.00000407,-0.00
001603,0.00000626,-0.00000459,0.00000337,0.00000340,-0.00001553,-0.00000906,-0.0
0000467,0.00001093,-0.00000335,-0.00333966,-0.00333333,0.00238188,0.00114436,0.0
0063414,0.00058479,0.00016967,0.00023244,-0.00015698,0.00009036,-0.00001656,-0.0
0010578,-0.00002050,-0.00000161,-0.00003201,0.00001806,-0.00001773,-0.00005814,-
0.00003558,-0.00004660,0.00002388,0.00012488,-0.00001840,0.00009105,-0.05432807,
-0.02063891,0.00411268,-0.00213630,-0.00141818,-0.01771553,-0.00014239,0.0052706
6,0.03227260,-0.10259625,-0.00423862,0.09028189,0.61197216,-0.00016582,-0.000044
70,0.00004032,0.00000932,-0.00000467,-0.00000590,-0.00004298,0.00002163,0.000072
79,-0.00000395,-0.00001470,0.00001366,-0.00001755,-0.00000235,0.00000163,-0.0000
1289,-0.00000059,0.00000381,-0.00000399,-0.00000649,-0.00000355,0.00000495,-0.00
001457,-0.00000513,-0.00000115,-0.00000110,0.00000211,0.00000627,-0.00001011,0.0
0000624,0.00000048,0.00000080,-0.00000186,0.00001930,0.00002618,-0.00000239,0.00
004710,0.00000987,-0.00002155,0.00004721,0.00001547,0.00000204,0.00000197,-0.000
00613,0.00000096,-0.00001300,0.00001347,0.00000037,-0.00003257,-0.00001643,-0.00
000416,0.00001990,0.00002342,0.00001810,-0.00001182,-0.00003284,-0.00004897,-0.0
0000279,0.00000265,0.00000136,0.00000273,-0.00000601,-0.00002589,0.00005686,0.00
001565,-0.00002698,0.00003622,-0.00002084,-0.00000503,-0.00006449,0.00005502,-0.
00000540,-0.00024363,-0.00045544,-0.00014170,0.00007552,-0.00004045,-0.00001069,
0.00000590,-0.00003230,0.00000188,-0.00000757,0.00000566,0.00000082,0.00000061,0
.00000041,-0.00000099,0.00000093,0.00000613,-0.00000135,-0.00000450,-0.00000169,
-0.00000147,-0.00233045,0.00514532,0.00082186,-0.00025497,-0.00032463,-0.0013989
1,0.00064778,0.00030816,0.00058968,-0.00002853,0.00012742,-0.00009276,-0.0000970
5,-0.00000711,-0.00000779,0.00000064,-0.00001309,0.00005085,0.00000159,-0.000086
79,-0.00003592,0.00005604,-0.00003255,0.00015004,-0.03028954,-0.00508646,0.00982
787,-0.00146810,-0.00962114,-0.01506710,0.01462301,0.00799857,0.00922387,-0.0171
6729,-0.05699731,-0.01236337,0.17449121,0.19326742,-0.00007372,-0.00000236,-0.00
000102,0.00001231,-0.00000901,-0.00001752,-0.00000630,-0.00001265,0.00003782,-0.
00001490,-0.00002617,0.00001870,-0.00001653,0.00002990,-0.00001452,-0.00002352,-
0.00000733,0.00000427,-0.00001907,-0.00000592,0.00000293,0.00002274,-0.00001296,
0.00001286,-0.00000539,0.00000916,0.00002111,0.00003003,-0.00000759,0.00000453,-
0.00002545,0.00003285,-0.00002041,0.00003888,0.00001967,0.00000245,0.00004524,0.
00001486,0.00005697,0.00003286,0.00001503,0.00000812,-0.00001411,-0.00000765,-0.
00001014,0.00001218,-0.00000647,0.00000942,-0.00001400,0.00000046,0.00001477,0.0
0007231,0.00003948,0.00001065,-0.00005204,-0.00002705,-0.00004793,-0.00000333,-0
.00000482,0.00000110,0.00000055,0.00000441,0.00000654,0.00003625,0.00001995,-0.0
0007298,0.00005246,-0.00002243,-0.00004252,0.00002272,0.00007111,-0.00012826,0.0
0018795,0.00016337,0.00012568,0.00008519,-0.00014195,-0.00001183,0.00000569,-0.0
0001568,0.00004379,0.00000935,-0.00000476,0.00000647,-0.00000445,0.00000343,-0.0
0000147,0.00000444,0.00001176,-0.00000885,-0.00000911,-0.00001173,-0.00000195,0.
00254500,0.00074901,0.00209611,0.00025912,-0.00000828,0.00009741,0.00030537,-0.0
0009567,-0.00018119,0.00001777,0.00005996,0.00000680,-0.00005511,0.00002964,-0.0
0003554,-0.00001553,-0.00004747,0.00000870,-0.00000692,-0.00001727,-0.00001804,-
0.00002468,0.00008253,-0.00003355,-0.05015805,-0.01041621,0.05192828,-0.01845415
,-0.01501534,-0.05654309,0.08649043,0.02900220,-0.01343706,0.01678799,-0.0395355
6,-0.31397580,-0.03544321,0.07554450,0.63590650,-0.00070487,-0.00010588,0.000514
69,0.00002094,-0.00001568,0.00001552,0.00001033,0.00001881,0.00009617,-0.0000196
7,-0.00002751,0.00004544,-0.00009639,-0.00006419,-0.00001808,-0.00002742,0.00002
091,0.00000592,-0.00000986,-0.00001853,0.00000759,0.00003899,-0.00002940,0.00000
817,-0.00000013,0.00000753,0.00000124,0.00002197,0.00005689,-0.00000462,0.000002
68,0.00006955,-0.00001897,0.00008313,0.00000704,0.00009339,0.00003878,-0.0000266
2,0.00000690,0.00005343,0.00014122,-0.00002354,0.00000681,-0.00004928,0.00001134
,-0.00005056,-0.00010741,0.00006373,-0.00010171,0.00000038,-0.00003665,0.0000969
2,0.00006794,0.00002088,0.00000832,-0.00007327,-0.00012334,-0.00001883,0.0000017
2,-0.00000093,-0.00000576,0.00000143,-0.00003553,0.00002135,0.00002636,-0.000061
97,0.00002649,-0.00007539,-0.00004157,-0.00014751,0.00002504,0.00010180,-0.00139
948,-0.00139159,-0.00134364,-0.00014244,0.00004719,0.00003598,-0.00007634,-0.000
06694,-0.00001435,0.00002583,-0.00000757,0.00001861,-0.00000619,-0.00000115,-0.0
0000543,-0.00002990,0.00002115,-0.00002585,-0.00001544,-0.00000855,-0.00000523,-
0.02035780,-0.00801376,-0.00620267,0.00157737,-0.00027668,0.00202733,0.00046373,
0.00090412,0.00028216,-0.00016777,0.00024334,-0.00021472,-0.00013308,0.00004009,
-0.00009549,-0.00005217,-0.00009496,0.00008263,0.00000328,-0.00008358,0.00016179
,0.00005065,0.00019827,-0.00005436,-0.27415650,-0.07380026,0.04780677,0.00064013
,0.01363762,0.08117226,-0.05584124,-0.01995031,-0.01171137,0.04419738,0.00476297
,-0.06259907,-0.20197027,-0.06720074,-0.06580828,0.58014036,-0.00027777,0.000050
64,0.00026195,0.00006211,-0.00004326,-0.00002017,0.00009316,-0.00004476,-0.00008
869,0.00000443,0.00000835,-0.00001034,-0.00001501,-0.00001035,-0.00003211,0.0000
0656,0.00001252,-0.00000274,0.00000574,-0.00001324,0.00001540,0.00003000,-0.0001
1484,0.00002235,-0.00003384,0.00002648,0.00002994,-0.00005530,0.00005269,-0.0000
2037,-0.00001830,0.00009200,-0.00003360,-0.00001906,-0.00004334,0.00004127,-0.00
001990,-0.00002656,0.00000520,-0.00002115,0.00002071,-0.00002653,0.00000673,-0.0
0000928,-0.00000012,-0.00001218,-0.00004817,0.00004523,-0.00000641,0.00002484,0.
00000211,0.00007478,-0.00003266,-0.00000036,0.00002881,-0.00000353,0.00001109,0.
00000310,0.00000187,-0.00000712,-0.00006037,0.00002813,0.00004255,-0.00006787,0.
00000285,0.00003088,-0.00003992,0.00001557,0.00002182,-0.00003137,-0.00003068,0.
00005253,-0.00109385,-0.00025138,-0.00111496,-0.00018774,0.00003877,0.00009785,-
0.00001998,-0.00005860,0.00000108,0.00001012,0.00003254,-0.00001100,-0.00000893,
0.00000435,0.00000165,-0.00000235,0.00000493,-0.00000984,-0.00000018,-0.00000522
,0.00000265,-0.00887134,-0.00509997,-0.00081488,0.00099356,0.00087737,0.00036355
,-0.00004018,0.00018999,-0.00012065,-0.00006737,-0.00000263,0.00004646,-0.000044
80,-0.00000543,0.00005400,-0.00003513,0.00004919,-0.00004679,-0.00006999,0.00004
863,0.00003472,-0.00008789,-0.00020386,-0.00015671,-0.06596095,-0.06914644,0.006
53841,0.00536100,0.00743599,0.02685787,-0.01977152,-0.01414865,-0.00292486,0.014
38647,0.00104712,-0.03193470,-0.07958217,-0.08509682,-0.04777983,0.16602910,0.19
019345,-0.00126816,-0.00014347,0.00024854,0.00024586,-0.00017060,-0.00006990,0.0
0007947,-0.00005422,0.00005138,-0.00003356,0.00000417,0.00001130,-0.00000711,-0.
00005442,-0.00006024,-0.00003620,0.00000029,0.00001079,-0.00003314,-0.00001384,0
.00001021,0.00030071,-0.00024352,0.00002150,-0.00011783,0.00007440,0.00011117,-0
.00012202,0.00003601,0.00000060,-0.00025601,0.00023579,-0.00006852,0.00003669,0.
00004705,0.00002602,0.00002884,-0.00013922,-0.00003374,0.00010211,0.00008180,-0.
00008250,0.00001443,-0.00000639,0.00001080,0.00002619,0.00009779,0.00008832,-0.0
0000325,0.00001602,0.00003191,0.00030093,-0.00005736,0.00008457,-0.00001435,-0.0
0014292,-0.00009207,0.00002492,-0.00001224,-0.00000702,-0.00020616,0.00009708,0.
00006192,-0.00004466,0.00001015,-0.00002442,-0.00007951,-0.00005570,0.00002371,0
.00014118,0.00034845,0.00002686,-0.00254607,-0.00203843,-0.00187848,0.00042489,-
0.00015034,0.00003917,0.00003835,-0.00006711,-0.00000696,-0.00007701,0.00003192,
-0.00004688,-0.00001647,0.00001504,0.00000111,0.00001891,0.00004477,0.00000161,-
0.00000098,-0.00003963,0.00001314,-0.01047423,-0.00347246,0.00802851,0.00019399,
0.00099720,-0.00258562,-0.00089415,-0.00075031,-0.00045579,0.00020328,-0.0002373
3,0.00001804,0.00020327,-0.00005884,-0.00003275,0.00003898,-0.00000783,-0.000094
37,-0.00001265,0.00016158,0.00003158,-0.00005454,-0.00022387,0.00007313,0.100628
32,0.02574106,-0.11733202,0.03241364,0.00911631,-0.01212998,-0.01203304,-0.00290
830,0.00156698,-0.00713836,-0.01172746,-0.05212497,-0.13862863,-0.07458665,-0.19
044819,-0.02087841,0.08163607,0.65643701,0.00021203,0.00011599,-0.00033244,-0.00
005142,0.00003553,0.00001832,0.00001612,0.00003797,0.00000127,0.00002400,0.00006
065,-0.00001828,-0.00002484,0.00002827,-0.00004763,0.00002541,0.00000107,-0.0000
1043,0.00000792,0.00000473,-0.00001288,-0.00008021,0.00004361,0.00001661,0.00002
693,-0.00001833,-0.00002512,-0.00001603,0.00004241,-0.00002233,0.00009422,-0.000
07230,-0.00003764,-0.00001953,0.00004793,0.00000274,-0.00051196,-0.00008597,0.00
020330,0.00001878,-0.00018626,0.00014523,-0.00005902,0.00004143,0.00002886,-0.00
156317,0.00033430,0.00089050,-0.00002678,0.00007428,-0.00000645,-0.00003073,0.00
003810,0.00000293,0.00002766,-0.00003662,0.00000408,-0.00000687,0.00000316,0.000
00208,0.00003828,-0.00002683,-0.00002450,-0.00005246,0.00000034,-0.00003383,0.00
004640,-0.00000137,-0.00005560,0.00002916,0.00009546,-0.00010256,-0.00030979,0.0
0028053,0.00026674,0.00001552,-0.00012827,0.00009729,-0.00003627,0.00000988,0.00
002684,0.00002100,-0.00000524,-0.00000193,0.00000527,-0.00000125,-0.00000234,0.0
0004725,0.00005542,-0.00002860,0.00000929,0.00002485,-0.00001007,-0.00101532,-0.
00140563,-0.00018556,-0.00031435,-0.00003184,0.00007698,0.00152580,-0.00424528,0
.00239643,-0.05362066,0.05096973,-0.04421933,-0.00317196,0.01069485,-0.00899959,
0.00486136,0.00553725,0.00145974,-0.00029617,0.00009131,0.00040413,0.00606938,0.
00313336,0.00203319,0.00017579,-0.00024173,-0.00035244,-0.00013232,-0.00007027,-
0.00003977,-0.00002442,0.00001481,-0.00002500,0.00001689,0.00000883,-0.00000471,
-0.00000492,0.00002060,0.00002939,0.00004771,-0.00001246,-0.00013600,0.05143165,
0.00031585,-0.00008911,-0.00008441,0.00000553,-0.00000139,-0.00001188,0.00005970
,0.00001513,-0.00001465,0.00001273,0.00000602,-0.00000322,-0.00000585,0.00000043
,0.00001537,-0.00000626,-0.00000936,-0.00002248,-0.00000102,-0.00000993,-0.00000
556,0.00001335,0.00002440,0.00000458,-0.00000384,-0.00000320,0.00000498,-0.00011
389,-0.00004007,0.00004847,-0.00000808,-0.00002985,-0.00000210,-0.00004038,0.000
06684,-0.00001721,0.00014418,-0.00012002,-0.00018836,-0.00000405,-0.00009508,0.0
0007555,0.00003566,0.00000655,0.00000194,0.00004328,0.00067586,-0.00005981,0.000
03820,-0.00009686,0.00003738,-0.00001276,0.00001504,-0.00000267,0.00001396,-0.00
000380,0.00001898,-0.00000183,0.00000025,0.00000919,0.00000108,0.00000091,-0.000
00512,0.00001800,-0.00001318,-0.00004571,-0.00002546,-0.00002879,-0.00005034,-0.
00006305,0.00000011,0.00002376,-0.00005135,0.00013811,0.00023149,-0.00007131,-0.
00004130,0.00002149,0.00004122,-0.00002715,-0.00000300,0.00000136,-0.00001425,0.
00000024,0.00000142,-0.00000196,0.00000087,-0.00000691,0.00001008,0.00000447,0.0
0000622,0.00000177,0.00000605,-0.00103823,0.00029679,0.00012122,-0.00006399,-0.0
0020149,-0.00038819,-0.00179226,0.00320665,0.00020581,0.05090276,-0.16510831,0.1
2084163,0.00826539,-0.01889418,0.01640730,0.00548018,-0.00227961,-0.00158858,-0.
00012736,0.00025621,-0.00048299,0.00325823,0.00179870,-0.00050044,0.00019312,-0.
00029761,-0.00007218,0.00000338,-0.00000802,-0.00003255,-0.00002266,0.00003260,-
0.00001372,0.00000382,-0.00000326,-0.00003018,-0.00002191,0.00000925,-0.00001025
,-0.00000533,-0.00004092,0.00004654,-0.06341298,0.18190573,-0.00051058,-0.000188
43,0.00039772,0.00002149,-0.00000962,-0.00001065,-0.00011567,-0.00002512,0.00002
843,-0.00006068,-0.00006497,0.00003766,-0.00005657,-0.00008885,0.00004491,-0.000
03895,-0.00001238,0.00003708,-0.00002914,-0.00000682,0.00002524,0.00009533,-0.00
000737,-0.00001817,-0.00001539,0.00001585,0.00001715,0.00002827,-0.00005343,-0.0
0000612,-0.00008345,0.00003449,0.00002197,0.00000540,-0.00016075,0.00003647,0.00
009711,0.00045667,-0.00008078,-0.00002132,0.00017745,-0.00008442,0.00002692,-0.0
0001565,-0.00000258,0.00139685,-0.00033674,0.00023357,-0.00014296,0.00003365,-0.
00011970,0.00007014,0.00002765,-0.00000650,-0.00013696,-0.00001514,-0.00002655,0
.00000351,-0.00000623,-0.00000228,-0.00002110,-0.00000141,0.00001938,-0.00002991
,0.00002080,0.00002953,-0.00012052,-0.00004859,0.00011167,0.00003783,0.00006305,
0.00001817,-0.00007910,0.00011568,0.00028924,-0.00000464,0.00000505,0.00003070,0
.00007232,-0.00001582,-0.00004443,-0.00003644,-0.00001207,-0.00000373,-0.0000068
0,0.00000576,-0.00000084,-0.00004487,-0.00003918,0.00001350,-0.00001408,-0.00003
774,0.00000122,-0.00071022,0.00167841,-0.00263350,-0.00030329,-0.00019353,0.0016
4115,-0.00670308,0.01879665,-0.02315679,-0.04537913,0.12210760,-0.16020901,0.001
56389,-0.00396623,0.00499612,0.00161689,-0.00107587,0.00073359,0.00028842,-0.000
54312,0.00004032,0.00222586,-0.00073504,-0.00550949,0.00008749,-0.00006442,0.000
19425,0.00002277,0.00001600,0.00010522,0.00004439,0.00003704,0.00006635,0.000000
91,0.00000393,0.00009286,-0.00000873,0.00001547,0.00002917,0.00015252,0.00003519
,-0.00016952,0.04763257,-0.13535742,0.18273483,-0.00007639,0.00000072,0.00000940
,0.00001525,-0.00000405,-0.00000953,0.00000468,0.00000658,0.00000677,-0.00000332
,0.00000780,0.00001424,0.00000498,0.00002592,-0.00001326,-0.00000178,0.00000183,
-0.00000510,-0.00000352,-0.00000271,-0.00000065,0.00001855,-0.00000727,0.0000104
7,-0.00001012,-0.00000010,0.00000883,-0.00003586,0.00000244,0.00000516,-0.000021
61,0.00000277,-0.00001805,-0.00000929,-0.00001097,-0.00000414,0.00001172,0.00002
690,-0.00002782,0.00002713,-0.00001292,0.00001888,0.00000450,0.00000338,0.000006
36,0.00004808,-0.00000665,0.00006172,0.00004823,0.00004567,-0.00001381,0.0000365
1,0.00000921,0.00000436,-0.00001977,-0.00001167,-0.00001002,-0.00000045,0.000001
30,0.00000475,-0.00001270,0.00000047,-0.00000143,-0.00002257,-0.00000793,-0.0000
2661,-0.00000800,-0.00000822,-0.00002711,-0.00000260,0.00002096,-0.00000457,-0.0
0002134,0.00010603,0.00004377,0.00001336,-0.00004524,0.00003670,0.00001318,-0.00
000843,0.00000369,-0.00000880,-0.00000725,-0.00000693,0.00000115,0.00000054,-0.0
0000072,0.00000861,0.00001276,-0.00000815,-0.00000014,-0.00000939,0.00000352,0.0
0005956,-0.00017600,0.00050021,-0.00001861,0.00003134,-0.00011342,0.00468792,0.0
0572045,0.00160225,-0.00284997,0.00402416,0.01414130,-0.04804989,0.01169618,0.05
358697,0.00218708,-0.00055929,-0.00698750,0.00621932,0.00410127,-0.00040752,-0.0
0008480,-0.00010284,-0.00025265,-0.00007062,0.00017362,0.00003857,0.00001785,-0.
00001093,0.00000029,0.00002131,-0.00001538,-0.00000035,-0.00000225,0.00000094,0.
00000052,-0.00001029,-0.00002072,0.00000261,-0.00000220,0.00000865,-0.00000817,-
0.00178672,-0.00143939,-0.00001933,0.04312520,0.00012991,0.00002222,-0.00000282,
-0.00003570,0.00001938,0.00000134,-0.00001474,0.00002117,-0.00000086,-0.00000192
,0.00000676,-0.00000695,0.00000603,-0.00002250,0.00001192,0.00000272,-0.00000497
,0.00000074,0.00000654,0.00000324,-0.00000012,-0.00007723,0.00002869,-0.00000558
,0.00001834,-0.00000501,-0.00001333,0.00000616,-0.00001383,0.00000562,0.00006601
,-0.00003426,0.00001686,-0.00000073,-0.00000124,-0.00000944,0.00001376,0.0000295
5,0.00002962,-0.00001079,0.00002662,0.00000348,-0.00000667,-0.00000089,-0.000004
67,-0.00006306,0.00002024,-0.00007974,-0.00001706,-0.00010263,0.00002702,-0.0000
6522,0.00000159,0.00000173,0.00002377,0.00000175,0.00000041,-0.00000099,-0.00000
115,-0.00000230,0.00003521,-0.00001422,-0.00001269,0.00003016,-0.00000357,0.0000
2442,0.00001043,0.00001584,0.00000300,-0.00002958,-0.00004071,0.00002392,0.00011
081,-0.00024752,-0.00013882,0.00002009,0.00003331,-0.00005809,-0.00001599,0.0000
1239,-0.00000864,0.00003086,0.00000076,0.00001768,0.00000064,-0.00000070,-0.0000
0082,0.00000033,-0.00000904,0.00000357,0.00000864,0.00000841,0.00000041,0.000026
39,0.00025981,-0.00074911,0.00000990,-0.00005915,0.00013180,0.00558847,-0.002401
54,-0.00181073,0.00641464,-0.00518282,-0.02409286,0.01208222,-0.04864075,-0.0394
4771,-0.00350721,0.00276585,0.01915133,0.00411200,-0.00052407,0.00361644,0.00015
566,-0.00058841,0.00026241,0.00009719,-0.00013237,-0.00004193,-0.00004770,-0.000
00445,-0.00001620,-0.00002635,0.00001131,-0.00000151,0.00001298,-0.00000030,-0.0
0000504,0.00000816,0.00002041,-0.00001391,0.00000348,-0.00000663,-0.00003547,-0.
00124655,0.00011261,-0.00092829,-0.02139149,0.05486312,-0.00003802,-0.00003910,0
.00006384,-0.00009413,0.00005938,0.00002140,-0.00009556,0.00003690,0.00003797,-0
.00001257,-0.00002228,0.00000469,-0.00002871,-0.00002533,0.00001975,-0.00000302,
-0.00000011,0.00000980,0.00000836,0.00000399,0.00000614,-0.00007132,0.00008291,-
0.00002295,0.00005208,-0.00002343,-0.00003768,0.00007383,-0.00001669,-0.00001963
,0.00007067,-0.00007288,0.00003146,0.00004572,-0.00001034,-0.00001362,0.00004091
,0.00001297,0.00004143,-0.00001921,0.00006369,-0.00003037,-0.00000986,-0.0000000
7,0.00000262,-0.00003633,-0.00003150,-0.00006459,-0.00010585,-0.00004261,-0.0000
2226,-0.00010174,0.00004122,-0.00000966,0.00002346,-0.00000429,-0.00002783,-0.00
000708,-0.00000550,0.00000258,0.00007809,-0.00003657,-0.00002463,0.00002540,0.00
003543,0.00004668,-0.00000005,-0.00000971,0.00004455,0.00000822,-0.00000436,0.00
000899,0.00008083,-0.00013051,-0.00010141,0.00000442,0.00004889,-0.00004683,-0.0
0001595,0.00001243,-0.00001043,0.00001720,-0.00001107,0.00002699,0.00000611,-0.0
0000414,-0.00000274,-0.00001353,-0.00000102,0.00001101,-0.00000485,0.00001117,-0
.00001501,-0.00020086,0.00045856,-0.00030078,0.00005546,-0.00011874,0.00015705,0
.00188390,-0.00165831,0.00047358,0.00342720,-0.00374164,-0.01045582,0.05338990,-
0.03924287,-0.28481077,0.00410719,-0.00162977,-0.02367859,-0.00069987,0.00399236
,-0.00207000,-0.00025551,0.00024980,0.00078926,0.00007400,-0.00008129,-0.0000379
4,-0.00005273,-0.00002212,0.00000894,-0.00002099,0.00000516,0.00002552,0.0000277
9,0.00001349,0.00002352,0.00002969,0.00002128,-0.00001751,0.00002546,-0.00000329
,-0.00005858,-0.00070499,0.00048027,0.00083202,-0.06090031,0.04250230,0.31933734
,-0.00003668,0.00000187,0.00003718,0.00004723,-0.00002402,-0.00002322,0.00002236
,0.00001095,-0.00000768,-0.00001101,0.00002507,0.00001974,0.00001317,0.00002672,
-0.00000843,-0.00000425,0.00000111,-0.00000338,-0.00000969,-0.00000526,-0.000002
29,0.00003946,-0.00003860,0.00000571,-0.00002708,0.00000908,0.00002541,-0.000025
74,0.00000866,-0.00000444,-0.00004026,0.00002863,-0.00001108,0.00001558,-0.00001
264,0.00000521,0.00001635,0.00002772,0.00000080,-0.00001414,0.00001052,0.0000112
5,0.00000875,-0.00000510,0.00000206,0.00005232,-0.00001171,0.00001507,0.00006866
,0.00003416,-0.00000071,0.00006772,-0.00000378,0.00000445,-0.00001146,0.00000602
,-0.00000163,0.00000404,0.00000202,0.00000137,-0.00003798,0.00001009,0.00000861,
-0.00004200,-0.00003058,-0.00002983,-0.00002440,0.00000002,-0.00002769,-0.000003
13,0.00003375,-0.00001278,-0.00009175,0.00016077,0.00015039,0.00001867,-0.000048
79,0.00004916,0.00001303,-0.00000935,0.00000166,-0.00000866,-0.00000320,-0.00000
701,-0.00000165,0.00000209,-0.00000021,0.00001160,0.00000885,-0.00000531,-0.0000
0588,-0.00002275,0.00000573,-0.00098858,-0.00067089,-0.00029869,0.00004156,0.000
03747,0.00009672,-0.00046935,-0.00076754,-0.00018120,0.00611418,0.00426771,-0.00
068026,-0.00348541,0.00872923,0.00176099,-0.09363895,0.10520956,0.03453056,-0.00
264996,0.00651185,0.00298676,0.00615258,0.00304926,0.00211452,0.00010345,-0.0001
0302,-0.00011525,-0.00003545,-0.00001167,-0.00003353,-0.00000089,0.00000758,-0.0
0002944,0.00000047,-0.00000263,-0.00001503,-0.00000790,0.00000653,0.00002197,0.0
0000165,0.00001420,-0.00002743,-0.00030241,0.00025832,0.00014738,-0.00185793,-0.
00150599,-0.00006867,0.09306021,0.00004170,0.00003937,-0.00005309,-0.00008417,0.
00004989,0.00002747,-0.00007864,0.00003001,0.00005941,0.00000346,-0.00001887,-0.
00000750,-0.00003464,-0.00003437,0.00001929,0.00000071,-0.00000279,-0.00000061,0
.00000692,-0.00000062,0.00000179,-0.00010574,0.00006246,-0.00000283,0.00004913,-
0.00002012,-0.00004261,0.00004553,-0.00003203,0.00000855,0.00009360,-0.00006446,
0.00000763,0.00002347,0.00003604,-0.00002714,0.00002433,-0.00004307,0.00000297,0
.00000063,0.00002555,-0.00000851,-0.00001902,0.00000631,0.00000139,-0.00008534,0
.00004901,-0.00000772,-0.00004508,-0.00011298,0.00002182,-0.00010437,0.00002519,
0.00001786,0.00001788,-0.00003287,-0.00003777,-0.00000677,-0.00000323,0.00000231
,0.00007142,-0.00003336,-0.00003799,-0.00000572,0.00000937,0.00002674,0.00000844
,-0.00000644,0.00000213,0.00002732,0.00001203,-0.00000283,-0.00000376,0.00005046
,0.00000048,-0.00000859,0.00002487,0.00000545,-0.00001867,0.00001643,0.00000090,
0.00002739,0.00000354,0.00001950,0.00000632,-0.00000424,-0.00000242,-0.00000526,
0.00000095,0.00000346,0.00001017,0.00002643,-0.00000710,-0.00071517,-0.00012824,
0.00035055,0.00009546,-0.00001863,-0.00015062,-0.00074442,0.00047829,0.00041005,
0.00413701,-0.00083686,0.00394679,0.01139078,-0.01978886,-0.00423478,0.10521437,
-0.22410937,-0.05977159,0.00403844,-0.00587434,-0.00344726,0.00294996,0.00243007
,-0.00113466,0.00008467,-0.00006369,-0.00009993,-0.00005273,-0.00002871,-0.00002
590,-0.00003065,-0.00000038,0.00001448,0.00003031,0.00001606,0.00000922,0.000032
32,0.00001977,-0.00003129,-0.00000238,-0.00000858,-0.00000149,0.00044009,-0.0008
8879,-0.00037797,-0.00130753,0.00010230,-0.00072776,-0.12407446,0.24870050,0.000
03798,-0.00008872,0.00005578,-0.00003814,0.00002240,0.00000867,-0.00002069,0.000
01477,-0.00000151,-0.00000072,-0.00002132,0.00000150,-0.00007027,-0.00004664,0.0
0002908,-0.00000699,-0.00000016,0.00000275,0.00000177,-0.00000270,0.00000305,-0.
00000969,0.00003055,-0.00001105,0.00002267,-0.00000965,-0.00001335,0.00000865,-0
.00000573,-0.00001307,0.00002218,-0.00002459,0.00001736,0.00002075,-0.00001913,0
.00000734,-0.00001104,0.00001437,0.00001370,-0.00002165,0.00004868,-0.00000263,0
.00000487,-0.00000327,0.00000360,0.00002836,-0.00002576,-0.00002347,-0.00006814,
-0.00003553,-0.00006079,-0.00003833,0.00001880,-0.00001805,0.00001377,0.00001791
,-0.00000401,-0.00000428,-0.00000527,0.00000431,0.00003063,-0.00000939,-0.000002
93,0.00000576,0.00001920,0.00001398,-0.00004140,-0.00001929,0.00003940,0.0000601
9,0.00000959,-0.00000020,-0.00001847,0.00006505,-0.00000156,-0.00001013,0.000009
80,0.00000293,0.00000105,-0.00000128,0.00000146,0.00000649,-0.00000261,0.0000113
6,0.00000260,-0.00000194,-0.00000145,-0.00002818,-0.00001038,0.00000826,0.000003
13,0.00000693,-0.00000128,-0.00022106,0.00012538,-0.00019108,0.00003111,-0.00006
796,0.00014666,-0.00022879,0.00038588,-0.00056482,-0.00057880,0.00363915,-0.0019
9744,-0.00913304,0.01675118,0.00496081,0.03448834,-0.05970146,-0.06363182,0.0141
1705,-0.02446471,-0.01001590,0.00190321,-0.00079028,-0.00545934,0.00003046,-0.00
001774,-0.00000856,-0.00000896,-0.00001957,0.00001811,-0.00000181,0.00000668,0.0
0002860,0.00001243,0.00000446,0.00001503,0.00001294,0.00000318,-0.00000602,0.000
02964,0.00001250,-0.00002095,-0.00048410,0.00085904,0.00016022,-0.00077412,0.000
65458,0.00080824,-0.03985194,0.06484039,0.07555719,-0.00007474,-0.00007910,0.000
08761,0.00000406,0.00000589,-0.00001291,-0.00002391,0.00003793,0.00000327,-0.000
02502,0.00000635,0.00002101,-0.00000976,0.00006497,-0.00005106,-0.00001153,0.000
00562,0.00000316,-0.00000397,-0.00000564,0.00000107,0.00002716,0.00000882,-0.000
00485,-0.00000343,-0.00000760,0.00000874,-0.00002158,0.00002324,-0.00001784,-0.0
0003108,-0.00000787,0.00000302,0.00004207,-0.00002236,0.00001436,0.00001577,0.00
001874,0.00000531,-0.00003477,0.00002759,-0.00001502,0.00001254,-0.00000561,0.00
000591,0.00005436,-0.00000973,0.00003416,0.00010851,0.00007455,-0.00002092,0.000
04006,0.00001765,-0.00000269,-0.00000889,-0.00000547,-0.00000717,0.00000179,0.00
000134,0.00000504,-0.00000614,-0.00000870,0.00000054,-0.00001327,-0.00001082,-0.
00002230,-0.00001887,-0.00001546,-0.00001086,-0.00003158,0.00009088,-0.00001215,
-0.00004274,0.00004805,0.00005070,0.00004372,-0.00005875,0.00003375,0.00002246,-
0.00001495,-0.00000331,-0.00001248,-0.00001765,-0.00000090,0.00000261,-0.0000012
9,-0.00000090,-0.00000186,0.00003441,0.00000358,-0.00001658,-0.00003239,-0.00001
364,0.00018490,0.00008437,-0.00059988,-0.00024674,0.00027586,-0.00002272,0.00501
480,0.00573716,0.00177683,-0.00012950,-0.00024122,0.00013173,0.00618928,0.003130
33,0.00181725,0.00210747,-0.00305173,0.00378336,-0.05655054,0.05162568,-0.048859
91,-0.00425726,0.01142443,-0.00945703,-0.00003658,-0.00001708,0.00002359,0.00002
474,-0.00000261,0.00000357,0.00001049,-0.00000067,-0.00000174,0.00000116,0.00000
609,0.00000507,-0.00000817,0.00000014,0.00000189,-0.00000217,-0.00000208,-0.0000
1747,-0.00145748,-0.00079379,-0.00020684,-0.00001266,-0.00015781,0.00021658,-0.0
0179497,-0.00149827,0.00011517,0.05285712,0.00009201,0.00013468,-0.00011819,-0.0
0007417,0.00004119,0.00003924,-0.00002678,-0.00001262,0.00003063,0.00002616,0.00
000168,-0.00000257,0.00007250,-0.00006649,0.00002123,0.00001188,-0.00000245,-0.0
0000694,0.00000402,0.00000729,0.00000317,-0.00011013,0.00004340,0.00000588,0.000
04243,-0.00001244,-0.00004283,0.00002164,-0.00003144,0.00002460,0.00010440,-0.00
004159,0.00000361,-0.00002160,0.00002533,-0.00002235,-0.00000340,-0.00001174,0.0
0004946,0.00000800,0.00000360,0.00000503,-0.00002451,0.00000614,-0.00001198,-0.0
0003377,0.00000398,-0.00005394,-0.00001436,-0.00020571,0.00011619,-0.00010385,0.
00000840,0.00000131,0.00000840,-0.00001051,-0.00002401,-0.00001044,-0.00000156,-
0.00000109,0.00006461,-0.00002338,-0.00003005,0.00000518,0.00002420,0.00004396,0
.00003389,0.00003601,-0.00000028,0.00001146,-0.00012655,0.00000820,0.00002366,-0
.00011732,-0.00015211,-0.00000706,0.00005320,-0.00004433,-0.00003460,0.00003108,
0.00000512,0.00003851,0.00001298,0.00001681,0.00000218,-0.00000161,-0.00000169,0
.00002241,-0.00001627,-0.00000974,0.00001363,0.00004306,0.00000327,-0.00005933,0
.00007969,0.00122679,0.00019926,-0.00052809,-0.00003256,0.00581824,-0.00273653,-
0.00136320,-0.00010065,0.00011544,-0.00075115,0.00294525,0.00258294,-0.00062647,
-0.00074307,0.00242647,-0.00102160,0.05179484,-0.15746216,0.11854222,0.00889323,
-0.01981856,0.01736614,0.00008178,-0.00002417,-0.00005330,-0.00005313,-0.0000161
5,-0.00000549,-0.00003216,0.00001371,-0.00000563,0.00000406,-0.00000167,-0.00001
575,0.00000822,0.00001646,-0.00002033,0.00001274,0.00001072,0.00001896,-0.000792
99,-0.00033438,-0.00017945,-0.00002317,0.00007511,-0.00025583,-0.00137063,0.0002
6007,-0.00089691,-0.06529775,0.17548671,0.00009594,-0.00009288,0.00006680,0.0000
5241,-0.00003104,-0.00002910,0.00004784,0.00002373,-0.00004391,-0.00001526,0.000
02486,0.00000865,-0.00001405,-0.00001026,0.00004548,-0.00000293,0.00000063,-0.00
000120,-0.00000564,-0.00000526,-0.00000440,0.00005009,-0.00003229,-0.00000175,-0
.00002733,0.00001030,0.00002937,-0.00003744,0.00002397,-0.00002817,-0.00004368,0
.00003097,0.00000064,0.00001007,-0.00003419,0.00002697,-0.00000639,0.00002823,-0
.00000629,-0.00003691,0.00002310,0.00002295,0.00001242,-0.00000895,0.00000290,0.
00004039,-0.00002065,-0.00000198,-0.00001913,0.00006074,-0.00009649,0.00004941,-
0.00001477,-0.00000637,0.00001132,0.00003155,0.00002967,0.00000446,-0.00000090,0
.00000101,-0.00003616,0.00001676,0.00001904,0.00000571,-0.00001382,-0.00002468,-
0.00003913,0.00000135,-0.00000269,-0.00002100,0.00003956,-0.00001529,-0.00007269
,0.00006933,0.00004428,-0.00000006,-0.00004065,0.00001521,0.00000876,-0.00001250
,-0.00000055,-0.00000247,-0.00000699,-0.00000132,-0.00000323,0.00000229,0.000000
72,-0.00001206,0.00000084,0.00002363,-0.00001537,-0.00003165,-0.00000246,0.00019
739,-0.00026410,-0.00025444,-0.00001014,-0.00009922,0.00013453,0.00134220,-0.001
13466,0.00101513,0.00031172,-0.00069526,0.00006079,0.00209337,-0.00107629,-0.005
55556,-0.00773437,0.01979321,-0.02332674,-0.04828015,0.11854179,-0.16488333,0.00
142152,-0.00348657,0.00461782,-0.00000882,0.00004087,0.00005314,0.00002268,0.000
01600,0.00001498,0.00001050,0.00000116,0.00000027,-0.00001103,-0.00001185,-0.000
00536,-0.00000935,-0.00000771,0.00001544,0.00000524,0.00000974,-0.00001639,-0.00
013325,-0.00015056,0.00009017,-0.00035791,0.00106114,-0.00106466,-0.00061483,0.0
0046308,0.00068031,0.05170529,-0.13217396,0.18739180,0.00099720,-0.00085119,0.00
060175,-0.00006723,0.00004226,0.00002866,0.00008942,0.00005567,0.00008538,-0.000
00520,0.00011845,-0.00002867,-0.00254861,-0.00045744,0.00057238,-0.00001785,-0.0
0001758,-0.00003427,0.00005372,-0.00003253,-0.00000039,-0.00007451,0.00008661,-0
.00000417,0.00004102,-0.00002758,-0.00003148,-0.00003454,0.00016257,-0.00001518,
0.00011319,-0.00012786,0.00005230,0.00024887,-0.00001065,0.00007716,-0.00013802,
0.00008950,0.00010339,-0.00021206,0.00006398,0.00004441,0.00008163,0.,0.00003092
,-0.00004016,0.00001662,0.00005766,0.00007194,-0.00002445,-0.00023002,-0.0000354
5,0.00005701,0.00002371,0.00012413,-0.00008107,0.00005010,-0.00001260,-0.0000019
0,0.00000767,0.00006637,-0.00003154,-0.00004011,0.00003440,-0.00011833,-0.000106
68,-0.00036426,0.00000398,-0.00001522,-0.00127296,0.00054034,0.00044758,-0.00006
430,0.00033568,-0.00001852,-0.00005595,-0.00006715,-0.00000695,0.00001796,-0.000
08800,-0.00006287,0.00002044,-0.00000510,0.00002504,0.00000739,-0.00000298,-0.00
000369,-0.00012689,-0.00001233,-0.00002050,0.00002564,0.00004092,0.00000296,-0.0
0086896,-0.00066143,-0.00080730,0.00012321,-0.00008207,0.00028179,0.00100557,-0.
00214667,-0.00718332,0.00612191,0.00411450,-0.00067650,-0.00029605,0.00024493,-0
.00026201,0.00515635,0.00570483,0.00152326,-0.00249045,0.00383187,0.01394614,-0.
04323588,0.01281248,0.04445064,0.00019588,-0.00017104,-0.00018181,0.00012345,-0.
00002847,-0.00012093,-0.00002651,0.00000343,-0.00006276,-0.00009265,-0.00001498,
-0.00001756,-0.00009402,-0.00001944,-0.00001637,-0.00000937,-0.00000654,0.000001
69,0.00013859,-0.00000148,-0.00045699,-0.00155767,-0.00083673,-0.00024281,-0.000
23139,0.00012358,0.00068759,-0.00188088,-0.00143698,0.00006874,0.04094106,-0.000
14843,-0.00003126,-0.00005849,0.00000593,0.00000689,-0.00001402,-0.00005445,0.00
002599,-0.00001063,-0.00003848,-0.00006557,-0.00000150,-0.00032427,0.00061528,-0
.00004957,-0.00003692,0.00001772,0.00001638,-0.00001928,-0.00001836,0.00001897,0
.00000497,-0.00000454,0.00000718,-0.00000605,-0.00000110,0.00000574,-0.00007443,
-0.00001469,-0.00002233,-0.00003214,0.00002145,-0.00002602,-0.00001785,-0.000020
02,-0.00001899,0.00003610,-0.00001682,-0.00003795,0.00005312,0.00003393,0.000003
96,-0.00002201,-0.00001815,-0.00001881,-0.00006988,0.00001895,-0.00000691,-0.000
03589,0.00000461,-0.00010972,0.00001880,-0.00000322,0.00001115,-0.00003880,-0.00
000137,-0.00001716,0.00000160,-0.00000007,0.00000378,-0.00000817,-0.00001367,0.0
0000631,-0.00000676,0.00000236,-0.00004499,0.00011029,-0.00002546,-0.00002461,0.
00032897,0.00021055,-0.00015432,0.00004151,0.00017261,-0.00005813,0.00005886,-0.
00019922,0.00015078,0.00000025,0.00000262,0.00004952,-0.00000297,-0.00001437,-0.
00000343,-0.00000177,0.00000022,0.00000087,-0.00003290,0.00001801,0.00001618,-0.
00001267,-0.00003983,-0.00001085,-0.00099818,0.00009861,0.00171166,0.00003104,0.
00020962,-0.00072836,-0.00403684,0.00313953,0.01914868,0.00429642,-0.00072122,0.
00333051,0.00005907,-0.00032747,0.00028503,0.00571578,-0.00236459,-0.00104540,0.
00584750,-0.00541265,-0.02427089,0.01284228,-0.05032050,-0.04668480,-0.00011449,
-0.00040658,0.00003663,-0.00012277,-0.00021957,-0.00027205,-0.00011693,-0.000081
89,-0.00020159,0.00005272,0.00000503,-0.00007776,0.00002716,0.00001152,0.0000864
9,-0.00024916,-0.00011472,0.00013944,-0.00017758,0.00006113,0.00102682,-0.000860
71,-0.00038985,-0.00009505,0.00024579,-0.00029888,-0.00123456,-0.00135074,0.0001
0854,-0.00085135,-0.02119696,0.05627918,0.00066738,-0.00044061,0.00003362,-0.000
02447,0.00000946,-0.00000491,0.00009894,0.00006554,-0.00013050,-0.00000739,0.000
02023,-0.00004248,0.00001559,-0.00037599,0.00069000,0.00001518,0.00000412,-0.000
02757,0.00003633,-0.00002596,-0.00001854,-0.00005399,0.00003773,-0.00000924,0.00
002144,-0.00001903,-0.00000831,-0.00009997,0.00001133,-0.00006585,0.00005273,-0.
00004942,0.00003267,0.00000997,-0.00010244,0.00009492,-0.00010606,0.00011194,-0.
00009946,-0.00022636,0.00014028,0.00006076,0.00005131,-0.00001582,0.00004345,0.0
0009443,-0.00002720,-0.00001787,-0.00016039,-0.00023620,-0.00050838,-0.00013173,
-0.00003297,-0.00006549,0.00013282,0.00008629,0.00014661,-0.00000132,-0.00000141
,0.00000541,0.00002392,0.00000938,0.00000851,0.00011131,-0.00004737,0.00004295,-
0.00010509,-0.00014504,0.00009169,0.00075806,-0.00003724,-0.00011532,-0.00030388
,0.00033246,0.00023853,-0.00008513,0.00005508,-0.00001905,0.00003560,-0.00004495
,0.00000624,0.00002987,-0.00001020,0.00001878,0.00000928,-0.00000995,0.00000153,
-0.00012548,-0.00006218,0.00008023,0.00000782,0.00000228,-0.00000714,0.00005591,
0.00011243,-0.00200038,0.00007683,-0.00052879,0.00075559,0.00277226,-0.00090850,
-0.02341589,-0.00102448,0.00386060,-0.00275319,-0.00024980,0.00026445,0.00070684
,0.00155494,-0.00179810,0.00082264,0.00312803,-0.00354865,-0.01054616,0.04540619
,-0.04689597,-0.28168424,0.00022615,0.00002801,0.00041710,-0.00000680,-0.0001126
2,0.00026750,-0.00002416,0.00002423,0.00004582,-0.00001161,0.00001469,0.00004285
,0.00000847,0.00000220,-0.00002930,0.00027730,0.00003532,-0.00019449,0.00039483,
-0.00036126,-0.00109812,-0.00016027,-0.00006316,0.00014929,0.00003130,0.00000086
,-0.00054398,-0.00056141,0.00045611,0.00094494,-0.05264794,0.05025280,0.31769478
,-0.00007075,0.00017607,0.00061580,-0.00003124,0.00001080,0.00002630,0.00010439,
0.00005304,0.00007997,0.00001283,0.00010574,-0.00000211,0.00002816,0.00004376,-0
.00003251,-0.00000994,-0.00005057,0.00001247,-0.00003896,0.00003223,-0.00000156,
-0.00001084,0.00002123,-0.00001041,0.00002657,-0.00000888,-0.00001593,0.00013715
,0.00000598,0.00008680,0.00013379,-0.00009983,0.00005870,0.00013086,0.00008800,0
.00006513,0.00006308,0.00005964,0.00020861,0.00005863,0.00011691,0.00012305,0.00
003811,0.00003827,0.00006943,-0.00003028,0.00001769,0.00004271,-0.00005516,0.000
07019,0.00009514,0.00005666,0.00005471,-0.00001285,-0.00004737,-0.00003226,-0.00
007078,-0.00000231,-0.00001065,-0.00000070,0.00005509,0.00000019,-0.00003937,-0.
00015125,0.00008436,-0.00011421,-0.00006970,-0.00022220,-0.00006795,-0.00070434,
-0.00100722,-0.00052155,-0.00023333,-0.00039555,-0.00129178,-0.00055681,-0.00003
159,-0.00057215,-0.00001569,-0.00001984,-0.00007219,0.00001949,-0.00000881,0.000
02298,0.00000066,0.00000441,-0.00000309,0.00007576,0.00011871,-0.00002137,0.0000
1025,0.00002299,0.00000452,-0.00003354,0.00008428,0.00043500,-0.00028599,0.00034
683,-0.00052629,-0.00005607,0.00003803,-0.00004122,0.00001022,0.00001619,-0.0000
8741,0.00002410,-0.00003594,-0.00002548,0.00002225,-0.00002887,-0.00005881,0.000
01927,-0.00001140,-0.00004790,-0.00002763,-0.00006501,0.00024856,-0.00759994,-0.
00153782,0.00587012,-0.25400737,-0.06393491,0.07669638,-0.02094483,-0.00692498,0
.00527517,-0.00119027,-0.00384258,-0.00296377,0.00063104,0.00022447,-0.00033302,
0.00109160,-0.00217033,0.00230357,-0.00002440,-0.00000070,-0.00000318,-0.0000013
4,-0.00000472,-0.00000377,-0.00000071,-0.00000593,-0.00001090,-0.00001043,0.0000
1143,-0.00000549,-0.00007884,0.00022341,-0.00000023,0.28444822,0.00024372,-0.000
32628,0.00043277,-0.00005364,0.00005675,0.00002021,0.00002202,0.00011944,0.00003
842,-0.00000737,0.00005540,-0.00001588,0.00006629,-0.00029122,-0.00008007,-0.000
01937,-0.00003725,0.00002277,0.00005092,-0.00001339,-0.00000528,-0.00002953,0.00
011447,0.00002152,0.00002987,-0.00003625,-0.00003077,0.00006020,0.00003529,0.000
00638,0.00009614,-0.00014667,0.00001460,0.00010018,0.00003496,0.00002081,0.00000
308,0.00005141,0.00007756,-0.00002180,0.00005688,0.00004384,0.00003466,0.0000250
6,0.00004081,-0.00001829,0.00000250,0.00003043,-0.00000187,-0.00000122,-0.000014
09,-0.00004118,0.00009677,0.00000867,-0.00000032,-0.00004433,-0.00000064,0.00000
393,-0.00001028,0.00001087,0.00006275,-0.00003947,-0.00003526,0.00002325,0.00008
516,-0.00013105,-0.00024693,-0.00002251,0.00002040,-0.00055889,-0.00050441,-0.00
007534,-0.00038961,0.00030429,-0.00091762,-0.00014774,-0.00000188,-0.00014110,0.
00000195,-0.00004997,0.00002897,0.00000284,-0.00003586,0.00001539,0.00000759,-0.
00000266,-0.00000080,-0.00002929,-0.00000193,-0.00002415,0.00001388,0.00001722,0
.00000181,0.00075847,-0.00133381,0.00018334,0.00026978,0.00003836,0.00056851,-0.
00032478,-0.00018567,-0.00039387,0.00002046,-0.00008054,0.00000448,0.00005362,0.
00000621,-0.00001743,0.00001046,-0.00000555,-0.00002611,0.00001531,0.00002367,0.
00003583,-0.00002497,-0.00006863,-0.00007817,0.00183859,0.00025232,0.00040825,-0
.06365492,-0.05281714,0.02023886,-0.01071896,-0.00238920,0.00274874,-0.00389430,
0.00619611,-0.00264873,0.00016670,-0.00017395,-0.00033634,-0.00210052,0.00725341
,-0.00153022,-0.00001901,-0.00001714,0.00002009,0.00000565,-0.00000918,0.0000018
1,-0.00001098,-0.00000106,0.00000666,-0.00000122,-0.00000533,-0.00000071,0.00011
544,-0.00003057,-0.00003510,0.07696740,0.04790609,0.00063667,0.00004997,0.000270
54,-0.00008696,0.00004799,0.00005753,0.00008631,0.00012096,0.00001643,0.00003479
,0.00014999,-0.00003170,0.00002752,-0.00016317,0.00000333,0.00004241,0.00000684,
-0.00005951,0.00002909,-0.00000458,-0.00003344,-0.00017967,0.00013970,-0.0000154
2,0.00006079,-0.00003909,-0.00007233,0.00010808,0.00006075,0.00004065,0.00024193
,-0.00019419,0.00011327,0.00009336,0.00000474,0.00011343,-0.00010362,-0.00001482
,0.00010029,-0.00011990,0.00009968,0.00006492,0.00004814,0.00002624,0.00006964,0
.00002845,0.00005250,0.00002595,-0.00001311,0.00000519,-0.00000812,-0.00021472,-
0.00000923,-0.00003135,0.00011322,0.00007582,0.00009207,-0.00000560,-0.00000378,
-0.00000128,0.00011660,-0.00002769,-0.00009152,-0.00024046,-0.00007819,0.0001198
1,-0.00028501,-0.00009241,0.00006906,-0.00072747,-0.00092745,0.00020910,-0.00055
894,-0.00043095,-0.00025524,-0.00089975,0.00042208,-0.00018752,-0.00004465,0.000
06815,-0.00018494,0.00007956,-0.00002342,0.00004824,0.00001507,-0.00000857,-0.00
000226,-0.00000764,0.00003403,0.00000810,0.00002999,0.00005144,-0.00000391,0.002
40750,0.00135582,-0.00064422,-0.00041681,-0.00042616,0.00031730,-0.00009385,0.00
001028,0.00012143,-0.00006625,0.00004914,0.00004140,-0.00003534,0.00006553,0.000
02956,-0.00000784,0.00002386,0.00007656,-0.00000113,-0.00000639,0.00002530,-0.00
004876,0.00003718,-0.00015375,0.02624054,0.00730579,-0.01173761,0.07707202,0.020
71935,-0.06947686,-0.01598775,-0.00496320,0.00542717,-0.00242648,-0.00258923,-0.
00145811,-0.00034424,-0.00017802,-0.00038387,0.00168883,-0.00179065,-0.00543479,
0.00000483,0.00001898,0.00002403,-0.00000231,0.00001575,0.00001159,-0.00000160,0
.00001205,0.00000993,-0.00000090,0.00001288,0.00000508,0.00014401,-0.00019356,0.
00009849,-0.08598150,-0.01960683,0.08229367,-0.00016750,-0.00002261,0.00001866,-
0.00000736,-0.00000366,0.00000337,-0.00003057,-0.00000980,0.00004143,-0.00000200
,-0.00001153,0.00000558,0.00001033,0.00001200,-0.00000597,-0.00000895,-0.0000093
4,0.00000385,-0.00000970,0.00000147,-0.00000285,0.00005844,0.00001562,-0.0000244
7,0.00000778,-0.00000035,0.00000075,0.00002535,-0.00000288,0.00000439,-0.0000462
8,0.00000235,0.00001689,0.00002382,0.00001580,-0.00000269,0.00001093,-0.00000900
,-0.00000011,0.00001325,0.00000890,-0.00000554,0.00000420,-0.00000043,0.00000473
,0.00000916,0.00000579,0.00001368,0.00000335,0.00001844,-0.00000679,0.00002649,0
.00001220,0.00000019,-0.00000680,-0.00001571,-0.00002556,-0.00000569,0.00000267,
0.00000283,-0.00000273,0.00000285,-0.00000112,-0.00000672,0.00001698,-0.00001278
,0.00001479,-0.00001779,0.00000804,0.00003428,0.00002741,-0.00001630,0.00006134,
0.00000892,-0.00001145,0.00004342,-0.00000266,-0.00001134,0.00001181,-0.00001141
,-0.00000017,-0.00001953,-0.00001081,-0.00000536,0.00000144,-0.00000113,-0.00000
030,0.00000767,0.00000209,-0.00000923,0.00000040,0.00000499,0.00000143,0.0001977
2,-0.00018766,-0.00047504,-0.00012423,0.00011930,-0.00021852,-0.00017233,-0.0000
8994,-0.00004745,0.00002354,-0.00001155,-0.00000642,0.00002890,0.00000162,0.0000
0041,0.00001694,-0.00000958,-0.00001186,0.00000499,0.00001666,0.00000156,0.00000
313,-0.00003286,0.00001542,-0.00115895,-0.00379727,-0.00284091,0.00383319,-0.002
38838,-0.01927006,-0.05560606,0.00245166,0.05597941,-0.00763849,0.00175590,0.026
99254,-0.00391164,-0.00395319,0.00238631,-0.00049558,-0.00015548,-0.00032564,-0.
00000874,-0.00000445,0.00000563,-0.00000118,-0.00000334,0.00000097,-0.00000516,0
.00000029,-0.00000278,0.00000138,-0.00000315,-0.00000384,-0.00000711,0.00002568,
-0.00002642,0.00048357,0.00090255,-0.00100573,0.06469586,-0.00010714,-0.00003480
,0.00003758,0.00000521,-0.00000006,-0.00001705,-0.00002494,0.00002098,0.00001840
,-0.00000408,-0.00000488,0.00000458,0.00001036,0.00000041,-0.00001218,-0.0000093
0,-0.00000478,0.00000198,-0.00000260,0.00000268,0.00000250,0.00001138,0.00001716
,-0.00000860,-0.00000414,-0.00000300,0.00000994,0.00001788,0.00000327,-0.0000017
6,-0.00001194,-0.00001078,0.00000517,0.00002374,0.00000648,0.00000011,0.00000512
,-0.00001152,-0.00000552,0.00001115,0.00001881,-0.00001224,0.00000179,-0.0000010
7,0.00000402,0.00001016,0.00001100,0.00000660,0.00000564,0.00000868,-0.00000480,
0.00001630,0.00001127,0.00000048,-0.00000093,-0.00000150,-0.00001153,0.00000263,
-0.00000016,0.00000378,-0.00000323,-0.00000437,0.00000229,-0.00000693,0.00001787
,-0.00001362,-0.00000353,-0.00001254,0.00000924,0.00001503,0.00002121,-0.0000094
2,-0.00000007,-0.00000099,-0.00004404,0.00001835,-0.00000900,-0.00000085,0.00001
351,-0.00000161,0.00000097,-0.00001185,-0.00000907,0.00000100,0.00000084,0.00000
078,-0.00000007,0.00000433,0.00000141,-0.00000563,0.00000059,-0.00000060,-0.0000
0005,0.00021628,-0.00000611,-0.00013761,-0.00017771,0.00004035,-0.00019523,-0.00
003645,-0.00001948,-0.00002543,0.00000896,-0.00001960,0.00001701,0.00000649,0.00
000117,-0.00000406,0.00000490,0.00000001,-0.00000095,-0.00000333,0.00000653,-0.0
0000602,0.00001192,0.00000636,-0.00005449,-0.00383262,0.00610539,-0.00288451,0.0
0150586,-0.00057925,-0.01102638,0.00265603,-0.03813409,-0.02468758,-0.00233979,0
.00133818,0.00744441,-0.00390791,0.00672521,-0.00049641,-0.00011075,-0.00026783,
0.00013964,-0.00000426,-0.00000254,0.00000736,0.00000264,-0.00000489,-0.00000082
,0.00000085,-0.00000173,-0.00000009,0.00000527,-0.00001287,0.00000084,-0.0000090
9,0.00004176,0.00001126,0.00116627,-0.00209273,0.00023871,0.00342278,0.03071654,
-0.00025134,-0.00001577,0.00011439,0.00009765,-0.00007571,-0.00008318,0.00003488
,-0.00003465,-0.00002108,0.00000088,0.00001644,-0.00000355,0.00002735,-0.0000001
6,-0.00002527,-0.00000910,-0.00001458,0.00000977,-0.00001891,0.00000119,-0.00000
066,0.00011810,-0.00008630,-0.00002244,-0.00005720,0.00004299,0.00007553,0.00000
441,0.00002746,0.00000162,-0.00010857,0.00006514,0.00000576,0.00004731,0.0000020
9,0.00002685,-0.00001364,-0.00004037,-0.00002149,-0.00000233,0.00004255,-0.00003
007,0.00001366,-0.00000331,0.00000507,0.00003535,0.00003765,0.00002348,0.0000211
6,0.00002532,-0.00002097,0.00011786,-0.00004533,0.00000995,0.00002522,0.00000482
,0.00003691,0.00001337,0.00000295,0.00000154,-0.00007767,0.00003844,0.00004862,-
0.00005034,-0.00001422,-0.00002602,-0.00004805,-0.00002852,0.00001602,0.00000190
,0.00003633,-0.00000006,-0.00008723,-0.00008459,-0.00005952,0.00004302,-0.000015
76,-0.00000777,0.00005317,-0.00001732,-0.00001803,-0.00003293,0.00001453,-0.0000
1090,-0.00000700,0.00000672,0.00000182,0.00000598,-0.00000212,-0.00001169,0.0000
0246,-0.00000620,0.00000071,0.00103925,0.00027826,-0.00030977,-0.00035938,-0.000
00171,-0.00031350,-0.00029281,-0.00018503,-0.00006304,0.00002209,-0.00004379,0.0
0004268,0.00003481,0.00000752,0.00004225,-0.00001191,0.00002662,0.00000368,0.000
00335,0.00004600,-0.00002349,0.00001064,-0.00003468,-0.00007165,-0.00307051,-0.0
0291304,-0.00194747,0.00262512,-0.00320292,-0.02249066,0.05618271,-0.02450711,-0
.28503289,0.00482032,-0.00064920,-0.01273274,0.00289326,-0.00028245,0.00066908,-
0.00029192,0.00007883,0.00080937,-0.00000847,0.00000145,0.00001505,0.00000698,-0
.00000757,-0.00001815,0.00000478,-0.00001943,-0.00000809,0.00001669,-0.00003338,
0.00000878,-0.00000929,0.00002154,-0.00006324,0.00044404,0.00073836,0.00080444,-
0.06299948,0.03017006,0.32022388,-0.00016877,0.00003746,0.00001261,0.00008965,-0
.00005439,-0.00001703,0.00003441,-0.00002410,0.00002875,0.00000142,0.00000878,0.
00000337,0.00000526,0.00002354,0.00000676,0.00000246,0.00000196,0.00000356,-0.00
000120,-0.00000060,0.00000216,0.00011956,-0.00004386,0.00000136,-0.00004961,0.00
002560,0.00003371,0.00000191,-0.00000116,0.00000930,-0.00010604,0.00004953,-0.00
002061,0.00002337,0.00001932,-0.00000068,0.00001858,-0.00000404,-0.00001467,0.00
002310,0.00001032,-0.00000649,0.00000070,-0.00000131,-0.00000180,0.00000867,0.00
001427,0.00000341,0.00000600,0.00000643,-0.00000385,0.00011126,-0.00001993,0.000
03385,-0.00001138,-0.00001895,0.00000198,0.00000294,0.00000948,0.00000025,-0.000
07677,0.00002200,0.00000514,0.00002072,-0.00002998,-0.00005462,0.00004988,-0.000
00679,-0.00005074,-0.00004253,0.00006273,-0.00005273,-0.00008381,-0.00008263,-0.
00000999,0.00005455,-0.00008006,-0.00000399,0.00002037,-0.00000857,0.00000269,-0
.00003547,-0.00000174,-0.00002420,-0.00000545,0.00000529,0.00000154,0.00000724,0
.00001064,-0.00000029,-0.00000314,-0.00001379,0.00000106,0.00006351,0.00064381,0
.00026325,-0.00010896,-0.00004302,-0.00025154,0.00000047,-0.00001462,0.00003891,
0.00000954,-0.00000782,0.00000034,0.00000449,-0.00000741,0.00002053,-0.00000753,
0.00001436,0.00000452,-0.00000004,0.00000894,-0.00003973,-0.00000464,-0.00002019
,0.00003406,0.00005165,0.00040072,0.00073538,-0.00404634,-0.00390232,0.00272617,
-0.02147348,-0.01116574,-0.01714385,-0.16239558,-0.06563918,-0.11142184,0.003496
81,0.00129846,0.00230265,0.00175017,-0.00201556,0.00164589,-0.00000131,0.0000028
4,0.00000414,0.00000199,-0.00000289,-0.00001285,0.00000834,-0.00001433,-0.000009
41,0.00000519,-0.00001433,0.00000801,-0.00000923,0.00004828,-0.00001836,-0.00095
198,-0.00048222,-0.00087169,0.00035761,0.00091859,-0.00081125,0.18257918,-0.0000
9948,0.00000838,0.00001055,0.00004199,-0.00002346,-0.00001865,-0.00000246,0.0000
0910,0.00002230,-0.00000116,0.00000047,0.00000615,0.00000527,0.00000549,-0.00000
267,-0.00000120,-0.00000014,0.00000274,-0.00000331,-0.00000012,0.00000186,0.0000
1777,-0.00002461,0.00000419,-0.00002361,0.00000977,0.00001972,0.00001423,0.00000
179,0.00000094,-0.00002038,0.00001611,-0.00001072,0.00002519,0.00000983,-0.00000
036,0.00000988,-0.00000172,-0.00000139,0.00001260,0.00001397,-0.00000771,-0.0000
0341,-0.00000256,-0.00000046,0.00000547,-0.00000437,-0.00000136,0.00000804,0.000
00725,-0.00000288,0.00004270,-0.00000363,0.00001435,-0.00000924,-0.00000641,-0.0
0000748,0.00000481,0.00000239,0.00000028,-0.00002906,0.00000668,-0.00000211,0.00
000302,-0.00000429,-0.00002689,0.00002174,-0.00000336,-0.00002007,0.00001305,0.0
0003794,-0.00002931,-0.00003150,0.00002812,-0.00003295,0.00002094,-0.00003725,0.
00000346,0.00000350,0.00000278,0.00000082,-0.00001012,0.00000537,-0.00000357,-0.
00000240,0.00000334,-0.00000021,0.00000477,0.00000485,-0.00000221,-0.00000079,-0
.00000496,-0.00000002,0.00040924,-0.00124405,0.00020474,0.00012106,0.00006971,0.
00034002,-0.00015614,-0.00007474,-0.00016346,0.00002545,-0.00004180,0.00001272,0
.00002587,0.00000325,-0.00000006,-0.00000012,0.00000403,-0.00001415,-0.00000637,
0.00003842,0.00000068,0.00000626,-0.00000189,-0.00004090,0.00052499,-0.00054103,
0.00039481,-0.00403673,0.00670593,-0.00039278,-0.00723687,-0.00251783,-0.0054649
4,-0.06564788,-0.06917672,-0.06024674,-0.00255788,-0.00035521,-0.00301148,-0.002
00808,0.00706196,-0.00178098,-0.00000534,-0.00000678,0.00000274,0.00000661,-0.00
000789,-0.00000854,0.00000165,-0.00001070,-0.00000404,0.00000234,-0.00001664,0.0
0000749,-0.00000774,0.00002183,-0.00000196,-0.00023833,-0.00022785,-0.00025877,0
.00118847,-0.00215331,0.00032354,0.07867313,0.06466062,-0.00007049,0.00000957,0.
00006517,0.00005876,-0.00003854,-0.00003892,0.00004790,-0.00002977,-0.00004329,0
.00000128,0.00001214,-0.00000309,0.00000789,0.00000632,-0.00000834,-0.00000107,-
0.00000074,0.00000433,-0.00000440,0.00000049,0.00000188,0.00005614,-0.00005992,0
.00000379,-0.00003950,0.00002306,0.00003960,-0.00001140,0.00001462,-0.00000179,-
0.00005480,0.00004144,-0.00001085,0.00001002,-0.00001289,0.00001220,-0.00001604,
-0.00002317,-0.00001313,-0.00001053,0.00001452,-0.00001615,0.00000712,0.00000128
,-0.00000095,0.00002253,0.00001755,0.00001349,0.00001242,0.00000926,-0.00000217,
0.00006875,-0.00002525,-0.00000197,0.00000606,0.00001045,0.00002987,0.00000980,0
.00000118,-0.00000128,-0.00005026,0.00002186,0.00003270,-0.00001831,-0.00001537,
-0.00000747,-0.00002912,-0.00000507,0.00000461,-0.00001453,-0.00000311,0.0000126
2,-0.00005024,-0.00004044,-0.00001327,0.00000132,-0.00000680,0.00000518,0.000027
41,-0.00000765,-0.00000202,-0.00001403,0.00001320,-0.00000758,-0.00000614,0.0000
0552,0.00000084,0.00000079,-0.00000140,-0.00000296,0.00000029,-0.00000854,0.0000
0100,0.00034162,0.00051163,-0.00003223,-0.00015604,-0.00012372,-0.00002544,-0.00
002379,-0.00001641,0.00004073,-0.00001305,-0.00000390,0.00002566,-0.00000860,0.0
0000624,0.00004039,-0.00001246,0.00002257,0.00000803,0.00000289,0.00001069,-0.00
002498,-0.00001214,0.00000746,-0.00001381,0.00071302,0.00037822,0.00002055,0.002
28788,-0.00047672,0.00070412,0.00506133,0.00258391,0.00531025,-0.11145562,-0.060
19590,-0.14865720,-0.01987578,-0.01120012,-0.02176950,0.00201841,-0.00158696,-0.
00555603,0.00000677,0.00000902,0.00001365,0.00000583,-0.00000309,-0.00001260,0.0
0000938,-0.00001564,-0.00000239,0.00000681,-0.00001495,0.00000949,0.00000453,0.0
0000263,-0.00002135,0.00040786,0.00018706,0.00017883,0.00061297,0.00083748,0.000
89353,0.12203556,0.06944483,0.16921227,-0.00026757,0.00003439,0.00008075,0.00010
647,-0.00006554,-0.00002245,0.00006351,-0.00004344,-0.00000877,-0.00000007,0.000
01594,-0.00000046,0.00000642,0.00001761,-0.00000457,-0.00000109,0.00000387,0.000
00421,-0.00000413,-0.00000180,0.00000414,0.00013565,-0.00008371,0.00000960,-0.00
006212,0.00002968,0.00004084,-0.00001579,0.00001104,0.00000171,-0.00012430,0.000
07964,-0.00002980,0.00002137,0.00000218,0.00000728,0.00000212,-0.00004074,-0.000
02342,0.00001192,0.00002456,-0.00003073,0.00000405,-0.00000020,0.00000119,0.0000
1878,0.00002370,0.00002160,0.00001177,0.00001406,0.00000093,0.00013071,-0.000041
20,0.00002349,-0.00000349,-0.00001345,0.00001795,0.00000621,0.00000829,-0.000000
75,-0.00009762,0.00003195,0.00002247,-0.00001231,-0.00002486,-0.00003675,0.00000
838,-0.00001377,-0.00002302,-0.00000153,0.00007576,-0.00002403,-0.00027500,-0.00
019142,-0.00022377,0.00007493,-0.00006342,0.00001017,0.00002978,-0.00002080,0.00
000302,-0.00004037,0.00000964,-0.00002943,-0.00000770,0.00000669,0.00000201,0.00
000496,0.00000796,-0.00000160,-0.00000221,-0.00001769,0.00000309,-0.00033957,-0.
00007027,0.00100087,-0.00003293,0.00012254,-0.00031514,-0.00012450,-0.00003401,-
0.00002982,0.00003449,-0.00003938,0.00001758,0.00002256,-0.00000020,0.00002250,0
.00000886,0.00000639,-0.00001153,0.00000263,0.00002023,-0.00002585,-0.00000822,-
0.00000645,0.00002141,-0.00171634,-0.00411378,-0.00302040,0.00064454,0.00023148,
-0.00044710,0.00172402,-0.00194276,0.00225016,-0.00839453,-0.00253330,0.00485222
,-0.25213676,-0.06605051,0.07792015,-0.02196102,-0.00742136,0.00547758,-0.000014
28,0.00001081,-0.00000068,0.00000672,-0.00001323,-0.00002758,0.00000893,-0.00002
085,-0.00001041,0.00000556,-0.00001962,0.00001146,-0.00000266,0.00004846,-0.0000
3944,-0.00007498,0.00066175,-0.00014448,-0.00040049,-0.00012944,0.00002907,0.000
59856,0.00100845,-0.00083340,0.28201444,-0.00013918,-0.00001144,0.00002748,0.000
03787,-0.00002172,-0.00001771,-0.00000046,0.00000679,0.00001618,-0.00000233,0.00
000202,0.00000547,0.00000157,0.00000225,-0.00000360,-0.00000310,0.00000085,0.000
00352,-0.00000225,-0.00000005,-0.00000103,0.00001703,-0.00002740,0.00000442,-0.0
0002186,0.00000897,0.00001858,0.00000407,0.00000346,0.00000118,-0.00002053,0.000
01685,-0.00000887,0.00002012,0.00000854,-0.00000002,0.00000502,-0.00001565,-0.00
000686,0.00001325,0.00002028,-0.00001251,0.00000073,-0.00000161,0.00000117,0.000
00789,0.00000879,0.00000784,0.00000282,0.00000591,0.00000110,0.00003950,-0.00000
346,0.00000933,-0.00000626,-0.00001094,-0.00000906,0.00000543,0.00000157,0.00000
039,-0.00002770,0.00000732,0.00000054,0.00000604,-0.00000541,-0.00001590,0.00000
438,-0.00000950,-0.00000917,0.00000303,0.00003884,-0.00000704,-0.00009039,-0.000
16582,-0.00007364,0.00005098,-0.00002542,-0.00000892,0.00001072,-0.00000272,-0.0
0000041,-0.00001148,0.00000715,-0.00000367,-0.00000214,0.00000267,-0.00000034,0.
00000355,0.00000487,-0.00000097,-0.00000093,-0.00000637,0.00000051,-0.00023623,0
.00011113,0.00039087,0.00004030,-0.00001502,-0.00009508,-0.00005649,-0.00002873,
-0.00000851,-0.00000114,-0.00000757,0.00001643,0.00001545,0.00000377,-0.00000237
,0.00001324,-0.00000738,-0.00000660,0.00000585,0.00001757,-0.00000182,-0.0000050
6,0.00000811,-0.00000986,-0.00407014,0.00619284,-0.00271000,0.00024758,-0.000131
47,-0.00018801,-0.00205071,0.00714102,-0.00152667,0.00128847,0.00126908,-0.00044
975,-0.06615826,-0.05515600,0.02223579,-0.01117626,-0.00260990,0.00268535,-0.000
00445,-0.00000012,0.00000405,0.00000222,-0.00000749,-0.00000887,0.00000026,-0.00
001000,-0.00000425,0.00000074,-0.00001293,0.00000590,-0.00000520,0.00001510,-0.0
0000449,0.00065387,-0.00169433,0.00030844,0.00009103,-0.00001982,-0.00008407,0.0
0125375,-0.00208591,0.00023435,0.07927157,0.04933531,-0.00013847,-0.00003873,0.0
0003964,-0.00001053,0.00000584,-0.00001705,-0.00001691,-0.00000371,0.00000527,-0
.00000157,-0.00000905,0.00000604,-0.00000108,0.00000461,-0.00001460,-0.00000147,
0.00000007,-0.00000209,0.00000001,-0.00000306,-0.00000198,0.00001174,-0.00000655
,-0.00000669,0.00000400,0.00000042,0.00000856,0.00000347,0.00000125,0.00000120,-
0.00000865,-0.00000160,0.00000541,0.00000592,0.00000129,-0.00000118,0.00000010,-
0.00001817,-0.00000298,0.00000758,0.00000712,-0.00001091,0.00000565,0.00000109,0
.00000355,0.00000869,0.00000110,0.00001560,0.00000067,0.00001441,0.00000034,0.00
000182,0.00001581,-0.00001156,-0.00000565,-0.00000691,-0.00001510,0.00000147,-0.
00000370,0.00000263,0.00000777,-0.00000004,0.00001137,-0.00000595,0.00001136,0.0
0001059,-0.00001800,-0.00000247,0.00001924,0.00002583,0.00000747,0.00001136,-0.0
0013862,-0.00008349,-0.00014522,0.00001247,0.00001087,0.00000873,0.00000715,-0.0
0001473,-0.00000361,-0.00000673,0.00000206,0.00000247,0.00000071,-0.00000025,-0.
00000081,0.00000166,0.00000039,-0.00000713,-0.00000073,0.00000536,-0.00000017,-0
.00053531,-0.00030270,0.00021330,0.00003283,0.00006892,-0.00002984,-0.00001908,0
.00006130,0.00003130,0.00000353,-0.00000070,0.00000643,0.00000064,0.00000222,0.0
0000236,0.00001580,-0.00001097,-0.00000738,-0.00000829,0.00000130,0.00001181,0.0
0000493,0.00000253,-0.00000518,-0.00276695,-0.00258037,-0.00129542,-0.00044066,-
0.00021406,-0.00043708,0.00174131,-0.00171148,-0.00544299,0.02696571,0.00770769,
-0.01174203,0.07766729,0.02201128,-0.07216369,-0.01631500,-0.00517271,0.00565239
,-0.00000417,0.00000412,0.00000464,0.00000258,-0.00000404,-0.00000080,-0.0000000
6,0.00000616,0.00000200,0.00000307,0.00000284,-0.00000890,-0.00000431,0.00000313
,-0.00002390,-0.00015423,0.00028186,0.00001161,0.00137393,0.00038794,-0.00059558
,0.00058055,0.00077089,0.00063574,-0.08695681,-0.02145257,0.08444250,0.00011751,
0.00009402,-0.00007881,0.00001050,0.00000010,0.00001120,-0.00000526,0.00002702,0
.00004745,0.00000717,0.00001619,-0.00000460,0.00000143,0.00002293,0.00002540,0.0
0001865,0.00000695,-0.00000933,0.00001841,0.00000304,-0.00000462,-0.00000907,0.0
0001859,0.00001237,-0.00000224,-0.00000638,-0.00001451,-0.00000959,-0.00001206,-
0.00000292,-0.00000289,-0.00001424,-0.00002295,-0.00001642,0.00003639,-0.0000232
8,0.00004003,0.00000781,0.00003183,0.00003648,-0.00001858,0.00000480,-0.00001617
,0.00000654,-0.00000018,-0.00008987,-0.00004156,-0.00004180,-0.00000458,-0.00003
530,0.00001925,-0.00001948,-0.00001572,0.00004291,0.00001195,-0.00002601,-0.0000
1648,-0.00000138,0.00000472,0.00000375,-0.00000777,-0.00000740,-0.00003022,0.000
04489,-0.00002045,-0.00002710,0.00008144,0.00002909,-0.00005694,0.00000356,0.000
03827,-0.00006963,0.00020766,0.00006739,-0.00009496,0.00007758,-0.00004632,-0.00
004761,-0.00002090,0.00001405,0.00002451,-0.00000160,-0.00000384,-0.00001093,0.0
0000419,-0.00000134,0.00000058,0.00000203,0.00001004,0.00001233,0.00000043,-0.00
000350,-0.00000085,-0.00047492,0.00041908,0.00179310,0.00053032,0.00020753,-0.00
064776,0.00013767,-0.00009696,0.00002760,0.00011458,-0.00008222,-0.00008701,0.00
001716,-0.00006473,-0.00006258,-0.00000696,0.00004597,-0.00006501,-0.00007135,0.
00005675,0.00001499,0.00002010,-0.00012076,0.00025333,-0.00738828,0.00189284,0.0
2694217,-0.00396973,-0.00403021,0.00225098,-0.00046889,-0.00016862,-0.00022045,-
0.00131494,-0.00389079,-0.00251286,0.00387675,-0.00221172,-0.01911242,-0.0523188
0,0.00127008,0.05072861,-0.00003415,-0.00000284,-0.00022737,-0.00001864,0.000040
61,0.00002445,-0.00001226,0.00004103,-0.00000948,-0.00002372,0.00004404,-0.00001
078,-0.00000509,0.00009955,-0.00002286,-0.00041555,0.00009374,0.00139095,-0.0001
6855,0.00063389,-0.00013787,0.00009550,-0.00009501,-0.00103167,0.00049181,0.0009
9102,-0.00094968,0.06089671,0.00002793,-0.00000049,-0.00003419,-0.00001509,0.000
01412,-0.00000155,-0.00003334,0.00003455,0.00003015,0.00000028,-0.00000636,0.000
00449,0.00000081,0.00000532,0.00000974,0.00000320,-0.00000145,-0.00000315,0.0000
0563,0.00000161,0.00000004,-0.00003294,0.00004169,-0.00000273,0.00000870,-0.0000
0946,-0.00000738,0.00000501,-0.00001888,0.00000816,0.00002111,-0.00003712,0.0000
0661,-0.00000215,0.00002110,-0.00001888,0.00001387,-0.00000417,0.00000851,0.0000
1723,0.00000332,-0.00000336,-0.00000200,0.00000323,-0.00000168,-0.00002616,0.000
00465,-0.00001855,-0.00000430,-0.00001172,0.00001721,-0.00003151,0.00002004,0.00
000815,0.00000118,-0.00000894,-0.00002234,0.00000210,-0.00000041,0.00000306,0.00
001767,-0.00001231,-0.00001779,0.00002278,0.00001109,-0.00000358,0.00003068,0.00
000289,-0.00001424,0.00000583,0.00001071,-0.00001190,0.00010698,0.00004926,0.000
00845,0.00000308,-0.00000343,-0.00002082,-0.00000885,0.00001248,-0.00000466,0.00
000061,-0.00000908,0.00000515,0.00000330,-0.00000121,-0.00000092,0.00000213,0.00
000234,0.00000458,-0.00000083,-0.00000027,-0.00000041,0.00034371,-0.00135991,0.0
0019860,0.00015257,-0.00018236,0.00071310,-0.00016076,-0.00018680,-0.00014380,0.
00000387,-0.00008537,-0.00008153,0.00009391,-0.00010291,-0.00009509,0.00003218,-
0.00002034,-0.00004752,-0.00002109,0.00001233,0.00005519,0.00001141,-0.00009742,
0.00009391,-0.00142855,0.00040994,0.00772579,-0.00388396,0.00676390,-0.00056111,
-0.00021888,-0.00022930,0.00009682,-0.00396734,0.00623577,-0.00263290,0.00149592
,-0.00017842,-0.01100461,0.00089324,-0.03711588,-0.02122854,-0.00003304,0.000070
64,-0.00009421,0.00000595,0.00001958,-0.00000233,-0.00000849,0.00002179,-0.00001
164,-0.00001093,0.00001803,-0.00001340,-0.00000070,0.00007081,-0.00004220,-0.000
16097,0.00004910,0.00040562,0.00062701,-0.00168500,0.00032207,0.00011395,-0.0001
6626,-0.00055494,0.00118385,-0.00215247,0.00023958,0.00476088,0.02980213,-0.0001
5639,-0.00006635,0.00005496,-0.00003591,0.00001817,-0.00000529,-0.00005267,-0.00
001902,-0.00000221,0.00000071,-0.00002657,0.00000590,0.00000038,-0.00002077,-0.0
0002167,-0.00000631,-0.00000502,0.00000318,-0.00000827,-0.00000107,-0.00000041,0
.00001559,0.00002160,-0.00001995,0.00002180,-0.00000492,0.00000209,0.00000231,-0
.00000532,-0.00000472,-0.00001194,-0.00001043,0.00002358,0.00000766,0.00000829,-
0.00001012,-0.00002540,-0.00005846,0.00000655,0.00000944,0.00000446,-0.00001315,
0.00000289,0.00000776,-0.00000348,0.00006286,0.00001987,0.00003762,0.00002352,0.
00001359,0.00000428,-0.00001178,0.00004917,-0.00003316,-0.00001779,-0.00000929,-
0.00003050,0.00000175,-0.00000952,-0.00000012,0.00002745,-0.00000238,0.00001961,
-0.00001320,0.00004466,0.00002228,-0.00004071,-0.00002375,0.00004108,0.00001149,
-0.00002607,0.00002828,-0.00009934,0.00004539,0.00025580,-0.00002457,0.00004442,
0.00001885,0.00000310,-0.00000725,-0.00002891,-0.00000297,-0.00000830,0.00000617
,0.00000146,-0.00000049,-0.00000098,0.00000542,-0.00000433,-0.00000673,0.0000016
2,0.00001049,0.00000008,0.00149799,0.00076397,-0.00196994,-0.00069790,-0.0005808
9,0.00062579,-0.00002502,0.00028381,0.00029352,-0.00011299,0.00002964,0.00024721
,0.00001200,-0.00001114,0.00003199,-0.00002862,0.00003218,-0.00000335,-0.0000108
6,0.00002266,-0.00001371,-0.00005867,0.00011547,-0.00018750,0.00576671,0.0003273
3,-0.01129969,0.00292106,-0.00026033,-0.00010261,-0.00022710,0.00008156,0.000794
71,-0.00312680,-0.00272535,-0.00146831,0.00269950,-0.00290269,-0.02172640,0.0491
7204,-0.02267341,-0.28447305,-0.00005178,0.00000323,-0.00000829,0.00003064,-0.00
000708,-0.00002145,0.00000699,-0.00000663,-0.00001093,0.00002082,-0.00002032,-0.
00000427,-0.00001082,-0.00002108,-0.00001651,-0.00008544,-0.00014717,-0.00061242
,-0.00012460,0.00029467,0.00013467,0.00028718,-0.00003811,-0.00103617,0.00045632
,0.00074562,0.00082741,-0.05801405,0.02673437,0.31966788,0.00301211,0.00409543,-
0.00217052,-0.00099873,0.00082535,-0.00053173,-0.02238780,0.00481793,0.00234563,
-0.18198952,0.03619214,0.03312982,0.00022957,-0.00019299,0.00012223,-0.00021906,
-0.00029014,-0.00059147,0.00005148,-0.00002724,0.00002966,-0.00321895,-0.0003805
3,0.00018910,0.00029696,-0.00015212,0.00014463,-0.01446646,-0.00495499,0.0138632
0,0.00090583,-0.00035669,0.00005860,-0.00017920,-0.00001779,-0.00042053,-0.00076
510,-0.00037752,-0.00009888,0.00034540,-0.00137862,0.00181811,-0.00009900,0.0000
3062,-0.00002873,0.00018320,-0.00013487,-0.00012198,0.00043573,-0.00004492,-0.00
017721,-0.00095310,0.00079316,-0.00055979,0.00069024,-0.00152857,-0.00041759,0.0
0044055,-0.00017012,0.00026919,0.00026203,0.00005702,0.00024225,-0.00028217,0.00
012688,-0.00004515,-0.00062504,-0.00051910,0.00055796,-0.00028075,-0.00046099,0.
00025869,0.00028466,0.00013421,0.00002578,0.00020560,0.00042262,0.00026257,0.000
01412,0.00009315,0.00011023,0.00863952,0.00507869,-0.00189119,0.00011257,0.00002
214,0.00005390,-0.02693867,0.00178146,0.00331430,-0.02058700,0.01505816,0.008183
55,0.00041905,0.00065498,-0.00009088,0.00006136,-0.00024330,0.00009161,0.0000438
8,-0.00001252,-0.00002924,0.00001581,0.00000053,-0.00000154,0.00000660,0.0000020
0,-0.00002500,0.00001349,-0.00003309,-0.00003062,0.00000270,-0.00003637,0.000013
50,0.00001942,-0.00001687,-0.00002019,0.00003901,-0.00003269,-0.00000130,0.00000
418,-0.00001429,0.00000725,-0.00000445,-0.00000182,0.00001045,0.00000829,-0.0000
0004,0.00000350,0.00000289,0.00000183,-0.00000544,-0.00000048,-0.00000714,-0.000
00512,0.00001253,-0.00000135,0.00000445,0.00000219,-0.00000418,0.00001426,0.0000
0316,-0.00000184,0.00000778,0.00002273,-0.00002387,0.00001753,0.00004995,0.00001
536,0.00003888,0.00002183,0.00003292,0.00003150,-0.00000293,-0.00000091,-0.00001
055,-0.00001024,-0.00000605,-0.00000649,-0.00001218,-0.00000381,0.00000313,0.000
00525,0.00000373,0.00000151,0.48218117,0.00107477,0.00504935,-0.00163242,0.00050
629,-0.00088485,0.00224623,0.01958795,-0.03574013,0.00380362,0.01272208,-0.06579
642,-0.00651762,0.00005142,-0.00002242,0.00022828,-0.00069654,-0.00075362,-0.000
65177,-0.00003019,0.00012055,0.00031771,0.00671789,0.00279867,-0.00084398,0.0000
0494,0.00008314,-0.00065649,-0.01739354,0.00147700,0.00841713,-0.00353423,0.0015
2964,0.00016889,0.00003766,0.00052849,-0.00074922,-0.00029061,-0.00058953,-0.000
07122,-0.00071295,-0.00215351,0.00168154,0.00005735,-0.00002945,-0.00053077,0.00
025183,-0.00006051,-0.00010340,-0.00001449,-0.00025622,-0.00014074,0.00028686,-0
.00339364,0.00128870,-0.00050864,0.00300381,0.00227486,-0.00010504,-0.00148670,0
.00020063,0.00083149,0.00077895,-0.00209501,-0.00065755,0.00024145,-0.00042324,-
0.00151048,-0.00164495,-0.00006457,0.00030744,-0.00013220,0.00034766,-0.00016082
,-0.00006297,-0.00030619,0.00062108,0.00059807,0.00004253,0.00033489,0.00032610,
0.00015860,-0.01032052,0.00376885,0.00057009,0.00056070,0.00003218,-0.00065051,-
0.01067551,0.00090928,0.00228100,0.03175076,-0.01092412,-0.01282363,0.00139701,0
.00000398,-0.00009261,-0.00035578,0.00007064,-0.00002731,-0.00007236,0.00004852,
0.00000297,-0.00000421,0.00001899,-0.00003422,0.00001426,0.00000338,-0.00000972,
0.00001782,-0.00000726,0.00000173,0.00003814,-0.00003308,0.00005084,0.00003071,-
0.00001782,0.00004136,-0.00010470,0.00005479,0.00000795,0.00001949,0.00001863,-0
.00000563,-0.00000916,-0.00000182,0.00003650,0.00000640,0.00000399,0.00000436,0.
00000068,-0.00000632,-0.00001450,-0.00001721,-0.00001389,-0.00004360,0.00001224,
0.00001051,-0.00003953,-0.00001839,0.00001186,0.00001985,-0.00004038,0.00003766,
0.00001654,-0.00004261,0.00004558,-0.00003944,0.00006387,-0.00003620,0.00002793,
0.00005205,0.00002528,0.00008713,0.00000239,-0.00001189,-0.00002151,-0.00002217,
-0.00001617,-0.00001662,-0.00002761,-0.00001639,0.00000030,-0.00000121,-0.000003
75,0.00001016,0.04085294,0.32833691,-0.00052781,-0.00305901,-0.00086466,0.000170
03,0.00026275,-0.00122577,-0.00026150,-0.00203751,-0.02016900,0.03720011,-0.0136
4325,-0.08460581,0.00013255,-0.00004265,-0.00010590,-0.00057347,-0.00030711,-0.0
0079510,0.00017680,-0.00013845,-0.00007319,-0.00288860,-0.00089305,0.00077586,-0
.00000671,0.00006406,0.00036516,0.03290812,0.00242780,-0.01710031,0.00146555,-0.
00056058,0.00036013,0.00028675,-0.00026872,-0.00018537,0.00132287,0.00151676,0.0
0003628,0.00072887,0.00289025,-0.00358960,-0.00008668,-0.00003202,0.00017554,-0.
00020744,0.00032370,0.00006242,0.00003379,0.00011087,0.00003212,-0.00037056,0.00
108030,-0.00033071,-0.00008499,0.00077045,-0.00110264,-0.00033263,0.00122234,0.0
0004158,-0.00038440,-0.00172755,0.00243632,0.00001847,0.00020415,0.00041919,-0.0
0064276,-0.00005646,0.00000634,-0.00028032,-0.00038854,-0.00060811,0.00016300,0.
00026769,0.00016405,0.00000059,-0.00019476,-0.00004225,-0.00006678,-0.00014193,-
0.00005249,0.00356768,0.00082179,0.00610435,-0.00031684,-0.00006137,0.00040981,-
0.01828341,0.00353676,0.00466938,0.00951444,-0.00559118,-0.00235487,-0.00033931,
0.00014083,-0.00034289,0.00016720,-0.00008006,0.00021744,-0.00000955,-0.00002106
,0.00000353,0.00001324,0.00000530,0.00000380,-0.00000508,-0.00000049,0.00003829,
-0.00000401,0.00002642,0.00000021,-0.00000708,0.00000578,-0.00002965,0.00000520,
-0.00003371,-0.00003067,0.00002145,-0.00002951,0.00002040,0.00002133,-0.00000875
,0.00001930,0.00001867,0.00000123,-0.00000228,-0.00000729,-0.00000343,-0.0000160
5,-0.00001840,-0.00000265,0.00001460,0.00000928,0.00000036,0.00001431,-0.0000195
9,-0.00000468,0.00002166,-0.00000154,-0.00000254,0.00000157,0.00000386,-0.000007
94,0.00000404,0.00001424,-0.00001981,0.00001276,-0.00000205,0.00002130,0.0000137
4,-0.00000851,0.00001320,-0.00001627,-0.00000162,0.00000545,0.00000446,-0.000001
05,0.00000289,0.00000368,0.00000057,0.00000295,0.00000164,-0.00000959,-0.0000024
9,0.00000484,-0.02278278,0.00977215,0.50185215,0.00069445,0.00088247,-0.00082351
,0.00023580,0.00028658,-0.00039745,0.00017974,0.00000142,-0.00095264,-0.00909030
,-0.00815465,0.02962195,-0.00007499,-0.00003485,0.00009637,-0.00087205,-0.002698
20,0.00062884,0.00000729,-0.00000848,0.00001367,-0.00026050,-0.00000630,0.000010
31,0.00002075,-0.00012365,0.00017082,-0.00535757,0.00055776,0.00299475,0.0000802
1,-0.00006560,-0.00000223,0.00001090,-0.00003554,-0.00003373,-0.00037900,-0.0003
7580,-0.00003858,-0.00002275,-0.00081628,0.00113328,-0.00002408,0.00001603,-0.00
001895,0.00007024,-0.00007468,-0.00002554,0.00004566,-0.00003068,-0.00000041,-0.
00012362,0.00007725,0.00004465,-0.00026620,0.00028142,-0.00010031,0.00000901,0.0
0008359,0.00002264,-0.00060699,0.00024093,0.00036492,-0.00012405,-0.00005730,0.0
0011041,0.00077056,0.00088633,-0.00063496,-0.00006855,0.00004428,0.00005298,-0.0
0006769,-0.00000301,0.00002453,0.00001192,-0.00003309,-0.00001040,-0.00001275,0.
00002209,-0.00004496,0.00023052,0.00010663,0.00022508,0.00000311,-0.00000519,0.0
0004126,0.00040783,-0.00022881,0.00275013,-0.00008130,-0.00009667,0.00013079,0.0
0021339,0.00002178,0.00009042,-0.00009027,-0.00002433,-0.00007199,-0.00002225,-0
.00000263,-0.00000025,-0.00000955,-0.00000138,-0.00002443,0.00000673,-0.00000811
,-0.00001912,0.00000236,-0.00001389,0.00000027,-0.00000074,-0.00001063,0.0000059
4,-0.00000277,0.00000368,0.00004306,-0.00002095,0.00000615,0.00000157,-0.0000368
7,-0.00000136,0.00001210,-0.00000346,-0.00000266,0.00000218,0.00000228,0.0000010
4,0.00000500,0.00000432,0.00000101,-0.00000184,0.00000165,-0.00000844,-0.0000185
7,0.00000386,0.00000192,-0.00000651,-0.00000236,-0.00000022,0.00000305,-0.000003
71,0.00000138,-0.00000062,-0.00000813,0.00000769,-0.00000221,-0.00000349,-0.0000
0841,-0.00000527,0.00000310,-0.00001068,0.00000946,-0.00000289,-0.00000596,-0.00
000574,0.00000078,-0.00000216,-0.00000133,-0.00000231,-0.00000299,-0.00000072,0.
00000420,0.00000023,-0.00000164,-0.07509010,-0.00446689,0.01244988,0.53813639,0.
00075293,0.00094942,-0.00032935,-0.00039428,-0.00011242,-0.00005970,-0.00192065,
0.00102981,0.00465979,0.00053125,0.00014941,-0.00540332,-0.00009162,-0.00000740,
0.00010047,-0.00163079,-0.00256154,0.00041255,-0.00000806,-0.00006648,0.00003284
,0.00047356,0.00001429,-0.00009749,0.00019544,-0.00004917,-0.00015745,-0.0010100
5,0.00002990,0.00007558,-0.00028919,0.00024272,-0.00007096,-0.00010387,0.0001082
7,-0.00005360,0.00006495,0.00003038,-0.00000636,-0.00005313,-0.00003294,-0.00017
228,0.00003143,0.00002275,-0.00003928,-0.00000279,0.00000388,0.00002029,0.000001
26,-0.00005352,0.00000224,0.00000161,-0.00021527,0.00004167,0.00023894,-0.000413
69,0.00039619,0.00021369,-0.00024189,0.00005523,0.00116242,-0.00151000,0.0002845
7,-0.00036303,-0.00018948,0.00015792,0.00042227,-0.00010144,-0.00073546,-0.00000
858,-0.00024983,0.00027457,-0.00007598,-0.00008603,0.00004903,0.00006260,0.00003
124,0.00016140,-0.00000005,0.00002612,0.00000954,0.00018554,-0.00076067,-0.00072
962,0.00006164,0.00002374,-0.00004589,-0.00056473,0.00013097,0.00055400,0.001106
74,0.00014712,-0.00087655,-0.00012793,-0.00003318,0.00001794,0.00004594,0.000041
30,0.00000930,0.00004447,-0.00000376,0.00000262,0.00000928,-0.00000047,-0.000001
82,0.00000103,-0.00000908,0.00000610,-0.00001321,0.00001316,0.00001233,-0.000015
59,0.00002477,-0.00002070,0.00002656,0.00000396,0.00001085,0.00003237,0.00000487
,0.00000020,-0.00001150,0.00000141,0.00000576,0.00000682,0.00000189,-0.00000973,
-0.00000801,-0.00000629,-0.00000610,-0.00000722,-0.00000177,0.00000379,0.0000066
3,0.00000420,0.00001261,-0.00000404,-0.00000098,0.00000131,-0.00000039,0.0000004
6,-0.00001163,0.00000830,-0.00001284,-0.00001307,-0.00000008,-0.00000742,0.00001
033,-0.00000946,-0.00000517,-0.00000745,0.00001050,-0.00000719,-0.00000336,-0.00
000308,-0.00000344,0.00000376,0.00000941,0.00000279,0.00000586,0.00001018,0.0000
0272,-0.00000395,0.00000125,-0.00000129,-0.00000550,-0.00708463,-0.07532491,0.05
369783,-0.00298325,0.48317235,-0.00091259,-0.00003159,-0.00009239,-0.00059806,0.
00014108,0.00117263,0.00062165,-0.00067965,-0.00084715,0.00772132,0.00386346,-0.
01769576,-0.00010487,0.00004064,0.00005121,0.00001718,-0.00129606,0.00035405,-0.
00002955,0.00008852,0.00005134,0.00020112,0.00087057,-0.00008702,0.00002696,0.00
000387,-0.00045040,0.00199886,-0.00058096,-0.00036341,-0.00010337,-0.00022614,0.
00005696,0.00005902,0.00012512,0.00003417,0.00019382,0.00016568,0.00000869,-0.00
003961,0.00026281,-0.00039310,0.00002853,0.00000843,-0.00001577,0.00000210,0.000
08977,-0.00001885,0.00000291,0.00006045,-0.00000287,0.00065835,0.00028974,0.0001
1801,0.00038298,-0.00023831,-0.00011178,-0.00030475,-0.00003307,0.00003936,0.000
59734,0.00031119,-0.00068983,0.00009377,-0.00020379,-0.00035027,0.00025913,0.000
80042,-0.00051896,-0.00031621,-0.00001906,-0.00022268,-0.00021810,-0.00021591,0.
00006017,-0.00002101,-0.00009250,-0.00009064,-0.00000379,0.00002677,-0.00003165,
-0.00035003,-0.00014526,0.00018402,0.00003691,0.00000405,-0.00007508,-0.00173677
,-0.00003050,0.00122448,-0.00037762,0.00017100,0.00069839,0.00041286,0.00004915,
0.00001745,-0.00016791,-0.00008016,-0.00002361,-0.00011528,-0.00001353,0.0000123
1,-0.00001271,0.00000494,-0.00005128,0.00000645,-0.00000990,-0.00000183,0.000005
38,0.00000039,0.00000728,0.00001491,-0.00002064,0.00000414,-0.00001611,-0.000025
72,0.00006866,-0.00007118,-0.00000667,-0.00000739,-0.00005360,-0.00000831,0.0000
4188,0.00000316,0.00000282,0.00001906,0.00000059,0.00000516,-0.00000390,-0.00000
047,-0.00000002,0.00000779,0.00002502,-0.00000340,-0.00003517,0.00000340,0.00000
234,-0.00000445,0.00000050,0.00000536,0.00001043,-0.00000469,0.00001297,0.000008
62,-0.00001060,0.00002570,-0.00001008,-0.00000221,-0.00000903,-0.00001015,0.0000
0504,-0.00000720,0.00001285,-0.00000240,-0.00000605,-0.00002411,-0.00001032,-0.0
0000452,-0.00000781,-0.00001130,-0.00000509,-0.00000014,0.00000127,-0.00000017,-
0.00000211,0.01699590,0.02969503,-0.19161518,0.01252070,0.03415875,0.46189960,0.
00030616,0.00009351,-0.00012565,0.00073412,-0.00015902,-0.00013868,0.00168821,0.
00170641,0.00031052,-0.03214375,-0.01580357,-0.01705053,0.00005564,-0.00008577,0
.00002176,-0.00006871,-0.00008424,-0.00011974,0.00000096,0.00000119,-0.00004603,
-0.00052216,-0.00061817,0.00018314,-0.00029588,0.00009291,0.00022071,0.00064789,
0.00003426,-0.00070235,0.00025140,-0.00005392,-0.00009891,-0.00022423,0.00001869
,-0.00010423,-0.00002595,0.00005967,0.00001525,0.00015827,-0.00031679,0.00026946
,-0.00000696,-0.00004177,0.00002921,-0.00002642,-0.00001139,0.00002690,0.0000417
5,-0.00002073,-0.00003008,-0.00023177,0.00002783,0.00005576,-0.00061135,-0.00079
607,0.00069050,0.00003265,0.00026030,-0.00009494,-0.00050163,-0.00004477,-0.0005
4564,-0.00004779,-0.00017667,0.00009204,0.00014386,0.00018227,0.00000718,-0.0004
0466,-0.00029195,0.00012101,0.00007690,-0.00001094,-0.00012422,-0.00014324,0.000
11191,-0.00000873,-0.00000835,-0.00004454,-0.00002444,0.00011960,0.00058457,-0.0
0041803,-0.00008658,0.00002919,0.00012565,-0.00668512,-0.00018816,0.00128518,0.0
0135344,-0.00183693,-0.00109650,-0.00010682,0.00008893,-0.00003004,0.00004308,0.
,-0.00000369,0.00003686,-0.00000696,0.00000231,0.00000918,-0.00000088,-0.0000194
4,0.00000425,-0.00001641,0.00000627,-0.00001427,0.00001052,0.00001936,-0.0000058
4,0.00001144,-0.00001270,0.00001648,-0.00002249,-0.00000168,0.00002953,0.0000054
6,0.00001573,0.00000669,0.00000359,0.00000827,0.00000916,0.00000646,-0.00001248,
-0.00001707,-0.00001058,-0.00001202,-0.00001398,-0.00000418,0.00000773,0.0000119
5,0.00001165,0.00000903,-0.00000472,-0.00000251,0.00000947,-0.00000482,0.0000039
7,-0.00000346,0.00000102,-0.00000676,-0.00000387,-0.00000285,-0.00000501,0.00000
710,0.00000168,0.00000474,0.00000133,0.00000646,0.00000289,-0.00000355,-0.000005
22,-0.00000234,-0.00000315,0.00000089,0.00000055,0.00000214,0.00000008,-0.000000
75,-0.00000374,-0.00000487,-0.00000279,0.00000123,-0.11936135,-0.04011991,-0.039
51080,-0.00064714,-0.00017300,-0.00358248,0.49742437,-0.00011195,0.00019367,-0.0
0023788,0.00110133,-0.00079456,-0.00028206,-0.00251075,-0.00680568,-0.00089715,0
.00210777,-0.00086473,0.00172186,0.00005540,-0.00007382,0.00002346,-0.00016855,-
0.00000832,-0.00016563,-0.00011625,-0.00002476,0.00001887,-0.00041395,-0.0009054
0,0.00025381,-0.00039976,0.00032877,0.00030306,0.00107050,-0.00037195,-0.0000764
7,0.00036619,0.00004413,-0.00006842,-0.00019036,0.00002753,-0.00013706,0.0000168
0,-0.00007190,-0.00002769,0.00029540,0.00012101,-0.00027580,-0.00004701,-0.00009
615,-0.00008694,-0.00004363,-0.00004628,0.00001272,0.00003313,-0.00002072,-0.000
00814,0.00033647,0.00024666,-0.00027054,-0.00248051,-0.00238259,0.00166984,0.000
28374,-0.00001764,-0.00018566,-0.00026580,0.00025472,-0.00079794,-0.00045611,-0.
00026772,-0.00021677,0.00016294,0.00024334,0.00023068,0.00021446,0.00032742,0.00
021056,0.00006432,0.00006571,-0.00013646,0.00027412,0.00011110,0.00004793,0.0000
4531,0.00006052,0.00003528,0.00037826,0.00037288,0.00053627,-0.00009596,-0.00002
936,0.00001573,0.00133412,0.00027271,0.00011584,0.00297211,0.00262276,0.00070933
,-0.00041801,-0.00013992,0.00023015,0.00015917,0.00013435,-0.00006389,0.00014407
,0.00000494,-0.00002677,0.00001456,-0.00001249,0.00005548,-0.00001458,0.00001517
,0.00000295,-0.00001685,0.00000559,-0.00000197,-0.00002409,0.00003236,-0.0000053
2,0.00001624,0.00005372,-0.00006105,0.00008212,0.00001024,0.00000011,0.00003966,
0.00001091,-0.00006717,-0.00001748,-0.00000097,-0.00002213,-0.00000831,-0.000005
69,0.00000738,-0.00000331,-0.00000171,-0.00001554,-0.00002301,0.00000790,0.00003
904,-0.00000102,-0.00000794,0.00000674,0.00000467,-0.00000418,-0.00001149,0.0000
1685,-0.00001716,-0.00000870,0.00001441,-0.00001908,0.00001865,-0.00000349,-0.00
000080,-0.00000056,0.00000896,-0.00000382,0.00000100,0.00000204,0.00000490,0.000
01269,0.00000804,0.00000624,0.00000725,0.00001322,0.00000764,-0.00000041,0.00000
428,0.00000200,-0.00000163,-0.06174507,-0.10445208,-0.05424912,0.00248317,-0.000
64052,0.00479789,-0.02448748,0.44398910,-0.00040927,0.00020155,0.00001460,0.0006
1942,-0.00041139,-0.00031190,-0.00005343,0.00094754,0.00186823,0.00226753,0.0032
6977,0.00441698,-0.00004334,-0.00001223,-0.00002990,-0.00004794,0.00006698,-0.00
019582,-0.00004965,-0.00003004,-0.00003268,-0.00024874,-0.00050266,0.00018349,-0
.00023075,0.00016484,0.00017728,0.00115893,0.00005936,-0.00024867,0.00010603,0.0
0005903,-0.00010351,0.00012766,0.00028080,-0.00003005,0.00035030,0.00020868,-0.0
0007006,0.00015377,-0.00007788,-0.00003172,0.00005371,0.00006979,0.00002758,-0.0
0002000,0.00000479,0.00000861,-0.00000334,0.00003929,0.00000326,0.00005234,0.000
22465,0.00016784,-0.00054382,-0.00039022,-0.00013557,0.00003795,0.00013673,-0.00
006374,-0.00014887,0.00032268,-0.00028007,0.00004869,-0.00023677,-0.00022841,0.0
0031817,0.00010845,-0.00003500,-0.00016038,0.00016468,0.00012252,-0.00003463,-0.
00010517,-0.00016472,-0.00004536,0.00005973,0.00002145,-0.00002212,-0.00001676,-
0.00005512,-0.00001692,0.00035183,-0.00035782,-0.00005794,0.00002004,0.00009106,
0.00178492,-0.00026090,0.00003075,0.00085875,-0.00006652,0.00022526,-0.00035178,
-0.00013713,0.00025541,0.00008461,0.00007950,-0.00011263,0.00006570,0.00000920,0
.00000126,0.00001533,-0.00001726,0.00000831,0.00000125,-0.00001296,0.00000971,-0
.00000724,0.00001507,0.00002258,-0.00001887,0.00003016,-0.00001409,0.00002336,0.
00000511,-0.00001259,0.00004484,0.00000202,-0.00002014,0.00000869,0.00000540,-0.
00001025,0.00000430,-0.00000217,-0.00001732,-0.00001231,-0.00000404,-0.00000736,
-0.00000939,0.00000468,0.00000411,0.00000896,0.00000631,0.00002983,-0.00000072,0
.00000455,0.00000548,0.00000623,0.00000304,-0.00001300,0.00000848,-0.00000211,-0
.00000921,-0.00000002,-0.00000062,-0.00000180,-0.00000931,0.00000055,-0.00002477
,0.00000856,-0.00000309,-0.00001025,0.00000253,0.00000404,0.00000764,0.00001010,
0.00000677,0.00000325,0.00001006,0.00000651,-0.00000336,0.00000377,0.00000234,-0
.00000481,-0.04019072,-0.03574338,-0.11062875,-0.02270361,-0.01535034,-0.0307651
5,-0.03237783,-0.02564553,0.51679654,-0.00003800,0.00007298,0.00008896,0.0001132
4,-0.00012974,0.00015225,0.00002403,0.00015653,-0.00003782,0.00072724,-0.0007179
7,-0.00005591,0.00002487,-0.00004761,-0.00000462,-0.00016239,0.00029513,0.000031
16,-0.00003282,0.00000657,0.00000705,0.00002384,0.00002473,0.00001501,-0.0001447
7,0.00006745,-0.00000710,-0.00001541,0.00005387,0.00005530,-0.00001152,-0.000003
30,-0.00000084,0.00002664,0.00005176,-0.00000080,-0.00000263,0.00000181,0.000004
59,-0.00001044,0.00001766,-0.00001529,0.00000635,0.00000977,0.00000700,-0.000006
05,0.00001524,0.00000086,-0.00000960,-0.00001873,-0.00000602,-0.00000080,-0.0000
4473,0.00001901,0.00006267,-0.00006350,0.00002572,-0.00003416,0.00000967,-0.0000
2546,0.00002651,0.00026417,-0.00021852,-0.00014865,-0.00004828,0.00010360,0.0000
8749,-0.00032545,-0.00011683,0.00000055,-0.00007950,0.00006406,-0.00000862,0.000
00437,-0.00002302,0.00000809,-0.00000965,0.00001367,-0.00001126,-0.00000632,-0.0
0000761,-0.00007674,0.00001545,-0.00002147,-0.00000408,0.00000016,-0.00002951,-0
.00004141,-0.00015853,-0.00014379,0.00009547,0.00025600,0.00005306,0.00002324,-0
.00003004,-0.00000437,-0.00001191,0.00001961,-0.00001140,-0.00000245,0.00000005,
0.00000135,-0.00000446,0.00000723,0.00000272,-0.00000173,0.00000482,-0.00000802,
0.00000367,-0.00000427,0.00000588,0.00000553,-0.00000236,0.00001387,-0.00000442,
0.00000404,-0.00000907,-0.00000588,0.00000308,-0.00000074,0.00000967,-0.00000021
,-0.00000965,-0.00000886,-0.00000296,0.00000218,0.00000126,0.00000159,0.00000597
,0.00000271,-0.00000043,-0.00000545,-0.00000825,-0.00000230,-0.00000122,0.000001
06,0.00000215,-0.00000583,0.00000067,0.00000064,-0.00000306,-0.00000093,0.000000
49,0.00000005,-0.00000554,0.00000024,-0.00000242,0.00000693,-0.00000816,0.000004
74,0.00000132,0.00000436,0.00000593,0.00000229,0.00000115,0.00000483,0.00000118,
0.00000038,0.00000121,0.00000171,0.00000034,0.00000044,0.00000164,0.00000010,-0.
00000083,0.00062272,-0.00626785,0.00149898,-0.04693916,-0.01674399,0.00191534,0.
00029671,0.00156750,-0.00101172,0.04848076,-0.00018395,0.00054249,-0.00011000,-0
.00071372,0.00035703,0.00011419,-0.00069337,0.00044091,0.00044685,0.00041652,0.0
0019293,-0.00055023,-0.00003366,-0.00003394,0.00002562,-0.00006129,-0.00028952,0
.00021289,-0.00003570,0.00011547,0.00004504,0.00027269,0.00070030,-0.00021971,0.
00039414,-0.00017620,-0.00024699,-0.00032644,0.00005897,0.00005672,-0.00015609,-
0.00001465,0.00008786,0.00001957,0.00007130,-0.00005835,0.00001673,-0.00005851,-
0.00002933,-0.00000257,0.00000072,-0.00006266,-0.00000494,0.00004499,-0.00004773
,0.00003196,0.00003743,-0.00002256,-0.00002006,-0.00002808,0.00000107,0.00011201
,-0.00003295,-0.00005341,0.00018732,0.00008227,0.00000887,-0.00005101,-0.0001362
7,0.00011774,0.00042111,-0.00005596,0.00010527,-0.00009365,0.00005418,0.00001523
,0.00017712,-0.00008028,-0.00007261,0.00008680,-0.00006258,0.00003393,-0.0000727
4,0.00004220,0.00006621,0.00013432,0.00003848,-0.00000747,0.00001632,0.00004977,
0.00000555,-0.00010184,-0.00041381,-0.00004841,0.00007240,-0.00000707,-0.0000166
0,0.00011621,-0.00028479,-0.00001030,-0.00037491,0.00041576,0.00042496,0.0004346
8,-0.00000210,-0.00005913,-0.00014837,-0.00001248,0.00000132,-0.00006684,0.00000
024,0.00000522,-0.00001518,0.00001611,-0.00001216,0.00000189,0.00000737,-0.00001
538,0.00001290,-0.00001211,-0.00000133,0.00002169,-0.00001846,0.00002712,-0.0000
1654,0.00000045,0.00002213,-0.00006290,0.00001197,0.00000584,0.00000259,0.000002
61,-0.00000042,-0.00001153,-0.00000077,0.00001888,0.00000873,0.00000697,0.000008
46,0.00000703,-0.00000194,-0.00000663,-0.00001081,-0.00000656,-0.00003033,0.0000
0832,0.00000351,-0.00001639,-0.00000149,0.00000421,0.00000847,-0.00001100,0.0000
1593,0.00000865,-0.00001478,0.00002244,-0.00001417,0.00001238,-0.00001613,0.0000
0688,0.00000674,0.00000338,0.00002251,0.00000268,-0.00000292,-0.00001211,-0.0000
1363,-0.00000682,-0.00000823,-0.00001454,-0.00000633,0.00000326,0.00000125,0.000
00098,0.00000562,-0.00264295,-0.01888111,0.01952468,-0.01673551,-0.25257500,0.00
496016,-0.00068828,0.00298038,-0.00212265,0.02224443,0.30024467,0.00002613,-0.00
035607,-0.00004759,-0.00013726,0.00017631,-0.00025771,0.00080424,-0.00074418,-0.
00153943,-0.00083741,0.00102207,0.00042193,0.00004264,-0.00002502,-0.00001418,0.
00004355,0.00023452,0.00008820,-0.00002324,0.00002336,-0.00002826,-0.00026832,-0
.00027137,0.00005275,0.00013408,-0.00008922,0.00002036,0.00065248,-0.00008156,-0
.00030551,0.00016032,-0.00005694,0.00003512,-0.00000046,-0.00005060,0.00002108,-
0.00002549,0.00000297,0.00003696,0.00003837,0.00003737,-0.00004258,-0.00001954,-
0.00002573,0.00002551,-0.00001835,-0.00001321,0.00000908,-0.00000162,0.00001047,
-0.00000371,-0.00008928,0.00009765,-0.00010266,-0.00012368,0.00010689,-0.0000068
3,0.00007140,0.00008345,0.00002191,0.00008762,-0.00047065,0.00038845,-0.00008646
,0.00001842,0.00014248,0.00001239,-0.00006680,-0.00005978,0.00007762,-0.00005434
,0.00000048,0.00000306,0.00004327,0.00007279,0.00002688,-0.00003102,0.00005765,-
0.00002440,-0.00000806,0.00002480,-0.00001377,0.00042244,0.00025337,-0.00004186,
-0.00001320,0.00006095,-0.00000050,-0.00009820,-0.00016385,-0.00018037,-0.000271
36,0.00007975,-0.00003514,-0.00001269,-0.00001514,0.00001698,0.00000280,0.000019
25,0.00000646,-0.00000064,-0.00000341,0.00000014,0.00000098,0.00000317,-0.000000
84,0.00000176,0.00000319,-0.00000317,0.00000234,-0.00000066,0.00000106,-0.000002
63,-0.00000028,-0.00000391,0.00000219,-0.00000900,0.00000033,-0.00000198,0.00000
439,0.00001698,0.00000228,-0.00000893,-0.00000523,-0.00000162,-0.00000126,-0.000
00142,-0.00000106,0.00000354,0.00000016,-0.00000108,-0.00000236,-0.00000654,-0.0
0000045,0.00000022,-0.00000194,-0.00000294,0.00000459,-0.00000117,0.00000114,0.0
0000048,0.00000039,-0.00000084,0.00000061,0.00000112,-0.00000248,0.00000279,0.00
000197,0.00000065,-0.00000016,0.00000167,0.00000310,-0.00000313,0.00000220,0.000
00148,0.00000453,-0.00000038,-0.00000008,0.00000105,-0.00000072,-0.00000018,0.00
000012,-0.00000201,-0.00000033,0.00000279,0.00190195,0.03436094,-0.01725707,0.00
042814,0.00911449,-0.04245992,0.00099014,0.00393669,0.00058912,-0.00067705,-0.01
908761,0.05761307,0.00007113,0.00054262,-0.00087844,-0.00035013,0.00005032,-0.00
017371,-0.00054288,0.00011868,-0.00053758,0.00110332,0.00005312,0.00286262,-0.00
019458,0.00000827,0.00012491,0.00127595,-0.00127199,0.00000553,-0.00006131,0.000
08444,0.00000537,-0.00011199,-0.00015258,-0.00000034,0.00019659,-0.00002906,0.00
001085,0.00011028,-0.00007409,0.00007287,0.00000308,0.00001895,-0.00001389,0.000
05585,0.00006266,-0.00004910,-0.00013193,0.00013688,-0.00007026,0.00002618,-0.00
012070,-0.00007492,0.00005456,0.00003629,0.00003621,-0.00003364,0.00004775,0.000
00727,0.00003376,-0.00005192,0.00002369,-0.00008512,0.00005059,-0.00015767,0.000
02239,0.00004977,-0.00006550,0.00003351,-0.00006444,0.00004621,0.00039341,0.0000
6146,0.00036810,-0.00006424,0.00005388,0.00021735,-0.00060096,-0.00138152,0.0002
0393,0.00002499,-0.00039327,0.00013447,-0.00004196,0.00009793,0.00019336,0.00011
158,0.00009773,0.00006195,-0.00002937,0.00000854,-0.00003618,0.00011868,0.000104
14,-0.00000049,0.00001179,0.00000272,0.00002090,-0.00036342,-0.00015709,0.001420
54,-0.00012151,0.00005362,-0.00007108,0.00006795,0.00006967,-0.00009390,0.000017
06,0.00000149,0.00004919,0.00002622,-0.00000045,-0.00000012,0.00000357,0.0000102
5,0.00000007,0.00000325,0.00000259,-0.00000800,0.00000093,-0.00000103,-0.0000016
6,0.00000735,0.00000111,-0.00000252,0.00001582,0.00000656,0.00000413,0.00000834,
0.00000212,0.00000065,0.00001898,0.00001226,-0.00000724,0.00000202,0.00000291,-0
.00000740,0.00000156,-0.00000089,-0.00000313,-0.00000031,0.00000039,-0.00000221,
-0.00000825,0.00000042,0.00000334,0.00000132,0.00000179,-0.00000564,-0.00000101,
0.00000217,-0.00000127,0.00000010,0.00000062,-0.00000379,-0.00000227,0.00000388,
0.00000141,-0.00000328,-0.00001128,0.00001048,0.00001197,-0.00000394,0.00000855,
0.00000207,0.00000193,0.00000230,-0.00000034,0.00000076,-0.00000177,-0.00000232,
0.00000074,-0.00000062,-0.00000235,0.00000116,0.00000390,-0.00034199,0.00035541,
-0.00253478,-0.19372732,-0.05563795,-0.10287256,0.00043702,0.00061092,-0.0006758
1,-0.00393373,-0.00356038,-0.00247570,0.22175230,0.00062500,0.00060658,-0.001033
55,0.00020469,-0.00003513,0.00005342,0.00022811,-0.00014870,0.00068059,-0.000021
70,0.00041522,0.00009614,-0.00002932,0.00008071,0.00004818,-0.00162592,-0.004695
95,0.00039927,0.00004286,-0.00007734,0.00003446,0.00006718,-0.00004948,0.0000328
4,-0.00008234,0.00002849,0.00002909,0.00002245,-0.00015060,-0.00007450,-0.000138
40,0.00007781,-0.00006812,0.00011138,0.00003507,-0.00006976,-0.00001916,0.000112
41,-0.00010411,0.00010557,-0.00001006,-0.00007431,0.00003028,0.00000226,-0.00004
049,-0.00001222,0.00001242,-0.00000872,0.00008326,-0.00003460,-0.00004301,0.0000
4425,-0.00001475,0.00008818,-0.00019666,-0.00009366,-0.00001728,-0.00002804,0.00
003610,-0.00001394,-0.00031626,-0.00000477,-0.00012208,0.00016688,-0.00017319,0.
00002794,-0.00143470,-0.00211939,0.00081860,-0.00026108,0.00006887,0.00009981,0.
00011503,0.00003865,0.00001379,0.00002264,0.00006018,0.00002321,0.00006574,0.000
05133,-0.00002607,0.00001033,-0.00004180,-0.00002085,-0.00000970,0.00000717,-0.0
0000355,-0.00018654,0.00075080,0.00042902,-0.00012175,-0.00027506,-0.00020125,-0
.00008847,0.00010985,0.00000638,0.00007299,0.00000867,-0.00002078,0.00004998,0.0
0000989,-0.00001254,0.00000819,-0.00000710,0.00000935,-0.00000100,-0.00000336,-0
.00000141,0.00000271,-0.00000728,-0.00000966,-0.00000960,0.00000964,-0.00001088,
0.00002084,-0.00000119,-0.00000952,0.00004567,-0.00000386,-0.00000975,-0.0000208
4,-0.00000525,0.00000131,0.00000681,0.00000243,-0.00000929,0.00000491,0.00000056
,-0.00000225,0.00000160,0.00000127,-0.00000233,0.00000315,0.00000182,0.00001016,
-0.00000306,0.00000205,0.00000327,0.00000272,-0.00000532,-0.00000125,0.00000419,
-0.00000500,-0.00000195,0.00001429,-0.00001188,0.00000519,0.00000259,0.00001356,
0.00000563,-0.00000383,-0.00000419,0.00000315,-0.00000352,0.00000090,-0.00000056
,0.00000515,0.00000266,0.00000077,0.00000489,0.00000243,-0.00000059,0.00000306,0
.00000098,-0.00000336,0.00604895,0.00216986,0.00350956,-0.05491873,-0.06302295,-
0.03733191,-0.00025919,0.00019517,0.00025909,-0.02775949,-0.01425706,-0.01629970
,0.06785233,0.07497102,-0.00031609,-0.00125912,0.00093347,-0.00029300,0.00020031
,-0.00006901,-0.00074769,0.00062749,-0.00110651,-0.00192637,-0.00056469,0.000236
32,0.00023021,0.00003695,-0.00003828,0.00032696,0.00178975,0.00154196,0.00002441
,-0.00001799,-0.00002859,-0.00016030,-0.00010710,0.00000541,0.00019080,-0.000097
89,-0.00008306,-0.00037901,0.00012130,0.00025415,0.00017762,-0.00013587,0.000057
37,-0.00003626,-0.00016535,0.00011335,-0.00014140,-0.00012548,0.00015625,-0.0000
5199,0.00006724,0.00011601,-0.00001040,-0.00005507,0.00007235,-0.00002191,-0.000
04584,0.00005224,0.00002654,0.00004021,-0.00000944,-0.00017674,0.00008927,-0.000
09324,0.00018680,0.00032256,0.00007727,0.00007488,-0.00007207,0.00002926,0.00025
883,-0.00018878,0.00010304,-0.00003916,0.00020155,-0.00002348,-0.00008641,-0.000
07782,-0.00024994,0.00021197,0.00006406,-0.00016806,-0.00010078,-0.00001327,0.00
004308,-0.00005751,-0.00019586,0.00011856,-0.00004715,-0.00007233,0.00002807,0.0
0015221,0.00015005,0.00015048,0.00002177,-0.00001297,0.00000784,0.00174280,0.000
31778,-0.00105211,-0.00003728,-0.00000805,-0.00008364,0.00004581,0.00001650,-0.0
0005623,-0.00005273,-0.00005347,0.00005010,-0.00004695,-0.00000641,0.00000069,-0
.00001005,0.00000664,-0.00000337,0.00000520,0.00000226,-0.00000809,0.00000162,-0
.00000617,-0.00000504,0.00000408,-0.00001138,0.00000337,-0.00002290,-0.00000531,
-0.00001433,-0.00002811,-0.00000878,0.00001164,0.00000245,-0.00000433,-0.0000110
5,-0.00000178,0.00000405,0.00001164,-0.00000229,-0.00000173,0.00000084,-0.000001
69,-0.00000243,-0.00000737,-0.00001007,-0.00000425,-0.00001586,-0.00000388,-0.00
000321,0.00000403,-0.00000391,0.00000224,0.00000628,-0.00000372,0.00000351,0.000
00341,0.00000504,-0.00000326,0.00000489,0.00000609,0.00001074,0.00002139,-0.0000
0885,0.00000565,0.00001241,-0.00000382,-0.00000212,-0.00000501,-0.00000504,-0.00
000173,-0.00000303,-0.00000587,-0.00000164,-0.00000299,0.00000019,0.00000132,0.0
0000075,-0.02326823,-0.00912628,-0.02392241,-0.09788852,-0.03611044,-0.10807948,
0.00027637,0.00208033,-0.00754278,-0.00159160,-0.00216128,0.00098859,0.11788940,
0.04247558,0.13262787,0.00041176,0.00006844,-0.00026440,0.00041053,-0.00006287,0
.00003280,0.00078999,-0.00116485,0.00112932,-0.00014502,-0.00028370,0.00211393,0
.00009508,0.00000179,-0.00000834,-0.00089596,-0.00014997,-0.00001196,0.00003821,
-0.00010049,0.00003026,0.00012139,0.00001774,-0.00000051,-0.00046345,0.00008025,
0.00013920,-0.00037377,0.00008684,0.00018407,0.00002049,0.00006415,0.00001239,-0
.00001187,-0.00007722,-0.00003407,-0.00000012,0.00000455,-0.00007391,0.00005064,
-0.00003111,0.00004374,-0.00002073,0.00002428,-0.00001746,0.00002277,-0.00000662
,-0.00001599,0.00006633,-0.00001854,-0.00002315,-0.00026278,-0.00002296,0.000037
98,-0.00023106,-0.00003402,0.00000634,-0.00000866,0.00005550,-0.00005486,-0.0005
6201,0.00065344,-0.00061018,0.00000078,-0.00003094,0.00004886,-0.00000113,-0.000
12042,0.00024126,-0.00002724,0.00016332,0.00003797,0.00015409,0.00007789,-0.0000
6116,-0.00003921,0.00001348,-0.00002735,0.00002851,0.00002872,-0.00001592,-0.000
16854,-0.00006597,0.00009789,-0.00003737,0.00002351,-0.00002872,0.00034238,0.000
21262,0.00024596,0.00012068,-0.00020189,-0.00010962,-0.00001245,0.00009487,-0.00
001134,0.00002825,-0.00002102,0.00000055,0.00002028,0.00000433,-0.00001212,0.000
00347,-0.00000553,0.00000799,-0.00000407,0.00000252,-0.00000067,0.00000238,-0.00
000553,-0.00000931,0.00000019,-0.00000332,0.00000251,0.00000310,-0.00000247,-0.0
0000692,0.00002084,-0.00000325,-0.00000297,-0.00000498,-0.00000607,-0.00000257,-
0.00000065,0.00000109,0.00000331,0.00000524,0.00000247,0.00000263,0.00000446,0.0
0000064,-0.00000385,-0.00000047,0.00000088,-0.00000133,0.00000196,0.00000101,0.0
0000112,0.00000238,-0.00000304,0.00000136,0.00000212,-0.00000142,0.00000235,0.00
000783,-0.00000477,0.00000270,0.00000997,0.00000928,0.00000443,-0.00000852,0.000
00355,0.00000605,-0.00000240,-0.00000038,-0.00000301,-0.00000092,-0.00000043,-0.
00000079,-0.00000026,-0.00000007,0.00000126,0.00000331,0.00000105,0.00000008,-0.
00554446,0.00003743,0.00658590,-0.20575993,0.08595108,0.06843889,0.00078332,0.00
030128,-0.00046955,0.00106911,0.00108287,-0.00077631,-0.02588081,0.01142355,0.00
631356,0.23612194,0.00058390,-0.00014347,-0.00015053,0.00188158,-0.00140355,0.00
025586,-0.00114162,0.00097975,0.00112662,-0.00067620,0.00051633,0.00216465,0.000
05394,-0.00002511,0.00001130,-0.00036358,0.00024094,-0.00000626,-0.00003340,-0.0
0008098,0.00002912,-0.00020320,-0.00009461,0.00014224,-0.00050524,0.00041404,0.0
0023252,-0.00047684,0.00007466,0.00020382,0.00014850,-0.00000074,-0.00005844,0.0
0004415,-0.00000398,-0.00007254,0.00000592,-0.00003699,-0.00001143,0.00012787,0.
00001543,0.00010352,0.00000367,-0.00001161,-0.00001787,0.00000887,-0.00001065,0.
00000578,0.00004631,-0.00001021,-0.00002500,-0.00022613,-0.00005791,0.00009537,-
0.00008613,-0.00005593,-0.00017750,-0.00027675,0.00014801,-0.00033815,-0.0005570
5,0.00040212,-0.00063232,-0.00006734,-0.00000112,0.00008886,-0.00001517,-0.00013
090,-0.00001012,-0.00000908,-0.00003632,0.00001707,0.00008398,0.00002144,-0.0000
3853,-0.00000536,0.00001266,0.00003756,0.00001302,0.00001746,0.00000046,0.000073
81,-0.00000185,-0.00012077,0.00000073,0.00002105,-0.00006882,0.00007597,0.000019
92,0.00002461,-0.00048292,0.00018856,0.00031382,-0.00003585,0.00002115,-0.000012
29,0.00002210,-0.00000342,-0.00000750,0.00000728,0.00000377,-0.00000690,-0.00000
057,-0.00000192,0.00000092,-0.00000234,0.00000235,-0.00000168,0.00000228,-0.0000
0394,-0.00000119,-0.00000020,-0.00000487,0.00000562,-0.00000063,0.00000051,-0.00
000447,0.00000891,-0.00000487,-0.00000507,-0.00000019,-0.00000356,-0.00000399,-0
.00000255,-0.00000167,0.00000018,0.00000125,0.00000058,0.00000109,0.00000015,0.0
0000063,-0.00000297,-0.00000213,-0.00000186,0.00000385,-0.00000306,0.00000400,-0
.00000062,0.00000238,-0.00000220,-0.00000491,0.00000247,-0.00000358,-0.00000029,
0.00000183,-0.00000524,0.00000198,0.00000774,0.00000013,0.00000446,-0.00000091,0
.00000559,0.00000582,-0.00000011,0.00000197,0.00000370,0.00000310,0.00000187,0.0
0000147,0.00000389,0.00000167,-0.00000061,0.00000180,0.00000011,-0.00000324,-0.0
0719571,0.00382782,0.00380315,0.08837382,-0.08904750,-0.03976497,-0.00026548,0.0
0013952,-0.00009714,0.02708382,-0.01934993,-0.01029499,-0.00805999,0.00464495,0.
00274130,-0.09808038,0.09863464,-0.00105706,0.00006106,0.00038040,-0.00087678,0.
00102652,0.00037630,0.00073207,0.00069065,-0.00098196,0.00078101,0.00011089,-0.0
0585943,-0.00000195,0.00001189,-0.00004725,-0.00000926,0.00016447,0.00024654,0.0
0001680,0.00001201,0.00000123,0.00027690,0.00008112,-0.00005505,0.00039819,-0.00
034332,-0.00042067,0.00158829,-0.00009775,-0.00053076,-0.00030808,-0.00009468,0.
00003136,0.00001642,0.00003772,0.00011192,0.00002148,0.00005263,0.00005892,-0.00
009544,0.00021307,-0.00032302,0.00001575,-0.00002705,0.00003242,-0.00004686,0.00
001382,0.00001919,-0.00007309,0.00001160,0.00000951,0.00068417,0.00015335,-0.000
11106,0.00026949,0.00003152,0.00018311,0.00014097,0.00003337,0.00005137,-0.00004
040,-0.00077800,-0.00005075,-0.00003246,-0.00001823,-0.00022468,0.00010680,-0.00
013085,-0.00016836,0.00002548,0.00006232,-0.00006133,-0.00007184,-0.00004827,-0.
00001552,0.00004819,-0.00005919,0.00000940,-0.00001754,-0.00004113,0.00000198,-0
.00012196,-0.00005381,-0.00011101,0.00003464,-0.00007778,0.00003743,-0.00054328,
0.00004769,0.00008285,0.00039746,-0.00012273,-0.00000627,-0.00003458,-0.00005949
,0.00001404,-0.00000387,0.00002609,-0.00000143,-0.00000406,0.00000156,0.00000189
,0.00000106,-0.00000106,0.00000669,0.00000093,-0.00000092,0.00000692,-0.00000388
,0.00000491,0.00000453,-0.00000251,0.00000496,-0.00000207,-0.00000401,0.00000082
,-0.00000663,-0.00000236,0.00000207,0.00000024,0.00000314,-0.00000008,-0.0000056
7,-0.00000054,0.00000035,0.00000152,-0.00000406,-0.00000248,-0.00000016,-0.00000
220,-0.00000186,-0.00000138,-0.00000288,0.00000049,0.00000128,-0.00000297,-0.000
00318,0.00000126,-0.00000245,-0.00000048,-0.00000052,-0.00000192,-0.00000134,-0.
00000087,-0.00000048,-0.00000230,-0.00000185,-0.00000392,0.00000145,-0.00000228,
-0.00000125,0.00000155,-0.00000056,-0.00000046,-0.00000019,0.00000160,0.00000094
,0.00000006,0.00000073,0.00000108,-0.00000045,-0.00000199,-0.00000107,-0.0000012
4,-0.00000047,0.02764206,-0.00893157,-0.01891949,0.06555819,-0.03717988,-0.07031
102,0.00103686,0.00009429,-0.00009539,0.00052420,-0.00171343,0.00161923,-0.01336
166,0.00633480,0.00576666,-0.08270781,0.04070070,0.08961790,0.00023301,-0.000048
02,0.00010812,0.00016665,-0.00023555,-0.00006933,-0.00042807,0.00007558,-0.00100
375,0.00251111,-0.00290467,-0.00092579,0.00001531,-0.00002179,-0.00000863,-0.000
01320,0.00002567,0.00001936,-0.00000243,-0.00000703,-0.00001541,0.00003165,-0.00
006116,-0.00000045,-0.00007965,0.00006115,0.00008577,-0.00010783,0.00009791,0.00
013852,0.00002391,0.00009009,0.00000981,0.00004186,0.00001646,0.00001394,0.00000
723,-0.00000450,0.00001757,-0.00007304,0.00002940,-0.00001867,0.00000591,-0.0000
0353,0.00000907,-0.00000263,0.00000457,0.00000276,-0.00000966,-0.00000999,-0.000
00106,-0.00024812,-0.00017242,0.00003663,0.00007080,0.00002473,-0.00011506,-0.00
000354,-0.00004545,-0.00000665,-0.00013498,0.00015884,0.00021324,0.00005854,0.00
011451,0.00001613,-0.00008530,-0.00009011,-0.00009907,0.00003982,0.00000609,0.00
000436,-0.00001498,-0.00004640,-0.00005167,-0.00006100,0.00002572,0.00004514,-0.
00000922,-0.00001086,-0.00000232,0.00016151,0.00003436,0.00025591,0.00001833,0.0
0002785,-0.00002007,0.00023753,0.00016847,0.00001922,-0.00018049,0.00089602,0.00
010873,-0.00009526,-0.00001394,0.00000399,0.00003156,0.00001403,0.00000540,0.000
01673,0.00000157,0.00000165,0.00000168,0.00000070,0.00000865,-0.00000240,0.00000
358,-0.00000079,0.00000053,-0.00000105,0.00000190,-0.00000109,0.00000576,0.00000
329,0.00000456,0.00000521,-0.00001655,0.00001278,-0.00000139,-0.00000574,0.00000
683,0.00000026,-0.00001151,-0.00000454,-0.00000134,-0.00000204,0.00000298,0.0000
0097,0.00000287,0.00000226,0.00000016,-0.00000368,-0.00000410,0.00000072,0.00001
074,-0.00000076,0.00000201,-0.00000149,0.00000259,-0.00000216,-0.00000480,0.0000
0328,-0.00000418,-0.00000090,0.00000265,-0.00000634,0.00000213,0.00000225,-0.000
00102,0.00000472,-0.00000535,0.00000033,-0.00000076,0.00000177,0.00000262,0.0000
0834,0.00000504,0.00000283,0.00000407,0.00000707,0.00000306,0.00000065,0.0000022
5,0.00000018,-0.00000395,-0.00121402,-0.02341715,-0.00143816,0.00027644,-0.00078
201,0.00088674,-0.05304541,0.03701510,-0.00542555,0.00024057,0.00035295,0.000170
62,-0.00000370,-0.00010132,0.00031667,-0.00025058,0.00029193,-0.00005935,0.05766
096,-0.00055203,0.00067970,-0.00012509,-0.00052365,0.00027243,0.00017730,-0.0008
9588,-0.00186133,-0.00115576,0.00131472,0.00092474,-0.00002298,-0.00000879,-0.00
002608,0.00001284,-0.00001329,-0.00009215,0.00012480,-0.00006451,0.00010470,0.00
007867,0.00010858,0.00077665,-0.00016601,0.00024161,-0.00011817,-0.00019737,-0.0
0003142,-0.00006039,0.00023275,-0.00010400,-0.00008822,0.00006331,0.00010701,0.0
0019508,-0.00009348,0.00007521,-0.00004954,-0.00001609,-0.00000393,0.00001601,-0
.00011276,-0.00001331,0.00005400,-0.00007165,0.00003261,0.00006155,-0.00005920,-
0.00002246,-0.00001897,-0.00005239,0.00025651,0.00011763,0.00006345,0.00011476,-
0.00018603,0.00016465,-0.00012880,-0.00005808,0.00014424,0.00034925,-0.00010687,
-0.00014466,-0.00012876,-0.00004113,-0.00021930,0.00001506,-0.00021048,-0.000074
16,0.00002563,0.00004593,0.00000970,-0.00013209,-0.00000153,-0.00000039,0.000166
23,0.00002067,0.00000171,0.00002507,0.00006088,-0.00002287,0.00017278,-0.0001930
9,0.00019996,0.00003257,0.00001039,-0.00001700,0.00044298,0.00027458,0.00019279,
-0.00127076,0.00068877,0.00030487,0.00042979,-0.00005918,0.00002497,-0.00015189,
-0.00000957,-0.00003614,-0.00006828,0.00000269,0.00000285,-0.00001574,0.00001567
,-0.00001056,0.00000759,0.00000600,-0.00001914,0.00002225,-0.00001360,0.00000014
,0.00000947,-0.00001325,0.00002165,-0.00001949,-0.00000547,0.00001516,-0.0000643
0,0.00001324,0.00000099,-0.00000392,0.00000026,0.00000442,-0.00001163,-0.0000079
7,0.00001912,0.00000821,0.00000988,0.00001102,0.00000703,0.00000230,-0.00000789,
-0.00000640,-0.00001257,-0.00003046,0.00001042,-0.00000119,-0.00001483,-0.000005
45,0.00000543,0.00001858,-0.00001649,0.00002402,0.00000821,-0.00001039,0.0000179
0,-0.00001712,0.00001764,-0.00001026,0.00000871,0.00000463,0.00000471,0.00002736
,0.00000339,-0.00000064,-0.00000579,-0.00001052,-0.00000459,-0.00000826,-0.00001
429,-0.00000496,0.00000319,0.00000312,0.00000265,0.00000332,-0.01219470,-0.03577
793,-0.01021504,0.00033295,0.00136151,0.00168796,0.04045733,-0.22967331,0.034196
83,-0.00010110,0.00083669,-0.00132735,0.00042510,0.00032774,0.00048599,-0.000044
35,-0.00016394,0.00008465,-0.03724513,0.28437810,0.00011298,-0.00026011,-0.00011
861,0.00002312,-0.00003218,0.00002461,-0.00073786,0.00004766,-0.00020683,0.00031
423,0.00031277,0.00015522,0.00002174,-0.00001672,0.00000658,-0.00003997,-0.00002
390,0.00002307,0.00000686,0.00000046,-0.00000854,0.00011129,0.00000591,-0.000053
93,0.00000016,0.00001266,0.00003034,-0.00020882,0.00020472,-0.00014826,-0.000057
69,0.00006909,0.00003922,0.00012473,-0.00004383,0.00008743,-0.00001660,0.0000534
6,0.00002863,-0.00004255,0.00005686,0.00003501,0.00000519,-0.00003638,0.00001798
,0.00000844,-0.00001991,0.00000430,0.00001782,-0.00000679,0.00000926,-0.00004831
,-0.00004315,-0.00003655,0.00041316,0.00086190,-0.00013401,-0.00001665,-0.000026
17,-0.00000334,-0.00005222,0.00012114,-0.00000804,0.00003282,0.00003217,0.000065
03,-0.00009180,0.00001259,-0.00002632,0.00002396,0.00002481,-0.00003509,0.000025
40,0.00000798,0.00002365,-0.00001867,-0.00004464,-0.00001952,-0.00000408,-0.0000
0656,-0.00000431,0.00020761,0.00001483,0.00022118,0.00000430,0.00001609,-0.00001
137,0.00021185,-0.00002789,-0.00003458,0.00036261,0.00010994,0.00023223,-0.00011
521,0.00000706,0.00003688,0.00002961,0.00001469,-0.00001331,0.00001946,0.0000059
0,-0.00000478,0.00000415,-0.00000257,0.00000181,-0.00000295,-0.00000004,-0.00000
105,-0.00000381,-0.00000202,-0.00000075,0.00000162,-0.00000258,0.00000087,0.0000
0079,0.00000535,-0.00000502,0.00001551,-0.00000563,-0.00000456,0.00000118,-0.000
00114,-0.00001014,-0.00000525,-0.00000013,-0.00000496,0.00000125,0.00000018,0.00
000561,0.00000711,0.00000094,-0.00000380,-0.00000314,0.00000128,0.00000370,-0.00
000238,0.,0.00000207,0.00000194,-0.00000170,-0.00000519,0.00000462,-0.00000542,-
0.00000091,0.00000251,-0.00000437,0.00000388,0.00000062,0.,-0.00000073,-0.000004
79,-0.00000069,-0.00000316,0.00000071,0.00000113,0.00000410,0.00000396,0.0000013
6,0.00000174,0.00000492,0.00000136,-0.00000087,0.00000233,0.00000015,-0.00000356
,-0.00100124,-0.01939785,-0.00240491,-0.00068761,-0.00451411,0.00205449,-0.00543
618,0.03113724,-0.05087277,-0.00019727,0.00092206,-0.00065746,0.00011167,0.00002
017,0.00027119,0.00002908,0.00026663,-0.00007872,0.00952609,-0.03120221,0.056154
36,0.00093439,0.00000771,-0.00006438,0.00074228,-0.00063371,-0.00029589,-0.00113
831,-0.00371353,0.00054843,-0.00373430,-0.00249607,-0.00349338,0.00006933,-0.000
03908,0.00003891,-0.00004988,-0.00003271,-0.00000136,-0.00006015,0.00004003,0.00
001487,0.00023688,-0.00004063,-0.00002441,-0.00035112,0.00017352,0.00019435,-0.0
0014822,0.00013387,-0.00022465,0.00008027,0.00025017,-0.00010199,0.00004253,-0.0
0008847,-0.00006964,0.00011501,0.00011869,-0.00006972,0.00018055,0.00002521,0.00
004585,-0.00000393,0.00004546,-0.00002239,0.00003785,0.00000654,-0.00002994,0.00
010177,-0.00001544,-0.00003480,-0.00061235,0.00016299,0.00004294,-0.00024197,-0.
00007192,-0.00009847,0.00011172,-0.00025668,-0.00006087,-0.00009568,0.00066770,0
.00003360,0.00014475,0.00007436,0.00019832,-0.00004024,0.00011543,0.00015291,-0.
00003805,-0.00000759,0.00003613,0.00007501,0.00009293,-0.00004043,-0.00005129,-0
.00003356,-0.00000334,0.00000046,0.00003820,-0.00005517,-0.00034994,-0.00037047,
0.00007718,-0.00004687,0.00006835,-0.00003880,-0.00127944,0.00008868,0.00044371,
0.00059054,-0.00051135,-0.00029004,-0.00012209,0.00002109,0.00009690,0.00003672,
0.00000152,-0.00002718,0.00003954,0.00000291,-0.00001470,0.00000417,-0.00000325,
0.00001093,-0.00000567,0.00000769,-0.00000818,0.00000608,-0.00000778,-0.00000382
,-0.00000605,-0.00000041,0.00000796,0.00000270,0.00000711,-0.00001589,0.00001917
,-0.00000706,-0.00000580,0.00000432,0.00000098,-0.00001738,-0.00001182,-0.000005
46,-0.00000027,0.00000088,0.00000423,0.00000727,0.00000176,0.00000370,-0.0000086
3,-0.00000615,-0.00000415,0.00000430,0.00000414,-0.00000015,-0.00000072,0.000002
33,-0.00000048,0.00000279,0.00000115,0.00000441,0.00000142,0.00000463,-0.0000016
9,-0.00000003,0.00001174,0.00000183,0.00000409,-0.00000704,-0.00000063,0.0000094
4,0.00000116,0.00000235,0.00000423,0.00000006,0.00000130,-0.00000050,0.00000016,
0.00000207,0.00000164,0.00000579,0.00000324,-0.00000267,-0.02473005,0.00032496,0
.00350642,0.00063852,0.00024679,0.00058707,-0.24004126,0.04754616,0.05986940,-0.
00022262,0.00019376,-0.00002893,0.00035560,0.00008721,0.00035907,0.00019183,-0.0
0023430,-0.00053938,-0.00778505,0.00568587,0.00307226,0.28310272,0.00083230,-0.0
0045709,-0.00040655,0.00007399,-0.00047643,-0.00039640,-0.00167120,-0.00037924,-
0.00005357,-0.00260689,-0.00055852,-0.00223449,0.00006692,-0.00003570,0.00002376
,-0.00004106,0.00002100,0.00005145,-0.00003183,0.00000805,0.00003346,-0.00057119
,-0.00023481,0.00007147,-0.00004612,0.00013335,0.00018385,0.00003925,0.00006109,
-0.00013181,0.00042199,-0.00001122,-0.00003737,-0.00004170,-0.00006159,-0.000125
68,0.00004252,-0.00001249,-0.00005539,0.00011032,0.00001282,0.00006338,-0.000040
72,-0.00001804,-0.00002995,0.00004579,0.00000575,-0.00002266,0.00006428,-0.00002
200,-0.00002705,-0.00068042,-0.00029758,0.00006776,0.00004100,0.00022927,0.00011
830,-0.00016133,0.00001267,0.00005423,0.00027585,0.00017992,-0.00017008,-0.00008
627,0.00012018,0.00019924,-0.00016866,-0.00004300,0.00002598,0.00005583,-0.00005
777,0.00000377,0.00009149,0.00001550,0.00004954,-0.00002232,0.00006988,0.0000632
5,0.00002359,0.00003961,0.00002995,0.00030506,0.00016652,0.00003481,-0.00001273,
0.00011498,-0.00000240,-0.00114921,0.00030383,0.00024070,-0.00011273,0.00010026,
0.00001957,0.00007418,0.00004208,-0.00001274,0.00000162,-0.00000780,-0.00000039,
-0.00000418,0.00000559,-0.00000046,-0.00000039,0.00000354,-0.00000539,0.00000129
,0.00000067,-0.00000920,0.00000671,-0.00001029,-0.00000302,0.00000234,-0.0000070
7,0.00000795,-0.00000171,-0.00000468,-0.00000310,-0.00000758,-0.00000561,-0.0000
0587,0.00000232,-0.00000270,0.00000131,-0.00000272,-0.00000119,0.00000476,0.0000
0457,0.00000206,0.00000545,0.00000599,0.00000136,-0.00000160,-0.00000002,-0.0000
0244,-0.00000380,0.00000041,0.00000618,-0.00000519,0.00000188,-0.00000130,-0.000
00252,0.00000097,-0.00000165,0.00000028,0.00000351,-0.00000574,0.00000207,0.0000
0839,0.00000296,0.00001284,-0.00000469,0.00000337,0.00000739,-0.00000054,0.00000
121,0.00000682,0.00000246,0.00000106,0.00000313,0.00000365,0.00000113,0.00000017
,0.00000177,-0.00000015,-0.00000522,-0.01718389,0.00250878,0.00363322,-0.0001950
3,0.00035777,0.00054416,0.04849222,-0.05222766,-0.01358563,0.00030343,-0.0004056
8,-0.00013158,0.00000691,-0.00013790,0.00010306,-0.00007293,0.00011040,-0.000186
97,0.02942479,-0.01104630,-0.00834023,-0.05054270,0.06065494,-0.00000336,-0.0000
5705,-0.00008582,0.00013711,-0.00037003,0.00039468,0.00044306,0.00122664,0.00056
483,-0.00256695,-0.00124093,-0.00155937,0.00001128,-0.00001419,-0.00000809,-0.00
003849,0.00000139,0.00000733,0.00001823,-0.00002685,0.00000068,0.00003690,0.0001
6073,0.00001171,-0.00001019,0.00011058,-0.00013005,0.00008365,-0.00008529,0.0001
9477,-0.00013016,-0.00007058,0.00003708,0.00000830,-0.00000890,0.00000293,-0.000
05124,-0.00004733,0.00003850,-0.00009914,-0.00001679,0.00003433,0.00000506,0.000
00067,-0.00000226,-0.00000845,0.00000636,0.00000202,-0.00000611,0.00000811,-0.00
001506,0.00010565,-0.00008890,0.00001544,-0.00006692,-0.00015628,0.00020439,-0.0
0001158,0.00002358,-0.00005086,0.00000549,0.00028948,-0.00030436,-0.00007243,-0.
00001403,-0.00001260,-0.00005151,-0.00007276,-0.00004477,-0.00004069,-0.00007195
,-0.00003600,0.00003594,0.00003618,0.00001168,0.00002172,0.00002755,0.00000171,0
.00001415,0.00000352,0.00001788,0.00002888,0.00005715,-0.00018556,-0.00003472,-0
.00007374,-0.00005143,-0.00102777,0.00013818,0.00027637,0.00003114,0.00016033,-0
.00014660,0.00004826,-0.00000448,-0.00002812,-0.00001064,0.00000699,-0.00000614,
-0.00001322,0.00000598,-0.00000569,-0.00000222,-0.00000056,0.00000007,0.00000015
,0.00000113,0.00000119,0.00000114,-0.00000249,-0.00000342,0.00000566,-0.00000860
,0.00000372,-0.00000757,-0.00000171,0.00000403,-0.00000479,0.00000203,-0.0000012
9,-0.00000040,-0.00000292,-0.00000067,-0.00000269,-0.00000062,0.00000286,0.00000
332,0.00000074,0.00000444,0.00000562,-0.00000058,-0.00000256,-0.00000244,-0.0000
0047,-0.00000416,-0.00000069,0.00000020,-0.00000070,-0.00000018,-0.00000139,-0.0
0000103,-0.00000111,-0.00000079,0.00000078,0.00000023,-0.00000050,-0.00000088,0.
00000483,0.00000003,0.00000287,0.00000096,0.00000301,0.00000364,0.00000061,-0.00
000046,0.00000036,0.00000054,-0.00000063,0.00000010,0.00000102,-0.00000078,0.000
00002,0.00000028,-0.00000114,-0.00000050,-0.01665345,0.00222654,0.00341026,-0.00
127844,0.00010247,0.00073513,0.06553189,-0.01482159,-0.06266866,-0.00022173,0.00
022496,-0.00022268,0.00019291,0.00001626,0.00013649,-0.00029652,-0.00046024,-0.0
0051779,-0.00429264,0.00197357,0.00227960,-0.06810342,0.01710374,0.06816312,0.00
023582,0.00073846,0.00001923,0.00010736,-0.00016211,0.00018326,0.00072751,0.0002
4208,-0.00017517,0.00041356,0.00016756,-0.00093212,0.00004383,-0.00002120,0.0000
2442,-0.00001163,0.00004635,0.00004461,-0.00001311,0.00002704,0.00002452,0.00021
368,0.00006964,-0.00001217,-0.00004466,0.00003868,-0.00002547,-0.00060169,-0.000
30455,-0.00015689,-0.00027832,0.00009574,0.00001299,-0.00008033,-0.00014665,0.00
013674,0.00000552,-0.00009854,0.00000660,-0.00037420,-0.00004537,-0.00006312,-0.
00000044,-0.00000545,-0.00005455,0.00001333,0.00000726,-0.00005924,-0.00001877,-
0.00001591,-0.00005097,0.00024301,-0.00021125,-0.00005365,-0.00005874,-0.0011782
4,0.00055137,-0.00000752,0.00006016,-0.00002137,-0.00015523,0.00006301,0.0000524
2,-0.00007046,0.00000260,-0.00003618,-0.00003308,-0.00005579,0.00010367,0.000063
92,-0.00000094,0.00005106,0.00003763,0.00009640,-0.00002188,0.00009750,0.0000655
2,0.00001193,0.00004004,0.00004371,0.00005526,-0.00008547,0.00001035,-0.00021540
,-0.00003329,-0.00004785,-0.00002104,0.00024293,0.00001382,-0.00004752,-0.000386
73,0.00033518,-0.00041832,-0.00005372,-0.00005320,0.00006040,0.00005580,0.000072
68,-0.00002164,0.00004207,0.00000449,-0.00000561,0.00000592,0.00000123,0.0000157
6,-0.00000172,0.00000484,0.00000164,0.00000160,0.00000012,0.00000380,-0.00000491
,0.00001276,-0.00000001,0.00001001,0.00000868,-0.00002529,0.00001766,0.00000899,
-0.00000878,0.00001333,0.00000214,-0.00001456,-0.00000677,-0.00000424,-0.0000048
9,0.00000337,0.00000187,0.00000807,0.00000634,0.00000056,-0.00000575,-0.00000436
,0.00000041,0.00001172,0.00000306,-0.00000514,-0.00000073,0.00000004,-0.00000244
,0.00000040,0.00000087,-0.00000192,-0.00000187,0.00000389,-0.00000685,0.00000004
,0.00000965,-0.00000100,0.00000427,-0.00000375,0.00000160,-0.00000162,0.00000340
,0.00000257,0.00001053,0.00000633,0.00000260,0.00000394,0.00000736,0.00000248,0.
00000141,0.00000141,-0.00000091,-0.00000236,0.00075357,0.00240194,-0.01996263,-0
.00224146,-0.00172387,-0.00297962,-0.04906120,-0.00734768,0.03755464,-0.00016348
,-0.00002622,0.00021989,0.00016547,0.00010911,-0.00138235,0.00000242,-0.00008323
,-0.00014660,0.00202023,0.00291981,-0.00619475,-0.00531962,-0.00680162,0.0285440
8,0.05391418,0.00131924,0.00015209,-0.00012891,0.00005822,-0.00003288,-0.0001710
4,-0.00029141,-0.00291458,-0.00195747,0.00037591,0.00050613,0.00023671,0.0000971
0,-0.00000881,0.00006806,-0.00001990,0.00001028,0.00008541,0.00000335,0.00005983
,0.00004725,-0.00013603,-0.00036741,-0.00008052,-0.00008955,0.00005000,0.0001572
9,-0.00074285,0.00026305,-0.00055003,0.00009314,0.00018284,0.00003466,-0.0003111
7,-0.00037792,0.00017674,-0.00009060,-0.00005063,-0.00004369,-0.00015865,-0.0000
2455,0.00002488,-0.00004409,-0.00009279,-0.00001369,0.00005580,-0.00002538,-0.00
004551,0.00007877,-0.00004697,-0.00003745,-0.00031856,-0.00029019,-0.00016952,-0
.00109093,-0.00111994,0.00111964,0.00002706,-0.00001438,-0.00007198,-0.00000288,
0.00011007,0.00029669,-0.00011373,0.00005224,0.00014492,-0.00018232,0.00004753,0
.00009510,0.00015677,0.00004340,-0.00000463,0.00007158,0.00006659,0.00002309,0.0
0007221,0.00000834,-0.00001946,0.00004275,0.00005068,0.00005232,0.00010234,-0.00
001772,0.00009771,-0.00004352,0.00004382,0.00002444,0.00010708,-0.00016628,-0.00
005695,0.00010518,-0.00027936,0.00024530,-0.00012159,0.00004018,0.00008964,0.000
07430,0.00003306,-0.00000924,0.00004988,0.00000315,-0.00000034,0.00000956,0.0000
0129,0.00000341,-0.00000376,0.00000104,-0.00000564,0.00000040,-0.00000716,0.0000
0337,-0.00000564,0.00000669,0.00000161,0.00001380,0.00000534,-0.00002142,0.00002
261,-0.00000796,-0.00001155,0.00000812,0.00000005,-0.00001330,-0.00000518,-0.000
00158,-0.00000800,0.00000183,0.00000100,0.00000569,0.00000661,0.00000214,-0.0000
0426,-0.00000036,0.00000046,0.00001081,0.00000189,-0.00000132,0.00000033,0.00000
287,-0.00000231,-0.00000456,0.00000547,-0.00000600,-0.00000275,0.00000598,-0.000
00992,0.00000373,0.00000668,0.00000372,0.00000489,-0.00001105,-0.00000169,-0.000
00577,0.00000137,0.00000303,0.00001184,0.00000768,0.00000317,0.00000430,0.000008
95,0.00000316,-0.00000082,0.00000281,-0.00000006,-0.00000640,0.00146907,0.002346
45,-0.01663372,-0.00243933,-0.00055112,-0.00165530,-0.00616362,-0.05303061,0.052
92418,0.00000163,0.00019515,0.00006130,-0.00012097,0.00049526,-0.00116423,-0.000
03641,0.00007342,0.00009926,-0.00392401,-0.01100194,0.02971468,0.00149096,0.0021
7209,-0.00675119,0.01036333,0.06322317,0.00079008,0.00022823,-0.00042724,0.00011
459,-0.00005213,-0.00026094,0.00108115,-0.00197312,-0.00199097,0.00060281,0.0003
4022,0.00060702,-0.00000663,-0.00001094,-0.00001884,0.00007782,0.00008986,-0.000
03200,-0.00010478,0.00006675,0.00000508,0.00005868,-0.00004910,0.00002099,-0.000
09713,-0.00001406,0.00015510,-0.00017597,0.00004182,0.00022006,0.00013941,0.0001
6580,-0.00014823,-0.00018414,-0.00020996,-0.00004631,0.00001865,0.00008897,-0.00
001505,-0.00022592,-0.00018720,-0.00002460,0.00000573,0.00004307,-0.00004581,0.0
0005583,0.00003154,-0.00002339,0.00001922,-0.00000720,0.00000584,-0.00075542,-0.
00034491,-0.00000244,0.00084821,0.00104704,0.00039184,0.00000397,-0.00008880,-0.
00000563,-0.00031324,-0.00020405,0.00041726,0.00000209,0.00006795,0.00035990,-0.
00012645,0.00005958,0.00024465,0.00009040,-0.00012662,0.00013309,0.00023657,0.00
010717,0.00013648,-0.00004801,0.00020184,0.00004617,0.00001017,0.00005296,0.0000
1159,-0.00013361,-0.00016442,-0.00003195,-0.00003721,0.00008417,0.00001247,0.000
40715,0.00018412,0.00002486,-0.00012743,0.00022265,-0.00013505,0.00000567,0.0000
1735,-0.00010143,0.00003766,0.00000476,0.00004859,0.00002146,0.00000018,-0.00000
254,0.00000420,-0.00000052,0.00000860,-0.00000823,0.00000843,0.00001357,-0.00000
143,0.00000471,-0.00000835,-0.00000008,0.00000402,-0.00000332,0.00000912,0.00000
345,-0.00000721,0.00001260,0.00001074,0.00001093,0.00001426,0.00000891,0.0000083
9,-0.00000151,-0.00000149,-0.00000205,0.00000361,0.00000157,0.00000128,0.0000013
5,-0.00000099,0.00000217,0.00000672,0.00000573,0.00000254,0.00000034,0.00000363,
0.00000114,0.00000249,-0.00000219,-0.00000223,0.00000061,-0.00000155,0.00000243,
0.00000059,-0.00000004,-0.00000068,0.00000226,0.00000019,-0.00000363,0.00000259,
-0.00000004,-0.00000625,0.00000082,0.00000111,0.00000132,-0.00000293,-0.00000054
,0.00000109,-0.00000116,0.00000006,0.00000377,-0.00000481,-0.00000136,0.00000252
,-0.00031230,0.00114164,-0.02242718,-0.00372923,-0.00266393,-0.00344405,0.030801
24,0.05046545,-0.25984817,-0.00016160,-0.00074106,0.00056547,0.00006073,0.000154
20,-0.00135982,-0.00013039,0.00014081,0.00022735,0.00148460,0.00516516,-0.006888
72,0.00436321,0.00264709,-0.01041900,-0.03477750,-0.05618841,0.30405495,-0.00006
596,0.00026969,-0.00013948,-0.00268460,-0.00224587,-0.01043033,-0.00658989,-0.00
076831,-0.00302861,-0.00023410,0.00003933,0.00005841,0.00004645,-0.00003020,0.00
000967,-0.00003284,-0.00004680,0.00009592,-0.00005876,0.00004768,0.00012169,-0.0
0380778,0.00113748,-0.00224671,-0.00159883,0.00025403,0.00115172,-0.00016584,-0.
00014470,-0.00010733,-0.00290535,-0.00070436,0.00179009,-0.00007544,0.00004135,-
0.00008748,0.00017813,-0.00002294,-0.00002317,0.00006201,-0.00005469,-0.00007086
,-0.00000804,-0.00003911,-0.00013620,0.00004878,0.00001190,-0.00001725,0.0000554
9,-0.00001209,0.00001141,-0.00025248,-0.00078339,0.00030106,-0.00002174,-0.00001
820,0.00067931,-0.07446745,-0.03025453,-0.02002104,0.00165787,-0.00028600,0.0001
3301,-0.00025438,-0.00000945,0.00002380,-0.00002755,-0.00005910,0.00007196,0.000
15070,0.00005926,0.00008814,0.00016421,-0.00001600,0.00000613,0.00013031,0.00017
046,-0.00001156,0.00010419,0.00007731,0.00000801,-0.03010523,-0.02675221,-0.0050
4860,0.00556607,0.00834535,0.00444979,0.00007789,-0.00011616,0.00005620,0.000017
15,-0.00004848,-0.00002620,-0.00003313,-0.00010282,0.00004760,-0.00000002,0.0000
6539,-0.00002588,0.00002602,0.00000389,-0.00000147,0.00000359,-0.00000488,0.0000
0096,-0.00000228,0.00000104,0.00000378,-0.00000584,0.00000789,0.00000828,-0.0000
0746,0.00001108,-0.00000184,0.00000661,-0.00000257,-0.00001353,0.00000770,0.0000
0926,0.00000760,0.00002042,0.00000728,-0.00001469,-0.00000452,-0.00000121,-0.000
00250,-0.00001145,-0.00000500,-0.00000186,-0.00000867,-0.00000348,-0.00000315,-0
.00000204,0.00000237,0.00000383,-0.00000077,0.00000231,-0.00001014,-0.00000367,0
.00000242,-0.00000188,-0.00000267,0.00000005,-0.00000089,-0.00000358,-0.00000156
,0.00000243,-0.00000033,-0.00000281,0.00001249,0.00000027,0.00000046,0.00001605,
-0.00000245,-0.00000009,0.00000477,-0.00000057,0.00000020,0.00000216,0.00000047,
-0.00000043,-0.00000250,0.00000206,-0.00000079,-0.00000510,-0.00014855,-0.000114
36,0.00006153,0.00004013,0.00004091,-0.00013943,0.00035079,-0.00077722,0.0001632
7,-0.00000724,-0.00004598,0.00000924,0.00008048,-0.00002920,0.00008387,-0.000008
21,0.00001025,-0.00011500,0.00025894,-0.00018327,0.00008960,0.00025932,0.0004575
0,-0.00044119,-0.00023993,0.00003495,0.00033078,0.47592374,-0.00070955,-0.000172
34,-0.00014736,-0.00063799,0.00689139,-0.00738200,0.00231254,0.00345123,0.002918
11,0.00009816,-0.00007226,-0.00000264,-0.00001961,-0.00000074,-0.00001756,-0.000
03420,0.00004851,-0.00005824,-0.00001990,-0.00011588,-0.00004731,-0.00135173,0.0
0056021,-0.00098214,-0.00168163,-0.00013464,0.00213658,0.00038478,0.00004134,0.0
0002360,0.00045073,-0.00050115,0.00014538,0.00025542,0.00009930,-0.00004508,0.00
008336,-0.00001735,0.00003942,0.00014856,0.00010516,0.00002440,-0.00000475,-0.00
001995,0.00004202,-0.00004668,-0.00002809,0.00001629,-0.00004884,0.00002662,-0.0
0002208,0.00026562,0.00051816,-0.00009977,-0.00037061,-0.00023413,-0.00062292,-0
.02688513,-0.11980413,-0.03259482,0.00273766,-0.00387097,0.00119993,0.00009168,-
0.00010120,-0.00018967,0.00005242,0.00005597,-0.00013318,-0.00010393,0.00004447,
-0.00008180,-0.00005817,-0.00006377,-0.00002519,-0.00006368,-0.00014997,-0.00000
195,-0.00002323,-0.00002509,0.00000773,-0.01160826,-0.00685393,0.00078139,-0.011
02809,-0.02383838,-0.01301297,-0.00009165,0.00005661,-0.00004995,-0.00001382,0.0
0001632,0.00002562,-0.00006451,0.00000638,0.00010438,0.00002460,-0.00002231,-0.0
0004025,0.00000696,-0.00000087,-0.00000930,0.00000381,-0.00000941,0.00000181,-0.
00000055,-0.00000394,0.00000223,-0.00000079,0.00000171,0.00000139,-0.00000405,-0
.00000268,-0.00000561,-0.00000270,0.00000058,0.00000035,0.00001030,-0.00001076,-
0.00001434,-0.00001473,-0.00001212,-0.00000279,0.00000207,-0.00000149,0.00000119
,-0.00000226,0.00000020,-0.00000156,-0.00000315,0.00000133,0.00000229,-0.0000038
8,-0.00000493,0.00000736,0.00000031,-0.00000393,0.00001013,0.00000153,0.00000005
,0.00000228,0.00000090,0.00000174,-0.00000043,0.00000003,0.00000111,-0.00000208,
-0.00000075,0.00000118,-0.00001529,0.00000505,0.00000498,-0.00000463,-0.00000274
,0.00000029,-0.00000388,-0.00000108,0.00000066,0.00000007,-0.00000074,0.00000103
,0.00000111,0.00000090,0.00000240,0.00000210,-0.00010180,0.00003337,0.00003152,-
0.00004789,-0.00009800,0.00012122,-0.00042309,0.00078435,-0.00009637,0.00002144,
-0.00000888,-0.00001044,-0.00012136,0.00002437,-0.00009271,0.00005374,0.00010243
,0.00008506,-0.00022109,0.00011413,-0.00012121,-0.00018052,-0.00049803,0.0004132
5,0.00022140,-0.00010889,-0.00035981,-0.01741988,0.46000234,-0.00026887,0.000002
94,-0.00009690,-0.01484391,-0.01609280,-0.01558828,-0.00074820,0.00135091,0.0011
2373,-0.00007994,-0.00007532,0.00004690,0.00000558,-0.00002263,-0.00000855,-0.00
005111,-0.00002077,-0.00000766,0.00000460,-0.00003281,-0.00001605,0.00183167,-0.
00009114,0.00056213,0.00302160,0.00236214,-0.00238031,0.00010958,-0.00001476,0.0
0004300,0.00088826,0.00080875,-0.00084489,0.00021494,0.00006462,-0.00014444,0.00
017042,-0.00000609,-0.00001182,0.00007284,0.00003389,-0.00005027,0.00001734,0.00
000643,-0.00002261,0.00000079,-0.00001412,-0.00000298,-0.00001622,0.00000809,-0.
00001088,-0.00043198,-0.00014633,0.00017087,-0.00051933,-0.00009880,-0.00030697,
-0.02841705,-0.04626828,-0.08138038,0.00227255,0.00146560,-0.00055668,0.00010768
,-0.00004886,0.00002970,0.00007532,0.00004548,-0.00001405,-0.00003937,0.00007836
,0.00002049,0.00002056,-0.00003125,-0.00003236,0.00000982,0.00002032,0.00009135,
0.00001403,0.00002035,0.00000104,0.00549469,0.00766599,0.00676584,0.00029263,-0.
00105384,0.00014585,-0.00001391,-0.00002335,-0.00000282,0.00001087,-0.00001297,-
0.00000731,-0.00007269,-0.00006639,0.00014284,0.00001884,0.00004514,-0.00007509,
0.00002150,0.00000880,-0.00000611,0.00000643,-0.00001143,0.00000024,0.00000070,-
0.00000639,0.00000414,-0.00000403,0.00000676,0.00000891,-0.00000516,0.00000651,-
0.00000705,0.00000370,-0.00000245,-0.00000533,0.00000612,0.00000037,-0.00000787,
0.00000184,-0.00000154,-0.00000594,-0.00000224,-0.00000120,-0.00000440,-0.000009
53,-0.00000250,0.00000100,-0.00000402,0.00000094,0.00000258,-0.00000019,0.000001
21,0.00000708,0.00000013,0.00000225,0.00000063,0.00000075,0.00000211,-0.00000265
,0.00000023,0.00000168,-0.00000179,-0.00000232,0.00000160,-0.00000085,-0.0000006
5,0.,-0.00000632,0.00000219,0.00000090,0.00000245,-0.00000303,0.00000002,0.00000
273,0.00000035,0.00000149,0.00000279,0.00000189,0.00000158,-0.00000087,0.0000019
0,0.00000086,-0.00000333,-0.00001861,-0.00009353,-0.00005283,0.00000107,0.000005
22,0.00005448,-0.00001036,0.00008718,-0.00004838,0.00001377,-0.00001595,-0.00002
118,0.00000357,-0.00000158,-0.00001485,-0.00001306,-0.00000730,-0.00004378,-0.00
004371,0.00000304,-0.00000327,-0.00007957,0.00000434,0.00004634,0.00000620,-0.00
000836,-0.00003208,-0.00914266,-0.01335735,0.45076632,0.00010726,-0.00007759,0.0
0005393,-0.00120461,-0.00239907,0.00062419,-0.00038015,0.00011291,-0.00090701,0.
00001202,-0.00002885,0.00000415,0.00000737,0.00000723,0.00000198,0.00002543,-0.0
0000363,0.00002261,0.00001628,0.00003295,-0.00000412,0.00004494,-0.00001669,-0.0
0058908,0.00071663,0.00012342,-0.00105225,-0.00009668,-0.00004661,-0.00003797,-0
.00010031,0.00002482,0.00023586,-0.00011929,-0.00001435,-0.00000231,-0.00007733,
-0.00002699,-0.00002912,-0.00002106,-0.00000469,-0.00002750,-0.00006858,-0.00002
309,-0.00001962,-0.00001235,0.00000574,0.00000304,0.00001168,-0.00001194,0.00001
717,0.00004141,0.00004196,-0.00014008,0.00001242,0.00020724,0.00030462,-0.005458
70,-0.00008455,-0.01623680,-0.00023229,0.00078779,-0.00026751,-0.00005508,0.0000
2100,0.00004303,-0.00005705,0.00000694,0.00008436,0.00007255,-0.00003885,0.00002
216,0.00003957,0.00002898,0.00003081,0.00002446,0.00007857,-0.00000973,-0.000002
84,0.00000427,-0.00000014,-0.00050433,-0.00011514,-0.00063504,0.00071570,0.00055
869,0.00059410,-0.00000434,-0.00003765,0.00000648,-0.00000877,-0.00000703,0.0000
0200,0.00004584,0.00006448,-0.00011607,0.00000994,-0.00002732,0.00006121,-0.0000
0310,-0.00000817,0.00000184,-0.00000027,0.00000356,-0.00000325,-0.00000107,0.000
00172,0.00000549,-0.00000505,0.00000392,-0.00000413,0.00000602,-0.00000596,-0.00
000090,-0.00000021,-0.00000295,0.00000285,0.00000124,0.00000067,0.00001335,0.000
00818,0.00000186,-0.00000319,0.00000075,0.00000321,0.00000236,-0.00000164,-0.000
00208,-0.00000262,-0.00000474,-0.00000357,0.00000037,-0.00000507,0.00000134,-0.0
0000090,-0.00000205,0.00000005,-0.00000026,-0.00000149,0.00000112,-0.00000065,0.
00000007,-0.00000228,0.00000169,-0.00000089,0.00000086,0.00000191,0.,-0.00000097
,0.00000252,0.00000414,0.00000155,0.00000222,-0.00000136,-0.00000087,-0.00000177
,-0.00000365,-0.00000115,0.00000073,-0.00000274,-0.00000089,0.00000048,-0.000002
82,-0.00000051,0.00000205,0.00002013,0.00001796,-0.00000462,0.00000072,-0.000004
22,0.00001675,-0.00001027,0.00005679,-0.00001670,-0.00000874,0.00000587,0.000002
92,-0.00000039,-0.00000149,0.00000470,-0.00002241,-0.00003468,0.00003039,-0.0000
5951,-0.00000320,0.00000640,-0.00006207,-0.00009317,0.00007856,0.00002313,0.0000
0582,-0.00006194,-0.07085219,0.01279256,-0.02766272,0.52183408,0.00016909,-0.000
04803,0.00006878,-0.00188465,-0.00358011,0.00090952,-0.00004816,-0.00046697,-0.0
0014327,-0.00000243,0.00002516,0.00001193,-0.00000330,0.00000181,0.00000263,0.00
000116,-0.00001404,0.00000951,0.00002333,0.00002799,0.00002634,0.00033508,0.0002
0763,-0.00031903,0.00113930,0.00035033,-0.00123174,-0.00000473,0.00004168,0.0000
2294,-0.00044312,0.00008428,0.00014032,-0.00001146,0.00000011,0.00008607,-0.0000
3964,0.00002644,-0.00000114,-0.00002993,0.00000787,0.00001871,-0.00000713,-0.000
03183,-0.00000271,0.00000806,0.00001236,-0.00000945,0.00000914,-0.00000124,-0.00
000249,0.00002956,-0.00008866,0.00001016,0.00010605,0.00004542,-0.00003168,-0.00
727785,0.00254600,-0.02087394,-0.00090325,0.00172277,-0.00059463,-0.00000088,-0.
00000336,-0.00001940,-0.00002848,-0.00003384,-0.00000411,-0.00001268,-0.00000232
,-0.00000880,-0.00001956,0.00000477,0.00000256,-0.00001378,-0.00001257,-0.000024
94,0.00000462,-0.00000110,-0.00001977,-0.00010007,0.00034446,-0.00002858,-0.0004
5637,0.00100228,-0.00104524,0.00002151,0.00000844,-0.00000677,0.00001191,0.00000
920,-0.00000218,0.00003781,0.00002019,-0.00001893,-0.00001056,-0.00001513,0.0000
0881,-0.00001477,-0.00000665,0.00000220,-0.00000397,0.00000694,-0.00000414,0.000
00177,-0.00000029,-0.00000433,0.00000194,-0.00000316,-0.00000024,-0.00000012,-0.
00000104,0.00000157,-0.00000341,-0.00000104,0.00000361,-0.00000938,-0.00000128,-
0.00000157,-0.00000376,0.00000068,0.00000552,-0.00000059,0.00000009,0.00000121,0
.00000185,0.00000232,0.00000290,0.00000386,0.00000228,-0.00000028,0.00000132,-0.
00000151,-0.00000766,0.00000003,-0.00000019,-0.00000124,-0.00000018,0.00000054,0
.00000016,0.00000019,0.00000003,-0.00000074,0.00000071,-0.00000063,0.00000027,0.
00000019,0.00000060,0.00000233,-0.00000473,-0.00000219,0.00000056,0.00000014,0.0
0000104,0.00000123,0.00000040,0.00000104,-0.00000086,-0.00000064,0.00000067,-0.0
0000094,-0.00000018,0.00000049,-0.00000272,-0.00003619,0.00007863,-0.00010824,-0
.00001175,0.00004602,0.00000296,-0.00002670,-0.00009455,-0.00001799,0.00000200,0
.00002500,0.00000062,0.00001818,-0.00001315,0.00000608,-0.00000582,-0.00004168,-
0.00003428,0.00008794,-0.00000999,0.00001509,0.00000664,0.00014766,-0.00004703,-
0.00001425,0.00004018,0.00006217,0.01213106,-0.07724547,0.03755358,0.00665199,0.
51535589,-0.00001487,0.00010664,-0.00006581,-0.00154954,-0.00311183,0.00061529,-
0.00035208,0.00021369,-0.00029446,-0.00004502,0.00000271,0.00000966,-0.00000535,
-0.00000393,-0.00000972,0.00001067,-0.00001885,-0.00000657,0.00002757,0.00000785
,-0.00001972,-0.00003579,-0.00009329,0.00047856,0.00066645,0.00023618,-0.0009047
0,-0.00000577,-0.00001175,0.00001088,0.00016898,0.00007984,-0.00016313,0.0000789
9,0.00002422,-0.00006173,0.00005380,-0.00001859,-0.00000069,0.00001455,0.0000088
1,-0.00001741,0.00000477,-0.00000514,-0.00001850,-0.00000420,-0.00000897,0.00000
506,-0.00001606,0.00000726,0.00000214,-0.00017294,-0.00013542,0.00007351,-0.0001
4899,-0.00005873,-0.00003594,-0.01077507,-0.00279829,-0.02283689,-0.00036431,0.0
0115716,-0.00052551,0.00004839,-0.00002297,0.00005896,0.00005338,0.00005955,0.00
002058,-0.00001706,0.00003480,0.00002272,-0.00000256,-0.00002195,-0.00000118,0.0
0001004,0.00001688,0.00002626,0.00001180,0.00000477,0.00000816,0.00064861,0.0005
8252,-0.00032148,0.00037883,0.00116836,0.00059322,-0.00001016,-0.00001868,-0.000
00171,-0.00000346,-0.00000617,-0.00000313,-0.00002641,-0.00000975,0.00003390,0.0
0000317,0.00000884,-0.00001394,0.00001069,0.00000375,0.00000310,0.00000359,-0.00
000359,-0.00000513,0.00000372,-0.00000694,0.00000460,-0.00000506,0.00000818,0.00
000845,0.00000037,0.00000398,-0.00000712,0.00000453,-0.00000744,-0.00000266,0.00
000114,-0.00000216,0.00000097,0.00000643,0.00000079,-0.00000229,-0.00000032,0.00
000054,-0.00000310,-0.00000786,-0.00000353,0.00000044,-0.00000400,-0.00000137,0.
00000538,0.00000053,0.00000175,0.00000440,0.00000060,-0.00000076,0.00000359,-0.0
0000041,0.00000323,0.00000230,0.00000042,0.00000138,0.00000131,-0.00000105,0.000
00202,0.00000095,0.00000044,-0.00000032,-0.00000515,0.00000631,0.00000099,-0.000
00020,-0.00000152,-0.00000044,0.00000192,-0.00000224,-0.00000051,0.00000319,-0.0
0000110,-0.00000026,0.00000178,-0.00000096,0.00000003,0.00000254,0.00002479,-0.0
0011273,0.00005388,0.00002136,0.00001729,-0.00003816,0.00007925,-0.00000009,0.00
003807,-0.00001345,-0.00001908,0.00000847,0.00000309,0.00000330,0.00000649,0.000
00400,-0.00002987,0.00000554,-0.00002772,-0.00000688,0.00000566,0.00002996,0.000
00054,-0.00004244,-0.00002394,0.00002717,0.00000590,-0.02624694,0.04069802,-0.16
974311,-0.01328457,0.02240144,0.45676962,0.00003183,0.00006219,-0.00015061,0.000
26891,-0.00045150,-0.00062288,-0.00151780,0.00039001,0.00015864,-0.00005378,0.00
001680,0.00001778,-0.00000164,-0.00000607,-0.00001215,0.00000429,0.00000296,-0.0
0001510,0.00000280,-0.00001554,0.00000612,-0.00127568,-0.00066794,-0.00000195,-0
.00100265,0.00004152,0.00035535,0.00006071,-0.00005254,-0.00002824,0.00011732,-0
.00011974,0.00013078,0.00005068,-0.00000224,-0.00007860,0.00006483,-0.00001312,0
.00001272,0.00001976,0.00000805,-0.00002572,-0.00000011,0.00000292,-0.00001606,-
0.00001565,-0.00000983,0.00001061,-0.00000768,0.00000892,0.00000917,-0.00014668,
-0.00010812,0.00005015,-0.00008887,-0.00008398,0.00000006,-0.01660069,-0.0075423
6,0.00470558,-0.00002044,0.00007585,-0.00007938,-0.00000076,-0.00003079,0.000059
66,0.00003466,0.00005722,0.00003691,-0.00000795,0.00002839,0.00003371,0.00006209
,-0.00001860,-0.00001385,0.00000538,0.00003173,0.00000086,0.00001223,-0.00000286
,-0.00000391,-0.00184701,-0.00322442,-0.00080821,0.00048785,0.00063855,-0.000036
12,-0.00000183,-0.00001624,0.00000296,0.00000827,-0.00003154,-0.00000896,-0.0001
4019,-0.00005104,0.00004403,0.00004787,0.00003270,-0.00001439,0.00003097,0.00000
537,-0.00000130,0.00000715,-0.00000838,0.00000714,-0.00000157,-0.00000255,0.0000
0897,-0.00000568,0.00001019,0.00000707,-0.00000450,0.00000807,-0.00000775,0.0000
0816,0.00000124,-0.00001034,0.00002279,0.00000201,-0.00000164,0.00000672,0.00000
043,-0.00001048,0.00000162,0.00000081,-0.00000459,-0.00000863,-0.00000315,-0.000
00498,-0.00000887,-0.00000132,0.00000227,-0.00000337,0.00000130,0.00001643,-0.00
000136,-0.00000122,0.00000289,-0.00000003,-0.00000029,-0.00000324,0.00000169,-0.
00000305,-0.00000155,-0.00000088,-0.00000213,0.00000215,-0.00000235,-0.00000052,
-0.00000443,0.00000508,0.00000051,-0.00000161,-0.00000173,0.00000028,0.00000294,
0.00000154,0.00000188,0.00000344,0.00000337,0.00000190,-0.00000035,-0.00000019,0
.00000006,0.00000028,0.00001153,-0.00013141,0.00009901,-0.00001875,-0.00000158,-
0.00003650,-0.00005724,0.00007249,0.00010547,0.00000674,-0.00004268,0.,-0.000009
57,0.00000497,0.00001007,0.00004943,0.00004435,-0.00005105,0.00002442,-0.0000358
2,-0.00002462,0.00006372,0.00011921,-0.00007667,-0.00002788,-0.00001664,0.000009
14,-0.14469554,-0.02345858,0.04969317,0.00178537,-0.00136438,0.00192337,0.483094
76,0.00020950,0.00000291,-0.00000986,-0.00050661,0.00116605,0.00018577,0.0005701
1,0.00005631,-0.00024082,-0.00000114,0.00001525,0.00000455,0.00000167,0.00000179
,0.00000173,-0.00000399,0.00000355,-0.00000054,-0.00000107,0.00000276,0.00002260
,-0.00104983,0.00027609,-0.00015009,0.00002369,-0.00051925,-0.00007622,-0.000034
47,-0.00000506,-0.00003539,-0.00029394,-0.00022721,0.00025363,-0.00001236,-0.000
04194,0.00002006,0.00001092,0.00000489,-0.00000929,-0.00000936,-0.00000871,-0.00
000451,0.00001692,0.00000100,-0.00001302,0.00001016,-0.00000002,-0.00000476,0.00
000481,0.00000124,-0.00000108,-0.00013887,-0.00016538,0.00006971,0.00000758,-0.0
0002331,-0.00009982,-0.01596811,-0.00533717,0.00743782,0.00004004,-0.00049616,0.
00026961,0.00002232,0.00005250,0.00006606,-0.00001406,0.00001510,0.00003526,0.00
001901,0.00000338,0.00001175,0.00003442,-0.00000103,0.00001423,-0.00002489,0.000
03891,0.00001628,0.00001298,0.00000973,0.00000014,-0.00266107,-0.00315517,-0.000
93965,-0.00043781,-0.00003154,0.00020910,-0.00000085,-0.00000216,-0.00000074,-0.
00000387,-0.00000218,-0.00000123,0.00000484,0.00000809,-0.00000014,0.00000443,-0
.00000184,0.00000136,0.00000138,0.00000027,-0.00000151,0.00000151,-0.00000205,-0
.00000234,-0.00000014,-0.00000108,0.00000341,-0.00000155,0.00000336,-0.00000012,
-0.00000123,0.00000112,-0.00000306,0.00000192,-0.00000267,0.00000259,-0.00000044
,-0.00000069,-0.00000070,-0.00000255,-0.00000043,0.00000402,0.00000140,0.0000004
3,-0.00000038,-0.00000274,-0.00000028,-0.00000025,-0.00000088,0.00000073,0.00000
232,0.00000154,0.00000047,-0.00000162,0.00000012,0.00000053,-0.00000017,0.000000
28,0.00000034,-0.00000138,0.00000069,-0.00000070,-0.00000057,-0.00000021,-0.0000
0038,0.00000118,-0.00000121,0.00000099,0.00000006,-0.00000229,-0.00000083,-0.000
00077,-0.00000186,0.00000017,0.00000018,-0.00000069,0.00000074,0.00000040,-0.000
00071,0.00000061,-0.00000043,-0.00000052,0.00000004,-0.00000113,0.00004636,-0.00
009278,0.00002830,-0.00000689,-0.00002423,-0.00000653,0.00012771,-0.00004581,0.0
0000533,-0.00001091,-0.00001082,0.00000540,0.00000669,0.00000290,-0.00000713,0.0
0002264,0.00000074,0.00003269,-0.00001251,-0.00000870,0.00002377,-0.00007157,-0.
00006731,-0.00003432,-0.00000119,0.00004216,0.00001774,-0.02445725,-0.07258657,0
.01345752,-0.00829372,-0.00327499,0.00812844,-0.00835207,0.49290173,-0.00016359,
0.00000775,0.00001473,-0.00100836,-0.00048402,0.00066517,-0.00001658,-0.00027284
,0.00020746,0.00000022,0.00001250,0.00001457,-0.00000005,-0.00001115,0.00000616,
-0.00000998,-0.00000929,0.00000747,-0.00000218,0.00000389,0.00003597,-0.00004305
,0.00066995,-0.00029256,-0.00036068,-0.00035231,-0.00066148,0.00003407,0.0000115
1,0.00001680,-0.00081356,-0.00014524,0.00027912,0.00006041,0.00007651,0.00005272
,0.00001028,0.00000358,0.00002051,0.00001009,0.00002318,0.00001635,-0.00000955,-
0.00002532,-0.00002002,0.00000018,-0.00000239,-0.00001192,-0.00000251,-0.0000051
6,-0.00001039,0.00012306,-0.00006577,0.00006425,0.00008191,-0.00005240,-0.000010
14,-0.00611793,-0.00103772,0.00542093,-0.00007486,0.00012870,-0.00024742,0.00002
279,-0.00001076,-0.00008087,0.00004690,-0.00002744,-0.00007269,-0.00003938,0.000
02844,-0.00002788,-0.00004710,-0.00001681,-0.00001748,-0.00000554,-0.00005670,-0
.00000464,0.00001195,0.00000731,-0.00000494,-0.00243830,-0.00282949,-0.00040066,
-0.00045985,-0.00044504,0.00008067,0.00001704,0.00001703,0.00000344,-0.00000075,
0.00000252,0.00000035,-0.00001529,-0.00005211,0.00007917,-0.00001434,0.00002473,
-0.00004150,0.00000265,0.00000495,0.00000068,-0.00000336,0.00000429,0.00000054,0
.00000113,-0.00000066,-0.00000871,0.00000454,-0.00000701,0.00000397,-0.00000270,
0.00000270,0.00000432,-0.00000322,0.00000366,-0.00000372,-0.00000225,-0.00000076
,-0.00000455,-0.00000143,-0.00000064,-0.00000551,-0.00000669,-0.00000429,-0.0000
0310,0.00000107,0.00000242,0.00000986,0.00000954,0.00000334,-0.00000453,-0.00000
257,-0.00000375,-0.00000587,0.00000056,-0.00000100,-0.00000102,-0.00000013,-0.00
000032,0.00000029,0.00000001,0.00000064,-0.00000144,0.00000136,-0.00000170,-0.00
000162,0.00000161,-0.00000047,0.,-0.00000233,-0.00000155,0.00000149,0.00000300,0
.00000103,0.00000310,0.00000397,0.00000082,-0.00000052,0.00000262,0.00000046,-0.
00000082,0.00000289,0.00000082,-0.00000152,-0.00002476,0.00013341,-0.00006475,-0
.00000939,0.00002387,-0.00000378,0.00002294,-0.00002770,-0.00002073,-0.00000462,
0.00000993,-0.00000825,-0.00000899,0.00000816,0.00002329,0.00004323,-0.00000073,
-0.00002706,0.00001201,0.00000959,0.00000604,-0.00014396,0.00004330,0.00001161,-
0.00000517,-0.00000050,0.00000125,0.04713984,0.01221489,-0.09147412,0.02025013,0
.00917737,-0.01888364,0.02430353,0.04098709,0.50095324,0.00006776,0.00006348,-0.
00004689,-0.00071503,-0.00083967,0.00097959,0.00025818,0.00013326,0.00005543,0.0
0002506,-0.00007228,-0.00007645,0.00000514,-0.00000952,0.00000714,-0.00004834,-0
.00001483,0.00001255,-0.00003382,-0.00001008,0.00002594,0.00016266,0.00023785,0.
00000608,0.00019622,0.00028229,-0.00036590,-0.00000536,-0.00003444,-0.00001210,-
0.00018741,0.00004229,0.00000664,-0.00000098,0.00001072,-0.00004352,0.00003094,-
0.00001249,-0.00002768,0.00002658,-0.00001918,-0.00000671,-0.00000524,-0.0000032
3,-0.00002150,0.00001355,0.00000022,-0.00001142,0.00000588,-0.00000872,-0.000002
88,-0.00010514,-0.00016506,0.00009074,-0.00003745,-0.00005837,-0.00007084,-0.000
59025,-0.00010211,0.00039676,0.00019045,0.00009791,-0.00034618,-0.00000614,-0.00
000481,0.00004714,0.00000303,0.00000876,0.00001220,-0.00000836,-0.00000176,0.000
01868,0.00002242,-0.00001083,0.00001088,-0.00000033,0.00003284,0.00002162,0.0000
1671,0.00002269,0.00000940,-0.00029176,-0.00027827,-0.00024717,-0.00007185,-0.00
009638,-0.00003001,-0.00003934,0.00000557,0.00003042,-0.00001387,-0.00001235,0.0
0000278,0.00004830,-0.00001812,0.00002420,-0.00000779,0.00001477,-0.00002115,0.0
0000232,-0.00000188,0.00000301,-0.00000260,0.00000293,0.00000068,0.00000124,-0.0
0000128,-0.00000419,0.00000053,-0.00000404,0.00000428,-0.00000261,0.00000307,0.0
0000252,-0.00000084,0.00000223,-0.00000151,-0.00000050,0.00000365,0.00000355,-0.
00000148,-0.00000082,-0.00000275,-0.00000241,-0.00000110,0.00000062,-0.00000063,
-0.00000040,0.00000349,0.00000106,-0.00000038,-0.00000149,-0.00000259,-0.0000012
2,-0.00000255,0.00000056,0.00000087,-0.00000168,-0.00000012,-0.00000036,-0.00000
114,-0.00000009,-0.00000145,-0.00000067,-0.00000090,-0.00000109,0.00000075,-0.00
000013,-0.00000038,0.00000134,0.00000018,-0.00000022,0.00000358,-0.00000094,-0.0
0000075,0.00000162,0.00000148,0.00000016,0.00000218,0.00000192,-0.00000016,-0.00
000026,0.00000142,-0.00000050,-0.00000162,-0.00008608,0.00002393,-0.00001035,0.0
0006916,-0.00002315,0.00009738,0.00041130,-0.00003295,-0.00001535,-0.00001105,-0
.00000225,-0.00002301,-0.00002077,0.00003153,0.00000040,-0.00010263,0.00002163,-
0.00000390,-0.00013342,0.00003014,0.00004186,-0.00029527,0.00007904,0.00009012,-
0.00012111,0.00001922,-0.00002177,0.00103209,-0.01748522,0.01467434,-0.00240599,
-0.00167268,0.00198418,-0.07047169,0.02114254,-0.01662227,0.51969330,-0.00024072
,0.00001088,0.00007060,-0.00041852,-0.00013057,-0.00045111,0.00000768,0.00013285
,0.00033391,-0.00007335,0.00001998,0.00001784,0.00000340,-0.00000742,-0.00000040
,-0.00001665,-0.00000537,-0.00000587,-0.00001080,-0.00000432,-0.00000557,-0.0001
2763,-0.00011303,0.00005064,-0.00021343,-0.00030630,0.00024354,0.00009515,-0.000
02343,0.00002360,0.00009835,-0.00007340,-0.00000021,0.00010720,0.00005439,-0.000
02080,0.00004773,0.00000756,-0.00000631,0.00004910,0.00003716,-0.00002992,-0.000
01162,-0.00000663,0.00000888,-0.00001253,-0.00000428,-0.00000456,-0.00000826,0.0
0000233,-0.00001237,0.00005732,0.00014925,0.00002579,-0.00010106,-0.00008432,-0.
00010687,-0.00019302,-0.00020692,0.00017131,-0.00000442,-0.00035567,-0.00020889,
0.00004840,-0.00004026,-0.00007228,0.00007074,0.00001416,-0.00003873,-0.00004994
,0.00005105,0.00001081,-0.00002227,-0.00002235,-0.00003747,-0.00001267,-0.000028
50,0.00001386,-0.00000364,-0.00000108,-0.00000920,-0.00012332,-0.00001780,0.0000
0244,-0.00000280,-0.00002525,0.00006965,-0.00002386,-0.00001967,-0.00002086,0.00
000938,-0.00001185,0.00000573,-0.00007401,-0.00001324,0.00008518,0.00002145,0.00
000731,-0.00003505,0.00001564,0.00000277,-0.00000455,0.00000396,-0.00000547,-0.0
0000079,0.00000112,-0.00000357,0.00000115,-0.00000091,0.00000472,0.00000454,-0.0
0000241,0.00000216,-0.00000553,0.00000296,-0.00000141,-0.00000254,0.00000948,-0.
00000421,-0.00000758,-0.00000165,-0.00000232,-0.00000351,0.00000147,-0.00000067,
-0.00000330,-0.00000531,-0.00000020,0.00000038,-0.00000041,0.00000275,0.00000075
,0.00000008,-0.00000117,0.00000383,0.00000110,-0.00000099,0.00000378,0.00000073,
0.00000172,-0.00000087,0.00000183,0.00000133,-0.00000199,0.00000102,0.00000064,-
0.00000045,0.00000163,0.00000056,-0.00000591,0.00000415,0.00000064,0.00000023,0.
00000018,0.00000065,0.00000108,0.00000253,0.00000212,0.00000013,0.00000193,0.000
00216,-0.00000185,0.00000118,0.00000167,-0.00000124,-0.00002743,-0.00009845,-0.0
0005718,-0.00005997,0.00001250,0.00009058,-0.00033827,-0.00000787,-0.00003004,0.
00000978,0.00001857,-0.00000387,0.00000580,-0.00001800,-0.00003285,-0.00008061,-
0.00003052,-0.00005367,-0.00000270,-0.00001647,0.00002003,0.00076060,0.00002640,
0.00030926,0.00011207,0.00001386,-0.00006723,-0.00267486,-0.00957201,0.00957490,
-0.00085175,-0.00045571,0.00019364,0.02167412,-0.15256390,0.06036992,0.01355764,
0.47370806,0.00002334,-0.00004315,-0.00002906,0.00028639,-0.00144482,0.00023641,
-0.00092518,0.00009322,0.00073009,-0.00002838,0.00002244,0.00001161,0.00000320,-
0.00001902,0.00000048,-0.00001990,0.00000459,-0.00000385,-0.00002307,-0.00001018
,0.00000504,-0.00000748,-0.00004033,0.00001148,-0.00036452,0.00024197,0.00003963
,0.00008978,0.00000467,-0.00000382,0.00003764,-0.00000153,0.00000127,0.00009209,
0.00006341,0.00000121,0.00005228,0.00002191,0.00001102,0.00008655,0.00003969,0.0
0002516,-0.00001488,-0.00000872,0.00000599,-0.00000190,-0.00000235,-0.00000802,0
.00000313,-0.00000118,-0.00000717,0.00001777,0.00007895,0.00004936,-0.00009015,-
0.00011658,-0.00015277,-0.00018075,0.00000075,-0.00044648,0.00048631,0.00085347,
-0.00023140,0.00003806,-0.00001923,-0.00006529,0.00003517,-0.00000352,-0.0000729
1,-0.00004630,0.00003413,-0.00002263,-0.00003534,-0.00003135,-0.00003262,-0.0000
3091,-0.00005999,0.00000628,-0.00001075,0.00000180,-0.00001797,0.00007311,0.0000
4248,0.00007072,0.00004799,0.00015850,-0.00000767,-0.00000908,0.00002368,-0.0000
0234,0.00001858,-0.00002908,0.00000467,-0.00009226,-0.00004327,0.00009443,0.0000
1270,0.00001880,-0.00004585,0.00001204,0.00000019,-0.00000080,-0.00000077,-0.000
00010,0.00000126,-0.00000019,-0.00000218,-0.00000587,0.00000175,-0.00000537,0.00
000577,-0.00000661,0.00000524,0.00000143,-0.00000100,0.00000187,-0.00000564,0.00
000370,-0.00000325,-0.00000228,-0.00000114,-0.00000067,-0.00000449,-0.00000682,-
0.00000431,-0.00000673,-0.00000218,0.00000115,0.00000899,0.00000686,0.00000341,-
0.00000268,-0.00000071,-0.00000250,-0.00000258,-0.00000036,0.00000006,0.00000043
,0.00000108,-0.00000093,-0.00000118,0.00000153,-0.00000098,-0.00000154,0.0000013
5,-0.00000280,0.00000036,-0.00000096,0.00000100,-0.00000238,-0.00000567,-0.00000
193,-0.00000112,0.00000056,0.00000163,0.00000451,0.00000374,0.00000186,0.0000011
6,0.00000324,0.00000133,-0.00000056,0.00000278,0.00000077,-0.00000297,-0.0001245
5,-0.00011502,0.00000536,-0.00000864,0.00003260,0.00002445,-0.00016791,0.0000499
0,0.00001022,0.00004745,-0.00005536,0.00000120,-0.00002748,-0.00000931,-0.000017
28,-0.00005730,0.00009117,-0.00011074,0.00008489,-0.00009532,0.00000714,0.000563
65,0.00017501,0.00013467,0.00002413,0.00002763,-0.00002650,0.00312506,0.01383494
,-0.01273370,0.00251687,0.00150037,-0.00154814,-0.01731953,0.05861451,-0.1082854
5,-0.00451384,0.02894362,0.50327507,-0.00011905,0.00000535,0.00010719,-0.0001256
3,0.00018782,-0.00015344,-0.00005283,0.00015087,0.00007879,0.00002772,-0.0000269
7,-0.00000646,0.00000553,-0.00000519,0.00000126,0.00000152,-0.00000246,0.0000139
7,-0.00000567,0.00001149,-0.00000508,-0.00047290,0.00081961,-0.00016480,0.000091
30,-0.00017033,0.00010137,0.00006912,-0.00002782,0.00001946,0.00018480,-0.000204
63,0.00002178,0.00004362,0.00003576,-0.00003954,0.00002677,-0.00000133,-0.000016
85,0.00004546,0.00000504,-0.00000878,0.00001117,0.00004655,-0.00000333,0.0000042
3,0.00000773,-0.00000678,0.00000497,-0.00000109,-0.00000589,0.00006034,0.0001133
7,0.00000593,-0.00006499,-0.00006417,-0.00009630,0.00005427,0.00078456,0.0005507
4,0.00017227,-0.00023965,0.00011240,0.00000691,0.00001160,-0.00005021,0.00002661
,-0.00002033,-0.00003900,-0.00000415,0.00000950,-0.00001576,-0.00003110,-0.00001
568,-0.00001242,0.00001006,-0.00002529,0.00000986,-0.00001023,0.00000902,-0.0000
0338,-0.00028264,-0.00028362,-0.00009462,-0.00001135,-0.00060200,-0.00061441,-0.
00000005,-0.00000150,-0.00000153,0.00000361,-0.00000274,0.00000790,0.00003716,0.
00001715,0.00002758,-0.00001634,-0.00002626,-0.00000841,-0.00000855,-0.00000496,
-0.00000026,-0.00000292,-0.00000012,0.00000103,-0.00000036,0.00000133,-0.0000039
5,0.00000511,-0.00000417,-0.00000126,-0.00000289,-0.00000293,0.00000419,-0.00000
434,0.00000052,-0.00000071,-0.00000609,-0.00000515,-0.00000080,-0.00000017,-0.00
000211,-0.00000248,-0.00000175,-0.00000299,0.00000351,0.00000102,0.00000166,0.00
000150,0.00000089,0.00000100,-0.00000185,-0.00000252,-0.00000526,-0.00000406,0.0
0000184,0.00000147,-0.00000320,0.00000093,-0.00000007,0.00000212,-0.00000062,0.0
0000305,0.00000070,0.00000111,0.00000008,-0.00000193,0.00000288,-0.00000088,0.00
000359,-0.00000145,0.00000249,0.00000622,0.00000101,0.00000067,-0.00000207,-0.00
000208,-0.00000081,-0.00000277,-0.00000351,-0.00000058,0.00000063,0.00000253,0.0
0000207,-0.00000021,-0.00001924,-0.00005006,0.00002256,-0.00000814,-0.00001751,0
.00001381,0.00001330,0.00001349,0.00002921,0.00000503,0.00000187,0.00000616,-0.0
0001248,-0.00000331,-0.00000827,0.00000039,0.00000420,0.00001881,-0.00001792,0.0
0000388,-0.00001478,-0.00003011,-0.00005893,0.00004503,0.00004148,-0.00004786,-0
.00003860,-0.00677486,0.00802105,-0.00341032,-0.14563085,0.11695120,0.00849369,0
.00048074,-0.00069495,0.00050878,0.00002516,-0.00007911,0.00008938,0.16602206,0.
00014607,0.00002906,-0.00014271,0.00016566,-0.00028325,-0.00012009,0.00019286,-0
.00013168,-0.00002775,-0.00003146,0.00002950,0.00000235,-0.00000785,0.00000240,-
0.00000472,0.00000922,0.00000265,-0.00002153,0.00000828,-0.00000628,-0.00000303,
0.00008778,-0.00025619,0.00011334,-0.00021276,0.00014917,0.00003429,-0.00008095,
0.00000816,-0.00001557,0.00000800,0.00008035,-0.00002657,-0.00005591,-0.00006045
,0.00000227,-0.00001096,0.00000466,0.00001516,-0.00005405,-0.00001888,0.00000235
,0.00001041,0.00000139,-0.00000417,-0.00000336,-0.00000747,0.00000981,-0.0000063
6,0.00000327,0.00001341,-0.00014444,-0.00010921,-0.00000132,0.00004926,0.0000336
3,0.00009072,-0.00058754,0.00081238,-0.00068656,-0.00012158,0.00017630,-0.000065
67,-0.00000157,-0.00001920,0.00008326,-0.00002028,0.00003597,0.00004692,0.000005
19,-0.00001186,0.00002460,0.00004510,0.00000946,0.00001273,-0.00000559,0.0000382
1,-0.00000518,0.00000548,-0.00000071,0.00000655,-0.00002857,0.00002745,-0.000040
32,-0.00004940,0.00042923,-0.00008413,0.00000222,0.00000011,0.00000544,0.0000015
9,-0.00000564,-0.00000828,-0.00007573,-0.00002287,-0.00001304,0.00002929,0.00003
126,0.00000413,0.00001692,0.00000638,0.00000180,0.00000350,-0.00000187,0.0000026
5,-0.00000062,-0.00000155,0.00000547,-0.00000598,0.00000523,0.00000191,0.0000016
7,0.00000537,-0.00000491,0.00000623,0.00000227,-0.00000429,0.00001224,0.00000353
,-0.00000165,0.00000382,0.00000175,-0.00000357,0.00000325,0.00000294,-0.00000560
,-0.00000379,-0.00000319,-0.00000165,-0.00000150,-0.00000145,0.00000314,-0.00000
199,0.00000377,0.00000909,-0.00000221,-0.00000022,0.00000282,-0.00000004,-0.0000
0134,-0.00000411,0.00000151,-0.00000526,-0.00000109,-0.00000088,-0.00000223,0.00
000296,-0.00000402,0.00000044,-0.00000312,0.00000104,-0.00000208,-0.00000643,-0.
00000100,-0.00000068,0.00000319,0.00000325,0.00000085,0.00000402,0.00000466,0.00
000065,0.00000011,-0.00000147,-0.00000189,0.00000053,0.00005319,-0.00005328,0.00
004308,0.00001129,0.00001842,-0.00003633,0.00001194,-0.00000622,0.00000137,-0.00
000735,-0.00001075,-0.00000073,0.00001591,0.00000623,0.00000933,0.00000355,-0.00
000316,-0.00002419,0.00001761,-0.00000880,0.00000878,0.00003750,0.00006442,-0.00
007889,-0.00006394,0.00003311,0.00004963,0.00917449,-0.01064353,0.00401123,0.116
46613,-0.18124861,-0.01022333,0.00045762,0.00045849,-0.00042289,-0.00016926,0.00
000710,-0.00016233,-0.13769752,0.20875776,-0.00012961,-0.00005058,0.00005099,-0.
00026935,0.00036303,-0.00011859,-0.00009897,0.00015621,-0.00011077,-0.00000870,-
0.00001008,0.00001080,0.00000734,-0.00000747,0.00000186,0.00000157,-0.00000285,0
.00001542,-0.00000713,0.00001628,0.00000165,-0.00020368,-0.00005687,-0.00001336,
0.00011855,-0.00015273,0.00008687,0.00002473,0.00001206,-0.00001410,0.00018230,-
0.00008106,0.00002221,0.00000250,0.00002343,0.00000229,-0.00000251,0.00000406,0.
00000096,0.00002461,0.00000749,0.00001073,-0.00001339,-0.00001820,0.00000802,-0.
00000159,-0.00000136,-0.00000119,0.00000422,-0.00000225,-0.00000397,0.00007531,0
.00012139,-0.00004163,-0.00003372,0.00003323,0.00007665,0.00012771,0.00113240,0.
00090852,0.00025590,-0.00028762,0.00001649,-0.00000571,0.00000244,-0.00005517,0.
00001056,-0.00001322,-0.00003438,0.00000518,0.00001165,-0.00001818,-0.00001700,-
0.00000617,-0.00000362,0.00000223,-0.00002464,0.00000468,-0.00000774,0.00000044,
-0.00000184,0.00021045,-0.00008606,0.00011169,-0.00024053,-0.00047172,-0.0002976
5,0.00000608,-0.00000095,0.00000319,0.00000351,-0.00000180,0.00000095,-0.0000174
2,-0.00000925,0.00003146,0.00000160,0.00000497,-0.00001486,0.00000265,0.00000099
,-0.00000008,-0.00000048,0.00000116,-0.00000045,0.00000080,-0.00000106,-0.000004
51,0.00000138,-0.00000287,0.00000238,-0.00000138,0.00000156,0.00000090,-0.000001
06,-0.00000073,-0.00000301,-0.00000024,-0.00000124,-0.00000058,0.00000110,-0.000
00051,-0.00000328,-0.00000314,-0.00000167,-0.00000283,-0.00000036,0.00000081,0.0
0000470,0.00000485,0.00000165,-0.00000192,-0.00000179,-0.00000141,-0.00000326,0.
00000033,-0.00000100,0.00000034,-0.00000036,0.00000017,0.00000104,-0.00000015,0.
00000078,-0.00000085,0.00000089,-0.00000066,-0.00000066,0.00000056,0.00000065,0.
00000012,-0.00000138,0.00000028,0.00000046,0.00000087,0.00000086,0.00000115,0.00
000123,0.00000048,-0.00000071,0.00000034,0.00000018,-0.00000053,0.00000103,0.000
00047,-0.00000037,0.00003330,-0.00006232,0.00003729,0.00000164,-0.00001138,0.000
00269,-0.00001707,0.00005250,-0.00003248,0.00000216,-0.00000675,0.00001181,-0.00
000720,-0.00000366,0.00000681,-0.00000071,0.00000156,0.00002790,-0.00002610,0.00
000072,0.00000031,-0.00003277,-0.00005848,0.00003583,0.00000451,-0.00000794,-0.0
0004532,-0.01945704,0.02239361,-0.00220909,0.00802745,-0.00966512,-0.04363584,-0
.00061142,0.00000193,0.00107730,0.00013758,-0.00003869,-0.00007892,-0.00755543,0
.00936521,0.05105618,-0.00000544,0.00008306,0.00001059,-0.00008913,-0.00071814,0
.00061475,-0.00001138,-0.00038414,-0.00027953,0.00001643,0.00000837,-0.00001135,
-0.00000520,0.00000690,0.00000302,0.00000663,-0.00000932,0.00000913,0.00001413,0
.00001878,0.00002947,0.00040833,0.00023224,0.00008010,0.00017507,0.00005191,-0.0
0034872,-0.00004848,0.00001742,0.00000023,-0.00022344,0.00005129,-0.00001825,-0.
00003222,-0.00003414,0.00003633,-0.00002666,0.00000097,0.00000288,-0.00003975,-0
.00000275,0.00000466,0.00004320,-0.00000288,-0.00002177,0.00001246,0.00000634,-0
.00000545,0.00000296,0.00000158,-0.00000283,0.00008506,-0.00013364,0.00004244,0.
00007174,0.00003765,0.00013384,-0.00038385,0.00047887,-0.00265052,-0.00028884,0.
00038526,-0.00009653,-0.00000677,-0.00000202,0.00000515,-0.00000588,-0.00002866,
0.00000542,0.00000646,0.00000840,-0.00001637,-0.00001219,0.00000400,0.00001589,0
.00002417,-0.00000840,-0.00001911,0.00001901,0.00000498,-0.00000063,0.00016923,-
0.00001083,-0.00014160,-0.00006577,0.00019552,0.00009706,0.00002370,0.00000144,0
.00000706,-0.00000198,0.00002827,-0.00000290,0.00007600,-0.00002724,-0.00000303,
-0.00003195,0.00001101,-0.00000164,-0.00001319,0.00000008,0.00000292,-0.00000500
,0.00000650,0.00000233,0.00000164,0.00000278,-0.00000684,0.00000488,-0.00000475,
-0.00000159,-0.00000003,-0.00000111,0.00000586,-0.00000571,0.00000466,0.00000022
,-0.00001090,0.00000435,0.00000141,0.00000276,0.00000174,-0.00000357,-0.00000309
,-0.00000153,0.00000267,0.00000341,0.00000239,0.00000328,0.00000320,0.00000023,-
0.00000309,-0.00000440,-0.00000247,-0.00000484,0.00000153,-0.00000189,-0.0000049
8,-0.00000146,0.00000023,0.00000397,-0.00000217,0.00000346,0.00000133,0.00000014
,0.00000104,-0.00000153,0.00000240,-0.00000185,0.00000530,-0.00000190,-0.0000008
3,0.00000442,0.00000185,0.00000040,-0.00000025,-0.00000139,-0.00000060,-0.000001
63,-0.00000232,-0.00000071,0.00000112,0.00000160,0.00000060,0.,0.00000130,0.0001
0060,-0.00002914,0.00001489,0.00000819,0.00000281,-0.00001676,0.00000630,-0.0000
5438,-0.00000253,0.00002443,0.00000326,0.00001252,-0.00000595,0.00001989,-0.0000
0209,-0.00002571,0.00000660,0.00001379,0.00002471,0.00001854,0.00000713,0.000004
07,-0.00007505,-0.00008756,0.00001403,0.00001388,-0.00396015,-0.00543557,-0.0062
0615,-0.08198189,-0.07106269,-0.04852726,0.00050099,0.00020348,0.00085193,-0.000
05060,-0.00012456,0.00003160,0.00766796,0.01688325,0.01053092,0.09272268,-0.0000
2972,0.00007752,0.00001994,0.00024136,0.00008758,0.00044704,-0.00002393,-0.00030
905,-0.00010668,0.00002349,0.00000027,-0.00002156,-0.00000032,0.00000888,0.00000
675,-0.00000823,-0.00000188,0.00000556,0.00000415,0.00000145,0.00002497,0.000614
87,0.00016654,0.00005791,-0.00002517,0.00000885,-0.00014062,-0.00000816,0.000013
34,0.00001534,-0.00039625,0.00007713,-0.00001455,-0.00002762,-0.00000420,0.00003
387,-0.00001306,-0.00000886,0.00000370,-0.00003054,-0.00001028,0.00000351,0.0000
2916,-0.00001001,-0.00001793,0.00000896,0.00000858,-0.00000805,0.00000369,0.0000
0001,-0.00000887,0.00014112,-0.00012562,0.00004883,0.00007890,0.00000420,0.00007
793,0.00013866,0.00047390,0.00087026,-0.00027676,0.00019004,-0.00015187,-0.00002
615,-0.00001436,-0.00001668,0.00000368,-0.00003691,-0.00000496,-0.00001292,0.000
00298,-0.00001087,-0.00001719,-0.00000157,0.00001444,0.00001777,-0.00001055,-0.0
0002357,0.00001862,0.00000033,-0.00000041,-0.00014273,-0.00012516,-0.00023678,-0
.00008960,0.00037119,0.00015605,0.00000750,0.00000108,-0.00000038,-0.00000494,0.
00002502,0.00000062,0.00010949,-0.00000324,-0.00001670,-0.00004250,-0.00000404,0
.00000267,-0.00002085,-0.00000089,0.00000426,-0.00000466,0.00000715,-0.00000958,
0.00000441,-0.00000210,-0.00000692,0.00000416,-0.00000277,0.00000028,0.00000023,
-0.00000176,0.00000162,-0.00000279,-0.00000547,0.00000667,-0.00001609,0.00000357
,0.00000293,-0.00000009,0.00000201,0.00000631,0.00000097,0.00000006,0.00000299,0
.00000121,0.00000191,0.00000175,0.00000364,0.00000134,0.00000018,0.00000238,-0.0
0000119,-0.00001235,0.00000191,-0.00000160,-0.00000345,-0.00000223,0.00000271,0.
00000590,-0.00000275,0.00000541,0.00000104,-0.00000043,0.00000296,-0.00000177,0.
00000247,-0.00000034,0.00000570,-0.00000164,-0.00000046,0.00000463,0.00000063,-0
.00000070,-0.00000332,-0.00000349,-0.00000173,-0.00000371,-0.00000577,-0.0000019
7,0.00000009,0.00000036,0.00000064,0.00000103,-0.00005379,0.00014267,-0.00007167
,0.00000282,-0.00000116,0.00001719,-0.00003214,-0.00002187,-0.00003761,0.0000025
9,0.00002618,-0.00000605,0.00000328,-0.00000504,0.00000308,-0.00000500,-0.000009
76,-0.00000073,0.00001292,0.00001996,0.00001059,0.00001009,0.00003015,-0.0000110
6,-0.00001283,0.00001592,0.00001324,0.00254993,0.00544023,0.00343571,-0.07079213
,-0.17827163,-0.09291113,0.00011369,0.00016074,0.00026150,0.00010632,-0.00000126
,0.00011127,-0.00870253,-0.02416207,-0.01415935,0.08338505,0.20489084,-0.0000082
9,-0.00000857,0.00005354,-0.00059837,-0.00180733,0.00105571,-0.00006117,-0.00042
743,-0.00021244,0.00003892,-0.00002526,0.00000384,0.00000260,0.00000244,0.000009
20,0.00000794,-0.00001629,0.00001790,0.00002632,0.00002782,0.00002156,0.00034395
,0.00025873,-0.00030230,0.00051361,0.00018586,-0.00070900,-0.00000745,0.00001936
,0.00001424,-0.00045237,0.00008367,0.00009797,-0.00001600,0.00002480,0.00006431,
-0.00002572,-0.00000175,0.00000529,-0.00001332,0.00001046,0.00001291,-0.00000262
,-0.00002160,-0.00001399,0.00000658,0.00000806,-0.00001201,0.00000468,-0.0000060
4,-0.00001266,0.00014689,-0.00012475,0.00003792,0.00009023,0.00006204,0.00009889
,-0.00194249,0.00133048,-0.00716004,-0.00051430,0.00086119,-0.00023357,-0.000003
37,0.00000049,-0.00003694,-0.00000102,-0.00003845,-0.00001083,0.00000069,0.00000
691,-0.00002912,-0.00004603,0.00000525,0.00001380,0.00002139,-0.00002876,-0.0000
1582,0.00001303,0.00000300,-0.00000392,0.00018446,0.00018651,0.00045264,0.000118
28,0.00042637,0.00010671,0.00002891,0.00000533,0.00000055,-0.00000328,0.00002915
,-0.00000080,0.00010570,-0.00000971,-0.00000691,-0.00004400,-0.00000101,-0.00000
318,-0.00002108,0.00000158,0.00000314,-0.00000550,0.00000811,-0.00000728,0.00000
375,-0.00000060,-0.00001027,0.00000607,-0.00000732,-0.00000085,0.00000169,-0.000
00369,0.00000475,-0.00000603,-0.00000325,0.00000529,-0.00001826,0.00000279,0.000
00473,0.00000196,0.00000248,0.00000126,-0.00000500,-0.00000240,-0.00000033,0.000
00372,0.00000328,0.00000764,0.00000982,0.00000245,-0.00000383,-0.00000128,-0.000
00300,-0.00001561,0.00000208,-0.00000120,-0.00000346,-0.00000171,0.00000173,0.00
000582,-0.00000313,0.00000563,0.00000083,0.00000005,0.00000248,-0.00000322,0.000
00301,-0.00000040,0.00000515,-0.00000365,-0.00000162,0.00000438,0.00000252,0.000
00040,-0.00000046,-0.00000148,-0.00000120,-0.00000406,-0.00000440,-0.00000171,-0
.00000020,0.00000147,0.00000095,0.00000062,0.00000669,0.00016000,-0.00007645,0.0
0000587,0.00000460,0.00002868,-0.00004107,-0.00003046,-0.00003418,-0.00000456,0.
00003967,-0.00000081,0.00001951,-0.00000892,0.00001756,-0.00001128,-0.00004435,0
.00000998,0.00001865,0.00003283,0.00000647,-0.00004624,-0.00000124,-0.00008384,-
0.00006217,0.00000109,0.00002417,-0.01283321,-0.01987200,-0.02003165,-0.04859526
,-0.09301750,-0.10554588,-0.00110623,-0.00078555,0.00032642,-0.00002650,-0.00008
575,0.00014716,-0.00059977,-0.00450041,-0.00123254,0.05864826,0.10748003,0.12498
250,0.00004751,0.00004801,-0.00001356,-0.00033906,0.00014191,0.00025399,0.000169
91,-0.00018106,0.00087312,-0.00002590,-0.00003056,0.00000334,-0.00000105,0.00000
186,-0.00000014,0.00000271,0.00000571,0.00000030,-0.00000418,-0.00000629,-0.0000
0277,0.00005884,-0.00074931,0.00005598,0.00012121,0.00001886,-0.00007134,0.00005
348,0.00000470,-0.00000306,-0.00002394,0.00005736,0.00000451,0.00006184,0.000094
88,0.00000774,0.00002459,-0.00003148,0.00001021,0.00003738,0.00000443,-0.0000156
5,-0.00006715,-0.00005343,0.00003004,-0.00000363,-0.00000980,-0.00000337,-0.0000
0138,-0.00000358,-0.00000293,-0.00000092,0.00011450,-0.00003804,-0.00001970,-0.0
0005131,-0.00010914,-0.00007684,0.00008415,-0.00037361,0.00015647,-0.00004833,-0
.00017398,-0.00000214,-0.00000382,-0.00001812,0.00006906,0.00000899,-0.00000348,
-0.00001322,0.00003978,-0.00002550,-0.00002091,-0.00005412,-0.00001241,0.0000127
1,0.00000752,0.00001445,-0.00000753,0.00000279,0.00000054,0.00044679,0.00021386,
-0.00088471,-0.00012222,0.00016311,0.00021003,-0.00001370,-0.00001324,-0.0000066
9,-0.00000559,-0.00000592,0.00000426,-0.00000887,-0.00007625,0.00010433,0.000000
45,0.00005304,-0.00005978,0.00000866,0.00000578,0.00000099,-0.00000053,0.0000007
0,0.00001308,0.00000022,-0.00000059,-0.00000438,0.00000156,-0.00000631,0.0000058
0,-0.00000241,0.00000619,0.00000225,-0.00000503,0.00001276,-0.00000956,-0.000000
62,0.00000264,-0.00001265,-0.00000280,-0.00000214,-0.00000933,-0.00000099,-0.000
00031,-0.00000240,0.00000055,0.00000065,0.00000313,0.00000289,0.00000130,-0.0000
0060,-0.00000731,-0.00000152,0.00000631,0.00000157,-0.00000070,0.00000026,0.0000
0165,-0.00000139,-0.00000104,0.00000039,0.00000030,-0.00000113,0.00000037,0.0000
0014,-0.00000228,-0.00000224,-0.00000010,-0.00000738,0.00000328,-0.00000115,-0.0
0000312,0.00000141,0.00000063,0.00000018,0.00000208,0.00000076,0.00000033,0.0000
0186,0.00000059,0.00000067,0.00000091,0.00000003,0.00000035,0.00006232,-0.000021
88,0.00004092,-0.00001111,-0.00001884,0.00000471,-0.00002575,-0.00001751,-0.0000
0592,-0.00000125,-0.00000152,-0.00000223,-0.00000561,0.00000170,-0.00000137,-0.0
0000268,0.00000249,-0.00000251,-0.00001626,0.00001348,-0.00000664,-0.00002588,-0
.00001317,0.00004131,0.00004285,-0.00000743,-0.00001200,0.00423125,0.00097533,-0
.00044715,-0.21050700,-0.06103376,0.09023697,0.00035532,-0.00049293,-0.00066185,
0.00017848,0.00012044,0.00003060,-0.02250847,-0.00441095,0.01064633,-0.01439463,
-0.00707745,0.00545846,0.24129834,-0.00020409,0.00002193,0.00003537,-0.00023486,
-0.00004458,0.00007929,0.00024367,-0.00007191,0.00048887,-0.00000524,-0.00002264
,-0.00000025,-0.00000265,-0.00000568,-0.00000479,-0.00000234,-0.00000391,-0.0000
0657,0.00000527,-0.00000566,-0.00001706,-0.00034188,0.00064046,-0.00021907,0.000
13502,-0.00002281,-0.00007732,0.00006686,-0.00006137,0.00005474,0.00006054,-0.00
020013,0.00005495,0.00008319,0.00008335,-0.00008326,0.00005744,-0.00001963,0.000
00502,0.00002398,-0.00000037,-0.00002484,-0.00001629,0.00007316,-0.00000856,-0.0
0001347,0.00000373,0.00000615,-0.00001477,0.00000399,0.00000130,0.00001141,0.000
11557,0.00001677,-0.00011093,-0.00010785,-0.00015217,-0.00030947,0.00033157,-0.0
0075570,0.00015475,-0.00004369,-0.00012439,0.00001882,-0.00001958,-0.00003431,0.
00003704,0.00000293,-0.00001936,-0.00001879,0.00000755,0.00001078,-0.00002631,-0
.00001100,-0.00001807,0.00001140,0.00000293,0.00001580,-0.00001137,0.00000357,-0
.00000268,0.00000830,0.00003216,-0.00049394,0.00021616,-0.00005039,-0.00011160,-
0.00000842,-0.00000335,-0.00000906,0.00000265,-0.00000814,0.00000300,0.00002093,
0.00002746,0.00001910,-0.00001191,-0.00001797,-0.00001015,-0.00000422,-0.0000023
6,0.00000041,-0.00000045,-0.00000302,-0.00000218,0.00000057,-0.00000256,0.000000
09,-0.00000086,-0.00000023,0.00000193,0.00000005,-0.00000017,-0.00000014,0.00000
015,-0.00000395,-0.00000081,-0.00000354,-0.00000494,-0.00000131,0.00000117,-0.00
000179,-0.00000385,0.00000007,-0.00000010,0.00000090,-0.00000189,-0.00000124,-0.
00000003,-0.00000136,-0.00000050,0.00000040,-0.00000431,-0.00000271,-0.00000082,
0.00000058,0.00000240,0.00000119,0.00000078,0.00000088,0.00000022,-0.00000063,0.
00000136,0.00000012,-0.00000072,0.00000155,-0.00000151,0.00000105,-0.00000030,-0
.00000240,0.00000367,0.00000266,0.00000332,0.00000017,-0.00000067,-0.00000283,-0
.00000171,-0.00000156,-0.00000138,-0.00000246,-0.00000120,0.00000024,0.00000049,
0.00000064,0.00000175,0.00002332,-0.00003962,0.00003105,-0.00001401,-0.00000162,
0.00000042,-0.00000024,-0.00002316,0.00007244,-0.00000300,0.00000630,-0.00000822
,0.00000154,0.00000483,-0.00001177,-0.00000866,0.00000338,-0.00001081,-0.0000208
8,0.00002003,-0.00003551,-0.00004384,-0.00000574,0.00002581,0.00005350,-0.000073
93,-0.00001674,-0.00824844,-0.00334020,0.00693316,-0.06125862,-0.06777137,0.0321
5224,0.00015129,-0.00008239,0.00215801,-0.00027106,0.00001024,0.00028310,0.02195
718,0.00635578,-0.01093881,-0.02406176,-0.01023600,0.00971953,0.07202885,0.07539
551,0.00043304,-0.00022693,0.00002789,0.00056550,0.00007936,-0.00043430,-0.00048
968,0.00075703,-0.00078505,0.00001874,-0.00002354,0.00002493,0.00001838,-0.00001
513,0.00000473,0.00000193,0.00000264,0.00001333,-0.00001096,0.00000313,-0.000044
77,-0.00132442,-0.00108983,-0.00053515,-0.00035289,0.00000911,0.00039820,-0.0000
0245,0.00003241,-0.00006392,0.00070307,-0.00005833,0.00014096,-0.00010203,-0.000
06232,0.00002784,-0.00003435,0.00003068,-0.00002649,0.00005140,-0.00001908,0.000
03572,-0.00007452,-0.00001849,0.00008960,0.00000976,-0.00000674,-0.00001264,0.00
002746,-0.00001759,0.00000343,-0.00020496,0.00028384,-0.00017677,0.00001677,0.00
011386,0.00001972,0.00106618,0.00032329,0.00027255,-0.00020180,-0.00006012,0.000
29742,-0.00000395,0.00007779,0.00003529,-0.00006347,0.00002375,0.00000148,0.0000
5337,-0.00003380,-0.00001705,0.00003959,-0.00000580,0.00001043,-0.00005131,0.000
01818,0.00003095,-0.00004499,-0.00000327,0.00000120,0.00004078,0.00033789,0.0008
8708,0.00014539,-0.00015879,-0.00021084,0.00000126,0.00000937,0.00000702,0.00000
356,-0.00002794,0.00000223,-0.00013365,0.00000112,0.00001622,0.00006510,0.000003
65,0.00000435,0.00002636,0.00000192,-0.00000226,0.00000622,-0.00000452,0.0000015
7,-0.00000345,0.00000119,0.00000191,0.00000055,-0.00000094,-0.00000210,-0.000002
41,0.00000225,-0.00000179,0.00000544,0.00000161,-0.00000372,0.00002237,-0.000001
60,0.00000076,-0.00000014,-0.00000040,-0.00000309,-0.00000176,-0.00000138,-0.000
00770,0.00000156,0.00000115,0.00000271,0.00000461,0.00000204,-0.00000129,0.00000
156,0.00000172,0.00000722,-0.00000119,0.00000090,0.00000239,0.00000234,-0.000003
82,-0.00000507,0.00000357,-0.00000587,-0.00000228,0.00000234,-0.00000610,0.00000
260,-0.00000484,0.00000252,-0.00000035,-0.00000638,-0.00000266,-0.00000878,0.000
00021,0.00000161,0.00000557,0.00000566,0.00000289,0.00000285,0.00000663,0.000002
71,-0.00000028,0.00000077,-0.00000022,-0.00000316,0.00001412,-0.00015537,0.00002
034,0.00000936,-0.00001961,-0.00000072,0.00002250,-0.00000286,-0.00000762,0.0000
0681,-0.00003564,0.00001523,-0.00000870,-0.00000324,-0.00000244,0.00001566,0.000
00755,0.00001928,0.00002492,-0.00005737,0.00001910,0.00002496,-0.00000689,-0.000
02782,-0.00002357,0.00005116,0.00002059,0.02278567,0.00994021,-0.01815833,0.0901
9397,0.03206808,-0.09060137,-0.00125542,0.00228665,-0.00517357,0.00104809,0.0003
3466,-0.00089810,0.00434520,0.00001961,-0.00076047,-0.01310028,-0.00548289,0.007
26335,-0.10466416,-0.03979779,0.10783256,0.00084038,-0.00016173,-0.00093692,-0.0
0055380,0.00059948,0.00080724,-0.00106787,0.00141546,0.00035407,-0.00004867,-0.0
0009785,0.00001393,0.00005132,0.00006148,0.00007020,-0.00005010,0.00004062,-0.00
001457,0.00000331,-0.00004729,0.00002723,-0.00011550,-0.00020491,-0.00006153,0.0
0032373,-0.00006082,-0.00006647,-0.00005795,-0.00000644,-0.00006242,0.00035978,0
.00004463,-0.00002790,-0.00026392,-0.00011213,-0.00003606,-0.00007246,-0.0000325
7,-0.00008840,-0.00003598,-0.00008466,-0.00007262,-0.00003036,-0.00002256,-0.000
00365,0.00006101,-0.00000830,-0.00003785,0.00005953,-0.00001989,-0.00006118,-0.0
0048340,0.00012368,-0.00021194,-0.00088705,0.00032150,0.00101156,0.00546404,-0.0
0856136,-0.00101729,0.00024980,-0.00097652,-0.00050737,-0.00042841,-0.00024006,-
0.00002287,-0.00036997,0.00000233,0.00010883,0.00015536,-0.00002720,0.00006717,0
.00014016,0.00004944,0.00015638,0.00007116,0.00005691,-0.00008246,0.00003743,0.0
0006909,0.00009215,0.00120432,-0.00316584,-0.00033547,-0.00101003,-0.00140407,-0
.00095323,-0.00011508,-0.00007642,0.00000005,0.00000208,0.00000356,0.00000682,0.
00027186,0.00011234,-0.00003312,-0.00000662,-0.00003800,0.00001715,-0.00002576,0
.00000776,0.00000646,0.00000403,0.00000297,-0.00000491,0.00000557,-0.00000262,-0
.00000353,0.00000536,-0.00000671,-0.00000720,0.00000789,-0.00001267,0.00000053,0
.00000556,-0.00000035,0.00001846,-0.00001169,-0.00000711,-0.00001645,-0.00001489
,-0.00000453,0.00002108,0.00000896,0.00000292,0.00001003,0.00001201,0.00000527,-
0.00000058,0.00000791,0.00000391,0.00000527,0.00000447,-0.00000208,-0.00000232,0
.00000279,0.00000230,0.00000308,0.00000373,-0.00000223,-0.00000226,0.00000375,-0
.00000367,0.00000033,0.00000274,0.00000067,0.00000188,0.00000582,0.00000444,-0.0
0000589,0.00001297,0.00000547,-0.00000378,-0.00000161,-0.00000058,-0.00000583,-0
.00000075,0.00000049,-0.00000055,-0.00000039,0.00000068,0.00000163,-0.00000288,-
0.00000009,0.00000222,-0.00024306,0.00027563,-0.00027906,-0.00001225,0.00000552,
0.00006086,-0.00034797,0.00097142,-0.00038273,0.00002637,-0.00003426,0.00001035,
-0.00004085,0.00000897,-0.00001452,0.00006157,0.00001910,0.00002054,-0.00013710,
-0.00000829,0.00006048,-0.00009973,0.00076600,-0.00017667,-0.00018966,0.00032557
,0.00003014,-0.10607092,0.08510227,0.00915297,-0.00582818,0.00866208,-0.00216472
,-0.01817479,0.01602825,0.00716727,0.00079555,0.00145464,-0.00092941,0.00028456,
0.00075246,-0.00195959,-0.00005723,0.00002667,0.00013145,0.00042106,-0.00048354,
0.00033436,0.13035628,0.00096803,0.00012998,0.00027797,0.00282383,-0.00193027,0.
00079533,-0.00545698,-0.00042557,-0.00276990,-0.00014064,0.00012860,-0.00002170,
0.00002400,-0.00006103,-0.00001523,0.00001354,-0.00003132,0.00004276,-0.00000587
,0.00000979,-0.00001157,0.00003873,-0.00204546,0.00004468,-0.00043821,0.00048198
,0.00005241,-0.00008376,0.00004265,-0.00017259,0.00000521,0.00058606,-0.00016483
,-0.00000969,-0.00007215,0.00004212,0.00007044,0.00002252,-0.00000589,0.00011717
,0.00000534,0.00002958,-0.00002265,-0.00007830,0.00001731,0.00001052,-0.00002140
,0.00000173,0.00003897,-0.00002270,0.00004160,-0.00026835,-0.00036070,0.00008776
,0.00010855,-0.00005840,-0.00019784,0.01115210,-0.02267505,-0.00526998,-0.001324
38,0.00174337,0.00049476,0.00020778,0.00025788,0.00024865,0.00012032,0.00012069,
0.00009818,0.00004938,0.00003019,0.00001058,0.00009620,-0.00001967,-0.00004244,-
0.00007902,0.00007214,0.00007924,-0.00000491,-0.00002006,-0.00003937,0.00182907,
0.00182074,0.00118800,-0.00212254,-0.00372165,-0.00237326,0.00004933,-0.00001600
,0.00003729,0.00002125,-0.00009402,0.00000179,-0.00039634,-0.00016484,0.00008965
,0.00010235,0.00011693,-0.00003501,0.00008027,0.00001824,-0.00000797,0.00001154,
-0.00001142,0.00001085,-0.00000936,0.00000262,0.00000946,-0.00000559,0.00000695,
0.00000700,-0.00000955,0.00001615,-0.00000477,0.00001194,0.00000671,-0.00002419,
0.00004606,0.00000635,-0.00000268,0.00001980,0.00000977,-0.00002194,-0.00000223,
0.00000032,-0.00001500,-0.00000764,-0.00000438,-0.00000091,-0.00000520,-0.000001
99,-0.00000310,0.00000277,0.00000902,0.00002332,-0.00000549,0.00000409,-0.000007
98,0.00000109,-0.00000446,-0.00001280,0.00000577,-0.00001181,-0.00000465,0.00000
363,-0.00001464,0.00000874,-0.00000995,0.00000017,0.00001458,-0.00001843,-0.0000
1271,-0.00000472,0.00000213,0.00000204,0.00002033,0.00001277,0.00000448,0.000009
46,0.00001633,0.00000389,-0.00000312,0.00000354,-0.00000338,-0.00001190,-0.00035
254,-0.00013912,-0.00009283,-0.00002409,0.00004876,-0.00015061,0.00074688,-0.000
95430,0.00025998,0.00000821,-0.00008702,0.00002677,0.00002244,-0.00002611,0.0000
3030,-0.00001798,0.00002162,-0.00003218,0.00011992,-0.00022520,0.00007503,0.0010
5600,-0.00104625,0.00062177,0.00017790,0.00002520,0.00012436,0.08772092,-0.14823
332,-0.01274700,0.00824582,-0.00929473,0.00189711,-0.00192368,0.00351686,0.00045
989,-0.00183251,0.00084144,0.00150815,0.00061852,-0.00043715,0.00265576,-0.00033
465,0.00073589,-0.00045749,-0.00019555,-0.00020428,0.00003838,-0.09956023,0.1810
4175,0.00044159,0.00007729,-0.00000180,0.00117224,-0.00181411,0.00083542,-0.0020
3550,-0.00026184,-0.00045010,-0.00007003,-0.00001971,0.00005770,0.00001750,-0.00
000595,0.00001989,-0.00004333,-0.00001217,-0.00000166,-0.00000595,-0.00001631,0.
00001991,0.00038780,0.00013311,0.00017413,0.00001734,0.00027513,-0.00007936,0.00
000147,-0.00007530,-0.00000926,-0.00017407,0.00020476,-0.00017807,-0.00003933,-0
.00002827,-0.00008435,0.00008032,0.00000819,-0.00007174,0.00002752,-0.00006304,-
0.00004499,-0.00001278,0.00002136,-0.00005575,0.00003176,-0.00000180,-0.00001814
,0.00002857,-0.00001656,-0.00000775,-0.00037887,-0.00031306,0.00011451,-0.000110
88,-0.00008188,0.00001014,0.00731535,-0.01357204,-0.00192321,-0.00040657,0.00072
782,-0.00045594,-0.00002143,0.00005636,0.00010888,-0.00006203,-0.00001233,0.0001
2032,0.00005734,-0.00001259,0.00007940,0.00009235,0.00004656,0.00001333,0.000012
24,0.00008503,0.00003150,0.00002942,0.00003010,0.00002748,0.00091795,0.00085935,
0.00036667,-0.00143971,-0.00212565,-0.00105604,0.00001845,-0.00003283,0.00000493
,0.00003400,-0.00003436,-0.00000897,0.00003741,0.00002380,-0.00001524,0.00001477
,0.00000999,0.00000497,0.00001391,0.00000547,-0.00000393,0.00000529,-0.00000387,
0.00000080,-0.00000237,0.00000164,0.00000439,-0.00000055,0.00000129,-0.00000389,
0.00000237,-0.00000251,0.00000138,0.00000574,0.00000155,0.00000218,0.00000611,0.
00000182,0.00000273,0.00000560,0.00000300,-0.00000119,-0.00000039,0.00000051,-0.
00000055,0.00000046,-0.00000034,0.00000036,0.00000120,-0.00000011,-0.00000009,0.
00000089,0.00000152,0.00000125,0.00000002,0.00000383,-0.00000241,0.00000167,-0.0
0000123,-0.00000418,0.00000144,-0.00000281,0.00000004,-0.00000021,-0.00000099,0.
00000161,0.00000249,-0.00000128,0.00000305,0.00000190,0.00000032,0.00000293,0.00
000024,-0.00000050,0.00000134,0.00000094,-0.00000017,0.00000066,0.00000137,-0.00
000013,-0.00000016,-0.00000005,-0.00000091,-0.00000047,-0.00029482,0.00036934,-0
.00016696,-0.00007064,0.00011162,-0.00005109,-0.00045122,0.00016041,0.00011516,0
.00001330,-0.00000421,-0.00002158,0.00007642,-0.00001577,0.00000847,-0.00000617,
-0.00001185,-0.00017350,0.00014401,-0.00006630,-0.00003892,-0.00016440,0.0009593
9,0.00007362,0.00028760,-0.00016503,0.00006503,0.01005239,-0.01434998,-0.0391013
7,-0.01722935,0.02169357,-0.00303558,0.01061679,-0.00833015,-0.00267009,0.000884
83,-0.00076056,0.00031162,-0.00188622,0.00257089,-0.00488008,-0.00026152,0.00035
338,0.00069755,-0.00024106,0.00021277,0.00063425,-0.01088747,0.01251523,0.053065
84,-0.00011994,0.00005344,0.00005816,0.00005045,0.00004982,0.00028729,-0.0000821
9,-0.00035392,-0.00020188,0.00005649,-0.00002291,-0.00001265,0.00000020,0.000007
57,0.00000584,0.00001455,-0.00000671,0.00001888,0.00001990,0.00002994,0.00003174
,0.00003002,0.00058341,-0.00029415,0.00002992,-0.00004735,0.00002672,-0.00000827
,0.00000690,0.00001014,-0.00048151,-0.00009696,0.00017908,-0.00001994,0.00002094
,0.00004420,-0.00003000,-0.00001142,0.00000274,-0.00001512,0.00000410,0.00000761
,0.00001696,0.00000063,-0.00002830,0.00001144,0.00001150,-0.00000558,0.00000591,
-0.00000014,-0.00000608,0.00018954,-0.00007481,0.00000836,0.00006814,0.00003737,
0.00012337,-0.00309576,0.00027402,0.00194704,-0.00019231,-0.00000721,0.00009293,
-0.00002301,-0.00000171,-0.00005322,0.00000036,-0.00005161,-0.00002154,0.0000106
8,0.00000661,-0.00003112,-0.00005119,0.00000128,0.00001908,0.00003566,-0.0000338
6,-0.00002156,0.00001976,0.00000971,0.00000158,-0.00112434,-0.00142465,-0.000223
50,-0.00004514,0.00003504,0.00003773,0.00002567,0.00000305,0.00000207,-0.0000014
3,0.00003152,0.00000328,0.00016808,0.00001094,-0.00002448,-0.00006751,-0.0000166
6,0.00000552,-0.00003134,-0.00000467,0.00000496,-0.00000945,0.00001063,-0.000002
11,0.00000292,0.00000249,-0.00001316,0.00000770,-0.00001046,-0.00000252,0.000002
20,-0.00000462,0.00000968,-0.00001012,0.00000054,0.00000220,-0.00002448,0.000001
53,0.00000499,0.00000402,0.00000111,-0.00000238,-0.00000540,-0.00000239,0.000004
98,0.00000588,0.00000308,0.00000681,0.00000772,0.00000007,-0.00000495,-0.0000056
3,-0.00000464,-0.00001592,0.00000389,-0.00000081,-0.00000677,-0.00000095,0.00000
168,0.00000732,-0.00000353,0.00000715,0.00000254,0.00000059,0.00000344,-0.000003
64,0.00000501,-0.00000186,0.00000878,-0.00000315,0.00000051,0.00000970,0.0000025
1,0.00000002,-0.00000333,-0.00000475,-0.00000290,-0.00000474,-0.00000713,-0.0000
0290,0.00000168,0.00000282,0.00000148,0.00000175,0.00000428,0.00011029,-0.000022
08,0.00000488,-0.00001268,0.00000656,-0.00003006,-0.00001372,-0.00002114,0.00000
023,0.00003175,0.00000628,0.00000810,-0.00000654,0.00001617,0.00001056,-0.000026
95,0.00003673,0.00000645,0.00002944,-0.00000758,-0.00007704,-0.00004364,-0.00007
488,-0.00002361,-0.00002843,-0.00000332,-0.02349865,-0.00971618,-0.01318845,0.00
098817,0.00030907,-0.00172415,-0.16205069,-0.03639419,-0.10638000,-0.00610304,0.
00066126,-0.00798732,0.00020769,-0.00051195,0.00023115,-0.00001796,0.00035411,0.
00111693,0.00036333,0.00027648,-0.00044968,-0.00110521,-0.00026420,0.00031382,0.
18921310,-0.00004947,0.00006189,0.00000897,0.00040397,-0.00036825,0.00033473,0.0
0006614,-0.00023758,-0.00002977,0.00001378,-0.00001179,-0.00001624,-0.00000490,0
.00000441,0.00000352,-0.00000374,-0.00000909,0.00000294,0.00001245,0.00000661,0.
00001760,0.00009279,0.00031863,-0.00013693,-0.00027033,0.00001415,-0.00007809,-0
.00001317,-0.00000073,0.00000997,-0.00030880,-0.00002649,0.00008411,-0.00000703,
0.00000870,0.00000972,-0.00000386,-0.00000610,-0.00000235,-0.00001184,-0.0000046
7,-0.00000187,0.00000755,-0.00000082,-0.00001709,0.00000389,0.00000300,-0.000001
79,-0.00000178,0.00000005,-0.00000112,0.00005641,-0.00008067,0.00002316,0.000025
47,-0.00000691,0.00003503,-0.00197366,-0.00009094,0.00068475,-0.00012282,0.00020
768,-0.00001424,-0.00000050,-0.00001362,-0.00000770,0.00000656,-0.00001852,0.000
00505,-0.00000528,0.00000424,-0.00000418,-0.00001459,-0.00000153,0.00000876,0.00
001511,0.00000142,-0.00001003,0.00001381,0.00000594,0.00000218,-0.00056003,-0.00
063465,-0.00012447,-0.00001787,0.00012794,-0.00005654,0.00000098,-0.00000263,0.0
0000136,-0.00000117,0.00001181,0.00000348,0.00006150,0.00000309,-0.00000362,-0.0
0002480,-0.00000337,-0.00000090,-0.00001037,0.00000017,0.00000171,-0.00000209,0.
00000226,-0.00000455,0.00000177,-0.00000138,-0.00000177,0.00000093,-0.00000077,0
.00000021,0.00000132,-0.00000165,0.00000065,-0.00000139,-0.00000259,0.00000354,-
0.00000926,0.00000045,0.00000103,0.00000110,0.00000133,0.00000229,0.00000052,0.0
0000006,0.00000085,-0.00000080,-0.00000005,0.00000204,0.00000278,0.00000036,0.00
000077,0.00000005,-0.00000132,-0.00000728,0.00000133,-0.00000055,-0.00000088,-0.
00000077,0.00000126,0.00000300,-0.00000184,0.00000285,0.00000124,-0.00000118,0.0
0000242,-0.00000133,0.00000129,-0.00000093,0.00000141,0.00000067,-0.00000028,0.0
0000285,0.00000049,-0.00000089,-0.00000230,-0.00000216,-0.00000180,-0.00000208,-
0.00000365,-0.00000196,0.00000040,0.00000033,0.00000010,0.00000186,-0.00002975,0
.00007082,-0.00003288,0.00001191,0.00000786,0.00002491,-0.00000097,-0.00002083,-
0.00003176,-0.00000673,0.00003234,-0.00000709,0.00001279,-0.00000254,-0.00000532
,-0.00004337,-0.00002684,-0.00001830,0.00000189,0.00002143,0.00000546,-0.0000181
5,0.00001424,0.00005792,0.00001387,-0.00000217,-0.00000488,-0.00791277,-0.002436
40,-0.00340124,-0.00054063,0.00051694,-0.00029992,-0.03611388,-0.05414501,-0.035
97978,0.01829225,0.00216761,0.01884102,-0.00018360,-0.00069607,0.00017266,-0.000
07355,0.00035957,0.00026683,0.00019575,-0.00005053,-0.00002647,0.00005483,-0.000
30901,-0.00017454,0.04381613,0.06485689,-0.00002927,-0.00002176,0.00004828,0.000
41977,0.00009158,-0.00047497,-0.00002915,-0.00012835,-0.00018956,0.00003158,-0.0
0002180,0.00000776,0.00000412,-0.00000249,0.00000490,0.00000815,-0.00000203,0.00
000858,0.00000296,0.00001586,-0.00000817,0.00020551,0.00023192,-0.00006509,-0.00
035174,-0.00014698,0.00007084,-0.00000853,0.00001835,0.00001477,-0.00006988,-0.0
0001057,0.00000603,-0.00000424,0.00001619,0.00003423,-0.00001963,-0.00000665,0.0
0000269,0.00000563,0.00001278,0.00000981,-0.00000656,-0.00000619,0.00000105,0.00
000102,0.00000469,-0.00000631,0.00000191,-0.00000459,-0.00000732,0.00010884,0.00
004142,-0.00002198,0.00004488,0.00003662,0.00002428,0.00123555,0.00051126,-0.000
36399,-0.00026814,-0.00009455,0.00021447,0.00000460,0.00001784,-0.00003776,0.000
00054,-0.00002444,-0.00001611,0.00001664,0.00000516,-0.00003057,-0.00004684,0.00
000117,0.00001155,0.00001715,-0.00003028,-0.00000134,-0.00000373,0.00000416,0.00
000083,0.00039500,0.00042304,0.00022378,0.00001847,0.00009234,-0.00007108,0.0000
0662,0.00000576,-0.00000312,-0.00000905,0.00001895,0.00000214,0.00007023,0.00001
487,-0.00001486,-0.00002890,-0.00001575,0.00000502,-0.00001509,-0.00000191,0.000
00223,-0.00000430,0.00000584,-0.00000554,0.00000264,-0.00000072,-0.00000791,0.00
000403,-0.00000580,-0.00000054,0.00000169,-0.00000273,0.00000348,-0.00000440,-0.
00000407,0.00000191,-0.00001381,-0.00000036,0.00000616,0.00000397,0.00000159,0.0
0000078,-0.00000461,-0.00000194,-0.00000098,0.00000222,0.00000190,0.00000722,0.0
0000796,0.00000142,-0.00000253,-0.00000120,-0.00000193,-0.00001385,0.00000207,-0
.00000072,-0.00000190,-0.00000092,0.00000180,0.00000554,-0.00000224,0.00000488,0
.00000152,0.00000040,0.00000218,-0.00000200,0.00000207,0.00000034,0.00000444,-0.
00000430,-0.00000029,0.00000326,0.00000119,0.00000066,-0.00000020,-0.00000275,-0
.00000134,-0.00000287,-0.00000498,-0.00000173,0.00000068,0.00000101,0.00000103,0
.00000201,-0.00000245,0.00003997,-0.00001144,0.00001312,-0.00002419,-0.00001349,
0.00002469,-0.00004730,-0.00000017,-0.00000127,0.00000600,0.00000752,-0.00000970
,0.00000040,0.00000506,0.00004740,-0.00001251,0.00003497,0.00001055,0.00000641,-
0.00000273,-0.00003536,-0.00002363,-0.00009368,-0.00002385,0.00000752,0.00002582
,0.00893366,0.00332855,0.00685028,0.00193692,0.00107089,0.00061753,-0.10693410,-
0.03581729,-0.13869678,-0.01520089,0.00019928,-0.01537999,0.00012016,0.00009437,
0.00015794,0.00061596,-0.00007552,-0.00033533,0.00017081,0.00006548,-0.00018252,
0.00053990,-0.00013368,-0.00046946,0.12325734,0.03530407,0.16507909,-0.00001575,
-0.00004895,-0.00001476,-0.00396541,0.00117065,0.00099627,-0.00030880,0.00038646
,0.00028966,0.00001010,-0.00000322,-0.00000245,0.00000787,-0.00000783,-0.0000008
6,-0.00000959,0.00001622,0.00000371,-0.00002778,-0.00000926,0.00000286,-0.000150
67,-0.00001040,0.00013094,0.00185014,-0.00046979,-0.00065633,0.00007298,-0.00001
564,-0.00001941,0.00031055,-0.00004863,-0.00005045,0.00002155,0.00001053,-0.0000
3334,0.00003367,0.00001074,0.00000303,0.00004692,0.00000473,0.00001045,0.0000039
5,0.00001727,0.00000620,0.00000368,0.00000035,0.00000039,0.00000871,0.00000091,0
.00000074,-0.00000011,0.00009469,-0.00000871,-0.00005251,-0.00005176,-0.00009887
,0.00037802,0.00125307,0.00029589,0.00085273,-0.00073878,-0.00012967,-0.00002416
,0.00001155,-0.00002990,0.00000154,-0.00000624,-0.00003173,-0.00000097,0.0000058
8,-0.00000994,0.00000842,-0.00001127,-0.00001275,-0.00001099,-0.00002668,0.00000
670,-0.00001157,0.00000142,-0.00000286,0.00036044,0.00004598,-0.00026937,-0.0000
5685,-0.00056519,0.00030022,-0.00000167,0.00000422,0.00000130,0.00001255,-0.0000
1700,0.00000365,-0.00003914,-0.00000834,0.00003440,0.00001135,0.00000127,-0.0000
1650,0.00000628,-0.00000035,-0.00000132,-0.00000005,-0.00000136,0.00000480,-0.00
000180,0.00000104,-0.00000278,0.00000267,-0.00000338,0.00000014,-0.00000295,0.00
000153,0.00000172,-0.00000046,0.00000400,-0.00000533,0.00000627,-0.00000193,-0.0
0000257,-0.00000007,-0.00000221,-0.00000531,-0.00000129,-0.00000200,-0.00000119,
0.00000107,0.00000108,0.00000235,0.00000325,0.00000117,-0.00000260,-0.00000232,-
0.00000238,0.00000101,0.00000045,0.00000089,-0.00000142,0.00000162,-0.00000176,-
0.00000176,0.00000153,-0.00000124,-0.00000107,0.00000179,-0.00000244,0.00000021,
0.00000011,0.00000013,0.00000194,-0.00000354,0.00000070,0.00000160,0.00000073,0.
00000079,0.00000043,0.00000205,0.00000070,-0.00000060,0.00000171,0.00000066,-0.0
0000023,0.00000274,0.00000089,-0.00000134,-0.00001387,-0.00008857,0.00005886,-0.
00002594,-0.00001007,0.00000817,-0.00003494,0.00006688,0.00000949,0.00001961,-0.
00002620,0.00000374,-0.00000938,-0.00000262,-0.00000761,0.00000010,0.00004607,0.
00001381,-0.00000532,-0.00002489,-0.00001178,-0.00001702,-0.00004209,0.00006257,
0.00005330,-0.00003264,-0.00005293,-0.01307043,0.01631219,0.01666903,-0.00086497
,-0.00004764,0.00054892,-0.06445741,0.05271346,0.03981793,-0.00135396,0.00655717
,0.00360684,0.00017657,-0.00005628,-0.00015641,-0.00010951,-0.00004326,-0.000006
97,0.00020098,-0.00014587,0.00034917,-0.00382551,-0.00020291,0.00279259,0.005730
40,-0.01719612,-0.01485488,0.07783025,-0.00011300,0.00005164,-0.00000975,0.00048
044,0.00026310,-0.00019241,0.00039743,-0.00023968,-0.00013412,-0.00001709,0.0000
0039,0.00000667,-0.00000539,0.00000131,-0.00000146,0.00000606,-0.00001110,-0.000
00509,0.00000660,0.00001189,-0.00000047,0.00005307,0.00008547,0.00000462,-0.0007
5314,-0.00035992,0.00029703,-0.00003091,-0.00000371,0.00002025,-0.00010104,-0.00
002647,0.00001382,-0.00002041,-0.00000476,-0.00001029,-0.00000397,-0.00000762,0.
00000166,-0.00003187,-0.00001227,-0.00001293,0.00000278,0.00000105,-0.00000518,-
0.00000474,-0.00000121,0.00000336,-0.00000787,0.00000094,0.00000351,0.00001222,-
0.00002360,-0.00000109,-0.00000378,0.00003031,0.00011722,-0.00120907,0.00093303,
0.00046100,0.00002942,-0.00004235,0.00002408,-0.00000901,-0.00002847,0.00000553,
0.00001721,0.00000311,0.00001674,-0.00000234,0.00000293,0.00001004,0.00000465,0.
00000017,0.00000964,0.00002050,0.00001818,-0.00000924,0.00000273,-0.00000003,0.0
0000514,-0.00017165,-0.00013450,-0.00005947,-0.00016429,0.00003276,0.00034400,0.
00000794,-0.00000523,0.00000223,-0.00000716,0.00000771,-0.00000260,-0.00000837,-
0.00001821,0.00000187,0.00000475,0.00001643,-0.00000259,0.00000414,0.00000480,0.
00000147,0.00000040,0.00000061,0.00000109,0.00000115,-0.00000135,0.00000155,-0.0
0000260,0.00000210,0.00000167,0.00000118,0.00000192,-0.00000252,0.00000128,0.000
00165,-0.00000251,0.00000052,0.00000213,-0.00000185,0.00000327,0.00000157,-0.000
00205,0.00000157,0.00000098,-0.00000349,-0.00000330,-0.00000182,-0.00000048,-0.0
0000083,-0.00000022,0.00000176,-0.00000263,0.00000046,0.00000205,-0.00000071,-0.
00000038,0.00000176,-0.00000075,0.00000021,-0.00000087,-0.00000048,-0.00000103,-
0.00000055,-0.00000106,-0.00000027,0.00000033,-0.00000120,-0.00000016,-0.0000023
5,0.00000260,-0.00000028,-0.00000209,-0.00000034,-0.00000022,0.00000178,0.000000
71,0.00000007,0.00000124,0.00000014,-0.00000027,0.00000014,-0.00000175,-0.000000
62,0.00000228,0.00007030,0.00002049,0.00001519,0.00002627,0.00000099,-0.00001268
,-0.00000095,0.00000766,-0.00002378,-0.00002776,0.00002397,-0.00000357,0.0000129
3,0.00000766,0.00001105,0.00000363,-0.00004479,-0.00002378,-0.00002721,0.0000458
6,-0.00000520,-0.00010385,-0.00002717,-0.00002507,-0.00001212,-0.00000759,0.0000
1897,-0.00087737,0.00494508,0.00250080,-0.00033249,-0.00015050,0.00013902,0.0527
7999,-0.17356347,-0.10458249,0.00851831,-0.02502967,-0.01145413,0.00002748,0.000
12290,-0.00008709,0.00002101,-0.00004703,0.00010483,-0.00001544,-0.00010240,0.00
013768,-0.00092138,0.00003638,0.00032589,0.00102844,-0.00730997,-0.00814027,-0.0
5982528,0.20443820,-0.00003312,-0.00001274,-0.00003967,-0.00122102,0.00029873,0.
00120866,0.00021129,-0.00005280,0.00008282,-0.00003376,0.00001380,0.00001301,0.0
0000110,-0.00000663,-0.00000093,-0.00000632,0.00000225,-0.00000474,-0.00000357,-
0.00000556,0.00000416,0.00002902,-0.00020091,0.00000730,0.00041829,0.00012860,-0
.00047916,-0.00001060,0.00000888,-0.00000260,-0.00010587,0.00001490,0.00002485,0
.00001343,0.00000063,0.00000750,0.00001304,0.00000394,0.00001223,-0.00000011,0.0
0001127,0.00000252,-0.00000491,-0.00001346,0.00000141,-0.00000601,-0.00000545,0.
,-0.00000558,-0.00000030,-0.00000122,-0.00001398,-0.00001709,0.00001892,0.000016
32,-0.00000063,-0.00000497,-0.00096382,-0.00065254,0.00017624,0.00037084,-0.0003
2870,-0.00023569,0.00001781,-0.00000503,-0.00000130,0.00001186,0.00001329,0.0000
0340,-0.00000878,0.00001286,0.00000125,0.00000556,-0.00000027,-0.00000371,-0.000
00810,-0.00000419,0.00000558,0.00000037,-0.00000099,-0.00000234,-0.00033479,-0.0
0001945,-0.00004438,0.00017808,0.00054760,0.00002665,-0.00000249,0.00000399,0.00
000018,-0.00000180,-0.00000251,-0.00000490,-0.00005442,-0.00002876,0.00002523,0.
00001864,0.00002390,-0.00001426,0.00001200,0.00000509,-0.00000070,0.00000106,0.0
0000030,0.00000239,0.00000030,-0.00000128,-0.00000132,-0.00000214,0.00000019,0.0
0000242,-0.00000086,0.00000387,-0.00000227,0.00000123,0.00000273,-0.00000483,0.0
0000576,0.00000171,-0.00000166,0.00000155,0.00000065,-0.00000463,-0.00000162,-0.
00000017,-0.00000554,-0.00000193,-0.00000072,0.00000280,0.00000263,0.00000095,-0
.00000087,-0.00000242,0.00000077,0.00000140,-0.00000099,-0.00000095,0.00000192,-
0.00000050,-0.00000021,-0.00000185,0.00000081,-0.00000209,-0.00000209,0.00000039
,-0.00000190,0.00000086,-0.00000165,0.00000081,-0.00000273,-0.00000116,-0.000001
56,-0.00000282,-0.00000015,0.00000061,0.00000429,0.00000324,0.00000150,0.0000019
2,0.00000299,0.00000104,-0.00000093,-0.00000044,-0.00000034,-0.00000036,0.000030
45,-0.00000851,0.00000125,0.00000127,0.00000167,-0.00001375,-0.00003057,0.000009
17,0.00002022,0.00000386,-0.00001830,0.00000169,-0.00000635,0.00000119,0.0000056
5,0.00001211,0.00001685,0.00001349,0.00000257,-0.00000680,0.00000740,0.00009256,
0.00002353,-0.00006507,-0.00004469,0.00002287,0.00001980,0.01005641,-0.01032060,
-0.01015624,0.00099947,0.00012430,-0.00066558,0.04095910,-0.10654355,-0.12538867
,-0.00449933,0.01287741,0.00867930,-0.00012141,0.00025658,-0.00022252,0.00001978
,0.00009546,0.00024430,-0.00022243,0.00032952,-0.00011821,0.00120881,0.00063073,
-0.00130959,0.00368970,-0.01929478,-0.01590461,-0.04915352,0.11774908,0.14361140
,-0.00029486,0.00007012,0.00010158,-0.00060027,0.00036281,0.00052917,0.00041070,
-0.00002451,-0.00001463,0.00003430,-0.00004450,-0.00003639,0.00000493,-0.0000007
4,0.00000695,0.00000391,-0.00000451,0.00002888,0.00000033,0.00002106,0.00001205,
0.00021637,0.00038651,-0.00009508,0.00031344,-0.00003152,-0.00034626,0.00002751,
-0.00000532,0.00001335,-0.00022222,-0.00007136,0.00005059,0.00003156,0.00003910,
-0.00000011,-0.00000011,-0.00002252,-0.00000841,0.00002230,0.00002004,-0.0000134
8,0.00000117,0.00000037,-0.00001544,0.00000268,0.00000538,-0.00000511,0.00000121
,-0.00000235,-0.00000716,0.00021731,0.00003989,-0.00002266,-0.00000465,0.0000083
0,-0.00000024,0.00011403,0.00012932,-0.00011032,0.00009745,-0.00037282,-0.000145
29,-0.00001989,-0.00000209,-0.00007939,0.00002907,-0.00004819,-0.00002260,0.0000
1284,0.00002443,-0.00002978,-0.00004807,-0.00000355,0.00000451,0.00004850,-0.000
03290,-0.00000574,0.00000857,0.00001233,0.00000399,-0.00002367,-0.00009262,-0.00
007490,-0.00001128,-0.00004892,0.00000711,-0.00000714,-0.00001288,-0.00000059,-0
.00000440,0.00001606,0.00001249,0.00012219,0.00000601,0.00001923,-0.00004932,-0.
00001089,-0.00001368,-0.00002027,-0.00000490,0.00000137,-0.00000727,0.00000578,0
.00000132,0.00000025,0.00000180,-0.00001071,0.00000561,-0.00000895,0.00000057,-0
.00000072,-0.00000254,0.00000834,-0.00000904,0.00000123,-0.00000180,-0.00001751,
-0.00000022,0.00000196,0.00000228,-0.00000065,-0.00000603,-0.00000666,-0.0000025
7,0.00000455,0.00000217,0.00000240,0.00000560,0.00000423,0.00000013,-0.00000564,
-0.00000693,-0.00000500,-0.00001254,0.00000318,-0.00000038,-0.00000598,-0.000000
52,0.00000075,0.00000481,-0.00000315,0.00000573,0.00000175,-0.00000041,0.0000029
3,-0.00000342,0.00000400,-0.00000210,0.00000678,-0.00000181,0.00000188,0.0000111
6,0.00000104,0.00000007,-0.00000375,-0.00000466,-0.00000220,-0.00000468,-0.00000
617,-0.00000217,0.00000027,0.00000323,0.00000159,0.00000068,0.00001090,0.0000374
7,-0.00004956,-0.00002241,-0.00002661,0.00002508,0.00008501,0.00000182,0.0000057
0,-0.00001488,0.00003322,0.00002298,-0.00001115,0.00000293,0.00000121,-0.0000008
1,-0.00006089,0.00014669,-0.00007721,0.00002357,0.00000196,-0.00003712,-0.000214
07,0.00003459,0.00002350,-0.00001058,-0.00006610,0.00047748,0.00041385,0.0001053
3,0.00008214,-0.00014054,-0.00012525,0.00307937,-0.00007990,-0.00105712,-0.20474
491,-0.04284893,0.10432416,0.00004742,-0.00008645,0.00006987,-0.00001770,0.00001
774,-0.00000868,0.00004687,0.00002827,-0.00004584,0.00035912,-0.00029763,-0.0002
1589,0.00048599,0.00021835,0.00000215,0.00034070,-0.00017907,-0.00028549,0.23532
518,-0.00003143,0.00005728,0.00000023,-0.00036120,0.00006384,0.00060174,0.000023
61,-0.00025384,0.00005089,0.00002679,0.00000057,0.00000076,-0.00000334,0.0000028
1,0.00000094,-0.00000068,-0.00000208,0.00000330,0.00000267,0.00000859,0.00001752
,0.00018643,0.00024311,-0.00003745,0.00035905,0.00006984,-0.00031538,-0.00000401
,0.00000251,0.00001649,-0.00016618,-0.00000528,0.00001714,0.00000825,0.00000232,
0.00001146,0.00000282,-0.00000054,-0.00000056,-0.00001301,-0.00000583,0.00000144
,0.00001435,0.00000484,-0.00000751,0.00000681,0.00000475,-0.00000278,-0.00000123
,0.00000142,-0.00000258,0.00006109,-0.00003296,0.00001897,0.00002892,-0.00001426
,0.00000226,-0.00018497,0.00011368,0.00004388,0.00007604,-0.00008177,-0.00012472
,-0.00000508,-0.00000677,-0.00001251,0.00000950,-0.00002429,-0.00001009,-0.00001
290,0.00000169,-0.00000718,-0.00001465,-0.00000420,0.00000524,0.00001002,-0.0000
1123,-0.00000784,0.00000900,0.00000460,-0.00000076,-0.00011733,-0.00014528,-0.00
013550,0.00001174,0.00008527,0.00002229,0.00001277,0.00000929,-0.00000193,-0.000
00021,0.00001610,0.00000061,0.00006170,0.00000233,0.00000476,-0.00002641,-0.0000
0427,-0.00000797,-0.00001240,0.00000048,0.00000006,-0.00000175,0.00000078,-0.000
00336,0.00000124,-0.00000108,-0.00000136,0.00000136,-0.00000153,-0.00000029,0.00
000102,-0.00000209,0.00000082,-0.00000238,-0.00000201,0.00000471,-0.00001031,0.0
0000031,-0.00000081,-0.00000210,0.00000012,0.00000396,0.00000062,-0.00000015,0.0
0000140,0.00000015,0.00000058,0.00000208,0.00000348,0.00000089,0.00000018,0.0000
0113,-0.00000112,-0.00000806,0.00000126,0.00000027,-0.00000166,-0.00000021,0.000
00035,0.00000159,-0.00000151,0.00000238,0.00000086,-0.00000077,0.00000213,-0.000
00141,0.00000124,-0.00000022,0.00000121,-0.00000121,0.00000002,0.00000261,0.0000
0026,-0.00000032,-0.00000216,-0.00000127,-0.00000108,-0.00000221,-0.00000253,-0.
00000144,-0.00000033,0.00000101,0.00000004,0.00000010,0.00003643,0.00005589,-0.0
0001292,-0.00000540,0.00000828,0.00000782,0.00007686,-0.00001468,0.00001295,-0.0
0000151,0.00002341,-0.00000794,0.00000713,0.00000021,0.00000276,0.00000677,-0.00
001694,-0.00000095,0.00003951,0.00002159,-0.00001671,-0.00028379,0.00000190,-0.0
0004796,0.00000363,-0.00002141,0.00001838,0.00094253,-0.00359002,0.00347674,-0.0
0099261,-0.00049472,0.00069120,-0.01938575,-0.00852193,0.01495185,-0.04318594,-0
.05436195,0.02576735,-0.00002821,0.00004096,-0.00004000,-0.00000203,-0.00000199,
-0.00005215,0.00004096,-0.00009416,0.00033331,0.00023149,-0.00012074,-0.00002513
,-0.00010092,0.00051239,-0.00029069,-0.00065921,0.00023894,0.00017417,0.04969483
,0.06330496,-0.00001280,-0.00005704,0.00000454,0.00022204,0.00020541,-0.00038250
,0.00006563,0.00015732,-0.00018338,-0.00003074,0.00000964,0.00003236,0.00000533,
-0.00001189,-0.00000184,0.00000144,-0.00000739,0.00000333,-0.00000632,0.00000565
,-0.00001594,-0.00015392,-0.00027750,0.00001312,-0.00019992,-0.00004618,0.000211
76,-0.00000576,0.00000984,-0.00001370,0.00015737,0.00001737,-0.00001074,0.000012
29,-0.00000466,-0.00000915,0.00001282,0.00000855,0.00000387,0.00001124,0.0000067
5,0.00000225,-0.00001495,-0.00001256,0.00001010,-0.00000885,-0.00000904,0.000000
19,-0.00000234,-0.00000329,0.00000085,-0.00008790,0.00001614,-0.00000236,-0.0000
0027,0.00001228,-0.00001972,0.00015713,0.00012992,-0.00019201,-0.00001987,-0.000
13117,0.00006620,0.00002852,0.00001862,0.00001655,0.00001207,0.00002628,0.000005
56,0.00001072,0.00001252,0.00000010,0.00001381,-0.00000349,-0.00000387,-0.000009
99,0.00000840,0.00001472,-0.00000969,-0.00000146,-0.00000102,0.00014651,0.000202
82,0.00014195,0.00000419,-0.00000504,0.00001635,0.00000427,-0.00000351,0.0000033
0,-0.00000534,-0.00000986,-0.00000334,-0.00011522,-0.00003041,0.00003387,0.00004
306,0.00002381,-0.00001195,0.00002465,0.00000552,-0.00000120,0.00000375,-0.00000
122,0.00000450,0.,-0.00000088,0.00000093,-0.00000199,0.00000202,0.00000375,-0.00
000184,0.00000569,-0.00000363,0.00000428,0.00000335,-0.00000898,0.00001517,-0.00
000033,-0.00000135,0.00000459,0.00000098,-0.00000690,-0.00000220,-0.00000120,-0.
00000818,-0.00000323,-0.00000102,0.00000325,0.00000255,0.00000149,-0.00000094,-0
.00000193,0.00000066,0.00000535,-0.00000106,-0.00000099,0.00000315,0.00000044,-0
.00000053,-0.00000303,0.00000243,-0.00000329,-0.00000261,0.00000159,-0.00000378,
0.00000165,-0.00000185,0.00000088,-0.00000317,0.,-0.00000117,-0.00000485,0.00000
071,0.00000146,0.00000652,0.00000510,0.00000255,0.00000297,0.00000496,0.00000208
,-0.00000089,0.,0.00000013,0.00000010,0.00009608,-0.00003628,0.00000735,0.000006
55,0.00001004,-0.00003895,0.00001602,0.00002721,0.00005383,-0.00001345,-0.000018
38,0.00000999,-0.00001345,0.00000606,0.00001551,0.00005245,-0.00001543,0.0000250
1,0.00000746,-0.00000669,-0.00000230,-0.00004886,-0.00001552,-0.00016706,-0.0000
5203,0.00001087,0.00004474,-0.00047405,0.00322504,-0.00198559,0.00061070,0.00039
312,-0.00037830,0.01458740,0.00713048,-0.01111610,0.10391703,0.02572993,-0.11151
597,0.00000500,0.00001268,0.00001040,0.00004142,-0.00002320,0.00007861,-0.000057
69,0.00003791,-0.00019350,-0.00041203,0.00016605,0.00001645,0.00027826,-0.000284
17,-0.00010664,-0.00000219,-0.00044080,0.00068396,-0.12172280,-0.03351704,0.1278
1497,0.00007002,-0.00000395,-0.00002070,-0.00011654,0.00035539,-0.00008803,-0.00
006108,-0.00018009,0.00002202,-0.00000508,0.00001279,0.00006259,-0.00000214,-0.0
0000191,-0.00000029,0.00000476,-0.00000664,-0.00000663,0.00000014,0.00001137,-0.
00000090,-0.00010447,-0.00008979,0.00000729,0.00007769,-0.00006228,0.00006459,-0
.00001019,-0.00000034,0.00000789,0.00010223,0.00001225,-0.00000916,0.00001091,-0
.00001876,0.00000371,0.00001198,0.00001414,0.00000924,-0.00001844,0.00000190,-0.
00000195,0.00000257,0.00000473,0.00000509,-0.00000004,0.00000224,0.00000030,0.00
000141,0.00000281,0.00000005,-0.00009928,-0.00003697,0.00001750,0.00001015,-0.00
000469,-0.00002695,-0.00010882,-0.00008103,-0.00003663,0.00009478,-0.00023274,0.
00005833,0.00002224,0.00000551,0.00002922,0.00000369,0.00000521,0.00001281,0.000
00058,0.00001088,0.00000227,0.00000625,-0.00000387,-0.00000099,-0.00000009,0.000
01100,-0.00000216,-0.00000355,-0.00000088,-0.00000509,0.00004131,0.00005044,0.00
004478,-0.00004992,-0.00002373,0.00003648,0.00003639,0.00000375,-0.00001014,0.00
000659,0.00000489,-0.00000627,-0.00004493,-0.00002246,0.00002212,0.00001603,0.00
001553,-0.00001097,0.00000857,-0.00000168,0.00000140,-0.00000097,0.00000328,0.00
000910,-0.00000075,0.00000259,-0.00000359,0.00000198,-0.00000368,0.00000230,-0.0
0000242,0.00000541,0.00000252,0.00000043,0.00000838,-0.00001027,0.00000613,0.000
00057,-0.00000423,0.00000183,-0.00000004,-0.00000678,-0.00000218,-0.00000095,-0.
00000201,0.00000215,0.00000141,0.00000206,0.00000153,0.00000089,-0.00000256,-0.0
0000458,-0.00000108,0.00000492,0.00000028,-0.00000085,0.00000029,0.00000129,-0.0
0000134,-0.00000163,0.00000181,-0.00000164,-0.00000164,0.00000188,-0.00000268,-0
.00000010,-0.00000004,-0.00000041,-0.00000101,-0.00000125,-0.00000083,-0.0000024
3,0.00000154,0.00000154,0.00000267,0.00000281,0.00000182,0.00000097,0.00000294,0
.00000178,0.00000015,0.00000065,0.00000049,-0.00000074,0.00017076,0.00001215,0.0
0001521,0.00000438,0.00002831,-0.00005264,-0.00054094,0.00012340,0.00004619,-0.0
0001991,0.00003321,-0.00000241,0.00003692,0.00000212,0.00001609,0.00005171,-0.00
006581,-0.00006198,0.00009781,0.00005309,-0.00002207,-0.00095379,0.00023839,0.00
003115,0.00009416,-0.00002462,0.00005711,0.00056108,-0.00096318,-0.00018933,-0.0
0002101,-0.00000030,0.00009918,-0.00203184,0.00728811,0.00288609,-0.05697522,0.0
3901932,0.02984120,-0.00003865,0.00000432,0.00001289,-0.00000542,-0.00000604,-0.
00007068,-0.00001603,-0.00002289,-0.00000340,-0.00008429,-0.00063514,0.00036310,
-0.00000127,0.00043558,0.00040523,0.00019706,0.00161351,-0.00112310,-0.00918581,
0.02151888,0.01945167,0.06370008,0.00030888,0.00001683,-0.00010235,0.00107734,-0
.00077311,-0.00055498,-0.00057928,-0.00072783,-0.00018832,0.00001178,0.00002586,
0.00001588,-0.00000943,0.00000574,0.00000217,0.00000317,-0.00001748,-0.00000775,
0.00002087,0.00000967,0.00000531,0.00022347,0.00002701,-0.00008422,-0.00074229,0
.00014684,0.00036923,-0.00004253,0.00001415,0.00000953,-0.00016678,0.00012877,0.
00000462,-0.00005134,-0.00002985,0.00004245,-0.00002444,0.00001026,0.00001470,-0
.00006482,-0.00003547,0.00001442,0.00001323,0.00000269,-0.00000379,0.00001031,0.
00000624,-0.00000279,0.00000442,-0.00000335,0.00000399,-0.00009773,-0.00015682,0
.00002260,0.00008858,0.00003111,0.00012060,-0.00004232,0.00007561,0.00006216,-0.
00051707,0.00047890,0.00018178,-0.00000071,0.00001535,0.00006741,-0.00002732,-0.
00000674,0.00002696,0.00000723,-0.00001506,0.00000238,0.00001580,0.00001081,0.00
002043,-0.00000539,0.00002136,-0.00001722,0.00000793,-0.00000343,-0.00000150,-0.
00007893,0.00008528,0.00005806,0.00003183,0.00029267,-0.00000859,0.00005126,0.00
000382,0.00000322,0.00001519,0.00001638,-0.00001672,0.00000046,-0.00002379,-0.00
003087,-0.00000618,0.00001743,0.00000735,-0.00000244,0.00000614,0.00000424,-0.00
000065,0.00000365,-0.00000486,0.00000087,-0.00000105,-0.00000065,0.00000119,-0.0
0000063,-0.00000048,0.00000227,0.00000031,0.00000037,0.00000247,-0.00000194,0.00
000455,-0.00000062,0.00000608,0.00000421,0.00000216,0.00000364,0.00000333,0.0000
0042,0.00000081,-0.00000244,0.00000129,0.00000052,0.00000239,0.00000441,0.000000
10,0.00000094,0.00000214,0.00000264,-0.00000271,-0.00000070,0.00000093,-0.000003
32,-0.00000083,-0.00000022,-0.00000028,-0.00000112,-0.00000011,0.00000054,-0.000
00147,0.00000016,0.00000037,-0.00000191,-0.00000030,0.00000454,-0.00000528,-0.00
000362,-0.00000290,0.00000019,-0.00000068,0.00000187,0.00000059,-0.00000050,0.00
000086,0.00000050,-0.00000079,0.00000100,0.00000031,-0.00000089,-0.00000020,-0.0
0005540,0.00019150,-0.00003840,0.00001298,0.00006375,-0.00003682,-0.00007429,-0.
00007352,-0.00004044,-0.00000538,0.00003873,-0.00000707,0.00008266,-0.00001188,0
.00003157,-0.00003918,-0.00007358,-0.00009147,0.00017831,-0.00003033,-0.00000060
,-0.00030482,0.00045352,-0.00008459,-0.00003889,-0.00000807,0.00004416,0.0012128
5,0.00019497,-0.00105951,0.00001179,0.00015464,-0.00019563,0.00771077,-0.0268490
9,-0.01164904,0.04050237,-0.18146296,-0.10489885,-0.00006393,0.00016436,-0.00014
209,0.00010781,0.00006134,0.00020810,-0.00003130,0.00005369,-0.00006172,-0.00101
665,-0.00013680,0.00053619,-0.00019958,0.00108207,-0.00053460,0.00147708,-0.0048
5023,0.00385183,-0.00022277,0.00396388,0.00153360,-0.04945895,0.21462652,0.00004
450,0.00005255,-0.00004246,0.00061993,-0.00019467,-0.00053438,-0.00043129,-0.000
74157,0.00007778,0.00000312,-0.00000096,0.00003055,-0.00000836,-0.00000337,0.000
00225,0.00000558,-0.00002155,-0.00000842,0.00001018,0.00001402,-0.00000480,0.000
14576,0.00010567,-0.00005197,-0.00048667,-0.00007316,0.00029372,-0.00000695,-0.0
0000851,0.00003425,-0.00014654,0.00005597,0.00001047,0.00000995,0.00002013,0.000
02768,0.00000455,0.00000495,0.00001515,-0.00002114,0.00000317,-0.00000708,0.0000
0607,0.00000722,-0.00000548,-0.00000064,0.00000425,-0.00000332,-0.00000574,-0.00
000474,-0.00000039,0.00004994,-0.00001667,0.00000452,0.00002976,-0.00000253,0.00
004705,0.00006826,-0.00001750,0.00001540,-0.00031629,0.00010323,0.00011884,0.000
01559,-0.00000111,-0.00000959,0.00001080,-0.00000785,0.00001032,0.00000439,0.000
01253,-0.00001080,-0.00001831,0.00000557,0.00000068,0.00001068,-0.00001162,-0.00
001389,0.00000152,0.00000184,-0.00000447,-0.00006655,-0.00007147,0.00003506,0.00
002262,0.00002845,-0.00001532,0.00003759,-0.00000748,-0.00000963,0.00000537,0.00
001402,-0.00000484,-0.00002236,-0.00003136,0.00001042,-0.00000404,0.00001909,-0.
00001076,0.00000181,0.00000598,0.00000021,-0.00000101,0.00000150,-0.00000029,-0.
00000036,0.00000039,-0.00000261,0.00000163,-0.00000170,-0.00000003,0.00000178,-0
.00000015,0.00000228,-0.00000050,0.00000138,0.00000055,-0.00000050,0.00000363,0.
00000351,0.00000399,0.00000273,-0.00000392,-0.00000452,-0.00000136,-0.00000420,0
.00000010,0.00000093,0.00000512,0.00000533,0.00000087,-0.00000245,-0.00000219,0.
00000053,-0.00000367,0.00000011,0.00000126,-0.00000339,-0.00000024,0.00000007,-0
.00000050,-0.00000123,0.00000116,0.00000035,-0.00000153,0.00000081,-0.00000089,-
0.00000080,-0.00000130,0.00000272,-0.00000406,-0.00000261,-0.00000006,0.00000082
,0.00000038,0.00000261,0.00000047,0.00000018,-0.00000010,-0.00000003,-0.00000011
,0.00000025,0.00000133,0.00000036,0.00000012,-0.00003946,0.00018159,-0.00003904,
-0.00000432,0.00001593,-0.00000433,-0.00008052,-0.00009291,-0.00013799,-0.000051
96,0.00008984,-0.00001742,0.00009287,0.00000399,0.00000309,-0.00002235,-0.000138
53,-0.00010250,0.00003948,0.00005612,-0.00000061,-0.00033497,0.00003278,0.000450
14,0.00017635,-0.00000945,-0.00006525,-0.00062362,0.00051001,0.00052962,-0.00013
039,0.00007439,0.00000945,-0.00360775,0.01311146,0.00893801,0.03104054,-0.105035
29,-0.12159780,0.00000301,-0.00003457,-0.00003921,-0.00000620,0.00004547,-0.0000
0487,-0.00001639,-0.00004846,0.00004670,0.00004494,0.00019830,0.00020838,0.00013
500,0.00035282,0.00098134,-0.00065883,0.00343451,-0.00086895,0.00684676,-0.01472
897,-0.01291859,-0.03616741,0.12035493,0.13946928,0.00009125,-0.00005502,0.00001
173,0.00173991,-0.00198029,-0.00075487,0.00056619,0.00037213,-0.00041416,-0.0000
2812,-0.00004105,0.00001882,0.00000030,0.00000624,0.00001103,-0.00001450,0.00000
961,-0.00002114,0.00001268,-0.00001720,-0.00000463,-0.00006724,0.00003501,0.0000
2652,-0.00102110,-0.00047433,0.00072711,-0.00000637,-0.00001608,-0.00002602,0.00
004650,-0.00001001,-0.00002842,-0.00002369,-0.00003245,-0.00001946,-0.00001021,-
0.00001471,-0.00001121,-0.00001157,0.00000438,-0.00001805,-0.00001195,-0.0000056
8,-0.00001160,0.00000890,0.00000037,-0.00000850,0.00000771,-0.00000621,-0.000010
71,-0.00015924,-0.00007453,0.00002717,0.00001176,0.00003905,0.00006478,0.0000243
7,0.00010144,0.00009486,-0.00183616,-0.00013157,-0.00030889,-0.00002643,0.000041
24,0.00004840,-0.00005317,-0.00003612,0.00005227,0.00003615,0.00000627,-0.000001
03,0.00001282,0.00001491,0.00002238,0.00002398,0.00002143,0.00001555,0.00000123,
0.00001046,0.00001644,0.00001951,0.00003723,-0.00001207,-0.00002551,0.00002507,-
0.00007170,-0.00001915,0.00000040,-0.00001007,0.00001391,0.00000336,-0.00001252,
0.00006934,0.00000987,-0.00001740,-0.00000159,-0.00000104,0.00000737,-0.00000355
,0.00000182,-0.00000078,-0.00000225,0.00000581,0.00000781,0.00000068,0.00000413,
-0.00000405,0.00000311,-0.00000588,-0.00000467,0.00000264,-0.00000244,0.00000417
,-0.00000346,0.00000992,-0.00000476,-0.00000418,0.00000068,-0.00000368,0.0000008
6,-0.00000064,-0.00000372,-0.00000153,-0.00000065,0.00000076,0.00000559,0.000001
96,0.00000300,0.00000333,0.00000079,-0.00000119,-0.00000641,-0.00000251,-0.00000
034,0.00000098,-0.00000151,0.00000266,0.00000085,-0.00000057,0.00000160,0.000000
70,-0.00000005,-0.00000012,0.00000196,-0.00000102,-0.00000089,0.00000253,-0.0000
0056,-0.00000152,0.00000100,0.00000027,-0.00000120,0.00000111,0.00000046,0.00000
140,-0.00000067,-0.00000029,0.00000002,-0.00000196,-0.00000006,0.00000252,-0.000
00236,0.00000035,0.00000474,-0.00004780,-0.00003417,0.00004566,-0.00007609,0.000
04527,0.00008861,-0.00004539,0.00006214,0.00001170,0.00006386,-0.00002436,-0.000
03381,0.00006071,-0.00004238,-0.00004135,-0.00023321,0.00018803,-0.00020315,-0.0
0000441,-0.00000543,-0.00000554,0.00002027,0.00020000,0.00020612,0.00002246,-0.0
0000743,-0.00001731,0.00051920,-0.00030051,0.00079934,0.00001948,-0.00010781,0.0
0005338,-0.00598454,0.00138063,-0.00698381,-0.17821863,-0.03572972,-0.11268452,-
0.00003107,-0.00005945,0.00004328,-0.00002466,0.00003010,0.00006620,0.00005244,-
0.00000684,0.00002977,0.00026458,-0.00015826,0.00025179,0.00040748,0.00165136,-0
.00077820,-0.00013663,-0.00015669,0.00001082,-0.02668886,-0.00791105,-0.01651987
,0.00505997,0.00080195,0.00378638,0.20561593,0.00011345,-0.00010221,-0.00003552,
-0.00172797,-0.00184019,0.00154197,-0.00007621,0.00081704,0.00011495,0.00000849,
-0.00000475,0.00000657,0.00001618,-0.00000774,0.00000064,-0.00000696,0.00004016,
-0.00000040,-0.00003152,-0.00003068,-0.00000174,-0.00007420,-0.00018013,0.000103
55,0.00086659,-0.00058421,-0.00101323,0.00002502,0.00000008,-0.00005932,0.000195
19,0.00000643,-0.00003735,-0.00000721,-0.00002085,-0.00003802,0.00002001,-0.0000
0215,-0.00000546,0.00004949,-0.00000519,0.00001863,-0.00001208,-0.00000653,0.000
00890,0.00000539,-0.00000952,-0.00000041,0.00001228,-0.00000295,0.00000009,-0.00
012141,0.00002697,0.00000032,-0.00000416,-0.00004085,-0.00013755,0.00022399,-0.0
0003428,-0.00001111,-0.00081820,-0.00012563,-0.00053069,-0.00003110,0.00004514,0
.00003041,-0.00002104,0.00001909,-0.00000689,0.00001724,-0.00001234,0.00000543,0
.00003653,-0.00000262,0.00000271,-0.00002164,0.00000067,0.00002962,-0.00001019,0
.00000260,0.00000832,0.00006649,0.00009147,-0.00020980,0.00002781,0.00003393,-0.
00009816,-0.00002650,0.00001334,0.00001633,-0.00001098,-0.00002138,0.00000177,-0
.00003754,0.00000522,0.00001150,0.00002393,0.00000106,-0.00000181,0.00001194,0.0
0000282,-0.00000186,0.00000321,-0.00000349,-0.00000027,-0.00000060,-0.00000150,0
.00000250,-0.00000089,0.00000002,-0.00000024,-0.00000174,0.00000123,-0.00000265,
0.00000335,-0.00000089,-0.00000212,0.00000862,-0.00000173,-0.00000147,-0.0000000
7,-0.00000129,-0.00000086,0.00000096,-0.00000057,-0.00000303,-0.00000058,-0.0000
0060,0.00000080,0.00000129,0.00000049,0.00000031,0.00000047,-0.00000013,0.000002
34,-0.00000109,0.00000010,0.00000265,0.00000070,-0.00000158,-0.00000188,0.000001
61,-0.00000294,-0.00000065,0.00000175,-0.00000301,0.00000192,-0.00000094,0.00000
226,-0.00000123,-0.00000120,0.00000106,-0.00000266,-0.00000034,0.00000066,0.0000
0140,0.00000208,0.00000065,0.00000099,0.00000204,0.00000031,-0.00000014,-0.00000
008,-0.00000048,-0.00000004,0.00001318,-0.00016052,0.00011317,0.00005382,-0.0000
8879,-0.00011064,0.00011722,0.00002733,0.00011352,0.00004062,-0.00013806,0.00001
521,-0.00013044,0.00002533,0.00002485,0.00020520,0.00023994,0.00013655,-0.000050
39,-0.00006408,-0.00000193,0.00028755,-0.00017570,-0.00046769,-0.00013855,0.0000
1619,0.00004452,0.00052819,0.00072688,-0.00012284,-0.00012501,-0.00009946,0.0000
0544,0.01846337,0.00296454,0.01689939,-0.03683068,-0.05220469,-0.03281492,0.0000
0474,0.00008600,-0.00000007,-0.00000475,-0.00007528,-0.00009684,-0.00005173,0.00
000524,-0.00000870,-0.00006748,0.00015364,-0.00005717,0.00184054,-0.00382704,0.0
0402678,0.00026097,0.00072772,0.00017893,-0.00644704,-0.00098879,-0.00427036,-0.
01900277,-0.00732412,-0.01763453,0.04236311,0.06205096,-0.00053213,0.00006999,0.
00015206,-0.00043096,0.00135498,0.00076027,0.00128818,0.00023743,-0.00046369,0.0
0002647,-0.00005033,-0.00005094,-0.00000030,0.00000213,0.00000006,0.00000013,0.0
0000380,0.00002684,0.00001131,0.00000559,0.00000820,0.00012512,0.00032776,-0.000
08672,0.00007021,-0.00053662,-0.00036277,-0.00002117,0.00001220,0.00002712,-0.00
022435,-0.00014041,0.00006599,0.00000619,0.00003889,0.00000707,-0.00002281,-0.00
003447,-0.00000770,0.00000774,0.00002649,-0.00001469,-0.00000529,-0.00001033,-0.
00001334,-0.00000997,-0.00000088,0.00000011,-0.00001384,-0.00000006,-0.00000358,
0.00033327,0.00011684,-0.00004951,0.00002107,0.00006755,0.00009552,-0.00008743,0
.00025778,-0.00004846,-0.00008907,-0.00108093,0.00006706,-0.00001871,-0.00002868
,-0.00011762,0.00003237,-0.00004588,-0.00002498,0.00000639,0.00002523,-0.0000352
7,-0.00006004,-0.00000137,0.00000510,0.00005375,-0.00003995,0.00000042,0.0000058
6,0.00000555,0.00000749,-0.00005224,-0.00010899,-0.00002924,-0.00002107,-0.00012
338,0.00001814,-0.00003915,-0.00000798,0.00000103,-0.00002936,0.00002693,0.00001
253,0.00012131,0.00002230,0.00000133,-0.00004155,-0.00001780,0.00000014,-0.00002
014,-0.00000204,-0.00000165,-0.00000402,0.00000306,-0.00000204,0.00000313,0.0000
0023,-0.00000572,0.00000113,-0.00000285,-0.00000203,0.00000372,-0.00000549,0.000
00223,-0.00000855,-0.00000057,0.00000250,-0.00001835,-0.00000172,0.00000147,0.00
000094,-0.00000146,-0.00000453,-0.00000361,-0.00000116,0.00000299,0.00000018,0.0
0000002,0.00000295,0.00000191,-0.00000048,-0.00000314,-0.00000652,-0.00000432,-0
.00001125,0.00000238,-0.00000155,-0.00000012,-0.00000138,0.00000264,0.00000532,-
0.00000290,0.00000549,0.00000125,-0.00000063,0.00000424,-0.00000299,0.00000288,-
0.00000101,0.00000013,0.00000312,0.00000220,0.00000822,-0.00000002,-0.00000082,-
0.00000332,-0.00000464,-0.00000247,-0.00000354,-0.00000680,-0.00000238,0.0000002
7,-0.00000016,0.00000116,0.00000424,0.00009756,-0.00003131,-0.00002945,0.0000281
2,-0.00006941,0.00004766,0.00020795,-0.00001886,0.00002587,0.00001186,0.00000503
,0.00000677,-0.00006005,-0.00001219,-0.00002525,-0.00008441,0.00004977,0.0003116
1,-0.00016805,0.00006494,-0.00000341,0.00026403,-0.00054032,-0.00033728,-0.00010
131,-0.00000450,-0.00001185,-0.00084998,-0.00031289,0.00027212,0.00011476,-0.000
17851,0.00001439,-0.01498285,0.00072571,-0.01463946,-0.11339777,-0.03251136,-0.1
4054527,0.00004956,-0.00014527,0.00010259,0.00000900,0.00003612,0.00016177,0.000
08469,-0.00000673,0.00004661,0.00027451,-0.00017246,-0.00087163,-0.00128517,0.00
376534,-0.00196259,0.00033595,-0.00052357,0.00066234,0.01223727,0.00316601,0.009
94702,-0.01569582,-0.00778469,-0.01484259,0.13248684,0.03436138,0.16169937,-0.00
079297,0.00107469,-0.00024694,-0.00046474,0.00169647,0.00116411,-0.00218757,0.00
204988,-0.00040685,-0.00001318,-0.00010970,-0.00005112,0.00003358,0.00012218,0.0
0008902,-0.00002509,0.00001106,0.00003210,-0.00025730,0.00025159,0.00018733,-0.1
3706820,0.06315617,0.00090702,0.00116814,-0.00156381,-0.00179502,-0.00009848,-0.
00014815,-0.00019371,-0.05880177,0.05283898,0.00270529,-0.00031700,0.00103044,0.
00120604,0.00033124,-0.00013269,0.00018329,-0.00006323,0.00014725,0.00001026,-0.
00007730,0.00014426,-0.00071237,0.00018071,0.00003314,-0.00006939,0.00002741,0.0
0003105,-0.00010660,0.00056947,-0.00558647,0.00225047,-0.00012924,-0.00023735,0.
00040453,-0.00126405,-0.00063395,-0.00269666,0.00106558,-0.00088390,-0.00008206,
-0.00096769,-0.00028948,-0.00075438,0.00026565,-0.00015034,0.00022596,-0.0001660
9,-0.00005131,-0.00017300,0.00015785,-0.00002015,0.00014135,-0.00027426,-0.00006
259,-0.00087021,0.00055130,0.00036542,0.00012298,0.01228864,-0.00680069,0.006470
37,0.00057773,-0.00220690,0.00023096,0.00001849,-0.00006833,0.00001196,0.0000224
4,0.00007384,-0.00003314,0.00134290,0.00007361,-0.00006473,-0.00053593,-0.000109
26,0.00002154,-0.00019950,-0.00001393,0.00000228,-0.00003263,0.00002892,-0.00005
294,0.00002103,-0.00000222,-0.00003187,0.00001759,-0.00000702,-0.00000869,0.0000
0909,-0.00002581,0.00001757,-0.00004107,-0.00003482,0.00006564,-0.00014830,0.000
00675,0.00000748,-0.00002434,-0.00001452,0.00003751,0.00000356,-0.00000329,0.000
04309,0.00000646,0.00000629,0.00000040,0.00000761,-0.00000414,-0.00000187,0.0000
0513,-0.00002206,-0.00008802,0.00002760,-0.00000375,-0.00002988,-0.00000960,0.00
002077,0.00003354,-0.00001946,0.00003607,0.00000997,-0.00000759,0.00003075,-0.00
001544,0.00002579,-0.00000611,0.00002749,0.00001319,0.00002005,0.00006972,-0.000
00311,-0.00000636,-0.00004105,-0.00003159,-0.00001605,-0.00002595,-0.00004151,-0
.00001612,-0.00000051,0.00000979,0.00000783,0.00000351,0.00038896,-0.00042636,0.
00026677,0.00002975,-0.00008352,0.00011021,-0.00002111,-0.00014501,-0.00006218,0
.00000394,0.00007388,0.00000252,0.00000759,-0.00001722,0.00004523,-0.00004132,0.
00002442,0.00000841,-0.00001269,0.00008910,-0.00001177,-0.00013024,0.00005270,0.
00002966,-0.00003653,-0.00004758,-0.00007828,0.00053079,0.00004000,0.00020627,-0
.00006202,0.00007017,-0.00001406,-0.00002139,0.00013394,0.00012863,-0.00001626,0
.00000723,-0.00000236,0.00043559,-0.00009593,0.00007154,-0.00006471,-0.00015743,
0.00000526,-0.00023248,0.00027257,0.00008820,0.00002399,-0.00058759,-0.00005612,
0.00010914,0.00003911,0.00003418,0.00003639,0.00001451,-0.00008688,0.00004420,-0
.00000003,-0.00001653,-0.00000241,-0.00005253,-0.00000596,0.00003539,-0.00002458
,0.00006874,0.32122511,0.00447958,-0.00089318,-0.00084558,0.00033467,-0.00174071
,-0.00638852,-0.00005165,0.00129643,-0.00120966,-0.00065559,0.00025027,0.0002082
4,-0.00011841,-0.00012109,-0.00018211,-0.00002445,0.00000619,-0.00021614,0.00006
471,-0.00073788,-0.00021917,0.08273899,-0.17138043,0.00593142,-0.00229908,0.0025
9988,0.00455017,-0.00014851,0.00041229,-0.00021740,0.03446852,-0.01536067,-0.000
29965,0.00027036,-0.00150891,-0.00116414,0.00010201,0.00010201,0.00021728,-0.000
19462,-0.00020109,-0.00006971,-0.00002615,-0.00036514,0.00066534,-0.00018854,-0.
00030117,0.00014491,-0.00008888,0.00001030,0.00023260,-0.00656542,0.00389527,-0.
00172926,-0.00132033,0.00018140,-0.00142369,0.00177760,-0.00211141,0.00468357,0.
00013069,0.00058177,0.00108356,0.00148284,0.00045898,0.00215744,-0.00042178,0.00
080422,0.00045420,0.00045822,0.00019389,0.00028934,0.00070316,-0.00018327,-0.000
18385,-0.00032935,0.00102629,0.00112538,-0.00034588,-0.00080503,-0.00023364,0.00
872236,-0.08265159,0.00472016,-0.00231584,-0.00046065,0.00017059,-0.00004885,-0.
00003194,0.00000949,0.00018454,-0.00029296,-0.00009327,-0.00277678,-0.00210503,0
.00095082,0.00073722,0.00160350,-0.00050833,0.00056237,0.00028852,-0.00006199,0.
00009951,-0.00008592,0.00013289,-0.00006231,0.00000926,0.00008105,-0.00003636,0.
00004199,0.00002014,-0.00004517,0.00009133,-0.00003511,0.00010462,0.00013300,-0.
00011385,0.00035698,0.00017129,-0.00011768,0.00008875,0.00007963,-0.00012453,-0.
00000145,0.00001791,-0.00007674,-0.00001444,-0.00000274,-0.00000023,-0.00000249,
0.00000718,-0.00000635,-0.00000569,0.00007212,0.00023183,-0.00004457,-0.00001851
,0.00001711,0.00000682,-0.00004232,-0.00006623,0.00002223,-0.00005863,-0.0000190
7,-0.00001156,-0.00004377,0.00001792,-0.00007786,-0.00001065,-0.00004528,-0.0000
2636,-0.00010139,-0.00013320,0.00001296,-0.00001555,0.00008682,0.00006472,0.0000
1168,0.00005337,0.00009765,0.00001326,0.00000755,-0.00000430,-0.00004269,-0.0000
0767,0.00122305,-0.00296359,0.00117154,-0.00000259,0.00000969,-0.00060949,0.0004
5688,0.00077927,0.00047705,-0.00002915,-0.00042921,0.00017155,0.00005417,0.00003
995,-0.00003478,0.00007287,0.00005111,-0.00016679,0.00006626,-0.00038507,0.00001
603,0.00025436,0.00013756,-0.00009710,-0.00000390,0.00022142,0.00019453,-0.00032
245,0.00031191,0.00001533,-0.00011853,-0.00026917,0.00004713,0.00039542,0.000156
15,-0.00019060,-0.00001910,0.00008314,-0.00000391,-0.00038991,0.00025190,-0.0000
0120,0.00001569,-0.00004115,-0.00023288,0.00021279,-0.00033328,0.00021043,-0.000
04790,0.00083391,0.00001434,-0.00026834,-0.00012327,-0.00016331,0.00001725,0.000
00745,0.00013670,-0.00021158,-0.00008863,0.00013387,0.00006628,0.00005494,-0.000
01726,-0.00002239,0.00009690,-0.00024080,-0.02683770,0.46634241,0.00097037,-0.00
054278,0.00071532,-0.00013913,-0.00106763,-0.00027788,0.00050380,0.00068331,0.00
190634,0.00014670,-0.00004990,-0.00005084,-0.00004007,0.00004386,-0.00001948,0.0
0004932,0.00001338,0.00001634,0.00028438,-0.00022875,0.00011434,0.00233764,0.005
51381,-0.04755957,0.00003787,0.00060181,0.00019439,-0.00018357,0.00011319,-0.000
01126,0.00504611,-0.00484286,0.01533511,-0.00066864,-0.00001954,0.00030589,-0.00
019682,-0.00001923,0.00005910,-0.00016556,-0.00004694,-0.00022954,-0.00015828,0.
00031513,0.00003286,-0.00000493,0.00004756,0.00000704,0.00001969,0.00000728,0.00
003146,-0.00038809,0.00079280,-0.00032961,0.00019294,0.00047075,-0.00011677,-0.0
0058626,-0.00034679,-0.00116164,-0.00007336,0.00022726,0.00050864,0.00050345,-0.
00003005,0.00064536,-0.00018591,0.00001878,0.00025231,0.00018751,-0.00007785,0.0
0006189,-0.00004215,0.00006193,0.00012223,0.00031053,0.00008078,0.00024520,0.000
12330,-0.00009486,-0.00003787,0.00012845,0.01075814,0.00963762,0.00003982,0.0006
9490,-0.00046378,0.00001402,-0.00002170,0.00001217,-0.00000584,0.00003690,0.0000
1628,0.00021074,0.00024544,-0.00049827,0.00001560,-0.00020011,0.00030987,-0.0000
5353,-0.00003463,0.00003438,-0.00001339,0.00002658,-0.00000459,0.00000063,0.0000
1082,0.00001347,0.00000210,0.00000120,-0.00001676,0.00001212,-0.00002123,0.00001
423,-0.00000280,-0.00000367,0.00001714,-0.00002496,-0.00001286,0.00003631,0.0000
2308,0.00001991,0.00001421,0.00000626,0.00001120,0.00002049,0.00001195,0.0000037
7,-0.00001346,-0.00001695,-0.00000498,0.00000709,-0.00000286,-0.00000380,-0.0000
0198,-0.00000482,0.00000560,-0.00000337,-0.00000023,0.00000118,0.00000614,0.0000
0157,-0.00000430,0.00001075,0.00000188,0.00000006,0.00000954,0.00000267,-0.00000
388,0.00001928,0.00000493,-0.00000795,0.00000627,0.00000115,-0.00000059,-0.00000
053,-0.00001552,-0.00000428,0.00000010,-0.00001582,-0.00000287,0.00000895,-0.000
01401,0.00000115,0.00001571,-0.00012121,0.00022665,-0.00052740,-0.00003226,0.000
06426,0.00001728,-0.00003693,-0.00011522,-0.00007375,-0.00000068,0.00007288,-0.0
0002181,-0.00000213,-0.00000568,0.00000159,0.00000261,-0.00004639,0.00002353,-0.
00001817,0.00000528,0.00000003,-0.00004296,-0.00001651,0.00001591,0.00001403,0.0
0001624,-0.00003573,-0.00030581,0.00030510,-0.00029375,0.00018274,0.00002072,-0.
00007209,-0.00003011,-0.00008117,0.00003123,-0.00002810,-0.00003817,0.00000532,0
.00020040,-0.00002440,-0.00002929,-0.00003326,-0.00009715,0.00008723,-0.00014949
,0.00025811,0.00019620,0.00005100,0.00004272,0.00010116,0.00007755,0.00004911,0.
00004453,-0.00008625,-0.00001029,-0.00001091,0.00001660,-0.00000837,-0.00000018,
-0.00000965,0.00003499,0.00002042,0.00001237,-0.00005179,0.00004242,-0.02095857,
-0.02851001,0.07287190,0.00013231,0.00003944,-0.00007698,-0.00001874,-0.00002912
,-0.00011350,0.00003416,0.00007720,-0.00008147,-0.00002747,0.00002619,0.00000145
,-0.00001339,0.00000892,-0.00001577,-0.00000664,0.00000699,-0.00001264,-0.000061
80,-0.00005278,0.00001302,-0.00118053,-0.00123938,0.00025387,-0.00000281,0.00005
400,0.00005793,0.00001937,0.00002839,-0.00000646,0.00049054,-0.00026490,-0.00001
187,0.00004935,-0.00006463,-0.00000444,0.00000887,-0.00000270,0.00001389,-0.0000
1872,0.00000883,0.00001272,-0.00003193,-0.00005262,0.00000152,0.00001736,-0.0000
2175,-0.00000205,-0.00001003,0.00001224,0.00000958,-0.00024499,0.00004368,-0.000
02492,-0.00008301,-0.00001273,-0.00007804,0.00000859,0.00000139,0.00006404,0.000
03271,0.00001907,0.00003050,0.00006411,0.00004175,0.00009406,-0.00001673,0.00001
479,0.00001979,-0.00000163,0.00002870,-0.00000277,0.00004242,-0.00000107,-0.0000
4315,-0.00004235,0.00002502,0.00010687,0.00006489,-0.00005545,-0.00003356,0.0002
3151,-0.00071408,0.00003232,0.00003180,-0.00000057,-0.00001936,0.00000811,0.0000
1238,0.00000039,0.00001019,0.00000238,-0.00000725,0.00005023,-0.00015252,0.00008
945,-0.00004912,0.00009464,-0.00005058,-0.00000267,0.00002058,-0.00000842,0.0000
0022,-0.00000318,0.00001019,0.,-0.00000122,0.00000139,-0.00000206,0.00000484,-0.
00000095,0.00000019,0.00000025,-0.00000102,-0.00000629,0.00001194,0.00000177,-0.
00000499,0.00001452,-0.00001540,0.00000994,0.00000843,-0.00000537,0.00000127,0.0
0000099,0.00000503,-0.00000144,0.00000020,0.00000242,0.00000559,0.00000069,-0.00
000014,-0.00000058,-0.00000014,-0.00000347,0.00000467,-0.00000455,-0.00000325,-0
.00000135,0.00000139,0.00000299,-0.00000326,0.00000436,0.00000179,-0.00000366,0.
00000582,-0.00000160,-0.00000005,-0.00000251,-0.00000323,-0.00000038,-0.00000784
,0.00000723,0.00000052,-0.00000017,-0.00000088,-0.00000430,-0.00000140,-0.000003
13,-0.00000538,-0.00000213,-0.00000016,0.00000153,0.,0.00000230,0.00003898,-0.00
011836,0.00004469,-0.00000117,-0.00000361,-0.00001490,0.00001036,0.00002237,0.00
001774,-0.00000033,-0.00000317,0.00000500,0.00000287,0.00000074,0.00000080,0.000
00192,0.00000412,-0.00000791,0.00000196,-0.00000015,-0.00000017,0.00001529,0.000
00798,-0.00000404,-0.00000292,0.00000823,0.00000658,-0.00000343,-0.00000830,-0.0
0000065,-0.00003139,0.00001271,-0.00001541,-0.00000084,0.00001066,0.00000227,-0.
00000442,0.00000454,-0.00000458,-0.00000040,0.00000003,0.00001274,0.00001219,-0.
00000150,0.00000092,0.00001288,-0.00000331,0.00001151,-0.00000653,0.00001733,-0.
00000017,0.00000610,0.00000237,-0.00000305,0.00000463,0.00000424,-0.00000225,0.0
0000098,0.00000270,0.00000053,0.00000197,0.00000035,0.00000199,-0.00000102,0.000
00227,-0.00000308,0.00911556,-0.00742496,0.00001639,0.48521820,0.00037486,-0.000
06910,-0.00007684,0.00011804,-0.00005527,-0.00030020,-0.00000964,0.00015915,-0.0
0019467,-0.00001800,-0.00000420,0.00000022,0.00000726,-0.00000256,-0.00000189,-0
.00000018,0.00000070,-0.00000843,-0.00003051,-0.00005455,-0.00004981,-0.00398761
,-0.00326995,0.00064194,-0.00009553,0.00005699,0.00018557,-0.00003569,0.00002899
,-0.00003826,0.00106598,0.00008444,-0.00000492,-0.00004907,-0.00006908,-0.000041
41,0.00000571,0.00000360,0.00001150,-0.00001384,-0.00004596,0.00001311,-0.000030
51,-0.00002824,0.00002946,0.00000638,-0.00001771,0.00000569,0.00001223,-0.000004
21,0.00001131,-0.00039812,0.00013908,-0.00010608,-0.00011176,0.00001993,-0.00004
255,0.00005250,0.00008506,0.00004789,-0.00005655,0.00004246,0.00009814,-0.000003
66,0.00004434,0.00016509,-0.00003380,0.00006443,0.00004108,0.00003862,-0.0000122
9,0.00003394,0.00007689,-0.00001610,0.00000358,-0.00005211,0.00012062,0.00004589
,0.00002182,-0.00007971,-0.00000508,0.00075415,-0.00239956,0.00021404,0.00007436
,-0.00002596,-0.00001487,-0.00000434,-0.00001070,0.00000955,0.00001169,-0.000023
64,-0.00000272,-0.00008036,-0.00010279,0.00002826,0.00001616,0.00007753,-0.00001
588,0.00002242,0.00001174,0.00000149,0.00000245,0.00000046,0.00000432,-0.0000032
6,0.00000112,0.00000162,-0.00000107,0.00000028,0.00000235,-0.00000470,0.00000925
,-0.00000099,0.00000696,0.00000567,-0.00000723,0.00001361,0.00000832,-0.00000556
,0.00000535,0.00000643,-0.00000147,0.00000029,0.00000061,-0.00000603,-0.00000099
,-0.00000017,-0.00000098,-0.00000099,0.00000043,0.00000018,0.00000130,0.00000393
,0.00000942,-0.00000320,-0.00000027,-0.00000160,0.00000044,-0.00000205,-0.000004
74,0.00000232,-0.00000383,-0.00000242,0.00000090,-0.00000406,0.00000171,-0.00000
474,-0.00000046,0.00000223,-0.00000502,-0.00000781,-0.00000451,0.00000021,-0.000
00082,0.00000473,0.00000253,0.00000109,0.00000185,0.00000312,0.00000144,0.000000
44,-0.00000097,-0.00000187,-0.00000172,0.00009821,-0.00022540,0.00009738,0.00000
357,-0.00001454,-0.00002386,0.00002220,0.00001159,0.00002147,0.00000126,-0.00003
098,0.00001208,0.00000675,0.00000082,0.00000185,-0.00000002,0.00000552,-0.000006
80,0.00000746,-0.00003338,0.00000481,0.00000287,0.00000875,-0.00000192,-0.000000
45,0.00001367,0.00000288,0.00002134,0.00002009,0.00000028,0.00000601,0.00001012,
-0.00000140,0.00000816,-0.00000768,-0.00001447,-0.00001153,-0.00000157,0.0000036
0,0.00000686,0.00000548,0.00001221,-0.00001894,-0.00003433,-0.00001110,0.0000040
4,0.00000160,0.00005903,-0.00001450,0.00001463,-0.00000345,-0.00002404,-0.000018
86,-0.00000319,0.00000902,-0.00000136,0.00000286,-0.00001372,-0.00001595,0.00001
322,0.00000352,-0.00000189,0.00000345,-0.00000013,0.00000614,-0.00001604,0.01853
422,-0.04308425,0.00168331,0.04520471,0.50056767,-0.00002397,0.00001829,-0.00000
394,-0.00013695,0.00011628,0.00009728,-0.00001325,-0.00001065,0.00004045,0.00000
319,0.00000526,0.00000027,-0.00000068,0.00000445,0.00000456,-0.00000314,-0.00000
364,0.00000705,-0.00004144,-0.00005782,0.00003521,0.00037008,0.00035586,0.000215
86,0.00007532,-0.00011130,-0.00007551,0.00000707,0.00000401,0.00001876,-0.000134
86,-0.00001168,0.00037247,-0.00001050,0.00001584,-0.00000312,0.00000168,-0.00001
278,0.00001482,-0.00000384,0.00001387,0.00000784,0.00000962,0.00006602,-0.000016
23,-0.00002263,0.00001339,-0.00000882,0.00000098,-0.00000206,0.00000061,0.000015
64,-0.00000736,-0.00003165,0.00003874,-0.00000791,-0.00000228,-0.00002738,-0.000
00849,-0.00005261,0.00007797,-0.00003456,-0.00002365,-0.00000476,0.00001344,-0.0
0000169,-0.00001263,-0.00001456,0.00001548,-0.00001424,0.00000487,0.00000682,0.0
0001286,-0.00001088,-0.00001551,-0.00002476,0.00008004,0.00003806,0.00003567,-0.
00003389,-0.00014003,-0.00009618,0.00016947,-0.00007002,0.00002405,0.00003753,0.
00008051,0.00000158,-0.00000228,0.00000225,0.00000002,-0.00000027,0.00000255,0.0
0000266,0.00000081,-0.00008041,0.00001875,-0.00001291,0.00005237,0.00000086,-0.0
0000896,0.00001381,-0.00000415,0.00001071,-0.00000562,0.00000147,-0.00000196,-0.
00000005,0.00000119,-0.00000274,0.00000654,-0.00000087,0.00000016,0.00000286,0.0
0000071,-0.00000225,-0.00000271,0.00000002,-0.00000419,0.00000391,0.00000946,0.0
0001004,-0.00000026,-0.00000151,0.00000377,0.00000517,-0.00000032,0.00000206,0.0
0000241,-0.00000095,0.00000106,-0.00000024,0.00000227,-0.00000081,-0.00000208,-0
.00000370,0.00000066,0.00000119,-0.00000117,0.00000108,0.00000309,0.00000015,-0.
00000049,0.00000186,0.00000051,-0.00000073,0.00000136,0.00000173,-0.00000229,0.0
0000213,0.00000213,-0.00000697,0.00000505,0.00000187,0.00000121,0.00000293,-0.00
000109,0.00000055,0.00000061,-0.00000105,0.00000040,0.00000016,-0.00000382,0.000
00010,-0.00000018,-0.00000909,0.00001694,-0.00000635,-0.00000144,0.00000459,0.00
000053,-0.00000105,0.00000306,0.00000116,0.00000021,0.00000092,0.00000181,0.0000
0051,-0.00000194,0.00000150,-0.00000289,0.00000092,0.00000182,0.00000031,0.00000
189,0.00000203,-0.00000040,-0.00000042,0.00000141,0.00000242,0.00000031,-0.00000
159,-0.00000009,-0.00000865,0.00000414,0.00001065,0.00000793,-0.00001647,0.00000
097,0.00000644,0.00000557,0.00000189,0.00000414,-0.00000067,-0.00003270,-0.00000
969,0.00001664,-0.00000092,0.00000576,-0.00000199,0.00002507,-0.00001742,-0.0000
1145,-0.00000286,0.00000163,-0.00000564,-0.00000557,-0.00000573,-0.00000464,0.00
000874,0.00000243,-0.00000002,0.00000281,0.00000351,-0.00000068,0.00000153,-0.00
000532,-0.00000313,-0.00000490,0.00000275,-0.00000140,-0.00159262,0.00356387,0.0
0265657,0.00011170,-0.00166582,0.52849043,-0.00125696,-0.00033147,0.00056810,0.0
0068863,-0.00059176,0.00131708,0.00044512,-0.00128742,0.00079703,0.00017439,-0.0
0009458,-0.00002044,0.00003333,-0.00001512,0.00005992,0.00001278,-0.00000232,0.0
0004478,0.00015894,0.00024667,-0.00005028,0.02228302,0.00295745,-0.00243413,0.00
000040,0.00007899,-0.00064985,0.00003220,-0.00008678,0.00009682,-0.00238900,-0.0
0038441,-0.00029159,0.00001101,0.00033723,0.00007338,-0.00012461,-0.00003077,-0.
00012920,0.00007930,0.00005118,-0.00002759,0.00006117,0.00011903,0.00006344,-0.0
0002486,0.00010961,-0.00001920,0.00002172,-0.00003770,-0.00006717,0.00179673,-0.
00022185,0.00024813,0.00039809,0.00010103,0.00039277,-0.00015771,0.00001336,-0.0
0038715,-0.00071354,0.00030885,-0.00032154,-0.00017510,-0.00012544,-0.00067882,0
.00011328,-0.00028231,-0.00018008,-0.00009238,-0.00006673,-0.00006951,-0.0002877
7,0.00009271,0.00008523,0.00022844,-0.00031004,-0.00022160,-0.00030811,0.0003249
7,0.00001836,-0.00219440,0.00603289,-0.00064360,-0.00039014,-0.00037412,0.000208
21,-0.00001807,0.00001302,-0.00001811,-0.00005729,0.00005204,0.00003837,0.000205
04,0.00092460,-0.00038838,0.00011934,-0.00069319,0.00022367,-0.00007215,-0.00012
700,0.00002376,-0.00001762,0.00001381,-0.00000569,0.00000769,0.00000489,-0.00001
049,0.00000320,-0.00001352,-0.00000321,0.00000984,-0.00001634,0.00000571,-0.0000
1110,-0.00002113,-0.00001375,-0.00002906,-0.00008998,0.00005140,-0.00001861,-0.0
0002991,0.00001773,-0.00000245,-0.00000378,-0.00000809,-0.00000334,-0.00000387,-
0.00000245,-0.00000689,0.00000092,0.00000383,-0.00000728,-0.00001614,-0.00003106
,-0.00000094,0.00001086,0.00001121,0.00000498,-0.00000027,0.00000057,0.00000566,
-0.00000467,0.00000020,0.00001082,-0.00000831,0.00000513,0.00001564,0.00000646,0
.00000548,-0.00000075,0.00003385,0.00000444,-0.00000544,0.00001354,-0.00000415,-
0.00000055,0.00000997,-0.00000074,-0.00000722,0.00000873,-0.00000375,-0.00000417
,0.00001394,-0.00000351,-0.00028442,0.00081030,-0.00035072,0.00000212,0.00001653
,0.00013082,-0.00010701,-0.00017985,-0.00011872,0.00000890,0.00008435,-0.0000441
4,-0.00002663,-0.00000444,-0.00001403,-0.00000136,-0.00002206,0.00003911,-0.0000
1250,0.00007067,0.00000249,-0.00004145,-0.00004480,0.00002364,0.00001947,-0.0000
3926,-0.00002469,0.00006419,-0.00015727,-0.00004362,0.00010640,0.00007704,0.0000
1249,-0.00006382,-0.00004962,-0.00000448,0.00001619,-0.00001754,-0.00000278,-0.0
0015189,-0.00003429,-0.00004460,0.00003336,0.00012014,0.00007224,0.00004206,-0.0
0008520,-0.00009555,-0.00006718,0.00007547,0.00000954,0.00002774,0.00001734,0.00
003208,-0.00004513,-0.00002030,0.00002302,0.00003033,0.00002378,-0.00003214,-0.0
0002064,0.00003472,0.00001452,-0.00000546,-0.00001761,0.00001914,-0.11332540,-0.
05310412,0.00922383,-0.13103219,0.06052662,0.00059037,0.48129590,-0.00198863,0.0
0066908,0.00043324,0.00038176,-0.00046373,0.00297279,0.00050594,-0.00158591,0.00
031232,0.00022674,-0.00011795,-0.00009296,0.00000803,0.00008268,0.00007274,0.000
01237,0.00000239,0.00004426,0.00024145,0.00007596,0.00037755,0.00249594,-0.04953
452,0.00394248,0.00072467,-0.00040646,-0.00187995,-0.00009034,-0.00005760,0.0001
1094,-0.00646559,0.00460985,-0.00048715,-0.00004855,0.00037529,0.00052184,-0.000
13610,-0.00002625,-0.00009471,-0.00009007,0.00010065,-0.00002146,0.00038662,-0.0
0006516,-0.00038626,0.00005671,0.00015448,-0.00002220,0.00002509,0.00001618,-0.0
0010455,0.00249954,-0.00281364,0.00108192,0.00039772,0.00005819,0.00061742,0.000
24047,0.00135245,-0.00171541,-0.00065702,0.00047728,-0.00058707,-0.00033132,-0.0
0031667,-0.00090825,0.00007435,-0.00033719,-0.00014949,-0.00022830,0.00000569,-0
.00011467,-0.00044633,0.00013609,0.00010243,0.00025560,-0.00054110,-0.00046221,0
.00029074,0.00037628,0.00016015,0.00305468,-0.00018529,0.00031756,-0.00055905,-0
.00018465,0.00021040,-0.00000029,0.00001375,-0.00002415,-0.00005672,0.00014389,0
.00002899,0.00120600,0.00105270,-0.00051678,-0.00033159,-0.00078140,0.00025417,-
0.00026514,-0.00015670,0.00003291,-0.00005149,0.00004298,-0.00004687,0.00002915,
0.00000083,-0.00004137,0.00001190,-0.00003409,-0.00001149,0.00002464,-0.00004206
,0.00002717,-0.00004730,-0.00005292,0.00003615,-0.00017808,-0.00008671,0.0000648
8,-0.00003406,-0.00003297,0.00005039,-0.00000186,-0.00000341,0.00003110,0.000007
25,-0.00000434,-0.00000389,-0.00000539,-0.00000702,0.00000180,-0.00000914,-0.000
02858,-0.00010873,0.00001294,0.00001276,-0.00000516,0.00000016,0.00001510,0.0000
2567,-0.00000694,0.00002108,0.00000915,0.00000635,0.00001731,-0.00000611,0.00003
047,0.00000716,0.00002283,0.00000018,0.00004577,0.00004807,-0.00001191,0.0000086
1,-0.00004131,-0.00003329,-0.00000256,-0.00002342,-0.00004716,-0.00000396,-0.000
00601,-0.00000407,0.00001799,0.00000153,-0.00018956,0.00100096,-0.00036112,0.000
01044,-0.00002098,0.00022005,-0.00015129,-0.00023652,-0.00018340,0.00001085,0.00
017588,-0.00005570,-0.00002937,-0.00002402,0.00000221,-0.00000278,-0.00004754,0.
00004571,-0.00003257,0.00016741,-0.00000501,-0.00006113,-0.00004948,0.00003682,0
.00000482,-0.00007080,-0.00004256,0.00013061,-0.00020741,-0.00010092,0.00002867,
0.00022081,0.00009796,-0.00011378,0.00003158,0.00006577,0.00003500,-0.00003540,-
0.00001377,-0.00007443,-0.00006339,-0.00005808,0.00010282,0.00017871,0.00015476,
0.00000865,-0.00014447,-0.00028361,-0.00006084,0.00004388,0.00006644,0.00015082,
0.00007773,0.00007419,-0.00006398,-0.00002797,-0.00002913,0.00008652,0.00006387,
-0.00008187,-0.00003218,0.00003213,0.00002501,-0.00000568,-0.00006230,0.00006654
,-0.04664052,-0.11162077,0.00763028,0.06308722,-0.11226044,-0.00123342,-0.033786
48,0.42255641,0.00032437,0.00001211,-0.00014135,-0.00032402,0.00091274,0.0002598
5,-0.00013090,0.00083105,0.00116126,-0.00005490,0.00001769,0.00000519,0.00002646
,-0.00003212,-0.00002468,-0.00000510,0.00003951,-0.00002934,-0.00009089,0.000362
05,-0.00024811,-0.00234229,0.00438192,-0.00269659,0.00002789,-0.00053946,-0.0001
2872,0.00001873,-0.00000797,-0.00004976,0.00020779,-0.00034980,-0.00419836,0.000
03921,-0.00012756,-0.00003574,0.00016615,0.00007082,0.00000266,0.00001649,-0.000
06963,-0.00001672,0.00013709,-0.00016548,0.00003735,0.00005554,-0.00005945,0.000
01447,-0.00001120,0.00001759,-0.00000884,-0.00031639,0.00021846,0.00035990,-0.00
026020,-0.00009807,-0.00027806,-0.00005945,0.00000003,0.00034700,0.00002404,-0.0
0034649,-0.00030150,0.00002420,-0.00008645,0.00005684,0.00007268,0.00015113,-0.0
0012736,-0.00002100,-0.00003083,-0.00002153,0.00007626,0.00003049,-0.00010119,-0
.00012341,-0.00031504,0.00004179,-0.00012775,0.00009162,0.00031155,0.00004643,-0
.00071531,0.00162617,0.00027982,0.00013816,0.00012288,-0.00001496,0.00001386,-0.
00000785,0.00001820,-0.00004390,-0.00000810,-0.00022808,-0.00019101,0.00058406,-
0.00004564,0.00021179,-0.00039427,0.00004344,0.00003101,-0.00005845,0.00002215,-
0.00005064,0.00003015,-0.00000707,-0.00000122,0.00001139,-0.00000428,0.00000736,
0.00000003,-0.00000854,0.00001085,-0.00000763,0.00000380,0.00001884,-0.00000751,
0.00003074,0.00000794,-0.00005392,-0.00004490,-0.00003795,-0.00000444,0.00000389
,-0.00000702,-0.00000562,-0.00000583,-0.00000255,-0.00000859,-0.00000527,0.00000
107,0.00000322,0.00000788,0.00001116,0.00002801,0.00000659,0.00000035,-0.0000031
5,0.00000650,-0.00000909,-0.00001496,0.00000320,-0.00000500,-0.00000473,-0.00000
192,-0.00000053,-0.00000171,-0.00000696,0.00000577,-0.00001694,0.00000074,0.0000
2016,-0.00002224,-0.00000457,0.00000246,-0.00001609,0.00000796,0.00000563,-0.000
00041,0.00001631,0.00000515,-0.00000681,0.00001390,-0.00000347,-0.00001941,0.000
04357,-0.00026013,-0.00004714,-0.00000822,0.00003095,-0.00002985,0.00004217,0.00
003565,0.00007147,0.00000368,-0.00004339,-0.00000377,-0.00001572,0.00001407,-0.0
0001270,0.00000940,0.00003011,-0.00000476,-0.00000183,-0.00004412,-0.00000697,0.
00001685,0.00000142,0.00000807,0.00001057,-0.00001062,0.00000014,0.00018030,-0.0
0008100,0.00010426,-0.00010784,-0.00004797,0.00000082,0.00001796,0.00003707,-0.0
0001208,0.00002327,0.00001961,-0.00000052,-0.00008791,0.00002653,0.00002895,0.00
000485,0.00001977,-0.00007966,0.00007760,-0.00012078,-0.00006332,-0.00000441,-0.
00003910,-0.00006207,-0.00004529,-0.00003095,-0.00003777,0.00006050,0.00000336,0
.00000476,-0.00000441,0.00000827,-0.00000352,0.00000313,-0.00002614,-0.00001287,
-0.00001682,0.00003759,-0.00002631,0.00879532,0.00714518,-0.04951589,0.00043875,
-0.00108173,-0.06436908,0.00079905,0.00449526,0.47630120,0.00015888,-0.00045277,
0.00004588,0.00003941,-0.00005410,-0.00040964,0.00002428,0.00014158,0.00008122,-
0.00002262,-0.00004706,0.00004143,0.00002679,-0.00001875,0.00000431,-0.00001387,
0.00000696,-0.00000533,0.00008309,0.00006574,-0.00026810,-0.00038545,0.00220695,
0.00029015,-0.00005188,0.00010097,0.00028413,-0.00000477,-0.00003287,-0.00002799
,0.00081017,-0.00125093,-0.00111942,0.00002405,0.00000352,-0.00008106,-0.0000016
8,0.00005215,-0.00003454,0.00008733,-0.00002321,0.00000371,-0.00002191,-0.000012
93,0.00008001,0.00000329,-0.00001112,-0.00000172,0.00001991,-0.00002119,-0.00000
546,-0.00023382,0.00037898,-0.00011540,-0.00013276,0.00001158,-0.00011327,0.0000
0775,-0.00000027,0.00019703,0.00000453,0.00000313,0.00010248,0.00005774,-0.00003
464,0.00010281,0.00004610,0.00003300,-0.00004509,0.00003248,0.00000805,0.0000189
8,0.00002742,0.00002737,-0.00000009,0.00011055,-0.00034422,0.00025509,-0.0004466
4,0.00028922,0.00004996,0.00001207,-0.00032559,0.00007490,0.00006951,-0.00000522
,-0.00007568,-0.00000946,-0.00001329,0.00000245,0.00000212,-0.00002021,-0.000001
90,-0.00017096,-0.00012082,0.00008885,0.00007154,0.00010662,-0.00007285,0.000033
96,0.00000485,-0.00001287,0.00000046,0.00000324,0.00001171,-0.00000351,0.0000021
5,-0.00000143,0.00000254,-0.00000174,-0.00000073,-0.00000381,0.00000683,-0.00000
071,-0.00000040,0.00001919,-0.00000594,0.00001802,0.00001131,0.00000017,0.000011
93,0.00000281,-0.00000964,-0.00000522,0.00000280,-0.00000945,0.00000673,0.000007
65,0.00001208,0.00001288,0.00000681,-0.00000458,-0.00000407,0.00000300,0.0000007
0,0.00000025,-0.00000031,-0.00000180,0.00000004,0.00000017,-0.00000116,0.0000007
2,0.00000103,-0.00000165,0.00000012,0.00000004,-0.00000112,-0.00000133,0.0000000
8,-0.00000266,-0.00001353,-0.00001432,-0.00001049,0.00000309,-0.00000017,0.00001
134,0.00000132,0.00000173,0.00000150,0.00000055,0.00000212,0.00000239,-0.0000005
5,-0.00000069,-0.00000224,0.00003146,-0.00009557,0.00003668,0.00000191,-0.000008
14,-0.00000808,-0.00000376,-0.00001578,0.00000700,0.00000191,-0.00001774,0.00000
359,0.00000610,-0.00000085,-0.00000030,-0.00000304,0.00000087,-0.00000575,0.0000
0809,-0.00002037,0.00000293,0.00000389,0.00000295,-0.00000299,-0.00000226,0.0000
0477,-0.00000237,0.00002042,0.00002458,-0.00000734,0.00000286,-0.00000522,0.0000
0365,0.00000343,-0.00001114,-0.00001701,-0.00001057,-0.00000055,0.00000061,0.000
02445,0.00000197,0.00000446,-0.00001794,-0.00002939,-0.00000923,-0.00000828,0.00
001353,0.00005012,-0.00000461,-0.00001204,-0.00001089,-0.00001541,-0.00001021,0.
00000195,0.00000254,-0.00000131,-0.00000589,-0.00001029,-0.00001297,0.00001012,0
.00000272,-0.00000450,0.00000224,0.00000292,0.00000051,-0.00000817,-0.01645300,-
0.01839944,-0.01330153,-0.01952048,0.00262861,-0.01918455,-0.10444713,-0.0034215
2,-0.05514792,0.49860091,0.00035551,0.00031894,-0.00004110,-0.00000063,0.0001049
1,-0.00035121,-0.00007202,0.00039979,-0.00008936,-0.00000605,0.00003638,-0.00003
761,0.00001127,0.00002189,-0.00000455,0.00002550,0.00000065,-0.00002308,-0.00002
529,0.00002049,-0.00006721,-0.00089152,0.00267519,-0.00112898,-0.00009659,-0.000
00675,0.00022502,-0.00004280,0.00007105,-0.00006135,-0.00028093,-0.00377281,-0.0
0224682,-0.00007590,-0.00013992,-0.00005109,-0.00002469,-0.00005950,0.00005576,-
0.00005881,-0.00005094,-0.00003107,-0.00004995,-0.00002736,0.00005913,-0.0000004
2,-0.00002485,0.00001119,0.00001455,0.00000152,0.00001477,-0.00050854,0.00048679
,-0.00024777,0.00000906,0.00006611,0.00005662,0.00017517,-0.00009888,0.00020801,
0.00000259,-0.00004105,0.00009907,-0.00035907,0.00010231,0.00021005,0.00001317,0
.00010178,0.00005413,0.00006549,-0.00007019,0.00001825,0.00009220,-0.00003955,-0
.00000277,-0.00018266,0.00049845,-0.00009584,0.00021890,-0.00057218,-0.00003597,
-0.00042397,-0.00086678,0.00014643,0.00014664,0.00000303,-0.00005419,-0.00000919
,-0.00000466,0.00001053,0.00001116,-0.00001763,-0.00000139,0.00002327,-0.0002057
2,0.00001198,-0.00004970,0.00012895,0.00000135,0.00001849,0.00002901,0.00000052,
0.00000067,0.00000392,0.00001092,-0.00000446,0.00000370,-0.00000001,0.00000041,-
0.00000005,-0.00000099,-0.00000543,0.00001106,0.00000200,0.00000433,0.00001372,-
0.00000827,0.00000749,0.00001704,-0.00001827,0.00000543,0.00001430,-0.00000332,0
.00000377,0.00000076,0.00000197,0.00000163,-0.00000246,-0.00000571,-0.00000272,-
0.00000339,0.00000166,0.00000356,0.00000309,0.00001210,0.00000023,-0.00000109,-0
.00000738,0.00000172,-0.00000259,-0.00000557,0.00000264,-0.00000392,-0.00000272,
0.00000155,-0.00000413,0.00000146,-0.00000316,-0.00000312,0.00000612,-0.00000391
,-0.00001404,0.00000388,0.00000004,-0.00000114,-0.00000024,-0.00000252,-0.000001
06,-0.00000086,-0.00000127,-0.00000002,0.00000173,-0.00000132,-0.00000120,0.0000
0132,0.00006758,-0.00012997,0.00004015,-0.00000362,-0.00000269,-0.00002184,0.000
02144,0.00000004,0.00001214,0.00000112,-0.00002143,0.00000829,0.00000591,0.00000
265,0.00000117,0.00000159,0.00000888,-0.00000713,0.00000465,-0.00003639,0.000002
50,-0.00001238,0.00001189,-0.00000008,0.00000017,0.00001325,-0.00000397,0.000035
61,0.00000443,0.00001663,-0.00000039,-0.00004498,-0.00001592,0.00000202,-0.00001
667,-0.00002588,-0.00000444,-0.00000537,0.00000454,0.00000414,0.00000108,0.00000
824,-0.00002639,-0.00002134,-0.00001625,0.00000897,0.00001939,0.00006386,-0.0000
1912,0.00002417,-0.00001497,-0.00002802,-0.00001728,-0.00000355,0.00001485,-0.00
000223,0.00000066,-0.00001392,-0.00001059,0.00000773,0.00000102,0.00000200,-0.00
000130,-0.00000281,0.00001371,-0.00001801,-0.02849090,-0.02149573,-0.02099822,0.
01380883,0.00040815,0.01395735,-0.00215674,-0.06128209,-0.00815952,-0.00653642,0
.53571087,0.00016293,-0.00004600,-0.00023531,-0.00009392,0.00017053,-0.00011991,
-0.00006210,0.00012554,0.00004915,-0.00000879,-0.00002485,0.00000096,0.00000262,
0.00000339,0.00002056,-0.00001933,0.00000592,0.00001276,-0.00017521,-0.00011583,
0.00003773,0.00029695,0.00046677,0.00049974,0.00001637,-0.00009130,0.00004383,-0
.00000239,-0.00000423,0.00000225,-0.00014605,-0.00244703,-0.00045249,-0.00001776
,0.00003327,-0.00004207,0.00002446,-0.00000931,0.00002811,0.00002146,-0.00000941
,0.00001499,-0.00002061,0.00001377,-0.00000403,-0.00001258,0.00000202,-0.0000079
0,0.00001365,-0.00001090,-0.00000142,-0.00026117,0.00015178,-0.00015763,-0.00002
716,-0.00005174,-0.00005538,-0.00002044,0.00000180,0.00003298,0.00014478,-0.0000
6910,-0.00000219,0.00009796,0.00004714,0.00009251,-0.00003393,0.00000133,0.00005
184,0.00000131,0.00004372,0.00004965,0.00006434,-0.00012287,0.00006327,0.0000347
6,0.00017491,-0.00002034,-0.00012703,0.00007710,-0.00011405,-0.00004734,0.000055
83,0.00008004,0.00004756,-0.00002796,0.00001539,-0.00000332,-0.00002001,0.000005
82,0.00000188,-0.00000681,0.00000094,-0.00002066,-0.00009807,-0.00008706,0.00001
940,0.00006962,0.00004967,0.00000886,0.00000312,0.00002603,-0.00000877,0.0000216
0,-0.00001614,0.00000295,-0.00000542,-0.00000622,0.00000235,-0.00000447,0.000010
97,-0.00000353,0.00000616,0.00000183,0.00000541,-0.00000598,0.00000023,-0.000008
70,0.00000650,0.00000431,0.00002962,0.00002441,-0.00000471,-0.00000519,0.0000060
5,0.00000167,0.00000026,0.00000383,0.00000676,0.00000614,0.00000446,0.00000071,0
.00000502,0.00000429,-0.00000319,-0.00000270,-0.00000134,-0.00000286,-0.00000334
,0.00000442,0.00000429,-0.00000090,0.00000260,-0.00000006,-0.00000027,0.00000056
,-0.00000067,0.00000028,-0.00000370,0.00000478,-0.00000132,-0.00002507,0.0000062
0,0.00000412,-0.00000315,0.00000881,-0.00000422,-0.00000292,0.00000148,-0.000004
39,-0.00000129,0.00000321,-0.00000713,-0.00000208,0.00000291,0.00001616,-0.00002
017,0.00002077,-0.00000038,-0.00000515,0.00000524,-0.00000517,-0.00001237,-0.000
00726,0.00000222,-0.00000863,0.00000209,0.00000438,-0.00000625,0.00000800,-0.000
00867,0.00000253,0.00000247,0.00000469,-0.00000661,0.00000242,-0.00000725,0.0000
0413,-0.00000137,-0.00000413,-0.00000075,-0.00000153,0.00002264,0.00003111,-0.00
000696,0.00002352,0.00001264,0.00001442,0.00001183,0.00000087,-0.00000825,-0.000
00612,0.00000132,0.00000070,0.00001474,-0.00000979,0.00000063,-0.00001475,-0.000
02128,-0.00000472,-0.00001014,0.00001398,0.00001008,0.00000729,-0.00003536,-0.00
000315,-0.00000984,-0.00000898,-0.00000119,0.00000563,-0.00000396,-0.00000116,-0
.00000455,-0.00000940,0.00000807,0.00000254,-0.00001074,-0.00000330,0.00000167,0
.00000135,-0.00000080,-0.00408966,-0.00474139,0.00132892,-0.00541294,0.00152469,
-0.00354950,-0.05595880,-0.00907429,-0.13801834,-0.04158279,-0.00907023,0.473048
10,0.00023260,-0.00042899,0.00015572,-0.00004187,0.00000392,-0.00024871,0.000057
97,0.00003909,-0.00007716,-0.00000548,-0.00002347,0.00002316,0.00001614,-0.00000
428,0.00000559,-0.00000796,-0.00000023,0.00000727,-0.00001418,-0.00006606,-0.000
03798,-0.00049972,0.00211106,-0.00058744,-0.00001501,0.00000973,0.00014285,0.000
00586,0.00000429,-0.00002248,0.00138327,-0.00095286,0.00105449,-0.00001067,-0.00
004378,-0.00011798,-0.00003170,-0.00001084,-0.00000507,0.00004161,-0.00000727,-0
.00000110,-0.00006151,0.00018965,0.00011340,-0.00002167,-0.00000536,0.00001025,0
.00001720,-0.00001243,0.00000003,-0.00027270,0.00039244,-0.00017539,-0.00005649,
0.00003012,-0.00005753,-0.00003113,-0.00003912,0.00010184,0.00005030,-0.00002119
,0.00008524,0.00003216,0.00008919,0.00008393,-0.00003733,0.00003885,0.00003809,0
.00005290,-0.00001070,0.00002917,0.00004080,0.00002403,-0.00002058,0.00002679,0.
00005420,0.00010579,-0.00009368,-0.00008194,-0.00007052,-0.00003303,-0.00023364,
-0.00019328,0.00009626,0.00000547,-0.00000019,-0.00000718,-0.00001588,0.00000419
,0.00000126,-0.00001608,-0.00000071,-0.00011252,-0.00010557,0.00002049,0.0000794
4,0.00008371,-0.00002109,0.00002152,0.00000426,-0.00001521,0.00000601,-0.0000042
3,0.00001332,-0.00000480,0.00000524,0.00000445,0.00000179,0.00000069,-0.00000613
,-0.00000239,0.00000243,0.00000072,-0.00000148,0.00001779,0.00000020,0.00001447,
0.00001638,-0.00000388,0.00000166,0.00000466,-0.00000193,-0.00000006,0.00000204,
-0.00000030,0.00000381,0.00000428,0.00000284,0.00000278,0.00000311,-0.00000178,-
0.00000187,0.00000150,0.00000756,-0.00000349,0.00000044,-0.00000062,0.00000147,-
0.00000201,-0.00000383,0.00000141,-0.00000074,-0.00000153,0.00000037,-0.00000022
,-0.00000061,0.00000033,-0.00000068,-0.00000322,-0.00000369,-0.00000690,-0.00000
535,0.00000105,0.00000020,0.00000306,0.00000082,0.00000172,-0.00000027,0.0000013
4,0.00000169,0.00000036,-0.00000022,-0.00000186,-0.00000389,0.00001291,-0.000069
16,0.00003109,-0.00000124,-0.00000819,-0.00000166,-0.00000101,-0.00000488,0.0000
0900,0.00000232,-0.00001478,0.00000364,0.00000357,-0.00000172,0.00000035,-0.0000
0196,0.00000313,-0.00000408,0.00000789,-0.00001804,0.00000385,0.00000321,0.00000
328,-0.00000092,0.00000225,0.00000663,-0.00000217,0.00000989,0.00002612,-0.00000
753,0.00000207,0.00001544,-0.00000867,0.00000520,-0.00000379,-0.00001257,-0.0000
0565,0.00000136,0.00000153,0.00000415,0.00000134,0.00001963,-0.00001822,-0.00002
951,-0.00001373,0.00001534,-0.00001314,0.00004731,-0.00000644,-0.00000789,-0.000
00612,-0.00001859,-0.00001344,-0.00000159,0.00001084,0.00000041,-0.00000528,-0.0
0000629,-0.00000841,0.00000770,0.00000325,-0.00000821,-0.00000002,-0.00000303,0.
00000492,-0.00000966,-0.01320280,-0.01445003,0.01690096,-0.01620700,0.00497787,0
.02055941,-0.09087431,0.00350657,0.04902420,0.00587461,0.00014138,-0.01296699,0.
50759966,0.00022608,0.00012687,-0.00029095,0.00014857,-0.00015196,-0.00053241,-0
.00014787,0.00026067,-0.00011201,-0.00001188,0.00002069,-0.00001730,0.00000734,0
.00000248,0.00000152,-0.00000368,0.00000817,-0.00001660,-0.00001667,-0.00005001,
-0.00006324,0.00006231,0.00248496,0.00051799,-0.00014470,0.00016283,0.00031650,-
0.00000026,0.00003553,0.00000170,-0.00000269,-0.00485147,0.00406715,-0.00005343,
0.00007419,-0.00007873,0.00001170,-0.00003248,0.00006171,0.00001668,-0.00004165,
0.00000898,-0.00014886,-0.00001394,0.00005156,0.00001617,-0.00004711,-0.00000213
,0.00000364,-0.00000679,0.00000692,-0.00043008,0.00066370,-0.00024828,0.00000386
,-0.00006122,-0.00003639,0.00012669,-0.00023095,0.00014567,-0.00001559,0.0000531
3,0.00008836,0.00001731,-0.00001310,0.00016414,0.00001875,0.00009489,-0.00001199
,0.00000065,0.00003497,0.00002720,0.00005174,-0.00006712,-0.00000296,-0.00005286
,0.00006857,0.00002721,0.00002992,-0.00014856,0.00008739,-0.00060531,-0.00068606
,-0.00013186,0.00012139,0.00001140,-0.00004017,-0.00001012,-0.00000170,0.0000018
6,0.00000681,-0.00001636,0.00000092,-0.00003302,-0.00021906,0.00018963,-0.000088
62,0.00015411,-0.00011213,0.00001875,0.00002780,-0.00000102,-0.00000212,0.000002
90,0.00000611,0.00000110,-0.00000394,-0.00000469,0.00000050,-0.00000002,0.000010
29,-0.00001030,0.00001712,-0.00000211,0.00000485,0.00000963,-0.00001096,0.000006
11,0.00001171,-0.00002406,0.00000057,0.00000431,-0.00000323,-0.00000016,-0.00000
225,-0.00000694,-0.00000100,-0.00000012,-0.00000110,0.00000261,0.00000121,0.0000
0195,0.00000562,0.00000206,0.00000815,0.00000350,-0.00000502,-0.00000450,0.00000
032,-0.00000034,-0.00000103,0.00000152,-0.00000090,-0.00000251,0.00000094,-0.000
00297,0.00000095,-0.00000232,-0.00000061,0.00000062,-0.00000363,-0.00000749,-0.0
0000252,0.00000110,0.00000023,0.00000441,0.00000212,0.00000126,0.00000083,0.0000
0110,0.00000128,0.00000102,0.00000286,0.00000025,-0.00000060,0.00005514,-0.00009
409,0.00004804,0.00000445,-0.00000376,-0.00001759,0.00001551,0.00000234,0.000013
21,0.00000088,-0.00002356,0.00000798,0.00000442,0.00000139,0.00000210,-0.0000053
8,0.00000854,-0.00000424,0.00000639,-0.00002151,0.00000604,0.00000216,0.00001210
,-0.00000509,-0.00000089,0.00001342,0.00000619,-0.00001574,0.00001823,-0.0000106
5,0.00003901,-0.00000914,-0.00002305,0.00001192,-0.00002203,-0.00001792,-0.00001
118,-0.00000286,0.00000853,0.00000999,-0.00000394,0.00001180,-0.00003104,-0.0000
3110,-0.00000421,-0.00000127,0.00002386,0.00007265,-0.00001824,0.00003476,0.0000
0401,-0.00002504,-0.00001468,-0.00000149,0.00000801,-0.00000213,0.00000231,-0.00
001402,-0.00001218,0.00001334,0.00000231,0.00000329,0.00000029,0.00000036,0.0000
1073,-0.00001553,-0.02402088,-0.01608425,0.02674671,0.01256157,-0.00171099,-0.01
621144,0.00469708,-0.06077059,-0.00291111,0.00146086,0.00128342,-0.00293755,-0.0
0147089,0.53700377,-0.00040335,0.00001701,-0.00002173,0.00002345,-0.00009750,0.0
0017154,-0.00002683,-0.00006985,0.00017993,-0.00000366,0.00000474,0.00003753,-0.
00001612,-0.00000234,-0.00000600,-0.00000664,-0.00000811,-0.00000013,-0.00001092
,-0.00003767,0.00001660,0.00006144,-0.00095919,0.00058234,0.00003263,0.00005384,
-0.00007939,0.00004490,-0.00001786,0.00008317,-0.00031691,0.00385858,-0.00154184
,0.00007384,0.00013841,0.00007768,0.00001054,-0.00001426,0.00000997,0.00004346,0
.00009717,0.00003211,0.00002310,0.00009615,-0.00012366,-0.00002870,0.00002918,-0
.00002921,-0.00002399,-0.00000296,0.00000083,0.00036773,-0.00039964,0.00014220,0
.00005816,-0.00003658,-0.00004184,0.00002417,0.00000034,-0.00003723,-0.00005095,
0.00007170,-0.00008014,0.00005419,-0.00001050,-0.00018345,0.00004433,-0.00007406
,-0.00005921,-0.00006349,0.00005036,-0.00004154,-0.00008996,0.00001256,-0.000043
58,0.00001448,-0.00014117,0.00001098,0.00009230,-0.00001944,-0.00002242,0.000146
49,0.00001201,0.00003143,-0.00005815,0.00003842,0.00000375,0.00000844,0.00002287
,-0.00000803,-0.00000276,0.00001576,0.00000162,0.00000964,0.00012824,-0.00013440
,0.00003761,-0.00012997,0.00012254,-0.00000744,-0.00002656,0.00001980,-0.0000097
4,0.00001636,-0.00001282,0.00000283,-0.00000249,-0.00000109,0.00000103,-0.000003
95,0.00000492,0.00000470,-0.00000733,0.00000408,-0.00000487,-0.00000414,-0.00000
332,-0.00000256,-0.00002263,0.00001639,0.00001603,0.00000622,-0.00001002,-0.0000
0677,0.00000132,0.00000144,0.00000250,0.00000325,0.00000869,0.00000367,0.0000004
9,-0.00000544,-0.00000789,-0.00000794,-0.00001045,-0.00000420,0.00000147,0.00000
539,-0.00000210,0.00000253,0.00000656,-0.00000102,0.00000015,0.00000513,-0.00000
003,0.00000089,0.00000119,0.00000353,-0.00000229,-0.00000172,0.00000072,-0.00000
271,0.00000529,0.00000389,0.00000343,0.00000690,0.00000069,0.00000177,0.00000161
,-0.00000094,0.00000102,0.00000041,-0.00000311,0.00000387,0.00000210,-0.00001879
,0.00003878,-0.00002543,0.00000379,0.00001074,-0.00000496,-0.00000356,0.00000869
,0.00000094,-0.00000233,0.00001519,-0.00000002,-0.00000191,0.00000017,-0.0000046
4,-0.00000003,-0.00000349,0.00000003,-0.00000552,0.00002547,-0.00000153,0.000015
39,-0.00000322,-0.00000181,0.00000322,0.00000058,0.00000733,-0.00002785,-0.00003
873,-0.00002000,-0.00001204,0.00001478,-0.00003499,-0.00000586,0.00000320,0.0000
1635,0.00000170,0.00000346,-0.00000222,-0.00001798,0.00000025,0.00000325,0.00001
972,0.00002760,0.00001890,0.00001456,-0.00003434,-0.00001687,-0.00000409,0.00003
563,0.00000536,0.00001689,0.00001315,0.00000036,-0.00000759,0.00000295,-0.000000
41,0.00000899,0.00001130,-0.00000756,-0.00000091,0.00000916,0.00000107,-0.000000
59,-0.00000457,0.00000418,0.00887711,0.00886064,-0.00539800,0.00552986,-0.002473
64,-0.00473343,0.04987022,-0.00197733,-0.15297675,0.00815564,-0.00111334,-0.0290
6981,0.03756599,0.00167255,0.46240758,0.00007638,0.00002354,-0.00001421,-0.00003
926,0.00000378,-0.00010614,0.00000847,-0.00004059,-0.00007685,0.00000838,-0.0000
0328,-0.00000978,-0.00000012,0.00000814,0.00000500,-0.00000033,-0.00000148,0.000
00048,-0.00002761,-0.00005108,0.00001856,-0.00047992,-0.00005440,-0.00026717,0.0
0001545,0.00001869,0.00005801,-0.00002065,0.00001055,-0.00000784,0.00035120,-0.0
0006600,0.00016808,-0.00003925,-0.00000584,0.00000687,-0.00001884,-0.00002150,0.
00001535,-0.00001368,-0.00000481,0.00000432,-0.00002608,0.00000685,-0.00001855,-
0.00000348,-0.00000224,-0.00000427,0.00000482,-0.00000557,0.00000353,-0.00005883
,-0.00005953,-0.00003969,0.00002785,0.00002793,0.00003251,-0.00003108,0.00001473
,0.00000224,0.00003170,0.00001570,0.00006419,-0.00002925,0.00002408,0.00004858,-
0.00002255,-0.00000207,0.00003823,0.00002297,-0.00000577,0.00000890,0.00002610,-
0.00000524,0.00000989,-0.00000155,0.00007347,0.00002403,0.00003831,-0.00005015,-
0.00005110,0.00012430,-0.00013313,0.00006768,0.00006439,0.00001467,-0.00001817,-
0.00000009,-0.00001264,0.00000320,0.00000131,0.00000512,0.00000156,0.00005219,-0
.00005614,-0.00005505,-0.00001859,0.00003341,0.00003244,-0.00000347,0.00000966,0
.00000649,-0.00000377,0.00000841,-0.00000508,0.00000013,-0.00000027,-0.00000060,
0.00000129,-0.00000014,-0.00000168,0.00000189,-0.00000344,0.00000046,-0.00000118
,0.00000132,0.00000274,-0.00000500,0.00000558,0.00000116,0.00000940,0.00000917,0
.00000049,0.00000103,0.00000270,0.00000175,0.00000015,0.00000115,0.00000276,0.00
000482,0.00000096,0.00000062,0.00000055,0.00000055,-0.00000665,-0.00000097,-0.00
000050,-0.00000371,-0.00000187,0.00000216,0.00000298,-0.00000154,0.00000257,0.00
000114,-0.00000057,0.00000136,-0.00000124,0.00000105,-0.00000291,0.00000496,-0.0
0000202,-0.00000733,0.00000419,0.00000143,-0.00000169,0.00000164,-0.00000275,-0.
00000239,-0.00000128,-0.00000487,-0.00000220,0.00000163,-0.00000197,-0.00000003,
0.00000291,0.00001308,0.00000850,0.00000261,-0.00000047,-0.00000657,0.00000394,-
0.00000247,-0.00001145,-0.00001100,0.00000067,0.00000567,0.00000161,0.00000266,-
0.00000365,0.00000284,-0.00000180,-0.00000312,-0.00000048,-0.00000006,0.00000111
,0.00000049,-0.00000743,0.00000188,-0.00000026,-0.00000318,0.00000104,-0.0000017
4,0.00000815,-0.00000489,-0.00002830,0.00002887,-0.00000729,-0.00000083,-0.00000
747,-0.00000961,0.00000327,-0.00000689,-0.00000740,0.00000102,0.00002558,-0.0000
1947,0.00000137,-0.00001716,-0.00000868,0.00000620,-0.00001564,0.00003463,0.0000
1685,0.00000039,-0.00000305,-0.00000193,0.00000441,-0.00000352,0.00000577,0.0000
0149,-0.00000170,-0.00000079,-0.00000017,-0.00000311,0.00000051,-0.00000175,0.00
000460,0.00000108,0.00000030,-0.00000037,-0.00000123,0.00105611,-0.00095147,0.00
086425,-0.13481722,-0.02614768,-0.11440152,-0.01849806,-0.00069738,-0.01886508,-
0.00381289,0.00387894,-0.00023052,0.00060460,-0.00056311,-0.00079159,0.15637515,
-0.00008186,-0.00000519,0.00002935,0.00005065,-0.00000540,0.00015804,0.00004235,
-0.00009443,0.00004508,0.00000240,-0.00000738,-0.00000092,0.00000156,0.00000075,
0.00000363,0.00000094,0.00000482,-0.00000085,0.00001768,0.00003120,-0.00001531,0
.00082007,-0.00042054,0.00023867,0.,0.00000162,-0.00009089,-0.00000303,-0.000012
12,0.00001419,-0.00045881,0.00011230,-0.00001724,0.00000403,0.00001492,0.0000034
0,0.00000211,0.00000707,-0.00000943,-0.00000061,-0.00000056,-0.00000680,0.000022
55,0.00000511,0.00000526,-0.00000094,0.00000848,0.00000164,-0.00000053,0.0000007
4,-0.00000513,0.00011711,-0.00000574,0.00002912,0.00000671,-0.00000279,0.0000135
4,0.00002618,-0.00006137,-0.00003274,-0.00007497,0.00003619,-0.00006050,-0.00000
371,-0.00002553,-0.00004553,0.00001478,-0.00001311,-0.00001853,-0.00001068,0.000
00375,-0.00000442,-0.00002808,0.00000228,0.00000854,0.00001929,-0.00003992,-0.00
002648,-0.00002501,0.00002431,0.00002822,-0.00005286,0.00015280,-0.00009171,-0.0
0004252,0.00000095,0.00008559,-0.00000437,-0.00000275,-0.00000360,-0.00000467,0.
00000617,0.00000216,0.00002282,0.00005757,-0.00000614,-0.00000208,-0.00003477,0.
00000307,-0.00000688,-0.00000876,0.00000053,-0.00000111,0.00000062,-0.00000491,0
.00000171,-0.00000166,-0.00000230,0.00000068,-0.00000132,0.00000044,0.00000039,-
0.00000053,-0.00000012,0.00000025,-0.00000465,0.00000124,-0.00000410,-0.00000406
,0.00000308,-0.00000228,-0.00000365,0.00000146,0.00000105,0.00000026,-0.00000094
,0.00000009,0.00000030,-0.00000009,0.00000012,0.00000030,0.00000056,-0.00000107,
-0.00000130,-0.00000396,0.00000078,0.00000047,0.00000158,-0.00000031,0.00000099,
0.00000191,-0.00000081,0.00000153,0.00000035,-0.00000020,0.00000110,-0.00000054,
0.00000064,0.00000130,-0.00000003,0.00000015,0.00000382,-0.00000090,-0.00000060,
-0.00000001,-0.00000274,-0.00000135,-0.00000042,-0.00000127,-0.00000234,-0.00000
045,-0.00000002,-0.00000040,0.00000078,0.00000090,-0.00001791,0.00004433,-0.0000
1709,0.00000039,0.00000181,0.00000464,-0.00000317,-0.00000861,-0.00000621,0.0000
0025,0.00000854,-0.00000377,-0.00000513,0.00000093,-0.00000279,0.00000282,-0.000
00143,0.00000249,-0.00000339,0.00000940,-0.00000130,-0.00000060,-0.00000448,0.00
000425,0.00000299,-0.00000444,0.00000054,-0.00001141,-0.00001990,0.00001855,0.00
000263,-0.00000105,-0.00001223,-0.00001149,0.00000227,-0.00000118,0.00000760,0.0
0000099,-0.00000564,-0.00007865,-0.00000809,0.00000355,0.00001018,0.00004319,-0.
00000048,0.00004537,-0.00004274,-0.00002976,0.00000188,0.00002403,-0.00000302,0.
00000176,0.00000083,-0.00000137,-0.00000392,-0.00000037,0.00000973,0.00000541,0.
00001038,-0.00000885,-0.00000228,0.00000604,0.,-0.00000121,0.00000105,0.00000052
,-0.00053693,0.00156050,-0.00046400,-0.02618951,-0.05015056,-0.03162587,0.014126
43,0.00216215,0.01552111,0.00307534,-0.00252120,0.00017657,-0.00043365,0.0004038
2,0.00067616,0.02753542,0.05511716,0.00008097,-0.00002363,-0.00002508,-0.0000999
1,0.00002019,-0.00014646,-0.00002381,-0.00000181,-0.00002915,0.00000143,-0.00000
855,0.00000130,0.00000349,0.00000343,0.00000582,-0.00000081,-0.00000239,-0.00000
035,-0.00001208,-0.00004314,-0.00000632,-0.00042879,0.00003707,-0.00017196,0.000
07244,0.00000116,0.00006709,-0.00001460,0.00000816,-0.00001162,0.00046275,0.0000
0665,0.00004187,-0.00002154,-0.00000665,0.00000517,-0.00000446,0.00000207,0.0000
1120,-0.00000054,-0.00000675,0.00001130,-0.00001358,-0.00000809,0.00000237,-0.00
000107,-0.00000526,0.00000010,0.00000397,-0.00000387,-0.00000088,-0.00005382,-0.
00005822,-0.00000982,0.00001112,0.00001513,0.00000604,-0.00014532,0.00010725,0.0
0004530,0.00010954,-0.00003378,0.00008741,-0.00000445,0.00001413,0.00003230,-0.0
0001912,0.00001293,0.00002037,0.00001349,-0.00000645,0.00000519,0.00001568,-0.00
000032,0.00000431,-0.00001215,0.00003615,0.00001727,0.00001595,-0.00003294,-0.00
001708,0.00014324,-0.00007517,0.00003934,0.00006606,0.00004825,-0.00007972,0.000
00035,-0.00001167,0.00000196,0.00000195,0.00000286,-0.00000046,0.00001530,-0.000
04807,-0.00001619,-0.00001134,0.00003876,0.00000953,0.00000226,0.00000778,0.0000
0308,-0.00000089,0.00000447,-0.00000857,0.00000028,-0.00000095,-0.00000465,0.000
00207,-0.00000129,-0.00000088,0.00000022,-0.00000027,0.00000073,0.00000186,-0.00
000293,0.00000328,-0.00000055,0.00000580,0.00000012,0.00000480,0.00000519,-0.000
00040,-0.00000045,0.00000214,0.00000056,0.00000232,0.00000185,0.00000178,0.00000
333,0.00000062,-0.00000002,0.00000115,0.00000192,-0.00000179,-0.00000046,-0.0000
0047,-0.00000158,-0.00000194,0.00000231,0.00000324,-0.00000198,0.00000347,-0.000
00025,-0.00000097,0.00000171,-0.00000234,-0.00000011,-0.00000109,0.00000298,-0.0
0000176,-0.00000588,-0.00000006,0.00000155,-0.00000226,0.00000017,-0.00000220,-0
.00000244,-0.00000120,-0.00000306,-0.00000162,0.00000153,-0.00000137,-0.00000048
,0.00000127,0.00001185,0.00000190,0.00000690,-0.00000025,-0.00000354,0.00000087,
-0.00000537,-0.00001162,-0.00000671,0.00000057,0.00000390,0.00000165,0.00000373,
-0.00000414,0.00000259,-0.00000260,-0.00000260,-0.00000375,0.00000112,0.00000090
,-0.00000072,-0.00000482,0.00000438,-0.00000237,-0.00000477,0.00000005,-0.000000
42,0.00001573,0.00000143,-0.00003470,-0.00002147,0.00002567,0.00000365,-0.000005
59,0.00000504,0.00000123,-0.00000652,-0.00000669,-0.00000087,0.00006030,0.000001
44,0.00002954,-0.00000328,-0.00003617,-0.00000060,-0.00001497,0.00001317,0.00002
921,0.00000794,-0.00003976,-0.00000370,0.00000943,0.00000252,0.00000978,0.000008
13,0.00000391,-0.00002539,0.00000116,-0.00000580,0.00000112,0.00000196,-0.000008
73,0.00000301,0.00000240,-0.00000461,0.00000085,0.00056402,0.00023185,0.00041376
,-0.11474394,-0.03189999,-0.18814470,-0.00383570,0.00147813,-0.00218610,-0.00085
048,0.00082906,0.00047824,0.00096563,-0.00045448,0.00068313,0.13387833,0.0367533
8,0.21582022,0.00004040,0.00004381,-0.00004403,-0.00001574,0.00013594,0.00007877
,-0.00001987,0.00004362,0.00007029,0.00000014,0.00000001,-0.00000676,0.00000602,
-0.00000228,0.00000236,-0.00000030,0.00000661,-0.00000520,-0.00001606,0.00004438
,-0.00000443,-0.00039724,-0.00001436,0.00033665,0.00000859,-0.00011266,-0.000082
07,-0.00000188,-0.00000263,-0.00001077,0.00028654,-0.00005399,-0.00021981,0.0000
0130,-0.00000653,0.00000033,0.00001713,0.00000054,0.00000081,0.00000711,-0.00001
945,0.00000111,-0.00000430,-0.00003882,0.00000226,0.00001705,-0.00001051,-0.0000
0065,0.00000373,-0.00000164,-0.00000422,-0.00000802,-0.00003860,0.00004888,-0.00
003306,-0.00002090,-0.00001256,-0.00002249,0.00001355,0.00000366,0.00001181,-0.0
0004429,-0.00004316,-0.00004931,-0.00000974,0.00000391,0.00001846,0.00002082,-0.
00002201,0.00000101,-0.00000554,-0.00000204,0.00000919,-0.00000275,-0.00000255,-
0.00001098,-0.00002340,0.00000287,0.00000564,-0.00001287,0.00004937,0.00006527,-
0.00014141,-0.00005438,0.00009788,-0.00001073,0.00000022,-0.00000401,-0.00000382
,0.00000065,0.00000081,-0.00000276,0.00000101,0.00002599,-0.00005253,0.00009455,
-0.00002898,0.00004446,-0.00006098,-0.00000102,0.00001197,-0.00000830,0.00000260
,-0.00000675,0.00000179,0.00000066,-0.00000170,-0.00000096,0.00000121,0.00000047
,-0.00000125,-0.00000121,0.00000039,-0.00000148,-0.00000116,0.00000273,0.0000030
2,-0.00000325,0.00000463,-0.00000953,-0.00000811,-0.00000569,0.00000123,0.000001
86,-0.00000171,-0.00000018,-0.00000259,-0.00000009,0.00000170,0.00000471,0.00000
190,0.00000118,0.00000069,0.00000060,-0.00000332,0.00000262,-0.00000116,-0.00000
303,0.00000092,-0.00000100,-0.00000041,-0.00000045,0.00000179,-0.00000059,-0.000
00056,0.00000136,-0.00000176,-0.00000017,0.00000078,-0.00000040,-0.00000203,0.00
000373,0.00000065,-0.00000170,-0.00000018,-0.00000579,-0.00000063,-0.00000032,-0
.00000249,-0.00000057,-0.00000052,-0.00000073,0.00000404,-0.00000017,-0.00000209
,0.00000799,0.00000219,0.00000336,-0.00000035,-0.00000122,0.00000645,0.00000117,
-0.00000935,0.00000245,0.00000133,-0.00000166,-0.00000156,-0.00000353,0.00000086
,0.00000005,0.00000234,0.00000387,0.00000017,-0.00000026,-0.00000279,-0.00000016
,-0.00000471,-0.00000036,0.00000171,-0.00000077,-0.00000372,-0.00000544,0.000014
74,0.00000422,-0.00000546,-0.00000649,-0.00001694,-0.00000509,-0.00000494,-0.000
00731,-0.00000127,-0.00000074,-0.00000030,0.00000618,0.00001183,-0.00000143,-0.0
0000810,-0.00001039,-0.00000405,-0.00000385,-0.00000546,0.00000914,0.00000632,-0
.00000022,-0.00000280,0.00000032,-0.00000614,-0.00000443,-0.00000151,0.00001050,
-0.00000948,0.00000056,0.00000010,-0.00000083,-0.00000147,-0.00000209,0.00000158
,-0.00000201,-0.00000251,0.00000564,-0.00000472,0.00087735,-0.00116393,-0.000781
48,-0.10794461,-0.01079903,0.10646821,-0.01558170,0.00144806,0.02054394,0.000553
84,-0.00038198,0.00083549,-0.00363214,0.00377635,0.00030037,0.00940411,0.0011672
7,-0.01648449,0.12489981,-0.00010588,-0.00000907,0.00007470,0.00018374,-0.000249
05,0.00006520,0.00006018,-0.00016614,-0.00001706,0.00000585,-0.00000861,-0.00000
208,-0.00000116,0.00000260,0.00000432,0.00000069,-0.00000465,0.00000701,0.000030
61,-0.00000857,0.00000368,0.00085799,-0.00042993,-0.00037691,-0.00007003,0.00020
341,-0.00000666,-0.00000885,-0.00000115,0.00001731,-0.00055324,0.00009416,0.0001
0756,-0.00000211,0.00002235,0.00000805,-0.00001461,-0.00000555,-0.00000456,-0.00
000951,0.00000801,-0.00000661,0.00000408,0.00002544,-0.00000297,-0.00001193,0.00
001205,0.00000084,-0.00000052,-0.00000043,-0.00000379,0.00011768,-0.00000023,-0.
00001238,0.00004009,0.00002036,0.00003525,0.00010963,-0.00010162,-0.00001758,-0.
00015134,0.00012767,-0.00002591,0.00001282,-0.00000871,-0.00004090,0.00000426,-0
.00002830,0.00000268,-0.00000365,0.00000945,-0.00000468,-0.00002985,0.00000187,0
.00001090,0.00002595,0.00000243,-0.00002040,-0.00001145,0.00001527,-0.00001848,-
0.00005233,0.00018046,0.00003338,-0.00013562,-0.00006470,-0.00006685,-0.00000109
,-0.00000448,-0.00000271,-0.00000538,0.00000972,0.00000239,0.00003475,0.00006098
,-0.00004240,0.00000105,-0.00004200,0.00002554,-0.00000961,-0.00001105,0.0000041
0,-0.00000233,0.00000459,-0.00000463,0.00000209,-0.00000094,-0.00000217,0.000000
69,-0.00000183,0.00000143,0.00000077,-0.00000091,0.00000015,-0.00000073,-0.00000
485,-0.00000023,-0.00000616,-0.00000490,0.00000566,0.00000214,0.00000001,0.00000
166,-0.00000007,-0.00000005,0.00000095,-0.00000038,-0.00000038,0.00000140,-0.000
00020,-0.00000020,0.00000023,-0.00000131,-0.00000216,-0.00000543,-0.00000066,0.0
0000054,0.00000175,-0.00000089,0.00000176,0.00000227,-0.00000097,0.00000176,0.00
000011,0.00000021,0.00000067,-0.00000077,0.00000159,0.00000046,0.00000069,0.0000
0190,0.00000175,0.00000151,0.00000036,0.00000054,-0.00000111,-0.00000168,-0.0000
0064,-0.00000105,-0.00000278,-0.00000068,0.,-0.00000134,0.00000075,0.00000156,-0
.00001875,0.00005326,-0.00002942,0.00000252,0.00000071,0.00000587,-0.00000140,-0
.00000463,-0.00001065,-0.00000124,0.00001234,-0.00000201,-0.00000213,-0.00000136
,-0.00000140,0.00000003,-0.00000801,0.00000432,-0.00000406,0.00001259,-0.0000010
5,-0.00000102,-0.00000583,0.00000098,0.00000091,-0.00000083,0.00000223,-0.000036
89,0.00000487,-0.00000678,0.00001503,0.00000066,-0.00000065,-0.00000770,-0.00001
047,0.00000371,0.00000135,-0.00000159,0.00000103,-0.00002355,0.00000104,-0.00002
040,0.00000879,0.00002366,0.00002057,0.00000622,0.00000612,-0.00001117,0.0000061
3,0.00004369,0.00001671,0.00001154,0.00001326,0.00000644,-0.00002684,-0.00000750
,0.00001274,0.00000433,0.00000706,-0.00000547,-0.00000245,0.00001488,0.00000271,
0.00000322,-0.00000946,0.00000646,-0.00047519,0.00155898,0.00030951,-0.01089234,
-0.04464068,0.01642071,0.01255314,0.00005040,-0.01750855,-0.00060213,0.00036667,
-0.00054776,0.00317783,-0.00269589,-0.00021282,0.00230353,0.00117887,-0.00542754
,0.00962555,0.04892018,-0.00008403,0.00000540,0.00002583,0.00009602,-0.00011037,
0.00010113,0.00005041,-0.00005144,-0.00004467,0.00000092,0.00000804,0.00000019,-
0.00000458,-0.00000348,-0.00000370,0.00000195,-0.00000262,0.00000354,0.00000728,
-0.00000101,0.00002292,0.00045364,0.00003235,-0.00023427,-0.00008076,0.00007769,
-0.00001597,0.00000770,0.00000684,0.00001734,-0.00050739,-0.00002065,0.00020355,
0.,0.00001823,0.00000720,-0.00000778,-0.00000901,0.00000797,-0.00001154,0.000019
86,-0.00000023,0.00000152,0.00002806,-0.00001294,-0.00001194,0.00000958,-0.00000
250,-0.00000572,0.00000170,0.00000417,0.00005115,0.00005910,-0.00003854,0.000031
90,0.00000819,0.00002851,0.00015545,-0.00010930,-0.00003251,-0.00011359,0.000073
60,-0.00004216,0.00002548,-0.00000776,-0.00002619,-0.00000155,-0.00002458,-0.000
00223,-0.00000791,0.00000745,-0.00000965,-0.00001825,-0.00000352,-0.00000305,0.0
0001329,-0.00000677,-0.00000434,-0.00000128,0.00002052,-0.00002877,-0.00014210,0
.00007268,0.00003101,-0.00010060,-0.00006292,0.00003883,0.00000272,0.00001091,-0
.00000063,-0.00000148,-0.00000087,-0.00000077,-0.00001568,0.00004514,-0.00004438
,0.00001865,-0.00003974,0.00003363,-0.00000151,-0.00000852,0.00000553,-0.0000024
9,0.00000410,0.00000280,-0.00000034,0.00000159,-0.00000043,-0.00000170,-0.000000
48,-0.00000053,0.00000141,0.00000017,0.00000108,-0.00000153,0.00000176,-0.000005
27,0.00000127,-0.00000557,0.00000281,0.00000354,0.00000068,-0.00000494,0.0000002
6,0.00000084,0.00000157,0.00000118,-0.00000121,-0.00000078,-0.00000192,-0.000001
65,-0.00000064,-0.00000432,-0.00000215,0.00000168,-0.00000114,0.00000102,0.00000
115,0.00000008,-0.00000005,-0.00000092,0.00000146,-0.00000329,-0.00000042,0.0000
0145,-0.00000258,0.00000211,0.00000019,-0.00000056,0.00000021,-0.00000068,-0.000
00079,0.00000214,0.00000004,0.00000043,0.00000437,0.00000189,0.00000071,0.000002
79,0.00000174,0.00000062,0.,-0.00000110,0.00000075,0.00000026,-0.00000786,0.0000
0392,-0.00000227,0.00000019,0.00000565,-0.00000878,0.00000038,0.00000773,-0.0000
0181,-0.00000086,-0.00000207,-0.00000020,-0.00000027,0.00000103,-0.00000167,0.00
000140,-0.00000231,0.00000310,-0.00000018,-0.00000083,0.00000044,0.00000309,-0.0
0000238,0.00000123,0.00000334,0.00000336,0.00000121,-0.00002665,-0.00001111,0.00
000506,0.00002804,-0.00001292,-0.00000274,0.00000332,-0.00001056,0.00000082,0.00
000276,0.00000476,-0.00000459,-0.00003465,-0.00000624,-0.00002596,0.00000383,0.0
0003098,0.00000750,0.00000025,0.00000225,-0.00001533,-0.00000816,0.00004146,0.00
000675,0.00000034,0.00000042,-0.00000495,-0.00001483,-0.00000091,0.00002578,-0.0
0000190,0.00000346,0.00000013,-0.00000215,0.00001112,-0.00000105,0.00000066,-0.0
0000016,0.00000265,-0.00055822,-0.00020146,0.00047149,0.10672313,0.01658311,-0.2
2123221,0.00409535,-0.00203160,-0.00293106,-0.00084912,0.00055674,0.00070144,0.0
0100193,-0.00092233,0.00044375,0.01162411,0.00190532,-0.02785285,-0.12437763,-0.
01846753,0.25418722,0.00000588,0.00002745,-0.00001794,-0.00008884,0.00006015,-0.
00005638,-0.00000301,0.00005981,-0.00002408,-0.00000128,0.00001324,-0.00000798,-
0.00000225,-0.00000231,-0.00000366,0.00000235,-0.00000142,-0.00000078,-0.0000023
8,0.00000062,0.00001467,0.00015382,0.00144761,-0.00012325,0.00001430,-0.00004513
,0.00003588,0.00000410,0.00000327,-0.00000808,0.00029554,-0.00028344,0.00000664,
-0.00000972,-0.00001233,-0.00000685,0.00000198,-0.00000551,0.00000577,-0.0000100
1,-0.00000334,-0.00000116,0.00000672,0.00000874,-0.00000436,-0.00000001,0.000000
14,0.00000117,-0.00000056,0.00000181,0.00000492,-0.00004760,0.00004686,-0.000024
00,0.00000995,-0.00001254,0.00001204,-0.00002654,0.00005646,0.00001779,0.0000736
8,-0.00005703,0.00003333,0.00000110,-0.00000130,0.00001835,0.00000223,0.00000273
,0.00000318,0.00000075,0.00000079,-0.00000054,0.00001351,-0.00001065,0.00000252,
0.00000108,0.00000596,-0.00000463,0.00000459,0.00001659,-0.00000486,-0.00018969,
0.00014025,-0.00000447,0.00001332,0.00003786,-0.00000835,0.00000406,0.00000490,0
.00000224,0.00000318,-0.00000729,-0.00000033,-0.00003681,-0.00001447,0.00001402,
0.00001184,0.00000487,-0.00000892,0.00000558,0.00000478,0.00000044,0.00000103,-0
.00000286,0.00000521,-0.00000058,-0.00000079,0.00000437,-0.00000154,0.00000210,-
0.00000004,0.00000087,-0.00000067,-0.00000255,-0.00000009,0.00000348,-0.00000298
,0.00000335,-0.00000110,-0.00000326,0.00000276,0.00000020,-0.00000220,0.00000311
,-0.00000018,-0.00000321,-0.00000440,-0.00000212,-0.00000001,0.00000074,0.000000
31,0.00000312,-0.00000204,-0.00000122,0.00000294,-0.00000044,0.00000099,0.000000
38,0.00000104,-0.00000145,-0.00000239,0.00000141,-0.00000256,-0.00000033,0.00000
067,-0.00000173,0.00000105,-0.00000041,-0.00000018,-0.00000140,0.00000050,-0.000
00029,-0.00000130,0.00000027,-0.00000001,0.00000176,0.00000201,0.00000044,0.0000
0104,0.00000109,0.,-0.00000005,0.00000025,0.00000013,0.00000086,-0.00000252,-0.0
0000964,0.00000482,-0.00000211,0.00000277,-0.00000629,0.00000207,0.00000709,0.00
000437,-0.00000004,-0.00000669,0.00000144,0.00000327,0.00000103,0.00000137,-0.00
000159,0.00000244,-0.00000032,0.00000196,-0.00000817,0.00000093,-0.00000045,0.00
000209,-0.00000160,-0.00000008,0.00000172,-0.00000039,0.00001168,0.00000480,0.00
000408,-0.00000177,0.00000042,0.00000823,0.00000792,0.00000023,-0.00000299,0.000
00262,-0.00000409,0.00000140,0.00003107,0.00001303,0.00000559,-0.00000100,-0.000
01794,-0.00000592,-0.00002033,0.00000806,0.00000497,-0.00000660,-0.00002415,-0.0
0000402,-0.00000187,-0.00000018,-0.00000088,0.00000859,0.00000589,-0.00001034,-0
.00000281,-0.00000360,0.00000421,0.00000137,-0.00000690,-0.00000169,-0.00000257,
0.00000264,-0.00000056,-0.00188176,0.00415000,-0.00007934,-0.08160691,-0.0905836
0,0.00738029,0.00718922,0.01699409,-0.00140435,0.00027280,0.00053870,0.00015949,
0.00022814,0.00043327,-0.00024498,-0.00972712,-0.01986766,-0.00022206,-0.0079076
1,-0.01661810,0.00309564,0.09407185,0.00028052,-0.00006418,-0.00007818,-0.000050
02,0.00008782,-0.00024172,-0.00008418,0.00023705,-0.00009581,-0.00002717,0.00002
378,0.00000834,-0.00000358,-0.00000425,-0.00001312,-0.00000432,0.00000865,-0.000
01263,-0.00002919,-0.00001573,-0.00004069,-0.00158769,-0.00009052,0.00015390,-0.
00001996,-0.00002783,0.00013852,0.00000883,0.00002437,-0.00002262,0.00053247,-0.
00006944,0.00000144,-0.00001119,-0.00005565,-0.00002768,0.00000582,0.00000598,0.
00001063,-0.00001160,-0.00001194,0.00001409,-0.00003926,-0.00001301,0.00003467,-
0.00000267,-0.00001921,0.00000198,-0.00000303,0.00000313,0.00001352,-0.00030668,
0.00017583,-0.00008780,-0.00005563,0.00000846,-0.00005603,0.00002593,0.00002298,
0.00005577,0.00006856,-0.00005701,0.00007477,0.00003179,0.00002278,0.00010699,-0
.00001312,0.00004767,0.00001142,0.00000565,0.00000005,0.00002100,0.00007189,-0.0
0000857,-0.00002353,-0.00004707,0.00004308,0.00006084,-0.00001800,-0.00004727,-0
.00001058,0.00025399,-0.00069806,0.00010691,0.00011182,0.00000523,-0.00003688,0.
00000112,0.00001256,0.00000374,0.00000853,-0.00002043,-0.00000830,-0.00014255,-0
.00013792,0.00006064,0.00004737,0.00010253,-0.00003270,0.00002926,0.00001861,-0.
00000293,0.00000549,-0.00000330,0.00001192,-0.00000251,-0.00000017,0.00000483,-0
.00000459,0.00000527,0.00000345,-0.00000304,0.00000880,-0.00000414,0.00000397,0.
00001117,-0.00000741,0.00002111,0.00001495,-0.00001023,0.00000359,0.00000456,-0.
00000500,0.00000201,0.00000184,-0.00000311,-0.00000118,-0.00000015,-0.00000055,-
0.00000028,0.00000090,0.00000055,0.00000052,0.00000539,0.00001649,-0.00000148,-0
.00000268,0.00000140,0.00000004,-0.00000176,-0.00000488,0.00000142,-0.00000425,-
0.00000179,-0.00000124,-0.00000189,0.00000241,-0.00000469,-0.00000042,-0.0000056
9,0.00000022,-0.00000639,-0.00000702,0.00000076,-0.00000134,0.00000618,0.0000052
2,0.00000099,0.00000421,0.00000755,0.00000074,0.00000016,0.00000059,-0.00000317,
-0.00000106,0.00004712,-0.00014166,0.00005597,-0.00000124,0.00000050,-0.00002214
,0.00001123,0.00002357,0.00001868,-0.00000136,-0.00002625,0.00000473,0.00000634,
0.00000593,0.00000033,0.00000054,0.00001081,-0.00000937,0.00000943,-0.00002458,0
.00000576,0.00001135,0.00001502,-0.00000666,-0.00000274,0.00001665,0.00000677,0.
00001216,0.00001338,-0.00000042,-0.00001328,-0.00000310,-0.00001109,0.00000757,0
.00000621,-0.00000161,-0.00000229,0.00000284,0.00000425,0.00003887,0.00000082,0.
00001316,-0.00001124,-0.00002572,-0.00001159,-0.00001348,0.00001842,0.00004958,-
0.00000197,-0.00000003,-0.00000449,-0.00001061,-0.00000530,-0.00000818,0.0000162
6,0.00000210,-0.00000673,-0.00001423,-0.00000665,0.00001111,0.00000610,-0.000005
67,-0.00000483,0.00000086,0.00001025,-0.00001133,0.00468847,-0.00616242,0.000086
25,-0.08934145,-0.24538762,0.01669229,-0.00758054,-0.02275331,0.00177346,-0.0007
9804,0.00058831,-0.00028845,-0.00068648,0.00055334,0.00028702,-0.00546259,-0.007
55812,-0.00111890,-0.00380403,-0.00455949,0.00216331,0.10309775,0.28476096,-0.00
004387,0.00000942,0.00001043,0.00001277,-0.00003560,0.00006154,-0.00000153,-0.00
002523,0.00003457,-0.00000287,-0.00000318,0.00000288,0.00000286,-0.00000412,0.00
000116,0.00000024,-0.00000427,0.00000227,0.00000795,0.00000422,0.00000386,0.0001
2613,-0.00006521,0.00016023,0.00000644,0.00000870,-0.00003025,0.00000556,0.00000
251,0.00000414,-0.00008760,0.00003711,-0.00007317,0.00001594,0.00001916,0.000006
28,0.00001013,0.00000504,0.00000565,0.00000671,0.00000177,0.00000620,-0.00000239
,-0.00000654,-0.00000038,-0.00000125,-0.00000059,0.00000066,-0.00000165,0.000000
79,-0.00000449,0.00005010,-0.00001209,0.00002267,0.00000148,-0.00001669,-0.00001
009,0.00000566,0.00000903,0.00000133,-0.00000894,0.00000527,-0.00002460,0.000007
41,-0.00001110,-0.00002857,0.00000848,0.00000419,-0.00002020,-0.00001163,0.00000
198,-0.00000723,-0.00001490,-0.00000208,-0.00000930,-0.00000669,-0.00001689,-0.0
0000203,0.00000064,0.00000676,0.00000862,-0.00000489,0.00003724,-0.00002025,-0.0
0002254,-0.00003340,-0.00004590,-0.00000031,0.00000108,-0.00000141,-0.00000097,0
.00000044,-0.00000028,0.00000477,0.00000242,0.00004643,-0.00000830,0.00000502,-0
.00002569,-0.00000149,-0.00000118,-0.00000148,0.00000122,-0.00000217,-0.00000222
,0.00000122,-0.00000136,-0.00000415,0.00000062,-0.00000119,0.00000101,-0.0000013
3,0.00000245,-0.00000010,-0.00000003,-0.00000239,-0.00000013,-0.00000214,-0.0000
0105,-0.00000288,-0.00000358,-0.00000372,-0.00000227,-0.00000051,-0.00000136,0.0
0000089,-0.00000062,-0.00000074,0.00000149,0.00000092,-0.00000016,0.00000027,-0.
00000208,-0.00000076,0.00000037,0.00000054,-0.00000028,0.00000015,-0.00000010,0.
00000047,0.00000062,-0.00000044,0.00000124,-0.00000145,0.00000006,0.00000030,-0.
00000158,0.00000014,0.00000094,-0.00000156,0.00000021,0.00000188,0.00000054,-0.0
0000034,0.00000002,-0.00000262,0.00000011,-0.00000021,-0.00000048,0.00000080,0.0
0000014,-0.00000047,0.00000195,0.00000013,-0.00000251,-0.00000239,0.00001218,-0.
00000395,0.00000138,0.00000193,0.00000095,-0.00000062,-0.00000152,0.00000060,-0.
00000002,0.00000063,-0.00000050,-0.00000098,-0.00000135,-0.00000096,-0.00000008,
-0.00000201,0.00000039,-0.00000073,0.00000253,-0.00000155,0.00000022,-0.00000130
,-0.00000068,-0.00000051,-0.00000120,-0.00000087,-0.00000475,0.00000955,0.000004
54,-0.00000272,-0.00000981,0.00000395,-0.00000243,-0.00000198,0.00000387,-0.0000
0003,0.00000215,0.00000223,0.00001119,0.00000825,-0.00001041,0.00000098,-0.00000
026,0.00000493,-0.00000858,0.00001370,-0.00000104,0.00000026,0.00000629,0.000003
94,0.00000189,0.00000394,0.00000113,-0.00000482,-0.00000513,0.00000019,0.0000008
5,-0.00000011,-0.00000093,-0.00000035,0.00000115,0.00000045,0.00000155,-0.000003
55,0.00000180,-0.00013377,0.00019416,0.00040636,0.00732874,0.01682836,-0.0442324
2,-0.00003597,0.00021059,-0.00007084,-0.00015624,0.00040297,-0.00002240,0.000211
06,-0.00050097,-0.00001622,-0.01206716,-0.02352673,0.00055162,0.01339136,0.02617
853,-0.00413059,-0.00855680,-0.01962839,0.04786201,0.00001838,0.00009645,-0.0000
5906,0.00018309,-0.00007451,0.00007409,0.00002067,0.00002607,0.00004209,0.000004
10,0.00000640,-0.00001127,0.00001651,-0.00000257,-0.00000161,0.00000645,0.000012
06,-0.00001156,0.00006777,0.00030126,0.00000344,-0.00008358,-0.00028571,0.000321
76,-0.00003970,0.00006547,-0.00005044,-0.00000135,0.00000566,-0.00000135,0.00000
031,0.00057605,-0.00002016,-0.00002291,-0.00000589,0.00000853,0.00002113,-0.0000
2474,0.00000098,-0.00000343,-0.00003655,-0.00000028,-0.00002863,-0.00002475,-0.0
0003168,0.00001905,-0.00001514,-0.00001474,0.00000357,-0.00000537,-0.00000423,0.
00007536,-0.00010004,0.00008104,-0.00002652,-0.00001084,0.00002558,0.00001615,0.
00000225,-0.00002038,-0.00010309,0.00002003,-0.00006798,-0.00020293,-0.00009572,
-0.00002533,0.00008711,0.00001903,-0.00005007,-0.00001191,-0.00001501,0.00000064
,0.00001227,0.00005090,-0.00003587,-0.00011467,0.00002912,0.00009115,0.00011866,
-0.00019034,-0.00000933,0.00016741,0.00018660,-0.00008386,-0.00002718,-0.0000172
9,-0.00003648,-0.00000644,-0.00000006,0.00000242,-0.00000185,-0.00000159,0.00000
035,0.00008707,-0.00010343,0.00012580,-0.00004895,0.00008671,-0.00006629,-0.0000
0321,0.00001953,-0.00001476,0.00000300,-0.00000564,0.00000303,0.00000180,-0.0000
0330,-0.00000339,0.00000076,0.00000160,-0.00000216,-0.00000215,0.00000343,-0.000
00215,-0.00000398,0.00000691,0.00000574,-0.00000032,0.00001392,-0.00001258,-0.00
002476,-0.00001601,0.00000701,0.00000682,-0.00000205,0.00000378,-0.00000427,-0.0
0000140,0.00000114,0.00000679,0.00000078,-0.00000065,0.00000449,0.00000319,-0.00
000881,0.00000394,-0.00000299,-0.00000801,0.00000055,-0.00000057,-0.00000036,-0.
00000056,0.00000158,-0.00000123,-0.00000095,0.00000168,-0.00000091,-0.00000033,0
.00000095,0.00000176,-0.00000869,0.00001282,0.00000827,-0.00000773,-0.00000094,-
0.00001242,0.00000061,0.00000003,-0.00000284,0.00000126,-0.00000104,-0.00000304,
0.00000830,-0.00000037,-0.00000633,0.00000066,0.00003365,-0.00000367,0.00000069,
0.00000300,0.00000905,0.00000084,-0.00001356,-0.00000466,-0.00000057,0.00000064,
-0.00000475,-0.00000669,0.00000406,0.00000005,0.00000572,0.00000086,0.00000221,-
0.00000209,-0.00000225,-0.00000123,-0.00001100,-0.00000417,0.00000250,-0.0000017
9,-0.00000650,-0.00000851,-0.00000868,0.00001501,-0.00000279,-0.00000104,-0.0000
0496,-0.00000116,-0.00000446,-0.00000565,-0.00000037,0.00000099,-0.00000132,0.00
000246,-0.00000014,-0.00000171,-0.00000738,-0.00000077,0.00000502,0.00000441,-0.
00000057,0.00000586,-0.00000022,0.00001043,0.00000441,0.00000609,0.00000128,0.00
000400,0.00000246,-0.00000566,-0.00000710,-0.00000023,0.00000022,0.00000105,-0.0
0000345,-0.00000182,0.00000554,0.00000018,0.00000131,-0.00000142,-0.00000011,0.0
0104434,0.00120009,0.00040071,0.00070899,-0.00035855,-0.00077328,0.00824742,0.00
157235,-0.01460377,-0.11012428,-0.01136312,0.10783188,-0.00138784,-0.00043119,-0
.00263639,-0.00001074,-0.00005105,0.00005781,-0.00035145,0.00020932,-0.00031034,
-0.00009559,-0.00000348,0.00009666,0.12482798,-0.00014697,-0.00004277,0.00012533
,-0.00011195,-0.00018764,-0.00007464,0.00005732,-0.00022618,-0.00006870,0.000005
31,-0.00001790,0.00000134,-0.00001741,0.00000962,0.00001466,-0.00000627,-0.00001
750,0.00001637,0.00012959,-0.00032012,-0.00000529,0.00019691,-0.00038017,-0.0005
4111,0.00007006,0.00015091,0.00004777,-0.00002268,-0.00000665,0.00001068,-0.0001
2238,-0.00008952,0.00007610,0.00001719,0.00002574,0.00000293,-0.00003177,0.00001
441,-0.00000147,-0.00000946,0.00001997,-0.00000933,0.00001519,0.00001539,0.00002
194,-0.00001961,0.00001712,0.00001413,0.00000296,0.00000232,-0.00000330,0.000058
47,-0.00005998,-0.00004738,0.00004968,0.00002647,0.00002870,-0.00006054,-0.00000
392,-0.00000899,0.00006466,0.00009139,0.00008239,0.00016945,0.00004948,-0.000018
17,-0.00004969,-0.00003563,0.00003786,0.00000061,0.00004742,-0.00001502,-0.00007
071,-0.00004124,0.00005846,0.00013747,-0.00001737,-0.00010912,-0.00012070,0.0001
1599,0.00006049,-0.00002355,-0.00000184,0.00013172,-0.00005117,0.00002063,-0.000
03529,0.00000059,-0.00000673,-0.00000237,-0.00000713,0.00001478,0.00000277,0.000
03533,0.00008207,-0.00004568,-0.00001014,-0.00004344,0.00002081,-0.00002007,-0.0
0001563,0.00000562,-0.00000325,0.00000670,-0.00000612,0.00000325,-0.00000002,-0.
00000423,0.00000243,-0.00000487,0.00000202,0.00000173,-0.00000181,0.00000266,-0.
00000142,-0.00000677,0.00000088,-0.00001790,-0.00000752,0.00000638,0.00000586,0.
00000084,0.00000100,-0.00000332,-0.00000073,0.00000345,0.00000144,0.00000043,0.0
0000162,-0.00000073,0.00000023,0.00000005,-0.00000291,-0.00000267,-0.00000658,-0
.00000046,-0.00000026,0.00000336,-0.00000103,0.00000201,0.00000441,-0.00000191,0
.00000360,0.00000100,0.00000015,0.00000204,-0.00000215,0.00000210,0.00000100,0.0
0000021,0.00000616,0.00000236,-0.00000182,0.00000169,0.00000182,-0.00000255,-0.0
0000380,-0.00000102,-0.00000189,-0.00000414,-0.00000086,0.00000041,-0.00000225,0
.00000008,0.00000258,-0.00001533,0.00004750,-0.00003238,0.00000300,-0.00000328,0
.00000949,-0.00000500,-0.00000215,-0.00001366,-0.00000194,0.00001872,0.00000065,
0.00000393,-0.00000511,0.00000093,-0.00000621,-0.00001235,0.00000301,-0.00000320
,0.00001922,-0.00000026,0.00000183,-0.00000212,-0.00000166,-0.00000059,0.0000016
5,0.00000919,-0.00000839,-0.00000717,-0.00000277,0.00000886,0.00001792,0.0000095
7,-0.00000469,0.00000309,0.00000778,-0.00000247,-0.00000373,-0.00000201,0.000003
74,-0.00000212,-0.00000079,0.00000964,0.00000518,0.00001840,-0.00000050,0.000004
14,-0.00000649,0.00000766,0.00000685,0.00000618,0.00001681,0.00001184,0.00000809
,-0.00001574,0.00000107,-0.00000230,0.00000801,0.00000554,-0.00000275,0.00000108
,0.00000584,0.00000435,0.00000136,-0.00001371,0.00000787,0.00042267,0.00067125,-
0.00018995,0.00003580,0.00008957,0.00055372,0.00135436,0.00023788,-0.00388122,-0
.01026365,-0.04633408,0.01732612,-0.00043637,0.00026285,-0.00073128,0.00002412,-
0.00009503,-0.00012624,0.00045935,0.00015701,0.00011501,-0.00011506,-0.00015058,
0.00014820,0.01230753,0.04912333,-0.00016116,0.00008683,0.00006811,0.00001226,-0
.00029587,-0.00000440,0.00006394,-0.00019983,-0.00015033,0.00000572,0.00002239,0
.00000085,-0.00002463,0.00000780,-0.00001254,0.00000640,-0.00000440,0.00000489,0
.00001658,-0.00020515,0.00016844,0.00052206,-0.00038954,-0.00097617,-0.00004940,
0.00020651,0.00006058,-0.00000960,0.00002079,0.00002267,-0.00051482,0.00004107,0
.00049246,0.00001616,0.00000986,0.00003485,-0.00003763,-0.00001234,0.00001334,-0
.00002929,0.00005806,0.00000375,0.00000414,0.00004746,-0.00001809,-0.00002319,0.
00001771,0.00000121,-0.00001597,0.00001033,0.00001069,0.00007718,-0.00000403,-0.
00008576,0.00010231,0.00002989,0.00004921,0.00006186,-0.00004880,-0.00001497,-0.
00006539,0.00012844,0.00005295,0.00012353,0.00004754,-0.00006056,-0.00005395,-0.
00006142,0.00002814,-0.00001296,0.00002714,-0.00001878,-0.00003741,0.00000880,-0
.00000524,0.00004760,-0.00001019,-0.00000427,0.00004510,0.00004909,-0.00010757,-
0.00018015,-0.00007772,0.00016427,-0.00011821,-0.00000402,-0.00005178,0.00001234
,0.00001586,-0.00000071,0.00000105,0.00001168,-0.00000119,-0.00000476,0.00010712
,-0.00014484,0.00003416,-0.00011265,0.00009863,-0.00000919,-0.00001836,0.0000146
3,-0.00000580,0.00000803,0.00000633,-0.00000127,0.00000552,0.00000137,-0.0000020
5,-0.00000055,-0.00000304,0.00000399,-0.00000482,0.00000338,-0.00000515,0.000003
84,-0.00000791,0.00000234,-0.00001255,0.00001457,0.00001421,0.00000696,-0.000011
74,-0.00000210,0.00000083,0.00000513,0.00000192,-0.00000134,0.00000006,-0.000004
85,-0.00000334,-0.00000506,-0.00001027,-0.00000698,0.00000072,-0.00000307,0.0000
0119,0.00000408,-0.00000077,0.00000059,0.00000073,0.00000042,-0.00000222,0.00000
104,0.00000116,-0.00000164,0.00000164,0.00000127,-0.00000213,0.00000010,0.000002
77,-0.00000382,0.00000863,0.00000112,0.00000107,0.00000771,0.00000061,0.00000013
,0.00000226,-0.00000066,0.00000023,0.00000058,-0.00000301,0.00000252,0.00000389,
-0.00001758,0.00000804,-0.00001458,-0.00000011,0.00000397,-0.00001516,0.00000003
,0.00002363,-0.00000015,-0.00000169,0.00000833,0.00000222,0.00000268,-0.00000021
,-0.00000095,0.00000290,-0.00000820,0.00000173,-0.00000232,0.00001122,-0.0000004
5,0.00001394,-0.00000124,-0.00000202,0.00000359,0.00000933,0.00000511,-0.0000305
6,-0.00001224,-0.00000643,0.00001860,0.00000885,0.00000311,0.00000309,-0.0000039
3,0.00000830,0.00000044,0.00000305,-0.00000380,-0.00000811,0.00000231,-0.0000105
3,0.00001204,0.00001487,0.00001531,-0.00000468,0.00000795,-0.00001242,-0.0000056
6,0.00003742,0.00001202,0.00001406,0.00001054,0.00000227,-0.00002006,0.00000164,
0.00001249,0.00000174,0.00000334,0.00000081,-0.00000079,0.00000955,0.00000235,0.
00000235,-0.00000976,0.00001071,0.00093978,0.00073395,0.00209323,0.00100643,-0.0
0020944,0.00073796,0.01055261,0.00138519,-0.02780440,0.10706392,0.01764329,-0.21
437742,-0.00368140,-0.00091474,-0.00455200,0.00032221,-0.00011295,0.00035382,-0.
00081943,0.00019763,0.00024842,0.00000784,0.00005506,-0.00013273,-0.12301083,-0.
01995471,0.25074863,0.00003988,0.00015293,-0.00005657,-0.00001383,0.00005682,-0.
00010537,-0.00005590,0.00010910,-0.00000436,-0.00000733,0.00004014,-0.00001017,-
0.00001364,-0.00000221,-0.00001676,-0.00000083,0.00000158,-0.00000796,-0.0001140
6,-0.00003590,0.00006268,-0.00065618,0.00090841,-0.00020003,-0.00002853,-0.00001
811,0.00007137,0.00000975,0.00003034,-0.00000865,0.00012983,0.00048482,0.0002677
2,-0.00000280,-0.00003494,0.00002416,0.00001105,-0.00001198,0.00002353,-0.000029
05,0.00001291,0.00001457,-0.00001993,-0.00000054,-0.00000742,0.00000320,-0.00000
811,-0.00000072,-0.00001084,0.00001059,0.00001378,-0.00010276,0.00004468,-0.0000
1568,0.00001968,-0.00000953,-0.00000840,0.00003812,-0.00003307,0.00004150,0.0000
0358,-0.00002180,0.00002909,0.00003418,0.00002059,0.00003976,-0.00002825,-0.0000
0409,0.00000759,-0.00001177,0.00001062,-0.00000807,0.00005727,-0.00000061,-0.000
04436,-0.00006276,0.00003829,0.00006722,0.00013906,-0.00000560,-0.00009558,-0.00
000849,-0.00027684,0.00005341,0.00008824,0.00001178,-0.00001306,0.00001146,0.000
01908,0.00000334,0.00000889,-0.00000894,-0.00000256,-0.00006417,-0.00005362,0.00
003678,0.00000838,0.00001899,-0.00001628,0.00001092,0.00000977,0.00000194,0.0000
0165,-0.00000527,0.00000889,-0.00000196,0.00000037,0.00000570,-0.00000315,0.0000
0363,0.00000142,-0.00000040,0.00000108,-0.00000293,0.00000012,0.00000492,-0.0000
0718,0.00001347,0.00000330,-0.00000327,0.00000866,0.00000380,-0.00000953,0.00000
090,-0.00000288,-0.00000662,-0.00000961,-0.00000453,-0.00000005,-0.00000332,-0.0
0000193,0.00000115,-0.00000588,-0.00000246,0.00000883,-0.00000137,0.00000067,0.0
0000162,0.00000081,-0.00000223,-0.00000382,0.00000138,-0.00000392,-0.00000080,0.
00000017,-0.00000308,0.00000185,-0.00000230,-0.00000033,-0.00000208,0.00000586,-
0.00000138,0.00000167,0.00000121,0.00000028,0.00000414,0.00000378,0.00000072,0.0
0000208,0.00000316,0.00000004,-0.00000029,0.00000107,0.00000038,0.00000254,0.000
01081,-0.00005606,0.00001351,-0.00000246,0.00000500,-0.00001771,0.00001152,0.000
02724,0.00001660,-0.00000048,-0.00001336,0.00000403,0.00000433,0.00000272,0.0000
0023,0.00000024,0.00000620,-0.00000364,0.00000302,-0.00001265,0.00000201,0.00000
849,0.00000604,-0.00000420,-0.00000018,0.00000840,0.00000380,0.00001624,-0.00000
865,-0.00000206,-0.00000363,-0.00001843,-0.00000906,0.00000611,-0.00000245,-0.00
000036,0.00000236,-0.00000077,0.00000347,0.00001392,0.00000331,0.00000575,-0.000
00836,-0.00001269,-0.00000773,-0.00000459,0.00001323,0.00002543,-0.00001320,0.00
001510,-0.00000314,-0.00000799,-0.00000399,-0.00000617,0.00001181,0.00000225,-0.
00000169,-0.00000716,-0.00000256,0.00000563,0.00000158,-0.00000161,-0.00000311,-
0.00000357,0.00000888,-0.00000696,-0.00409619,-0.00371076,-0.00384510,0.00027122
,-0.00051719,0.00021482,-0.00847798,-0.01726697,-0.00020723,-0.08162668,-0.08940
408,0.00582987,0.00026021,0.00015865,0.00068385,0.00026807,0.00005142,0.00023593
,-0.00020549,-0.00011541,0.00007846,-0.00044909,0.00065167,-0.00063460,-0.008271
00,-0.01775689,0.00374116,0.09367447,0.00032552,-0.00011394,-0.00002826,0.000056
06,0.00007382,-0.00014813,-0.00009664,0.00024979,0.00009213,-0.00002792,0.000014
51,0.00003002,0.00000644,-0.00000664,-0.00001492,0.00000368,0.00002369,-0.000024
28,0.00002663,0.00010209,-0.00016772,-0.00001590,0.00121885,0.00005440,-0.000074
60,-0.00003522,0.00012084,0.00000924,0.00001261,-0.00001874,0.00003516,-0.000836
64,-0.00054147,0.00000811,-0.00003221,-0.00003313,-0.00000238,0.00003132,0.00000
013,0.00004159,-0.00000264,0.00000749,-0.00004635,-0.00001900,0.00007110,-0.0000
0930,-0.00003620,-0.00000391,-0.00000359,-0.00000249,0.00000330,-0.00025720,0.00
041454,-0.00008668,-0.00005211,0.00002101,-0.00009197,0.00003597,-0.00001907,0.0
0010631,-0.00001945,-0.00006765,-0.00001045,-0.00004453,-0.00002310,0.00006248,0
.00002998,0.00009153,-0.00005760,0.00000177,-0.00002964,0.00001483,0.00005082,0.
00000632,-0.00004741,-0.00003510,-0.00003690,0.00006571,-0.00015169,-0.00020668,
0.00006045,-0.00016221,-0.00036528,0.00002002,0.00006681,-0.00001710,-0.00000267
,-0.00000712,0.00001721,0.00000157,0.00000554,-0.00002341,-0.00000712,-0.0002185
4,-0.00026978,0.00011164,0.00006181,0.00019498,-0.00004718,0.00004670,0.00003479
,-0.00000702,0.00000488,-0.00000054,0.00001918,-0.00000430,0.00000081,0.00000333
,-0.00000454,0.00000430,0.00000439,-0.00000624,0.00001030,-0.00000289,0.00000207
,0.00002171,-0.00000823,0.00003239,0.00002748,-0.00001531,-0.00000003,0.00000794
,-0.00000399,-0.00000154,0.00000230,-0.00000103,0.00000449,0.00000513,0.00000628
,0.00000735,0.00000517,-0.00000436,0.00000297,0.00000787,0.00001844,-0.00000094,
-0.00000739,0.00000340,-0.00000068,-0.00000151,-0.00000302,0.00000109,-0.0000024
6,-0.00000139,-0.00000212,-0.00000023,0.00000140,-0.00000494,-0.00000168,-0.0000
1109,-0.00000392,-0.00001397,-0.00001248,0.00000294,-0.00000286,0.00000930,0.000
00562,0.00000030,0.00000297,0.00000697,0.,0.00000168,0.00000147,-0.00000419,-0.0
0000007,0.00002967,-0.00011909,0.00003600,0.00000075,0.00000344,-0.00001887,0.00
000830,0.00001453,0.00002237,0.00000002,-0.00002976,0.00000230,0.00000149,0.0000
0914,-0.00000357,0.00000534,0.00001406,-0.00000942,0.00001012,-0.00002515,0.0000
0676,0.00001623,0.00001106,-0.00000452,0.00000126,0.00001524,0.00000403,0.000003
40,0.00000730,0.00000421,-0.00000666,-0.00000781,-0.00001479,0.00000234,-0.00000
284,-0.00000383,-0.00000078,0.00000605,0.00000737,0.00000569,0.00000175,0.000006
55,-0.00001362,-0.00001722,-0.00001684,0.00000277,0.00000318,0.00003708,-0.00000
381,0.00001102,-0.00000546,-0.00002007,-0.00001101,-0.00000981,0.00001417,-0.000
00100,0.00000292,-0.00001444,-0.00000673,0.00001065,0.00000546,-0.00000573,-0.00
000504,0.00000026,0.00001271,-0.00001319,-0.00131929,-0.00129940,-0.00196059,0.0
0074831,0.00036989,0.00061367,-0.00431037,-0.00745133,-0.00092105,-0.09017414,-0
.24524314,0.01237474,0.00028342,0.00025700,0.00039114,0.00022106,-0.00002363,0.0
0016288,-0.00008572,-0.00011951,-0.00001734,0.00034758,0.00049543,0.00011169,-0.
00314644,-0.00507271,0.00222994,0.10547238,0.28303020,0.00001091,0.00000935,0.00
000073,-0.00006151,-0.00003229,-0.00004271,-0.00002021,-0.00000807,0.00002953,-0
.00000741,0.00000431,0.00000162,-0.00000378,-0.00000067,-0.00000214,-0.00000251,
-0.00000776,0.00000320,0.00002746,-0.00010555,0.00000573,-0.00055503,0.00041441,
-0.00029609,0.00002079,0.00002187,0.00003079,0.00000544,0.00001520,-0.00000260,0
.00018599,0.00029698,-0.00005552,0.00001283,0.00000171,0.00000671,0.00000749,-0.
00000343,0.00001847,-0.00000708,0.00000496,0.00000986,-0.00002282,-0.00000862,0.
00001128,-0.00000241,-0.00000692,0.00000177,-0.00000346,0.00000396,0.00000078,-0
.00002816,-0.00002396,0.00000324,0.00000390,-0.00000572,-0.00001678,-0.00001767,
-0.00002768,0.00003584,0.00003468,-0.00000108,0.00001837,0.00004644,0.00002485,-
0.00000162,-0.00001407,0.00001654,-0.00000195,-0.00000781,0.00001614,-0.00000828
,-0.00000598,-0.00000160,-0.00001598,-0.00000703,0.00000640,0.00000877,0.0000111
5,-0.00002926,0.00001166,0.00002756,-0.00013743,0.00010065,0.00003339,0.00001059
,-0.00005015,0.00000325,0.00000289,-0.00000128,0.00000104,0.00000051,-0.00000219
,0.00001313,-0.00005200,0.00008952,-0.00002308,0.00005743,-0.00004910,-0.0000039
7,0.00000660,-0.00000650,0.00000321,-0.00000449,0.00000070,0.00000119,-0.0000009
7,-0.00000297,0.00000037,-0.00000016,-0.00000064,-0.00000105,0.00000279,0.000000
50,-0.00000232,0.00000195,0.00000289,-0.00000300,0.00000672,-0.00000654,-0.00000
661,-0.00000599,-0.00000288,-0.00000043,-0.00000304,0.00000382,-0.00000227,-0.00
000205,0.00000060,-0.00000062,-0.00000153,0.00000024,-0.00000298,0.00000051,0.00
000333,0.00000054,-0.00000128,-0.00000174,0.,-0.00000004,-0.00000009,-0.00000082
,0.00000122,-0.00000102,-0.00000078,0.00000135,-0.00000151,-0.00000033,0.0000011
8,-0.00000263,0.00000506,0.00000580,0.00000025,-0.00000112,0.00000085,-0.0000071
5,-0.00000050,-0.00000029,-0.00000107,0.00000222,-0.00000022,-0.00000114,0.00000
420,-0.00000095,-0.00000426,0.00000191,-0.00000487,-0.00000764,0.00000096,0.0000
0287,-0.00000171,0.00000238,0.00000774,0.00000259,-0.00000101,0.00000062,0.00000
142,0.00000169,-0.00000212,-0.00000025,-0.00000199,-0.00000271,-0.00000194,0.000
00020,0.00000094,-0.00000103,0.00000316,0.00000243,-0.00000330,-0.00000199,0.000
00323,0.00000343,0.00001063,-0.00000071,-0.00000023,-0.00000219,-0.00001046,-0.0
0000162,-0.00000068,0.00000082,0.00000445,-0.00000013,0.00000004,0.00000217,0.00
001363,0.00000083,0.00000163,-0.00000240,-0.00000473,0.00000336,-0.00000283,0.00
001556,0.00001712,0.00000016,0.00001029,-0.00000196,0.00000230,0.00000347,0.0000
0057,-0.00000188,0.00000014,-0.00000349,-0.00000101,-0.00000002,0.00000046,0.000
00090,0.00000191,0.00000027,0.00000102,-0.00000263,-0.00000102,-0.00477903,-0.00
381018,-0.00329588,0.00039937,-0.00042270,0.00040588,-0.00889437,-0.01956458,0.0
0059732,0.00643612,0.01250511,-0.04325781,-0.00028816,-0.00031163,0.00016413,0.0
0020098,-0.00009424,0.00001735,0.00006981,0.00014988,-0.00008485,-0.00039439,0.0
0020501,0.00000604,0.01266388,0.02610214,-0.00333477,-0.00514619,-0.01440659,0.0
4876431,-0.00046373,-0.00047695,-0.00003905,-0.00030361,0.00004604,0.00017750,-0
.00000262,-0.00015217,-0.00018545,0.00002088,0.00000429,-0.00003637,-0.00003151,
-0.00000732,0.00003188,-0.00000361,-0.00003025,0.00005469,0.00003588,-0.00050280
,0.00037567,-0.00258142,-0.00134915,-0.00055079,0.00013972,-0.00005023,-0.000145
83,0.00004458,0.00000831,0.00003686,0.00157496,0.00118366,0.00062266,0.00001341,
0.00000881,-0.00002774,0.00002455,-0.00000676,-0.00008466,-0.00012878,-0.0000431
0,0.00002322,0.00007096,-0.00001800,-0.00008825,0.00001185,0.00004146,0.00001263
,-0.00002243,-0.00001301,-0.00000925,0.00023819,-0.00060850,0.00013753,0.0000666
3,-0.00010275,0.00005346,-0.00005051,0.00008404,-0.00012392,0.00016197,-0.000017
93,0.00004262,0.00024397,0.00023513,-0.00019957,-0.00008000,-0.00007891,0.000180
83,0.00003447,0.00007194,0.00002534,-0.00017614,0.00002088,0.00011362,-0.0002107
8,0.00075797,-0.00073376,-0.00038794,0.00089556,0.00070925,0.00023243,0.00029832
,0.00010014,0.00000877,0.00002312,-0.00001473,0.00001432,-0.00003427,-0.00001799
,0.00000367,0.00003364,-0.00000457,0.00010750,0.00032464,-0.00008731,0.00002364,
-0.00019855,0.00003007,-0.00001808,-0.00002154,0.00001262,0.00000519,-0.00000791
,-0.00000962,0.00000598,-0.00000246,-0.00000430,0.00000185,-0.00000617,-0.000002
31,0.00000675,-0.00001148,0.00000278,0.00000675,-0.00002273,0.00000020,-0.000029
94,-0.00002833,0.00001225,-0.00000062,-0.00000969,0.00000543,0.00000129,-0.00000
459,-0.00001007,0.00000144,-0.00000133,-0.00000258,-0.00000153,0.00000163,0.0000
0870,-0.00001801,-0.00001307,-0.00000200,0.00000333,0.00000356,0.00000591,0.0000
0093,-0.00000050,0.00000387,-0.00000175,0.00000290,0.00000165,0.00000100,0.00000
129,-0.00000283,0.00000916,0.00000276,-0.00000124,0.00001780,0.00001968,-0.00001
740,0.00000492,0.00000033,-0.00000341,-0.00000117,-0.00000225,-0.00000358,-0.000
00608,-0.00000222,0.00000272,-0.00000169,0.00000121,0.00000995,-0.00004118,0.000
03894,-0.00002848,-0.00000518,-0.00000419,0.00000287,-0.00000213,0.00001934,-0.0
0000502,-0.00000132,0.00002458,-0.00000168,0.00000131,-0.00001123,0.00000452,-0.
00000107,-0.00001392,0.00000396,-0.00000477,0.00002730,-0.00000322,0.00000796,-0
.00000400,-0.00000275,0.00000190,-0.00000220,0.00000753,0.00002022,-0.00000554,0
.00000801,-0.00000407,0.00001870,0.00001562,0.00000390,0.00001813,0.00001380,0.0
0000442,-0.00000177,-0.00000377,0.00001719,0.00000190,0.00000081,0.00001715,0.00
000709,0.00001377,-0.00001531,0.00000352,-0.00003026,-0.00000722,-0.00001809,0.0
0000192,0.00002657,0.00001548,0.00000506,-0.00000545,0.00000435,-0.00000630,0.00
001101,0.00000917,-0.00000586,0.00000026,-0.00000065,0.00000180,-0.00000335,-0.0
0001157,0.00001380,0.00116986,0.00055333,0.00094225,-0.00274905,-0.00050995,-0.0
0365065,-0.01836432,0.01386839,-0.00409288,-0.16989663,0.12202716,0.00539635,0.0
0069934,-0.00005646,0.00119965,-0.00082993,0.00085237,-0.00019729,0.00035790,-0.
00013844,-0.00019143,0.00004256,-0.00030132,0.00004559,-0.01510995,0.01387420,0.
00403425,0.00896438,-0.00798790,0.00001971,0.19660876,-0.00076315,0.00177039,0.0
0030531,-0.00004250,0.00007591,0.00018565,0.00018430,-0.00021619,0.00007828,-0.0
0000879,0.00008983,0.00000731,-0.00006639,0.00007673,-0.00003718,0.00000207,0.00
000389,-0.00008726,-0.00034096,-0.00039329,0.00060184,-0.00367601,0.00032816,-0.
00039568,0.00009545,-0.00008702,-0.00017358,-0.00014298,0.00004179,-0.00003272,0
.00077255,-0.00279083,-0.00134074,0.00018464,0.00006658,0.00035247,-0.00007158,0
.00004299,0.00018408,0.00004724,0.00021200,-0.00004276,0.00003827,-0.00002721,-0
.00006511,-0.00004330,0.00004307,0.00005416,0.00001230,0.00008291,0.00000398,0.0
0016063,-0.00093537,0.00007587,0.00015032,0.00001815,0.00015702,-0.00008205,0.00
006077,-0.00013101,0.00007143,0.00000667,-0.00008851,0.00019880,-0.00055934,0.00
018963,0.00001898,-0.00014856,-0.00020181,-0.00021357,0.00013162,-0.00017399,-0.
00004949,-0.00017435,-0.00008005,0.00052821,-0.00091836,0.00030303,0.00168165,-0
.00029103,-0.00072456,0.00071886,0.00035590,-0.00000227,0.00005254,-0.00001161,0
.00000272,0.00000379,0.00013195,0.00002541,-0.00001495,0.00002135,0.00000323,0.0
0008630,0.00014935,-0.00012166,-0.00012435,-0.00020929,0.00004152,-0.00009971,-0
.00004540,0.00001973,-0.00002152,0.00001493,-0.00001215,0.00000707,0.00000112,-0
.00000791,0.00000377,-0.00000604,0.00000277,0.00000420,-0.00000238,0.00000464,-0
.00001862,-0.00001278,0.00000727,-0.00004596,-0.00002615,0.00003215,-0.00000674,
-0.00001313,-0.00001474,-0.00001029,-0.00000770,0.00000025,-0.00001293,-0.000006
12,0.00000342,-0.00001094,-0.00000850,-0.00000746,-0.00001801,-0.00001352,-0.000
02587,-0.00000564,0.00000351,0.00000343,0.00000004,0.00000287,0.00000345,-0.0000
0086,0.00000219,0.00000017,0.00000252,0.00000015,-0.00000085,-0.00000848,0.00000
680,0.00000552,-0.00000473,0.00000615,0.00001962,-0.00000471,0.00000417,-0.00000
582,-0.00000093,0.00000277,0.00000055,-0.00000128,0.00000192,-0.00000417,0.00000
320,0.00000630,-0.00000294,-0.00000049,0.00016884,-0.00004568,0.00000502,0.00000
829,0.00002073,-0.00001947,0.00000070,-0.00001641,0.00000086,0.00002743,-0.00000
528,0.00001050,0.00001286,-0.00000682,-0.00000238,0.00000180,-0.00000064,-0.0000
0862,0.00003268,-0.00000544,0.00000027,0.00000261,0.00000193,-0.00000065,0.00000
029,-0.00000343,0.00005602,-0.00001319,-0.00001420,0.00000399,-0.00000105,-0.000
00119,-0.00000266,0.00000218,0.00001143,0.00000453,-0.00000626,-0.00000094,0.000
01496,-0.00001116,0.00000021,0.00000474,0.00000579,0.00001186,-0.00000783,0.0000
0918,-0.00001231,-0.00000112,-0.00000670,0.00000396,0.00001735,0.00000716,0.0000
0482,0.00000008,-0.00000103,-0.00000766,0.00001302,0.00000487,-0.00000839,-0.000
00546,0.00000037,0.00000123,-0.00000433,-0.00000474,0.00000775,0.00083816,-0.000
72971,-0.00000106,-0.00017730,0.00047234,-0.00019686,0.00054961,0.00255425,0.002
00050,0.12252348,-0.16091542,-0.00281305,-0.00037305,-0.00005565,-0.00001741,-0.
00012268,0.00020582,-0.00012813,-0.00014430,-0.00003534,0.00010594,-0.00002882,0
.00022326,-0.00011027,-0.00044860,0.00155377,-0.00075531,0.02075827,-0.02558645,
-0.00096316,-0.14235500,0.18494578,-0.00016390,0.00066892,-0.00025537,0.00006877
,0.00003921,0.00020281,0.00003519,0.00009350,0.00005684,-0.00000589,0.00001799,-
0.00001752,0.00002307,0.00003130,-0.00001192,0.00002255,0.00003596,-0.00003641,0
.00029924,0.00052679,-0.00008913,-0.00267201,-0.00035351,0.00067166,0.00003641,-
0.00006602,-0.00015903,-0.00000719,0.00005800,-0.00003496,0.00117178,-0.00035752
,-0.00091258,0.00002755,-0.00003080,0.00013410,0.00005125,-0.00005349,0.00006657
,-0.00002502,0.00003017,-0.00001781,-0.00002541,-0.00013651,-0.00015838,0.000047
00,-0.00004172,-0.00001840,-0.00000804,0.00002887,-0.00002801,0.00021260,-0.0005
6086,0.00032429,-0.00000525,-0.00005480,0.00006294,0.00001186,0.00009547,-0.0001
1113,-0.00003863,-0.00004244,-0.00009736,-0.00029794,-0.00011232,-0.00012195,0.0
0012131,0.00014279,-0.00017106,-0.00005771,0.00004106,-0.00004707,-0.00009289,0.
00010148,-0.00008578,-0.00015965,-0.00031637,0.00011496,0.00082835,-0.00061840,0
.00052783,0.00060412,0.00042787,-0.00014886,0.00001208,-0.00001400,-0.00001531,-
0.00001417,0.00001697,-0.00000462,-0.00000595,0.00000248,-0.00001058,0.00019918,
-0.00017090,0.00028749,-0.00017178,0.00013394,-0.00014019,-0.00003238,0.00002525
,-0.00003525,0.00000215,-0.00001386,0.00000620,0.00000303,-0.00000150,-0.0000079
4,0.00000137,-0.00000014,-0.00001196,-0.00000152,0.00000276,0.00000282,-0.000014
32,0.00001172,0.00001905,-0.00001802,0.00002513,-0.00001957,-0.00006410,-0.00004
262,0.00001139,0.00000902,-0.00000828,-0.00000295,0.00000188,-0.00000028,-0.0000
0368,0.00000139,-0.00000332,-0.00000002,-0.00000929,-0.00000300,-0.00000964,0.00
000662,-0.00000346,-0.00001077,0.00000142,-0.00000076,-0.00000068,-0.00000093,0.
00000276,-0.00000134,-0.00000129,0.00000464,-0.00000211,-0.00000211,0.00000653,-
0.00000374,-0.00001154,0.00002937,-0.00000875,-0.00000817,-0.00000299,-0.0000202
5,0.00000273,0.00000107,-0.00000463,0.00000138,-0.00000090,-0.00000355,0.0000147
2,0.00000226,-0.00000908,-0.00001148,0.00005193,-0.00000670,0.00000125,0.0000059
0,0.00000900,-0.00000638,-0.00000402,-0.00000287,-0.00000230,0.00000593,-0.00000
642,-0.00001308,0.00000724,-0.00000105,0.00001100,0.00000226,-0.00000249,-0.0000
0499,0.00000739,-0.00000467,-0.00000274,-0.00000197,0.00000191,-0.00000033,-0.00
000572,-0.00001038,0.00001702,0.00000997,0.00000212,-0.00001255,-0.00000207,-0.0
0000005,-0.00000124,0.00000632,0.00000646,0.00000571,0.00000021,0.00000106,0.000
01347,-0.00000113,-0.00000425,0.00000565,0.00000649,0.00000204,-0.00001264,0.000
00298,-0.00001340,0.00000667,-0.00001818,0.00000168,0.00000956,0.00000625,0.0000
0192,0.00000136,-0.00000311,-0.00000533,0.00000474,0.00000336,-0.00000687,-0.000
00258,-0.00000089,-0.00000052,-0.00000073,-0.00000178,0.00000452,0.00167503,-0.0
0021781,0.00058713,-0.00339352,-0.00042349,-0.00346180,-0.01826733,0.01633056,-0
.00146876,0.00579222,-0.00345668,-0.04287625,-0.00071533,0.00041047,0.00087383,-
0.00120200,0.00085296,-0.00004106,0.00002127,-0.00010051,-0.00011053,0.00009620,
-0.00015114,-0.00005666,0.02125010,-0.01892591,-0.00267812,-0.00123387,0.0019728
4,0.00088638,-0.00406757,0.00419131,0.04972497,0.00005904,0.00000684,-0.00001446
,-0.00000315,0.00000768,-0.00001484,0.00003847,-0.00004586,-0.00007914,0.0000144
3,0.00000058,-0.00001298,0.00000339,0.00001110,0.00000630,-0.00000212,0.00000773
,0.00000089,-0.00001837,-0.00000356,0.00001275,-0.00019200,-0.00031256,-0.000375
17,0.00000772,0.00000539,0.00000562,-0.00002093,0.00000423,0.00000833,0.00015731
,0.00063791,-0.00002179,-0.00006051,0.00004857,0.00002105,-0.00001564,-0.0000566
8,0.00002800,-0.00000891,-0.00001167,0.00000916,-0.00012365,0.00006926,-0.000122
56,-0.00000349,-0.00001434,-0.00002174,0.00000601,-0.00001252,0.00000496,-0.0000
1740,-0.00013506,-0.00001108,0.00005521,0.00002662,0.00005597,-0.00002194,-0.000
00815,-0.00002984,-0.00000291,0.00001654,0.00003364,-0.00006228,0.00000407,0.000
03287,0.00000677,0.00000183,0.00003082,0.00000779,0.00000169,0.00002243,0.000044
82,0.00000752,-0.00000505,0.00000193,0.00002517,0.00003243,0.00007146,-0.0001263
7,0.00004582,0.00022378,0.00022457,0.00006030,0.00000457,-0.00000596,0.00001561,
-0.00000199,-0.00001453,0.00000497,-0.00000066,0.00000689,0.00000305,0.00008664,
-0.00011145,-0.00002046,-0.00004065,0.00008450,0.00001952,-0.00000638,0.00001495
,0.00000294,-0.00000572,0.00001451,-0.00000576,0.00000240,-0.00000213,-0.0000007
2,0.00000049,0.00000163,-0.00000014,-0.00000030,-0.00000149,-0.00000042,-0.00000
415,0.00000597,0.00000421,-0.00000828,0.00001216,-0.00000339,0.00000471,0.000006
26,0.00000633,0.00000313,0.00000202,0.00000467,-0.00000077,0.00000088,0.00000097
,0.00000487,0.00000116,0.00000139,0.00000598,0.00000309,-0.00000859,-0.00000168,
-0.00000384,-0.00000853,-0.00000372,0.00000405,0.00000408,-0.00000179,0.00000228
,0.00000126,-0.00000104,0.00000142,-0.00000013,0.00000180,-0.00000416,0.00000677
,-0.00000302,-0.00000453,0.00000677,-0.00000014,-0.00000191,-0.00000138,-0.00000
345,-0.00000245,-0.00000184,-0.00000490,-0.00000260,0.00000054,-0.00000004,-0.00
000079,-0.00000017,0.00000383,0.00003077,-0.00001048,-0.00000037,-0.00000442,0.0
0000773,-0.00000258,-0.00001101,-0.00001594,0.00000098,0.00000657,0.00000065,0.0
0000007,-0.00000362,0.00000323,-0.00000211,-0.00000345,0.00000266,-0.00000080,0.
00000344,0.00000146,-0.00000830,-0.00000067,0.00000139,-0.00000100,0.00000119,-0
.00000145,0.00001822,-0.00000260,-0.00001290,0.00002265,0.00000886,-0.00000544,-
0.00000686,-0.00000226,-0.00000016,-0.00000169,-0.00000465,-0.00000296,-0.000028
62,-0.00000464,0.00001327,-0.00000142,0.00000779,0.00000329,0.00002808,-0.000012
40,0.00000197,0.00000105,0.00000980,-0.00000407,0.00000378,-0.00000116,0.0000051
0,-0.00000347,-0.00000143,0.00000208,0.00000073,0.00000049,-0.00000137,-0.000002
00,0.00000528,0.00000123,0.00000074,-0.00000056,0.00000033,0.00086715,0.00108660
,-0.00044047,0.00068098,-0.00023111,0.00083177,0.00808260,0.00270889,0.00965432,
-0.00059574,-0.00001418,0.00213304,-0.13891179,-0.02922272,-0.11485299,-0.000182
49,0.00021953,0.00033104,-0.00005124,-0.00003921,0.00000220,-0.00010926,-0.00001
730,-0.00009225,0.00047450,0.00005237,0.00061166,-0.00001970,0.00019592,0.000106
31,0.00002746,-0.00018059,0.00016157,0.15786521,-0.00008749,-0.00001280,0.000027
14,-0.00000601,0.00002724,0.00009160,0.00000023,-0.00007255,0.00007516,-0.000005
26,-0.00001600,0.00000135,0.00000476,0.00000256,0.00000679,-0.00000110,0.0000034
0,0.,0.00001350,0.00000477,-0.00001509,0.00015280,-0.00027303,0.00044787,0.00003
496,-0.00002871,-0.00007457,0.00001415,-0.00001337,0.00001179,-0.00009591,-0.000
16872,-0.00008775,0.00001440,-0.00002718,-0.00001786,0.00001831,0.00003196,-0.00
000846,-0.00000792,0.00001185,-0.00001967,0.00013252,-0.00000179,0.00007348,-0.0
0001094,0.00001812,0.00000819,-0.00000051,0.00000637,-0.00001355,0.00008008,-0.0
0002622,0.00005366,-0.00002325,-0.00001845,-0.00001522,-0.00006713,0.00002058,0.
00001203,0.00000351,-0.00000686,-0.00003781,0.00000344,-0.00002341,-0.00003594,0
.00000371,-0.00000473,-0.00001352,-0.00000664,0.00000890,-0.00000916,-0.00003982
,-0.00000621,0.00000898,0.00002850,-0.00000729,-0.00001701,-0.00006088,0.0000323
6,-0.00004110,-0.00006641,-0.00003712,-0.00013583,0.00000246,0.00000843,0.000015
33,-0.00000792,-0.00000660,-0.00000898,-0.00000496,0.00000717,-0.00000112,0.0000
2538,0.00004932,-0.00001688,-0.00000584,-0.00002536,0.00000770,-0.00000967,-0.00
000911,0.00000321,-0.00000202,0.00000254,-0.00000854,0.00000250,-0.00000248,-0.0
0000519,0.00000222,-0.00000376,0.00000089,0.00000044,-0.00000079,0.00000081,0.00
000129,-0.00000810,0.00000244,-0.00000786,-0.00000347,0.00000555,-0.00000040,-0.
00000128,0.00000054,-0.00000045,0.00000088,0.00000072,0.00000205,0.00000140,0.00
000191,0.00000147,0.00000109,-0.00000012,-0.00000238,-0.00000187,-0.00000529,0.0
0000077,0.00000160,0.00000340,-0.00000029,0.00000173,0.00000318,-0.00000131,0.00
000308,-0.00000015,-0.00000016,0.00000175,-0.00000207,0.00000116,0.00000149,-0.0
0000046,0.00000020,0.00000143,-0.00000092,0.00000028,-0.00000064,-0.00000293,-0.
00000229,-0.00000144,-0.00000184,-0.00000361,-0.00000100,0.00000076,-0.00000161,
0.00000050,0.00000199,-0.00001235,0.00003738,-0.00000921,-0.00000102,0.00000043,
0.00000696,-0.00000628,-0.00001283,-0.00000161,0.00000049,0.00000973,-0.00000479
,-0.00000526,-0.00000050,-0.00000349,0.00000311,-0.00000147,-0.00000107,-0.00000
264,0.00001103,-0.00000388,-0.00000163,-0.00000183,0.00000336,0.00000218,-0.0000
0753,-0.00000082,0.00000477,-0.00000504,0.00001367,-0.00005087,0.00000515,0.0000
1065,-0.00000932,0.00000803,-0.00000847,0.00000771,-0.00000066,-0.00000557,-0.00
000650,0.00000940,-0.00000055,0.00002238,0.00001646,-0.00001120,0.00000058,-0.00
004914,-0.00000891,0.00000991,-0.00001514,0.00000045,0.00000566,0.00000350,0.000
00092,0.00000444,0.00000058,-0.00000532,0.00000629,0.00000748,-0.00000844,-0.000
00125,-0.00000044,0.00000098,-0.00000031,-0.00000065,0.00000151,0.00035128,0.000
60961,0.00020562,-0.00016501,0.00006005,-0.00046853,0.00010750,0.00009731,0.0002
8735,0.00003464,0.00040173,0.00010972,-0.02793552,-0.05285133,-0.03388912,0.0005
4510,0.00010273,-0.00016545,0.00000708,-0.00005142,0.00017629,-0.00012921,-0.000
16429,-0.00011886,-0.00002186,0.00022669,0.00002087,0.00004775,0.00007011,0.0001
0901,-0.00002242,-0.00002269,-0.00004744,0.03287660,0.05653961,0.00017989,-0.000
15430,0.00003115,-0.00005805,-0.00004206,-0.00020128,-0.00001112,-0.00001026,-0.
00012133,0.00000742,-0.00002222,0.00000013,0.00001048,0.00000511,0.00001512,-0.0
0000271,-0.00000578,0.00000978,-0.00001579,-0.00007351,0.00000717,-0.00047185,0.
00039789,-0.00093716,0.00002042,0.00005435,0.00012106,-0.00001511,0.00000643,-0.
00000968,0.00048691,-0.00010570,0.00040207,-0.00006822,0.00001983,-0.00002386,-0
.00002305,-0.00002189,0.00001774,0.00000360,-0.00001998,0.00001129,-0.00011048,0
.00008228,-0.00000480,-0.00001221,-0.00000725,-0.00000440,0.00001465,-0.00001592
,-0.00000028,-0.00014576,0.00001120,-0.00010365,0.00003171,0.00004929,0.00003491
,-0.00004057,0.00001921,0.00001365,0.00006775,0.00001355,0.00011260,-0.00002665,
0.00003711,0.00007987,-0.00003084,0.00001957,0.00006004,0.00003745,-0.00001383,0
.00002899,0.00004721,-0.00000818,0.00001146,0.00000113,0.00010860,0.00003613,0.0
0001877,-0.00007838,-0.00005155,0.00021085,0.00005361,0.00015159,0.00002941,-0.0
0001083,-0.00006746,-0.00000349,-0.00002549,0.00000496,-0.00000010,-0.00000061,0
.00000079,0.00002321,-0.00010891,-0.00003353,-0.00001302,0.00009337,0.00001968,0
.00000481,0.00001582,0.00000580,-0.00000050,0.00000931,-0.00001340,0.00000116,-0
.00000205,-0.00000382,0.00000281,-0.00000149,-0.00000046,-0.00000045,-0.00000075
,-0.00000018,0.00000364,-0.00000405,0.00000687,-0.00000181,0.00001287,-0.0000015
5,0.00000756,0.00001085,0.00000382,0.00000090,0.00000367,0.00000260,0.00000278,0
.00000242,0.00000132,0.00000407,0.00000153,0.00000170,0.00000551,0.00000386,-0.0
0000087,-0.00000250,-0.00000059,-0.00000246,-0.00000269,0.00000279,0.00000349,-0
.00000173,0.00000282,-0.00000082,-0.00000061,0.00000045,-0.00000190,0.00000011,-
0.00000209,0.00000553,-0.00000180,-0.00001027,0.00000109,0.00000214,-0.00000314,
0.00000120,-0.00000272,-0.00000331,-0.00000121,-0.00000380,-0.00000227,0.0000021
3,-0.00000301,-0.00000163,0.00000119,0.00002570,-0.00000185,0.00000804,0.0000012
1,-0.00000759,0.00000532,-0.00000484,-0.00002036,-0.00001538,0.00000061,0.000000
93,0.00000327,0.00000451,-0.00000691,0.00000488,-0.00000538,-0.00000537,-0.00000
135,0.00000304,-0.00000525,0.00000183,-0.00001408,0.00000500,-0.00000238,-0.0000
0573,0.00000521,-0.00000362,0.00001029,0.00001223,-0.00005155,0.00003839,0.00000
597,-0.00000195,-0.00000584,-0.00001220,0.00000164,-0.00001166,-0.00000898,0.000
00311,0.00005082,-0.00000674,0.00000186,-0.00002268,-0.00004072,0.00001254,-0.00
002746,0.00006628,0.00006209,0.00000338,-0.00001200,0.00000494,0.00000499,0.0000
0029,0.00001147,-0.00000306,-0.00000160,-0.00000985,-0.00000322,-0.00000980,0.00
000493,-0.00000011,0.00000075,0.00000334,0.00000378,-0.00000476,-0.00000035,-0.0
0071895,-0.00055549,0.00236499,-0.00100995,0.00035681,0.00079204,-0.01553034,-0.
00534652,-0.02749223,0.00318287,0.00022807,-0.00549157,-0.11412746,-0.03420041,-
0.17932609,0.00082536,-0.00022725,0.00017241,-0.00027231,0.00016974,0.00034952,0
.00000654,-0.00003325,-0.00009150,-0.00088723,-0.00022406,-0.00148410,0.00021341
,0.00023797,0.00019665,0.00040247,-0.00022713,0.00021056,0.13197931,0.04017899,0
.21022738,0.00002928,0.00014993,-0.00010553,-0.00000059,0.00000789,-0.00013625,-
0.00003550,0.00011620,-0.00006986,-0.00000610,0.00003418,-0.00000761,-0.00001341
,-0.00000202,-0.00001397,0.00000298,0.00000203,-0.00001141,-0.00002630,-0.000001
76,-0.00000409,-0.00049426,0.00076075,0.00009697,-0.00002835,0.00001565,0.000082
96,-0.00000411,0.00001611,-0.00001377,-0.00000371,0.00067542,-0.00044133,0.00000
190,-0.00003156,0.00003122,0.00000355,-0.00000041,0.00000082,-0.00002082,0.00000
080,0.00001320,-0.00002305,-0.00008582,-0.00002194,0.00001997,-0.00000288,-0.000
00192,-0.00000769,0.00000746,0.00001516,-0.00006158,-0.00000511,-0.00001934,-0.0
0000896,-0.00000340,0.00000613,0.00004754,-0.00003930,0.00004199,0.00001189,-0.0
0000811,0.00004658,0.00000536,-0.00000680,0.00003429,-0.00000430,-0.00000336,-0.
00000653,-0.00000776,0.00000259,-0.00000743,0.00002703,-0.00001569,-0.00000121,-
0.00002653,-0.00001738,0.00000171,0.00006864,0.00002052,0.00002632,0.00002571,-0
.00023076,-0.00001445,0.00006646,0.00000630,-0.00002624,0.00000991,0.00001874,0.
00000393,0.00000727,-0.00000821,-0.00000233,-0.00004149,-0.00001522,0.00001478,0
.00001035,-0.00000407,-0.00000266,0.00000851,0.00000447,0.00000289,0.00000012,-0
.00000400,0.00000752,-0.00000284,0.00000140,0.00000597,-0.00000270,0.00000261,-0
.00000121,0.00000198,-0.00000124,-0.00000090,-0.00000036,0.00000574,-0.00000485,
0.00000895,-0.00000173,-0.00000381,0.00000611,0.00000106,-0.00001012,0.00000159,
0.00000021,-0.00000334,-0.00000484,-0.00000250,-0.00000083,-0.00000248,-0.000001
94,0.00000126,-0.00000686,-0.00000214,0.00000617,0.00000011,0.00000251,-0.000000
44,0.00000108,-0.00000241,-0.00000410,0.00000134,-0.00000415,0.00000044,-0.00000
005,-0.00000218,0.00000183,-0.00000243,-0.00000075,-0.00000146,0.00000057,-0.000
00152,-0.00000062,0.00000058,-0.00000002,0.00000378,0.00000273,0.00000071,0.0000
0293,0.00000268,0.00000037,0.00000007,-0.00000028,0.00000120,0.00000155,0.000013
39,-0.00004847,0.00002121,-0.00000203,0.00000449,-0.00001673,0.00000773,0.000019
00,0.00000998,-0.00000106,-0.00001072,0.00000333,0.00000463,0.00000363,0.0000007
8,0.00000101,0.00000460,-0.00000367,0.00000295,-0.00001212,0.00000228,0.00000538
,0.00000570,-0.00000390,-0.00000215,0.00000632,0.00000384,0.00000054,-0.00000241
,-0.00000632,0.00000681,-0.00001929,-0.00000813,0.00000661,-0.00000398,0.0000009
9,0.00000016,-0.00000239,0.00000312,0.00002293,0.00000153,0.00000113,-0.00000862
,-0.00001304,-0.00000231,-0.00001413,0.00002922,0.00002455,-0.00000867,0.0000122
4,-0.00000080,-0.00000508,-0.00000169,-0.00000446,0.00000667,0.00000181,-0.00000
242,-0.00000706,-0.00000324,0.00000575,0.00000155,0.00000020,-0.00000242,-0.0000
0151,0.00000608,-0.00000539,-0.00285656,-0.00249194,0.00417455,0.00021347,-0.000
47669,-0.00013598,-0.00706335,-0.01442300,0.00307611,0.00021635,0.00010713,-0.00
072179,-0.08084732,-0.08800845,0.01036400,-0.00023046,-0.00014204,-0.00005219,0.
00020704,0.00002336,-0.00026300,-0.00029572,0.00067431,0.00058870,-0.00006519,0.
00000856,-0.00018646,0.00029817,0.00011630,-0.00009137,-0.00003140,0.00009146,-0
.00000587,-0.01005215,-0.02118097,-0.00020488,0.09208039,0.00036397,-0.00017131,
-0.00003214,-0.00000954,0.00000657,-0.00022177,-0.00003947,0.00009777,-0.0001214
2,-0.00001391,0.00001539,0.00002078,0.00000012,-0.00000299,-0.00001060,0.0000028
9,0.00000870,-0.00001193,-0.00000225,-0.00002188,-0.00004933,0.00017230,0.001157
81,-0.00047847,-0.00006197,0.00003735,0.00016596,-0.00002472,0.00003855,-0.00002
740,0.00019247,-0.00122970,0.00117703,-0.00005919,-0.00002788,-0.00004225,-0.000
04708,-0.00000634,0.00002398,0.00000976,-0.00000435,0.00002362,-0.00012746,0.000
08551,0.00008162,-0.00002718,-0.00004271,0.00000733,-0.00000156,-0.00000648,0.00
001793,-0.00029698,0.00042731,-0.00022440,0.00002219,0.00007336,-0.00001772,0.00
002939,-0.00003837,0.00007610,0.00002042,-0.00001977,0.00008643,0.00003283,0.000
05421,0.00007554,-0.00004203,0.00006442,0.00001383,0.00004011,-0.00002340,0.0000
1903,0.00006541,0.00003491,-0.00005023,-0.00005805,0.00004775,0.00008278,-0.0000
8590,-0.00014623,-0.00001190,-0.00019965,-0.00032812,0.00003510,0.00003411,-0.00
002164,-0.00001942,-0.00000296,0.00000884,0.00000613,0.00000512,-0.00002107,-0.0
0000543,-0.00018348,-0.00022829,0.00010697,0.00005058,0.00019822,-0.00006106,0.0
0003741,0.00003387,-0.00001340,0.00000827,-0.00000407,0.00002087,-0.00000577,0.0
0000392,0.00000266,-0.00000502,0.00000389,0.00000019,-0.00000218,0.00000977,-0.0
0000134,0.00000093,0.00002228,-0.00000868,0.00002716,0.00002780,-0.00001904,-0.0
0000045,0.00000263,-0.00000896,-0.00000107,0.00000064,-0.00000074,0.00000285,0.0
0000123,0.00000156,0.00000345,0.00000049,-0.00000330,-0.00000160,0.00001025,0.00
002370,-0.00000247,-0.00000897,0.00000126,-0.00000016,-0.00000325,-0.00000429,0.
00000083,-0.00000347,-0.00000094,-0.00000214,0.00000021,0.00000132,-0.00000451,-
0.00000119,-0.00000863,0.00000136,-0.00000662,-0.00001065,0.00000084,-0.00000197
,0.00000244,0.00000409,0.00000036,0.00000268,0.00000905,0.00000041,0.00000073,0.
00000357,-0.00000582,-0.00000327,0.00003162,-0.00010924,0.00003869,-0.00000056,0
.00000004,-0.00001963,0.00000527,0.00001262,0.00000615,-0.00000136,-0.00002401,0
.00000432,0.00000681,0.00000591,0.00000036,0.00000223,0.00000809,-0.00000795,0.0
0001045,-0.00002697,0.00000796,0.00001118,0.00001198,-0.00000545,-0.00000157,0.0
0001891,0.00001050,-0.00001720,0.00000141,-0.00001869,0.00002033,0.00000149,-0.0
0001862,0.00000209,-0.00000676,-0.00000139,-0.00000608,0.00000118,0.00000429,0.0
0001347,-0.00000275,0.00000549,-0.00001383,-0.00001887,-0.00000495,-0.00000361,0
.00001999,0.00004942,0.00000075,0.00001712,-0.00000138,-0.00001340,-0.00000715,-
0.00000607,0.00000508,0.00000021,0.00000260,-0.00001479,-0.00000873,0.00001192,0
.00000563,-0.00000097,-0.00000342,0.00000347,0.00000722,-0.00000991,-0.00044340,
-0.00043293,0.00158619,0.00062275,0.00034886,-0.00070410,-0.00295850,-0.00471793
,0.00205915,0.00026721,0.00024376,-0.00046501,-0.08904979,-0.24390092,0.02442513
,-0.00009496,-0.00013090,0.00003630,0.00017372,-0.00003410,-0.00018371,0.0003632
9,0.00043645,-0.00021522,0.00015160,0.00002762,-0.00024292,0.00014726,0.00062267
,0.00010178,-0.00003481,-0.00032922,0.00006114,-0.00484880,-0.00838030,-0.000945
78,0.10374624,0.28134855,-0.00008471,-0.00003863,0.00006924,-0.00001585,-0.00002
470,0.00013028,0.00003593,-0.00005553,0.00005187,0.00000383,-0.00001439,0.000003
61,0.00000437,-0.00000657,0.00000533,0.00000250,-0.00001203,0.00000862,0.0000161
4,0.00000159,0.00003140,0.00053019,-0.00059119,-0.00024570,0.00001399,-0.0000076
1,-0.00005575,-0.00000267,-0.00000385,0.00000333,-0.00029176,-0.00017187,-0.0000
5591,0.00001369,0.00004074,0.00000528,-0.00000216,0.00000189,-0.00000001,0.00001
424,-0.00000090,0.00000136,-0.00001617,0.00001933,-0.00002299,-0.00000277,0.0000
0396,0.00000543,0.00000168,-0.00000275,-0.00000568,0.00009539,-0.00001159,0.0000
2135,0.00001296,-0.00000775,-0.00000471,0.00000676,0.00005926,-0.00004432,-0.000
01487,0.00000967,-0.00003413,0.00002150,-0.00000520,-0.00004400,-0.00000325,-0.0
0000493,-0.00000796,-0.00000027,-0.00000762,-0.00000585,-0.00003027,0.00000782,-
0.00000015,0.00000168,-0.00001083,-0.00002414,0.00000540,0.00005995,0.00000067,0
.00002808,0.00015258,0.00010123,-0.00007308,-0.00001007,0.00000276,-0.00000129,-
0.00000414,-0.00000036,-0.00000264,0.00000217,0.00000234,0.00000856,0.00007373,0
.00002148,0.00000065,-0.00005066,-0.00001655,-0.00000461,-0.00000858,-0.00000047
,0.00000283,-0.00000590,-0.00000294,0.00000156,-0.00000089,-0.00000397,0.0000015
5,-0.00000233,0.00000005,-0.00000034,0.00000007,0.00000126,0.00000099,-0.0000067
5,0.00000104,-0.00000327,-0.00000825,0.00000055,-0.00000343,-0.00000469,-0.00000
330,-0.00000125,-0.00000197,-0.00000155,-0.00000115,-0.00000137,-0.00000015,-0.0
0000149,-0.00000081,0.00000067,-0.00000456,-0.00000238,0.00000290,-0.00000008,0.
00000049,0.00000108,0.00000083,-0.00000077,0.00000019,-0.00000005,0.00000108,-0.
00000112,0.00000087,-0.00000025,-0.00000164,0.00000108,0.00000158,-0.00000126,0.
00000130,0.00000391,0.00000048,-0.00000021,0.00000075,-0.00000307,-0.00000012,0.
00000034,-0.00000073,0.00000041,0.00000090,0.00000008,0.00000189,0.00000061,-0.0
0000249,-0.00000408,0.00001861,-0.00001229,0.00000170,-0.00000017,0.00000629,-0.
00000123,-0.00000686,-0.00000290,0.00000037,0.00000400,-0.00000048,-0.00000170,-
0.00000281,-0.00000085,-0.00000117,-0.00000461,0.00000309,-0.00000241,0.00000458
,-0.00000221,-0.00000339,-0.00000498,0.00000103,0.00000058,-0.00000352,-0.000002
70,0.00000003,-0.00000036,0.00001193,0.00000624,0.00000010,0.00001387,-0.0000038
1,-0.00000193,0.00000574,0.00000013,0.00000130,0.00000070,-0.00000382,-0.0000026
3,-0.00000995,-0.00000096,0.00000583,0.00000764,0.00000835,0.00001849,-0.0000322
4,-0.00000328,-0.00000184,0.00000009,0.00000420,0.00000289,0.00000278,-0.0000077
9,-0.00000265,0.00000328,0.00000350,0.00000016,-0.00000206,-0.00000125,0.0000001
2,0.00000129,0.00000026,-0.00000613,0.00000492,0.00481794,0.00351789,-0.00529747
,-0.00044857,0.00050316,0.00052226,0.01027374,0.02237621,-0.00385257,0.00025010,
0.00030214,0.00025435,0.00982996,0.02426770,-0.04517813,-0.00004058,-0.00012573,
-0.00005257,-0.00025520,0.00010389,0.00008714,0.00038592,-0.00035356,-0.00007968
,-0.00008238,-0.00008612,0.00028325,-0.00008195,-0.00030168,-0.00084884,-0.00002
816,0.00010361,-0.00005536,-0.01104723,-0.02282266,0.00174067,-0.01375937,-0.028
39275,0.05182217,-0.00039994,-0.00033223,0.00029805,-0.00011743,0.00010529,0.000
18131,-0.00003653,0.00002226,0.00002187,-0.00000414,0.00000520,-0.00000512,-0.00
002843,-0.00002828,0.00000613,-0.00000321,-0.00003495,0.00001012,-0.00003815,0.0
0001491,0.00007826,-0.00205302,-0.00124726,0.00140146,0.00009170,-0.00008553,-0.
00016181,0.00004568,-0.00009080,0.00004736,0.00114962,0.00134151,-0.00154648,0.0
0000836,0.00000220,0.00003090,0.00006911,0.00010856,-0.00010079,-0.00007743,-0.0
0006451,-0.00003205,0.00045673,-0.00008149,-0.00000337,-0.00003523,0.00009333,0.
00000251,-0.00000398,-0.00000857,-0.00000307,0.00023931,-0.00048587,0.00021629,-
0.00007811,-0.00012104,-0.00003141,-0.00004080,0.00007129,-0.00007199,0.00007903
,-0.00005572,-0.00005379,-0.00000125,-0.00000254,-0.00002074,0.00004020,-0.00014
398,0.00008078,-0.00005944,-0.00003272,0.00003752,-0.00000242,0.00004044,0.00004
057,0.00003508,0.00007987,-0.00010594,0.00003104,0.00017070,-0.00034841,0.000146
83,0.00023668,-0.00001774,0.00002467,0.00001438,0.,0.00001878,0.00000982,0.00000
656,0.00000634,0.00002109,0.00000440,0.00011104,0.00029561,-0.00019789,0.0000712
2,-0.00020083,0.00010054,-0.00000639,-0.00003398,0.00002960,-0.00000170,0.000004
13,-0.00001311,0.00000344,-0.00000278,0.00000382,0.00000019,-0.00000609,0.000007
14,0.00000873,-0.00001270,-0.00000084,0.00000773,-0.00002131,-0.00000577,-0.0000
1249,-0.00003572,0.00002416,0.00001527,0.00000486,0.00000379,0.00000267,0.000004
47,0.00000427,-0.00000325,-0.00000240,0.00000234,-0.00000336,0.00000053,0.000004
00,-0.00000263,-0.00000558,-0.00000731,-0.00000265,0.00001060,0.00001119,0.00000
102,0.00000105,0.00000334,-0.00000112,0.00000207,0.00000280,0.00000050,0.0000018
1,-0.00000209,0.00000819,-0.00000192,-0.00000009,0.00001245,0.00000734,0.0000079
1,0.00000200,0.00000081,-0.00000103,-0.00000281,-0.00000219,-0.00000066,-0.00000
550,-0.00000169,0.00000161,-0.00000788,0.00000088,0.00000746,-0.00003508,0.00002
725,-0.00000743,-0.00000330,0.00000363,0.00000269,-0.00000291,0.00000872,0.00000
756,0.00000058,0.00001606,-0.00000566,0.00000674,0.00000124,-0.00000392,0.000002
72,-0.00000336,0.00000108,-0.00000475,0.00002006,-0.00000558,0.00000761,-0.00000
502,0.00000053,-0.00000285,-0.00001718,0.00000469,0.00000853,0.00000199,0.000023
33,-0.00004100,0.00000391,0.00001910,0.00000415,0.00001818,0.00000274,0.00000953
,0.00000101,-0.00000413,0.00002313,0.00000562,-0.00000653,0.00002582,0.00001682,
-0.00000168,-0.00003062,-0.00001776,-0.00004059,-0.00000124,-0.00003361,-0.00000
146,0.00001752,0.00001128,-0.00000032,0.00000320,0.00000361,-0.00000829,0.000008
05,0.00000968,-0.00000796,-0.00000049,-0.00000427,-0.00000069,-0.00000222,-0.000
00413,0.00000955,0.00077046,0.00032572,-0.00096381,-0.00186279,-0.00002845,0.003
46045,-0.01521719,0.01221697,0.00430515,0.00063839,-0.00024564,-0.00113415,-0.17
104539,0.12151019,-0.00405334,0.00036538,-0.00010998,0.00014424,-0.00063489,0.00
075259,0.00017918,0.00002123,-0.00027253,-0.00002271,-0.00004733,-0.00005910,-0.
00036114,-0.00002576,-0.00003914,0.00002907,0.00047339,-0.00012668,-0.00001919,-
0.01826715,0.01549989,-0.00405726,0.00885982,-0.00792054,-0.00007322,0.19632107,
-0.00054963,0.00137815,-0.00067566,0.00000969,0.00003456,0.00023749,0.00018450,-
0.00012309,0.00005982,0.00000589,0.00006320,-0.00005571,0.00002001,0.00006759,-0
.00000788,-0.00000284,0.00005145,-0.00003386,0.00002668,0.00000307,0.00001382,-0
.00369239,0.00086167,0.00092005,0.00008740,-0.00007797,-0.00018951,-0.00006091,0
.00017710,-0.00005282,0.00127123,-0.00374481,0.00136611,0.00020970,-0.00021028,0
.00021200,0.00003020,-0.00006004,0.00014804,-0.00007174,0.00019212,-0.00001188,0
.00008443,-0.00076690,-0.00037067,0.00007031,0.00001284,0.00002921,-0.00002542,0
.00008516,-0.00004405,0.00022774,-0.00062367,0.00047456,0.00007370,-0.00003429,0
.00015700,-0.00005274,0.00010102,-0.00008860,0.00000113,-0.00000537,-0.00007177,
0.00003614,-0.00024888,-0.00011117,-0.00005818,0.00009512,-0.00015512,-0.0000434
7,0.00012686,-0.00013265,-0.00019278,-0.00009456,0.00002299,0.00005045,-0.000319
10,-0.00009413,0.00031957,0.00023152,0.00030412,0.00083245,0.00045676,-0.0001435
8,0.00004299,-0.00002142,-0.00000438,-0.00002504,0.00002860,-0.00003979,-0.00001
398,0.00002468,-0.00001892,0.00009020,0.00023286,-0.00014950,-0.00007548,-0.0002
9181,0.00010001,-0.00007996,-0.00005185,0.00001648,-0.00002228,0.00000788,-0.000
01130,0.00000419,0.00000053,-0.00000924,0.00000435,-0.00000503,-0.00000582,0.000
00188,-0.00000419,0.00000694,-0.00001113,-0.00001787,0.00000759,-0.00003648,-0.0
0002963,0.00002930,-0.00000984,-0.00001031,-0.00000429,-0.00000302,-0.00000163,-
0.00000103,-0.00000187,-0.00000133,-0.00000218,-0.00000952,-0.00000495,-0.000001
89,-0.00001715,-0.00001489,-0.00002378,0.00000175,0.00000665,-0.00000234,0.00000
022,0.00000226,0.00000207,-0.00000014,0.00000106,-0.00000040,0.00000309,-0.00000
158,-0.00000014,-0.00000096,0.00000656,0.00000578,-0.00001457,0.00000148,0.00000
064,-0.00000196,0.00000161,-0.00000218,-0.00000258,0.00000066,-0.00000026,-0.000
00559,0.00000073,-0.00000129,-0.00000128,0.00000740,0.00000243,-0.00002091,0.000
16383,-0.00004790,-0.00000041,0.00000101,0.00002322,-0.00001664,-0.00000999,-0.0
0001873,-0.00000062,0.00002532,-0.00000695,-0.00001629,-0.00000134,0.00000098,0.
00000187,-0.00000190,-0.00000004,-0.00000727,0.00002752,-0.00000684,-0.00000601,
-0.00000153,0.00000236,0.00000429,-0.00000391,-0.00000887,0.00005592,0.00000178,
-0.00001310,0.00000080,-0.00000698,0.00000232,-0.00000605,0.00000365,0.00001293,
0.00000543,-0.00000821,-0.00000086,0.00002058,-0.00000829,-0.00000548,0.00000425
,0.00000643,0.00001262,-0.00001743,0.00002222,-0.00002300,0.00000194,-0.00001600
,0.00000758,0.00002069,0.00000923,0.00000688,-0.00000036,-0.00000199,-0.00000778
,0.00001340,0.00000559,-0.00001040,-0.00000617,0.00000274,0.00000294,-0.00000333
,-0.00000548,0.00000786,0.00072400,-0.00092075,0.00016058,0.00022655,0.00054043,
-0.00028641,0.00271424,0.00017576,-0.00271174,-0.00030338,-0.00010170,0.00019578
,0.12184145,-0.15925601,0.00137656,-0.00015574,-0.00003838,-0.00010649,0.0000282
2,0.00011258,0.00011445,-0.00003371,0.00025186,0.00007570,-0.00015766,0.00002155
,0.00029414,0.00007209,-0.00035423,-0.00008649,-0.00013072,0.00061967,-0.0001671
3,-0.00299379,0.00390807,0.00035473,0.02062987,-0.02510089,0.00153563,-0.1410960
6,0.18244267,0.00035034,-0.00081225,0.00021475,0.00010225,-0.00007784,-0.0001602
6,-0.00007613,0.00003025,0.00005077,-0.00000829,-0.00003098,0.00001681,0.0000118
7,-0.00006171,0.00001099,0.00000415,-0.00003363,0.00002236,0.00005959,0.00002778
,-0.00011645,0.00360722,0.00023767,-0.00025123,-0.00009611,0.00008110,0.00014096
,0.00003499,-0.00004579,-0.00002435,-0.00186561,0.00108179,-0.00075580,0.0000277
9,-0.00008384,-0.00020551,-0.00000955,0.00009982,-0.00012668,0.00003296,-0.00012
203,0.00001014,-0.00001686,-0.00005511,0.00041608,0.00003578,-0.00000544,0.00003
402,0.00001193,-0.00002749,0.00000376,-0.00012213,0.00075291,-0.00021715,-0.0001
5402,0.00005647,-0.00008317,0.00001558,-0.00009071,0.00013246,-0.00007982,0.0000
2462,0.00003424,0.00006480,0.00011582,-0.00002353,-0.00003667,-0.00001597,0.0000
4041,0.00008188,-0.00011821,0.00003841,0.00002056,0.00002717,0.00006384,-0.00001
369,0.00017085,-0.00007571,-0.00060638,0.00029981,-0.00021788,-0.00085175,-0.000
58740,-0.00005293,-0.00002899,-0.00000048,-0.00000384,-0.00000070,-0.00002247,-0
.00000307,0.00000338,-0.00002308,0.00000281,-0.00023193,0.00010373,0.00013184,0.
00013217,-0.00003191,-0.00010993,0.00005374,0.00000885,-0.00001792,0.00002441,-0
.00003770,0.00001375,-0.00000457,-0.00000086,-0.00000089,-0.00000117,0.00000339,
-0.00000406,-0.00000338,0.00000496,-0.00000301,0.00001608,-0.00000551,-0.0000031
5,0.00003509,-0.00000183,-0.00001780,-0.00001005,-0.00000955,-0.00000689,0.00000
305,-0.00000089,-0.00001208,0.00000152,-0.00000072,-0.00000760,-0.00000170,0.000
00224,0.00000513,-0.00000347,0.00000441,0.00003225,0.00000827,0.00000123,0.00000
189,0.00000536,-0.00000777,-0.00000932,0.00000220,-0.00000287,-0.00000417,0.0000
0016,-0.00000319,-0.00000095,-0.00000206,0.00000342,-0.00000984,0.00000606,0.000
00825,-0.00001815,0.00000037,-0.00000041,0.00000049,0.00000658,0.00000173,0.0000
0273,0.00000995,0.00000301,0.00000137,0.00000496,-0.00000240,-0.00000381,0.00002
014,-0.00008802,0.00003086,0.00000076,0.00000250,-0.00001737,0.00001066,-0.00000
577,0.00001812,0.00000001,-0.00002163,0.00000104,-0.00000113,0.00000037,-0.00000
409,0.00000329,0.00000203,-0.00000250,0.00000627,-0.00002661,0.00000214,-0.00000
445,0.00000028,0.00000044,0.00000064,-0.00000053,-0.00000212,-0.00005513,0.00000
011,0.00000954,-0.00001132,-0.00001513,-0.00000281,-0.00000281,-0.00001272,-0.00
001260,-0.00000228,0.00000400,0.00000094,-0.00000415,0.00000930,-0.00000688,-0.0
0000701,-0.00000801,-0.00001293,-0.00000248,0.00000220,0.00002671,0.00000428,0.0
0000944,0.00000143,-0.00001983,-0.00000890,-0.00000604,0.00000477,-0.00000145,0.
00000493,-0.00000958,-0.00000506,0.00000550,0.00000266,0.00000066,-0.00000033,0.
00000094,0.00000591,-0.00001073,-0.00170023,0.00050728,0.00082433,0.00320131,-0.
00013128,-0.00439426,0.01983410,-0.01836999,-0.00196072,0.00082721,-0.00026503,0
.00091408,-0.00465810,0.00213216,-0.04235480,-0.00007831,0.00011316,-0.00012162,
0.00128381,-0.00099393,-0.00012513,-0.00009979,0.00015072,-0.00005762,-0.0001146
7,0.00007500,0.00022132,-0.00000290,-0.00001280,-0.00004350,-0.00020392,-0.00001
818,-0.00113962,-0.01910214,0.01618963,-0.00183290,-0.00231377,0.00222673,0.0007
7486,0.00264315,-0.00227770,0.05039723\\-0.00000073,0.00000221,-0.00000803,-0.00
000125,-0.00000571,0.00000279,0.00000120,0.00000407,-0.00000535,-0.00000187,0.00
000040,-0.00000295,-0.00000007,-0.00000022,0.00000049,-0.00000120,-0.00000135,0.
00000031,-0.00000025,0.00000006,-0.00000242,0.00000836,0.00000180,0.00000145,0.0
0000138,0.00000109,-0.00000018,-0.00000269,-0.00000332,0.00000530,0.00000187,-0.
00000410,-0.00000009,0.00000448,-0.00000441,0.00000359,-0.00000212,0.00000220,0.
00000033,0.00000258,0.00000148,-0.00000082,0.00000026,0.00000163,-0.00000031,0.0
0000179,0.00000168,-0.00000033,0.00000188,-0.00000155,0.00000069,-0.00000398,-0.
00000066,0.00000231,-0.00000636,0.00000218,0.00000340,0.00000290,0.00000473,-0.0
0000265,-0.00000033,0.00000295,-0.00000055,0.00000483,-0.00000079,-0.00000285,-0
.00000008,0.00000100,0.00000145,0.00000311,0.00000536,-0.00000546,-0.00000320,-0
.00000917,0.00000571,-0.00000300,0.00000129,0.00000165,-0.00000113,0.00000013,0.
00000021,-0.00000377,-0.00000162,0.00000371,0.00000069,0.00000014,-0.00000043,0.
00000047,0.00000027,0.00000060,-0.00000039,0.00000048,-0.00000006,0.00000173,0.0
0000601,0.00000306,-0.00000029,0.00000021,-0.00000266,0.00000319,-0.00000553,-0.
00000133,0.00000382,-0.00000412,0.00000128,-0.00000271,0.00000091,0.00000447,-0.
00000264,0.00000553,-0.00000324,-0.00000062,0.00000085,0.00000546,0.00000217,-0.
00000080,-0.00000962,0.00000242,-0.00000317,-0.00000307,-0.00000164,0.00000044,0
.00000297,-0.00000471,-0.00000041,0.00000220,0.00000814,0.00000361,-0.00000025,-
0.00000545,-0.00000440,-0.00000684,0.00000049,0.00000344,0.00000616,-0.00000026,
-0.00000025,0.00000020,0.00000062,0.00000016,-0.00000109,0.00000081,-0.00000105,
-0.00000052,-0.00000106,0.00000191,-0.00000177,-0.00000104,0.00000082,0.00000506
,0.00000076,0.00000006,-0.00000021,0.00000030,-0.00000032,0.00000065,-0.00000244
,-0.00000135,-0.00000116,-0.00000012,0.00000024,0.00000058,0.00000018,-0.0000009
8,-0.00000086,0.00000119,-0.00000117,-0.00000018,0.00000015,-0.00000126,0.000001
96,-0.00000265,-0.00000088,0.00000406,-0.00000055,0.00000133,-0.00000097,-0.0000
0096,0.00000086,-0.00000084,0.00000148,-0.00000021,-0.00000026,-0.00000009,0.000
00122,-0.00000010,0.00000362,-0.00000074,-0.00000134,-0.00000046,0.00000052,-0.0
0000202,0.00000353,-0.00000195,-0.00000251,0.00000472,-0.00000188,-0.00000197,-0
.00000426,-0.00000234,-0.00000066,0.00000138,0.00000178,0.00000395,-0.00000143,0
.00000194,0.00000015,-0.00000024,0.00000011,0.00000048,-0.00000253,-0.00000049,0
.00000167,-0.00000253,0.00000205,0.00000072,0.00000168,0.00000055,0.00000102,0.0
0000074,-0.00000040,0.00000020,0.00000187,-0.00000037,-0.00000165,-0.00000021,0.
00000025,0.00000036,-0.00000222,-0.00000099,-0.00000261,-0.00000672,0.00000106,-
0.00000062,-0.00000064,0.00000296,-0.00000380,-0.00000221,-0.00000205,0.00000514
,0.00000102,-0.00000070,-0.00000154,0.00000424,0.00000409,-0.00000136,0.00000121
,0.00000024,0.00000287,0.00000061,-0.00000045,-0.00000056,-0.00000093,-0.0000030
3,0.00000048,-0.00000021,-0.00000029,-0.00000091,0.00000066,-0.00000055,0.000000
34,-0.00000127,0.00000030,-0.00000013,0.00000004,-0.00000033,-0.00000013,-0.0000
0201,-0.00000278,-0.00000041,-0.00000105,-0.00000042,0.00000020\\\@
