1\1\GINC-ECHO\Freq\External='./xtb.sh'\ZDO\C24H36Fe1N2O4Pd1\ECHO\15-Oct-2024\0\\
#p freq external='./xtb.sh'\\Generate automatically by rxnb\\0,1\Fe,1.92455,1.22
765,-0.0568\C,-1.55651,-1.99049,1.56829\Pd,0.48021,-0.96029,-0.10538\C,3.40011,-
1.0571,-0.34318\H,3.32673,3.41846,0.37993\H,4.16833,1.16252,1.41681\H,2.01136,-0
.17982,2.34739\C,-1.7038,0.95067,-0.17383\O,-2.19347,-2.6122,2.40371\C,2.82804,-
0.01358,-1.21603\O,-0.80804,1.8181,-0.35218\C,1.228,1.39349,-1.88453\C,2.38395,2
.14479,-1.6989\C,3.39855,1.26736,-1.27739\H,0.28995,1.84177,-2.11225\H,2.4276,3.
20774,-1.72303\H,4.37416,1.53822,-0.94774\H,0.5149,0.86625,-0.10057\C,1.45549,0.
00927,-1.5972\C,-2.29126,-1.32586,0.36024\O,-0.29664,-1.81105,1.61516\C,2.03207,
0.76314,1.85094\C,3.15165,1.48182,1.41081\C,2.71355,2.70867,0.88089\C,1.32092,2.
74714,0.97776\C,0.89496,1.56054,1.61001\H,-0.10234,1.32434,1.90772\N,-1.39768,-0
.31105,-0.15251\H,-3.20793,-0.85717,0.73987\H,3.74511,-0.52046,0.53714\H,4.2423,
-1.60544,-0.79128\H,0.69047,3.43628,0.46934\N,2.32678,-1.9726,0.04459\C,2.61854,
-2.62002,1.31864\C,2.16927,-3.01163,-0.97281\H,3.40353,-3.3794,1.20799\H,2.96072
,-1.88665,2.04537\H,1.71496,-3.0907,1.70537\H,3.08014,-3.62551,-1.04648\H,1.3374
4,-3.66596,-0.70641\H,1.98252,-2.55323,-1.9444\C,-2.69231,-2.36048,-0.72169\C,-1
.47582,-3.20149,-1.1262\C,-3.21491,-1.61224,-1.95232\C,-3.78823,-3.26523,-0.1579
1\H,-0.70131,-2.54115,-1.55577\H,-1.75969,-3.93419,-1.88124\H,-1.09034,-3.73825,
-0.25539\H,-3.55914,-2.31822,-2.70606\H,-4.04402,-0.96441,-1.67688\H,-2.42805,-0
.9935,-2.38305\H,-3.47702,-3.68756,0.79425\H,-4.69995,-2.696,0.0099\H,-4.00879,-
4.0745,-0.85217\O,-2.99912,1.27805,0.00713\C,-4.89996,2.61061,0.30993\C,-3.38798
,2.66121,0.08259\C,-2.69432,3.34393,1.2637\C,-3.06991,3.38299,-1.22841\H,-5.3829
2,2.10153,-0.5199\H,-5.11898,2.06328,1.22287\H,-5.29963,3.61706,0.39237\H,-2.896
73,2.79327,2.17988\H,-3.0664,4.35876,1.37248\H,-1.62098,3.36959,1.09665\H,-3.536
62,2.86132,-2.06092\H,-3.44903,4.40034,-1.18906\H,-1.99444,3.40316,-1.38407\\Ver
sion=ES64L-G16RevC.01\HF=-99.7477836\RMSD=0.000e+00\RMSF=3.604e-06\ZeroPoint=0.5
580825\Thermal=0.5915637\ETot=-99.1562199\HTot=-99.1552757\GTot=-99.2512643\Dipo
le=0.,0.,0.\PG=C01 [X(C24H36Fe1N2O4Pd1)]\NImag=1\\0.49877257,0.04508526,0.490358
65,-0.02063166,0.13089143,0.74546364,-0.00114267,0.00157099,-0.00097981,0.704341
52,0.00085360,0.00033297,-0.00014105,0.18113828,0.37193813,-0.00233150,-0.000694
71,0.00046957,-0.15498771,-0.22196138,0.51332085,-0.03269317,-0.03853963,-0.0010
8985,-0.00823010,-0.00444672,0.00755467,0.24521936,-0.06146863,-0.06516680,-0.00
492845,-0.00384321,0.00204258,-0.00520409,0.02768263,0.18774823,0.00693435,0.004
40427,-0.00931036,0.01381120,-0.00223350,0.00756216,-0.04443460,-0.05974684,0.18
326863,-0.00875389,0.00256186,-0.00472534,-0.00146367,-0.00030742,0.00034316,-0.
00628012,-0.00182651,0.00210947,0.46573688,-0.00281082,0.00104920,0.00737756,-0.
00022582,-0.00007021,0.00030132,0.00227755,0.00318226,-0.00080201,-0.01913941,0.
50387588,0.00351869,-0.00380259,-0.00466603,0.00011066,0.00011902,-0.00025415,0.
00151969,0.00002181,0.00055274,0.02858081,0.02694826,0.50993418,-0.00210743,0.00
075524,0.00093093,0.00011204,0.00008185,-0.00002446,0.00009782,0.00055558,0.0000
5661,-0.00002048,0.00033700,-0.00000130,0.15358760,0.00117596,-0.00288211,0.0020
0906,0.00011532,-0.00001021,0.00006225,0.00055623,0.00090963,0.00005814,-0.00035
454,0.00063972,-0.00002233,0.12591365,0.18707674,-0.00112502,-0.00276217,-0.0009
7923,-0.00034403,-0.00011052,0.00009569,0.00046195,0.00065473,-0.00047632,-0.000
09881,0.00040242,-0.00009288,-0.09252254,-0.11323024,0.10453542,-0.00018126,0.00
012534,0.00342782,0.00009765,0.00010431,-0.00007174,-0.00053289,0.00032418,-0.00
018257,-0.00025951,0.00077209,-0.00000950,0.00022374,0.00007549,-0.00049954,0.33
913555,-0.00242178,-0.00075126,0.00048513,-0.00004081,0.00001461,0.00003444,-0.0
0049180,-0.00010019,-0.00008659,-0.00054086,-0.00113856,-0.00149012,-0.00004167,
-0.00048032,-0.00045147,-0.09377238,0.07400362,-0.00196710,0.00207650,-0.0000104
0,-0.00005404,-0.00009222,0.00010233,0.00039234,0.00059815,-0.00005548,-0.000706
00,0.00010496,-0.00066710,-0.00048445,-0.00026724,-0.00073589,-0.00134455,-0.006
43313,0.02615084,-0.00203937,0.00112332,0.00028494,-0.00126503,-0.00045459,-0.00
023168,0.00046236,-0.00073933,-0.00206889,0.00010006,0.00025964,0.00034688,0.000
37967,-0.00080924,0.00052839,-0.00006037,-0.00019909,-0.00023257,0.04198213,-0.0
0068060,0.00298225,-0.00285454,-0.00038590,0.00017981,-0.00002156,0.00020042,0.0
0104821,0.00093175,0.00046567,-0.00018604,-0.00000388,0.00047181,-0.00020084,0.0
0064405,-0.00019712,0.00012855,-0.00037359,0.00137453,0.29762562,-0.00072859,0.0
0468343,0.00299765,-0.00079524,-0.00032568,0.00026976,-0.00363081,-0.00141193,-0
.00445873,0.00003414,0.00045443,-0.00042059,-0.00022477,-0.00008755,0.00046679,-
0.00003358,-0.00022726,-0.00095547,-0.00480273,-0.14176833,0.09374565,0.01248504
,0.00101102,-0.00015829,0.00829172,-0.00041362,0.00019818,0.00156603,0.00679502,
-0.00198075,-0.00016703,0.00055264,0.00002923,0.00016807,-0.00014916,-0.00019254
,0.00029474,-0.00012402,-0.00039929,0.00009490,0.00018813,-0.00005027,0.59476462
,0.00304918,-0.00683272,0.00204552,0.00605706,-0.00321045,0.00892803,0.01085780,
-0.00591567,-0.00122640,0.00139189,0.00133330,-0.00019211,-0.00008890,-0.0000546
0,0.00007975,0.00026270,-0.00032599,-0.00051679,0.00045640,-0.00020693,0.0004063
6,0.06530230,0.81147937,-0.00076663,0.00040593,-0.00098758,0.00280611,0.00410440
,-0.00042041,0.00049773,-0.00059419,-0.00171117,-0.00011142,-0.00010373,-0.00006
284,0.00008890,0.00006680,0.00000838,0.00007411,0.00008953,0.00009012,-0.0002134
4,0.00007740,-0.00010425,-0.07158650,-0.04722318,0.17610171,0.00005337,-0.000563
30,0.00043276,-0.21236754,-0.14497659,0.19622727,-0.00169724,0.00065381,-0.00464
444,0.00050093,0.00017399,-0.00011819,-0.00003171,-0.00003825,0.00012792,-0.0000
1655,0.00004302,0.00005115,0.00041605,0.00015034,0.00036175,-0.00348670,0.000549
79,0.00031380,0.27368221,-0.00040198,-0.00001412,0.00002988,-0.14388509,-0.21195
630,0.20116318,-0.00032157,0.00130124,-0.00006475,0.00027835,0.00011492,-0.00013
041,-0.00003492,-0.00000530,0.00008895,-0.00007276,0.00002530,0.00006294,0.00026
712,0.00001268,0.00020121,-0.00112579,0.00335286,0.00058202,0.18843397,0.2163134
8,0.00147595,0.00084274,-0.00010269,0.19361210,0.20197264,-0.33959183,-0.0000647
9,0.00198444,-0.00207896,-0.00037897,-0.00005708,0.00011305,0.00000069,-0.000042
55,-0.00008363,0.00000745,-0.00002664,-0.00006569,-0.00009097,-0.00005465,-0.000
31354,0.00235114,-0.00615007,-0.00249658,-0.23792175,-0.25855462,0.38292716,-0.0
3231886,0.04879143,0.03799838,-0.00028966,-0.00006323,-0.00012371,-0.01123812,-0
.00121281,0.00267748,-0.08985682,0.05311746,-0.05672226,-0.00006742,-0.00027226,
-0.00055259,-0.00056184,0.00015812,0.00018523,-0.00014551,-0.00049514,-0.0009446
3,-0.00078626,0.00152433,0.00016100,0.00021279,0.00017322,-0.00036575,0.52423454
,0.04612248,-0.06524423,-0.04747141,0.00012775,0.00016070,-0.00011873,-0.0073911
9,0.00117333,-0.00379835,0.05111455,-0.14678694,0.08433759,0.00043774,0.00013445
,0.00018063,0.00047565,-0.00004766,0.00018547,-0.00048631,-0.00063892,-0.0003346
2,0.00038474,0.00095361,0.00001715,0.00004172,-0.00006269,-0.00022353,-0.0323593
8,0.65126385,0.02694452,-0.04200875,-0.06276111,-0.00124931,-0.00021420,0.000145
69,0.00684431,-0.00191907,-0.00147652,-0.04944053,0.07795997,-0.11530226,0.00013
991,0.00036897,0.00039479,-0.00015476,0.00028692,0.00034644,0.00001533,-0.000132
55,-0.00001709,0.00064186,0.00267780,-0.00016079,0.00038558,0.00011630,-0.000398
39,0.11170667,-0.12186520,0.27754535,-0.01385483,0.00481416,-0.00109153,-0.01332
009,0.00126486,-0.00646164,-0.01027537,0.00702688,-0.00024331,-0.00009417,-0.001
91421,0.00004216,0.00037826,0.00067569,0.00043794,0.00025913,0.00022473,0.001021
68,-0.00032817,-0.00024709,0.00046813,-0.24109309,-0.17286270,0.03834266,0.00231
724,-0.00206863,0.00383582,0.00054411,-0.00184187,-0.00268092,0.34457034,0.01169
191,-0.00104700,-0.00168841,-0.00564302,0.00088201,-0.00498545,0.00100068,-0.007
23783,0.00079540,-0.00043135,-0.00023208,-0.00003969,0.00001803,-0.00003129,0.00
006175,-0.00030609,0.00028408,0.00020623,-0.00015540,0.00008464,-0.00007786,-0.1
9947767,-0.28704697,0.04225532,0.00006154,-0.00202900,0.00405258,-0.00154667,-0.
00058022,-0.00079930,0.23910704,0.39134593,-0.00434502,-0.00172156,-0.00740612,-
0.00100563,-0.00146238,0.00024442,-0.00073003,0.00045616,-0.00183012,0.00017111,
0.00003839,0.00012733,-0.00009165,0.00005144,0.00002313,-0.00013764,0.00001667,0
.00025377,0.00004919,-0.00000817,0.00022274,0.04210237,0.04128311,-0.06632286,-0
.00003530,-0.00017381,0.00077958,0.00024734,-0.00049526,0.00039693,-0.05835491,-
0.05588149,0.07712573,-0.03355204,0.01753911,-0.04163244,0.00066692,0.00006283,0
.00009822,0.00552031,-0.00520886,0.00047939,-0.00445135,-0.00210816,-0.00346185,
-0.00012196,0.00014725,-0.00013074,0.00039748,0.00005837,0.00071335,-0.00007666,
0.00008452,0.00044287,0.00001761,0.00028431,0.00027768,-0.00031804,-0.00021812,0
.00001296,-0.02108960,0.02560469,-0.01337102,-0.00911715,0.00065559,0.01035198,0
.72321655,0.01674333,-0.00928862,-0.00595680,-0.00023884,-0.00008437,0.00010276,
0.00228177,-0.00621076,0.00144146,0.00177818,0.00106258,0.00374524,-0.00018386,-
0.00023741,-0.00060501,-0.00005581,-0.00058927,-0.00058642,0.00014225,0.00015372
,0.00025040,-0.00191799,-0.00118153,-0.00015060,0.00001034,-0.00010213,-0.000435
65,0.03290882,-0.00993514,0.02284572,0.00512789,0.00007377,0.00096457,-0.0537122
9,0.52561418,-0.03216786,0.01205742,-0.10878595,-0.00038442,-0.00010512,0.000258
46,-0.00037031,0.00247832,-0.00085416,-0.00039090,-0.00056290,0.00152080,0.00023
628,0.00051347,0.00035324,0.00026148,-0.00014139,0.00029990,0.00007764,-0.000022
23,0.00074819,-0.00357119,-0.00475084,0.00012440,0.00024689,0.00018921,-0.000404
99,-0.00102804,0.00889436,-0.00126924,0.01335918,0.00043412,-0.00924495,0.167908
53,-0.07909805,0.21921792,-0.00980070,-0.01177465,0.03203691,0.00091983,-0.00002
577,0.00022053,-0.00051425,0.00085326,0.00122272,-0.00046366,-0.00136928,-0.0026
8704,-0.00003297,-0.00078891,-0.00094660,-0.00008019,0.00038614,-0.00053321,-0.0
0027063,0.00015610,0.00031708,-0.00026703,-0.00089121,0.00048597,-0.00042960,-0.
00011048,0.00000965,0.01914093,0.02442951,-0.00733785,0.00090444,0.00036049,0.00
001393,-0.26249169,-0.10401363,-0.06281387,0.52808948,-0.00986848,-0.04353916,0.
04481506,0.00120939,-0.00007173,0.00032159,0.00161074,-0.00124468,0.00000552,-0.
00412053,-0.00223991,0.00134768,-0.00112173,-0.00077368,-0.00270563,-0.00023108,
-0.00023244,-0.00032860,-0.00002095,-0.00009406,-0.00076035,-0.00096862,-0.00089
164,0.00040662,-0.00048957,-0.00013555,-0.00005307,0.00648175,-0.04743288,0.0178
8897,0.00208229,0.00003426,-0.00096449,-0.14210283,-0.15036731,-0.02712587,0.041
41304,0.78532815,0.02793404,0.03987467,-0.09332999,0.00019761,-0.00016922,0.0002
4354,0.00040562,-0.00059966,0.00017960,-0.00056812,-0.00054291,0.00054303,0.0000
5326,-0.00006359,-0.00168900,0.00035739,0.00037443,0.00065898,-0.00065055,-0.000
84262,-0.00076813,-0.00008901,-0.00080856,0.00007265,-0.00020157,0.00000775,-0.0
0005674,-0.00122404,0.00519483,0.00033705,-0.00100281,0.00142464,-0.00181491,-0.
02772049,-0.00213342,-0.03943207,0.09257548,-0.10129117,0.20856420,-0.08642688,-
0.00348103,0.06847564,0.00047033,0.00010493,-0.00000900,-0.00303439,0.00105309,-
0.00134624,0.00687891,0.00992929,-0.00229972,0.00025782,-0.00110595,-0.00063454,
-0.00059903,0.00016396,-0.00184391,0.00007678,-0.00002568,-0.00077215,0.00034034
,0.00058507,-0.00011061,-0.00009402,-0.00007908,0.00001334,-0.10656533,-0.118941
31,-0.01136832,-0.00027938,0.00007936,0.00058604,-0.05059615,0.00180412,-0.00584
156,-0.20093059,0.13287823,-0.08175466,0.75863400,-0.00215064,-0.00526517,-0.000
51443,0.00068670,-0.00005578,0.00026806,-0.00196693,0.00101826,0.00115377,-0.009
34451,-0.02429222,0.00425264,0.00026911,-0.00108158,-0.00100647,-0.00005997,0.00
034147,-0.00041876,-0.00005081,0.00016083,0.00031579,-0.00009681,-0.00009784,-0.
00003605,-0.00033588,-0.00014049,-0.00007134,-0.07100537,-0.27579872,0.01551790,
0.00039453,0.00053928,0.00016729,0.01335294,0.01907064,-0.00880499,0.09589927,-0
.17214640,0.05698623,0.06635750,0.54026204,0.05518642,0.00195733,-0.07246813,0.0
0009746,-0.00009090,0.00020095,-0.00143050,0.00150076,-0.00111116,0.00566706,0.0
0985359,-0.00371785,0.00064392,-0.00034590,-0.00063324,0.00069513,-0.00001117,-0
.00105127,-0.00014106,-0.00004834,0.00071509,-0.00063424,-0.00025251,0.00016181,
-0.00004474,0.00000365,-0.00009270,-0.00697868,0.02104571,-0.03270820,0.00119481
,-0.00060820,0.00203207,-0.03001133,-0.00957003,0.00266500,-0.05290743,0.0508710
1,-0.05119660,0.12746779,-0.05362130,0.21082884,-0.00105991,-0.00044435,0.003209
14,0.00036183,-0.00004610,0.00016872,0.00119599,0.00065392,-0.00112540,0.0000345
7,-0.00029593,-0.00018129,-0.00003294,0.00023057,0.00005836,0.00015758,-0.000056
88,0.00033965,0.00001175,-0.00004519,0.00004297,-0.00116418,-0.00195332,0.001538
29,-0.00010755,0.00003638,-0.00007420,-0.00117735,0.00035527,-0.00106815,-0.0045
1212,0.00171119,0.00463662,-0.27188774,0.11174655,-0.06304344,-0.02082135,0.0083
2705,-0.00568649,-0.00452377,-0.00127999,-0.00259007,0.30390030,-0.00041892,-0.0
0275681,-0.00024774,0.00018443,-0.00000776,0.00013409,0.00031264,-0.00120313,0.0
0156272,0.00145332,0.00029361,0.00080696,-0.00006009,0.00015532,-0.00004101,0.00
007650,-0.00022069,0.00002229,0.00005006,-0.00013506,-0.00013613,-0.00106298,0.0
0058867,0.00088796,0.00000003,0.00007057,-0.00009493,0.00286956,-0.00495846,0.00
332588,0.00025926,0.00045985,-0.00107879,0.11373658,-0.09194461,0.02964295,-0.01
430821,0.00684219,-0.00409747,-0.00236245,-0.00175818,-0.00070127,-0.12015145,0.
10153079,-0.00305141,0.00328787,0.00273404,-0.00054677,0.00005931,-0.00025610,-0
.00056357,0.00099267,-0.00050288,0.00036336,-0.00061604,0.00054205,0.00025368,0.
00028532,0.00021422,0.00017115,-0.00016639,0.00013561,0.00018283,-0.00025444,0.0
0020308,0.00340386,0.00273403,-0.00135379,0.00014129,-0.00008790,0.00016833,0.00
039474,-0.00031443,0.00125202,0.00406382,-0.00149427,-0.00405125,-0.06441079,0.0
2891507,-0.03716010,-0.00041119,-0.00052329,-0.00081469,0.00043292,-0.00015846,0
.00255600,0.06275914,-0.03368081,0.04137919,-0.00279492,-0.00122972,-0.00181971,
0.00032771,0.00005280,0.00003037,0.00023119,0.00001840,-0.00014485,0.00064876,0.
00088528,-0.00018860,-0.00002412,-0.00046384,-0.00151960,-0.00006664,0.00021472,
-0.00017422,-0.00019122,0.00008665,-0.00001364,-0.00001974,-0.00062554,0.0001074
7,-0.00009480,-0.00003673,0.00002555,-0.00284857,0.00316622,-0.00279733,0.000382
72,0.00051793,-0.00011827,-0.00080696,-0.02266525,0.00180883,-0.03659019,-0.0118
4406,-0.00280821,0.00315648,0.02054831,0.00027508,-0.00004883,-0.00065931,-0.000
06075,0.04233978,0.00159230,-0.00163618,-0.00338409,0.00046330,0.00006649,-0.000
01501,0.00049608,-0.00013780,-0.00024081,-0.00077776,-0.00003838,0.00009695,0.00
005933,0.00069604,-0.00019459,-0.00014668,-0.00006533,-0.00019551,0.00009885,0.0
0011238,-0.00011145,-0.00008109,-0.00049575,0.00009193,-0.00013774,-0.00005079,0
.00008260,0.00079731,-0.00355989,0.00197073,0.00059676,0.00026086,-0.00014532,-0
.00159690,-0.01324126,0.00055950,-0.01126544,-0.33994427,0.00881032,-0.00129694,
-0.01343997,0.00043160,-0.00043006,0.00026923,-0.00007310,0.01425567,0.37311408,
-0.00090545,0.00497405,0.00153105,0.00024305,0.00000327,0.00006956,0.00009288,-0
.00105171,-0.00060828,0.00013780,-0.00033048,0.00041754,-0.00162528,-0.00015187,
-0.00241291,0.00030189,0.00004415,0.00030789,-0.00003157,-0.00029961,0.00029727,
0.00010301,-0.00002189,-0.00000621,-0.00010973,-0.00004266,0.00004547,-0.0013844
8,-0.00065218,0.00144938,-0.00078747,0.00000727,-0.00001677,0.00220362,-0.006615
93,-0.00048719,-0.00336543,0.00869598,-0.02281726,0.00033596,0.00493209,-0.00297
801,0.00018502,-0.00001721,-0.00128939,0.00694430,-0.00807917,0.02505246,0.00018
294,-0.00156495,-0.00404224,0.00024693,0.00010023,-0.00010925,-0.00013273,0.0006
6301,-0.00023211,-0.00017115,0.00090869,0.00009355,-0.00024112,0.00092357,0.0003
3839,0.00049503,-0.00029560,0.00033501,0.00015685,0.00018266,-0.00028772,0.00014
273,-0.00010014,-0.00011151,-0.00004456,-0.00005482,0.00009433,-0.00712011,-0.00
283268,-0.00162001,0.00076853,-0.00007649,0.00032534,-0.00367159,0.00079635,-0.0
0103188,-0.01462671,-0.00424833,-0.00343901,-0.28797477,-0.07065047,-0.08987217,
-0.00028517,-0.00056968,0.00027089,-0.00037817,0.00032579,0.00039628,0.31509321,
0.00100808,-0.00208267,-0.00071299,0.00035075,0.00007291,-0.00003924,-0.00124585
,0.00003627,-0.00032342,-0.00025482,0.00020590,-0.00076831,0.00063052,-0.0011041
0,-0.00079111,0.00010250,0.00050474,0.00067097,-0.00012061,-0.00007793,-0.000094
41,0.00000442,-0.00039137,0.00004676,-0.00008323,-0.00004114,0.00006668,-0.02276
766,-0.00450592,-0.00771546,0.00008706,0.00023505,-0.00014550,0.00284937,-0.0024
3701,0.00107550,0.01575647,0.00627178,0.00420188,-0.07119432,-0.05647135,-0.0215
6407,0.00072415,0.00046919,0.00014920,0.00024132,0.00007835,0.00025076,0.0770396
1,0.06425446,0.00293220,0.00218038,0.00057319,0.00015605,0.00003914,-0.00001107,
-0.00072281,-0.00048976,-0.00059825,0.00110774,-0.00071018,-0.00038649,0.0005737
7,-0.00064994,0.00010717,0.00012039,0.00059278,-0.00235279,0.00002818,-0.0001212
0,0.00022315,0.00057846,0.00044303,-0.00013589,-0.00008314,-0.00003262,0.0000648
4,-0.00164930,-0.00026642,-0.00273305,-0.00114168,0.00005250,0.00016364,-0.00458
254,0.00076520,0.00138017,-0.00865746,-0.00485739,-0.00489133,-0.08886994,-0.020
18579,-0.04992533,-0.00077511,-0.00033125,0.00035711,0.00045703,0.00020694,-0.00
080022,0.09993789,0.02361246,0.05811417,-0.11140368,-0.03590289,-0.00457370,0.00
493259,-0.00141594,0.00379692,0.01216605,0.01507952,-0.00195344,0.00079612,0.000
40265,-0.00051233,-0.00022527,-0.00024989,0.00009388,-0.00016185,0.00021618,0.00
017345,0.00039007,0.00039467,0.00031182,-0.03587874,-0.02354815,0.00383679,-0.00
084515,0.00104130,-0.00207648,-0.00394979,0.00079235,0.00286233,0.01704742,0.003
33723,0.00142574,-0.00299067,-0.00851028,0.00030994,-0.00145821,-0.00199486,0.00
206498,-0.00106067,-0.00041830,-0.00381891,0.00207268,0.00080308,-0.00373907,0.0
0015974,-0.00038554,-0.00027561,-0.00027292,0.00000727,-0.00005956,0.14026558,-0
.02588941,-0.01576141,0.00147244,-0.00528080,-0.00079185,0.00130339,-0.00384393,
0.02192198,0.00113737,0.00100213,0.00033211,-0.00008861,0.00010811,0.00015124,0.
00033144,0.00023973,-0.00045812,-0.00054520,0.00027994,-0.00016730,0.00028362,0.
01618379,0.03398808,-0.00346638,0.00137303,-0.00001102,-0.00076461,0.00359851,0.
00321606,0.00278281,-0.01428240,-0.01282304,0.00209293,-0.00033721,0.00319472,-0
.00173032,-0.00412580,-0.00160198,-0.00155326,-0.00004569,-0.00258405,-0.0007451
1,-0.00036007,-0.00022737,0.00261949,-0.00040637,-0.00041869,-0.00062196,0.00010
485,-0.00071475,-0.00016325,0.04106942,-0.00635761,-0.00182081,-0.00000377,-0.00
420665,0.00087670,0.00017991,0.00051258,0.00030677,0.00170963,0.00547799,0.00007
863,-0.00020641,-0.00016791,0.00016055,-0.00015034,-0.00050590,0.00028200,0.0000
3504,-0.00031642,-0.00045068,0.00036139,0.00001990,-0.00399483,-0.00480820,0.003
99235,-0.00012351,0.00005861,-0.00051095,0.00168929,0.00100725,0.00170766,0.0033
2628,0.00060056,-0.00200460,0.00018032,0.00684727,-0.00371054,0.00374932,0.00144
395,0.00081309,-0.00040956,0.00047961,-0.00053922,-0.00009897,0.00150321,-0.0042
0800,0.00028843,0.00001269,-0.00034411,-0.00031907,-0.00006811,-0.00070563,-0.00
287761,0.00673575,0.01750590,-0.01438408,-0.02166377,-0.01744494,0.00197829,-0.0
0018654,0.00055400,-0.04003083,-0.01050189,0.03050579,-0.00829173,0.00268369,-0.
00282923,0.00003354,0.00059684,0.00027564,0.00029091,-0.00027897,-0.00000018,0.0
0018536,0.00037020,0.00113983,-0.00001896,0.00094598,0.00006541,-0.00040851,0.00
034241,-0.00034114,-0.25988872,0.00505163,-0.05289835,0.00131689,-0.00079425,0.0
0218705,-0.06863836,0.02323400,-0.01330687,0.00108439,-0.01663191,0.00190366,-0.
02722278,-0.04197132,-0.01469890,-0.00119036,0.02006750,0.00031642,-0.00309997,-
0.00161350,-0.00258185,-0.00169937,-0.00402567,-0.00212416,-0.00273460,-0.000661
88,0.00318284,0.41736184,-0.03144275,-0.05445231,-0.02344583,-0.00042070,-0.0004
1123,0.00109728,-0.00897174,-0.02817426,0.03796919,0.01648727,0.00086263,0.00721
985,0.00068905,0.00100054,0.00095999,0.00038300,0.00029907,0.00129614,0.00008863
,-0.00037283,0.00004935,0.00182292,0.00398385,-0.00100280,-0.00020825,-0.0001937
2,-0.00007938,-0.01862750,-0.06018037,0.00497409,-0.00613705,0.00110616,-0.00046
346,0.03277285,-0.26301352,0.06566571,-0.02756949,-0.04032271,-0.01223030,-0.017
34773,-0.00238441,-0.00371536,0.00088730,-0.00666454,0.00020554,-0.00284648,-0.0
0255224,-0.00202232,-0.00000895,-0.00356943,0.00015094,0.00641094,0.00019253,-0.
00911523,0.04534888,0.45349792,-0.03273280,-0.05741133,-0.04496224,-0.00493252,0
.00014676,-0.00181349,0.02510284,0.04513841,-0.05428823,-0.00859818,-0.00105839,
-0.00812364,0.00026498,0.00077482,0.00065346,0.00063960,0.00021981,0.00071254,-0
.00002323,-0.00008960,0.00088637,0.00025396,0.00082499,-0.00028910,0.00271516,0.
00086050,-0.00009755,-0.07000217,0.01891085,-0.04468448,-0.00232217,0.00019082,0
.00057869,-0.00317534,0.03661541,-0.03512221,0.01635414,0.01281564,0.01062441,-0
.00041103,0.00480229,0.00061864,0.00051443,0.00313999,-0.00294049,0.00052485,0.0
0174222,0.00345612,-0.00000900,0.00168498,0.00256938,0.00106250,-0.00911316,-0.0
0486515,0.06506405,-0.06381094,0.17584362,0.00073440,0.00007572,-0.00003392,-0.0
6428121,0.01196404,-0.01457956,-0.00353412,-0.00510811,0.00311576,0.00030082,-0.
00008702,-0.00005389,0.00001340,-0.00004080,-0.00003133,0.00008125,0.00000751,-0
.00003521,0.00018368,0.00015376,0.00018059,0.00720174,-0.01027605,-0.00369935,0.
00874116,-0.00770663,0.01257957,-0.00018371,-0.00020844,0.00003042,0.00620013,0.
00423447,0.00263085,-0.00013152,-0.00020282,-0.00042294,-0.00000901,-0.00006263,
-0.00009612,0.00001221,-0.00004342,-0.00010567,-0.00013549,-0.00011175,0.0001241
8,-0.00000942,0.00001611,0.00001963,0.00005263,0.00002750,0.00007522,-0.00217695
,0.00081546,-0.00062238,-0.00061225,0.00032921,0.00071014,0.49859350,-0.00024460
,0.00061390,0.00026289,0.02215751,-0.07073836,0.01251360,0.00062267,0.00245724,-
0.00027606,-0.00024575,-0.00017354,0.00008831,0.00002962,0.00004142,-0.00000214,
0.00003507,0.00000255,-0.00001793,-0.00007467,-0.00001729,-0.00004428,-0.0151859
1,-0.02719192,0.01046965,-0.00004089,-0.00482192,0.03217839,-0.00003351,0.000348
11,0.00003403,-0.00567591,-0.01071479,0.00227996,0.00011894,-0.00006979,-0.00000
388,0.00009476,0.00015851,0.00001780,0.00011703,-0.00000441,-0.00005243,0.000047
85,-0.00009157,-0.00012655,0.00005894,0.00007219,0.00001752,0.00001546,0.0000334
7,0.00004183,0.00033978,-0.00092749,0.00020322,-0.00011770,-0.00034448,-0.000563
53,-0.01668886,0.43284102,0.00053866,-0.00034469,0.00003604,-0.01514683,0.001346
50,-0.07819817,0.00410468,0.00137336,-0.00478422,0.00020065,0.00001707,0.0000189
7,0.00001704,-0.00001487,0.00001734,0.00000991,-0.00000489,-0.00000312,0.0000899
6,0.00009692,0.00003118,-0.00299518,-0.00254678,-0.00692361,-0.00036832,0.034233
77,-0.03561899,0.00016148,-0.00005724,0.00014134,0.00573275,0.00106211,0.0077426
9,-0.00011519,0.00006945,-0.00001535,-0.00022546,-0.00019748,-0.00009200,-0.0000
3150,-0.00005981,-0.00004997,-0.00008594,0.00011139,0.00018140,-0.00006094,-0.00
006947,-0.00004455,-0.00000445,-0.00006137,-0.00004778,-0.00162153,0.00126659,-0
.00000170,-0.00036345,0.00000585,0.00038507,-0.04400357,0.00059951,0.39508639,0.
00147812,-0.00026780,0.00083732,-0.40353804,-0.04281853,-0.02533964,-0.02276146,
-0.00451597,0.01317038,0.00088642,-0.00017269,-0.00000523,-0.00003899,-0.0000409
6,0.00017509,0.00002568,0.00008716,0.00005406,0.00031679,-0.00004275,0.00046566,
-0.00615533,-0.00533247,0.00001663,-0.06939630,-0.03512698,0.03347824,0.00075236
,0.00037080,0.00118576,0.00858581,0.00313270,-0.00010320,-0.00124823,0.00031820,
0.00086365,-0.00069088,-0.00104030,-0.00027310,-0.00010974,-0.00061508,-0.000208
21,-0.00037728,-0.00008786,0.00021408,-0.00024798,-0.00035737,-0.00035240,-0.000
14650,-0.00019110,-0.00022737,-0.00464620,0.00214487,0.00014907,0.00403175,-0.00
100807,0.00256471,-0.04975699,0.00021901,-0.02425963,0.54924026,0.00033982,0.000
12467,0.00087486,-0.04642870,-0.06830784,0.00623041,0.00270339,-0.02549096,0.021
83922,0.00005820,-0.00034443,-0.00019478,-0.00005082,0.00000259,0.00008802,-0.00
006301,0.00001261,0.00003742,0.00029884,-0.00060013,0.00027775,-0.00207802,-0.00
100933,-0.00105258,-0.04393582,0.00290958,0.01388539,0.00033217,-0.00002785,0.00
136936,0.00215496,0.00101295,0.00041522,0.00051775,0.00121243,0.00033934,-0.0007
4278,-0.00018449,-0.00024401,-0.00037134,-0.00088598,-0.00053755,-0.00015276,-0.
00001587,0.00013231,-0.00001826,-0.00000619,-0.00017338,-0.00001496,-0.00016199,
-0.00017117,-0.00149952,-0.00159025,-0.00038232,-0.00068477,0.00464662,-0.002308
47,0.00985888,0.01052687,0.01000210,0.07563801,0.07399889,0.00009914,-0.00083057
,-0.00081324,-0.02468739,0.00838691,-0.07842176,0.00477226,0.02426714,-0.0580403
3,-0.00011117,0.00033371,0.00013402,-0.00004285,-0.00007511,0.00015253,-0.000018
54,-0.00004479,0.00004150,0.00102071,0.00001943,0.00011065,0.00060393,0.00003018
,-0.00046361,0.04905517,0.01722843,0.00610260,0.00040399,0.00164609,-0.00161647,
-0.00080803,0.00069731,0.00016401,0.00165255,-0.00000550,-0.00089767,0.00010655,
0.00049437,0.00011527,0.00072441,0.00015813,0.00069438,0.00023683,-0.00016554,0.
00007218,0.00016371,0.00011761,0.00041484,0.00004471,0.00032077,0.00030451,0.001
02877,-0.00054672,-0.00155767,-0.00102591,-0.00186162,0.00581087,-0.03356066,0.0
0652078,-0.00022902,0.00484669,-0.05539621,0.13284168,-0.00203495,0.00061489,-0.
01057440,0.00013315,-0.00028028,0.00050703,-0.00063831,-0.00155601,-0.00412655,0
.00072551,-0.00133769,0.00056974,-0.00088022,0.00062946,0.00175266,-0.01757640,-
0.01234103,0.00970494,-0.03666575,-0.00504051,0.00660312,-0.00175124,-0.00020913
,0.00014271,-0.00005204,0.00009520,-0.00030041,0.00664081,-0.00093300,-0.0007811
1,0.00202932,-0.00203560,0.00069749,0.00017429,0.00412008,-0.00535877,-0.0116022
6,-0.00011488,-0.00108228,0.00094607,-0.00944050,0.00510418,0.00011831,0.0000904
7,-0.00028301,-0.00038031,0.00008183,0.00032607,-0.00034588,-0.00006882,0.000549
36,-0.00482618,0.00160662,-0.01069173,0.00121311,0.00674807,0.00890965,-0.000095
21,-0.00009244,-0.00008426,-0.00058974,0.00001506,-0.00067656,0.53764610,0.00412
097,-0.03647317,0.03240849,0.00056570,0.00004174,-0.00004633,-0.00111806,-0.0003
5422,-0.00245987,0.00126512,-0.00104462,-0.00002878,0.00227844,-0.00332817,0.004
58909,0.00626235,0.00485937,-0.00608680,-0.00553858,-0.26533964,0.13813556,0.000
01598,-0.00084969,0.00011898,-0.00016229,-0.00008837,0.00006873,0.00154010,0.005
01878,0.00045343,-0.00008580,-0.00007828,-0.00083608,-0.00096202,0.00035038,-0.0
0169136,-0.00103210,0.00237969,0.00104854,0.00113985,-0.00089304,-0.00139648,-0.
00008293,-0.00023958,-0.00038435,0.00043819,0.00024101,-0.00109500,0.00007988,-0
.00006802,-0.00011045,-0.00056372,0.00132520,0.00172694,-0.00255343,0.00290979,-
0.00097589,-0.00014996,0.00002867,-0.00003179,-0.00097090,-0.00077988,0.00008471
,-0.00898286,0.64345630,-0.00692135,0.03405947,-0.10212004,0.00160885,0.00018087
,-0.00036680,-0.00238544,-0.00237849,-0.00282737,0.00038373,0.00078904,0.0005062
0,-0.00038103,0.00209243,0.00085487,-0.00105838,-0.00168312,-0.00140156,0.004879
17,0.12958530,-0.09267328,-0.00012342,-0.00219226,-0.00015672,-0.00049442,-0.000
12989,0.00059601,-0.00672452,-0.00553291,-0.00129449,0.00373146,0.00074531,-0.00
051635,0.00613428,0.00909216,0.00713025,-0.00179111,0.00003220,-0.00332365,-0.00
298384,0.00243811,0.00071020,0.00028276,-0.00005613,0.00037896,0.00014224,-0.000
38437,0.00022355,-0.00067297,-0.00005213,0.00098116,-0.00326116,-0.00225191,-0.0
0060474,0.00750527,-0.00865415,0.00154397,-0.00006699,0.00027316,-0.00018884,-0.
00129591,0.00009261,0.00020774,-0.04231708,-0.29873412,0.31274342,-0.06316542,-0
.00739400,-0.06338229,-0.00041536,0.00012701,-0.00032694,-0.00175601,-0.00103253
,-0.00084236,-0.00163826,0.00157291,-0.00118471,0.00711431,-0.01237967,0.0073024
1,-0.30985389,0.08244221,-0.00295135,0.00153674,-0.00020170,-0.00059814,0.000457
22,0.00075686,-0.00018053,0.00026046,0.00003391,0.00020870,0.00503222,0.00338854
,0.00292203,-0.00035668,-0.00004600,-0.00063900,0.00018018,-0.00630190,0.0008156
9,0.00253767,-0.00101881,0.00260324,-0.00200561,-0.00143348,0.00073124,0.0001030
0,0.00007267,0.00080203,-0.00030475,-0.00014244,0.00065121,-0.00078343,-0.000271
32,0.00269812,-0.00114084,-0.00004414,0.00003367,-0.00399689,0.00469473,-0.00169
022,0.00024835,-0.00006580,0.00015011,0.00042632,0.00036783,0.00035273,-0.236851
54,-0.11674528,0.09044274,0.79023910,-0.00038892,-0.01310170,-0.01515786,0.00007
131,0.00013029,-0.00033751,-0.00182734,-0.00175047,-0.00161685,0.00046056,-0.001
08069,-0.00004381,0.00599290,-0.01439972,0.00564191,0.08527853,-0.05988611,0.008
12765,-0.01920715,-0.01115167,0.00240909,0.00073782,-0.00002252,-0.00019541,-0.0
0003025,-0.00011026,0.00023454,-0.00400981,0.00354174,0.00278997,-0.00150136,0.0
0131647,0.00055354,-0.00433669,-0.00890758,0.00101708,0.00782523,-0.00069133,0.0
0436660,0.00223774,0.00771369,0.00166439,-0.00011030,-0.00032286,-0.00004749,0.0
0023514,-0.00011232,0.00038414,-0.00018712,0.00044616,-0.00082610,0.00088661,0.0
0020643,0.00082333,-0.00474362,0.00160643,-0.00632861,0.00016047,-0.00003593,0.0
0000445,0.00009117,0.00008387,0.00025595,-0.09464727,-0.13039805,0.07503182,-0.0
6908450,0.48457550,-0.05314249,-0.02463434,-0.08368334,0.00045003,0.00006867,-0.
00007794,0.00101412,-0.00114367,0.00103925,0.00080203,-0.00054964,0.00037419,-0.
00463009,0.00824151,-0.00677209,-0.00090729,0.00689948,-0.02340168,0.00959096,0.
00506530,-0.00308981,-0.00014672,-0.00065035,0.00014012,-0.00015878,-0.00005828,
0.00009799,0.00428444,0.00180002,0.00179593,0.00030547,-0.00005155,0.00095786,0.
00031038,0.00287015,-0.00205430,-0.00879476,-0.00094065,-0.00328944,0.00000097,-
0.00575793,0.00098666,0.00072333,0.00026721,-0.00060590,-0.00053745,-0.00018699,
0.00086993,-0.00018567,-0.00023898,-0.00187663,0.00160094,0.00215100,-0.00211742
,-0.00210930,0.00630602,0.00352547,-0.00003948,0.00005304,-0.00003996,-0.0000132
9,0.00031336,-0.00012883,0.04751530,0.05339954,-0.06737747,0.01236277,-0.1631325
2,0.24222664,-0.02589842,-0.04644451,-0.03071027,0.00008322,0.00015458,-0.000204
09,-0.00044019,-0.00000329,-0.00036214,0.00020788,0.00010830,0.00070056,-0.13940
868,-0.11700266,0.08382540,-0.00617808,0.02426823,-0.00766039,-0.00329316,-0.001
32692,0.00025078,0.00069568,-0.00094418,-0.00024995,-0.00003795,0.00001447,0.000
16134,0.00067913,0.00522920,0.00654207,-0.00086102,0.00150692,0.00005458,-0.0034
2721,-0.00888013,-0.00067869,0.00668061,-0.00586267,0.00286794,0.00225610,0.0051
5922,0.00129382,-0.00010362,-0.00015174,0.00045903,0.00030912,-0.00025639,0.0008
3790,-0.00086377,0.00092454,0.00086384,-0.00080365,-0.00020202,0.00115437,-0.005
99826,0.00552970,-0.00398813,0.00012435,-0.00003899,-0.00004779,0.00005160,0.000
04057,0.00001841,0.01284935,-0.00501915,0.01225648,-0.09773712,0.04949640,-0.023
00529,0.64896524,-0.04056421,-0.07827884,-0.05036715,0.00044243,0.00008777,0.000
19026,0.00064137,0.00159768,-0.00013526,-0.00124425,0.00145828,-0.00020479,-0.11
687247,-0.17094002,0.10333383,0.00272208,-0.00702174,0.00177299,-0.00221898,-0.0
0181025,0.00061766,-0.00087371,-0.00091057,0.00040825,-0.00005845,0.00001285,0.0
0006382,-0.00780602,-0.00551137,-0.00384945,0.00285243,0.00004033,0.00016880,0.0
0266726,0.00323180,0.00279824,-0.00146449,0.00043284,-0.00051466,-0.00426141,0.0
0154600,-0.00226654,0.00023162,0.00035275,0.00092203,0.00006715,-0.00023791,0.00
149512,-0.00038457,0.00019828,0.00015582,-0.00023881,-0.00191641,-0.00129184,0.0
0675976,-0.00499356,0.00071957,-0.00000973,0.00006827,-0.00003066,-0.00028369,-0
.00006554,-0.00002083,-0.02447137,-0.03967162,0.00849896,0.09022225,-0.25558124,
0.11630061,0.10854674,0.61895566,-0.02341710,-0.03948651,-0.03513976,0.00022147,
-0.00000473,-0.00019219,0.00127422,0.00226465,-0.00027029,-0.00079033,0.00034872
,-0.00034661,0.08452068,0.10331721,-0.09177003,-0.00062973,-0.00105417,-0.001805
49,0.00241107,0.00301383,0.00152098,0.00053152,-0.00037691,-0.00020682,-0.000097
69,-0.00005137,0.00026087,-0.00520836,-0.00161292,-0.00017422,0.00004138,0.00010
545,-0.00006799,0.00003632,-0.00450573,0.00214259,-0.00005691,0.00211676,-0.0025
4783,0.00280927,-0.00095450,0.00008741,-0.00003359,0.00003460,0.00092470,-0.0003
8632,-0.00050326,-0.00299058,0.00045454,-0.00087941,-0.00114474,0.00136035,-0.00
143167,-0.00025460,-0.00050457,-0.00463904,-0.00667372,0.00005648,0.00000383,-0.
00003931,-0.00033134,-0.00016852,0.00043767,0.02246774,0.02698452,-0.00675074,-0
.02992989,0.08783626,-0.07086186,-0.07744283,-0.20715266,0.26171075,-0.02251770,
0.04729706,0.01937148,0.00042836,-0.00004820,0.00050369,0.00030068,0.00191797,-0
.00097199,-0.00005021,-0.00034420,-0.00043810,-0.01315206,0.00108361,0.00121252,
-0.00158535,0.00380446,0.00118422,-0.00310991,0.00203617,0.00076187,-0.00172448,
0.00064293,0.00013749,-0.00003473,0.00002651,-0.00026882,-0.00679921,-0.00746609
,-0.00164148,-0.00225996,-0.00586525,-0.00352637,0.00320535,0.00072614,0.0034879
4,0.00231592,0.00489495,-0.00037372,-0.00324566,0.00603211,0.00147509,-0.0000003
1,-0.00022640,-0.00000619,0.00054729,-0.00012407,-0.00069455,0.00018126,0.000255
50,-0.00008300,-0.00199817,-0.00926407,-0.00583325,0.00391251,-0.00681145,-0.001
51342,-0.00005833,0.00025473,-0.00015692,-0.00060402,-0.00023229,-0.00007822,0.0
0291133,0.00745547,-0.01250580,-0.02703206,0.04599296,-0.00536924,-0.34094205,-0
.01435434,0.01591915,0.65409821,0.04232685,-0.08651094,-0.05152483,0.00043071,-0
.00012205,-0.00007730,0.00012004,-0.00048732,-0.00125402,0.00042846,0.00034896,0
.00044225,-0.01784388,0.00321905,0.00121646,0.00067011,-0.00359541,0.00164150,0.
00281201,-0.00200254,-0.00024606,-0.00062246,-0.00048113,-0.00042308,-0.00008729
,0.00009476,0.00016342,-0.00558494,-0.00246863,-0.00503262,0.00015182,-0.0028482
3,-0.00086833,0.00302201,0.00756468,0.00197893,-0.00588366,0.00369552,-0.0008037
9,-0.00396604,-0.00156995,0.00345738,0.00039447,0.00040419,0.00072181,-0.0006272
9,-0.00027895,0.00037215,-0.00057076,-0.00010171,0.00110238,-0.00435712,-0.00659
541,-0.00762236,0.00743299,-0.00254233,0.00546263,0.00021508,-0.00005161,-0.0001
1686,-0.00039471,0.00059956,0.00021982,0.01730209,-0.03751641,0.00505574,0.02228
644,-0.00154826,0.00254309,0.03427138,-0.06639048,0.01625446,-0.13301598,0.59247
702,0.01659034,-0.04850311,-0.05725248,-0.00030580,0.00020519,-0.00043703,-0.001
09190,-0.00153135,-0.00044918,0.00139672,-0.00071262,0.00047215,0.01140191,-0.00
306089,-0.00303435,-0.00062569,0.00384899,0.00117671,-0.00166965,0.00288072,0.00
151537,0.00205986,0.00220963,-0.00063607,0.00001365,-0.00011800,0.00016958,0.003
78976,0.00194380,-0.00055606,-0.00668126,-0.00335160,-0.00202473,-0.00055730,-0.
00104334,-0.00042431,-0.00249785,-0.00113878,0.00217328,0.00107351,-0.00850077,-
0.00009865,0.00003087,-0.00005333,0.00045901,0.00023215,-0.00038477,-0.00024792,
-0.00045708,0.00003939,0.00054581,-0.00079063,0.00335897,0.00240877,0.00265546,0
.00296013,0.00390607,0.00025618,-0.00012783,0.00019129,0.00048384,0.00020653,0.0
0018572,-0.01919332,0.02667219,-0.00065099,-0.01016721,0.01054299,-0.00157520,0.
02393274,0.02171726,-0.03748597,0.02837296,-0.21108677,0.27958227,-0.04652085,0.
00706131,0.04096118,0.00040933,-0.00038729,0.00004872,0.00280256,-0.00006226,-0.
00088893,0.00050852,-0.00067982,-0.00061516,-0.00556278,0.00132277,0.00154662,-0
.00452215,-0.00146071,0.00406212,0.00178973,-0.00020324,-0.00070629,0.00071797,0
.00189865,-0.00195637,-0.00027627,0.00003040,-0.00001045,-0.00252217,-0.00516009
,-0.00233667,-0.00754275,-0.00040590,-0.00770527,0.00431423,0.00416282,0.0005061
2,-0.00028127,0.00149300,-0.00320661,-0.00013709,0.00292455,0.00185806,0.0001572
8,-0.00005141,-0.00066403,0.00014510,0.00012564,-0.00080002,0.00075527,-0.000016
09,-0.00079468,-0.00307486,-0.00160160,0.00922830,0.00563028,-0.00270503,0.00263
398,-0.00018083,0.00016178,-0.00013144,-0.00058829,-0.00054377,0.00011791,-0.232
86854,0.12330528,-0.05036513,-0.05368238,-0.00200373,0.01940940,-0.02985553,-0.0
1909037,0.01605951,-0.09285059,-0.07570863,0.03828106,0.75557176,0.00712643,-0.0
1686579,-0.01846043,-0.00067001,0.00015511,-0.00069929,-0.00247693,-0.00905300,-
0.00581614,-0.00043348,0.00032390,0.00005582,-0.00161710,0.00049158,0.00341635,-
0.00110085,-0.00146164,0.00170620,0.01894966,-0.01290744,-0.00025223,0.00113901,
0.00132883,-0.00031401,0.00018363,-0.00011491,0.00029739,0.00834327,0.00464201,-
0.00069225,-0.00151114,0.00002176,0.00040569,-0.00415658,-0.00351967,-0.00453214
,-0.00347147,-0.00201669,0.00499799,0.00389263,-0.00863716,0.00070066,-0.0002374
6,0.00002523,0.00028338,-0.00035602,0.00010586,0.00096619,-0.00005317,-0.0001326
6,-0.00011591,-0.00256288,0.01155373,0.00140512,-0.00212876,0.00833986,0.0034366
1,0.00030050,-0.00039678,0.00037959,0.00063727,-0.00004505,0.00001739,0.11497693
,-0.14049471,0.05721188,0.00447671,0.00482861,-0.01109537,-0.04780351,0.00541183
,0.01727982,-0.04080480,-0.23073144,0.09668037,0.01585711,0.45320012,0.04108428,
-0.01378380,-0.06300210,0.00060300,0.00047400,-0.00122241,-0.00193214,-0.0080870
0,-0.00088913,-0.00154678,0.00096915,-0.00002866,0.00056221,0.00115084,0.0015062
8,0.00030468,0.00168162,0.00178023,-0.00981311,0.00596911,-0.00143677,0.00276990
,0.00117085,-0.00111403,-0.00024719,-0.00019456,0.00090925,-0.00203180,0.0046672
9,0.00486786,-0.00747290,0.00044476,-0.00927274,0.00028590,-0.00450502,0.0029808
9,0.00641439,-0.00156974,0.00056949,-0.00017248,0.00570087,-0.00244428,-0.000055
22,0.00008476,0.00176885,-0.00037526,-0.00014016,0.00089980,-0.00027715,0.000220
37,0.00008517,0.00037785,-0.00064414,-0.00016384,-0.00616359,-0.00237745,-0.0095
6331,0.00027456,0.00000687,0.00005269,-0.00034543,0.00008411,0.00063892,-0.00229
070,0.03007589,-0.04565594,-0.00909205,-0.01392419,0.01446090,0.00798440,0.00701
115,-0.00885173,0.04106736,0.13226121,-0.08968780,-0.14063003,-0.17894898,0.2593
3428,0.00149775,0.00054097,-0.00335869,0.00081029,0.00006834,0.00007468,-0.00029
744,0.00175178,0.00226099,0.00008083,-0.00039028,-0.00004267,-0.00011367,0.00039
972,0.00021576,-0.00044112,-0.00039340,0.00073242,0.00007652,0.00017417,-0.00031
736,0.00022280,-0.00060553,-0.00171311,-0.00030155,-0.00003483,0.00010236,0.0000
3391,-0.00005317,-0.00011498,-0.00123632,0.00092176,-0.00266374,-0.00001839,-0.0
0008835,-0.00011139,0.00022581,0.00012607,-0.00014919,0.00017716,0.00003710,-0.0
0038352,-0.00003960,-0.00005685,-0.00028086,0.00009053,0.00007220,-0.00027025,0.
00024959,0.00000699,-0.00026684,0.00064081,0.00030217,0.00112597,-0.00016472,-0.
00024349,-0.00043111,-0.00012163,0.00001306,-0.00005995,-0.00032428,-0.00046295,
-0.00035824,-0.01746005,-0.00491553,0.00474937,-0.00418625,0.00177725,0.00112541
,-0.00160300,-0.00035754,0.00139992,-0.00530538,-0.00220935,0.00133628,-0.297354
79,-0.06066865,0.08000745,0.32562276,0.00140212,0.00001771,0.00129931,-0.0010970
6,-0.00082660,-0.00014862,0.00076874,-0.00111051,-0.00155604,0.00004456,0.000034
93,-0.00008618,-0.00114849,0.00023852,0.00039178,0.00065180,0.00050907,0.0000730
9,0.00018896,0.00002579,-0.00031039,-0.00011986,0.00242971,-0.00035054,0.0002399
2,0.00025262,-0.00001958,-0.00008666,0.00004756,0.00026495,0.00024774,-0.0009572
6,0.00021423,-0.00033677,-0.00030862,0.00004958,0.00017318,-0.00003659,-0.000281
77,0.00009670,-0.00029351,-0.00049911,-0.00002128,-0.00001199,0.00001852,-0.0000
6173,0.00008702,-0.00015578,0.00011478,-0.00015342,0.00004011,0.00119259,0.00083
315,-0.00270213,-0.00004592,0.00022641,-0.00019213,-0.00008856,-0.00019008,0.000
00663,0.00040033,0.00036852,0.00064797,0.01212384,0.00410086,-0.00447910,0.00218
357,-0.00111426,0.00119114,-0.00259398,-0.00320547,0.00391762,-0.02202626,-0.004
58982,0.00476266,-0.05763997,-0.04873841,0.02348008,0.06494471,0.05415160,-0.000
48892,0.00131985,0.00473392,-0.00004316,-0.00034241,0.00068083,0.00137528,-0.002
30680,-0.00155261,-0.00016827,0.00023728,0.00010995,0.00018710,-0.00008002,0.000
42385,-0.00057540,0.00003044,0.00053717,0.00005866,-0.00057745,-0.00085112,-0.00
323041,-0.00172810,-0.00164066,0.00008610,0.00014499,-0.00044727,-0.00021270,0.0
0046193,0.00043246,-0.00009538,0.00172404,-0.00180985,-0.00007465,-0.00036065,0.
00103976,-0.00000148,-0.00022510,0.00021009,-0.00033425,0.00003980,-0.00079322,0
.00018892,0.00006197,0.00005332,-0.00019263,-0.00011687,0.00019533,-0.00007425,0
.00007487,0.00016922,0.00546976,-0.00187020,-0.00648741,-0.00045813,0.00063328,0
.00006475,-0.00027620,-0.00009664,-0.00017479,0.00003516,0.00011075,-0.00017979,
-0.00769850,-0.00317647,0.00137621,-0.00249350,0.00152773,0.00155384,0.00031887,
0.00165351,0.00068662,0.00665600,-0.00005108,-0.00250458,0.08498324,0.02663191,-
0.05012022,-0.08286891,-0.02548461,0.05438270,0.00089080,-0.00163679,-0.00034860
,0.00578487,0.00167922,0.00109652,-0.07687003,0.03001899,-0.01242616,-0.00011093
,0.00024305,0.00009207,0.00003937,0.00008720,0.00009169,0.00012263,0.00009140,0.
00005043,-0.00010119,-0.00006635,0.00007755,-0.09560999,0.08486378,0.00959990,0.
00145420,0.00084815,-0.00276939,0.00089264,-0.00071079,-0.00025734,0.00018545,-0
.04813240,0.00166190,-0.00119218,-0.00090651,-0.00133059,0.00054532,0.00002753,-
0.00026089,0.00037991,0.00053341,0.00004036,-0.00016763,-0.00015120,-0.00038773,
0.00006376,0.00003431,-0.00012338,0.00007394,0.00008164,-0.00003916,-0.00499956,
-0.00216322,-0.00002940,-0.00079867,0.00075800,0.00530577,-0.13405597,-0.0475640
4,0.04139914,0.00037716,0.00312252,-0.00092601,0.00062485,-0.00051454,0.00012028
,0.00033034,0.00005439,0.00012455,-0.00007925,0.00011817,-0.00038276,0.00037998,
0.00062192,0.00035871,-0.00040936,-0.00051827,0.00025211,-0.00019861,-0.00009501
,-0.00000859,0.37320896,0.00145893,0.00340524,-0.00048553,-0.01651915,-0.0203795
0,0.01006993,0.01553192,-0.03065183,0.00911689,0.00048882,-0.00152074,-0.0000121
3,0.00010958,0.00005220,0.00004835,-0.00014995,0.00008741,0.00020109,0.00002500,
0.00014477,-0.00007695,0.09156264,-0.42597758,0.00338237,0.00185408,-0.00398806,
0.01006492,-0.00117370,-0.00101083,-0.00088992,-0.03039664,-0.07230506,0.0095735
3,0.00115364,0.00143754,0.00198771,0.00026122,0.00053276,0.00004312,-0.00027571,
-0.00045812,-0.00005129,0.00034527,-0.00030991,-0.00133616,0.00033362,0.00036380
,0.00000535,0.00006069,0.00003095,-0.00016589,0.00681026,-0.01541335,0.00113212,
-0.00337405,-0.00186533,-0.00175739,-0.05842661,-0.12478522,0.04538847,0.0021969
4,0.00222050,-0.00114437,0.00066083,0.00027167,0.00059725,-0.00003996,0.00019385
,0.00098892,0.00034522,0.00055925,0.00011723,-0.00073869,0.00040377,-0.00037938,
-0.00085723,0.00022001,0.00016165,-0.00024640,-0.00064060,0.00049684,-0.03765505
,0.74587305,-0.00185224,-0.00070085,-0.00231257,0.00981157,0.02053661,-0.0108362
5,0.00229995,0.00720928,-0.02529311,-0.00041006,0.00021183,0.00002819,-0.0000621
8,0.00004384,0.00000911,-0.00001262,-0.00000966,0.00006494,0.00011435,0.00002477
,0.00016073,0.00686606,0.01640378,-0.04230890,-0.00221167,0.00382113,-0.00742402
,0.00037352,0.00003487,-0.00002761,-0.00004464,0.01493257,0.00992734,-0.00099590
,0.00005264,-0.00044347,-0.00013955,-0.00030237,-0.00000943,0.00006911,0.0000956
1,0.00018649,-0.00001983,-0.00039186,-0.00009791,-0.00004698,-0.00004367,-0.0000
1930,0.00007205,0.00002426,-0.00003869,0.00188624,-0.00001634,0.00029898,0.00311
055,-0.00111828,0.00395039,0.03723945,0.03267736,-0.06837164,0.00048039,0.003495
31,0.00041789,0.00023999,-0.00052961,0.00032172,0.00011212,-0.00001021,0.0001210
6,-0.00002846,0.00017832,0.00018463,0.00022005,0.00055859,-0.00036494,-0.0006556
6,-0.00092720,-0.00063979,-0.00018508,0.00017985,0.00051789,-0.06493765,-0.08354
732,0.12206161,-0.00010175,-0.00023511,0.00003364,-0.01489294,0.00895861,0.00391
998,-0.00155917,-0.00153908,0.00182629,0.00016612,0.00001721,-0.00003688,0.00002
243,0.00001261,0.00001511,0.00003603,0.00001156,0.00001166,0.00002546,0.00001786
,0.00006839,-0.00240568,0.00135020,0.00046367,0.00174849,-0.00175420,0.00020428,
0.00016549,0.00002112,-0.00001119,0.00117789,0.00047343,-0.00043117,-0.00003084,
0.00004419,-0.00005375,0.00003684,0.00004283,-0.00003277,0.00006810,0.00005507,0
.00000878,-0.00003121,0.00005766,-0.00002532,-0.00000097,0.00000156,-0.00000994,
0.00001381,-0.00000069,-0.00000817,0.00010228,0.00051787,-0.00002229,0.00004621,
0.00014622,-0.00013400,-0.18840812,0.08352312,0.06210806,-0.00235652,0.00011038,
-0.00372217,0.00006687,-0.00001566,-0.00011939,0.00007588,-0.00000401,-0.0000137
3,-0.00000621,0.00004280,-0.00005052,0.00005095,0.00000364,0.00002340,-0.0001667
2,0.00001287,-0.00012907,-0.00017208,-0.00004817,0.00000689,-0.02941089,-0.00246
716,0.01293337,0.22940428,-0.00011093,-0.00019423,-0.00009861,0.01090305,-0.0042
7203,-0.00540052,-0.00001510,-0.00186142,0.00127960,0.00001316,0.00003001,-0.000
01095,-0.00000004,-0.00000435,-0.00000730,-0.00000427,-0.00000353,-0.00001064,-0
.00001650,-0.00000916,-0.00001324,-0.00161769,0.00191348,0.00077708,-0.00128550,
0.00081707,0.00009514,-0.00001436,-0.00008694,0.00002538,0.00104380,0.00044999,-
0.00026890,-0.00001646,0.00000683,-0.00001277,0.00002163,0.00000266,0.00000419,-
0.00003757,0.00003294,0.00001167,-0.00000865,0.00002347,-0.00001326,-0.00000208,
-0.00000631,-0.00000767,-0.00001277,-0.00000702,-0.00000288,-0.00006845,0.000283
93,-0.00002526,0.00006591,0.00016417,0.00020411,0.08170723,-0.08437837,-0.031963
76,0.00343822,0.00001643,0.00245502,0.00005351,0.00002848,-0.00005268,-0.0000369
0,-0.00000315,-0.00001065,-0.00000395,-0.00003344,-0.00000720,-0.00000689,-0.000
02707,0.00001103,0.00001364,0.00001361,-0.00003382,-0.00004352,0.00003178,0.0000
1559,-0.02063265,0.00511756,0.00792940,-0.08766672,0.10136990,-0.00005573,0.0001
1469,0.00004001,-0.01309986,0.00961731,0.00694080,-0.00025577,0.00137051,-0.0010
3609,-0.00009013,-0.00003520,0.00001916,-0.00000100,-0.00000499,-0.00000776,0.00
000579,0.00000105,-0.00000573,0.00002987,0.00001792,-0.00000307,0.00184136,-0.00
127858,0.00045457,-0.00069070,-0.00157175,0.00016248,-0.00002130,0.00005424,-0.0
0002991,-0.00073922,-0.00038096,0.00001432,0.00005554,-0.00006768,-0.00000359,-0
.00000967,-0.00003129,0.00001177,-0.00001210,-0.00004740,-0.00002744,0.00001437,
-0.00000752,0.00001456,-0.00000099,0.00000589,0.00001836,-0.00000383,0.00000536,
0.00001269,0.00005029,-0.00009924,-0.00000857,0.00001204,-0.00006059,-0.00005190
,0.05941324,-0.02983137,-0.06314090,-0.00515860,-0.00012186,-0.00407967,-0.00002
679,0.00002825,0.00007272,0.00000683,-0.00000149,0.00001845,-0.00001644,0.000021
63,0.00002292,0.00005613,0.00001607,-0.00002423,-0.00001680,-0.00007809,0.000019
84,-0.00003647,-0.00001316,-0.00000696,0.01717021,0.00081199,-0.00492051,-0.0736
4516,0.03795352,0.07745190,-0.00033570,-0.00275089,0.00016260,-0.00008542,-0.000
07846,-0.00008994,-0.00237063,-0.00070778,-0.00106052,-0.05907801,-0.03734949,-0
.05285204,-0.00001897,-0.00035805,-0.00002748,0.00070813,-0.00100365,-0.00089355
,-0.00074516,-0.00003846,0.00112222,-0.00002474,-0.00020694,-0.00004386,0.000109
54,0.00009088,-0.00002522,-0.00705660,0.00235052,-0.01579704,0.00085319,0.000022
67,0.00015723,-0.00059998,0.00046876,0.00060580,-0.00072810,-0.00000562,0.000362
61,0.00059318,-0.00170502,0.00093729,0.00010461,0.00005545,0.00038613,0.00001622
,-0.00017279,0.00024651,-0.00014148,-0.00027407,0.00035346,-0.00033559,-0.000033
25,-0.00031507,0.00030190,0.00120741,-0.00090760,0.00014991,0.00000627,-0.000026
46,0.00010173,0.00021880,0.00007371,-0.00139052,0.00145102,0.00044186,0.00175740
,0.00042310,-0.00033137,-0.00050276,-0.00000573,-0.00041767,0.00010511,-0.000252
72,-0.00001439,-0.00033604,0.00031714,-0.00037301,0.00010224,0.00003284,-0.00021
127,-0.00002373,0.00030445,0.00015271,0.00002742,0.00000503,0.00001220,0.0762810
5,-0.00427861,0.00092054,0.00022160,-0.00046304,-0.00007289,-0.00000595,-0.00066
886,-0.00033780,0.00012833,-0.03924681,-0.09342458,-0.09917071,0.00025932,0.0002
2684,0.00042105,-0.00243814,-0.00459306,-0.00338154,-0.00000084,0.00013135,0.000
32336,0.00019777,0.00066039,-0.00008109,0.00011710,0.00005918,-0.00007469,0.0112
7840,0.00268850,0.01819339,-0.00127122,-0.00021952,-0.00010474,0.00045916,-0.001
32833,-0.00111725,0.00079634,0.00019611,-0.00068565,0.00201348,0.00014599,0.0010
5328,-0.00026521,-0.00027924,-0.00044533,0.00013421,0.00025825,-0.00057744,-0.00
007886,-0.00071173,0.00045286,-0.00000660,0.00049900,-0.00000841,-0.00142668,-0.
00080146,0.00080524,0.00003437,-0.00006605,0.00005312,0.00018449,-0.00006526,-0.
00002168,0.00220512,-0.00078890,-0.00125263,0.00361046,-0.00493490,-0.00194157,0
.00011903,0.00030274,0.00137989,0.00018056,0.00056278,-0.00030746,-0.00043248,-0
.00001839,0.00112927,-0.00039511,-0.00001339,0.00021680,-0.00005245,-0.00034956,
-0.00006443,0.00000197,0.00001629,-0.00001638,0.04687743,0.12778571,0.00202417,-
0.00184841,-0.00285404,0.00007703,0.00004280,-0.00000154,-0.00146208,-0.00000118
,0.00072992,-0.05866803,-0.10153764,-0.20175229,-0.00001083,0.00016898,-0.000004
84,-0.00096696,-0.00320192,-0.00006662,0.00096042,-0.00003508,-0.00061357,0.0001
4295,0.00015221,-0.00008681,0.00001474,0.00000712,0.00000390,-0.01448391,-0.0017
3954,-0.02316072,-0.00020653,-0.00011809,-0.00000350,-0.00126300,0.00079376,0.00
033033,-0.00065992,0.00031840,-0.00009728,-0.00015822,-0.00013773,-0.00034895,0.
00012697,0.00022053,0.00017086,-0.00010238,-0.00009206,0.00003490,0.00074194,0.0
0083668,-0.00020164,-0.00020549,0.00027951,-0.00009630,0.00090304,0.00169588,-0.
00235624,0.00006891,-0.00003212,-0.00000772,-0.00011665,-0.00004735,-0.00011047,
0.00205922,-0.00200688,-0.00108755,0.00143077,-0.00412877,-0.00107502,-0.0005251
6,0.00011468,0.00040718,0.00016900,0.00020978,-0.00017091,0.00019991,0.00009537,
0.00007153,-0.00003825,-0.00002892,0.00011116,0.00008280,-0.00013534,0.00000910,
0.00001193,0.00000438,-0.00000931,0.06838019,0.11336279,0.24024156,0.00011129,-0
.00027583,-0.00022624,0.00035681,0.00016240,-0.00020045,-0.00125259,-0.00119292,
0.00151408,-0.15117546,0.08082908,0.06237390,-0.00000469,-0.00006283,-0.00004174
,0.00010324,0.00012967,0.00007585,-0.00009045,0.00004611,0.00000720,0.00025723,-
0.00052015,0.00001399,-0.00011351,-0.00008316,0.00010833,-0.00968421,0.01109139,
0.00172945,0.00016322,0.00005366,-0.00003228,-0.00018627,0.00015867,-0.00026251,
-0.00018652,0.00023424,-0.00016105,-0.00004452,-0.00019029,0.00042044,0.00010203
,0.00000808,0.00008171,-0.00002873,-0.00009086,0.00003527,0.00004919,0.00017801,
0.00015799,-0.00018713,0.00005637,0.00005275,-0.00061301,0.00051632,0.00002332,0
.00012862,0.00008489,-0.00006425,-0.00015051,0.00008781,-0.00016201,-0.00001413,
-0.00025475,-0.00027893,-0.00008637,-0.00025423,-0.00027176,-0.00020346,0.000003
28,-0.00006093,0.00016018,-0.00020935,0.00010139,0.00005385,0.00009430,-0.000200
24,0.00010014,-0.00004762,-0.00008707,-0.00050851,0.00066407,-0.00014530,-0.0000
1328,-0.00000909,0.00001076,0.00559462,-0.00187725,-0.00174049,0.19142543,0.0013
7873,-0.00233099,0.00184485,-0.00035389,-0.00015999,0.00004256,-0.00018944,-0.00
088116,0.00015079,0.07818246,-0.09734185,-0.04734357,0.00007242,0.00010049,0.000
03978,0.00020555,-0.00012944,-0.00014369,-0.00003499,-0.00017700,0.00012665,-0.0
0042127,-0.00010628,0.00002984,0.00009584,0.00010729,-0.00009107,0.01708134,-0.0
1312516,-0.00403962,0.00018597,0.00008207,0.00002101,0.00016919,-0.00026069,0.00
015840,0.00020569,-0.00017988,-0.00002916,0.00011872,0.00039190,0.00047698,-0.00
017882,-0.00006509,0.00001083,-0.00000043,0.00012915,-0.00009278,-0.00006371,-0.
00049432,-0.00031463,-0.00028881,0.00000368,-0.00006996,0.00059478,-0.00111550,-
0.00059642,-0.00001794,-0.00002958,0.00002027,0.00027391,0.00017874,-0.00000653,
-0.00037059,0.00003327,0.00011767,0.00061651,0.00002645,-0.00025635,0.00034819,0
.00015163,0.00022490,-0.00023835,-0.00022435,-0.00060866,-0.00024510,0.00007072,
0.00042883,-0.00012019,0.00002748,0.00002913,-0.00011699,0.00042815,-0.00008944,
0.00000860,0.00001030,-0.00000802,0.01134957,-0.00761348,-0.00949288,-0.09043571
,0.11320719,-0.00127464,0.00100085,-0.00032902,-0.00008114,-0.00003922,0.0000822
0,-0.00004715,0.00053065,-0.00013941,0.06194772,-0.04532661,-0.07990033,0.000006
99,0.00001119,-0.00000010,0.00026426,-0.00009405,-0.00002441,0.00000285,-0.00010
278,0.00015884,0.00009948,0.00041099,-0.00006287,0.00005662,0.00003028,-0.000044
32,-0.01224483,0.00857118,0.00825682,-0.00021879,-0.00009533,0.00002287,-0.00029
441,0.00013436,-0.00018451,0.00007127,0.00007556,-0.00012862,-0.00013030,0.00016
972,0.00004690,-0.00000177,0.00016497,0.00004465,-0.00007196,0.00001718,-0.00001
632,0.00004157,-0.00011647,0.00010729,0.00027948,0.00016059,-0.00001188,-0.00121
636,0.00119868,-0.00076266,-0.00001470,-0.00005211,0.00003137,-0.00002677,-0.000
05844,0.00003335,0.00029038,-0.00045222,-0.00005769,0.00046040,-0.00084318,-0.00
017905,-0.00013423,0.00017879,-0.00005392,0.00013893,0.00018872,0.00001807,-0.00
009988,0.00003489,-0.00003474,-0.00005214,0.00000738,0.00002191,0.00011424,-0.00
028144,0.00003163,0.00001936,0.00000800,-0.00001389,0.01802179,-0.01495872,-0.01
289392,-0.07829390,0.05095738,0.08965555,-0.00283815,-0.00085912,-0.00057108,0.0
0027944,0.00001603,0.00010068,0.00000429,-0.00051624,0.00002294,0.00002170,-0.00
034629,0.00001580,-0.00044640,-0.00009459,-0.00001375,-0.00009270,0.00127988,0.0
0007352,0.00039293,-0.00042966,0.00011566,-0.00057466,-0.00171536,-0.00006059,-0
.00006381,0.00002390,-0.00002653,-0.00026201,-0.00048253,-0.00022402,-0.00226800
,-0.00034567,-0.00107360,0.00019891,0.00027652,0.00000687,-0.00003665,0.00069877
,-0.00014197,0.00004112,0.00027879,-0.00029409,0.00018848,-0.00007317,-0.0003762
9,-0.00044792,-0.00010227,0.00073225,0.00020805,0.00010515,-0.00024058,0.0014950
2,-0.00057435,0.00022106,0.00001685,-0.00054522,-0.00015884,-0.00005671,0.000049
70,-0.00004587,-0.00017171,-0.00007655,-0.00000162,-0.00087474,-0.00196434,0.000
58923,-0.00519181,0.00179233,0.00060329,-0.01448576,0.01834586,-0.01033582,-0.14
483036,0.11907237,-0.08722282,0.00715391,-0.00542289,0.00317748,0.00026641,-0.00
006393,0.00020950,-0.00014379,0.00061392,-0.00004746,-0.00002615,-0.00001288,0.0
0001469,0.00004347,-0.00039524,0.00000013,0.00004397,-0.00011849,-0.00000402,0.1
6408758,0.00121980,-0.00413324,0.00424643,0.00035776,-0.00005763,0.00014703,0.00
051865,-0.00018189,-0.00018974,-0.00043634,0.00062430,0.00000431,-0.00008752,-0.
00026450,-0.00087549,-0.00047998,0.00029896,-0.00003352,0.00087542,-0.00020386,-
0.00022690,-0.00171524,-0.00200090,-0.00002535,-0.00009367,0.00006100,-0.0001303
8,-0.00039021,0.00004510,-0.00040980,-0.00022349,0.00025204,-0.00010612,0.000363
42,0.00004387,0.00070625,-0.00011700,-0.00020503,0.00043127,-0.00063760,0.000243
72,0.00045011,0.00003940,-0.00014208,-0.00037482,0.00004952,0.00007277,0.0001992
3,-0.00035248,0.00013466,0.00019478,0.00128375,-0.00162213,-0.00006426,0.0003937
7,0.00063265,0.00119875,-0.00006567,0.00014156,-0.00013377,-0.00009634,0.0000655
8,-0.00007677,-0.00074099,-0.00282232,0.00172600,-0.00103200,0.00093199,0.000860
17,0.00002524,0.00164850,-0.00236919,0.11904926,-0.16031817,0.10238697,0.0113760
1,-0.01446177,0.00641873,-0.00005770,-0.00037659,-0.00019171,0.00032555,0.001111
57,0.00003160,-0.00000321,-0.00000101,0.00000499,-0.00036549,0.00048200,0.000164
62,-0.00007369,0.00006483,0.00001095,-0.12874089,0.17847027,0.00244691,-0.004351
00,0.00066210,-0.00002897,0.00003216,-0.00000959,0.00015613,0.00078665,0.0000910
0,-0.00049878,0.00057202,-0.00018520,-0.00002741,-0.00088504,-0.00051711,-0.0001
0355,0.00035007,0.00028175,-0.00048794,0.00076767,0.00047703,-0.00076412,-0.0004
2692,0.00039780,0.00005346,0.00002272,-0.00001506,-0.00031436,0.00047046,-0.0006
8677,-0.00023852,-0.00090339,-0.00113922,0.00046163,0.00003513,0.00050162,0.0000
3484,-0.00067605,0.00030395,-0.00069738,-0.00000028,0.00071313,-0.00007662,-0.00
051013,-0.00048266,0.00073538,-0.00004173,-0.00029425,-0.00039263,0.00003460,0.0
0013278,0.00040770,0.00014316,0.00053481,0.00057204,0.00076336,0.00096122,0.0000
4590,0.00000790,0.00002740,0.00004329,0.00008039,-0.00001277,-0.00140157,0.00496
590,-0.00001703,-0.00053093,0.00343438,0.00063421,0.00161221,-0.00242731,-0.0010
7938,-0.08759126,0.10521618,-0.09590506,-0.00884627,0.00599847,-0.00660585,0.000
23908,-0.00039083,-0.00078261,0.00022211,0.00023296,-0.00005356,0.00002439,0.000
00514,-0.00000281,-0.00012568,0.00044747,-0.00002942,-0.00004056,0.00008964,-0.0
0001281,0.09445442,-0.11410075,0.10202042,0.00165521,0.00021085,-0.00062675,-0.0
0165905,0.00064618,-0.00140002,-0.04034945,0.00162062,0.00315462,-0.14142803,-0.
04827020,0.02275007,-0.00002215,-0.00000969,-0.00005505,0.00016381,-0.00001299,-
0.00008676,-0.00008798,0.00026782,0.00003495,-0.00348373,-0.00640276,0.00065167,
0.00015420,-0.00018300,0.00047564,0.00687132,0.00026939,0.00173790,0.00328781,0.
00119437,-0.00017100,0.00016381,-0.00029495,0.00016490,-0.00041547,-0.00000883,0
.00006211,-0.00019045,0.00098891,0.00004106,-0.00002884,-0.00012120,0.00033368,-
0.00001744,-0.00004766,-0.00003942,0.00010892,0.00029347,0.00004475,-0.00292501,
0.00137406,-0.00054147,0.00242004,-0.00102541,-0.00281947,-0.00008567,0.00081999
,0.00014735,0.00023311,-0.00151723,0.00180959,-0.00010354,0.00071874,0.00041425,
-0.00027719,-0.00040231,-0.00026496,0.00012229,0.00013957,0.00038897,-0.00017105
,-0.00028124,0.00021632,0.00017695,-0.00013443,0.00021517,0.00013727,0.00002223,
-0.00020368,0.00838094,0.00931868,-0.00129804,-0.00008597,-0.00032844,0.00032737
,-0.01069582,-0.00966198,0.00028291,-0.03549375,-0.01518264,0.01484786,-0.000027
92,-0.00026060,-0.00006736,0.36411575,-0.00274208,0.00611353,-0.00021403,-0.0002
1053,-0.00074186,0.00103472,0.01343953,-0.02135365,0.00221052,-0.07358048,-0.107
35273,0.02083809,0.00007212,0.00034871,0.00025088,0.00019109,-0.00007454,0.00023
042,0.00006130,-0.00027933,-0.00047038,0.00067554,0.00324189,-0.00027572,0.00025
178,0.00027118,-0.00031981,-0.01677604,-0.02705341,0.01500085,-0.00206800,-0.000
86202,0.00023432,-0.00045375,0.00021909,-0.00075094,-0.00004253,-0.00129163,-0.0
0049855,0.00215291,-0.00280993,0.00231519,-0.00007702,0.00010952,-0.00036037,0.0
0038500,0.00001091,-0.00026955,0.00030857,0.00003789,-0.00023290,0.00119296,-0.0
0165958,0.00004106,-0.00024041,0.00044229,0.00220410,0.00102222,-0.00088893,0.00
006673,-0.00028644,0.00198899,-0.00168937,0.00028672,-0.00172065,0.00015060,0.00
044019,-0.00025081,0.00043991,0.00019403,0.00021974,-0.00024000,-0.00015210,0.00
073932,0.00046364,-0.00048652,0.00032948,-0.00029970,-0.00006499,0.00004777,0.00
024032,-0.00520574,0.00456822,0.00002201,0.00023048,0.00042271,-0.00030344,-0.01
633338,-0.01491216,0.00086024,0.00083000,0.00680045,-0.00107820,-0.00001550,0.00
029968,0.00025700,0.07171184,0.45793544,0.00040057,-0.00126133,-0.00146273,0.000
70712,0.00045778,-0.00048933,0.00534003,0.00066037,-0.02131760,0.02655086,0.0166
0786,-0.08213532,0.00000311,-0.00000683,-0.00006687,0.00018244,-0.00000062,-0.00
004176,-0.00026395,-0.00013771,-0.00071232,-0.00034056,-0.00090535,0.00059423,-0
.00018961,-0.00010853,0.00022717,0.01563469,0.02268981,-0.00939708,0.00060274,0.
00025705,0.00036932,0.00031541,0.00062844,-0.00023775,0.00006587,0.00161511,0.00
051091,-0.00139438,0.00263365,-0.00218283,-0.00002161,-0.00013774,-0.00000607,-0
.00032199,0.00015726,0.00004354,0.00000361,0.00008293,-0.00004607,-0.00047129,-0
.00005631,0.00018921,-0.00099164,0.00111380,-0.00094941,-0.00072547,0.00051921,0
.00025071,0.00089333,-0.00183977,0.00143408,-0.00019303,-0.00068767,-0.00008388,
-0.00013246,-0.00039544,-0.00060250,-0.00016076,0.00015570,0.00002274,0.00025328
,0.00003811,0.00004809,-0.00006508,0.00008327,0.00016864,0.00014355,0.00000928,-
0.00001923,0.00142982,-0.00002773,0.00636278,-0.00009722,-0.00021885,0.00021602,
-0.01800250,-0.01419231,0.00380442,0.01489601,0.00686464,-0.00495142,0.00004179,
-0.00001521,-0.00001676,0.00495441,-0.02237950,0.49928026,-0.00004188,-0.0001317
6,-0.00031553,0.00028939,0.00071736,-0.00004807,0.00086896,0.00211825,-0.0045402
4,0.00130579,-0.01309371,0.02124328,0.00001501,0.00002010,0.00002003,0.00001315,
-0.00000640,-0.00000966,0.00036588,0.00028612,0.00002462,-0.00038204,-0.00028875
,0.00012540,-0.00005179,-0.00027461,0.00018872,-0.00207555,-0.00209043,0.0018378
0,0.00042558,0.00000907,0.00001942,0.00015558,0.00005731,-0.00002127,-0.00002341
,-0.00032550,-0.00013117,0.00044850,-0.00047343,0.00073205,-0.00001026,-0.000051
97,0.00001496,0.00007706,-0.00007464,-0.00007868,-0.00001027,-0.00001636,-0.0000
1038,-0.00025531,0.00013744,0.00004821,-0.00063155,0.00012515,-0.00038062,-0.000
33199,0.00003418,-0.00004158,-0.00308431,0.00032533,0.00043597,-0.00038339,0.000
57153,0.00032369,-0.00020114,0.00011117,-0.00008212,0.00001249,0.00004798,-0.000
04358,-0.00002066,-0.00007090,-0.00011125,0.00008124,0.00020647,-0.00003674,-0.0
0000056,0.00001173,-0.00000729,-0.00029147,0.00005757,0.00089766,-0.00001229,-0.
00004818,0.00002144,0.00072246,-0.00031736,0.00195847,-0.00065485,-0.00093215,0.
00086052,-0.00001169,-0.00001160,-0.00002405,-0.07441621,0.01237759,-0.03898920,
0.50885772,-0.00014428,0.00196855,-0.00039045,-0.00015070,0.00025343,-0.00048871
,-0.00082760,-0.00114749,0.00300514,0.00028637,-0.01433624,0.01907825,0.00001191
,0.00003466,-0.00000231,-0.00004500,-0.00009144,0.00010155,0.00093408,-0.0028915
0,-0.00017992,0.00014742,-0.00005803,-0.00006564,0.00025364,-0.00000624,0.000060
04,-0.00358675,-0.00350624,0.00183172,-0.00021249,0.00002842,-0.00003302,-0.0000
8811,-0.00007061,-0.00004663,-0.00004712,-0.00032025,-0.00015201,0.00051105,-0.0
0069153,0.00057531,-0.00001451,0.00004612,-0.00003332,0.00008551,-0.00002004,0.0
0000044,0.00007926,-0.00000217,-0.00000394,-0.00000921,-0.00021687,-0.00002109,0
.00003940,-0.00017757,0.00029819,0.00024343,0.00010194,0.00002821,0.00144878,-0.
00076356,0.00022799,0.00037107,0.00087590,-0.00068433,0.00007168,-0.00005540,0.0
0024339,-0.00002008,-0.00001201,0.00000896,0.00000872,0.00003363,0.00006470,-0.0
0012970,-0.00036241,0.00018070,0.00002226,-0.00001806,0.00002561,0.00033300,0.00
011684,-0.00056250,0.00002490,0.00001887,0.00002609,0.00027865,-0.00033185,0.002
53213,0.00045602,0.00052248,-0.00051370,-0.00001335,0.00002052,-0.00001413,0.007
66576,-0.09933609,0.06267311,0.03444171,0.49947562,-0.00058583,-0.00020917,-0.00
031655,-0.00045032,-0.00077344,0.00100018,0.00067987,-0.00024798,0.00014354,0.00
125467,0.01056743,-0.01487239,0.00000954,-0.00000510,0.00003670,-0.00015474,-0.0
0008638,0.00007148,0.00094280,-0.00142238,-0.00017965,-0.00034137,0.00081427,0.0
0004491,-0.00004659,0.00022594,-0.00041150,0.00128015,0.00051465,-0.00013441,-0.
00004728,-0.00022708,-0.00001022,-0.00006983,0.00011902,0.00007168,0.00002722,0.
00024478,0.00006055,-0.00018269,0.00017479,-0.00020352,0.00001256,0.00001894,-0.
00001999,-0.00004255,-0.00001083,-0.00002593,-0.00004111,0.00000195,-0.00000389,
0.00032589,0.00052520,0.00023671,0.00042286,0.00011077,-0.00005848,-0.00012256,-
0.00027903,0.00009048,0.00065382,0.00069881,-0.00037403,-0.00024787,0.00100981,-
0.00038509,-0.00019928,-0.00017243,-0.00018255,0.00005069,-0.00024545,-0.0000340
2,0.00001678,-0.00006416,-0.00008400,0.00012816,-0.00011460,-0.00031409,-0.00003
469,-0.00000491,0.00003899,0.00016055,-0.00040854,-0.00003624,0.00001350,0.00004
688,-0.00007917,-0.00133860,-0.00155597,0.00136170,-0.00014549,-0.00009083,0.000
54795,-0.00003918,0.00002158,0.00000488,-0.01992671,0.04987207,-0.17000120,-0.01
688978,0.03602263,0.47927493,0.00007800,-0.00028346,0.00003807,-0.00040798,0.000
13845,0.00004362,-0.00176759,0.00518400,0.00309014,-0.01074071,-0.02146927,-0.01
590463,-0.00000900,0.00001235,-0.00000432,0.00000692,-0.00005832,-0.00001327,0.0
0005134,-0.00001964,-0.00000462,-0.00016648,0.00001406,0.00001782,0.00016621,-0.
00003501,-0.00006698,-0.00023004,0.00025790,-0.00041728,0.00010632,-0.00015942,-
0.00002391,0.00009865,0.00018095,0.00006099,-0.00004885,0.00004314,0.00001883,0.
00020393,-0.00011789,0.00032062,0.00000504,-0.00001466,0.00006166,0.00000191,-0.
00004288,-0.00002247,-0.00001194,-0.00003312,-0.00003408,-0.00010262,-0.00000038
,0.00013711,-0.00011643,0.00136471,-0.00051176,-0.00003665,-0.00005141,0.0000173
9,0.00004790,-0.00023047,-0.00001021,0.00001387,-0.00005901,-0.00014225,-0.00002
130,-0.00039305,-0.00024785,-0.00004841,0.00000897,0.00000585,0.00000638,-0.0001
9134,-0.00004444,0.00009921,0.00023274,0.00003278,0.00001812,-0.00000131,-0.0000
5427,-0.00053802,-0.00010033,-0.00067670,0.00004027,-0.00002975,0.00001445,-0.00
358588,-0.00438185,0.00011925,0.00126753,-0.00306042,-0.00209373,-0.00000997,-0.
00006140,-0.00002127,-0.06122644,-0.00108688,0.00602716,-0.00277608,-0.00263690,
-0.00859678,0.49853370,0.00002955,0.00001238,0.00012833,0.00104610,0.00058780,-0
.00025580,0.00138985,-0.00199499,-0.00170979,-0.00769609,-0.02191817,-0.01576371
,0.00002347,0.00003834,-0.00002252,0.00013360,-0.00006913,0.00002358,0.00000110,
-0.00010898,-0.00015825,0.00026113,-0.00095525,0.00008882,-0.00038572,-0.0003189
2,0.00031650,0.00067010,0.00051740,-0.00037019,0.00020027,0.00030222,-0.00007104
,-0.00010084,-0.00009839,-0.00014579,0.00001597,-0.00018407,-0.00008749,0.000209
79,0.00025417,-0.00000063,0.00003496,-0.00010575,-0.00006038,-0.00000011,-0.0000
1156,0.00001134,0.00006202,0.00001344,-0.00002030,-0.00025745,-0.00014100,-0.000
02545,0.00020536,-0.00261174,0.00049028,0.00008835,0.00023263,-0.00010234,-0.000
50450,-0.00013723,-0.00075135,-0.00007386,0.00020361,0.00023933,-0.00002726,0.00
000569,0.00015060,-0.00010547,0.00005666,-0.00005251,0.00004229,0.00008415,0.000
12707,-0.00008350,-0.00011887,-0.00006918,-0.00003975,-0.00003218,0.00001786,-0.
00001529,0.00064359,0.00035477,-0.00005258,-0.00005181,0.00004952,-0.00278695,-0
.00302589,0.00059632,0.00156973,0.00235425,-0.00018037,0.00000781,0.00004759,-0.
00000955,-0.02080345,-0.14054090,-0.07050372,0.00234207,0.00468279,0.00697348,0.
02563230,0.46985831,-0.00038966,0.00001626,0.00005605,0.00100262,0.00038087,-0.0
0036252,0.00028300,-0.00047372,0.00114578,-0.00064772,0.00078211,0.00355514,-0.0
0000467,-0.00000407,-0.00006952,0.00000631,-0.00001255,-0.00004337,-0.00009491,0
.00001335,-0.00016966,0.00028798,-0.00076159,0.00011969,-0.00038375,-0.00021273,
0.00026315,0.00090566,0.00096210,-0.00020211,-0.00001721,0.00024088,-0.00010306,
-0.00019688,0.00011068,0.00002961,0.00009334,0.00034757,0.00000432,0.00018192,-0
.00000170,-0.00010867,-0.00001052,0.00008311,0.00000960,-0.00002516,0.00004303,0
.00003346,0.00000046,0.00005637,0.00002609,-0.00009377,-0.00000891,0.00019376,0.
00000495,-0.00128140,-0.00020357,-0.00000930,0.00020880,-0.00009700,-0.00049880,
0.00013466,-0.00029017,0.00014585,0.00027132,0.00001545,-0.00022359,-0.00000482,
0.00024098,-0.00004107,-0.00015154,-0.00007411,-0.00008758,0.00003518,0.00006695
,0.00013237,-0.00018602,-0.00021690,-0.00003755,-0.00002991,-0.00002599,-0.00034
697,0.00040486,-0.00011145,-0.00004047,-0.00005622,0.00006573,0.00115475,0.00082
514,0.00022689,0.00097739,0.00139007,0.00045986,0.00000108,0.00001302,-0.0000422
3,-0.01122723,-0.06051656,-0.13581218,-0.00676121,-0.02047492,-0.03341836,0.0024
6416,-0.05325704,0.49914364,0.00037880,-0.00029498,0.00009126,0.00071120,0.00024
261,-0.00007010,0.00058876,0.00038926,-0.00070750,0.00074217,-0.00057240,0.00031
296,0.00000297,-0.00000878,-0.00002834,0.00004819,0.00003617,-0.00002255,-0.0002
8598,0.00018456,-0.00004160,0.00024886,-0.00055919,0.00007174,-0.00037642,-0.000
28580,0.00021404,0.00017007,0.00018411,-0.00001985,0.00008835,0.00011360,-0.0000
4434,0.00003078,-0.00005374,0.00003764,-0.00004670,-0.00003366,0.00001376,-0.000
02897,-0.00001260,0.00001047,0.00002853,-0.00002012,0.00003367,-0.00000183,-0.00
000221,0.00002527,0.00001190,0.00003129,0.00000937,-0.00009540,-0.00007933,0.000
01689,0.00000190,-0.00013880,-0.00000725,-0.00009488,0.00008440,-0.00006122,-0.0
0054627,0.00006384,-0.00014385,0.00001247,-0.00011399,-0.00005046,-0.00004177,-0
.00000471,-0.00000390,-0.00001857,-0.00001455,-0.00000669,-0.00000777,-0.0000830
5,0.00002073,0.00000782,-0.00007989,0.00005631,0.00004536,-0.00004041,-0.0000429
3,-0.00019518,0.00024545,0.00012615,-0.00005146,-0.00002619,0.00000017,-0.000123
71,0.00003150,-0.00008790,0.00034998,0.00021609,-0.00031878,0.00001578,-0.000033
90,-0.00001745,-0.00937345,0.01299147,-0.01185836,-0.15163234,0.10072455,0.02501
691,0.00097197,-0.00000556,0.00089490,0.17641448,-0.00044532,0.00034296,0.000049
40,-0.00034735,-0.00027096,0.00021750,-0.00083432,-0.00025106,0.00090036,0.00093
044,0.00059892,-0.00064834,-0.00000138,0.00001527,0.00002387,0.00000721,-0.00006
675,0.00000217,-0.00008609,-0.00008356,0.00016620,-0.00019639,0.00061815,-0.0000
5259,0.00010805,0.00015009,-0.00017476,-0.00023267,-0.00014449,0.00002601,-0.000
14207,-0.00013838,0.00003586,-0.00004971,0.00010767,-0.00001539,0.00002456,0.000
02102,-0.00002862,-0.00000554,-0.00000943,-0.00003903,-0.00002752,0.00003423,-0.
00001690,-0.00002176,0.00000985,-0.00001224,-0.00000659,-0.00005771,-0.00001853,
0.00015296,0.00003364,-0.00000759,0.00014807,0.00013601,0.00004938,0.00000464,-0
.00014005,0.00002793,-0.00003098,0.00045108,-0.00008133,0.00032606,-0.00009865,-
0.00019972,0.00012572,-0.00007596,0.00005467,0.00001643,0.00001672,-0.00003734,0
.00000074,0.00007748,-0.00002565,-0.00010184,-0.00008467,0.00006302,-0.00006914,
0.00002435,0.00004356,0.00018836,-0.00030389,-0.00018528,0.00003438,0.00003898,-
0.00004362,0.00021317,-0.00030423,-0.00015468,-0.00038978,0.00020231,0.00042646,
-0.00001575,0.00000798,0.00000116,0.01802840,-0.01919152,0.01227230,0.10128242,-
0.14204399,-0.02297274,-0.00198209,0.00159262,-0.00151699,-0.12661994,0.16974155
,0.00016527,-0.00012701,-0.00007607,-0.00038195,0.00001774,-0.00015816,0.0006245
3,0.00051234,-0.00172133,-0.00115588,-0.00003146,0.00067043,0.00000329,-0.000023
02,0.00000195,0.00005678,0.00000303,-0.00000763,-0.00012922,0.00011565,0.0002183
9,-0.00005667,-0.00021398,-0.00001441,0.00021501,0.00008578,-0.00004950,0.000329
58,0.00031412,-0.00017444,0.00014162,0.00003602,0.00004457,0.00002391,-0.0000032
8,0.00000044,-0.00001147,-0.00002767,0.00002816,0.00000257,0.00005613,-0.0000122
6,0.00000440,-0.00002672,0.00001273,-0.00000341,-0.00001490,0.00000297,-0.000013
85,-0.00000180,-0.00000253,-0.00012970,0.00001981,-0.00007937,-0.00013750,0.0000
1830,-0.00002425,0.00004614,0.00007073,0.00004825,0.00060832,-0.00035428,0.00029
362,0.00013446,-0.00006019,-0.00014529,0.00011232,-0.00000169,-0.00000121,-0.000
02167,0.00003705,0.00005886,0.00004030,0.00001799,0.00004483,-0.00008015,-0.0000
8875,0.00013830,-0.00004756,0.00001326,-0.00000560,-0.00020776,0.00011136,0.0003
4403,-0.00000420,-0.00003780,0.00004210,0.00013907,-0.00008167,-0.00017425,-0.00
004737,-0.00030171,0.00004837,-0.00000831,-0.00001494,0.00001250,-0.02320822,0.0
2264691,-0.00725040,0.02131217,-0.02110075,-0.04735379,-0.00238122,0.00325790,0.
00121946,-0.01908681,0.01847162,0.05851202,-0.00026250,-0.00049600,0.00021779,-0
.00053206,-0.00027190,-0.00012798,-0.00064842,-0.00008972,-0.00110240,0.00068409
,-0.00000336,0.00190794,-0.00000377,-0.00005707,0.00004537,-0.00008633,-0.000141
28,0.00003902,-0.00027271,0.00261245,0.00087697,-0.00007465,-0.00005641,-0.00006
269,0.00024681,0.00020080,-0.00006126,0.00000647,0.00006242,0.00014533,0.0001101
4,-0.00001706,0.00005076,-0.00005166,-0.00005364,0.00000928,-0.00006896,-0.00007
406,0.00001927,0.00000654,-0.00011227,-0.00001139,0.00000324,0.00000453,0.000063
26,-0.00002882,0.00000840,0.00001394,-0.00002464,-0.00004724,0.00004777,-0.00008
800,0.00009521,-0.00019534,0.00005362,0.00025334,0.00007635,0.00010878,-0.000035
51,0.00003081,0.00052221,0.00032348,0.00047758,0.00013398,0.00082151,-0.00036783
,0.00042335,-0.00009361,-0.00009171,-0.00008305,-0.00005952,0.00009825,0.0000160
6,0.00002695,0.00002595,-0.00023871,0.00002709,0.00009993,-0.00012122,0.00004502
,-0.00000315,-0.00004184,0.00014156,0.00004890,0.00001653,-0.00000395,0.00001445
,0.00035155,-0.00070461,0.00070539,-0.00019324,0.00012129,0.00009621,-0.00003215
,-0.00008336,-0.00000121,-0.00333620,-0.00535109,-0.00731101,-0.06638740,-0.0515
2839,-0.04957277,0.00007292,0.00085039,-0.00137041,0.00597506,0.01731991,0.01416
795,0.07346463,-0.00050773,0.00155098,-0.00131059,-0.00013297,-0.00003656,-0.000
07982,0.00006747,-0.00004434,0.00016898,0.00068470,0.00068293,0.00232780,0.00001
084,0.00011589,-0.00000375,-0.00022186,-0.00014358,0.00011429,0.00253538,-0.0025
7404,-0.00133414,0.00008878,-0.00000528,-0.00000374,0.00008116,0.00005165,0.0000
3956,0.00025441,0.00002570,-0.00010877,-0.00025334,-0.00005598,-0.00005445,0.000
03292,0.00022471,-0.00007629,-0.00026249,0.00009187,-0.00013635,0.00014391,0.000
02873,-0.00015474,0.00002327,0.00008100,0.00000125,-0.00007735,0.00003289,-0.000
01051,0.00012456,0.00001652,-0.00003534,0.00005975,0.00011323,-0.00001809,-0.000
01947,-0.00018080,-0.00010775,0.00001531,-0.00000459,0.00002643,0.00011216,-0.00
003429,0.00028653,0.00061740,-0.00266099,0.00004931,0.00001228,-0.00041334,0.000
18118,-0.00003428,0.00011799,0.00019498,0.00002008,0.00021168,0.00006625,0.00017
636,-0.00007661,0.00019050,-0.00003227,-0.00000073,0.00006104,-0.00000249,0.0000
4464,-0.00006260,-0.00000213,-0.00000405,0.00001564,-0.00075406,-0.00042426,0.00
148953,-0.00006016,-0.00021864,-0.00020124,-0.00002216,0.00007702,-0.00006233,0.
00272655,0.00743165,0.00646001,-0.05190208,-0.15676667,-0.11022229,-0.00005774,-
0.00001216,0.00130051,-0.00488773,-0.01939578,-0.01565487,0.05806963,0.18286345,
0.00060746,-0.00103853,0.00035741,-0.00044617,-0.00009330,0.00000625,-0.00117705
,0.00004652,-0.00082535,-0.00093718,-0.00166937,0.00007841,-0.00001233,-0.000063
84,-0.00001256,0.00014498,0.00018734,0.00003405,0.00003716,-0.00025264,0.0014239
6,-0.00006483,-0.00017827,-0.00001873,0.00022804,0.00013979,-0.00011950,-0.00028
747,-0.00022306,0.00023439,0.00022537,-0.00002726,0.00002814,0.00009694,-0.00010
423,0.00005659,-0.00004037,-0.00019519,0.00008565,-0.00005033,0.00003436,0.00009
329,0.00005026,-0.00005275,0.00005520,0.00001627,-0.00006222,0.00005408,0.000001
16,0.00005236,-0.00000200,-0.00018310,0.00005761,-0.00008502,-0.00006146,0.00031
899,0.00015542,0.00011289,-0.00002134,0.00001152,0.00037147,0.00001553,0.0000659
2,0.00006925,-0.00088778,-0.00026204,0.00007446,0.00020420,-0.00016147,-0.000073
26,0.00000467,0.00000603,0.00008315,-0.00016389,0.00006986,-0.00009786,0.0001662
6,-0.00003025,0.00004507,-0.00000563,-0.00002817,0.00003446,0.00018352,0.0001275
0,0.00002855,0.00000097,0.00000633,0.00104180,0.00163914,-0.00070801,-0.00007145
,-0.00003338,-0.00001689,0.00002625,-0.00006830,-0.00000668,-0.00942550,-0.01743
590,-0.02644898,-0.04744612,-0.10516593,-0.14245895,-0.00180689,0.00294241,-0.00
683771,-0.00065187,-0.00773679,-0.00363950,0.05782402,0.12514789,0.17336269,-0.0
0028492,-0.00004668,-0.00003765,-0.00190809,-0.00005348,0.00015981,0.00217245,0.
00003644,-0.00039102,0.00070399,0.00002563,-0.00076428,0.00000175,0.00002389,0.0
0001307,0.00000956,0.00003638,-0.00000433,-0.00000220,-0.00033226,-0.00006287,0.
00010571,0.00032895,-0.00009854,0.00020392,-0.00016272,-0.00018262,0.00019595,0.
00017633,-0.00001342,-0.00013665,-0.00011624,0.00005400,-0.00000043,-0.00005259,
0.00002458,-0.00003964,0.00002600,-0.00002079,-0.00004377,-0.00005845,-0.0000937
8,-0.00002365,0.00000402,0.00001077,-0.00000983,0.00001758,-0.00001129,0.0000111
7,-0.00000141,0.,0.,0.00008118,-0.00004892,-0.00005529,-0.00007129,0.00020405,0.
00029344,-0.00000238,0.00023754,-0.00044901,0.00036228,-0.00006541,0.00001073,0.
00001821,0.00014952,-0.00010372,0.00007165,0.00005863,0.00002218,0.00005480,0.00
000151,-0.00002952,0.00000336,-0.00004320,0.00004367,0.00000846,-0.00005512,0.00
002983,0.00002974,0.00000113,-0.00005619,-0.00018151,0.00010937,-0.00000583,-0.0
0003073,0.00002290,0.00002175,0.00015067,0.00022068,0.00048182,0.00019704,-0.000
31388,-0.00000099,0.00000531,-0.00000730,0.00475094,0.00078180,-0.00025103,-0.21
213093,-0.08731812,0.06939412,0.00049200,0.00077456,-0.00020446,-0.02367519,-0.0
0712172,0.00787179,-0.01016836,-0.00655983,0.00180681,0.23961089,0.00067203,0.00
070517,-0.00031725,0.00242137,0.00051680,-0.00021254,0.00008238,-0.00107550,0.00
173004,-0.00018732,-0.00128929,0.00396297,0.00001365,0.00006253,-0.00002800,0.00
010320,0.00005070,0.00001811,-0.00046149,-0.00042211,-0.00015629,-0.00000707,-0.
00019186,0.00008713,-0.00081641,-0.00048833,0.00044173,-0.00072023,-0.00057179,0
.00026291,0.00012982,0.00020434,-0.00000043,0.00005483,-0.00002181,-0.00013015,0
.00000979,0.00000548,-0.00008240,0.00014238,0.00003254,0.00016014,-0.00002524,0.
00000829,-0.00002274,0.00003525,0.00001408,-0.00000794,0.00007963,0.00005292,-0.
00002927,-0.00032241,-0.00044286,0.00001433,-0.00014772,-0.00020539,-0.00024686,
-0.00038749,0.00003697,-0.00025033,-0.00119583,0.00021526,-0.00060103,0.00003000
,-0.00015225,0.00024415,-0.00006168,0.00001343,0.00008135,0.00006313,0.00018042,
-0.00001849,-0.00004700,0.00001830,0.00000051,-0.00000177,-0.00006096,0.00019338
,0.00005726,-0.00006691,0.00001322,0.00000945,-0.00008526,0.00002794,-0.00005870
,0.00003873,-0.00004638,0.00024633,0.00033295,0.00028771,-0.00018901,-0.00024068
,0.00015533,0.00000095,0.00004869,-0.00000400,-0.01183732,-0.01010870,0.00955826
,-0.08393319,-0.08433649,0.03194592,0.00001142,0.00050187,-0.00051506,0.01878887
,0.00795165,-0.00716502,-0.02164842,-0.01154699,0.00485330,0.09917598,0.10005110
,-0.00053710,-0.00068264,0.00019310,-0.00058435,0.00002344,0.00060673,-0.0001851
4,0.00103038,-0.00017469,-0.00025545,0.00188139,-0.00491678,0.00000230,-0.000023
75,-0.00000572,0.00002129,0.00003619,-0.00004206,-0.00022335,-0.00004207,0.00021
754,0.00012369,0.00019808,-0.00000580,0.00023149,0.00012167,-0.00038970,0.001044
65,0.00105157,-0.00036487,-0.00012059,-0.00021541,-0.00000683,0.00002023,0.00002
127,0.00008596,-0.00001197,0.00002496,0.00005945,-0.00019643,0.00019315,-0.00022
609,0.00002768,-0.00001821,0.00002173,-0.00003709,-0.00001537,0.00001812,-0.0000
4297,-0.00002603,-0.00000094,0.00026747,0.00042683,0.00001152,0.00014778,0.00013
116,0.00016149,0.00000873,0.00009318,-0.00002126,0.00012300,-0.00042132,-0.00052
320,0.00017110,-0.00005654,-0.00017154,-0.00003698,0.00008166,-0.00003201,-0.000
00336,-0.00004165,-0.00003539,0.00005304,-0.00003792,0.00002411,-0.00003454,0.00
000934,-0.00018081,0.00002562,-0.00000860,-0.00000006,-0.00005387,-0.00008233,-0
.00014145,0.00006737,-0.00002992,-0.00001139,-0.00040368,-0.00029683,0.00003635,
0.00029473,0.00014808,0.00005921,0.00000788,-0.00002723,-0.00001168,0.02139785,0
.01677952,-0.01521741,0.06570979,0.03153502,-0.06962940,0.00067443,0.00090030,0.
00012419,0.00696879,0.00106362,-0.00062334,-0.01672503,-0.00930775,0.00630891,-0
.07739816,-0.04373391,0.08543774,0.00069199,-0.00005562,0.00010435,0.00059733,0.
00017753,-0.00024929,-0.00031214,0.00079638,0.00041549,0.00250495,-0.00130163,-0
.00116812,0.00000367,-0.00000930,-0.00001472,0.00002341,0.00002171,-0.00000147,-
0.00004906,0.00005088,-0.00004799,0.00036349,-0.00051392,-0.00001820,-0.00021174
,-0.00017248,0.00022108,-0.00015525,0.00003233,-0.00007873,0.00003195,0.00013426
,0.00000577,0.00006992,-0.00014357,0.00001849,-0.00008269,-0.00005566,0.00000671
,-0.00004247,-0.00005151,0.00005031,0.00004243,-0.00001898,0.00004800,0.00001808
,0.00000935,0.00005493,0.00002398,0.00003965,0.00005074,-0.00009175,-0.00024840,
-0.00014020,-0.00015796,0.00008851,-0.00003844,0.00004340,0.00009256,-0.00010210
,-0.00031559,-0.00016406,0.00025792,-0.00014095,0.00001877,0.00001149,0.00000591
,0.00001370,-0.00002118,0.00002054,0.00000085,0.00001066,-0.00007142,-0.00008545
,-0.00000009,0.00001093,0.00002519,0.00014969,0.00006231,-0.00001775,-0.00005999
,-0.00017959,0.00015626,0.00004033,-0.00002953,-0.00001831,0.00001472,0.00000371
,-0.00013251,-0.00017805,0.00042037,0.00058639,-0.00005219,0.00001798,-0.0000338
8,-0.00001223,0.00004570,0.00967212,0.00813254,0.00116967,-0.00121046,-0.0007199
3,-0.18979840,0.08718495,0.00318152,0.00044102,-0.00018705,0.00089524,-0.0000007
0,-0.00035946,-0.00018704,-0.00038423,0.00016179,-0.00004765,0.21973320,-0.00044
363,0.00025016,0.00013337,-0.00015979,-0.00021207,0.00007546,-0.00015385,-0.0010
0999,-0.00181406,0.00294370,0.00089091,-0.00091651,0.00000332,0.00001413,0.00002
528,0.00000236,-0.00001493,-0.00000921,0.00001613,-0.00002835,0.00007511,-0.0002
5120,0.00044424,-0.00000087,0.00008231,0.00010238,-0.00009101,-0.00006556,-0.000
13315,0.00026569,-0.00006926,-0.00006588,0.00002808,-0.00007522,0.00011655,-0.00
002711,0.00007340,0.00003286,-0.00001325,-0.00005433,-0.00003521,-0.00009464,-0.
00003872,0.00003868,-0.00003433,-0.00002371,0.00002258,-0.00003015,-0.00001254,-
0.00003639,-0.00004425,0.00006982,-0.00005006,0.00007122,0.00021408,-0.00002620,
0.00006215,-0.00000751,-0.00011475,0.00005928,0.00007543,0.00011026,0.00007827,0
.00011505,-0.00013534,-0.00012760,0.00005069,0.00001602,0.00002892,0.00000867,-0
.00004683,-0.00008461,-0.00002751,0.00003537,0.00002307,-0.00007331,0.00008987,-
0.00008135,-0.00004828,0.00001759,0.00003764,0.00032245,-0.00005237,0.00026712,0
.00000824,0.00003126,-0.00002095,0.00015937,0.00048081,0.00025963,-0.00155793,-0
.00019793,0.00040217,-0.00000927,0.00001352,0.00001264,0.01970169,-0.02927622,-0
.01529536,-0.00030416,0.00089083,0.00148509,0.09040337,-0.09955769,-0.00031040,-
0.00044594,0.00057255,-0.00046337,0.00008941,0.00021157,0.00051494,-0.00017080,-
0.00014484,0.00000057,-0.11222853,0.12611201,0.00006839,0.00001917,-0.00010875,-
0.00005451,-0.00007728,0.00005114,-0.00048845,-0.00087929,-0.00075386,0.00036509
,0.00078421,0.00018891,0.00000241,0.00001308,0.00000608,0.00002685,-0.00000236,0
.00000789,0.00000486,-0.00004953,0.00003820,-0.00002604,0.00023616,-0.00005253,0
.00003303,0.00004304,-0.00000590,-0.00030521,-0.00001523,-0.00005584,-0.00008694
,-0.00003044,0.00005354,0.00009741,0.00006590,0.00005114,-0.00004071,0.00002265,
0.00002384,-0.00006628,-0.00001671,0.00001420,0.00002122,-0.00001145,0.00000131,
0.00001330,0.00000861,-0.00000166,0.00001332,0.00000282,0.00000059,0.00004591,-0
.00003612,-0.00003407,-0.00023178,0.00076157,0.00015277,0.00001215,-0.00007628,0
.00000794,-0.00007218,0.00009100,0.00001096,-0.00003189,-0.00005300,-0.00004290,
-0.00000095,0.00002261,-0.00000830,0.00000192,0.00000585,0.00001117,0.00000315,-
0.00001236,-0.00002498,-0.00001167,0.00000280,0.00001798,-0.00001428,0.00001234,
0.00000883,0.00029561,0.00007855,0.00027417,-0.00000294,0.00002106,-0.00001461,0
.00025520,0.00026900,0.00003481,-0.00013373,0.00020072,0.00040564,0.00000004,0.0
0000382,-0.00001053,0.01754632,-0.02052669,-0.01024486,0.00264299,-0.00326167,0.
00147453,0.00597463,-0.00201776,-0.04505823,-0.00098368,0.00066037,-0.00047112,0
.00005344,0.00018527,0.00040480,-0.00014195,0.00012421,-0.00003219,-0.01029146,0
.01199557,0.05323375,-0.00013111,0.00015755,0.00023364,0.00042685,0.00017670,0.0
0014765,0.00197721,-0.00103746,0.00014900,0.00022676,-0.00155362,-0.00124355,0.0
0000168,0.00001328,-0.00000967,0.00000296,0.00000196,0.00001089,0.00002310,-0.00
001670,-0.00004372,0.00021378,0.00045500,-0.00001469,-0.00016562,-0.00012346,-0.
00005033,-0.00009878,-0.00006765,-0.00004681,-0.00021087,-0.00007653,-0.00000810
,0.00003849,0.00002490,0.00002809,-0.00002879,0.00007927,-0.00000402,0.00002400,
0.00001984,-0.00001224,-0.00001462,0.00003574,-0.00000107,-0.00000307,0.00000912
,-0.00000620,0.00002000,0.00001739,-0.00000719,-0.00018165,0.00030658,0.00007986
,-0.00006236,-0.00027511,-0.00010977,0.00000067,0.00008222,-0.00004495,-0.000365
31,0.00006605,0.00001569,-0.00000937,0.00010224,0.00008505,-0.00006979,-0.000039
12,0.00004436,-0.00006550,0.00003503,-0.00001034,0.00001703,-0.00006804,-0.00006
172,0.00008775,0.00000422,-0.00003955,-0.00002758,-0.00000608,-0.00000364,-0.000
13093,-0.00053565,-0.00013242,-0.00001001,-0.00003998,-0.00000257,0.00002631,-0.
00025033,0.00008716,0.00059359,0.00005771,-0.00029932,-0.00000386,0.00000357,-0.
00003002,-0.00366963,-0.00543475,-0.00060981,0.00035834,0.00027494,0.00015350,-0
.17885698,-0.10527422,0.04536271,-0.00057423,-0.00001325,0.00011159,0.00009579,0
.00025396,0.00023779,0.00035197,-0.00002787,-0.00035680,-0.02630464,-0.01330219,
0.00889210,0.20635457,0.00094628,0.00076938,-0.00010579,0.00077067,-0.00000209,-
0.00059181,0.00048562,-0.00331887,-0.00050026,-0.00162277,-0.00341137,-0.0043246
6,0.00000817,0.00004047,-0.00000772,0.00009706,0.00000839,0.00003660,-0.00002621
,-0.00004418,0.00001976,-0.00006544,-0.00029998,-0.00001299,-0.00024380,-0.00010
435,0.00024549,-0.00023747,0.00010946,-0.00023752,0.00017628,0.00034257,-0.00004
420,0.00006455,-0.00003470,-0.00013138,0.00002097,0.00014250,-0.00007101,0.00012
711,0.00014257,0.00009742,-0.00003418,-0.00000138,-0.00003565,0.00003422,0.00005
151,-0.00002174,0.00009521,0.00006372,-0.00003030,-0.00055126,-0.00054744,0.0000
0751,-0.00013768,-0.00001086,-0.00015588,0.00006134,-0.00011906,-0.00008432,-0.0
0025665,0.00049259,0.00015503,-0.00013040,-0.00003685,0.00014164,0.00002240,-0.0
0004964,0.00001078,-0.00002492,0.00009141,0.00003274,-0.00001925,-0.00004782,0.0
0000875,-0.00001491,0.00008364,0.00027316,-0.00005556,-0.00002011,0.00002523,0.0
0006521,-0.00011762,0.00006111,-0.00009245,0.00005574,0.00000955,-0.00117112,-0.
00099235,0.00033269,0.00050816,0.00006451,-0.00023887,-0.00000398,0.00003778,0.0
0000484,-0.01885317,-0.01886662,0.00276232,0.00025144,0.00059333,0.00087363,-0.1
0454072,-0.12154333,0.03602019,0.00016206,-0.00007685,-0.00009034,0.00020388,0.0
0007296,0.00034694,0.00002921,0.00025975,-0.00042319,0.01209704,0.00898758,-0.00
340651,0.12321900,0.14580422,0.00022632,0.00009552,-0.00028356,0.00047621,-0.000
27482,0.00014774,-0.00058712,0.00059287,0.00076025,-0.00139603,-0.00302303,-0.00
265286,0.00000301,0.00001622,-0.00000998,0.00003564,-0.00000198,0.00000125,-0.00
002604,-0.00003585,0.00000743,-0.00009865,0.00000223,0.00003386,-0.00015603,0.00
010614,-0.00002734,0.00004286,-0.00010610,0.00011635,0.00001812,-0.00003363,0.00
000916,0.00001320,-0.00000558,-0.00002895,0.00000099,-0.00004878,0.00001108,-0.0
0002835,-0.00007870,0.00004272,0.00000103,0.00000228,-0.00000300,-0.00000526,-0.
00000474,-0.00000660,-0.00000296,0.00001412,-0.00001878,0.00004922,-0.00017198,-
0.00001571,0.00003294,-0.00007174,0.00020791,-0.00011579,0.00001276,-0.00000335,
-0.00022720,0.00034354,-0.00019062,-0.00002998,-0.00008708,-0.00001371,0.0000194
5,-0.00008122,-0.00004289,0.00002755,0.00006879,0.00002488,-0.00000886,0.0000536
5,0.00002230,-0.00004382,-0.00004167,0.00005948,0.00001367,-0.00000365,0.0000062
9,-0.00000779,0.00012576,-0.00012640,-0.00001583,-0.00001169,-0.00003900,-0.0010
3381,-0.00087179,0.00026663,-0.00005514,0.00018831,-0.00013009,0.00000344,0.0000
1725,0.00001070,-0.01623612,-0.01435154,0.00335111,-0.00093392,-0.00106815,0.000
83700,0.04960838,0.03895399,-0.05943563,-0.00016171,0.00003534,-0.00020069,0.000
14280,0.00008808,0.00021246,-0.00000050,-0.00040111,-0.00081232,0.00126696,0.000
98770,0.00071350,-0.05187149,-0.03820050,0.06589828,-0.00068409,-0.00021277,-0.0
0004526,0.00012284,-0.00005101,0.00014604,-0.00048187,0.00145809,0.00136435,0.00
015115,0.00005406,-0.00070865,0.00000700,-0.00000039,-0.00000708,-0.00002296,-0.
00001883,-0.00003653,-0.00001552,0.00003299,-0.00002137,0.00002263,0.00036040,0.
00008693,-0.00000567,0.00002393,-0.00007606,0.00038231,-0.00024805,0.00021641,-0
.00016713,-0.00017114,-0.00004067,0.00001134,0.00020418,0.00002843,0.00005986,0.
00003671,0.00004289,-0.00008877,-0.00010388,-0.00008034,-0.00002782,0.00007081,-
0.00001266,-0.00004066,-0.00000372,-0.00001223,-0.00006065,-0.00002469,-0.000010
56,0.00020032,0.00018528,0.00010946,0.00035829,0.00052247,-0.00024459,-0.0000729
3,0.00000862,0.00005493,-0.00006729,-0.00011021,-0.00014578,0.00011352,0.0000063
8,0.00001270,-0.00001184,-0.00007562,0.00005015,0.00001042,0.00001669,-0.0000142
0,-0.00003990,0.00004572,0.00004534,0.00001747,-0.00000547,-0.00008896,-0.000006
11,-0.00002213,-0.00001524,-0.00009519,-0.00010887,-0.00018874,0.00002747,-0.000
01101,-0.00003093,-0.00002510,0.00019981,0.00008374,-0.00065347,0.00016441,-0.00
041809,-0.00000833,-0.00000176,-0.00000181,-0.00078288,0.00039487,-0.00401868,0.
00054323,-0.00066483,-0.00126872,-0.05017456,0.01502123,-0.03338748,0.00011479,-
0.00025279,0.00016101,0.00031109,0.00005173,-0.00029407,0.00007029,-0.00000681,-
0.00012048,-0.00755862,0.01522070,-0.02349586,0.00371806,-0.01158213,0.02122429,
0.05564405,0.00019394,0.00078362,0.00017368,0.00013309,-0.00002015,0.00002082,0.
00060179,-0.00016824,-0.00106233,-0.00010969,0.00069207,-0.00049763,0.00000430,0
.00005421,0.00003623,0.00008094,0.00003066,0.00005584,-0.00002705,-0.00002347,0.
00009773,0.00013688,-0.00007437,-0.00009437,-0.00008341,-0.00004422,0.00006661,-
0.00050401,-0.00033977,-0.00051272,-0.00020415,0.00000258,0.00006450,0.00007289,
-0.00037043,0.00009219,0.00003665,-0.00014601,-0.00007097,-0.00022394,-0.0002086
9,-0.00007576,0.00001895,-0.00004904,-0.00003647,0.00002034,0.00006016,-0.000053
59,0.00004958,0.00001886,-0.00005419,0.00020706,-0.00010383,-0.00012579,0.000580
59,-0.00156851,0.00064273,-0.00004292,0.00006333,-0.00001687,-0.00010109,0.00003
502,0.00017137,-0.00006780,-0.00009781,0.00007345,0.00004372,0.00009100,0.000006
10,-0.00007016,0.00004086,0.00003662,0.00007525,0.00003088,0.00000993,-0.0000430
0,-0.00000154,-0.00000766,-0.00001516,0.00004716,0.00005336,-0.00004553,0.000088
21,-0.00005073,-0.00002589,-0.00002570,-0.00000141,0.00019164,0.00004112,-0.0000
5960,-0.00013695,-0.00009499,-0.00012692,0.00001084,0.00005005,0.00006289,-0.003
46802,0.00727787,-0.02033774,-0.00117656,-0.00207247,-0.00298963,0.01732882,-0.0
8821441,0.09595101,-0.00024364,0.00008532,0.00007262,-0.00039105,0.00058041,-0.0
0139634,0.00003912,-0.00002746,-0.00005143,0.00526746,-0.00832780,0.01483383,0.0
0223540,-0.00898524,0.01688834,-0.02028334,0.10075540,0.00042128,0.00100043,-0.0
0030460,0.00003091,0.00011140,-0.00027383,0.00187444,-0.00048905,-0.00248907,0.0
0027742,0.00064256,0.00065631,0.00001859,0.00003213,0.00002950,0.00003256,0.0000
0275,0.00000206,-0.00002302,0.00007494,0.00005884,0.00008775,-0.00004624,-0.0000
3821,-0.00000818,-0.00012443,0.00013858,-0.00030419,-0.00022252,0.00001250,-0.00
002584,0.00021887,-0.00006204,0.00005726,-0.00033150,-0.00008105,-0.00005284,0.0
0002992,-0.00002213,-0.00008143,-0.00028349,-0.00008988,-0.00001979,0.00001674,-
0.00004371,0.00002265,0.00008167,-0.00002457,0.00004087,0.00001619,-0.00000943,-
0.00020935,-0.00061527,-0.00014095,0.00002357,0.00065845,0.00080612,0.00006102,-
0.00003876,-0.00003568,0.00002964,-0.00038213,0.00038191,-0.00010699,-0.00010814
,0.00026272,0.00016396,-0.00001311,0.00009187,0.00008427,0.00020922,0.00015724,-
0.00008004,0.00013582,0.00005771,-0.00009516,-0.00005489,0.00034113,-0.00010002,
-0.00002430,0.00003271,-0.00003628,-0.00015816,-0.00006551,-0.00007083,0.0000130
6,0.00002898,0.00019170,0.00038395,0.00008999,-0.00024231,0.00005956,-0.00005859
,-0.00001973,0.00005554,0.00003337,-0.00417887,0.00611864,-0.02631532,-0.0012964
6,-0.00442400,-0.00468993,-0.03557929,0.08992692,-0.22426913,0.00043991,-0.00059
189,0.00043859,-0.00037300,0.00054387,-0.00160398,-0.00020148,-0.00009100,0.0003
2299,-0.00167963,0.00269212,-0.00032064,-0.00006597,0.00668221,-0.00876102,0.041
13269,-0.10180800,0.26549975,0.00043911,0.00061169,-0.00011368,-0.00156087,-0.00
597932,-0.01314386,-0.00229370,-0.00069687,-0.00018792,-0.00006209,-0.00005167,-
0.00000385,0.00001723,0.00000359,-0.00003017,0.00001841,0.00000256,-0.00001741,-
0.00000793,-0.00002563,-0.00001912,-0.00154421,-0.00031491,-0.00146554,-0.001720
78,-0.00014410,0.00107081,0.00000676,0.00004692,-0.00011328,-0.00106232,-0.00137
432,0.00112916,0.00002985,-0.00005781,-0.00001118,0.00011836,0.00007933,0.000024
98,0.00003032,0.00001009,-0.00001317,0.00004609,0.00000380,-0.00005419,0.0000352
6,0.00004191,0.00000675,0.00000882,0.00002798,0.00002071,0.00032722,-0.00094895,
0.00013002,0.00004837,-0.00011128,-0.00027166,-0.06065413,-0.01325752,-0.0159442
0,-0.00213105,0.00197995,0.00032169,-0.00004924,0.00010605,0.00013750,-0.0000314
5,-0.00000336,0.00004149,0.00008102,-0.00000925,0.00001720,-0.00003084,0.0000420
4,0.00002587,0.00002178,-0.00008125,0.00022626,0.00002536,-0.00003540,0.00001641
,-0.00751332,-0.01948004,-0.00801209,0.00253959,0.01500936,0.01659236,0.00001809
,0.00000713,0.00002623,0.00005365,-0.00002870,-0.00003643,0.00002861,0.00006326,
0.00000348,-0.00004110,-0.00007162,0.00005653,-0.00005242,0.00002979,-0.00004633
,-0.00019047,0.00016520,0.00007772,0.00005686,-0.00005037,-0.00001767,0.00002944
,0.00002381,0.00003032,-0.00005855,0.00002598,-0.00008573,0.00001290,-0.00006525
,-0.00000771,-0.00018204,0.00016924,0.00001155,-0.00002039,0.00002276,0.00002666
,0.48249391,-0.00003694,-0.00024163,-0.00004741,-0.00459944,0.01345321,-0.003686
88,-0.00152932,0.00105461,0.00080822,0.00001901,-0.00006129,0.00002498,0.0000148
4,-0.00000988,-0.00002726,0.00002500,-0.00000643,-0.00001940,-0.00004727,-0.0000
1822,-0.00000289,-0.00408639,-0.00137305,-0.00184940,-0.00169587,-0.00454832,0.0
0211100,0.00009137,0.00009753,-0.00008754,0.00087554,-0.00085302,0.00127137,0.00
002632,0.00010803,-0.00002015,0.00008304,0.00008420,0.00000873,0.00007555,0.0001
2016,0.00004000,-0.00000867,-0.00004392,-0.00001663,0.00001430,-0.00000438,-0.00
000228,-0.00000157,0.00000948,0.00000818,-0.00024898,-0.00007446,0.00003835,-0.0
0002786,-0.00015629,-0.00036615,-0.00618127,-0.09239528,-0.03883474,0.00611158,-
0.00219699,0.00016199,-0.00001989,0.00006422,-0.00008828,-0.00002924,0.00004242,
-0.00000316,0.00003146,-0.00006418,0.00000494,-0.00004607,-0.00007541,0.00004407
,-0.00000737,0.00006600,-0.00001766,-0.00001379,-0.00006588,0.00000665,-0.012986
75,-0.02644361,-0.00789295,-0.00000832,-0.01276602,-0.01460907,-0.00003511,-0.00
001231,-0.00000288,0.00002880,-0.00002311,-0.00000044,-0.00000752,0.00001454,0.0
0000706,0.00035261,-0.00026334,0.00019921,0.00011352,-0.00005380,-0.00003334,-0.
00015809,0.00011413,-0.00000438,0.00004812,-0.00004460,0.00000469,-0.00005565,-0
.00003154,-0.00003929,-0.00006009,0.00009906,0.00004627,-0.00002069,-0.00002493,
-0.00005106,0.00012922,-0.00019171,0.00014019,0.00010686,0.00008156,-0.00007962,
-0.00211996,0.47499139,-0.00015113,-0.00007152,-0.00011767,-0.00982482,-0.010101
58,-0.02033014,-0.00115740,0.00038607,0.00197131,-0.00006740,-0.00009730,0.00001
958,0.00000295,-0.00000473,-0.00004224,0.00001729,-0.00001514,-0.00002898,-0.000
03005,-0.00001967,-0.00002306,0.00147314,-0.00013632,0.00058750,0.00046501,0.001
89080,0.00169660,0.00010438,0.00006461,-0.00000195,0.00065558,0.00184614,-0.0011
1221,0.00012809,0.00023130,-0.00013019,0.00014003,0.00012586,0.00004424,0.000013
25,0.00008584,-0.00002338,-0.00000123,0.00007345,-0.00000012,0.00000755,0.000009
50,0.00001614,-0.00002367,0.00000628,0.00001364,-0.00016114,-0.00029290,0.000121
80,-0.00012175,-0.00026798,-0.00066713,-0.01010379,-0.05010251,-0.10818988,0.000
76947,0.00249181,-0.00042154,-0.00000208,0.00008052,-0.00002287,-0.00007166,0.00
002331,0.00002706,0.00000442,-0.00006115,-0.00001483,-0.00000392,-0.00003705,0.0
0006277,0.00010438,0.00007483,0.00006377,0.00000139,-0.00002754,-0.00002570,-0.0
0162037,0.00271685,0.00872007,0.00016604,-0.01028078,-0.00989546,-0.00001455,-0.
00001139,-0.00001029,0.00004314,-0.00000840,-0.00001319,-0.00001008,0.00001175,-
0.00000838,0.00033086,-0.00031942,0.00001159,-0.00002463,-0.00003033,-0.00003314
,-0.00007901,0.00003874,0.00017172,0.00005475,-0.00002796,0.00000235,-0.00002704
,-0.00001775,-0.00002334,-0.00001700,0.00005547,0.00000431,-0.00000085,-0.000035
57,-0.00002203,0.00028360,0.00007661,-0.00002800,0.00001194,-0.00002865,0.000004
82,-0.01342862,-0.01444113,0.46714283,-0.00008255,-0.00001965,0.00016475,-0.0006
1377,-0.00122103,-0.00001295,-0.00250998,-0.00183423,-0.00429013,0.00008679,-0.0
0009384,-0.00015141,0.00001791,0.00002233,0.00001978,0.00005418,0.00001572,0.000
03229,0.00001437,-0.00005951,0.00012998,-0.00028732,0.00065376,-0.00038253,0.000
52488,0.00064509,-0.00022481,-0.00016134,-0.00020322,-0.00013381,-0.00019498,-0.
00016807,0.00017166,-0.00018605,-0.00017154,-0.00011769,-0.00002215,-0.00004250,
-0.00010984,0.00005976,-0.00004300,-0.00003788,-0.00004142,-0.00006247,-0.000065
02,0.00001989,0.00004256,-0.00002269,0.00006600,0.00001300,0.,-0.00000573,-0.000
40653,-0.00009576,0.00032758,0.00040372,0.00065194,0.00378435,0.00087226,0.00109
911,0.00049501,0.00008620,-0.00022022,0.00000218,-0.00017726,0.00002750,0.000179
52,0.00004340,0.00007401,0.00007964,0.00013041,0.00003720,-0.00003917,0.00020491
,0.00006960,-0.00018633,-0.00001803,0.00006194,-0.00006724,0.00003889,0.00009201
,0.00045516,-0.00080916,0.00089764,0.00023076,-0.00090927,-0.00117099,0.00002262
,-0.00007591,0.00006703,0.00000378,-0.00003596,-0.00000276,-0.00002219,0.0000645
1,0.00003015,-0.00024396,-0.00002539,-0.00004454,0.00007785,-0.00001466,0.000107
11,0.00068672,0.00040285,-0.00015566,0.00000748,-0.00001198,-0.00001795,0.000018
09,0.00001623,0.00000652,-0.00004102,-0.00006511,0.00004009,-0.00005738,-0.00022
467,0.00009758,-0.00054290,-0.00021357,0.00012132,-0.00006812,-0.00004636,0.0000
8402,-0.13930612,0.05028646,0.02262712,0.44281970,-0.00047658,-0.00015717,0.0002
0607,-0.00019058,0.00035408,0.00072346,-0.00257997,-0.00313426,-0.00568927,-0.00
017463,-0.00013518,0.00007607,-0.00000164,0.00001147,-0.00000158,0.00004304,0.00
001221,0.00001409,0.00005254,-0.00003272,0.00010680,0.00027587,-0.00056702,-0.00
020908,0.00018077,-0.00010913,-0.00010843,-0.00018948,-0.00034222,-0.00005668,-0
.00006262,0.00028188,-0.00003847,-0.00014841,-0.00014416,-0.00012029,0.00003287,
0.00001696,-0.00007107,0.00002148,-0.00004577,-0.00010142,-0.00002755,-0.0000523
5,-0.00006164,0.00000178,0.00004652,-0.00000611,0.00004459,0.00001625,-0.0000010
4,0.00020424,-0.00011109,-0.00002301,0.00007901,0.00026980,0.00109759,0.01453864
,-0.01485323,-0.01086485,0.00051088,-0.00043649,-0.00085438,0.00003627,-0.000079
03,0.00006272,0.00009902,0.00009356,0.00013049,0.00004719,0.00008495,0.00006577,
0.00002573,0.00023183,0.00005462,-0.00008069,-0.00008351,-0.00002621,-0.00006806
,0.00005389,0.00006605,0.00075471,-0.00009056,0.00046202,-0.00041144,-0.00292566
,-0.00293502,0.00014475,-0.00004393,0.00000709,-0.00002400,0.00000113,-0.0000128
4,-0.00000570,0.00005996,0.00000493,-0.00020147,0.00016874,-0.00008638,-0.000028
71,0.00013131,-0.00010410,0.00057254,-0.00056276,0.00001350,-0.00002673,-0.00001
218,0.00001163,0.00007415,-0.00000641,0.00009279,0.00007213,-0.00006269,-0.00000
006,0.00025281,0.00006793,0.00010795,0.00030073,0.00034684,-0.00042909,-0.000190
04,-0.00022959,0.00034925,0.05334081,-0.09925465,-0.01656663,0.02488216,0.487006
90,-0.00058773,-0.00050164,-0.00027886,0.00006983,-0.00129099,0.00016117,-0.0010
0459,-0.00194270,0.00040930,0.00003942,-0.00004440,0.00004653,-0.00000589,0.0000
0527,-0.00000659,0.00001112,-0.00000402,0.00001050,-0.00001402,-0.00006087,-0.00
000090,-0.00037803,0.00016209,-0.00008029,0.00008424,0.00013410,-0.00021611,0.00
017456,0.00001708,0.00008701,0.00015442,-0.00009935,0.00003251,-0.00007429,0.000
20673,-0.00002855,0.00008882,0.00003303,-0.00002053,0.00002459,0.00011592,-0.000
03500,-0.00002052,-0.00004578,-0.00003918,-0.00000714,-0.00002618,-0.00003976,-0
.00000727,-0.00002010,-0.00004494,0.00002724,0.00047566,0.00008705,-0.00045042,-
0.00056018,0.00068487,0.01431228,-0.01460123,-0.00954797,0.00085846,0.00009948,-
0.00122296,0.00006327,-0.00000643,-0.00011171,-0.00007712,0.00004551,0.00002749,
-0.00003765,-0.00005469,0.00003575,0.00010100,0.00000121,-0.00001137,0.00003703,
-0.00014152,-0.00029722,-0.00001366,-0.00000516,0.00003039,0.00102840,-0.0004421
7,-0.00011041,-0.00029460,-0.00355042,-0.00280007,0.00001869,-0.00003251,-0.0000
0712,-0.00003642,0.00000729,0.00001483,-0.00000458,0.00002402,0.00001702,-0.0002
6637,0.00019977,0.00001506,0.00004912,-0.00001568,0.00014202,-0.00011750,0.00003
282,-0.00029955,-0.00006075,0.00004943,-0.00003039,0.00000513,0.00000816,0.00001
852,0.00000337,-0.00002281,-0.00010054,-0.00010343,0.00002008,0.00002726,-0.0008
1264,-0.00011875,0.00017169,-0.00001490,0.00002670,-0.00018435,0.02564463,-0.017
10181,-0.07197877,0.02370498,-0.00680945,0.50883188,0.00018498,0.00009741,0.0000
0060,0.00017655,-0.00181180,-0.00027412,-0.00030304,0.00012500,-0.00069736,0.000
01991,0.00000286,-0.00000041,-0.00000051,-0.00000170,0.00000581,0.00000598,0.000
00747,0.00000845,0.00001887,0.00002249,0.00002138,0.00067489,0.00005426,-0.00055
980,0.00025898,0.00076946,-0.00027932,-0.00005845,-0.00007554,-0.00004625,-0.000
18440,-0.00003467,0.00024142,-0.00006247,-0.00010644,-0.00001079,-0.00005312,-0.
00007263,-0.00002096,-0.00001012,-0.00001750,-0.00000501,-0.00004121,-0.00009066
,-0.00001306,-0.00000864,-0.00000152,0.00001015,0.00001828,0.00000105,0.00001645
,-0.00000924,0.00003782,-0.00012940,0.00000083,0.00021148,0.00022142,-0.00444202
,0.00097589,-0.01151816,-0.00052450,0.00019786,0.00003764,-0.00004277,-0.0000376
7,0.00008362,0.00007531,-0.00000281,0.00001859,0.00002756,0.00006447,0.00002164,
-0.00003100,0.00008083,-0.00000608,-0.00004458,-0.00005937,0.00004617,-0.0000154
6,0.00001272,-0.00000093,-0.00025388,-0.00001175,-0.00105625,0.00035968,0.000127
82,0.00077818,0.00001248,-0.00002077,-0.00000181,0.00000179,-0.00001292,-0.00000
269,-0.00000536,-0.00000237,-0.00001208,0.00001029,-0.00000196,-0.00002101,0.000
00395,0.00000372,-0.00000661,-0.00000738,0.00002543,0.00001060,0.00001308,-0.000
01163,0.00000485,-0.00000922,-0.00001050,-0.00000347,0.00001978,-0.00001018,0.00
004299,0.00001401,-0.00003577,0.00000069,0.00008575,-0.00003599,-0.00000830,-0.0
0002729,0.00001052,-0.00001864,-0.07681984,0.02105369,-0.03220478,-0.01448951,0.
01626934,-0.01773315,0.51505190,0.00017618,0.00008679,0.00007323,0.00065797,-0.0
0368139,-0.00025190,0.00005558,-0.00023366,-0.00085135,0.00000282,0.00000714,0.0
0000941,0.00000222,0.00000872,0.00000663,0.00000214,0.00000380,0.00000479,0.0000
1899,-0.00000817,0.00002609,0.00012450,0.00066629,-0.00053590,0.00050701,0.00137
974,-0.00056567,-0.00003154,-0.00001825,0.00000295,-0.00048287,-0.00032931,0.000
12466,-0.00002600,-0.00009669,0.00004777,-0.00005969,-0.00001316,-0.00002066,-0.
00001335,-0.00003131,0.00000386,0.00001978,-0.00003653,-0.00001171,-0.00000497,0
.00000977,-0.00000529,0.00001520,0.00000512,0.00000064,0.00017448,-0.00001167,-0
.00004135,0.00001958,0.00012901,0.00020357,-0.00600159,0.00605218,-0.01543022,-0
.00172487,0.00071640,-0.00007918,-0.00001314,-0.00005328,0.00003172,0.00003490,-
0.00001265,-0.00000926,0.00000843,0.00003933,0.00000062,-0.00002642,0.00003163,-
0.00002021,-0.00003724,-0.00002544,-0.00001065,-0.00001237,0.00003079,0.00002379
,-0.00076031,-0.00002183,-0.00083934,-0.00049294,0.00041039,-0.00043487,0.000021
32,0.00000792,0.00000037,-0.00000737,0.00000770,-0.00000135,-0.00000358,0.000007
62,-0.00001184,-0.00017214,0.00011037,-0.00006080,-0.00003269,0.00001568,0.00003
077,-0.00000622,-0.00001865,-0.00004480,-0.00002011,0.00001645,0.00000002,0.0000
2593,0.00000244,0.00000782,0.00002527,-0.00004188,-0.00002849,0.00001950,0.00002
141,0.00001543,-0.00008149,0.00000850,-0.00000040,-0.00002912,0.00000207,0.00001
911,0.01981713,-0.09225106,0.04593284,0.01159688,-0.01240563,0.01392517,0.011631
73,0.50705760,-0.00011238,0.00002528,-0.00001313,0.00062960,-0.00441096,-0.00039
845,0.00000345,-0.00038684,0.00004205,-0.00002209,-0.00001600,0.00001102,-0.0000
1162,-0.00000901,-0.00000073,-0.00000845,-0.00000493,-0.00000733,0.00002482,-0.0
0000325,-0.00000167,-0.00028038,0.00066015,0.00021110,0.00035471,0.00118747,-0.0
0059116,0.00000833,-0.00002763,0.00004217,-0.00009719,-0.00004036,-0.00015828,0.
00001375,0.00008827,0.00000354,0.00003142,0.00001298,0.00001137,-0.00002564,0.00
002185,-0.00000723,-0.00000155,0.00003408,-0.00002524,-0.00000499,-0.00001033,0.
00000101,-0.00002057,-0.00001173,-0.00000085,0.00008003,-0.00005581,0.00005563,-
0.00003152,-0.00007323,-0.00002448,-0.01234528,0.00282995,-0.02733053,-0.0019571
4,0.00093157,-0.00039848,0.00001802,0.00003353,-0.00000482,-0.00003016,0.0000050
4,0.00000582,-0.00001969,-0.00004372,-0.00001181,0.00001450,-0.00000461,-0.00000
625,0.00004592,0.00000339,-0.00000292,-0.00000325,0.00003831,0.00000173,-0.00010
990,0.00047959,-0.00115105,-0.00010021,0.00074926,0.00063224,0.00000989,-0.00000
341,-0.00001064,-0.00000893,0.00000831,0.00000188,-0.00000346,0.00000746,0.00000
010,0.00000645,0.00000498,0.00001336,-0.00002693,0.00003622,-0.00001728,0.000039
29,-0.00000520,-0.00000814,-0.00001662,-0.00000256,0.00000841,0.00001269,0.00000
514,0.00001024,0.00003193,-0.00003167,-0.00002651,-0.00000575,0.00000934,0.00000
874,-0.00005992,0.00003871,-0.00003106,-0.00001945,-0.00001328,0.00002382,-0.033
11756,0.04900602,-0.13847448,-0.00040863,0.00044947,0.00192644,-0.02117256,0.033
82112,0.46898717,-0.00012109,-0.00008503,0.00004104,-0.00025524,0.00042235,-0.00
024234,-0.00031685,0.00016555,0.00001237,0.00000498,-0.00001329,-0.00000737,-0.0
0000464,-0.00000664,-0.00000780,0.00000294,-0.00000141,-0.00000402,-0.00000493,-
0.00000564,0.00000688,-0.00023979,-0.00071760,-0.00010702,-0.00061950,-0.0008518
7,-0.00073523,0.00003921,0.00002074,-0.00000553,0.00011397,-0.00002892,0.0001066
4,0.00001972,0.00004839,-0.00003144,0.00004120,0.00000719,-0.00000135,0.00000386
,0.00003409,-0.00001243,-0.00001604,-0.00000720,-0.00001267,-0.00000414,-0.00000
458,0.00000183,-0.00000414,-0.00000251,0.00000141,-0.00000145,-0.00004662,0.0000
2370,-0.00000568,-0.00005439,-0.00013113,-0.00881304,-0.01003707,0.00071973,0.00
021958,-0.00017254,-0.00001075,0.00002440,0.00003123,0.00000985,-0.00001953,0.00
002418,0.00001035,-0.00000331,-0.00002636,0.00000926,0.00001914,0.00001077,0.000
00894,0.00002632,0.00001312,0.00001675,-0.00001207,-0.00000318,0.00000838,0.0000
4868,-0.00091031,-0.00115596,0.00068738,0.00097313,0.00067416,-0.00000116,-0.000
01751,-0.00000083,0.00001078,-0.00001113,0.00000014,0.00000012,0.00000474,-0.000
00113,0.00006697,-0.00005128,0.00003666,0.00001498,-0.00000614,-0.00000353,-0.00
007187,0.00004786,-0.00000158,0.00000502,-0.00001046,0.00000121,-0.00001103,-0.0
0000552,-0.00000400,-0.00001535,-0.00000616,0.00002128,-0.00002708,-0.00003038,-
0.00001917,0.00001546,-0.00007970,0.00006696,0.00005466,0.00004060,-0.00006925,-
0.12726898,-0.05348275,0.03413181,-0.02618072,-0.01102704,0.01226506,0.00354409,
0.00220223,-0.00045675,0.48576950,-0.00008942,0.00005802,0.00002792,0.00092901,0
.00022225,0.00030386,-0.00012976,-0.00033015,-0.00011784,-0.00002823,-0.00000428
,-0.00000059,-0.00000552,-0.00000262,-0.00000440,-0.00000451,-0.00000164,-0.0000
0419,0.00000814,-0.00000498,0.00000091,-0.00078590,-0.00018033,-0.00012131,-0.00
106643,-0.00054371,-0.00075885,0.00000362,-0.00000692,0.00000468,-0.00017878,-0.
00050320,0.00028381,0.00003843,-0.00000017,0.00001266,0.00003167,0.00001834,0.00
000777,-0.00001919,0.00000102,-0.00001278,0.00000938,0.00003074,-0.00002251,-0.0
0000016,0.00000553,0.00000033,-0.00000859,0.00000082,-0.00000053,0.00015237,-0.0
0014446,0.00005390,0.00005901,-0.00000565,-0.00005740,-0.01580229,-0.01648684,0.
00194281,-0.00049408,-0.00000094,0.00014685,0.00002571,0.00002421,0.00002290,-0.
00002684,0.00001142,0.00000713,-0.00000079,-0.00001830,0.00000233,0.00001329,0.0
0001159,-0.00000737,0.00003124,-0.00000292,0.00002057,-0.00000080,0.00001608,0.0
0003664,-0.00164208,-0.00341880,-0.00251164,-0.00123972,0.00005482,0.00087469,0.
00000953,0.00000162,0.00000082,-0.00000229,0.00000214,-0.00000328,0.00000705,0.0
0002346,-0.00000053,-0.00003327,0.00004833,0.00000458,-0.00000283,0.00001409,-0.
00000330,0.00007527,-0.00001138,0.00002823,-0.00001015,0.00000064,-0.00000177,0.
00001282,0.00000721,0.00000702,-0.00000793,-0.00001433,-0.00001990,0.00002395,0.
00001610,0.00001086,-0.00005721,0.00006027,-0.00004220,-0.00003622,-0.00002590,0
.00003608,-0.05292144,-0.10698897,0.02869139,0.00871375,0.00628030,-0.00450466,-
0.01066016,-0.01247005,0.01124391,-0.03203643,0.49677493,-0.00001634,0.00000818,
0.00003270,0.00055829,0.00006493,-0.00050597,0.00021297,-0.00014915,-0.00016106,
0.00001165,0.00001484,-0.00000530,-0.00000179,0.00000352,0.00000722,-0.00000289,
0.00000069,0.00000739,0.00001406,-0.00000408,0.00001094,-0.00088115,0.00052658,-
0.00030923,-0.00207865,-0.00097886,-0.00115281,-0.00001475,0.00000352,0.00000187
,-0.00032910,-0.00079948,0.00040925,-0.00002409,-0.00002205,0.00004007,-0.000011
94,-0.00002902,-0.00000275,-0.00000989,-0.00000856,0.00000123,-0.00000310,-0.000
02461,-0.00002948,0.00000041,-0.00000080,-0.00000722,0.00000610,-0.00000169,-0.0
0000518,0.00011500,0.00001106,-0.00001398,0.00002621,0.00005898,0.00012495,-0.01
071761,-0.00960677,0.00477829,-0.00052430,-0.00027341,0.00003413,0.00001414,-0.0
0001770,0.00000530,0.00000140,0.00000056,-0.00000493,-0.00000702,0.00000104,0.00
000455,0.00000687,0.00000575,-0.00002132,-0.00000445,-0.00002324,-0.00003247,0.0
0000647,0.00001984,0.00003574,-0.00151221,-0.00382011,-0.00180447,-0.00093131,-0
.00047399,0.00054878,0.00000942,0.00000452,0.00000585,-0.00000713,0.00000719,0.0
0000440,0.00000594,0.00001295,-0.00000014,-0.00007864,0.00007694,-0.00002194,-0.
00000860,0.00000692,0.00001610,0.00001347,-0.00001832,-0.00001916,-0.00001415,0.
00000961,0.00000224,0.00001215,0.00000198,0.00001043,0.00000284,-0.00001922,-0.0
0000200,0.00000242,0.00001237,0.00001506,-0.00000708,0.00001988,-0.00000957,-0.0
0002892,-0.00000638,0.00000650,0.03203091,0.02674683,-0.08092300,0.00911994,0.00
346607,-0.00365554,0.01598511,0.01854329,-0.01468023,0.02069921,0.01575465,0.522
00112,0.00006714,0.00012336,-0.00090112,-0.00085081,-0.00030740,0.00095559,0.001
01674,-0.00060403,0.00204249,-0.00006794,-0.00009941,0.00005882,-0.00002616,-0.0
0000709,0.00002293,-0.00002741,0.00002235,0.00003957,-0.00003420,-0.00000844,-0.
00006158,-0.00031602,0.00078250,0.00029243,0.00021953,0.00025669,-0.00022439,0.0
0007991,0.00003358,0.00006519,0.00003939,-0.00020304,-0.00003868,0.00002668,0.00
000149,-0.00003541,0.00006770,-0.00004145,0.00002942,-0.00011290,-0.00001143,-0.
00007108,0.00002236,0.00004028,-0.00001191,0.00000615,-0.00001078,-0.00003027,-0
.00002226,0.00000127,-0.00005299,0.00005003,0.00017050,-0.00005396,-0.00077686,-
0.00082179,0.00088818,-0.00009558,-0.00090553,-0.00032749,0.00069175,0.00016879,
-0.00051299,-0.00009043,-0.00015387,-0.00002743,-0.00002080,0.00007388,-0.000036
28,-0.00002439,0.00000617,0.00007839,0.00017171,0.00004816,-0.00008722,-0.000025
46,-0.00033217,-0.00022341,0.00003429,-0.00000932,0.00004345,0.00072702,-0.00082
652,-0.00129193,0.00003508,-0.00019281,-0.00010580,-0.00002902,-0.00002295,-0.00
002823,-0.00004948,0.00004251,-0.00000283,0.00001931,0.00003537,0.00006675,-0.00
044644,0.00022984,-0.00019969,0.00000073,0.00003478,0.00001814,-0.00148825,0.000
60560,-0.00042921,-0.00001041,0.00002701,-0.00000264,-0.00002062,-0.00000474,0.0
0002147,0.00004793,0.00004414,-0.00001151,-0.00015767,-0.00000713,0.00006036,-0.
00146846,0.00082666,-0.00061713,-0.00110820,0.00003084,0.00018005,-0.02104289,-0
.01180699,0.01067773,-0.13424629,-0.08450534,0.05296306,0.00060780,-0.00098056,0
.00061697,-0.00430685,0.00303952,0.00141601,0.16352248,0.00061082,0.00041625,-0.
00101473,-0.00081688,-0.00020512,0.00011625,-0.00101755,0.00096876,0.00151131,0.
00007515,-0.00001520,-0.00005180,0.00000201,-0.00000374,0.00002948,0.00000691,0.
00004707,0.00005316,-0.00005504,0.00003561,-0.00002895,0.00015265,-0.00086728,-0
.00031757,0.00010353,0.00007574,0.00009688,0.00003290,0.00006910,-0.00012587,0.0
0052784,0.00033537,0.00013012,-0.00012545,-0.00015786,-0.00004418,-0.00001692,-0
.00013033,-0.00003339,-0.00000314,0.00004771,-0.00004311,0.00003055,-0.00011412,
0.00004570,0.00002553,-0.00000947,-0.00003993,0.00003415,0.00001651,-0.00004070,
-0.00051083,0.00024123,-0.00026236,-0.00103370,-0.00075926,0.00116977,-0.0002429
3,0.00046720,0.00016167,0.00067393,-0.00002574,-0.00053549,-0.00022165,-0.000144
27,0.00005535,0.00006651,0.00009389,-0.00001648,0.00007080,0.00004193,0.00014410
,0.00007031,0.00006001,-0.00005320,-0.00013981,-0.00041721,-0.00014629,0.0000065
4,-0.00004545,-0.00001244,0.00145406,-0.00158161,-0.00092974,-0.00007693,0.00000
890,0.00013555,-0.00006109,-0.00013879,-0.00004189,0.00000666,-0.00003162,0.0000
1605,-0.00001302,0.00001702,0.00006540,0.00001004,-0.00006400,-0.00013446,0.0000
5927,-0.00013410,0.00010559,-0.00021580,0.00030990,-0.00007424,0.00004568,-0.000
00473,-0.00000140,-0.00008382,-0.00003740,-0.00008176,-0.00004256,0.00001559,0.0
0009264,-0.00014270,-0.00017421,-0.00004410,0.00074933,-0.00052773,0.00068786,0.
00001186,0.00041405,-0.00023521,0.00869139,0.00844228,-0.00455333,-0.08492608,-0
.11453664,0.04901194,0.00059766,0.00065703,-0.00072424,0.00225503,-0.00071017,-0
.00071555,0.09862377,0.13327925,0.00082825,0.00108653,0.00004321,0.00218313,0.00
086995,-0.00092165,-0.00365980,-0.00431094,-0.00339292,-0.00022508,-0.00009113,0
.00005529,0.00001713,0.00001324,-0.00001070,0.00004670,0.00001023,0.00001759,-0.
00001631,-0.00004717,0.00002089,0.00065793,-0.00114472,-0.00003609,-0.00068199,-
0.00053106,0.00036037,-0.00014793,-0.00018793,-0.00018813,-0.00018388,0.00042272
,-0.00007691,-0.00002589,-0.00026071,-0.00017919,0.00002047,0.00009232,-0.000078
63,0.00010158,-0.00006137,-0.00006833,-0.00004510,0.00002346,-0.00001991,0.00004
355,0.00009508,0.00001735,0.00007998,0.00005982,0.00003780,-0.00020436,-0.000802
73,-0.00011949,-0.00009773,-0.00011507,0.00035609,0.00045304,0.00082447,0.000021
50,-0.00124332,-0.00004700,0.00003488,-0.00014979,-0.00007359,0.00024479,0.00014
303,0.00007895,0.00009240,0.00008127,0.00012659,0.00009473,-0.00007431,0.0001424
0,0.00005760,-0.00010389,-0.00000699,0.00031234,-0.00002163,-0.00002196,0.000001
08,0.00037220,-0.00038394,0.00040666,-0.00019859,0.00011336,0.00007654,0.0000860
6,-0.00002707,0.00001512,0.00012026,-0.00003551,-0.00002958,0.00000164,0.0000430
7,0.00001646,-0.00039806,-0.00013010,-0.00023916,-0.00016985,0.00011879,-0.00020
740,0.00003933,-0.00011740,0.00020722,0.00009682,-0.00006570,0.00001321,0.000065
40,0.00001941,0.00003974,0.00002609,0.00006776,-0.00012651,0.00036107,0.00002940
,-0.00001328,-0.00057321,0.00085788,-0.00006870,0.00025856,-0.00000447,0.0004525
5,0.00777348,0.00455815,-0.00371568,0.05612531,0.05201005,-0.07193888,-0.0011409
5,0.00017371,0.00022131,0.00180531,-0.00134726,-0.00017649,-0.06446094,-0.056453
88,0.08173772,-0.00028538,-0.00022829,0.00007244,-0.00074085,0.00000604,-0.00027
511,-0.00037831,-0.00079192,-0.00064228,0.00002861,-0.00000696,0.00002674,-0.000
00823,-0.00000582,0.00000144,0.00000060,0.00000326,0.00000258,0.00001570,0.00000
595,0.00002478,-0.00021206,0.00013304,0.00007154,0.00006909,-0.00003797,0.000000
68,0.00003539,-0.00002850,0.00001637,0.00008911,-0.00008673,-0.00002976,-0.00003
100,0.00002254,-0.00004895,0.00001681,0.00001011,-0.00001090,0.00001127,0.000023
31,-0.00002102,-0.00001517,0.00001168,-0.00000958,-0.00000619,-0.00000341,-0.000
00082,-0.00000121,-0.00000174,-0.00000647,0.00004989,0.00022572,0.00002000,-0.00
009954,-0.00008025,0.00026591,-0.00336452,0.00220818,0.00168715,0.00037606,-0.00
003527,-0.00038463,0.00004137,-0.00000260,-0.00001392,0.00000507,0.00002965,-0.0
0000176,-0.00002689,-0.00000246,0.00000748,0.00005128,0.00001829,-0.00000991,0.0
0000166,-0.00000970,-0.00008130,-0.00002314,0.00001357,0.00000896,0.00016462,-0.
00017672,-0.00026111,0.00009938,0.00098838,0.00095320,0.00003655,0.00000325,0.00
000256,-0.00002032,0.00000768,0.00000804,0.00000065,-0.00000109,0.00000672,-0.00
005330,0.00016827,0.00006333,0.00001359,0.00001808,0.00000049,-0.00016788,-0.000
01067,0.00001024,-0.00003043,0.00000690,0.00000930,0.00001092,-0.00000077,0.0000
3620,0.00003939,-0.00003628,0.00004095,-0.00004257,0.00001413,-0.00001340,-0.000
10598,-0.00018839,-0.00022707,-0.00000182,-0.00009779,-0.00007253,0.00483306,0.0
1609922,0.01626424,-0.05995083,-0.04435625,-0.04640950,0.00056132,0.00000487,0.0
0078944,0.00087496,0.00109402,0.00034524,-0.00740781,-0.01644353,-0.01430065,0.0
6964699,-0.00012373,-0.00002645,0.00000839,0.00016563,-0.00054569,0.00054994,-0.
00041079,-0.00084817,-0.00070965,0.00007541,0.00002310,-0.00001321,-0.00000613,0
.00000138,0.00001560,-0.00000951,0.00000409,0.00001062,0.00001778,-0.00000457,0.
00002418,-0.00024283,0.00069723,-0.00007234,0.00015383,0.00032398,-0.00021270,0.
00003177,-0.00000017,0.00002231,-0.00018117,-0.00029100,0.00005386,-0.00004931,-
0.00001738,0.00000297,-0.00000162,-0.00001188,-0.00000475,0.00000390,-0.00000470
,0.00000404,-0.00000596,0.00001554,-0.00002837,-0.00000266,-0.00000486,-0.000012
73,0.00000016,-0.00000564,-0.00001322,0.00017232,0.00007715,0.00002888,-0.000032
74,-0.00000863,0.00027776,0.00352386,-0.00180580,-0.00130879,-0.00008775,-0.0000
0106,-0.00000762,0.00003545,-0.00004568,-0.00001455,0.00001096,-0.00000162,-0.00
002135,0.00000285,0.00000294,-0.00000591,0.00002463,0.00002549,-0.00002545,-0.00
000308,-0.00002975,-0.00005610,-0.00000152,0.00002511,0.00003861,0.00023015,-0.0
0011019,0.00000559,-0.00018962,-0.00065569,-0.00072599,0.00002299,0.00002173,0.0
0001640,-0.00002226,0.00002550,0.00000954,0.00000263,0.00001273,0.00000340,-0.00
016127,0.00010750,0.00002419,0.00001192,-0.00000230,0.00003828,0.00001539,-0.000
03272,-0.00006139,-0.00003638,0.00003409,0.00000286,0.00003189,0.00001117,0.0000
2549,0.00000605,-0.00004349,-0.00000864,0.00000885,0.00004122,0.00000617,-0.0001
9343,-0.00004182,-0.00008721,-0.00002483,-0.00008228,-0.00005686,-0.00163731,-0.
01511103,-0.01450632,-0.04438463,-0.14728329,-0.10792656,-0.00056750,0.00032585,
-0.00044296,-0.00087560,0.00065945,0.00064475,-0.00891344,-0.01523348,-0.0133567
5,0.04923154,0.16997150,-0.00003544,0.00004295,0.00010701,-0.00019138,-0.0003512
5,0.00045363,0.00028591,-0.00020515,-0.00054784,0.00006119,0.00002756,-0.0000073
8,-0.00000283,0.00000323,0.00002026,-0.00000928,0.00000473,0.00001201,0.00001820
,-0.00000640,0.00002826,-0.00013931,0.00068519,-0.00013274,0.00011260,0.00017138
,-0.00010662,-0.00002381,0.00000174,0.00002573,-0.00027868,-0.00030510,0.0000761
7,-0.00000509,-0.00003103,0.00005052,-0.00001934,-0.00001430,-0.00000643,-0.0000
0686,-0.00001991,0.00000603,0.00000777,0.00000203,-0.00000782,-0.00000209,-0.000
00431,-0.00001382,0.00000032,-0.00000609,-0.00001238,0.00018094,0.00000705,0.000
00236,0.00007254,0.00013128,0.00006438,0.00227488,-0.00116045,-0.00045152,0.0001
7812,-0.00012666,-0.00000401,0.00003376,-0.00004715,-0.00001555,0.00003016,0.000
00075,-0.00002970,0.00000167,0.00000879,-0.00001252,0.00001174,0.00002054,-0.000
02320,-0.00002547,0.00001510,-0.00003281,-0.00000621,0.00002356,0.00002551,0.000
01199,-0.00007040,0.00013900,-0.00010133,-0.00051224,-0.00040504,0.00001558,0.00
002737,0.00001035,-0.00002884,0.00001788,0.00000788,0.00000073,0.00000314,0.0000
0290,-0.00006616,0.00015322,-0.00003196,0.00001432,-0.00000810,0.00001756,0.0000
2212,-0.00005116,0.00001458,-0.00004278,0.00001330,0.00001507,0.00001857,0.00001
227,0.00003234,0.00006453,-0.00005105,0.00004950,0.00001013,0.00003646,0.0000211
8,-0.00011565,-0.00011683,-0.00024561,-0.00004568,-0.00005970,0.00004364,-0.0000
7635,-0.00914352,-0.00838886,-0.04614169,-0.10721999,-0.15514169,-0.00056508,0.0
0084382,0.00060732,-0.00058644,-0.00022104,0.00009408,0.00262968,0.00632750,0.00
718987,0.05238867,0.12747290,0.17937372,-0.00002258,0.00006143,0.00009334,0.0014
5519,0.00112449,-0.00026563,0.00038206,-0.00013111,-0.00040885,0.00000971,-0.000
09324,0.00005186,-0.00000277,0.00000659,0.00000612,-0.00000070,-0.00000010,0.000
00821,0.00000829,-0.00001627,-0.00000440,-0.00026269,0.00013819,-0.00002195,-0.0
0060985,-0.00089942,0.00033724,0.00002593,-0.00004320,0.00002003,-0.00002714,-0.
00007093,0.00001859,0.00001160,0.00003186,-0.00003855,0.00001846,0.00002718,-0.0
0002708,-0.00000076,-0.00000020,-0.00004346,-0.00002216,0.00000067,-0.00002964,0
.00000034,0.00001030,-0.00000934,0.00000794,0.00000163,-0.00000733,-0.00001814,-
0.00016666,-0.00000370,-0.00001586,-0.00001122,-0.00000954,0.00051504,-0.0007164
5,-0.00040816,-0.00039534,-0.00032450,-0.00021027,0.00002526,-0.00001684,0.00005
232,0.00000908,0.00002617,0.00002417,-0.00000719,0.00000465,0.00000418,0.0000144
8,0.00004253,0.00002433,0.00001122,0.00005409,0.00006736,-0.00000932,0.00001168,
0.00001048,-0.00007511,-0.00005762,0.00001065,0.00001552,-0.00023223,-0.00017147
,0.00003261,0.00000784,-0.00001879,0.00000842,0.00002491,-0.00000989,0.00000010,
0.00001919,0.00001369,-0.00003759,0.00006733,0.00004923,-0.00008963,0.00003818,0
.00000317,-0.00049304,-0.00026838,0.00000607,-0.00002990,0.00003260,-0.00000757,
0.00007221,0.00004574,0.00000123,-0.00004966,-0.00003923,-0.00021628,0.00008050,
0.00011329,-0.00003339,-0.00133743,0.00006647,0.00041462,0.00020482,0.00006972,0
.00000680,-0.01152708,0.01402688,-0.01860793,-0.06776415,0.03455785,-0.06082529,
-0.00410083,0.00327027,0.00113111,0.00073139,0.00029985,-0.00067440,0.00757650,-
0.01002756,0.01723056,-0.00337166,0.00378294,-0.01050652,0.07984129,0.00047903,0
.00070752,-0.00006703,0.00191090,-0.00163697,-0.00119013,-0.00191493,-0.00310336
,0.00039120,-0.00008384,-0.00002922,0.00002044,0.00001413,0.00001362,-0.00001661
,0.00001908,-0.00000041,0.00000397,-0.00002416,-0.00002465,-0.00001028,0.0003559
7,-0.00030161,0.00017638,-0.00010807,0.00046417,-0.00007629,0.00006029,-0.000010
04,-0.00007339,-0.00015370,0.00027918,-0.00010919,0.00003257,0.00000667,-0.00006
710,0.00006702,0.00010063,-0.00000397,0.00005459,0.00001391,-0.00002375,-0.00001
615,0.00005882,-0.00001993,0.00001995,0.00004295,0.00000289,0.00002712,0.0000256
7,0.00000707,-0.00003895,-0.00039002,0.00007292,0.00003881,-0.00017654,-0.000367
24,-0.00006594,0.00066877,0.00069335,-0.00121832,0.00047642,-0.00006119,-0.00003
258,0.00001177,0.00008529,-0.00000249,0.00000786,0.00003105,0.00003232,0.0000065
8,-0.00000647,-0.00003617,0.00000686,0.00001875,-0.00001070,0.00004110,0.0001665
7,-0.00000534,-0.00003213,0.00001499,-0.00012973,-0.00005575,-0.00016459,-0.0001
6449,0.00021517,0.00006180,0.00002422,0.00000993,0.00001789,0.00007031,-0.000004
41,-0.00002215,-0.00000161,0.00002711,-0.00000436,-0.00014639,-0.00012755,0.0000
1418,-0.00011513,-0.00002190,-0.00002810,0.00007394,-0.00015052,0.00012019,0.000
08473,-0.00000238,-0.00002637,0.00003121,0.00000484,0.00001852,-0.00011925,0.000
14620,-0.00018533,0.00019731,0.00005388,-0.00001157,-0.00024267,0.00067091,0.000
06952,0.00003196,-0.00005554,0.00005751,0.00875800,-0.01031908,0.01330913,0.0366
5312,-0.09688620,0.09137472,0.00361225,-0.00217107,-0.00091733,-0.00096157,0.000
49264,0.00005029,0.00525190,-0.00991184,0.01710319,-0.00723447,0.00939993,-0.017
09897,-0.04532210,0.11127225,-0.00012460,-0.00037179,-0.00009807,-0.00021235,-0.
00148617,-0.00012672,0.00118198,0.00341219,0.00015446,0.00008278,-0.00005651,-0.
00005551,0.00000709,0.00001308,0.00002066,0.00000873,0.00000767,0.00001849,-0.00
002256,-0.00000234,0.00000651,-0.00023933,-0.00006249,-0.00005639,0.00030245,0.0
0021768,-0.00038339,-0.00000969,0.00001012,-0.00004402,0.00029113,0.00001455,0.0
0005982,-0.00003067,-0.00003538,-0.00005701,-0.00002840,-0.00005102,-0.00004625,
0.00001055,0.00000363,-0.00000468,-0.00000013,-0.00005659,-0.00000994,0.00000894
,-0.00001440,-0.00002035,0.00000686,-0.00000559,-0.00001568,-0.00016808,-0.00007
342,-0.00008865,-0.00006590,0.00008874,0.00020083,0.00015467,-0.00000828,0.00053
623,0.00006313,-0.00079102,-0.00104638,-0.00002820,-0.00007338,0.00002724,0.0000
5415,0.00000926,0.00003990,0.00003478,0.00006579,0.00004805,-0.00001060,0.000057
63,0.00005065,-0.00005895,-0.00005152,0.00000696,0.00000276,-0.00001196,-0.00000
521,0.00012496,0.00022588,-0.00005712,0.00001592,-0.00002780,-0.00006504,-0.0000
3192,-0.00006876,-0.00001719,-0.00001835,0.00000083,0.00000400,-0.00000839,0.000
01159,0.00003321,0.00009997,-0.00010658,0.00003411,0.00005185,-0.00003065,0.0001
0452,-0.00005795,0.00026642,-0.00008779,0.00003643,0.00000173,-0.00001047,-0.000
01605,-0.00000792,-0.00005037,-0.00013010,-0.00005554,0.00007330,-0.00016826,-0.
00014673,0.00000829,0.00070970,-0.00019888,0.00035592,-0.00003271,0.00007718,-0.
00014275,0.00032352,-0.00144467,0.00470881,-0.06357611,0.08952279,-0.19268865,0.
00041152,-0.00022074,0.00052698,0.00022521,-0.00045615,0.00047364,-0.00302023,0.
00668360,-0.01081887,-0.00994726,0.00938435,-0.02332203,0.07321236,-0.10360237,0
.22140111,-0.00010172,-0.00000181,0.00002297,0.00044153,-0.00082695,0.00021615,0
.00013415,-0.00022728,-0.00016480,0.00000916,0.00000190,-0.00000009,-0.00000087,
0.00000040,0.00000354,-0.00000418,-0.00000015,0.00000098,0.00001445,-0.00000197,
0.00000824,-0.00008194,0.00033556,0.00010537,0.00004683,0.00027605,-0.00017190,0
.00001096,-0.00000650,0.00001701,-0.00006975,-0.00004837,-0.00004431,0.00001310,
0.00000854,0.00000875,-0.00000265,0.00001566,-0.00000259,-0.00000073,-0.00000134
,0.00000047,0.00001569,0.00004206,-0.00001865,0.00000222,0.00000261,-0.00000356,
-0.00000316,-0.00000211,-0.00000454,0.00014185,-0.00001543,0.00004257,0.00002873
,-0.00001060,0.00002536,-0.00088759,0.00078699,-0.00245756,-0.00041333,0.0001680
6,-0.00001142,0.00002368,-0.00000306,-0.00001056,-0.00000649,-0.00000059,-0.0000
0798,-0.00000907,-0.00000628,-0.00000656,0.00001670,-0.00000217,-0.00000898,0.00
001092,0.00001226,-0.00001399,-0.00000487,0.00001599,0.00001805,-0.00002000,0.00
017624,-0.00030231,-0.00002736,0.00005417,0.00002225,0.00001158,0.00001071,0.000
00294,-0.00001219,0.00001499,0.00000388,0.00000250,0.00001111,0.00000045,-0.0000
5363,0.00004847,0.00000495,-0.00000496,0.00000937,0.00000331,-0.00000855,-0.0000
1083,-0.00001836,-0.00001614,0.00001005,0.00000767,0.00001383,0.00000135,0.00001
320,0.00001733,-0.00001918,-0.00000376,-0.00000780,0.00001616,0.00000651,-0.0000
0679,-0.00000210,-0.00003366,-0.00001308,-0.00003320,-0.00000170,-0.00421215,-0.
00641244,-0.00929430,0.00013673,-0.00049724,-0.00042671,-0.06706874,-0.04909211,
-0.04997902,0.00034938,-0.00021475,0.00090551,-0.00017179,-0.00010404,-0.0001392
9,-0.00021479,0.00078769,-0.00003940,0.00008434,-0.00005020,0.00025226,0.0749356
4,-0.00022019,0.00001274,0.00000016,0.00005928,0.00035335,0.00049745,0.00021918,
-0.00019500,-0.00004248,0.00000665,0.00001498,-0.00001496,-0.00000429,0.00000135
,0.00000543,-0.00000902,0.00000031,0.00000274,-0.00000137,-0.00000621,0.00000334
,0.00035586,0.00053517,0.00023994,-0.00001625,0.00000175,-0.00015010,0.00002128,
0.00000083,0.00003354,-0.00027764,-0.00015097,-0.00005789,0.00000598,0.00001532,
0.00001797,0.00001937,0.00001463,0.00000755,-0.00000946,-0.00001156,-0.00000018,
0.00002496,0.00004732,-0.00003359,0.00000025,-0.00000142,-0.00000828,-0.00000821
,-0.00000442,-0.00000977,0.00023030,0.00000190,0.00007081,0.00005832,-0.00001546
,0.00002657,0.00063674,-0.00049530,0.00201638,-0.00001345,-0.00005377,-0.0000970
5,0.00004423,-0.00001069,-0.00001932,-0.00002176,-0.00000768,-0.00001020,0.00000
612,-0.00001249,-0.00001326,0.00002160,0.00000886,-0.00002245,0.00001062,-0.0000
1297,-0.00003624,0.00000239,-0.00000300,0.00002971,-0.00013025,-0.00022179,-0.00
061698,-0.00014190,0.00001008,0.00019532,-0.00000067,0.00000484,0.00000079,-0.00
002114,0.00001559,0.00000667,0.00000689,0.00001744,0.00000004,-0.00011586,0.0000
5502,-0.00000360,0.00000523,-0.00000221,0.00001342,0.00000250,-0.00001593,-0.000
02239,-0.00002084,0.00001947,-0.00000082,0.00000372,-0.00000458,0.00000148,0.000
00511,-0.00000513,-0.00000238,-0.00002038,0.00002163,0.00001045,0.00000489,0.000
00793,-0.00000752,-0.00000392,-0.00001649,-0.00000052,0.00371695,0.00793625,0.00
791146,0.00002991,0.00041892,0.00076255,-0.04861515,-0.14602974,-0.10653094,0.00
047677,0.00067896,0.00058928,-0.00005356,-0.00017711,-0.00013924,0.00023268,0.00
004107,0.00016356,-0.00002478,-0.00005229,0.00003209,0.05659084,0.16899916,-0.00
002966,0.00001567,0.00006575,0.00061755,-0.00198818,0.00041293,0.00030297,-0.000
17540,-0.00036565,0.00005250,0.00001981,-0.00001565,-0.00000335,0.00000593,0.000
01790,-0.00000657,0.00000674,0.00001385,0.00002062,-0.00000525,0.00002290,0.0001
3381,0.00057919,-0.00013269,0.00019895,0.00073382,-0.00042006,-0.00000776,0.0000
0332,0.00001239,-0.00039136,-0.00029268,0.00006306,-0.00003307,-0.00003164,0.000
04537,-0.00001906,-0.00002401,-0.00000468,-0.00000569,-0.00002044,0.00000742,0.0
0001354,-0.00001218,-0.00001767,-0.00000313,-0.00000586,-0.00001329,0.00000335,-
0.00000330,-0.00001554,0.00023831,0.00000144,-0.00000266,0.00001892,0.00007880,0
.00015678,-0.00273212,0.00277705,-0.00592774,-0.00105072,0.00031625,-0.00006633,
0.00002496,-0.00004469,0.00000358,0.00002630,-0.00000653,-0.00002316,0.00000727,
0.00001896,-0.00000895,0.00000604,0.00003062,-0.00002689,-0.00002738,-0.00000992
,-0.00003304,0.00000697,0.00003094,0.00002409,0.00035587,0.00038072,0.00052505,-
0.00007654,0.00019210,0.00029336,0.00001449,0.00001057,0.00000220,-0.00002586,0.
00001896,0.00000830,0.00000457,0.00000527,0.00000007,-0.00014169,0.00011262,-0.0
0005130,0.00000092,-0.00000487,0.00003649,0.00000738,-0.00005146,-0.00005134,-0.
00003239,0.00002596,0.00000605,0.00002198,0.00000218,0.00001375,0.00002747,-0.00
004130,0.00000137,-0.00001413,0.00002690,0.00001573,-0.00001811,-0.00001209,-0.0
0003042,-0.00001596,-0.00002290,0.00000781,-0.00996552,-0.01498687,-0.02256998,0
.00074358,-0.00067178,0.00066313,-0.04986364,-0.10742944,-0.15204943,-0.00026515
,-0.00098346,0.00079727,-0.00009565,0.00005014,-0.00011369,-0.00025502,0.0006218
5,0.00037254,0.00023859,-0.00014386,0.00020932,0.06006921,0.12384304,0.17835494,
0.00007425,-0.00015714,0.00009105,-0.00020911,0.00028863,-0.00015603,-0.00014684
,0.00028640,0.00024803,0.00005818,-0.00001909,0.00000209,0.00000960,0.00000496,0
.00000013,0.00001959,-0.00000054,0.00000100,-0.00000215,-0.00000455,0.00001151,-
0.00192999,0.00018163,-0.00034034,0.00010890,-0.00022314,0.00013430,0.00007576,0
.00004567,0.00002706,0.00052855,-0.00005431,0.00007600,-0.00003122,0.00008699,-0
.00002354,0.00000414,0.00001743,-0.00002307,0.00004727,0.00005045,0.00000601,-0.
00004766,0.00000021,0.00002390,-0.00000396,-0.00000793,-0.00001366,0.00001378,-0
.00000452,-0.00000977,-0.00021815,0.00022039,0.00000595,-0.00005659,-0.00007481,
-0.00016582,0.00018882,0.00028049,0.00066719,0.00023992,-0.00016852,0.00006178,0
.00000226,0.00000647,-0.00005934,0.00001291,0.00000141,-0.00000858,-0.00002211,-
0.00001183,-0.00001566,-0.00000886,-0.00004297,0.00002371,-0.00001587,0.00005655
,-0.00004331,-0.00001204,0.00000323,-0.00003235,-0.00006684,-0.00038830,0.000115
57,0.00030291,-0.00015613,-0.00064566,-0.00001089,-0.00000771,-0.00000260,0.0000
1058,-0.00000634,0.00000778,-0.00001805,-0.00002327,0.00000387,0.00004950,-0.000
06017,0.00000600,0.00001761,-0.00002080,0.00001062,0.00001835,0.00000820,0.00002
243,0.00000934,-0.00000098,0.00000525,-0.00001230,-0.00001335,-0.00001355,0.0000
0136,0.00000252,0.00003057,-0.00001039,-0.00001369,-0.00001934,0.00004095,-0.000
06642,0.00003330,0.00005411,0.00001606,-0.00004277,-0.01154061,0.00919018,0.0003
1899,-0.00109645,0.00192963,-0.00288719,-0.18228606,0.10704174,0.04960948,0.0006
3833,-0.00082712,0.00063004,0.00038290,0.00001324,-0.00002721,0.00001233,-0.0002
7921,-0.00013885,-0.00059890,0.00073286,0.00007861,0.00656067,-0.00444790,-0.001
68746,0.21067724,-0.00002533,0.00003496,-0.00005262,0.00026952,-0.00023712,-0.00
002140,0.00012046,-0.00015455,0.00004902,-0.00002900,-0.00000681,0.00000556,-0.0
0000226,-0.00000318,-0.00000605,-0.00000162,-0.00000344,-0.00000352,0.00000743,0
.00000388,-0.00001223,-0.00019188,0.00023628,0.00000731,-0.00016869,0.00005573,0
.00000793,-0.00001649,-0.00003660,-0.00000061,0.00005231,0.00000040,-0.00001930,
0.00001198,0.00000028,-0.00002011,0.00001569,0.00000422,0.00001289,-0.00001360,-
0.00001335,-0.00001132,-0.00001212,0.00002547,-0.00000434,-0.00000178,0.00000471
,0.00001004,-0.00000492,0.00000065,0.00000905,0.00000092,-0.00009981,-0.00000036
,0.00001865,-0.00001165,0.00000785,-0.00059424,0.00053032,-0.00079872,-0.0002703
2,0.00012001,-0.00005627,-0.00000066,0.00002674,0.00002343,-0.00001557,-0.000000
88,0.00001920,0.00000114,-0.00001248,0.00000885,0.00000081,0.00001837,0.00000393
,0.00003426,-0.00001840,0.00003625,0.00000021,0.00000696,-0.00000084,0.00004961,
0.00001817,-0.00008966,-0.00008466,0.00036953,0.00021466,0.00000849,0.00000150,0
.00000052,0.00000600,-0.00000333,-0.00000572,-0.00000168,0.00000647,-0.00000263,
0.00003624,0.00001131,0.00001400,-0.00001650,0.00001978,-0.00002028,-0.00000017,
-0.00000353,0.00000067,0.00000014,-0.00000714,-0.00000278,0.00000718,0.00001214,
0.00000781,-0.00000401,-0.00000286,-0.00002296,0.00000599,0.00000290,-0.00000042
,-0.00004779,0.00002607,-0.00001691,-0.00001122,-0.00001240,0.00001705,0.0137473
8,-0.01116940,-0.00164582,0.00158276,-0.00170789,0.00316657,0.10720442,-0.128018
78,-0.03895766,0.00061728,0.00018407,-0.00051625,-0.00017896,-0.00001154,0.00003
507,-0.00013298,0.00029352,0.00015473,0.00094640,-0.00049210,-0.00010154,0.01760
859,-0.01621003,-0.00986131,-0.12669053,0.14665509,0.00007789,0.00002029,0.00001
319,-0.00013519,0.00017215,-0.00010290,-0.00011721,0.00009376,-0.00010254,-0.000
01280,-0.00000473,0.00000437,0.00000367,-0.00000092,-0.00000191,0.00000442,0.000
00137,-0.00000237,0.00000227,0.00000581,0.00000331,-0.00037112,-0.00026657,0.000
13710,0.00002326,-0.00012186,0.00009850,-0.00001674,0.00001434,-0.00002516,0.000
29760,0.00021024,-0.00008103,0.00001544,-0.00003686,-0.00000832,-0.00001241,-0.0
0000317,-0.00000012,0.00000176,-0.00000788,0.00000397,0.00001823,-0.00000917,0.0
0001395,0.00000313,0.00000435,0.00000664,0.00000225,0.00000596,0.00000608,-0.000
07907,0.00000391,-0.00002500,-0.00001691,0.00000291,0.00000663,-0.00055530,0.000
64922,0.00096250,0.00020769,-0.00003016,0.00009584,-0.00001547,0.00000228,0.0000
0336,0.00000944,0.00000515,-0.00000521,0.00000477,0.00000290,0.00000531,-0.00000
481,-0.00000401,0.00000778,-0.00001137,0.00000252,0.00002059,-0.00001106,0.00000
189,-0.00000503,0.00018606,0.00015089,0.00000928,-0.00005442,-0.00000840,-0.0006
3218,0.00000497,0.00000429,0.00000329,0.00000823,-0.00000279,-0.00000376,-0.0000
0144,-0.00000559,0.00000158,0.00006324,-0.00002693,0.00001732,0.00000195,0.00000
158,-0.00001504,-0.00002207,0.00000810,0.00000146,0.00001243,-0.00001033,0.00000
625,-0.00000119,-0.00000170,0.00000502,0.00000321,0.00000479,0.00001466,0.000010
61,-0.00001212,0.00000046,0.00003693,-0.00000813,-0.00000970,-0.00001577,-0.0000
0069,-0.00000883,-0.01777310,0.01401263,0.00457829,-0.00207499,0.00265612,-0.003
21457,0.04951871,-0.03887677,-0.06050360,-0.00082526,-0.00011445,0.00048949,-0.0
0004602,-0.00001239,-0.00011729,0.00005634,0.00010814,-0.00007166,-0.00114406,0.
00088898,0.00026041,0.01710657,-0.01556991,-0.00786898,-0.05642898,0.04305414,0.
07007200,0.00003612,0.00010705,-0.00002637,-0.00039111,-0.00012005,0.00013247,0.
00027444,-0.00032577,0.00079237,-0.00001611,-0.00003937,0.00000014,0.00000624,-0
.00000371,0.00000500,-0.00001146,0.00000393,-0.00000801,-0.00001014,0.00000601,-
0.00000204,0.00068286,-0.00049439,0.00016694,0.00013069,0.00009542,-0.00003121,0
.00002697,0.00007340,-0.00000230,-0.00006168,0.00015995,-0.00015663,0.00003501,0
.00008385,0.00008279,0.00003140,0.00000266,0.00000207,-0.00000274,0.00004650,-0.
00000397,0.00007312,-0.00007453,0.00001698,0.00001126,-0.00000191,-0.00001472,-0
.00001168,-0.00000323,-0.00000760,-0.00002114,0.00004346,0.00003270,0.00000939,-
0.00002772,-0.00008357,-0.00008241,-0.00019528,0.00039878,0.00027314,0.00011705,
-0.00009128,0.00004005,0.00004918,-0.00002593,-0.00006582,0.00003093,-0.00003576
,-0.00000129,-0.00008194,-0.00001254,0.00003437,-0.00005212,0.00001182,0.0000007
3,0.00001812,-0.00003202,-0.00000668,-0.00001570,0.00002166,-0.00000088,0.000077
93,-0.00143160,-0.00012445,-0.00008763,0.00006638,-0.00000343,-0.00000124,-0.000
01516,-0.00001317,0.00000398,0.00000147,-0.00000165,0.00001803,0.00000533,0.0000
4601,0.00002966,0.00005215,0.00001382,-0.00001921,0.00000206,-0.00001211,-0.0000
1980,-0.00003379,0.00000068,0.00000120,0.00000224,-0.00000572,-0.00001121,-0.000
00072,0.00000120,0.00000851,-0.00000457,-0.00000516,0.00000636,0.00001550,0.0000
0621,0.00001994,0.00001255,-0.00001676,0.00002505,0.00001494,0.00571129,0.003761
71,-0.00130373,0.00083118,0.00079873,-0.00094846,-0.16919966,-0.09628125,0.06625
140,0.00020287,0.00063310,-0.00084313,-0.00013150,0.00068098,-0.00050665,-0.0001
1928,-0.00008438,0.00005166,-0.00005754,0.00003405,-0.00003547,-0.00972264,-0.00
847494,0.00311603,-0.02355714,-0.01315763,0.01151539,0.19512380,-0.00008928,-0.0
0014783,0.00006731,-0.00053357,-0.00031996,0.00021748,0.00051554,0.00003179,0.00
080658,0.00001644,-0.00003110,-0.00001080,-0.00000261,-0.00000599,-0.00000142,-0
.00000125,-0.00000041,-0.00000525,-0.00000366,0.00000043,-0.00000170,-0.00024193
,0.00009324,-0.00040324,0.00023131,0.00019721,-0.00006707,0.00006454,0.00001042,
0.00003653,0.00007140,-0.00018079,0.00011871,-0.00006194,0.00018559,-0.00001230,
0.00005900,-0.00001426,-0.00000020,0.00002264,0.00004328,-0.00001532,-0.00007404
,-0.00006976,-0.00000121,-0.00000676,-0.00001723,-0.00000469,-0.00000665,-0.0000
1312,-0.00000097,-0.00013034,0.00016875,-0.00000629,-0.00003889,-0.00007542,-0.0
0017623,-0.00048373,-0.00005671,-0.00055511,0.00027737,0.00011504,-0.00018641,0.
00004918,0.00004541,-0.00002073,-0.00002616,0.00001471,0.00000853,-0.00000493,-0
.00004966,-0.00001465,0.00000787,-0.00000083,0.00001698,0.00001312,0.00001850,-0
.00003989,0.00000350,0.00000415,-0.00000285,-0.00013770,0.00020100,-0.00140935,0
.00008485,-0.00008170,0.00003823,-0.00000420,-0.00002161,-0.00001391,0.00000207,
-0.00000943,0.00000687,-0.00000746,-0.00000491,-0.00000165,0.00008084,-0.0000220
8,0.00003435,0.00000432,-0.00002353,-0.00000044,0.00000962,-0.00001265,0.0000365
0,-0.00000239,0.00000241,-0.00000292,-0.00001378,-0.00000477,-0.00001537,-0.0000
0822,0.00000177,0.00000747,-0.00004198,-0.00000461,-0.00002521,0.00000449,-0.000
04945,0.00005119,0.00007894,0.00002778,-0.00003894,-0.01034283,-0.01082648,0.009
47086,-0.00074564,0.00028294,0.00001153,-0.09674082,-0.11833940,0.04990651,0.001
17233,-0.00172437,0.00350685,0.00098377,-0.00036958,0.00028719,-0.00014326,-0.00
028114,-0.00002033,-0.00006662,0.00023171,-0.00024999,-0.01951800,-0.01529522,0.
00633034,0.01375563,0.00994263,-0.00709290,0.11215134,0.13691639,0.00055242,0.00
020266,0.00001436,0.00063295,0.00052923,-0.00036299,-0.00102173,0.00036790,-0.00
063153,0.00004349,-0.00001088,0.00001564,0.00002450,0.00000873,0.00000707,0.0000
2253,0.00000542,0.00000197,0.00000147,-0.00000178,0.00001087,-0.00020015,-0.0019
2935,-0.00117404,-0.00035777,-0.00045188,0.00031808,-0.00002310,0.00002248,-0.00
005580,0.00048978,0.00037029,0.00022490,-0.00004690,-0.00013537,-0.00001378,-0.0
0005199,-0.00001305,-0.00003754,0.00005294,-0.00000296,0.00001858,-0.00003779,-0
.00009807,0.00009623,0.00001237,0.00001802,-0.00001068,0.00003636,0.00001329,0.0
0001194,-0.00045976,0.00002733,-0.00016693,-0.00007062,0.00005852,0.00004654,0.0
0082849,0.00054818,0.00036738,-0.00036186,-0.00021243,0.00021274,-0.00008476,-0.
00002119,0.00001735,0.00005614,0.00000578,-0.00001275,0.00003826,0.00001309,0.00
002347,-0.00007279,-0.00001022,0.00004680,-0.00005763,0.00001722,0.00007193,0.00
000037,-0.00000550,-0.00005071,-0.00045401,0.00011859,0.00018977,0.00001389,0.00
010485,-0.00004378,0.00000139,0.00000387,0.00000704,0.00002862,-0.00002062,-0.00
000569,-0.00001884,-0.00002439,0.00000361,0.00010183,-0.00006776,-0.00002648,0.0
0001538,-0.00000383,0.00000071,0.00001648,-0.00000762,-0.00000117,0.00002728,-0.
00002055,0.00000326,0.00000208,-0.00000045,-0.00000300,0.00000163,0.00000147,0.0
0000274,0.00005811,-0.00001833,0.00000246,-0.00001107,0.00001429,-0.00001325,-0.
00002648,0.00001154,0.00003278,0.01709060,0.01597510,-0.01269044,0.00087867,-0.0
0072916,0.00061620,0.06667678,0.05028445,-0.07727877,-0.00163880,0.00295307,-0.0
0461826,-0.00060369,0.00032272,0.00036100,-0.00011318,-0.00003565,-0.00004343,0.
00016064,-0.00024044,0.00006858,-0.01606205,-0.01296998,0.00760170,0.00998971,0.
00477909,-0.00375470,-0.07653041,-0.06091234,0.09076746,0.00007055,0.00007324,-0
.00004851,-0.00196726,-0.00284730,0.00129771,-0.00019430,-0.00018177,0.00023821,
-0.00002587,0.00000227,0.00000169,0.00000356,0.00000158,-0.00000711,-0.00000064,
-0.00000328,-0.00000358,-0.00001448,-0.00000516,-0.00001181,0.00018205,-0.000106
91,0.00005153,-0.00030854,0.00119796,-0.00110353,0.00001481,0.00000893,-0.000019
97,0.00001042,0.00011868,-0.00003112,0.00002562,0.00000255,-0.00001675,0.0000138
8,0.00002129,0.00001027,0.00000348,0.00000606,0.00000349,-0.00000048,0.00001604,
0.00000226,0.00000523,0.00001069,0.00000691,0.00000175,0.00000616,0.00000810,-0.
00001783,-0.00009147,0.00001038,0.00002336,-0.00002083,-0.00011757,0.00046981,0.
00042483,-0.00008402,0.00053648,0.00028743,-0.00032366,-0.00001169,-0.00000122,0
.00001636,-0.00000940,-0.00000026,0.00000475,0.00000550,0.00000322,0.00000131,-0
.00000628,-0.00000492,0.00000705,0.00000671,0.00000467,0.00003253,0.00001096,-0.
00001494,-0.00000064,-0.00007719,0.00026950,-0.00005474,-0.00006011,0.00021149,-
0.00010164,-0.00000045,0.00000653,0.00000296,0.00001613,-0.00000157,-0.00000576,
0.00000111,0.00000209,-0.00000415,0.00000925,-0.00001845,0.00001338,-0.00002435,
-0.00000989,0.00000044,-0.00003068,0.00000704,0.00002537,0.00002015,-0.00000257,
-0.00000965,0.00000689,0.00000925,-0.00000242,-0.00004458,0.00001275,-0.00001240
,0.00002478,-0.00000019,-0.00000405,-0.00001684,0.00001097,0.00002902,0.00001358
,0.00000783,-0.00000818,0.00548713,-0.00858585,0.01803524,0.00060266,-0.00056784
,0.00032863,-0.00240209,-0.00260304,0.00181585,-0.06523298,0.02871152,-0.0632965
9,-0.00003743,0.00004060,-0.00011069,-0.00010480,0.00002579,-0.00007438,-0.00052
167,0.00014028,0.00020434,-0.00012548,0.00007493,0.00002361,-0.00004992,-0.00010
480,-0.00005735,0.00034489,-0.00076976,0.00101187,0.07658887,0.00006726,0.000084
40,-0.00006452,-0.00381164,-0.00229742,0.00158041,-0.00028385,0.00001757,0.00031
491,-0.00000982,0.00000297,0.00000328,0.00000991,0.00000552,-0.00000794,0.000008
85,-0.00000029,-0.00000326,-0.00002743,-0.00000178,-0.00001058,0.00021653,-0.000
19176,0.00015340,0.00182189,0.00122222,-0.00092396,0.00002419,0.00002176,-0.0000
2507,0.00009041,0.00023069,-0.00007253,0.00001967,0.00000569,-0.00002187,0.00001
941,0.00003564,0.00000849,0.00002134,0.00000540,0.00001098,0.00000475,0.00001831
,0.00000656,0.00000838,0.00001010,0.00000200,0.00000559,0.00000742,0.00000420,-0
.00002948,-0.00008615,0.00002961,0.00002229,-0.00003746,-0.00017852,0.00009507,0
.00046033,0.00035937,0.00134309,0.00025330,-0.00034232,-0.00001386,0.00001235,-0
.00000836,-0.00001313,-0.00001235,0.00000708,0.00001867,0.00000216,-0.00000403,-
0.00001447,-0.00001776,0.00001337,-0.00001071,-0.00000721,0.00002586,0.00000030,
-0.00003373,-0.00000025,0.00013917,0.00024417,-0.00026760,0.00023139,-0.00041591
,0.00005777,-0.00000955,0.00000110,0.00000507,0.00001835,-0.00000685,-0.00000459
,-0.00000041,0.00000092,-0.00000027,0.00002691,-0.00006262,0.00002966,-0.0000029
9,-0.00001597,0.00000299,-0.00000621,0.00000766,0.00003277,0.00003160,-0.0000076
1,-0.00001096,-0.00001096,-0.00000297,-0.00000625,-0.00003180,0.00004562,-0.0000
0235,0.00002557,-0.00000762,-0.00000431,0.00000487,0.00002117,0.00001120,0.00000
755,0.00000226,-0.00000962,0.00313377,-0.00965922,0.01746404,0.00052486,0.000321
92,-0.00050113,-0.00318213,-0.00241359,0.00211191,0.02862577,-0.07841986,0.07986
250,0.00009848,-0.00004223,-0.00000541,-0.00009815,-0.00009180,-0.00010151,-0.00
004178,0.00034293,-0.00007143,-0.00008198,-0.00007373,-0.00019190,-0.00014417,0.
00021578,-0.00009829,0.00016733,-0.00059764,0.00117419,-0.03066240,0.09115960,-0
.00004807,-0.00009091,0.00001937,-0.00151900,-0.00160220,0.00229143,0.00019001,0
.00019109,0.00003543,-0.00001942,-0.00000549,-0.00000549,-0.00000308,-0.00000426
,-0.00000421,0.00000120,-0.00000085,-0.00000092,-0.00000745,0.00000067,0.0000037
0,-0.00005361,0.00010405,-0.00006770,-0.00025804,0.00025151,-0.00174717,-0.00003
200,-0.00001484,-0.00001900,-0.00005342,-0.00013420,0.00006602,0.00000104,-0.000
01868,-0.00001438,0.00000128,-0.00001052,0.00000129,-0.00000465,0.00001088,0.000
00058,-0.00000492,-0.00000847,-0.00000498,-0.00000092,-0.00000114,0.00000892,-0.
00000190,0.00000176,0.00000783,-0.00000534,0.00002912,-0.00002755,-0.00000011,0.
00003976,0.00001028,-0.00051017,-0.00029628,-0.00035668,0.00105560,0.00028245,-0
.00052220,0.00000063,-0.00000313,0.00002334,0.00000512,0.00001329,0.00000152,-0.
00000570,0.00000716,0.00001024,0.00001091,0.00001340,-0.00000375,-0.00000031,-0.
00000943,-0.00000283,0.00000188,0.00000067,0.00000867,-0.00016311,-0.00021383,-0
.00012760,0.00000008,0.00014998,0.00010981,-0.00000100,-0.00001131,0.00000060,0.
00000198,-0.00001029,-0.00000136,0.00000209,0.00000132,-0.00000141,0.00004572,-0
.00001331,0.00000500,0.00001464,0.00000898,-0.00001599,0.00001005,0.00004728,0.0
0000001,0.00001337,-0.00001421,0.00000073,-0.00001810,-0.00000884,-0.00000434,-0
.00000298,0.00001287,0.00003372,-0.00000654,-0.00002371,-0.00000310,0.00004413,-
0.00001510,-0.00000246,-0.00001023,0.00000550,-0.00000711,-0.00051552,0.00853068
,-0.01284193,-0.00049469,-0.00025133,0.00019158,0.00205334,0.00167816,-0.0009121
2,-0.06379306,0.08111946,-0.23105736,-0.00022875,-0.00012212,0.00024864,-0.00008
260,0.00002551,-0.00022892,0.00064478,-0.00010852,0.00021819,0.00010835,0.000040
45,0.00036553,0.00016646,-0.00018504,0.00002702,-0.00021733,0.00042870,-0.000454
63,0.07303348,-0.09536635,0.26502048,-0.00001885,-0.00012073,0.00004489,-0.00110
221,0.00011537,-0.00009109,-0.00008324,0.00030970,0.00009482,0.00004552,-0.00000
284,-0.00000312,0.00000510,0.00000206,0.00000479,0.00000942,0.00000257,0.0000019
3,-0.00000274,0.00000172,0.00001269,-0.00055570,0.00022621,0.00006792,0.00061412
,-0.00023054,-0.00006823,0.00004182,0.00003554,0.00000901,0.00024456,0.00000414,
-0.00001735,-0.00001767,0.00003694,-0.00000237,-0.00000731,0.00000597,-0.0000120
4,0.00002771,0.00003052,0.00001358,-0.00000645,-0.00000235,0.00000641,-0.0000009
3,-0.00000923,-0.00000666,0.00000438,-0.00000279,-0.00000621,-0.00006381,0.00015
531,0.00000617,-0.00004906,-0.00003836,-0.00005328,-0.00007769,0.00071042,0.0005
8864,0.00051618,-0.00011783,0.00005656,0.00000303,-0.00000851,-0.00005022,0.0000
1469,-0.00000281,-0.00001685,-0.00001305,0.00000305,-0.00001740,0.00000453,-0.00
003179,0.00000605,-0.00002791,0.00002305,-0.00005292,-0.00001218,-0.00000272,-0.
00000656,0.00046605,0.00001477,-0.00012864,0.00004807,-0.00100150,-0.00052208,-0
.00000790,-0.00000417,-0.00000324,0.00000241,0.00000160,0.00000880,-0.00000726,-
0.00001039,0.00000643,0.00002547,-0.00006067,0.00001274,0.00001620,-0.00001936,0
.00000864,-0.00001593,0.00002091,-0.00000505,0.00000908,0.00000147,0.00000697,-0
.00001214,-0.00001520,-0.00000995,0.00000862,0.00000782,0.00003557,-0.00001551,-
0.00001263,-0.00001748,0.00005063,-0.00007321,0.00003685,0.00004470,0.00001968,-
0.00004258,-0.02394775,0.01003922,0.00564727,-0.00410505,-0.00330041,0.00204953,
0.00087364,0.00090338,-0.00092339,-0.20810949,0.10695954,0.02927747,-0.00124251,
0.00066553,0.00065426,0.00011031,-0.00028173,-0.00023564,0.00033318,-0.00021071,
0.00011629,-0.00003925,0.00001058,0.00016778,0.00046921,-0.00066769,0.00027889,0
.00021023,0.00026776,-0.00034766,-0.01137542,0.00929629,-0.00064740,0.24277135,0
.00001307,-0.00000222,0.00000631,0.00005473,-0.00025136,0.00003752,-0.00006148,-
0.00009099,0.00003516,-0.00002088,-0.00000629,0.00000458,0.00000031,-0.00000059,
-0.00000674,0.00000398,-0.00000180,-0.00000278,0.00000262,-0.00000019,-0.0000022
3,-0.00003538,-0.00005273,0.00001826,-0.00002609,0.00018962,0.00018964,0.0000024
1,0.00000702,-0.00000566,0.00004879,0.00004762,-0.00001606,0.00001342,0.00000771
,-0.00001434,0.00001007,0.00000879,0.00000661,0.,-0.00000080,-0.00000238,-0.0000
0560,0.00000626,0.00000167,-0.00000021,0.00000566,0.00000639,0.00000215,0.000004
49,0.00000569,-0.00002559,-0.00004313,-0.00000005,0.00000604,-0.00002417,-0.0000
5686,-0.00072588,0.00039821,0.00063240,0.00003369,0.00005558,0.00003624,0.000003
63,0.00001823,0.00000787,-0.00001252,0.00000522,0.00000637,-0.00000026,-0.000013
83,0.00000454,-0.00000034,0.00000462,0.00000537,0.00001606,0.00000504,0.00002336
,-0.00000523,0.00000398,-0.00000369,0.00008359,0.00019427,-0.00004561,-0.0003230
7,-0.00022697,-0.00017633,0.00000775,0.00000356,0.00000216,0.00001147,-0.0000049
8,-0.00000430,-0.00000104,-0.00000069,-0.00000432,0.00002011,0.00001189,0.000009
27,-0.00001170,0.00000589,-0.00001373,-0.00003728,-0.00000241,0.00000247,0.00000
409,-0.00000671,0.00000101,0.00000603,0.00000647,0.00000530,-0.00000856,-0.00000
691,-0.00000401,0.00000392,-0.00000417,-0.00000470,-0.00001147,-0.00001680,0.000
00884,0.00000945,0.00000631,-0.00000882,-0.01288453,0.00800744,0.00226841,-0.002
14192,-0.00098434,0.00104394,-0.00087959,0.00074388,-0.00008914,0.10663137,-0.11
259040,-0.02008605,-0.00073678,0.00042036,0.00029161,-0.00001461,0.00001390,0.00
022868,-0.00017602,-0.00003924,-0.00009116,0.00016001,-0.00013715,-0.00011672,-0
.00018331,-0.00016716,0.00032544,-0.00006975,-0.00001940,-0.00009000,0.01294046,
-0.00829567,-0.00029022,-0.12302862,0.12960405,0.00000639,0.00002914,-0.00000306
,-0.00020175,-0.00001840,0.00006847,0.00007443,0.00001934,-0.00003329,-0.0000141
6,0.00000200,-0.00000008,0.00000161,0.00000012,-0.00000199,0.00000128,0.00000026
,-0.00000073,-0.00000004,0.00000208,-0.00000146,0.00014470,0.00000664,0.00004480
,0.00010806,-0.00020770,-0.00018833,-0.00001534,-0.00001051,-0.00001309,-0.00006
441,-0.00000645,-0.00000534,0.00001052,-0.00002441,-0.00000370,0.,-0.00000606,0.
00000192,-0.00000918,-0.00001144,-0.00000690,0.00000549,0.00000361,0.00000142,0.
00000033,0.00000317,0.00000276,0.00000005,0.00000187,0.00000231,0.00000838,-0.00
004754,-0.00000682,0.00000889,0.00001921,0.00001080,-0.00066086,-0.00002690,0.00
020052,0.00009289,0.00004296,-0.00000785,-0.00000461,-0.00000055,0.00001945,0.00
000665,0.00000388,0.00000106,0.00000435,0.00000721,0.00000524,0.00000202,0.00000
955,-0.00000063,-0.00000805,-0.00000618,0.00001675,-0.00000377,-0.00000240,0.000
00388,-0.00000981,-0.00006768,-0.00012962,-0.00020429,-0.00035101,0.00017037,0.0
0000344,-0.00000043,0.00000229,0.00000157,-0.00000331,-0.00000324,0.00000245,0.0
0000198,0.00000149,0.00000718,0.00000671,0.00000124,-0.00000159,0.00000511,-0.00
000515,0.00001783,-0.00000028,0.00001091,0.00000321,-0.00000563,-0.00000089,0.00
000002,0.00000402,0.00000470,0.00000399,0.00000399,-0.00000431,0.00000898,-0.000
00194,0.00000415,-0.00000899,0.00001892,-0.00002528,-0.00001975,-0.00001117,0.00
001187,0.01090677,-0.00487878,-0.00270590,0.00236266,0.00150871,-0.00072041,0.00
073515,-0.00049193,0.00022076,0.02831364,-0.01961576,-0.04915785,0.00070869,-0.0
0031101,-0.00008101,-0.00009070,0.00012382,0.00012093,-0.00000974,0.00004711,-0.
00008692,0.00009176,-0.00018025,-0.00027035,0.00004630,0.00074263,-0.00014150,-0
.00019456,-0.00012103,0.00008280,-0.02418539,0.01675368,0.00273446,-0.03591459,0
.02184922,0.05436639,-0.00005743,0.00000586,0.00001130,0.00023476,-0.00040298,0.
00038670,0.00008355,-0.00019957,-0.00013106,0.00001470,0.00000550,-0.00000188,-0
.00000064,0.00000118,0.00000493,-0.00000502,0.00000178,0.00000239,0.00001421,-0.
00000214,0.00000694,-0.00029399,0.00031326,-0.00013276,0.00001848,0.00013645,-0.
00013380,0.00000907,-0.00000003,0.00000448,-0.00021827,-0.00029769,0.00014342,0.
00000601,0.00000357,0.00002186,-0.00000175,0.00000316,0.00000014,-0.00000188,-0.
00000245,0.00000120,0.00000899,0.00001046,-0.00001773,0.00000177,0.00000085,-0.0
0000243,-0.00000248,-0.00000116,-0.00000413,0.00014013,-0.00005686,0.00001862,0.
00002348,0.00001029,0.00002341,-0.00278537,-0.00227658,0.00148062,-0.00016393,0.
00005241,0.00008023,0.00001646,-0.00000556,0.00000086,0.00000232,-0.00000296,-0.
00000409,-0.00000175,0.00000493,-0.00000576,0.00000866,0.00000615,-0.00000869,0.
00000106,0.00000150,-0.00000985,0.00000123,0.00001501,0.00002324,-0.00036850,-0.
00130859,-0.00068369,-0.00009839,0.00001193,0.00015807,0.00001283,0.00001042,0.0
0000113,-0.00000929,0.00001328,0.00000321,0.00000577,0.00001247,0.00000049,-0.00
005252,0.00006362,-0.00000273,-0.00000683,-0.00000034,0.00000890,-0.00001176,-0.
00002810,-0.00000716,-0.00001752,0.00001080,0.00000502,0.00001793,0.00000771,0.0
0001305,0.00001005,-0.00002258,-0.00000716,-0.00000497,0.00001871,0.00000272,-0.
00002627,-0.00001496,-0.00002762,-0.00000062,-0.00001952,0.00000065,-0.00725419,
-0.01814059,-0.01329365,0.00047244,-0.00085366,-0.00079247,0.00032902,0.00052276
,-0.00041864,-0.05168513,-0.03261527,-0.02971394,0.00023057,0.00015909,-0.000113
80,-0.00061397,0.00019112,0.00083208,-0.00018478,-0.00000444,-0.00014531,0.00025
552,0.00001714,0.00020362,-0.00009259,0.00005742,0.00012199,0.00000911,0.0001097
4,-0.00011622,-0.00169303,-0.00745311,-0.00874283,0.00344671,0.02131291,0.018050
75,0.06016647,-0.00010431,0.00002684,0.00000054,0.00058714,-0.00027578,0.0003060
9,0.00027036,-0.00022702,-0.00023317,0.00003855,0.00002178,-0.00001503,-0.000003
35,0.00000389,0.00001495,-0.00001016,0.00000394,0.00000927,0.00001362,-0.0000043
5,0.00001134,-0.00026800,0.00074185,-0.00020065,-0.00016264,0.00021502,-0.000023
63,0.00000565,-0.00000486,0.00002380,-0.00037407,-0.00048435,0.00017910,-0.00002
589,-0.00001507,0.00004227,-0.00000813,-0.00000885,0.00000364,-0.00000460,-0.000
02213,0.00000896,0.00001145,0.00000924,-0.00002482,-0.00000011,-0.00000604,-0.00
000936,-0.00000391,-0.00000518,-0.00001087,0.00022349,0.00000033,0.00001875,0.00
004056,0.00004226,0.00012602,-0.00273540,-0.00188781,0.00171814,-0.00039924,0.00
000881,0.00003229,0.00003121,-0.00002529,-0.00001365,0.00000127,-0.00001883,-0.0
0001166,0.00000976,0.00000534,-0.00001484,0.00000710,0.00001852,-0.00002630,-0.0
0000433,-0.00002936,-0.00004074,0.00000903,0.00001649,0.00003203,-0.00066593,-0.
00130886,-0.00058900,-0.00018223,0.00025296,0.00032808,0.00000867,0.00001099,0.0
0000120,-0.00002292,0.00002099,0.00000851,0.00000710,0.00001494,0.00000083,-0.00
012766,0.00009866,-0.00001832,-0.00000090,-0.00000522,0.00002443,0.00000076,-0.0
0004926,-0.00003709,-0.00003040,0.00002704,0.00000214,0.00001613,0.00000094,0.00
000995,0.00001358,-0.00002319,-0.00000325,-0.00002053,0.00002976,0.00001201,-0.0
0001559,-0.00000329,-0.00001800,-0.00000348,-0.00002040,-0.00000001,-0.00750426,
-0.01802956,-0.01209288,0.00128533,0.00075968,-0.00032378,0.00004933,0.00024478,
-0.00072368,-0.03230918,-0.17121056,-0.11242873,0.00033751,0.00007771,-0.0001233
3,-0.00023304,0.00056263,0.00041707,-0.00009872,-0.00001162,0.00000972,0.0000296
3,0.,0.00097946,-0.00002150,-0.00010576,-0.00008834,0.00022391,0.00028082,-0.000
06818,0.00190620,0.00795624,0.00589854,-0.00055672,-0.01681005,-0.01482032,0.040
62066,0.19916156,-0.00002887,0.00003512,0.00001515,0.00097410,0.00004821,0.00001
182,0.00022611,-0.00016893,-0.00018770,0.00002891,0.00001831,-0.00000978,-0.0000
0466,0.00000080,0.00001251,-0.00000945,0.00000375,0.00000875,0.00001336,-0.00000
191,0.00000891,0.00005827,0.00033807,-0.00005544,-0.00063825,-0.00012508,-0.0004
4443,-0.00001382,-0.00002368,0.00001045,-0.00018065,-0.00013429,0.00000876,-0.00
002264,-0.00004294,0.00001908,-0.00001936,-0.00001749,-0.00000214,-0.00000575,-0
.00002348,0.00000264,0.00000660,0.00000157,-0.00000297,-0.00000292,-0.00000562,-
0.00000459,-0.00000245,-0.00000329,-0.00000577,0.00011974,0.00002413,-0.00001757
,0.00000698,0.00005198,0.00013632,0.00090816,0.00054007,-0.00011552,-0.00054182,
-0.00002147,0.00011702,0.00000711,-0.00003248,0.00000873,0.00002491,-0.00000542,
-0.00001336,0.00000734,0.00001657,-0.00000493,-0.00000092,0.00002694,-0.00002097
,-0.00001488,-0.00001482,-0.00001724,0.00000671,0.00001591,0.00000364,0.00000397
,0.00029764,0.00029445,-0.00016718,0.00028647,0.00006127,0.00000926,0.00000282,-
0.00000270,-0.00001962,0.00001269,0.00000742,0.00000319,-0.00000034,0.00000293,-
0.00010988,0.00007816,-0.00002757,-0.00000012,-0.00000282,0.00001714,-0.00000377
,-0.00004123,-0.00003540,-0.00002964,0.00001896,0.00000320,0.00001354,0.00000474
,0.00000624,0.00001891,-0.00002345,-0.00000946,-0.00001625,0.00002211,0.00001001
,-0.00001993,-0.00001210,-0.00000670,0.00000156,-0.00000679,0.00000724,0.0011716
1,0.00587528,0.00566754,0.00023318,0.00069050,0.00044579,0.00058818,0.00051174,0
.00061267,-0.02910330,-0.11257633,-0.14158836,0.00002193,0.00012694,-0.00007325,
0.00018914,0.00012462,0.00027825,-0.00017767,-0.00014716,-0.00025012,0.00007753,
0.00021969,-0.00000367,-0.00005345,-0.00004260,-0.00012832,0.00001517,-0.0000187
4,-0.00007573,-0.00652462,-0.02164635,-0.02302442,0.00003594,-0.00593429,-0.0044
4059,0.03290078,0.13170745,0.16276097,-0.00402498,-0.00122955,0.00018946,-0.0016
2680,-0.00138653,0.00314108,-0.00128783,-0.00036120,0.00045941,0.00048588,0.0001
6621,-0.00019800,-0.00000048,0.00010584,0.00017692,-0.00003584,0.00011836,0.0002
2075,0.00002506,0.00001567,0.00018162,-0.21548840,0.00771884,0.02159227,0.002110
32,0.00176799,-0.00328498,0.00033893,-0.00027478,-0.00014750,-0.07964289,-0.0131
8186,0.01320097,-0.00143233,0.00063212,0.00198963,0.00026227,0.00029335,0.000110
88,-0.00002089,0.00023311,0.00029462,-0.00045933,0.00031187,-0.00075331,0.000009
49,-0.00001973,-0.00019984,-0.00003464,-0.00002486,-0.00029469,0.00894629,-0.002
29267,0.00197302,0.00106285,0.00015876,0.00158412,-0.00259897,-0.00056009,-0.001
50505,0.00161684,0.00023057,-0.00059058,0.00090958,-0.00011555,-0.00027131,-0.00
005715,-0.00052401,-0.00031963,-0.00010262,0.00046963,-0.00021227,0.00041261,-0.
00007134,-0.00129303,-0.00107163,-0.00099274,-0.00220007,-0.00053554,0.00028556,
0.00039766,-0.03371845,0.03952656,0.00919430,0.00225264,-0.00000585,-0.00162790,
0.00005659,-0.00000284,0.00000815,-0.00026570,0.00012989,0.00009329,-0.00007748,
0.00064316,0.00036312,-0.00162382,0.00078336,-0.00019761,0.00016831,-0.00014252,
0.00046519,0.00018262,-0.00056216,-0.00054217,-0.00028618,0.00028854,-0.00003561
,0.00003509,-0.00005223,0.00007207,-0.00000840,-0.00010767,0.00010408,-0.0002955
8,0.00019955,0.00005743,-0.00009758,-0.00019295,0.00003542,0.00007629,-0.0001052
6,-0.00018069,-0.00030897,-0.00016992,-0.00087454,0.00049117,-0.00008953,0.00031
435,-0.00041071,0.00019366,0.00032679,-0.00019490,0.00011911,0.00035142,0.000237
37,-0.00023453,-0.00061827,0.00017849,0.00027170,0.00022651,0.00016625,-0.000386
29,0.00011144,0.00001881,-0.00017231,0.00018845,0.00127183,-0.00007365,0.0001126
6,-0.00042325,0.00019683,-0.00015072,-0.00016559,-0.00021172,0.00004712,0.000480
44,-0.00001759,-0.00011983,0.00013302,0.00021570,0.00007729,0.40593686,0.0012929
9,0.00190809,-0.00036169,-0.00068436,0.00125158,-0.00337937,-0.00352572,0.000398
22,0.00044301,-0.00040743,-0.00030007,0.00011634,0.00006134,-0.00005909,-0.00011
763,-0.00004403,-0.00001070,-0.00006471,-0.00006318,0.00000099,-0.00013871,0.024
57168,-0.08187169,-0.00263975,-0.00059220,-0.00086457,0.00165667,-0.00031386,0.0
0003932,-0.00025366,-0.03129766,0.00665301,0.00478422,0.00027826,-0.00016797,-0.
00004612,0.00028957,-0.00002614,0.00020266,-0.00011580,-0.00012588,-0.00011882,0
.00005272,-0.00012573,-0.00009772,0.00012790,0.00015317,0.00010639,-0.00000368,0
.00005887,0.00012172,-0.00157407,-0.00370373,-0.00011256,-0.00069431,-0.00061517
,-0.00115187,0.00283495,-0.00302295,0.00066980,0.00104046,0.00023334,0.00051382,
-0.00031558,0.00017325,0.00054761,-0.00002337,0.00022456,0.00012595,0.00036236,-
0.00012256,0.00020044,-0.00040890,0.00015588,0.00022145,0.00020685,0.00001497,0.
00091967,0.00005963,-0.00033378,-0.00005514,0.05457112,-0.03639456,-0.00526167,0
.00083650,-0.00363081,0.00100204,0.00002615,-0.00006280,-0.00001442,0.00021668,0
.00000165,-0.00010588,0.00018567,0.00007267,-0.00017954,0.00252898,-0.00092734,0
.00028142,-0.00004478,0.00007803,-0.00035586,-0.00009218,0.00043818,0.00041024,0
.00020397,-0.00020900,0.00005601,-0.00000425,0.00001802,-0.00000843,-0.00003724,
0.00010075,-0.00009373,0.00019605,-0.00013169,-0.00004928,-0.00002782,0.00015163
,-0.00000169,-0.00008368,0.00004143,0.00009209,0.00032080,0.00090271,0.00062441,
-0.00012437,-0.00011120,-0.00013352,-0.00021873,-0.00039654,-0.00028284,0.000067
65,0.00008513,0.00000446,-0.00011240,0.00010050,0.00028634,-0.00011333,-0.000162
22,-0.00015711,-0.00003669,0.00016704,-0.00000831,-0.00004618,-0.00011072,-0.000
24843,-0.00002291,-0.00010894,0.00006836,0.00018289,-0.00006328,0.00013217,0.000
08294,0.00010054,-0.00001966,-0.00005662,0.00007786,0.00002019,-0.00002673,-0.00
012752,-0.00012932,-0.07172049,0.37679473,0.00178435,0.00029789,0.00050300,0.000
21912,-0.00040539,-0.00084540,0.00028676,0.00012149,0.00264082,-0.00000766,-0.00
004256,0.00003358,-0.00002315,-0.00003693,-0.00001573,-0.00002636,-0.00002381,-0
.00005558,0.00001858,0.00000345,-0.00003012,0.02414815,0.00164577,-0.04966833,-0
.00043746,-0.00006046,0.00082573,-0.00012709,0.00014973,0.00010132,0.01515233,0.
00086444,0.01310578,-0.00019215,-0.00035922,-0.00001572,-0.00003687,-0.00011867,
0.00014411,-0.00006396,-0.00002576,-0.00026577,-0.00023974,-0.00003387,0.0001944
3,-0.00001632,-0.00000522,0.00002627,-0.00000790,0.00000009,0.00006268,-0.002297
50,0.00036763,-0.00017158,-0.00035834,0.00026414,-0.00071087,0.00092909,-0.00034
293,-0.00139640,-0.00020386,0.00007389,0.00033071,-0.00028793,0.00004605,0.00022
589,0.00006127,0.00014689,0.00004668,0.00004193,-0.00013783,0.00005612,-0.000086
22,0.00004067,0.00044034,0.00080555,0.00032524,0.00091375,0.00042065,-0.00007426
,-0.00000810,0.00490316,-0.00355059,0.00972143,-0.00134974,0.00127879,-0.0001879
5,-0.00000359,0.00000561,-0.00000568,0.00002317,0.00000017,-0.00000150,0.0001202
2,-0.00007724,-0.00013213,0.00010344,-0.00001555,-0.00044290,-0.00010667,0.00006
024,-0.00005718,0.00002962,0.00000338,0.00002958,0.00000165,-0.00000510,-0.00000
559,0.00000109,-0.00000145,-0.00001615,0.00003616,-0.00000910,-0.00001985,0.0000
3486,-0.00003539,-0.00001367,0.00000202,0.00001782,-0.00000502,-0.00002307,0.000
03891,0.00001774,-0.00074837,0.00022889,-0.00018764,0.00008231,0.00012188,0.0002
0854,-0.00014606,-0.00010116,-0.00003198,0.00001970,-0.00012221,0.00001191,-0.00
007392,0.00005622,0.00003576,-0.00005826,0.00006651,0.00003663,0.00006963,-0.000
06082,0.00001650,0.00009342,-0.00019972,-0.00003001,0.00050421,0.00012827,-0.000
06462,-0.00027658,0.00005371,0.00031308,0.00000465,-0.00010881,0.00002575,-0.000
05238,0.00001608,-0.00008961,-0.00000338,0.00003258,0.00003295,-0.04760261,0.008
52425,0.07546033,-0.00019178,-0.00006258,-0.00001127,-0.00007486,-0.00010906,0.0
0014419,0.00009798,-0.00004596,0.00006618,-0.00002323,0.00000118,0.00000849,-0.0
0000317,0.00000069,-0.00000103,-0.00001716,-0.00000173,-0.00000792,-0.00000688,-
0.00000333,-0.00000140,0.00049492,0.00237627,-0.00000616,0.00005160,0.00008478,-
0.00010775,0.00003506,0.00002628,0.00003473,-0.00014779,-0.00050324,0.00003437,0
.00004470,0.00005683,0.00003683,0.00001081,0.00000597,0.00000300,-0.00002569,0.0
0002850,0.00001387,0.00000184,-0.00000858,-0.00002267,0.00000290,-0.00000389,-0.
00000991,-0.00002133,-0.00000916,-0.00000356,0.00013991,0.00001971,0.00004855,0.
00003432,0.00000282,-0.00003207,0.00001469,-0.00007321,0.00000172,0.00005253,0.0
0004793,-0.00005596,0.00003038,-0.00001816,-0.00001831,-0.00004369,0.00000217,-0
.00001389,-0.00002042,-0.00000681,-0.00002912,0.00003205,-0.00004795,0.00003160,
0.00004383,0.00004668,-0.00004833,-0.00001475,-0.00003364,0.00004596,-0.00111746
,0.00063408,0.00012397,-0.00003375,0.00000984,0.00001223,-0.00000643,0.00001563,
-0.00000262,-0.00001557,0.00001537,0.00000283,0.00001773,0.00003887,-0.00003623,
-0.00008109,0.00002460,-0.00000726,-0.00000514,0.00000183,0.00000721,-0.00000476
,-0.00000254,-0.00000292,-0.00001556,0.00001394,-0.00000045,-0.00000113,-0.00000
354,-0.00000033,0.00000285,0.00000031,-0.00000048,-0.00002002,0.00001384,0.00000
166,0.00000715,0.00000614,-0.00000084,0.00000222,-0.00000471,0.00000235,-0.00002
948,-0.00006561,-0.00000649,0.00001444,0.00001127,0.00001055,-0.00000204,-0.0000
2021,-0.00002889,-0.00002346,0.00000967,0.00001050,0.00001406,-0.00000392,-0.000
02488,-0.00000423,0.00002424,0.00001391,-0.00000780,0.00000304,0.00000150,0.0000
0053,0.00003991,0.00002436,-0.00001207,-0.00005677,-0.00000894,0.00001287,0.0000
1001,-0.00003492,-0.00000146,0.00000413,-0.00000561,-0.00000154,-0.00001100,0.00
000543,0.00001411,0.00002187,0.00000240,-0.02213113,0.01316733,0.00391732,0.4496
1686,0.00024606,0.00022488,-0.00007814,0.00002152,0.00011798,-0.00024572,-0.0002
2128,0.00013883,-0.00001183,-0.00003130,-0.00001684,0.00000791,0.00001637,-0.000
00118,-0.00001108,-0.00000555,0.00000448,-0.00001293,-0.00000922,0.00000268,-0.0
0001608,-0.00044847,-0.00475785,0.00001413,-0.00006600,-0.00007120,0.00015608,-0
.00003386,0.00002489,-0.00001744,0.00090501,0.00072937,-0.00009397,0.00007385,-0
.00004184,-0.00004701,0.00000686,-0.00000320,0.00000629,0.00000993,-0.00003260,0
.00000096,0.00001534,-0.00007310,0.00000378,0.00003264,0.00002285,0.00000743,0.0
0000043,0.00000911,0.00001697,-0.00041410,-0.00017120,-0.00009341,-0.00010507,-0
.00007943,-0.00014059,0.00000553,0.00007446,0.00004511,-0.00001773,-0.00000780,0
.00006153,-0.00006099,0.00001450,0.00004947,0.00000326,0.00002147,0.00002540,0.0
0005906,0.00000821,0.00000351,-0.00006539,0.00000082,0.00010247,0.00001956,0.000
03654,0.00018660,-0.00000871,-0.00009506,-0.00004079,0.00210706,-0.00119064,-0.0
0025234,0.00006933,0.00002211,-0.00005687,0.00000143,0.00000214,0.00000535,0.000
02179,0.00000095,-0.00001021,0.00007803,0.00001565,-0.00003865,0.00023839,-0.000
09855,0.00002356,0.00000202,0.00000206,-0.00002988,0.00000176,0.00002225,0.00003
329,0.00002100,-0.00001840,0.00000490,0.00000157,0.00000465,0.00000079,-0.000004
75,0.00000957,-0.00000793,0.00002170,-0.00001249,-0.00000283,-0.00000092,0.00001
429,0.00000031,-0.00001036,0.00000803,0.00000498,0.00001435,0.00006529,0.0000146
1,-0.00002110,-0.00001976,-0.00001597,-0.00006810,0.00003390,-0.00000209,-0.0000
1685,0.00002330,-0.00000678,-0.00001900,0.00000802,0.00003778,0.00000467,-0.0000
2196,-0.00001624,0.00000394,0.00001178,-0.00000929,0.00001539,-0.00003917,-0.000
02242,0.00002937,-0.00002107,0.00004379,0.00001194,-0.00001134,0.00005026,0.0000
1169,0.00000003,-0.00000869,0.00000536,0.00001538,0.00000019,0.00000424,-0.00002
514,-0.00000632,0.03886727,-0.01151828,-0.00601178,-0.00781943,0.53779388,0.0000
3938,0.00003481,-0.00000077,-0.00009116,-0.00001968,0.00003942,-0.00002291,0.000
00504,-0.00000875,-0.00000059,0.00000431,0.00000055,-0.00000294,0.00000081,-0.00
000522,-0.00000588,0.00000274,0.00000373,-0.00000129,-0.00000118,0.00000239,-0.0
0007058,-0.00040439,0.00029917,0.00006549,-0.00001052,-0.00004983,-0.00000557,0.
00000164,0.00001005,0.00010499,0.00003625,0.00035698,-0.00002138,-0.00001647,-0.
00001235,0.00001184,-0.00002441,0.00000919,-0.00001260,0.00000222,0.00000217,-0.
00004050,0.00004237,0.00000156,-0.00001411,-0.00000764,-0.00000932,0.00000591,-0
.00000081,0.00000336,-0.00005982,-0.00001604,-0.00006046,0.00000979,0.00002159,0
.00000769,-0.00003807,0.00001413,-0.00002835,0.00004016,0.00001944,0.00000203,-0
.00001355,-0.00002631,0.00003049,0.00000508,0.00000468,0.00000756,0.00002366,0.0
0001440,-0.00001810,-0.00005897,0.00004200,0.00004719,-0.00002571,0.00001031,0.0
0002864,0.00001282,-0.00008662,0.00001577,0.00020499,-0.00016294,-0.00008656,0.0
0000051,0.00005946,0.00006747,0.00000255,-0.00000382,0.00000457,0.00000338,-0.00
000064,0.00000222,0.00005122,0.00001726,-0.00011544,0.00001838,-0.00000913,0.000
00661,-0.00000085,-0.00000053,-0.00000146,0.00000029,0.00000186,0.00000302,0.000
00306,-0.00000181,0.00000327,0.00000141,-0.00000081,0.00000138,-0.00000323,0.000
00058,0.00000166,0.00000326,-0.00000179,0.00000244,-0.00000099,0.00000013,0.0000
0272,0.00000043,0.00000384,0.00000046,0.00001717,0.00000398,0.00001710,-0.000008
20,0.00000418,-0.00001129,0.00001691,0.00002912,-0.00002202,0.00000319,0.0000019
8,-0.00001912,0.00000043,0.00000288,0.00000464,0.00000253,-0.00001149,-0.0000060
7,-0.00000523,0.00000641,-0.00000395,-0.00000641,-0.00000965,-0.00001126,0.00000
547,-0.00006272,0.00001449,0.00000517,0.00000964,0.00000550,-0.00000975,0.000016
80,-0.00000804,0.00000419,-0.00000285,0.00003570,-0.00000183,-0.00001738,-0.0000
0904,0.00433285,-0.00214669,0.00213304,0.01182702,0.00120762,0.52637953,0.001022
26,-0.00015397,0.00003788,-0.00002470,0.00054900,-0.00090970,0.00004653,0.000206
44,0.00022883,-0.00004596,0.00000064,0.00001823,0.00002561,0.00001248,-0.0000187
1,0.00006163,-0.00002343,-0.00003121,-0.00001328,0.00000797,-0.00000754,-0.01572
117,0.03584613,0.00175103,-0.00035099,-0.00053503,0.00073262,0.00006846,0.000081
16,-0.00000114,0.00436722,-0.00076604,-0.00096782,0.00000104,0.00001801,-0.00033
651,0.00002388,-0.00004968,-0.00004981,0.00005686,0.00000160,-0.00006398,-0.0001
3572,-0.00012068,0.00031147,-0.00002007,-0.00000545,0.00000826,0.00003930,-0.000
00319,0.00003457,-0.00199986,0.00107142,-0.00020518,-0.00005411,0.00002013,-0.00
017866,0.00050450,-0.00121209,0.00066195,0.00003315,-0.00019925,0.00012829,-0.00
002595,0.00007560,-0.00001597,0.00005322,0.00005695,0.00003567,0.00002062,-0.000
03240,0.00006550,-0.00007507,-0.00001457,0.00020710,-0.00001335,0.00012205,0.000
26484,-0.00020431,0.00011383,-0.00033450,-0.00574359,0.00081408,0.00073598,0.000
30014,0.00001062,0.00000924,-0.00001342,-0.00000345,0.00000109,0.00004987,-0.000
05004,-0.00000713,-0.00015249,-0.00026311,-0.00006236,0.00003518,-0.00014793,-0.
00000085,-0.00003387,0.00002549,-0.00005704,-0.00000567,0.00005741,0.00005952,0.
00005704,-0.00004572,-0.00000560,-0.00001736,0.00001409,-0.00001353,-0.00001619,
0.00001781,0.00000385,0.00006530,-0.00004102,-0.00001133,0.00000087,0.00000716,-
0.00000186,-0.00000139,0.00002317,0.00001364,0.00001010,0.00006675,0.00013609,-0
.00008617,-0.00002554,-0.00005708,0.00009964,-0.00015871,-0.00015553,0.00003773,
-0.00011075,-0.00008613,-0.00004217,0.00004463,0.00005752,0.00000133,-0.00007453
,-0.00007091,-0.00002010,0.00003089,0.00000408,-0.00006297,-0.00007299,-0.000102
53,0.00008343,-0.00000465,0.00002995,-0.00007708,0.00004054,0.00017003,0.0000323
5,0.00004185,0.00000419,-0.00006870,0.00000686,0.00002196,-0.00005644,-0.0000910
5,-0.00003496,-0.06287333,-0.00298468,0.00215903,-0.18036205,-0.01106729,0.01731
648,0.48494983,-0.00187162,-0.00146358,0.00036758,0.00153055,-0.00122138,0.00240
526,0.00209175,-0.00109016,0.00010687,0.00029088,0.00008159,-0.00007624,-0.00008
457,0.00004428,0.00010678,-0.00000083,0.00000770,0.00010237,0.00003927,-0.000001
62,0.00006517,0.03492644,-0.01020503,-0.00494490,0.00018225,0.00098304,-0.001483
69,0.00014543,-0.00006766,0.00013887,-0.00671175,-0.00247696,0.00062447,-0.00029
596,0.00035140,0.00054887,-0.00009342,0.00004320,-0.00008547,-0.00005684,0.00013
223,0.00007950,0.00012649,0.00024437,-0.00015539,-0.00012248,-0.00013210,-0.0000
8188,-0.00002016,-0.00005111,-0.00016156,0.00378826,0.00024782,0.00069899,0.0004
0425,0.00029638,0.00088589,-0.00084160,0.00111552,-0.00081946,-0.00104532,-0.000
03601,-0.00038322,0.00042442,-0.00014338,-0.00034441,-0.00009881,-0.00021647,-0.
00012471,-0.00033999,0.00010551,-0.00011592,0.00035423,-0.00007458,-0.00048683,-
0.00012714,-0.00017411,-0.00122020,0.00013789,0.00033822,0.00029898,-0.00256888,
0.00301294,0.00002127,-0.00011802,-0.00110522,0.00036850,-0.00001942,0.00000049,
-0.00003305,-0.00016203,0.00004058,0.00006573,-0.00024516,0.00009849,0.00018761,
-0.00114049,0.00069279,-0.00016101,0.00005971,-0.00005300,0.00025019,0.00006286,
-0.00028472,-0.00028354,-0.00015410,0.00015121,-0.00002855,0.00000285,-0.0000339
2,-0.00000884,0.00004750,-0.00006312,0.00003783,-0.00016496,0.00010901,0.0000370
3,0.00001156,-0.00008617,0.00001161,0.00005202,-0.00003567,-0.00004575,0.0001599
5,-0.00039827,-0.00025745,0.00007291,0.00010054,-0.00000211,0.00019058,0.0003481
2,0.00021876,-0.00000170,0.00007744,0.00004742,0.00000621,-0.00011283,-0.0000778
8,0.00001924,0.00013315,0.00015572,-0.00001477,-0.00001810,-0.00005716,0.0000418
3,0.00024049,0.00024423,-0.00039252,-0.00021599,-0.00027241,0.00006423,-0.000064
28,-0.00025441,-0.00005724,-0.00005510,-0.00001813,-0.00007154,-0.00010146,-0.00
000197,0.00005130,0.00018560,0.00013692,0.00350687,-0.16554744,-0.00205211,-0.00
852198,-0.05984874,0.00131956,0.02848748,0.42058277,-0.00025021,0.00001511,-0.00
003389,-0.00026146,0.00012253,0.00074200,-0.00008500,0.00013281,0.00123622,-0.00
000797,-0.00001783,-0.00000594,0.00002858,0.00001352,-0.00000689,0.00003729,0.00
000762,-0.00001397,-0.00003389,0.00003303,-0.00001788,0.00214739,-0.00483009,-0.
00306228,0.00026004,-0.00009205,-0.00042635,0.00001529,0.00000049,-0.00002341,-0
.00175930,0.00011280,-0.00402557,0.00011072,0.00000612,0.00009396,0.00005432,0.0
0015439,0.00000806,0.00003911,-0.00002926,-0.00002139,0.00022492,0.00005855,-0.0
0009610,0.00004370,0.00003544,0.00000871,-0.00002301,0.00000857,-0.00002422,0.00
048176,-0.00022098,0.00053603,-0.00008230,-0.00018784,-0.00023913,-0.00088443,0.
00040168,0.00033854,-0.00013342,-0.00013519,-0.00036362,0.00000855,0.00013046,-0
.00015906,-0.00003822,-0.00006508,-0.00003260,-0.00007958,0.00002028,-0.00000848
,0.00017955,-0.00030785,-0.00007483,0.00003015,-0.00009109,-0.00012851,-0.000300
99,0.00025278,-0.00010815,0.00150964,0.00017588,0.00120605,0.00033147,-0.0000530
2,0.00015162,-0.00002453,0.00000373,-0.00001016,0.00001574,-0.00000919,-0.000004
68,-0.00011104,-0.00000069,0.00027885,0.00003960,-0.00003766,-0.00013319,-0.0000
2252,0.00001473,0.00001865,0.00001927,-0.00000363,0.00003655,0.00000849,0.000002
17,-0.00001494,-0.00002524,-0.00000464,-0.00001239,-0.00000349,0.00001518,0.0000
1208,-0.00000009,-0.00001348,-0.00001185,0.00001568,-0.00000528,0.00001195,0.000
02144,-0.00000305,-0.00001298,0.00036910,-0.00012404,0.00017146,-0.00006323,-0.0
0005294,-0.00013405,-0.00000958,0.00003712,-0.00004876,-0.00002190,0.00005605,-0
.00005966,0.00005284,-0.00001805,0.00001925,0.00000935,-0.00006068,-0.00003013,-
0.00005353,0.00008008,-0.00003876,-0.00003089,0.00009119,-0.00003588,-0.00032444
,-0.00015957,0.00007429,0.00027286,-0.00008077,-0.00017087,0.00000824,0.00008845
,-0.00002958,0.00001074,-0.00001015,0.00005322,0.00000470,-0.00002837,-0.0000267
7,0.00252227,-0.00150784,-0.04859326,0.01742793,0.00169542,-0.06696405,-0.000611
66,-0.00604854,0.47590037,0.00029324,-0.00040559,-0.00005533,0.00001237,-0.00003
036,-0.00003631,0.00014686,-0.00007314,0.00003900,0.00003362,-0.00005434,0.00002
559,-0.00002431,0.00002546,0.00000152,0.00002374,-0.00001070,0.00000806,-0.00002
198,-0.00001278,0.00001409,0.00046006,-0.00010205,0.00102795,0.00000953,0.000039
20,0.00003443,0.00006519,-0.00002284,0.00001564,-0.00037436,0.00166956,0.0010350
3,-0.00002400,0.00010378,-0.00000786,-0.00004403,0.00007126,-0.00005172,0.000045
59,0.00005171,0.00002892,0.00001075,0.00002442,0.00002030,-0.00001696,-0.0000060
4,-0.00000639,0.00001464,-0.00001050,-0.00001509,0.00014668,-0.00000386,0.000039
98,-0.00003845,-0.00007232,-0.00012003,-0.00011583,-0.00004126,0.00000482,0.0000
2528,0.00002192,0.00001375,0.00003605,-0.00003108,-0.00005050,-0.00004333,0.0000
1099,0.00003245,-0.00003551,-0.00001978,0.00001512,0.00037575,-0.00021885,0.0001
1584,0.00033480,0.00011415,-0.00001276,-0.00002994,0.00010504,-0.00015541,-0.000
02383,0.00047405,0.00000790,-0.00004501,-0.00004301,-0.00001824,0.00000656,-0.00
000675,-0.00000609,-0.00000034,-0.00000420,-0.00000077,-0.00058417,0.00002956,0.
00008893,-0.00002865,0.00000246,0.00000765,0.00000642,-0.00000348,0.00000829,0.0
0000035,-0.00001814,-0.00001140,0.00000021,0.00000273,-0.00000184,0.00000496,-0.
00000066,0.00000082,-0.00000022,-0.00000747,0.00000058,-0.00000325,0.00000627,0.
00000189,0.00000644,0.00000250,-0.00000165,0.00000255,-0.00000388,-0.00000128,-0
.00003566,0.00000547,-0.00004171,0.00000106,0.00000731,0.00002567,-0.00002029,0.
00005139,0.00004322,-0.00000443,0.00002267,0.00001584,0.00001452,0.00000122,-0.0
0001914,0.00000606,0.00000688,0.00000434,0.00001282,-0.00001839,0.00000402,0.000
01224,0.00000044,0.00000668,-0.00000339,-0.00000235,-0.00000482,0.00000978,-0.00
001258,-0.00001748,-0.00000202,-0.00001871,0.00000250,0.00000687,0.00000437,-0.0
0001032,0.00000675,0.00000476,0.00000305,0.00533615,0.00542528,0.00523451,-0.021
86075,-0.01327764,-0.02234643,-0.09144853,-0.02402445,-0.04324097,0.51555326,0.0
0037277,0.00016641,0.00003254,-0.00005415,0.00021811,-0.00040731,-0.00024034,0.0
0022740,0.00004964,-0.00000647,-0.00000393,-0.00000589,0.00002892,0.00000085,-0.
00000729,0.00002019,0.00002286,-0.00000263,0.00000281,0.00001428,-0.00001989,-0.
00287386,0.00177643,0.00006064,-0.00005913,-0.00017387,0.00029596,-0.00005187,0.
00000021,-0.00005631,0.00248182,-0.00195670,-0.00301989,0.00003473,-0.00008949,-
0.00011739,-0.00002128,-0.00004241,0.00000391,0.00003833,-0.00002829,-0.00003982
,0.00000812,-0.00006142,0.00007865,0.00001606,0.00001689,0.00001493,0.00002820,0
.00001996,0.00001042,-0.00086621,0.00013742,-0.00016604,-0.00009609,0.00000226,-
0.00002857,0.00013879,0.00000690,0.00019883,0.00000977,-0.00006334,0.00011318,-0
.00001789,0.00010421,0.00002632,0.00007019,0.00001025,0.00001702,0.00004604,0.00
004463,0.00000664,-0.00004991,-0.00000564,0.00012320,-0.00019905,-0.00019332,0.0
0023541,-0.00001416,0.00013140,-0.00023258,0.00037383,-0.00071151,0.00007238,0.0
0012622,0.00004900,-0.00011869,0.00000343,-0.00001676,0.00000188,0.00002508,-0.0
0001385,-0.00000945,0.00006085,-0.00018276,-0.00003469,0.00014335,-0.00005635,0.
00000482,-0.00000142,0.00000079,-0.00002334,0.00000740,0.00000275,0.00001488,0.0
0002505,-0.00002062,0.00000120,0.00000220,0.00000740,-0.00000116,-0.00000702,0.0
0000667,-0.00000598,0.00003490,-0.00002101,-0.00000464,-0.00001230,0.00000022,0.
00000079,-0.00000896,0.00000972,-0.00000355,0.00004248,0.00008691,0.00006271,-0.
00002772,-0.00001915,-0.00004033,-0.00001235,-0.00004198,-0.00004943,0.00000438,
-0.00002425,-0.00003525,-0.00003033,0.00001225,0.00004403,0.00000673,-0.00003958
,-0.00002721,-0.00000422,0.00001122,-0.00000765,0.00000002,-0.00005961,-0.000035
74,0.00007133,0.00002978,0.00005516,-0.00003077,-0.00000282,0.00009172,0.0000095
5,0.00000698,-0.00000589,0.00001167,0.00001234,-0.00000499,-0.00001837,-0.000038
84,-0.00000683,-0.00689586,-0.03822682,-0.02780321,-0.00441301,-0.00072331,-0.00
288120,-0.02270720,-0.07695352,-0.03536181,-0.02105937,0.51636839,0.00019803,0.0
0018851,-0.00017660,-0.00015659,0.00012612,-0.00015755,-0.00019545,0.00006152,0.
00005843,0.00000786,-0.00000983,-0.00001088,-0.00000850,0.00001104,-0.00000480,-
0.00000684,0.00000805,0.00001733,-0.00001671,0.00000199,0.00000463,-0.00045730,0
.00063106,0.00048361,0.00005276,-0.00008221,0.00008104,-0.00001578,-0.00000290,0
.00000065,0.00207982,-0.00237133,-0.00142632,-0.00003627,-0.00001919,-0.00006031
,0.00003083,-0.00002349,0.00002486,0.00001331,0.00000442,-0.00000872,-0.00001828
,-0.00001877,0.00000785,-0.00000035,0.00000155,-0.00000357,0.00001916,0.00000811
,0.00000244,-0.00049663,-0.00003179,-0.00020283,-0.00000118,-0.00001418,-0.00006
904,0.00002985,-0.00002843,0.00003088,0.00012517,0.00002513,0.00000735,-0.000044
64,-0.00001710,0.00007046,-0.00000814,0.00002322,0.00005538,0.00014608,-0.000053
73,0.00001366,-0.00012571,0.00017944,0.00003724,-0.00000560,0.00005131,0.0001377
4,-0.00008840,-0.00022214,0.00002714,-0.00000067,-0.00017149,0.00010496,0.000078
00,0.00003109,0.00000438,0.00001224,-0.00001663,0.00000063,0.00000774,-0.0000026
0,-0.00000271,-0.00004244,-0.00000620,-0.00017503,0.00004581,-0.00001190,0.00001
152,0.00000373,-0.00000426,0.00000100,-0.00000056,-0.00001094,-0.00000482,0.0000
1039,-0.00000624,0.00000207,0.00000607,-0.00000252,0.00000587,-0.00000913,-0.000
00084,0.00000104,0.00001152,-0.00000351,0.00000117,-0.00000942,0.00000033,-0.000
00046,-0.00000389,-0.00000093,-0.00000201,0.00000395,0.00006295,0.00000104,-0.00
000525,0.00001264,0.00001004,0.00000043,0.00001177,0.00002609,0.00001263,0.00000
270,-0.00000663,-0.00000601,0.00000926,0.00000173,0.00000810,-0.00001615,-0.0000
1448,0.00001031,-0.00001304,0.00000954,0.00000357,-0.00002956,-0.00001692,0.0000
5371,0.00000550,-0.00000411,-0.00003674,0.00000863,0.00002325,-0.00000475,-0.000
00373,0.00000234,0.00001413,-0.00000068,-0.00000195,-0.00000776,-0.00001984,-0.0
0000558,-0.00090921,-0.01139487,-0.00318891,-0.00274236,-0.00051585,-0.00014910,
-0.04312969,-0.03635816,-0.13505294,-0.03221084,-0.02872136,0.47447709,0.0001982
3,-0.00032461,0.00019858,-0.00004651,-0.00007835,0.00015610,0.00017463,-0.000012
21,0.00003818,0.00001989,-0.00002945,0.00001929,-0.00001118,0.00000453,-0.000006
15,0.00001179,-0.00000306,0.00000333,0.00000250,-0.00001495,0.00001586,0.0000806
1,-0.00044039,-0.00081866,0.00006678,0.00004387,-0.00010198,0.00003940,0.0000088
1,0.00000170,-0.00177504,0.00290797,-0.00153869,0.00006316,0.00001023,-0.0000307
4,-0.00001809,0.00001025,-0.00003450,-0.00000540,0.00002234,0.00000909,-0.000087
82,0.00015258,0.00006421,-0.00004766,-0.00001784,-0.00000105,0.00000733,-0.00000
025,-0.00000963,0.00031258,-0.00011236,0.00003415,-0.00004190,-0.00000559,-0.000
01948,-0.00019891,0.00006998,0.00003354,0.00001626,0.00000339,-0.00002069,0.0000
3821,-0.00003801,0.00001081,0.00001670,-0.00001228,0.00000529,-0.00003314,0.0000
3716,-0.00002207,0.00002816,0.00003662,0.00004270,-0.00003222,0.00005437,-0.0000
6064,0.00001291,-0.00001029,0.00001184,0.00008392,0.00053431,-0.00000842,-0.0000
1980,-0.00004873,0.00001899,0.00000609,-0.00000384,-0.00000195,-0.00000206,-0.00
000204,-0.00000152,-0.00006608,-0.00002394,-0.00008985,-0.00003492,-0.00000084,-
0.00000951,-0.00000068,-0.00000257,0.00000826,0.00000029,-0.00000898,-0.00000430
,-0.00000311,0.00000440,-0.00000246,0.00000244,-0.00000176,-0.00000157,0.0000034
6,-0.00000261,0.00000106,-0.00000220,0.00000235,-0.00000179,0.00000424,-0.000004
15,0.00000112,0.00000391,0.00000003,-0.00000619,0.00001539,-0.00001256,0.0000046
3,-0.00000523,-0.00000078,-0.00000215,-0.00003455,0.00004241,0.00000116,-0.00001
330,0.00002856,-0.00000003,0.00002403,-0.00000182,-0.00001445,0.00000534,0.00000
021,0.00000179,-0.00000150,-0.00000035,-0.00000457,0.00000619,0.00001013,-0.0000
0195,-0.00005769,-0.00003361,0.00003081,0.00006825,-0.00001764,-0.00003120,-0.00
000102,0.00000348,-0.00000526,0.00000477,0.00000188,0.00001003,0.00000760,0.0000
0004,-0.00000182,0.00345073,0.00843468,-0.00700066,-0.01306699,-0.01332115,0.025
95977,-0.07091497,-0.01302427,0.02344865,0.00206088,0.00368553,-0.01160537,0.529
44238,0.00045733,0.00008158,-0.00007923,0.00002221,0.00017169,-0.00048581,-0.000
24697,0.00013082,-0.00003887,-0.00000171,-0.00001263,0.00000105,0.00001388,0.000
00650,-0.00000872,0.00001638,0.00001008,0.00000093,-0.00001300,-0.00000042,-0.00
001053,-0.00270114,0.00188670,0.00055988,-0.00007262,-0.00015649,0.00029924,-0.0
0001982,0.00003191,-0.00000339,0.00411078,-0.00244213,0.00272717,-0.00005855,0.0
0001182,-0.00013851,0.00002256,-0.00005464,0.00002547,0.00005139,0.00000547,-0.0
0001344,-0.00015839,-0.00005772,0.00012988,0.00002767,0.00000244,0.00000757,0.00
002378,0.00000915,0.00000521,-0.00101569,0.00024944,-0.00016538,-0.00002386,-0.0
0003502,-0.00011562,0.00035349,-0.00021888,0.00000911,0.00004175,-0.00001205,0.0
0009853,-0.00007959,0.00005995,0.00003080,0.00000629,0.00003415,0.00004230,0.000
05817,-0.00002277,0.00000833,-0.00005550,0.00000755,0.00009712,0.00002027,0.0000
2810,0.00020342,0.00002390,-0.00007217,-0.00008749,0.00003177,-0.00077285,-0.000
19101,0.00008476,0.00022228,-0.00007369,-0.00000073,-0.00001397,0.00000116,0.000
02167,-0.00001350,-0.00000626,0.00006139,-0.00007494,-0.00001900,0.00011412,-0.0
0004548,0.00003318,0.00000618,-0.00000227,-0.00001307,0.00000472,0.00000262,0.00
001802,0.00002541,-0.00001999,0.00000187,0.00000163,0.00000356,0.00000009,-0.000
01215,0.00000504,-0.00000337,0.00002764,-0.00001370,-0.00000007,-0.00000723,0.00
000771,0.00000032,-0.00000659,0.00001030,0.00000119,-0.00003731,0.00010806,0.000
02047,-0.00002525,0.00000498,-0.00000952,-0.00000232,0.00005950,-0.00003425,0.00
001418,-0.00002627,-0.00003406,-0.00002516,0.00001629,0.00004003,0.00000338,-0.0
0003987,-0.00002703,0.00000352,0.00000604,-0.00000509,-0.00001036,-0.00007680,-0
.00003653,0.00008458,-0.00001032,0.00005995,-0.00002134,-0.00000214,0.00009494,0
.00000018,0.00000522,-0.00000544,0.00001360,0.00001200,0.00000519,-0.00001849,-0
.00004647,-0.00001195,0.00107311,-0.03872582,0.02744315,-0.00356609,-0.00084685,
0.00416274,-0.01207370,-0.07966148,0.04298328,0.00107995,0.00466245,-0.00784915,
-0.01259385,0.51418750,-0.00032905,-0.00012815,-0.00006526,0.00008803,-0.0000728
9,0.00007553,0.00000330,-0.00006919,0.00011395,-0.00001009,-0.00000766,0.0000276
9,-0.00001502,-0.00000068,-0.00000239,-0.00001662,-0.00000656,-0.00000662,-0.000
00191,-0.00000461,-0.00000583,0.00047994,-0.00044543,0.00057226,-0.00003678,0.00
006522,-0.00002713,0.00003960,0.00000940,0.00006882,-0.00227983,0.00185142,-0.00
036087,-0.00005789,0.00012803,0.00010145,0.00003186,-0.00001204,0.00000452,-0.00
003381,0.00007398,0.00004440,-0.00006506,0.00004482,-0.00009677,-0.00001589,-0.0
0002677,-0.00002809,-0.00001470,-0.00002514,-0.00000046,0.00042954,-0.00004877,0
.00003185,0.00006599,0.00001599,-0.00001861,0.00006506,0.00002824,-0.00003078,-0
.00008556,0.00003014,-0.00004178,0.00006678,-0.00001540,-0.00005097,-0.00006694,
-0.00000173,-0.00001661,-0.00004406,-0.00003031,-0.00004687,0.00006068,-0.000074
58,-0.00001981,0.00004074,0.00003872,-0.00012802,0.00001794,-0.00003665,-0.00000
912,0.00009104,-0.00004910,0.00000100,-0.00006844,0.00000946,0.00002028,-0.00001
053,0.00001606,-0.00000024,-0.00001057,0.00001117,0.00000616,0.00005708,0.000036
02,-0.00000297,-0.00001878,0.00000787,-0.00000368,-0.00000332,0.00000753,-0.0000
0471,0.00000043,0.00000608,-0.00000043,-0.00000991,0.00000768,0.00000397,0.00000
035,0.00000024,-0.00000248,0.00000285,-0.00000149,-0.00000162,-0.00001736,0.0000
1018,0.00000320,0.00000978,0.00000916,-0.00000020,0.00000180,0.00000188,0.000009
81,-0.00001599,-0.00004591,-0.00003528,0.00001472,0.00000132,0.00000123,0.000014
25,0.00003427,-0.00006946,-0.00000040,-0.00000676,0.00001028,-0.00000598,-0.0000
0026,-0.00000203,-0.00000785,0.00001910,0.00001555,-0.00000724,0.00000672,-0.000
00503,-0.00000204,0.00002242,0.00002896,-0.00004212,-0.00003584,0.00002588,0.000
03184,-0.00001456,-0.00000324,-0.00000241,-0.00000070,-0.00000263,-0.00001398,-0
.00000002,0.00000274,0.00000640,0.00001912,0.00000516,-0.00104081,0.00802399,0.0
0010886,0.00661055,0.00462372,-0.00883437,0.02340946,0.04421743,-0.15342962,0.00
215642,0.00819332,-0.02875285,0.01487221,0.03589594,0.46285843,0.00005488,0.0000
7757,-0.00002502,-0.00010863,0.00001766,-0.00016163,-0.00008526,-0.00000586,-0.0
0002121,-0.00000053,0.00000100,-0.00000089,0.00001153,0.00000245,-0.00000262,-0.
00000145,0.00000227,0.00000176,0.00000422,-0.00000653,-0.00000119,-0.00091865,-0
.00045037,-0.00030835,0.00004368,-0.00001730,0.00009204,-0.00001214,0.00000478,-
0.00000948,0.00055955,0.00035172,0.00011758,-0.00001259,-0.00001294,-0.00000355,
0.00000600,-0.00002387,0.00000887,0.00000308,0.00000016,0.00000613,-0.00002331,-
0.00002789,-0.00001544,0.00000848,0.00000278,-0.00000555,0.00000718,0.00000018,0
.00000323,-0.00005860,-0.00009574,-0.00005862,0.00000626,0.00001681,-0.00001238,
-0.00005674,-0.00001400,0.00004899,0.00010382,0.00002027,0.00006528,-0.00002240,
-0.00000767,0.00003799,0.00001418,0.00000419,0.00001200,0.00003013,0.00001545,-0
.00000738,-0.00004210,0.00003186,0.00004523,-0.00002031,0.00000612,0.00006226,0.
00001936,-0.00007816,0.00001370,0.00026394,-0.00004803,0.00007753,0.00000917,0.0
0005826,-0.00011515,0.00000705,-0.00000234,0.00000124,0.00000335,0.00000429,-0.0
0000105,0.00005497,0.00001738,-0.00006247,0.00002850,0.00000230,0.00000389,0.000
00348,-0.00000185,-0.00000196,0.00000050,-0.00000397,-0.00000323,0.00000315,-0.0
0000176,0.00000226,0.00000666,0.00000104,0.00000311,-0.00000285,-0.00000102,-0.0
0000336,0.00000610,-0.00000048,-0.00000026,-0.00000807,0.00000306,-0.00000297,-0
.00000636,-0.00000071,-0.00000152,-0.00004210,0.00005571,-0.00007301,0.00002846,
-0.00001740,0.00002738,-0.00008386,0.00000378,0.00005148,0.00000356,-0.00000495,
0.00002045,-0.00002033,0.00000082,0.00000035,0.00001092,0.00000292,0.00000007,0.
00001847,-0.00002250,0.00000599,0.00003715,-0.00006741,-0.00001772,0.00014792,0.
00013409,0.00002712,-0.00007008,0.00000603,0.00002916,-0.00000686,-0.00002010,0.
00000675,0.00004694,0.00002037,-0.00001746,0.00000233,-0.00000971,-0.00000248,0.
00217341,-0.00049221,0.00059015,-0.08725733,-0.04934097,-0.08035729,-0.01886774,
-0.01521975,-0.02355674,-0.00671863,-0.00023355,0.00074854,0.00096290,0.00018926
,-0.00107157,0.10260592,-0.00002542,-0.00001922,-0.00000030,0.00004751,-0.000020
55,0.00006766,0.00007509,-0.00003495,-0.00000239,0.00000888,-0.00000094,-0.00000
279,-0.00000018,0.00000215,0.00000364,-0.00000012,0.00000227,0.00000615,0.000001
84,0.00000018,0.00000206,0.00040358,-0.00002373,-0.00006622,-0.00000743,0.000022
81,-0.00003484,0.00000011,-0.00001076,0.00000987,-0.00008733,-0.00007733,0.00010
934,-0.00002285,0.00000646,0.00000853,-0.00000058,-0.00000276,0.00000243,0.00000
240,0.00000186,0.00000299,-0.00000639,0.00000267,-0.00000669,-0.00000349,-0.0000
0629,-0.00000507,0.00000157,-0.00000297,-0.00000513,0.00006147,0.00001039,-0.000
00076,0.00001034,0.00001408,0.00002105,0.00001960,-0.00000575,-0.00004071,-0.000
06327,0.00000317,-0.00001448,0.00000675,-0.00000135,-0.00000035,0.00000091,-0.00
000678,0.00000566,0.00000432,0.00000399,-0.00000774,-0.00000654,0.00001295,0.000
00105,-0.00000272,-0.00001034,-0.00001270,-0.00000013,-0.00001323,0.00000303,-0.
00000044,0.00002697,-0.00001304,0.00001121,0.00003385,0.00006551,0.00000292,-0.0
0000610,-0.00000337,-0.00000634,0.00000372,0.00000334,0.00001017,-0.00000026,-0.
00001854,-0.00002846,0.00002586,-0.00000276,0.00000359,-0.00000148,0.00000568,0.
00000436,-0.00001181,-0.00001321,-0.00000756,0.00000703,0.00000006,0.00000041,-0
.00000299,-0.00000057,0.00000356,-0.00000227,0.00000161,-0.00000963,0.00000504,0
.00000143,0.00000063,-0.00000558,0.00000217,0.00000232,-0.00000026,-0.00000336,0
.00002306,-0.00001638,0.00000769,-0.00000835,0.00000848,-0.00002127,0.00006792,-
0.00004087,-0.00002282,0.00001155,-0.00002109,-0.00000895,-0.00000269,0.00000140
,0.00000315,-0.00000141,0.00000609,0.00000506,-0.00001167,0.00001053,-0.00000049
,-0.00003398,0.00002543,0.00000979,0.00003983,-0.00005574,-0.00004969,-0.0000337
8,0.00003122,0.00000923,-0.00001334,0.00001296,0.00000065,-0.00001897,-0.0000235
4,0.00002295,-0.00000662,0.00000845,0.00000409,0.00002043,0.00047974,0.00029587,
-0.04929084,-0.09819574,-0.08773359,-0.00286643,-0.00110716,-0.00192977,-0.00093
935,0.00030780,0.00008229,0.00001970,-0.00002325,-0.00016668,0.05867512,0.109514
58,0.00006408,0.00004078,-0.00001420,-0.00012160,-0.00002791,-0.00009178,-0.0000
1090,-0.00001433,-0.00005880,0.00000757,0.00000508,-0.00000572,0.00000033,0.0000
0137,0.00000554,-0.00000354,0.00000551,0.00000796,0.00000346,0.00000275,0.000000
40,-0.00018318,-0.00024626,-0.00010784,0.00007302,0.00002831,0.00003603,-0.00001
836,-0.00001480,-0.00001886,0.00027323,0.00030391,0.00004308,-0.00001387,-0.0000
3837,-0.00000904,-0.00000891,-0.00001134,0.00000488,0.00000265,-0.00001379,0.000
00115,-0.00000034,-0.00000675,0.00000405,0.00000176,0.00000289,0.00000284,0.0000
0559,0.00000404,-0.00000029,0.00001381,-0.00007347,-0.00003776,-0.00000226,0.000
02481,0.00002880,-0.00011001,-0.00003300,0.00008422,0.00011509,0.00001996,0.0000
6671,-0.00001960,-0.00001415,0.00003612,0.00002523,0.00000119,0.00000717,0.00002
318,0.00002039,0.00000086,-0.00001986,0.00003301,0.00001036,-0.00001203,-0.00001
131,0.00003742,0.00001851,-0.00002911,-0.00001324,0.00011608,0.00008574,0.000013
06,-0.00003259,0.00005079,-0.00011290,0.00000853,-0.00000841,-0.00000119,-0.0000
0083,0.00000501,0.00000047,0.00001461,-0.00000288,-0.00001952,-0.00000058,0.0000
1023,0.00000158,0.00000291,-0.00000359,0.00000018,0.00000221,-0.00001178,-0.0000
1023,-0.00000225,0.00000435,0.00000110,0.00000548,-0.00000054,0.00000170,-0.0000
0057,-0.00000048,-0.00000339,0.00000021,0.00000292,0.00000049,-0.00000605,0.0000
0131,-0.00000018,-0.00000199,-0.00000148,-0.00000101,-0.00006641,0.00003992,-0.0
0002951,0.00002616,-0.00000493,-0.00000764,-0.00005187,0.00003779,-0.00000022,-0
.00003374,0.00002237,0.00000908,0.00000563,-0.00000212,-0.00000553,0.00000995,-0
.00000023,0.00000405,0.00000573,-0.00000942,0.00000027,0.00001517,-0.00003710,-0
.00000744,0.00004120,-0.00001154,0.00012362,0.00002976,-0.00000243,-0.00000505,0
.00000137,-0.00001220,-0.00000777,0.00003981,0.00003395,-0.00000537,0.00001689,-
0.00001329,-0.00000360,-0.00004356,0.00064812,0.00033003,-0.08036234,-0.08815512
,-0.18767427,-0.00160558,0.00066831,0.00146112,-0.00023469,0.00000033,0.00054165
,0.00098601,0.00025981,0.00071978,0.09352356,0.10220363,0.21524854,0.00001041,0.
00007153,-0.00005261,-0.00013230,0.00006961,0.00000137,-0.00010118,0.00003385,0.
00008784,-0.00000697,-0.00000081,0.00000024,0.00001957,0.00000310,-0.00000292,0.
00000800,0.00000109,-0.00000302,-0.00000594,0.00000652,-0.00000822,-0.00069821,-
0.00036170,0.00051121,0.00009212,-0.00006234,-0.00004554,0.00000513,0.00000195,-
0.00001301,0.00038305,0.00027404,-0.00020602,0.00001834,0.00000106,-0.00000220,0
.00000761,0.00001481,-0.00000179,0.00002097,-0.00000334,-0.00000106,0.00002504,-
0.00002927,-0.00001019,0.00002052,0.00001331,0.00000114,0.00000367,0.00000242,0.
00000089,-0.00003052,-0.00005055,0.00003259,-0.00001371,-0.00004647,-0.00005485,
-0.00012388,0.00000585,0.00006512,0.00008758,-0.00001115,-0.00002478,-0.00001160
,0.00003117,-0.00001444,0.00000391,-0.00001277,0.00000412,0.00000248,0.00000812,
0.00000063,0.00000877,-0.00003642,0.00001304,-0.00002651,-0.00002505,0.00001997,
-0.00005076,0.00000115,0.00000977,0.00020286,-0.00011920,-0.00011006,0.00009320,
0.00014625,0.00001785,-0.00000251,0.00000039,0.00000134,0.00000872,-0.00000289,-
0.00000246,0.00001630,0.00000044,0.00003056,0.00003239,-0.00001044,0.00001255,-0
.00000058,0.00000085,-0.00000147,0.00000257,-0.00000209,0.00000794,0.00000876,-0
.00000535,-0.00000181,-0.00000358,0.00000057,0.00000039,-0.00000495,0.00000721,0
.00000084,0.00000867,-0.00000486,-0.00000171,-0.00000351,0.00000060,0.00000142,-
0.00000002,0.00000013,-0.00000557,0.00003027,0.00002414,0.00001277,-0.00000917,-
0.00002768,-0.00002045,-0.00002304,-0.00000137,-0.00000313,0.00000241,-0.0000055
6,-0.00001249,-0.00000181,0.00000010,0.00000873,0.00000896,-0.00001735,-0.000012
87,-0.00000297,0.00000963,-0.00000496,0.00000287,-0.00001819,-0.00002397,0.00002
025,0.00001702,0.00002558,0.00000211,-0.00001303,0.00000187,0.00000089,0.0000170
2,-0.00000398,0.00003342,0.00000655,0.00000131,-0.00000794,-0.00001975,-0.000012
39,0.00185316,-0.00067941,-0.00107027,-0.05096091,-0.02305766,0.03761662,-0.0101
2477,-0.01573010,0.02643568,0.00093545,0.00005749,0.00096499,-0.00623781,-0.0002
2357,0.00135444,0.00284396,0.00622604,-0.01195141,0.06007055,-0.00004276,-0.0000
2747,0.00000896,0.00012150,-0.00001246,0.00008798,0.00007398,-0.00003994,0.00003
373,0.00000800,-0.00000216,-0.00000301,0.00000423,0.00000241,0.00000404,0.000004
45,0.00000228,0.00000465,0.00000161,0.00000064,0.00000207,0.00039936,-0.00002661
,-0.00005147,-0.00004617,0.00002642,-0.00003991,0.00000050,-0.00001051,0.0000037
2,-0.00012755,-0.00006241,-0.00009208,-0.00000692,0.00001167,0.00001014,-0.00000
074,0.00001026,-0.00000303,0.00001299,-0.00000138,0.00000084,0.00000881,-0.00000
815,-0.00000247,0.00000287,-0.00000170,-0.00000206,0.00000099,-0.00000099,-0.000
00776,0.00008296,0.00002319,0.00003349,0.00000260,-0.00000549,0.00000745,0.00006
195,0.00000074,-0.00005141,-0.00009548,-0.00000951,-0.00004034,0.00000826,0.0000
1599,-0.00002084,-0.00000126,-0.00001174,0.00000104,-0.00000929,0.00000121,-0.00
000156,0.00000634,-0.00001212,-0.00001169,-0.00000972,-0.00001962,-0.00002922,-0
.00001009,0.00002637,0.00000237,-0.00002925,0.00002068,-0.00000246,0.00005155,-0
.00002709,-0.00003018,0.00000063,-0.00000501,-0.00000284,-0.00000449,0.00000127,
0.00000308,-0.00000207,-0.00000601,0.00001913,-0.00003196,0.00002596,-0.00000807
,0.00000328,0.00000059,0.00000966,0.00000586,-0.00000894,-0.00000795,-0.00000706
,0.00000583,-0.00000061,-0.00000132,-0.00000247,-0.00000058,0.00000376,-0.000002
63,0.00000256,-0.00000888,0.00000379,0.00000099,0.00000143,-0.00000616,0.0000008
9,0.00000259,-0.00000098,-0.00000447,0.00001051,-0.00000469,-0.00000484,0.000000
31,0.00000004,0.00001434,0.00000462,-0.00002129,-0.00000876,0.00001343,-0.000015
51,0.00000379,-0.00000397,0.00000126,0.00000279,-0.00000588,0.00001071,0.0000095
7,-0.00000032,0.00000201,-0.00000364,0.00000010,0.00000277,0.00001069,-0.0000103
5,0.00004384,-0.00002771,-0.00001419,0.00000556,0.00001095,0.00000353,-0.0000076
5,0.00000670,-0.00002094,-0.00001558,-0.00002023,-0.00001104,0.00001921,0.000014
17,-0.00001428,0.00051883,-0.00034606,-0.02314857,-0.10669704,0.10338056,-0.0023
3907,-0.00124705,0.00277093,0.00010314,-0.00002508,0.00011840,-0.00092838,0.0003
0241,0.00018510,0.00215393,0.00728916,-0.01227904,0.02808784,0.11932088,-0.00003
560,-0.00002466,0.00003528,0.00019538,-0.00001647,0.00008479,0.00010918,0.000001
80,-0.00010435,-0.00000612,0.00001103,-0.00000274,-0.00001096,-0.00000457,-0.000
00090,-0.00000559,-0.00000467,-0.00000355,0.00000563,-0.00000203,0.00000592,0.00
039148,0.00041433,-0.00032798,-0.00013223,0.00001243,0.00000281,-0.00000494,0.00
000013,0.00001459,-0.00038561,-0.00043855,0.00020958,-0.00001369,-0.00000931,0.0
0000485,-0.00000368,-0.00002197,0.00000286,-0.00002884,-0.00000458,-0.00000193,-
0.00002239,0.00002487,-0.00000296,-0.00001454,-0.00000736,0.00000118,-0.00000426
,-0.00000325,0.00000560,-0.00001074,0.00006987,-0.00003829,0.00001150,0.00003785
,0.00007538,0.00019336,0.00002655,-0.00012394,-0.00017820,-0.00001714,-0.0000127
8,0.00001267,-0.00003528,0.00000864,0.00000241,0.00000931,-0.00001142,-0.0000076
9,-0.00000343,-0.00000294,0.00000464,0.00002412,-0.00001256,0.00001432,0.0000142
0,-0.00002045,0.00001668,0.00000504,0.00002091,-0.00018418,-0.00004809,0.0000768
9,-0.00001927,-0.00012623,0.00010691,-0.00000031,0.00000565,0.00000170,-0.000003
25,-0.00000178,-0.00000027,-0.00000901,0.00000724,-0.00001663,-0.00001535,0.0000
0321,-0.00000462,-0.00000529,0.00000379,-0.00000777,-0.00000425,0.00000654,-0.00
000445,-0.00000160,-0.00000092,0.00000013,0.00000003,0.00000066,-0.00000102,0.00
000424,-0.00000427,0.00000178,-0.00000102,-0.00000113,0.00000158,0.00000152,-0.0
0000381,0.00000109,-0.00000071,0.00000344,0.00000273,0.00003198,-0.00004527,-0.0
0002196,-0.00001463,0.00001921,0.00001496,0.00005047,-0.00003163,0.00000921,0.00
003212,-0.00002781,0.00000575,-0.00000975,0.00000138,0.00000120,-0.00001445,0.00
001386,0.00000566,-0.00000248,-0.00000123,0.00000848,-0.00002043,0.00004233,0.00
002379,-0.00000517,0.00000613,-0.00012017,-0.00004854,0.00001710,0.00001233,-0.0
0000566,-0.00000088,0.00001402,-0.00005344,-0.00003714,-0.00000213,-0.00000989,0
.00002944,0.00001368,-0.00044167,-0.00044338,0.00061796,0.03760984,0.10369955,-0
.21592228,0.00512478,0.00402317,-0.00707408,-0.00104087,-0.00030822,0.00069753,0
.00227141,0.00006867,0.00006003,0.00272307,0.01250409,-0.02740939,-0.04491669,-0
.12063684,0.24839648,-0.00019497,-0.00010837,0.00002820,0.00003645,-0.00008493,0
.00011544,0.00015159,-0.00006331,0.00000965,0.00001567,0.00000419,-0.00000666,-0
.00000262,0.00000046,0.00000582,0.00000289,-0.00000191,0.00000569,0.00001289,-0.
00000603,0.00000774,0.00013144,0.00161725,0.00001663,0.00001258,0.00004334,-0.00
006838,0.00001805,-0.00001677,0.00001025,-0.00003485,-0.00024106,-0.00002498,-0.
00001677,0.00003307,0.00002557,0.00000049,0.00001383,0.00000037,0.00000226,0.000
01592,-0.00000023,0.00001003,0.00003191,-0.00002251,-0.00000736,-0.00000778,-0.0
0000332,-0.00000246,-0.00000458,-0.00000895,0.00020195,0.00005541,0.00004416,0.0
0004735,0.00000983,0.00004352,-0.00005410,0.00000104,-0.00000411,-0.00001235,0.0
0001444,-0.00002947,0.00002586,-0.00000689,-0.00001821,0.00000220,-0.00001379,-0
.00001051,-0.00002861,0.00000157,-0.00001059,0.00002199,0.00000121,-0.00004119,-
0.00000137,-0.00000454,-0.00007573,0.00001243,0.00001940,0.00004249,-0.00064388,
0.00022993,0.00004817,-0.00006727,-0.00004563,0.00002973,0.00000377,-0.00000196,
-0.00000352,-0.00000974,0.00000395,0.00000708,-0.00001538,0.00002873,0.00001312,
-0.00008870,0.00004442,-0.00000725,0.00000174,-0.00000133,0.00001262,0.00000409,
-0.00001344,-0.00001394,-0.00001186,0.00001100,0.00000097,0.00000225,-0.00000364
,-0.00000017,0.00000424,-0.00000704,0.00000391,-0.00001478,0.00000734,-0.0000003
3,0.00000156,-0.00001037,0.00000007,0.00000693,-0.00000502,-0.00000667,-0.000008
67,-0.00002988,-0.00000195,0.00000617,0.00000222,0.00000557,0.00001098,0.0000161
5,0.00002138,0.00000661,0.00000630,-0.00000005,0.00000772,-0.00001462,-0.0000140
3,0.00000707,0.00000922,0.00000986,0.00000245,-0.00000730,-0.00000440,0.00001383
,0.00000917,0.00000558,-0.00005611,0.00002896,-0.00000041,0.00001395,-0.00001278
,-0.00003829,-0.00000168,-0.00000813,0.00000039,-0.00000570,0.00000769,-0.000001
37,0.00000528,0.00000631,0.00000750,-0.00826748,0.00185949,0.00131760,-0.0729617
2,0.08058691,0.00632346,-0.01222545,0.02694585,0.00241422,0.00051006,0.00049212,
0.00027210,0.00052018,0.00041428,-0.00040009,0.00514542,-0.01213457,-0.00133830,
0.00261335,-0.00411015,-0.00071103,0.08555949,0.00016714,0.00013241,-0.00004856,
-0.00015313,0.00009766,-0.00020042,-0.00021625,0.00008965,0.00001882,-0.00003374
,-0.00000203,0.00000905,0.00000594,-0.00000151,-0.00001404,0.00000301,-0.0000024
9,-0.00001390,-0.00000865,0.00000130,-0.00001036,-0.00136489,-0.00008491,0.00019
643,0.00003666,-0.00008420,0.00011003,-0.00001457,0.00002508,-0.00000972,0.00060
127,0.00026226,-0.00004464,0.00002174,-0.00002895,-0.00002713,0.00000537,-0.0000
0619,0.00000529,-0.00000357,-0.00001580,0.00000213,-0.00000911,-0.00002235,0.000
01589,0.00000855,0.00001171,0.00000591,0.00000107,0.00000565,0.00001491,-0.00028
987,-0.00002945,-0.00004870,-0.00001938,-0.00002148,-0.00005975,-0.00000064,0.00
001751,0.00007490,0.00012670,-0.00000771,0.00004627,-0.00003214,0.00002313,0.000
00857,-0.00001764,0.00000697,0.00001287,0.00002935,-0.00001959,0.00000766,-0.000
02416,-0.00001292,0.00003942,0.00001890,0.00000046,0.00008341,-0.00001487,-0.000
02726,-0.00002127,0.00031274,-0.00023073,-0.00000735,0.00002031,0.00006972,-0.00
007066,-0.00000412,0.00001077,0.00000712,0.00002033,-0.00000873,-0.00001014,0.00
001088,-0.00000677,-0.00001392,0.00009810,-0.00005283,0.00001654,-0.00000720,0.0
0000627,-0.00002178,-0.00000799,0.00001851,0.00002202,0.00002075,-0.00001881,-0.
00000100,-0.00000148,0.00000685,0.00000136,-0.00000974,0.00000826,-0.00000315,0.
00002349,-0.00001334,-0.00000066,-0.00000538,0.00001023,-0.00000072,-0.00000924,
0.00000776,0.00000353,-0.00001581,0.00004758,0.00000648,0.00000760,-0.00001470,-
0.00000491,-0.00003971,0.00001204,-0.00000215,-0.00001113,0.00000132,-0.00000227
,-0.00001101,0.00000814,0.00001245,-0.00000094,-0.00001708,-0.00001838,0.0000022
5,0.00000170,0.00000471,0.00001035,-0.00002844,-0.00001693,0.00005049,0.00002100
,0.00005421,-0.00001221,-0.00001267,0.00002941,0.00000504,0.00000957,-0.00000342
,0.00003885,0.00002707,-0.00000388,0.00000084,-0.00002182,-0.00001797,0.00235841
,0.00040002,-0.00033858,0.08172067,-0.25395075,-0.01702810,0.00261254,-0.0029747
9,-0.00045022,-0.00077544,0.00029479,0.00006916,-0.00075331,0.00029157,0.0001631
4,0.00484235,-0.01839830,-0.00368614,0.00598706,-0.01963758,0.00126260,-0.094458
19,0.29317326,0.00001226,0.00001562,0.00000259,0.00002258,-0.00000135,-0.0000068
6,-0.00002000,0.00000419,-0.00001249,-0.00000721,0.00000067,-0.00000099,0.000001
80,-0.00000008,-0.00000103,0.00000194,-0.00000057,-0.00000215,0.00000092,-0.0000
0083,-0.00000044,-0.00000832,-0.00025016,0.00016911,-0.00000990,-0.00000320,0.00
000904,-0.00000286,0.00000794,-0.00000174,-0.00001083,0.00004609,-0.00007073,0.0
0000659,0.00000063,0.00000134,0.00000516,-0.00000137,0.00000469,-0.00000340,-0.0
0000699,0.00000049,-0.00000125,-0.00000953,0.00000332,0.00000093,0.00000219,0.00
000363,-0.00000054,0.00000168,0.00000063,-0.00001997,-0.00000366,-0.00000385,-0.
00000051,-0.00000767,-0.00000507,0.00001473,0.00001983,-0.00000034,-0.00000619,-
0.00000334,-0.00000107,-0.00000391,0.00000282,-0.00000397,-0.00000095,-0.0000004
0,-0.00000128,0.,-0.00000320,0.00000095,-0.00000180,-0.00000396,0.00000203,0.000
00119,-0.00000150,0.00000294,0.00000239,0.00000470,-0.00000323,0.00009227,-0.000
03786,-0.00001115,0.00002245,-0.00003259,-0.00005596,-0.00000085,0.00000171,0.00
000063,0.00000264,-0.00000130,-0.00000241,-0.00000057,-0.00000263,0.00000527,0.0
0001474,-0.00000585,0.00000317,-0.00000099,0.00000148,-0.00000339,-0.00000062,0.
00000266,0.00000369,0.00000309,-0.00000251,-0.00000049,0.00000062,0.00000058,-0.
00000088,-0.00000082,-0.00000003,-0.00000131,0.00000297,-0.00000108,-0.00000042,
-0.00000138,0.00000168,-0.00000052,-0.00000173,0.00000143,0.00000023,-0.00000291
,0.00000818,0.00000986,0.00000405,-0.00000214,0.00001047,-0.00000580,-0.00002037
,-0.00000196,-0.00000047,-0.00000137,0.00000938,-0.00000465,0.00000095,0.0000032
7,-0.00000307,0.00000170,-0.00000036,0.00000250,-0.00000119,0.00000148,0.0000085
1,-0.00000650,0.00000174,-0.00000718,0.00005595,-0.00000080,-0.00001452,-0.00000
046,0.00001204,0.00000615,-0.00000534,0.00000266,0.00000034,0.00000209,-0.000016
04,-0.00000245,0.00000366,0.00000261,0.00131220,-0.00025210,0.00021208,0.0063401
2,-0.01684408,-0.04419565,0.00190318,-0.00415682,-0.00044893,-0.00055997,0.00013
096,0.00001789,0.00035581,-0.00024338,-0.00003289,0.00768697,-0.02562421,-0.0034
7633,-0.00913884,0.02727603,0.00036631,-0.00795101,0.01974926,0.04790095,-0.0000
5266,0.00011357,-0.00007703,0.00015007,0.00010484,0.00007287,-0.00005476,0.00006
831,0.00008879,-0.00001335,0.00001300,-0.00000143,0.00005633,0.00000995,-0.00000
910,0.00002356,0.00001003,-0.00001383,-0.00000609,0.00002294,-0.00001591,0.00001
886,-0.00008689,0.00043916,-0.00004334,-0.00003982,-0.00003269,0.00000744,0.0000
1391,0.,-0.00037397,0.00035276,0.00009558,0.00000251,-0.00001088,0.00000917,0.00
003267,0.00000161,-0.00001194,0.00003092,-0.00002187,-0.00000418,-0.00001052,-0.
00003026,-0.00004699,0.00003172,0.00001707,-0.00001962,0.00000325,-0.00000339,-0
.00000108,0.00007457,-0.00000093,0.00009351,-0.00000729,-0.00005119,-0.00001700,
0.00002706,0.00004854,-0.00001799,-0.00009378,-0.00006607,-0.00008516,0.00005721
,0.00009192,-0.00006367,0.00000786,-0.00004021,0.00000465,-0.00004266,0.00008389
,-0.00003184,-0.00006489,-0.00014397,0.00010493,-0.00014382,-0.00021649,-0.00005
673,-0.00031735,0.00027827,0.00012499,-0.00003790,0.00016476,-0.00011666,0.00004
401,-0.00001374,-0.00000430,-0.00000600,0.00000407,0.00000255,0.00000777,-0.0000
0412,-0.00000302,0.00024703,-0.00000394,-0.00004428,0.00000562,0.00000351,0.0000
1202,-0.00000353,0.00000541,-0.00000166,0.00000419,-0.00000191,0.00000463,0.0000
0714,-0.00000591,-0.00000547,-0.00001022,0.00000080,-0.00000074,0.00000027,0.000
00873,0.00000246,0.00000721,-0.00000616,-0.00000296,-0.00000339,-0.00000620,0.00
000137,0.00000115,-0.00000040,-0.00001086,0.00001248,0.00000488,0.00000465,-0.00
001357,-0.00001053,-0.00000270,0.00000026,-0.00001384,-0.00000908,0.00000226,-0.
00001320,-0.00000563,0.00000035,0.00000229,0.00000417,-0.00000276,-0.00000423,-0
.00000426,-0.00000319,0.00000790,-0.00000305,-0.00000436,0.00000234,-0.00000430,
0.00000579,0.00000496,-0.00000954,-0.00001116,-0.00000093,0.00000748,0.00000580,
0.00000595,-0.00000056,-0.00000474,-0.00000302,-0.00000515,-0.00000710,-0.000000
57,0.00000094,0.00015318,0.00065448,0.00075934,0.00055243,0.00028948,-0.00090676
,0.00210607,0.00651355,-0.01142428,-0.05300526,-0.02425341,0.03994282,-0.0007359
2,-0.00105869,-0.00211250,0.00003507,0.00000993,0.00017487,-0.00056216,-0.000407
91,-0.00023102,-0.00006750,0.00008949,-0.00003416,0.05841558,-0.00005160,-0.0000
5279,0.00002242,0.00007375,-0.00007520,0.00001921,0.00009804,-0.00004074,-0.0000
0916,0.00001203,-0.00000165,-0.00000580,0.00000413,0.00000200,0.00000518,0.00000
043,0.00000296,0.00001133,0.00000775,-0.00000523,0.00000348,0.00030889,-0.000285
48,-0.00011560,-0.00002795,0.00007032,-0.00000530,-0.00000187,-0.00001987,-0.000
00211,-0.00026195,0.00024501,0.00004839,-0.00001483,0.00000914,0.00000403,-0.000
00409,0.00000680,-0.00000261,0.00002144,-0.00001055,-0.00000333,-0.00000200,-0.0
0001244,-0.00000612,0.00000227,-0.00000050,0.00000048,0.00000446,0.00000205,-0.0
0000875,0.00015577,-0.00003367,0.00002429,0.00000271,-0.00000404,0.00002531,-0.0
0000405,-0.00001707,-0.00001987,-0.00002681,0.00002866,0.00000284,0.00001955,0.0
0002354,-0.00001512,-0.00001015,-0.00000891,0.00000081,-0.00002381,-0.00000463,0
.00001170,-0.00001324,0.00000707,-0.00001451,0.00000572,-0.00005329,-0.00002852,
0.00009680,0.00011561,-0.00002422,-0.00002814,0.00017752,0.00004209,-0.00005243,
-0.00003592,-0.00004817,0.00000249,-0.00000618,-0.00000259,-0.00000819,0.0000014
2,0.00000284,0.00002557,-0.00003721,0.00003390,-0.00004531,0.00003593,-0.0000124
6,0.00000377,0.00000111,0.00001347,0.00000307,-0.00001098,-0.00001321,-0.0000105
9,0.00000762,-0.00000004,0.00000162,-0.00000129,0.00000137,0.00000449,-0.0000070
9,0.00000151,-0.00000974,0.00000573,0.00000179,-0.00000061,-0.00000710,-0.000000
11,0.00000211,-0.00000322,-0.00000275,-0.00001582,-0.00000027,-0.00000987,0.0000
0917,0.00001084,0.00001885,-0.00000130,0.00000157,0.00000775,-0.00000254,0.00000
227,0.00001010,0.00000328,0.00000125,-0.00000797,-0.00000288,0.00001377,0.000012
79,0.00000320,-0.00000788,-0.00000061,0.00000447,0.00000200,0.00001471,0.0000056
1,0.00000817,-0.00000830,-0.00000603,0.00000650,0.00000042,-0.00000247,-0.000012
33,-0.00000030,-0.00000430,-0.00000295,-0.00000696,0.00000422,0.00001437,0.00001
092,-0.00021187,0.00153539,0.00016479,0.00038088,0.00021153,-0.00027634,0.001812
03,0.00585380,-0.00990964,-0.02302117,-0.10819964,0.10363663,-0.00090540,-0.0004
4508,-0.00184575,0.00003879,-0.00006990,-0.00009758,-0.00007481,0.00029584,-0.00
012895,0.00000365,-0.00020605,0.00016712,0.02827107,0.12136523,-0.00015943,-0.00
000519,0.00007967,0.00010943,-0.00014975,-0.00001936,0.00014662,-0.00008123,-0.0
0018307,-0.00001684,0.00001239,0.00000495,-0.00003697,-0.00001647,0.00000071,-0.
00003040,-0.00000989,-0.00000984,0.00000960,-0.00000710,0.00000891,0.00048085,0.
00014296,-0.00110878,-0.00010730,0.00007012,0.00006055,-0.00002019,0.00000528,0.
00002462,-0.00027679,-0.00039954,0.00046094,0.00000364,0.00000625,0.00003198,-0.
00001089,-0.00003335,0.00001403,-0.00006661,0.00001512,0.00001135,-0.00002954,0.
00003336,0.00000425,-0.00002577,-0.00002250,0.00000298,-0.00001726,-0.00000728,0
.00001131,0.00004410,0.00003491,-0.00010423,0.00005067,0.00008429,0.00009204,0.0
0011374,-0.00000868,-0.00005283,-0.00008732,0.00004592,0.00006838,-0.00001018,-0
.00009667,0.00003452,-0.00003103,0.00003188,-0.00001944,-0.00001050,-0.00002614,
-0.00000978,0.00002614,0.00005680,-0.00002749,0.00008908,0.00014738,-0.00004255,
0.00024964,-0.00019977,0.00011157,-0.00005686,-0.00019096,0.00019800,-0.00013589
,-0.00010806,-0.00002070,-0.00000129,0.00001479,0.00000447,-0.00000989,0.0000089
8,0.00000190,-0.00002860,0.00004812,-0.00006239,-0.00001989,-0.00000141,-0.00001
028,-0.00000551,0.00000303,-0.00001363,-0.00000950,0.00001606,-0.00000050,-0.000
00891,0.00000398,0.00000394,0.00000567,0.00000126,0.00000027,0.00000798,-0.00000
639,-0.00000239,-0.00000979,0.00000497,0.00000232,0.00000568,0.00000559,-0.00000
149,-0.00000421,0.00000538,0.00000821,-0.00003185,-0.00003210,-0.00003368,0.0000
1613,0.00002276,0.00002759,0.00001823,-0.00000268,0.00001871,0.00000796,0.000000
45,0.00002328,-0.00000703,-0.00000342,-0.00000727,-0.00001044,0.00002442,0.00001
291,0.00000629,-0.00001203,0.00000950,-0.00000030,0.00002072,0.00002310,0.000001
10,0.00000938,-0.00004142,-0.00002450,0.00001659,-0.00000171,-0.00000032,-0.0000
2032,0.00001322,-0.00002643,-0.00000576,-0.00000866,0.00000517,0.00002626,0.0000
1031,0.00045544,0.00098873,0.00210787,0.00096169,0.00047952,0.00078572,0.0024924
9,0.01117001,-0.02716771,0.03930973,0.10365130,-0.20976186,-0.00268968,-0.002686
92,-0.00451114,0.00036901,0.00010702,0.00028683,-0.00061891,-0.00038929,0.000336
03,-0.00004228,0.00002437,-0.00009992,-0.04416271,-0.11972329,0.24505213,-0.0002
9865,-0.00002460,-0.00000271,-0.00000436,-0.00005670,0.00003013,0.00005904,-0.00
006154,-0.00002275,-0.00000937,0.00002011,-0.00001251,-0.00000756,0.00000148,0.0
0000294,-0.00001057,-0.00001020,-0.00000188,0.00001479,-0.00002243,0.00000963,-0
.00030774,-0.00040232,-0.00026184,0.00001449,0.00004318,-0.00003098,0.00000720,0
.00000542,0.00001199,-0.00061451,0.00071875,0.00081418,0.00000820,0.00001017,0.0
0004550,0.00003180,0.00001085,0.00001784,-0.00003164,-0.00001219,0.00001135,-0.0
0000502,0.00002141,-0.00004827,-0.00000347,0.00000641,-0.00000009,-0.00001284,-0
.00000244,0.00000458,0.00028595,-0.00010106,0.00001186,0.00005317,-0.00000028,0.
00002926,-0.00000097,-0.00001180,-0.00003249,-0.00000899,0.00002536,0.00001320,0
.00000013,-0.00007764,0.00002565,-0.00001825,0.00000730,-0.00001103,0.00000354,0
.00001414,-0.00002680,-0.00004104,0.00001415,-0.00000790,0.00003606,0.00009933,-
0.00003841,0.00002246,-0.00018722,0.00015290,0.00005429,0.00010515,0.00003886,-0
.00000500,0.00003232,-0.00001606,0.00000796,0.00000949,0.00000053,-0.00000531,0.
00000923,0.00000505,0.00003963,0.00023520,-0.00005951,-0.00003750,0.00002579,-0.
00000711,-0.00000228,0.00000066,0.00000083,-0.00000265,0.00000268,-0.00000187,-0
.00000900,0.00000761,0.00000329,0.00000599,-0.00000224,0.00000149,0.00000242,-0.
00000585,0.00000104,-0.00001118,0.00000554,-0.00000062,0.00000026,-0.00000336,-0
.00000143,0.00000161,-0.00000422,-0.00000191,0.00000237,-0.00000326,-0.00000767,
0.00001247,0.00000510,0.00000275,0.00000036,-0.00001352,-0.00000495,0.00000337,-
0.00000010,0.00000506,-0.00000757,-0.00001081,-0.00000152,0.00000157,0.00001041,
0.00000801,-0.00000222,-0.00000026,-0.00000252,0.00000601,0.00000301,0.00000880,
0.00000899,0.00001274,0.00000428,-0.00001170,0.00000269,-0.00000301,-0.00000255,
-0.00000025,-0.00000166,0.00000438,0.00000305,-0.00000070,0.00000571,0.00001007,
0.00000447,-0.00059954,-0.00331793,-0.00218880,0.00024293,-0.00064238,-0.0003251
2,0.00387437,-0.01006863,-0.00096128,-0.07187838,0.08004567,0.00801810,0.0000826
0,-0.00013549,0.00022118,0.00002708,0.00007097,0.00006285,-0.00005774,-0.0000384
1,0.00005758,-0.00060416,-0.00027664,-0.00046814,0.00247189,-0.00525675,-0.00022
979,0.08118476,0.00019469,0.00023050,-0.00002024,-0.00002284,0.00016464,-0.00016
245,-0.00021522,0.00008444,0.00011620,-0.00004144,-0.00000321,0.00002302,0.00001
723,-0.00000691,-0.00002017,0.00000374,0.00000109,-0.00002674,-0.00001842,0.0000
1836,-0.00002341,-0.00126607,0.00077372,0.00024259,-0.00002220,-0.00013362,0.000
12270,-0.00003184,0.00003068,-0.00000752,0.00025794,-0.00015267,-0.00027157,0.00
002838,-0.00003658,-0.00000455,-0.00001068,-0.00001270,0.00000103,0.00000137,0.0
0000419,0.00000861,-0.00001271,-0.00004756,0.00003206,0.00002311,0.00000607,-0.0
0000205,-0.00000336,0.00000196,0.00001745,-0.00043693,0.00009931,-0.00000698,-0.
00003296,0.00000601,-0.00007717,0.00006856,-0.00001296,0.00008468,0.00001037,-0.
00005703,0.00000163,-0.00006209,0.00005539,-0.00003237,-0.00002509,-0.00000861,0
.00000255,0.00001348,-0.00000588,-0.00001653,-0.00001537,-0.00009905,0.00009023,
-0.00000028,-0.00002943,0.00006893,-0.00009215,-0.00000350,-0.00006608,0.0002192
0,-0.00039764,-0.00003039,0.00010031,0.00006241,-0.00002948,-0.00001658,0.000018
07,0.00001192,0.00002449,-0.00001085,-0.00001010,0.00009575,-0.00007741,-0.00003
559,0.00010431,-0.00006735,0.00001157,-0.00000942,0.00001005,-0.00002593,-0.0000
0645,0.00002766,0.00003216,0.00002628,-0.00002356,-0.00000266,-0.00000790,0.0000
0877,-0.00000147,-0.00000968,0.00001454,-0.00000313,0.00002773,-0.00001689,-0.00
000115,-0.00000011,0.00001484,-0.00000013,-0.00000923,0.00001173,0.00000601,0.00
001450,0.00003640,0.00002302,-0.00000618,-0.00001810,-0.00002011,-0.00000912,-0.
00002410,-0.00003405,-0.00000227,-0.00001794,-0.00001447,-0.00001911,0.00001411,
0.00002768,-0.00000531,-0.00002392,-0.00002305,-0.00000622,0.00001676,-0.0000000
8,-0.00000927,-0.00002569,-0.00002627,0.00004378,0.00000586,0.00002347,-0.000013
96,0.00000142,0.00004727,0.00000938,0.00001832,-0.00000006,0.00001104,0.00000910
,0.00000271,-0.00001076,-0.00002636,-0.00001978,-0.00079207,-0.00406299,-0.00415
235,0.00058645,0.00036995,0.00049245,0.00478414,-0.01644983,-0.00328174,0.079080
00,-0.25333134,-0.02033077,0.00018829,0.00045080,0.00079812,0.00024542,0.0002170
4,0.00026780,-0.00001594,-0.00027936,0.00002471,-0.00062580,0.00056140,-0.000221
66,0.00693258,-0.02027586,0.00152123,-0.09199248,0.29373923,0.00004976,0.0000352
2,-0.00000154,-0.00002632,-0.00000489,-0.00006992,-0.00004985,-0.00000516,0.0000
4320,-0.00001335,-0.00000307,0.00000382,0.00000090,-0.00000294,-0.00000185,-0.00
000254,-0.00000094,-0.00000439,-0.00000091,-0.00000464,-0.00000228,-0.00078862,0
.00005177,-0.00013084,0.00000123,-0.00001590,0.00004692,-0.00000579,0.00002246,0
.00000075,0.00005365,0.00024773,-0.00015560,0.00001275,0.00000512,0.00000128,0.0
0001064,-0.00000945,0.00001366,-0.00000783,-0.00000314,0.00000540,-0.00001015,-0
.00003100,0.00001767,0.00000629,0.00000060,0.00000408,-0.00000326,0.00000208,0.0
0000306,-0.00007810,-0.00002341,-0.00000947,-0.00000170,-0.00000139,-0.00002768,
0.00002433,-0.00003518,0.00004657,0.00002565,0.00000098,0.00001376,-0.00002186,0
.00001189,-0.00000132,-0.00001769,0.00000837,0.00000037,0.00000302,-0.00001947,0
.00000385,-0.00000405,-0.00000552,0.00000809,0.00001156,0.00002460,0.00002469,0.
00009258,-0.00003495,-0.00004876,0.00013302,-0.00011858,0.00008018,0.00001745,0.
00001436,-0.00006557,-0.00000267,0.00000528,0.00000004,0.00000309,0.,-0.00000381
,0.00002129,-0.00004252,0.00001352,0.00001907,-0.00001081,-0.00000527,-0.0000023
5,0.00000303,-0.00000377,-0.00000251,0.00000722,0.00000810,0.00000358,-0.0000033
1,0.,0.00000160,0.00000041,-0.00000173,-0.00000180,0.00000028,-0.00000374,0.0000
0454,-0.00000106,-0.00000077,-0.00000083,0.00000665,-0.00000181,-0.00000369,0.00
000255,0.00000383,0.00000273,0.00002467,0.00000884,0.00000635,-0.00000140,0.0000
0200,-0.00000580,-0.00002693,-0.00001653,-0.00000167,-0.00000549,0.00000394,-0.0
0001026,0.00000715,0.00000802,-0.00000280,-0.00000095,-0.00000376,-0.00000076,0.
00000211,0.00000194,-0.00000009,-0.00001237,-0.00000284,0.00003268,0.00001690,0.
00001141,-0.00001743,0.00000911,0.00002876,0.00000229,0.00000056,-0.00000085,0.0
0000549,0.00000483,-0.00000388,-0.00000083,-0.00000192,-0.00000260,-0.00133839,-
0.00567099,-0.00399825,0.00065891,0.00007984,0.00041451,0.00729272,-0.02068507,-
0.00281619,0.00836842,-0.02004750,-0.04448517,0.00006203,-0.00042364,0.00017841,
0.00023649,0.00008721,0.00001308,-0.00005818,0.00014158,-0.00006698,-0.00039239,
-0.00003620,0.00010229,-0.00924047,0.02675654,0.00103892,-0.00799541,0.02489668,
0.05022626,0.00090996,-0.00066368,-0.00039092,-0.00012866,-0.00009709,0.00000995
,-0.00011107,-0.00002603,-0.00012616,0.00001820,-0.00000296,-0.00002864,-0.00000
432,0.00003530,0.00006717,0.00004725,-0.00004881,0.00002444,0.00002364,-0.000035
78,0.00008374,0.00109119,-0.00065067,-0.00031762,0.00001377,0.00003106,-0.000008
86,0.00009508,0.00005688,0.00004828,-0.00128539,0.00236288,0.00175778,-0.0000464
1,-0.00001711,-0.00021388,0.00002112,0.00005237,-0.00015417,0.00004004,-0.000215
09,-0.00001475,0.00001584,0.00002202,-0.00002641,-0.00000437,0.00004049,-0.00002
749,0.00003207,-0.00005373,-0.00002538,0.00001681,0.00018856,0.00012892,0.000030
38,-0.00008166,-0.00007181,0.00002515,0.00001732,0.00002424,0.00007979,0.0000159
6,0.00004817,-0.00004036,-0.00000202,0.00021457,0.00010922,0.00004427,0.00011418
,-0.00007885,-0.00002543,0.00018187,-0.00092748,0.00051569,-0.00047543,-0.000373
97,0.00042656,-0.00022097,0.00023288,0.00022673,-0.00019182,-0.00021064,-0.00016
751,0.00004987,-0.00005891,-0.00002037,-0.00001646,0.00005500,-0.00003798,-0.000
03696,-0.00000462,0.00001667,-0.00000057,-0.00103353,-0.00060284,0.00079512,0.00
004270,-0.00006874,-0.00000596,-0.00000279,-0.00000287,-0.00001657,0.00000159,0.
00001391,0.00000975,0.00000032,-0.00000290,0.00000094,0.00000818,-0.00001674,0.0
0000260,0.00000641,-0.00000604,0.00000007,0.00000237,-0.00000104,0.00000111,0.00
000279,-0.00000183,-0.00000285,0.00000106,-0.00000035,0.00000424,-0.00002045,-0.
00001081,0.00000992,-0.00000469,-0.00000593,-0.00000037,-0.00001241,0.00001000,0
.00001326,-0.00000531,0.00001612,0.00000692,0.00000324,-0.00000783,-0.00001772,-
0.00000945,0.00000550,0.00000223,-0.00000026,-0.00000609,0.00000490,0.00000440,0
.00001382,0.00000621,-0.00001960,0.00000105,0.00000307,0.00001345,-0.00000869,-0
.00001999,0.00000095,-0.00000230,0.00000246,-0.00000017,0.00000320,-0.00000086,0
.00000578,0.00000684,-0.00000274,-0.00008648,0.00082714,0.00089304,-0.00157476,-
0.00187778,-0.00299917,-0.01930385,-0.00340426,-0.00211575,-0.28094063,-0.004554
09,0.03983036,0.00056605,0.00040440,0.00093811,-0.00090215,-0.00006403,0.0000659
8,0.00028276,0.00021314,-0.00024852,0.00033627,-0.00024394,0.00002745,-0.0091182
0,-0.00123744,0.00425523,-0.01399070,0.00279122,0.00311485,0.32559784,-0.0011560
1,0.00002074,0.00026588,-0.00018195,-0.00018834,0.00018806,0.00018280,-0.0001298
2,-0.00010062,-0.00003893,0.00003590,-0.00000183,-0.00010471,-0.00004891,0.00000
212,-0.00008525,-0.00001136,0.00001044,0.00000984,-0.00001850,-0.00001820,-0.002
70833,-0.00331032,-0.00073601,0.00012724,0.00014794,-0.00019969,-0.00006269,-0.0
0004470,-0.00000777,0.00188365,0.00044112,-0.00064463,0.00006746,0.00007537,0.00
022435,-0.00000538,0.00002981,0.00008657,-0.00011209,0.00005985,0.00002602,0.000
04638,0.00004714,-0.00008807,-0.00004706,-0.00003087,0.00005878,-0.00004419,0.00
002241,0.00000457,0.00105403,-0.00063070,-0.00010279,0.00014533,0.00002566,0.000
15665,-0.00014661,0.00001225,-0.00007612,0.00013591,0.00011012,-0.00001993,0.000
06216,-0.00017764,0.00000146,-0.00013163,0.00001693,-0.00008073,0.00002567,-0.00
012562,-0.00005338,0.00014101,0.00020732,-0.00033916,0.00042285,0.00007333,-0.00
005251,0.00039761,-0.00081838,0.00064092,0.00019863,0.00074982,0.00010574,0.0000
0580,0.00002657,-0.00002410,-0.00002581,0.00003466,0.00001858,-0.00002898,0.0000
2071,0.00000741,0.00004616,0.00069620,0.00006054,-0.00011305,0.00007765,-0.00001
586,-0.00000037,-0.00000193,0.00001510,-0.00001347,-0.00000265,-0.00001539,-0.00
002846,0.00002342,0.00000404,0.00000804,0.00000653,0.00000339,0.00000350,-0.0000
0764,-0.00000038,-0.00003390,0.00002028,0.00000406,0.00000430,0.00000347,0.00000
004,0.00000040,-0.00000342,0.00000209,-0.00000215,-0.00000064,-0.00003053,0.0000
4099,0.00002022,0.00002294,-0.00001320,0.00001305,0.00002284,0.00000058,0.000024
87,0.00002578,0.00000763,-0.00002042,-0.00002321,0.00000701,0.00002928,0.0000193
1,0.00000399,-0.00001092,0.00000138,0.00001441,0.00001708,0.00002280,0.00000645,
0.00000319,-0.00000197,-0.00000205,0.00000280,-0.00003635,-0.00001023,-0.0000094
6,0.00000136,0.00001367,0.00000002,-0.00000212,0.00001808,0.00002618,0.00000644,
0.00112477,0.00066762,0.00051053,-0.00159401,-0.00096681,-0.00230653,-0.01459785
,-0.00030105,0.00081129,-0.00390834,-0.04335258,0.00243945,0.00039958,0.00003903
,0.00068506,-0.00089165,0.00009341,-0.00009635,0.00017941,0.00003312,-0.00006998
,0.00002305,-0.00002345,-0.00004381,-0.01780936,-0.00049913,0.00515546,0.0311821
4,-0.00189740,-0.00545727,0.00582029,0.04853937,-0.00092701,0.00038194,-0.000033
10,0.00005335,-0.00001315,0.00016153,0.00001147,0.00004563,0.00008999,-0.0000239
2,0.00001401,-0.00000955,0.00002675,-0.00003324,-0.00001263,-0.00001510,0.000039
68,-0.00000355,-0.00000798,0.00004453,-0.00004658,-0.00204380,-0.00247209,0.0006
2420,0.00004220,0.00006371,-0.00015291,-0.00005797,0.00002890,-0.00003188,0.0014
1151,0.00047537,-0.00137356,0.00007652,0.00000788,0.00019203,0.00007892,-0.00000
257,0.00008304,-0.00003881,0.00003315,0.00000703,0.00004802,-0.00007658,-0.00019
628,0.00006022,0.00001285,0.00000284,-0.00004157,0.00002579,-0.00001768,0.000841
22,-0.00042036,0.00023266,0.00006033,-0.00006514,0.00007670,-0.00008816,0.000092
99,-0.00006006,0.00000032,-0.00000389,-0.00009575,0.00003948,0.00018866,-0.00018
151,-0.00010057,-0.00001706,-0.00006523,-0.00012127,0.00000693,-0.00006193,0.000
23247,-0.00035973,-0.00002968,-0.00009490,-0.00032894,-0.00013497,-0.00014265,0.
00053323,0.00010612,0.00018313,0.00088097,-0.00011012,0.00002848,0.00000018,-0.0
0002817,-0.00002797,0.00001187,0.00000129,-0.00001102,0.00000099,-0.00000845,0.0
0080914,0.00022714,0.00038519,-0.00006333,0.00004533,0.00000545,-0.00000004,0.00
000242,0.00001441,-0.00000227,-0.00000869,-0.00000807,-0.00001192,0.00000690,-0.
00000511,-0.00001388,-0.00000196,-0.00000114,0.00000476,0.00000708,-0.00000146,-
0.00001450,0.00000601,-0.00000266,-0.00000016,-0.00000240,0.00000076,0.00000237,
-0.00000238,-0.00000979,0.00000844,0.00000825,-0.00000741,0.00001008,-0.00000675
,0.00001167,-0.00001653,-0.00000250,0.00000903,-0.00000188,0.00000941,0.00001045
,0.00001965,-0.00000426,-0.00001648,0.00000161,0.00001273,0.00000676,0.00000093,
0.00000063,-0.00000209,0.00000670,0.00001472,0.00000832,0.00000231,0.00000697,-0
.00000233,-0.00000035,-0.00000683,-0.00002135,-0.00000118,-0.00000132,-0.0000015
6,0.00000829,-0.00000116,-0.00000593,0.00000565,0.00001382,0.00000369,0.00155770
,0.00092731,0.00044142,-0.00258901,-0.00217998,-0.00323576,-0.02356395,-0.000748
54,0.00237346,0.04048213,0.00235632,-0.04900998,-0.00070315,-0.00036758,0.000900
77,-0.00142669,-0.00023044,0.00013096,0.00005091,-0.00007268,-0.00009859,0.00012
294,0.00000034,-0.00009513,0.02767614,0.00205855,-0.00674271,0.00311451,-0.00017
461,0.00021180,-0.04495914,-0.00107582,0.05678055,0.00004732,0.00004649,-0.00002
196,-0.00001021,0.00001311,-0.00007352,-0.00003400,0.00002731,-0.00002629,0.0000
0293,0.00000754,0.00000274,0.00002358,0.00000808,-0.00000212,0.,0.00000225,0.000
00027,-0.00000061,-0.00000319,0.00000007,-0.00034302,-0.00004721,-0.00068754,-0.
00000433,-0.00001734,0.00006307,-0.00001427,-0.00000102,0.00000225,-0.00023078,0
.00049322,0.00017540,-0.00007075,0.00003723,0.00003257,0.00002539,-0.00006263,0.
00000078,0.00002515,0.00000919,0.00002110,-0.00017241,-0.00010352,-0.00012190,0.
00003231,0.00000410,-0.00001835,0.00001631,-0.00000822,0.00000602,-0.00000004,-0
.00006970,-0.00005325,0.00002815,0.00004135,0.00002301,0.00001980,-0.00000371,-0
.00003269,0.00000475,0.00000257,0.00003421,-0.00000121,0.00000585,0.00002001,0.0
0000069,-0.00000111,0.00002024,0.00002662,0.00002397,-0.00000768,-0.00001200,-0.
00001932,0.00003841,-0.00002305,-0.00001435,0.00003653,-0.00000896,-0.00003805,0
.00001883,0.00006147,0.00026840,0.00017412,0.00000536,-0.00000448,-0.00001252,0.
00000595,-0.00000095,0.00000619,0.00000120,0.00000271,0.00000236,0.00011063,0.00
000851,0.00002195,0.00000740,0.00001210,-0.00000393,0.00000427,-0.00000010,0.000
00224,-0.00000005,-0.00000214,-0.00001004,0.00000185,-0.00000126,0.00000305,0.00
000483,-0.00000059,0.00000357,-0.00000119,-0.00000387,0.00000057,0.00000373,-0.0
0000053,0.00000268,-0.00000478,0.00000013,-0.00000238,-0.00000689,0.00000147,0.0
0000013,-0.00002331,0.00002775,-0.00004789,0.00001339,0.00002054,0.00001198,0.00
007538,-0.00000605,-0.00000847,0.00001134,-0.00002077,0.00002201,-0.00003053,0.0
0000688,0.00000161,0.00000404,0.00000607,0.00000345,0.00000439,-0.00001601,0.000
00899,-0.00001826,-0.00003670,0.00000874,0.00007516,-0.00000490,-0.00000625,-0.0
0008722,0.00007318,0.00003893,-0.00001065,-0.00001274,0.00000629,0.00000197,-0.0
0000183,-0.00000070,-0.00000193,0.00000008,0.00000396,-0.00000407,0.00035921,-0.
00006364,0.00056929,0.00010067,0.00100401,0.00208906,0.00279659,0.00254600,0.000
28956,-0.00023037,0.00061970,-0.08954149,-0.05150915,-0.07955499,-0.00025005,-0.
00028180,0.00040640,-0.00009377,-0.00002208,-0.00005401,-0.00005093,0.00007409,0
.00001849,0.00029175,0.00002969,0.00017507,-0.00009039,0.00007000,0.00004914,0.0
0018379,-0.00005621,0.00015197,0.10020613,-0.00004449,-0.00004008,-0.00000931,0.
00001353,-0.00002141,0.00007218,0.00007093,-0.00003831,0.00001183,0.00000858,-0.
00000060,-0.00000619,-0.00000048,0.00000415,0.00000118,0.00000030,0.00000613,0.0
0000860,-0.00000453,0.00000392,0.00000203,0.00035313,-0.00029852,0.00007113,0.00
001770,0.00003092,-0.00005862,0.00000932,-0.00000827,0.00001747,-0.00026422,0.00
023383,-0.00005829,-0.00003313,0.00000399,0.00000735,0.00001516,-0.00000229,0.00
000880,-0.00000133,0.00000009,-0.00000138,-0.00002345,0.00003757,-0.00002608,-0.
00000385,-0.00000785,-0.00000910,0.00000194,-0.00000195,-0.00000927,0.00013917,-
0.00004248,0.00003162,0.00001902,0.00000522,0.00002002,-0.00005925,-0.00001926,0
.00000655,-0.00001505,0.00000569,-0.00001995,0.00001780,0.00001009,0.00000029,-0
.00000737,-0.00000935,0.00001283,0.00000924,0.00000817,-0.00001129,0.00001120,0.
00001105,0.00000463,-0.00000849,-0.00003429,-0.00001704,-0.00001144,0.00000593,0
.00000128,-0.00003574,0.00015039,-0.00005514,0.00001069,0.00000405,0.00002088,0.
00000234,-0.00000946,-0.00000544,-0.00000890,0.00000473,0.00000247,0.00002594,-0
.00002094,-0.00000823,-0.00003882,0.00002878,-0.00000218,0.00000263,-0.00000215,
0.00000850,0.00000305,-0.00001372,-0.00001221,-0.00000864,0.00000855,-0.00000094
,-0.00000054,-0.00000468,-0.00000088,0.00000312,-0.00000205,0.00000142,-0.000011
44,0.00000688,0.00000091,0.00000059,-0.00000541,0.00000280,0.00000499,-0.0000010
7,-0.00000387,0.00002117,-0.00000159,0.00002712,-0.00000521,0.00000988,-0.000025
01,0.00000846,0.00001076,-0.00003128,-0.00001362,0.00000741,-0.00001585,0.000015
51,-0.00000108,-0.00000409,-0.00000028,0.00000260,0.00000304,-0.00001025,0.00001
154,-0.00000120,-0.00001216,0.00002800,-0.00000288,-0.00009564,-0.00005328,0.000
06243,0.00009918,-0.00002175,-0.00003266,0.00000045,0.00001149,-0.00000768,-0.00
000583,-0.00000543,0.00000953,0.00000312,0.00000502,0.00000192,-0.00025618,0.001
52163,-0.00022376,0.00047694,0.00021740,0.00013683,0.00507211,0.00598645,0.00995
905,-0.00037390,-0.00059656,0.00220168,-0.05043839,-0.10200365,-0.08984562,-0.00
005708,0.00027778,0.00014906,0.00007140,-0.00006638,0.00007019,-0.00004916,-0.00
019701,-0.00015941,0.00023081,0.00038675,0.00062588,-0.00009525,0.00009449,0.000
14858,0.00005667,-0.00011248,0.00003537,0.05993525,0.11404148,0.00023506,-0.0000
0820,0.00001634,-0.00008187,-0.00000629,-0.00014546,-0.00003974,-0.00000733,-0.0
0010463,0.00002198,-0.00000309,-0.00000698,0.00000455,0.00000599,0.00000357,0.00
000247,0.00000763,0.00001537,0.00000494,-0.00000469,0.00000802,-0.00071574,-0.00
001057,-0.00072379,0.00002837,0.00000181,0.00009328,-0.00001136,-0.00000895,-0.0
0001133,0.00052682,0.00021187,0.00033745,-0.00006393,-0.00004110,-0.00004106,-0.
00000491,-0.00003609,0.00000775,0.00001478,-0.00001027,0.00000107,-0.00010023,-0
.00000681,0.00002674,-0.00000392,0.00000250,-0.00000078,0.00001972,0.00000504,-0
.00000301,-0.00011693,-0.00006665,-0.00010336,-0.00000226,0.00004614,0.00003596,
-0.00001382,-0.00003776,0.00000377,0.00007893,0.00002052,0.00008706,-0.00002982,
-0.00001654,0.00006680,0.00004258,0.00000733,0.00002402,0.00004733,0.00001999,0.
00000262,-0.00004919,0.00007815,0.00004219,-0.00003146,-0.00001039,0.00008268,0.
00003903,-0.00006272,-0.00000641,0.00011990,0.00016471,0.00013612,-0.00000617,0.
00001046,-0.00007570,0.00001406,-0.00001761,-0.00000272,-0.00000047,0.00000155,-
0.00000048,0.00002934,-0.00000752,-0.00007058,0.00001123,0.00001808,0.00000179,0
.00000736,-0.00000603,0.00000471,0.00000377,-0.00001847,-0.00001721,-0.00000061,
0.00000211,0.00000175,0.00000807,-0.00000322,0.00000247,-0.00000066,-0.00000415,
-0.00000338,0.00000464,0.00000144,0.00000140,-0.00001252,-0.00000234,-0.00000113
,-0.00000569,0.00000035,-0.00000244,-0.00004103,0.00005612,-0.00008249,0.0000293
1,-0.00000099,0.00002503,-0.00003056,-0.00000853,0.00004030,-0.00000239,-0.00000
774,0.00001711,-0.00001669,0.00000646,0.00000054,0.00000682,0.00000395,0.0000048
2,0.00001858,-0.00002605,0.00000982,0.00001385,-0.00007005,-0.00000883,0.0001134
2,0.00008482,-0.00000364,-0.00006558,0.00003011,0.00006781,-0.00000400,-0.000023
58,0.00000403,0.00002249,0.00000959,-0.00001738,0.00000260,-0.00000062,0.0000076
9,0.00021347,-0.00107177,0.00220655,-0.00090706,-0.00056508,0.00077064,-0.011473
63,-0.01154301,-0.02722462,0.00121326,0.00301777,-0.00538570,-0.07883942,-0.0894
3462,-0.17995571,0.00082132,0.00049689,0.00005817,-0.00025233,-0.00011964,0.0004
1067,0.00002138,-0.00004755,-0.00012059,-0.00071654,-0.00059690,-0.00144797,0.00
002260,0.00030849,0.00025002,0.00045595,0.00008897,0.00013729,0.09176786,0.10297
036,0.21092872,-0.00035941,-0.00004168,-0.00001790,0.00003212,-0.00003629,0.0000
6960,0.00001411,-0.00003173,0.00007591,-0.00000522,0.00000469,-0.00000571,-0.000
00426,0.00000250,0.00000157,-0.00000300,-0.00000775,-0.00000294,0.00000685,-0.00
000715,-0.00000039,0.00002021,-0.00044289,0.00028222,0.00001477,0.00003504,-0.00
005970,0.00003089,-0.00000518,0.00001351,-0.00108060,0.00076627,-0.00080590,0.00
004082,0.00004282,0.00006717,0.00001424,0.00005936,-0.00000756,-0.00000994,0.000
00463,0.00000204,0.00012720,-0.00002091,-0.00009479,0.00000162,0.00002094,-0.000
00415,-0.00001150,-0.00000250,-0.00000349,0.00036093,-0.00007620,0.00009471,0.00
002218,-0.00005533,-0.00001877,-0.00000843,0.00001640,-0.00001406,-0.00002122,0.
00001337,-0.00003551,0.00004633,-0.00001080,-0.00002995,-0.00002434,-0.00001569,
-0.00001616,-0.00001344,-0.00001919,-0.00000705,0.00003232,-0.00001441,-0.000054
59,0.00002223,-0.00001428,-0.00006052,-0.00001763,-0.00000530,0.00003684,0.00004
165,0.00012777,-0.00001647,0.00000051,0.00002483,-0.00000447,-0.00000022,0.00000
852,-0.00000089,-0.00000568,0.00000709,0.00000462,-0.00001509,0.00011720,0.00003
154,-0.00003785,0.00002368,0.00000087,-0.00000199,0.00000231,0.00000410,0.000001
43,-0.00000199,0.00000146,-0.00000882,0.00000745,0.00000158,0.00000025,-0.000003
26,-0.00000065,0.00000288,-0.00000282,0.00000172,-0.00001353,0.00000601,-0.00000
149,0.00000249,-0.00000444,-0.00000077,0.00000532,-0.00000560,-0.00000619,0.0000
1683,-0.00000972,0.00001394,0.00000226,-0.00000372,0.00000148,-0.00000565,-0.000
01984,0.00000363,0.00000352,0.00000343,0.00000094,0.00000291,-0.00001127,-0.0000
0609,0.00000241,0.00000767,0.00000544,-0.00000317,0.00000380,-0.00000548,0.00000
902,0.00001014,0.00000440,-0.00000475,0.00002314,-0.00000698,-0.00000779,-0.0000
0467,-0.00002203,-0.00000109,0.00000302,-0.00000325,0.00000386,0.00000123,-0.000
00127,0.00000482,0.00000907,0.00000310,0.00012833,-0.00151679,0.00091369,0.00015
546,-0.00063515,0.00037949,0.00150154,-0.00363033,-0.00050711,0.00001988,0.00000
279,-0.00016348,-0.07263958,0.08062865,0.00382029,-0.00005708,-0.00007728,-0.000
06504,-0.00005441,0.00004468,-0.00003928,-0.00028936,-0.00026031,0.00056993,-0.0
0008365,-0.00013632,0.00007282,0.00030420,-0.00017922,-0.00032283,-0.00022290,0.
00021706,0.00000303,0.00493084,-0.01306020,-0.00144543,0.08124096,0.00023556,0.0
0021951,-0.00008559,-0.00004755,0.00011933,-0.00024043,-0.00018011,0.00007965,-0
.00005247,-0.00003613,0.00000678,0.00002038,0.00001407,-0.00000613,-0.00001301,-
0.00000209,-0.00000242,-0.00001885,-0.00000628,0.00000820,-0.00001578,-0.0012971
0,0.00082065,0.00005759,-0.00003632,-0.00010288,0.00017277,-0.00004865,0.0000177
7,-0.00001734,0.00045735,-0.00019406,0.00042977,0.00000362,-0.00004890,-0.000021
71,-0.00002259,-0.00004193,-0.00000183,-0.00000268,-0.00001092,0.00001704,-0.000
05356,-0.00009047,0.00004059,0.00002414,0.00000797,0.00000771,0.00000126,0.00000
165,0.00002561,-0.00045009,0.00007495,-0.00011798,-0.00003099,0.00003955,-0.0000
1829,0.00014817,-0.00005591,0.00004015,0.00004048,-0.00002514,0.00007123,-0.0000
6482,0.00001689,0.00000504,-0.00000671,0.00000918,0.00000795,0.00001953,-0.00000
422,0.00000525,-0.00003311,-0.00005255,0.00005941,0.00001384,0.00001073,0.000081
02,-0.00001334,-0.00003011,-0.00004636,0.00017847,-0.00040145,-0.00003287,0.0000
5210,0.00006520,-0.00005558,-0.00000792,0.00001657,0.00001044,0.00002216,-0.0000
0939,-0.00001023,0.00005290,-0.00004525,-0.00000239,0.00010346,-0.00005824,0.000
01452,-0.00000816,0.00000863,-0.00002762,-0.00000916,0.00002354,0.00001986,0.000
02306,-0.00002106,-0.00000076,-0.00000200,0.00000964,0.00000061,-0.00000802,0.00
001098,-0.00000527,0.00002934,-0.00001569,0.00000016,-0.00000420,0.00001451,-0.0
0000150,-0.00001287,0.00000931,0.00001066,-0.00003259,0.00004010,-0.00001873,0.0
0000898,-0.00000966,-0.00000297,0.00000696,-0.00002353,-0.00002123,0.00000193,-0
.00002300,0.00000092,-0.00003151,0.00001707,0.00002665,-0.00000713,-0.00001229,-
0.00001618,0.00000135,0.00000361,0.00000804,-0.00000551,-0.00003087,-0.00001105,
0.00009717,0.00001922,0.00000125,-0.00007225,0.00002042,0.00007504,0.00000591,0.
00000358,0.00000527,0.00001067,0.00001047,-0.00000422,-0.00000932,-0.00001979,-0
.00001476,0.00040363,-0.00428867,0.00424600,0.00044567,0.00040113,-0.00066085,0.
00568716,-0.01728655,0.00118076,-0.00005595,0.00046822,-0.00084532,0.07974665,-0
.25409584,-0.01083424,-0.00003018,-0.00027612,-0.00002831,0.00016841,0.00022786,
-0.00032441,-0.00053357,0.00054302,0.00041727,-0.00002727,0.00010902,-0.00032875
,-0.00014206,0.00062070,0.00019555,0.00009536,-0.00016523,0.00001296,0.00570164,
-0.01923383,-0.00402607,-0.09322680,0.29463853,0.00003046,-0.00006823,0.00004001
,0.00003091,-0.00003627,0.00006327,0.00003725,-0.00000129,0.00001249,0.00000738,
-0.00000580,0.00000179,0.00000098,-0.00000057,0.00000203,0.00000677,-0.00000278,
0.00000216,0.00000904,-0.00000648,0.00000495,0.00065914,0.00009028,-0.00041294,-
0.00000937,0.00000689,-0.00001498,-0.00000046,0.00000479,0.00000272,0.00013710,-
0.00045318,0.00007568,-0.00001677,0.00003024,0.00000198,0.00000145,-0.00001026,0
.00000470,0.00000591,0.00000726,0.00000202,-0.00005174,-0.00000205,0.00000164,-0
.00000434,-0.00000728,0.00000621,0.00000297,-0.00000156,-0.00000313,-0.00002028,
0.00005954,-0.00000598,0.00001081,0.00000939,-0.00000090,-0.00005805,0.00007983,
-0.00002205,-0.00003041,0.00000064,-0.00001551,-0.00000414,-0.00000201,-0.000004
99,0.00001002,-0.00000307,-0.00000118,-0.00002266,-0.00000164,0.00000176,-0.0000
0791,0.00000135,-0.00000915,0.00000832,0.00001874,-0.00002135,0.00001794,0.00001
005,0.00002255,-0.00004491,0.00009278,0.00011331,-0.00004042,-0.00008136,0.00001
953,0.00000040,-0.00000245,-0.00000094,-0.00000094,-0.00000211,0.00000036,-0.000
02175,0.00000722,0.00000523,0.00000089,0.00000141,-0.00000528,0.00000166,-0.0000
0045,0.00000339,0.00000218,-0.00000304,-0.00000217,-0.00000042,0.00000045,-0.000
00002,0.00000161,-0.00000142,-0.00000166,0.00000142,-0.00000385,0.00000003,-0.00
000078,0.00000058,-0.00000053,-0.00000027,-0.00000240,-0.00000090,-0.00000010,0.
00000083,-0.00000126,0.00000840,-0.00002416,0.00000316,0.00000191,0.00000305,0.0
0001151,0.00001220,-0.00000780,0.00003079,0.00000375,0.00000279,0.00001221,-0.00
000393,-0.00000388,-0.00000438,0.00000177,0.00000428,0.00000185,0.00000449,-0.00
000789,0.00000233,0.00000018,0.00000185,0.00000841,0.00000791,0.00001948,-0.0000
4612,-0.00003247,0.00003479,-0.00001291,-0.00000140,-0.00000976,0.00000581,-0.00
000600,-0.00000448,-0.00000444,-0.00000066,0.00000431,0.00000465,0.00018483,0.00
637138,-0.00445062,-0.00056279,0.00010713,0.00047438,-0.00828296,0.02232214,0.00
030144,-0.00000981,0.00045771,0.00025111,0.00345183,-0.01148027,-0.04270742,0.00
005623,-0.00013000,-0.00007009,-0.00021111,-0.00009912,0.00008094,0.00048786,0.0
0013395,-0.00018378,0.00005476,-0.00011502,0.00022786,-0.00003362,-0.00009336,-0
.00083977,-0.00005781,0.00000819,-0.00003169,0.00797343,-0.02455902,-0.00239015,
-0.00518086,0.01144033,0.04893731,0.00072443,-0.00054837,0.00032027,-0.00007237,
0.00001797,-0.00004074,-0.00015669,-0.00003748,0.00009204,0.00000510,-0.00003876
,0.00002725,0.00001213,0.00005122,0.00001916,0.00000982,-0.00006363,-0.00002429,
0.00003336,-0.00004144,0.00001836,0.00192566,0.00000457,0.00010806,-0.00000203,-
0.00001474,0.00001892,0.00018516,-0.00005175,0.00003354,-0.00277761,0.00234359,-
0.00140411,-0.00017885,0.00006455,-0.00006540,-0.00007326,0.00010969,-0.00010006
,0.00008746,-0.00008833,-0.00005385,-0.00008826,0.00040689,0.00038283,-0.0000950
1,-0.00002648,-0.00003421,0.00004403,-0.00003840,0.00001036,-0.00010849,0.000209
00,-0.00013447,-0.00000938,-0.00008123,-0.00018129,0.00002810,-0.00002741,0.0000
1268,0.00004593,0.00001391,-0.00002770,0.00014488,-0.00005386,0.00007566,0.00001
631,-0.00008858,0.00007252,0.00004174,0.00003802,0.00005524,-0.00014956,0.000123
37,0.00005324,-0.00007378,0.00011747,0.00004543,-0.00002574,-0.00001328,0.000031
80,-0.00022459,-0.00056773,0.00004267,-0.00002456,-0.00000267,0.00000535,0.00001
414,0.00002122,0.00002086,0.00001055,0.00000130,0.00001139,-0.00011539,-0.000109
31,-0.00026989,0.00006704,-0.00006782,0.00000678,-0.00000658,0.00000813,-0.00001
535,0.00000056,0.00001366,0.00002434,0.00000768,-0.00000530,-0.00000027,0.000005
90,0.00001232,-0.00000421,-0.00000080,0.00000079,-0.00000028,0.00000432,-0.00000
271,-0.00000189,0.00000504,0.00000295,-0.00000070,0.00000325,-0.00000675,0.00000
323,-0.00001077,-0.00002672,0.00003820,-0.00001505,-0.00001355,-0.00001155,-0.00
004340,0.00001034,0.00000968,-0.00000721,0.00001584,-0.00001491,0.00001131,-0.00
000444,-0.00000780,-0.00000780,-0.00000586,-0.00000687,-0.00000512,0.00000809,-0
.00000129,0.00000874,0.00003031,-0.00000291,-0.00004443,-0.00001024,0.00001022,0
.00005410,-0.00004816,-0.00002760,0.00000713,0.00000902,-0.00000325,-0.00000172,
0.00000383,0.00000005,-0.00000045,-0.00000444,-0.00000866,-0.00070192,0.00049783
,-0.00050125,-0.00016108,-0.00125660,0.00203354,-0.01041530,-0.00309011,0.005902
78,0.00053518,0.00052191,-0.00081186,-0.28273398,-0.00376390,0.03248738,0.000307
47,0.00021590,0.00013338,-0.00043784,0.00000482,0.00011258,0.00025628,-0.0002259
2,-0.00014721,0.00000379,0.00005360,-0.00041762,-0.00018922,0.00008301,0.0001050
6,0.00060602,-0.00007393,-0.00012297,-0.01806464,-0.00167712,-0.00090190,-0.0141
5661,0.00275760,0.00148500,0.32596689,-0.00106847,0.00007440,-0.00014903,-0.0000
7496,-0.00010639,0.00022469,0.00008074,-0.00005173,0.00008622,-0.00003792,0.0000
2446,-0.00002312,-0.00005800,-0.00002093,-0.00001023,-0.00002102,0.00001006,0.00
000973,-0.00001178,0.00000495,-0.00001450,-0.00256821,-0.00335994,0.00159675,0.0
0010907,0.00012849,-0.00022407,-0.00002517,0.00002963,0.00001997,0.00226175,0.00
032637,-0.00048421,0.00022838,-0.00001566,0.00018035,0.00006024,0.00012342,0.000
07643,-0.00012691,0.00000820,-0.00000269,0.00058674,-0.00001978,-0.00038887,-0.0
0004025,0.00000072,0.00001371,-0.00006216,0.00001546,-0.00002940,0.00099334,-0.0
0046467,0.00036326,0.00008340,-0.00011073,0.00004388,-0.00014262,0.00005724,-0.0
0001163,0.00008530,0.00004955,-0.00009021,0.00003498,-0.00001273,-0.00005375,-0.
00008353,-0.00000616,-0.00005393,-0.00005809,-0.00003175,-0.00005138,0.00012723,
-0.00002064,-0.00014533,0.00010796,-0.00008884,-0.00014252,-0.00001361,-0.000015
78,0.00007851,0.00016873,0.00085573,-0.00006858,0.00003713,0.00002832,-0.0000271
8,-0.00001852,0.00000971,-0.00001590,-0.00002763,0.00002165,-0.00000198,-0.00000
088,0.00023482,0.00000180,-0.00011293,0.00006191,-0.00000168,-0.00000087,-0.0000
0314,0.00001797,-0.00000452,-0.00001165,-0.00000996,-0.00002516,0.00002057,-0.00
000203,-0.00000340,-0.00000542,0.00000003,0.00000457,-0.00000131,-0.00000026,-0.
00003305,0.00001911,-0.00000078,0.00000656,-0.00000075,0.00000019,0.00000906,-0.
00000973,-0.00000628,0.00001695,0.00000131,-0.00000117,0.00001833,-0.00000667,0.
00001382,-0.00004918,-0.00000387,0.00003019,-0.00000430,0.00002921,0.00001282,0.
00002734,-0.00002259,-0.00002974,0.00000540,0.00002579,0.00001457,0.00000013,0.0
0000111,-0.00000435,0.00002611,0.00004304,0.00001745,-0.00000790,0.00001653,-0.0
0000764,0.00001177,-0.00003457,-0.00006740,-0.00000382,-0.00000014,-0.00000337,0
.00001575,-0.00000021,-0.00000426,0.00001653,0.00002582,0.00000435,0.00102226,0.
00063733,-0.00075912,-0.00092682,-0.00112703,0.00281829,-0.01499873,-0.00024555,
0.00366051,0.00014282,0.00003819,-0.00078230,-0.00323374,-0.04307924,-0.00144458
,0.00019773,0.00002625,0.00001409,-0.00087899,0.00007599,0.00037078,0.00003293,-
0.00002393,0.00003547,-0.00008030,-0.00010663,-0.00006795,0.00020276,-0.00016370
,-0.00007486,-0.00005894,0.00041593,0.00003916,-0.01761534,-0.00030562,0.0002597
9,0.03135147,-0.00203205,-0.00409936,0.00440428,0.04806825,0.00059711,-0.0002608
1,0.00003605,0.00012945,0.00007532,-0.00009771,-0.00001560,-0.00002075,0.0000603
6,0.00001190,-0.00002332,0.00000659,0.00001508,0.00000911,0.00001178,0.00004464,
-0.00002708,-0.00000064,0.00001852,-0.00001871,0.00001097,0.00180414,0.00236520,
-0.00009678,-0.00008024,-0.00007314,0.00010967,0.00003654,0.00001694,-0.00001556
,-0.00133870,-0.00107545,-0.00025730,0.00013337,0.00001052,-0.00016043,-0.000085
33,0.00008367,-0.00006932,0.00006087,-0.00003787,-0.00001849,0.00016345,-0.00013
649,0.00030157,-0.00000484,0.00003102,0.00003634,0.00001671,0.00000205,-0.000004
53,-0.00063787,0.00045804,-0.00001984,-0.00013505,-0.00005613,-0.00009675,0.0000
6907,-0.00005581,0.00004109,-0.00009523,-0.00004332,0.00001220,-0.00003225,-0.00
001147,-0.00001873,0.00008398,-0.00001664,0.00000192,-0.00005873,-0.00001757,0.0
0007805,-0.00009033,0.00006605,-0.00002363,-0.00000486,0.00011846,-0.00002193,0.
00001615,0.00007991,-0.00011276,-0.00018111,-0.00082739,-0.00010460,-0.00000486,
-0.00001133,0.00000876,0.00000019,-0.00000579,-0.00001154,0.00001322,-0.00001468
,-0.00000371,-0.00037515,-0.00015470,-0.00004441,0.00004723,-0.00002667,0.000011
89,-0.00000286,0.00000524,-0.00000982,0.00000718,-0.00000205,0.00001538,0.000013
61,-0.00001055,-0.00000455,-0.00000362,-0.00000132,-0.00000721,0.00000015,0.0000
0371,-0.00000194,0.00001716,-0.00000896,-0.00000435,-0.00000393,-0.00000383,0.00
000045,0.00000251,0.00000265,-0.00000510,0.00000140,-0.00001240,0.00002455,-0.00
002565,-0.00002314,-0.00001120,-0.00001307,-0.00002192,-0.00000340,-0.00000141,-
0.00001468,-0.00002053,0.00000282,0.00000980,0.00001910,-0.00000399,-0.00001697,
-0.00001247,-0.00000004,0.00001150,-0.00000468,0.00000101,-0.00000989,-0.0000186
5,0.00000072,0.00002729,-0.00001239,-0.00000933,-0.00001391,0.00003247,0.0000103
0,0.00000707,-0.00000215,-0.00000819,0.00000157,-0.00000171,-0.00001001,-0.00001
473,-0.00000334,-0.00124643,-0.00101619,0.00098691,0.00165199,0.00276713,-0.0045
3611,0.02702350,0.00164537,-0.00661556,0.00083142,0.00021714,0.00088925,0.031561
28,-0.00123309,-0.04668698,-0.00017893,0.00001005,-0.00011524,0.00158202,0.00023
949,-0.00032312,-0.00022873,0.00007235,-0.00000263,-0.00011300,-0.00006779,0.000
29694,0.00004808,-0.00003673,-0.00006616,-0.00040122,0.00001250,-0.00105656,-0.0
2472030,-0.00149194,0.00201540,0.00255756,-0.00078482,0.00052474,-0.03846349,-0.
00064914,0.05517210\\-0.00000235,-0.00000745,0.00000370,-0.00000535,-0.00000504,
0.00001155,0.00000807,-0.00000584,0.00000272,-0.00000247,-0.00000175,0.00000120,
0.00000080,-0.00000067,0.00000064,-0.00000356,-0.00000107,0.00000159,-0.00000426
,0.00000078,0.00000116,-0.00000860,-0.00001396,0.00000888,0.00000463,0.00000721,
-0.00000633,-0.00000379,-0.00000091,-0.00000325,-0.00000229,0.00000229,0.0000023
2,0.00000118,-0.00000283,-0.00001057,0.00000440,0.00000065,0.00000342,-0.0000068
0,0.00000917,0.00000018,0.00000178,-0.00000315,-0.00000016,-0.00000154,0.0000004
9,0.00000045,0.00000221,0.00000088,0.00000080,-0.00000356,-0.00000308,-0.0000053
8,0.00001112,0.00000340,0.00000417,-0.00000138,0.00000516,0.00000584,-0.00000433
,-0.00000451,-0.00000706,0.00000455,-0.00000051,-0.00000127,0.00000704,0.0000008
3,-0.00000399,-0.00000253,0.00000141,-0.00000184,0.00000858,0.00000683,0.0000015
3,-0.00000080,-0.00000016,0.00000207,-0.00000183,0.00000067,0.00000235,0.0000008
6,0.00000612,-0.00000701,0.00000350,-0.00000489,-0.00000085,0.00000138,-0.000000
03,-0.00000054,-0.00000213,0.00000065,-0.00000153,0.00000190,-0.00000266,0.00000
246,-0.00000466,-0.00000119,0.00000058,0.00000256,0.00000579,0.00000274,0.000003
62,0.00000285,0.00000370,0.00000076,-0.00000205,-0.00000118,0.00000003,-0.000003
94,-0.00000214,0.00000033,0.00000120,-0.00000014,-0.00000006,-0.00000063,-0.0000
0012,-0.00000273,-0.00000139,0.00000094,-0.00000092,0.00000095,-0.00000216,-0.00
000164,-0.00000345,-0.00000409,-0.00000357,-0.00000355,0.00000253,0.00000617,0.0
0000307,0.00000315,-0.00000215,-0.00000056,-0.00000197,0.00000432,0.00000255,-0.
00000044,0.00000051,0.00000187,-0.00000016,0.00000005,-0.00000050,-0.00000108,-0
.00000148,-0.00000139,-0.00000134,-0.00000151,0.00000128,-0.00000010,-0.00000272
,-0.00000234,0.00000016,0.00000129,-0.00000076,0.00000357,0.00000073,-0.00000046
,-0.00000147,0.00000135,0.00000171,0.00000128,-0.00000028,0.00000627,-0.00001241
,0.00000090,-0.00000268,-0.00000172,-0.00000160,0.00000182,0.00000371,0.00000183
,0.00000166,0.00000176,-0.00000493,0.00000216,0.00000189,-0.00000027,-0.00000060
,-0.00000150,-0.00000007,-0.00000056,0.00000255,-0.00000144,0.00000408,0.0000012
9,-0.00000123,0.00000033,-0.00000115,-0.00000050,-0.00000148,-0.00000052,0.00000
247,0.00000226,-0.00000174,0.,-0.00000042,-0.00000033,-0.00000118,-0.00000104,-0
.00000029,0.00000161,0.00000105,-0.00000107\\\@
