1\1\GINC-ECHO\Freq\External='./xtb.sh'\ZDO\C23H34Fe1N2O4Pd1\ECHO\15-Oct-2024\0\\
#p freq external='./xtb.sh'\\Generate automatically by rxnb\\0,1\Fe,2.00019,1.03
643,-0.00136\C,-1.93688,-1.69289,1.2795\Pd,0.34414,-0.97254,-0.21429\C,3.25885,-
1.37772,-0.27365\H,4.12607,0.72037,1.60761\H,1.79242,-0.419,2.37127\H,-0.13157,1
.29174,1.8437\C,-1.65397,1.09392,-0.3866\O,-2.76322,-1.98899,2.12521\C,2.84534,-
0.26077,-1.14636\O,-0.68584,1.89974,-0.41949\C,1.42676,1.31638,-1.8537\C,2.63963
,1.94408,-1.58609\C,3.53848,0.96048,-1.13617\H,0.54685,1.85924,-2.10743\H,2.7888
3,2.99763,-1.57529\H,4.51501,1.12683,-0.74533\H,0.56094,0.82286,-0.1145\C,1.5084
8,-0.09087,-1.60487\C,-2.39096,-1.20873,-0.13704\O,-0.67387,-1.71813,1.44573\C,0
.89968,1.43186,1.60575\C,1.93824,0.52355,1.89727\C,3.14751,1.13762,1.54614\C,2.8
6425,2.41298,1.02352\C,1.47815,2.58467,1.03271\H,0.94665,3.34109,0.5068\N,-1.441
38,-0.18233,-0.5029\H,-3.40907,-0.811,-0.08745\H,3.64881,-0.89475,0.61943\H,4.03
303,-2.02733,-0.70815\H,3.57437,3.0702,0.5824\N,2.06884,-2.15056,0.08685\C,2.236
51,-2.82213,1.37106\C,1.79183,-3.16758,-0.92953\H,2.88657,-3.70184,1.27882\H,2.6
8935,-2.14766,2.09425\H,1.26235,-3.13466,1.74762\H,2.60017,-3.91463,-0.9665\H,0.
85905,-3.68537,-0.68483\H,1.70813,-2.69925,-1.91171\C,-2.29558,-2.35738,-1.15701
\C,-2.94571,-3.65897,-0.68854\C,-4.42991,-3.49517,-0.38399\H,-1.21675,-2.5374,-1
.35778\H,-2.75485,-2.02859,-2.09445\H,-2.81177,-4.41469,-1.46954\H,-2.44281,-4.0
1495,0.21389\H,-4.94758,-3.03497,-1.22384\H,-4.88428,-4.46393,-0.18643\H,-4.5585
1,-2.87267,0.4971\O,-2.93255,1.49468,-0.2483\C,-4.75455,2.9217,0.10243\C,-3.2325
6,2.88739,-0.0456\C,-2.56227,3.39345,1.23393\C,-2.7925,3.71434,-1.25528\H,-5.223
45,2.5326,-0.79738\H,-5.05695,2.30215,0.94234\H,-5.09146,3.94068,0.26912\H,-2.83
284,2.75116,2.06931\H,-2.89215,4.4066,1.44609\H,-1.48216,3.38414,1.11496\H,-3.25
774,3.32678,-2.15877\H,-3.08882,4.75071,-1.11936\H,-1.71244,3.65802,-1.36344\\Ve
rsion=ES64L-G16RevC.01\HF=-96.5712102\RMSD=0.000e+00\RMSF=5.509e-06\ZeroPoint=0.
5306485\Thermal=0.562772\ETot=-96.0084383\HTot=-96.0074941\GTot=-96.1019581\Dipo
le=0.,0.,0.\PG=C01 [X(C23H34Fe1N2O4Pd1)]\NImag=1\\0.50840244,0.03720846,0.474493
51,-0.02148218,0.12941595,0.75201806,0.00006157,0.00192405,-0.00104680,0.7985067
7,0.00078380,0.00003667,-0.00003494,0.08345599,0.24711567,-0.00269173,-0.0005253
8,0.00020235,-0.20204708,-0.12190466,0.54968052,-0.04466212,-0.04207254,-0.00586
878,-0.01101892,-0.00233892,0.00629330,0.27947831,-0.06496362,-0.05481336,-0.009
77450,-0.00266151,0.00199553,-0.00663859,0.02406622,0.18388453,0.00280261,-0.000
65291,-0.00896223,0.01231490,-0.00347697,0.01018620,-0.04483202,-0.05267005,0.17
572888,-0.00835288,0.00351484,-0.00423507,-0.00142312,-0.00008272,0.00028727,-0.
00643048,-0.00097439,0.00183337,0.45822779,-0.00246502,0.00079227,0.00744363,-0.
00004693,-0.00001749,0.00025517,0.00319484,0.00297687,-0.00110388,-0.01581202,0.
50584474,0.00326999,-0.00417496,-0.00424954,0.00006619,0.00008938,-0.00025225,0.
00107051,-0.00008148,0.00066785,0.03013700,0.02400837,0.51046017,-0.00043590,-0.
00013513,0.00338397,0.00011803,0.00009745,-0.00006776,-0.00058049,0.00034524,-0.
00021799,-0.00024860,0.00068733,-0.00006197,0.31766490,-0.00254694,-0.00048682,-
0.00001197,-0.00003010,0.00002101,0.00003792,-0.00045700,-0.00010079,-0.00007669
,-0.00051387,-0.00111898,-0.00154335,-0.11735308,0.09476664,-0.00206795,0.002318
50,0.00013390,-0.00007831,-0.00005259,0.00010541,0.00041514,0.00057713,0.0000099
6,-0.00066735,0.00019406,-0.00078501,0.01471233,-0.01257445,0.02652457,-0.001836
13,0.00126452,-0.00019330,-0.00120040,-0.00018143,-0.00044673,0.00077035,-0.0005
3266,-0.00155483,0.00014516,0.00017419,0.00033924,-0.00008855,-0.00015802,-0.000
21458,0.04749614,-0.00013904,0.00288031,-0.00276518,-0.00017539,0.00025222,-0.00
000538,0.00029049,0.00103528,0.00114838,0.00039513,-0.00027241,0.00002419,-0.000
14871,0.00017625,-0.00033985,0.03582126,0.30136023,-0.00052934,0.00483101,0.0031
9831,-0.00091407,-0.00018536,0.00018663,-0.00339200,-0.00084051,-0.00466011,0.00
013825,0.00046238,-0.00037000,-0.00000060,-0.00020897,-0.00097855,-0.02129028,-0
.13622214,0.08715964,0.00179391,0.00037062,-0.00329863,0.00076307,-0.00016348,-0
.00003604,-0.00022049,0.00166257,0.00218521,0.00004114,-0.00039172,-0.00006545,-
0.00040630,-0.00031681,0.00065914,0.00014179,0.00020978,-0.00028927,0.34352294,0
.00107338,-0.00012336,0.00169239,-0.00137153,-0.00067519,-0.00042902,0.00074198,
-0.00115540,-0.00174365,0.00004851,0.00006935,-0.00007928,0.00074272,0.00046879,
0.00005464,0.00020466,0.00000949,-0.00024476,0.03885283,0.04451099,-0.00070955,0
.00132535,0.00481864,-0.00022134,-0.00032954,0.00081378,0.00126486,-0.00224304,-
0.00140529,-0.00013582,0.00021483,0.00009201,-0.00061155,0.00006141,0.00053235,0
.00005455,-0.00054582,-0.00085936,-0.06802853,-0.01478668,0.04526909,0.01187835,
-0.00086315,0.00060593,0.00940771,-0.00195472,0.00002304,0.00209135,0.00611876,-
0.00042518,-0.00000367,0.00061646,0.00001776,0.00032029,-0.00017712,-0.00042915,
0.00015688,0.00016524,-0.00000384,0.00050570,0.00011963,-0.00313556,0.61505802,0
.00074304,-0.00707526,0.00190464,0.00476114,-0.00051762,0.01259451,0.00895328,-0
.00756744,0.00003160,0.00148258,0.00111136,-0.00017413,0.00025050,-0.00033506,-0
.00050669,0.00033294,-0.00026536,0.00038094,-0.00045149,0.00229879,-0.00154085,0
.08350210,0.79755405,0.00041872,-0.00019984,-0.00071560,0.00376180,0.00425032,0.
00241988,0.00172775,-0.00041824,-0.00180070,-0.00000468,0.00009678,-0.00006699,0
.00012168,0.00003753,0.00000655,-0.00014445,0.00008983,-0.00008354,-0.00157480,0
.00006451,-0.00201352,-0.03691168,0.03109987,0.16685189,-0.00029574,-0.00062440,
0.00042298,-0.31937773,-0.09363511,0.26680215,-0.00162143,0.00179000,-0.00449364
,0.00057052,0.00010752,-0.00011563,-0.00002676,0.00004695,0.00006992,0.00044310,
0.00008695,0.00044349,-0.00034932,0.00033821,0.00014478,-0.00448117,0.00315526,0
.00094714,0.40210744,-0.00033677,-0.00014027,-0.00015474,-0.09265776,-0.09905537
,0.10108710,-0.00039583,0.00156062,0.00121270,0.00013094,-0.00001467,-0.00002708
,-0.00005805,-0.00000756,0.00003001,0.00012981,-0.00006122,0.00008783,0.00008975
,0.00018429,0.00005354,0.00074542,0.00188867,-0.00043420,0.11474275,0.07125855,0
.00166369,0.00077416,0.00004570,0.26533690,0.10194585,-0.35367509,0.00019471,0.0
0187791,-0.00287580,-0.00036924,-0.00000582,0.00009449,0.00000430,-0.00002028,-0
.00006873,0.00000220,-0.00005183,-0.00029826,0.00017782,0.00006508,-0.00049257,0
.00226960,-0.00881481,-0.00334367,-0.32189366,-0.13148393,0.40328227,-0.02712991
,0.04594452,0.03545368,-0.00034228,0.00005098,-0.00027261,-0.01298898,0.00003732
,0.00196212,-0.07517816,0.04190598,-0.04463136,-0.00048925,0.00019725,0.00016240
,-0.00017303,-0.00052509,-0.00101434,0.00003638,-0.00011958,-0.00019945,-0.00070
899,0.00158055,0.00032672,0.00027820,0.00016368,-0.00033917,0.50802564,0.0439096
3,-0.07138289,-0.04792315,0.00015342,0.00017751,-0.00018814,-0.00647969,0.002019
61,-0.00420405,0.04000500,-0.16011214,0.09025868,0.00052042,-0.00010579,0.000205
98,-0.00051963,-0.00049406,-0.00027491,-0.00006316,0.00003260,0.00047700,0.00041
765,0.00060851,0.00013603,0.00003278,-0.00004233,-0.00015010,-0.01482034,0.65966
986,0.02547387,-0.04112990,-0.06113619,-0.00138887,0.00004861,0.00005290,0.00557
751,-0.00253641,-0.00090336,-0.03824123,0.08317073,-0.11567374,-0.00016179,0.000
30108,0.00036429,-0.00000831,-0.00018262,-0.00007989,-0.00010941,0.00025956,0.00
044633,0.00082553,0.00276712,0.00014775,0.00045752,-0.00002781,-0.00041689,0.113
26757,-0.12380039,0.28334989,-0.00958763,0.00528554,-0.00110376,-0.01302491,0.00
109384,-0.01034374,-0.00905327,0.00787533,0.00038655,-0.00030012,-0.00181577,0.0
0001763,0.00016159,0.00020548,0.00100063,-0.00035814,-0.00022744,0.00040496,-0.0
0111460,0.00033677,0.00008795,-0.27388300,-0.17663124,0.01163845,0.00111557,-0.0
0163340,0.00534414,0.00040092,-0.00159547,-0.00270068,0.38290271,0.01124934,-0.0
0230883,-0.00073563,-0.00353332,0.00034430,-0.00689914,0.00052585,-0.00823741,0.
00102127,-0.00045060,-0.00008045,-0.00001407,-0.00028149,0.00027778,0.00009645,-
0.00009093,0.00010359,-0.00013782,0.00103761,-0.00103003,0.00173756,-0.20342287,
-0.26057637,0.00615205,-0.00114829,-0.00088104,0.00439580,-0.00152919,-0.0002197
9,-0.00066514,0.24453381,0.35810035,-0.00407930,-0.00063580,-0.00740599,-0.00222
664,-0.00166474,-0.00091251,-0.00105158,0.00092018,-0.00188870,0.00010957,-0.000
09771,0.00012287,-0.00017425,0.00005281,0.00032661,-0.00000775,-0.00002927,0.000
23636,-0.00253288,0.00035146,-0.00174884,0.01186176,0.00765108,-0.05889734,-0.00
010708,0.00005478,0.00134890,0.00012867,-0.00066853,0.00012560,-0.01606592,-0.00
370556,0.06423599,-0.02695151,0.01919699,-0.03706194,0.00049765,0.00001045,0.000
04023,0.00465438,-0.00652127,0.00163465,-0.00421433,-0.00150914,-0.00344344,0.00
035913,-0.00003729,0.00066980,-0.00007990,0.00008134,0.00041457,-0.00006148,-0.0
0039110,-0.00021886,0.00024942,0.00037156,0.00027224,-0.00032451,-0.00004743,0.0
0001668,-0.01439164,0.02581795,-0.01102243,-0.00903934,0.00103456,0.00939448,0.6
9261636,0.01907633,-0.01400100,0.00215354,-0.00046092,0.00000336,0.00016696,0.00
109307,-0.00571522,0.00186222,0.00216383,0.00108908,0.00398359,-0.00011280,-0.00
054136,-0.00066493,0.00015729,0.00015030,0.00020351,-0.00007197,-0.00027677,-0.0
0041293,-0.00174240,-0.00092809,-0.00036115,0.00007343,0.00004070,-0.00052521,0.
03199249,-0.01655097,0.02537165,0.00532755,-0.00036020,0.00061044,-0.07210177,0.
54330575,-0.02615059,0.01849729,-0.11388394,-0.00046507,0.00009621,0.00039739,0.
00014865,0.00265950,-0.00090268,-0.00066641,-0.00062978,0.00139390,0.00023798,-0
.00021083,0.00029791,0.00003390,-0.00003093,0.00079227,-0.00015458,0.00002040,0.
00101388,-0.00378762,-0.00395192,-0.00053006,0.00032032,0.00009408,-0.00047227,0
.00011157,0.01000633,-0.00083662,0.01220844,-0.00023413,-0.00702899,0.18234807,-
0.08929706,0.23255379,-0.01573835,-0.01767159,0.03993774,0.00094207,-0.00014266,
0.00034734,-0.00037650,0.00060531,0.00120002,-0.00078072,-0.00148636,-0.00250603
,-0.00005753,0.00035902,-0.00059515,-0.00021307,0.00020559,0.00028616,0.00026782
,0.00018450,0.00001835,-0.00045963,-0.00078080,0.00039851,-0.00047940,0.00002923
,-0.00004397,0.02158096,0.01746828,-0.00385934,0.00112100,0.00016474,0.00014721,
-0.27910582,-0.08841416,-0.07992299,0.52745272,-0.01632182,-0.04312376,0.0424091
4,0.00104757,-0.00012293,0.00041134,0.00146650,-0.00147730,0.00012561,-0.0042946
1,-0.00169631,0.00121352,-0.00024381,-0.00024717,-0.00032046,0.00005911,-0.00008
078,-0.00075599,0.00010109,-0.00005894,-0.00023265,-0.00097517,-0.00063311,0.000
25321,-0.00040713,-0.00002197,-0.00009430,-0.00126730,-0.05019927,0.01713273,0.0
0199818,-0.00011034,-0.00077630,-0.12570601,-0.12631626,-0.02991817,0.06947452,0
.77931229,0.03578734,0.03754387,-0.08812610,0.00021622,-0.00014449,0.00029933,0.
00054376,-0.00048209,0.00020848,-0.00079726,-0.00062875,0.00034193,0.00033992,0.
00033702,0.00066405,-0.00067881,-0.00075733,-0.00083966,-0.00017037,-0.00025774,
0.00018250,-0.00022349,-0.00077287,0.00004924,-0.00023044,0.00004575,-0.00007444
,0.00054031,0.00486471,0.00063275,-0.00059540,0.00144004,-0.00163760,-0.04387355
,-0.00648682,-0.04591798,0.10099459,-0.09225266,0.21443063,-0.09406305,0.0030718
9,0.06714862,0.00053862,0.00005716,0.00000657,-0.00302619,0.00136331,-0.00136232
,0.00622729,0.00641497,-0.00131640,-0.00050185,0.00031329,-0.00178481,0.00012255
,0.00000023,-0.00076128,0.00022276,0.00008230,-0.00025950,0.00042741,0.00056688,
0.00000193,-0.00013155,-0.00003652,0.00002652,-0.12449282,-0.13357525,-0.0186643
9,-0.00037690,0.00017754,0.00036921,-0.04592734,0.00902334,-0.00901703,-0.170807
32,0.13178116,-0.07935023,0.75307084,0.00527018,-0.00528879,-0.00558980,0.000569
27,-0.00010479,0.00038070,-0.00149771,0.00108982,0.00112396,-0.01246667,-0.02443
622,0.00350244,0.00002196,0.00031138,-0.00023163,-0.00003850,0.00017342,0.000374
59,-0.00000302,-0.00026911,0.00010077,-0.00009559,-0.00010740,-0.00003438,-0.000
36111,0.00010666,-0.00010861,-0.08576726,-0.25552728,0.00585313,0.00041001,0.000
52006,0.00014347,0.02113881,0.01723380,-0.00659666,0.09359176,-0.19754655,0.0664
4263,0.04376900,0.53128417,0.05404124,-0.00201619,-0.06580477,0.00011355,-0.0000
2335,0.00026902,-0.00136638,0.00186997,-0.00118233,0.00678986,0.00908141,-0.0030
8863,0.00071364,-0.00003134,-0.00103447,-0.00018506,-0.00004040,0.00065563,-0.00
036942,-0.00046036,-0.00086300,-0.00063469,-0.00025065,0.00009520,-0.00002075,0.
00001974,-0.00011165,-0.01255611,0.00819733,-0.03343746,0.00099968,-0.00062782,0
.00199880,-0.03283278,-0.00556945,0.00010524,-0.05224189,0.05964145,-0.05557063,
0.15386164,-0.05485550,0.22371680,-0.00128111,-0.00088882,0.00292042,0.00044469,
-0.00005012,0.00029561,0.00146492,0.00040610,-0.00095716,0.00014902,-0.00020859,
-0.00013365,0.00011957,-0.00009145,0.00033855,0.00000570,-0.00003825,0.00001275,
-0.00003326,-0.00002445,0.00020522,-0.00193221,-0.00227640,0.00138380,-0.0000959
1,0.00005233,-0.00013183,-0.00083646,-0.00003943,-0.00083727,-0.00440595,0.00232
973,0.00386192,-0.24268319,0.12690714,-0.06581553,-0.02047596,0.01110055,-0.0067
4377,-0.00465284,-0.00089920,-0.00300052,0.27258224,-0.00043355,-0.00282604,-0.0
0068062,0.00008418,-0.00002304,0.00013723,0.00002444,-0.00145270,0.00169691,0.00
139480,0.00018311,0.00087711,0.00003401,-0.00021695,-0.00001292,0.00003550,-0.00
012137,-0.00013918,-0.00004770,-0.00000229,0.00004021,-0.00109242,0.00090536,0.0
0080045,0.00005004,0.00000725,-0.00009564,0.00225388,-0.00526210,0.00330615,0.00
065093,0.00016229,-0.00120486,0.12876074,-0.11686372,0.03924440,-0.01127664,0.00
724354,-0.00389507,-0.00202734,-0.00142074,-0.00068868,-0.13682922,0.12838963,-0
.00319250,0.00340816,0.00246744,-0.00044989,0.00007265,-0.00038205,-0.00048291,0
.00102673,-0.00040510,0.00032581,-0.00071191,0.00059889,0.00017820,-0.00020271,0
.00015500,0.00014039,-0.00029844,0.00022417,-0.00029564,0.00004231,0.00001600,0.
00370660,0.00257910,-0.00062702,0.00008094,-0.00007539,0.00022073,0.00028398,-0.
00053550,0.00140321,0.00322706,-0.00176678,-0.00308075,-0.06721557,0.03868020,-0
.04104223,-0.00179149,0.00028687,-0.00136082,0.00004013,-0.00027785,0.00244198,0
.06683337,-0.04370905,0.04468420,-0.00250423,-0.00131696,-0.00236226,0.00035118,
0.00002113,0.00005872,0.00027485,0.00001472,-0.00010364,0.00066037,0.00084606,-0
.00014464,-0.00006727,0.00021972,-0.00020866,-0.00016305,0.00013176,-0.00004993,
0.00011819,-0.00005007,-0.00020442,-0.00010200,-0.00068446,0.00004570,-0.0001054
0,-0.00001691,0.00002454,-0.00224081,0.00312592,-0.00274315,0.00053405,0.0004934
4,-0.00008070,-0.00343878,-0.02321197,0.00102638,-0.04149616,-0.04168405,-0.0040
0616,0.00474869,0.01840942,0.00123711,-0.00016207,-0.00062443,-0.00000163,0.0475
6333,0.00192688,-0.00174296,-0.00310198,0.00040835,-0.00000804,-0.00000212,0.000
43760,-0.00017843,-0.00015033,-0.00085436,-0.00003086,0.00006081,-0.00014392,-0.
00006717,-0.00019754,0.00012984,0.00010091,-0.00010320,0.00008798,0.00009125,-0.
00009519,-0.00012627,-0.00043530,0.00003095,-0.00012995,-0.00003133,0.00007702,0
.00058980,-0.00394131,0.00212858,0.00057513,0.00015196,-0.00009017,-0.00265467,-
0.01050620,-0.00007048,-0.04109155,-0.33504130,-0.00109699,-0.00311491,-0.015257
21,-0.00011258,-0.00039142,0.00037748,-0.00004768,0.04659269,0.36726775,-0.00066
023,0.00491073,0.00131466,0.00021881,-0.00003870,0.00008683,0.00007835,-0.001043
07,-0.00067970,0.00008762,-0.00026966,0.00038264,0.00027443,0.00001962,0.0003067
5,-0.00008648,-0.00028277,0.00028558,-0.00028009,-0.00013141,0.00015238,0.000092
18,-0.00011983,0.00000507,-0.00010607,-0.00002293,0.00004279,-0.00162908,-0.0004
8736,0.00126165,-0.00069322,0.00011043,-0.00006398,0.00122285,-0.00840918,-0.000
55130,-0.00448205,-0.00121091,-0.02290883,0.00116600,0.00559440,-0.00276913,0.00
023217,-0.00002236,-0.00127644,0.00848207,0.00250832,0.02576541,0.00009960,-0.00
179747,-0.00415527,0.00029045,0.00003714,-0.00010678,-0.00015855,0.00068796,-0.0
0022015,-0.00017754,0.00098694,0.00005482,0.00040676,-0.00033390,0.00054320,0.00
017515,0.00017506,-0.00029477,0.00027314,0.00007362,-0.00005192,0.00010788,-0.00
018841,-0.00010828,-0.00006719,-0.00003972,0.00009696,-0.00923146,-0.00223966,-0
.00277566,0.00073714,-0.00012911,0.00032753,-0.00296047,0.00083739,-0.00113879,-
0.01258193,-0.00199291,-0.00348745,-0.28795553,-0.04388206,-0.10637492,-0.000215
87,-0.00047670,0.00023249,-0.00037007,0.00034709,0.00044976,0.31475840,0.0006889
6,-0.00202795,-0.00030146,0.00035437,0.00001169,-0.00000926,-0.00118633,0.000102
35,-0.00038468,-0.00021603,0.00017994,-0.00081984,0.00005741,0.00047732,0.000675
10,-0.00013893,-0.00007624,-0.00008201,-0.00003271,-0.00016470,0.00007127,-0.000
05874,-0.00039242,0.00002750,-0.00008907,-0.00003260,0.00006011,-0.02167427,-0.0
0189713,-0.00874749,0.00007231,0.00022809,-0.00016228,0.00297337,-0.00286213,0.0
0120733,0.01759073,0.00490847,0.00576683,-0.04431289,-0.04428286,-0.01510564,0.0
0079416,0.00044778,0.00014851,0.00026129,0.00000965,0.00024840,0.04783560,0.0510
4631,0.00317697,0.00154238,0.00054272,0.00034063,0.00001605,-0.00007015,-0.00103
399,-0.00042414,-0.00021717,0.00104298,-0.00081985,-0.00030921,0.00034866,0.0005
9216,-0.00219704,-0.00000824,-0.00014660,0.00019357,-0.00027597,0.00004918,0.000
13674,0.00061391,0.00035204,-0.00005547,-0.00012529,-0.00003434,0.00011846,-0.00
255359,-0.00017243,-0.00313842,-0.00103892,0.00012462,0.00009315,-0.00463232,0.0
0144952,0.00123502,-0.00902172,-0.00381420,-0.00552000,-0.10516172,-0.01357965,-
0.06195905,-0.00080074,-0.00032894,0.00030849,0.00049726,0.00017307,-0.00076539,
0.11770298,0.01628774,0.07131108,-0.11427010,-0.02485333,-0.01001755,0.00331766,
-0.00130606,0.00459348,0.01351525,0.01559979,-0.00050054,0.00095799,0.00034344,-
0.00050659,-0.00015403,0.00018288,0.00013076,0.00043991,0.00036091,0.00036500,0.
00053486,0.00130275,0.00590689,-0.03361706,-0.01712164,-0.00180500,-0.00017864,0
.00065227,-0.00231832,-0.00362689,0.00119165,0.00277478,0.01493466,0.00156980,0.
00364126,-0.00376020,-0.00757129,-0.00000511,-0.00239663,-0.00193164,0.00151540,
-0.00085717,-0.00057307,-0.00382082,0.00228123,0.00059733,-0.00294937,0.00006790
,-0.00041986,-0.00033111,-0.00023305,-0.00003253,-0.00002144,0.14364215,-0.01340
162,-0.01113364,0.00113601,-0.00603641,0.00008785,0.00042934,-0.00250994,0.02002
955,0.00065431,0.00099420,0.00027225,-0.00002025,0.00022502,-0.00048717,-0.00056
863,0.00020869,-0.00017945,0.00025059,0.00046797,0.00078987,-0.00238460,0.021239
91,0.03396275,0.00126804,0.00138031,-0.00026367,-0.00037802,0.00392468,0.0026628
9,0.00277306,-0.01729660,-0.01147645,-0.00052967,0.00048933,0.00350885,-0.001491
74,-0.00401771,-0.00101584,-0.00190916,-0.00016983,-0.00252700,-0.00053175,-0.00
074796,-0.00034745,0.00310986,-0.00043751,-0.00032957,-0.00061138,0.00005466,-0.
00071105,-0.00003270,0.02431112,-0.01235967,-0.00773749,-0.00113503,-0.00487809,
0.00103219,0.00014415,0.00117332,0.00120386,0.00278792,0.00544068,0.00013409,-0.
00018699,-0.00018478,0.00030688,0.00001005,-0.00028628,-0.00038054,0.00046800,0.
00001643,0.00138186,-0.00279408,-0.00671851,-0.00623462,-0.00419980,0.00290260,-
0.00006754,0.00007331,-0.00078378,0.00149241,0.00092716,0.00190202,0.00407071,0.
00010379,-0.00119855,0.00060127,0.00637137,-0.00318424,0.00362383,0.00085357,0.0
0107099,-0.00033627,0.00049974,-0.00074037,0.00046844,0.00161889,-0.00432028,0.0
0027700,-0.00004619,-0.00038450,-0.00029098,-0.00003974,-0.00055486,0.00473488,0
.00773551,0.01777199,-0.01644478,-0.02120769,-0.01823675,0.00229586,-0.00033951,
0.00088916,-0.04884336,-0.01320173,0.03612284,-0.00574732,0.00335065,-0.00192522
,0.00025136,-0.00029280,0.00010310,0.00015710,0.00030938,0.00112358,-0.00011870,
0.00001416,-0.00039241,0.00026869,0.00176093,0.00022164,-0.00057479,0.00031805,-
0.00031197,-0.25328554,0.02565268,-0.06450250,0.00035048,-0.00091198,0.00198466,
-0.06491243,0.00285814,-0.00861533,-0.00460614,-0.02089062,-0.00074076,-0.031918
05,-0.03893504,-0.01798196,0.00074649,0.01905261,0.00113798,-0.00339568,-0.00155
052,-0.00317562,-0.00200189,-0.00420579,-0.00244642,-0.00193659,-0.00000661,0.00
283133,0.42402580,-0.03242306,-0.04574779,-0.02330134,-0.00073416,-0.00033429,0.
00097413,-0.01219035,-0.02825820,0.03510132,0.01700740,-0.00116782,0.00889079,0.
00027868,0.00025077,0.00128338,0.00003013,-0.00042454,-0.00014068,-0.00022407,0.
00025369,0.00067651,0.00222924,0.00374778,-0.00057815,-0.00026518,-0.00021898,-0
.00001739,0.00301277,-0.06171838,0.01020064,-0.00600324,0.00146021,-0.00094096,0
.01105324,-0.27019081,0.06012729,-0.03095672,-0.03576520,-0.01541252,-0.01430404
,0.00305295,-0.00308955,0.00013080,-0.00867550,0.00002639,-0.00264498,-0.0021213
1,-0.00203932,-0.00018115,-0.00321966,0.00000644,0.00701773,0.00029401,-0.008759
13,0.04896771,0.44838176,-0.03771109,-0.05479962,-0.05026842,-0.00435204,0.00058
471,-0.00189852,0.03437553,0.04159198,-0.05147938,-0.00812108,0.00025882,-0.0086
6280,0.00064333,0.00012632,0.00079098,-0.00011909,-0.00008995,0.00090416,-0.0004
5235,-0.00015199,-0.00003770,0.00034116,0.00061402,-0.00024576,0.00251593,0.0000
5289,0.00003753,-0.08077384,0.02708807,-0.05191075,-0.00243813,0.00009541,0.0005
3620,-0.00122691,0.03012477,-0.03279909,0.01570883,0.00867890,0.01140445,-0.0022
2330,0.00241056,-0.00031757,0.00102593,0.00395867,-0.00284851,0.00028543,0.00145
626,0.00331957,-0.00009368,0.00127006,0.00208277,0.00067658,-0.00880452,-0.00504
000,0.07203619,-0.06027610,0.18272703,0.00071567,0.00009694,0.00025353,-0.057778
73,0.00933357,-0.01468835,-0.00742727,-0.00560787,0.00323993,0.00025563,-0.00012
627,-0.00005867,0.00009985,0.00000046,-0.00003055,0.00017532,0.00010824,0.000187
55,-0.00009410,-0.00005513,-0.00023740,0.00598659,-0.00828992,-0.00407280,0.0035
3886,-0.00830159,0.02613191,-0.00033682,-0.00016475,0.00000130,0.00466394,0.0023
5353,0.00254073,-0.00004421,-0.00019755,-0.00036144,0.00006360,0.00002075,-0.000
02704,0.00002522,0.00000227,-0.00006941,-0.00009663,-0.00011994,0.00003570,0.000
02159,0.00003463,0.00004311,0.00005953,0.00004555,0.00010648,-0.00147302,0.00043
965,-0.00054318,-0.00042875,0.00041346,0.00018679,0.53684528,-0.00030621,0.00048
711,0.00004849,0.01288367,-0.06613847,0.01057454,0.00393961,0.00162145,0.0005948
3,-0.00023425,-0.00015145,0.00007352,0.00002446,0.00000420,-0.00001179,-0.000085
95,0.00000203,-0.00002896,-0.00000625,-0.00016731,-0.00000484,-0.01802777,-0.023
45888,0.00786216,-0.00210473,0.01013363,0.01881156,-0.00010025,0.00018398,0.0000
1747,-0.00716551,-0.01051127,0.00010870,0.00007938,0.00009758,0.00003184,0.00008
096,0.00015583,0.00002688,0.00006799,-0.00001904,-0.00004896,0.00007067,-0.00013
291,-0.00019558,0.00006577,0.00005787,0.00000624,0.00001388,0.00002358,0.0000177
7,0.00043828,-0.00118980,0.00013088,-0.00021997,-0.00020320,-0.00028057,-0.03237
076,0.42514594,0.00030773,-0.00035722,-0.00014618,-0.01346462,0.00223487,-0.0866
9398,0.00441429,0.00021362,-0.00284302,0.00016825,-0.00000339,-0.00000392,0.0000
3257,-0.00000394,-0.00001696,0.00013291,0.00011310,0.00004850,-0.00010115,0.0000
3357,-0.00030409,-0.00399131,-0.01195176,-0.00765930,0.00986135,0.02344542,-0.04
546260,0.00019483,-0.00011626,0.00015396,0.00890081,0.00105602,0.00798335,-0.000
17925,0.00004094,-0.00028475,-0.00012694,-0.00017043,-0.00009453,0.00000930,-0.0
0013017,-0.00014199,-0.00017276,0.00012418,0.00029320,-0.00008143,-0.00005455,-0
.00004624,0.00000325,-0.00004582,-0.00002431,-0.00225717,0.00196870,-0.00030685,
-0.00043254,0.00012752,0.00057269,-0.02013483,0.00752386,0.38422294,0.00129527,-
0.00010824,0.00100279,-0.39955076,0.01027757,-0.05381968,-0.02622804,-0.00651100
,0.01746654,0.00083588,-0.00028744,-0.00003293,0.00002183,0.00009296,0.00006284,
0.00025425,-0.00009959,0.00050622,-0.00036784,0.00046102,0.00006640,-0.00661913,
-0.00565548,-0.00123708,-0.08758497,-0.01239755,0.02817620,0.00074639,0.00016503
,0.00150615,0.00995902,0.00312517,0.00075035,-0.00113123,0.00048333,0.00089127,-
0.00089685,-0.00103416,-0.00044961,-0.00027500,-0.00080950,-0.00035508,-0.000514
07,0.00003641,0.00023815,-0.00026751,-0.00029284,-0.00038650,-0.00014167,-0.0002
0958,-0.00028898,-0.00458386,0.00241467,-0.00026002,0.00375926,-0.00052938,0.001
80864,-0.04051565,0.00629064,-0.02750680,0.55484167,0.00034832,0.00026188,0.0007
0363,0.00753032,-0.06221601,0.00960185,0.00094524,-0.02358205,0.01778476,-0.0000
6842,-0.00028673,-0.00017234,-0.00006736,0.00001161,0.00001906,0.00016589,-0.000
63127,0.00021930,-0.00042424,0.00036924,0.00010268,-0.00131158,-0.00100261,-0.00
130699,-0.01798301,0.01769939,0.00249304,0.00018185,-0.00015192,0.00123285,0.001
57191,0.00091734,0.00059666,0.00076840,0.00111953,0.00030336,-0.00070695,-0.0000
3304,-0.00032867,-0.00044016,-0.00083954,-0.00057906,-0.00011519,-0.00000968,0.0
0013007,0.00001745,0.00002828,-0.00015329,-0.00000031,-0.00013603,-0.00010520,-0
.00120453,-0.00187238,-0.00053274,-0.00076213,0.00474304,-0.00194486,0.01036010,
0.01097839,0.01045997,-0.00121997,0.04955457,0.00002626,-0.00085904,-0.00060531,
-0.05350426,0.00996591,-0.08910079,0.00828033,0.02074230,-0.05474485,-0.00006249
,0.00030155,0.00015231,-0.00002191,-0.00004545,0.00003526,0.00101287,-0.00008348
,0.00018767,-0.00027318,0.00078879,-0.00020357,0.00028723,-0.00125598,-0.0007706
9,0.04688192,0.00360446,0.01068442,0.00070673,0.00177039,-0.00139047,0.00062342,
0.00132262,0.00027056,0.00147408,-0.00009529,-0.00082204,0.00009256,0.00040458,0
.00018769,0.00072475,0.00003600,0.00068671,0.00018122,-0.00019305,0.00008015,0.0
0013825,0.00006669,0.00042376,0.00005157,0.00029694,0.00013044,0.00065855,0.0000
7553,-0.00152051,-0.00112227,-0.00179304,0.00591342,-0.04005586,0.00954378,-0.01
259456,0.03895112,-0.04473142,0.14736657,-0.04960776,0.00983554,0.03941282,0.000
35835,-0.00038504,0.00003786,0.00259806,-0.00084259,-0.00142828,0.00048977,-0.00
076003,-0.00058088,-0.00501951,-0.00131572,0.00376357,0.00403420,-0.00218069,-0.
00042510,-0.31473169,-0.03386569,0.07210439,0.00118764,0.00236863,-0.00145018,-0
.00025186,0.00009807,0.00000456,-0.00179297,-0.00471715,-0.00297401,-0.00708121,
0.00055460,-0.00757595,0.00446309,0.00371837,0.00014848,-0.00086243,0.00155650,-
0.00275062,0.00038057,0.00155939,0.00217374,0.00014754,-0.00006242,-0.00066376,0
.00017708,0.00014324,-0.00074267,0.00079560,-0.00009874,-0.00066723,-0.00386324,
-0.00004339,0.01023698,0.00534574,-0.00240566,0.00384112,-0.00007382,0.00007577,
-0.00013451,-0.00074362,-0.00048791,0.00004732,0.77073106,0.01082634,-0.01783970
,-0.02186604,-0.00051993,0.00012497,-0.00073451,-0.00348597,-0.00834153,-0.00612
325,-0.00029081,0.00036586,0.00014823,-0.00085366,-0.00127625,0.00121650,0.01759
898,-0.01473455,0.00085268,-0.03715158,-0.04001708,0.01605290,0.00115881,0.00099
062,0.00011058,0.00010989,0.00009495,0.00026931,0.00896669,0.00404700,-0.0000144
4,-0.00054897,0.00014814,0.00124327,-0.00452246,-0.00294325,-0.00475476,-0.00409
817,-0.00179458,0.00489272,0.00282817,-0.00934670,0.00065481,-0.00027876,0.00004
873,0.00031370,-0.00040486,0.00011259,0.00098094,-0.00012437,-0.00011536,0.00001
215,-0.00111181,0.01214188,0.00099729,-0.00187107,0.00836384,0.00359768,0.000283
88,-0.00036630,0.00028099,0.00053149,-0.00020273,-0.00004506,-0.00180160,0.45821
389,0.04134600,-0.01662618,-0.05979846,0.00097405,0.00013700,-0.00132277,-0.0024
9858,-0.00844738,-0.00189325,-0.00145284,0.00114163,-0.00005828,0.00000807,0.001
49988,0.00210991,-0.00855380,0.00654663,-0.00189509,0.06633987,0.01359618,-0.040
85804,0.00318736,0.00141356,-0.00073215,-0.00039528,-0.00010073,0.00094081,-0.00
169280,0.00444635,0.00462235,-0.00754780,0.00150258,-0.01023273,-0.00007714,-0.0
0434078,0.00252086,0.00587362,-0.00212579,0.00074860,0.00058562,0.00554847,-0.00
203564,-0.00016778,0.00006668,0.00167271,-0.00042137,-0.00011689,0.00086028,-0.0
0019663,0.00024011,-0.00012826,-0.00009212,-0.00037438,0.00113728,-0.00547583,-0
.00146568,-0.00919152,0.00020930,-0.00001093,0.00017418,-0.00036953,0.00019188,0
.00053193,-0.12696792,-0.16017785,0.23590763,-0.00152084,-0.00470987,-0.00070782
,-0.00006984,-0.00022839,0.00056948,-0.00051433,-0.00110891,-0.00383975,0.000817
44,-0.00158875,0.00046941,-0.01837959,-0.01015551,0.00780765,-0.04269371,-0.0364
8598,0.02308120,-0.01605324,0.01439287,-0.00887000,-0.00167421,0.00006194,0.0000
0766,0.00000484,0.00008889,-0.00036801,0.00709661,-0.00082956,-0.00017896,0.0016
0841,-0.00215196,0.00061265,0.00030746,0.00365162,-0.00566298,-0.01128296,0.0012
5818,-0.00137548,-0.00004077,-0.00969752,0.00459199,0.00012221,0.00007452,-0.000
34843,-0.00034661,0.00015768,0.00016876,-0.00032864,-0.00004802,0.00056608,-0.00
389837,0.00246704,-0.01128379,0.00064658,0.00716888,0.00864681,-0.00006418,-0.00
010620,-0.00004047,-0.00055612,-0.00002398,-0.00072779,-0.20497940,0.11737868,-0
.00721006,0.54527908,-0.00117594,-0.03800958,0.03394174,0.00067063,0.00005670,-0
.00002621,-0.00078407,-0.00004039,-0.00183966,0.00085067,-0.00094192,-0.00009673
,0.00890749,0.00539558,-0.00632796,-0.03749172,-0.26755838,0.13294139,-0.0027434
7,0.00326437,-0.00249038,0.00015622,-0.00057494,0.00005097,-0.00016973,-0.000065
14,0.00006220,0.00154470,0.00500098,0.00078602,-0.00029760,0.00021138,-0.0008810
9,-0.00097155,-0.00012691,-0.00146324,0.00024979,0.00227802,0.00133917,0.0012112
9,-0.00008487,-0.00181763,-0.00010606,-0.00023838,-0.00037109,0.00054108,0.00021
292,-0.00108317,0.00012552,-0.00006795,-0.00008062,-0.00009047,0.00117902,0.0031
0766,-0.00253245,0.00283852,-0.00178629,-0.00009312,-0.00000909,0.00002243,-0.00
106227,-0.00064449,-0.00002140,0.12800804,-0.16579258,0.03589413,0.02287205,0.65
516241,0.00307544,0.03523658,-0.10016506,0.00173550,-0.00015732,-0.00034230,-0.0
0235136,-0.00216541,-0.00327242,0.00030002,0.00058554,0.00056269,-0.00214927,-0.
00210909,-0.00110738,0.02042969,0.12475200,-0.08674366,0.00312228,-0.00401105,0.
00103160,-0.00033154,-0.00219434,-0.00042432,-0.00057611,-0.00000745,0.00062659,
-0.00649159,-0.00459393,-0.00172433,0.00357951,0.00027089,-0.00020731,0.00646704
,0.00830005,0.00725155,-0.00227734,0.00034026,-0.00343046,-0.00270600,0.00211122
,0.00082214,0.00025232,-0.00007246,0.00038546,0.00006533,-0.00037847,0.00026129,
-0.00074499,-0.00000471,0.00082193,-0.00386803,-0.00168311,-0.00152607,0.0064706
7,-0.00873990,0.00205559,-0.00010099,0.00022964,-0.00019385,-0.00127247,0.000267
97,0.00008900,-0.05246626,0.06708725,-0.04746824,-0.05613525,-0.28747103,0.29464
822,-0.05636028,0.00020297,-0.06324247,-0.00039558,0.00008119,-0.00043030,-0.002
01082,-0.00078461,-0.00123373,-0.00136288,0.00161669,-0.00118971,-0.29020632,0.1
0465661,-0.01753934,-0.00112377,-0.00153027,-0.00028489,-0.00363328,0.00241058,-
0.00256770,0.00060376,0.00065273,-0.00009185,0.00024456,-0.00001725,0.00026133,0
.00444515,0.00304782,0.00334033,-0.00058321,0.00012313,-0.00071418,-0.00099302,-
0.00710875,0.00069595,0.00338702,-0.00141099,0.00338417,-0.00163370,-0.00030206,
0.00087467,0.00000923,0.00001568,0.00080525,-0.00028219,-0.00012325,0.00061726,-
0.00092238,-0.00019989,0.00240935,-0.00121107,-0.00001254,0.00031388,-0.00364536
,0.00482786,-0.00239900,0.00019224,-0.00004533,0.00013203,0.00051219,0.00028633,
0.00040896,-0.05303183,0.01101120,-0.01459576,-0.26552194,-0.10936716,0.08254386
,0.77320968,0.00592584,-0.01239209,-0.00745485,0.00010072,0.00001892,-0.00033283
,-0.00179513,-0.00138102,-0.00167131,0.00066348,-0.00117653,0.00005735,0.1074065
5,-0.07897478,0.01433977,-0.02054702,-0.00923674,0.00095036,0.00188610,-0.001557
84,0.00183467,0.00069751,-0.00018147,-0.00015500,-0.00011218,0.00003127,0.000211
85,-0.00438283,0.00359166,0.00219145,-0.00126973,0.00127934,0.00052006,-0.005139
73,-0.00767010,0.00051078,0.00734918,-0.00136143,0.00451585,0.00300826,0.0075566
6,0.00197841,-0.00015133,-0.00032538,-0.00016487,0.00026049,-0.00012622,0.000311
74,-0.00000795,0.00049145,-0.00102007,0.00092637,0.00017491,0.00101330,-0.003763
19,0.00147384,-0.00621894,0.00009964,0.00000347,0.00001690,0.00005885,0.00003262
,0.00019115,0.00422352,0.00458022,-0.01283800,-0.08764518,-0.11303041,0.05962559
,-0.08660521,0.50593567,-0.05362142,-0.01765462,-0.09201753,0.00044969,0.0000002
3,-0.00007513,0.00060072,-0.00147698,0.00114851,0.00071190,-0.00051418,0.0002869
0,-0.01547740,0.01268672,-0.02410173,0.00980497,0.00387814,-0.00233366,0.0009229
1,0.00115841,0.00147949,-0.00013165,-0.00061780,0.00003512,-0.00013925,-0.000062
27,0.00010651,0.00453612,0.00155914,0.00238943,0.00027022,-0.00009479,0.00090896
,0.00050283,0.00231030,-0.00175771,-0.00821217,-0.00012983,-0.00348279,-0.000768
55,-0.00556097,0.00096618,0.00078399,0.00021693,-0.00053036,-0.00061687,-0.00016
942,0.00087216,-0.00018007,-0.00017365,-0.00164698,0.00186472,0.00206457,-0.0021
5956,-0.00202963,0.00666937,0.00331348,-0.00005848,0.00005572,0.00003679,0.00009
188,0.00036343,-0.00012754,0.01401637,-0.01240411,0.01430366,0.03798761,0.040642
85,-0.05670581,0.02933617,-0.16398204,0.23711666,-0.03084614,-0.04810049,-0.0366
9228,0.00025609,0.00005776,-0.00016331,-0.00047437,-0.00002604,-0.00039302,0.000
11161,0.00018987,0.00076186,-0.00303996,0.02403136,-0.00698573,-0.00380800,-0.00
133027,-0.00009093,-0.00201473,-0.00294290,0.00027869,0.00053318,-0.00091712,-0.
00023534,-0.00005446,-0.00005319,0.00014252,0.00044137,0.00464947,0.00626282,-0.
00046405,0.00143012,0.00007037,-0.00383370,-0.00765473,-0.00105456,0.00558750,-0
.00653430,0.00303956,0.00211559,0.00500572,0.00137225,-0.00011794,-0.00011617,0.
00042954,0.00025659,-0.00030368,0.00117474,-0.00086332,0.00103466,0.00082161,-0.
00100012,-0.00016534,0.00118571,-0.00455726,0.00589037,-0.00332617,0.00009796,0.
00003066,0.00005403,0.00005625,0.00004660,-0.00004007,-0.03748775,-0.04462909,0.
00566084,0.00701068,-0.01159226,0.01362991,-0.08362695,0.02725899,-0.01192764,0.
67989328,-0.04106070,-0.06751322,-0.05071401,0.00041284,0.00000656,0.00026415,0.
00081415,0.00151267,0.00014107,-0.00111430,0.00155671,-0.00031784,0.00221059,-0.
00962417,0.00245382,-0.00214112,-0.00153118,0.00039279,-0.00061171,-0.00301399,0
.00146601,-0.00106573,-0.00086931,0.00025342,-0.00004173,-0.00001846,0.00004822,
-0.00796476,-0.00506290,-0.00496242,0.00273515,-0.00036899,0.00032773,0.00304366
,0.00358784,0.00307322,-0.00185965,0.00111291,-0.00066815,-0.00419765,0.00169183
,-0.00259549,0.00023060,0.00032591,0.00086926,-0.00006620,-0.00023783,0.00147634
,-0.00029658,0.00016467,-0.00005888,-0.00036010,-0.00190361,-0.00153868,0.006695
09,-0.00600423,0.00131816,-0.00003357,0.00007516,-0.00009909,-0.00024204,-0.0000
5377,-0.00005062,-0.01578707,0.01101386,0.00564694,-0.03018277,-0.03694390,0.004
77116,0.06616825,-0.27098028,0.11782293,0.11883918,0.60539805,-0.02782285,-0.041
35904,-0.04131697,0.00028248,-0.00007101,-0.00023431,0.00145919,0.00215645,-0.00
009503,-0.00071137,0.00051696,-0.00028542,-0.00076553,0.00040160,-0.00229977,0.0
0230249,0.00261090,0.00175096,0.00158851,0.00346672,0.00088524,0.00047154,-0.000
55943,-0.00022706,-0.00014209,0.00001265,0.00028401,-0.00536065,-0.00076318,-0.0
0018189,0.00011777,0.00012372,-0.00004447,-0.00079947,-0.00501400,0.00188602,0.0
0065148,0.00176765,-0.00226323,0.00270253,-0.00088877,0.00024712,-0.00008004,0.0
0001709,0.00095418,-0.00024055,-0.00042086,-0.00290444,0.00036099,-0.00080496,-0
.00111378,0.00110950,-0.00161874,-0.00018314,-0.00072653,-0.00402488,-0.00698207
,0.00001889,0.00001900,0.00002052,-0.00035485,-0.00012168,0.00037650,0.01553122,
0.01329622,-0.00670501,0.02526152,0.02349783,-0.00361763,-0.02074295,0.08749793,
-0.06850723,-0.06662933,-0.18331190,0.24270824,-0.01646971,0.04348274,0.01869143
,0.00026832,-0.00005457,0.00052267,0.00069237,0.00213029,-0.00082513,-0.00013617
,-0.00024294,-0.00050509,-0.00122981,0.00329285,0.00124385,-0.00256518,0.0019046
9,0.00049557,-0.00804845,-0.02201464,0.00562837,-0.00192279,0.00047485,0.0000069
6,-0.00001742,0.00006328,-0.00024082,-0.00803659,-0.00687268,-0.00257559,-0.0020
1255,-0.00537837,-0.00337080,0.00333478,0.00084536,0.00381276,0.00252900,0.00500
819,-0.00021748,-0.00304597,0.00676477,0.00162875,0.00002170,-0.00021109,0.00000
652,0.00047565,-0.00015181,-0.00060445,0.00019074,0.00021701,-0.00000928,-0.0031
1158,-0.01011179,-0.00748080,0.00376184,-0.00736419,-0.00155822,-0.00003836,0.00
013955,-0.00013520,-0.00061331,-0.00015210,-0.00008479,-0.11119068,-0.05979608,0
.05109707,0.00645432,0.00197260,-0.01132440,-0.01912860,0.04695248,-0.00525227,-
0.33771551,0.01030109,-0.00252090,0.62616331,0.03827875,-0.09196599,-0.05168496,
0.00039066,-0.00026800,-0.00016221,0.00005216,-0.00062590,-0.00096418,0.00033851
,0.00034645,0.00041767,0.00034403,-0.00412906,0.00141341,0.00291243,-0.00253168,
-0.00021018,-0.00191324,-0.00229158,-0.00088798,-0.00054851,-0.00068533,-0.00055
757,-0.00006859,0.00001408,0.00022147,-0.00492169,-0.00133099,-0.00513945,0.0004
4634,-0.00212160,-0.00019939,0.00322173,0.00699764,0.00207669,-0.00543981,0.0036
9475,-0.00094810,-0.00395949,-0.00149460,0.00296578,0.00040003,0.00038969,0.0006
7554,-0.00072006,-0.00019765,0.00040269,-0.00064472,-0.00009515,0.00090828,-0.00
432784,-0.00567168,-0.00790854,0.00647749,-0.00283922,0.00557769,0.00019441,-0.0
0002865,-0.00001174,-0.00021205,0.00065982,0.00021596,-0.09586477,-0.22163444,0.
11870477,0.01285128,-0.04008574,0.00637804,0.02398457,-0.00864540,0.00443666,0.0
5881901,-0.07167102,0.01784337,-0.12400727,0.62600634,0.01555456,-0.04798557,-0.
05820928,-0.00017704,0.00013163,-0.00041168,-0.00126023,-0.00137203,-0.00067594,
0.00131322,-0.00086879,0.00036956,-0.00040742,0.00399536,0.00134280,-0.00158845,
0.00306172,0.00151273,0.00138317,0.00333097,-0.00189532,0.00211218,0.00212517,-0
.00021266,-0.00001638,-0.00002373,0.00013175,0.00322124,0.00080897,-0.00059427,-
0.00656011,-0.00283938,-0.00254964,-0.00034735,-0.00079945,-0.00007139,-0.002510
03,-0.00054623,0.00193619,-0.00009106,-0.00802674,-0.00002581,-0.00000480,-0.000
07480,0.00043408,0.00024051,-0.00041313,-0.00030307,-0.00048811,0.00009166,0.000
56399,-0.00079983,0.00258378,0.00200468,0.00315859,0.00185685,0.00417047,0.00024
925,-0.00008746,0.00018109,0.00040192,0.00015608,0.00020994,0.04354587,0.0856047
1,-0.07877048,-0.01562829,0.02776638,-0.00184426,-0.00980310,0.01448907,-0.00216
865,0.00745578,0.01920610,-0.03510132,0.02810531,-0.21259319,0.27260839,-0.00296
960,-0.00067016,-0.00038213,0.00033123,-0.00001138,0.00015068,0.00000059,-0.0005
8907,-0.00001700,-0.00003371,-0.00030832,0.00001111,-0.00001046,0.00127220,0.000
07658,0.00045262,-0.00053115,0.00008233,0.00023432,-0.00011459,0.00025155,-0.000
89436,-0.00183412,-0.00028250,-0.00007379,0.00001837,-0.00003937,-0.00029548,-0.
00046400,-0.00023952,-0.00202948,0.00016901,-0.00097001,0.00022929,0.00025958,0.
00007352,0.00002499,0.00071715,-0.00008096,0.00006139,0.00029880,-0.00028449,0.0
0022684,-0.00007158,-0.00037047,-0.00054972,-0.00005926,0.00073963,0.00021820,0.
00009801,-0.00022344,0.00147977,-0.00085087,0.00025945,-0.00001685,-0.00051809,-
0.00011414,-0.00002538,0.00006062,-0.00010222,-0.00020617,-0.00005579,-0.0000298
0,0.00777304,-0.00807391,0.00453720,-0.00111542,-0.00246719,0.00062510,-0.005050
84,0.00210984,0.00034999,-0.01182206,0.01990114,-0.01067962,-0.11353833,0.110186
23,-0.07620062,0.12943983,0.00087925,-0.00409495,0.00426872,0.00027547,-0.000061
38,0.00019253,0.00051804,-0.00021283,-0.00015482,-0.00035085,0.00066235,0.000020
20,-0.00044492,0.00022182,-0.00007338,0.00082762,-0.00025373,-0.00019750,-0.0001
1270,-0.00034410,-0.00018944,-0.00173871,-0.00164806,-0.00030651,-0.00005162,0.0
0005830,-0.00014168,-0.00033281,0.00013703,-0.00041342,0.00019066,0.00031348,0.0
0008796,0.00031650,-0.00003795,0.00068972,-0.00016697,-0.00025856,0.00040734,-0.
00062983,0.00025291,0.00042072,0.00002484,-0.00012311,-0.00036420,0.00007520,0.0
0007176,0.00013999,-0.00036064,0.00015517,0.00020749,0.00091074,-0.00171490,-0.0
0009090,0.00037297,0.00059094,0.00123396,-0.00001678,0.00016059,-0.00017520,-0.0
0007546,0.00007432,-0.00008024,0.00898281,-0.01511287,0.00656708,-0.00099895,-0.
00269557,0.00154386,-0.00050710,0.00072643,0.00079314,0.00139455,-0.00011937,-0.
00130359,0.11022010,-0.18731283,0.11497074,-0.11916811,0.20784424,0.00183063,-0.
00462800,0.00082400,-0.00001339,0.00003367,0.00002220,0.00024627,0.00067296,0.00
014844,-0.00043549,0.00060758,-0.00017337,-0.00009335,0.00044504,0.00028923,-0.0
0039464,0.00075467,0.00046041,0.00024629,-0.00040080,-0.00074289,-0.00091983,-0.
00052101,0.00029064,0.00006343,0.00001118,-0.00003952,-0.00026358,0.00049362,-0.
00074570,-0.00028405,-0.00072275,-0.00120180,0.00045645,-0.00001013,0.00052347,-
0.00003825,-0.00064861,0.00027000,-0.00073941,0.00006392,0.00065991,-0.00009396,
-0.00051451,-0.00054803,0.00072458,-0.00011050,-0.00020066,-0.00038534,0.0000804
0,0.00008260,0.00048797,0.00001798,0.00060086,0.00060371,0.00062558,0.00104408,0
.00003593,0.00001057,0.00002034,0.00005052,0.00006705,-0.00002919,-0.00714732,0.
00621116,-0.00652425,-0.00101691,0.00485288,0.00008693,-0.00056072,0.00362305,0.
00074458,0.00072054,-0.00126594,-0.00183404,-0.07609890,0.11774129,-0.10043754,0
.08245162,-0.12769655,0.10694349,0.00059182,-0.00148087,0.00025895,0.00275856,-0
.00454378,0.00647780,-0.07992204,0.03580379,-0.01768228,-0.00004757,0.00011125,0
.00006746,0.00009150,0.00008763,0.00006844,-0.00010806,-0.00008453,0.00003778,-0
.00015510,-0.00006834,0.00000652,-0.08478675,0.05741959,0.01203000,0.00139464,-0
.00001325,0.00003477,0.00064132,-0.00087530,-0.00041274,-0.00609018,-0.05360724,
-0.00468238,-0.00104323,-0.00097047,-0.00118981,0.00063148,-0.00001373,-0.000228
04,0.00036619,0.00036893,0.00000584,-0.00017200,-0.00013830,-0.00045895,0.000105
46,0.00008026,-0.00008266,0.00008644,0.00007906,0.00001903,-0.00464787,-0.002555
30,-0.00110268,-0.00188905,0.00106536,0.00460082,-0.14143117,-0.05825556,0.03119
417,0.00061246,0.00225935,-0.00099436,-0.00035764,-0.00034090,0.00042502,0.00058
371,-0.00041129,0.00031072,0.00037085,0.00008354,0.00020799,0.00002505,0.0002026
0,-0.00033167,0.00037515,0.00060880,0.00034109,-0.00004671,0.00037392,0.00025295
,0.37094648,0.00170657,0.00341523,-0.00029447,-0.01606397,-0.02078489,0.00788307
,0.01873201,-0.03460838,0.01042441,0.00025877,-0.00158542,0.00002104,-0.00011012
,0.00009257,0.00018770,0.00003677,0.00012912,-0.00009703,-0.00021726,-0.00061829
,0.00051390,0.06601968,-0.43403815,-0.03548197,-0.00142185,-0.00059287,0.0105353
3,-0.00120650,-0.00068109,-0.00082868,-0.03529504,-0.06706646,-0.00292358,0.0009
6739,0.00112319,0.00181205,0.00038303,0.00049254,0.00014732,-0.00029116,-0.00047
271,-0.00007458,0.00043257,-0.00031263,-0.00123566,0.00033457,0.00031393,0.00004
204,0.00008054,0.00002884,-0.00020243,0.00467894,-0.01513952,0.00086197,-0.00372
721,-0.00171913,-0.00193290,-0.06443619,-0.13340912,0.03831033,0.00262069,0.0024
6609,-0.00059409,-0.00066139,0.00017077,0.00005924,0.00053944,0.00033578,0.00065
572,-0.00029721,0.00008933,0.00102339,0.00040097,0.00041128,0.00015810,-0.000636
83,0.00043934,-0.00043180,0.00073844,0.00102275,0.00023843,0.00097048,0.77062754
,-0.00162233,-0.00033677,-0.00242302,0.01213078,0.02498633,-0.01276334,-0.004217
35,0.01217306,-0.02829531,-0.00056882,0.00021961,0.00010365,-0.00000323,0.000020
63,0.00010986,0.00009216,0.00003662,0.00015006,-0.00014871,0.00006382,0.00055576
,0.01124885,-0.01895016,-0.04344934,-0.00078972,0.00002371,-0.00694277,0.0002871
5,-0.00025323,-0.00027949,-0.00781022,0.00161302,0.01142066,-0.00109980,0.000097
01,-0.00028339,-0.00007053,-0.00026833,-0.00008437,0.00008820,0.00020429,0.00021
933,0.00001434,-0.00055537,-0.00042929,0.00001338,0.00000379,-0.00006521,0.00011
156,0.00003995,-0.00001909,0.00253820,-0.00282668,0.00078346,0.00273584,-0.00151
027,0.00486516,0.02874990,0.02747241,-0.05498553,0.00145358,0.00249283,0.0006465
3,-0.00078885,-0.00081047,-0.00064695,0.00021656,-0.00054366,0.00049517,0.000118
67,-0.00003646,0.00017680,-0.00001117,0.00028267,0.00009714,0.00034209,0.0005681
0,-0.00039036,0.00005775,0.00023968,0.00000728,-0.05026213,-0.01932958,0.1043844
4,0.00001201,-0.00019918,0.00010934,-0.01171429,0.00478928,-0.00012812,-0.002147
29,-0.00172816,0.00114674,0.00019506,0.00000106,-0.00003062,0.00002290,0.0000052
7,0.00001324,0.00003145,0.00000262,0.00007341,-0.00010991,0.00002233,0.00000592,
-0.00237919,0.00160030,0.00027369,0.00189493,-0.00105862,0.00073431,0.00015082,0
.00001111,-0.00001094,0.00128292,0.00019510,-0.00000323,-0.00003867,0.00001133,-
0.00005923,0.00004111,0.00002661,-0.00003460,0.00006122,0.00005729,0.00001318,-0
.00003912,0.00005853,-0.00001836,-0.00000209,0.00000270,-0.00000771,0.00001398,-
0.00000216,-0.00000546,0.00007533,0.00042526,-0.00002614,0.00006763,0.00014346,-
0.00016364,-0.23077980,0.08197628,0.00771140,-0.00173410,0.00043692,-0.00323230,
-0.00009349,0.00007195,-0.00007906,0.00005991,-0.00003549,-0.00007725,0.00008609
,0.00000953,-0.00002727,-0.00000021,0.00002616,-0.00004129,0.00002772,0.00002076
,0.00003494,-0.00002977,-0.00000155,0.00002031,-0.03195425,-0.00227583,0.0039901
8,0.27771251,-0.00012475,-0.00016866,-0.00008846,0.00861639,-0.00186014,-0.00230
821,-0.00055891,-0.00188232,0.00103223,0.00002340,0.00002878,-0.00001021,-0.0000
0314,-0.00000262,-0.00000847,-0.00001680,-0.00000282,-0.00001708,-0.00001929,0.0
0001192,0.00001997,-0.00124666,0.00176368,-0.00026102,-0.00117248,0.00028500,-0.
00067271,-0.00002124,-0.00007177,0.00003137,0.00132556,0.00033508,0.00016236,-0.
00001798,-0.00003446,-0.00001133,0.00001721,-0.00000496,0.00000288,-0.00002906,0
.00002488,0.00000077,-0.00001714,0.00003053,-0.00000490,-0.00000220,-0.00000301,
-0.00000720,-0.00000948,-0.00000531,0.00000141,-0.00009859,0.00034647,-0.0000086
5,0.00009404,0.00019242,0.00018238,0.08067487,-0.07386919,-0.00156742,0.00313118
,-0.00008353,0.00272484,0.00001786,-0.00000812,-0.00004288,0.00004744,0.00001620
,-0.00003403,-0.00003438,-0.00000777,-0.00000305,-0.00000677,-0.00001912,-0.0000
0934,-0.00000430,-0.00001799,0.00001400,-0.00001077,0.00000134,0.00000012,-0.023
29534,0.00489767,0.00141026,-0.08683163,0.08610461,-0.00003533,0.00010302,0.0000
4148,-0.01899696,0.00874115,0.00340888,0.00005564,0.00126186,-0.00073215,-0.0000
4581,-0.00002354,0.00000546,0.00001194,0.00000098,0.00000244,0.00005373,0.000002
62,0.00002206,-0.00006375,0.00002590,-0.00001221,0.00032116,0.00006983,0.0006781
7,0.00020325,-0.00166242,0.00121377,0.00001611,0.00003341,-0.00003764,-0.0006972
3,-0.00038238,-0.00022781,0.00002335,-0.00004887,-0.00000288,-0.00001035,-0.0000
1735,0.00000230,-0.00000559,-0.00004448,-0.00002295,0.00001477,0.00000633,0.0000
0022,-0.00000272,0.00000912,0.00001745,0.00000038,0.00000293,0.00000060,0.000138
37,-0.00007045,-0.00003029,-0.00002387,-0.00007701,-0.00002664,0.00753990,0.0005
6469,-0.04145981,-0.00732806,0.00106893,-0.00691040,-0.00006421,-0.00007251,-0.0
0001675,-0.00001783,0.00000245,0.00005001,0.00004145,-0.00000972,0.00002125,-0.0
0001448,0.00003839,0.00000891,0.00004838,0.00004381,-0.00001078,0.00000427,0.000
00943,0.00000373,0.01012139,-0.00112098,0.00053976,-0.01154077,0.00516560,0.0478
8890,-0.00079973,-0.00257550,0.00026885,-0.00007679,-0.00006163,-0.00013101,-0.0
0237165,-0.00038043,-0.00102694,-0.06605853,-0.03771815,-0.06185582,0.00065539,-
0.00102530,-0.00108463,-0.00077918,0.00000112,0.00096974,0.00009011,0.00002040,-
0.00018578,-0.00001936,-0.00019938,-0.00006123,0.00011691,0.00003651,-0.00000260
,-0.00469498,0.00338467,-0.01293825,0.00068350,-0.00004590,0.00017864,-0.0004717
5,0.00035896,0.00045433,-0.00060766,0.00001847,0.00027032,0.00059422,-0.00165919
,0.00112755,0.00006436,-0.00000026,0.00032742,0.00001730,-0.00015892,0.00018412,
-0.00020832,-0.00036584,0.00034246,-0.00031830,-0.00000413,-0.00029578,0.0002402
5,0.00106426,-0.00079054,0.00016822,0.00000630,0.00000820,0.00012958,0.00020071,
0.00006271,-0.00029035,0.00035390,-0.00029911,-0.00114894,0.00137044,0.00020785,
0.00185396,-0.00004112,-0.00036389,-0.00042476,0.00006814,-0.00035141,0.00008160
,-0.00026536,-0.00002942,-0.00001271,-0.00031281,-0.00008528,0.00000148,0.000302
13,0.00015275,0.00002615,0.00000794,0.00001663,0.08468382,-0.00425529,0.00170386
,0.00007197,-0.00041184,-0.00000018,-0.00003488,-0.00045868,-0.00021070,0.000033
57,-0.03943846,-0.08227136,-0.09124199,-0.00246988,-0.00382070,-0.00354087,-0.00
000024,0.00011423,0.00027068,-0.00040004,0.00001748,0.00019186,0.00023432,0.0006
2424,0.00001875,0.00009921,0.00001978,-0.00006452,0.01201019,0.00104788,0.020569
69,-0.00121170,-0.00008204,-0.00020020,0.00051480,-0.00136679,-0.00115116,0.0008
2728,0.00015993,-0.00063477,0.00204626,-0.00009185,0.00115580,-0.00027771,-0.000
25575,-0.00048698,0.00019126,0.00027331,-0.00056087,-0.00020724,-0.00073985,0.00
045793,0.00004056,0.00047093,0.00002511,-0.00152680,-0.00097915,0.00091283,0.000
04370,-0.00006519,0.00002973,0.00012358,-0.00009704,0.00000299,-0.00051441,-0.00
003413,0.00110121,0.00193572,-0.00086770,-0.00087027,0.00306477,-0.00476590,-0.0
0166679,0.00010350,0.00030687,0.00136194,0.00022697,0.00059744,-0.00022869,-0.00
036399,0.00050705,0.00042722,-0.00007904,-0.00033880,-0.00012361,0.00000806,0.00
001329,-0.00001709,0.04858074,0.11322011,0.00185512,-0.00205104,-0.00271341,0.00
011787,0.00001241,-0.00001208,-0.00155538,0.00014782,0.00050286,-0.06787432,-0.0
9296930,-0.20518342,-0.00125555,-0.00320937,-0.00045255,0.00077688,-0.00006260,-
0.00039295,-0.00005846,-0.00002602,0.00009789,0.00016872,0.00010970,-0.00006907,
0.00001249,-0.00000887,0.00001135,-0.01412079,0.00019174,-0.02385680,-0.00019144
,-0.00009905,-0.00001217,-0.00125198,0.00091696,0.00027583,-0.00062577,0.0003843
0,-0.00014772,-0.00004825,-0.00024446,-0.00019664,0.00014068,0.00020852,0.000189
08,-0.00010420,-0.00008178,0.00002022,0.00082987,0.00078282,-0.00011338,-0.00020
375,0.00027444,-0.00013089,0.00109622,0.00179610,-0.00227851,0.00010603,-0.00002
906,-0.00000056,-0.00010591,-0.00000893,-0.00011694,0.00015256,0.00007422,0.0001
4759,0.00164389,-0.00177967,-0.00093068,0.00136359,-0.00407699,-0.00118106,-0.00
058169,0.00018298,0.00038456,0.00021362,0.00020949,-0.00015192,0.00000393,0.0001
5129,-0.00003498,0.00007176,-0.00011980,0.00003735,0.00001681,0.00000518,-0.0000
0867,0.07855732,0.10284601,0.24476584,0.00022093,-0.00059575,0.00009193,0.000371
80,0.00007427,-0.00019085,-0.00157716,-0.00103450,0.00153795,-0.13292876,0.08646
900,0.05530873,0.00012107,0.00010330,0.00006764,-0.00009115,0.00003705,0.0000067
1,0.00008978,-0.00005173,-0.00008034,0.00017796,-0.00056959,-0.00002553,-0.00012
759,-0.00004636,0.00009540,-0.00570971,0.00993670,0.00096583,0.00018816,0.000059
02,-0.00002237,-0.00009427,0.00016805,-0.00020597,-0.00010773,0.00023436,-0.0001
4902,-0.00012278,-0.00005571,0.00045020,0.00007369,-0.00002078,0.00008584,-0.000
03890,-0.00007412,0.00001678,0.00003748,0.00010374,0.00010075,-0.00019010,0.0000
8050,0.00003750,-0.00044144,0.00030115,-0.00004959,0.00016732,0.00008088,-0.0000
1685,-0.00009811,0.00012096,-0.00017067,0.00004635,0.00011842,-0.00014861,-0.000
07119,-0.00021258,-0.00031059,-0.00002046,-0.00021997,-0.00031127,-0.00014279,0.
00001083,-0.00006612,0.00008291,-0.00025005,0.00004103,0.00002340,-0.00006875,-0
.00002723,-0.00040162,0.00074007,-0.00020250,-0.00001695,-0.00001094,0.00000055,
0.00629748,-0.00339829,-0.00259213,0.17028152,0.00111211,-0.00247024,0.00185216,
-0.00042341,-0.00009561,0.00003689,-0.00003156,-0.00069454,-0.00000532,0.0837457
4,-0.11800316,-0.05368777,0.00019569,-0.00014186,-0.00011980,-0.00004695,-0.0001
8146,0.00010194,-0.00012488,0.00004312,0.00003325,-0.00046129,-0.00004722,-0.000
01424,0.00013447,0.00007496,-0.00009145,0.01617596,-0.01676188,-0.00398114,0.000
21462,0.00007094,0.00004653,0.00011524,-0.00034322,0.00017337,0.00019390,-0.0002
6633,0.00002339,0.00018845,0.00022302,0.00044747,-0.00019259,-0.00003558,-0.0000
0899,0.00002668,0.00013817,-0.00008154,-0.00006727,-0.00045777,-0.00034571,-0.00
028798,-0.00000311,-0.00011166,0.00054259,-0.00108029,-0.00059980,-0.00006593,-0
.00002221,0.00000762,0.00030324,0.00012505,0.00004545,-0.00025172,0.00001985,0.0
0046889,-0.00044188,0.00015345,0.00018009,0.00062157,0.00000136,-0.00020077,0.00
035479,0.00013983,0.00027438,-0.00019054,-0.00015577,-0.00066369,-0.00011713,0.0
0008262,0.00008657,-0.00002964,0.00033865,-0.00009030,0.00001132,0.00001099,0.00
000099,0.00952665,-0.00846525,-0.00887228,-0.09872931,0.13696233,-0.00116096,0.0
0116627,-0.00039870,-0.00010262,-0.00002669,0.00008458,-0.00002544,0.00047219,-0
.00013986,0.05509549,-0.05148403,-0.07806760,0.00027035,-0.00009926,0.00000131,-
0.00002199,-0.00009951,0.00014632,-0.00004751,0.00001105,0.00001624,0.00012374,0
.00037316,-0.00000757,0.00006627,0.00001683,-0.00004511,-0.01112573,0.01010823,0
.00810446,-0.00021463,-0.00007644,0.00000165,-0.00024619,0.00015060,-0.00020149,
0.00006969,0.00011109,-0.00012855,-0.00012083,0.00019725,0.00003302,0.00001581,0
.00015477,0.00004864,-0.00007469,0.00002991,-0.00001976,0.00003083,-0.00011855,0
.00009674,0.00027736,0.00012918,-0.00000457,-0.00101499,0.00124094,-0.00072372,-
0.00002029,-0.00004463,0.00002207,-0.00001851,-0.00005150,0.00002998,-0.00009238
,0.00001929,-0.00001669,0.00018955,-0.00043678,-0.00000433,0.00038794,-0.0009130
4,-0.00018925,-0.00011946,0.00022706,-0.00005422,0.00017474,0.00019993,0.0000339
5,-0.00000132,0.00000855,-0.00001421,0.00005500,-0.00025923,0.00000629,0.0000219
0,0.00000842,-0.00000867,0.01638401,-0.01725537,-0.01274422,-0.07013896,0.058804
57,0.08713635,-0.00177382,0.00079655,0.00108585,0.00014371,0.00007295,-0.0000049
9,0.00016814,0.00059630,0.00010259,-0.00000537,0.00036937,0.00001024,0.00027857,
-0.00006626,-0.00043991,0.00031977,0.00038110,-0.00023533,-0.00020659,-0.0011285
2,0.00010887,0.00013850,-0.00011134,0.00009279,-0.00004883,-0.00001234,-0.000009
25,-0.00002936,0.00043351,0.00014773,0.00040444,0.00000293,-0.00007728,-0.000115
20,-0.00016863,0.00024822,-0.00016274,-0.00101663,0.00011192,0.00016064,0.000180
40,0.00064906,-0.00003827,-0.00004834,0.00027671,0.00012886,0.00016533,-0.001469
76,-0.00014236,0.00056120,0.00051384,-0.00025390,0.00009197,0.00016674,0.0001182
8,0.00070175,0.00034593,0.00002234,0.00003078,-0.00000264,-0.00006435,-0.0000541
5,-0.00006167,-0.00567335,-0.00126232,0.00017654,-0.00075267,0.00171939,-0.00024
259,0.00599619,0.00372022,-0.00290575,-0.17406841,-0.12560338,0.08596782,-0.0153
4707,-0.01631797,0.00986511,-0.00044838,-0.00001232,-0.00010831,0.00002975,0.000
10967,-0.00001482,0.00001299,0.00000015,0.00000360,-0.00002551,0.00025472,0.0000
1283,0.00000046,0.00007874,0.00000980,0.19114625,0.00098104,-0.00311147,0.001936
20,0.00008152,-0.00001504,0.00007727,0.00061887,0.00077717,0.00011138,-0.0002876
9,0.00062738,-0.00001623,0.00002870,-0.00046477,-0.00020399,-0.00087171,-0.00016
969,-0.00014395,0.00043441,0.00029712,-0.00007378,-0.00016551,-0.00004505,0.0000
3149,-0.00002918,-0.00000100,-0.00004865,-0.00026948,0.00010576,0.00032636,0.000
59200,-0.00008466,0.00008744,0.00012914,-0.00023557,0.00047818,-0.00081401,-0.00
052559,-0.00009307,-0.00118276,-0.00093618,-0.00046637,0.00022889,0.00013687,0.0
0027808,-0.00035819,0.00072533,0.00005898,0.00084952,-0.00119254,-0.00066392,-0.
00020805,0.00015008,-0.00015901,0.00062165,0.00083311,0.00079560,-0.00003827,0.0
0003797,-0.00002479,-0.00003689,0.00000719,-0.00006690,0.00180506,0.00036840,0.0
0119463,0.00016347,-0.00372571,0.00204183,-0.01501670,-0.01378837,0.00751619,-0.
12573581,-0.15200199,0.08516695,0.00308789,0.00477277,-0.00381236,-0.00002012,-0
.00021131,-0.00086931,0.00005541,0.00006759,0.00007441,0.00000415,-0.00000148,0.
00000115,-0.00033470,0.00020035,0.00015496,-0.00005285,0.00010431,0.00001348,0.1
3543150,0.16667254,-0.00147672,-0.00268378,-0.00094575,-0.00039081,-0.00004121,0
.00008280,0.00056328,0.00066887,-0.00040660,-0.00006135,0.00044241,-0.00009019,-
0.00047048,-0.00039480,-0.00080285,0.00055849,0.00059380,0.00049654,0.00021897,0
.00028316,0.00045522,-0.00019417,0.00006353,0.00000535,0.00016043,0.00004421,-0.
00009029,-0.00056819,0.00024017,0.00037445,0.00046000,0.00000823,0.00005165,-0.0
0021574,-0.00060016,0.00035138,-0.00111359,-0.00261646,-0.00179869,-0.00069971,-
0.00089359,-0.00065437,0.00004577,-0.00004559,0.00023372,-0.00138136,0.00004389,
-0.00258813,0.00027106,-0.00081003,0.00010698,0.00014057,0.00035667,-0.00049103,
0.00036186,0.00096696,0.00073307,-0.00004980,0.00000350,0.00000048,0.00018599,0.
00005380,0.00016343,0.00144126,0.00317785,0.00174033,0.00210115,0.00441796,0.001
08650,0.00831560,0.00499899,-0.00618500,0.08524376,0.08524655,-0.07605204,0.0006
1471,0.00018565,-0.00234929,-0.00009168,-0.00085676,-0.00056935,0.00010573,0.000
02177,0.00001142,0.00001948,-0.00000531,0.00000313,-0.00000999,0.00043644,0.0000
1625,-0.00003642,0.00004993,0.00000138,-0.09432439,-0.09359993,0.08719474,0.0013
0199,0.00099312,-0.00008124,-0.00166136,0.00070876,-0.00171246,-0.04066469,0.003
03193,0.00074969,-0.15620311,-0.04174962,0.02317730,0.00018290,-0.00003693,-0.00
006178,-0.00004658,0.00028595,0.00002715,0.00010727,0.00002080,-0.00016778,-0.00
387306,-0.00625896,-0.00060039,0.00031565,-0.00011172,0.00051657,0.00407693,-0.0
0431024,0.00404761,0.00330396,0.00098264,0.00013452,0.00021690,-0.00024502,0.000
21428,-0.00038135,-0.00017216,-0.00000851,0.00013390,0.00069719,0.00048486,-0.00
006974,-0.00016798,0.00031154,0.00003183,-0.00008614,-0.00009679,0.00015294,0.00
024470,-0.00000002,-0.00248848,0.00171148,-0.00070253,0.00260513,-0.00148771,-0.
00295297,-0.00039698,0.00083142,0.00035351,0.00006466,-0.00123608,0.00149719,0.0
0021477,-0.00013693,0.00003870,0.00003288,0.00066907,0.00039510,-0.00034553,-0.0
0037588,-0.00028284,0.00007870,0.00004176,0.00031354,-0.00019350,-0.00031152,0.0
0020726,-0.00006113,-0.00021992,-0.00006438,0.00930221,0.00964385,0.00036995,-0.
00013885,-0.00028082,0.00044874,-0.01375495,-0.00960178,-0.00015059,-0.03715482,
-0.01005827,0.01371985,0.00000106,0.00004087,-0.00002446,0.38089693,-0.00243668,
0.00623829,-0.00008340,-0.00008352,-0.00067786,0.00143824,0.01656534,-0.02284740
,0.00447720,-0.06686727,-0.09180735,0.01575271,0.00011358,-0.00007535,0.00027558
,0.00007222,-0.00036297,-0.00049885,-0.00010575,0.00004424,0.00027795,0.00133386
,0.00391599,0.00016681,0.00015850,0.00014242,-0.00043011,-0.02081209,-0.02465855
,0.01374305,-0.00243390,-0.00079837,-0.00004335,-0.00048138,0.00022773,-0.000914
52,-0.00005284,-0.00129054,-0.00058231,0.00175609,-0.00298512,0.00235929,-0.0000
4916,0.00016519,-0.00040994,0.00041219,0.00001234,-0.00027265,0.00033089,-0.0000
0710,-0.00021262,0.00126879,-0.00199745,0.00015954,-0.00050220,0.00055347,0.0026
2843,0.00135316,-0.00101420,0.00001829,-0.00003883,0.00198547,-0.00175521,-0.000
55438,0.00043526,-0.00041116,0.00017466,-0.00208413,-0.00004333,0.00049748,-0.00
020323,0.00058437,0.00024856,0.00020143,-0.00028537,-0.00011458,0.00086161,0.000
48884,-0.00000323,0.00033844,0.00029597,-0.00611138,0.00384887,-0.00141556,0.000
35356,0.00051453,-0.00046113,-0.01641048,-0.01160007,0.00025511,0.00628918,0.008
02693,-0.00269615,0.00008992,0.00034850,0.00029322,0.08449693,0.43590011,0.00080
945,-0.00088910,-0.00170428,0.00023874,0.00043663,-0.00081770,0.00489084,-0.0001
0213,-0.02088662,0.02700911,0.01211194,-0.08099009,0.00015254,0.00000938,-0.0000
2394,-0.00023074,-0.00015637,-0.00079724,0.00017377,0.00001193,-0.00001684,-0.00
107967,-0.00146917,0.00038209,-0.00010150,0.00002843,0.00032647,0.01830090,0.020
30914,-0.00844519,0.00077253,0.00023140,0.00044935,0.00033730,0.00033937,-0.0002
9745,-0.00000926,0.00153282,0.00054201,-0.00090746,0.00241979,-0.00212093,-0.000
05343,-0.00010829,0.00003321,-0.00029074,0.00019114,0.00006542,0.00003340,0.0001
3696,0.00001237,-0.00061388,0.00006817,-0.00007004,-0.00087727,0.00107177,-0.000
78687,-0.00085606,0.00039058,0.00027340,0.00080028,-0.00194223,0.00174182,-0.000
15481,0.00002365,0.00023778,-0.00035814,-0.00084979,-0.00007832,-0.00003203,-0.0
0031490,-0.00064954,-0.00007274,0.00025790,0.00011640,0.00020846,0.00013016,0.00
008153,0.00004315,-0.00004984,-0.00001071,0.00103445,0.00138139,0.00681449,-0.00
008298,-0.00020535,0.00022642,-0.02006506,-0.01207387,0.00315818,0.01502015,0.00
489121,-0.00411883,-0.00000845,-0.00001329,-0.00005506,0.00002574,-0.02255020,0.
49712411,0.00000913,0.00009933,-0.00036889,0.00018028,0.00058104,-0.00012599,0.0
0121809,0.00163194,-0.00402796,-0.00135460,-0.01490953,0.02373605,-0.00000522,-0
.00001651,0.00000818,0.00060357,0.00013203,0.00006001,-0.00000187,0.00002206,-0.
00000492,-0.00041718,-0.00030450,0.00003056,-0.00006303,-0.00017789,0.00020168,-
0.00283056,-0.00208555,0.00196934,0.00036462,-0.00001489,0.00004249,0.00015002,0
.00001667,-0.00002603,-0.00005635,-0.00034876,-0.00017350,0.00039219,-0.00057942
,0.00081402,-0.00002176,-0.00004645,0.00000999,0.00008167,-0.00007796,-0.0000729
7,0.00000110,-0.00001531,-0.00000143,-0.00023648,0.00012725,0.00002245,-0.000615
36,0.00014748,-0.00032689,-0.00028123,0.00005896,-0.00001657,-0.00214561,0.00023
409,0.00015596,0.00010214,0.00019797,-0.00001370,-0.00040944,0.00082797,0.000308
97,-0.00018785,0.00014876,-0.00005563,0.00001990,0.00004778,-0.00002593,-0.00002
890,-0.00004377,-0.00012818,-0.00000871,-0.00000324,-0.00003107,-0.00031548,0.00
023359,0.00081930,-0.00000798,-0.00004348,0.00003796,0.00067453,-0.00046671,0.00
238379,-0.00080280,-0.00073592,0.00069921,0.00001314,0.00002354,0.00001783,-0.07
073343,0.00656337,-0.02758825,0.51905147,0.00005965,0.00212093,-0.00043469,-0.00
006765,0.00015019,-0.00051879,-0.00143799,-0.00108954,0.00336563,-0.00187402,-0.
01211454,0.01569718,-0.00007297,-0.00010090,0.00010266,0.00081201,-0.00321800,-0
.00025858,0.00001504,-0.00002592,0.00002864,0.00023408,-0.00002188,-0.00008519,0
.00023308,-0.00002018,0.00006238,-0.00358268,-0.00278837,0.00140833,-0.00025466,
0.00005835,-0.00004446,-0.00010084,-0.00002515,-0.00004992,-0.00004687,-0.000257
11,-0.00013656,0.00034418,-0.00061783,0.00047314,-0.00000291,0.00005133,-0.00003
203,0.00006518,-0.00001817,0.00000539,0.00008005,-0.00001587,0.00000056,-0.00001
959,-0.00024447,-0.00003268,0.00010995,-0.00024536,0.00030654,0.00027241,0.00003
223,0.00005865,0.00120251,-0.00069873,0.00044359,-0.00021066,-0.00038555,0.00018
553,0.00064432,0.00062454,-0.00077316,0.00008891,-0.00007396,0.00026351,-0.00002
588,-0.00002897,0.00002238,0.00000796,0.00001643,0.00010173,-0.00001494,0.000023
48,-0.00000883,0.00053806,0.00001521,-0.00056687,0.00002436,0.00003593,0.0000226
6,0.00002921,-0.00033812,0.00236017,0.00062929,0.00052876,-0.00051843,0.00001687
,0.00003306,-0.00000160,0.00158980,-0.10030650,0.06728841,0.03107515,0.49023885,
-0.00063025,-0.00015872,-0.00035756,-0.00053447,-0.00052931,0.00108140,0.0005992
6,-0.00025408,-0.00009078,0.00307733,0.00983808,-0.01431823,-0.00018426,-0.00008
124,0.00007061,0.00090360,-0.00148006,-0.00011241,-0.00004718,0.00000384,0.00004
281,-0.00034599,0.00083717,0.00014251,-0.00000996,0.00014775,-0.00042518,0.00123
287,0.00025915,-0.00008288,-0.00002308,-0.00021530,-0.00003416,-0.00006493,0.000
12036,0.00006949,0.00005132,0.00022504,0.00008004,-0.00012209,0.00014694,-0.0001
9623,0.00000723,0.00002301,-0.00002065,-0.00003800,-0.00000736,-0.00002704,-0.00
004257,0.00000819,0.00000482,0.00032477,0.00049578,0.00027075,0.00043123,0.00009
071,-0.00002017,-0.00017490,-0.00022004,-0.00001416,0.00046951,0.00073319,-0.000
48219,0.00012231,-0.00013750,-0.00031708,-0.00012637,0.00106374,-0.00041308,-0.0
0018452,-0.00013490,-0.00019823,0.00002476,-0.00026149,-0.00003305,0.00002476,-0
.00005365,-0.00007693,-0.00004439,0.00002568,0.00000393,0.00001336,-0.00044168,-
0.00003342,0.00001917,0.00004283,-0.00007155,-0.00156202,-0.00145214,0.00135808,
-0.00010172,-0.00005581,0.00050378,0.00000712,-0.00001049,0.00004568,-0.01015435
,0.05177888,-0.17190840,-0.00914142,0.03856407,0.47692253,0.00019098,-0.00034590
,-0.00007308,-0.00029604,0.00024995,0.00008112,-0.00189066,0.00646527,0.00274360
,-0.01393355,-0.02196600,-0.01798508,0.00000739,-0.00006981,-0.00001344,0.000064
31,-0.00003357,-0.00001866,0.00003199,0.00000340,-0.00006570,-0.00012720,0.00004
098,-0.00001597,0.00009477,-0.00011762,-0.00002252,-0.00018092,0.00031641,-0.000
37132,0.00000906,-0.00014393,-0.00003314,0.00009169,0.00016399,0.00009385,-0.000
05778,0.00000873,0.00002007,0.00017846,-0.00016501,0.00036581,0.00001056,-0.0000
3930,0.00006949,-0.00001034,-0.00005088,-0.00002592,-0.00001443,-0.00003623,-0.0
0003237,-0.00017569,-0.00019521,0.00012770,0.00014838,0.00132703,-0.00051502,-0.
00026248,0.00005625,0.00009689,-0.00008427,-0.00029359,-0.00010149,0.00014075,0.
00025879,0.00010389,-0.00000961,0.00001596,-0.00014513,-0.00007916,-0.00037886,-
0.00024243,-0.00004048,0.00000304,0.00000804,-0.00006371,-0.00020705,-0.00003145
,-0.00001295,-0.00006762,-0.00003426,-0.00035180,0.00017419,-0.00062388,-0.00000
997,0.00001728,0.00009918,-0.00450454,-0.00419652,0.00002733,0.00125103,-0.00266
173,-0.00197177,-0.00000523,0.00002140,-0.00001031,-0.06444864,-0.01063883,-0.00
141766,-0.00230699,-0.00099313,-0.00698584,0.49762712,-0.00021025,-0.00013417,-0
.00003240,0.00111993,0.00032743,-0.00026531,0.00227307,-0.00390445,-0.00209897,-
0.00787021,-0.01729838,-0.01305339,0.00011640,-0.00008135,0.00003249,0.00000232,
-0.00011103,-0.00018091,-0.00005419,-0.00003625,0.00003292,0.00019274,-0.0012549
4,-0.00004114,-0.00043256,-0.00015579,0.00030709,0.00085306,0.00050244,-0.000256
66,0.00037417,0.00030592,-0.00002820,-0.00014930,-0.00012079,-0.00018977,0.00000
467,-0.00021126,-0.00010760,0.00022931,0.00029802,-0.00001433,0.00003274,-0.0001
0748,-0.00008425,0.00000721,-0.00000690,0.00000827,0.00006755,0.00001661,-0.0000
2359,-0.00016534,0.00019970,-0.00008627,-0.00022979,-0.00299432,0.00093474,0.000
15656,0.00029787,-0.00007837,-0.00028255,-0.00007118,-0.00104003,-0.00016536,-0.
00020258,-0.00018808,-0.00005345,0.00018370,0.00030104,-0.00001042,0.00014083,0.
00019409,-0.00011118,0.00010154,0.00000651,0.00010719,0.00013060,0.00014578,0.00
001358,0.00006489,0.00000278,-0.00010117,0.00070671,0.00043244,-0.00007559,-0.00
009067,0.00005191,-0.00245919,-0.00203396,0.00049576,0.00167119,0.00252594,0.000
15798,0.00003320,0.00003264,-0.00002183,-0.02988099,-0.13562923,-0.07087272,0.00
318916,0.00424808,0.00795673,0.01826440,0.45771911,-0.00052882,0.00001618,-0.000
03223,0.00096004,0.00020982,-0.00041786,0.00000128,-0.00070158,0.00146854,-0.001
11856,0.00066721,0.00330403,0.00001764,-0.00001686,-0.00004998,-0.00009851,0.000
00970,-0.00019058,-0.00003744,-0.00002794,-0.00003045,0.00020966,-0.00086700,0.0
0003726,-0.00038575,-0.00007667,0.00025958,0.00100034,0.00087811,-0.00015337,0.0
0007341,0.00025960,-0.00007534,-0.00017396,0.00016862,0.00004383,0.00013174,0.00
035503,0.00003083,0.00018931,-0.00003582,-0.00010474,0.00000067,0.00007577,0.000
01888,-0.00002627,0.00003419,0.00003022,-0.00000257,0.00005056,0.00003356,-0.000
07233,0.00017353,0.00019932,-0.00017428,-0.00137063,-0.00010369,-0.00002105,0.00
018238,-0.00002277,-0.00037128,0.00020534,-0.00039396,0.00014093,-0.00022569,-0.
00026025,0.00020105,0.00027660,0.00001665,-0.00027129,-0.00000467,0.00022292,-0.
00005844,-0.00015552,-0.00008248,-0.00007187,0.00002924,0.00005201,0.00000604,0.
00001136,-0.00004900,-0.00032358,0.00053091,-0.00014869,-0.00005986,-0.00005693,
0.00009694,0.00116839,0.00061386,0.00025467,0.00106303,0.00104434,0.00039336,-0.
00000167,-0.00000372,-0.00007867,-0.01696216,-0.05768704,-0.13456944,-0.00876912
,-0.01959975,-0.03363957,-0.00487074,-0.05147557,0.49800161,0.00024642,-0.000299
32,0.00010475,0.00065423,0.00008377,0.00002837,0.00051226,0.00030729,-0.00045248
,0.00067313,-0.00048031,0.00022885,0.00005441,0.00002300,-0.00002062,-0.00031175
,0.00017386,-0.00004102,0.00003529,-0.00004319,-0.00003532,0.00018828,-0.0004471
7,0.00003671,-0.00041666,-0.00014622,0.00016517,0.00015988,0.00016819,0.00001144
,0.00005471,0.00007205,-0.00003398,0.00002848,-0.00000078,0.00005379,-0.00003780
,-0.00001907,0.00000905,-0.00003222,0.00000300,0.00000741,0.00002210,-0.00002387
,0.00003239,-0.00000850,-0.00000553,0.00001723,0.00000817,0.00001741,0.00000284,
-0.00005555,-0.00003782,0.00003460,0.00001140,-0.00012047,-0.00003564,-0.0000626
8,0.00009592,-0.00005617,-0.00037957,0.00007432,-0.00021895,-0.00000473,-0.00009
734,0.00003904,0.00009155,-0.00014491,-0.00008995,-0.00004867,0.00000060,-0.0000
0273,-0.00001953,-0.00002715,-0.00002660,-0.00001454,-0.00009265,0.00001179,0.00
001082,-0.00003284,-0.00001838,-0.00017790,0.00021774,0.00009771,-0.00004883,-0.
00002149,-0.00001841,-0.00009031,0.00000528,-0.00011998,0.00029282,0.00018344,-0
.00022053,0.00000413,-0.00000416,-0.00002587,-0.00415883,0.00999768,-0.01002594,
-0.11908222,0.09747259,0.01909594,0.00078128,0.00001093,0.00063121,0.13540909,-0
.00046714,0.00039193,0.00002459,-0.00050967,-0.00020915,0.00022732,-0.00094342,-
0.00018795,0.00080304,0.00088656,0.00047511,-0.00057933,0.00000644,-0.00007055,0
.00000327,-0.00010089,-0.00021580,0.00016814,-0.00007272,0.00003109,0.00004793,-
0.00019067,0.00067873,0.00000402,0.00018791,0.00011333,-0.00020299,-0.00029273,-
0.00017474,0.00001843,-0.00013138,-0.00013416,0.00002837,-0.00003325,0.00011826,
-0.00002940,0.00004210,0.00000694,-0.00003566,-0.00000437,0.00000634,-0.00005139
,-0.00002759,0.00003992,-0.00002373,-0.00001815,0.00001650,-0.00001677,-0.000004
39,-0.00005928,-0.00002322,0.00013236,0.00001438,-0.00001379,0.00016047,0.000140
12,0.00009385,0.00001294,-0.00013783,0.00001429,0.00011613,0.00042305,-0.0000802
3,-0.00014126,-0.00005167,0.00005766,0.00037634,-0.00012265,-0.00017643,0.000136
67,-0.00006045,0.00006304,0.00002343,0.00003878,-0.00002967,0.00002711,0.0000926
3,-0.00001315,-0.00001859,0.00001302,0.00000425,0.00017877,-0.00037318,-0.000219
62,0.00004713,0.00004149,-0.00003687,0.00019677,-0.00030818,-0.00012534,-0.00039
491,0.00021770,0.00043189,0.00000188,0.00001781,0.00002961,0.01520777,-0.0231194
1,0.01436797,0.09801509,-0.17611199,-0.02402525,-0.00195176,0.00197879,-0.001768
52,-0.12128221,0.21181109,0.00018928,-0.00013867,-0.00011212,-0.00034203,0.00006
729,-0.00021577,0.00084142,0.00039850,-0.00162357,-0.00112054,0.00017963,0.00055
917,0.00006871,0.00000090,-0.00000708,-0.00016330,0.00008757,0.00022424,-0.00004
541,0.00001694,-0.00000881,-0.00009101,-0.00029252,-0.00004811,0.00022768,0.0000
3334,-0.00002222,0.00041529,0.00032442,-0.00018066,0.00016584,0.00004773,0.00006
055,0.00002187,-0.00002629,-0.00000613,-0.00002479,-0.00002687,0.00002841,0.0000
0307,0.00005086,-0.00002330,0.00000066,-0.00002630,0.00001263,-0.00000676,-0.000
01244,0.00000619,-0.00001086,0.00000166,-0.00000664,-0.00013620,0.00002505,-0.00
011142,-0.00014649,0.00003209,0.00000377,0.00001575,0.00006725,0.00005992,0.0004
5378,-0.00034959,0.00032252,-0.00011794,-0.00009705,0.00014930,0.00016308,-0.000
10925,-0.00012942,0.00012770,-0.00000475,0.00000548,-0.00001694,0.00005415,0.000
06746,0.00004026,0.00002030,0.00005865,-0.00001236,-0.00001717,0.00001307,-0.000
24421,0.00019539,0.00034186,-0.00000868,-0.00003869,0.00004918,0.00013150,-0.000
09404,-0.00017182,-0.00010725,-0.00027688,0.00004741,0.00000182,-0.00002444,0.00
000233,-0.01919430,0.02607554,-0.00820608,0.01548804,-0.02163836,-0.04629583,-0.
00197248,0.00371200,0.00115298,-0.01341743,0.01826661,0.05789115,-0.00028484,-0.
00032426,0.00003928,-0.00034262,-0.00016960,-0.00020032,-0.00068269,-0.00003539,
-0.00092140,0.00079593,-0.00005651,0.00234053,-0.00010988,-0.00017231,0.00003725
,-0.00027451,0.00275687,0.00077662,-0.00012497,0.00004785,-0.00000292,-0.0000651
1,-0.00007965,-0.00006482,0.00019509,0.00009187,0.00000684,0.00005984,0.00008655
,0.00014523,0.00010705,-0.00000955,0.00005442,-0.00003699,0.00000263,0.00000172,
-0.00009958,-0.00004082,0.00000203,0.00002250,-0.00009138,-0.00003222,0.00000306
,0.00000964,0.00006964,-0.00003728,0.00001489,0.00001119,-0.00001694,-0.00004658
,0.00003652,-0.00011677,0.00009184,-0.00020388,0.00006332,0.00020600,0.00001146,
0.00007580,-0.00005276,0.00002740,0.00036387,0.00032496,0.00042089,-0.00025092,0
.00003239,0.00012860,0.00032855,0.00059606,-0.00032572,0.00044724,-0.00017777,-0
.00004802,-0.00010925,-0.00001896,0.00009326,0.00001516,0.00002962,0.00004808,-0
.00004351,-0.00007602,-0.00001465,-0.00000416,0.00012646,0.00003943,0.00001487,0
.00000330,0.00002331,0.00015115,-0.00083150,0.00093616,-0.00018049,0.00012456,0.
00007828,-0.00000497,-0.00004561,0.00004233,-0.00316113,-0.00340933,-0.00573604,
-0.08479038,-0.06372358,-0.06628227,0.00017505,0.00078457,-0.00095037,0.00726574
,0.01304979,0.01134214,0.09463975,-0.00034099,0.00166522,-0.00138692,-0.00000227
,-0.00000859,-0.00006247,0.00009946,-0.00008889,0.00031462,0.00061905,0.00056884
,0.00222467,-0.00027962,-0.00014742,0.00010330,0.00264813,-0.00318017,-0.0013114
2,-0.00003433,-0.00000291,0.00006243,0.00010553,-0.00004140,-0.00000052,0.000014
10,0.00000808,0.00005248,0.00028182,-0.00000906,-0.00012577,-0.00024247,-0.00000
552,-0.00007531,0.00006601,0.00022637,-0.00007042,-0.00025263,0.00013192,-0.0001
6684,0.00016915,0.00001505,-0.00015361,0.00002861,0.00007711,0.00000015,-0.00006
980,0.00004462,-0.00002690,0.00013408,0.00000285,-0.00003189,0.00005672,0.000096
41,-0.00000688,-0.00003928,-0.00019757,-0.00014734,-0.00000883,-0.00001184,0.000
01184,-0.00005965,-0.00003508,0.00016266,0.00016798,-0.00016565,0.00024300,0.000
52255,-0.00278146,-0.00002890,-0.00004825,-0.00048324,0.00019793,-0.00002528,0.0
0011790,0.00020947,0.00002758,0.00020156,0.00008533,-0.00001718,0.00008826,-0.00
005491,0.00001809,0.00003318,-0.00005253,-0.00000789,0.00000219,0.00001154,-0.00
091327,-0.00029493,0.00144329,-0.00005271,-0.00021565,-0.00022496,0.00002988,0.0
0012370,0.00000694,0.00425245,0.00726476,0.00709062,-0.06391582,-0.13942080,-0.1
0113710,-0.00009221,-0.00010506,0.00133866,-0.00920100,-0.02102512,-0.01770530,0
.07222755,0.16355015,0.00055016,-0.00113389,0.00039552,-0.00035384,-0.00001833,-
0.00005992,-0.00109743,0.00019153,-0.00090579,-0.00118257,-0.00155165,0.00003566
,0.00016830,0.00018102,0.00006330,-0.00000343,-0.00030043,0.00144586,0.00004475,
-0.00000881,-0.00002879,-0.00006403,-0.00019543,-0.00004600,0.00022548,0.0000531
6,-0.00008236,-0.00032908,-0.00020598,0.00022377,0.00021851,-0.00002747,0.000043
91,0.00008950,-0.00012795,0.00005733,-0.00006860,-0.00019361,0.00007866,-0.00005
314,0.00003676,0.00009100,0.00004139,-0.00005886,0.00005859,0.00000882,-0.000064
17,0.00005354,0.00001075,0.00005795,-0.00000667,-0.00019744,0.00002576,-0.000103
06,-0.00006642,0.00032455,0.00017003,0.00011569,-0.00001934,0.00002582,0.0003102
5,-0.00000797,0.00009227,-0.00007650,0.00015288,-0.00000745,0.00003342,-0.000896
77,-0.00027168,0.00011194,0.00017519,-0.00015715,-0.00007420,0.00001570,-0.00000
072,0.00005706,-0.00017349,0.00007410,0.00001909,-0.00007242,-0.00000371,0.00003
213,0.00019118,0.00017081,0.00002718,0.00000321,0.00001193,0.00132363,0.00160042
,-0.00071970,-0.00006669,-0.00003015,-0.00003248,-0.00001860,-0.00006291,-0.0000
1453,-0.01178102,-0.01606736,-0.02659609,-0.06322160,-0.09632578,-0.14137594,-0.
00125278,0.00314374,-0.00690921,-0.00170536,-0.00720511,-0.00323955,0.07598233,0
.11472272,0.17228296,-0.00022936,0.00005339,-0.00006614,-0.00155868,0.00011250,-
0.00002763,0.00216082,-0.00032379,-0.00001458,0.00061080,-0.00028983,-0.00005522
,0.00002090,0.00004056,-0.00000162,-0.00003881,-0.00045219,-0.00012870,0.0000446
8,0.00001874,0.00000460,0.00014343,0.00024752,-0.00004801,0.00015366,-0.00014952
,-0.00011812,0.00007377,0.00005248,0.00005276,-0.00012117,-0.00005595,0.00004289
,0.00001199,-0.00003925,-0.00000016,-0.00002545,0.00003635,-0.00005131,-0.000012
27,-0.00004601,-0.00006444,-0.00003051,0.,0.00000214,0.00000291,0.00002103,-0.00
001973,0.00002111,-0.00000013,-0.00000275,-0.00003533,-0.00000948,-0.00003879,-0
.00011030,-0.00009159,0.00010358,0.00021170,0.00004121,0.00021507,-0.00036330,0.
00022276,-0.00009371,0.00006841,0.00003633,-0.00003643,-0.00002313,-0.00000716,0
.00020924,-0.00012560,0.00008952,0.00005624,0.00003175,0.00006810,-0.00000277,-0
.00003599,0.00000093,-0.00003977,0.00000160,0.00001703,-0.00000801,-0.00011398,-
0.00018935,0.00011239,-0.00002142,-0.00002624,0.00002938,0.00007658,0.00019890,0
.00027617,0.00046531,0.00010489,-0.00027425,0.00000881,0.00003579,0.00001191,0.0
0246257,-0.00150114,0.00149625,-0.23799362,-0.06126209,0.07180282,0.00058588,0.0
0075347,-0.00024615,-0.02120345,-0.00220815,0.00639392,-0.01448319,-0.00577703,0
.00240410,0.26937638,0.00073640,0.00070622,-0.00026195,0.00236552,0.00017269,0.0
0001609,-0.00024549,-0.00090672,0.00167034,-0.00063368,-0.00115801,0.00396507,0.
00009754,0.00004104,0.00002739,-0.00054200,-0.00054766,-0.00024993,0.00006451,-0
.00008403,0.00001375,-0.00003519,-0.00024017,0.00008960,-0.00090292,-0.00022807,
0.00038175,-0.00076458,-0.00048174,0.00021745,0.00013574,0.00018699,-0.00000687,
0.00005220,-0.00003007,-0.00012995,0.00001077,-0.00000395,-0.00008475,0.00012690
,0.00002895,0.00016275,-0.00001736,0.00001702,-0.00002773,0.00003519,0.00001094,
-0.00000309,0.00008809,0.00004873,-0.00002235,-0.00029966,-0.00037993,0.00000727
,-0.00016468,-0.00018931,-0.00022788,-0.00030324,0.00005293,-0.00029254,-0.00105
251,0.00023193,-0.00067611,-0.00001677,-0.00008369,0.00016928,-0.00000370,-0.000
13284,0.00025950,-0.00007168,0.00000635,0.00006795,0.00009040,0.00018234,-0.0000
0929,-0.00003093,0.00004249,-0.00001022,0.00001135,0.00005034,-0.00000113,-0.000
00941,-0.00003250,-0.00000595,-0.00005594,0.00003691,-0.00007962,0.00025500,0.00
025914,0.00027262,-0.00033082,-0.00024339,0.00020275,0.00001938,0.00006318,-0.00
002870,-0.01358895,-0.00776058,0.00942048,-0.05798964,-0.05979237,0.01888671,-0.
00005068,0.00037309,-0.00040165,0.02385902,0.00512025,-0.00815688,-0.02127530,-0
.00685095,0.00438370,0.07045718,0.07129826,-0.00066845,-0.00066541,0.00016332,-0
.00089014,0.00017275,0.00051756,0.00001299,0.00107654,-0.00041760,0.00022956,0.0
0172490,-0.00495381,0.00002442,0.00004186,-0.00004036,-0.00022927,-0.00012653,0.
00025355,0.00002466,-0.00000481,0.00000518,0.00013855,0.00021114,0.00000931,0.00
037933,0.00004137,-0.00039462,0.00112903,0.00087517,-0.00029258,-0.00016048,-0.0
0023102,-0.00003221,0.00000557,0.00001039,0.00009535,-0.00002124,0.00001639,0.00
006144,-0.00016754,0.00016453,-0.00024070,0.00002658,-0.00001895,0.00002279,-0.0
0004144,-0.00001208,0.00001723,-0.00004681,-0.00002035,-0.00000649,0.00033514,0.
00043376,0.00004626,0.00016586,0.00012993,0.00023426,0.00003423,0.00010695,0.000
01420,0.00021108,-0.00055176,-0.00040308,-0.00002153,0.00002918,-0.00020283,0.00
017195,-0.00005322,-0.00018007,-0.00003772,0.00009231,-0.00003547,0.00000206,-0.
00004444,-0.00003855,0.00004509,-0.00002807,0.00001887,0.00000747,-0.00003016,-0
.00001356,-0.00006017,-0.00007887,-0.00014411,0.00006954,-0.00003887,0.00001144,
-0.00044766,-0.00023665,0.00003427,0.00037995,0.00013651,0.00004587,-0.00000325,
-0.00002333,-0.00000484,0.02407791,0.01338550,-0.01540457,0.06803931,0.01895653,
-0.06774955,0.00076583,0.00080461,0.00008716,0.00666573,-0.00018984,-0.00035299,
-0.01801225,-0.00629624,0.00614606,-0.08161751,-0.02917802,0.08378567,0.00067076
,-0.00004208,0.00024197,0.00066386,0.00006563,-0.00019243,-0.00059074,0.00114698
,0.00019957,0.00259790,-0.00131109,-0.00112232,0.00002155,0.00001660,-0.00000342
,-0.00004672,0.00006229,-0.00004597,0.00006694,-0.00002651,-0.00006063,0.0003488
9,-0.00042535,-0.00001862,-0.00026945,-0.00011611,0.00020997,-0.00011954,0.00005
088,-0.00004764,-0.00003316,0.00012258,0.00000917,0.00007406,-0.00011050,0.00002
437,-0.00007139,-0.00005379,-0.00000469,-0.00005909,-0.00004132,0.00002396,0.000
03588,-0.00002290,0.00004874,0.00001373,0.00000684,0.00005261,0.00001878,0.00002
844,0.00003447,-0.00010035,-0.00030735,-0.00012876,-0.00011264,0.00012010,-0.000
22505,0.00006752,0.00006406,-0.00006613,-0.00040645,-0.00014860,0.00031034,0.000
00440,0.00006683,0.00017076,-0.00013081,0.00002024,-0.00001079,0.00001417,0.0000
1470,-0.00002366,0.00001986,-0.00001607,-0.00000657,-0.00009459,-0.00008581,0.00
000320,0.00001560,-0.00003917,-0.00000809,-0.00007787,0.00009857,0.00010341,-0.0
0001721,0.00001527,0.00000017,-0.00000638,-0.00005023,-0.00012909,0.00030625,0.0
0058038,0.00001958,0.00000428,-0.00001099,-0.00001111,0.00346300,0.00532049,0.00
610268,0.00096933,-0.00120988,-0.00050590,-0.16038194,0.09598445,-0.00214888,0.0
0034670,-0.00016418,0.00087835,-0.00004218,-0.00033774,-0.00011805,-0.00038270,0
.00019343,-0.00004395,0.18305680,-0.00051080,0.00024698,0.00006379,-0.00030007,-
0.00016285,0.00007047,0.00009538,-0.00134641,-0.00180652,0.00263017,0.00076772,-
0.00060591,0.00000621,-0.00002199,-0.00000834,0.00001033,-0.00004980,0.00008205,
-0.00006706,0.00002142,0.00004480,-0.00031213,0.00050053,0.00002925,0.00013102,0
.00008787,-0.00010401,-0.00004207,-0.00010296,0.00027297,-0.00002456,-0.00006075
,0.00002321,-0.00005325,0.00017423,-0.00002244,0.00009915,0.00003197,-0.00001077
,-0.00004097,0.00001324,-0.00010608,-0.00004049,0.00003651,-0.00004200,-0.000023
41,0.00002004,-0.00004510,-0.00001403,-0.00004062,-0.00004368,0.00002901,-0.0000
0601,0.00010007,0.00020421,-0.00013405,0.00010247,-0.00003162,-0.00013937,0.0000
6419,0.00015068,0.00014832,0.00003275,-0.00005962,0.00011425,-0.00013338,0.00013
892,-0.00016233,-0.00014894,0.00003842,0.00002247,0.00003930,-0.00000864,-0.0000
5552,-0.00009656,-0.00000410,0.00003319,0.00003723,-0.00001350,0.00002219,0.0000
1153,0.00027163,-0.00003463,0.00025475,0.00001476,0.00004346,-0.00001475,0.00019
896,0.00046161,0.00029063,-0.00154508,0.00001618,0.00040177,0.00000587,0.0000176
8,0.00002774,0.01542407,-0.03331068,-0.01566702,-0.00036772,0.00114210,0.0016639
3,0.09925571,-0.12808243,0.00368868,-0.00040937,0.00069096,-0.00065306,0.0001310
7,0.00024258,0.00055443,-0.00014074,-0.00014115,0.00000615,-0.12122131,0.1618355
6,0.00011635,-0.00002551,-0.00013298,-0.00004523,-0.00004662,0.00003717,-0.00059
474,-0.00081379,-0.00060185,0.00047747,0.00064290,0.00015249,0.00003124,-0.00000
672,0.00000918,-0.00000848,-0.00005586,0.00003335,-0.00001235,0.00000935,0.00000
502,-0.00000056,0.00017330,-0.00003724,0.00002605,0.00001517,0.00000863,-0.00029
475,0.00001524,-0.00007317,-0.00007689,-0.00000691,0.00004584,0.00011570,0.00006
197,0.00006651,-0.00003933,0.00002093,0.00002462,-0.00006893,0.00000511,0.000022
71,0.00002218,-0.00001794,0.00000077,0.00001592,0.00000756,0.00000090,0.00001468
,0.00000235,-0.00000336,0.00002218,-0.00005498,-0.00004082,-0.00015616,0.0008443
4,0.00012015,0.00000161,-0.00005470,0.00000751,-0.00007039,0.00009753,0.00000550
,-0.00001133,0.00001874,0.00002407,-0.00004380,-0.00006458,-0.00004917,0.0000055
1,0.00003011,-0.00000945,-0.00000034,0.00000359,0.00001146,0.00000461,-0.0000228
1,-0.00001930,-0.00000040,0.00000467,-0.00001180,0.00022829,0.00011174,0.0002807
1,-0.00000220,0.00002699,-0.00000708,0.00025896,0.00021264,0.00004042,-0.0000567
2,0.00025980,0.00038195,0.00000638,0.00001420,0.00000590,0.01431034,-0.02218769,
-0.00926562,0.00221686,-0.00383202,0.00159529,0.00035654,0.00146266,-0.04487609,
-0.00087104,0.00082752,-0.00052776,0.00008522,0.00013980,0.00039436,-0.00014248,
0.00017567,-0.00003704,-0.00234468,0.00786346,0.05261340,0.00007552,0.00057958,0
.00035368,0.00040515,0.00013942,0.00010156,0.00176771,-0.00225104,-0.00029591,-0
.00013434,-0.00177554,-0.00192741,-0.00000911,0.00002007,0.00002472,0.00003522,0
.00001912,-0.00003528,-0.00002930,0.00001890,-0.00000342,0.00026320,0.00047671,0
.00005429,-0.00016662,-0.00004578,-0.00004338,-0.00026154,-0.00008477,-0.0001239
5,-0.00027783,0.00007194,-0.00003706,-0.00001744,-0.00016208,-0.00004278,-0.0000
0115,0.00006696,0.00001382,0.00003080,-0.00013252,-0.00005688,-0.00002878,0.0000
9229,0.00001583,-0.00000309,0.00004068,0.00002472,0.00005304,0.00005446,0.000025
96,-0.00031769,0.00025038,-0.00003918,-0.00001474,-0.00028765,-0.00003934,0.0002
7285,-0.00004281,-0.00012602,-0.00043854,0.00018206,0.00036701,0.00005593,-0.000
04099,0.00013737,-0.00001327,0.00008990,0.00022747,-0.00004183,-0.00003329,0.000
04705,0.00001645,0.00006908,0.00001565,0.00000144,0.00006762,-0.00009245,-0.0000
0197,-0.00000068,-0.00003812,-0.00009942,-0.00067913,-0.00011300,-0.00000176,-0.
00003315,-0.00004420,-0.00018637,-0.00038181,0.00014156,0.00070126,-0.00000864,-
0.00029316,-0.00001954,0.00000600,-0.00000950,-0.00656913,-0.00699165,-0.0003404
3,0.00044333,0.00028634,0.00019397,-0.20681209,-0.08863862,0.04504047,-0.0005192
0,0.00007010,0.00011919,0.00013957,0.00023893,0.00025510,0.00031805,-0.00001206,
-0.00036890,-0.02596122,-0.00790739,0.00750968,0.23774982,0.00111104,0.00070388,
-0.00011233,0.00083507,-0.00011000,-0.00066788,0.00004162,-0.00399563,-0.0005298
0,-0.00195711,-0.00283021,-0.00412511,0.00009654,-0.00000248,0.00004431,-0.00003
515,-0.00003714,0.00001391,-0.00006302,-0.00001687,0.00002450,-0.00007664,-0.000
44114,-0.00003971,-0.00032367,-0.00004928,0.00030873,-0.00018958,0.00011871,-0.0
0024565,0.00025608,0.00040597,-0.00001014,0.00005804,-0.00005063,-0.00014960,0.0
0005139,0.00013733,-0.00007225,0.00014263,0.00013864,0.00011117,-0.00003741,-0.0
0000008,-0.00003851,0.00004452,0.00004956,-0.00001706,0.00010329,0.00005484,-0.0
0001656,-0.00062503,-0.00050958,-0.00007143,-0.00018218,0.00001601,-0.00012544,0
.00006405,-0.00017241,-0.00003451,-0.00016698,0.00057807,0.00007649,-0.00003923,
0.00006696,0.00030148,-0.00015909,-0.00003972,0.00015669,0.00003369,-0.00002703,
0.00002223,-0.00000142,0.00009942,0.00005576,-0.00002743,-0.00002826,0.00001629,
-0.00000227,0.00004639,0.00000842,0.00008410,-0.00010063,0.00009253,-0.00010198,
0.00009620,0.00000988,-0.00127156,-0.00083457,0.00025640,0.00040329,-0.00001570,
-0.00016976,0.00001392,0.00003819,-0.00000986,-0.02047088,-0.01499901,0.00243458
,0.00022464,0.00047653,0.00082328,-0.08916176,-0.08883556,0.02577364,0.00023971,
-0.00009927,-0.00010531,0.00018036,0.00000827,0.00028649,0.00003090,0.00022937,-
0.00037649,0.01746102,0.00825670,-0.00420721,0.10574911,0.10833721,0.00026266,0.
00013679,-0.00019045,0.00056931,-0.00034292,0.00022877,-0.00045042,0.00063841,0.
00075782,-0.00170711,-0.00271468,-0.00265672,0.00002622,-0.00000290,0.00000560,-
0.00003049,-0.00003067,-0.00000217,0.00002095,-0.00000682,0.00000797,-0.00011526
,0.00000564,0.00003398,-0.00016815,0.00009685,-0.00005172,0.00001375,-0.00013997
,0.00009323,0.00001001,-0.00006424,-0.00000186,0.00000671,-0.00003017,-0.0000443
8,-0.00000515,-0.00005170,-0.00000131,-0.00003318,-0.00007748,0.00003528,0.00000
030,0.00000930,-0.00000807,-0.00000358,-0.00000002,-0.00000517,0.00000418,0.0000
1809,-0.00001760,0.00004948,-0.00016534,-0.00001150,-0.00000662,-0.00016822,0.00
020450,-0.00003832,0.00001294,-0.00006018,-0.00021947,0.00041823,-0.00029072,-0.
00006259,-0.00005767,0.00005175,-0.00003360,-0.00008340,0.00000205,0.00001532,-0
.00008026,-0.00003826,0.00004048,0.00007865,0.00003410,-0.00000214,0.00007038,0.
00001836,0.00000829,0.00001458,0.00001659,-0.00000246,0.00012742,-0.00015601,-0.
00001313,-0.00004866,-0.00007817,-0.00111407,-0.00073638,0.00022514,-0.00002764,
0.00017551,-0.00013244,0.00000092,0.00001520,-0.00000593,-0.01814130,-0.01184740
,0.00289534,-0.00105832,-0.00085537,0.00082224,0.05015206,0.02814931,-0.05675696
,-0.00019548,0.00006327,-0.00021579,0.00016468,0.00008604,0.00021023,-0.00001526
,-0.00041160,-0.00078636,0.00016609,0.00039045,0.00108800,-0.05142847,-0.0262401
3,0.06256100,-0.00072530,-0.00014953,-0.00002651,0.00014864,-0.00010177,0.000205
99,-0.00049205,0.00179176,0.00142045,0.00017583,0.00013498,-0.00076117,-0.000014
94,-0.00001564,-0.00003182,-0.00001825,0.00002508,-0.00001233,-0.00000456,-0.000
01816,-0.00001227,0.00003651,0.00041386,0.00013116,-0.00000249,0.00002960,-0.000
10150,0.00028502,-0.00031168,0.00015718,-0.00021527,-0.00020890,-0.00005687,0.00
003502,0.00016588,0.00005463,0.00005658,0.00001412,0.00003454,-0.00011549,-0.000
08573,-0.00009320,-0.00001271,0.00006518,-0.00001484,-0.00003778,0.00000288,-0.0
0002064,-0.00005645,-0.00001912,-0.00001816,0.00025332,0.00019063,0.00013404,0.0
0052441,0.00032279,-0.00021567,-0.00004309,0.00002273,0.00003545,-0.00009795,-0.
00006537,-0.00016988,0.00002533,0.00001613,-0.00010741,0.00011325,-0.00001109,0.
00001350,-0.00002407,-0.00006094,0.00004529,-0.00000746,0.00001909,-0.00001506,-
0.00002311,0.00003328,0.00004627,-0.00000473,-0.00000106,0.00000330,-0.00011079,
-0.00004718,-0.00024335,0.00003180,-0.00004258,-0.00005213,0.00001912,0.00019350
,0.00007678,-0.00064705,0.00019093,-0.00046417,0.00000823,0.00000496,-0.00000250
,-0.00076612,0.00131078,-0.00620788,0.00030500,-0.00085522,-0.00159440,-0.044953
41,0.00483904,-0.01233585,0.00001789,-0.00022603,0.00014075,0.00028591,0.0000722
2,-0.00043957,0.00008247,-0.00002385,-0.00015640,-0.00366101,0.01414926,-0.02108
082,0.00137400,-0.01302322,0.02396669,0.04868627,0.00039176,0.00085560,0.0002325
8,0.00012633,-0.00005052,0.00000505,0.00095937,-0.00075746,-0.00143879,-0.000004
11,0.00072002,-0.00038817,0.00008305,0.00002519,0.00006705,-0.00003688,-0.000026
72,0.00009859,-0.00000638,0.00005351,0.00006163,0.00013664,-0.00015980,-0.000123
16,-0.00009663,-0.00000838,0.00007570,-0.00051981,-0.00018068,-0.00052773,-0.000
17015,0.00003192,0.00006507,0.00002084,-0.00043072,0.00006420,0.00001435,-0.0001
5349,-0.00008047,-0.00022493,-0.00018828,-0.00008490,0.00001752,-0.00006402,-0.0
0004005,0.00003640,0.00006234,-0.00004461,0.00006476,0.00001758,-0.00005013,0.00
019682,-0.00014719,-0.00015162,0.00021125,-0.00191649,0.00079059,-0.00002156,0.0
0005489,-0.00004393,-0.00010197,0.00007920,0.00019230,-0.00006476,-0.00002957,-0
.00001302,-0.00009901,-0.00010352,0.00006424,0.00006027,0.00009173,0.00000082,-0
.00007167,0.00005643,0.00003787,0.00009508,0.00003806,0.00000762,0.00001661,0.00
004927,0.00006798,0.00000356,0.00009297,-0.00002892,-0.00003108,-0.00003650,-0.0
0000776,0.00019411,-0.00000010,-0.00006347,-0.00008765,-0.00009061,-0.00008915,0
.00000386,0.00005138,0.00003899,-0.00151412,0.00734570,-0.01979700,-0.00146011,-
0.00181365,-0.00282174,0.00699470,-0.08891032,0.09763263,-0.00022781,0.00014867,
0.00006929,-0.00031240,0.00061136,-0.00136791,0.00001349,-0.00002389,-0.00004756
,0.00402423,-0.01095518,0.01830874,0.00021843,-0.00688731,0.01329124,-0.00856201
,0.10239661,0.00057925,0.00098762,-0.00018157,0.00010454,0.00010633,-0.00029540,
0.00223996,-0.00084547,-0.00269966,0.00035096,0.00064353,0.00068200,0.00003095,0
.00000014,0.00000109,-0.00001851,0.00009450,0.00005500,-0.00011510,-0.00001798,0
.00002045,0.00011922,-0.00010450,-0.00001812,-0.00007038,-0.00011454,0.00016138,
-0.00032254,-0.00020371,-0.00004887,-0.00000544,0.00027489,-0.00007987,0.0000255
7,-0.00035466,-0.00011767,-0.00005465,0.00004330,-0.00003777,-0.00008918,-0.0002
6614,-0.00011973,-0.00001833,0.00003405,-0.00005000,0.00003415,0.00008889,-0.000
01494,0.00004862,0.00001803,-0.00000756,-0.00034454,-0.00064783,-0.00017956,0.00
005140,0.00075621,0.00075992,0.00009251,-0.00005519,-0.00003830,-0.00009035,-0.0
0042862,0.00037728,-0.00011616,-0.00003872,0.00037616,-0.00014546,-0.00010446,0.
00029416,0.00017053,-0.00003877,0.00012006,0.00010738,0.00021609,0.00017380,-0.0
0008988,0.00015451,0.00006799,-0.00001606,0.00005808,0.00003195,0.00000830,-0.00
020220,-0.00006582,-0.00007952,0.00003611,0.00002879,0.00024626,0.00036256,0.000
09902,-0.00025830,0.00010428,-0.00005614,0.00001985,0.00002936,0.00003190,-0.002
12854,0.00634825,-0.02577347,-0.00170202,-0.00417572,-0.00466509,-0.01590320,0.0
9182612,-0.22677245,0.00033011,-0.00068340,0.00045165,-0.00022142,0.00054951,-0.
00159007,-0.00019298,-0.00003856,0.00027441,-0.00143447,0.00348760,-0.00128074,0
.00131873,0.00601633,-0.00796788,0.01762749,-0.10407725,0.26798795,-0.00027647,0
.00014905,0.00011413,0.00197818,-0.00609056,-0.00515405,-0.00322334,-0.00484197,
-0.00512022,-0.00018558,-0.00012501,0.00000180,0.00005463,0.00000466,0.00002169,
0.00004572,-0.00007769,0.00012394,-0.00009735,0.00004724,0.00013741,-0.00225165,
-0.00032334,-0.00100893,0.00028735,0.00068793,-0.00065889,-0.00013033,-0.0003134
4,-0.00010549,-0.00157456,-0.00217050,0.00086131,-0.00017721,-0.00009979,-0.0001
0682,0.00010651,0.00005754,-0.00004419,0.00004456,-0.00005706,-0.00011148,-0.000
02155,0.00001952,-0.00013894,0.00003048,0.00009096,0.00000376,0.00006837,0.00002
737,0.00001961,0.00041492,-0.00087441,0.00008396,0.00006933,0.00009871,0.0010927
2,-0.06519407,0.01151743,0.00634285,-0.00129139,0.00167965,-0.00039235,-0.000162
67,-0.00004863,0.00002363,0.00008539,-0.00013352,0.00007413,0.00013038,0.0000856
5,0.00014498,0.00008325,0.00008413,0.00002641,0.00004834,0.00027262,0.00005925,0
.00001172,0.00012623,0.00000527,-0.00166792,-0.02062785,-0.00977784,-0.00347296,
0.02004244,0.01732606,0.00015571,-0.00003500,0.00006621,0.00002711,-0.00000649,-
0.00003751,0.00001818,0.00002099,-0.00000717,-0.00002663,-0.00014386,0.00002774,
-0.00001038,0.00011739,-0.00010658,0.00111758,-0.00045826,0.00002971,-0.00000085
,-0.00002928,0.00000882,0.00013152,0.00002286,0.00012034,0.00000680,-0.00006199,
-0.00013959,0.00031628,0.00000303,0.00012747,-0.00023703,0.00061583,-0.00037056,
-0.00024277,-0.00021752,0.00040585,0.47836684,-0.00054345,-0.00022770,-0.0002807
5,-0.00436220,0.00782633,-0.00490330,-0.00199464,-0.00030078,0.00029431,-0.00002
782,-0.00004906,0.00002109,0.00000619,-0.00000042,-0.00000389,-0.00003832,-0.000
00759,0.00000110,-0.00002245,-0.00005017,0.00006933,-0.00389876,-0.00036873,-0.0
0204192,-0.00095247,-0.00233228,0.00192019,0.00017344,0.00001912,-0.00000010,-0.
00083393,-0.00244934,0.00091439,0.00000782,0.00016213,0.00002015,0.00013132,0.00
005845,0.00003637,0.00004186,0.00010725,-0.00000775,0.00001086,0.00001282,-0.000
08116,-0.00000677,-0.00000986,-0.00001479,-0.00001701,-0.00000205,-0.00001212,0.
00032492,-0.00001427,0.00020362,0.00006994,-0.00018673,-0.00000728,0.01392334,-0
.10933673,-0.04733349,0.00324134,-0.00096966,0.00023518,-0.00002055,-0.00008420,
-0.00018455,0.00004488,-0.00000816,-0.00005130,-0.00003470,0.00004057,0.00001458
,0.00001521,-0.00002256,-0.00000254,0.00006740,0.00000158,-0.00004110,0.00001379
,0.00005197,0.00000475,-0.00693954,-0.03491655,-0.01397671,0.00321863,-0.0099280
8,-0.01012182,-0.00000073,-0.00002558,-0.00002011,-0.00001780,0.00000745,0.00000
337,0.00000081,-0.00000227,-0.00002113,-0.00014130,-0.00004028,0.00009297,0.0000
3194,-0.00004326,-0.00000206,-0.00012642,-0.00007047,0.00003172,-0.00000091,0.00
001039,-0.00000960,-0.00002604,-0.00002065,-0.00001326,-0.00003367,0.00007097,0.
00000063,0.00001607,0.00002880,-0.00002910,0.00004138,-0.00002600,-0.00001730,0.
00004017,-0.00004915,-0.00006971,-0.00236256,0.44880892,-0.00035998,-0.00026485,
0.00014681,-0.00291343,-0.01768199,-0.02212508,-0.00231902,0.00031360,0.00019310
,-0.00003656,-0.00007203,0.00000299,-0.00000511,-0.00000240,-0.00001519,-0.00000
071,-0.00002779,0.00000307,0.00006019,0.00002010,-0.00000338,0.00110828,0.001046
49,0.00046899,0.00061260,0.00395808,-0.00166999,-0.00010179,0.00000116,-0.000044
16,-0.00027212,0.00064403,-0.00032361,0.00007089,-0.00007109,-0.00017292,0.00006
946,0.00003516,-0.00002052,0.00000367,0.00000998,-0.00003732,0.00000579,0.000021
79,-0.00002674,0.00002970,0.00002225,0.00002553,0.00000230,0.00002116,0.00003801
,0.00000016,-0.00035830,-0.00006024,-0.00045129,-0.00022841,0.00006478,0.0082949
3,-0.06386344,-0.11544358,0.00116679,0.00264610,-0.00002540,0.00008914,0.0000187
8,0.00004788,-0.00001696,-0.00003295,0.00004662,0.00004335,0.00009128,-0.0000247
4,0.00000521,0.00000810,0.00005863,0.00006099,0.00007994,0.00005579,0.00002479,0
.00001077,0.00003623,-0.00123905,0.00131525,0.00710379,0.00147515,-0.00336364,-0
.00267311,0.00002874,-0.00003253,0.00001752,0.00002592,-0.00001833,-0.00000217,-
0.00001838,-0.00002702,-0.00002128,-0.00001882,-0.00006813,-0.00013482,0.0000006
6,0.00000644,0.00001605,-0.00020394,0.00016554,-0.00009712,0.00001462,-0.0000059
8,-0.00000565,-0.00000366,-0.00001274,0.00000207,0.00003039,-0.00000944,-0.00002
595,-0.00008447,-0.00005244,-0.00001355,-0.00002574,-0.00012356,0.00004849,-0.00
001259,-0.00000037,-0.00004196,0.02538277,-0.02547289,0.47176185,-0.00003247,0.0
0006349,-0.00016012,0.00073875,-0.00073340,-0.00062543,-0.00083103,-0.00056960,0
.00025308,0.00004125,-0.00002828,-0.00000898,0.00000602,-0.00000233,-0.00000007,
-0.00000679,-0.00000913,-0.00000708,-0.00000888,-0.00001040,-0.00000053,0.000202
67,-0.00065625,-0.00006623,-0.00076453,0.00014859,0.00016851,0.00007589,-0.00003
708,-0.00002361,0.00016138,0.00034600,-0.00005449,-0.00001144,0.00004510,-0.0000
7130,0.00003534,0.00001714,-0.00000852,0.00002893,0.00002627,-0.00001818,-0.0000
1934,0.00000585,-0.00001591,-0.00000283,0.00000368,-0.00000022,0.00000333,-0.000
00269,0.00000140,-0.00000523,-0.00004551,0.00001653,-0.00002817,-0.00006897,0.00
002516,0.00085721,-0.00161712,-0.00233479,-0.00010157,0.00021646,-0.00019304,-0.
00001169,-0.00006303,0.00002442,-0.00002161,0.00001322,0.00005686,0.00000485,-0.
00000369,0.00004183,0.00001851,0.00001693,0.00001731,0.00000364,0.00003497,0.000
00313,-0.00000258,0.00001182,-0.00000114,0.00037252,0.00017855,0.00011543,-0.000
15734,0.00037654,0.00007392,-0.00000048,-0.00002304,0.00000189,0.00000267,-0.000
00777,-0.00000350,0.00000184,0.00000207,-0.00000971,-0.00004660,0.00004326,0.000
04372,-0.00000652,-0.00000862,0.00003596,0.00004608,0.00002729,0.00001409,-0.000
00431,0.00000485,-0.00001995,0.00000449,0.00001293,-0.00000151,-0.00002532,-0.00
001080,-0.00003028,-0.00001066,-0.00000186,-0.00002243,-0.00009010,-0.00005090,0
.00004124,0.00003708,-0.00000231,-0.00006660,-0.08457125,-0.04273706,0.01693910,
0.46823404,0.00002129,0.00013820,0.00002031,-0.00021719,0.00144286,-0.00107209,-
0.00074195,-0.00016872,-0.00033458,-0.00007478,-0.00000666,0.00001678,0.00001375
,-0.00000308,-0.00001116,0.00000844,0.00001540,-0.00000908,0.00000184,0.00000178
,0.00000004,-0.00091771,-0.00125173,-0.00040182,-0.00042021,-0.00133629,0.000398
54,-0.00002069,-0.00001602,-0.00007418,0.00019678,-0.00013343,0.00019669,0.00004
658,-0.00002510,-0.00006730,0.00004278,0.00001509,0.00000203,0.00000231,0.000010
84,-0.00002550,-0.00000441,0.00001475,-0.00001689,0.00000491,0.00001752,0.000020
78,0.00000827,0.00001458,0.00002470,-0.00004197,-0.00021449,-0.00002161,0.000001
62,-0.00007824,-0.00015368,-0.00969283,-0.02141277,0.00195901,0.00046468,-0.0004
5983,0.00037665,0.00001809,0.00001100,0.00012278,-0.00001862,0.00005628,0.000093
30,0.00000186,0.00004552,0.00003939,0.00001709,-0.00000492,0.00003282,-0.0000002
3,0.00004453,0.00002562,0.00000767,0.00001080,-0.00000477,0.00067109,-0.00376402
,-0.00215847,0.00033577,-0.00000894,0.00005271,0.00001355,-0.00002552,0.00000048
,0.00003001,-0.00003203,-0.00001206,-0.00000004,-0.00000802,-0.00002334,0.000161
82,-0.00017642,0.00005341,0.00001985,0.00001974,-0.00006355,0.00010627,0.0000071
9,0.00008772,0.00003609,-0.00004648,0.00000622,-0.00000678,-0.00000638,-0.000005
65,0.00000389,0.00003087,-0.00000411,0.00006683,-0.00003138,-0.00001066,0.000021
71,0.00010670,-0.00002149,-0.00003740,0.00000519,0.00004495,-0.04479606,-0.15623
085,0.03725690,-0.01498726,0.47943841,-0.00004730,-0.00000803,-0.00001916,-0.000
41043,-0.00208789,0.00076881,0.00005980,-0.00015098,0.00019352,-0.00001718,-0.00
000204,0.00000156,0.00000545,-0.00000587,0.00000244,-0.00002033,-0.00003376,-0.0
0000105,-0.00000524,-0.00001419,0.00003659,-0.00082704,0.00006067,-0.00022069,0.
00002217,0.00015714,-0.00027353,0.00005032,0.00004511,0.00000700,-0.00044422,-0.
00071689,0.00018512,0.00001820,0.00008106,0.00005916,0.00003066,0.00002773,0.000
00649,0.00001388,0.00002925,0.00001300,0.00001447,-0.00001907,-0.00002441,0.0000
0741,-0.00000204,-0.00001707,0.00000114,-0.00000238,-0.00000884,0.00010101,-0.00
013424,0.00007961,0.00006982,-0.00005453,-0.00008694,-0.00715468,-0.01252065,0.0
0589774,0.00004614,0.00039237,-0.00028373,0.00002580,0.00000583,-0.00003485,0.00
003382,0.00002346,-0.00005261,-0.00006485,-0.00000927,0.00000434,-0.00000875,-0.
00003668,-0.00000973,-0.00000492,-0.00005634,-0.00000420,0.00000532,0.00002037,-
0.00000036,-0.00014845,-0.00475377,-0.00193946,0.00004039,-0.00020009,-0.0000035
0,-0.00000720,0.00000884,0.00000391,0.00001297,0.00000025,-0.00000055,0.00001058
,0.00001136,-0.00000190,-0.00008906,0.00002435,-0.00004094,-0.00004504,-0.000011
83,0.00005598,-0.00007877,-0.00003601,-0.00001443,-0.00000472,0.00001350,-0.0000
1020,0.00001595,0.00000981,0.00000483,-0.00005497,-0.00002170,-0.00004874,0.0000
1804,-0.00000114,0.00002486,-0.00003009,0.00005565,0.00015681,0.00001785,0.00004
958,-0.00004071,0.01517593,0.03399593,-0.08033489,0.01864962,0.01132672,0.532281
78,-0.00019918,-0.00012221,-0.00000700,0.00019523,0.00009442,-0.00032659,-0.0001
1900,0.00004262,0.00008689,-0.00001197,-0.00002282,-0.00000679,0.00000889,-0.000
00625,-0.00000495,-0.00000616,-0.00001062,0.00000047,-0.00001437,-0.00000693,-0.
00000293,0.00009615,-0.00002054,0.00004448,-0.00052034,-0.00032156,-0.00051881,0
.00004924,0.00001726,0.00001737,0.00000545,0.00000691,-0.00002362,0.00003672,0.0
0009382,-0.00000920,0.00004702,0.00000093,-0.00000178,0.00000332,0.00004945,-0.0
0001764,-0.00000841,-0.00001256,-0.00000418,-0.00000556,-0.00000914,-0.00000571,
-0.00000587,-0.00000933,-0.00000218,-0.00001506,-0.00000409,0.00004745,-0.000003
55,-0.00006789,-0.00007936,0.00049937,0.00008870,0.00012333,-0.00009763,0.000068
83,-0.00008076,0.00003237,0.00002540,-0.00000907,0.00003515,0.00004556,-0.000010
93,-0.00003404,0.00002438,0.00001330,-0.00002481,-0.00003428,0.00000157,0.000026
16,-0.00002145,0.00001741,-0.00000152,0.00000164,0.00000211,-0.00006751,0.000185
99,0.00003618,-0.00035631,-0.00020222,0.00003916,-0.00000628,-0.00001404,-0.0000
0062,0.00000291,-0.00001144,-0.00000218,0.00000120,-0.00000315,-0.00000860,0.000
01420,-0.00000831,0.00000790,0.00000824,0.00000362,-0.00000027,0.00002753,0.0000
3481,0.00003062,0.00000297,-0.00001323,-0.00000177,-0.00001514,-0.00000457,0.000
00436,-0.00000794,-0.00000204,0.00001845,-0.00002925,-0.00002919,-0.00000757,0.0
0004716,-0.00001741,0.00000879,0.00001167,-0.00000530,-0.00004008,-0.01918760,-0
.00549180,0.00543525,-0.19399044,0.01942838,0.02506306,0.46185710,-0.00009503,-0
.00006847,0.00000353,-0.00064887,-0.00046059,0.00054341,-0.00007655,-0.00027782,
0.00012725,0.00000759,0.00000458,0.00000126,-0.00000319,0.00000132,0.00000083,-0
.00000456,-0.00000006,0.00000610,-0.00000572,0.00000333,0.00001370,-0.00020899,0
.00019258,0.00005632,0.00037417,0.00027922,-0.00040229,0.00002792,-0.00000731,0.
00001763,0.00004154,-0.00009763,-0.00001164,-0.00001230,0.00001550,-0.00000705,0
.00000214,0.00001051,-0.00000192,0.00000101,0.00000647,-0.00000449,-0.00000607,0
.00001837,-0.00000394,-0.00000558,0.00000056,-0.00000164,-0.00000113,-0.00000049
,-0.00000175,0.00002502,0.00014795,0.00002195,-0.00001844,-0.00001261,0.00005910
,0.00023912,0.00053485,-0.00000370,0.00016993,0.00009097,-0.00023241,-0.00000224
,-0.00001511,-0.00005998,0.00001484,-0.00001280,-0.00002346,-0.00000935,0.000002
71,-0.00000214,-0.00000870,0.00000048,-0.00000777,0.00001281,-0.00000908,-0.0000
1802,-0.00000156,-0.00000088,-0.00000188,-0.00018124,-0.00007240,-0.00017151,-0.
00070499,-0.00034891,0.00016847,0.00000473,0.00000096,-0.00000399,0.00000035,0.0
0000553,0.00000317,-0.00000491,0.00000109,0.00000115,-0.00000660,0.00003870,0.00
001650,-0.00001119,-0.00000201,0.00001378,-0.00006742,0.00000805,-0.00002610,-0.
00000737,0.00001130,-0.00000341,0.00000589,0.00000116,-0.00000141,-0.00001177,-0
.00000941,-0.00000121,-0.00001641,0.00001275,-0.00001170,-0.00007173,-0.00008775
,0.00003169,0.00005176,0.00000437,-0.00004047,-0.02437900,0.00071302,0.00587802,
0.01745746,-0.06803446,-0.00390020,0.00669035,0.52408437,0.00001500,0.00000236,0
.00001630,-0.00027921,0.00031744,-0.00032421,-0.00002303,0.00011638,0.00004389,-
0.00001479,-0.00001194,0.00001350,0.00000834,-0.00000397,-0.00000052,-0.00000377
,-0.00000551,-0.00000079,-0.00000637,-0.00000693,-0.00000495,0.00008505,-0.00014
376,0.00006842,-0.00023859,-0.00062243,-0.00033336,0.00000835,0.00001810,0.00000
235,0.00000941,0.00006404,-0.00001652,0.00002519,0.00003116,0.00001411,0.0000158
6,0.00001210,0.00000237,0.00000695,0.00001792,0.00000552,0.00000327,-0.00001151,
0.00000376,0.00000321,0.00000059,-0.00000425,0.00000214,-0.00000081,-0.00000174,
-0.00002121,-0.00001596,0.00002423,-0.00000300,-0.00003351,-0.00008585,-0.000137
38,0.00028351,0.00019993,-0.00001618,-0.00010154,0.00003122,0.00001095,0.0000212
9,0.00000028,0.00000182,0.00002348,-0.00002172,-0.00001953,0.00000816,-0.0000003
1,-0.00001204,-0.00002381,0.00000075,-0.00000393,-0.00003216,0.00001014,-0.00000
201,-0.00000066,0.00000079,0.00003112,0.00000783,-0.00006680,0.00011415,-0.00019
197,0.00031893,-0.00000188,0.00000422,0.00000272,0.00000170,-0.00000440,-0.00000
267,0.00000644,0.00000325,-0.00000226,0.00004791,-0.00002351,0.00000667,0.000002
42,-0.00000019,-0.00000645,0.00002017,-0.00000417,0.00003001,0.00000561,-0.00001
123,0.00000125,-0.00000654,-0.00000186,0.00000764,0.00001454,0.00001486,0.000008
72,0.00000395,-0.00000129,0.00000393,0.00002756,0.00002239,-0.00006296,-0.000032
13,-0.00001306,0.00001276,0.00943133,0.00092533,-0.00160214,0.02523688,-0.004359
34,-0.07368150,0.01325172,0.00103042,0.52635870,0.00031395,0.00023203,-0.0010010
4,-0.00251130,-0.00016247,0.00014192,0.00141573,0.00220719,0.00256924,0.00012152
,-0.00008725,0.00001864,-0.00004507,0.00005025,0.00007141,-0.00006358,0.00004175
,-0.00006618,0.00003344,-0.00003180,0.00001459,-0.00080355,0.00058957,0.00019023
,0.00057398,0.00004133,-0.00005271,0.00005137,-0.00003958,0.00001707,0.00042334,
0.00001213,0.00002690,-0.00008926,-0.00011256,-0.00010524,-0.00003637,-0.0000651
0,-0.00006411,-0.00004100,-0.00008365,-0.00010722,-0.00001423,0.00002045,0.00000
895,0.00002403,-0.00002054,-0.00005971,-0.00000144,0.00000605,-0.00006749,-0.000
43516,0.00005588,-0.00015761,-0.00069352,-0.00039604,0.00079238,-0.00644888,0.00
391612,0.00395664,0.00180240,-0.00059068,-0.00090310,-0.00013941,-0.00045582,-0.
00020257,-0.00023934,-0.00023178,0.00003967,0.00010380,0.00001464,0.00003798,0.0
0008397,0.00014181,0.00016928,0.00008494,0.00012905,-0.00004945,0.00000076,0.000
01830,0.00012380,0.00232984,-0.00241797,-0.00172754,0.00004111,0.00104082,0.0012
6095,-0.00006080,-0.00009272,-0.00005485,-0.00005122,0.00004814,0.00001626,-0.00
002776,0.00000027,0.00006121,-0.00010950,0.00025535,-0.00009381,0.00003294,-0.00
004291,0.00012837,-0.00149275,0.00068447,-0.00027404,-0.00000606,0.00003643,-0.0
0000629,-0.00006192,-0.00000631,-0.00003873,0.00003991,0.00004460,0.00003099,-0.
00022226,0.00000026,0.00000768,-0.00137216,0.00070785,-0.00041759,-0.00043784,0.
00005684,-0.00002527,-0.21338852,0.03173261,0.02812753,-0.01579376,-0.00072065,0
.00344201,-0.00053998,-0.00330960,0.00100899,0.25425714,0.00091231,0.00086258,-0
.00009360,0.00158719,0.00027011,0.00099961,-0.00376164,-0.00184413,-0.00219619,-
0.00011550,-0.00001250,-0.00004534,0.00003618,0.00002081,0.00002898,-0.00000469,
-0.00000517,0.00002986,0.00000058,-0.00000507,0.00001186,0.00096014,-0.00092436,
-0.00044798,-0.00032350,0.00004076,0.00000081,-0.00015203,-0.00000292,-0.0001639
0,-0.00015453,0.00036456,0.00003490,-0.00008056,-0.00022057,-0.00001109,0.000004
56,-0.00001678,-0.00003955,0.00005481,-0.00000437,-0.00001363,0.00001887,-0.0000
7852,0.00000291,0.00004478,0.00004087,-0.00000236,0.00006338,0.00003587,0.000010
26,-0.00012863,-0.00025974,-0.00014794,-0.00039722,-0.00023461,0.00050077,0.0198
3285,-0.00712041,-0.00647169,-0.00088934,-0.00010418,0.00018514,-0.00009654,-0.0
0010503,0.00009448,-0.00014271,-0.00003184,0.00010329,0.00007195,0.00007834,0.00
000202,0.00005779,0.00000801,0.00008586,-0.00000243,0.00005855,0.00000642,0.0000
0162,0.00003312,0.00001771,0.00209198,0.00044204,0.00055519,0.00017730,-0.003119
67,-0.00324464,0.00001357,-0.00006002,0.00001154,0.00004876,-0.00004227,-0.00000
290,0.00001456,0.00000122,0.00000733,-0.00032606,-0.00017086,-0.00025375,-0.0000
2505,0.00002125,-0.00006358,0.00048316,0.00016275,-0.00005950,0.00007018,-0.0000
5418,0.00001981,-0.00001154,-0.00003347,0.00000225,0.00000103,0.00003243,0.00002
871,0.00009535,-0.00016010,0.00006462,0.00092177,-0.00001150,0.00037926,-0.00016
672,0.00017494,0.00014014,0.03409055,-0.04271779,-0.00496037,-0.02350734,0.00068
363,0.00504692,-0.00215111,-0.00344887,0.00141473,-0.03733347,0.05736035,0.00058
493,0.00066757,0.00002633,0.00269613,-0.00068268,0.00062854,-0.00211528,-0.00177
700,-0.00115123,-0.00008373,-0.00005606,0.00003814,0.00002751,0.00000237,0.00002
799,-0.00002850,-0.00004059,-0.00001107,-0.00000144,-0.00002658,0.00000775,0.000
52165,-0.00017576,0.00013798,-0.00037400,0.00016728,0.00000101,0.00000477,-0.000
07306,-0.00009024,-0.00026512,0.00030202,-0.00018448,-0.00002541,-0.00009033,-0.
00011723,0.00004231,0.00006863,-0.00006379,0.00008155,-0.00003104,-0.00006273,-0
.00002136,0.00001738,-0.00004023,0.00003326,0.00004805,-0.00000770,0.00005193,0.
00002324,0.00000062,-0.00009211,-0.00062459,-0.00003651,-0.00011128,-0.00017411,
0.00001464,0.01996263,-0.00653415,-0.00539789,-0.00105467,0.00040102,-0.00020755
,-0.00007836,-0.00004215,0.00017682,-0.00010033,-0.00006227,0.00018586,0.0000826
3,0.00001183,0.00010692,0.00007357,0.00010350,0.00007478,-0.00005304,0.00011806,
0.00005693,0.00000360,0.00004346,0.00002416,0.00060361,0.00146323,0.00099769,0.0
0040571,-0.00311132,-0.00231519,0.00004559,-0.00003343,0.00000213,0.00006316,-0.
00002148,-0.00001695,0.00001751,0.00002394,0.00000359,-0.00052737,0.00010056,-0.
00018239,-0.00013428,0.00005989,-0.00005754,-0.00033398,-0.00016142,0.00014238,0
.00004014,-0.00001612,-0.00001859,0.00006588,0.00003129,0.00001957,-0.00001368,0
.00003120,-0.00016474,0.00018257,-0.00000071,-0.00002038,-0.00050974,0.00065476,
0.00026925,0.00031148,0.00006928,0.00010229,0.03067956,-0.00565158,-0.04756696,0
.01016497,-0.00016006,-0.00139542,0.00088483,0.00198025,-0.00000228,-0.03600316,
0.00828770,0.05333263,0.00004593,-0.00012504,0.00014060,0.00013964,0.00038080,0.
00013709,-0.00116927,0.00013336,-0.00113694,0.00005517,-0.00001612,-0.00000683,0
.00001518,0.00000462,0.00000715,0.00001358,-0.00000962,0.00004946,-0.00000945,0.
00002382,0.00000116,-0.00011140,-0.00042724,-0.00040681,0.00011245,-0.00023606,-
0.00015342,-0.00003573,-0.00001243,-0.00006890,0.00025969,0.00007414,0.00015286,
-0.00007230,-0.00002967,-0.00002417,-0.00001969,-0.00002503,-0.00004856,0.000038
80,0.00004050,0.00001594,-0.00001232,-0.00007622,-0.00000621,0.00000804,-0.00000
327,-0.00000903,0.00002043,-0.00000003,0.00000257,-0.00003879,0.00014974,-0.0000
5111,-0.00014228,-0.00002787,0.00033363,0.00164391,-0.00041766,0.00109803,0.0004
3889,-0.00029992,0.00021105,-0.00002988,0.00008349,0.00001400,0.00000341,-0.0000
0243,-0.00002242,0.00004311,0.00004769,-0.00003004,-0.00000469,-0.00000804,0.000
01926,0.00000462,-0.00000128,0.00002488,-0.00000628,-0.00000727,0.00000931,0.000
09832,0.00001106,0.00055263,0.00066633,-0.00005166,0.00094553,0.00001584,-0.0000
0740,0.00001679,-0.00000320,-0.00000667,0.00000756,0.00000371,-0.00000479,0.0000
0840,0.00003719,-0.00003322,0.00000312,0.00005277,-0.00001610,0.00001536,-0.0001
0782,0.00014171,-0.00007374,0.00000296,-0.00001373,0.00001918,-0.00000673,-0.000
01826,0.00001646,0.00000557,-0.00003933,0.00008622,-0.00007228,-0.00006588,0.000
00536,0.00007653,-0.00021688,0.00004156,-0.00000528,0.00002033,-0.00010404,-0.08
771747,0.03032824,-0.08316321,0.00504349,-0.00383992,0.00956306,0.00115488,-0.00
065074,0.00085533,-0.01801218,0.01057116,-0.02591653,0.09777239,0.00003192,0.000
01716,-0.00000097,0.00095526,-0.00418355,0.00004138,0.00041265,0.00016566,0.0001
3212,0.00001334,-0.00001094,-0.00001042,-0.00000190,0.00000139,0.00000238,0.0000
2035,-0.00001035,0.00000916,0.00000984,0.00003326,0.00000735,-0.00002333,-0.0003
0999,-0.00024011,0.00050368,0.00123739,-0.00107840,-0.00001409,-0.00000507,-0.00
000322,0.00006033,0.00006120,0.00010011,-0.00002961,-0.00000238,-0.00001614,-0.0
0000830,-0.00002461,-0.00001016,-0.00000493,-0.00002311,-0.00001398,-0.00001679,
-0.00001863,-0.00000730,0.00000267,0.00000211,0.00000082,0.00000412,-0.00000032,
0.00000332,-0.00004338,-0.00006739,-0.00006183,-0.00002742,0.00001305,0.00007346
,-0.00861010,0.00237297,-0.02256183,-0.00134246,0.00090656,-0.00038046,0.0000009
2,-0.00002548,0.00002971,-0.00000847,-0.00000193,0.00003459,0.00001457,0.0000043
2,0.00001473,0.00001765,-0.00000064,0.00001643,-0.00001215,0.00004000,0.00000779
,-0.00000110,0.00000488,0.00000035,0.00039792,0.00104588,0.00053497,-0.00027233,
0.00096212,-0.00010039,0.00001385,-0.00000954,-0.00000030,0.00000488,0.00000063,
0.00000096,-0.00000285,-0.00000115,0.00000367,0.00005107,-0.00000102,-0.00002689
,-0.00001554,0.00000046,0.00001059,0.00001261,-0.00004208,0.00000229,-0.00001396
,0.00000657,0.00000426,0.00001940,0.00000714,0.00000492,0.00000636,-0.00004810,-
0.00002600,-0.00000516,0.00000968,0.00000118,-0.00002842,0.00002306,0.00002386,0
.00001086,0.00001500,0.00001490,0.03001830,-0.06098086,0.05784777,0.00909136,-0.
01260862,0.02452709,0.00078388,0.00060195,-0.00026883,0.00412142,-0.00086588,0.0
0523688,-0.03385271,0.07601198,0.00036757,0.00010640,0.00009708,0.00143295,-0.00
501798,-0.00033527,-0.00065339,0.00006322,-0.00109018,0.00009618,0.00001815,0.00
000066,0.00000359,0.00000680,0.00001336,0.00003681,-0.00000370,0.00003771,-0.000
00080,0.00006048,0.00000908,-0.00057059,-0.00003142,-0.00055926,0.00068380,0.001
15349,-0.00111675,-0.00002332,0.00000434,-0.00000921,0.00006321,-0.00000674,0.00
018877,-0.00008194,-0.00006583,0.00003553,-0.00006460,-0.00004490,-0.00002874,-0
.00000593,-0.00001843,0.00001636,-0.00001498,-0.00004131,0.00000335,-0.00000284,
-0.00000101,-0.00001566,0.00001824,-0.00000406,-0.00000940,-0.00001774,-0.000010
43,-0.00008766,-0.00008174,0.00010586,0.00023116,-0.00950952,-0.00039439,-0.0263
7996,-0.00169536,0.00068953,0.00018095,-0.00004487,0.00001913,0.00002038,-0.0000
3961,-0.00006199,-0.00000068,0.00007302,-0.00001143,-0.00003237,0.00002113,0.000
02058,-0.00000372,-0.00003908,0.00002656,-0.00000317,-0.00001469,-0.00000377,-0.
00000335,0.00037043,0.00022128,0.00161476,0.00008926,0.00067415,0.00065070,0.000
01466,0.00002479,0.00001376,-0.00000527,0.00001541,0.00000604,0.00000407,0.00000
621,0.00002388,0.00004206,-0.00003678,-0.00005022,0.00002152,0.00000906,0.000013
82,0.00006185,-0.00001546,-0.00003436,-0.00001158,0.00000778,0.00002114,0.000020
22,-0.00000019,0.00001746,0.00004571,-0.00005699,0.00003799,0.00003460,-0.000000
02,0.00001278,-0.00004816,-0.00000496,-0.00009615,-0.00006216,-0.00002232,0.0000
2024,-0.08293707,0.05925125,-0.20219035,-0.00417193,0.00786468,-0.01181453,-0.00
060873,-0.00049584,0.00027473,-0.00054044,-0.00008142,0.00256374,0.09552541,-0.0
6614901,0.23674315,-0.00011277,-0.00004777,0.00002609,-0.00030129,-0.00008740,0.
00048725,0.00011430,-0.00015947,-0.00006045,-0.00000868,-0.00000101,0.00001673,-
0.00000185,-0.00000198,-0.00000204,0.00000811,-0.00000371,0.00000524,-0.00000481
,0.00000995,0.00001386,-0.00018042,0.00013642,-0.00002145,0.00026559,0.00004092,
-0.00004808,0.00000319,-0.00000159,0.00000833,-0.00011088,-0.00017886,0.00002690
,0.00002559,0.00002263,0.00000868,0.00001145,0.00000773,0.00000233,-0.00000662,0
.00001274,-0.00000503,0.00000582,0.00000646,-0.00000751,0.00000014,0.00000165,0.
00000143,-0.00000368,-0.00000052,-0.00000046,0.00005599,-0.00000203,0.00001981,0
.00000417,-0.00001003,-0.00000453,-0.00042498,-0.00174427,0.00066718,0.00019860,
0.00001893,-0.00006928,0.00001352,0.00002141,-0.00001092,0.00002041,0.00000570,-
0.00000322,-0.00000756,0.00001625,-0.00000369,-0.00001661,-0.00000896,-0.0000006
3,0.00002140,-0.00000690,-0.00000024,0.00000262,0.00000517,0.00000014,0.00004749
,-0.00067733,-0.00029505,-0.00006084,-0.00021950,-0.00002625,0.00001409,0.000009
54,-0.00000092,-0.00000704,0.00000696,0.00000132,-0.00000164,-0.00000133,-0.0000
0045,0.00002071,0.00005707,0.00000936,0.00000053,0.00001197,-0.00000653,-0.00003
268,-0.00000389,0.00002188,-0.00001472,0.00000198,0.00000460,0.00000791,0.000002
91,0.00001381,0.00002315,-0.00001114,-0.00000236,-0.00000304,0.00002200,-0.00000
448,-0.00005606,-0.00005970,-0.00009634,-0.00000341,-0.00003328,0.00000954,0.000
59840,-0.01020267,-0.00764343,-0.04474743,0.01750373,0.01534417,-0.00949656,0.02
075064,0.02417474,0.00030821,-0.00044670,-0.00045628,0.00021633,0.00048475,-0.00
005804,0.05678652,-0.00001335,0.00011865,0.00001028,0.00069102,-0.00036516,0.000
68421,0.00033059,-0.00039587,-0.00036595,0.00004671,0.00003503,-0.00001612,-0.00
001979,0.00000686,0.00000949,0.00001938,-0.00000468,0.00001371,0.00001185,0.0000
2292,0.00004256,-0.00029559,0.00067189,-0.00016905,-0.00021334,0.00008980,-0.000
07624,-0.00002559,-0.00002228,0.00001442,-0.00051976,-0.00054503,0.00009223,-0.0
0003417,-0.00004920,0.00003727,-0.00001962,-0.00001348,0.00000359,-0.00002208,-0
.00005428,0.00000118,0.00002037,0.00002383,-0.00002657,0.00000199,0.00000198,-0.
00000496,-0.00000340,-0.00000067,-0.00001019,0.00026249,-0.00010474,0.00002762,0
.00005352,0.00006067,0.00018713,-0.00266893,-0.00331040,0.00212740,-0.00058528,0
.00003378,0.00005581,-0.00001476,-0.00002924,-0.00001282,0.00002323,-0.00004189,
0.00000112,0.00001348,-0.00002218,-0.00001709,0.00002198,0.00001606,-0.00000847,
0.00000936,0.00003798,-0.00003116,0.00001157,0.00001539,0.00000466,-0.00004037,-
0.00191549,-0.00083719,-0.00011344,0.00010517,0.00002900,0.00002102,0.00002372,0
.00001131,-0.00002362,0.00003233,0.00000642,-0.00000729,0.00000222,0.00001860,-0
.00014393,0.00016273,-0.00002546,-0.00000398,0.00000420,0.00002023,-0.00006235,-
0.00007170,-0.00004016,-0.00003911,0.00003948,0.00000298,0.00003182,0.00000939,0
.00002639,0.00001506,-0.00004269,-0.00001305,-0.00000824,0.00005603,0.00001394,-
0.00009562,-0.00000793,-0.00010001,-0.00002307,-0.00005299,0.00000687,-0.0004361
7,-0.02567970,-0.01896469,0.01772513,-0.14614056,-0.10862899,0.00308941,-0.00357
296,-0.00546191,0.00012724,0.00045485,-0.00031737,0.00051060,0.00040819,-0.00041
296,-0.01796504,0.17295762,0.00002152,0.00003322,0.00000428,0.00086357,0.0003835
6,-0.00031574,0.00017349,-0.00026070,-0.00025324,0.00003602,0.00000566,0.0000104
0,-0.00000718,0.00000195,0.00000671,0.00001852,-0.00000594,0.00000922,0.00000091
,0.00001899,0.00000544,0.00005792,0.00027994,-0.00004653,-0.00057802,-0.00040813
,0.00015038,-0.00000844,-0.00001282,0.00002771,-0.00015266,-0.00008375,-0.000008
34,-0.00001647,-0.00001144,0.00003151,-0.00001775,-0.00001163,0.00000014,-0.0000
1292,-0.00001298,0.00000236,0.00000758,-0.00000325,-0.00000422,-0.00000437,-0.00
000500,-0.00000804,-0.00000356,-0.00000637,-0.00001265,0.00010503,0.00000092,0.0
0000152,0.00001266,0.00005704,0.00011235,0.00045405,0.00102019,0.00052878,-0.000
35566,-0.00009988,0.00009156,-0.00000488,0.00000332,-0.00001897,0.00001160,-0.00
002192,-0.00000378,0.00001611,-0.00000611,-0.00001126,-0.00000008,0.00000397,-0.
00000875,0.00000268,0.00001434,-0.00001412,0.00000033,0.00000163,-0.00000056,0.0
0000995,0.00020995,0.00024508,-0.00012045,0.00015154,-0.00000243,0.00001651,0.00
001694,-0.00000078,-0.00002204,0.00002196,0.00000572,-0.00000249,0.00000408,0.00
001202,-0.00009048,0.00013482,-0.00002082,0.00000740,0.00000348,0.00000374,-0.00
005285,-0.00006524,-0.00003926,-0.00004198,0.00002352,0.00000555,0.00002156,0.00
001306,0.00001897,0.00004774,-0.00003452,-0.00001019,-0.00001391,0.00004573,0.00
000661,-0.00010767,-0.00006122,-0.00008496,0.00000259,-0.00001142,0.00002072,-0.
00045494,0.00504336,0.00495248,0.01512186,-0.10876066,-0.16057030,0.00478702,-0.
00570612,-0.00607342,-0.00036998,0.00000545,0.00018914,0.00017063,0.00033858,0.0
0072808,-0.02216525,0.12692275,0.18482953,-0.00002971,-0.00001324,-0.00000062,0.
00149953,0.00050570,-0.00068394,0.00019540,0.00004325,-0.00004136,-0.00000859,-0
.00001260,0.00001629,-0.00000886,-0.00000270,-0.00000080,0.00000670,0.00000014,-
0.00001202,0.00000803,0.00000667,-0.00000029,-0.00008920,0.00020913,0.00003526,-
0.00054196,-0.00095836,0.00014462,0.00001926,0.00000117,0.00001638,-0.00002142,-
0.00007851,-0.00000366,0.00002426,0.00001803,0.00000552,0.00000134,-0.00000665,0
.00000288,-0.00002048,0.00000566,-0.00001187,-0.00000175,0.00000693,-0.00000326,
-0.00000251,-0.00000138,-0.00000204,-0.00000579,-0.00000338,-0.00000453,-0.00002
808,-0.00000412,-0.00000319,-0.00001079,-0.00000533,0.00000832,-0.00008644,0.000
31593,0.00018783,-0.00071811,-0.00007117,0.00000009,0.00000814,0.00001892,0.0000
0478,0.00000507,-0.00002000,0.00001617,-0.00000015,0.00001322,-0.00000418,-0.000
01169,0.00000039,-0.00000155,0.00001610,-0.00000012,0.00000213,0.00000008,0.0000
0084,0.00000193,0.00004107,0.00001982,-0.00001824,-0.00010097,0.00006927,-0.0000
4276,0.00000692,0.00000895,-0.00001201,-0.00000151,0.00001448,-0.00000235,-0.000
00329,-0.00000010,0.00000279,0.00000510,0.00000869,0.00000710,-0.00002651,0.0000
1419,0.00001151,-0.00006687,-0.00003855,-0.00002554,-0.00000955,0.00001915,-0.00
000559,0.00003935,0.00001913,-0.00001088,-0.00003273,-0.00003131,-0.00007073,0.0
0002117,0.00003422,-0.00001016,-0.00010470,-0.00000509,0.00010867,0.00005927,0.0
0002457,-0.00000315,0.00484534,-0.00474585,0.00963462,-0.08854231,0.03283783,-0.
08688294,-0.02131464,0.01096576,-0.02379442,0.00069914,-0.00034105,0.00050863,-0
.00006357,-0.00253611,0.00121768,0.00178736,-0.00068159,0.00052785,0.10842899,0.
00021018,0.00017938,-0.00005411,-0.00113334,-0.00245418,0.00057256,-0.00053870,-
0.00031595,0.00038848,-0.00001179,0.00001225,0.00000187,0.00000078,0.00000032,-0
.00000009,-0.00002819,0.00000030,-0.00001714,0.00000715,-0.00003307,0.00000025,0
.00019435,-0.00003698,0.00013790,0.00095710,0.00071415,-0.00106327,0.00004473,0.
00002111,-0.00002380,0.00002088,0.00015230,-0.00004952,0.00001807,-0.00000894,-0
.00002209,0.00001919,0.00003206,0.00000791,0.00001874,-0.00000735,0.00000950,0.0
0000301,0.00002133,0.00000658,0.00000959,0.00001165,0.00000153,0.00000710,0.0000
0853,0.00000627,-0.00002695,-0.00013558,0.00002721,0.00004880,-0.00003682,-0.000
17333,0.00041619,0.00111612,0.00042424,-0.00009006,0.00042137,-0.00029746,-0.000
01753,-0.00001456,0.00004171,-0.00001891,-0.00000545,0.00000147,-0.00001524,-0.0
0002202,0.00000618,0.00002696,0.00000707,-0.00000597,-0.00002353,-0.00001035,0.0
0000509,0.00000099,0.00000129,0.00000098,-0.00003680,0.00031471,-0.00031986,-0.0
0002381,0.00007329,0.00002164,-0.00000698,0.00000946,0.00000813,0.00002320,-0.00
000264,-0.00000676,0.00000782,0.00000564,-0.00000336,-0.00004551,-0.00004503,0.0
0001899,-0.00004842,-0.00001983,0.00002072,-0.00007048,-0.00002652,0.00004621,0.
00004163,0.00000053,-0.00001908,0.00000689,0.00000332,-0.00000109,-0.00007067,0.
00006438,-0.00005988,0.00005455,0.00000153,-0.00000238,-0.00004532,0.00012391,0.
00005270,0.00001963,-0.00000723,-0.00001470,0.00981845,-0.01302807,0.02479872,0.
03250114,-0.06638518,0.05800033,0.00390281,-0.00079694,0.00383626,0.00042257,0.0
0066633,-0.00006770,-0.00209579,-0.00503026,0.00283746,-0.00917061,0.00571196,-0
.01933261,-0.03652483,0.07818597,-0.00016376,-0.00017749,0.00000106,-0.00096120,
-0.00005699,0.00060705,0.00044437,0.00070613,-0.00007489,0.00000098,-0.00002215,
-0.00002377,0.00000803,-0.00000120,0.00000087,-0.00000227,0.00000460,0.00001008,
-0.00000201,0.00000215,-0.00000243,-0.00012678,-0.00005398,-0.00008124,0.0003207
1,-0.00054889,-0.00069264,-0.00002192,-0.00000312,-0.00001898,0.00007783,-0.0000
7399,0.00004800,-0.00000640,0.00000518,-0.00001714,-0.00000328,-0.00002661,-0.00
000960,0.00000014,0.00002793,-0.00000022,-0.00000601,-0.00002006,-0.00000819,-0.
00000301,-0.00000995,0.00000099,-0.00000257,-0.00000515,-0.00000345,-0.00004940,
0.00010964,-0.00003780,-0.00003007,0.00002486,0.00004803,-0.00019992,-0.00042540
,0.00052651,0.00048884,-0.00041897,-0.00007502,-0.00001098,0.00000699,-0.0000167
4,0.00000097,-0.00000519,0.00001924,0.00001744,0.00002555,0.00000341,-0.00000999
,0.00000794,0.00001276,0.00001985,0.00000709,0.00001120,-0.00000196,0.00000035,0
.00000181,0.00004469,-0.00015060,-0.00000443,0.00006854,-0.00006668,-0.00008797,
-0.00001313,-0.00002739,-0.00000750,-0.00000693,-0.00000968,0.00000131,-0.000000
29,-0.00000278,-0.00000134,0.00008403,-0.00007912,0.00001687,0.00004580,0.000002
76,-0.00000669,0.00014089,0.00009882,-0.00001664,0.00002781,-0.00001981,0.000006
00,-0.00002755,-0.00001968,-0.00002115,-0.00001994,0.00000161,0.00009744,-0.0000
4519,-0.00005363,-0.00000611,0.00022531,-0.00002845,-0.00001923,-0.00004627,-0.0
0000434,-0.00001325,-0.00321015,0.00762781,-0.01076083,-0.08777764,0.05867501,-0
.20446235,0.00027043,-0.00078574,0.00348577,-0.00003614,-0.00017411,-0.00012584,
0.00132267,0.00233407,-0.00021947,-0.01190758,0.00454972,-0.02574573,0.09938735,
-0.07001669,0.23554139,0.00005274,-0.00006338,0.00003103,-0.00001667,0.00049379,
-0.00040951,-0.00011313,0.00012903,-0.00012786,0.00001555,-0.00000495,0.00000538
,0.00000583,0.00000074,0.00000110,0.00000549,0.00000255,0.00000944,-0.00000383,0
.00000612,-0.00000792,-0.00020081,0.00002145,-0.00008584,-0.00007479,-0.00031006
,0.00026451,0.00000496,0.00002092,-0.00000235,0.00012188,0.00000899,0.00004154,-
0.00000691,0.00000417,0.00000673,-0.00001337,-0.00001173,-0.00000827,0.00000679,
0.00001724,0.00001119,-0.00000360,-0.00001686,0.00000332,0.00000009,-0.00000344,
-0.00000254,0.00000503,-0.00000115,-0.00000238,-0.00003887,0.00007081,-0.0000235
5,-0.00002039,0.00002013,0.00001032,-0.00019866,-0.00001984,0.00015917,0.0000885
4,-0.00018797,0.00017618,-0.00001532,0.00002831,-0.00001154,-0.00000434,-0.00000
782,-0.00001588,0.00001986,0.00000918,-0.00001206,-0.00000751,0.00000462,-0.0000
0416,0.00000143,-0.00001102,0.00000654,-0.00000527,-0.00000607,-0.00000006,0.000
13763,-0.00000408,0.00011059,0.00008864,-0.00032204,-0.00019340,0.00000046,0.000
00262,-0.00000009,-0.00000198,0.00000335,0.00000256,0.00000249,0.00000036,0.0000
0415,0.00001894,-0.00003850,-0.00000040,0.00001175,-0.00000439,-0.00001011,0.000
02496,0.00000668,-0.00000375,0.00001200,-0.00000757,0.00000903,-0.00000690,-0.00
000987,0.00000136,0.00001768,0.00001124,0.00002741,0.00001110,-0.00000969,-0.000
00220,0.00003700,0.00000225,-0.00002891,-0.00001403,-0.00000876,0.00000827,0.000
98032,0.00070279,-0.00104998,-0.02053308,0.01332427,-0.02402852,-0.09276352,0.04
600033,-0.08499967,0.00050864,0.00015400,0.00002407,-0.00018165,-0.00049050,0.00
078293,0.00068054,-0.00008019,-0.00031266,-0.00715195,0.00142155,0.00112331,0.11
095697,0.00002157,0.00002095,0.00000704,-0.00006988,-0.00008369,0.00001360,-0.00
003339,0.00004780,0.00001908,-0.00001489,0.00000414,-0.00000370,0.00000019,-0.00
000014,-0.00000195,0.00000012,0.00000124,-0.00000405,0.00000308,0.00000169,-0.00
000611,-0.00001526,-0.00015183,-0.00002690,0.00001192,0.00009882,-0.00008175,-0.
00001078,0.00000027,-0.00001332,0.00007548,0.00007930,-0.00000051,0.00000101,-0.
00001573,-0.00001903,0.00000344,0.00000037,0.00000102,0.00000116,-0.00001292,-0.
00000437,-0.00000581,0.00000263,0.00000384,0.00000171,0.00000516,0.00000611,0.00
000301,0.00000434,0.00000743,-0.00004258,-0.00004809,-0.00001493,0.00000063,-0.0
0001070,-0.00002111,-0.00012534,-0.00004012,0.00002529,0.00012762,0.00004093,0.0
0003499,0.00000533,-0.00001057,0.00002903,-0.00000874,0.00001021,0.00001538,-0.0
0000081,-0.00000054,0.00000709,0.00000831,-0.00000158,0.00000854,-0.00000684,0.0
0001227,0.00000304,0.00000100,-0.00000304,-0.00000125,0.00003448,0.00005435,0.00
002588,-0.00013312,-0.00008447,-0.00018252,0.00000176,-0.00000247,0.00000350,0.0
0000921,-0.00000830,-0.00000308,-0.00000083,-0.00000259,-0.00000492,0.00003373,-
0.00001563,0.00000385,-0.00000558,-0.00000009,-0.00000307,-0.00000862,0.00000522
,0.00001132,0.00000201,-0.00000680,0.00000023,0.00000316,0.00000541,0.00000109,-
0.00000762,-0.00000420,-0.00000692,0.00000477,-0.00000733,0.00000116,-0.00000606
,0.00000133,0.00001128,0.00000208,0.00000850,-0.00000232,-0.00089862,0.00069692,
-0.00065914,0.00412164,-0.00195147,0.00391043,0.04590086,-0.08749008,0.07743331,
-0.00012305,-0.00015099,0.00003892,-0.00006186,0.00028443,-0.00000637,0.00007995
,-0.00019712,0.00023030,0.00095591,0.00040904,-0.00043590,-0.05461951,0.09789052
,0.00004787,-0.00001839,0.00000910,0.00054096,0.00040407,-0.00055654,-0.00000939
,0.00006255,-0.00011751,0.00002415,-0.00000102,0.00000372,0.00000402,-0.00000024
,0.00000390,0.00000840,-0.00000103,0.00000704,-0.00000713,0.00000882,-0.00000562
,-0.00028097,0.00018728,-0.00003085,-0.00032888,-0.00046701,0.00005592,-0.000001
40,0.00000458,0.00000248,0.00008263,-0.00005037,0.00002934,-0.00001712,-0.000005
25,0.00000507,-0.00001511,-0.00001053,-0.00000554,0.00000196,0.00000229,0.000007
04,-0.00000019,-0.00000795,0.00000197,-0.00000300,-0.00000637,-0.00000457,0.0000
0224,-0.00000369,-0.00000665,-0.00002151,0.00005115,-0.00002333,-0.00001728,0.00
002399,0.00004583,-0.00023483,0.00012809,0.00011166,-0.00025168,-0.00013750,0.00
022642,-0.00001533,0.00001151,-0.00001316,-0.00000458,-0.00001320,-0.00000917,0.
00002216,0.00000085,-0.00000745,-0.00000196,0.00000719,-0.00000322,-0.00000322,0
.00000219,-0.00000051,-0.00000613,-0.00000258,0.00000287,0.00022532,-0.00011441,
0.00003696,-0.00009055,-0.00040420,-0.00022020,0.00000051,-0.00000021,-0.0000018
3,-0.00000531,0.00000455,0.00000440,0.00000176,0.00000202,0.00000729,-0.00000171
,-0.00001962,0.00000448,0.00001299,0.00000468,-0.00000593,0.00002102,-0.00000556
,-0.00001411,-0.00000097,-0.00000003,0.00000508,-0.00000205,-0.00000330,-0.00000
129,0.00001424,0.00000042,0.00000392,0.00000406,0.00000211,0.00000045,-0.0000027
6,-0.00000409,-0.00001575,-0.00000592,-0.00000302,0.00000973,0.00039574,-0.00032
754,0.00059137,-0.00047163,-0.00134212,0.00377474,-0.08484772,0.07798195,-0.1882
5139,0.00014930,0.00002199,-0.00000687,-0.00008964,-0.00021556,0.00031172,0.0002
5966,-0.00000035,0.00047676,0.00085505,0.00008183,0.00109188,0.09941087,-0.09196
725,0.21528209,-0.00017368,-0.00012177,-0.00000081,-0.00025041,-0.00030756,0.000
55860,0.00014655,-0.00010482,0.00013213,0.00002556,-0.00000591,-0.00000765,-0.00
000334,0.00000128,0.00000228,0.00000344,-0.00000383,0.00000943,-0.00000032,0.000
00697,0.00001341,-0.00005522,0.00041010,0.00003458,0.00022999,0.00030959,-0.0002
1425,0.00004550,0.00001133,0.00003279,-0.00013248,-0.00017946,-0.00000875,0.0000
0441,0.00005282,0.00001826,0.00001257,0.00000195,0.00000107,0.00000034,0.0000231
2,0.00000073,0.00000402,0.00000763,-0.00000848,-0.00000368,-0.00000708,-0.000007
12,-0.00000576,-0.00000564,-0.00000963,0.00011416,0.00010950,0.00004226,-0.00000
057,-0.00001289,0.00002912,-0.00004091,0.00033969,-0.00003205,0.00008478,0.00005
335,-0.00015611,0.00000025,0.00000529,-0.00007084,0.00003925,-0.00001257,-0.0000
3691,-0.00000916,0.00000259,-0.00001311,-0.00001366,-0.00000624,-0.00001709,0.00
002778,-0.00001267,-0.00001000,0.00000132,0.00000397,0.00000236,0.00008083,-0.00
015416,-0.00017474,-0.00004670,-0.00002197,0.00000449,0.00000233,0.00000312,-0.0
0000629,-0.00000942,0.00001507,0.00000877,-0.00000161,0.00000206,0.00000543,-0.0
0006427,0.00004944,-0.00001732,-0.00000664,-0.00001552,0.00002106,-0.00003048,-0
.00000448,-0.00002119,-0.00001674,0.00002070,0.00000421,0.00000360,-0.00000489,-
0.00000071,0.00000599,-0.00001909,0.00001657,-0.00003397,0.00001178,-0.00000891,
0.00000923,-0.00007524,0.00003598,0.00004538,0.00000287,-0.00003237,-0.00629462,
0.00074769,0.00103916,-0.01738341,-0.02716931,0.00715308,-0.08072102,-0.08635394
,0.01633028,-0.00090439,-0.00116790,0.00065937,-0.00003897,0.00025672,-0.0001424
1,0.00096624,-0.00049892,-0.00001659,0.00028172,-0.00027748,-0.00008908,0.005843
07,0.01264419,-0.00300685,0.09645794,-0.00014110,0.00000412,0.00000582,0.0003292
8,-0.00026551,0.00056860,0.00034222,-0.00018162,-0.00000323,0.00002411,0.0000141
8,-0.00001951,-0.00001155,0.00000547,0.00000701,0.00000404,-0.00000143,0.0000092
0,0.00000548,0.00000942,0.00002120,0.00010874,0.00052061,0.00003289,-0.00011863,
0.00017717,-0.00036080,0.00000028,-0.00001954,0.00002965,-0.00029045,-0.00024201
,-0.00001995,-0.00001903,-0.00000053,0.00001446,0.00000165,-0.00000313,0.0000007
0,-0.00001049,-0.00002406,-0.00000693,0.00000860,0.00001570,-0.00001208,-0.00000
354,-0.00000400,-0.00000617,-0.00000555,-0.00000298,-0.00000979,0.00017339,0.000
05250,0.00003585,0.00002591,0.00001585,0.00010253,0.00008488,-0.00005102,-0.0000
4922,-0.00024294,0.00005723,-0.00017049,-0.00000554,-0.00002804,-0.00004971,0.00
003786,-0.00002406,-0.00001708,-0.00000377,-0.00001487,-0.00000564,0.00000936,0.
00000628,-0.00001277,0.00001601,0.00002359,-0.00002320,0.00000562,0.00000760,0.0
0000415,-0.00014584,-0.00009515,-0.00010858,-0.00021103,0.00027706,0.00003030,0.
00000228,-0.00000099,-0.00000418,-0.00001668,0.00001838,0.00001048,-0.00000703,0
.00000225,0.00001091,-0.00010594,0.00008490,-0.00003556,-0.00000328,-0.00001005,
0.00002404,-0.00000199,-0.00002466,-0.00002182,-0.00002535,0.00003129,0.00000051
,0.00000413,-0.00000530,-0.00000156,0.00000826,-0.00001870,0.00000552,-0.0000298
4,0.00002680,0.00000174,-0.00000799,-0.00003436,0.00001232,0.00002056,-0.0000052
3,-0.00001131,-0.00022798,0.00093303,-0.00013327,-0.00094280,0.00114396,0.000152
21,-0.08656411,-0.23636813,0.03912311,-0.00000352,0.00003307,-0.00005272,0.00008
250,0.00012736,-0.00030943,0.00041280,0.00088981,0.00019555,-0.00004381,0.000136
21,-0.00026629,-0.00518196,-0.01693463,0.00533143,0.10086635,0.27207659,0.000001
94,-0.00000974,-0.00000232,0.00014535,-0.00001305,0.00003977,-0.00002975,-0.0000
0229,0.00002703,-0.00001220,-0.00000612,0.00000489,0.00000587,-0.00000343,-0.000
00164,-0.00000012,-0.00000683,0.00000110,-0.00000216,0.00000015,-0.00000158,0.00
003703,-0.00007545,-0.00004577,-0.00012313,-0.00001449,-0.00008548,0.00000401,0.
00000780,-0.00000365,0.00002139,0.00002639,0.00001294,0.00001128,0.00001215,0.00
000239,0.00000506,-0.00000217,0.00000113,-0.00000236,0.00001296,-0.00000062,0.00
000006,-0.00000922,-0.00000061,-0.00000148,-0.00000231,-0.00000187,-0.00000035,-
0.00000228,-0.00000148,-0.00003023,-0.00001797,-0.00000582,0.00000506,0.00000445
,-0.00002873,-0.00005277,-0.00023378,0.00003632,0.00003935,0.00002780,0.00000106
,0.00000798,0.00001277,0.00000808,-0.00000024,0.00000654,0.00000535,-0.00000451,
0.00000905,0.00000197,-0.00000431,-0.00000839,0.00000181,-0.00000126,-0.00000632
,0.00000406,-0.00000073,0.00000181,-0.00000375,-0.00008361,0.00007330,0.00008077
,-0.00006569,0.00007820,-0.00015680,0.00000108,-0.00000008,-0.00000048,0.0000035
2,-0.00000383,-0.00000232,0.00000368,0.00000229,-0.00000403,0.00001257,-0.000007
22,0.00000241,-0.00000211,0.00000500,-0.00000316,0.00000844,0.00000675,0.0000097
7,0.00000364,-0.00000651,0.00000085,0.00000205,0.00000351,0.00000124,-0.00000348
,-0.00000170,0.00000109,0.00000865,-0.00000428,0.00000297,0.00000108,0.00001441,
-0.00000579,-0.00001223,0.00000105,0.00000506,0.00189752,-0.00003714,0.00017303,
0.00430238,0.00579415,-0.00134771,0.01601950,0.03812972,-0.05253195,0.00033748,0
.00029443,-0.00005514,-0.00008241,-0.00017312,0.00016391,0.00018572,0.00054314,0
.00004565,-0.00033634,-0.00020958,0.00011426,0.00893559,0.02629444,-0.00686234,-
0.02114962,-0.04521835,0.05691221,0.00014615,0.00002358,-0.00003533,-0.00332802,
-0.00086359,0.00099641,-0.00043820,0.00006133,0.00025608,-0.00001538,-0.00000173
,0.00000828,0.00000932,-0.00000262,-0.00000387,-0.00002274,0.00000492,-0.0000116
2,0.00000036,-0.00003204,-0.00001522,0.00003913,-0.00038886,0.00003479,0.0016900
9,0.00093141,-0.00028462,0.00003390,0.00003173,-0.00002512,0.00022396,0.00022862
,-0.00000010,0.00001771,0.00001071,-0.00001703,0.00001219,0.00001411,0.00000655,
0.00001709,0.00002423,0.00001219,-0.00000545,-0.00000674,0.00001325,0.00000531,0
.00000587,0.00000406,0.00000761,0.00000524,0.00000770,-0.00011725,-0.00001760,-0
.00000867,0.00000973,-0.00001681,-0.00015213,-0.00027963,-0.00030882,-0.00010196
,0.00120009,-0.00003254,-0.00018155,-0.00001619,0.00001491,0.00002183,-0.0000231
8,0.00000613,-0.00000314,-0.00000302,0.00000193,0.00000146,0.00000553,0.00000412
,-0.00000187,-0.00001500,-0.00002580,0.00001590,-0.00000414,-0.00000745,-0.00000
449,0.00005748,0.00016756,-0.00008525,0.00013470,-0.00087907,0.00022438,-0.00000
857,0.00000170,0.00000118,0.00001966,-0.00001061,-0.00000456,0.00000972,0.000002
91,-0.00000777,0.00003102,-0.00008516,0.00002275,-0.00001087,-0.00001068,-0.0000
0710,-0.00000705,0.00001828,0.00002230,0.00003504,-0.00001713,-0.00000523,-0.000
00690,-0.00000112,-0.00000879,-0.00003008,0.00003727,0.00000650,0.00003678,-0.00
002289,-0.00000252,0.00002538,0.00002303,0.00003909,0.00001128,0.00001826,-0.000
00903,0.00062386,0.00033184,0.00002475,-0.00799400,0.01850316,0.02527062,-0.0445
5611,0.01385018,0.01893510,0.00013246,0.00003758,-0.00012737,-0.00010016,0.00002
662,-0.00007118,-0.00666392,0.00151489,0.00241106,0.00090317,0.00026028,0.000575
37,0.00154183,-0.00784139,-0.01256911,0.00167232,-0.00822210,-0.00996356,0.05508
282,0.00002820,0.00000780,0.00000499,-0.00024504,0.00040332,-0.00029362,-0.00000
179,0.00012503,-0.00008194,-0.00000454,0.00000648,-0.00000286,-0.00000021,0.0000
0101,-0.00000082,0.00000312,0.00000858,-0.00000301,-0.00000577,0.00000246,-0.000
00815,-0.00014183,-0.00013841,0.00004722,-0.00020136,-0.00084217,0.00007314,-0.0
0002202,-0.00000589,-0.00001476,0.00013367,0.00008221,-0.00000843,-0.00001074,-0
.00003399,-0.00002273,-0.00000624,-0.00000914,-0.00000021,-0.00000177,-0.0000197
3,-0.00000408,-0.00000334,0.00000394,0.00000637,0.00000055,0.00000308,0.00000744
,0.00000164,0.00000446,0.00000651,-0.00006248,-0.00002166,-0.00003215,-0.0000196
3,0.00000441,0.00003992,-0.00083088,-0.00039050,0.00013455,0.00019244,-0.0000774
7,0.00009587,-0.00001385,-0.00001399,0.00002915,-0.00001147,0.00000291,0.0000192
7,0.00001386,0.00000073,0.00000359,0.00001139,0.00000460,0.00001131,-0.00000226,
0.00001971,0.00000251,-0.00000111,-0.00000744,0.00000218,0.00014482,0.00005231,0
.00005043,-0.00074793,-0.00112079,0.00052978,0.00000319,-0.00000054,0.00000407,0
.00000290,-0.00000733,-0.00000305,-0.00000212,-0.00000456,-0.00000124,0.00004524
,-0.00001240,0.00001753,0.00000963,0.00000451,-0.00001630,0.00000718,0.00000211,
0.00000115,0.00000294,-0.00001180,0.00000121,-0.00000327,0.00000331,0.00000454,0
.00000743,0.00000521,-0.00000262,0.00000239,-0.00000872,-0.00000079,-0.00000137,
-0.00000452,-0.00001990,-0.00001071,-0.00000301,0.00000374,-0.00019258,0.0004809
3,0.00020665,0.00363429,-0.00297974,-0.00463229,0.01462800,-0.12554852,-0.113421
92,-0.00007274,-0.00016109,-0.00004694,0.00003774,-0.00010916,0.00005774,0.00141
965,0.00067080,-0.00025057,0.00003733,-0.00004792,-0.00016761,-0.00103302,0.0075
2695,0.01084346,0.00066602,-0.02227156,-0.02530279,-0.01745581,0.14439968,-0.000
13815,-0.00004444,-0.00001883,-0.00060569,-0.00022864,0.00133285,0.00021210,-0.0
0012094,0.00007826,-0.00000940,-0.00000154,-0.00000362,-0.00000380,-0.00000069,-
0.00000113,-0.00000327,-0.00000169,0.00000024,0.00000124,-0.00000170,0.00001728,
0.00021318,0.00008256,0.00001074,0.00022996,0.00025354,-0.00060922,-0.00000095,-
0.00001283,0.00000971,-0.00018370,-0.00010881,-0.00000982,0.00000751,0.00001214,
0.00001211,0.00000966,-0.00000149,0.00000735,-0.00001174,0.00000840,-0.00000460,
0.00000884,0.00000326,-0.00001043,-0.00000341,-0.00000464,0.00000086,-0.00000988
,-0.00000315,-0.00000418,0.00008412,0.00000344,0.00001943,0.00001928,0.00001590,
0.00003161,0.00033325,-0.00019794,-0.00018334,0.00049810,0.00008360,-0.00041173,
0.00000888,-0.00001049,-0.00002142,0.00001852,-0.00000169,0.00000600,-0.00001282
,0.00000270,0.00000088,-0.00000445,-0.00000418,-0.00000340,0.00001669,0.00000304
,-0.00000716,0.00000627,0.00000656,-0.00000245,-0.00030952,0.00002944,-0.0000230
7,-0.00003278,0.00086750,0.00020182,0.00000253,0.00000103,-0.00000325,-0.0000096
9,0.00000301,-0.00000095,-0.00000255,-0.00000030,-0.00000195,-0.00004452,0.00007
732,-0.00000670,0.00000196,0.00000190,0.00000500,-0.00000339,-0.00000307,-0.0000
1139,-0.00000826,0.00000539,-0.00000461,-0.00000245,0.00000127,0.00000358,0.0000
0056,-0.00000038,0.00000650,-0.00001846,0.00000557,-0.00000012,0.00000517,-0.000
01584,-0.00001199,-0.00000582,-0.00000906,-0.00000642,-0.00001751,-0.00004950,-0
.00014712,0.00478260,-0.00540453,-0.00683668,0.02043417,-0.11413019,-0.20780743,
-0.00021699,-0.00007670,0.00005927,-0.00005425,-0.00015415,-0.00015205,0.0015981
0,0.00002641,0.00069817,-0.00071424,0.00043242,0.00090648,0.00014407,-0.01470498
,-0.02596534,-0.00089017,0.00119084,0.00346847,-0.02516928,0.13219162,0.23539828
,-0.00384110,-0.00078344,-0.00004461,-0.00207120,0.00007136,0.00562749,-0.001455
50,-0.00025321,0.00032232,0.00049296,0.00011581,-0.00018000,-0.00004851,0.000119
07,0.00021591,0.00000074,0.00001082,0.00016379,-0.00059067,0.00025994,0.00038793
,-0.21854777,0.01616229,0.01101505,0.00367013,0.00043943,-0.00467699,0.00028837,
-0.00031787,-0.00014201,-0.08239348,-0.00760613,0.00619253,-0.00132895,0.0006654
7,0.00181808,0.00027956,0.00023957,0.00009718,-0.00003622,0.00021189,0.00028738,
-0.00029341,0.00038465,-0.00083207,0.00002805,-0.00000380,-0.00019543,-0.0000220
2,-0.00000982,-0.00027602,0.00813146,-0.00304494,0.00243724,0.00097015,0.0000135
8,0.00145877,-0.00235926,0.00066064,-0.00538124,0.00120070,-0.00019934,-0.000895
86,-0.00118905,-0.00076863,-0.00225191,0.00091231,-0.00020852,-0.00025796,-0.000
10731,-0.00048380,-0.00029912,-0.00002080,0.00047333,-0.00020034,0.00045020,-0.0
0006502,-0.00120307,0.00000758,0.00065283,0.00035976,-0.02883211,0.03736956,0.01
362547,0.00253828,0.00003313,0.00010111,0.00004423,-0.00000796,0.00000062,-0.000
23217,0.00015672,0.00007862,0.00000289,0.00009448,0.00017429,-0.00141215,0.00090
986,-0.00028351,0.00011543,-0.00014995,0.00046067,0.00014077,-0.00062950,-0.0005
3070,-0.00021958,0.00031991,-0.00005058,0.00001776,-0.00006740,0.00005337,-0.000
03392,-0.00009600,0.00009945,-0.00025728,0.00023287,0.00002560,-0.00013919,-0.00
022264,0.00004633,0.00009441,-0.00011416,-0.00022278,0.00076373,0.00032627,0.000
13786,-0.00021077,-0.00025260,0.00013539,-0.00005875,0.00021020,-0.00009403,0.00
060903,-0.00061575,-0.00033289,-0.00003254,0.00001207,0.00051853,0.00007251,0.00
017122,0.00005049,0.00011222,-0.00016639,0.00007583,0.00016954,-0.00004940,0.000
24737,0.00015059,0.00007582,-0.00004589,-0.00013504,0.00003703,-0.00013612,0.403
08352,0.00151788,0.00175697,-0.00035698,-0.00007053,0.00105058,-0.00384254,-0.00
301704,0.00072749,-0.00119269,-0.00048279,-0.00025182,0.00011889,-0.00003071,-0.
00001393,-0.00007576,-0.00004543,0.00000028,-0.00014383,0.00004232,-0.00034316,-
0.00009492,0.03370977,-0.08446740,-0.00575922,-0.00115179,-0.00058906,0.00214443
,-0.00027136,0.00011957,-0.00026216,-0.02602688,0.00933763,0.00134934,0.00037554
,-0.00018679,-0.00021178,0.00023914,-0.00006002,0.00017830,-0.00010073,-0.000125
12,-0.00009379,0.00011539,-0.00018174,-0.00005908,0.00012819,0.00012791,0.000129
00,-0.00000125,0.00005393,0.00012259,-0.00218681,-0.00328796,-0.00058591,-0.0007
5368,-0.00059263,-0.00106274,0.00167054,-0.00183101,0.00171657,0.00074879,0.0001
8955,0.00064444,0.00014525,-0.00001587,0.00094537,-0.00036477,0.00017861,0.00052
527,-0.00000588,0.00024221,0.00015252,0.00032024,-0.00017476,0.00022201,-0.00042
591,0.00018583,0.00022292,0.00019804,0.00001649,-0.00018483,0.05467149,-0.041736
28,-0.00832184,0.00019427,-0.00303492,-0.00025703,0.00002181,-0.00006060,-0.0000
1087,0.00021155,-0.00002887,-0.00010144,0.00006174,-0.00006263,-0.00012573,0.002
53809,-0.00129596,0.00073908,0.00001717,0.00005485,-0.00038057,-0.00007889,0.000
55190,0.00045696,0.00017534,-0.00026068,0.00008269,0.00000818,0.00002886,-0.0000
0271,-0.00001892,0.00010130,-0.00010840,0.00017685,-0.00014776,-0.00002563,0.000
00594,0.00019778,-0.00001911,-0.00010264,0.00005464,0.00013434,-0.00002186,0.000
06179,0.00021089,0.00002919,0.00043302,0.00005182,0.00000219,-0.00006628,0.00006
583,-0.00014232,0.00010234,0.00003380,0.00003517,0.00000861,-0.00007589,-0.00000
932,-0.00013930,-0.00009926,-0.00003020,0.00007583,-0.00002963,-0.00000667,0.000
06479,-0.00004247,-0.00012436,-0.00015575,0.00002844,0.00014652,0.00008402,-0.00
005069,-0.07213296,0.37949357,0.00168147,0.00023546,0.00057176,0.00076214,-0.000
70089,-0.00184923,-0.00058332,0.00036726,0.00239231,-0.00001044,-0.00007016,0.00
002435,-0.00003777,-0.00001370,-0.00005045,0.00002288,0.00000621,-0.00002984,0.0
0040301,-0.00010812,0.00003646,0.01724889,-0.00319664,-0.04737543,-0.00087082,0.
00034125,0.00117978,-0.00014382,0.00014070,0.00005402,0.00559612,-0.00154464,0.0
1481777,-0.00022793,-0.00030989,0.00005496,-0.00004009,-0.00012325,0.00013867,-0
.00007557,-0.00003167,-0.00026389,-0.00022723,-0.00000449,0.00008584,-0.00000501
,0.00000834,0.00003033,-0.00001190,0.00000427,0.00005319,-0.00200520,-0.00006322
,-0.00033706,-0.00039505,0.00021907,-0.00060517,0.00000565,-0.00093573,-0.000539
27,-0.00000918,0.00009747,0.00063043,0.00074382,0.00017957,0.00093498,-0.0002764
8,0.00005543,0.00027220,0.00010273,0.00016072,0.00003733,0.00007172,-0.00011941,
0.00008701,-0.00014085,0.00006121,0.00034482,0.00012376,-0.00003433,-0.00011143,
0.00920577,-0.00728338,0.00928049,-0.00047336,0.00003789,-0.00035912,0.00000431,
-0.00000442,-0.00000387,0.00003557,0.00000685,-0.00000742,-0.00002474,-0.0000391
9,-0.00001733,0.00041334,-0.00010527,-0.00035001,-0.00007269,0.00005955,-0.00007
861,0.00002627,0.00004605,0.00005411,0.00000401,-0.00001872,0.00000624,0.0000010
9,-0.00000069,-0.00001031,0.00003198,-0.00001159,-0.00002021,0.00002293,-0.00004
287,-0.00001075,-0.00000770,0.00002213,-0.00000058,-0.00002824,0.00004844,0.0000
1034,-0.00051992,0.00006248,-0.00023887,0.00003729,0.00003456,-0.00001013,-0.000
02410,-0.00003373,-0.00009260,-0.00009032,0.00015274,0.00013407,0.00008272,0.000
16084,0.00020835,-0.00001119,0.00003851,0.00003281,0.00001020,-0.00005558,0.0000
2617,0.00005107,0.00003639,0.00002807,-0.00001816,-0.00001455,0.00002439,-0.0000
3564,-0.00004333,-0.00001158,-0.03437517,0.04134759,0.07522415,-0.00018989,-0.00
004828,-0.00004537,-0.00008061,-0.00007657,0.00011185,0.00006399,-0.00005894,0.0
0010307,-0.00002293,0.00000103,0.00000823,-0.00001624,-0.00000081,-0.00001053,-0
.00000687,-0.00000420,-0.00000336,-0.00002155,-0.00004044,0.00004110,0.00057805,
0.00201258,0.00027108,0.00004994,0.00005822,-0.00007235,0.00003756,0.00002894,0.
00004057,-0.00012224,-0.00043043,-0.00004686,0.00005867,0.00005707,0.00004328,0.
00001268,0.00000411,0.00000755,-0.00002615,0.00003314,0.00001186,0.00000698,-0.0
0001661,-0.00002050,0.00000393,-0.00000453,-0.00000834,-0.00002398,-0.00000682,-
0.00000322,0.00010497,-0.00000747,0.00005419,0.00003011,-0.00000236,-0.00004293,
0.00002163,-0.00007027,-0.00001223,0.00005284,0.00004269,-0.00004963,0.00005376,
0.00005324,-0.00003024,0.00002421,-0.00001721,-0.00001482,-0.00004258,0.00001172
,-0.00001498,-0.00001787,-0.00000679,-0.00002694,0.00002831,-0.00005234,0.000036
11,0.00002624,0.00003560,-0.00002671,-0.00093467,0.00063322,0.00007654,-0.000029
76,-0.00000139,0.00000646,-0.00000596,0.00001496,-0.00000543,-0.00001340,0.00001
752,0.00000024,-0.00000214,-0.00000002,-0.00000183,-0.00006657,0.00002702,-0.000
02080,-0.00000543,0.00000272,0.00000490,-0.00000722,0.00000213,0.00000016,-0.000
01176,0.00001512,-0.00000237,-0.00000065,-0.00000393,-0.00000188,0.00000417,-0.0
0000131,-0.00000198,-0.00001883,0.00001735,-0.00000101,0.00001004,0.00000661,-0.
00000245,0.00000109,-0.00000450,0.00000328,0.00000539,-0.00001232,-0.00001015,-0
.00001250,-0.00000613,0.00001528,-0.00000570,0.00000706,-0.00000321,0.00000062,0
.00000505,0.00000013,-0.00000426,-0.00000059,-0.00000330,0.00001057,0.00002012,-
0.00000031,0.00000684,0.00000029,-0.00000094,-0.00000400,-0.00000603,0.00000622,
0.00001050,0.00001651,-0.00000004,-0.00001454,-0.00000844,0.00000221,-0.01898882
,0.01341420,0.00365729,0.44805666,0.00031377,0.00022402,-0.00003741,0.00009715,0
.00007765,-0.00030460,-0.00014679,0.00017727,-0.00015864,-0.00002837,-0.00000317
,0.00000228,-0.00000625,0.00000694,-0.00001107,-0.00000498,0.00000715,-0.0000145
1,0.00000031,-0.00008486,-0.00004475,-0.00074434,-0.00477711,-0.00063109,-0.0001
1990,-0.00002192,0.00018983,-0.00004993,0.00001872,-0.00003183,0.00092546,0.0006
8690,0.00001986,0.00004786,-0.00008372,-0.00005845,-0.00000840,-0.00000751,0.000
00228,0.00000705,-0.00005365,-0.00000084,0.00000808,-0.00006964,0.00000623,0.000
03489,0.00002205,0.00001547,0.00000376,0.00001206,0.00001943,-0.00041130,-0.0001
4433,-0.00014662,-0.00011746,-0.00005008,-0.00009884,-0.00002007,0.00006682,0.00
011521,-0.00004865,-0.00001899,0.00010490,0.00000621,0.00001693,0.00019355,-0.00
008036,0.00000908,0.00006244,0.00002319,0.00001459,0.00002354,0.00006408,0.00001
418,0.00001506,-0.00006753,0.00002050,0.00008344,0.00007367,0.00000222,-0.000018
51,0.00206305,-0.00129293,-0.00021950,0.00006987,0.00002875,-0.00003281,0.000003
74,-0.00000087,0.00000820,0.00002132,-0.00000337,-0.00000876,0.00001338,-0.00000
473,-0.00000802,0.00023606,-0.00012926,0.00005455,0.00000555,-0.00000143,-0.0000
3048,0.00000189,0.00002479,0.00003289,0.00001727,-0.00002203,0.00000720,0.000003
34,0.00000527,0.00000200,-0.00000355,0.00000883,-0.00000842,0.00002144,-0.000016
14,-0.00000008,0.00000151,0.00001620,-0.00000069,-0.00001097,0.00000978,0.000007
30,-0.00000997,-0.00001257,0.00001990,-0.00001029,0.00001009,-0.00000510,-0.0000
0918,0.00000799,0.00000565,-0.00002583,0.00000614,0.00000125,0.00001013,0.000010
09,0.00001114,0.00000102,-0.00001901,-0.00000176,0.00000061,0.00000057,-0.000004
21,0.00000551,0.00000759,0.00000220,-0.00000373,-0.00002216,-0.00000045,0.000015
42,0.00000959,-0.00000904,0.03904605,-0.01415095,-0.00577934,-0.00270697,0.53863
713,0.00005010,0.00003247,-0.00000112,-0.00013085,0.00001134,0.00002278,-0.00005
684,0.00001061,0.00001557,-0.00000634,-0.00000124,0.00000283,-0.00000504,0.00000
136,0.00000052,-0.00000246,-0.00000491,-0.00000052,0.00001007,-0.00010997,0.0000
0890,-0.00016463,-0.00080297,0.00019803,0.00009217,-0.00003740,-0.00004110,0.000
00388,0.00001508,0.00001492,0.00018452,0.00003740,0.00037236,-0.00000422,0.00000
110,-0.00001031,0.00001519,-0.00001875,0.00001193,-0.00001218,0.00000621,0.00000
316,-0.00003234,0.00003126,0.00000253,-0.00001199,-0.00000536,-0.00000930,0.0000
0261,-0.00000164,0.00000412,-0.00009672,-0.00001751,-0.00006448,0.00000578,0.000
00225,-0.00003556,-0.00001324,0.00000926,-0.00003512,0.00006175,0.00002648,-0.00
000472,-0.00000998,0.00003008,0.00003837,-0.00002109,-0.00001876,0.00002369,-0.0
0000513,0.00000795,0.00000898,0.00002695,-0.00000019,-0.00001691,-0.00005418,0.0
0003734,0.00005246,0.00005275,0.00002376,-0.00011098,0.00034135,-0.00025215,-0.0
0009114,0.00001968,0.00002450,0.00009141,0.00000087,-0.00000170,0.00000332,0.000
00401,-0.00000022,0.00000068,-0.00000145,0.00000195,-0.00000706,0.00003984,-0.00
002438,0.00001341,-0.00000051,0.00000042,-0.00000473,0.00000035,0.00000418,0.000
00819,0.00000408,-0.00000407,0.00000354,0.00000257,-0.00000040,0.00000075,-0.000
00400,0.00000100,-0.00000066,0.00000315,-0.00000141,0.00000205,-0.00000104,0.000
00377,0.00000110,-0.00000032,0.00000443,0.00000080,0.00000691,-0.00000579,0.0000
1494,0.00000182,0.00000531,0.00000040,0.00000740,0.00000081,0.00001961,-0.000005
34,0.00000060,-0.00000278,0.00000619,-0.00000845,-0.00002259,0.00000362,-0.00001
218,-0.00000726,-0.00000798,0.00000635,-0.00000688,-0.00000537,-0.00000564,-0.00
001198,-0.00000056,-0.00000144,-0.00000074,0.00000156,0.00001210,-0.00000368,0.0
0704031,-0.00337724,0.00174199,0.00750152,0.00132706,0.52786694,0.00076926,-0.00
033218,0.00006969,0.00020810,0.00033964,-0.00095170,0.00006179,0.00006674,0.0003
8050,-0.00002387,0.00001085,0.00001013,0.00005599,-0.00002926,-0.00001983,-0.000
01055,0.00001040,-0.00000476,-0.00016407,0.00011599,-0.00032776,-0.01114502,0.03
591058,0.00471953,-0.00056474,-0.00025968,0.00073930,0.00008186,0.00006416,0.000
01307,0.00394120,-0.00112487,-0.00055406,0.00000892,0.00005202,-0.00028206,0.000
02388,-0.00005866,-0.00005026,0.00005084,0.00001381,-0.00006066,-0.00018182,-0.0
0008762,0.00028252,-0.00003127,-0.00001162,0.00000055,0.00003666,-0.00001044,0.0
0003116,-0.00155901,0.00118291,-0.00025142,-0.00001593,0.00005465,-0.00009262,0.
00037514,-0.00115545,0.00065102,-0.00002767,-0.00017874,0.00012729,-0.00002960,0
.00012804,0.00019323,0.00000717,0.00005204,-0.00001812,0.00005596,0.00005074,0.0
0003226,0.00000780,-0.00003307,0.00006330,-0.00003465,0.00000029,0.00015095,-0.0
0019403,-0.00022267,-0.00005888,-0.00592609,0.00139902,0.00003382,0.00019094,-0.
00006716,-0.00000752,-0.00001240,-0.00000412,-0.00000072,0.00003428,-0.00005062,
-0.00000339,0.00001814,0.00001149,-0.00001140,-0.00003664,-0.00010505,-0.0000529
9,-0.00002875,0.00002877,-0.00004649,0.00001416,0.00003680,0.00003921,0.00004071
,-0.00004155,-0.00000844,-0.00001353,0.00001381,-0.00001317,-0.00000984,0.000016
41,0.00000295,0.00005558,-0.00004412,-0.00000601,-0.00000183,0.00000498,-0.00000
378,0.00000229,0.00001936,0.00001479,-0.00005351,-0.00008311,0.00004302,0.000053
78,0.00000417,-0.00005796,0.00000730,-0.00004423,0.00002787,-0.00001818,0.000014
16,-0.00001120,0.00002970,-0.00000478,-0.00006803,-0.00003093,-0.00007777,-0.000
01512,-0.00002561,0.00002340,-0.00000351,-0.00001523,0.00000855,-0.00006458,-0.0
0003341,-0.00003547,0.00000597,0.00007150,0.00000080,0.00002175,-0.06339502,-0.0
0999078,0.00031196,-0.18306501,-0.00414019,0.01062275,0.48902464,-0.00191888,-0.
00126473,0.00020427,0.00128145,-0.00099640,0.00283736,0.00200278,-0.00119473,0.0
0009578,0.00030064,0.00006302,-0.00007600,-0.00001781,0.00001143,0.00010492,0.00
003467,-0.00000355,0.00007060,0.00014315,0.00032542,0.00036579,0.03500133,-0.014
45643,-0.00406876,0.00043648,0.00071861,-0.00169404,0.00011571,-0.00009823,0.000
14034,-0.00686928,-0.00202902,0.00028260,-0.00029981,0.00033882,0.00054101,-0.00
008562,0.00003060,-0.00009055,-0.00006036,0.00012347,0.00007475,0.00015730,0.000
23142,-0.00014508,-0.00012640,-0.00011046,-0.00009240,-0.00001781,-0.00004227,-0
.00015866,0.00365207,-0.00004819,0.00094261,0.00044048,0.00026124,0.00092976,-0.
00056714,0.00115483,-0.00138033,-0.00109915,0.00006403,-0.00054798,-0.00011133,-
0.00014608,-0.00121376,0.00043707,-0.00018074,-0.00032118,-0.00011166,-0.0001953
6,-0.00012153,-0.00029362,0.00014178,-0.00012550,0.00035007,-0.00005615,-0.00044
726,-0.00022339,0.00012944,0.00016675,-0.00184293,0.00313709,0.00041197,-0.00024
462,-0.00090931,0.00008505,-0.00001980,0.00000164,-0.00003738,-0.00015692,0.0000
6168,0.00006297,-0.00008749,0.00004958,0.00010725,-0.00110037,0.00084034,-0.0002
2166,0.00004080,-0.00005634,0.00025847,0.00003762,-0.00032690,-0.00030293,-0.000
12774,0.00017420,-0.00003242,-0.00000809,-0.00003940,-0.00000946,0.00004108,-0.0
0006327,0.00004572,-0.00014808,0.00012925,0.00002790,-0.00001759,-0.00010496,0.0
0002017,0.00005247,-0.00003893,-0.00006030,0.00025138,0.00007701,-0.00015569,-0.
00003019,-0.00019816,0.00003949,-0.00000665,0.00005368,-0.00004088,-0.00014614,0
.00001080,0.00003361,-0.00001595,-0.00002878,0.00007315,0.00000877,0.00019819,0.
00010997,0.00000520,-0.00002707,-0.00002827,-0.00003944,-0.00006965,0.00000094,0
.00007512,0.00017713,-0.00001553,-0.00013612,-0.00010163,0.00008547,-0.00365080,
-0.16324393,-0.01430055,-0.00168330,-0.05925050,0.00078729,0.02423889,0.41818856
,-0.00032654,-0.00007599,-0.00003638,-0.00052619,0.00022749,0.00119073,-0.000142
64,-0.00005573,0.00128398,0.00001964,-0.00001247,-0.00001212,0.00003925,0.000005
31,-0.00000226,-0.00002871,0.00003941,-0.00001355,-0.00030778,0.00030557,-0.0001
0282,0.00456494,-0.00364894,-0.00354913,0.00051085,-0.00020777,-0.00073501,0.000
02773,-0.00000919,-0.00001112,-0.00178661,0.00040881,-0.00417220,0.00005985,0.00
001837,0.00013606,0.00005639,0.00014598,0.00000830,0.00003620,-0.00001632,-0.000
00922,0.00023551,0.00004899,-0.00005841,0.00003580,0.00001807,0.00000091,-0.0000
2009,0.00000713,-0.00003234,0.00065702,-0.00019692,0.00063289,-0.00004052,-0.000
13972,-0.00015685,-0.00015347,0.00028421,-0.00008509,-0.00006342,-0.00014934,-0.
00052446,0.00002248,-0.00009630,-0.00023923,0.00005728,0.00012288,-0.00019256,-0
.00005282,-0.00007801,-0.00004821,-0.00009678,0.00004250,-0.00002642,0.00016135,
-0.00033302,-0.00009289,-0.00012573,0.00000071,0.00026846,0.00060523,-0.00016982
,0.00171469,0.00003570,0.00008518,0.00021814,-0.00002371,0.00000719,-0.00001484,
0.00000490,-0.00000834,0.00000058,0.00002677,0.00001586,0.00000345,-0.00005279,0
.00005504,-0.00015096,-0.00002036,0.00001182,0.00003877,0.00002199,-0.00003553,0
.00001235,0.00000066,0.00001418,-0.00001961,-0.00002553,-0.00000436,-0.00001371,
-0.00000379,0.00001627,0.00001436,-0.00001018,-0.00000244,-0.00000747,0.00000250
,-0.00001478,0.00001667,0.00002883,-0.00001218,-0.00001731,0.00024154,0.00003477
,0.00002375,-0.00000975,-0.00001528,0.00002748,0.00001735,0.00002006,0.00005539,
0.00000922,-0.00003267,-0.00004602,-0.00005015,-0.00010845,-0.00014495,0.0000129
2,0.00000095,-0.00001679,-0.00001653,0.00005789,-0.00003884,-0.00004373,-0.00002
235,-0.00003019,0.00001705,0.00002983,-0.00001910,0.00001388,0.00000671,0.000014
83,0.00137830,-0.01463840,-0.05018626,0.01109861,0.00105270,-0.06532610,0.001912
70,-0.01038759,0.47425972,0.00025252,-0.00045658,-0.00007424,0.00006042,-0.00003
906,-0.00008795,0.00013614,-0.00008279,0.00007953,0.00002871,-0.00006227,0.00003
117,0.00002336,-0.00001550,0.00000841,-0.00002261,-0.00001312,0.00001163,-0.0000
1583,0.00017045,-0.00018828,0.00028476,-0.00011241,0.00099111,-0.00000851,0.0000
5027,0.00007762,0.00007123,-0.00002282,0.00002522,-0.00026183,0.00157232,0.00107
185,-0.00000840,0.00012307,0.00000355,-0.00003428,0.00008124,-0.00004740,0.00005
012,0.00005788,0.00003796,0.00001352,0.00001409,0.00002381,-0.00001527,-0.000007
44,-0.00000863,0.00001160,-0.00001295,-0.00001660,0.00012408,0.00001971,0.000051
69,-0.00004062,-0.00006480,-0.00013336,-0.00014395,-0.00001528,0.00000071,-0.000
00066,0.00002339,0.00002385,0.00038803,0.00008380,0.00000306,0.00003054,-0.00002
798,-0.00005786,-0.00004576,0.00001877,0.00002493,-0.00006236,-0.00002165,0.0000
1769,0.00027116,-0.00021319,0.00007740,-0.00043719,0.00002035,0.00008047,0.00003
351,0.00041662,0.00006552,-0.00002690,-0.00002642,-0.00002387,0.00000324,-0.0000
0597,-0.00000908,-0.00000210,-0.00000388,-0.00000122,-0.00002079,0.00002688,0.00
000064,-0.00002388,-0.00000069,0.00000622,0.00000553,-0.00000182,0.00000803,-0.0
0000215,-0.00001818,-0.00000834,0.00000083,0.00000234,-0.00000180,0.00000411,-0.
00000088,0.00000010,0.00000022,-0.00000736,0.00000024,-0.00000236,0.00000776,0.0
0000206,0.00001090,0.00000271,-0.00000250,0.00000326,-0.00000355,-0.00000050,-0.
00001153,0.00002718,-0.00001397,-0.00000548,0.00000481,0.00000108,0.00000276,0.0
0001249,-0.00001190,0.00002327,-0.00001431,-0.00000933,-0.00000339,0.00000159,0.
00001537,0.00000683,0.00000096,0.00000067,0.00001068,-0.00001290,0.00000509,0.00
000325,0.00000400,0.00001336,0.00000331,-0.00000391,0.00000153,-0.00001373,0.000
00005,-0.00000731,0.00488852,0.00290781,0.00419588,-0.02147489,-0.00924468,-0.02
472059,-0.08953586,-0.01647516,-0.04489826,0.51660595,0.00033238,0.00015734,0.00
010380,0.00001369,0.00016177,-0.00049113,-0.00023165,0.00027154,-0.00002580,-0.0
0000831,0.00001037,-0.00001142,0.00001824,0.00002194,-0.00000149,0.00000955,0.00
002083,-0.00002057,0.00003101,0.00016307,-0.00023993,-0.00267780,0.00185330,-0.0
0003904,-0.00012616,-0.00008907,0.00033403,-0.00005966,0.00000365,-0.00006949,0.
00236226,-0.00171351,-0.00301702,0.00002125,-0.00011450,-0.00011867,-0.00002682,
-0.00004943,-0.00000335,0.00002824,-0.00004749,-0.00004657,-0.00000955,-0.000057
27,0.00007798,0.00001654,0.00001831,0.00002058,0.00003015,0.00001806,0.00001339,
-0.00075619,0.00018645,-0.00020498,-0.00010250,0.00002104,0.00001544,0.00017299,
-0.00004015,0.00026165,-0.00001290,-0.00007054,0.00015132,-0.00024887,-0.0002283
9,0.00021763,0.00000977,0.00009428,0.00003619,0.00008861,-0.00000125,0.00001195,
0.00005164,0.00005071,0.00001426,-0.00006129,0.00000369,0.00009974,0.00007591,-0
.00017386,-0.00002203,0.00027651,-0.00076308,-0.00003823,0.00010144,0.00013128,-
0.00006994,0.00000290,-0.00001548,0.00000523,0.00002308,-0.00001569,-0.00000628,
0.00002526,-0.00000582,-0.00000165,0.00014469,-0.00007374,0.00001949,-0.00000127
,0.00000008,-0.00002425,0.00001066,0.00000083,0.00001517,0.00001879,-0.00002201,
0.00000411,0.00000262,0.00000803,-0.00000022,-0.00000503,0.00000823,-0.00000680,
0.00003360,-0.00002786,-0.00000121,-0.00001147,0.00000220,0.00000115,-0.00000899
,0.00001150,-0.00000310,0.00001958,-0.00001844,0.00002314,0.00000808,0.00000355,
-0.00002642,0.00000015,-0.00001616,0.00000981,-0.00001995,-0.00000035,-0.0000051
0,0.00001150,0.00000650,0.00000315,-0.00001340,-0.00003705,-0.00000254,-0.000007
40,0.00000358,-0.00000249,0.00000681,0.00000944,-0.00000131,-0.00001287,-0.00002
706,-0.00000083,0.00002403,0.00001126,-0.00001390,-0.00800663,-0.03346620,-0.031
66723,-0.00250380,0.00052167,-0.00139978,-0.01512781,-0.06770484,-0.02610127,-0.
01551494,0.52437887,0.00025947,0.00016092,-0.00015030,-0.00017117,0.00015124,-0.
00020375,-0.00022458,0.00011665,0.00006159,0.00000579,-0.00001003,-0.00000979,-0
.00000593,0.00000649,0.00001844,-0.00001783,0.00000106,0.00000246,-0.00010673,-0
.00023797,-0.00003350,-0.00076632,0.00083873,0.00061897,0.00004539,-0.00010681,0
.00009525,-0.00001422,-0.00000076,-0.00000865,0.00219627,-0.00244108,-0.00171806
,-0.00002967,-0.00002143,-0.00007748,0.00002351,-0.00002388,0.00002358,0.0000206
8,-0.00000516,-0.00000787,-0.00002425,-0.00001960,0.00001332,0.00000007,0.000003
57,-0.00000156,0.00002310,0.00000745,0.00000182,-0.00053671,0.00002090,-0.000263
41,-0.00001706,-0.00001939,-0.00007475,0.00002696,-0.00002442,0.00010649,0.00016
225,0.00001644,0.00002822,-0.00000430,0.00007686,0.00016684,-0.00005690,-0.00001
679,0.00007820,-0.00000145,0.00002616,0.00005369,0.00013706,-0.00006541,0.000027
53,-0.00009024,0.00018639,0.00002594,-0.00005450,-0.00000878,-0.00014741,0.00000
119,-0.00025451,0.00005935,0.00008215,0.00003886,-0.00000385,0.00001138,-0.00001
715,0.00000251,0.00000970,-0.00000482,-0.00000229,-0.00000768,0.00001345,-0.0000
0475,0.00006212,-0.00002325,0.00002403,0.00000259,-0.00000403,-0.00000088,-0.000
00152,-0.00001436,-0.00000449,0.00000999,-0.00000981,0.00000440,0.00000666,-0.00
000078,0.00000742,-0.00001199,0.00000150,0.00000072,0.00001477,-0.00000819,0.000
00271,-0.00000866,0.00000157,0.00000026,-0.00000487,0.00000040,-0.00000204,0.000
00773,0.00003230,0.00000486,0.00001240,0.00001414,-0.00001293,-0.00000099,0.0000
0661,-0.00000083,0.00002270,-0.00001919,-0.00001049,0.00000795,0.00000574,0.0000
0417,-0.00000501,-0.00002697,-0.00000600,-0.00000409,-0.00000511,0.00000390,0.00
000802,0.00000384,-0.00000051,-0.00000696,-0.00001918,0.00000074,0.00001288,0.00
000787,-0.00000892,-0.00198990,-0.01437180,-0.00757295,-0.00422628,-0.00080504,-
0.00179560,-0.04462623,-0.02708474,-0.14624003,-0.03358900,-0.02219984,0.4652798
6,0.00023515,-0.00033787,0.00019032,-0.00012103,-0.00003778,0.00015300,0.0001697
1,-0.00002004,0.00002710,0.00001820,-0.00002891,0.00001850,0.00000945,-0.0000021
7,0.00000461,0.,-0.00001176,0.00001451,0.00001946,-0.00001560,0.00000173,-0.0000
7317,-0.00014431,-0.00088258,0.00010754,-0.00000257,-0.00009187,0.00002938,0.000
00037,-0.00000283,-0.00100087,0.00262643,-0.00104126,0.00005107,-0.00000010,-0.0
0004261,-0.00003150,0.00000646,-0.00003788,-0.00000001,0.00002335,0.00000700,-0.
00006204,0.00012641,0.00007357,-0.00004026,-0.00000884,0.00000065,0.00001015,0.0
0000069,-0.00000628,0.00016254,-0.00008139,0.00001383,-0.00004962,0.00001105,-0.
00001898,-0.00015197,0.00003045,-0.00001456,0.00004739,-0.00000535,-0.00000808,-
0.00002478,0.00006708,-0.00003606,0.00001205,-0.00004468,0.00001866,0.00003023,-
0.00000756,0.00000449,-0.00002946,0.00004913,-0.00001851,0.00002189,0.00003181,0
.00005105,-0.00006584,-0.00002263,-0.00008380,0.00008567,0.00044113,0.00006083,-
0.00001654,-0.00001816,0.00002995,0.00000504,-0.00000644,-0.00000119,-0.00000065
,-0.00000287,-0.00000149,-0.00000850,0.00000407,-0.00000540,-0.00002704,-0.00000
337,-0.00000956,-0.00000126,-0.00000408,0.00000810,-0.00000257,-0.00000740,-0.00
000220,-0.00000087,0.00000380,-0.00000205,0.00000209,-0.00000166,-0.00000138,0.0
0000317,-0.00000168,0.00000054,0.00000149,0.00000044,-0.00000101,0.00000441,-0.0
0000367,0.00000168,0.00000423,0.00000050,-0.00000631,0.00001029,0.00002152,0.000
00935,-0.00000937,-0.00000040,0.00000534,0.00000709,0.00001167,0.00000521,0.0000
1988,-0.00001237,-0.00001277,-0.00000941,-0.00001547,-0.00001695,0.00000937,-0.0
0000130,-0.00000463,0.00000464,0.00000054,-0.00000323,-0.00000594,-0.00000077,0.
00000616,0.00000452,0.00000178,-0.00000166,-0.00001128,0.00000518,-0.00000408,0.
00420368,0.00551332,-0.00434880,-0.01591938,-0.01522279,0.02432620,-0.07587333,-
0.01891504,0.02896179,0.00278387,0.00444771,-0.01000725,0.52507129,0.00046002,0.
00010134,-0.00006087,0.00010016,0.00013081,-0.00060692,-0.00023661,0.00019468,-0
.00012234,-0.00000396,-0.00000037,-0.00000665,0.00001474,0.00000993,0.00000338,-
0.00001121,0.00000494,-0.00001080,0.00003490,-0.00006742,-0.00008709,-0.00260393
,0.00197573,0.00065402,-0.00016044,-0.00007696,0.00034677,-0.00002896,0.00002769
,-0.00001976,0.00382389,-0.00311766,0.00269288,-0.00005548,-0.00002107,-0.000143
95,0.00001387,-0.00005614,0.00002350,0.00005127,-0.00002502,-0.00001905,-0.00014
693,-0.00005391,0.00010876,0.00002975,0.00000508,0.00001299,0.00002674,0.0000108
9,0.00001218,-0.00096415,0.00030296,-0.00024644,-0.00003180,-0.00002563,-0.00007
654,0.00017131,-0.00016010,0.00015827,0.00003336,-0.00000598,0.00014456,0.000003
70,0.00000098,0.00022549,-0.00008585,0.00006214,0.00004838,0.00001911,0.00003285
,0.00004482,0.00007293,-0.00002357,0.00002495,-0.00006686,0.00003181,0.00008170,
0.00005313,-0.00008383,-0.00001304,0.00007239,-0.00065822,-0.00041908,0.00013336
,0.00011143,-0.00000805,0.00000198,-0.00001574,0.00000404,0.00002105,-0.00001699
,-0.00000547,0.00001343,0.00000397,-0.00000659,0.00012264,-0.00006807,0.00004399
,0.00000548,-0.00000240,-0.00001436,0.00000691,-0.00000128,0.00001820,0.00002241
,-0.00002492,0.00000420,0.00000368,0.00000446,0.00000272,-0.00001199,0.00000592,
-0.00000398,0.00003042,-0.00002048,0.00000296,-0.00000983,0.00000950,-0.00000097
,-0.00000768,0.00001090,0.00000130,-0.00001408,-0.00000667,0.00001528,0.00001572
,0.00001695,-0.00002385,0.00000201,-0.00001674,0.00000694,-0.00001255,-0.0000041
6,0.00000609,0.00001161,0.00000875,0.00000903,-0.00001181,-0.00004702,-0.0000085
0,-0.00001024,0.00000147,-0.00000050,0.00000830,0.00000891,-0.00000098,-0.000013
96,-0.00003226,0.00000143,0.00002647,0.00001469,-0.00001588,-0.00332787,-0.04255
675,0.02339494,-0.00338492,-0.00035924,0.00286272,-0.01792853,-0.08698058,0.0470
2765,0.00114160,0.00386714,-0.00353909,-0.01758025,0.50835611,-0.00027914,-0.000
12341,-0.00010750,0.00011887,-0.00007192,-0.00000554,-0.00002288,-0.00007246,0.0
0011559,-0.00000965,-0.00001366,0.00002877,-0.00001137,-0.00000673,-0.00000822,-
0.00000206,-0.00001041,-0.00000599,0.00002246,-0.00004751,-0.00001987,0.00010690
,-0.00031659,0.00056373,-0.00006376,0.00007388,0.00003099,0.00004365,0.00001313,
0.00007609,-0.00175291,0.00179193,-0.00009851,-0.00003054,0.00013515,0.00009049,
0.00002869,-0.00001142,0.00001052,-0.00002488,0.00008051,0.00004501,-0.00006865,
0.00005047,-0.00006467,-0.00001925,-0.00002670,-0.00002838,-0.00001703,-0.000022
84,-0.00000233,0.00031537,-0.00005026,0.00004575,0.00006415,0.00000763,-0.000034
71,0.00008693,-0.00001110,-0.00002085,-0.00009614,0.00004214,-0.00003331,0.00006
055,0.00005250,-0.00010101,0.00005780,-0.00001366,-0.00004701,-0.00006483,0.0000
1001,-0.00001702,-0.00004790,-0.00002503,-0.00004674,0.00004130,-0.00008052,-0.0
0000060,0.00006546,0.00002481,-0.00001273,0.00011025,-0.00010185,-0.00001757,-0.
00004241,0.00001808,0.00000296,-0.00001016,0.00001378,-0.00000391,-0.00000878,0.
00001047,0.00000338,-0.00001235,0.00000210,-0.00000507,-0.00000903,0.00000341,-0
.00000657,-0.00000042,0.00000896,-0.00000642,0.00000264,0.00000812,0.00000293,-0
.00000597,0.00000662,0.00000262,0.00000142,-0.00000077,-0.00000393,0.00000249,-0
.00000419,-0.00000288,-0.00001547,0.00001365,0.00000178,0.00000954,0.00000938,-0
.00000288,0.00000150,0.00000290,0.00001002,-0.00000157,-0.00003591,-0.00001637,-
0.00000186,-0.00000398,0.00000890,0.00000069,-0.00001258,-0.00000273,-0.00002951
,0.00002379,0.00001167,0.00000394,0.00000185,0.00000619,0.00000097,0.00001498,0.
00000458,-0.00000147,-0.00000019,-0.00000273,-0.00000377,-0.00000135,-0.00000318
,0.00000354,0.00001204,0.00000297,-0.00000576,-0.00000581,0.00000118,-0.00056670
,0.00401892,0.00306889,0.00615091,0.00412164,-0.00634525,0.02901519,0.04820317,-
0.14105954,0.00452205,0.01170909,-0.02873153,0.01945899,0.03860161,0.47268456,0.
00007661,0.00006351,-0.00001309,-0.00006344,0.00000934,-0.00019694,-0.00006765,0
.00002076,-0.00004168,-0.00000035,0.00000539,-0.00000364,-0.00000374,0.00000250,
0.00000252,0.00000340,-0.00000564,-0.00000045,0.00001978,-0.00008050,0.00001222,
-0.00089801,-0.00034804,-0.00040575,0.00001976,-0.00001018,0.00010954,-0.0000103
7,0.00000881,-0.00000891,0.00056431,0.00028287,0.00018340,-0.00001433,-0.0000151
0,-0.00000824,0.00000479,-0.00003037,0.00000925,-0.00000363,-0.00000439,0.000002
06,-0.00002447,-0.00002133,-0.00001729,0.00000647,0.00000200,-0.00000357,0.00000
681,-0.00000022,0.00000138,-0.00006400,-0.00008732,-0.00007420,0.00000392,0.0000
1883,0.00000525,-0.00009566,0.00000855,0.00003513,0.00008167,0.00001364,0.000088
56,-0.00002838,0.00000569,0.00006077,-0.00002293,-0.00001251,0.00004066,0.000016
02,0.00000594,0.00001082,0.00003351,0.00001093,-0.00000298,-0.00003275,0.0000443
9,0.00003641,0.00005214,0.00001293,-0.00005637,0.00024028,-0.00009244,0.00008030
,0.00005330,0.00009450,-0.00006169,0.00000663,-0.00000313,0.00000144,0.00000267,
0.00000451,0.00000019,0.00000784,0.00000062,-0.00000066,0.00002836,-0.00000201,0
.00001038,0.00000288,-0.00000288,-0.00000091,-0.00000094,-0.00000313,-0.00000316
,0.00000093,-0.00000101,0.00000371,0.00000598,0.00000010,0.00000341,-0.00000210,
-0.00000109,-0.00000267,0.00000486,-0.00000195,0.00000032,-0.00000263,0.00000236
,-0.00000243,-0.00000643,0.00000048,-0.00000158,0.00001690,0.00001152,-0.0000306
1,-0.00000199,0.00000934,-0.00000329,-0.00000518,0.00000004,-0.00000767,0.000012
11,-0.00001557,-0.00000651,0.00001440,0.00002719,0.00005441,-0.00000414,-0.00000
825,0.00000224,-0.00000092,-0.00001351,0.00000923,0.00002568,0.00000888,0.000017
04,-0.00000358,-0.00002206,0.00000073,0.00000541,0.00001271,-0.00001492,0.002104
37,-0.00071239,0.00065981,-0.08464624,-0.03685600,-0.08433987,-0.01856031,-0.011
46925,-0.02602876,-0.00675424,0.00017587,0.00038333,0.00097157,0.00022827,-0.001
06178,0.09972072,0.00000128,0.00000195,0.00001384,0.00002503,-0.00000385,0.00008
550,0.00010057,-0.00002642,-0.00004747,0.00000894,0.00000897,-0.00000868,-0.0000
0426,0.00000392,0.00000662,0.00000209,0.00000483,0.00000271,0.00000027,-0.000003
73,0.00000261,0.00049970,-0.00002694,-0.00000547,-0.00001609,0.00001439,-0.00004
407,-0.00001648,-0.00002048,0.00000046,-0.00016471,-0.00012270,0.00006787,-0.000
02847,-0.00002051,-0.00000479,-0.00000861,-0.00000621,-0.00000252,-0.00000162,-0
.00001584,-0.00000259,-0.00000395,0.00001197,-0.00000438,-0.00000390,-0.00000180
,-0.00000105,0.00000238,0.00000022,-0.00000273,0.00006107,0.00000807,-0.00000552
,0.00000563,0.00002153,0.00005492,0.00007550,-0.00001068,-0.00005025,-0.00007377
,-0.00000089,-0.00001585,-0.00001166,-0.00001829,-0.00000750,0.00000170,-0.00001
117,0.00000919,0.00001037,-0.00000932,0.00000481,0.00000945,0.00001466,-0.000001
38,-0.00000310,0.00002615,-0.00000717,0.00000512,-0.00000243,-0.00000919,-0.0000
2899,0.00004972,-0.00001908,0.00001113,-0.00002266,0.00006666,0.00000223,-0.0000
0737,-0.00000145,-0.00000509,0.00000273,0.00000385,-0.00000424,0.00000010,0.0000
0487,-0.00002641,0.00002607,-0.00000630,0.00000142,-0.00000201,0.00000450,0.0000
0387,-0.00001128,-0.00001306,-0.00000623,0.00000753,0.00000024,-0.00000151,-0.00
000251,-0.00000024,0.00000273,-0.00000172,0.00000320,-0.00000682,0.00000415,0.00
000151,-0.00000136,-0.00000687,0.00000383,0.00000291,0.00000045,-0.00000301,0.00
000191,-0.00001199,-0.00000230,0.00000229,-0.00001795,-0.00000287,0.00000049,-0.
00000447,0.00000947,-0.00001531,0.00001791,0.00000366,0.00001283,-0.00000985,-0.
00002352,-0.00000488,0.00001262,0.00000527,-0.00000835,0.00000872,-0.00000384,-0
.00000945,-0.00001934,-0.00002440,-0.00000360,0.00002037,-0.00000591,0.00000211,
-0.00000375,0.00002661,-0.00012724,0.00042366,0.00024481,-0.03686748,-0.07598436
,-0.07294577,-0.00132537,0.00005551,-0.00045999,-0.00039910,0.00033576,-0.000030
14,-0.00014302,-0.00004402,-0.00018661,0.04377164,0.08350123,0.00009843,0.000020
44,-0.00000908,-0.00010073,-0.00001245,-0.00013234,-0.00000147,-0.00000750,-0.00
005183,0.00000927,0.00000505,-0.00000509,-0.00000407,0.00000521,0.00000871,0.000
00416,0.00000047,0.00000091,0.00002018,-0.00003536,-0.00001307,-0.00019574,-0.00
021483,-0.00017318,0.00007107,0.00003024,0.00006083,-0.00001628,-0.00001006,-0.0
0001595,0.00030017,0.00026791,0.00010420,-0.00002230,-0.00003152,-0.00001034,-0.
00000961,-0.00001183,0.00000602,-0.00000014,-0.00001437,0.00000257,-0.00000155,-
0.00000846,0.00000365,0.00000071,0.00000105,0.00000230,0.00000536,0.00000267,-0.
00000426,0.00000920,-0.00007009,-0.00004364,0.00000014,0.00002755,0.00003176,-0.
00017577,-0.00002445,0.00003271,0.00009730,0.00000968,0.00008900,-0.00001505,-0.
00000797,0.00003251,-0.00002264,-0.00001443,0.00003312,0.00002390,-0.00000092,0.
00000776,0.00002366,0.00001703,0.00000187,-0.00001964,0.00003809,0.00001151,0.00
001605,-0.00000178,-0.00002231,0.00013140,0.00005156,0.00002621,0.00000777,0.000
09649,-0.00002553,0.00000698,-0.00000833,-0.00000181,-0.00000192,0.00000649,0.00
000184,0.00000016,0.00000236,0.00000583,-0.00000238,0.00001277,0.00000543,0.0000
0286,-0.00000372,0.00000242,0.00000028,-0.00001675,-0.00001189,-0.00000377,0.000
00642,0.00000234,0.00000497,-0.00000105,0.00000208,-0.00000111,-0.00000116,-0.00
000322,-0.00000126,0.00000427,0.00000078,-0.00000201,0.00000177,0.00000019,-0.00
000241,-0.00000125,-0.00000077,0.00003091,0.00000288,-0.00002412,-0.00001501,0.0
0000405,-0.00000187,-0.00000110,0.00000500,-0.00001109,0.00003072,-0.00002173,-0
.00001414,0.00000448,0.00000215,0.00004811,0.00000752,-0.00000344,0.00000090,0.0
0001113,-0.00000811,0.00000199,0.00001547,0.00000925,0.00004626,0.00000410,-0.00
001720,-0.00000352,-0.00001490,0.00001980,-0.00003393,0.00008906,0.00061895,0.00
045891,-0.08443027,-0.07337508,-0.21264927,-0.00279121,0.00002216,-0.00002759,-0
.00068603,-0.00001081,0.00055053,0.00099581,0.00010867,0.00073165,0.09855568,0.0
8484160,0.24427068,0.00003556,0.00007134,-0.00005303,-0.00024075,0.00011788,0.00
007025,-0.00012296,0.00004465,0.00009301,-0.00000781,0.00000205,-0.00000131,0.00
000735,0.00000107,-0.00000160,-0.00000711,0.00000909,-0.00000941,-0.00005413,0.0
0000143,0.00000549,-0.00076822,-0.00040929,0.00045272,0.00016227,-0.00013121,-0.
00010091,0.00001047,0.00000761,-0.00001286,0.00044798,0.00029768,-0.00017490,0.0
0001616,0.00000034,-0.00000335,0.00001611,0.00000986,0.00000234,0.00001770,-0.00
000622,-0.00000205,0.00002123,-0.00003230,-0.00000663,0.00002071,0.00001101,0.00
000245,0.00000443,0.00000248,0.00000027,-0.00003589,-0.00005885,0.00002688,-0.00
001340,-0.00004570,-0.00005591,-0.00010076,0.00000555,0.00002426,0.00013785,-0.0
0001850,-0.00003437,-0.00003564,-0.00002787,0.00002012,-0.00000440,0.00003307,-0
.00001280,0.00000039,-0.00000990,0.00000435,0.00000840,0.00000637,0.00000201,0.0
0000568,-0.00003274,0.00001316,0.00001767,-0.00000532,0.00002915,0.00017934,-0.0
0011274,-0.00010624,0.00009989,0.00010563,0.00007597,-0.00000240,-0.00000029,0.0
0000047,0.00000787,-0.00000347,-0.00000207,0.00001901,0.00000155,-0.00000118,0.0
0003101,-0.00001532,0.00001736,-0.00000157,-0.00000012,-0.00000044,0.00000214,-0
.00000378,0.00000906,0.00000769,-0.00000611,-0.00000165,-0.00000335,0.00000107,0
.00000061,-0.00000460,0.00000944,-0.00000015,0.00000887,-0.00000649,-0.00000097,
-0.00000222,0.00000191,0.00000161,-0.00000011,-0.00000041,-0.00000595,0.00002731
,0.00000859,-0.00000732,-0.00000139,0.00001008,-0.00000015,-0.00000111,0.0000018
7,0.00001276,0.00001563,-0.00002308,-0.00001132,-0.00000247,-0.00001327,-0.00001
542,-0.00000477,-0.00001825,-0.00000836,-0.00000742,0.00001025,-0.00000343,0.000
00564,0.00000330,-0.00000661,-0.00000270,-0.00001862,-0.00000328,0.00002832,0.00
001677,-0.00000806,0.00188130,-0.00062640,-0.00109007,-0.05939312,-0.03703769,0.
04922988,-0.01304275,-0.01781059,0.02460670,0.00096220,-0.00009161,0.00096455,-0
.00644368,0.00014580,0.00101228,0.00382158,0.00685965,-0.01038596,0.07021293,-0.
00000259,-0.00001141,0.00001824,0.00014155,-0.00001209,0.00005739,0.00007295,-0.
00003686,0.00001164,0.00000849,0.00000240,-0.00000666,0.00000178,0.00000409,0.00
000585,0.00000201,0.00000353,0.00000256,-0.00000814,0.00002784,0.00000173,0.0004
0810,-0.00006752,-0.00004428,-0.00007495,0.00004486,-0.00003580,-0.00001019,-0.0
0001547,-0.00000258,-0.00010195,-0.00002622,-0.00010887,-0.00001264,-0.00000517,
0.00000089,-0.00000355,0.00000746,-0.00000630,0.00001221,-0.00001334,-0.00000223
,0.00000627,-0.00000518,-0.00000024,0.00000234,0.00000029,-0.00000010,0.00000254
,0.00000121,-0.00000630,0.00007487,0.00001079,0.00003120,-0.00000189,-0.00000156
,0.00001858,0.00006351,-0.00000961,-0.00000484,-0.00009883,-0.00000337,-0.000028
61,-0.00001561,-0.00002532,-0.00002128,0.00000621,0.00001372,-0.00001209,0.00000
277,-0.00001430,0.00000439,-0.00000192,0.00000977,0.00000015,-0.00000010,-0.0000
0322,-0.00001072,-0.00000110,-0.00000873,0.00001718,-0.00000456,0.00004820,-0.00
000757,0.00001185,-0.00001721,-0.00007684,0.00000069,-0.00000710,-0.00000236,-0.
00000381,0.00000154,0.00000328,0.00000183,0.00000094,0.00000513,-0.00002614,0.00
002710,-0.00001086,0.00000254,-0.00000118,0.00000984,0.00000600,-0.00001089,-0.0
0000865,-0.00000593,0.00000668,-0.00000056,-0.00000225,-0.00000240,-0.00000023,0
.00000314,-0.00000206,0.00000340,-0.00000709,0.00000423,0.00000045,-0.00000028,-
0.00000687,0.00000185,0.00000249,-0.00000089,-0.00000529,-0.00001788,0.00000240,
-0.00000906,0.00000181,-0.00001525,0.00000660,-0.00000366,-0.00000553,-0.0000091
4,-0.00000656,0.00001558,0.00001355,-0.00000077,0.00000987,0.00000023,-0.0000080
8,0.00001154,0.00000998,-0.00000150,-0.00000098,-0.00000010,-0.00000560,0.000001
96,-0.00001259,-0.00000003,0.00001524,0.00000802,0.00000388,-0.00002445,0.000011
25,-0.00004741,0.00059800,-0.00026138,-0.03717823,-0.12467241,0.10818796,-0.0022
7725,-0.00046888,0.00142584,0.00014405,0.00000499,-0.00003776,-0.00065789,0.0003
5148,0.00008181,0.00248947,0.00627285,-0.00791622,0.04412097,0.13995541,-0.00009
262,-0.00003117,0.00002451,0.00023656,-0.00005267,0.00008025,0.00011035,-0.00001
722,-0.00007662,-0.00000239,0.00000797,-0.00000283,-0.00000358,-0.00000474,-0.00
000390,0.00000408,-0.00000291,0.00000518,0.00001018,0.00000667,0.00002342,0.0004
6237,0.00035843,-0.00024379,-0.00017023,0.00003237,0.00000419,0.00000147,0.00000
326,0.00001769,-0.00042460,-0.00039817,0.00012019,-0.00000926,0.00000537,0.00001
098,-0.00000179,-0.00001729,0.00000309,-0.00002619,0.00000200,-0.00000351,-0.000
01436,0.00002176,-0.00000513,-0.00001368,-0.00000665,-0.00000086,-0.00000537,-0.
00000407,0.00000293,0.00001219,0.00006878,-0.00001987,0.00001540,0.00002799,0.00
006204,0.00022241,0.00001730,-0.00004901,-0.00019122,-0.00000375,-0.00003960,0.0
0001781,0.00001480,-0.00002800,0.00001398,-0.00002917,-0.00000094,0.00000013,0.0
0000914,-0.00001188,-0.00001139,-0.00000529,-0.00000401,0.00001265,0.00001524,-0
.00000979,-0.00000948,0.00000988,-0.00001231,-0.00015851,-0.00002047,0.00005335,
-0.00003267,-0.00013936,-0.00003036,-0.00000145,0.00000494,0.00000014,-0.0000039
7,-0.00000144,-0.00000036,-0.00000828,-0.00000229,-0.00000183,-0.00001873,0.0000
0889,-0.00000748,-0.00000316,0.00000435,-0.00000672,-0.00000122,0.00000587,-0.00
000438,-0.00000150,-0.00000007,-0.00000053,-0.00000096,0.00000009,-0.00000179,0.
00000386,-0.00000412,0.00000311,-0.00000271,-0.00000008,0.00000115,-0.00000075,-
0.00000459,0.00000098,0.00000060,0.00000337,0.00000211,-0.00003986,-0.00001171,0
.00000551,0.00001379,-0.00001025,-0.00000326,-0.00000560,-0.00000768,-0.00000941
,-0.00004002,0.00003284,0.00001821,0.00000669,0.00000802,-0.00001756,-0.00000945
,0.00001971,0.00000931,-0.00000726,0.00000102,0.00000426,-0.00000888,-0.00001405
,-0.00003661,-0.00000497,0.00002552,0.00000367,0.00000499,-0.00002716,0.00004793
,-0.00042737,-0.00043199,0.00046000,0.04932684,0.10846593,-0.19013979,0.00488221
,0.00332033,-0.00486657,-0.00102972,-0.00030678,0.00065597,0.00180712,-0.0000598
7,0.00023183,0.00547925,0.01601933,-0.02732497,-0.05819851,-0.12613084,0.2181375
2,-0.00017407,-0.00008486,0.00001253,-0.00000915,-0.00006273,0.00011107,0.000119
60,-0.00006845,0.00004385,0.00001351,0.00000535,-0.00000781,0.00000056,-0.000001
72,0.00000538,0.00001005,-0.00000454,0.00000683,0.00000876,0.00001974,0.00004110
,0.00014408,0.00159109,0.00021760,0.00002807,0.00001961,-0.00006490,0.00001607,-
0.00001448,0.00000985,-0.00000243,-0.00021563,-0.00005620,-0.00001003,0.00003143
,0.00002275,0.00000465,0.00000803,0.00000188,-0.00000086,0.00001370,-0.00000357,
0.00001397,0.00002927,-0.00001904,-0.00000708,-0.00000564,-0.00000316,-0.0000024
0,-0.00000351,-0.00000861,0.00017800,0.00003477,0.00005422,0.00004634,0.00000366
,0.00004287,-0.00004715,-0.00000136,-0.00001690,0.00001153,0.00001149,-0.0000310
1,-0.00000306,-0.00000365,-0.00006876,0.00002772,-0.00000752,-0.00001693,0.00000
029,-0.00000954,-0.00001075,-0.00002491,0.00000348,-0.00001029,0.00002497,0.0000
0090,-0.00003617,-0.00001177,0.00002589,0.00001361,-0.00061775,0.00025818,0.0000
0761,-0.00006698,-0.00002636,0.00001022,0.00000229,-0.00000182,-0.00000352,-0.00
000811,0.00000452,0.00000662,-0.00000342,-0.00000017,0.00000565,-0.00008194,0.00
005122,-0.00001695,-0.00000096,-0.00000120,0.00001158,0.00000204,-0.00001303,-0.
00001171,-0.00000941,0.00001181,0.00000062,0.00000029,-0.00000373,0.00000003,0.0
0000309,-0.00000560,0.00000468,-0.00001207,0.00000725,-0.00000137,0.00000185,-0.
00001103,0.00000111,0.00000658,-0.00000558,-0.00000671,0.00000922,0.00001332,-0.
00000061,0.00000626,-0.00000463,-0.00000568,0.00000887,-0.00000121,-0.00000242,0
.00000873,-0.00001639,-0.00000593,-0.00000944,-0.00000446,-0.00000523,0.00000095
,0.00000656,0.00000581,0.00000040,-0.00000406,-0.00000002,-0.00000427,0.00000420
,0.00000426,0.00000642,0.00000528,-0.00000157,-0.00001341,0.00000348,0.00000082,
-0.00807093,0.00232008,0.00109142,-0.06363166,0.06805591,0.01098022,-0.01045315,
0.02732505,0.00457026,0.00048077,0.00045406,0.00037032,0.00051814,0.00044261,-0.
00031486,0.00430144,-0.01200336,-0.00235935,0.00306274,-0.00696077,-0.00119642,0
.07475864,0.00016741,0.00014754,-0.00002618,-0.00016752,0.00008894,-0.00020962,-
0.00019335,0.00013006,-0.00005387,-0.00003058,0.00000907,0.00000343,0.00000064,-
0.00000098,-0.00001303,-0.00000703,0.00000535,-0.00001070,-0.00001040,-0.0000282
5,-0.00002705,-0.00141362,-0.00011397,0.00008192,0.00003809,-0.00008395,0.000113
50,-0.00002357,0.00002149,-0.00001891,0.00063432,0.00024956,0.00003397,0.0000132
6,-0.00005665,-0.00003794,-0.00000269,-0.00001390,0.00000172,-0.00000652,-0.0000
2896,-0.00000230,-0.00001460,-0.00001809,0.00001514,0.00001026,0.00001304,0.0000
0978,0.00000299,0.00000717,0.00001994,-0.00029085,-0.00002226,-0.00008719,-0.000
02907,-0.00000888,-0.00003532,-0.00003672,0.00003223,0.00005768,0.00014541,-0.00
001823,0.00008140,0.00000997,-0.00001080,0.00009929,-0.00004055,0.00001664,0.000
02411,-0.00000505,0.00000734,0.00001409,0.00003665,-0.00001275,0.00001390,-0.000
02912,0.00000381,0.00003501,0.00001213,-0.00001060,-0.00001437,0.00032892,-0.000
27367,0.00000204,0.00004786,0.00008957,0.00000510,-0.00000085,0.00000798,0.00000
918,0.00001980,-0.00001216,-0.00000983,0.00000397,-0.00000393,-0.00001278,0.0001
0521,-0.00007220,0.00002575,-0.00000487,0.00000471,-0.00002415,-0.00000656,0.000
02095,0.00002282,0.00001804,-0.00002240,0.00000033,0.00000174,0.00000817,0.00000
239,-0.00000791,0.00000819,-0.00000472,0.00002355,-0.00001697,0.00000160,-0.0000
0478,0.00001326,-0.00000257,-0.00000926,0.00000909,0.00000531,0.00000917,0.00000
079,0.00000212,0.00000008,0.00002341,-0.00000344,-0.00000135,-0.00000189,0.00000
216,0.00000799,-0.00001451,-0.00000558,-0.00000241,0.00000580,0.00002187,0.00000
131,-0.00002675,-0.00001732,-0.00000003,0.00000113,0.00000511,0.00001566,0.00001
418,0.00002000,-0.00000631,-0.00003208,0.00000121,0.00001312,0.00002296,-0.00002
835,0.00284627,0.00014771,-0.00028672,0.06925619,-0.25872517,-0.03520816,0.00295
442,-0.00459585,-0.00087557,-0.00073052,0.00027955,0.00003706,-0.00079419,0.0003
2659,0.00017308,0.00287724,-0.01467834,-0.00454693,0.00515255,-0.02231008,-0.000
72552,-0.08013999,0.29873473,0.00000917,0.00001235,0.00000228,0.00002435,-0.0000
0753,-0.00001545,-0.00002997,0.00000539,-0.00000308,-0.00000932,0.00000005,-0.00
000031,0.00000324,-0.00000165,-0.00000361,0.00000049,-0.00000173,-0.00000167,-0.
00000042,0.00000254,-0.00000201,-0.00016204,-0.00016363,0.00016021,-0.00000563,-
0.00000280,0.00001343,0.00000295,0.00001352,0.00000077,0.00005040,0.00005183,-0.
00006515,0.00000744,0.00000595,0.00000352,0.00000745,-0.00000088,0.00000693,-0.0
0000387,-0.00000538,0.00000074,-0.00000299,-0.00001109,0.00000481,0.00000074,0.0
0000152,0.00000348,-0.00000087,0.00000135,0.00000129,-0.00003895,0.00000455,-0.0
0000495,0.00000205,-0.00001120,-0.00001882,-0.00000579,0.00000920,0.00002259,0.0
0000526,-0.00000271,0.00000276,0.00000626,0.00000260,0.00000330,-0.00000393,0.00
000833,-0.00000893,-0.00000570,0.00000121,-0.00000259,-0.00000174,-0.00000727,0.
00000050,-0.00000409,-0.00001070,0.00000738,-0.00000054,-0.00000159,0.00000310,0
.00010064,-0.00006139,-0.00001336,0.00001303,0.00000003,-0.00006210,-0.00000146,
0.00000293,0.00000022,0.00000349,-0.00000270,-0.00000314,0.00000343,0.00000002,-
0.00000288,0.00001789,-0.00001115,0.00000542,-0.00000082,0.00000248,-0.00000520,
-0.00000067,0.00000364,0.00000593,0.00000400,-0.00000436,-0.00000049,0.00000078,
0.00000096,-0.00000101,-0.00000110,0.00000048,-0.00000161,0.00000372,-0.00000190
,-0.00000043,-0.00000160,0.00000324,-0.00000142,-0.00000194,0.00000196,0.0000008
7,-0.00001127,0.00000326,0.00000632,-0.00000179,0.00000321,0.00000459,-0.0000015
1,0.00000026,0.00000142,-0.00000109,0.00000130,0.00000388,-0.00000372,0.00001211
,0.00000673,-0.00000072,-0.00000281,-0.00000093,0.00000208,-0.00000302,0.0000027
0,0.00000185,0.00000890,0.00000132,-0.00000069,-0.00000479,0.00000464,0.00000428
,-0.00000748,-0.00000659,0.00114584,-0.00022636,0.00027845,0.01112247,-0.0350457
5,-0.04854530,0.00140002,-0.00322621,-0.00064272,-0.00061144,0.00023538,0.000018
23,0.00026930,-0.00019684,-0.00002547,0.00674815,-0.02789644,-0.00634709,-0.0067
0992,0.02515744,0.00266476,-0.01318702,0.04113990,0.05291195,-0.00000458,0.00011
745,-0.00007795,0.00019257,0.00012664,0.00011092,-0.00006219,0.00008254,0.000076
27,-0.00001089,0.00001797,-0.00000424,0.00002557,0.00001033,-0.00001010,-0.00000
746,0.00003244,-0.00001728,-0.00039939,0.00032249,0.00013558,0.00001291,-0.00014
825,0.00048199,-0.00007227,-0.00005044,-0.00005454,0.00000766,0.00001436,-0.0000
0196,-0.00032553,0.00037169,0.00004469,-0.00000616,-0.00002035,0.00000306,0.0000
3537,-0.00000877,-0.00000857,0.00002386,-0.00002614,-0.00000744,-0.00000784,-0.0
0002786,-0.00004120,0.00003227,0.00001517,-0.00001572,0.00000472,-0.00000214,-0.
00000268,0.00005870,-0.00001023,0.00009440,-0.00001582,-0.00004364,-0.00000439,0
.00004187,0.00003740,0.00000287,-0.00010956,-0.00007767,-0.00010701,-0.00017996,
-0.00022245,-0.00006795,0.00008395,0.00008423,-0.00005836,0.00001121,-0.00003860
,0.00000584,-0.00001581,0.00008861,-0.00002921,-0.00005108,-0.00013499,0.0001046
0,0.00022024,-0.00002237,-0.00004240,-0.00001573,0.00019769,-0.00009228,0.000013
86,-0.00001633,-0.00001774,-0.00000571,0.00000163,0.00000083,0.00000746,-0.00000
606,-0.00000282,0.00005620,0.00000582,-0.00000437,0.00000443,0.00000123,0.000015
06,-0.00000469,0.00000438,-0.00000125,0.00000589,-0.00000604,0.00000429,0.000007
19,-0.00000700,-0.00000619,-0.00001207,0.00000180,-0.00000112,0.00000159,0.00001
278,0.00000269,0.00000916,-0.00000955,-0.00000278,-0.00000369,-0.00000687,0.0000
0256,0.00000167,-0.00000089,-0.00001224,-0.00002061,0.00000391,-0.00000311,0.000
00530,-0.00000319,-0.00000254,-0.00000257,-0.00000365,-0.00000029,0.00000031,0.0
0000340,0.00000517,-0.00000217,-0.00000807,-0.00001554,-0.00000738,-0.00000395,0
.00000022,-0.00000286,0.00000821,-0.00000257,-0.00000253,0.00000085,-0.00000702,
-0.00000363,-0.00000068,0.00000093,0.00001280,-0.00000514,0.00000195,0.00014535,
0.00062819,0.00077453,0.00057496,0.00031988,-0.00086339,0.00290160,0.00734139,-0
.00971049,-0.05993525,-0.03727245,0.04780433,-0.00059222,-0.00068084,-0.00205541
,0.00000562,-0.00002218,0.00015939,-0.00056346,-0.00029106,-0.00031526,-0.000062
35,0.00007630,-0.00001346,0.06634246,-0.00002619,-0.00004222,0.00002335,0.000101
04,-0.00007359,-0.00004314,0.00008849,-0.00003293,-0.00000485,0.00001254,-0.0000
0125,-0.00000850,0.00000101,0.00000472,0.00001316,0.00000732,-0.00000423,0.00000
428,0.00009836,0.00015315,-0.00002352,0.00021460,-0.00034527,-0.00005747,-0.0000
3723,0.00010529,0.00002453,-0.00000675,-0.00002275,-0.00000602,-0.00015579,0.000
29253,0.00000619,-0.00002068,0.00000361,-0.00000570,-0.00000061,0.00000898,-0.00
000632,0.00002529,-0.00002039,-0.00000843,0.00000022,-0.00001039,-0.00000297,0.0
0000023,0.00000197,0.00000206,0.00000801,0.00000348,-0.00001085,0.00013408,-0.00
004630,0.00003273,-0.00000648,-0.00001263,0.00002303,-0.00003393,-0.00001143,-0.
00002251,-0.00003273,0.00003409,0.00001662,-0.00000448,-0.00008449,-0.00001852,0
.00002925,0.00003227,-0.00001312,-0.00001077,-0.00001248,0.00000670,-0.00001499,
-0.00000324,0.00001186,-0.00001615,0.00001602,-0.00001071,0.00001855,-0.00004579
,0.00002844,0.00000139,0.00019844,0.00005885,-0.00002662,-0.00000389,-0.00003610
,0.00000171,-0.00000841,-0.00000309,-0.00000695,0.00000136,0.00000267,0.00000253
,0.00000283,0.00000559,-0.00003725,0.00003939,-0.00001243,0.00000381,0.00000024,
0.00001503,0.00000340,-0.00001279,-0.00001463,-0.00000895,0.00000781,-0.00000031
,0.00000004,-0.00000129,0.00000193,0.00000274,-0.00000698,0.00000314,-0.00000783
,0.00000559,0.00000061,-0.00000130,-0.00000923,0.00000109,0.00000197,-0.00000328
,-0.00000413,-0.00000204,0.00000705,0.00000542,-0.00000270,-0.00000890,0.0000043
9,-0.00000266,-0.00000128,-0.00000427,0.00001171,0.00000512,0.00000359,0.0000000
8,0.00001215,0.00001608,0.00000132,0.00001098,0.00000840,0.00000262,-0.00000766,
-0.00000103,0.,0.00000199,0.00000406,0.00000367,0.00000970,0.00000309,-0.0000128
1,-0.00000804,-0.00000354,-0.00017520,0.00141483,-0.00002528,0.00026094,0.000128
43,-0.00026526,0.00184890,0.00477867,-0.00555502,-0.03597912,-0.13053874,0.10939
839,-0.00050513,0.00004674,-0.00126585,-0.00000890,-0.00006172,-0.00014913,0.000
06970,0.00037670,-0.00009689,-0.00001948,-0.00022204,0.00014673,0.04297548,0.147
06387,-0.00021129,-0.00001352,0.00007447,0.00021505,-0.00024077,-0.00009467,0.00
019120,-0.00010337,-0.00017998,-0.00000943,0.00001152,0.00000265,-0.00002927,-0.
00000699,-0.00001102,0.00000940,-0.00000849,0.00001035,0.00025967,-0.00019354,0.
00014280,0.00060960,0.00014737,-0.00109024,-0.00017876,0.00015142,0.00011798,-0.
00001804,0.00000387,0.00002540,-0.00039171,-0.00035051,0.00042772,0.00001194,0.0
0001279,0.00003783,-0.00001804,-0.00002997,0.00000932,-0.00006152,0.00002018,0.0
0000644,-0.00002261,0.00003306,-0.00000410,-0.00002468,-0.00001938,0.00000061,-0
.00001861,-0.00000710,0.00000995,0.00009102,0.00002611,-0.00008289,0.00005447,0.
00007460,0.00009405,0.00006465,-0.00001017,-0.00004246,-0.00013388,0.00006322,0.
00008167,0.00009835,0.00013793,-0.00005528,-0.00001851,-0.00009075,0.00002425,-0
.00002482,0.00003321,-0.00002346,-0.00002641,-0.00001899,-0.00000988,0.00003241,
0.00004043,-0.00002469,-0.00001978,0.00004948,-0.00004530,-0.00005982,-0.0001731
1,0.00015992,-0.00009715,-0.00006271,-0.00007840,-0.00000134,0.00001277,0.000003
89,-0.00001069,0.00001040,0.00000209,-0.00003386,-0.00001295,-0.00000062,-0.0000
2794,0.00000831,-0.00002018,-0.00000197,0.00000327,-0.00001110,-0.00000795,0.000
01982,-0.00000113,-0.00000990,0.00000752,0.00000342,0.00000449,-0.00000051,-0.00
000026,0.00000975,-0.00001037,-0.00000008,-0.00001405,0.00000914,0.00000167,0.00
000643,0.00000370,-0.00000284,-0.00000277,0.00000545,0.00000791,-0.00002314,-0.0
0001028,0.00000089,0.00000085,-0.00000032,0.00000481,-0.00000175,-0.00000245,-0.
00001703,-0.00002807,0.00002562,0.00001335,0.00000772,0.00002212,0.00002559,0.00
000141,0.00002467,0.00000947,0.00000643,-0.00001427,0.00001052,-0.00000057,-0.00
000285,-0.00000281,0.00000088,0.00001432,0.00000661,-0.00001663,-0.00001716,0.00
001762,0.00038721,0.00099564,0.00232120,0.00097169,0.00034619,0.00077359,0.00468
336,0.01496776,-0.02687771,0.04725877,0.10925371,-0.18087434,-0.00272452,-0.0020
2130,-0.00515963,0.00034449,0.00003819,0.00030249,-0.00067094,-0.00033133,0.0002
3084,-0.00003145,0.00000217,-0.00007904,-0.05346489,-0.12688263,0.21172487,-0.00
026071,0.00002402,-0.00001711,-0.00002371,-0.00003880,0.00000735,0.00004482,-0.0
0006009,-0.00003053,-0.00000809,0.00002564,-0.00001505,-0.00001423,-0.00000791,-
0.00000314,0.00001111,-0.00001986,0.00000871,0.00000134,-0.00019679,0.00016033,-
0.00040333,-0.00034655,-0.00029240,0.00001717,0.00002963,-0.00001762,0.00000304,
0.00000650,0.00000916,-0.00059955,0.00069897,0.00085974,0.00000636,-0.00000046,0
.00004064,0.00002955,-0.00000052,0.00002053,-0.00003682,-0.00001363,0.00000476,0
.00000020,0.00002078,-0.00004683,-0.00000083,0.00000728,0.00000118,-0.00001341,-
0.00000024,0.00000281,0.00024177,-0.00012703,0.00001732,0.00004868,-0.00000146,0
.00003825,0.00000953,-0.00000103,-0.00003626,-0.00000379,0.00002507,0.00002127,0
.00002829,0.00010780,-0.00003743,-0.00001703,-0.00007540,0.00002528,-0.00001587,
0.00001263,-0.00001279,0.00000867,0.00001383,-0.00002134,-0.00001490,0.00002496,
-0.00001079,0.00006225,0.00019875,-0.00004079,0.00007199,0.00008688,0.00003736,0
.00000950,0.00003647,-0.00000434,0.00000699,0.00000884,0.00000126,-0.00000409,0.
00000945,0.00000498,-0.00000742,0.00000029,0.00000297,-0.00003430,0.00002798,-0.
00000854,-0.00000264,-0.00000014,0.00000013,-0.00000496,0.00000652,-0.00000028,-
0.00000801,0.00000843,0.00000328,0.00000441,-0.00000219,0.00000195,0.00000115,-0
.00000500,0.00000182,-0.00000986,0.00000563,-0.00000156,0.00000303,-0.00000290,-
0.00000062,0.00000033,-0.00000367,-0.00000085,0.00002294,-0.00000069,-0.00000157
,0.00000097,0.00000274,0.00000244,0.00000086,-0.00000541,-0.00000150,-0.00000788
,-0.00000239,0.00000137,0.00000125,0.00000691,0.00000924,-0.00000057,0.00000937,
0.00000374,-0.00000215,-0.00000098,0.00000078,0.00000160,0.00000258,0.00000356,0
.00000308,0.00000391,-0.00000027,-0.00000371,0.00000325,-0.00000114,-0.00063990,
-0.00301133,-0.00259724,0.00023587,-0.00065018,-0.00040243,0.00332079,-0.0098277
3,-0.00199539,-0.06560613,0.07106370,0.01442283,0.00004221,-0.00011265,0.0002392
4,0.00002484,0.00005820,0.00008241,-0.00006371,-0.00007367,0.00005899,-0.0006100
3,-0.00014160,-0.00056407,0.00287922,-0.00746527,-0.00095031,0.07394879,0.000216
55,0.00019163,-0.00000116,-0.00000941,0.00015116,-0.00015286,-0.00022187,0.00010
754,0.00009228,-0.00003591,-0.00000181,0.00002323,0.00000633,0.00000154,-0.00002
594,-0.00001438,0.00002169,-0.00002466,-0.00010367,-0.00000587,-0.00008209,-0.00
108607,0.00086543,0.00028746,-0.00004749,-0.00011822,0.00012030,-0.00002865,0.00
003098,-0.00000878,0.00026563,-0.00023558,-0.00030316,0.00002575,-0.00004135,-0.
00000707,-0.00002126,-0.00001043,-0.00000493,0.00000553,0.00000752,0.00001034,-0
.00001942,-0.00004279,0.00003090,0.00002264,0.00000171,-0.00000020,-0.00000278,0
.00000097,0.00002143,-0.00042308,0.00014199,-0.00003216,-0.00003543,0.00001535,-
0.00007663,0.00006832,-0.00002199,0.00010064,0.00001521,-0.00005275,0.00000199,-
0.00000287,-0.00002506,0.00007298,-0.00006347,0.00005968,-0.00003014,-0.00001593
,-0.00001150,0.00000165,0.00001260,-0.00000117,-0.00001672,-0.00003023,-0.000100
65,0.00008308,0.00006624,-0.00007537,-0.00003417,0.00017015,-0.00040621,-0.00007
443,0.00007950,0.00005660,0.00000851,-0.00001339,0.00001527,0.00001088,0.0000225
7,-0.00001480,-0.00000992,0.00001746,-0.00001041,-0.00001932,0.00010621,-0.00008
486,0.00001810,-0.00000650,0.00000934,-0.00002714,-0.00000127,0.00002773,0.00003
286,0.00002379,-0.00002771,-0.00000241,-0.00000439,0.00001014,-0.00000178,-0.000
00649,0.00001529,-0.00000568,0.00002638,-0.00001954,0.00000148,-0.00000098,0.000
01775,-0.00000267,-0.00000789,0.00001217,0.00000707,-0.00000210,-0.00001986,-0.0
0000824,0.00000277,0.00001130,-0.00000301,0.00000050,-0.00000670,0.00000754,-0.0
0001749,0.00000622,0.00000364,0.00000364,-0.00000226,-0.00000670,-0.00000380,-0.
00002929,-0.00001711,-0.00000502,0.00001093,0.00000056,0.00000455,0.00000672,-0.
00000530,-0.00001129,-0.00002605,0.00000231,0.00002648,0.00001006,-0.00000872,-0
.00058726,-0.00280931,-0.00390905,0.00052553,0.00033107,0.00054437,0.00317014,-0
.01317605,-0.00424165,0.07008001,-0.25311726,-0.04180115,0.00015309,0.00038382,0
.00075939,0.00021872,0.00015816,0.00030410,-0.00004020,-0.00030971,-0.00000147,-
0.00048617,0.00064846,-0.00016483,0.00670721,-0.02328594,-0.00100655,-0.08170642
,0.29323594,0.00005254,0.00004981,0.00000656,-0.00002297,-0.00000912,-0.00010267
,-0.00006593,-0.00000174,0.00003527,-0.00001760,0.00000081,0.00000256,-0.0000022
4,-0.00000099,-0.00000758,-0.00000150,-0.00000407,-0.00000390,0.00010067,-0.0000
4364,-0.00004484,-0.00092871,0.00021904,-0.00015740,-0.00000963,-0.00000886,0.00
007046,-0.00000575,0.00002715,0.00000082,0.00008623,0.00026141,-0.00011854,0.000
01386,-0.00000291,0.00000220,0.00000965,-0.00001443,0.00001531,-0.00001184,-0.00
000582,0.00000403,-0.00001659,-0.00003088,0.00001971,0.00000585,0.00000003,0.000
00491,-0.00000368,0.00000258,0.00000658,-0.00011399,-0.00000810,-0.00002346,-0.0
0000130,0.00000301,-0.00002897,0.00002350,-0.00004983,0.00004584,0.00002634,-0.0
0000157,0.00002574,0.00000972,0.00001924,0.00003548,-0.00002602,0.00001597,-0.00
000159,-0.00001861,0.00001260,-0.00000170,0.00000416,-0.00001974,0.00000276,-0.0
0001432,-0.00001021,0.00002033,0.00002554,-0.00004107,-0.00000046,0.00014265,-0.
00019777,0.00006798,0.00003605,0.00005672,-0.00003819,-0.00000236,0.00000670,0.0
0000136,0.00000547,-0.00000196,-0.00000472,0.00000148,-0.00000407,-0.00000472,0.
00002899,-0.00002079,-0.00000541,-0.00000215,0.00000478,-0.00000759,-0.00000255,
0.00001357,0.00001197,0.00000509,-0.00000655,0.00000047,0.00000228,0.00000139,-0
.00000146,-0.00000182,0.00000021,-0.00000432,0.00000639,-0.00000328,-0.00000039,
-0.00000071,0.00000892,-0.00000323,-0.00000453,0.00000403,0.00000592,0.00001090,
-0.00000943,0.00000281,-0.00000107,0.00000605,0.00000497,-0.00000104,-0.00000607
,0.00000517,-0.00000739,0.00000780,0.00000182,0.00000624,0.00001323,0.00001350,-
0.00000102,-0.00000589,-0.00000361,-0.00000096,-0.00000096,0.00000116,0.00000443
,0.00000602,0.00000279,-0.00000358,-0.00000810,0.00000207,0.00000495,0.00000188,
-0.00000930,-0.00156170,-0.00555681,-0.00519773,0.00075894,-0.00002863,0.0005229
2,0.00699801,-0.02276270,-0.00557596,0.01468443,-0.04146842,-0.05070036,0.000023
89,-0.00038932,0.00020783,0.00027932,0.00009264,0.00007508,-0.00005786,0.0001173
4,-0.00004237,-0.00051679,0.00004839,0.00001698,-0.00722062,0.02400518,0.0036983
1,-0.01525162,0.04982624,0.05783734,0.00074413,-0.00062539,-0.00032239,-0.000171
80,-0.00011859,-0.00000379,-0.00008413,-0.00000628,-0.00016472,0.00002057,-0.000
00003,-0.00003130,0.00002899,-0.00004805,0.00002512,0.00001411,-0.00003577,0.000
07793,0.00030243,0.00021351,-0.00018183,0.00089927,-0.00077124,-0.00041301,0.000
03889,0.00003064,0.00000019,0.00008500,0.00005035,0.00005049,-0.00114820,0.00226
227,0.00190039,-0.00003003,-0.00002272,-0.00020262,0.00003644,0.00003342,-0.0001
2775,0.,-0.00020197,-0.00001768,0.00001947,0.00002578,-0.00002276,0.00000079,0.0
0003726,-0.00002441,0.00002055,-0.00005082,-0.00001634,0.00002450,0.00014122,0.0
0011991,0.00003449,-0.00006054,-0.00005879,0.00000200,0.00002461,0.00000155,0.00
010221,0.00001962,0.00007219,-0.00035052,0.00047671,-0.00021855,-0.00006931,-0.0
0001186,0.00020311,0.00009732,0.00003312,0.00010921,-0.00007289,-0.00002587,0.00
016621,-0.00064757,0.00048389,-0.00043348,-0.00090011,-0.00044748,0.00062249,-0.
00021934,-0.00017112,0.00002258,-0.00003331,0.00000442,-0.00000933,0.00004860,-0
.00003653,-0.00003044,-0.00000405,0.00001663,-0.00000066,-0.00000727,0.00002656,
0.00006187,0.00003707,-0.00007316,-0.00000922,-0.00000138,-0.00000701,-0.0000157
8,0.00000146,0.00001786,0.00001081,-0.00000204,-0.00000210,0.00000227,0.00000797
,-0.00001802,0.00000332,0.00000722,-0.00001007,-0.00000003,-0.00000100,-0.000000
57,0.00000143,0.00000120,-0.00000232,-0.00000521,0.00000041,-0.00000209,0.000006
76,-0.00001453,0.00000137,0.00000809,-0.00000490,0.00001070,0.00000287,0.0000002
0,0.00000541,-0.00000463,0.00000396,-0.00000934,-0.00000627,-0.00001146,0.000006
08,0.00001099,0.00000626,0.00000497,-0.00000430,0.00000701,-0.00000572,0.0000054
0,-0.00000088,0.00000224,0.00000727,0.,-0.00000105,0.00000231,-0.00001104,0.0000
0117,-0.00000152,-0.00006148,0.00066291,0.00090892,-0.00148106,-0.00140843,-0.00
321606,-0.01886434,-0.00202498,-0.00327905,-0.28377180,0.00278700,0.02951822,0.0
0062637,0.00027039,0.00102802,-0.00088816,0.00001358,0.00000171,0.00032095,0.000
22516,-0.00021001,0.00030928,-0.00026724,0.00002186,-0.01148491,-0.00131281,0.00
413757,-0.01271628,0.00302003,0.00264411,0.32863245,-0.00106370,0.00012254,0.000
22308,-0.00026853,-0.00013170,0.00021874,0.00019677,-0.00015204,-0.00009427,-0.0
0002843,0.00003723,-0.00000302,-0.00008753,-0.00000365,0.00000368,0.00000774,-0.
00002326,-0.00001426,0.00041625,-0.00101529,0.00068717,-0.00276123,-0.00272011,-
0.00119807,0.00019010,0.00007275,-0.00020559,-0.00006488,-0.00004305,-0.00001540
,0.00191235,0.00016218,-0.00050583,0.00006026,0.00005643,0.00020510,-0.00002052,
0.00002224,0.00007754,-0.00009879,0.00006626,0.00001779,0.00004772,0.00004913,-0
.00006941,-0.00005280,-0.00002648,0.00005137,-0.00003724,0.00002524,0.00000500,0
.00087174,-0.00066932,-0.00010544,0.00012892,0.00002178,0.00015421,-0.00012581,0
.00005659,-0.00016209,0.00015229,0.00009954,-0.00000266,0.00047484,0.00005827,-0
.00000659,0.00003037,-0.00019584,0.00001657,-0.00011642,0.00003075,-0.00008195,0
.00002082,-0.00011494,-0.00005253,0.00020357,0.00019031,-0.00027271,0.00005943,0
.00059069,0.00002295,0.00023487,0.00064250,0.00022706,0.00003119,0.00003111,0.00
000714,-0.00002236,0.00003346,0.00001834,-0.00002593,0.00002381,0.00000760,-0.00
010457,-0.00003538,-0.00000610,-0.00010388,0.00009338,-0.00002461,0.00000024,-0.
00000279,0.00001771,-0.00001984,0.00000375,-0.00001632,-0.00002447,0.00002760,0.
00000398,0.00000912,0.00000649,0.00000317,0.00000132,-0.00000975,0.00000089,-0.0
0003388,0.00002650,0.00000222,0.00000938,0.00000412,0.00000051,-0.00000042,-0.00
000296,0.00000398,0.00006578,0.00003913,-0.00000474,-0.00000563,0.00000249,0.000
01596,0.00000078,0.00000701,-0.00000715,0.00000139,-0.00001423,-0.00000607,0.000
00065,0.00000936,0.00002655,0.00000855,0.00002653,0.00000606,0.00000198,-0.00000
980,0.00000342,0.00000412,-0.00000234,0.00001235,0.00001189,0.00001336,-0.000001
74,-0.00001900,0.00000082,-0.00000129,0.00103334,0.00033494,0.00047271,-0.001113
25,-0.00031412,-0.00182660,-0.01076550,0.00052630,0.00026232,0.00322393,-0.04366
787,0.00117226,0.00040414,-0.00001730,0.00057332,-0.00064459,0.00018640,-0.00012
637,0.00016141,0.00001760,-0.00003585,-0.00001208,0.00000187,-0.00004030,-0.0206
2471,-0.00024844,0.00468799,0.03140770,-0.00295885,-0.00453561,-0.00320438,0.048
56506,-0.00085052,0.00042014,-0.00004028,0.00000940,-0.00000219,0.00025591,0.000
05038,0.00002039,0.00006448,-0.00002215,0.00002146,-0.00001377,-0.00001523,0.000
03833,-0.00000293,0.00000121,0.00004546,-0.00004390,-0.00013532,0.00055228,0.000
20214,-0.00237909,-0.00257199,0.00010435,0.00009673,0.00002932,-0.00020280,-0.00
005002,0.00002605,-0.00003277,0.00164473,0.00058805,-0.00123311,0.00005665,-0.00
000568,0.00019209,0.00006696,-0.00000967,0.00007691,-0.00004090,0.00002674,-0.00
000117,0.00005768,-0.00006038,-0.00018230,0.00004881,0.00000518,0.00000940,-0.00
003470,0.00002782,-0.00001838,0.00081835,-0.00050564,0.00025788,0.00005956,-0.00
006780,0.00008868,-0.00008727,0.00011832,-0.00012866,0.00000287,-0.00000909,-0.0
0010293,-0.00013017,-0.00031381,-0.00015493,0.00008152,0.00016843,-0.00016240,-0
.00009918,-0.00000547,-0.00006738,-0.00010576,0.00002539,-0.00006952,0.00014137,
-0.00031594,-0.00003001,0.00070513,0.00014958,0.00032670,0.00025109,0.00089885,0
.00006459,0.00002243,0.00000699,-0.00001268,-0.00002459,0.00001282,0.00000015,-0
.00001160,0.00000432,-0.00000697,0.00001641,-0.00003306,-0.00000904,-0.00007261,
0.00005927,-0.00000366,-0.00000113,0.00000182,0.00001509,-0.00000611,-0.00000635
,-0.00000872,-0.00001189,0.00001095,-0.00000560,-0.00001434,-0.00000009,-0.00000
136,0.00000666,0.00000702,-0.00000046,-0.00001598,0.00000957,-0.00000325,-0.0000
0050,-0.00000331,0.00000204,0.00000299,-0.00000308,-0.00001089,0.00002532,0.0000
3666,-0.00000404,-0.00000331,0.00000050,0.00001204,-0.00000006,0.00000473,-0.000
00340,0.00001749,-0.00001177,-0.00000398,-0.00000799,-0.00000343,0.00000575,0.00
000283,0.00001645,0.00000282,0.00000288,-0.00000019,-0.00000055,0.00000036,-0.00
000084,0.00000796,0.00000694,0.00000952,-0.00000184,-0.00000751,-0.00000334,-0.0
0000358,0.00164203,0.00078928,0.00068061,-0.00277081,-0.00177193,-0.00396679,-0.
02595124,0.00019217,0.00113597,0.03033592,0.00105059,-0.04563530,-0.00074084,-0.
00039785,0.00095820,-0.00157400,-0.00011489,0.00002316,0.00008128,-0.00004922,-0
.00012071,0.00013781,-0.00001172,-0.00009083,0.02526761,0.00127587,-0.00457964,0
.00618339,-0.00055735,-0.00009330,-0.03280448,0.00001704,0.05348284,0.00004265,0
.00004339,-0.00001774,0.00002076,0.00000330,-0.00008127,-0.00002269,0.00003914,-
0.00003609,0.00000186,0.00001157,-0.00000096,-0.00000271,0.00000336,0.00000070,-
0.00000156,-0.00000017,-0.00000027,-0.00001290,-0.00003640,0.00002004,-0.0002925
6,-0.00004822,-0.00066211,-0.00002240,-0.00000544,0.00006167,-0.00001280,0.00000
192,0.00000311,-0.00023699,0.00052449,0.00015942,-0.00006161,0.00003062,0.000026
21,0.00002180,-0.00006294,0.00000222,0.00001412,0.00000282,0.00001576,-0.0001472
6,-0.00005979,-0.00012541,0.00002664,0.00000013,-0.00001639,0.00001205,-0.000008
68,0.00000438,0.00001503,-0.00007901,-0.00005049,0.00002666,0.00003457,0.0000339
1,0.00001852,0.00001227,-0.00002880,-0.00000978,0.00000461,0.00003766,-0.0000273
5,-0.00001738,0.00003182,0.00000070,0.00000037,0.00002348,-0.00000099,0.00000142
,0.00001831,0.00002943,0.00002414,-0.00000761,-0.00001194,-0.00001137,0.00003510
,0.00011648,-0.00000576,0.00001853,0.00006708,0.00024494,0.00021666,0.00001657,-
0.00000057,-0.00000760,0.00000523,-0.00000194,0.00000537,-0.00000005,0.00000410,
0.00000299,0.00001895,0.00000469,-0.00000047,0.00000597,0.00001231,-0.00000105,0
.00000322,-0.00000108,0.00000303,-0.00000057,-0.00000120,-0.00001014,-0.00000011
,0.00000014,0.00000350,0.00000350,-0.00000131,0.00000337,-0.00000098,-0.00000286
,0.00000140,0.00000210,-0.00000098,0.00000234,-0.00000156,-0.00000095,-0.0000015
3,-0.00000608,0.00000221,-0.00000025,0.00000900,0.00000983,-0.00001743,0.0000048
3,-0.00000240,-0.00000050,-0.00000330,-0.00000350,-0.00000033,-0.00001623,0.0000
1067,0.00000014,0.00002846,0.00001756,0.00002733,-0.00000471,0.00000026,0.000005
28,-0.00000507,-0.00000853,0.00000544,0.00000800,-0.00000143,0.00000101,-0.00000
493,-0.00000305,0.00000035,0.00000175,0.00000119,0.00000069,0.00000068,0.0005316
8,-0.00011147,0.00062362,-0.00000013,0.00102139,0.00311757,0.00302156,0.00521721
,0.00009886,-0.00057193,0.00103887,-0.08946711,-0.03857743,-0.08670762,-0.000327
55,-0.00031321,0.00035752,-0.00007376,-0.00001044,-0.00006742,-0.00005098,0.0000
7250,0.00001805,0.00033710,0.00003434,0.00032965,-0.00008995,0.00005982,0.000042
73,0.00015301,-0.00008460,0.00014608,0.10031232,-0.00003815,-0.00000232,-0.00000
233,-0.00003062,0.00000315,0.00011556,0.00009164,-0.00003414,-0.00002589,0.00000
719,0.00000975,-0.00001271,-0.00000432,0.00000750,0.00000813,-0.00000363,0.00000
940,0.00000143,-0.00001159,0.00001618,0.00000046,0.00040707,-0.00036849,0.000174
89,0.00003988,0.00001036,-0.00008456,-0.00000753,-0.00001857,0.00000570,-0.00026
129,0.00020163,-0.00010841,-0.00002757,-0.00002721,-0.00000612,0.00000707,0.0000
0098,0.00000504,-0.00000764,-0.00001910,-0.00000839,0.00001016,0.00004785,-0.000
00965,-0.00000607,-0.00000221,-0.00000411,0.00000064,0.00000253,-0.00000565,0.00
013379,-0.00005395,0.00003579,0.00001140,0.00000609,0.00004929,-0.00003420,-0.00
001872,-0.00002665,-0.00000916,-0.00000435,-0.00002119,-0.00001647,-0.00004170,-
0.00001389,0.00001438,-0.00000106,0.00000783,-0.00000026,-0.00001023,0.00000857,
0.00001549,0.00001607,-0.00000442,0.00001341,0.00002299,-0.00000350,0.00001453,-
0.00002184,-0.00000478,-0.00004432,0.00014221,-0.00006488,-0.00000509,-0.0000101
5,0.00004111,0.00000144,-0.00000882,-0.00000372,-0.00000703,0.00000460,0.0000025
5,-0.00000565,0.00000181,0.00000237,-0.00003673,0.00002887,-0.00000819,-0.000000
22,-0.00000195,0.00000671,0.00000149,-0.00001168,-0.00001068,-0.00000679,0.00000
924,-0.00000120,-0.00000229,-0.00000356,-0.00000068,0.00000227,-0.00000100,0.000
00250,-0.00000877,0.00000650,0.00000048,-0.00000148,-0.00000618,0.00000432,0.000
00607,-0.00000166,-0.00000300,0.00001426,0.00000293,0.00001218,-0.00000604,-0.00
000972,-0.00000121,0.00000004,0.00000153,0.00000441,0.00000692,0.00000194,-0.000
00339,-0.00000736,-0.00002580,-0.00002252,0.00000223,0.00001041,0.00000141,0.000
00123,0.00001037,-0.00000662,-0.00000916,-0.00000837,-0.00000258,0.00000300,0.00
001274,-0.00000483,-0.00000431,0.00000029,0.00000677,-0.00016123,0.00161139,-0.0
0031752,0.00055555,0.00024475,0.00003159,0.00596542,0.00504527,0.01343667,-0.000
72362,-0.00110346,0.00255480,-0.03757651,-0.07661094,-0.07349035,-0.00012773,0.0
0023186,0.00013411,0.00010302,-0.00006466,0.00002724,-0.00004994,-0.00017581,-0.
00017522,0.00026335,0.00034230,0.00080257,-0.00009343,0.00005060,0.00012898,-0.0
0000745,-0.00012244,-0.00000329,0.04505225,0.08472903,0.00023016,-0.00002375,0.0
0002801,-0.00003657,-0.00002158,-0.00019048,-0.00000403,0.00002007,-0.00013339,0
.00002159,0.00000288,-0.00001234,-0.00000047,0.00000834,0.00001710,0.00000434,-0
.00000430,0.00000893,0.00004243,-0.00006525,-0.00000568,-0.00066844,0.00002359,-
0.00080312,0.00000846,0.00002522,0.00010957,-0.00001556,-0.00000964,-0.00001398,
0.00049087,0.00021417,0.00038246,-0.00007439,-0.00004222,-0.00004626,-0.00000420
,-0.00004231,0.00000818,0.00000830,-0.00002463,-0.00000259,-0.00009673,0.0000045
0,0.00001020,-0.00000562,0.00000310,-0.00000038,0.00002043,0.00000432,-0.0000049
8,-0.00008936,-0.00007168,-0.00011989,-0.00000007,0.00005048,0.00006680,-0.00006
645,-0.00001238,0.00000462,0.00005345,0.00001485,0.00011812,-0.00004360,-0.00002
294,0.00008301,-0.00002913,-0.00002018,0.00007279,0.00004330,0.00000452,0.000028
07,0.00005875,0.00001649,0.00000917,-0.00003835,0.00010007,0.00003588,0.00003501
,-0.00001027,-0.00006746,0.00013045,0.00016062,0.00016682,0.00002823,0.00003415,
-0.00005565,0.00001337,-0.00001863,-0.00000190,-0.00000192,0.00000370,0.00000093
,0.00000157,0.00000659,0.00000473,0.00000958,0.00002062,0.00000614,0.00000646,-0
.00000604,0.00000630,0.00000174,-0.00002280,-0.00002007,-0.00000280,0.00000438,0
.00000342,0.00000746,-0.00000401,0.00000339,-0.00000115,-0.00000519,-0.00000193,
0.00000303,0.00000118,0.00000168,-0.00001070,-0.00000355,-0.00000024,-0.00000584
,0.00000163,-0.00000416,0.00001121,0.00001131,-0.00003054,-0.00000368,-0.0000030
2,-0.00000545,-0.00000831,0.00000044,-0.00001376,0.00001210,-0.00000835,-0.00000
249,0.00001714,0.00002554,0.00006622,-0.00000431,-0.00000067,0.00000967,0.000004
42,-0.00001425,0.00000765,0.00001829,0.00000676,0.00002622,-0.00000011,-0.000010
98,0.00000118,-0.00000428,0.00000558,-0.00001418,0.00000817,-0.00107615,0.002069
49,-0.00091993,-0.00057027,0.00075135,-0.01024138,-0.00695989,-0.02727226,0.0016
2552,0.00337604,-0.00469282,-0.08586363,-0.07323740,-0.20537263,0.00083081,0.000
44902,0.00018044,-0.00028121,-0.00015534,0.00038603,0.00002509,-0.00005617,-0.00
014968,-0.00062467,-0.00037110,-0.00144810,0.00000206,0.00027212,0.00028896,0.00
047263,0.00003756,0.00018551,0.09971203,0.08352392,0.24016621,-0.00029781,0.0000
1729,-0.00003867,0.00000577,-0.00001125,0.00004783,-0.00000823,-0.00002161,0.000
05552,-0.00000846,0.00001068,-0.00000823,-0.00000614,-0.00000607,-0.00000409,0.0
0000527,-0.00000406,-0.00000207,-0.00001850,-0.00000407,0.00003092,-0.00013491,-
0.00041063,0.00026566,0.00002040,0.00001347,-0.00004478,0.00002276,-0.00000507,0
.00000955,-0.00086862,0.00086121,-0.00072457,0.00004170,0.00002492,0.00006034,0.
00001887,0.00004534,-0.00000334,-0.00001372,-0.00000060,-0.00000159,0.00011218,-
0.00003339,-0.00007375,0.00000616,0.00002019,-0.00000023,-0.00001137,0.00000014,
-0.00000104,0.00028883,-0.00010473,0.00009483,0.00001684,-0.00005023,-0.00001126
,0.00001266,0.00001034,-0.00000972,-0.00000770,0.00001144,-0.00002669,0.00001749
,-0.00001627,-0.00004617,0.00003939,-0.00001383,-0.00002212,-0.00002103,-0.00000
877,-0.00001708,-0.00001077,-0.00001446,-0.00000500,0.00003156,-0.00001356,-0.00
005013,-0.00000115,0.00010793,0.00004102,0.00006394,0.00008497,-0.00001827,0.000
00630,0.00002945,-0.00000149,-0.00000038,0.00000818,-0.00000037,-0.00000327,0.00
000640,0.00000374,-0.00000489,0.00000076,0.00000193,-0.00002774,0.00002125,-0.00
000212,-0.00000301,0.00000225,0.00000127,-0.00000118,0.00000284,0.00000449,-0.00
000616,0.00000659,0.00000148,-0.00000079,-0.00000215,-0.00000030,0.00000202,-0.0
0000143,0.00000160,-0.00000993,0.00000540,-0.00000206,0.00000204,-0.00000359,-0.
00000031,0.00000362,-0.00000516,-0.00000501,0.00001585,0.00000432,0.00000113,0.0
0000201,0.00000205,0.00000258,0.00000340,-0.00000389,0.00000103,-0.00000243,-0.0
0000668,0.00000016,-0.00000654,0.00000246,-0.00000430,-0.00000021,0.00000651,0.0
0000147,-0.00000225,0.00000199,-0.00000135,-0.00000061,0.00000256,0.00000020,0.0
0000338,0.00000405,-0.00000117,-0.00000228,0.00000182,-0.00000140,-0.00008452,-0
.00225903,0.00121261,0.00016012,-0.00061926,0.00022597,0.00189138,-0.00625247,-0
.00100568,0.00004582,0.00002866,-0.00025023,-0.06102925,0.06465200,0.00893765,-0
.00006749,-0.00007392,-0.00007306,-0.00002130,0.00007991,-0.00005741,-0.00040307
,-0.00024636,0.00054353,-0.00010600,-0.00011524,0.00001603,0.00030143,-0.0001174
6,-0.00022827,-0.00020853,0.00022761,0.00000718,0.00393716,-0.01347526,-0.002909
52,0.06782285,0.00026800,0.00021923,-0.00004625,-0.00002227,0.00008742,-0.000291
18,-0.00014645,0.00011797,-0.00012864,-0.00003021,0.00001663,0.00001585,-0.00000
477,0.00000023,-0.00001791,-0.00000395,0.00001219,-0.00001520,-0.00000789,-0.000
03314,-0.00005133,-0.00129912,0.00090508,0.00010111,-0.00007834,-0.00006653,0.00
019789,-0.00006020,0.00001463,-0.00002801,0.00045317,-0.00025437,0.00049222,-0.0
0000998,-0.00008145,-0.00003918,-0.00003901,-0.00004866,-0.00000917,-0.00000615,
-0.00002111,0.00001431,-0.00007274,-0.00006871,0.00003641,0.00002436,0.00000609,
0.00001134,0.00000268,0.00000244,0.00002832,-0.00043448,0.00009446,-0.00016425,-
0.00003856,0.00005998,0.00001105,0.00007989,-0.00005158,0.00008723,0.00004302,-0
.00002793,0.00011021,0.00000329,0.00000493,0.00009762,-0.00007947,0.00001020,0.0
0002161,0.00001115,0.00000753,0.00000774,0.00002636,0.00000933,0.00000796,-0.000
04544,-0.00003501,0.00006000,0.00005389,-0.00005909,-0.00001063,0.00018435,-0.00
039936,-0.00011325,0.00007602,0.00005439,-0.00002416,-0.00000389,0.00001292,0.00
001233,0.00002085,-0.00001274,-0.00000972,0.00001200,-0.00001018,-0.00001131,0.0
0010504,-0.00007751,0.00002398,-0.00000488,0.00000656,-0.00002932,-0.00000560,0.
00002602,0.00001757,0.00001947,-0.00002434,0.00000043,0.00000120,0.00001059,0.00
000155,-0.00000527,0.00001067,-0.00000696,0.00002892,-0.00002048,0.00000305,-0.0
0000210,0.00001720,-0.00000327,-0.00001305,0.00001119,0.00001390,-0.00001720,-0.
00003069,-0.00001995,0.00000302,0.00001372,-0.00000410,-0.00000434,-0.00000992,0
.00000148,-0.00001807,0.00001401,0.00000869,0.00001708,0.00001680,0.00002683,-0.
00000455,-0.00002372,-0.00001224,-0.00000270,0.00000038,0.00000696,0.00001153,0.
00000937,0.00000155,-0.00001296,-0.00002768,0.00000474,0.00001965,0.00000949,-0.
00001197,-0.00023518,-0.00526739,0.00409183,0.00053465,0.00046564,-0.00064208,0.
00479083,-0.01967329,-0.00067969,0.00002577,0.00052400,-0.00083442,0.06383755,-0
.26164650,-0.03146342,-0.00003489,-0.00023804,-0.00003313,0.00021955,0.00024843,
-0.00028274,-0.00053773,0.00053310,0.00041070,0.00000551,0.00017358,-0.00035076,
-0.00014592,0.00060440,0.00037340,0.00012959,-0.00019410,0.00001822,0.00328416,-
0.01518178,-0.00510985,-0.07435361,0.30372268,0.00002292,-0.00005291,0.00003254,
0.00002195,-0.00003915,0.00005378,0.00003103,-0.00000280,0.00000551,0.00000244,-
0.00000286,0.00000086,0.00000542,-0.00000365,0.00000034,0.00000752,-0.00000555,0
.00000325,0.00001254,0.00000820,0.00002028,0.00055264,0.00018481,-0.00034911,-0.
00000950,0.00000324,-0.00000710,-0.00000322,0.00000559,0.00000005,0.00008331,-0.
00045253,0.00004601,-0.00001440,0.00002298,0.00000277,-0.00000191,-0.00001358,0.
00000447,0.00000367,0.00000178,0.00000201,-0.00004699,-0.00000232,-0.00000189,-0
.00000309,-0.00000552,0.00000658,0.00000269,-0.00000123,-0.00000032,-0.00003816,
0.00006630,-0.00001432,0.00001198,0.00001194,0.00000322,-0.00001900,0.00005542,-
0.00001579,-0.00001965,-0.00000185,-0.00000905,0.00001075,0.00001927,-0.00001445
,-0.00000784,0.00000030,-0.00000627,0.00000948,-0.00000154,-0.00000336,-0.000021
64,0.00000145,0.00000227,-0.00000696,-0.00000332,-0.00000397,-0.00001687,0.00000
580,0.00000846,-0.00004493,0.00002686,0.00013005,-0.00003855,-0.00004339,-0.0000
1676,-0.00000039,-0.00000073,-0.00000014,0.00000095,-0.00000328,-0.00000049,0.00
000253,-0.00000179,0.00000046,0.00000645,-0.00000257,-0.00000393,0.00000037,0.00
000108,-0.00000054,0.00000161,-0.00000047,0.00000002,0.00000131,-0.00000151,0.00
000019,0.00000086,-0.00000083,-0.00000141,0.00000071,-0.00000269,0.00000027,0.00
000148,-0.00000130,-0.00000060,-0.00000131,-0.00000176,-0.00000088,-0.00000018,0
.00000143,-0.00000012,-0.00000931,0.00000530,0.00000630,0.00000111,-0.00000357,0
.00000237,0.00000140,0.00000460,0.00000089,-0.00000447,0.00000113,-0.00000135,0.
00000353,0.00001122,-0.00000278,0.00000048,0.,0.00000131,0.00000107,-0.00000643,
0.00000337,-0.00000019,0.00000057,-0.00000320,-0.00000057,0.,0.00000165,-0.00000
331,-0.00000538,0.00000431,0.00084888,0.00618192,-0.00326685,-0.00051427,0.00009
075,0.00038897,-0.00590651,0.02051329,0.00232801,0.00000718,0.00049157,0.0002391
8,0.00846104,-0.03202248,-0.04677695,0.00004609,-0.00015167,-0.00009493,-0.00019
012,-0.00005809,0.00002278,0.00041239,0.00015194,-0.00005548,0.00003044,-0.00012
695,0.00018669,0.00003834,0.00005775,-0.00082052,-0.00006967,0.00001215,-0.00003
115,0.00664022,-0.02725058,-0.00549942,-0.01121932,0.03548696,0.05324416,0.00045
224,-0.00053253,0.00023905,-0.00009305,0.00000215,-0.00002434,-0.00014358,-0.000
02294,0.00005789,-0.00000497,-0.00002421,0.00001827,0.00000099,-0.00005561,-0.00
002541,0.00002106,-0.00003936,0.00001803,-0.00001983,-0.00001820,0.00003310,0.00
158467,-0.00047890,0.00031432,0.00001388,-0.00000888,0.00000323,0.00015803,-0.00
005097,0.00004449,-0.00218606,0.00254588,-0.00119218,-0.00012399,0.00005781,-0.0
0004492,-0.00003435,0.00010677,-0.00007764,0.00005588,-0.00009571,-0.00004140,-0
.00000859,0.00033016,0.00028649,-0.00008552,-0.00001220,-0.00003249,0.00002639,-
0.00003714,0.00001286,0.00003048,0.00011505,-0.00007912,0.00000325,-0.00007659,-
0.00014708,0.00001780,-0.00001900,0.00001006,0.00007583,0.00001557,-0.00002510,-
0.00004996,0.00009838,0.00002495,0.00011718,-0.00006424,0.00008156,-0.00000106,-
0.00007539,0.00006032,0.00004215,0.00002043,0.00005221,-0.00011387,0.00012312,0.
00002302,-0.00011052,-0.00006349,-0.00026689,-0.00023580,-0.00042844,-0.00003980
,-0.00002703,0.00000793,0.00000589,0.00001075,0.00001968,0.00001677,0.00000653,0
.00000272,0.00000887,0.00000596,0.00004060,0.00001765,0.00004851,-0.00006464,0.0
0000622,-0.00000513,0.00000578,-0.00001493,-0.00000018,0.00001732,0.00002377,0.0
0000401,-0.00000485,0.00000007,0.00000793,0.00000999,-0.00000324,0.00000047,-0.0
0000118,-0.00000088,0.00000057,-0.00000172,-0.00000139,0.00000502,0.00000226,-0.
00000230,0.00000286,-0.00000863,0.00000552,-0.00002337,-0.00001676,0.00001865,-0
.00000157,0.00001128,-0.00000291,0.00000294,0.00000480,-0.00000066,0.00001175,-0
.00000910,-0.00000730,-0.00001990,-0.00001290,-0.00001599,0.00000535,-0.00000457
,-0.00001007,0.00000608,0.00000405,-0.00000068,-0.00000586,0.00000173,0.00000074
,-0.00000068,-0.00000298,-0.00000059,-0.00000458,0.00000237,-0.00000252,-0.00046
162,0.00071883,-0.00061167,-0.00054583,-0.00170426,0.00229871,-0.01348094,-0.002
75280,0.00557707,0.00056383,0.00056233,-0.00081267,-0.28423428,0.01379341,0.0218
5242,0.00033409,0.00017765,0.00017681,-0.00059740,0.00002494,0.00012430,0.000266
65,-0.00023757,-0.00015406,0.00003332,0.00009168,-0.00041737,-0.00017015,0.00005
669,0.00008230,0.00062773,-0.00007761,-0.00002873,-0.01818519,0.00007375,-0.0019
0207,-0.01150096,0.00348841,0.00092556,0.32793166,-0.00102716,0.00026837,-0.0001
8734,-0.00015446,-0.00004958,0.00032620,0.00012468,-0.00004817,0.00003989,-0.000
02879,0.00003773,-0.00003015,-0.00002692,0.00001986,0.00001146,-0.00001055,0.000
01344,-0.00001570,-0.00001680,-0.00002115,0.00009041,-0.00315121,-0.00346663,0.0
0103226,0.00018922,0.00005328,-0.00027213,-0.00005078,0.00002401,0.00000468,0.00
251450,0.00019776,-0.00031303,0.00018038,-0.00005749,0.00018216,0.00006474,0.000
08414,0.00008503,-0.00012698,0.00001685,-0.00000730,0.00050849,-0.00006722,-0.00
034812,-0.00002545,0.00000668,0.00001513,-0.00005676,0.00002645,-0.00002777,0.00
089954,-0.00057814,0.00037562,0.00008195,-0.00009151,0.00008615,-0.00013436,0.00
009385,-0.00011702,0.00009192,0.00002954,-0.00008307,0.00009736,-0.00011304,-0.0
0012185,0.00002602,-0.00001430,-0.00004750,-0.00007542,0.00000772,-0.00006012,-0
.00004450,-0.00001901,-0.00005621,0.00013712,-0.00003124,-0.00013641,0.00005371,
0.00025116,0.00004648,0.00024185,0.00091516,0.00010618,0.00004271,0.00002508,0.0
0000713,-0.00001472,0.00000847,-0.00001468,-0.00002451,0.00002383,-0.00000173,-0
.00005890,-0.00001965,-0.00001256,-0.00012164,0.00008562,-0.00001700,-0.00000235
,-0.00000464,0.00002001,-0.00001190,-0.00000687,-0.00001345,-0.00002230,0.000025
22,-0.00000203,-0.00000459,-0.00000589,0.00000077,0.00000414,-0.00000256,0.00000
123,-0.00003202,0.00002392,-0.00000208,0.00000750,-0.00000258,0.00000162,0.00000
823,-0.00001044,-0.00000507,0.00005367,0.00005831,-0.00000518,-0.00000692,0.0000
0196,0.00001668,0.00000129,0.00000935,-0.00000593,0.00002102,-0.00002635,-0.0000
0883,-0.00001756,-0.00000458,0.00000535,0.00000837,0.00002877,0.00000409,0.00000
436,-0.00000211,0.00000011,0.00000074,-0.00000294,0.00001195,0.00001359,0.000015
62,-0.00000376,-0.00001730,0.00000025,-0.00000202,0.00121262,0.00077397,-0.00067
872,-0.00134440,-0.00155521,0.00291108,-0.01698555,0.00078166,0.00314877,0.00006
893,0.00004180,-0.00078883,0.01442634,-0.04357274,-0.00319725,0.00018684,-0.0000
0294,0.00002619,-0.00101824,0.00008324,0.00033989,0.00003050,-0.00002230,0.00004
439,-0.00007777,-0.00008587,-0.00007341,0.00019666,-0.00016978,-0.00007578,-0.00
004748,0.00041051,0.00015376,-0.01317966,0.00112877,-0.00042901,0.03194915,-0.00
446818,-0.00315128,-0.01553016,0.04895076,0.00046799,-0.00028917,0.00005950,0.00
013245,0.00003714,-0.00011281,-0.00001200,-0.00002395,0.00004048,0.00000545,-0.0
0001598,0.00000112,0.00003637,-0.00002913,0.00000183,0.00001576,-0.00001633,0.00
000986,0.00002533,0.00008787,-0.00010717,0.00180706,0.00192056,0.00038301,-0.000
10114,-0.00002103,0.00010059,0.00003310,0.00000833,-0.00001770,-0.00124054,-0.00
087279,-0.00048486,0.00012004,-0.00000564,-0.00013144,-0.00006487,0.00008812,-0.
00006216,0.00004781,-0.00004920,-0.00001846,0.00014913,-0.00013607,0.00025336,-0
.00000415,0.00002906,0.00003569,0.00001414,0.00000185,-0.00000265,-0.00046688,0.
00044745,-0.00001308,-0.00011572,-0.00004300,-0.00008019,0.00003851,-0.00008378,
0.00009533,-0.00007939,-0.00003116,0.00001154,0.00000466,0.00010189,-0.00002485,
-0.00002531,-0.00001018,-0.00001733,0.00007978,-0.00002572,0.00000155,-0.0000603
7,-0.00001036,0.00007373,-0.00006025,0.00007319,-0.00004651,-0.00038784,-0.00009
711,-0.00003513,-0.00021292,-0.00070928,-0.00025917,-0.00001302,-0.00000907,-0.0
0001086,-0.00000001,-0.00000444,-0.00000974,0.00001011,-0.00001476,-0.00000289,0
.00001207,0.00000506,0.00001283,0.00003771,-0.00003095,0.00001215,-0.00000202,0.
00000520,-0.00001021,0.00000991,-0.00000478,0.00001376,0.00001016,-0.00001085,-0
.00000407,-0.00000371,-0.00000087,-0.00000616,0.00000149,0.00000409,-0.00000193,
0.00001583,-0.00001131,-0.00000281,-0.00000742,-0.00000391,0.00000085,0.00000324
,0.00000128,-0.00000541,-0.00004107,-0.00003773,0.00000425,0.00000208,-0.0000051
1,-0.00000922,0.00000084,-0.00000426,0.00000446,0.00000573,0.00000320,0.00000706
,-0.00000871,-0.00000309,-0.00001648,-0.00000439,-0.00001297,-0.00000276,-0.0000
0071,0.00000815,-0.00000442,-0.00000404,0.00000359,-0.00000821,-0.00000325,-0.00
000638,0.00000075,0.00001134,-0.00000141,0.00000142,-0.00130023,-0.00097153,0.00
074202,0.00191370,0.00285246,-0.00372943,0.02508292,-0.00001557,-0.00469072,0.00
084787,0.00011430,0.00081626,0.02103394,-0.00290858,-0.04474887,-0.00013472,0.00
004429,-0.00010993,0.00147735,0.00016055,-0.00016715,-0.00020835,0.00007160,-0.0
0001013,-0.00013917,-0.00009279,0.00024565,0.00004436,-0.00002802,-0.00006367,-0
.00032170,0.00014707,-0.00107028,-0.02734200,0.00057530,0.00067058,0.00530250,-0
.00136096,0.00024978,-0.02643479,0.00121766,0.05224948\\-0.00001177,0.00001601,-
0.00000360,-0.00000150,0.00000479,-0.00000085,-0.00000333,-0.00000532,0.00000813
,-0.00001171,0.00000156,-0.00000512,-0.00000169,0.00000099,-0.00000140,0.0000022
0,-0.00000194,0.00000014,0.00000728,-0.00000711,0.00000748,-0.00000265,-0.000012
50,0.00001772,-0.00000213,0.00000016,0.00000282,0.00000696,-0.00000488,0.0000010
0,-0.00000957,0.00001532,-0.00000177,0.00001212,-0.00001220,-0.00000221,0.000010
34,0.00000543,-0.00000055,0.00000106,-0.00001251,0.00000830,-0.00000603,0.000004
42,0.00000126,-0.00000387,-0.00000489,-0.00000027,0.00000048,0.00000341,-0.00000
124,-0.00000176,-0.00001123,-0.00000654,0.00001299,0.00001084,-0.00000246,-0.000
00135,-0.00000017,0.00001911,0.00000053,-0.00000354,-0.00000567,-0.00001151,0.00
000560,-0.00000187,0.00000160,-0.00000582,-0.00000057,0.00000726,0.00000137,-0.0
0000274,0.00000664,-0.00000287,-0.00000164,0.00000795,0.00000820,0.00000497,0.00
000391,-0.00000531,0.00000228,-0.00000454,0.00000105,-0.00002748,0.00000150,-0.0
0000152,-0.00000098,0.00000096,0.00000283,0.00000203,0.00000244,-0.00000139,-0.0
0000042,-0.00000654,0.00000165,0.00000053,0.00000537,0.00000541,0.00000295,-0.00
000091,-0.00000292,0.00000288,-0.00000089,0.00000332,0.00000012,-0.00000123,-0.0
0000101,-0.00000033,-0.00000079,-0.00000076,-0.00000214,0.00000177,0.00000086,-0
.00000099,0.00000101,-0.00000102,-0.00000113,-0.00000243,0.00000001,-0.00000027,
0.00000056,-0.00000111,0.00000031,0.00000367,0.00000187,-0.00000196,0.00000338,-
0.00000128,-0.00000448,-0.00000143,0.00000103,-0.00000395,-0.00000202,0.00000019
,0.00000177,0.00000028,-0.00000105,0.00000101,-0.00000201,0.00000083,0.00000114,
0.00000131,-0.00000106,0.00000236,0.00000021,-0.00000063,0.00000062,-0.00000127,
-0.00000164,0.00000049,-0.00000031,0.00000141,0.00000395,0.00000108,0.00000349,-
0.00001514,-0.00000269,-0.00000847,0.00000062,0.00000102,0.00000062,0.00001566,-
0.00000751,0.00000568,-0.00000284,-0.00000605,0.00000031,-0.00000741,0.00000075,
0.00000399,0.00000041,0.00000081,-0.00000196,-0.00000326,0.00000019,0.00000157,0
.00000308,-0.00000308,0.00000198,0.00000032,0.00000240,0.00000078,-0.00000206,-0
.00000033,-0.00000099,-0.00000369,-0.00000077,0.00000312,0.00000341,0.00000237,-
0.00000018,0.00000176,0.00000129,-0.00000282,-0.00000161\\\@
