1\1\GINC-ECHO\Freq\External='./xtb.sh'\ZDO\C23H34Fe1N2O4Pd1\ECHO\14-Oct-2024\0\\
#p freq external='./xtb.sh'\\Generate automatically by rxnb\\0,1\Fe,-2.24136,0.5
2726,-0.74374\C,0.81045,0.88993,2.60877\Pd,-0.35385,-0.63798,0.53355\C,-2.70173,
-2.16568,-0.55118\H,-4.16143,2.10787,-1.60059\H,-4.80274,0.08599,-0.047\H,-2.957
59,-0.02562,1.9443\C,2.28452,-0.37077,-0.25693\O,0.95958,1.59356,3.59198\C,-2.09
664,-1.23108,-1.53311\O,1.9464,-1.3199,-1.12144\C,-0.80413,0.54835,-2.04723\C,-2
.05752,0.73948,-2.65615\C,-2.87106,-0.3608,-2.32797\H,-0.02398,1.28047,-2.05473\
H,-2.37713,1.62333,-3.15948\H,-3.91717,-0.44159,-2.52108\H,0.90072,-1.22793,-1.2
5181\C,-0.77065,-0.7188,-1.39843\C,1.56089,1.34271,1.28168\O,0.12251,-0.16899,2.
54391\C,-2.02633,1.64479,0.88128\C,-2.43614,2.38404,-0.24558\C,-3.64575,1.83212,
-0.70985\C,-3.96956,0.73481,0.11104\C,-2.9759,0.62217,1.09804\H,-1.23538,1.8768,
1.56033\N,1.36232,0.31794,0.30106\H,2.62023,1.46714,1.53691\H,-3.64063,-1.6908,-
0.26702\H,-2.90858,-3.17461,-0.93634\H,-1.88881,3.15686,-0.73715\N,-1.82784,-2.2
3406,0.63204\C,-0.82698,-3.29839,0.46305\C,-2.58699,-2.52086,1.84291\H,-1.3006,-
4.29063,0.52968\H,-0.34893,-3.21687,-0.51533\H,-0.07001,-3.22196,1.25439\H,-2.89
809,-3.57378,1.87911\H,-1.96904,-2.30448,2.71498\H,-3.48429,-1.90897,1.87949\C,0
.97845,2.6572,0.7378\C,1.99496,3.5481,0.02202\C,2.50084,2.95955,-1.28899\H,0.570
8,3.2232,1.57809\H,0.16782,2.39007,0.04385\H,1.51816,4.51021,-0.18287\H,2.84109,
3.73583,0.68585\H,1.67027,2.75196,-1.96152\H,3.17275,3.65794,-1.78403\H,3.04233,
2.03609,-1.11018\O,3.56396,-0.08966,-0.04847\C,5.894,-0.2196,-0.02696\C,4.64152,
-0.86812,-0.61792\C,4.53443,-2.32598,-0.17307\C,4.64653,-0.74499,-2.14154\H,5.94
063,0.82774,-0.31337\H,5.86587,-0.27775,1.05777\H,6.78317,-0.72715,-0.38816\H,4.
44293,-2.376,0.91002\H,5.42773,-2.86533,-0.47486\H,3.66842,-2.80334,-0.62383\H,4
.67016,0.3034,-2.43137\H,5.52813,-1.23849,-2.54053\H,3.76147,-1.20775,-2.56919\\
Version=ES64L-G16RevC.01\HF=-96.5448586\RMSD=0.000e+00\RMSF=3.029e-06\ZeroPoint=
0.529766\Thermal=0.5620539\ETot=-95.9828047\HTot=-95.9818605\GTot=-96.0777645\Di
pole=0.,0.,0.\PG=C01 [X(C23H34Fe1N2O4Pd1)]\NImag=1\\0.47943805,-0.10823691,0.500
60843,-0.09430872,0.12708049,0.53420090,0.00008911,-0.00078914,0.00021852,0.3259
1304,-0.00004423,-0.00168200,0.00033756,0.21236684,0.65160992,0.00107114,-0.0001
1941,0.00066539,0.05204804,0.27562569,0.60031633,-0.04744140,0.02636077,-0.02263
186,-0.00586169,-0.00866842,-0.00614659,0.20033476,0.02203220,-0.01490397,0.0143
4602,-0.00214618,-0.00300743,-0.00550174,0.02482288,0.11070879,-0.03203745,0.017
82039,-0.02410219,-0.01002572,-0.01163486,0.00948083,0.04838071,-0.00607722,0.26
986301,-0.00489430,-0.00067585,0.00201270,-0.00055356,-0.00083364,-0.00012915,-0
.00231218,-0.00215138,-0.00255784,0.49833105,-0.00512367,-0.00427015,0.00468915,
-0.00041577,-0.00041986,0.00002374,-0.00231154,0.00064919,-0.00376230,-0.0190976
1,0.51128636,-0.00201776,-0.00738429,-0.00247586,-0.00025698,-0.00049316,-0.0004
3122,-0.00218027,-0.00274318,-0.00092191,-0.03474672,0.00013935,0.43567490,-0.00
288747,0.00059046,-0.00332671,0.00008427,-0.00000647,0.00004202,0.00054197,-0.00
055854,0.00046787,0.00002206,-0.00055501,0.00018901,0.11393367,0.00101604,-0.002
93687,0.00354087,0.00000180,-0.00003273,0.00002459,-0.00068999,0.00032062,-0.000
43763,0.00015414,0.00064730,-0.00012595,-0.03334083,0.05748659,0.00174333,-0.001
12536,-0.00010060,0.00022024,0.00022136,0.00004769,0.00020089,-0.00019997,-0.000
07011,0.00000144,-0.00009296,-0.00004477,0.13724456,-0.07792404,0.26622740,-0.00
210057,-0.00266530,-0.00297583,0.00006878,-0.00001781,0.00011574,-0.00009513,-0.
00064136,0.00045064,-0.00074643,-0.00062153,0.00032257,-0.00038891,0.00036733,0.
00069125,0.23165055,0.00286546,0.00148313,0.00045526,-0.00000237,0.00000244,0.00
011197,-0.00004328,-0.00015191,0.00008465,0.00099448,-0.00075625,-0.00048439,0.0
0058316,-0.00049697,-0.00011261,0.15735353,0.15646143,0.00167839,0.00177238,-0.0
0009179,0.00004600,-0.00009035,0.00006060,-0.00079018,0.00003925,-0.00021968,0.0
0020167,0.00033073,-0.00012349,0.00049253,-0.00014695,-0.00013997,0.04460853,0.0
2066052,0.04185120,0.00074928,-0.00407891,0.00030836,-0.00107812,-0.00094915,0.0
0006819,-0.00205508,0.00083212,0.00187748,0.00025692,-0.00017089,0.00022998,0.00
040824,0.00067696,-0.00093067,-0.00033603,0.00033248,0.00057268,0.03554683,-0.00
070319,0.00377073,-0.00220886,-0.00047639,0.00002702,0.00016653,0.00025449,0.001
07291,0.00033009,-0.00010856,-0.00019845,-0.00015559,-0.00040047,0.00015775,0.00
042940,0.00034495,-0.00005816,-0.00043985,0.00525521,0.16317623,-0.00168471,0.00
406357,0.00165931,0.00036628,0.00026647,0.00033969,0.00431972,-0.00003640,-0.002
10151,0.00006651,0.00026093,-0.00053793,0.00041706,0.00042437,0.00004791,0.00022
824,-0.00040516,-0.00039717,0.01027106,-0.16632067,0.23702837,0.00035950,-0.0003
2362,0.00084178,0.00044101,0.00032267,0.00608821,-0.00935492,0.00030496,0.003632
49,-0.00067219,-0.00022843,-0.00070729,0.00011669,-0.00000492,0.00027949,0.00031
100,0.00022801,0.00008122,-0.00000250,0.00007861,-0.00004388,0.69698831,0.001021
95,0.00001168,0.00261376,0.00366128,0.00426437,-0.00345593,0.00195561,0.00542834
,0.00775906,0.00011708,-0.00028461,0.00021893,-0.00001405,-0.00003605,-0.0000809
0,-0.00006988,-0.00013950,-0.00010525,0.00013843,-0.00011923,0.00006248,-0.08833
985,0.46186385,0.00067277,0.00050862,0.00202400,0.00355417,-0.00072913,-0.006720
48,0.00123255,0.00431531,0.00367909,0.00032081,-0.00009228,0.00034767,-0.0000193
9,-0.00001864,-0.00008633,-0.00004308,-0.00006576,-0.00009521,0.00022873,-0.0000
6429,-0.00001411,-0.06839866,0.27962546,0.38295642,-0.00010209,0.00027653,-0.000
04614,-0.07435621,-0.03857307,-0.05044244,0.00062556,-0.00180274,0.00198064,0.00
010533,0.00011710,0.00000815,-0.00002508,0.00000223,-0.00007886,-0.00002475,-0.0
0001069,-0.00001953,0.00029497,0.00018423,-0.00005705,-0.00072189,-0.00108770,-0
.00077839,0.05818903,-0.00002401,0.00065678,-0.00041854,-0.04009397,-0.25088761,
-0.26067618,0.00081068,-0.00128495,0.00415291,0.00035402,0.00013683,0.00030744,0
.00004431,0.00001290,-0.00008176,0.00004191,-0.00000937,0.00003116,0.00035976,-0
.00012245,-0.00012507,-0.00279921,-0.00028321,0.00010308,0.07617365,0.29682581,-
0.00070044,0.00037015,-0.00048985,-0.05522143,-0.26649740,-0.44482471,0.00164629
,-0.00086896,-0.00183984,0.00025364,0.00013472,0.00033556,0.00002184,-0.00001028
,-0.00006634,-0.00003064,-0.00007577,-0.00000865,0.00015427,-0.00018337,-0.00016
221,-0.00670664,0.00215956,0.00054002,0.05609208,0.32776134,0.52687862,-0.010430
78,-0.00307869,0.00767783,-0.00099836,-0.00197172,-0.00004399,-0.00849643,-0.002
92625,-0.00458854,-0.09609074,-0.04702157,0.04970576,-0.00006380,0.00009884,0.00
011492,-0.00006035,-0.00053725,-0.00047060,-0.00065081,0.00076420,0.00046176,-0.
00165275,-0.00055376,-0.00033429,0.00035980,0.00089619,0.00067623,0.50784600,0.0
0059781,-0.11235445,-0.04158742,-0.00002830,0.00018826,-0.00001890,0.00346592,0.
00020238,-0.00358257,-0.05193541,-0.11992862,0.08214593,-0.00066117,0.00040310,0
.00014681,-0.00068019,-0.00007924,0.00014065,0.00030788,-0.00012178,0.00031447,0
.00009689,0.00024025,0.00029245,0.00001818,-0.00001913,-0.00001661,0.07929705,0.
53045792,0.00705572,-0.03219137,-0.03000046,0.00067541,0.00126088,0.00012769,-0.
00872968,-0.00554389,-0.00262205,0.04648986,0.07427920,-0.12215139,-0.00019314,0
.00044719,0.00025676,-0.00002893,0.00007327,0.00004838,-0.00059917,0.00036033,0.
00038054,0.00023177,-0.00036549,-0.00067904,-0.00006429,-0.00037751,-0.00007694,
0.04455517,-0.21429899,0.36704940,-0.00376394,0.00145992,-0.00641144,-0.00699627
,-0.00637288,0.00420951,-0.01053613,0.00046805,0.00068726,-0.00030323,0.00054910
,-0.00038536,0.00012134,-0.00020484,-0.00014656,0.00006358,-0.00004648,-0.000027
86,-0.00007989,0.00014836,-0.00026058,-0.08579256,-0.00872934,-0.01416545,0.0019
1482,0.00106200,-0.00156934,-0.00150162,0.00155502,-0.00038406,0.26800687,-0.000
84831,0.00027190,-0.00114814,-0.00750974,-0.00907230,0.00655034,0.00394656,-0.00
253681,-0.00493179,0.00001023,-0.00010357,-0.00001690,-0.00003346,0.00005970,0.0
0006356,0.00001523,0.00007680,0.00008118,-0.00016129,-0.00005708,0.00006085,-0.0
1685860,-0.18382164,-0.12025987,0.00190637,-0.00000966,-0.00581743,0.00110966,-0
.00047219,0.00056168,-0.01124721,0.26776189,-0.00171507,-0.00018522,-0.00227788,
-0.00574868,-0.00465622,0.00643584,0.00270132,-0.00063421,-0.00862791,-0.0002367
4,0.00009156,-0.00033265,0.00003217,-0.00001324,0.00004815,-0.00001415,0.0000323
4,0.00005950,-0.00023465,-0.00002345,0.00022490,-0.02139838,-0.12480739,-0.15833
830,0.00127688,0.00015039,-0.00309670,0.00014270,0.00033541,0.00037793,0.0268258
7,0.19640258,0.21751604,-0.07811801,-0.01439808,0.06450819,0.00020804,0.00007168
,-0.00029238,-0.00000262,0.00749187,-0.00183385,-0.00392722,0.00008686,-0.001201
20,0.00008396,-0.00044701,0.00008728,0.00056817,0.00013234,-0.00049579,0.0001916
8,-0.00028560,-0.00047591,-0.00050112,-0.00148486,-0.00149820,-0.00001813,-0.000
14530,0.00003816,-0.00225949,-0.02100669,0.00983701,0.00366803,0.00075871,0.0013
2371,0.64463096,-0.01556240,-0.01961339,-0.00370552,0.00087898,0.00181840,0.0002
3801,0.00244837,-0.00167207,0.00202909,-0.00472619,0.00144425,0.00156204,0.00013
812,-0.00011824,-0.00001218,0.00056910,-0.00065014,-0.00043671,-0.00014648,0.000
13444,0.00010029,0.00107079,0.00174101,0.00064929,-0.00033670,-0.00076013,-0.000
47479,-0.03768323,-0.02324273,0.01048413,-0.00296734,-0.00078999,-0.00082586,0.1
7183032,0.51765675,0.04848424,-0.00181852,-0.06184890,0.00005407,0.00047463,0.00
030298,0.00293598,0.00744885,-0.00541308,-0.00089742,-0.00016018,0.00063955,-0.0
0060135,0.00051721,0.00026161,0.00013982,-0.00015045,-0.00015530,-0.00027340,0.0
0006319,0.00044995,0.00098210,-0.00204312,-0.00198968,0.00003058,-0.00030476,-0.
00024966,0.00836400,0.00296442,-0.00269612,0.00166458,0.00097044,0.00153905,0.07
438206,-0.14826836,0.25683625,-0.00023472,0.00401755,0.01056335,0.00102006,0.001
36979,-0.00063610,0.00141227,0.00064980,-0.00133328,-0.00241206,0.00171687,-0.00
044129,-0.00091265,0.00081388,0.00093747,0.00002314,-0.00020523,0.00022434,-0.00
045905,0.00017691,-0.00000920,0.00001896,0.00005973,-0.00039206,-0.00022191,-0.0
0062399,-0.00004360,0.01548255,-0.00173820,0.01165407,-0.00097917,-0.00013837,0.
00026246,-0.26626177,0.00959867,-0.08292489,0.51096973,0.00442624,-0.01931566,0.
02058378,-0.00034722,-0.00044189,0.00014424,-0.00094576,-0.00239324,0.00094622,0
.00216245,0.00065874,0.00337439,0.00135052,-0.00040042,-0.00136675,-0.00000956,-
0.00015925,0.00019820,0.00056059,-0.00055503,-0.00067142,0.00012441,0.00052325,0
.00078809,0.00010228,0.00018480,-0.00001331,0.00734905,-0.03753835,0.03538364,-0
.00043439,-0.00025007,-0.00079340,0.03360144,-0.06846342,0.03218954,0.01069422,0
.59637105,0.01448824,0.00864163,-0.12207964,0.00027523,0.00043789,-0.00007524,0.
00047789,0.00110032,-0.00093559,-0.00183777,0.00073780,-0.00040682,-0.00065391,0
.00035879,-0.00036379,-0.00093270,0.00031037,0.00069914,0.00052133,-0.00053921,-
0.00003774,0.00010240,-0.00024805,-0.00043445,-0.00005926,-0.00013128,0.00000623
,0.00587523,0.01539629,-0.00533271,-0.00030906,0.00004694,0.00033229,-0.12697376
,0.02761311,-0.08587158,0.13121227,-0.26445876,0.37513362,-0.03523860,-0.0229663
9,-0.04089378,0.00045962,0.00061991,0.00003682,-0.00293934,-0.00195262,-0.000225
15,0.00519723,-0.00263465,0.00683980,-0.00005100,0.00114036,0.00040192,-0.000412
83,0.00012064,0.00105328,-0.00018280,0.00002780,0.00015049,0.00021095,-0.0003319
4,-0.00024998,-0.00003822,-0.00017292,-0.00006716,-0.14010815,0.09340022,-0.0836
4601,-0.00138074,0.00045189,0.00007303,-0.04209184,-0.02007208,-0.01319002,-0.15
416340,-0.12829193,0.03668180,0.71724932,-0.01879206,-0.03090253,-0.05357878,-0.
00049032,-0.00068567,0.00020838,-0.00062353,0.00087464,0.00073350,0.01043165,-0.
01467904,0.01569643,-0.00000043,-0.00022687,-0.00013825,-0.00027162,-0.00022396,
-0.00017642,-0.00029146,0.00036262,0.00049894,-0.00003617,-0.00006570,-0.0002749
1,0.00001951,0.00035084,0.00014708,0.05858465,-0.14583511,0.08958986,0.00024443,
-0.00013403,0.00019893,-0.02226782,0.00002424,-0.01795338,-0.10952930,-0.2171472
5,0.07915644,0.10023531,0.45294731,-0.02324514,-0.04733144,-0.08908160,0.0002752
0,0.00047909,-0.00004861,0.00044777,-0.00044731,-0.00054511,-0.00616125,0.008463
19,-0.01091097,-0.00045715,0.00047244,-0.00040186,-0.00083964,-0.00025512,0.0002
8094,-0.00007699,0.00013289,0.00057122,0.00013906,0.00006470,0.00003531,-0.00002
266,-0.00013623,-0.00003883,-0.07734122,0.11364414,-0.11677674,-0.00091110,0.000
05560,-0.00015039,0.00752703,-0.00633039,0.01520827,0.00806398,0.04834399,-0.054
22057,0.16407671,-0.13090383,0.30517570,-0.00177615,-0.00351489,-0.00198548,-0.0
0015980,-0.00022943,0.00016533,-0.00030181,-0.00061383,0.00141986,0.00050008,0.0
0052185,-0.00030904,0.00027675,-0.00038354,0.00005334,0.00033530,0.00014773,-0.0
0030463,0.00010246,0.00017564,-0.00016557,0.00002901,0.00012307,-0.00020602,0.00
003494,0.00009397,0.00000354,-0.00049907,0.00085341,-0.00089466,0.00010222,0.000
06759,0.00010235,-0.18896190,-0.14454946,-0.00369526,-0.01722786,-0.01478124,0.0
0141003,-0.00422161,-0.00003619,-0.00121122,0.20879514,0.00197648,-0.00006736,0.
00020184,-0.00022193,-0.00025003,0.00035275,-0.00054661,-0.00105095,0.00225598,-
0.00171717,-0.00002462,0.00009432,0.00000199,0.00004465,-0.00006721,0.00002450,-
0.00015991,-0.00002106,0.00000722,-0.00010587,-0.00001058,0.00105481,-0.00027938
,0.00075252,0.00012819,-0.00001853,-0.00021657,-0.00264222,-0.00440730,0.0038963
2,0.00086112,0.00018818,-0.00061673,-0.14359448,-0.16965021,0.00689577,0.0024327
2,0.00240852,-0.00097492,-0.00049572,-0.00039056,0.00130801,0.16070460,0.1873854
8,0.00453960,0.00666022,0.00052472,0.00040529,0.00048538,-0.00032394,0.00108462,
0.00136816,-0.00081265,0.00001831,-0.00019071,0.00055033,-0.00028695,0.00005462,
-0.00001054,-0.00008586,-0.00003400,0.00000036,-0.00012059,-0.00009656,0.0002370
2,-0.00074402,0.00048084,-0.00002242,-0.00011623,-0.00014987,0.00015274,-0.00034
326,0.00162208,0.00038443,0.00005093,-0.00026472,-0.00011985,-0.00001131,0.01000
474,-0.02574645,-0.01056543,-0.01158112,-0.00029402,-0.00449560,0.00065493,0.000
64494,0.00629636,-0.00945157,0.02805634,-0.00166399,-0.00149465,0.00048272,0.000
31184,0.00044903,-0.00002769,0.00002155,0.00113864,-0.00034239,0.00047612,-0.000
31346,0.00025308,-0.00107785,0.00047859,0.00104720,0.00007722,-0.00009976,0.0000
9799,-0.00007963,-0.00004267,-0.00014733,0.00030820,-0.00015800,-0.00023843,-0.0
0009329,-0.00018541,-0.00008163,-0.00216488,-0.00224188,0.00029419,-0.00008130,0
.00007949,0.00018032,-0.00571424,0.02128335,-0.01110783,-0.06329756,0.07088506,-
0.04635116,0.00566240,-0.01229080,0.00859226,-0.00030035,0.00027314,0.00051745,0
.07176849,-0.00031823,-0.00068735,-0.00184087,-0.00021417,-0.00040673,-0.0000336
5,-0.00022697,-0.00058896,-0.00001106,0.00080414,0.00006213,0.00078931,0.0000645
0,0.00049531,-0.00022712,0.00012443,-0.00009983,-0.00003423,-0.00010945,-0.00001
877,-0.00003098,-0.00031045,0.00003821,0.00016529,0.00007952,0.00015766,0.000102
53,-0.00217540,-0.00356824,0.00403478,0.00010676,-0.00001608,-0.00014336,0.00157
323,-0.00279303,0.00105058,0.06999840,-0.23910127,0.12071030,0.00765906,-0.01658
927,0.00913844,0.00028840,0.00032389,-0.00037014,-0.07805362,0.26292660,-0.00266
079,0.00571391,-0.00051089,0.00006240,0.00005602,0.00005057,0.00046744,-0.000613
87,0.00049752,-0.00012918,-0.00044383,0.00050195,0.00144161,-0.00013798,-0.00049
775,-0.00046396,-0.00005616,0.00024626,-0.00000698,-0.00018919,0.00035107,0.0001
3245,0.00005315,-0.00002284,-0.00001929,0.00000216,0.00000354,-0.00087360,0.0004
3408,0.00137993,-0.00000629,-0.00010466,-0.00001148,-0.00268911,0.00542012,-0.00
559405,-0.04616541,0.12187231,-0.09290729,0.00088446,0.00111447,-0.00284718,0.00
024673,-0.00037868,-0.00096431,0.05086169,-0.13420785,0.09939163,-0.00108839,0.0
0177981,0.00178577,0.00022993,0.00047245,0.00018274,-0.00064982,-0.00041600,0.00
034561,0.00021389,-0.00015780,0.00056555,0.00017186,-0.00019029,0.00001261,0.000
09551,0.00012758,0.00022105,0.00003206,0.00001480,0.00017594,0.00051776,-0.00011
105,-0.00009236,-0.00007449,-0.00015979,-0.00016187,-0.01366734,-0.00092611,-0.0
0203247,-0.00019608,0.00011162,0.00004127,-0.00305640,-0.00230076,-0.00154603,-0
.01357042,-0.00026205,-0.00280173,-0.31878757,-0.02419581,-0.05459794,-0.0001740
0,0.00009167,-0.00089385,0.00010076,-0.00029435,0.00029038,0.35204868,-0.0026885
7,-0.00039181,0.00023383,-0.00021056,-0.00029743,0.00005638,0.00113573,-0.000071
23,0.00032796,0.00047708,-0.00059593,-0.00069024,0.00010514,-0.00109099,-0.00014
514,-0.00003623,0.00032237,-0.00023713,0.00012963,-0.00007793,0.00019620,-0.0000
4821,-0.00000010,0.00013717,0.00006029,0.00011411,0.00002114,0.01848511,0.002411
47,0.00179710,0.00023720,-0.00005642,-0.00010353,-0.00221935,-0.00270203,0.00147
557,-0.01900276,-0.00147812,-0.00596738,-0.02348353,-0.03572595,0.00317174,-0.00
067438,0.00015352,-0.00049440,-0.00016799,-0.00023752,-0.00033096,0.02640683,0.0
4029310,-0.00617326,0.00166312,-0.00168093,0.00000516,0.00000941,0.00005049,0.00
042367,-0.00030795,0.00002339,-0.00068582,-0.00141178,0.00008256,-0.00021362,-0.
00028658,0.00015488,0.00055551,-0.00005896,-0.00100363,-0.00006930,-0.00006022,0
.00035912,0.00004529,0.00008280,0.00004097,0.00000721,0.00003391,0.00000091,-0.0
0967772,-0.00220210,-0.00363371,-0.00023678,-0.00002893,-0.00008831,0.00189806,0
.00295347,0.00185700,0.01027791,-0.00214068,0.00103629,-0.05660608,0.00467123,-0
.03635816,0.00066742,0.00027637,0.00068726,0.00011827,-0.00048338,-0.00103240,0.
06105487,-0.00488791,0.03857289,0.00581199,-0.00350062,0.00794024,0.00827260,0.0
0799299,-0.00429995,0.00430121,0.00327492,0.01028280,0.00012578,-0.00083777,0.00
055687,-0.00013209,0.00020793,0.00015924,0.00005459,0.00007241,0.00000684,0.0002
3585,-0.00009060,-0.00011884,-0.01113143,-0.04986675,-0.04621022,-0.00225739,-0.
00136612,0.00189516,0.00032469,-0.00183766,-0.00022796,-0.09982253,0.03577014,0.
01547339,-0.00519950,0.00404125,-0.00170003,0.00141433,0.00079367,0.00060921,0.0
0117975,-0.00003440,0.00117470,0.00002276,-0.00136210,-0.00003354,0.00008590,-0.
00020622,0.00010720,0.00023313,-0.00019841,0.00029564,0.08547435,-0.00105699,0.0
0012864,0.00023087,-0.00085390,-0.00073709,-0.00036466,-0.00161886,0.00232194,-0
.00156277,-0.00014251,0.00001118,-0.00006183,-0.00004689,-0.00002711,-0.00004178
,-0.00005131,-0.00005079,-0.00002937,-0.00005790,0.00000872,0.00008083,-0.024090
05,0.00785592,-0.00068831,0.00028236,0.00030698,0.00042600,-0.00105767,0.0011119
7,-0.00033946,0.02699196,-0.03441868,-0.01013146,0.00195943,-0.00124559,0.000383
35,0.00060979,-0.00045415,0.00023959,-0.00068776,0.00004702,-0.00023770,0.000113
74,-0.00093246,0.00033799,0.00006866,-0.00000608,0.00005882,-0.00022278,-0.00000
366,-0.00010533,0.00536802,0.04150626,0.00117476,0.00030262,0.00166110,0.0000634
3,-0.00086448,-0.00112207,0.00098586,0.00000542,0.00433495,0.00020829,-0.0000880
6,0.00032784,-0.00005203,0.00003315,-0.00002031,-0.00006109,0.00001509,-0.000027
24,0.00013111,-0.00006030,-0.00012320,-0.02310002,-0.00112613,-0.00157181,-0.000
05850,0.00040291,0.00067729,-0.00086327,-0.00029596,-0.00096226,-0.00389298,-0.0
0992898,-0.02460646,-0.00213695,0.00202331,-0.00151786,-0.00013590,0.00069348,-0
.00029746,-0.00018861,-0.00031578,0.00018869,0.00001358,0.00015110,0.00003482,-0
.00019238,0.00011614,-0.00007106,-0.00012268,0.00011742,0.00007405,0.01867745,0.
01428670,0.03238307,-0.06545570,0.04403512,-0.00911675,-0.00188937,-0.00132546,0
.00030614,-0.01091124,-0.01189959,-0.03034272,-0.00735094,-0.00341279,0.00202412
,0.00097596,-0.00127492,-0.00026624,0.00085773,-0.00004058,-0.00046563,0.0004355
0,-0.00037544,-0.00079132,0.00101236,0.01706268,0.01548477,0.00037026,0.00029331
,-0.00010685,-0.23917561,-0.08894345,-0.03133391,-0.04475540,-0.00366230,-0.0163
2062,-0.05490383,0.01132245,-0.02027291,-0.00549174,0.01472171,-0.01070232,-0.03
772632,0.02014107,-0.01593663,0.00293555,-0.01585308,0.00721743,-0.00350923,0.00
010213,-0.00067475,-0.00231495,0.00251553,-0.00121404,0.03331501,-0.00422231,0.0
1128231,0.41689929,0.05300264,-0.03508001,0.00908800,0.00298778,0.00363602,-0.00
024746,-0.01539307,-0.01130188,0.00145470,-0.01668933,-0.00594182,-0.00090505,-0
.00098041,0.00063756,0.00010782,-0.00082474,0.00052586,0.00079234,0.00030213,-0.
00083764,-0.00019721,-0.00038038,-0.00636428,-0.00671954,-0.00035009,-0.00064327
,0.00029016,-0.06256056,-0.07246686,0.00752840,0.01092155,0.00519266,0.00610462,
-0.01578760,-0.23053164,0.11187193,0.03215412,-0.01626592,0.01202869,-0.00342321
,0.01278424,-0.00201389,0.00257045,-0.01325368,0.00344368,0.00106183,-0.00026664
,0.00093818,-0.00092907,-0.00092637,0.00156777,-0.00843150,-0.00514847,-0.004692
36,0.03521032,0.37185610,0.02320769,-0.01388904,0.00201753,0.00393009,0.00486574
,-0.00289803,-0.03035070,-0.00614156,-0.11942690,0.01413861,0.00059030,-0.003277
25,0.00006218,-0.00007023,-0.00007614,-0.00041692,0.00010324,-0.00007296,0.00012
972,0.00002137,0.00041006,-0.00083130,-0.00451316,-0.00364507,-0.00136100,-0.002
13957,0.00014131,-0.03209599,0.01215775,-0.04737456,0.01082968,0.00202856,0.0074
4512,-0.01638040,0.09672711,-0.09144672,-0.03404756,0.02238274,-0.01120402,-0.02
132039,0.01063890,-0.00666558,0.00170009,-0.00275877,-0.00241365,-0.00505505,0.0
0261677,0.00095941,-0.00306176,0.00381567,0.00022146,-0.01528946,0.00112444,-0.0
0629320,0.10637395,-0.13444607,0.27979659,0.00070403,-0.00003193,0.00053558,-0.0
6963488,-0.00069877,0.00676531,0.00050846,-0.00320377,-0.00447328,0.00017741,0.0
0005847,0.00023445,0.00002712,0.00001093,-0.00000269,0.00006711,-0.00000893,0.00
002726,0.00013939,-0.00011975,0.00004629,0.00685118,0.01584381,0.01487940,0.0114
1640,-0.00122062,0.00705405,-0.00030261,0.00019335,-0.00028381,0.00096650,0.0072
3427,0.00590532,-0.00038208,0.00025287,0.00005224,-0.00021047,0.00018752,-0.0000
3482,-0.00013582,0.00008688,0.00005398,0.00002674,0.00023501,-0.00020692,-0.0000
3174,0.00003379,0.00003308,0.00004105,0.00003275,0.00001418,-0.00205203,-0.00044
236,-0.00029815,0.00035701,-0.00136899,-0.00078675,0.48539413,0.00013767,-0.0005
5000,0.00027057,0.00320386,-0.05321117,0.00619615,-0.00099070,-0.00112817,-0.001
33217,-0.00001111,0.00006407,-0.00000685,0.00001168,0.00002049,0.00000705,0.0000
3751,-0.00000616,-0.00000074,0.00015980,-0.00000310,0.00000437,0.00536716,-0.021
16578,-0.01325615,0.00238505,0.00705057,-0.02111246,-0.00026159,0.00002875,0.000
09323,0.00105221,0.00120214,-0.00797794,0.00007424,0.00009866,0.00027161,0.00002
740,0.00010356,0.00004263,-0.00006843,0.00006102,0.00008366,-0.00002152,0.000191
02,-0.00001370,0.00001266,-0.00003386,0.00002529,0.00008077,0.00000060,0.0000185
7,-0.00051047,-0.00026869,-0.00037674,-0.00013828,-0.00007643,-0.00048358,0.0161
5291,0.43818119,0.00024983,-0.00024506,0.00032363,0.00176238,0.00835081,-0.05209
031,-0.00311409,-0.00239283,-0.00485145,-0.00019038,-0.00014429,-0.00009537,0.00
003435,-0.00000593,0.00005453,0.00003225,-0.00002363,0.00000091,-0.00014189,-0.0
0004700,0.00003433,0.00118871,-0.01055815,-0.01388203,0.01675252,-0.01233938,-0.
06150549,-0.00051912,-0.00004576,0.00026051,-0.00333855,-0.01274775,-0.00034632,
0.00005564,0.00028482,0.00026820,0.00029366,-0.00004363,0.00007148,0.00021045,-0
.00010738,0.00008860,-0.00010536,0.00021429,-0.00017331,0.00011617,-0.00006607,0
.00004610,0.00011531,-0.00006553,0.00001422,0.00375667,-0.00036663,-0.00032621,-
0.00056263,0.00102049,0.00106470,0.04879797,0.04442471,0.39515113,0.00054733,-0.
00014800,-0.00008017,-0.17010318,-0.17140591,-0.01079699,-0.01332566,-0.00111410
,-0.00514407,0.00036991,0.00036646,0.00017411,-0.00006335,-0.00000610,-0.0002529
1,0.00000837,-0.00005651,-0.00003844,0.00075955,0.00037553,-0.00039626,-0.000606
37,-0.00155138,-0.00262585,0.00277551,-0.03411877,-0.01469789,0.00178245,-0.0006
4539,-0.00022884,0.00392582,0.00296157,0.00248274,0.00061302,-0.00135549,-0.0002
0454,-0.00119768,0.00024770,-0.00037662,-0.00040412,0.00087065,-0.00044842,0.000
08458,0.00009375,-0.00029935,-0.00022027,0.00018973,0.00001216,-0.00017780,0.000
11111,0.00006534,-0.00468483,0.00068384,0.00022278,0.00345869,-0.00059150,0.0001
0001,-0.01233911,-0.03307265,0.02054514,0.19368295,0.00011707,0.00086312,0.00061
535,-0.17238575,-0.32482168,-0.01903357,0.00241156,-0.01230286,-0.00370508,0.000
51354,0.00030820,0.00021603,-0.00003053,0.00006237,-0.00003671,0.00001617,0.0000
2007,0.00009040,0.00017534,-0.00020117,-0.00000563,-0.00073211,-0.00322486,-0.00
198062,-0.03849276,-0.05515353,-0.03633661,0.00105556,0.00033266,-0.00104062,0.0
0495625,0.00547517,0.00391097,-0.00120580,-0.00111769,-0.00142486,-0.00057984,0.
00069587,-0.00034387,-0.00037974,0.00008599,-0.00025634,0.00001224,-0.00000621,-
0.00020661,-0.00042167,0.00028694,-0.00004813,-0.00033878,0.00018587,-0.00002480
,-0.00617815,0.00044183,0.00027865,0.00237939,0.00136002,-0.00189550,-0.03027663
,-0.02266757,0.01730878,0.24398511,0.41136273,0.00021044,-0.00075071,0.00016973,
-0.00198858,-0.00974854,-0.08102033,0.00747633,0.00613649,-0.06733773,0.00002379
,0.00052761,0.00001936,0.00000852,-0.00004747,-0.00003947,0.00002223,-0.00006152
,0.00001157,-0.00051422,-0.00014718,-0.00013148,-0.00065148,-0.00026768,-0.00026
811,-0.02840783,-0.05729815,-0.00608837,0.00118159,0.00072168,-0.00277040,0.0017
5684,0.00050374,0.00090313,0.00022755,-0.00203680,-0.00058307,-0.00089399,0.0002
1974,-0.00019153,-0.00124446,0.00068130,-0.00011018,-0.00005238,-0.00003239,0.00
005786,-0.00031114,0.00013999,0.00012243,-0.00031872,0.00039911,0.00013243,-0.00
277581,0.00067621,-0.00030678,-0.00340230,-0.00433873,0.00622431,0.02093588,0.02
191390,-0.00346720,0.00761298,0.04057955,0.16060915,-0.02772108,-0.00995726,-0.0
1907129,-0.00031103,0.00126387,0.00056442,-0.00125268,0.00177565,0.00069807,-0.0
0066088,-0.00011311,0.00010509,-0.00294748,-0.00400820,-0.00295185,-0.00175851,-
0.00189984,-0.00560790,0.00101774,0.00130637,0.00114125,0.00042674,-0.00060544,-
0.00054112,0.00025415,-0.00042975,-0.00044507,-0.00112002,0.00136660,0.00035206,
-0.00005747,0.00022056,0.00051440,0.00552346,-0.00084656,0.00167549,0.00033751,0
.00065742,0.00189148,0.00250054,-0.00175767,0.00039752,0.00025265,-0.00000460,-0
.00015021,-0.00013595,-0.00007606,0.00009989,0.00002251,0.00054972,0.00097053,-0
.00030946,0.00006378,-0.00031278,0.00324071,0.00348823,-0.00078452,0.00039946,-0
.00031917,-0.00008412,-0.00115521,0.00007016,-0.00082349,0.52041527,-0.00775951,
-0.03811062,-0.04445510,-0.00021943,-0.00071364,-0.00056168,0.00809165,-0.003728
10,-0.00157606,0.00005483,0.00119808,0.00022883,-0.00191310,0.00076792,0.0022234
5,-0.00063917,-0.00037958,0.00029949,-0.00953970,-0.01364200,-0.00012860,-0.0002
6933,0.00069192,0.00051907,-0.00013337,-0.00002722,0.00022244,-0.00752065,0.0022
9920,-0.00450248,-0.00072621,-0.00021273,-0.00046041,0.00752438,-0.00039266,0.00
142779,-0.00095833,-0.00094889,0.00528190,0.00034363,-0.00702710,0.00046854,-0.0
0025138,-0.00029767,0.00000772,-0.00031046,0.00045628,0.00111420,0.00017557,0.00
002649,0.00035096,0.00117245,0.00009407,0.00021212,0.00019857,0.00835417,-0.0000
4930,-0.00023052,-0.00018635,0.00004349,0.00093935,-0.00019361,0.00082270,0.1899
2816,0.40029186,-0.02006607,-0.04268518,-0.06213884,-0.00070781,-0.00018580,-0.0
0122039,-0.00015249,-0.00148761,0.00156817,0.00071687,0.00145359,0.00001679,-0.0
0191195,-0.00121533,-0.00162220,-0.00218657,0.00151331,-0.00185516,0.01338898,0.
01566896,-0.00066035,-0.00106075,-0.00042939,-0.00011445,0.00015948,0.00032826,0
.00060420,0.00089830,0.00500720,0.00301363,0.00155473,0.00029868,0.00033429,-0.0
0088622,-0.00362846,0.00503024,-0.00504915,-0.00421017,-0.00240522,0.00155170,0.
00569334,-0.00405488,-0.00087730,0.00030630,0.00105103,-0.00009043,-0.00013656,0
.00066206,0.00023209,0.00048616,0.00026882,-0.00230189,0.00016038,-0.00022696,0.
00937996,-0.00327361,-0.00390182,-0.00042741,-0.00031943,-0.00028637,-0.00058016
,0.00063236,-0.00029324,0.25656528,-0.08612113,0.54012395,-0.01146486,0.00281762
,0.01489162,0.00006068,0.00007975,0.00004016,-0.00024511,0.00146741,-0.00016190,
-0.00019595,0.00058294,0.00036717,-0.01007347,-0.00398110,-0.00269303,0.00020445
,-0.00447511,-0.00069292,-0.00149363,-0.00362888,-0.00076221,-0.00000327,0.00008
311,-0.00008418,-0.00001609,0.00007683,0.00005664,-0.00595385,0.00431389,-0.0022
5795,-0.00036983,0.00003536,-0.00003660,0.00541617,0.00050874,-0.00090620,0.0015
1236,-0.00380798,0.00099287,-0.00018986,-0.00308619,-0.00304424,0.00012585,0.000
16232,-0.00047524,-0.00008660,0.00064847,0.00022576,0.00006595,-0.00038164,-0.00
010618,0.00062746,0.00000743,0.00014520,0.00288663,0.00691647,0.00041592,-0.0001
1362,-0.00008435,-0.00030838,-0.00012950,-0.00015570,0.00006562,-0.07682501,0.01
175324,-0.07525394,0.47233376,0.01064731,-0.12614653,-0.03387415,0.00043555,-0.0
0048898,-0.00021903,0.00094755,-0.00176078,-0.00020242,-0.00061221,-0.00004281,0
.00014219,0.00714447,0.00411728,0.00157819,-0.00052455,-0.00298556,0.00239150,-0
.00254991,-0.00273007,0.00000537,-0.00028875,0.00017133,0.00020528,-0.00010666,0
.00025454,0.00016861,0.00133118,0.00021342,-0.00252269,-0.00081036,0.00008646,-0
.00017944,-0.00215679,0.00393531,-0.00105066,0.00325027,0.00267451,0.00176835,0.
00172857,-0.00282584,0.00420645,-0.00084123,0.00016405,0.00023508,0.00036422,0.0
0001402,0.00090122,0.00010020,0.00050341,0.00107654,0.00083641,-0.00001246,0.000
27291,-0.00607144,-0.00004083,0.00210382,0.00000196,-0.00021016,0.00004535,-0.00
050282,0.00043515,-0.00030856,0.03025103,-0.12179094,0.13902112,0.21904053,0.570
44290,0.01474814,-0.02225552,-0.01991171,-0.00013683,0.00031741,-0.00034181,0.00
030362,0.00271111,0.00001895,-0.00072905,-0.00074640,0.00017816,-0.01597275,-0.0
1200306,-0.00746461,-0.00038023,0.00316096,-0.00149349,0.00033358,0.00326101,0.0
0017792,-0.00033365,0.00052786,0.00046592,0.00001706,-0.00017164,0.00001078,-0.0
0742762,0.00076453,-0.00230442,-0.00090334,-0.00016072,-0.00052030,0.00480626,-0
.00128202,0.00207232,-0.00152914,-0.00379758,0.00261683,0.00059000,-0.00762673,-
0.00051999,0.00012364,-0.00057977,-0.00039924,-0.00027399,-0.00021273,0.00000657
,0.00012817,0.00015897,0.00023590,0.00139290,0.00000755,0.00041572,-0.00097829,0
.00504523,0.00048952,-0.00026679,0.00012932,-0.00014329,0.00000451,-0.00044262,-
0.00008566,-0.06996547,0.09408873,-0.22213921,0.07506810,-0.20944305,0.44097239,
-0.07582727,0.07065436,0.00437997,0.00018247,0.00046990,-0.00005260,0.00066375,-
0.00069373,0.00104646,0.00025299,-0.00044670,-0.00024838,-0.10381844,0.03094761,
-0.12543016,-0.00312254,-0.01723752,0.01290379,-0.00210022,-0.00062364,-0.001690
27,0.00019426,0.00030939,0.00007592,-0.00008110,-0.00016455,0.00002563,0.0003386
0,-0.00476062,-0.00353974,-0.00038026,-0.00028059,-0.00028284,-0.00413137,0.0058
6508,-0.00318828,0.00325559,0.00499323,-0.00090181,0.00317585,-0.00298855,0.0020
5048,0.00043926,-0.00019134,-0.00065759,0.00021240,0.00038669,-0.00031969,-0.000
45381,-0.00058800,-0.00013535,0.00062495,-0.00008585,0.00012721,-0.00423625,-0.0
0305777,0.00283894,0.00009348,0.00016403,0.00013745,-0.00019118,-0.00024382,-0.0
0002056,-0.02641418,0.01926825,-0.02503574,-0.24142309,-0.11989352,-0.08156972,0
.52458746,0.06433825,-0.06394737,-0.00735215,0.00003716,-0.00000807,-0.00005409,
-0.00180949,0.00077484,-0.00068979,0.00093469,0.00156832,-0.00060205,0.03104080,
-0.05262532,0.07078743,-0.00172910,-0.01378222,0.00794595,-0.00022248,0.00012976
,0.00089924,-0.00011840,-0.00027174,-0.00014227,0.00001159,-0.00001154,0.0000601
4,0.00835053,-0.00329726,0.00072661,0.00049611,0.00013567,0.00024074,-0.00507592
,0.00216564,0.00028839,0.00258958,0.00381857,-0.00001488,0.00333013,0.00081227,0
.00159049,-0.00079120,0.00031391,0.00067452,0.00012420,-0.00035348,0.00038810,0.
00018207,0.00000191,0.00015889,-0.00059785,-0.00001452,-0.00020887,-0.00335400,-
0.00745027,-0.00017291,-0.00006484,0.00000374,-0.00002199,-0.00003119,0.00002467
,0.00002268,-0.00508331,0.02193253,-0.00657718,-0.07625811,-0.09661628,-0.005344
40,0.05898200,0.43205800,-0.00745566,0.00383442,-0.00932477,0.00025524,0.0001406
9,-0.00006805,-0.00200583,0.00125520,-0.00117295,0.00012919,-0.00005170,-0.00036
648,-0.12591296,0.07071150,-0.24055855,0.00097211,-0.00486520,0.00173737,-0.0046
4544,0.00231179,-0.00196219,-0.00011223,-0.00033818,-0.00034159,-0.00008074,0.00
002199,0.00010096,0.00165773,-0.00016616,0.00054879,0.00115321,0.00014657,0.0004
3882,0.00135455,-0.00243460,0.00100015,0.00209549,0.00158713,-0.00119905,-0.0010
4532,-0.00326806,0.00164631,-0.00017519,0.00013090,0.00018621,0.00151893,-0.0007
3772,-0.00170089,0.00023256,-0.00094864,-0.00037788,-0.00155185,0.00014681,-0.00
042753,0.00506834,-0.00311523,-0.00236963,0.00004492,-0.00002755,0.00009134,-0.0
0003767,0.00000050,0.00031111,-0.02627791,0.00974631,-0.02792683,-0.08376866,-0.
02373013,-0.08455051,0.22405302,-0.20582770,0.54080724,-0.10727495,0.01035244,0.
04846897,-0.00042537,-0.00014289,0.00026643,-0.00166430,0.00023564,0.00051586,-0
.00027160,-0.00093508,0.00051077,0.00483395,0.01077619,-0.00732072,-0.21227109,-
0.14055666,-0.03882281,0.00015903,0.00154426,0.00126083,0.00036301,-0.00015379,-
0.00016475,0.00012070,0.00009854,-0.00008278,0.00623079,-0.00188852,0.00054757,0
.00031164,-0.00000078,-0.00004321,-0.00161771,0.00391114,-0.00147028,0.00059414,
0.00087912,-0.00203026,0.00110917,0.00126005,-0.00252737,0.00049854,-0.00000214,
-0.00019657,0.00009993,-0.00011665,-0.00102471,-0.00027446,-0.00027684,-0.001128
98,-0.00010069,-0.00003860,-0.00004690,-0.00160251,-0.00698972,0.00081354,0.0001
2699,0.00014471,-0.00000710,0.00069723,-0.00004397,0.00010825,-0.03657292,-0.013
76397,-0.00571400,-0.01229280,-0.02102218,0.00844752,-0.07599695,-0.07876478,0.0
3309568,0.62449685,-0.00216492,-0.01951275,-0.00885604,-0.00024306,-0.00038595,0
.00005485,0.00072078,-0.00040359,0.00000172,-0.00081245,-0.00120639,0.00004674,-
0.00028012,-0.00589278,0.00232370,-0.14401367,-0.13766991,-0.01859656,0.01453942
,-0.00236728,0.00867783,-0.00019840,0.00001451,0.00006875,0.00002576,0.00018295,
0.00008719,0.00247990,0.00440514,0.00200659,0.00024587,-0.00001273,0.00008340,0.
00498301,-0.00148014,0.00298975,-0.00339644,-0.00148571,0.00041185,-0.00211035,0
.00431594,-0.00154823,0.00040086,-0.00031751,-0.00073116,-0.00030830,-0.00001097
,0.00040811,0.00072000,0.00000173,-0.00094751,-0.00048942,0.00005501,-0.00010305
,0.00400219,0.00135048,-0.00239547,0.00002983,-0.00007438,-0.00006911,0.00009909
,0.00018115,-0.00005550,-0.01713151,-0.00938848,-0.00880343,-0.04552836,-0.01985
008,-0.00026507,-0.04008752,-0.20493242,0.12583092,0.23827559,0.45148513,0.04322
685,-0.01441440,-0.02823443,-0.00027295,-0.00031937,-0.00003863,-0.00237132,-0.0
0088703,0.00124791,-0.00087482,-0.00046477,0.00040052,0.00786001,0.01481817,-0.0
1308304,-0.03930411,-0.01915769,-0.03910453,-0.01500110,0.00166166,-0.01092509,-
0.00013671,0.00012932,0.00014071,0.00005606,0.00015802,0.00000275,-0.00294461,-0
.00216807,-0.00064379,-0.00074641,-0.00002617,-0.00034399,-0.00195679,0.00497627
,-0.00496397,0.00912524,0.00212286,-0.00055363,0.00318357,-0.00343872,0.00364965
,-0.00023956,-0.00021369,-0.00082912,0.00012450,0.00013097,0.00043246,0.00036795
,-0.00017282,-0.00024019,0.00115648,-0.00009286,0.00031525,-0.00467778,0.0034532
5,0.00290857,0.00004130,0.00003850,-0.00008439,0.00017822,0.00023015,-0.00031682
,-0.03279472,-0.01490149,0.01215696,0.01532824,0.00191614,0.00292891,0.00581335,
0.13177799,-0.14182869,0.12850835,-0.13467942,0.40813054,-0.01972081,0.00495481,
0.03325643,0.00042185,0.00088739,-0.00011151,-0.00488177,0.00471291,0.00117455,0
.00085182,0.00114642,-0.00054029,0.00086387,-0.00174371,-0.00268637,-0.01301750,
0.00241460,-0.01383138,-0.03307904,-0.00354363,-0.01098286,-0.00053818,-0.000241
13,-0.00015566,0.00000966,-0.00029388,-0.00000634,0.00278810,0.00309487,0.000805
47,0.00103118,0.00009910,0.00049693,0.00157996,-0.00338930,0.00659115,-0.0085207
8,-0.00392582,-0.00177010,-0.00018656,0.00389642,-0.00560223,0.00016618,-0.00001
318,-0.00018173,-0.00008612,-0.00012072,-0.00013206,0.00006408,-0.00046626,-0.00
094145,-0.00157798,0.00005596,-0.00031555,0.00744122,-0.00437560,-0.00338479,-0.
00007047,-0.00002462,-0.00004669,-0.00076864,-0.00080246,0.00010871,-0.16570814,
-0.14627790,-0.00292025,-0.00182831,-0.00627303,0.01548375,0.01593486,0.02266133
,-0.02759205,-0.18485541,-0.00436299,-0.11190867,0.41926775,0.00257408,-0.021228
54,0.01472027,-0.00049058,-0.00061712,-0.00053730,-0.00012730,0.00107486,-0.0002
5912,0.00015438,-0.00005903,0.00004331,-0.00266748,-0.00214521,0.00361190,-0.008
47079,0.00024903,-0.01484908,-0.00458898,-0.13560078,0.15221042,-0.00052857,0.00
018501,0.00019693,0.00000386,0.00011403,0.00023985,0.00036497,0.00435968,-0.0005
2575,0.00072829,-0.00009477,-0.00027962,-0.00220983,0.00041910,0.00074692,-0.002
84771,0.00101717,-0.00141517,0.00040310,0.00160011,-0.00297176,-0.00002348,-0.00
005697,0.00015724,0.00009731,-0.00034370,-0.00089266,0.00002891,0.00002360,0.000
10368,-0.00060117,0.00002335,0.00019304,0.00264204,-0.00122190,-0.00128542,-0.00
009564,-0.00009851,-0.00014427,0.00076124,0.00030782,0.00036435,-0.12707093,-0.1
8107936,0.02000128,-0.00405145,-0.02648022,0.04279872,0.00320950,-0.01482473,0.0
2266358,0.00280007,-0.05227165,0.02852483,0.14312580,0.43686151,0.03097041,0.012
86442,-0.08599895,-0.00019958,-0.00128824,-0.00036771,-0.00010912,-0.00048624,0.
00040030,0.00020338,0.00136577,-0.00019224,0.00109364,0.00239037,-0.00251457,-0.
00057327,-0.00083906,-0.00160200,-0.00620905,0.14522121,-0.22619752,-0.00054760,
-0.00040339,-0.00010656,-0.00000369,0.00058349,0.00047136,0.00695595,-0.00173405
,0.00427899,0.00098045,0.00030167,0.00023011,-0.00908558,0.00282756,0.00202192,-
0.00046811,-0.00282535,-0.00247861,0.00163988,0.00529743,-0.00135772,-0.00081533
,0.00027602,0.00087210,-0.00010817,-0.00031021,0.00071792,0.00017729,0.00050883,
0.00085675,-0.00151499,-0.00005327,-0.00011629,-0.00006701,-0.01164661,-0.000066
97,0.00001279,-0.00019189,-0.00018785,-0.00007953,0.00071958,-0.00004888,0.02982
932,0.05810057,-0.06995517,0.01236163,0.01660900,-0.00601592,-0.00655086,0.01775
046,-0.03416347,-0.16260168,0.03176532,-0.18979401,0.11718290,-0.26886476,0.6096
9814,0.00362444,-0.00000201,0.00145853,-0.00061153,0.00191810,-0.00105684,0.0010
5338,0.00065937,-0.00034180,-0.00008585,0.00016474,-0.00006445,-0.00002863,-0.00
058126,-0.00033808,-0.00019773,-0.00020849,-0.00097204,-0.00013670,0.00050442,0.
00070428,-0.00022662,0.00045328,0.00040687,-0.00047412,-0.00087869,-0.00039334,0
.00012374,-0.00032064,-0.00017246,-0.00046209,-0.00046194,-0.00039982,-0.0004740
1,0.00033597,-0.00051594,0.00026479,0.00020443,0.00012863,-0.00039372,0.00024890
,0.00068095,-0.00011940,0.00002295,0.00024857,-0.00009840,-0.00000269,0.00020289
,0.00007894,0.00012949,0.00020270,0.00052901,0.00011597,0.00012063,-0.00077691,-
0.00022707,0.00055027,-0.00103774,0.00027080,0.00036240,-0.00095719,0.00097123,-
0.00053460,-0.18808204,-0.05201353,-0.14123067,-0.00655094,-0.00007355,-0.004694
58,-0.00058345,-0.00080249,-0.00279516,-0.00243336,-0.00372392,-0.00155198,-0.01
442865,-0.00325617,-0.01057188,0.21909122,-0.00483540,0.00053111,0.00110110,0.00
313023,0.00174874,0.00088824,0.00124183,-0.00482417,-0.00258879,-0.00006726,0.00
018608,-0.00015951,0.00070830,0.00047906,0.00064094,-0.00058056,0.00035274,-0.00
040194,0.00017583,-0.00038588,-0.00031337,0.00031804,-0.00027914,-0.00035846,-0.
00033333,-0.00050198,-0.00016240,-0.00006166,0.00037266,0.00045294,-0.00010053,0
.00021335,0.00026792,0.00060767,-0.00031762,0.00092055,-0.00014540,-0.00029343,0
.00002619,0.00050749,-0.00026999,-0.00048837,-0.00009732,0.00006654,0.00004255,0
.00010683,0.00004413,0.00002984,-0.00003004,-0.00004122,0.00017133,-0.00013919,-
0.00002259,-0.00020497,0.00027351,0.00065543,-0.00045882,0.00014423,0.00015971,0
.00014545,-0.00092166,-0.00120249,0.00082837,-0.05775708,-0.04631482,-0.04001672
,0.01380633,0.00339548,0.00906885,0.00058448,-0.00070430,0.00405283,-0.00237583,
-0.00151356,0.00049363,-0.01109780,-0.00266005,-0.01063712,0.06037137,0.05166334
,-0.00399402,0.00085551,0.00176996,-0.00143069,0.00051128,0.00206408,0.00076283,
-0.00470615,-0.00099635,-0.00003825,0.00029586,0.00001162,-0.00053211,-0.0003931
2,0.00015953,0.00056514,0.00028272,0.00044619,0.00042430,-0.00068194,-0.00012217
,0.00057839,-0.00049352,-0.00035082,0.00027986,-0.00059384,-0.00111420,-0.000149
49,0.00056167,0.00026804,-0.00005352,0.00024777,0.00035429,0.00002880,-0.0002144
9,0.00090168,-0.00017076,-0.00010392,0.00042340,0.00056706,0.00006916,-0.0004040
0,-0.00013639,0.00003386,-0.00011581,0.00001746,-0.00003647,0.00036324,0.0000320
6,0.00021849,0.00015933,-0.00025309,0.00005910,-0.00020076,0.00038608,0.00068698
,-0.00018171,0.00047689,-0.00003756,0.00002980,-0.00020213,0.00106458,-0.0006434
1,-0.14964413,-0.03546830,-0.15691411,-0.01223512,-0.00495475,-0.00913259,-0.001
46873,0.00150319,-0.00246299,0.00109818,0.00200221,0.00026184,0.00654840,0.00041
642,0.00487949,0.15617851,0.03621629,0.16298706,0.00024201,0.00206101,0.00149597
,0.00471089,0.01185635,0.00708569,-0.05660855,-0.03780798,0.01469261,0.00030941,
-0.00011541,0.00015937,0.00009620,-0.00003837,-0.00011223,0.00006220,-0.00015650
,-0.00004449,-0.00006177,-0.00008260,-0.00008659,-0.30277909,0.15731417,0.130274
54,-0.00061750,0.00068138,0.00722214,-0.00015308,0.00190756,-0.00059768,0.017834
82,0.00132036,0.00164688,-0.00415529,0.00102003,-0.00269226,0.00061301,0.0004383
9,0.00036077,0.00024601,-0.00047149,0.00056576,-0.00047709,-0.00003880,-0.000235
07,-0.00017105,0.00012211,0.00014583,-0.00009024,0.00002539,0.00010109,-0.013950
47,0.00094476,-0.00178927,0.00842024,-0.00645866,-0.00601126,-0.07793496,-0.0221
6048,-0.01844611,0.00087540,-0.00130863,0.00051987,-0.00187737,0.00090866,-0.000
35632,0.00031431,-0.00021489,0.00023287,0.00001249,0.00007844,0.00006588,0.00012
475,0.00007119,0.00014850,0.00006847,0.00045826,-0.00028239,-0.00000927,0.000132
78,-0.00018395,0.51217587,0.00119226,0.00010291,-0.00106126,0.00559214,0.0029875
5,-0.00957890,-0.02120968,-0.02698059,0.00145115,-0.00002675,-0.00070476,0.00031
368,-0.00001313,0.00000006,0.00001319,0.00013919,0.00006496,0.00003915,-0.000061
47,0.00014528,-0.00027534,0.17145452,-0.18225136,-0.12288066,-0.00055975,0.00039
945,0.00153597,-0.00019202,-0.00002562,-0.00052540,0.01882802,-0.04054931,-0.038
79411,-0.00022660,-0.00035196,0.00052231,-0.00023460,0.00011001,-0.00014177,0.00
012174,-0.00007516,-0.00000604,0.00018699,0.00080108,-0.00010265,0.00000868,0.00
008215,0.00001493,0.00009154,0.00002931,-0.00002409,0.00833430,-0.00422313,0.000
57945,-0.00445803,-0.00007653,0.00002314,-0.03381140,-0.13459321,-0.07924625,-0.
00397171,-0.00201025,0.00142045,0.00057110,-0.00063477,0.00015978,-0.00015539,0.
00002550,-0.00043349,-0.00015397,0.00009216,0.00003363,0.00009092,0.00001176,0.0
0032516,-0.00015153,0.00002178,0.00030480,0.00000713,-0.00010164,0.00042295,-0.1
3356095,0.43096855,0.00087182,-0.00083243,-0.00135166,0.00202997,-0.01849254,-0.
02511754,0.00266591,0.00035067,-0.02406732,0.00031112,0.00096904,-0.00000381,0.0
0001119,0.00003557,0.00002599,-0.00003103,0.00004788,0.00004705,-0.00008339,0.00
015653,-0.00013821,0.14395341,-0.12159923,-0.14043028,0.00418039,0.00046905,-0.0
1108545,-0.00043899,-0.00011463,-0.00023748,0.01687273,-0.03938896,-0.02883113,0
.00067074,0.00038371,0.00014628,0.00072280,-0.00071752,0.00039886,-0.00011702,-0
.00002166,0.00000232,-0.00061924,-0.00035896,-0.00011676,0.00020513,-0.00012148,
0.00007063,-0.00004524,-0.00003757,-0.00005989,0.00902887,-0.00057176,-0.0017064
4,-0.00906010,-0.00069469,0.00121111,-0.02957141,-0.07649916,-0.12747088,-0.0003
6744,-0.00338657,-0.00097543,0.00044316,-0.00040877,0.00011828,0.00020954,-0.000
17229,-0.00005478,0.00009896,0.00012833,0.00001907,-0.00006849,-0.00025013,-0.00
008648,0.00053247,-0.00007287,0.00021279,0.00017157,-0.00013925,-0.00038750,-0.1
3964505,0.28542127,0.35111691,0.00019147,-0.00000655,0.00003893,-0.01719793,-0.0
0328002,-0.00235572,-0.00092508,-0.00083093,-0.00108551,0.00005488,0.00005798,0.
00008548,0.00001584,-0.00000748,-0.00000913,0.00000800,-0.00001718,-0.00000710,0
.00005781,0.00002736,-0.00006251,-0.00143466,-0.00010179,0.00003449,0.00273305,0
.00058996,-0.00009230,0.00000936,0.00003426,0.00008823,0.00012855,0.00011429,0.0
0016442,-0.00010595,0.00009739,-0.00006919,0.00007885,0.00000490,0.00005517,0.00
002438,0.00003311,0.00003285,-0.00011077,-0.00008842,0.00002792,0.00000955,-0.00
001549,0.00002357,0.00001382,-0.00001200,0.00000592,0.00003913,0.00011075,0.0000
1995,0.00010377,-0.00002710,0.00014747,-0.24975517,-0.01913286,-0.04652312,-0.00
041893,-0.00230431,0.00267544,-0.00013567,-0.00000170,-0.00004978,-0.00003927,-0
.00008419,0.00003682,0.00009746,-0.00002290,0.00005038,0.00008640,0.00001808,0.0
0003840,0.00004322,0.00008910,-0.00004412,0.00000224,-0.00012556,-0.00012928,-0.
00749612,-0.00895603,-0.00865790,0.28691787,-0.00000036,0.00017831,-0.00012507,-
0.00880111,0.00054940,0.00075299,-0.00039231,-0.00100417,-0.00228142,0.00005523,
0.00001920,0.00004896,-0.00001094,-0.00000090,-0.00000927,0.00000884,0.00000851,
0.00000257,0.00002229,-0.00000874,-0.00002018,-0.00224555,0.00082839,0.00035306,
0.00074345,-0.00053938,-0.00058066,0.00011182,0.00003017,0.00001066,0.00054840,0
.00056296,0.00075593,-0.00006530,0.00000454,0.00002589,0.00000035,-0.00003073,0.
00002224,0.00002696,-0.00003469,0.00002715,0.00002460,-0.00007625,-0.00002228,-0
.00001474,0.00000446,-0.00002058,-0.00000459,0.00000075,-0.00000032,-0.00006297,
0.00008428,0.00006361,-0.00002325,-0.00005988,0.00016033,-0.02211458,-0.04013419
,-0.00691494,0.00029749,-0.00102029,0.00132188,0.00009608,-0.00001607,0.00004113
,0.00011739,0.00001119,0.00002182,-0.00005034,0.00001958,-0.00003620,-0.00000489
,0.00000076,0.00003855,0.00000948,0.00002897,0.00007383,-0.00002143,-0.00009697,
0.00008808,-0.02442981,-0.00963749,-0.01215345,0.02861063,0.05585406,0.00006101,
0.00009629,0.00002782,0.01865940,0.00028654,0.00497804,0.00102816,-0.00010197,-0
.00178601,0.00005904,-0.00000025,0.00006787,0.00001505,0.00000053,-0.00000255,0.
00000030,-0.00000449,-0.00000084,-0.00003569,-0.00002722,-0.00000055,-0.00274982
,0.00065917,0.00096706,-0.00116272,0.00103453,0.00005565,0.00005892,0.00009285,-
0.00007491,0.00057384,0.00065540,0.00045435,-0.00010066,-0.00004151,-0.00010204,
-0.00000123,-0.00000310,0.00000932,0.00003128,-0.00004732,0.00003406,-0.00004392
,-0.00002728,-0.00001198,-0.00001313,0.00002106,0.00001074,-0.00001534,0.0000121
0,0.00000418,-0.00016000,-0.00005808,0.00015112,0.00001274,-0.00016808,-0.000090
90,-0.03992891,-0.00665200,-0.04882597,0.00197615,0.00454700,-0.00336464,-0.0000
3671,-0.00007612,0.00007046,-0.00000996,0.00006539,-0.00004207,-0.00003042,0.000
01202,0.00001300,-0.00004779,0.00000370,0.00001103,0.00000790,0.00001495,0.00008
296,-0.00010439,0.00011365,-0.00004936,-0.02406726,-0.01288175,-0.01082426,0.058
47779,0.00895279,0.06154389,-0.00091241,0.00222567,-0.00011111,-0.00006227,0.000
14348,0.00008155,-0.00213684,-0.00048060,-0.00070390,-0.20876799,0.09125102,0.05
101710,0.00001529,0.00013649,-0.00006512,-0.00066110,0.00145099,0.00022917,0.000
02289,-0.00016248,-0.00048426,0.00021669,0.00007681,-0.00001635,0.00001529,-0.00
002114,-0.00001663,-0.01828652,-0.00151498,0.01144744,0.00032119,-0.00021101,0.0
0000572,-0.00045513,-0.00078112,-0.00043841,-0.00049612,-0.00040184,-0.00024166,
0.00121362,0.00119340,-0.00105462,0.00026329,-0.00009003,-0.00017813,0.00002371,
0.00011468,-0.00008742,0.00036070,-0.00004563,0.00004912,-0.00040611,0.00010396,
-0.00009874,-0.00029936,-0.00098242,0.00230137,0.00008057,0.00007512,0.00001018,
0.00007616,-0.00015588,0.00019202,-0.00011348,-0.00030216,-0.00003344,0.00004901
,0.00020725,0.00020046,-0.00040030,-0.00036177,-0.00019592,0.00104745,0.00212299
,0.00096208,-0.00043553,0.00004117,0.00030502,-0.00004094,0.00003376,0.00006299,
-0.00008440,-0.00006799,0.00012172,0.00003882,0.00000958,-0.00001022,0.25057399,
0.00129072,0.00216206,-0.00004883,0.00005711,0.00018539,0.00007236,0.00024143,0.
00016552,0.00030537,0.09312595,-0.08502694,-0.03211941,-0.00038597,0.00031106,0.
00008289,0.00263811,-0.00173500,-0.00014810,-0.00014757,0.00002861,-0.00005845,0
.00021651,-0.00017129,-0.00018696,0.00002233,-0.00003788,-0.00003857,-0.01711426
,0.00064047,0.00874225,0.00015402,0.00012544,0.00014848,0.00035558,-0.00117123,-
0.00037986,-0.00021977,-0.00012352,-0.00082976,-0.00173580,-0.00020448,-0.000301
02,0.00048458,-0.00022899,-0.00028487,0.00012250,0.00011527,-0.00053726,-0.00004
412,-0.00021265,0.00024449,-0.00005639,-0.00010300,-0.00013053,0.00057721,-0.000
45230,0.00151213,0.00000398,0.00005013,0.00005330,0.00007398,-0.00015117,0.00005
755,-0.00017089,0.00033456,0.00121688,-0.00021618,0.00059522,-0.00037373,-0.0007
2216,0.00069722,0.00092319,-0.00090006,-0.00316135,-0.00032872,-0.00089770,-0.00
103221,-0.00038084,0.00020520,0.00019163,0.00030510,-0.00004830,-0.00012771,0.00
005100,0.00001059,-0.00000497,-0.00001256,-0.10549261,0.10427033,-0.00122946,-0.
00258115,-0.00224855,-0.00015636,-0.00016731,-0.00000032,-0.00037018,0.00027523,
-0.00000670,0.05637921,-0.03333873,-0.05784952,0.00008408,0.00011477,-0.00012897
,0.00014365,-0.00036448,0.00096101,-0.00020523,-0.00023318,-0.00063736,-0.000070
96,0.00005283,-0.00002851,0.00004783,0.00003759,0.00002450,0.02367215,-0.0014320
7,-0.00864608,0.00002072,-0.00004610,0.00003387,0.00046434,0.00112834,0.00038540
,0.00038548,0.00037185,0.00012244,0.00128404,0.00035188,-0.00025792,-0.00031271,
0.00027706,0.00003413,0.00002943,-0.00001647,0.00019392,-0.00071656,0.00049841,-
0.00092965,-0.00001584,0.00004725,0.00002114,-0.00021826,0.00067005,-0.00248638,
-0.00000624,-0.00000914,-0.00003641,0.00013432,0.00010351,0.00007180,-0.00030804
,-0.00022184,-0.00001057,-0.00001958,0.00008865,-0.00013735,0.00028809,0.0001198
1,0.00009660,0.00059855,-0.00078217,0.00017822,-0.00014993,-0.00104941,-0.000150
29,-0.00007935,-0.00000901,0.00003658,0.00001956,-0.00013679,0.00010220,0.000001
56,0.00000630,0.00000174,-0.06155063,0.02972616,0.07728382,0.00006842,-0.0003859
5,-0.00031819,0.00005954,0.00010062,0.00008808,-0.00032712,-0.00016553,-0.001401
87,-0.04730449,-0.02973426,-0.00742250,0.00001594,0.00000952,0.00002735,0.000254
69,0.00000770,0.00006283,-0.00003236,-0.00000862,-0.00011825,0.00020897,-0.00024
676,-0.00019591,-0.00001726,-0.00003436,-0.00002223,-0.00053940,-0.01265960,-0.0
0249619,0.00000446,0.00015759,0.00013588,-0.00023925,-0.00005254,0.00015812,-0.0
0003700,-0.00018635,0.00020458,0.00009139,-0.00039362,-0.00040849,0.00007281,-0.
00008029,-0.00003231,-0.00007239,-0.00001611,-0.00000529,0.00005411,0.00004758,-
0.00003470,-0.00002962,-0.00013619,-0.00009438,-0.00076589,-0.00081117,0.0002492
5,0.00002764,0.00003749,0.00003989,-0.00002429,-0.00004021,0.00009945,-0.0000313
9,-0.00012343,0.00000305,0.00002624,0.00011362,0.00004614,-0.00002806,-0.0001634
4,0.00006001,0.00000975,0.00060491,0.00025120,-0.00025738,0.00027337,-0.00001806
,0.00000302,0.00004450,0.00004254,-0.00036795,-0.00011696,0.00030322,0.00000242,
0.00000141,-0.00000269,0.00256284,0.02339597,0.00967718,0.05740808,-0.00153707,-
0.00175916,0.00141757,0.00031303,0.00035842,0.00023752,-0.00002296,-0.00056992,-
0.00067389,-0.02651746,-0.21709043,-0.06596320,-0.00008675,0.00012802,-0.0000197
7,-0.00010078,-0.00013298,-0.00005171,0.00001137,-0.00014192,0.00013578,0.000553
01,-0.00031624,-0.00021402,-0.00010439,-0.00009588,-0.00013975,-0.00579108,-0.01
999613,0.00040741,-0.00016055,0.00024297,0.00013885,0.00009703,-0.00046128,0.000
35262,-0.00019980,-0.00039596,0.00008639,-0.00041537,-0.00010521,-0.00001759,0.0
0014953,0.00009412,0.00005889,-0.00003116,0.00012575,-0.00010656,0.00022694,-0.0
0036545,-0.00010290,0.00020323,-0.00024668,-0.00013075,0.00013782,-0.00062979,-0
.00048082,0.00007702,0.00007360,0.00011931,-0.00025445,-0.00019027,0.00006923,0.
00008213,0.00004216,0.00052361,0.00039571,-0.00008528,-0.00052966,-0.00038538,0.
00021446,0.00001557,-0.00043792,-0.00022808,-0.00021990,0.00011562,0.00043926,0.
00034718,0.00008530,0.00012485,0.00011112,-0.00025379,0.00014198,-0.00001108,-0.
00002676,-0.00000492,-0.00000946,0.00070066,-0.01592718,-0.00717580,0.03861977,0
.25543912,0.00115453,0.00244551,-0.00114214,0.00001268,0.00009133,0.00015716,-0.
00016395,0.00062962,-0.00137680,-0.00935564,-0.06499681,-0.06380718,0.00001370,0
.00000249,0.00000774,-0.00006144,-0.00003094,-0.00000078,-0.00006011,0.00001171,
0.00005846,0.00026823,-0.00019115,-0.00019623,-0.00000598,-0.00006917,-0.0000673
2,0.00334584,0.01665755,0.00675168,0.00013637,0.00002788,0.00015105,0.00027104,0
.00017711,-0.00008652,0.00007610,0.00016046,-0.00013303,0.00037951,0.00004261,-0
.00030343,-0.00003245,0.00011939,-0.00008568,0.00004446,0.00002835,0.00000091,-0
.00012905,0.00004714,0.00010711,-0.00019112,0.00005024,-0.00011372,0.00039207,0.
00124542,-0.00018752,-0.00000064,0.00004785,0.00003818,0.00005775,0.00000009,0.0
0021287,0.00013109,-0.00012203,-0.00001133,-0.00025854,0.00028651,-0.00001433,0.
00008801,0.00015189,-0.00006064,-0.00005966,-0.00045088,0.00021457,-0.00020705,-
0.00032231,0.00010160,0.00000106,0.00005005,0.00003378,-0.00031056,-0.00022963,0
.00029540,-0.00001394,-0.00001315,-0.00001435,0.00037381,-0.01034551,-0.00235459
,0.01868061,0.07922278,0.08131413,0.00059943,0.00242317,-0.00175033,0.00010438,-
0.00003010,-0.00011754,0.00002030,0.00014003,-0.00008013,-0.00019027,-0.00007623
,-0.00006595,-0.00049816,0.00049442,0.00014477,0.00018926,-0.00146191,0.00035110
,0.00045803,0.00006584,-0.00027116,-0.00010567,0.00009601,0.00001804,-0.00003294
,0.00004516,0.00010361,-0.00044421,0.00003793,0.00026682,-0.00001551,-0.00006135
,-0.00003567,0.00043434,0.00013140,0.00033805,-0.00018192,-0.00024148,0.00015928
,-0.00022485,-0.00017589,-0.00006232,-0.00024092,0.00030025,0.00035048,0.0000615
1,-0.00006276,-0.00039116,-0.00002697,-0.00002145,0.00015492,0.00005041,0.000057
03,-0.00000736,0.00029538,0.00000329,-0.00028248,0.00007684,0.00005131,0.0000655
3,0.00000283,-0.00001134,0.00006592,0.00392749,0.00663470,-0.00194975,-0.1114408
5,-0.11352786,0.06407406,-0.01121861,-0.01691992,0.01209605,-0.00332276,-0.00489
278,-0.00140359,-0.00087686,-0.00093805,-0.00184620,-0.00005715,0.00032706,0.000
32603,0.00004015,-0.00002522,0.00000117,0.00000745,-0.00004324,0.00001878,-0.000
05386,0.00011751,-0.00004161,-0.00001639,0.00000205,-0.00000195,0.12480472,-0.00
336402,-0.00357022,0.00447103,-0.00027814,-0.00044676,0.00023495,-0.00068754,-0.
00051792,-0.00039508,0.00013269,0.00072514,-0.00008787,0.00031995,-0.00065777,-0
.00063314,0.00041839,0.00011389,0.00020274,-0.00048502,-0.00011362,-0.00035060,-
0.00000142,-0.00027298,-0.00010586,0.00006650,0.00015513,-0.00006191,0.00045860,
0.00058373,-0.00045614,0.00008005,0.00024444,0.00014457,-0.00070755,-0.00002180,
0.00045728,-0.00004448,-0.00028026,0.00082028,0.00033720,0.00054475,0.00070012,0
.00041992,-0.00023396,-0.00019371,-0.00030279,-0.00015984,-0.00029283,0.00026386
,0.00039205,0.00038831,-0.00025350,0.00003111,0.00004170,-0.00112992,0.00079747,
0.00063339,0.00001337,-0.00005865,-0.00012476,0.00016901,0.00026285,-0.00008325,
-0.00372685,-0.00925912,0.00381804,-0.11570510,-0.18650475,0.10466012,-0.0033795
9,-0.00662567,0.00185742,-0.00119127,0.00040291,0.00005005,-0.00010677,-0.000023
14,0.00167497,0.00034654,-0.00048795,-0.00022130,-0.00023252,0.00015007,-0.00019
861,-0.00007644,0.00006028,0.00000084,0.00007143,0.00061302,-0.00002642,0.000043
52,0.00009127,-0.00001685,0.12720925,0.20334663,-0.00144176,-0.00203250,0.000712
99,0.00032292,0.00042405,-0.00022313,-0.00017046,0.00070684,-0.00015601,0.000112
49,0.00027414,-0.00010057,0.00024295,-0.00052428,0.00004441,-0.00023986,-0.00003
585,0.00035162,0.00046914,0.00123620,0.00027011,0.00000316,0.00010678,0.00007629
,-0.00006823,-0.00020543,0.00000277,0.00016601,0.00032731,-0.00057504,-0.0001370
4,-0.00009640,-0.00010958,-0.00017897,-0.00008112,-0.00023842,0.00032491,-0.0004
9830,0.00023174,0.00006018,0.00002124,0.00053607,0.00019664,-0.00018888,0.000093
69,-0.00025441,-0.00024743,-0.00045596,0.00013749,0.00004501,0.00013842,0.000166
38,-0.00002342,0.00001707,-0.00070061,0.00033256,0.00018271,-0.00000636,0.000027
63,0.00017334,-0.00028569,-0.00019415,-0.00004383,0.01353940,0.01423236,-0.00821
303,0.06376117,0.10472220,-0.09532562,-0.00330998,-0.00776196,0.00342167,-0.0018
4604,0.00139251,-0.00094890,-0.00082698,0.00545169,-0.00290390,0.00039332,-0.000
52765,-0.00035124,-0.00004346,-0.00014184,0.00007110,0.00004596,-0.00008258,-0.0
0000107,-0.00004024,0.00013619,-0.00014590,0.00000037,0.00007651,-0.00002844,-0.
06916428,-0.11709336,0.10343086,0.00239131,-0.00233966,0.00081259,-0.00085045,-0
.00056450,0.00158992,-0.02588795,0.00204840,0.00276942,-0.11350125,-0.00682196,-
0.04849762,0.00002441,-0.00009749,0.00002888,0.00012191,0.00002291,0.00004014,-0
.00037899,0.00000564,0.00040864,0.00232123,-0.00210347,-0.00119139,0.00023281,0.
00001472,-0.00034857,0.00859427,0.00068128,0.00527332,-0.00092924,0.00072130,0.0
0134819,0.00069393,0.00029772,0.00026698,-0.00031979,-0.00054561,-0.00013775,-0.
00012532,-0.00085004,0.00065395,0.00007356,0.00015780,-0.00017704,-0.00005387,-0
.00004662,0.00007187,0.00021936,-0.00016054,0.00018765,0.00006997,-0.00016250,-0
.00006212,-0.00127773,0.00216912,0.00303287,-0.00142842,-0.00023309,-0.00006764,
0.00011986,0.00120310,-0.00193048,0.00040378,-0.00031752,0.00011853,-0.00005143,
-0.00003530,-0.00028738,0.00019404,-0.00025755,0.00000954,-0.00034055,0.00035309
,0.00012539,0.00031260,0.00027066,-0.00003655,0.00006828,0.00010130,0.00012578,0
.00323288,-0.00802612,0.00022186,-0.00008213,-0.00044844,-0.00047488,-0.02221810
,0.00349093,-0.02070038,-0.01078664,-0.00670948,-0.01567109,0.00003102,0.0001440
3,-0.00005903,0.43325464,0.00287933,0.00139396,-0.00209037,-0.00037799,-0.000141
09,0.00165094,-0.02072253,-0.01273793,0.00285193,0.00918116,-0.06333987,0.005387
55,-0.00025661,0.00033944,0.00011183,-0.00017695,0.00005788,0.00024293,0.0004384
9,-0.00076832,-0.00025918,0.00250495,-0.00238850,-0.00123481,-0.00000761,-0.0001
4775,-0.00051889,0.00944043,-0.00430886,0.01912358,-0.00179696,0.00099808,0.0004
9500,0.00197486,0.00006989,-0.00052659,-0.00024969,-0.00070216,-0.00024434,-0.00
160165,-0.00172495,0.00120137,0.00032565,0.00016221,-0.00030656,-0.00007731,-0.0
0006702,-0.00030198,-0.00004590,-0.00017040,-0.00030027,0.00180151,-0.00056954,0
.00017337,-0.00327478,0.00364690,0.00372554,-0.00096373,-0.00004679,-0.00015699,
-0.00035558,0.00089212,-0.00187056,0.00129392,-0.00012054,0.00018094,-0.00038532
,0.00095870,-0.00009513,0.00000449,0.00008564,-0.00016664,-0.00064286,-0.0000330
6,0.00010294,0.00167470,-0.00326254,0.00087025,-0.00003025,0.00025202,0.00033289
,0.00601523,0.00104623,-0.00047791,-0.00006698,-0.00029948,-0.00032819,0.0115713
3,-0.00199129,0.01073312,-0.01672268,-0.00222936,-0.02416556,-0.00009885,0.00038
923,0.00007308,-0.06567110,0.34620169,0.00068992,-0.00347032,-0.00091859,-0.0005
3384,-0.00091142,-0.00030056,-0.00150832,-0.00151206,-0.02130452,-0.05907627,-0.
01423051,-0.14152165,0.00014361,-0.00021268,-0.00006110,0.00004957,-0.00003408,-
0.00012553,0.00044353,-0.00027338,-0.00026289,-0.00048550,-0.00005668,0.00042776
,0.00008783,0.00024437,0.00006636,-0.01400069,0.01291416,-0.03244186,0.00033656,
-0.00036608,0.00013981,-0.00080382,0.00068654,-0.00036501,-0.00046950,0.00157870
,-0.00009590,0.00246437,0.00133302,-0.00239379,-0.00006707,-0.00014415,0.0001912
5,0.00023143,0.00028606,0.00035960,0.00011617,0.00008731,0.00016346,0.00025762,0
.00006911,-0.00015745,0.00176679,0.00163383,0.00060264,0.00118907,0.00017993,-0.
00029415,-0.00012828,-0.00039401,0.00213026,-0.00027616,-0.00001313,0.00017419,-
0.00016743,-0.00028998,-0.00013587,0.00023487,0.00004332,0.00014913,0.00036039,-
0.00004984,-0.00046257,0.00040021,0.00001249,0.00004356,-0.00000734,-0.00011569,
-0.00009968,0.00094780,0.00214752,0.00580928,-0.00001706,0.00018808,0.00029802,-
0.00029138,0.00155178,0.00216728,-0.01630376,-0.00860921,-0.02036367,0.00004099,
-0.00014224,-0.00007186,-0.02208621,-0.03274372,0.49995904,-0.00012966,0.0000551
7,-0.00000690,0.00021404,0.00003889,0.00040264,0.00096336,-0.00485069,-0.0005130
1,-0.02266796,0.01541787,-0.00401928,-0.00002791,-0.00001496,0.00005209,-0.00000
532,0.00004423,0.00000662,-0.00006014,0.00006580,0.00011884,0.00084827,-0.001061
47,-0.00052039,-0.00005265,-0.00001082,-0.00017981,0.00028619,-0.00038401,0.0008
5644,0.00027781,0.00053914,0.00031397,-0.00001099,-0.00025257,-0.00010093,0.0000
3399,-0.00019213,0.00000293,0.00033607,0.00029639,-0.00027505,0.00005232,0.00001
572,0.00001590,-0.00002699,0.00001356,-0.00001650,-0.00000190,-0.00001868,0.0000
3545,0.00001403,-0.00042904,-0.00006002,-0.00035443,0.00054513,0.00003402,0.0000
2767,0.00016649,0.00006845,-0.00035307,0.00021778,0.00037679,0.00014895,0.000127
81,0.00002456,-0.00012367,0.00003091,-0.00005337,-0.00001831,0.00003702,-0.00000
425,-0.00025498,0.00016505,-0.00024262,0.00018025,-0.00028882,0.00011054,-0.0000
0283,0.00000465,0.00003977,-0.00127068,-0.00011930,0.00057323,-0.00002990,-0.000
05830,-0.00004548,-0.00318857,0.00152757,-0.00319599,0.00039293,0.00212399,0.001
24845,-0.00003425,0.00003972,0.00004725,-0.11535927,0.05345510,0.00759329,0.4798
5383,0.00003235,0.00016901,-0.00009459,-0.00045484,-0.00071551,-0.00073768,-0.00
000658,-0.00869686,-0.00022026,0.00350445,-0.00422934,0.00086941,-0.00001845,-0.
00001288,-0.00006587,-0.00009972,-0.00006782,0.00000674,0.00018591,-0.00010345,-
0.00016171,-0.00121566,0.00071961,0.00036304,0.00005791,0.00024741,0.00031234,-0
.00074756,-0.00009758,-0.00071803,0.00055096,-0.00035018,-0.00045237,0.00048491,
-0.00041769,0.00006085,0.00007643,-0.00022214,-0.00004726,-0.00003035,0.00021187
,-0.00031378,0.00006657,0.00000977,-0.00006403,-0.00001978,0.00005066,-0.0000177
6,-0.00006653,0.00000163,-0.00004723,-0.00015262,-0.00034211,0.00053552,-0.00015
993,-0.00193032,0.00250751,0.00003437,-0.00018237,-0.00022550,0.00018347,-0.0002
2663,-0.00077457,0.00005276,-0.00018421,0.00020539,-0.00017516,0.00005339,0.0000
2824,-0.00001572,0.00013975,0.00009516,-0.00011112,0.00034691,0.00003423,-0.0000
6336,0.00039199,0.00041037,0.00008727,-0.00010605,0.00003246,0.00049039,-0.00014
240,0.00007826,0.00008159,0.00001993,0.00008830,-0.00054393,0.00027081,0.0002023
8,-0.00187231,0.00259073,-0.00127869,0.00002321,0.00011373,-0.00005913,0.0824748
8,-0.13550914,-0.01245507,0.02605395,0.42540261,0.00024153,0.00014179,0.00018476
,-0.00009376,-0.00035164,-0.00012820,0.00068288,-0.00095787,0.00194920,-0.019400
81,0.01633734,0.00011967,0.00000755,-0.00003619,-0.00001505,0.00003791,-0.000004
29,-0.00004729,0.00013171,0.00008071,-0.00000969,-0.00005014,0.00044098,0.000530
15,0.00001346,0.00014726,0.00001432,-0.00051813,0.00008260,-0.00042421,0.0002250
3,-0.00066711,-0.00017372,-0.00008331,0.00012500,-0.00002575,-0.00012769,0.00021
796,-0.00012644,0.00019119,0.00009869,-0.00023603,-0.00000152,0.00008223,-0.0000
4377,-0.00001939,0.00006432,0.00002326,-0.00001461,0.00002914,0.00004323,-0.0008
0678,0.00063271,0.00005590,0.00068197,-0.00029391,-0.00027056,0.00004801,-0.0000
5351,-0.00011045,-0.00013942,0.00054106,0.00012317,0.00002541,-0.00001416,-0.000
09679,-0.00007253,0.00000031,0.00000564,0.00002147,-0.00003782,0.00001589,-0.000
06959,0.00016367,0.00004988,-0.00016362,-0.00003142,-0.00001362,0.00001974,-0.00
002636,0.00002941,-0.00002620,-0.00012244,-0.00004688,-0.00000520,-0.00001698,0.
00001201,-0.00372544,0.00121265,-0.00322541,-0.00031096,0.00107778,0.00078479,0.
00001744,0.00000609,-0.00001217,0.00942704,-0.00948376,-0.07639558,-0.00079973,-
0.00794677,0.53202429,-0.00055771,-0.00011924,0.00030555,-0.00029990,-0.00046936
,-0.00029982,-0.00060137,0.00013484,0.00264310,0.00670092,0.00348977,-0.01360056
,0.00003113,0.00000023,-0.00003398,-0.00017195,0.00001959,-0.00015467,0.00102985
,0.00098138,0.00033296,-0.00042714,0.00008963,0.00012579,0.00008191,0.00018397,0
.00016146,-0.00080869,0.00045732,-0.00300654,0.00027256,-0.00013567,-0.00008906,
0.00011631,-0.00005465,0.00014096,-0.00015637,0.00027686,0.00000779,0.00048651,0
.00011785,-0.00038934,-0.00002088,0.00004640,-0.00002893,-0.00000218,0.00010626,
0.00005320,-0.00002608,0.00002723,-0.00002432,-0.00053738,0.00017448,0.00016447,
-0.00029714,-0.00026792,0.00004111,-0.00012605,-0.00008058,-0.00010347,0.0001187
2,0.00029954,-0.00020522,-0.00003276,-0.00005238,0.00032073,0.00004106,0.0000426
6,0.00009678,-0.00004396,0.00004986,-0.00013066,-0.00011299,-0.00020606,0.000123
03,-0.00013936,-0.00142680,0.00026074,-0.00002243,-0.00004046,-0.00002677,-0.000
17906,-0.00061624,-0.00040407,0.00002438,-0.00002696,-0.00001541,0.00127638,0.00
013027,-0.00304394,-0.00017325,-0.00009172,-0.00117121,-0.00003019,-0.00000611,-
0.00000450,-0.11089893,-0.00796281,0.06468247,-0.02084449,-0.00073950,0.02447850
,0.51626104,0.00026193,0.00109888,-0.00088881,-0.00005520,0.00003065,-0.00000916
,-0.00064108,0.00116225,0.00445714,0.00074952,-0.00135716,0.00071908,-0.00004351
,0.00001898,0.00001457,0.00010284,-0.00002804,0.00019173,-0.00018857,-0.00435395
,0.00087732,0.00001914,-0.00027037,-0.00011216,0.00003719,-0.00001704,-0.0000096
3,0.00136977,-0.00070900,0.00161986,-0.00007171,0.00019619,-0.00000390,0.0001518
3,0.00009433,0.00001281,-0.00005106,-0.00001311,-0.00004780,-0.00005483,-0.00014
217,-0.00001748,0.00001919,0.00005244,-0.00006738,-0.00001837,0.00001697,0.00001
174,-0.00003456,-0.00004355,-0.00003533,-0.00001219,-0.00011151,0.00014671,-0.00
060514,-0.00023797,0.00010885,-0.00021817,-0.00003653,0.00000408,-0.00013370,0.0
0005040,-0.00046263,0.00031174,-0.00031556,0.00039613,-0.00018974,-0.00001100,0.
00017422,0.00003274,-0.00002836,0.00010928,-0.00022340,-0.00008766,0.00014167,-0
.00030876,-0.00061618,-0.00144442,-0.00002531,-0.00004157,0.00005564,-0.00079195
,-0.00105157,-0.00051857,0.00001592,-0.00005846,-0.00007218,-0.00008148,0.000340
16,0.00158787,-0.00049948,0.00000516,-0.00124845,0.00002388,0.00004454,0.0000350
8,-0.02033964,-0.06931860,0.03864370,0.01416752,-0.00274595,-0.01877183,-0.03290
253,0.49090629,0.00047304,-0.00083860,0.00038502,-0.00017908,0.00007565,0.000928
44,-0.00014059,0.00049856,0.00010522,0.00959605,0.00704691,-0.03209511,0.0000035
2,-0.00004103,0.00003821,0.00009973,0.00002954,0.00003892,0.00008560,0.00000356,
0.00018175,0.00084493,-0.00020602,-0.00014722,0.00009936,0.00002124,-0.00034068,
-0.00232670,0.00030955,-0.00404887,-0.00020049,-0.00006399,0.00015126,0.00006857
,0.00022283,0.00011130,-0.00025371,0.00045893,-0.00007196,0.00058723,0.00030824,
-0.00053410,-0.00003330,-0.00003577,-0.00001401,0.00004699,0.00004498,0.00005481
,0.00007052,0.00005964,0.00003469,0.00031903,0.00005249,-0.00023385,-0.00065665,
0.00002889,-0.00021651,0.00008722,0.00021550,-0.00000272,0.00019397,0.00011459,-
0.00055186,0.00007198,-0.00029603,-0.00023227,0.00002020,-0.00002954,-0.00006101
,-0.00000105,-0.00021756,0.00010255,0.00019968,-0.00015035,-0.00010564,0.0002401
4,0.00024403,-0.00022195,0.00003837,0.00003529,0.00005062,-0.00022942,-0.0001498
1,0.00016085,-0.00001804,-0.00002237,-0.00006850,0.00196030,-0.00030820,0.000025
82,-0.00025117,0.00005046,-0.00003648,0.00000467,0.00002000,0.00003213,0.0540794
8,0.01867341,-0.16383604,0.01014853,0.00045205,-0.00916146,0.03720013,0.02003111
,0.47910989,0.00033387,0.00011005,-0.00013573,0.00020958,0.00037428,0.00006143,-
0.00082265,-0.00060786,0.00039200,0.00131457,0.00158838,0.00151043,0.00001127,-0
.00000616,0.00000267,0.00003954,0.00000573,0.00001673,-0.00003450,-0.00001417,-0
.00001663,0.00041260,0.00023603,0.00000378,-0.00008398,-0.00017526,-0.00016422,-
0.00025355,-0.00012823,-0.00012482,-0.00001285,-0.00009965,0.00005220,0.00012750
,0.00011407,0.00005216,-0.00003062,-0.00001142,-0.00004282,-0.00007548,-0.000005
51,-0.00006291,0.00004249,0.00000923,-0.00002734,0.00003469,-0.00002110,-0.00000
403,0.00004193,-0.00001516,0.00000281,0.00007372,-0.00007839,-0.00014395,-0.0002
2499,-0.00048233,0.00035059,-0.00003453,0.00000242,0.00008010,-0.00012552,-0.000
31778,-0.00033776,0.00004614,-0.00010965,-0.00003665,-0.00006543,0.00003440,-0.0
0003633,-0.00002160,0.00003356,0.00004683,-0.00001452,0.00000641,0.00003278,-0.0
0012095,0.00011486,0.00002071,0.00002001,0.00002728,0.00004260,0.00004382,-0.000
24866,-0.00001929,-0.00000369,-0.00002208,-0.00001554,0.00013663,-0.00005742,0.0
0013029,0.00032066,-0.00061620,0.00008904,0.00000475,0.00002592,-0.00000188,0.00
635647,0.01911402,0.00051614,-0.09078829,-0.08180227,0.00619272,0.00170798,0.003
89022,-0.00124870,0.10076952,0.00040603,0.00031057,-0.00021953,0.00030388,0.0003
4000,0.00027036,0.00095185,-0.00187403,-0.00034428,-0.00120845,0.00033075,-0.001
21255,-0.00001158,0.00002045,0.00002509,0.00000096,-0.00002385,0.00000673,-0.000
04251,-0.00006466,0.00010699,0.00068004,-0.00017970,-0.00010828,-0.00010304,-0.0
0014938,-0.00019606,-0.00008652,0.00001990,0.00019869,-0.00035105,0.00019366,-0.
00001664,0.00013777,0.00020590,0.00000217,-0.00009408,0.00000582,-0.00006656,0.0
0006121,0.00000669,-0.00007843,0.00005325,0.00003027,-0.00003605,0.00003474,0.00
000607,-0.00001914,0.00004390,-0.00003755,-0.00002283,0.00053164,-0.00026413,-0.
00010842,-0.00056219,0.00020705,0.00033496,0.00005161,0.00009725,0.00014174,-0.0
0021084,-0.00012069,-0.00026474,0.00020016,-0.00008300,-0.00009303,-0.00008441,0
.00008465,-0.00006176,0.00002895,0.00000601,-0.00000799,-0.00006644,0.00002068,-
0.00000303,0.00002938,-0.00024549,-0.00003530,0.00005084,0.00007878,0.00009395,-
0.00032638,0.00028618,0.00003618,-0.00001121,-0.00001456,-0.00002297,-0.00046077
,0.00034195,-0.00007369,0.00070870,0.00063636,0.00095186,-0.00000076,0.00002344,
0.00000359,0.00538954,-0.04413944,-0.00161596,-0.08656312,-0.19511677,0.01318052
,-0.00132139,0.00124766,0.00162986,0.09307504,0.24726667,-0.00002299,-0.00012266
,-0.00013252,0.00006208,0.00014436,0.00002110,0.00010337,-0.00007378,0.00067988,
0.00091491,0.00132697,0.00108303,0.00000355,0.00000160,-0.00000426,-0.00000822,0
.00000653,0.00000591,0.00000123,-0.00003993,0.00000741,-0.00001417,0.00002776,0.
00000235,-0.00002886,-0.00008156,-0.00004725,0.00028498,-0.00001881,-0.00005064,
-0.00022772,0.00002291,-0.00011774,-0.00006071,-0.00007131,0.00002462,0.00002800
,0.00001575,0.00002165,-0.00000691,0.00001323,0.00002519,-0.00001731,-0.00001111
,0.00000372,-0.00001869,-0.00000892,-0.00000817,-0.00001682,0.00000776,-0.000002
12,0.00013975,0.00006656,-0.00001627,0.00004861,0.00059331,-0.00002727,-0.000012
03,0.00001751,0.00002223,0.00000857,-0.00006263,-0.00016927,0.00000937,-0.000048
33,0.00003073,0.00000772,-0.00001060,-0.00004366,-0.00003324,0.00003157,0.000023
32,0.00000666,-0.00000683,-0.00001282,0.00003117,0.00000929,0.00005533,-0.000012
95,0.00001355,-0.00000101,0.00001381,0.00003445,-0.00001042,0.00000545,0.0000115
5,0.00000117,-0.00001084,-0.00013458,-0.00006032,-0.00053452,-0.00025711,-0.0002
3176,0.00000014,0.00000341,-0.00000647,0.00063336,-0.00276804,-0.00062232,0.0056
4316,0.01255715,-0.04737801,-0.00078991,-0.00345360,0.00119694,-0.00913916,-0.01
337245,0.04882734,-0.00006556,-0.00050444,0.00017828,0.00010254,0.00006608,-0.00
009877,0.00049691,0.00004191,0.00122819,0.00018913,-0.00019082,0.00089057,0.0000
2774,-0.00003579,-0.00000238,0.00002890,0.00000871,0.00000973,-0.00000078,-0.000
07254,-0.00003985,-0.00001170,-0.00061147,-0.00033600,-0.00005443,-0.00001766,-0
.00000380,-0.00009211,0.00028061,-0.00015160,-0.00013879,0.00051565,0.00010860,-
0.00003941,0.00015726,-0.00005322,0.00000292,-0.00001714,0.00002456,-0.00027651,
0.00022556,-0.00004996,-0.00004489,-0.00006226,0.00004620,-0.00001827,-0.0000536
7,0.00005005,-0.00001085,-0.00000040,0.00001867,0.00040599,-0.00107162,0.0003537
2,0.00050083,-0.00018994,0.00015655,-0.00009568,-0.00005694,0.00005009,-0.000116
95,0.00011140,-0.00027874,-0.00000944,-0.00003314,-0.00012125,-0.00000409,-0.000
14022,-0.00001882,0.00007910,-0.00011169,0.00002089,0.00009750,0.00006557,-0.000
11005,0.00009043,0.00004870,-0.00015193,-0.00004111,-0.00002647,-0.00004392,-0.0
0007077,0.00017883,0.00015850,-0.00003079,0.00000063,0.00000037,0.00032810,-0.00
029786,0.00016932,-0.00103455,-0.00030132,0.00003038,0.00000979,-0.00004171,-0.0
0001154,-0.01261809,0.00118213,0.01977792,-0.08352077,-0.00826814,0.08352786,-0.
00408934,0.00400841,0.00151774,-0.00685073,-0.00548967,0.01532434,0.09826414,-0.
00072541,0.00060718,-0.00061377,0.00001279,-0.00013592,-0.00014992,0.00029293,-0
.00324337,-0.00191544,-0.00026713,0.00079235,-0.00026334,-0.00002349,0.00004587,
0.00000698,-0.00011472,0.00001546,0.00001035,-0.00002437,0.00004295,0.00010819,-
0.00062736,-0.00053157,-0.00034587,0.00000814,0.00010930,0.00018590,0.00080972,0
.00006149,-0.00010638,-0.00002184,0.00043817,0.00005135,0.00012617,-0.00053560,0
.00021885,0.00002111,-0.00006665,-0.00003351,0.00015878,-0.00012047,0.00008551,0
.00002241,-0.00002936,-0.00003165,-0.00004101,0.00005285,-0.00008355,-0.00006700
,-0.00000219,-0.00007301,-0.00043688,-0.00142709,0.00063413,-0.00049797,-0.00092
203,0.00128801,-0.00000890,-0.00003281,-0.00000817,-0.00005942,0.00020087,0.0002
7530,0.00004065,-0.00004755,0.00021210,-0.00004301,0.00002861,-0.00007991,-0.000
03528,0.00011209,0.00001738,-0.00009427,0.00001296,-0.00003876,0.00011661,-0.000
00540,0.00022077,0.00000688,0.00006892,0.00005441,-0.00006315,-0.00010488,-0.000
00167,0.00003360,0.00003951,0.00003755,-0.00023521,-0.00004291,-0.00022038,-0.00
016610,-0.00001349,0.00003717,-0.00003327,0.00006445,0.00001089,0.01073806,-0.00
004208,-0.02009387,-0.00968910,-0.04241364,0.02065638,0.00351515,-0.00233007,-0.
00046032,-0.01290841,-0.00534732,0.02450088,0.00814965,0.05301788,0.00004393,0.0
0029443,-0.00016866,-0.00001448,-0.00012279,-0.00020267,0.00058481,-0.00247823,-
0.00176903,-0.00102020,0.00044981,0.00080302,-0.00002791,0.00002000,-0.00001165,
-0.00001876,-0.00002543,-0.00001081,-0.00003304,0.00003686,-0.00000874,-0.000767
63,-0.00067458,-0.00016201,0.00001869,0.00005924,0.00023103,-0.00008489,0.000171
34,0.00010327,-0.00036840,0.00094074,-0.00028735,-0.00012408,0.00009735,-0.00012
832,-0.00002769,0.00015367,-0.00008540,-0.00012930,-0.00005327,-0.00006638,0.000
02182,-0.00002722,-0.00002740,-0.00001712,0.00001158,-0.00003376,-0.00001817,-0.
00002125,-0.00003216,0.00096251,-0.00002125,0.00066986,0.00014375,0.00097894,-0.
00035945,0.00000124,-0.00004583,0.00005057,0.00006286,-0.00015575,0.00027297,-0.
00007070,0.00002119,0.00011374,0.00002534,0.00009258,0.00006904,-0.00008918,0.00
004667,-0.00000571,-0.00003621,-0.00003790,0.00013214,-0.00011195,0.00010716,0.0
0004047,0.00012116,0.00003203,0.00007618,-0.00013829,-0.00024977,-0.00014255,0.0
0004986,0.00001106,0.00002203,-0.00018016,0.00017545,-0.00008226,-0.00032094,0.0
0013129,0.00017858,0.00002776,0.00005246,-0.00001797,0.00405386,-0.00150444,-0.0
0578066,0.09034649,0.01856057,-0.23260356,0.00158850,-0.00203327,-0.00004630,0.0
0251653,0.00266240,-0.00348977,-0.10502613,-0.02043019,0.26564832,0.00032707,-0.
00046133,0.00007079,0.00040753,0.00050688,0.00005464,-0.00058156,0.00254602,-0.0
0107435,-0.00385796,0.00325414,0.00061642,0.00000606,-0.00001507,0.00003647,0.00
005930,0.00000874,-0.00001705,-0.00003783,0.00004418,0.00003333,0.00031059,-0.00
034506,-0.00013787,-0.00013410,-0.00021600,-0.00007668,-0.00029963,0.00011176,-0
.00006636,-0.00011544,0.00024496,0.00002537,0.00008016,0.00010672,0.00003893,-0.
00000676,-0.00009496,0.00005196,0.00013120,-0.00006185,-0.00000598,-0.00003650,-
0.00006080,0.00003553,0.00003219,-0.00003274,0.00001008,0.00006447,-0.00002057,0
.00004536,0.00039367,-0.00000090,-0.00000162,-0.00045276,0.00036743,0.00002067,-
0.00006468,-0.00008132,0.00006712,-0.00028079,-0.00074227,-0.00012430,0.00011484
,-0.00001754,-0.00003937,0.00001793,-0.00001942,0.00007676,-0.00003026,-0.000119
57,0.00005915,-0.00002145,0.00003988,-0.00005148,0.00009352,-0.00012661,-0.00018
731,-0.00001387,-0.00001550,-0.00002632,0.00005757,0.00028846,-0.00007203,-0.000
04588,0.00000664,0.00000507,-0.00080311,0.00025389,-0.00107765,0.00028247,0.0003
1772,0.00062275,-0.00001916,-0.00002185,0.00003528,-0.01712097,0.00362297,-0.016
05506,-0.14231005,-0.01373161,-0.10517903,0.00019926,-0.00016063,-0.00054578,-0.
01202715,-0.00605577,-0.01293292,0.00931792,0.00078781,0.00815358,0.16670232,-0.
00067773,0.00017341,-0.00067243,-0.00022388,-0.00087107,-0.00025423,0.00075082,-
0.00311485,0.00137293,0.00422767,-0.00192712,-0.00067482,-0.00001105,0.00002171,
-0.00001369,-0.00008490,0.00000002,0.00001105,0.00004523,0.00000707,0.00003351,-
0.00036203,-0.00031700,0.00018583,0.00007812,0.00036787,0.00031763,0.00015758,0.
00005794,-0.00015266,0.00000145,0.00024807,-0.00027908,0.00006670,-0.00016375,-0
.00009284,-0.00001216,0.00001402,-0.00009125,-0.00016286,0.00009905,-0.00000925,
0.00003295,-0.00001810,-0.00002283,-0.00003579,0.00001792,-0.00004098,-0.0000661
0,0.00001512,-0.00007209,0.00029533,-0.00014795,0.00036457,-0.00004045,0.0000881
9,0.00026284,0.00012490,0.00002412,-0.00006352,-0.00016368,0.00042772,-0.0004266
7,0.00002698,-0.00000172,0.00021830,-0.00002804,0.00006210,0.00001642,-0.0000615
1,0.00009290,-0.00002934,-0.00005680,-0.00005249,-0.00002475,0.00009864,-0.00002
656,0.00018895,0.00002621,-0.00002240,0.00004049,-0.00012626,0.00006521,-0.00022
057,0.00003075,0.00004123,0.00000966,0.00106974,-0.00013642,0.00110082,-0.000014
15,0.00001688,-0.00003602,-0.00002816,0.00004522,0.00000771,0.01778269,-0.001344
56,0.01628687,-0.01456297,-0.04090248,-0.01453395,-0.00007641,0.00033969,0.00075
114,-0.01998792,-0.00509834,-0.01933415,0.00200521,0.00094910,0.00303860,0.00981
213,0.05120502,0.00030117,-0.00056233,-0.00002901,-0.00002616,0.00010137,0.00032
927,-0.00115806,0.00399499,-0.00011578,-0.00041729,0.00043744,0.00074711,0.00000
526,-0.00001161,-0.00000306,0.00004034,-0.00001117,-0.00002710,0.00002474,0.0000
0305,0.00003259,0.00066256,0.00062087,0.00005385,-0.00000290,-0.00009726,-0.0001
9831,-0.00048542,-0.00008120,0.00011291,0.00014247,-0.00063029,0.00014593,-0.000
02276,0.00017809,0.00000773,0.00003013,-0.00011347,0.00008870,0.00011438,0.00000
131,0.00006863,-0.00002910,-0.00006084,0.00000903,0.00005515,-0.00005381,0.00001
452,0.00009139,-0.00001616,0.00003806,-0.00028858,0.00008607,-0.00048099,-0.0002
5603,-0.00004826,0.00004584,0.00004740,0.00010380,-0.00006490,0.00002208,-0.0003
1902,-0.00042672,-0.00000179,0.00000139,-0.00005929,0.00001592,-0.00003692,0.000
11148,-0.00000038,-0.00006234,0.00003877,0.00006692,-0.00002216,-0.00003377,0.00
009864,-0.00011191,-0.00017123,-0.00003508,-0.00005700,-0.00004464,0.00007070,0.
00034629,0.00004638,-0.00001779,0.00000642,-0.00003085,0.00011198,0.00012822,0.0
0002530,0.00032218,0.00041801,0.00025478,-0.00001648,-0.00001477,0.00001473,0.00
088043,0.00195768,0.00112206,-0.11058163,-0.01488856,-0.16124110,0.00073358,-0.0
0030502,0.00102775,-0.00013457,-0.00088164,0.00079073,-0.01809179,-0.00294983,-0
.02337655,0.12712660,0.01327626,0.18145908,0.00020378,0.00019277,0.00001476,0.00
009835,0.00017245,0.00013748,0.00030133,0.00068594,0.00154422,0.00025814,0.00007
110,-0.00034024,-0.00000274,0.00001253,0.00000688,0.00008424,0.00001895,0.000061
52,-0.00026998,-0.00011891,-0.00028488,0.00037052,-0.00019317,-0.00016452,-0.000
03466,-0.00010196,-0.00010094,0.00019137,-0.00009843,0.00028121,-0.00003016,0.00
010561,0.00010285,0.00003476,0.00005349,-0.00001652,-0.00005092,0.00000664,-0.00
005111,-0.00003615,0.00000788,-0.00001598,0.00002488,0.00001030,-0.00002637,-0.0
0000258,-0.00000734,-0.00001863,0.00000658,-0.00000662,0.00000776,0.00001382,-0.
00004089,-0.00006167,-0.00007386,-0.00002571,-0.00007956,-0.00008521,0.00001020,
0.00005496,-0.00001428,0.00008093,-0.00021588,-0.00003651,0.00007157,-0.00022756
,0.00001522,0.00003385,-0.00005547,0.00001161,-0.00003308,0.00001717,0.00006002,
0.00001607,0.00002490,0.00016461,0.00038503,0.00018874,-0.00002152,0.00002937,0.
00001277,-0.00042746,-0.00034980,-0.00011171,-0.00001433,-0.00002958,-0.00003562
,-0.00009004,0.00018117,0.00010231,0.00003177,0.00002482,0.00010943,-0.00000694,
0.00003154,-0.00001262,-0.01201468,-0.01787477,0.01131513,0.00017705,-0.00325909
,0.00031624,-0.05801406,-0.05257181,-0.00377840,-0.00019306,0.00133484,0.0007618
2,0.00024476,-0.00003718,-0.00033808,-0.00023657,-0.00006388,0.00009478,0.069516
12,0.00029314,0.00046403,-0.00013208,0.00042137,0.00054630,0.00035072,0.00060174
,0.00060138,0.00078661,0.00000484,0.00040837,-0.00072384,-0.00001231,0.00001229,
0.00003119,0.00000787,-0.00005977,0.00002091,-0.00003017,-0.00038336,0.00040958,
0.00077029,-0.00031536,-0.00024320,-0.00012682,-0.00023414,-0.00028673,0.0002670
6,-0.00005169,0.00005897,-0.00018669,0.00017121,0.00016030,0.00009268,0.00007752
,-0.00001838,-0.00002626,-0.00003829,-0.00005789,0.00006031,-0.00001677,-0.00008
705,0.00003922,0.00004902,-0.00000888,0.00001739,0.00000989,-0.00001031,0.000027
43,-0.00004813,0.00001056,0.00024333,-0.00007210,-0.00011443,-0.00040686,0.00022
054,0.00002235,-0.00006408,0.00003356,0.00014066,-0.00026449,-0.00011663,-0.0002
2535,0.00021925,-0.00001847,0.00016641,-0.00007769,0.00012082,-0.00008390,-0.000
03692,0.00007713,-0.00000578,-0.00021731,-0.00007427,-0.00001433,-0.00027348,-0.
00029975,-0.00032303,0.00005367,0.00010193,0.00007650,-0.00040454,-0.00017061,-0
.00003639,-0.00004919,-0.00004186,-0.00003892,-0.00005132,-0.00041296,-0.0000048
1,0.00008720,0.00036493,0.00056382,0.00000505,0.00001011,0.00003307,-0.01321196,
-0.01488136,0.01497985,0.00253377,0.00336077,-0.00145285,-0.04994581,-0.23702715
,-0.00445419,-0.00065063,0.00077236,0.00038600,0.00043064,0.00008758,-0.00053965
,-0.00016557,-0.00034375,0.00010615,0.06627157,0.28141071,-0.00026743,-0.0001179
0,-0.00015829,0.00020813,0.00015596,-0.00022568,-0.00006635,-0.00088241,-0.00143
242,0.00077712,0.00092030,0.00109578,0.00000327,-0.00002379,0.00001758,-0.000027
50,0.00001338,-0.00000928,-0.00013423,0.00010434,0.00006420,-0.00027609,0.000125
94,0.00008457,-0.00009686,-0.00010797,0.00000646,-0.00020012,0.00003447,-0.00038
551,-0.00004616,0.00000021,-0.00005280,0.00000838,-0.00017011,0.00003109,0.00003
882,-0.00003566,0.00004001,-0.00001088,0.00000877,-0.00001110,-0.00000469,-0.000
01568,0.00001614,-0.00000986,-0.00001011,0.00000228,-0.00000920,0.00002388,0.000
00043,0.00005742,0.00000278,0.00006189,0.00016898,0.00008449,0.00009412,0.000056
92,-0.00006816,0.00001974,-0.00024742,-0.00015737,0.00029713,0.00000394,0.000033
52,0.00009334,-0.00002710,0.00001752,0.00002287,-0.00003723,0.00005545,0.0000542
3,-0.00008114,-0.00004544,-0.00006015,0.00008549,0.00002641,0.00003689,0.0000228
0,0.00001933,-0.00001267,0.00038984,0.00036743,0.00010722,-0.00000216,0.00002073
,0.00005349,-0.00006488,0.00004235,-0.00004947,0.00017666,-0.00032711,0.00016228
,-0.00000647,-0.00000245,0.00002842,0.01626978,0.02811064,-0.00916822,-0.0003737
3,0.00256234,0.00045528,-0.00160962,-0.00087360,-0.04419098,-0.00001857,-0.00106
383,-0.00019727,-0.00044756,0.00022700,0.00029326,-0.00019255,-0.00029636,-0.000
18540,-0.00628468,-0.00528920,0.05250963,-0.00019144,-0.00001748,-0.00014049,-0.
00017263,-0.00058500,-0.00012077,0.00124538,0.00034740,0.00039438,-0.00067410,0.
00038066,0.00208378,0.00001085,-0.00003233,0.00001455,0.00005626,-0.00005100,0.0
0006329,-0.00019105,0.00062392,-0.00031811,-0.00001481,0.00002514,0.00011411,0.0
0002029,0.00022851,0.00019897,0.00032355,-0.00012237,0.00047311,-0.00007648,0.00
003345,-0.00003727,-0.00004923,0.00012015,-0.00001791,-0.00006246,-0.00005877,0.
00003174,-0.00011414,0.00003316,0.00007975,-0.00001177,-0.00001448,-0.00002339,-
0.00000213,-0.00002027,0.00001587,0.00002110,0.00000185,0.00001310,0.00004336,-0
.00007058,0.00002174,0.00012900,-0.00009503,-0.00009329,0.00012519,0.00007220,-0
.00009160,-0.00019215,0.00041286,-0.00021912,0.00003819,-0.00004762,0.00010404,-
0.00006189,-0.00001348,-0.00000007,0.00005262,-0.00003041,0.00006845,-0.00011018
,-0.00012835,-0.00000897,0.00000531,0.00003067,-0.00019511,0.00006441,0.00002448
,0.00002571,-0.00012458,0.00004653,-0.00015770,-0.00000751,0.00000108,-0.0000027
8,0.00012321,-0.00023125,-0.00025747,0.00037735,0.00019577,0.00044778,0.00000713
,-0.00000410,0.00001933,0.00836200,0.00276045,0.01325236,0.00077550,-0.00046024,
0.00104315,-0.12503483,-0.02771279,-0.11125428,-0.00029958,0.00002126,-0.0000782
7,-0.00003017,-0.00002886,-0.00008285,-0.00030623,0.00013905,0.00034329,-0.00533
925,-0.00368485,-0.00730045,0.13970724,-0.00030100,0.00016725,-0.00045422,-0.000
71808,-0.00069117,0.00006889,0.00006326,0.00043302,0.00087194,-0.00040017,0.0007
2425,0.00190422,-0.00000288,0.00002532,-0.00005586,-0.00008227,0.00001288,-0.000
04053,0.00070441,-0.00062561,0.00040529,-0.00004006,0.00011965,0.00009698,0.0002
3055,0.00024409,0.00012008,0.00018312,-0.00000243,0.00029344,0.00008958,-0.00016
758,-0.00007793,-0.00001234,-0.00000888,-0.00004366,0.00000807,-0.00000608,-0.00
000315,-0.00008987,0.00009288,-0.00000538,-0.00000478,0.00000548,-0.00002319,-0.
00000793,-0.00000898,0.00000953,-0.00002998,0.00000674,-0.00005860,-0.00008314,0
.00003524,-0.00001489,0.00009910,-0.00013395,-0.00002193,0.00013123,0.00013871,-
0.00017445,0.00066766,0.00026395,-0.00037958,-0.00004663,-0.00006872,0.00005028,
0.00000611,0.00001870,0.00000904,-0.00005205,0.00007120,-0.00010095,0.00009491,0
.00001188,0.00006311,-0.00003880,-0.00003179,0.00010181,-0.00004966,-0.00010310,
0.00000617,0.00001036,0.00005471,-0.00008099,0.00002423,0.00000896,-0.00002928,-
0.00013275,0.00004066,0.00004041,0.00015164,0.00007335,0.00054551,-0.00000834,0.
00002514,-0.00003514,0.00332989,0.00146514,0.00633043,0.00020187,0.00024670,-0.0
0017872,-0.02802297,-0.05389449,-0.04088104,-0.00041761,-0.00019744,0.00000746,0
.00001460,-0.00000236,0.00012128,0.00042325,0.00001788,-0.00031347,-0.02030998,-
0.01060240,-0.02430406,0.03186745,0.05860982,0.00033000,-0.00045549,0.00063402,0
.00051342,0.00075211,0.00020437,0.00112682,0.00130848,-0.00127362,0.00289605,0.0
0014600,-0.00529516,0.00002983,-0.00005935,0.00004123,0.00006217,0.00000540,-0.0
0002423,-0.00040264,0.00053454,0.00024124,0.00005808,0.00000867,-0.00012455,-0.0
0015290,-0.00037535,-0.00029516,-0.00082183,0.00023146,-0.00116608,-0.00014858,0
.00013236,0.00015562,0.00004920,0.00004075,0.00013641,-0.00005882,0.00001678,0.0
0009090,0.00034670,-0.00004626,-0.00012371,-0.00004265,-0.00000053,0.00002442,0.
00002937,0.00002135,0.00005703,0.00006986,0.00001017,0.00006732,0.00001479,-0.00
004524,-0.00004176,-0.00045279,0.00017718,0.00003356,-0.00012809,-0.00009861,0.0
0006929,-0.00057012,-0.00061800,0.00006360,0.00015532,0.00005460,-0.00007804,-0.
00003398,-0.00002275,-0.00000235,0.00003161,-0.00011592,0.00007511,-0.00007908,-
0.00001942,-0.00009714,0.00007057,-0.00015538,-0.00039683,0.00002815,0.00006811,
0.00000276,0.00009302,-0.00018771,-0.00013196,-0.00005138,-0.00002708,0.00000702
,0.00065637,-0.00019781,0.00026470,-0.00027795,0.00005812,-0.00016611,0.00000725
,-0.00005651,0.00002172,-0.01191440,-0.00153349,-0.03091457,-0.00048223,0.000015
75,0.00017598,-0.10734812,-0.03910985,-0.18556735,-0.00007303,0.00004024,-0.0001
7944,-0.00006881,0.00010682,0.00032811,0.00067145,-0.00022153,-0.00000239,-0.003
33081,-0.00276880,-0.00096314,0.12240530,0.04216515,0.22460071,-0.00004866,0.000
52583,-0.00032504,-0.00028108,-0.00001831,0.00004754,-0.00156429,-0.00004694,0.0
0035083,0.00120671,0.00011023,-0.00195799,-0.00000764,0.00004773,-0.00005749,-0.
00000350,0.00006454,-0.00013662,0.00064850,-0.00223631,-0.00058620,0.00009361,0.
00017294,0.00001698,0.00009959,0.00000441,0.00000111,-0.00002459,-0.00008020,-0.
00027206,0.00029044,-0.00031730,-0.00003641,0.00002614,0.00008689,-0.00002287,-0
.00009859,0.00005265,-0.00011961,0.00001823,0.00003531,-0.00000919,0.00008300,0.
00000445,-0.00006694,-0.00000230,-0.00000419,-0.00005079,0.00002482,-0.00000810,
-0.00002496,-0.00031261,0.00018849,-0.00010573,0.00019914,-0.00039309,-0.0000368
8,0.00001471,0.00005318,-0.00002073,0.00039335,-0.00013443,0.00004177,-0.0002179
0,-0.00015319,-0.00020721,0.00005987,0.00004222,-0.00004739,-0.00010934,-0.00008
160,-0.00008165,0.00039913,0.00032226,0.00023278,0.00018200,0.00059164,0.0005688
6,-0.00008107,-0.00005893,-0.00002984,-0.00004392,-0.00004600,0.00009803,0.00003
672,0.00000888,-0.00001522,0.00095039,-0.00004974,-0.00002666,-0.00014361,-0.000
14164,-0.00009871,-0.00002722,0.00009424,-0.00004928,-0.01948694,0.01138315,0.00
570048,-0.00249254,-0.00097089,0.00428385,-0.20500444,0.11273854,0.00357050,0.00
015611,-0.00067051,-0.00006530,-0.00074698,0.00100453,0.00028589,0.00040749,-0.0
0017321,0.00001956,0.00537408,-0.00212197,-0.00051238,-0.01843104,0.01237869,-0.
00302051,0.23829917,0.00043764,0.00066849,-0.00124635,-0.00009616,-0.00003198,0.
00000443,-0.00006269,0.00017711,0.00022143,-0.00042174,0.00038056,0.00072529,-0.
00004423,0.00009770,-0.00006586,0.00018273,0.00004807,0.00020964,-0.00154555,-0.
00534487,-0.00056690,-0.00005145,-0.00002260,-0.00003090,0.00003605,-0.00000045,
0.00000268,-0.00002699,-0.00019393,-0.00009231,0.00005910,0.00003313,0.00001316,
-0.00006913,0.00007784,-0.00011522,0.00021429,0.00010549,-0.00002816,-0.00007738
,-0.00002528,-0.00013638,-0.00002011,0.00002043,-0.00005113,0.00004305,0.0000164
8,-0.00001213,-0.00009126,-0.00002693,-0.00010298,-0.00004242,-0.00002095,-0.000
00008,0.00014382,-0.00015348,0.00000090,-0.00002491,-0.00000222,-0.00001448,0.00
012722,0.00003576,0.00003375,-0.00036363,-0.00017349,0.00015249,-0.00006708,0.00
012820,0.00005721,-0.00006488,0.00010433,0.00012901,0.00018145,-0.00030548,0.000
39058,-0.00010623,-0.00275837,0.00075713,-0.00003881,-0.00000440,0.00003275,0.00
000474,-0.00009052,0.00000810,0.00001105,-0.00000024,-0.00000256,-0.00009533,0.0
0082600,0.00029717,0.00016999,-0.00027552,-0.00005797,0.00002779,0.00008196,-0.0
0007021,-0.00243065,0.00226471,-0.00148685,0.00050609,0.00031008,-0.00027759,0.1
1436431,-0.12084501,-0.00312116,0.00013764,0.00047525,0.00005320,0.00002147,0.00
040707,0.00002752,-0.00016755,-0.00003265,-0.00003126,0.02531776,-0.02367128,0.0
0082668,-0.00399751,0.00361676,0.00025056,-0.13218141,0.14403606,-0.00078122,-0.
00112351,0.00096660,0.00001425,0.00006937,0.00003445,0.00037835,0.00014185,-0.00
020684,0.00256117,-0.00112284,-0.00019927,0.00006190,-0.00008318,0.00001317,-0.0
0036367,0.00016621,-0.00022636,-0.00005874,-0.00007038,0.00147387,0.00000145,-0.
00007510,-0.00002846,-0.00000700,-0.00007736,-0.00007983,0.00032683,0.00003630,0
.00044328,-0.00016414,0.00010118,-0.00002168,-0.00001332,-0.00025324,0.00009910,
-0.00012624,-0.00017349,0.00011815,-0.00000080,0.00017332,0.00013506,-0.00002357
,-0.00006841,0.00004341,-0.00006218,-0.00007046,0.00004880,0.00001878,0.00007312
,-0.00001098,0.00023485,-0.00007629,0.00004747,-0.00021072,0.00040615,0.00017754
,-0.00003100,-0.00002233,0.00001775,-0.00002690,-0.00005343,-0.00010006,0.000041
72,0.00010493,-0.00022203,0.00002843,-0.00022643,0.00001947,0.00005489,-0.000059
87,-0.00012696,0.00017275,0.00035011,-0.00033481,0.00041976,0.00022279,0.0002048
0,-0.00006647,-0.00008077,-0.00008700,0.00004789,0.00015871,0.00001582,-0.000011
01,-0.00000286,-0.00000284,-0.00057084,0.00043355,-0.00253032,-0.00008105,0.0000
2742,0.00003306,-0.00006128,-0.00007001,0.00002595,0.02231387,-0.01460953,-0.005
20227,0.00360043,0.00052395,-0.00474980,-0.00103118,0.00010412,-0.04178927,-0.00
026640,0.00029938,-0.00004176,0.00141777,-0.00117220,-0.00022196,-0.00001852,0.0
0006959,-0.00005190,0.00043169,-0.00128877,0.00140881,-0.02081273,0.01406350,-0.
00045291,-0.00725637,0.00329381,0.05133944,0.00084654,0.00101204,0.00053484,0.00
644121,-0.00735566,0.00167507,0.00059595,-0.00107370,0.00084397,0.00010171,0.000
04710,0.00000089,-0.00000308,-0.00008793,0.00000344,0.00005630,0.00001034,-0.000
07216,-0.00004362,-0.00004235,-0.00012101,0.00022731,-0.00020496,0.00045286,-0.0
0026990,0.00082420,0.00116634,0.00019019,0.00002766,-0.00010317,-0.00085224,-0.0
0078402,-0.00095958,-0.00022409,0.00029008,0.00082103,-0.00027632,-0.00001217,0.
00003371,0.00019471,0.00006630,-0.00006988,0.00020221,-0.00004536,-0.00053089,-0
.00003324,-0.00000342,0.00002104,0.00004690,0.00004914,-0.00002448,0.00045197,-0
.00012650,-0.00000569,-0.00035221,-0.00010653,0.00010680,-0.08051730,0.03382458,
-0.01914109,-0.00345852,-0.00150538,0.00096575,-0.00078008,-0.00118369,0.0009293
5,0.00040871,-0.00026940,-0.00010105,-0.00004830,-0.00002541,0.00004327,-0.00004
627,-0.00017874,-0.00012128,-0.00054190,0.00034755,-0.00017170,-0.00246516,-0.00
106825,0.00027100,0.00160161,0.00590698,0.00374850,-0.01428408,0.02329649,-0.011
44720,0.00003408,0.00001385,0.00002253,-0.00000096,0.00002331,-0.00001413,-0.000
49999,0.00009865,-0.00017371,-0.00015528,-0.00010895,0.00003470,-0.00005748,0.00
008867,0.00001216,0.00001930,0.00000217,-0.00005079,0.00002259,0.00001195,-0.000
00381,0.00001672,0.00002783,0.00000755,-0.00000578,0.00003122,-0.00001465,-0.000
00315,0.00000321,0.00001869,0.00001042,0.00000949,-0.00004060,0.00001079,0.00001
628,-0.00001152,0.46891865,0.00036433,-0.00013436,0.00020491,-0.00126248,-0.0113
4619,0.01389098,-0.00099991,-0.00076033,-0.00079518,-0.00002969,0.00002804,-0.00
010570,0.00000200,0.00003030,0.00002092,-0.00001166,0.00003659,-0.00000506,-0.00
003564,0.00000836,-0.00001465,-0.00286417,-0.00264471,0.00120822,-0.00020020,-0.
00090735,-0.00402005,0.00014761,0.00002978,0.00009686,-0.00011513,-0.00018431,-0
.00236491,0.00016220,-0.00002363,0.00020954,0.00012226,-0.00016071,0.00008681,0.
00013410,-0.00007799,0.00000441,-0.00008992,-0.00016145,-0.00015374,0.00001976,-
0.00001151,-0.00000417,-0.00000156,-0.00001408,-0.00004136,0.00089531,-0.0001157
4,0.00000656,-0.00065000,0.00050171,0.00046261,0.04221632,-0.13261471,0.03218720
,0.00043479,0.00159700,0.00069182,-0.00074613,-0.00050397,0.00047433,0.00031728,
-0.00035134,0.00021119,-0.00000431,0.00008610,-0.00008689,-0.00002706,-0.0000502
2,-0.00005386,-0.00010346,0.00005570,-0.00009179,-0.00076712,0.00030177,0.000163
22,0.01270881,-0.03751821,-0.00533569,0.00241856,-0.00100104,0.00253270,0.000007
05,0.00000790,0.00001246,0.00000376,0.00003098,0.00002187,0.00000414,0.00016500,
-0.00020997,0.00000590,0.00007978,-0.00009419,0.00004389,-0.00012660,-0.00004635
,-0.00003343,0.00000665,0.00003067,-0.00001585,0.00001711,0.00000809,0.00000727,
0.00001377,0.00002699,0.00004029,-0.00000790,-0.00000711,0.00001004,0.00004423,-
0.00000165,0.00000359,-0.00001452,0.00002626,-0.00000805,-0.00000087,-0.00000204
,0.00854230,0.46486664,0.00049458,0.00026213,-0.00038311,-0.00619043,0.01685169,
-0.00908458,0.00028761,-0.00111856,0.00056627,0.00000910,-0.00005169,-0.00000538
,0.00001455,-0.00000142,0.00001597,0.00004395,0.00005716,0.00007176,0.00003045,0
.00000987,-0.00002728,-0.00157550,-0.00215907,0.00061915,0.00127421,0.00007658,0
.00004639,0.00001677,-0.00001793,-0.00001681,0.00001610,-0.00011622,-0.00236774,
0.00012715,0.00027520,0.00031671,-0.00023549,-0.00008416,-0.00001520,0.00008409,
0.00007518,-0.00003008,-0.00012147,-0.00023541,-0.00036530,-0.00001850,-0.000024
13,-0.00001288,0.00004292,0.00001368,-0.00001643,0.00050659,-0.00012560,0.000075
00,-0.00023374,-0.00007318,0.00007246,-0.02407690,0.03741749,-0.07472771,0.00306
001,0.00037913,-0.00191706,0.00119985,0.00014407,-0.00131210,0.00032015,0.000003
48,-0.00028401,-0.00011359,-0.00002731,0.00004902,0.00015256,0.00020597,0.000107
21,0.00012753,0.00000526,0.00010823,0.00193495,0.00085774,0.00054093,0.00797746,
-0.02306797,0.00414998,-0.00525859,0.00760535,-0.00214863,0.00002178,-0.00002764
,0.00000207,0.00001244,0.00003084,-0.00001453,-0.00028011,0.00012971,-0.00009058
,-0.00019830,-0.00014633,-0.00003188,-0.00004345,0.00003055,-0.00000740,-0.00002
726,0.00000120,0.00000445,0.00002232,0.00003384,0.00000042,0.00000738,0.00001051
,0.00003874,0.00000828,0.00001404,-0.00001873,0.00000526,0.00001498,0.00000733,0
.00000446,-0.00000956,-0.00000816,0.00000406,-0.00000639,0.00000637,0.00466407,0
.04877971,0.50635781,-0.00006237,0.00018237,0.00006767,-0.00116818,0.00119692,0.
00040891,-0.00026338,-0.00005823,-0.00029093,-0.00001203,-0.00001563,-0.00004505
,-0.00002011,0.00000735,0.00001354,-0.00002464,0.00002684,-0.00000067,-0.0000035
1,0.00003874,-0.00003366,0.00114768,-0.00012782,-0.00066610,-0.00004643,-0.00033
993,-0.00048200,0.00008043,-0.00000688,0.00001963,0.00005572,0.00053725,0.000673
83,0.00000386,-0.00012737,0.00011712,0.00008736,-0.00005383,0.00003187,0.0000713
0,-0.00007198,-0.00003362,0.00013874,0.00002983,-0.00010946,0.00001142,-0.000003
84,-0.00001089,-0.00001171,-0.00000842,-0.00003174,-0.00003833,-0.00001190,-0.00
004152,-0.00018492,0.00014246,0.00009313,0.00746491,0.00334260,-0.00408743,0.000
95219,0.00054813,-0.00021266,-0.00010290,-0.00027844,0.00058782,-0.00000920,-0.0
0001151,-0.00001790,-0.00000098,0.00001976,0.00000359,-0.00004473,-0.00005619,0.
00000862,-0.00018841,0.00005436,-0.00010832,-0.00053489,-0.00014058,-0.00014032,
-0.00026075,0.00011565,-0.00029934,0.00097124,0.00138716,-0.00066390,0.00001189,
-0.00001826,0.00000571,0.00000432,0.00000697,0.00000743,-0.00014722,-0.00009661,
-0.00000109,0.00002030,0.00006886,-0.00003308,0.00001143,-0.00007253,-0.00001557
,-0.00001023,0.00000465,0.00001989,0.00000521,0.00000420,0.00000107,0.00000461,-
0.00001473,-0.00003654,0.00003089,-0.00001222,0.00003764,0.00000821,0.00001971,-
0.00000602,-0.00000603,-0.00000260,0.00000397,0.00000914,-0.00000237,0.00000380,
-0.12400581,-0.04826624,0.03640784,0.50697464,0.00008951,0.00008228,0.00009336,0
.00221157,-0.00278367,-0.00061599,-0.00028445,-0.00037676,0.00016534,0.00001904,
-0.00002315,-0.00004064,0.00001441,0.00002700,0.00002860,-0.00000101,0.00002912,
0.00003034,0.00003014,0.00001177,-0.00000633,0.00065825,-0.00120602,-0.00007637,
-0.00032384,0.00078746,0.00021850,0.00004217,-0.00002324,-0.00002578,-0.00020840
,0.00017864,-0.00024477,-0.00004176,-0.00003386,0.00010214,-0.00007235,0.0000344
9,-0.00003304,0.00008516,-0.00005303,-0.00003995,-0.00000770,0.00008444,-0.00020
428,0.00001204,0.00001375,0.00000674,0.00000890,0.00000668,-0.00003116,0.0001920
0,-0.00014662,0.00001124,-0.00018233,-0.00007440,0.00004091,-0.01202816,-0.02199
867,0.01567919,-0.00148270,-0.00079283,0.00055063,0.00025132,-0.00001139,0.00014
756,0.00006242,0.00008031,-0.00019623,-0.00002807,-0.00001074,0.00004280,0.00003
855,0.00005350,0.00004667,-0.00013082,-0.00002966,0.00000423,-0.00054853,-0.0002
2918,0.00009687,-0.00015738,0.00029293,0.00047323,-0.00108833,0.00134734,-0.0005
0770,0.00001004,-0.00002122,-0.00000098,0.00000761,0.00002054,0.00000551,-0.0000
2571,0.00008928,0.00002406,0.00006196,0.00007801,-0.00001512,0.00001920,-0.00004
564,-0.00001195,-0.00001731,0.00000833,0.00002538,0.00000408,0.00002089,-0.00000
104,0.00000896,-0.00001003,-0.00001716,0.00002334,0.00001882,0.00002460,0.000011
81,0.00002643,-0.00001144,0.00001320,0.00000865,-0.00000504,0.00000155,-0.000006
79,0.00000350,-0.05145730,-0.10449783,0.03256565,-0.02085864,0.49440337,0.000016
69,-0.00008964,-0.00010968,-0.00114760,0.00207541,0.00060600,-0.00004549,0.00027
693,0.00027806,0.00000561,-0.00002751,0.00004233,-0.00001126,0.00000809,-0.00002
113,-0.00002945,-0.00002726,-0.00001877,-0.00000176,-0.00001898,0.00001775,-0.00
058058,-0.00002431,0.00066039,0.00004341,-0.00067520,-0.00020360,-0.00012360,0.0
0000026,0.00000385,0.00015558,-0.00020747,-0.00030719,-0.00012053,0.00000209,-0.
00008271,0.00001531,0.00010208,-0.00002969,-0.00008735,-0.00000592,-0.00002420,0
.00001510,0.00000677,-0.00008591,-0.00000894,-0.00000558,-0.00001075,0.00000744,
-0.00000861,-0.00000342,-0.00023127,-0.00003593,0.00000768,0.00031116,-0.0001601
8,-0.00012733,0.00371513,0.01089921,-0.00690025,0.00074983,0.00043069,-0.0005944
9,-0.00048522,0.00002038,0.00010108,-0.00005821,-0.00008506,0.00016249,0.0000435
0,0.00000005,0.00004052,-0.00000236,-0.00003103,0.00000207,0.00011813,0.00013773
,-0.00000800,0.00000948,-0.00008058,-0.00019902,0.00027578,-0.00031414,-0.000288
48,0.00084255,0.00023956,0.00036127,0.00001147,-0.00000461,-0.00000749,0.0000047
7,-0.00001047,-0.00000277,0.00000681,-0.00003183,0.00007976,0.00003306,0.0000193
7,0.00000461,-0.00001210,0.00000859,0.00000913,0.00000130,0.00000815,-0.00000231
,0.00000520,0.00000492,-0.00000043,-0.00000502,-0.00000562,0.00000070,-0.0000047
7,-0.00000948,0.00000128,0.00000009,-0.00000979,-0.00000120,0.00000082,-0.000003
20,0.00000995,0.00000254,0.00000131,0.00000051,0.03738470,0.02939183,-0.08936485
,0.03558905,0.00148108,0.48497074,0.00027969,0.00029611,-0.00020292,0.00016193,0
.00013041,-0.00004189,0.00020763,0.00008764,0.00026795,0.00003994,0.00000855,-0.
00001308,-0.00001460,-0.00000265,-0.00000244,-0.00000486,0.00000955,-0.00000440,
0.00002360,0.00000891,-0.00002674,0.00048328,0.00014276,0.00034540,-0.00003384,-
0.00012180,0.00003420,-0.00000188,0.00003885,-0.00002843,-0.00010546,-0.00001344
,-0.00007242,0.00036310,0.00038142,0.00003307,-0.00018356,-0.00001793,0.00000506
,-0.00001473,-0.00002587,0.00000777,-0.00081146,-0.00077800,-0.00000690,-0.00005
342,0.00000499,-0.00001531,0.00001470,0.00000580,-0.00001249,0.00014466,-0.00001
072,0.00008332,-0.00002389,-0.00020567,-0.00000921,0.00024238,0.00035007,-0.0003
5262,-0.00010341,-0.00007662,-0.00009071,-0.00005807,-0.00012613,0.00005377,0.00
001002,-0.00007554,-0.00002546,-0.00002097,-0.00005625,0.00003108,0.00007055,0.0
0003366,0.00003074,-0.00003162,0.00009708,-0.00008116,0.00008704,0.00005648,-0.0
0002579,-0.00005537,-0.00031947,0.00012998,0.00003771,-0.00009543,-0.00016968,0.
00000722,0.00000170,-0.00000572,-0.00000424,0.00000219,-0.00000714,-0.00005855,0
.00003992,0.00005037,-0.00004964,0.00001403,-0.00000953,-0.00001937,-0.00000397,
-0.00000168,-0.00000134,0.00000187,-0.00000717,0.00000064,-0.00000036,-0.0000024
8,0.00000615,-0.00000103,0.00000498,0.00001465,0.00000972,0.00000787,-0.00000451
,-0.00000877,0.00000096,0.00001036,0.00000733,0.00000646,-0.00000406,0.00000270,
0.00000515,-0.00963256,0.00496971,0.01890581,-0.08034050,0.01943666,0.03551101,0
.51660534,0.00031650,-0.00007174,-0.00000137,0.00003678,0.00006343,-0.00009120,-
0.00007129,0.00018635,0.00017420,-0.00000004,0.00002087,0.00000091,0.00000331,-0
.00000276,-0.00000426,-0.00000276,-0.00000488,-0.00000611,0.00001810,0.00000189,
-0.00001156,-0.00123779,-0.00006208,0.00033374,0.00005589,-0.00007996,0.00005659
,-0.00008098,0.00002891,0.00001741,0.00016104,-0.00017583,-0.00011786,0.00016083
,0.00048921,-0.00004641,-0.00009537,-0.00012111,0.00003474,-0.00006575,0.0000339
3,0.00001052,-0.00024059,-0.00047367,-0.00002185,-0.00002700,-0.00002880,0.00000
397,0.00001204,-0.00001606,0.00000750,-0.00008847,0.00007848,-0.00002097,0.00008
323,-0.00015683,-0.00004741,0.00002763,0.00018930,-0.00014900,-0.00006766,-0.000
06890,-0.00004286,-0.00009666,-0.00004654,-0.00004245,-0.00004802,-0.00010205,0.
00003563,0.00003631,-0.00003464,0.00002066,0.00005892,0.00004187,0.00002384,-0.0
0000640,0.00004851,-0.00009367,0.00005574,0.00003094,-0.00005192,0.00007304,-0.0
0009693,0.00027296,-0.00004983,-0.00002487,0.00027905,0.00001245,0.00000319,0.00
000012,-0.00000252,-0.00000392,0.00000272,-0.00002532,-0.00002577,0.00003297,0.0
0000742,-0.00001044,0.00000470,-0.00000913,0.00001035,0.00000393,-0.00000094,0.0
0000409,-0.00000490,0.00000881,0.00000510,-0.00000078,-0.00001748,-0.00000089,0.
00001726,-0.00002407,-0.00000584,-0.00001150,-0.00000277,-0.00000722,-0.00000147
,0.00000666,0.00000569,0.00000845,0.00000342,0.00000250,-0.00000208,-0.00556791,
0.00702459,0.01298201,0.01864318,-0.08943172,-0.04663353,0.00349074,0.51925046,0
.00019802,0.00017598,-0.00017680,0.00027560,0.00006451,-0.00035272,0.00011445,-0
.00003686,0.00034885,0.00003840,0.00001935,0.00003048,-0.00000237,-0.00000514,-0
.00000379,0.00002884,-0.00000833,-0.00001574,0.00001261,-0.00000998,-0.00001722,
0.00041174,0.00006040,-0.00028079,-0.00007180,0.00011117,0.00012513,-0.00006711,
0.00002589,-0.00003175,-0.00021144,-0.00000804,0.00007105,0.00012586,0.00032718,
0.00008544,-0.00005496,0.00011411,-0.00001292,-0.00001023,0.00001569,0.00001686,
-0.00069006,-0.00073277,-0.00009513,-0.00003113,-0.00000321,-0.00001861,0.000032
82,0.00000875,0.00001803,0.00030332,-0.00003166,-0.00000541,0.00008577,-0.000111
69,-0.00003512,-0.00038143,-0.00062491,0.00069940,-0.00015325,-0.00012481,-0.000
12864,-0.00009422,-0.00002711,0.00000219,-0.00002699,-0.00008488,0.00001547,-0.0
0002117,-0.00007099,0.00002611,0.00007891,0.00002471,0.00001987,-0.00001853,0.00
004768,-0.00005040,-0.00003542,-0.00004507,-0.00001753,-0.00023097,0.00032351,0.
00000939,0.00003593,0.00012489,-0.00009640,0.00000481,0.00001930,-0.00001099,-0.
00000038,0.00001503,-0.00000723,-0.00001194,0.00006900,0.00003398,-0.00000366,0.
00000535,-0.00000320,-0.00000310,0.00003287,0.00000538,0.00000785,0.00000999,-0.
00001469,0.00000945,0.00001399,0.00000033,0.00000116,0.00000185,0.00001797,-0.00
001097,0.00000720,-0.00001972,-0.00000032,0.00000022,0.00000625,0.00000328,-0.00
000364,-0.00000483,-0.00000523,-0.00000048,0.00000078,0.01025583,-0.00260893,-0.
01706499,0.03561088,-0.04833375,-0.16569053,0.01902049,-0.02213929,0.47238780,-0
.00006906,-0.00012041,0.00007885,0.00142848,0.00042782,0.00135244,-0.00010334,-0
.00006107,-0.00001283,-0.00002751,-0.00004469,0.00001736,0.00002578,0.00002052,0
.00001275,-0.00000092,0.00001469,0.00003112,0.00001649,-0.00001884,0.00003053,0.
00021568,0.00036380,0.00010910,-0.00064041,-0.00125742,-0.00021507,-0.00001400,-
0.00001138,0.00001277,-0.00004740,-0.00002954,0.00021034,-0.00001580,-0.00001482
,-0.00016068,0.00004675,0.00002410,0.00003949,-0.00006442,0.00004087,-0.00004627
,-0.00007515,0.00001347,0.00018666,0.00002114,-0.00001516,0.00002476,-0.00001241
,-0.00000789,-0.00002675,-0.00005628,0.00000411,0.00000178,0.00008753,0.00003237
,-0.00007745,-0.00360964,0.00935538,0.00851215,-0.00052066,-0.00018557,-0.000113
51,-0.00045597,-0.00008243,-0.00020789,-0.00009786,0.00011162,-0.00000342,-0.000
01978,-0.00001176,-0.00003047,0.00000590,0.00000842,-0.00000814,0.00011827,-0.00
004673,0.00008411,-0.00122702,-0.00143974,0.00001418,-0.00121966,0.00224330,-0.0
0007841,-0.00055501,0.00046723,-0.00039799,0.00000792,-0.00001155,0.00000504,0.0
0000709,0.00000219,0.00000825,0.00008181,-0.00002632,-0.00006672,0.00006143,0.00
006947,0.00000340,0.00002116,-0.00005062,-0.00000648,-0.00002127,0.00000046,0.00
003004,-0.00000402,0.00001059,-0.00000170,-0.00000782,-0.00000245,-0.00000271,0.
00000517,0.00000258,0.00001541,0.00000176,0.00000760,-0.00000832,0.00001209,0.00
000151,0.00000895,-0.00000533,-0.00000446,-0.00000402,-0.07292605,0.04360787,0.0
6345162,-0.01056174,0.00807850,0.02014746,-0.00267119,-0.00287180,0.00219816,0.0
8504732,0.00028036,0.00014556,0.00010193,0.00086318,-0.00265665,-0.00323371,0.00
012296,-0.00063454,-0.00034951,0.00001344,0.00002415,0.00002517,0.00005478,-0.00
000690,0.00003288,0.00005776,0.00001024,0.00003173,-0.00001320,-0.00004576,0.000
01659,-0.00092560,-0.00077253,0.00013759,-0.00024718,0.00196000,0.00090859,0.000
12111,0.00001284,0.00004893,-0.00012984,-0.00021207,-0.00087463,-0.00004943,-0.0
0003484,-0.00005206,0.00004361,-0.00002791,0.00006345,0.00003231,0.00003192,0.00
004059,-0.00004693,-0.00008925,0.00006144,0.00000237,-0.00001233,0.00003569,0.00
000071,0.00000574,0.00001789,0.00036244,0.00004245,0.00013422,-0.00021660,0.0001
7861,0.00010584,0.00924916,-0.01798292,-0.01413276,0.00004061,0.00011484,0.00023
919,-0.00018598,0.00005720,-0.00029993,0.00006488,0.00018496,-0.00009327,0.00002
844,-0.00001678,0.00004088,0.00003118,0.00004611,-0.00000119,0.00008037,-0.00007
252,0.00019643,-0.00185396,-0.00091604,0.00010974,0.00370029,-0.00638551,0.00021
101,0.00054998,-0.00075848,0.00017032,-0.00000235,0.00001235,0.00000301,0.000008
05,0.00001773,-0.00000445,-0.00002312,0.00002044,-0.00004712,-0.00003013,-0.0000
2257,-0.00004399,0.00000171,0.00004983,-0.00000123,0.00000035,0.00000091,-0.0000
1854,-0.00000902,0.00000711,0.00000630,0.00000675,0.00003891,0.00004784,-0.00000
632,0.00002827,-0.00004679,0.00000066,0.00000300,0.00001538,0.00000848,-0.000019
64,-0.00000832,-0.00001959,0.00000038,-0.00000921,0.04423760,-0.10197778,-0.0952
8235,-0.00721660,0.00594920,0.01245105,-0.00224341,-0.00090968,0.00155964,-0.048
08023,0.12725197,0.00027812,0.00019474,0.00002980,0.00012506,0.00208759,0.000680
17,0.00008016,-0.00040684,-0.00010531,0.00001290,0.00001637,0.00002286,0.0000455
8,0.00000268,0.00001275,0.00004476,0.00003197,0.00002174,0.00002819,0.00001592,0
.00000277,0.00015038,0.00025943,-0.00008623,0.00022838,-0.00038156,0.00064746,0.
00011502,0.00004375,0.00002895,-0.00014795,0.00008489,0.00038578,-0.00000339,-0.
00005620,-0.00013032,-0.00000593,-0.00009325,0.00007580,0.00001728,0.00008547,0.
00003099,-0.00002263,-0.00007487,0.00011525,0.00000609,-0.00003017,0.00002379,-0
.00000225,0.00000863,0.00001619,0.00011670,0.00008218,0.00001048,-0.00016555,0.0
0014141,-0.00003419,-0.00217936,0.00266199,0.00637734,-0.00074683,-0.00059029,-0
.00017363,0.00022073,0.00027847,-0.00020948,-0.00008557,0.00008234,0.00006330,-0
.00002165,0.00000809,-0.00006631,0.00005668,0.00008736,0.00003378,0.00011912,-0.
00005820,0.00017448,-0.00031267,-0.00049056,0.00085677,-0.00016275,0.00098301,0.
00013696,-0.00018765,0.00021550,-0.00030931,-0.00000527,0.00000386,0.00000683,0.
00000239,0.00000875,-0.00000803,-0.00006839,-0.00001019,-0.00030760,0.00000396,-
0.00001540,-0.00001950,0.00000701,0.00004097,0.00000265,0.00000845,-0.00000399,-
0.00000655,-0.00000078,-0.00000105,0.00000186,-0.00000674,0.00001631,0.00002678,
-0.00002843,0.00000821,-0.00003071,-0.00000533,-0.00000334,0.00000642,0.00000183
,-0.00000120,-0.00000590,-0.00000985,-0.00000092,-0.00000148,0.06293182,-0.09409
527,-0.18171243,0.00919651,-0.00521323,-0.01470548,0.00284736,0.00232243,-0.0012
4684,-0.07816350,0.10400060,0.20778700,0.00224868,0.00257478,0.00147916,-0.00038
586,0.00009640,-0.00092526,0.00079924,0.00055552,-0.00069624,0.00011041,0.000339
55,0.00008649,0.00028920,-0.00017612,0.00000616,0.00019414,0.00013171,-0.0000567
9,0.00009274,0.00006150,-0.00026997,-0.00134728,0.00084277,0.00011683,0.00010893
,-0.00007691,0.00036927,0.00049754,0.00038046,0.00024286,-0.00018004,-0.00050732
,-0.00034672,-0.00047664,-0.00042423,-0.00042231,-0.00005269,-0.00013602,0.00063
287,0.00003746,0.00045985,0.00012908,0.00020768,-0.00035561,0.00007184,-0.000078
56,-0.00005853,0.00027838,0.00002844,0.00018869,0.00011762,0.00020050,0.00021788
,0.00014544,-0.00065708,0.00048814,0.00033499,-0.01248444,0.00170647,-0.01072394
,-0.00002775,0.00011322,0.00012072,-0.00358477,-0.00183181,0.00267083,-0.0029314
7,-0.00038639,-0.00066350,0.00014975,-0.00049368,-0.00032017,0.00045568,-0.00017
313,-0.00026671,-0.00014434,-0.00038760,-0.00052614,-0.00246817,-0.00095883,0.00
259972,0.00077727,-0.00212996,0.00054685,-0.00113447,0.00230888,-0.00147224,0.00
002984,0.00023155,0.00005514,0.00002195,0.00001755,-0.00001465,-0.00148304,0.001
21495,-0.00107268,-0.00018916,0.00029201,-0.00009256,0.00005361,-0.00004184,-0.0
0001331,0.00001474,0.00001546,-0.00005295,-0.00002626,-0.00001161,0.00000235,0.0
0000166,0.00004501,-0.00003642,0.00003352,0.00004961,0.00004502,-0.00000777,-0.0
0000343,0.00000758,0.00001379,0.00001939,0.00000961,-0.00001633,0.00006048,-0.00
001810,-0.15537020,-0.03762192,-0.10130712,-0.01958496,-0.00876262,-0.01108530,0
.00062422,0.00026403,-0.00114603,0.00738222,0.00199724,0.00583804,0.18962523,0.0
0230937,0.00048496,0.00127323,0.00126769,-0.00013162,-0.00092787,-0.00021121,-0.
00135978,0.00060210,0.00011746,0.00027721,0.00000394,0.00021276,-0.00007309,0.00
004761,0.00007905,-0.00000984,0.00002992,-0.00001207,-0.00001805,-0.00014026,0.0
0094595,-0.00031122,0.00026031,-0.00017369,0.00031712,0.00015103,0.00009850,0.00
020420,0.00015182,-0.00003841,0.00020178,0.00012695,-0.00081073,-0.00018896,-0.0
0053701,-0.00016152,0.00017106,0.00024732,0.00021303,0.00011866,0.00014936,0.000
01131,0.00017386,-0.00122563,0.00005257,-0.00000573,0.00026757,0.00010019,0.0000
5152,0.00004127,-0.00008272,-0.00014500,-0.00003920,-0.00049771,-0.00038033,-0.0
0005441,0.01905290,0.00094323,0.01632852,-0.00048216,-0.00019205,-0.00006753,-0.
00162468,-0.00041658,0.00051523,-0.00062587,0.00029835,-0.00098393,0.00048766,-0
.00008172,0.00013740,0.00030741,-0.00015214,-0.00005920,-0.00021397,-0.00016739,
-0.00037008,-0.00135652,0.00061074,0.00094602,0.00191665,0.00096529,0.00105397,0
.00191376,-0.00370088,0.00162138,0.00006181,0.00013716,0.00000602,0.00002190,0.0
0005407,-0.00001834,0.00065829,-0.00025138,0.00059200,-0.00005767,0.00014655,-0.
00003970,-0.00000863,0.00006185,0.00003300,0.00003427,0.00002428,-0.00004326,0.0
0002387,0.00002653,-0.00001198,-0.00000681,-0.00001094,-0.00001072,-0.00000970,0
.00000982,0.00000363,0.00001160,0.00001803,-0.00000117,0.00001085,0.00000389,0.0
0000804,-0.00001616,0.00004547,-0.00002305,-0.03701858,-0.05465187,-0.03484156,-
0.01541584,-0.00545778,-0.00867022,0.00066119,0.00046687,-0.00037131,-0.01137568
,-0.00387639,-0.01217006,0.04234218,0.06739254,0.00157302,0.00121367,-0.00047456
,-0.00145909,-0.00077111,-0.00076399,-0.00003159,0.00203285,0.00011103,0.0001214
2,0.00018688,0.00003641,0.00007168,-0.00013721,-0.00005614,-0.00007614,0.0000540
7,-0.00006544,0.00006672,0.00009794,-0.00021416,-0.00070068,0.00009916,0.0002480
2,0.00034606,0.00036287,-0.00003115,0.00015636,0.00041358,0.00011070,0.00028943,
-0.00006984,-0.00026180,-0.00090221,-0.00077633,-0.00053250,-0.00027790,0.000040
32,0.00027710,0.00003766,0.00029214,0.00015292,0.00017551,-0.00089369,-0.0015568
8,-0.00013807,-0.00002325,0.00005981,0.00012662,0.00011694,-0.00000094,-0.000349
99,0.00006783,0.00009985,0.00012903,-0.00011521,0.00030779,-0.01095808,0.0002127
5,-0.00828085,0.00076107,0.00062179,0.00009935,-0.00021117,-0.00061315,0.0005661
6,-0.00095785,-0.00083645,0.00030156,0.00043473,-0.00013389,-0.00001677,0.000270
90,-0.00005527,-0.00015386,0.00063214,0.00062110,-0.00062899,0.00247779,0.000791
79,-0.00285834,0.00139230,-0.00188460,0.00130241,-0.00041119,0.00168513,-0.00055
531,0.00009416,0.00006869,-0.00002528,0.00002742,-0.00004280,-0.00002452,-0.0008
8833,0.00034855,0.00034787,-0.00010754,0.00020351,-0.00005418,-0.00000750,-0.000
08523,0.00000701,0.00002448,0.00003571,-0.00002924,-0.00002685,-0.00004054,-0.00
000723,-0.00000093,-0.00000313,-0.00005382,0.00004557,0.00001417,0.00006657,-0.0
0000202,-0.00003794,-0.00001263,0.00000567,0.00003135,-0.00000157,0.00004112,0.0
0002892,0.00001001,-0.10035642,-0.03447229,-0.13163107,0.00881795,0.00274255,0.0
0715605,0.00098278,0.00066912,0.00117872,-0.01761014,-0.00809989,-0.01846740,0.1
1326410,0.03467899,0.15463893,0.00001361,0.00003239,-0.00004021,0.00047690,-0.00
048323,-0.00010417,-0.00007211,0.00002075,0.00012992,-0.00000162,-0.00001385,0.0
0000376,-0.00000358,0.00000455,-0.00000312,-0.00000053,0.00001609,-0.00000014,0.
00001969,0.00001271,-0.00000798,-0.00044359,-0.00025242,0.00016006,-0.00001133,0
.00009858,-0.00000536,-0.00002337,0.00000694,-0.00000280,0.00001702,-0.00006639,
-0.00020390,-0.00002285,0.00001840,-0.00001348,-0.00003072,0.00000166,-0.0000020
8,-0.00001363,0.00001800,-0.00001680,0.00001377,0.00001727,0.00001463,0.00000455
,-0.00001273,-0.00000704,0.00001114,0.00000005,-0.00000955,0.00000608,-0.0000227
7,0.00003032,0.00003504,-0.00003934,-0.00001764,-0.00169013,-0.00254478,0.001768
59,-0.00025008,-0.00007073,0.00000988,0.00000453,0.00000366,0.00003766,-0.000025
32,-0.00004550,0.00009065,-0.00000528,0.00001792,-0.00003958,0.00002114,0.000015
18,0.00001298,0.00001398,0.00001967,-0.00001843,0.00002771,-0.00002716,0.0000036
5,0.00025468,0.00004354,0.00014038,0.00006472,-0.00001562,0.00003622,0.00000928,
-0.00000910,-0.00000143,0.00000435,0.00000760,0.00000217,-0.00005147,-0.00004177
,-0.00006432,0.00003740,0.00004420,0.00000086,0.00000604,-0.00002136,-0.00000004
,-0.00000970,0.00000240,0.00001270,0.00000056,0.00001065,-0.00000142,0.00000115,
-0.00000096,-0.00000301,0.00000120,0.00000661,0.00000293,0.00000453,0.00000697,-
0.00000756,0.00000347,0.00000548,-0.00000381,0.00000443,-0.00000163,0.00000046,0
.00607187,-0.01741592,0.00583149,-0.08920307,0.08780397,-0.02256771,-0.00572658,
0.01123334,0.00114652,0.00071587,-0.00049822,-0.00015923,0.00041902,-0.00015729,
0.00008815,0.10367368,0.00011069,0.00037559,-0.00024248,0.00114648,-0.00037660,-
0.00096588,0.00044176,-0.00000384,0.00016205,0.00004823,0.00005066,0.00002931,-0
.00000452,-0.00000943,-0.00002017,0.00003451,0.00001377,-0.00001410,0.00003568,0
.00001886,-0.00002842,-0.00005080,0.00022573,0.00043753,-0.00021088,0.00033845,0
.00043127,0.00012262,0.00005905,-0.00003068,-0.00030646,-0.00033745,-0.00036822,
-0.00006377,-0.00013037,0.00003189,-0.00005833,-0.00002747,0.00001482,0.00001540
,-0.00000013,0.00004334,0.00005192,-0.00018600,-0.00004377,-0.00006336,0.0000169
8,-0.00003813,-0.00000924,0.00002766,0.00002398,0.00034260,0.00002044,0.00007829
,-0.00012235,0.00004505,-0.00000264,-0.00313190,-0.00241016,0.00268506,-0.000741
12,-0.00050854,0.00015589,0.00001328,-0.00002021,0.00011975,-0.00002967,-0.00008
853,0.00010246,-0.00008654,-0.00004417,-0.00006927,0.00005071,0.00003849,0.00002
849,0.00001059,0.00004499,0.00004943,0.00003670,-0.00012767,0.00008190,0.0000011
5,-0.00008782,0.00008342,-0.00039636,0.00023293,-0.00027330,-0.00001724,0.000028
47,0.00000578,-0.00000396,-0.00000372,-0.00002204,-0.00015484,0.00004208,-0.0001
5012,-0.00008994,-0.00008647,0.00001523,-0.00000142,0.00006374,0.00001232,0.0000
2341,-0.00000077,-0.00002563,-0.00001915,-0.00002052,0.00000117,0.00000947,0.000
02359,0.00002524,-0.00001502,0.00003205,-0.00003162,-0.00001195,-0.00002889,0.00
000762,0.00000840,0.00000927,-0.00001849,-0.00001305,0.00000982,-0.00000085,0.00
546961,-0.02109149,0.00788940,0.08830702,-0.21583148,0.03801019,0.00923080,-0.01
497902,-0.00127976,0.00039990,0.00071104,-0.00004348,0.00030610,0.00001823,-0.00
029331,-0.10225573,0.25191127,-0.00001300,-0.00001340,0.00004292,-0.00051735,0.0
0024098,0.00044368,-0.00014947,-0.00008178,-0.00011943,-0.00000702,-0.00000894,-
0.00001495,-0.00000540,-0.00000329,0.00000521,-0.00000177,0.00000482,0.00000132,
-0.00001252,-0.00000131,0.00000264,0.00050979,-0.00009951,-0.00043812,0.00011633
,-0.00012213,-0.00015128,0.00000013,-0.00000049,0.00000242,0.00005943,0.00027344
,0.00040172,0.00000408,0.00003194,0.00001546,0.00001154,-0.00002041,0.00000749,0
.00001112,-0.00001492,-0.00000510,0.00004395,-0.00003288,0.00000892,-0.00000219,
-0.00000618,0.00000108,0.00000381,-0.00000149,-0.00000531,-0.00004535,0.00001299
,-0.00004619,-0.00001750,0.00002757,0.00003452,0.00195961,0.00248630,-0.00111369
,0.00038296,0.00024002,-0.00010625,0.00003488,-0.00002795,0.00000462,-0.00000234
,-0.00000370,-0.00004012,0.00000758,0.00000837,0.00001540,-0.00001063,-0.0000075
9,-0.00000474,-0.00002286,-0.00000039,-0.00002466,-0.00003533,0.00007304,-0.0000
1775,-0.00010464,0.00024534,-0.00015732,0.00031858,-0.00021378,0.00012000,0.0000
0126,-0.00000520,-0.00000100,0.00000372,0.00000750,0.00000355,-0.00001312,-0.000
01658,0.00008341,0.00003233,0.00003595,-0.00001557,0.00000219,-0.00001268,-0.000
00890,-0.00000921,-0.00000022,0.00000588,0.00000900,0.00001008,0.00000012,0.0000
0040,-0.00000646,-0.00000722,0.00000396,-0.00001253,0.00000743,0.00000519,0.0000
1317,-0.00000095,-0.00000514,-0.00000732,0.00000502,0.00000274,-0.00000502,0.000
00222,-0.00351408,0.01375107,-0.00438768,-0.02261511,0.03820330,-0.05148895,0.01
375052,-0.02441575,0.00099542,-0.00024522,0.00086087,-0.00018596,-0.00015983,-0.
00035835,0.00023698,0.02011210,-0.04461762,0.06367268,0.00000324,-0.00010028,0.0
0006486,-0.00046905,-0.00040544,-0.00040205,-0.00011294,0.00016359,-0.00008664,-
0.00001432,0.00000657,0.00003081,0.00001273,-0.00000233,0.00000067,-0.00001486,-
0.00002824,-0.00000611,-0.00000163,0.00000192,-0.00000386,-0.00053292,0.00004329
,0.00003212,0.00032565,0.00043385,0.00023671,-0.00002768,-0.00001478,0.00004058,
0.00010376,-0.00000663,0.00002299,0.00004513,0.00002109,-0.00008314,0.00010278,0
.00001742,0.00001284,-0.00002376,0.00002624,-0.00000446,-0.00014953,-0.00005426,
0.00007947,0.00001591,-0.00000644,0.00002299,-0.00001029,-0.00001331,0.00000562,
-0.00011251,0.00006300,-0.00000731,0.00008804,0.00005584,-0.00002597,0.00081070,
0.00105504,-0.00063826,0.00033838,0.00034335,0.00000800,-0.00027136,-0.00000564,
0.00003228,-0.00004134,-0.00001081,0.00003060,0.00008367,0.00000934,0.00005869,-
0.00000829,-0.00002117,-0.00003166,0.00004914,0.00002311,-0.00003295,-0.00005840
,-0.00001190,-0.00018945,0.00018242,0.00002537,0.00013002,0.00072232,-0.00046512
,0.00018418,0.00001076,0.00001016,0.00000525,0.00000332,-0.00002848,0.00000267,0
.00005692,-0.00008525,0.00009241,0.00001467,-0.00003909,0.00000654,-0.00000801,0
.00003237,0.00000390,0.00001402,0.00001008,-0.00001874,-0.00000717,-0.00001941,0
.00000308,-0.00000930,0.00001017,0.00001191,-0.00001561,-0.00000371,-0.00001065,
-0.00000246,-0.00002423,-0.00000089,-0.00000425,0.00000238,-0.00000284,0.0000111
7,0.00000922,-0.00000642,-0.02151808,-0.00806033,-0.01058382,-0.18265030,-0.0267
7760,-0.11074297,0.00613311,0.00110898,0.00431049,-0.00012902,0.00019630,-0.0002
2912,-0.00295274,-0.00257522,0.00236088,-0.01507459,0.00083843,-0.01198747,0.212
96960,-0.00000476,-0.00003361,0.00000527,-0.00041689,-0.00026011,0.00015185,-0.0
0013246,0.00000960,-0.00008833,-0.00000627,0.00000571,0.00000497,0.00000244,0.00
000058,-0.00000068,-0.00000547,-0.00000492,-0.00000445,0.00000374,0.00000960,-0.
00000298,-0.00048041,-0.00014857,-0.00018885,0.00024650,0.00009346,-0.00007968,0
.00001008,-0.00000473,0.00003297,0.00012353,0.00012910,0.00016078,0.00000802,-0.
00004378,-0.00002000,0.00004691,-0.00000902,0.00000853,0.00000279,-0.00000684,-0
.00000079,0.00000509,-0.00002240,0.00002088,0.00001272,-0.00001249,0.00000420,-0
.00000118,-0.00000504,0.00000104,-0.00005763,0.00004877,-0.00000958,-0.00001531,
0.00007169,0.00000526,-0.00119065,0.00088954,-0.00134211,0.00025136,0.00023949,-
0.00003264,-0.00014767,-0.00002976,0.00007933,-0.00004169,-0.00001545,0.00005189
,0.00002054,0.00002043,0.00000390,-0.00000724,-0.00001428,-0.00000298,0.00000614
,0.00001031,-0.00002037,-0.00004223,-0.00000557,-0.00007034,0.00029989,-0.000077
83,0.00014085,0.00040958,-0.00085145,0.00044526,0.00000807,0.00000243,0.00000243
,0.00000496,-0.00000518,0.00000186,-0.00003730,-0.00007760,0.00001892,0.00003007
,0.00000406,-0.00001108,-0.00000117,0.00000274,-0.00000285,0.00000262,0.00000617
,-0.00000161,-0.00000129,-0.00000181,0.00000262,-0.00000454,0.00000431,-0.000001
28,-0.00000748,-0.00000373,-0.00000119,0.00000281,-0.00000245,-0.00000383,-0.000
00482,0.00000127,-0.00000201,0.00000873,0.00000294,-0.00000210,-0.01708961,-0.00
523536,-0.00902955,-0.02661004,-0.05081087,-0.02183475,-0.00928012,-0.00222298,-
0.01035221,0.00040372,0.00027974,-0.00015919,-0.00317210,-0.00170858,0.00148799,
0.02349942,0.00187695,0.01748085,0.03327017,0.05797243,0.00009392,-0.00000189,0.
00007240,0.00011388,-0.00003820,0.00007588,-0.00004972,-0.00007676,-0.00015748,-
0.00000349,0.00002539,-0.00000267,0.00001662,-0.00000811,-0.00000079,0.00001036,
-0.00000826,0.00000103,-0.00000941,-0.00000558,0.00000659,-0.00031302,-0.0001821
5,-0.00022881,-0.00002390,0.00005231,0.00001025,0.00000285,-0.00000149,0.0000167
1,0.00005416,0.00007188,0.00015907,0.00002795,0.00006261,0.00004311,0.00001356,-
0.00005942,0.00002234,0.00003857,0.00002780,0.00002099,0.00004813,0.00002621,-0.
00006463,0.00002464,-0.00000896,0.00001823,-0.00000667,-0.00000284,0.00001801,0.
00000002,0.00005447,-0.00003621,-0.00010103,0.00005391,0.00001796,0.00063351,-0.
00009611,0.00045247,0.00001155,0.00000096,0.00002330,0.00010312,0.00003502,-0.00
009360,0.00003168,0.00004325,-0.00005344,0.00001317,0.00000118,-0.00000027,0.000
00092,0.00001591,-0.00001086,-0.00001010,-0.00005611,0.00002712,-0.00001097,-0.0
0001142,0.00005933,-0.00000391,-0.00001579,-0.00008867,0.00000057,0.00002650,0.0
0023081,-0.00000630,0.00001073,0.00000514,-0.00000158,-0.00000849,0.00000152,0.0
0001042,0.00000320,-0.00003499,0.00000354,-0.00002874,0.00000577,-0.00000095,0.0
0003555,0.00000062,0.00001014,0.00000074,-0.00001309,-0.00000079,-0.00000975,0.0
0000154,-0.00000515,0.00000668,0.00000459,-0.00000950,-0.00000305,-0.00000487,-0
.00000300,-0.00000705,0.00000359,-0.00000233,-0.00000251,0.00000068,0.00000103,0
.00000166,-0.00000374,0.00908672,0.00248432,0.00717032,-0.11031162,-0.02185112,-
0.12778227,-0.01922954,-0.00694148,-0.02235501,0.00016862,0.00011373,0.00044839,
0.00187493,0.00173263,-0.00033353,-0.00857703,0.00070088,-0.00494567,0.12500911,
0.02589872,0.15162132,0.00033742,0.00023838,-0.00016653,-0.00023915,-0.00027146,
0.00015516,-0.00013571,-0.00002394,-0.00021524,0.00000084,0.00002428,-0.00001330
,0.00002332,-0.00002344,0.00000168,-0.00002581,0.00003378,0.00000195,0.00001355,
0.00002022,0.00000195,-0.00051909,0.00000870,-0.00042325,0.00006426,0.00006080,0
.00000266,0.00008569,0.00009352,0.00004452,0.00011982,0.00008452,0.00035649,-0.0
0079998,-0.00063731,-0.00010138,0.00001517,-0.00009158,-0.00000480,-0.00002238,0
.00006278,0.00004137,0.00011936,-0.00062188,-0.00005711,-0.00008119,0.00002343,-
0.00003266,0.00001290,0.00002692,0.00000557,0.00004971,0.00009770,-0.00004340,-0
.00001004,0.00016601,0.00011402,-0.00013308,-0.00006145,-0.00037284,0.00016943,0
.00022327,0.00007529,0.00004030,-0.00008281,-0.00001429,-0.00003756,-0.00011441,
-0.00002727,0.00003861,-0.00000658,-0.00002492,-0.00000498,0.00005589,-0.0000431
2,0.00010439,0.00002121,-0.00000855,-0.00002526,-0.00001748,-0.00000984,0.000202
81,-0.00013518,0.00012781,-0.00000714,-0.00002566,0.00007145,0.00000671,-0.00001
936,-0.00000351,0.00000891,0.00000973,-0.00000442,-0.00005574,0.00006570,0.00003
820,0.00002705,0.00004792,-0.00001726,0.00001313,-0.00001242,-0.00001053,-0.0000
0706,-0.00000102,0.00000762,-0.00000403,0.00000169,0.00000223,0.00000181,0.00000
840,-0.00000329,-0.00000114,0.00000067,-0.00000387,0.00000118,0.00000443,-0.0000
0184,0.00000094,0.00000139,0.00000211,0.00000359,-0.00000567,0.00000739,0.000968
89,0.00056258,0.00071623,0.00666227,0.00053932,0.00309657,-0.18518815,-0.0331395
7,-0.11045659,-0.00003684,0.00001316,0.00011438,0.00022376,0.00013319,0.00016234
,0.00051192,-0.00021839,0.00024007,0.00066071,0.00046420,0.00189444,0.21360926,0
.00030240,0.00013606,0.00001604,-0.00009316,-0.00011486,0.00006894,-0.00009671,-
0.00008369,0.00012897,0.00002346,0.00000563,-0.00000340,0.00003694,-0.00000637,0
.00000694,-0.00001067,0.00000076,0.00000402,0.00000477,-0.00000037,-0.00000654,0
.00055200,0.00002510,0.00009815,0.00002056,0.00001037,-0.00006990,-0.00002734,0.
00001204,0.00000899,0.00002457,0.00004063,-0.00012734,-0.00065056,-0.00078174,-0
.00012348,-0.00001374,0.00019640,-0.00007871,0.00005892,0.00000106,0.00002314,-0
.00089367,0.00007393,-0.00009376,0.00002938,0.00003673,0.00001304,0.00003335,0.0
0003304,-0.00000568,-0.00014670,-0.00013672,0.00002384,0.00013624,-0.00010046,0.
00001831,0.00007446,-0.00000344,0.00017627,0.00002874,0.00003709,-0.00000441,-0.
00004171,-0.00005817,-0.00006138,-0.00002108,0.00002414,-0.00007233,0.00005799,0
.00001044,0.00001088,0.00001323,-0.00000180,-0.00002213,0.00003436,-0.00001553,-
0.00000523,-0.00001507,0.00000005,-0.00001008,-0.00000063,0.00011317,0.00000344,
0.00001381,-0.00008693,-0.00011419,0.00001323,0.00000283,-0.00001189,0.00000552,
0.00000880,-0.00000632,0.00004687,0.00001246,-0.00001378,0.00001518,0.00002942,0
.00000427,0.00000179,0.00000005,0.00000987,-0.00000126,0.00000269,0.00000628,0.0
0000887,0.00001032,-0.00000434,0.00000415,-0.00001288,-0.00000860,0.00000032,-0.
00000157,0.00000145,0.00000613,0.00001038,-0.00000381,-0.00000192,-0.00000032,-0
.00000616,0.00000489,-0.00000202,0.00000114,0.00021501,0.00048187,0.00082449,-0.
00945117,-0.00287883,-0.01012777,-0.03288640,-0.05253381,-0.02469013,-0.00013315
,-0.00009895,0.00014663,0.00005016,0.00031537,0.00014856,-0.00059102,0.00005884,
-0.00019915,0.00079647,-0.00058719,-0.00281984,0.03978323,0.05793061,-0.00036945
,-0.00029006,0.00003244,-0.00028818,-0.00040794,-0.00012343,-0.00003408,0.000228
55,-0.00046611,-0.00005928,-0.00001554,-0.00001449,-0.00001890,0.00000686,0.0000
0614,-0.00003562,-0.00001116,0.00001328,-0.00003056,-0.00000453,0.00002865,-0.00
085762,0.00032558,-0.00023287,0.00011732,0.00018625,0.00015909,0.00003964,-0.000
04303,0.00005971,0.00017407,-0.00004108,0.00016063,0.00010511,-0.00007954,-0.000
18798,0.00016317,-0.00015334,0.00001182,-0.00010388,-0.00000696,-0.00000389,0.00
033598,0.00023591,0.00073863,-0.00001544,0.00002200,0.00000606,-0.00005314,-0.00
002874,-0.00000954,-0.00007974,0.00017449,0.00000835,-0.00002610,0.00021452,0.00
004275,-0.00004952,0.00005009,-0.00039094,0.00020418,0.00025802,0.00021206,0.000
06033,0.00009372,-0.00002516,0.00008159,0.00011689,-0.00000802,0.00003577,0.0000
4665,0.00002881,-0.00010442,-0.00004872,-0.00003191,0.00006432,-0.00003131,0.000
05366,-0.00003980,-0.00001244,-0.00008647,0.00030297,-0.00025748,0.00022110,0.00
014885,-0.00015186,0.00009908,-0.00000719,-0.00002491,0.00001060,-0.00000425,-0.
00002599,0.00001216,0.00013392,-0.00011653,0.00004501,-0.00001835,-0.00002346,0.
00000072,-0.00000135,-0.00004173,-0.00001350,-0.00000514,-0.00000502,0.00000171,
-0.00002047,-0.00002540,0.00000256,0.00000081,0.00000987,-0.00000721,0.00001838,
-0.00000612,0.00001350,-0.00000555,-0.00001236,-0.00000117,-0.00000319,-0.000000
57,0.00000417,0.00000632,-0.00000287,-0.00000182,-0.00124606,-0.00026288,0.00076
915,-0.02001290,-0.00748010,-0.02272790,-0.11136333,-0.02519108,-0.12878911,-0.0
0014741,-0.00000541,0.00046000,0.00089542,0.00032686,-0.00015609,-0.00028328,0.0
0040499,0.00082057,0.00193622,-0.00308593,-0.00549468,0.12896311,0.03234637,0.15
167910,-0.00008144,-0.00007335,-0.00003622,0.00019916,0.00017185,-0.00037671,0.0
0016610,0.00023409,-0.00002561,-0.00000536,0.00000229,0.00003554,-0.00000240,-0.
00000622,-0.00001012,-0.00001546,-0.00001129,-0.00000472,0.00000312,0.00000291,-
0.00000162,-0.00062247,0.00022479,0.00016746,0.00000972,0.00000231,0.00018105,0.
00002690,0.00000204,0.00001060,-0.00003991,-0.00022581,-0.00017599,0.00003154,-0
.00001068,-0.00005544,0.00000221,-0.00005543,0.00003333,-0.00004463,0.00002413,0
.00000377,0.00013586,0.00009660,0.00009720,0.00000134,-0.00001164,0.00001845,-0.
00001419,-0.00000726,0.00000436,0.00008902,0.00006849,0.00002733,-0.00003357,0.0
0003689,-0.00003885,-0.00008354,-0.00001894,0.00000295,-0.00010353,-0.00015040,0
.00002391,-0.00004080,0.00001692,-0.00000472,0.00000743,-0.00002612,0.00004546,0
.00003237,0.00001802,0.00000471,-0.00001372,-0.00001325,-0.00000499,0.00005571,0
.00003918,0.00000436,0.00004442,0.00001477,-0.00006128,0.00003077,-0.00013008,0.
00011557,0.00000734,-0.00000059,0.00005934,0.00000198,0.00000207,0.00000470,-0.0
0000135,-0.00002266,-0.00000398,0.00002879,-0.00006874,0.00002688,-0.00004885,-0
.00007346,0.00001393,-0.00000512,0.00002137,0.00000504,0.00001210,0.00000012,-0.
00001508,-0.00001408,-0.00002443,0.00000064,-0.00000436,0.00001134,0.00000534,-0
.00001014,0.00000646,-0.00000644,-0.00000835,-0.00002716,0.00000226,0.00000055,0
.00000625,-0.00000559,0.00000251,0.00000632,-0.00000207,-0.00048555,0.00136958,0
.00261721,-0.00804413,-0.00653805,0.00791115,-0.13453834,-0.09554776,0.06299379,
-0.00041706,-0.00031771,0.00050076,0.00040427,0.00021287,-0.00001652,-0.00018255
,-0.00019079,-0.00012472,0.00051045,0.00001447,-0.00038180,-0.02045206,-0.020269
72,0.00952694,0.15396231,-0.00008798,-0.00000985,-0.00008194,0.00008663,0.000065
30,-0.00036047,0.00019583,0.00016671,-0.00010289,-0.00000984,0.00001427,0.000014
74,-0.00000911,-0.00000472,-0.00000606,-0.00000645,-0.00000790,-0.00000248,-0.00
000138,-0.00000154,0.00000011,-0.00055780,0.00036900,0.00024829,-0.00002158,0.00
005345,0.00022336,0.00006087,0.00001520,0.00001141,0.00004002,-0.00016133,-0.000
08747,0.00006304,0.00001475,-0.00000626,0.00004238,-0.00003997,0.00003172,-0.000
03576,0.00001242,0.00002248,0.00001907,-0.00010606,0.00010937,-0.00001181,-0.000
00298,0.00000314,-0.00001757,-0.00000410,0.00000639,0.00002918,0.00013430,0.0000
4925,-0.00002132,0.00009499,0.00000422,-0.00008900,0.00005588,-0.00010493,-0.000
04333,-0.00003646,0.00007666,0.00000987,0.00002657,-0.00000057,0.00004293,-0.000
01096,0.00003652,0.00001328,0.00001698,-0.00000859,-0.00001417,-0.00002537,-0.00
000918,0.00005764,0.00001067,0.00001940,0.00000713,-0.00002700,-0.00002343,0.000
31220,-0.00036318,0.00010605,-0.00007033,-0.00006579,-0.00012381,-0.00000354,0.0
0001037,0.00000641,-0.00000251,-0.00001894,-0.00000300,-0.00000152,-0.00002850,0
.00000237,-0.00004587,-0.00004385,0.00000057,0.00000029,0.00000500,-0.00000046,0
.00000099,-0.00000338,-0.00000545,-0.00002145,-0.00002356,0.00000331,0.00000333,
0.00001817,0.00000764,-0.00000261,0.00001162,-0.00000924,-0.00000792,-0.00002193
,0.00000218,0.00000173,0.00000365,-0.00000650,0.00000007,0.00000461,-0.00000256,
0.00075780,0.00001261,-0.00177306,0.00626627,0.00671408,-0.00475314,-0.09598903,
-0.14561601,0.06974158,0.00038543,0.00020839,-0.00024025,0.00022946,-0.00001857,
0.00001757,0.00025019,0.00082313,-0.00034919,0.00023922,0.00020955,0.00023196,-0
.00635751,-0.00546239,0.00247318,0.11124552,0.16710804,-0.00005122,-0.00010637,0
.00007712,-0.00022000,-0.00025086,0.00030611,-0.00013809,-0.00015843,-0.00012462
,-0.00001147,-0.00002823,-0.00001826,0.00001121,0.00000978,0.00001360,-0.0000035
0,0.00001623,0.00001601,-0.00000892,-0.00000617,0.00001661,0.00051497,-0.0001546
8,-0.00029339,0.00000030,0.00009202,-0.00012283,-0.00001013,-0.00000605,0.000010
61,-0.00006737,0.00020507,0.00020795,-0.00001795,0.00001290,-0.00000372,-0.00005
625,-0.00007024,0.00001893,0.00001692,-0.00000004,-0.00001152,0.00025569,0.00021
382,-0.00000349,0.00003159,-0.00001498,0.00001681,0.00000500,-0.00000809,-0.0000
1276,0.00003639,-0.00003432,-0.00003015,-0.00009950,0.00000933,0.00003957,0.0000
9876,-0.00003945,0.00003415,0.00010411,0.00014083,-0.00000124,0.00008433,0.00002
380,-0.00000886,0.00001765,0.00006932,-0.00005439,-0.00001042,0.00000923,-0.0000
0147,-0.00002387,0.00001671,0.00000474,-0.00003073,-0.00003161,0.00003509,-0.000
08489,-0.00003736,0.00004794,-0.00017075,0.00001327,-0.00003650,0.00001715,0.000
00139,0.00007322,0.00000202,-0.00001965,-0.00000331,0.00000577,0.00001632,0.0000
0656,0.00001200,-0.00000498,-0.00004273,0.00002864,0.00005202,-0.00001739,0.0000
0742,-0.00003467,-0.00001281,-0.00001753,-0.00000435,0.00001480,0.00000923,0.000
01800,-0.00000027,0.00000003,-0.00000593,-0.00000787,0.00001438,-0.00000689,0.00
001498,0.00000633,0.00002180,-0.00000106,0.00000204,-0.00000758,0.00000785,-0.00
000225,-0.00000849,0.00000169,0.00199159,-0.00263237,-0.00474750,0.01876420,0.01
593379,-0.01614035,0.06335530,0.06994206,-0.08885268,0.00117922,0.00070264,-0.00
080848,-0.00027614,-0.00022754,-0.00002147,-0.00013909,0.00036827,0.00082240,0.0
0001793,0.00050701,0.00021982,-0.01242497,-0.01236264,0.00790568,-0.07659392,-0.
07954775,0.10451078,0.00029863,0.00002583,0.00015785,-0.00012928,-0.00002038,0.0
0039705,-0.00033967,-0.00022229,0.00020025,0.00000417,0.00000566,0.00000296,0.00
003652,-0.00000707,0.00000974,0.00001190,-0.00000641,-0.00000020,-0.00000113,-0.
00000111,-0.00000971,0.00076843,-0.00132354,0.00021715,0.00006707,-0.00008499,-0
.00030523,-0.00009551,-0.00002696,0.00002598,0.00008963,0.00020146,-0.00018587,-
0.00004162,-0.00006303,0.00002103,-0.00001647,0.00008748,-0.00001989,0.00007110,
0.00002990,-0.00000132,-0.00028922,0.00031364,-0.00019459,0.00005148,-0.00000950
,0.00003439,0.00003736,0.00000847,0.00001047,-0.00045732,-0.00019842,-0.00006435
,0.00007755,-0.00014202,-0.00006537,0.00013173,0.00024488,0.00035571,0.00008491,
0.00002238,-0.00012828,-0.00003809,-0.00004183,-0.00010263,-0.00003499,0.0000057
4,-0.00006308,0.00006072,-0.00001253,0.00001485,0.00003500,0.00001247,-0.0000052
9,-0.00002826,-0.00003339,-0.00003569,-0.00001391,0.00003536,0.00001139,-0.00072
858,-0.00000302,-0.00005867,0.00024748,-0.00007803,0.00018711,0.00001518,0.00001
142,-0.00000683,0.00000784,0.00001005,0.00000283,0.00002378,-0.00000179,-0.00000
566,0.00007559,0.00003550,0.00000442,0.00000300,0.00002938,0.00001489,0.00000686
,0.00000957,0.00000116,0.00002532,0.00002158,-0.00000358,-0.00000887,-0.00001953
,-0.00000726,-0.00001669,-0.00001326,-0.00000018,0.00001204,0.00001602,-0.000005
40,-0.00000577,-0.00000374,-0.00000307,0.00000759,0.00000103,-0.00000326,0.00011
236,0.00015553,-0.00023120,-0.00627406,0.01125829,0.00091789,-0.10527722,0.10256
190,-0.02336648,0.00011317,-0.00007873,-0.00022776,-0.00021732,0.00014593,-0.000
10758,-0.00000532,0.00126901,0.00240298,0.00058415,-0.00072732,-0.00039474,-0.01
644002,0.02314662,-0.00837122,0.00909407,-0.01703856,0.00421270,0.11849395,-0.00
016459,-0.00007236,-0.00004364,0.00002371,0.00006364,-0.00003426,0.00014336,0.00
003871,-0.00019430,-0.00000817,-0.00001361,-0.00001593,-0.00000588,0.00000995,-0
.00000100,-0.00001781,0.00001471,0.00001156,-0.00000543,0.00001018,0.00000348,-0
.00155398,-0.00181241,0.00088944,-0.00004925,-0.00003762,-0.00005648,0.00006097,
-0.00002381,0.00001998,0.00007461,0.00005019,0.00012179,0.00007726,-0.00005718,-
0.00000232,0.00000746,-0.00004602,0.00001858,-0.00000483,-0.00002231,-0.00000817
,0.00020908,0.00010747,0.00005182,0.00000221,0.00000218,0.00000001,-0.00001642,-
0.00000675,-0.00001490,0.00000594,0.00001260,0.00001507,-0.00010292,0.00007313,0
.00000929,-0.00003071,0.00021319,0.00006949,-0.00004597,-0.00005340,0.00007804,0
.00003423,-0.00000377,0.00006351,0.00001318,0.00002755,0.00000253,-0.00002164,0.
00003165,-0.00002399,-0.00004504,-0.00001648,0.00001993,0.00002176,0.00001148,0.
00004084,-0.00000338,-0.00001660,-0.00001252,-0.00042166,-0.00041326,0.00044154,
-0.00015638,0.00021961,-0.00012800,-0.00000570,-0.00002515,0.00000298,-0.0000016
5,0.00000056,0.00000220,0.00001073,-0.00003446,-0.00001636,-0.00000748,0.0000129
5,0.,-0.00000462,-0.00002933,-0.00000930,-0.00000137,-0.00000094,0.00000514,-0.0
0000215,-0.00000280,-0.00000028,0.00000027,-0.00000632,-0.00001631,0.00002068,-0
.00000451,0.00002616,-0.00000081,0.00000451,-0.00000007,0.00000036,0.00000012,0.
00000513,-0.00000162,-0.00000299,0.00000288,-0.00020903,0.00054778,0.00041463,0.
00877260,-0.01379452,-0.00197402,0.10307817,-0.22092762,0.03857247,-0.00018482,-
0.00004351,0.00026942,0.00006162,-0.00008901,-0.00004460,0.00111839,-0.00072942,
-0.00314826,-0.00016363,0.00013897,0.00040579,-0.00120413,0.00359285,0.00020212,
0.00983883,-0.02386968,0.00743716,-0.12034219,0.25902834,-0.00005007,0.00003720,
-0.00002270,0.00012820,-0.00001509,-0.00042583,0.00016843,0.00006610,0.00006939,
-0.00000200,-0.00000541,0.00000680,0.00000101,-0.00000149,-0.00000419,-0.0000018
9,-0.00000148,-0.00000186,0.00000177,0.00000050,-0.00000253,0.00121859,0.0015439
1,0.00065921,-0.00008656,0.00008976,0.00020941,-0.00000523,-0.00000092,-0.000016
62,-0.00012344,-0.00027275,-0.00057148,0.00003251,-0.00011411,-0.00000069,-0.000
00495,0.00004289,-0.00000984,0.00000126,0.00000045,0.00000375,-0.00012782,0.0001
7174,-0.00001807,0.00001422,0.00001009,0.00000114,-0.00000487,0.00000719,0.00000
043,-0.00011966,-0.00006612,0.00007249,0.00004138,-0.00004916,-0.00004023,0.0003
0207,-0.00002231,0.00019457,-0.00016369,-0.00012997,0.00011451,-0.00000072,0.000
00487,0.00001792,0.00001067,0.00002173,0.00000902,-0.00000598,-0.00000611,-0.000
01270,-0.00000560,-0.00001176,-0.00000629,0.00001109,0.00000340,0.00001591,0.000
00755,-0.00002982,0.00000180,0.00029423,0.00036065,-0.00013800,-0.00019962,-0.00
001167,-0.00073847,-0.00000348,0.00000423,-0.00000151,-0.00000411,-0.00001041,-0
.00000511,0.00001154,-0.00001265,-0.00003767,-0.00005158,-0.00003389,0.00001857,
-0.00000353,-0.00000100,0.00001342,0.00000331,-0.00000548,-0.00000341,-0.0000085
0,-0.00001155,-0.00000367,0.00000235,0.00000088,0.00000088,0.00000252,0.00000942
,-0.00000327,-0.00000497,-0.00000987,0.00000141,0.00000283,0.00000245,-0.0000064
4,-0.00000169,0.00000070,-0.00000132,-0.00018169,-0.00002506,0.00063263,0.013866
91,-0.02378862,0.00270872,-0.02376794,0.03899613,-0.05065217,-0.00017866,0.00007
114,0.00009727,-0.00004123,0.00002876,-0.00006484,0.00276428,-0.00342416,-0.0045
8131,0.00029592,-0.00024086,0.00091852,-0.01166478,0.01676775,-0.00482571,-0.006
44439,0.01403777,-0.00305222,0.02473283,-0.04382554,0.05960970,-0.00067899,0.001
07545,-0.00094739,0.00328782,0.00213483,-0.00840715,-0.00108939,-0.00082280,0.00
116751,0.00041806,0.00013608,0.00047434,-0.00004989,-0.00001747,-0.00019337,-0.0
0012258,-0.00011668,-0.00004196,0.00012598,0.00006896,-0.00022857,-0.25542857,-0
.05532644,-0.03913800,0.00004632,0.00199811,0.00591264,0.00111843,-0.00007772,-0
.00018987,-0.03167515,-0.01982124,-0.01814777,0.00004795,-0.00098156,-0.00064745
,-0.00016642,0.00003506,-0.00001775,0.00005155,-0.00001940,-0.00007562,-0.000112
21,-0.00008601,0.00028534,-0.00021498,0.00027531,-0.00002256,-0.00030631,0.00007
464,0.00001587,0.00110221,-0.00202828,0.00010656,0.00015389,0.00033584,0.0000792
1,-0.00309912,0.00099589,0.00531231,-0.00038430,-0.00176374,0.00122107,-0.000304
61,0.00005821,0.00076791,0.00000580,0.00011874,0.00010601,-0.00013727,0.00011375
,0.00004333,-0.00018067,0.00012114,0.00013014,0.00012635,0.00056077,0.00051574,0
.00021050,-0.00030543,-0.00035098,-0.07447148,0.00548928,0.00056254,0.00109505,0
.00123520,0.00169588,0.00001889,-0.00013360,0.00007490,-0.00014161,-0.00037316,-
0.00019447,0.00007536,-0.00003594,-0.00000468,-0.00174840,-0.00212092,-0.0001690
2,-0.00080897,0.00076243,0.00002281,0.00038272,0.00001023,-0.00054272,-0.0002438
7,-0.00053548,0.00000556,-0.00008168,0.00039999,0.00015890,-0.00018742,0.0002075
6,0.00001514,-0.00024776,-0.00054850,0.00012303,-0.00002090,0.00014366,-0.000168
11,0.00013158,0.00004202,-0.00004926,0.00147981,0.00016049,0.00020745,-0.0010589
6,0.00017750,0.00031527,-0.00048796,0.00073596,-0.00013812,0.00013191,0.00008741
,-0.00009633,0.00071610,-0.00044893,0.00049840,0.00029841,0.00014908,-0.00043660
,0.00039955,0.00023755,0.00016965,0.00005818,-0.00013726,0.00030949,0.00053227,0
.00009778,-0.00037424,0.00008659,0.00082377,-0.00059215,0.51204861,-0.00008198,0
.00011192,-0.00053077,0.00018566,-0.00032838,0.00022721,-0.00324225,-0.00173877,
-0.00124575,0.00004038,0.00013311,-0.00007302,0.00000133,0.00000243,0.00000354,0
.00002883,0.00002637,0.00001198,0.00000629,0.00003238,-0.00006817,-0.04258840,-0
.07969615,-0.02977253,0.00005347,0.00053867,0.00084948,0.00030729,0.00003685,0.0
0000889,-0.04006905,-0.01025304,-0.01852034,0.00021228,-0.00035897,0.00024097,-0
.00001596,-0.00012367,0.00007719,0.00010784,-0.00004122,0.00003050,-0.00010371,-
0.00001455,0.00001462,-0.00002002,0.00001962,-0.00002092,-0.00000442,0.00001977,
-0.00001044,0.00376014,-0.00314559,-0.00359632,-0.00220120,0.00079209,0.00092724
,0.00037336,-0.00007370,0.00233741,0.00028611,0.00051195,0.00004399,0.00012929,-
0.00011851,0.00015604,0.00000364,-0.00000398,-0.00009867,-0.00007778,0.00002277,
0.00000994,-0.00000164,-0.00000868,-0.00000508,0.00003603,0.00000527,0.00011659,
-0.00007735,-0.00002117,0.00000320,0.02700974,0.00908511,-0.00707908,0.00137152,
-0.00053414,-0.00004215,0.00000206,0.00002575,0.00000645,0.00005426,0.00004189,0
.00002122,-0.00002920,0.00001626,-0.00001885,0.00033992,0.00034908,0.00011651,0.
00017195,-0.00007713,-0.00005829,-0.00000997,0.00002708,0.00001166,-0.00001505,0
.00003138,0.00000836,0.00009598,0.00010936,0.00008752,-0.00000914,0.00000626,-0.
00007040,0.00002772,0.00001979,-0.00001723,0.00000030,-0.00000749,-0.00002622,-0
.00001044,0.00001093,-0.00000492,0.00003786,0.00001861,0.00013190,-0.00034143,0.
00006811,0.00034037,-0.00028344,0.00037370,0.00014963,0.00000970,0.00019861,-0.0
0012037,0.00004830,-0.00009230,0.00006809,0.00032293,-0.00009760,-0.00019376,0.0
0009694,0.00021954,0.00013928,0.00027735,-0.00023734,0.00020079,0.00007671,-0.00
005240,-0.00008436,0.00051947,-0.00187231,0.00002163,-0.01101810,0.21345946,0.00
018274,-0.00027962,-0.00042336,-0.00065557,0.00031636,-0.00024646,0.00079939,-0.
00234928,0.00082623,-0.00005276,-0.00008585,-0.00001729,0.00000862,-0.00001531,-
0.00001721,-0.00000077,-0.00001639,-0.00001134,-0.00004407,-0.00001857,0.0000111
5,-0.03298667,-0.03036901,-0.06285460,0.00029013,0.00010073,0.00060217,0.0000066
6,-0.00010941,0.00014708,-0.03519509,-0.01796671,-0.00559896,0.00023732,-0.00002
423,0.00026985,0.00002573,-0.00008951,0.00005089,0.00001989,0.00010794,0.0000110
4,0.00004079,-0.00012111,-0.00001866,0.00004342,-0.00003830,0.00000345,0.0000380
3,-0.00002867,-0.00000232,0.00246273,-0.00461300,-0.00095230,-0.00178820,0.00114
063,0.00067426,-0.00016573,0.00110073,-0.00067077,0.00049589,0.00008839,0.000143
50,-0.00001636,-0.00008797,-0.00000139,0.00003090,-0.00002760,0.00000557,0.00002
340,-0.00000921,0.00004400,0.00005617,-0.00002010,-0.00001913,0.00008632,0.00003
647,0.00000286,-0.00003511,0.00004604,0.00002236,0.02189198,-0.00277206,0.006765
56,0.00174044,-0.00022909,-0.00064156,0.00000421,0.00002672,-0.00001368,0.000024
65,0.00003349,-0.00000788,0.00000287,0.00002849,-0.00003513,-0.00039937,-0.00003
048,-0.00030137,-0.00005333,-0.00002859,-0.00012426,-0.00002911,-0.00000567,-0.0
0003385,0.00000454,0.00004030,0.00002563,0.00003309,0.00007471,0.00005748,-0.000
04401,-0.00004237,-0.00001222,0.00000583,0.00000213,0.00001002,-0.00002365,-0.00
001238,0.00000202,0.00000805,-0.00000722,0.00000573,0.00054501,0.00057079,0.0000
6895,-0.00001017,-0.00009875,-0.00030464,0.00012433,-0.00012619,-0.00003725,-0.0
0012829,0.00006921,0.00002732,0.00010765,-0.00013863,0.00009020,-0.00007394,-0.0
0003942,0.00013490,0.00002648,0.00011622,0.00003664,-0.00002158,0.00022213,0.000
02559,-0.00014486,0.00015519,0.00000237,-0.00017823,0.00042965,-0.00004776,-0.00
454701,0.11447894,0.15348766,-0.00010604,0.00000754,-0.00004360,0.00005733,-0.00
008882,-0.00041589,0.00021311,0.00024337,0.00004392,0.00000720,-0.00000740,0.000
03131,-0.00001228,0.00000127,-0.00001648,-0.00001708,-0.00001168,-0.00000716,0.0
0000125,-0.00000814,0.00000494,-0.00310243,0.00295457,0.00175253,-0.00000770,0.0
0010763,0.00026924,0.00003327,0.00001911,-0.00001241,-0.00010902,-0.00030405,-0.
00029471,-0.00000421,-0.00001444,-0.00002263,0.00000144,0.00002063,-0.00000582,-
0.00004450,0.00000455,0.00000126,0.00000531,-0.00002855,0.00002022,-0.00001394,0
.00000850,-0.00000833,-0.00001638,-0.00000060,-0.00000420,-0.00007116,-0.0000303
6,0.00006801,0.00012416,-0.00001957,-0.00002293,0.00006269,-0.00007596,0.0000410
0,0.00000479,0.00003077,0.00005959,-0.00002792,0.00001224,0.00002375,0.00001906,
-0.00000631,0.00003785,-0.00000761,0.00000295,-0.00000563,-0.00000620,-0.0000120
8,0.00000462,0.00003258,0.00002972,0.00000095,0.00001481,-0.00001302,-0.00001327
,-0.00245417,-0.00021960,0.00005656,-0.00002562,-0.00002546,-0.00004358,-0.00000
405,-0.00000333,0.00000346,-0.00000770,-0.00002065,-0.00000823,0.00000755,0.0000
0538,-0.00000409,-0.00007659,-0.00011326,0.00000504,-0.00002238,0.00002264,0.000
00669,0.00000889,-0.00000575,-0.00001987,-0.00002002,-0.00002792,0.00000025,-0.0
0000063,0.00002206,0.00001670,-0.00001120,0.00002103,-0.00001779,-0.00001573,-0.
00002964,0.00000694,0.00000184,0.00000712,-0.00000358,-0.00000313,0.00000284,-0.
00000160,0.00005222,-0.00003973,-0.00000366,0.00000078,-0.00004974,-0.00002858,0
.00006061,-0.00010359,0.00000967,-0.00002182,0.00003139,-0.00000019,0.00001891,0
.00001025,0.00001334,-0.00002167,0.00004349,0.00000010,0.00000430,-0.00001909,-0
.00000899,-0.00002883,0.00002502,0.00001039,0.00000349,0.00005811,-0.00001533,-0
.00004686,0.00003848,0.00008217,-0.04300758,-0.00439781,-0.00560628,0.48451104,0
.00000514,-0.00004665,-0.00000161,-0.00009232,-0.00008109,0.00009826,-0.00008768
,-0.00015280,0.00001360,-0.00000934,-0.00000345,-0.00000479,-0.00000080,0.000002
30,0.00000102,0.00000161,0.00000107,-0.00000059,-0.00000623,-0.00000537,0.000006
23,0.00159854,-0.00111619,-0.00084751,0.00003188,-0.00000541,-0.00004297,-0.0000
3522,0.00000399,0.00001013,0.00018112,0.00029705,-0.00000567,0.00000150,0.000038
11,0.00002276,0.00001517,0.00001499,-0.00000159,-0.00000543,-0.00000411,0.000005
33,-0.00000873,0.00000734,-0.00001387,0.00000427,-0.00000656,-0.00000271,0.00000
919,-0.00000158,-0.00000230,0.00007871,-0.00004349,-0.00001562,-0.00003462,0.,0.
00001831,-0.00004138,-0.00001989,-0.00005339,0.00001830,0.00006536,-0.00002756,-
0.00000208,0.00000370,-0.00003230,0.00001065,-0.00000727,0.00000872,0.00000941,0
.00000395,-0.00000612,0.00000447,-0.00000664,0.00000087,0.00000683,-0.00000730,-
0.00001027,-0.00000674,0.00001002,0.00000878,0.00114093,0.00009506,0.00002219,0.
00001618,0.00006372,-0.00000560,-0.00000464,0.00000272,-0.00000477,0.00001014,0.
00001616,0.00000396,-0.00000300,0.00000321,-0.00000404,0.00007512,0.00011477,-0.
00000220,0.00003702,-0.00001049,-0.00001092,-0.00001308,0.00001117,0.00000674,0.
00001196,0.00002992,0.00000183,0.00002936,-0.00002013,0.00001827,0.00001748,-0.0
0001496,-0.00002494,0.00001072,0.00001722,-0.00000336,-0.00000126,-0.00000875,-0
.00000116,-0.00001101,0.00000025,0.00000373,-0.00001471,-0.00001699,0.00000414,-
0.00002321,0.00000063,0.00000165,-0.00010620,0.00000833,-0.00000776,-0.00000570,
0.00000934,0.00001144,-0.00001191,-0.00000142,-0.00000775,0.00000064,0.00000648,
0.00000936,0.00000924,0.00000231,-0.00002487,-0.00003179,0.00001049,-0.00001690,
0.00000017,-0.00004193,0.00002981,0.00018344,0.00004595,-0.00000144,0.01539979,0
.00608252,0.00337549,-0.03310718,0.51580918,0.00002603,-0.00004415,-0.00000759,-
0.00001459,-0.00003344,0.00016143,-0.00007734,-0.00005650,0.00003218,-0.00000662
,0.00000012,-0.00000709,-0.00000016,0.00000215,-0.00000138,-0.00000362,-0.000000
80,-0.00000173,-0.00000379,-0.00000550,0.00001082,0.00125099,-0.00098255,-0.0002
7806,-0.00002423,-0.00002018,-0.00010234,-0.00003552,0.00001420,-0.00000187,0.00
010397,-0.00004050,0.00030168,-0.00000139,0.00004785,0.00002296,0.00001189,-0.00
000296,0.00000351,-0.00000362,0.00000520,0.00000523,-0.00000397,-0.00002115,-0.0
0002031,0.00000586,-0.00001065,-0.00000200,0.00000743,-0.00000370,-0.00000159,0.
00010241,0.00001870,-0.00008671,-0.00003775,0.00000094,0.00001555,-0.00001645,0.
00002594,-0.00008574,0.00000052,0.00002743,-0.00005637,-0.00000154,-0.00000194,-
0.00001625,0.00000706,-0.00000573,0.00000575,0.00000003,-0.00000448,-0.00000129,
0.00000750,0.00000128,0.00000890,-0.00000192,0.00000059,-0.00001488,-0.00000221,
0.00000590,0.00001082,0.00076913,0.00012404,0.00000062,0.00001996,-0.00004352,0.
00006945,0.00000009,-0.00000184,-0.00000098,0.00000517,0.00000927,0.00000311,-0.
00000191,0.00000348,-0.00000662,0.00005921,0.00006658,0.00000193,0.00003257,-0.0
0001615,-0.00000614,-0.00000362,0.00000627,0.00000850,0.00000153,0.00000988,0.00
000339,0.00000013,-0.00000283,-0.00001694,-0.00000581,-0.00000451,0.00000706,0.0
0000291,0.00000657,-0.00000259,-0.00000097,-0.00000165,0.00000614,-0.00000406,-0
.00000028,0.00000185,-0.00001751,-0.00000885,0.00000191,-0.00002296,-0.00000903,
-0.00002970,0.00001461,-0.00002383,0.00001747,-0.00000230,0.00000432,0.00000704,
-0.00000389,0.00000555,-0.00000824,0.00000880,0.00000473,0.00001878,-0.00000595,
0.00002945,0.00004088,0.00003584,-0.00000735,0.00000947,0.00000145,0.00000176,-0
.00001918,-0.00004013,0.00000259,-0.00006113,0.00995193,0.00245258,0.00514874,-0
.02920751,-0.01188471,0.51797529,0.00050993,-0.00029888,0.00050571,-0.00153092,-
0.00070667,0.00306671,-0.00113344,-0.00002943,-0.00010852,-0.00011159,-0.0000761
6,-0.00017796,0.00002292,0.00000710,0.00006778,0.00006165,0.00004492,0.00001665,
-0.00001121,-0.00001221,0.00002191,-0.04432550,0.00969428,0.00721358,0.00019911,
-0.00064670,-0.00203807,-0.00041777,0.00006075,0.00009770,0.00394557,0.00251765,
0.00251731,-0.00017485,0.00038719,0.00011271,0.00001532,-0.00002125,0.00001952,0
.00011626,-0.00001102,0.00002258,-0.00004991,0.00007814,-0.00011082,0.00008564,-
0.00009853,0.00000115,0.00013844,-0.00003556,-0.00000994,-0.00257050,-0.00005652
,-0.00047226,0.00081333,-0.00042740,-0.00020585,0.00161793,-0.00051859,-0.001983
99,0.00078160,0.00070552,-0.00046399,0.00012657,-0.00001112,-0.00029403,-0.00002
733,-0.00003729,-0.00005306,0.00006006,-0.00006087,-0.00004032,0.00007471,-0.000
00605,-0.00001353,-0.00010814,-0.00017932,-0.00021317,-0.00010002,0.00003062,0.0
0004505,-0.00269675,-0.00110826,-0.00024809,0.00006042,0.00031590,0.00023288,0.0
0004176,0.00003041,-0.00003557,0.00006527,0.00014861,0.00005571,-0.00005152,-0.0
0000355,-0.00000040,0.00073404,0.00079746,-0.00005141,0.00017203,-0.00023202,-0.
00004263,-0.00012788,-0.00002056,0.00017743,0.00016560,0.00022483,-0.00000489,-0
.00002388,-0.00015240,-0.00008419,0.00000446,-0.00012342,0.00008266,0.00009612,0
.00019314,-0.00004949,-0.00001449,-0.00004079,0.00002476,-0.00000062,-0.00002898
,0.00000432,-0.00026513,-0.00011359,-0.00010799,0.00022912,-0.00004646,0.0001295
3,-0.00018861,0.00006778,0.00005008,0.00005224,-0.00013859,-0.00004322,-0.000112
78,-0.00000765,0.00005314,0.00005893,-0.00024298,0.00007560,-0.00003773,0.000056
75,-0.00006873,-0.00003748,0.00000608,-0.00010161,-0.00012863,-0.00024945,0.0001
4575,0.00035992,0.00057850,-0.00044288,-0.08338116,0.03135630,0.02374645,-0.1370
5735,-0.04645031,-0.04139795,0.42664962,-0.00017629,0.00008772,0.00001340,0.0010
7938,0.00119514,-0.00177323,0.00057155,0.00086881,-0.00037947,0.00005510,0.00004
007,0.00009626,-0.00000237,-0.00000778,-0.00003500,-0.00004507,-0.00003534,-0.00
000844,0.00000566,0.00002151,-0.00001025,0.00771819,0.00939241,0.01024028,-0.000
18744,0.00002248,0.00089816,0.00014432,-0.00007250,-0.00005769,-0.00042717,-0.00
218016,0.00133406,0.00008850,-0.00011747,-0.00016369,0.00000443,-0.00001648,-0.0
0001690,-0.00006667,0.00005383,-0.00005917,0.00007358,-0.00003533,0.00006656,-0.
00002311,0.00004797,0.00001938,-0.00008716,0.00000782,0.00001360,0.00075906,0.00
048795,0.00017039,-0.00001045,0.00004016,-0.00011838,-0.00063163,-0.00000599,0.0
0080058,-0.00056856,-0.00111303,0.00033821,-0.00008291,0.00004774,0.00011806,-0.
00001941,0.00003132,0.00000534,0.00000633,0.00004103,0.00004192,-0.00006294,0.00
003355,-0.00001663,0.00002589,0.00007659,0.00009175,0.00008603,-0.00001311,-0.00
005502,-0.00431472,0.00037354,-0.00106554,0.00027856,-0.00025425,-0.00038411,0.0
0000777,-0.00003938,0.00003016,-0.00005646,-0.00012383,-0.00002269,0.00004260,-0
.00002818,0.00002162,-0.00045081,-0.00070606,0.00012525,-0.00023068,0.00016794,0
.00002968,0.00008464,-0.00001876,-0.00009681,-0.00007560,-0.00018804,-0.00000662
,-0.00009291,0.00005531,-0.00006914,-0.00006574,0.00001431,0.00010889,-0.0000748
0,-0.00013194,0.00002973,-0.00001419,0.00004791,-0.00000298,0.00005731,0.0000067
7,-0.00001214,0.00036474,0.00016693,0.00006514,-0.00002023,0.00011848,-0.0001191
9,0.00015247,-0.00036809,0.00003718,-0.00002929,-0.00000297,0.00006984,0.0000799
4,-0.00002490,-0.00000921,-0.00014176,0.00019391,0.00002837,-0.00002867,-0.00015
195,-0.00007832,-0.00014067,0.00011255,-0.00001883,0.00000725,0.00004656,0.00003
600,0.00016276,-0.00024182,0.00028321,0.03752665,-0.09907561,-0.04122993,-0.0443
4791,-0.08701264,-0.02042044,0.03882866,0.46657906,-0.00020166,0.00036175,-0.000
17104,0.00114276,0.00028846,-0.00086160,0.00139345,0.00026001,0.00096892,0.00007
882,0.00000464,0.00012912,-0.00001472,-0.00000290,-0.00003555,-0.00001923,-0.000
01710,-0.00000931,0.00003542,0.00001137,-0.00004112,0.00650318,0.01021667,0.0030
8011,-0.00036973,0.00023125,0.00054532,0.00016074,-0.00006181,-0.00008413,0.0000
5210,0.00179205,-0.00259164,-0.00005107,-0.00024015,-0.00022003,-0.00013301,0.00
010775,-0.00007095,-0.00004723,-0.00001885,-0.00003895,0.00000429,0.00013137,0.0
0005996,-0.00006580,0.00008111,-0.00000444,-0.00006171,0.00003439,0.00000969,0.0
0002456,-0.00026623,0.00076186,0.00036349,-0.00019503,-0.00022825,0.00013433,0.0
0034272,0.00094920,-0.00048214,-0.00015252,-0.00011143,-0.00008286,-0.00001244,0
.00014545,-0.00001934,0.00000783,0.00002647,-0.00003025,0.00000938,0.00000168,-0
.00000858,0.00001800,0.00004668,-0.00000083,0.00011349,0.00008703,0.00004986,-0.
00004684,-0.00001939,-0.00390361,-0.00212296,0.00096703,0.00003157,-0.00036559,-
0.00017463,-0.00002479,-0.00001882,0.00000599,-0.00005265,-0.00008376,-0.0000533
4,0.00001654,0.00001564,0.00000490,-0.00052799,-0.00046627,-0.00005186,-0.000124
75,0.00016019,0.00011136,0.00008617,0.00000757,-0.00008504,-0.00006126,-0.000098
63,-0.00001506,0.00000472,0.00002559,0.00004702,0.00002980,0.00008910,-0.0000530
4,-0.00004410,-0.00009317,0.00002508,0.00002347,0.00001918,-0.00003109,-0.000011
60,0.00001518,-0.00000419,-0.00005296,-0.00011335,-0.00000939,-0.00004964,0.0000
4477,0.00009108,-0.00001666,0.00011623,-0.00019467,0.00003429,0.00000752,-0.0000
3862,-0.00006901,0.00001732,-0.00007101,0.00001463,0.00006261,-0.00013254,0.0000
1019,-0.00011174,-0.00003841,-0.00014900,-0.00004372,-0.00005493,0.00014689,0.00
005309,-0.00005384,-0.00001635,0.00006965,0.00049586,0.02631101,-0.04034454,-0.0
7505574,-0.03988169,-0.02060224,-0.08335767,0.02666779,-0.00828611,0.47213061,-0
.00004932,-0.00004556,-0.00001304,0.00011963,-0.00011894,-0.00040994,0.00047690,
0.00007102,0.00032384,0.00001273,0.00000660,0.00006316,-0.00000480,-0.00000311,-
0.00001511,-0.00000707,-0.00001243,-0.00000859,0.00000964,-0.00000538,-0.0000037
9,0.00303564,0.00104288,-0.00053880,-0.00003529,0.00012056,0.00027932,-0.0000885
0,0.00005306,-0.00005086,-0.00281890,0.00143593,-0.00137011,-0.00008133,0.000054
74,-0.00005593,-0.00002080,0.00003146,-0.00000727,-0.00006254,0.00004521,-0.0000
1003,0.00000106,-0.00004214,0.00002556,-0.00000912,0.00000309,-0.00000064,-0.000
00638,0.00000275,-0.00000558,0.00088421,0.00015083,0.00023403,0.00000674,-0.0000
6144,-0.00000802,-0.00015690,-0.00009367,0.00009632,-0.00003888,0.00006049,-0.00
005857,-0.00005061,0.00003176,-0.00002429,-0.00000155,-0.00004280,0.00004631,0.0
0002445,-0.00001410,0.00001381,0.00002406,0.00001680,-0.00000303,0.00001529,0.00
003816,-0.00002525,0.00001856,-0.00002052,-0.00001689,-0.00070916,0.00023640,0.0
0038473,-0.00002492,-0.00007580,-0.00007235,0.00000529,0.,-0.00001067,-0.0000151
4,-0.00001851,-0.00001314,0.00001122,-0.00000567,-0.00000606,-0.00006720,-0.0000
8823,-0.00000639,0.00004565,0.00002061,0.00003343,0.00002132,0.00001268,-0.00002
156,-0.00003178,-0.00001921,-0.00000505,-0.00002500,0.00003171,0.00000350,0.0000
0928,0.00003553,-0.00001069,-0.00001528,-0.00002248,0.00000584,0.00000153,0.0000
0403,-0.00001455,0.00000102,-0.00000260,0.00000045,0.00001268,-0.00002269,0.0000
1186,-0.00005818,-0.00001684,0.00000610,0.00000380,0.00009664,-0.00004956,-0.000
00147,0.00003866,-0.00000765,0.00003220,0.00001043,0.00000808,0.00001222,0.00001
774,-0.00002332,-0.00000288,-0.00000421,0.00000953,0.00002559,0.00000023,0.00003
365,0.00000065,0.00007590,-0.00003943,-0.00005348,-0.00019117,0.00011498,-0.0097
4586,0.03226450,-0.00016470,-0.00571944,-0.02406941,0.00450929,-0.06298299,-0.01
663084,0.00191923,0.53411779,0.00016149,0.00000620,0.00012026,-0.00020644,-0.000
05988,0.00052528,-0.00026686,-0.00005549,-0.00005346,-0.00000793,-0.00000341,-0.
00001580,0.00001266,-0.00000027,0.00001719,0.00001970,0.00001220,0.00000901,0.00
000054,0.00000704,-0.00001067,-0.00198124,0.00051245,-0.00013290,0.00006379,-0.0
0008163,-0.00034840,-0.00004123,-0.00001995,0.00001783,0.00217663,-0.00080443,0.
00110578,-0.00002702,0.00002428,0.00000044,-0.00000978,-0.00001363,0.00000171,0.
00005881,-0.00001460,-0.00000237,-0.00000393,0.00002908,-0.00002296,0.00001222,-
0.00000650,0.00000955,0.00001828,0.00000319,0.00000754,-0.00026535,-0.00020370,-
0.00003911,0.00009969,-0.00008228,-0.00006256,0.00009614,0.00001407,-0.00024023,
0.00007267,0.00007888,-0.00009696,0.00002833,-0.00001559,-0.00003056,-0.00002711
,0.00000951,-0.00003978,0.00000836,-0.00000656,0.00000548,0.00001034,0.00001908,
0.00000684,-0.00005158,-0.00003355,-0.00000883,-0.00002128,0.00000545,0.00001048
,0.00011347,0.00016789,-0.00004590,0.00003803,0.00003491,0.00008248,-0.00000141,
0.00000293,-0.00000853,0.00000735,0.00002584,0.00000660,-0.00000898,-0.00000535,
0.00000388,0.00007602,0.00012684,-0.00001756,0.00004644,-0.00005035,0.00000594,-
0.00000841,0.00000715,0.00001188,0.00004539,0.00004894,-0.00000653,-0.00002096,-
0.00004614,-0.00003250,0.00002845,-0.00003681,0.00002984,0.00002099,0.00003742,-
0.00000638,0.00000019,-0.00001219,-0.00000014,-0.00000679,-0.00000102,0.00000520
,-0.00005332,0.00006057,0.00000927,0.00002264,0.00004276,0.00000412,-0.00002730,
0.00001359,0.00003227,0.00002381,-0.00004814,-0.00000506,-0.00001449,-0.00001534
,0.00000123,0.00001731,-0.00004157,0.00000614,0.00000480,0.00001768,0.00001712,0
.00001744,-0.00003280,-0.00001295,0.00000835,-0.00006282,0.00001411,0.00001736,0
.00009465,-0.00013405,0.01442434,-0.03025168,-0.00108817,-0.00735407,-0.01940729
,0.00282575,-0.01458802,-0.16766075,0.03630646,-0.00451236,0.45530160,0.00007724
,-0.00008665,0.00003096,0.00000201,-0.00004064,0.00010716,-0.00010134,0.00017611
,0.00014279,-0.00001782,-0.00000902,-0.00000579,0.00000044,0.00000016,-0.0000040
6,-0.00000643,-0.00000606,-0.00000339,0.00000265,-0.00000794,0.00001059,-0.00096
007,-0.00012121,0.00034762,-0.00001829,-0.00003208,-0.00010241,-0.00010847,0.000
00525,-0.00001129,-0.00070399,-0.00000334,0.00055373,-0.00002056,0.00010687,-0.0
0001550,0.00000317,0.00000661,-0.00000868,-0.00002840,0.00002914,-0.00001236,0.0
0001115,-0.00001696,-0.00002078,0.00001264,-0.00001523,0.00000040,0.00000951,-0.
00000887,-0.00000227,0.00000521,0.00014657,-0.00010747,0.00005752,-0.00007689,-0
.00005893,0.00002752,0.00001430,-0.00007474,-0.00002807,-0.00000479,-0.00009171,
-0.00002451,0.00000647,-0.00003415,0.00000087,-0.00000984,0.00002388,0.00001427,
-0.00000777,0.00000229,0.00001212,0.00000698,0.00001391,-0.00000413,0.00001315,-
0.00002676,0.00001016,-0.00000099,0.00000678,0.00025020,0.00003709,-0.00002647,-
0.00001623,-0.00001824,0.00004038,0.00001427,-0.00000901,0.00000207,-0.00000221,
-0.00000614,0.00000260,0.00000213,0.00000141,-0.00000596,0.00003126,-0.00000313,
0.00002052,-0.00000735,-0.00001034,0.00002103,0.00000083,-0.00000036,0.00002219,
0.00000824,-0.00000570,0.00000360,-0.00004242,-0.00000221,-0.00007429,-0.0000260
8,-0.00000511,0.00005446,0.00000118,0.00000036,-0.00000493,0.00000165,0.00000137
,0.00000543,0.00001045,-0.00000137,-0.00000532,0.00000248,-0.00000897,-0.0000023
1,0.00000443,0.00000033,-0.00000670,-0.00000142,-0.00003813,0.00006991,-0.000004
59,-0.00001026,0.00001239,-0.00001105,0.00000473,-0.00000713,-0.00000791,0.00000
475,0.00001908,-0.00000755,0.00001196,0.00001020,0.00002250,0.00000317,-0.000010
42,-0.00001153,-0.00004921,0.00000009,0.00001337,0.00006843,-0.00011668,0.004424
48,-0.01248165,0.00307134,-0.00220641,-0.00883607,0.00272388,0.00228365,0.036969
67,-0.07508750,0.00139053,0.02677574,0.52016797,0.00003113,-0.00006898,-0.000022
08,0.00008073,0.00000011,-0.00053381,0.00010612,0.00018110,0.00019269,0.00000725
,0.00000536,0.00004586,-0.00000537,-0.00000231,-0.00001385,-0.00001138,-0.000017
29,-0.00000866,0.00001298,-0.00001122,0.00000026,0.00292713,-0.00033319,0.000884
44,0.00000867,0.00008595,0.00033273,-0.00012634,0.00004492,-0.00003353,-0.003189
97,-0.00091338,0.00160987,-0.00003782,0.00013408,-0.00006783,-0.00001231,0.00001
848,-0.00000788,-0.00007457,0.00004221,-0.00001021,0.00001630,-0.00005439,0.0000
1899,-0.00000715,-0.00000284,0.00000017,-0.00000778,-0.00000577,-0.00000287,0.00
089857,0.00012599,0.00024311,0.00002313,-0.00010702,-0.00006429,-0.00029946,-0.0
0009794,0.00007171,-0.00002407,-0.00007104,0.00001652,-0.00007076,0.00002885,-0.
00002809,0.00000185,-0.00003964,0.00005751,0.00002619,-0.00002436,0.00001994,0.0
0002958,0.00001797,0.00001116,0.00001059,0.00005125,-0.00004397,0.00002315,-0.00
002213,-0.00002403,-0.00066000,0.00063998,0.00008283,0.00001751,-0.00009276,-0.0
0008860,0.00000908,-0.00000265,0.00000052,-0.00000903,-0.00002303,-0.00000438,0.
00001279,-0.00000709,-0.00000248,-0.00001861,-0.00005342,0.00002573,-0.00002434,
0.00002377,0.00001632,0.00001378,0.00000816,-0.00001824,-0.00001307,-0.00002142,
0.00000096,-0.00001147,0.00002123,0.00001140,-0.00001517,0.00001358,-0.00001834,
-0.00001147,-0.00002686,0.00000200,0.00000433,0.00000678,-0.00000296,0.00000592,
0.00000118,-0.00000299,0.00006731,0.00003287,0.00000230,-0.00004725,0.00001451,-
0.00005703,0.00007263,-0.00016406,0.00007313,-0.00001531,0.00002395,0.00001077,0
.00004548,0.00000434,0.00001894,-0.00002555,0.00005661,0.00003435,-0.00000953,0.
00000456,0.00002102,0.00005104,0.00002015,0.00003693,-0.00002470,0.00003809,-0.0
0001613,-0.00012730,0.00006473,-0.00004234,-0.01121978,0.00731633,0.03124652,-0.
00391457,-0.00042018,-0.02446137,-0.06158422,-0.00262776,-0.00758816,0.00118309,
-0.00133650,0.00232848,0.53479278,0.00005456,-0.00004345,0.00007013,-0.00006973,
-0.00010840,0.00022534,-0.00003738,0.00000457,0.00018013,-0.00000718,-0.00001318
,0.00000997,0.00000330,0.00000007,0.00000048,0.00000496,-0.00000044,-0.00000140,
-0.00000006,-0.00000474,-0.00000122,-0.00172604,0.00010546,-0.00011365,0.0000060
8,-0.00001773,-0.00015026,-0.00009710,-0.00000777,-0.00000137,-0.00001588,0.0009
4724,-0.00038496,-0.00005532,0.00006475,-0.00002711,-0.00001910,0.00004064,-0.00
001980,-0.00001162,0.00000541,-0.00000878,0.00000752,0.00004283,-0.00001674,0.00
001112,-0.00000498,0.00000139,0.00001393,0.00000106,-0.00000157,-0.00019848,-0.0
0010002,0.00009561,0.00014112,-0.00011716,-0.00007471,0.00014036,0.00000606,-0.0
0006974,0.00000867,0.00007853,-0.00009562,-0.00001647,0.00000703,-0.00004886,-0.
00000471,-0.00000700,0.00001232,0.00002108,-0.00000309,-0.00000542,0.00001337,0.
00000419,0.00000916,-0.00001344,-0.00000118,-0.00002256,-0.00000311,0.00000254,0
.00000580,0.00033344,-0.00026382,0.00012209,-0.00002696,0.00007141,0.00002560,0.
00000143,0.00000017,-0.00000805,0.00000394,0.00000810,-0.00000048,-0.00000159,-0
.00000032,-0.00000437,0.00004232,0.00006668,0.00000127,0.00002138,-0.00000775,0.
00001760,-0.00000724,0.00000833,0.00001182,0.00002038,0.00002923,-0.00000354,0.0
0000658,-0.00002484,-0.00000403,0.00001925,-0.00001254,-0.00000392,0.00001143,0.
00001794,-0.00000424,0.00000048,-0.00000945,-0.00000646,-0.00000466,-0.00000214,
0.00000091,-0.00004060,-0.00003506,0.00001641,-0.00000746,0.00000345,0.00006010,
-0.00019096,0.00026906,0.00011923,0.00000308,-0.00000900,0.00000462,-0.00002105,
0.00000518,-0.00001104,0.00000863,-0.00002584,-0.00001832,-0.00000121,0.00000636
,-0.00001365,0.00000424,0.00000185,-0.00003296,-0.00001824,-0.00009981,0.0000045
3,0.00034695,-0.00022230,-0.00027377,0.00924444,-0.00206346,-0.02005091,-0.00267
977,0.00066824,-0.01199464,-0.00212035,-0.06365475,0.01477562,-0.00048147,-0.007
52816,0.02775726,-0.00047504,0.52827969,0.00016270,0.00000693,0.00010108,-0.0001
4173,-0.00001511,0.00044766,-0.00018401,-0.00006481,-0.00001554,-0.00000964,-0.0
0000087,-0.00002754,0.00001474,-0.00000216,0.00001779,0.00001544,0.00000881,0.00
000872,0.00000034,0.00000618,-0.00000426,-0.00157859,-0.00017289,0.00053996,0.00
006843,-0.00008713,-0.00027048,-0.00002958,-0.00000803,0.00002458,0.00242661,0.0
0076122,-0.00076370,-0.00002117,0.00003414,0.00000213,-0.00000763,-0.00002903,0.
00000913,0.00005887,-0.00000311,0.00000011,-0.00000361,0.00001814,-0.00002625,0.
00001461,-0.00001320,0.00001042,0.00001485,-0.00000143,0.00001241,-0.00019303,0.
00003049,-0.00027557,0.00008339,-0.00005005,-0.00004338,0.00011838,0.00000078,-0
.00012538,0.00008315,0.00004969,-0.00003265,0.00002977,-0.00001908,-0.00002330,-
0.00002632,0.00001111,-0.00005115,0.00000466,-0.00001350,0.00001187,0.00001007,0
.00002129,-0.00000014,-0.00004876,-0.00003780,-0.00001623,-0.00002010,0.00000788
,0.00000752,0.00007555,-0.00017042,0.00014348,0.00002017,0.00007780,0.00004903,0
.00000472,0.00000310,0.00000044,0.00000427,0.00002008,0.00000954,-0.00000786,-0.
00000670,0.00000473,0.00006052,0.00007646,-0.00001325,-0.00000312,-0.00002445,-0
.00000823,-0.00000293,0.00000309,0.00000291,0.00002190,0.00002151,-0.00000076,-0
.00001036,-0.00002361,-0.00001962,0.00000197,-0.00001691,0.00001201,0.00001194,0
.00002525,-0.00000329,-0.00000255,-0.00000370,0.00000740,0.00000427,-0.00000108,
0.00000271,-0.00007656,0.00004791,0.00000395,0.00005110,0.00000129,-0.00000766,-
0.00003022,0.00008676,-0.00010418,0.00001963,-0.00004667,-0.00000490,-0.00000544
,-0.00001975,-0.00000226,0.00002322,-0.00006330,-0.00000214,0.00000430,0.0000159
9,0.00001516,0.00005906,-0.00003861,0.00000916,-0.00001191,-0.00005849,0.0000203
6,-0.00002395,0.00000677,0.00003929,0.01356325,-0.00790773,-0.02234161,-0.006012
05,-0.00110255,-0.01935716,-0.00628866,0.01405700,-0.17946697,-0.00021729,0.0065
4470,-0.01501210,0.00334597,0.00959893,0.44640111,0.00004485,0.00003323,-0.00001
545,-0.00011942,-0.00016032,0.00018199,-0.00006654,-0.00011095,-0.00001095,0.000
00157,-0.00000208,-0.00000132,0.00000151,-0.00000011,0.00000430,0.00000870,0.000
00436,0.00000181,0.00000174,-0.00000010,-0.00000364,-0.00067776,-0.00074265,-0.0
0017323,0.00005040,0.00003189,-0.00009473,-0.00000968,-0.00000179,0.00000876,0.0
0023728,0.00037041,0.00022290,-0.00002488,-0.00000094,0.00001281,-0.00000900,0.0
0000442,-0.00000165,0.00001799,-0.00000267,0.00000257,-0.00001410,0.00000243,-0.
00001160,0.00000115,-0.00000324,-0.00000202,0.00001195,0.00000036,0.00000156,0.0
0000681,-0.00001839,0.00002430,-0.00002446,-0.00000035,0.00000995,-0.00005051,-0
.00000517,-0.00011142,0.00007928,0.00013058,-0.00003831,0.00000810,-0.00001217,-
0.00000792,-0.00000366,-0.00000337,-0.00000772,-0.00000305,-0.00000398,-0.000002
73,0.00000788,0.00000254,0.00000530,-0.00001219,-0.00000647,0.00000112,-0.000012
02,-0.00000099,0.00001450,0.00027062,0.00004056,-0.00004865,0.00000132,-0.000002
21,0.00012578,0.00000137,0.00000391,-0.00000250,0.00000674,0.00001419,0.00000176
,-0.00000768,0.00000823,-0.00000486,0.00003051,0.00004894,-0.00000657,0.00000759
,0.00000032,-0.00000228,-0.00000609,0.00000382,0.00000210,0.00001061,0.00001908,
0.00000054,0.00001320,-0.00000698,0.00000983,0.00000755,-0.00000274,-0.00001422,
0.00000837,0.00001282,-0.00000194,0.00000137,-0.00000550,-0.00000166,-0.00000380
,-0.00000026,0.00000072,-0.00003835,0.00000092,0.00002163,-0.00003464,0.00000338
,0.00002710,0.00001213,0.00017258,-0.00001826,0.00002330,-0.00000361,-0.00001367
,0.00000158,-0.00000959,0.00000659,0.00006208,-0.00004875,-0.00002266,0.00001788
,0.00007522,0.00006893,0.00009854,-0.00008638,0.00003807,0.00003901,0.00003496,-
0.00004470,-0.00025816,-0.00009881,-0.00009878,0.00177050,0.00050179,-0.00019508
,-0.04311678,-0.00629481,0.00233327,-0.00353815,-0.02561749,0.00532190,-0.004006
98,-0.00240921,-0.00187555,0.00056896,-0.00005965,0.00091586,0.04854077,0.000050
86,0.00006241,-0.00003527,-0.00007112,-0.00010269,0.00010478,0.00000969,-0.00006
716,-0.00003061,0.00001081,0.00000481,0.00000666,0.00000297,-0.00000283,-0.00000
102,0.00000568,0.00000141,-0.00000012,0.00000247,-0.00000001,-0.00000847,-0.0000
3612,-0.00044850,-0.00001316,0.00003487,0.00003955,-0.00004732,0.00001777,-0.000
00629,0.00000689,0.00013779,0.00035583,0.00006717,-0.00000322,-0.00002959,0.0000
1161,-0.00002457,0.00000665,0.00000102,0.00001517,-0.00001544,0.00000694,-0.0000
0789,0.00001964,-0.00000587,-0.00000430,0.00000631,0.00000155,0.00000122,0.00000
577,0.00000467,0.00014005,-0.00003660,0.00006399,-0.00006636,0.00000361,0.000020
56,-0.00004452,-0.00004982,-0.00008768,0.00002282,0.00008633,-0.00003365,-0.0000
0028,-0.00002747,0.00001520,0.00000050,0.00000192,-0.00001164,-0.00000656,-0.000
00924,0.00000353,0.00001112,-0.00000137,0.00000898,-0.00000955,0.00000814,0.0000
0700,-0.00000881,0.00000258,0.00000860,0.00020578,0.00007448,0.00002219,-0.00002
498,0.00006145,0.00007881,-0.00000590,0.00001374,-0.00000026,0.00000241,0.000001
43,-0.00000375,-0.00000177,0.00000729,-0.00000416,-0.00001637,0.00001986,-0.0000
0535,0.00000552,0.00000861,0.00000141,0.00000245,0.00000389,-0.00000795,0.000005
04,0.00000516,0.00000063,0.00001219,-0.00000758,0.00000855,0.00001095,-0.0000023
1,-0.00001174,0.00000251,-0.00000081,0.00000133,0.00000239,-0.00000415,-0.000001
55,-0.00000943,0.00000524,0.00000128,-0.00000520,-0.00000257,0.00002048,-0.00000
472,0.00000072,0.00001032,-0.00000482,0.00002435,-0.00003539,0.00000543,-0.00000
876,-0.00000330,-0.00000912,-0.00001633,0.00000467,0.00002086,-0.00002960,-0.000
01552,0.00002869,0.00001996,-0.00001530,-0.00000227,-0.00001897,0.00002179,0.000
03602,-0.00004916,0.00002750,-0.00008380,0.00010500,-0.00002089,0.00057855,0.001
16321,-0.00005182,-0.00643334,-0.26904871,0.06303087,-0.00471819,-0.01786052,0.0
0264544,-0.00332709,-0.00151799,-0.00153510,0.00076385,0.00052196,0.00052346,0.0
1013079,0.31066319,-0.00001476,0.00000230,-0.00000432,0.00006736,0.00013363,-0.0
0002062,0.00001049,0.00002371,0.00000621,0.00000088,0.00000262,-0.00000059,-0.00
000239,0.00000060,-0.00000094,-0.00000387,-0.00000186,-0.00000147,-0.00000064,0.
00000018,0.00000173,0.00015143,0.00008872,0.00008192,-0.00004645,-0.00005834,-0.
00001307,0.00001333,0.00000121,-0.00000235,-0.00000029,-0.00013554,-0.00014380,0
.00000559,-0.00001462,-0.00000491,0.00000314,0.00000093,-0.00000117,-0.00000324,
-0.00000157,0.00000129,-0.00000367,0.00000135,0.00000689,-0.00000176,0.00000145,
-0.00000113,-0.00000158,0.00000038,0.00000025,-0.00006820,0.00000788,0.00000210,
0.00001749,-0.00000019,-0.00000984,0.00009178,0.00005177,0.00010497,-0.00006301,
-0.00009920,0.00001685,0.00000202,0.00000009,0.00000872,-0.00000019,-0.00000123,
-0.00000195,-0.00000138,0.00000196,-0.00000172,-0.00000173,-0.00000434,0.0000003
8,0.00000210,0.00000119,-0.00000362,0.00000815,0.00000117,-0.00000386,-0.0000297
7,-0.00003136,-0.00003804,0.00003069,0.00001002,-0.00006279,-0.00000067,-0.00000
195,0.00000072,-0.00000119,-0.00000311,-0.00000040,0.00000039,-0.00000183,0.0000
0553,-0.00000859,-0.00001148,0.00000264,-0.00000586,0.00000142,0.00000295,0.0000
0132,-0.00000099,-0.00000119,-0.00000283,-0.00000475,-0.00000030,0.00000411,0.00
000060,0.00000202,-0.00000243,0.00000160,-0.00000511,-0.00000229,-0.00000314,0.0
0000007,0.00000035,0.00000272,0.00000011,0.00000061,0.00000029,-0.00000016,0.000
00607,-0.00000948,-0.00003255,0.00007615,-0.00000744,0.00005352,0.00000629,-0.00
000864,-0.00002344,0.00000894,0.00000135,-0.00001307,-0.00002526,0.00000418,-0.0
0001138,-0.00002322,0.00000049,-0.00003622,0.00000478,-0.00006647,-0.00003723,-0
.00002530,-0.00000382,-0.00003425,-0.00001167,0.00006637,0.00000119,-0.00004651,
-0.00000324,0.00014766,0.00067810,0.00003717,-0.00011578,0.00215641,0.06348631,-
0.06182706,-0.00065519,-0.01039511,0.00280498,-0.00165440,-0.00102174,-0.0002449
5,-0.00027410,-0.00089847,0.00050218,-0.00092462,-0.07301988,0.06889024,0.000049
68,-0.00002950,0.00002838,-0.00017383,-0.00003704,0.00009388,-0.00014611,-0.0000
5608,-0.00010085,-0.00000437,-0.00000829,-0.00000351,0.00000403,-0.00000025,0.00
000446,0.00000404,0.00000331,0.00000238,-0.00000456,-0.00000056,0.00000201,-0.00
067632,-0.00029459,-0.00073853,0.00010237,-0.00000618,-0.00002210,-0.00000752,-0
.00000455,0.00001561,0.00019849,0.00023907,0.00032524,-0.00000034,0.00001646,0.0
0001855,0.00000949,-0.00001259,0.00000485,0.00001661,0.00000500,-0.00000186,0.00
000264,-0.00001055,-0.00001044,0.00000877,-0.00000818,0.00000239,0.00001032,-0.0
0000378,0.00000037,0.00001291,0.00002508,-0.00002800,-0.00003576,0.00003362,0.00
002813,-0.00009034,-0.00002623,-0.00008563,0.00010336,0.00003390,0.00001770,0.00
000401,-0.00000206,-0.00001348,-0.00000327,0.00000463,-0.00000785,0.00000278,0.0
0000451,0.00000462,-0.00000382,0.00000452,-0.00000287,-0.00000649,-0.00000944,0.
00000278,-0.00001038,0.00000830,0.00000613,0.00027216,-0.00006268,0.00005196,0.0
0000587,0.00014539,0.00001112,0.00000448,-0.00000272,-0.00000122,0.00000631,0.00
001155,0.00000408,-0.00000255,0.00000153,-0.00000273,0.00003080,0.00003224,-0.00
000777,0.00000058,-0.00001098,-0.00001714,-0.00000920,-0.00000053,0.00000165,0.0
0001310,0.00001331,0.00000287,0.00000115,-0.00000346,-0.00000682,-0.00000524,-0.
00001045,0.00000932,0.00000540,0.00001125,-0.00000142,-0.00000411,-0.00000316,0.
00000415,0.00000325,-0.00000313,0.00000160,0.00001150,0.00002017,0.00001755,-0.0
0000474,0.00000885,-0.00000253,-0.00001026,0.00002809,0.00001142,0.00000456,-0.0
0001251,0.00000741,0.00002057,-0.00002514,0.00001562,0.00000872,-0.00002518,0.00
001500,0.00001188,0.00003029,0.00000900,0.00002934,-0.00001269,0.00001224,-0.000
00568,-0.00002491,0.00001360,-0.00000285,-0.00001625,-0.00007490,0.00172810,-0.0
0016810,0.00054650,-0.04330961,-0.00013921,0.01025283,-0.00158471,0.00001790,-0.
02591913,0.00058746,0.00081005,-0.00029029,-0.00392090,-0.00203421,-0.00223559,0
.00088906,0.00011616,0.00079423,0.04866301,-0.00000920,-0.00001257,-0.00000361,0
.00010117,0.00017949,-0.00002008,0.00001802,0.00006073,-0.00001841,0.00000031,0.
00000174,0.00000012,-0.00000215,-0.00000130,-0.00000201,-0.00000400,-0.00000187,
-0.00000149,-0.00000126,0.00000163,0.00000029,0.00010897,0.00012575,0.00006610,-
0.00006494,-0.00006905,-0.00002181,0.00001814,-0.00000022,0.00000021,0.00000129,
-0.00019117,-0.00008432,0.00001328,-0.00001330,0.00000149,0.00000592,-0.00000003
,0.00000143,-0.00000494,-0.00000060,0.00000051,-0.00000151,-0.00000304,0.0000021
9,-0.00000117,-0.00000018,-0.00000026,-0.00000235,-0.00000015,0.00000031,-0.0000
2634,0.00002042,-0.00000915,-0.00000067,0.00001119,-0.00000199,0.00007798,0.0000
4083,0.00007194,-0.00006705,-0.00012791,0.00001911,-0.00000351,0.00000154,0.0000
0694,0.00000187,-0.00000182,0.00000598,0.00000023,0.00000639,-0.00000138,-0.0000
0421,-0.00000665,-0.00000227,0.00001104,0.00000564,0.00000160,0.00000817,0.00000
117,-0.00000174,0.00001010,-0.00003498,-0.00001432,0.00004455,-0.00001922,-0.000
00520,0.00000160,-0.00000197,0.00000222,-0.00000147,-0.00000536,-0.00000081,0.00
000048,-0.00000022,0.00000214,-0.00001340,-0.00002734,0.00000736,-0.00000834,0.0
0000003,-0.00000309,0.00000215,-0.00000111,-0.00000290,-0.00000324,-0.00000901,0
.00000157,-0.00000091,0.00000430,-0.00000653,-0.00001123,0.00000333,0.00000322,-
0.00000402,-0.00000630,0.00000017,-0.00000179,0.00000482,0.00000092,0.00000427,-
0.00000018,0.00000059,-0.00000575,-0.00001292,-0.00001922,0.00004236,-0.00001027
,0.00002350,0.00002153,-0.00000714,0.00000136,0.00000532,0.00000054,-0.00000528,
-0.00002104,0.00000899,-0.00001590,-0.00001921,0.00000741,-0.00001993,-0.0000014
1,-0.00003516,0.00000493,-0.00000721,-0.00000646,-0.00002250,-0.00001100,0.00003
694,-0.00000842,-0.00005493,-0.00000251,0.00005325,0.00072836,-0.00005757,0.0003
2380,-0.00033860,-0.04502027,0.01477895,-0.00059978,0.00035984,-0.01304451,-0.00
003683,0.00036356,-0.00080628,-0.00210502,-0.00060172,-0.00120897,-0.00167907,-0
.00497419,0.03291293,0.00237158,0.04938066,0.00004459,0.00000684,0.00002495,-0.0
0006012,0.00002750,0.00009174,-0.00006236,-0.00001847,-0.00015880,-0.00000101,0.
00000473,-0.00000575,0.00000687,-0.00000463,0.00000389,0.00000391,0.00000021,0.0
0000273,-0.00000434,0.00000229,0.00000054,-0.00008934,-0.00016539,-0.00056468,0.
00005936,0.00000242,-0.00003088,0.00003328,-0.00000698,0.00001265,0.00012744,0.0
0020394,0.00038840,0.00002066,-0.00003075,0.00002549,0.00001331,-0.00002531,0.00
001477,0.00002685,0.00000418,0.00000180,-0.00000289,-0.00000130,-0.00001208,0.00
000191,-0.00000153,0.00000609,-0.00000150,0.00000070,0.00000909,0.00015792,0.000
02628,-0.00001576,-0.00011564,0.00008406,0.00004824,-0.00009581,-0.00004927,-0.0
0009407,0.00005333,0.00000697,0.00002552,0.00002422,-0.00001029,0.00000522,-0.00
000362,0.00000887,-0.00003203,-0.00000083,0.00000220,0.00000582,-0.00000870,0.00
000196,-0.00001345,-0.00000618,-0.00002146,0.00001585,-0.00001011,0.00000844,0.0
0000816,0.00023055,0.00000942,0.00009311,-0.00001461,0.00008830,0.00009489,-0.00
000238,0.00000996,0.00000414,0.00000117,0.00000060,0.00000176,-0.00000356,-0.000
00211,-0.00000080,-0.00000940,-0.00001058,-0.00000168,-0.00000538,0.00000710,-0.
00001633,0.00000290,-0.00000270,-0.00000974,0.00000225,-0.00000759,0.00000247,-0
.00000401,-0.00000234,-0.00000995,-0.00000475,-0.00000904,0.00001374,-0.00000152
,-0.00000253,0.00000238,-0.00000303,0.00000117,0.00000603,0.00000121,0.00000265,
0.00000058,-0.00001318,0.00002286,0.00002315,-0.00002112,-0.00000062,-0.00003080
,-0.00000346,0.00000133,0.00002881,-0.00000265,-0.00000995,0.00001390,0.00001615
,-0.00001348,-0.00000081,0.00001258,-0.00001279,0.00001811,0.00000690,0.00004642
,0.00003204,0.00004907,-0.00002282,0.00001932,0.00000358,-0.00004769,0.00000417,
-0.00002957,0.00003740,-0.00013393,0.00053018,0.00016644,0.00119619,0.01003461,0
.01439040,-0.28634489,-0.00369462,-0.00110406,-0.01719815,0.00082697,0.00054305,
0.00064672,-0.00317381,-0.00161381,-0.00128101,0.00107998,0.00410194,-0.01294514
,-0.00937665,-0.01630363,0.33055853,-0.00004662,-0.00000125,-0.00004438,0.000130
19,0.00006077,-0.00023533,0.00019201,0.00016517,0.00003299,0.00000839,0.00000442
,0.00003494,-0.00000380,-0.00000281,-0.00000942,-0.00000608,-0.00000865,-0.00000
330,0.00000766,0.00000081,-0.00000618,-0.00048143,0.00099304,0.00059573,-0.00004
833,0.00001782,0.00013013,0.00001806,0.00000196,-0.00001106,0.00002794,-0.000148
79,-0.00012258,-0.00000757,-0.00001753,-0.00001256,0.00000657,0.00000370,0.00000
548,-0.00001848,0.00001768,-0.00000240,0.00000304,-0.00002065,0.00001964,-0.0000
0574,0.00000708,0.00000149,-0.00001167,0.00000037,0.00000394,0.00003289,0.000037
17,0.00007507,0.00004126,0.00001150,-0.00002730,0.00000483,-0.00002900,0.0000687
7,-0.00007119,-0.00005997,0.00003164,-0.00001862,0.00000644,0.00001368,0.0000099
1,-0.00001114,0.00002100,0.00000847,0.00000459,0.00000403,-0.00000137,-0.0000046
7,0.00000059,0.00002142,0.00002348,0.00001081,0.00001706,-0.00001202,-0.00001127
,-0.00075873,-0.00015027,-0.00000283,-0.00002486,-0.00006060,-0.00007079,0.00000
174,0.00000855,0.00000417,-0.00000540,-0.00002039,-0.00000785,0.00000824,-0.0000
0384,0.00000165,-0.00007178,-0.00008757,0.00000687,-0.00002378,0.00001901,0.0000
0878,0.00001253,-0.00000007,-0.00001680,-0.00001897,-0.00002828,0.00000048,-0.00
000058,0.00002041,0.00000487,-0.00000484,0.00001945,-0.00000621,-0.00001083,-0.0
0002716,0.00000280,0.00000431,0.00000780,-0.00000566,0.00000306,0.00000583,-0.00
000264,0.00001013,0.00000198,-0.00001250,0.00001153,-0.00000688,0.00000033,0.000
03393,-0.00002421,-0.00001608,0.00000579,0.00000230,0.00000301,0.00001575,-0.000
00480,-0.00000320,-0.00000918,0.00001847,-0.00001133,-0.00001150,-0.00002956,-0.
00001315,0.00000577,-0.00000695,0.00001222,0.00000062,0.00002927,-0.00000319,-0.
00005934,-0.00001041,0.00006075,-0.00736192,-0.00224352,-0.00210527,-0.20454253,
0.09435362,0.06726272,-0.02319867,0.01137172,0.00792483,0.00055473,0.00069257,0.
00016787,0.00058424,0.00027877,0.00064474,-0.00055834,0.00273816,0.00046364,-0.0
0251818,0.00219176,0.00351477,0.23731759,-0.00000704,0.00000615,-0.00000425,-0.0
0006940,-0.00006951,0.00009418,-0.00005269,-0.00003981,-0.00002147,-0.00000344,-
0.00000150,-0.00001199,0.00000045,0.00000125,0.00000455,0.00000297,0.00000450,0.
00000208,-0.00000193,0.00000024,0.00000206,-0.00111451,0.00017937,-0.00005714,0.
00004195,0.00000065,-0.00005624,0.00000794,0.00000029,0.00001259,0.00024300,0.00
011601,0.00015917,-0.00000010,-0.00000021,0.00001394,0.00000213,0.00000199,0.000
00041,0.00000734,-0.00000907,0.00000497,-0.00000282,-0.00000238,-0.00000652,0.00
000312,-0.00000467,-0.00000147,0.00000675,-0.00000089,-0.00000075,-0.00013567,0.
00002082,-0.00000573,0.00001248,0.00000248,0.00000162,-0.00002966,0.00000753,-0.
00006722,0.00005856,0.00005979,-0.00000035,0.00000672,-0.00000405,-0.00000449,0.
00000490,0.00000436,-0.00000393,-0.00000540,0.00000202,-0.00000769,-0.00000048,-
0.00000494,0.00000200,-0.00000058,-0.00000839,-0.00000016,-0.00000548,0.00000159
,0.00000645,-0.00003493,-0.00007509,-0.00001860,-0.00000875,-0.00000618,0.000048
94,0.00000307,-0.00000493,-0.00000090,0.00000312,0.00000830,0.00000313,-0.000004
17,0.00000252,-0.00000199,0.00002700,0.00002007,-0.00000789,0.00000162,-0.000008
33,-0.00000502,-0.00000640,-0.00000033,0.00000614,0.00000449,0.00001033,0.000001
73,0.00000052,0.00000110,-0.00000165,0.00000066,-0.00000069,0.00000135,0.0000046
1,0.00001058,-0.00000156,-0.00000096,-0.00000221,0.00000017,0.00000310,-0.000003
56,0.00000031,-0.00001452,0.00001481,0.00000452,-0.00001171,-0.00000031,-0.00000
837,0.00002739,0.00006302,0.00001699,0.00000034,-0.00000267,0.00000336,0.0000047
1,-0.00000660,0.00000709,0.00001731,-0.00001214,0.00000693,-0.00000664,0.0000438
7,0.00003591,0.00003627,-0.00003201,0.00000810,0.00000351,0.00001511,-0.00002220
,-0.00008040,-0.00006197,-0.00006479,-0.00205048,0.00010238,-0.00034643,0.095531
76,-0.09765265,-0.03913402,-0.00768821,0.00458595,0.00332854,-0.00075107,0.00012
340,-0.00004349,-0.00017068,0.00008719,0.00021214,0.02665043,-0.01917518,-0.0104
1812,-0.00053170,0.00095920,-0.00017362,-0.10921124,0.11128253,-0.00000383,0.000
00424,0.00000548,-0.00008938,-0.00004874,0.00010824,-0.00006739,-0.00003522,-0.0
0003411,-0.00000106,-0.00000167,-0.00000573,0.00000164,0.00000222,0.00000346,-0.
00000011,0.00000294,0.00000077,-0.00000211,-0.00000182,0.00000435,-0.00092836,0.
00002508,0.00013956,0.00004009,-0.00000736,-0.00005639,0.00000937,0.00000210,0.0
0000765,0.00021089,0.00014881,0.00009636,0.00000173,-0.00000368,0.00000836,-0.00
000035,-0.00000129,0.00000110,0.00000768,-0.00000623,0.00000261,0.00000182,-0.00
000202,-0.00000294,0.00000401,-0.00000314,0.00000025,0.00000557,-0.00000029,-0.0
0000023,-0.00011561,0.00002355,-0.00000425,0.00001386,0.00000458,-0.00000022,-0.
00000917,-0.00000375,-0.00004221,0.00004220,0.00004475,-0.00000384,0.00000838,-0
.00000486,0.00000119,0.00000365,0.00000556,-0.00001009,-0.00000562,-0.00000088,-
0.00000374,-0.00000024,-0.00000054,0.00000350,-0.00000774,-0.00000658,-0.0000014
3,-0.00000398,0.00000378,0.00000318,-0.00006881,-0.00004757,-0.00004039,-0.00002
688,0.00004790,-0.00001266,0.00000048,-0.00000371,-0.00000185,0.00000196,0.00000
664,0.00000246,-0.00000093,0.00000071,-0.00000119,0.00001956,0.00002405,-0.00000
988,0.00000224,-0.00000863,-0.00000013,-0.00000386,-0.00000155,0.00000434,0.0000
0351,0.00000690,0.00000081,0.00000313,-0.00000167,-0.00000018,0.00000432,-0.0000
0360,-0.00000136,0.00000300,0.00000773,-0.00000054,-0.00000027,-0.00000195,0.000
00175,-0.00000183,-0.00000072,0.00000013,0.00000703,0.00000258,0.00000709,-0.000
01554,0.00001152,0.00000474,-0.00001778,0.00003187,-0.00000454,0.00000160,-0.000
00280,0.00000127,0.00001061,-0.00000903,0.00001002,0.00000854,-0.00001284,0.0000
0457,0.00000471,0.00001608,-0.00000466,0.00000835,0.00000021,0.00001085,0.000001
26,-0.00001008,0.00000601,0.00002149,-0.00003071,-0.00002408,-0.00201956,-0.0003
6379,-0.00002581,0.06827031,-0.03922994,-0.07056891,-0.00747534,0.00439232,0.003
07657,0.00004639,0.00025006,0.00003800,-0.00068375,0.00000652,0.00003537,-0.0064
7719,0.00440799,0.00326669,0.02749801,-0.01613592,-0.01482988,-0.07773464,0.0465
6464,0.07937375,0.00007728,-0.00005614,0.00005145,0.00000820,0.00024469,0.000086
42,-0.00017116,0.00005404,-0.00007647,-0.00000308,-0.00001754,-0.00001293,0.0000
0284,-0.00000187,0.00000322,0.00000068,0.00000080,0.00000091,-0.00000536,0.00000
002,0.00000459,-0.00029439,0.00038495,-0.00040895,-0.00000195,-0.00009567,-0.000
07363,-0.00001107,-0.00000610,0.00001585,-0.00001075,-0.00012035,0.00007740,0.00
000763,0.00002378,0.00000612,0.00000715,-0.00001611,0.00000245,0.00000965,0.0000
1115,-0.00000557,0.00000120,-0.00001049,-0.00000585,0.00000954,-0.00001057,0.000
00410,0.00001282,-0.00000578,0.00000175,-0.00017168,0.00006927,-0.00008003,0.000
01304,0.00001348,0.00001389,0.00000293,0.00004941,0.00001877,0.00003343,-0.00017
550,0.00002016,-0.00000475,0.00000337,-0.00001222,-0.00000923,0.00000253,0.00000
041,0.00000290,0.00000706,0.00001087,-0.00000705,0.00000635,-0.00000773,0.000000
03,-0.00000186,-0.00000429,-0.00000084,0.00000624,0.00000184,-0.00002670,-0.0000
2640,0.00014220,0.00002822,0.00002078,-0.00000959,0.00001280,-0.00000792,0.00000
484,0.00000816,0.00000929,0.00000668,-0.00000136,0.00000099,0.00000037,0.0000284
5,0.00000286,0.00000812,-0.00003073,-0.00001557,-0.00004718,-0.00001769,-0.00001
041,0.00000727,0.00003035,0.00000774,0.00001366,0.00001215,-0.00000798,-0.000035
03,-0.00006319,-0.00002632,0.00004019,0.00000256,0.00000781,-0.00000193,-0.00001
028,0.00000400,0.00001292,0.00001526,-0.00000564,0.00000228,-0.00000308,-0.00000
471,-0.00000709,0.00001505,-0.00000404,0.00000707,-0.00000134,0.00000168,0.00000
090,0.00000471,-0.00001437,0.00000351,0.00000349,-0.00000402,0.00000111,-0.00000
610,-0.00001267,0.00000743,-0.00000198,-0.00000219,-0.00000246,-0.00000119,-0.00
000047,-0.00000541,-0.00000614,-0.00001106,0.00001056,0.00000761,0.00000565,-0.0
0000753,0.00040670,0.00011091,-0.00053828,0.00012401,-0.00020393,0.00058940,-0.0
0020850,0.00016124,0.00232796,-0.04611300,-0.00099601,0.01960375,0.00036859,-0.0
0031814,0.00001797,-0.00004561,0.00011541,-0.00014476,-0.00007976,-0.00060336,-0
.00021864,-0.00012969,0.00001937,0.00016328,0.04905802,-0.00006726,0.00001931,-0
.00005402,0.00015071,-0.00000244,-0.00006890,0.00010788,0.00007759,0.00007842,0.
00000598,0.00000344,0.00000115,-0.00000628,0.00000038,-0.00000392,-0.00000603,-0
.00000198,-0.00000198,0.00000412,0.00000215,-0.00000012,0.00063585,-0.00014215,0
.00043721,-0.00008692,0.00000492,0.00001618,0.00002447,0.00000694,-0.00001547,-0
.00034850,0.00004483,-0.00023931,0.00001041,-0.00002892,-0.00000886,-0.00000257,
0.00000936,-0.00000359,-0.00001925,-0.00000416,0.00000136,-0.00000653,0.00000349
,0.00001055,-0.00000902,0.00000520,-0.00000407,-0.00000769,0.00000253,-0.0000019
3,0.00004446,-0.00003510,0.00002625,-0.00000800,-0.00000177,-0.00000688,0.000028
47,-0.00000036,0.00004544,-0.00008622,0.00000066,-0.00000822,-0.00000451,0.00000
395,0.00002078,0.00000743,-0.00000490,0.00001503,-0.00000672,0.00000437,-0.00000
429,-0.00000287,-0.00000879,0.00000169,0.00001788,0.00001403,0.00000561,0.000009
73,-0.00000840,-0.00000330,-0.00011736,0.00005259,-0.00005157,-0.00002577,-0.000
09893,0.00001016,0.00000006,-0.00000111,0.00000559,-0.00000360,-0.00000978,-0.00
000467,0.00000117,0.00000163,0.00000230,-0.00001713,-0.00004423,0.00001473,-0.00
000385,0.00000766,-0.00000115,0.00000557,-0.00000012,-0.00000158,-0.00001898,-0.
00002218,0.00000346,0.00001338,0.00001147,-0.00000424,-0.00003178,0.00003543,-0.
00000910,-0.00001034,-0.00001553,-0.00000024,0.00000186,0.00000988,0.00000099,0.
00000256,0.00000024,0.00000107,-0.00000699,-0.00001428,-0.00001561,0.00000052,-0
.00000769,0.00000314,0.00001112,-0.00000531,-0.00002662,-0.00000121,0.00001563,-
0.00000779,-0.00001365,0.00001733,-0.00000887,-0.00000072,0.00001502,-0.00001597
,-0.00000314,-0.00001473,-0.00000070,-0.00002124,0.00000514,-0.00000519,0.000005
76,0.00003570,-0.00001039,-0.00001640,-0.00001129,0.00007492,-0.00111570,0.00232
121,-0.00019585,0.00055947,0.00068485,0.00062386,-0.00275046,-0.00507882,0.03029
472,-0.00027500,-0.04317362,0.00675097,-0.00037933,-0.00539796,0.00205772,0.0001
5678,0.00020925,-0.00008495,-0.00045240,-0.00044299,-0.00024947,-0.00000114,-0.0
0006977,-0.00008354,0.00140197,0.05020260,0.00006883,-0.00000431,0.00005951,-0.0
0000045,0.00021530,0.00012004,-0.00023142,0.00007811,-0.00022782,-0.00000276,-0.
00000214,-0.00002328,0.00001060,-0.00000695,0.00000673,0.00000513,0.00000292,0.0
0000382,-0.00000821,0.00000875,-0.00000184,-0.00013150,0.00043417,-0.00086616,0.
00002769,-0.00006055,-0.00006355,0.00007463,-0.00001991,0.00002070,-0.00019435,-
0.00000206,0.00050677,0.00006171,-0.00006811,0.00002953,0.00002682,-0.00004173,0
.00001904,0.00004195,-0.00000294,-0.00000185,0.00000093,0.00000841,-0.00000853,0
.00000265,-0.00000061,0.00001025,-0.00000192,0.00000181,0.00001108,0.00023041,0.
00001534,-0.00010978,-0.00017613,0.00012618,0.00006064,-0.00004242,-0.00000446,-
0.00001233,0.00003626,-0.00012338,0.00005296,0.00003508,-0.00001365,0.00001919,-
0.00000772,0.00001617,-0.00004632,-0.00000565,0.00001300,0.00000871,-0.00002072,
0.00000011,-0.00002358,0.00000062,-0.00002865,0.00002777,-0.00001237,0.00000835,
0.00000302,-0.00004548,0.00008243,0.00020711,0.00001829,0.00005579,0.00001765,0.
00000316,0.00000338,0.00000709,0.00000098,0.00000248,0.00000463,-0.00000507,-0.0
0000572,0.00000408,-0.00001549,-0.00004554,0.00000115,-0.00002179,-0.00000713,-0
.00004700,0.00000682,-0.00000998,-0.00001229,0.00001720,-0.00001358,0.00000219,-
0.00002225,-0.00000807,-0.00005099,-0.00004412,-0.00002240,0.00007533,-0.0000030
0,-0.00000145,0.00000124,-0.00000686,0.00000601,0.00001258,0.00001166,-0.0000002
0,-0.00000119,-0.00000929,0.00003016,0.00000228,0.00000972,0.00000082,-0.0000195
3,-0.00001309,-0.00001193,0.00002579,-0.00000339,-0.00002041,0.00001221,0.000007
22,-0.00001121,-0.00000469,-0.00000705,-0.00000653,0.00001333,0.00000738,0.00001
319,0.00001696,0.00002002,-0.00000910,-0.00000031,-0.00000037,-0.00003573,0.0000
0842,0.00000516,0.00003964,-0.00007299,-0.00025512,-0.00108212,0.00110094,-0.000
14386,-0.00088513,0.00057364,0.00103027,0.00497096,-0.01412694,0.02033912,0.0074
1178,-0.28254952,0.00020097,0.00301918,-0.00053387,-0.00014033,-0.00033244,0.000
05850,0.00008604,0.00014583,0.00055519,0.00002484,0.00002694,-0.00016747,-0.0232
1618,-0.01084287,0.32631621,-0.00008073,0.00002528,-0.00008751,0.00005886,-0.000
07184,-0.00019067,0.00018324,-0.00003100,-0.00002470,0.00001782,0.00001735,0.000
03992,-0.00000468,-0.00000159,-0.00000780,-0.00000433,-0.00000637,-0.00000229,0.
00000746,0.00000010,-0.00000595,0.00061585,-0.00047803,-0.00011300,-0.00002047,0
.00007414,0.00015453,0.00005645,0.00000951,-0.00000356,-0.00056667,0.00055674,-0
.00041241,0.00000913,-0.00005212,0.00000929,0.00000815,0.00000302,0.00000806,-0.
00001085,0.00000536,0.00000607,-0.00000639,-0.00001978,0.00001591,-0.00001078,0.
00000903,-0.00000126,-0.00001347,0.00000348,0.00000353,0.00029206,0.00004149,0.0
0018164,-0.00009813,0.00006840,0.00002938,-0.00002068,-0.00000157,0.00008811,-0.
00005047,0.00004790,0.00003080,-0.00001093,-0.00000257,0.00002834,0.00001139,-0.
00001109,0.00001011,0.00000062,0.00000415,0.00000414,0.00000438,-0.00000759,0.00
000172,0.00002145,0.00001921,0.00001701,0.00000849,-0.00001089,-0.00000441,-0.00
010119,0.00008225,0.00001532,-0.00003589,-0.00001490,0.00000086,-0.00000378,0.00
001281,0.00000293,-0.00000338,-0.00001392,-0.00000718,0.00000471,-0.00000074,0.0
0000009,-0.00005653,-0.00006720,-0.00000658,-0.00001130,0.00002641,0.00001008,0.
00001505,0.00000988,-0.00002385,-0.00003505,-0.00002079,0.00000375,0.00003589,0.
00003712,0.00005701,0.00001070,0.00004005,-0.00007036,-0.00000901,-0.00002426,0.
00000355,0.00000689,0.00000393,-0.00001164,-0.00000534,0.00000713,-0.00000110,0.
00000679,0.00001622,0.00000112,-0.00000456,-0.00000485,-0.00000938,0.00001640,-0
.00001434,-0.00000644,-0.00000371,0.00001390,0.00000113,0.00000919,-0.00000852,-
0.00000085,-0.00000256,0.00002242,-0.00000928,0.00000303,-0.00000445,0.00000411,
0.00000119,-0.00000715,0.00001002,0.00001085,0.00002808,-0.00001243,-0.00003838,
-0.00000649,0.00002513,0.00000860,0.00030893,-0.00056609,0.00029583,-0.00100922,
0.00004239,-0.00144275,0.00246806,0.00025884,-0.20949343,0.09899705,0.05696535,0
.00014888,-0.00037266,-0.00000660,-0.00006789,-0.00020123,0.00000228,-0.00007835
,0.00008399,0.00002114,0.00019072,-0.00064828,-0.00007162,-0.00423075,0.00240195
,0.00337123,0.24127891,0.00001558,0.00000758,0.00001917,-0.00008771,-0.00002245,
0.00018018,-0.00009347,-0.00007625,-0.00006323,-0.00000630,-0.00000029,-0.000021
63,0.,0.00000159,0.00000579,0.00000372,0.00000371,0.00000114,-0.00000428,-0.0000
0344,0.00000660,-0.00146686,-0.00049725,0.00005860,0.00003129,-0.00003191,-0.000
12805,-0.00001947,0.00000415,0.00001427,-0.00017033,0.00014864,0.00004548,-0.000
00979,0.00002532,0.00001346,-0.00000487,0.00000445,-0.00000420,0.00000508,-0.000
00595,0.00000481,-0.00000707,0.00001003,-0.00001857,0.00000529,-0.00000876,-0.00
000303,0.00001160,-0.00000283,-0.00000202,-0.00021180,0.00001895,-0.00007916,0.0
0000179,-0.00001615,0.00001461,0.00005268,-0.00000235,-0.00009537,0.00004494,0.0
0000886,-0.00002430,0.00000519,-0.00000167,-0.00002144,-0.00000358,0.00000154,-0
.00000588,-0.00000142,-0.00000283,-0.00000616,0.00000442,-0.00000245,-0.00000157
,-0.00000926,-0.00001737,-0.00001443,-0.00000942,0.00000929,0.00001323,0.0003998
7,0.00000910,-0.00010734,0.00002310,0.00005772,0.00006891,0.00000154,-0.00000086
,-0.00000094,0.00000560,0.00001438,0.00000529,-0.00000679,0.00000519,-0.00000225
,0.00005366,0.00004381,0.00000485,-0.00000019,0.00000313,-0.00000434,-0.00001503
,-0.00000150,0.00001540,0.00000456,0.00002043,0.00000293,0.00001519,-0.00000922,
0.00000631,0.00000246,-0.00001352,-0.00001028,0.00000684,0.00001791,-0.00000224,
-0.00000280,-0.00000515,0.00000181,0.00000018,-0.00000401,-0.00000038,0.00000203
,-0.00000621,0.00001179,0.00001568,0.00000151,0.00000005,-0.00000157,-0.00002639
,0.00002530,-0.00000511,-0.00000427,0.00000002,-0.00002226,-0.00000047,-0.000000
63,0.00000428,-0.00001257,0.00001164,0.00000326,0.00001805,0.00000522,-0.0000085
0,-0.00000057,-0.00001663,-0.00000216,-0.00002483,0.00000819,0.00002146,0.000068
17,-0.00005813,0.00335666,-0.00883111,0.00055045,0.00075410,0.00068375,-0.000134
36,0.02342439,-0.01612212,-0.00732100,0.09814530,-0.09979865,-0.03326534,0.00003
135,0.00045426,-0.00041551,0.00013443,0.00042452,0.00001390,0.00000432,-0.000133
08,-0.00013549,-0.00087352,-0.00056925,0.00017524,0.00095220,0.00060513,-0.00152
390,-0.11437022,0.11674560,0.00001149,-0.00001853,0.00002379,-0.00003085,0.00007
557,0.00009312,-0.00007471,-0.00000087,-0.00004483,-0.00000129,-0.00000416,-0.00
000322,0.00000048,0.00000126,0.00000234,-0.00000177,0.00000115,-0.00000002,-0.00
000293,-0.00000201,0.00000526,-0.00023598,0.00018215,-0.00002650,0.00000785,-0.0
0004533,-0.00006287,0.00000217,0.00000100,0.00000656,0.00007908,-0.00008552,-0.0
0025049,-0.00000191,0.00000600,0.00000418,0.00000331,-0.00000333,0.00000078,0.00
000506,0.00000240,-0.00000154,0.00000086,-0.00000725,-0.00000232,0.00000514,-0.0
0000519,0.00000054,0.00000645,-0.00000275,-0.00000035,-0.00026421,0.00009958,0.0
0000186,0.00004353,0.00000255,0.00000172,0.00000760,0.00002106,0.00000058,0.0000
1074,-0.00004028,-0.00000478,0.00000311,0.00000211,-0.00000624,0.00000014,0.0000
0237,-0.00000271,-0.00000069,0.00000247,-0.00000052,-0.00000272,0.00000076,-0.00
000095,-0.00000475,-0.00000442,-0.00000209,0.00000120,0.00000614,0.00000284,0.00
003265,-0.00004234,0.00004949,0.00000953,0.00002837,-0.00001535,0.00000299,-0.00
000402,-0.00000098,0.00000227,0.00000548,0.00000298,-0.00000027,0.00000078,-0.00
000130,0.00000963,0.00001684,-0.00000698,-0.00000997,-0.00000672,-0.00000146,-0.
00000711,-0.00000541,0.00000826,0.00000700,0.00000553,0.00000554,0.00001303,-0.0
0000421,-0.00000608,-0.00001176,-0.00001447,0.00000195,0.00000213,0.00000653,0.,
-0.00000354,0.00000046,0.00000394,0.00000101,-0.00000069,0.00000087,-0.00000163,
-0.00001143,-0.00000195,-0.00000001,0.00000013,0.00000942,-0.00000444,0.00001527
,-0.00000167,0.00000267,-0.00000273,0.00000171,0.00000325,-0.00000358,0.00000055
,-0.00000011,-0.00000870,0.00000153,-0.00000050,-0.00000035,-0.00000538,0.000002
67,-0.00000104,0.00000140,-0.00000380,-0.00000465,0.00000577,0.00000662,-0.00001
436,-0.00000290,-0.00041935,0.00172324,0.00048889,-0.00013975,-0.00022266,0.0001
2171,-0.00583154,0.00315093,0.00200568,0.05657484,-0.03379730,-0.06209621,-0.000
15475,0.00044936,-0.00002098,-0.00010027,0.00007702,-0.00011422,0.00016640,-0.00
014718,-0.00021895,-0.00019447,-0.00005675,0.00037567,0.02867620,-0.01613419,-0.
01278086,-0.06667034,0.03856057,0.06882413,-0.00005422,0.00001758,0.00004786,-0.
00004846,-0.00007122,0.00009343,-0.00001854,-0.00007750,-0.00007096,-0.00002067,
-0.00001231,-0.00004188,-0.00000102,0.00000372,0.00000576,-0.00000111,0.00000735
,0.00000280,-0.00000671,0.00000206,0.00000888,0.00078586,0.00111585,0.00060966,0
.00000946,-0.00002297,-0.00008655,0.00003904,-0.00002985,0.00001923,-0.00231057,
0.00115950,-0.00061118,0.00005420,-0.00002252,0.00001887,0.00001470,-0.00000741,
0.00000074,0.00000499,-0.00002139,0.00000083,0.00001300,0.00000969,-0.00000660,0
.00000402,-0.00000140,-0.00000181,-0.00000033,-0.00000275,-0.00000022,-0.0009574
1,0.00031114,-0.00028117,0.00000692,0.00003191,-0.00000801,0.00004384,0.00002358
,-0.00006488,0.00004630,0.00005721,0.00000108,0.00001992,0.00000230,0.00000618,0
.00001555,0.00002091,-0.00000698,-0.00001419,0.00001259,-0.00002174,-0.00002265,
-0.00001964,0.00000110,0.00000726,-0.00001970,0.00000809,-0.00000680,0.00000561,
0.00000105,0.00007643,-0.00028200,-0.00020191,-0.00002040,-0.00002505,-0.0000106
8,-0.00000301,-0.00001376,0.00000111,-0.00000391,0.00000188,0.00000470,-0.000003
56,0.00000059,0.00000143,0.00006451,0.00003167,-0.00001783,0.00001476,-0.0000329
1,0.00002009,-0.00000003,-0.00001445,0.00001809,0.00002742,0.00000299,-0.0000149
4,-0.00010363,-0.00001854,-0.00005864,0.00001235,-0.00001245,0.00007879,0.000005
53,0.00001365,-0.00000128,0.00000241,-0.00000383,0.00000884,0.00000068,-0.000002
81,-0.00000475,-0.00001201,-0.00000718,-0.00001786,-0.00000117,0.00000404,-0.000
00782,0.00000164,0.00000685,0.00000148,-0.00000058,-0.00000329,0.00000035,0.0000
0972,0.00001662,0.00000491,-0.00000111,-0.00000844,0.00000829,-0.00000835,0.0000
0281,0.00000291,0.00001476,0.00000601,0.00000474,-0.00001316,0.00000321,0.000000
49,-0.00000424,-0.00002973,-0.00001031,0.00000068,0.00014280,-0.00026074,0.00036
128,-0.00137660,0.00032968,-0.00339375,-0.00535345,-0.00092307,-0.19947490,-0.08
402729,-0.08162192,0.00015633,0.00057391,-0.00003116,-0.00011116,-0.00013698,-0.
00015892,0.00003599,0.00010592,0.00027099,0.00032192,0.00004327,-0.00009423,0.00
109968,0.00041437,-0.00106254,-0.02706398,-0.00980882,-0.01155408,0.23017188,-0.
00022323,0.00003820,-0.00016815,0.00000536,-0.00014060,-0.00028256,0.00021895,-0
.00012173,-0.00008605,0.00001876,0.00002219,0.00001267,-0.00001047,0.00000497,-0
.00000704,-0.00001401,-0.00000184,-0.00000030,0.00000178,-0.00000082,0.00000895,
-0.00032882,-0.00276854,-0.00181653,0.00002550,0.00011560,0.00024609,0.00009552,
0.00004019,-0.00001764,0.00114475,0.00100515,0.00103205,0.00004726,-0.00008159,0
.00003619,0.00001734,-0.00000334,0.00000670,-0.00002911,-0.00001081,0.00000868,-
0.00001095,-0.00004113,0.00001566,-0.00001599,0.00000936,-0.00001027,-0.00002362
,0.00000343,-0.00000869,0.00092654,-0.00011390,0.00029776,-0.00031226,0.00016211
,0.00013102,-0.00011558,0.00000585,0.00008492,0.00001746,0.00010687,0.00009984,-
0.00000128,0.00001134,0.00005604,0.00002143,0.00000074,0.00001465,-0.00002414,0.
00001333,0.00000082,-0.00001094,-0.00000857,-0.00000356,0.00003432,0.00001965,0.
00003114,0.00000444,-0.00000565,-0.00000370,-0.00007238,0.00033557,0.00020050,0.
00000726,0.00002486,0.00004713,-0.00001020,-0.00000559,0.00000746,-0.00000970,-0
.00001611,-0.00000753,0.00000489,0.00000328,-0.00000240,-0.00002364,-0.00008173,
-0.00001760,0.00002260,0.00002742,-0.00001202,0.00001498,0.00000425,-0.00001909,
-0.00006790,-0.00004943,0.00001404,0.00001926,0.00009605,0.00003865,0.00000145,0
.00006389,-0.00004528,-0.00001827,-0.00002971,0.00000731,0.00000567,0.00000557,0
.00000084,-0.00000605,0.00000227,-0.00000009,0.00002302,0.00002267,0.00001072,-0
.00003680,-0.00000303,-0.00001013,0.00001585,0.00002186,0.00000322,-0.00001296,0
.00003725,0.00000079,0.00002907,-0.00000759,0.00001428,0.00000651,0.00002099,-0.
00000358,0.00000560,0.00001853,0.00002127,0.00003293,-0.00001399,0.00002811,0.00
000635,0.00005089,-0.00002717,-0.00006853,-0.00007057,-0.00001554,0.00017351,0.0
0175628,0.00020404,-0.00074404,-0.00607164,0.00166451,-0.02512923,-0.01737102,-0
.01082088,-0.08341826,-0.08699366,-0.04444433,-0.00004747,0.00095236,-0.00118335
,-0.00145716,-0.00087373,-0.00053347,0.00021671,0.00006132,0.00030787,0.00026182
,-0.00001297,0.00005015,-0.00086766,0.00072122,-0.00165810,0.01223522,0.00673394
,0.00581054,0.09715796,0.10229692,-0.00013425,0.00007851,-0.00004983,-0.00008045
,-0.00021243,-0.00002614,0.00014888,-0.00021839,-0.00003561,-0.00000307,0.000018
34,0.00001666,-0.00000513,0.00000514,0.00000171,0.00000160,0.00000436,0.00000276
,0.00000243,0.00000073,-0.00000462,0.00017299,-0.00074982,0.00049272,0.00003357,
0.00007008,0.00004036,0.00005518,-0.00000402,0.00000336,-0.00057393,0.00092420,-
0.00060146,0.00000656,-0.00006259,0.00000529,-0.00000033,0.00001729,-0.00000443,
-0.00000066,-0.00002243,0.00000459,0.00000009,0.00001691,0.00000659,-0.00001058,
0.00001277,-0.00000749,-0.00001234,0.00000576,-0.00000165,-0.00026426,-0.0000310
2,0.00020534,0.00000341,0.00002034,-0.00000073,0.00002467,-0.00002546,-0.0000356
2,0.00001828,0.00016622,0.00003094,0.00001649,-0.00000046,0.00001537,0.00001342,
0.00000594,-0.00000789,-0.00000831,0.00000457,-0.00001728,-0.00000550,-0.0000140
1,0.00000357,0.00000140,-0.00001207,0.00001769,-0.00000492,0.00000010,-0.0000005
3,0.00010044,-0.00010299,-0.00023918,-0.00001161,0.00001638,0.00000478,-0.000018
29,0.00000478,-0.00000995,-0.00000626,-0.00000174,-0.00000266,-0.00000094,0.0000
0031,0.00000158,-0.00001580,0.00004368,-0.00002345,0.00004063,0.00001092,0.00004
609,0.00000887,0.00001507,-0.00001319,-0.00002766,0.00001272,-0.00000998,0.00002
543,0.00000917,0.00011345,0.00009683,0.00001478,-0.00012545,0.00000468,0.0000027
6,0.00000371,0.00000643,-0.00000922,-0.00001589,-0.00002535,0.00000714,0.0000029
6,0.00000470,0.00000760,0.00000610,-0.00001194,0.00000562,-0.00000234,0.00000126
,-0.00000002,-0.00000810,-0.00000372,0.00001374,-0.00000493,0.00000147,-0.000001
57,0.00000574,0.00000609,0.00000507,-0.00000546,0.00000119,0.00000138,-0.0000047
5,-0.00000098,0.00000434,0.00000870,0.00000250,0.00001096,-0.00000489,-0.0000024
5,-0.00001330,0.00001394,-0.00008480,-0.00025156,-0.00025139,0.00024478,0.001422
34,0.00008814,0.00607064,0.00225510,0.00333760,-0.08224330,-0.04483676,-0.087549
07,0.00062804,0.00066893,0.00063637,0.00030235,0.00029449,0.00035447,0.00004458,
0.00014442,0.00011993,0.00002981,-0.00000738,-0.00008446,-0.02711111,-0.01366208
,-0.01819961,0.00703262,0.00323499,0.00410527,0.09551786,0.05017825,0.09818528,0
.00006461,0.00005706,-0.00001198,-0.00005013,-0.00006148,0.00011878,-0.00003137,
-0.00007349,0.00006819,0.00001060,-0.00000298,0.00000291,-0.00000030,-0.00000041
,0.00000295,0.00000843,0.00000282,-0.00000205,0.00000344,0.00000021,-0.00000540,
-0.00038309,-0.00035024,0.00040372,0.00000739,-0.00000643,-0.00009346,-0.0000253
5,0.00000862,-0.00000286,-0.00001875,0.00013675,-0.00006568,-0.00005890,-0.00002
923,-0.00001094,-0.00002766,0.00002800,-0.00001140,0.00001845,-0.00000709,0.0000
0622,-0.00003989,0.00003791,0.00000630,0.00000038,-0.00000054,-0.00000459,0.0000
1923,0.00000465,0.00000010,-0.00017912,-0.00006461,0.00004905,0.00004976,-0.0000
5117,-0.00001000,0.00003795,0.00002624,0.00000417,0.00001675,0.00004158,-0.00004
366,-0.00000228,-0.00001604,-0.00000935,-0.00000958,-0.00001334,-0.00000224,-0.0
0000129,-0.00000912,-0.00000416,0.00001839,0.00000027,0.00000397,-0.00001275,-0.
00000074,-0.00001307,-0.00000227,-0.00000127,0.00001185,-0.00002315,0.00014689,-
0.00004295,0.00000796,-0.00001085,0.00001665,0.00000445,0.00000689,-0.00000509,0
.00000729,0.00001682,-0.00000082,-0.00000799,0.00001166,-0.00000073,0.00002567,0
.00003862,-0.00000311,0.00000643,0.00000116,0.00000110,-0.00000638,0.00000199,0.
00000324,0.00000934,0.00001941,-0.00000019,0.00001566,-0.00000728,0.00000271,-0.
00000289,0.00000009,-0.00001138,0.00000675,0.00001298,-0.00000248,-0.00000055,-0
.00000310,-0.00000435,-0.00000223,-0.00000095,0.00000065,-0.00001968,-0.00000938
,0.00001168,0.00003974,-0.00006691,0.00005206,-0.00008134,0.00017691,-0.00017030
,0.00001826,-0.00000414,-0.00002699,-0.00004051,-0.00000550,0.00000089,0.0000435
6,-0.00004792,-0.00006809,0.00001424,-0.00001980,-0.00004634,-0.00015928,-0.0000
0048,-0.00005093,0.00007761,0.00000304,-0.00000308,0.00001923,0.00013061,0.00043
031,0.00036748,-0.00040557,-0.00010044,0.00015738,0.00053604,-0.00047402,-0.0000
7387,-0.00042742,0.00094222,0.00040767,-0.00011060,0.00021631,-0.04438309,-0.005
55358,0.00103396,-0.00000357,-0.00027102,-0.00051433,-0.00008945,-0.00010215,0.0
0008908,-0.00012287,0.00017334,-0.00001928,0.00022629,-0.00002462,0.00003768,-0.
00000041,-0.00007201,0.00004352,0.00003697,0.00009219,-0.00004966,0.04712505,0.0
0005439,0.00012503,-0.00003998,-0.00002311,-0.00005467,0.00008874,-0.00000185,-0
.00010738,-0.00002838,0.00001761,0.00000535,0.00000032,0.00000461,-0.00000431,0.
00000105,0.00001024,0.00000341,0.00000019,0.00000349,0.00000471,-0.00001458,-0.0
0001852,-0.00063347,0.00043717,0.00001287,0.00002739,-0.00004604,0.00004971,-0.0
0001603,0.00001329,-0.00021348,0.00048732,-0.00004716,0.00000256,-0.00008817,0.0
0000423,-0.00003863,0.00001481,-0.00000514,0.00002375,-0.00003541,0.00001136,-0.
00001138,0.00006966,0.00000408,-0.00000796,0.00001334,0.00000030,0.00000080,0.00
001060,0.00000688,0.00021779,-0.00015201,0.00008958,-0.00009468,-0.00000281,0.00
001689,-0.00000033,-0.00001715,-0.00002061,-0.00000122,0.00004992,-0.00002036,0.
00000344,-0.00004209,0.00002920,-0.00000371,0.00000205,-0.00002732,-0.00001097,-
0.00001317,0.00000437,0.00001512,-0.00000559,0.00000564,-0.00001100,0.00000593,0
.00000714,-0.00001059,0.00000186,0.00000439,-0.00006169,0.00021703,0.00003880,-0
.00000245,0.00000448,0.00003569,-0.00000853,0.00001677,0.00000002,0.00000265,0.0
0000291,-0.00000352,-0.00000319,0.00000724,0.00000169,-0.00002733,0.00001455,-0.
00000563,0.00001042,0.00000889,-0.00000369,0.00000463,0.00000299,-0.00001305,0.0
0000662,0.00000522,-0.00000134,0.00001654,-0.00001393,0.00000921,0.00000919,0.00
000003,-0.00000944,0.00000275,0.00000047,0.00000273,0.00000229,-0.00000182,-0.00
000149,-0.00001080,0.00000656,0.00000311,-0.00000708,0.00002031,0.00003290,-0.00
004368,0.00004972,0.00001299,0.00005122,-0.00014316,-0.00007046,0.00000181,-0.00
001654,-0.00001029,-0.00001758,-0.00000195,-0.00000057,0.00001255,-0.00001326,0.
00000495,-0.00000259,-0.00000587,-0.00002357,-0.00002604,0.00003857,0.00003432,0
.00001586,-0.00018692,0.00003210,0.00010318,0.00021675,-0.00007018,-0.00052676,0
.00094995,-0.00076389,0.00004482,0.00052281,-0.00088053,-0.00040335,-0.00636546,
0.00513141,-0.00007572,0.00034258,0.00179511,-0.00466660,-0.26901894,0.05875499,
0.00002855,0.00053029,-0.00002954,-0.00007791,-0.00001186,-0.00030687,0.00004050
,-0.00019743,0.00006500,-0.00000220,-0.00027559,0.00018376,-0.00024497,0.0002541
2,-0.00010879,0.00031187,0.00028325,-0.00006587,0.00619092,0.30998558,-0.0000667
7,-0.00003156,-0.00000058,0.00007398,0.00014896,-0.00012944,0.00002300,0.0000745
8,-0.00003576,-0.00000277,0.00000204,0.00000100,-0.00000490,0.00000204,-0.000002
87,-0.00000916,-0.00000434,-0.00000177,-0.00000348,-0.00000061,0.00000747,0.0005
7775,0.00040360,-0.00033945,-0.00002524,-0.00003962,0.00007782,0.00001655,0.0000
0610,-0.00000535,-0.00034340,-0.00029183,0.00011527,0.00002354,-0.00000976,-0.00
000479,0.00002042,-0.00000676,0.00000062,-0.00002093,0.00000214,0.00000074,0.000
01287,-0.00001661,0.00002367,-0.00000299,0.00000328,-0.00000098,-0.00000897,-0.0
0000142,-0.00000326,0.00001032,0.00004492,-0.00004106,-0.00000631,0.00003208,0.0
0001835,-0.00000694,0.00001140,0.00006649,-0.00004140,-0.00011222,0.00004516,-0.
00000176,0.00001506,0.00000678,0.00000603,0.00000185,0.00000678,0.00000004,0.000
00764,0.00000245,-0.00000928,-0.00000535,-0.00000649,0.00001253,-0.00000036,-0.0
0000283,0.00001202,0.00000374,-0.00001131,-0.00010980,-0.00004469,0.00002999,-0.
00000228,0.00001772,-0.00007200,-0.00000094,-0.00000374,0.00000293,-0.00000306,-
0.00000915,-0.00000095,0.00000643,-0.00000705,0.00000760,-0.00001315,-0.00003655
,0.00000534,-0.00000720,0.00000123,-0.00000378,0.00000056,-0.00000312,-0.0000018
3,-0.00001085,-0.00001505,0.00000210,-0.00000136,0.00000725,-0.00000918,-0.00001
327,0.00000206,0.00000855,-0.00000739,-0.00000994,0.00000099,-0.00000244,0.00000
529,0.00000213,0.00000366,-0.00000085,-0.00000003,0.00003844,0.00001421,-0.00002
182,-0.00000460,0.00002694,-0.00006120,0.00004766,-0.00022922,0.00009994,-0.0000
2231,0.00000726,0.00001597,0.00001319,0.00000169,0.00000501,-0.00005834,0.000051
64,0.00004708,-0.00001382,-0.00003007,-0.00004528,-0.00011810,0.00009672,-0.0000
1719,-0.00003043,0.00001677,0.00005525,0.00031182,-0.00011140,-0.00017094,-0.001
04310,0.00001462,0.00242524,0.00061416,0.00072059,0.00080249,0.00057919,0.030740
14,-0.01291943,0.00011187,0.00081686,-0.00629831,0.00147719,0.05823224,-0.058187
24,-0.00045720,-0.00048462,-0.00047960,0.00017123,-0.00003845,0.00032310,-0.0000
3128,-0.00003720,-0.00005672,0.00010979,0.00167770,-0.00066973,0.00004469,-0.000
19440,-0.00002357,-0.00013064,-0.00029401,-0.00010128,-0.00127397,-0.06973377,0.
06862106,-0.00008643,-0.00001593,-0.00005436,0.00009439,0.00007348,-0.00020853,0
.00006509,0.00007359,-0.00011862,0.00000606,0.00001382,0.00002874,-0.00000271,-0
.00000247,-0.00000483,-0.00000676,-0.00000647,-0.00000030,0.00000136,0.00000197,
-0.00000044,0.00072485,-0.00008243,-0.00049650,-0.00001448,0.00003175,0.00015608
,0.00007978,0.00000844,-0.00000014,-0.00071130,-0.00035726,0.00058970,0.00003954
,-0.00004794,0.00002660,0.00004162,-0.00002474,0.00002130,-0.00000745,0.00001587
,0.00000359,0.00000470,-0.00005674,0.00001437,-0.00000664,0.00000246,0.00000304,
-0.00001606,-0.00000067,0.00000668,0.00031600,0.00011624,0.00008741,-0.00012023,
0.00012965,0.00004319,-0.00006200,0.00000418,0.00008174,-0.00005260,-0.00005730,
0.00006400,0.00000220,0.00000676,0.00002426,0.00001421,-0.00000601,0.00000105,0.
00000370,0.00001420,0.00000653,-0.00001387,-0.00000814,-0.00001309,0.00002998,0.
00000566,0.00002549,0.00000842,-0.00000541,-0.00000664,-0.00009783,0.00004081,0.
00005982,-0.00002446,-0.00000267,-0.00001638,-0.00000217,0.00000809,0.00000667,-
0.00000548,-0.00001754,-0.00000325,0.00000558,-0.00000704,0.00000348,-0.00005905
,-0.00008159,-0.00000550,-0.00000711,0.00001655,-0.00000411,0.00001060,-0.000001
90,-0.00001807,-0.00002602,-0.00003141,0.00000472,0.00000118,0.00003220,0.000010
45,-0.00000845,0.00001719,-0.00001039,-0.00001138,-0.00002438,0.00000463,0.00000
188,0.00000776,-0.00000291,0.00000065,0.00000696,-0.00000155,0.00001125,0.000030
87,-0.00001080,0.00000818,-0.00001163,-0.00003481,0.00004449,-0.00005929,0.00001
838,-0.00000703,0.00001079,0.00001060,0.00002998,-0.00001105,-0.00000117,-0.0000
1396,0.00002537,0.00000624,-0.00000107,-0.00000394,0.00000929,0.00004376,-0.0000
2045,0.00002919,-0.00000666,0.00003022,0.00000084,-0.00010682,0.00001832,-0.0000
2087,-0.00022203,-0.00031260,0.00110459,0.00027741,-0.00017810,-0.00097441,-0.00
324123,0.00177662,0.00313276,0.00018785,-0.00004775,-0.00038434,-0.20490261,0.09
114395,0.07162559,-0.00007645,0.00002165,0.00006465,-0.00007174,-0.00004672,-0.0
0019695,0.00023236,-0.00020460,-0.00056745,0.00001602,-0.00000577,-0.00027972,0.
00053056,-0.00026431,0.00007653,-0.00032820,0.00003660,0.00009394,-0.00105528,0.
00228375,0.00011996,0.23564782,0.00003329,0.00000631,0.00000243,-0.00004058,-0.0
0003298,0.00009912,-0.00004275,-0.00001331,0.00005326,0.00000342,-0.00000172,-0.
00000710,-0.00000116,0.00000197,0.00000205,0.00000227,0.00000243,-0.00000065,0.0
0000058,-0.00000271,0.00000168,-0.00057905,0.00002678,0.00013232,0.00000824,-0.0
0001939,-0.00008221,-0.00003466,0.00000722,0.00000010,0.00001201,-0.00022539,-0.
00002236,-0.00002729,0.00002914,-0.00000177,-0.00001581,0.00001265,-0.00000671,0
.00000443,-0.00000394,0.00000417,-0.00001889,0.00000488,-0.00000645,0.00000379,-
0.00000544,-0.00000276,0.00001184,-0.00000083,-0.00000291,-0.00029741,0.00002822
,0.00002798,0.00007398,-0.00005760,-0.00001450,0.00002045,0.00001676,-0.00003271
,0.00001741,0.00002000,-0.00003628,-0.00000539,-0.00000491,-0.00001375,-0.000001
96,-0.00000197,0.00000733,-0.00000283,-0.00000641,-0.00000547,0.00001124,0.00000
051,0.00000929,-0.00000886,0.00000101,-0.00001704,-0.00000121,0.00000078,0.00000
726,0.00012792,0.00000080,-0.00002059,0.00001186,-0.00000038,0.00002507,0.000004
07,-0.00000287,-0.00000262,0.00000459,0.00000971,0.00000100,-0.00000509,0.000005
84,-0.00000189,0.00003654,0.00003143,-0.00000177,-0.00000030,-0.00000467,-0.0000
0067,-0.00000954,0.,0.00001049,0.00000665,0.00001534,0.00000120,0.00000435,0.000
00073,-0.00000094,-0.00000134,-0.00000164,-0.00000051,0.00000489,0.00001087,-0.0
0000334,0.00000050,-0.00000340,-0.00000044,0.00000278,-0.00000481,-0.00000065,-0
.00001180,-0.00000741,0.00000406,0.00004260,-0.00005497,-0.00000805,0.00002994,0
.00002320,-0.00008079,0.00000341,-0.00000320,-0.00000510,-0.00002344,-0.00000163
,-0.00000047,0.00001474,-0.00001940,-0.00001792,0.00000760,0.00000820,0.00000576
,-0.00005316,-0.00001258,-0.00002758,0.00002291,0.00003650,-0.00000440,-0.000035
49,0.00001104,0.00016145,0.00025700,0.00064328,-0.00028943,0.00000705,0.00005578
,-0.00000279,-0.00023085,0.00018533,-0.00082885,-0.00020918,0.00005183,0.0005959
7,0.09061078,-0.09373635,-0.04002441,0.00015470,-0.00027043,-0.00009614,-0.00007
804,-0.00005098,0.00020036,-0.00037376,0.00037737,-0.00026599,0.00001297,-0.0000
8175,-0.00000535,-0.00005110,-0.00009543,0.00054281,-0.00008280,-0.00004241,-0.0
0000413,0.02761861,-0.01881247,-0.01061266,-0.10629969,0.10568259,0.00000934,-0.
00001673,0.00003184,-0.00007776,-0.00002123,0.00021994,-0.00008478,-0.00005182,-
0.00002117,-0.00000444,-0.00000737,-0.00000976,0.00000152,0.00000248,0.00000418,
-0.00000095,0.00000361,0.00000106,-0.00000538,-0.00000444,0.00000868,-0.00111365
,-0.00014114,-0.00059716,0.00001615,-0.00002808,-0.00012198,-0.00000221,0.000003
55,0.00000480,-0.00022938,0.00015988,0.00020204,0.00000562,0.00001441,0.00000954
,-0.00000550,-0.00000389,-0.00000162,0.00000635,-0.00000270,-0.00000062,0.000004
77,0.00000113,-0.00001838,0.00000475,-0.00000642,0.00000064,0.00000873,-0.000001
74,-0.00000268,-0.00014992,-0.00004068,-0.00002588,-0.00000243,0.00000550,0.0000
2090,0.00010492,0.00002087,-0.00006434,0.00003698,0.00003672,-0.00004203,0.00000
801,0.00000087,-0.00000671,-0.00000432,0.00000787,-0.00000902,-0.00000569,0.0000
0121,-0.00000165,-0.00000269,0.00000353,0.00000229,-0.00001250,-0.00001056,-0.00
000457,-0.00001016,0.00000995,0.00000932,0.00032392,-0.00015190,0.00007491,0.000
00116,0.00007686,0.00005757,-0.00000182,-0.00000559,-0.00000247,0.00000391,0.000
01198,0.00000305,-0.00000387,0.00000296,-0.00000374,0.00002899,0.00003772,-0.000
00991,0.00001206,-0.00000786,-0.00000303,-0.00000949,-0.00000244,0.00001066,0.00
001033,0.00001634,0.00000183,0.00000445,-0.00000984,-0.00000294,-0.00000006,-0.0
0001169,0.00000165,0.00000472,0.00001332,-0.00000079,-0.00000123,-0.00000455,0.0
0000444,-0.00000464,-0.00000281,0.00000124,-0.00001139,-0.00002794,0.00000996,-0
.00001146,0.00002646,0.00002462,-0.00002648,0.00002704,0.00005234,-0.00000387,-0
.00000170,0.00000008,-0.00001338,0.00000255,-0.00000468,0.00000150,-0.00001101,0
.00001618,0.00000029,0.00001652,0.,0.00000493,-0.00000594,-0.00001361,-0.0000070
3,-0.00002987,0.00000773,0.00006374,-0.00000682,-0.00012147,0.00366345,-0.001687
57,-0.00864941,0.00067235,-0.00003812,0.00068637,0.02385532,-0.01302765,-0.01258
797,0.00005891,-0.00037781,0.00051028,0.07100012,-0.03943612,-0.07307600,-0.0000
3801,-0.00007510,-0.00007696,0.00012022,0.00011505,0.00036036,-0.00074411,-0.000
02235,-0.00060889,-0.00010442,-0.00014453,0.00029795,-0.00020803,0.00059240,-0.0
0039633,0.00004057,0.00003143,-0.00004502,-0.00552506,0.00290946,0.00342839,-0.0
8281255,0.04642825,0.08565176,-0.00006065,0.00003607,0.00005757,-0.00005709,-0.0
0004104,0.00013122,-0.00002917,-0.00010973,-0.00014096,-0.00001941,-0.00001255,-
0.00003640,0.00000002,0.00000428,0.00000971,0.00000208,0.00000976,0.00000483,-0.
00000862,0.00000343,0.00000441,0.00094857,0.00082656,0.00095254,0.00000896,-0.00
002769,-0.00009334,0.00003984,-0.00004557,0.00003208,-0.00262394,-0.00044416,0.0
0125305,0.00004868,-0.00004693,0.00001076,0.00000482,0.00000880,-0.00001021,0.00
000456,-0.00002713,-0.00000201,0.00002740,0.00005045,-0.00000669,0.00000605,0.00
000209,-0.00000419,0.00000138,0.00000070,-0.00000069,-0.00110665,0.00000554,0.00
015652,0.00003173,0.00000792,-0.00002631,0.00006342,-0.00000774,-0.00003643,0.00
003337,0.00005130,0.00002464,0.00003335,-0.00000169,-0.00000109,0.00001387,0.000
02467,-0.00001830,-0.00000822,0.00001757,-0.00002991,-0.00002910,-0.00002375,-0.
00000042,0.00000516,-0.00003182,0.00001710,-0.00000924,0.00000696,0.00000016,0.0
0006491,-0.00021715,-0.00030161,-0.00002194,-0.00001674,-0.00001849,-0.00000575,
-0.00000827,-0.00000350,-0.00000055,0.00000991,0.00000577,-0.00000563,-0.0000022
7,0.00000420,0.00004312,0.00004895,-0.00000381,0.00001056,-0.00002648,-0.0000011
2,-0.00001008,-0.00000364,0.00001453,0.00001341,0.00001741,-0.00000464,-0.000008
04,-0.00002776,0.00000640,0.00001512,-0.00000895,0.00000435,0.00000718,0.0000183
7,-0.00000195,-0.00000013,-0.00000429,0.00000295,-0.00000473,-0.00000255,0.00000
102,-0.00000723,-0.00001291,-0.00001905,-0.00001717,0.00002816,0.00000557,-0.000
01064,0.00002665,0.00003451,-0.00000122,-0.00000798,0.00000221,0.00000616,0.0000
1219,0.00000489,-0.00000570,-0.00000493,0.00001530,-0.00001019,0.00000315,0.0000
0367,0.00002730,0.00001640,0.00000204,-0.00002659,-0.00000564,-0.00000661,0.0000
3483,-0.00009937,-0.00008041,-0.00004417,-0.00026806,0.00011944,0.00051218,-0.00
000262,-0.00088748,-0.00132453,-0.00087430,-0.00414322,0.00012309,0.00018154,0.0
0054902,-0.20750120,-0.08580020,-0.07738554,0.00003862,0.00027090,0.00005230,-0.
00000236,-0.00011062,-0.00002598,0.00030825,-0.00010024,0.00008327,0.00001097,-0
.00005897,0.00030955,-0.00028277,0.00001489,-0.00009166,0.00052985,0.00016178,-0
.00004651,-0.00195714,-0.00290059,-0.00052905,-0.02710589,-0.01064597,-0.0088394
5,0.23928693,-0.00010877,-0.00006155,-0.00003747,0.00001503,0.00001381,-0.000112
24,0.00001542,0.00006152,-0.00013182,-0.00000766,0.00000847,-0.00000562,-0.00000
274,0.00000459,-0.00000260,-0.00001322,-0.00000068,0.00000286,-0.00000453,-0.000
00043,0.00001238,0.00022653,-0.00002737,-0.00117960,0.00000483,0.00002295,0.0001
0281,0.00005255,0.00000884,0.00000420,-0.00044509,-0.00026968,0.00106510,0.00007
519,0.00003212,0.00004789,0.00004247,-0.00003858,0.00002222,-0.00001570,0.000004
92,0.00000225,0.00002020,-0.00010009,-0.00001206,0.00000107,-0.00000651,0.000002
16,-0.00001885,-0.00000671,-0.00000300,0.00016533,0.00026811,-0.00015354,-0.0001
3751,0.00011441,0.00005256,-0.00004293,-0.00001889,-0.00000412,0.00001494,0.0000
0183,0.00006238,0.00000973,0.00001333,0.00002434,0.00002204,0.00001614,0.0000049
7,-0.00001243,0.00001115,-0.00000135,-0.00001977,-0.00000459,0.00000222,0.000020
73,0.00000164,0.00001531,0.00000070,0.00000042,-0.00000611,0.00005735,-0.0001493
3,-0.00000950,0.00000294,0.00001292,0.00001354,-0.00000178,-0.00001377,0.0000053
4,-0.00000899,-0.00001683,0.00000300,0.00000507,-0.00000810,-0.00000168,-0.00001
515,-0.00005438,-0.00000879,-0.00001072,0.00000119,-0.00000241,0.00000589,-0.000
00363,-0.00000328,-0.00001670,-0.00002367,0.00000284,-0.00002804,0.00002788,0.00
000626,0.00000086,0.00000594,0.00000682,-0.00000880,-0.00001437,0.00000287,0.000
00153,0.00000299,0.00000481,0.00000595,-0.00000143,-0.00000260,0.00000577,0.0000
0335,-0.00001894,-0.00000702,0.00000351,-0.00002041,0.00004436,0.00000899,0.0000
4846,-0.00000762,0.00001381,0.00001764,0.00003954,-0.00000265,0.00000234,-0.0000
1309,0.00002120,0.00002447,-0.00000210,0.00002497,0.00004808,0.00011691,-0.00005
894,0.00003159,-0.00002040,0.00009050,-0.00001831,-0.00018051,-0.00011527,-0.000
10813,-0.00014037,-0.00015644,0.00017806,0.00005361,0.00044293,0.00000425,0.0008
6604,0.00056860,-0.00141804,0.00055905,0.00050021,0.00073879,-0.08604170,-0.0896
1852,-0.04025720,0.00008130,0.00018943,0.00011155,-0.00001257,0.00025525,0.00003
772,0.00006270,-0.00007708,0.00000636,-0.00004895,-0.00015049,-0.00000259,0.0000
9918,-0.00005364,0.00001081,-0.00007236,-0.00015791,0.00057314,-0.02769081,-0.01
806493,-0.01079400,0.01229817,0.00627487,0.00484607,0.10016393,0.10024368,-0.000
21889,0.00004157,-0.00013751,-0.00000235,-0.00005899,-0.00023176,0.00004820,-0.0
0009224,-0.00015970,0.00001173,0.00001489,0.00001347,-0.00001125,0.00000548,-0.0
0000493,-0.00000996,-0.00000164,0.00000140,-0.00000165,-0.00000045,0.00000647,-0
.00033851,-0.00209957,-0.00235344,0.00003020,0.00008966,0.00021785,0.00010736,0.
00001934,-0.00000106,0.00106219,0.00110969,0.00089099,0.00005329,-0.00010673,0.0
0003648,0.00002521,-0.00000415,0.00000181,-0.00003039,-0.00001396,0.00000504,0.0
0000437,-0.00004003,0.00002874,-0.00001792,0.00001833,-0.00001180,-0.00002526,0.
00000367,-0.00000805,0.00099860,0.00008486,0.00002243,-0.00033034,0.00019562,0.0
0015018,-0.00011192,0.00002203,0.00009395,0.00002876,0.00005519,0.00010153,0.000
00986,0.00001260,0.00005104,0.00001726,0.00000305,0.00000226,-0.00002224,0.00001
799,0.00000478,-0.00001561,-0.00000909,-0.00001077,0.00002862,0.00000610,0.00003
555,0.00000470,-0.00000181,-0.00000341,-0.00008915,0.00038178,0.00020147,0.00000
941,0.00004007,0.00002560,-0.00001238,0.00000014,0.00000383,-0.00000237,-0.00000
952,-0.00000260,0.00000612,0.00000182,0.00000120,-0.00004227,-0.00004172,-0.0000
0857,0.00001769,0.00002263,-0.00002795,0.00000273,0.00000581,-0.00001931,-0.0000
3389,-0.00001994,0.00001120,0.00004384,0.00003828,0.00004517,0.00000485,0.000017
48,-0.00004628,-0.00000913,-0.00001916,0.00000590,0.00000122,0.00000153,-0.00000
439,-0.00001035,0.00000458,0.00000290,0.00002720,0.00002952,0.00001035,-0.000045
12,0.00000198,-0.00001659,0.00002416,-0.00000339,0.00003568,-0.00001679,0.000033
19,0.00000615,0.00003350,-0.00001124,0.00001793,-0.00000495,0.00002950,0.0000078
5,0.00000664,0.00001626,0.00001170,0.00001747,0.00000107,0.00003706,0.00001270,0
.00005257,-0.00002515,-0.00004624,-0.00010704,-0.00007416,0.00012369,0.00054141,
0.00184730,-0.00033704,0.00028371,-0.00660430,-0.02616361,-0.01260638,-0.0165653
8,-0.00028580,-0.00104589,0.00099591,-0.07661888,-0.04008000,-0.07796981,0.00022
343,0.00027960,-0.00000955,-0.00147481,-0.00072286,-0.00086004,0.00027872,0.0000
4076,0.00000260,0.00005962,-0.00019497,0.00034783,0.00003314,0.00000960,-0.00005
373,0.00024444,0.00077475,-0.00038676,0.00512413,0.00257899,0.00347024,0.0086825
8,0.00423673,0.00481419,0.08892148,0.04616695,0.09203099\\0.00000184,-0.00000340
,-0.00000006,-0.00000237,-0.00000347,-0.00000360,0.00000293,0.00000221,0.0000017
6,0.00000160,0.00000677,0.00000793,0.00000063,0.00000127,-0.00000079,0.00000024,
0.00000095,0.00000006,0.00000022,-0.00000374,0.00000273,-0.00001640,-0.00000403,
-0.00000455,-0.00000001,0.00000060,0.00000257,-0.00000720,-0.00000336,-0.0000014
2,-0.00000842,0.00000606,0.00000595,-0.00000069,0.00000039,-0.00000043,-0.000000
56,-0.00000344,0.00000154,-0.00000033,0.00000255,0.00000184,0.00000003,-0.000000
31,0.00000102,-0.00000144,0.00000089,-0.00000125,-0.00000118,-0.00000016,-0.0000
0062,0.00001068,0.00000113,0.00000273,0.00001394,-0.00000127,0.00000082,-0.00000
079,0.00000204,0.00000113,0.00000032,0.00000280,0.,-0.00000268,-0.00000175,0.000
00196,-0.00000253,0.00000089,-0.00000151,0.00000170,-0.00000096,0.00000175,-0.00
000201,0.00000310,-0.00000227,0.00000399,0.00000445,-0.00000259,-0.00000029,-0.0
0000047,-0.00000010,0.00000869,-0.00000363,-0.00000698,0.00000107,-0.00000071,-0
.00000041,0.00000324,-0.00000071,-0.00000140,-0.00000189,-0.00000379,-0.00000164
,-0.00000322,-0.00000149,0.00000076,-0.00000428,0.00000232,-0.00000820,-0.000002
00,-0.00000109,-0.00000552,0.00000189,0.00000089,0.00000294,0.00000198,0.0000015
6,0.00000043,-0.00000135,-0.00000019,0.00000329,0.00000152,-0.00000044,0.0000019
6,-0.00000045,-0.00000080,0.00000023,-0.00000157,-0.00000035,-0.00000145,0.00000
061,-0.00000069,-0.00000021,0.00000192,-0.00000145,0.00000083,0.00000317,-0.0000
0105,-0.00000277,-0.00000498,-0.00000154,0.00000370,-0.00000111,-0.00000023,0.00
000054,0.00000060,-0.00000130,-0.00000050,-0.00000077,0.00000030,-0.00000034,-0.
00000021,-0.00000083,0.00000025,0.00000187,0.00000070,0.00000068,0.00000192,0.00
000240,-0.00000163,-0.00000066,0.00000047,0.00000003,0.00000206,0.00000305,0.000
00140,-0.00000058,-0.00000105,0.00000165,0.00000167,0.00000091,-0.00000339,-0.00
000287,-0.00000500,-0.00000083,-0.00000103,0.00000658,0.00000230,0.00000096,0.00
000060,-0.00000126,0.00000007,-0.00000031,-0.00000025,-0.00000059,0.00000090,0.0
0000014,-0.00000009,-0.00000022,0.00000102,-0.00000064,0.00000054,-0.00000031,0.
00000316,0.00000157,0.00000159,-0.00000038,-0.00000221,0.00000055,0.00000301,-0.
00000168,-0.00000069,-0.00000197,-0.00000178,-0.00000113\\\@
