1\1\GINC-ECHO\Freq\External='./xtb.sh'\ZDO\C27H34Fe1N2O4Pd1\ECHO\14-Oct-2024\0\\
#p freq external='./xtb.sh'\\Generate automatically by rxnb\\0,1\Fe,2.61882,-0.5
8174,0.03079\C,-2.09687,0.30922,1.22039\Pd,0.02699,-0.81086,-0.25504\C,1.78214,-
3.16311,-0.28645\H,5.15706,-0.27871,0.68336\H,3.85038,-2.33944,1.64323\H,1.37909
,-1.49776,2.35304\C,0.13269,2.0801,-0.38256\O,-2.89994,0.68664,2.05349\C,2.31695
,-2.08101,-1.13733\O,1.38429,1.95103,-0.3904\C,2.46488,0.04385,-1.81851\C,3.7552
9,-0.38454,-1.52224\C,3.67288,-1.7201,-1.08853\H,2.24208,1.05513,-2.06486\H,4.61
012,0.24781,-1.48165\H,4.4658,-2.30432,-0.68383\H,1.45882,0.28707,-0.08994\C,1.5
126,-1.00314,-1.60494\C,-2.03176,0.99819,-0.18441\O,-1.23938,-0.61829,1.38786\C,
2.16386,-0.92816,1.91171\C,3.45994,-1.34945,1.58801\C,4.17947,-0.243,1.10024\C,3
.32643,0.86223,1.105\C,2.08463,0.45357,1.63834\H,1.25425,1.0846,1.86651\N,-0.630
16,1.03651,-0.52273\H,-2.47097,1.99914,-0.1233\H,2.35092,-3.0918,0.63752\H,1.898
07,-4.17071,-0.71263\H,3.50352,1.77933,0.59637\N,0.37462,-2.87427,-0.00392\C,-0.
05599,-3.48533,1.24862\C,-0.46686,-3.38908,-1.08601\H,-0.19492,-4.56859,1.13741\
H,0.68911,-3.32131,2.02386\H,-0.99367,-3.03399,1.57324\H,-0.41634,-4.48798,-1.13
14\H,-1.50879,-3.10331,-0.9169\H,-0.12895,-2.98696,-2.04202\C,-2.77581,0.13839,-
1.23193\C,-4.10644,-0.31451,-0.71224\C,-4.21486,-1.50701,-0.00876\C,-5.42804,-1.
913,0.51401\C,-6.5545,-1.12919,0.33519\C,-6.45776,0.06185,-0.36323\C,-5.24146,0.
46671,-0.88191\H,-2.89079,0.72209,-2.14905\H,-2.13123,-0.73923,-1.45632\H,-3.334
55,-2.11845,0.14926\H,-5.49562,-2.83956,1.06654\H,-7.50372,-1.4427,0.74498\H,-7.
33308,0.68086,-0.49912\H,-5.16779,1.40167,-1.41931\O,-0.47935,3.27227,-0.247\C,-
0.74343,5.5674,0.13089\C,0.30014,4.45739,-0.00407\C,1.0928,4.3117,1.29705\C,1.23
366,4.73918,-1.18307\H,-1.32243,5.64555,-0.78542\H,-1.42246,5.33703,0.94735\H,-0
.25564,6.51767,0.32752\H,0.41996,4.04396,2.10899\H,1.58069,5.25201,1.53801\H,1.8
4406,3.53407,1.18848\H,0.65772,4.81476,-2.10262\H,1.76276,5.67349,-1.01743\H,1.9
518,3.92944,-1.28299\\Version=ES64L-G16RevC.01\HF=-105.1239235\RMSD=0.000e+00\RM
SF=3.773e-06\ZeroPoint=0.5526645\Thermal=0.5868518\ETot=-104.5370718\HTot=-104.5
361276\GTot=-104.6361193\Dipole=0.,0.,0.\PG=C01 [X(C27H34Fe1N2O4Pd1)]\NImag=1\\0
.52681966,-0.02196167,0.45503586,0.06963230,0.10322448,0.76427826,0.00103128,0.0
0036082,-0.00066592,0.60827555,-0.00027419,-0.00112550,0.00054214,-0.27899211,0.
44742730,-0.00210739,0.00151124,0.00016696,-0.23421256,0.05802298,0.54032957,-0.
10226848,0.00725582,-0.01340538,-0.00650987,0.00698849,-0.00103730,0.25506875,-0
.01623451,0.00386059,-0.00309462,0.00667369,-0.00217260,-0.00903783,-0.04695861,
0.20532597,-0.00170373,-0.00220373,-0.00973975,0.00572548,-0.01117936,0.01008037
,-0.06694591,-0.00497607,0.17361606,-0.00323126,0.00771557,0.00262371,-0.0008244
2,0.00074193,0.00038399,-0.00055527,0.00258204,0.00053456,0.46236020,0.00121033,
-0.00477962,0.00819704,0.00069715,-0.00065372,-0.00003478,0.00682594,-0.00276851
,-0.00153957,0.02324192,0.49853473,-0.00066724,-0.00464416,-0.00449562,0.0001188
4,0.00000622,-0.00021710,0.00079405,-0.00081221,0.00072875,0.03660418,-0.0032108
7,0.51478601,-0.00148954,-0.00074907,0.00214552,0.00012219,-0.00007403,0.0000640
2,0.00104649,0.00029742,0.00020981,0.00036663,0.00065274,0.00001439,0.32094921,-
0.00058193,-0.00335856,0.00055536,-0.00006768,-0.00001375,0.00004851,0.00027814,
-0.00011404,0.00006576,-0.00002492,0.00025250,-0.00001814,-0.01162145,0.04356348
,-0.00296198,-0.00085909,-0.00094288,-0.00028134,0.00022930,0.00007901,0.0008928
6,0.00007289,-0.00032845,0.00028764,0.00035943,-0.00007332,-0.12715221,0.0002399
6,0.08059502,-0.00183895,0.00101781,0.00239707,0.00004934,0.00006535,0.00000099,
-0.00035018,0.00064866,-0.00025329,-0.00052888,0.00016256,-0.00113087,-0.0000962
2,-0.00031958,-0.00059595,0.08788928,-0.00118732,0.00085103,-0.00245768,-0.00010
021,0.00002196,0.00006272,-0.00017016,-0.00032510,0.00007246,-0.00100805,-0.0007
5186,-0.00099799,-0.00041844,-0.00007805,0.00005652,-0.10980218,0.32523545,0.000
16138,0.00306786,0.00018171,-0.00009016,0.00001025,0.00010939,0.00068258,0.00012
605,0.00005709,-0.00030658,0.00063007,-0.00076674,-0.00044293,0.00017341,-0.0008
2412,0.00114833,-0.01727205,0.02605109,0.00104697,0.00295741,-0.00225754,-0.0006
0823,0.00070898,-0.00032839,0.00087321,-0.00034223,-0.00011803,0.00022313,-0.000
37179,0.00028681,-0.00018078,-0.00088727,0.00078157,-0.00009386,0.00013615,-0.00
036731,0.21685242,0.00165546,-0.00015993,-0.00180161,0.00079802,-0.00038470,0.00
033100,0.00051452,0.00093553,0.00211629,-0.00009871,-0.00037485,-0.00028197,0.00
038141,0.00031770,0.00003264,0.00013747,0.00021201,-0.00006024,0.13036610,0.1397
8725,0.00308933,0.00384479,0.00310398,-0.00069284,0.00046590,0.00014426,-0.00288
917,0.00196266,-0.00445851,0.00041424,0.00023035,-0.00034290,-0.00027384,0.00003
758,0.00049585,-0.00010847,-0.00013539,-0.00100491,-0.10533802,-0.07597421,0.078
11485,0.00190207,-0.01006760,0.00170643,0.00552509,-0.00854124,0.00903592,0.0050
4079,-0.00697807,-0.00066078,0.00164965,0.00015468,-0.00001912,-0.00010119,-0.00
010175,-0.00008122,0.00001818,-0.00053049,-0.00067009,0.00017161,-0.00033982,0.0
0026973,0.79685485,-0.00894474,0.00274215,0.00067027,-0.00163573,0.00298413,0.00
872815,-0.00378790,-0.00982369,0.00014971,0.00095597,-0.00052302,-0.00005595,-0.
00005531,0.00018555,0.00017288,-0.00012312,-0.00005110,-0.00004553,-0.00014475,-
0.00029760,0.00022768,0.08612264,0.61606357,0.00016022,-0.00062723,-0.00069677,0
.00568580,0.00003534,0.00285847,0.00092220,-0.00170089,-0.00197695,0.00011985,0.
00005595,-0.00006927,0.00008269,-0.00004325,0.00001335,0.00011165,-0.00007028,-0
.00000103,-0.00003477,0.00016004,-0.00007515,0.01016362,0.05383225,0.16828492,-0
.00043934,0.00007154,0.00019853,-0.31270432,0.11478002,0.26392817,0.00070932,0.0
0264804,-0.00231139,0.00042815,-0.00026657,-0.00011811,-0.00004604,0.00001901,0.
00013894,-0.00000055,0.00006834,0.00007582,0.00028987,-0.00028935,0.00034713,0.0
0056432,0.00424206,0.00052791,0.36172011,0.00083201,0.00027894,-0.00027123,0.114
32201,-0.11722478,-0.11810814,0.00077560,-0.00088184,0.00338405,-0.00020601,0.00
020259,0.00000691,-0.00000019,0.00000080,-0.00008213,-0.00003060,0.00002746,-0.0
0002549,-0.00018959,0.00010937,-0.00022122,0.00156112,-0.00346677,-0.00096185,-0
.16958143,0.12514935,0.00162134,-0.00063523,0.00010290,0.26353400,-0.11725018,-0
.34845503,0.00163459,0.00121071,-0.00275273,-0.00026155,0.00026078,0.00007568,-0
.00004941,-0.00002092,-0.00008863,-0.00002689,-0.00000945,-0.00006981,-0.0000267
5,-0.00002811,-0.00026255,-0.00456415,-0.00752335,-0.00357594,-0.32603734,0.1350
0817,0.39633540,-0.00402029,-0.02068543,-0.00780518,0.00014831,0.00010932,-0.000
31516,-0.00841665,0.01103156,-0.00154875,-0.07953019,-0.04480649,0.03424556,0.00
012861,-0.00026451,-0.00022035,0.00002908,0.00001671,0.00025150,-0.00081889,-0.0
0012470,-0.00092162,0.00089475,0.00116413,0.00032819,0.00014088,-0.00040294,-0.0
0033316,0.57223279,-0.02265610,-0.09309603,-0.06032077,0.00031508,-0.00022019,0.
00010074,0.00436138,-0.00230537,-0.00422421,-0.04752711,-0.15849020,0.09339911,0
.00040456,-0.00005974,0.00058265,0.00035386,-0.00064316,0.00003676,-0.00018423,0
.00014680,0.00051606,0.00002284,-0.00104733,-0.00014145,-0.00019254,0.00008725,0
.00011729,0.08164530,0.59914700,-0.01041290,-0.04853882,-0.06283821,-0.00084980,
0.00098002,0.00002161,0.00212683,-0.00540021,-0.00091633,0.03371804,0.08383674,-
0.11251904,0.00034120,0.00012765,0.00039814,0.00007032,0.00031020,0.00037596,-0.
00014670,-0.00010345,-0.00004263,0.00255605,0.00132642,0.00021349,0.00026202,-0.
00045925,-0.00039078,-0.00142100,-0.16127784,0.27994420,0.00230630,0.00006956,-0
.00133899,-0.00714976,0.00911085,-0.01196979,-0.00464883,0.00423604,0.00170155,-
0.00138937,-0.00055282,-0.00011491,0.00047831,0.00006402,0.00032686,0.00019301,0
.00025274,0.00075516,-0.00031782,0.00018431,0.00017960,-0.46330771,0.02600894,0.
00451463,-0.00118164,-0.00101420,0.00666656,-0.00104480,-0.00027494,-0.00214485,
0.62069823,0.00635552,-0.01398620,0.00030920,0.00434548,-0.00522154,0.00247485,-
0.00280880,-0.01163335,0.00003057,0.00081358,0.00091907,0.00005049,-0.00054804,-
0.00014133,-0.00034421,-0.00015821,0.00026732,-0.00066823,0.00031302,0.00003370,
-0.00038417,-0.00075428,-0.07716685,-0.00416227,-0.00072705,0.00157434,-0.000661
14,-0.00027896,0.00165069,0.00149618,-0.02041349,0.12561637,-0.00299308,0.002337
41,-0.00756329,-0.00278330,0.00060944,-0.00121254,-0.00014853,0.00124571,-0.0017
7023,-0.00002057,-0.00013509,0.00012370,0.00001327,0.00011807,0.00005423,-0.0000
8963,0.00016853,0.00033654,-0.00002572,-0.00001560,0.00023684,0.00537963,-0.0029
4470,-0.05876367,-0.00013248,0.00007018,0.00149718,-0.00042568,-0.00054713,0.000
11387,-0.00248024,0.00919786,0.06395915,-0.00060664,0.00569510,-0.02179899,0.000
16185,-0.00014662,0.00014182,-0.00331121,-0.00897234,0.00237597,-0.00122602,0.00
088950,0.00047493,-0.00018667,0.00012172,-0.00056093,-0.00020981,-0.00040404,-0.
00002103,0.00015909,0.00008106,0.00047074,-0.00097187,0.00053638,-0.00011043,-0.
00026000,-0.00025113,-0.00034607,0.01283161,-0.00489805,0.01055514,-0.00142677,0
.00240183,0.00709285,0.54115768,0.00532546,-0.04059541,0.02893615,-0.00043532,0.
00047476,0.00004595,-0.00140985,0.00234110,0.00026803,0.00431927,-0.00192469,0.0
0540071,-0.00020481,-0.00014209,-0.00027006,-0.00048593,0.00000320,-0.00094963,0
.00016616,-0.00008074,-0.00011777,-0.00154138,0.00036929,-0.00049029,0.00018987,
-0.00030447,-0.00034433,0.00077969,-0.04462926,0.02522892,0.00662383,-0.00787363
,-0.00622764,-0.06913128,0.69662356,-0.00233936,0.03276167,-0.11432208,-0.000179
08,0.00034764,0.00036245,0.00195283,0.00163803,-0.00060716,-0.00099429,0.0000648
4,0.00148679,0.00050670,0.00016522,0.00036540,-0.00001132,-0.00033170,0.00030354
,-0.00000954,-0.00006799,0.00081931,-0.00558064,-0.00001713,-0.00069251,0.000221
45,-0.00027442,-0.00044302,0.00747654,0.00636509,-0.00006137,0.00861323,-0.00900
142,-0.00685318,0.07130848,-0.18917621,0.23199169,-0.04969934,-0.01477103,0.0594
3127,0.00079513,-0.00108861,0.00055560,0.00009229,-0.00092322,0.00082814,-0.0040
4251,0.00108850,-0.00102894,-0.00119969,-0.00003589,-0.00263634,-0.00010166,0.00
021836,-0.00065188,0.00002862,0.00015935,-0.00029016,-0.00141526,0.00003181,0.00
042220,-0.00043174,0.00034075,-0.00010127,-0.00722350,-0.02686754,0.00908081,0.0
0172120,-0.00161145,-0.00035495,-0.30557671,0.09717158,-0.08300125,0.72460579,-0
.01332386,-0.01228681,0.00124556,0.00001029,0.00000266,0.00003415,-0.00011781,-0
.00192251,-0.00065381,-0.00184125,0.00158319,0.00272859,-0.00024711,0.00058422,-
0.00103967,-0.00041124,-0.00021956,0.00017768,0.00002878,-0.00029223,-0.00071618
,-0.00015110,0.00033825,-0.00011759,0.00000862,0.00008133,-0.00001436,-0.0458079
1,-0.02196515,0.01331613,0.00009412,-0.00051817,-0.00065572,0.05918149,-0.097710
94,0.03705085,0.12809342,0.58438134,0.05307227,0.00100102,-0.08539917,0.00008282
,-0.00030242,0.00032578,0.00005475,-0.00070384,0.00023164,-0.00119294,0.00016788
,0.00031423,0.00002089,-0.00012122,-0.00189159,0.00045188,-0.00000527,0.00066045
,-0.00098680,-0.00001781,-0.00085630,-0.00080573,-0.00037876,0.00003904,-0.00014
605,0.00015842,-0.00007792,0.00315023,0.00212360,0.00115481,0.00082886,0.0013960
8,-0.00162338,-0.04148055,0.02873196,-0.04829186,0.01961349,-0.12902913,0.212246
54,-0.04697161,0.04380456,0.04421903,0.00055509,-0.00065589,0.00028588,-0.001030
91,0.00342663,0.00001988,-0.01259575,-0.00566444,0.00112054,-0.00086001,-0.00117
488,-0.00112783,0.00008580,0.00057174,-0.00140117,0.00014339,0.00004288,-0.00024
794,0.00031443,0.00006842,-0.00003135,-0.00026832,0.00015019,-0.00006774,-0.3009
6352,-0.08774871,-0.01660022,0.00038045,0.00034373,0.00033509,0.00228341,0.02487
037,-0.01062904,-0.07159094,0.00191866,-0.00875368,0.68125891,0.04629306,-0.0537
2208,-0.05047635,0.00002734,-0.00021263,0.00024581,0.00065210,-0.00097598,0.0017
0894,-0.02479541,-0.00551066,0.00232673,0.00014523,0.00013546,-0.00009408,0.0002
3368,-0.00027199,0.00116370,-0.00001399,0.00016298,0.00081732,-0.00065564,-0.000
04422,-0.00004211,-0.00011010,0.00001672,-0.00009617,-0.04009713,-0.07960048,0.0
1610357,0.00060376,-0.00020624,-0.00016854,0.03750930,-0.03017903,0.00237868,-0.
03703934,-0.29795862,0.09948790,-0.10904048,0.60257706,0.03758696,-0.03889817,-0
.06511362,0.00006311,-0.00011687,0.00028890,0.00042461,0.00253184,-0.00105683,0.
01074654,0.00123703,-0.00269889,0.00011786,-0.00080446,-0.00066729,0.00050229,-0
.00051132,-0.00111737,-0.00016412,0.00008683,0.00069052,-0.00062993,0.00029088,0
.00007646,-0.00002466,0.00007316,-0.00010564,-0.01015015,0.01201892,-0.03351737,
0.00011085,-0.00107422,0.00201253,-0.02649638,0.01985185,-0.00065433,0.00502045,
0.07649817,-0.05362689,0.07928685,-0.14670886,0.22426301,-0.00290253,-0.00111684
,0.00138209,0.00022065,-0.00030674,0.00030781,0.00009559,-0.00131183,0.00066036,
0.00073156,-0.00080754,0.00054563,0.00013336,0.00022254,-0.00000811,-0.00007840,
-0.00023416,0.00021684,-0.00006260,-0.00009940,-0.00011055,-0.00237091,0.0008729
8,0.00154483,0.00002666,0.00011090,-0.00015844,-0.00196480,-0.00338400,0.0016863
7,-0.00062625,0.00317171,0.00196257,-0.04972824,0.05807592,-0.01760117,-0.006222
65,0.02505171,-0.00732293,-0.00436430,0.00227252,-0.00274465,0.06155017,-0.00047
487,-0.00142859,-0.00261168,-0.00020771,0.00023510,-0.00012163,-0.00169494,-0.00
018221,0.00183342,0.00079260,-0.00045177,0.00071056,-0.00005970,-0.00004418,-0.0
0006983,-0.00009536,-0.00000984,-0.00025708,-0.00002720,-0.00005086,-0.00012304,
0.00215844,0.00120016,-0.00038708,0.00007595,-0.00005693,0.00002493,-0.00113226,
-0.00412423,0.00281543,0.00138390,-0.00371475,-0.00362475,0.05999467,-0.31103203
,0.07269366,0.00263297,-0.00679851,0.00207952,0.00101712,-0.00158868,0.00160427,
-0.06792113,0.34100619,0.00006641,0.00476679,0.00256828,-0.00028608,0.00040291,-
0.00035945,0.00051561,0.00103681,-0.00050632,-0.00024753,-0.00073679,0.00054922,
0.00037923,0.00000595,0.00024699,-0.00003655,-0.00025852,0.00014941,-0.00010981,
-0.00030660,0.00018115,0.00443518,-0.00081653,-0.00051134,0.00001367,-0.00011346
,0.00019869,-0.00027469,-0.00074420,0.00139785,0.00114139,-0.00361129,-0.0032384
9,-0.01904993,0.07322343,-0.04005523,-0.00112671,0.00196901,-0.00149869,-0.00040
910,-0.00026792,0.00230991,0.01525821,-0.07627959,0.04349549,-0.00178919,-0.0012
9636,-0.00396655,0.00034239,-0.00035948,0.00006089,0.00030083,-0.00041433,-0.000
16717,0.00032655,0.00049625,-0.00005729,0.00038718,0.00001420,-0.00087303,-0.000
02458,0.00019067,-0.00029592,0.00010830,0.00013373,-0.00012158,-0.00068539,-0.00
042387,0.00004207,-0.00011695,0.00012263,0.00005620,-0.00118122,0.00037098,-0.00
046723,0.00084743,-0.00028164,-0.00010321,-0.01984409,-0.01339555,0.00001569,-0.
23172835,-0.14639359,-0.01077066,0.00208123,0.00054455,0.00093165,-0.00041591,0.
00016613,-0.00001065,0.25605733,0.00194158,-0.00247731,-0.00052158,0.00000881,-0
.00003599,-0.00004971,-0.00004425,-0.00013737,0.00003052,-0.00120063,0.00031445,
0.00010867,0.00054534,0.00051024,0.00106125,-0.00018094,-0.00010943,0.00000339,0
.00012676,-0.00016326,-0.00005152,0.00013349,0.00015161,-0.00000714,-0.00000879,
0.00000708,0.00003752,-0.00221361,-0.00497822,0.00334687,-0.00015069,-0.00020585
,-0.00000584,0.00710428,0.00612082,-0.00049690,-0.14581492,-0.14459342,-0.003136
29,-0.02086070,-0.01272639,-0.00161473,0.00039522,0.00061198,0.00002462,0.159058
66,0.15831224,0.00297594,0.00385780,0.00134061,0.00012197,-0.00019660,0.00009666
,-0.00064148,-0.00078124,-0.00071917,-0.00015941,-0.00026765,0.00038879,-0.00091
801,0.00112008,-0.00264757,0.00020196,-0.00017951,0.00030071,-0.00027090,-0.0001
4320,0.00026269,-0.00003655,-0.00015838,0.00000847,-0.00007566,0.00010986,0.0000
3892,-0.00157999,0.00076126,0.00124095,-0.00042720,0.00057136,-0.00007543,-0.005
54780,-0.00704058,-0.00075102,-0.01118369,-0.00293353,-0.02329291,0.00469883,0.0
0302088,-0.00261233,0.00016156,-0.00015607,-0.00126452,0.01565629,0.00139080,0.0
2637977,-0.00147145,-0.00227537,-0.00318092,0.00027652,-0.00025066,-0.00004755,-
0.00022688,0.00107215,-0.00044281,0.00042341,0.00078444,-0.00050355,0.00003186,-
0.00036427,-0.00038817,0.00027961,-0.00016811,0.00094485,0.00006859,0.00004065,-
0.00027366,-0.00030693,-0.00030463,-0.00006030,-0.00007330,0.00006814,0.00008224
,-0.01721889,0.01364931,-0.00842105,0.00045188,-0.00039628,0.00011419,-0.0009579
7,-0.00118914,-0.00001744,0.00427947,-0.00130237,0.00189809,-0.20395154,0.122234
89,-0.08773872,0.00028884,-0.00031191,0.00028447,0.00010532,0.00022383,0.0005208
0,0.22373981,-0.00001053,-0.00043249,0.00272453,0.00001745,-0.00003805,0.0000611
4,-0.00080508,0.00021926,-0.00007632,-0.00041293,-0.00038047,-0.00059859,-0.0006
4967,-0.00134308,-0.00078600,0.00022304,0.00059033,0.00012386,-0.00028795,0.0000
3215,0.00014391,-0.00020588,-0.00002510,0.00008989,-0.00000226,0.00003556,-0.000
01986,-0.00573458,0.00639708,-0.00420695,-0.00012158,0.00051540,-0.00034600,0.00
110500,-0.00486264,0.00162581,0.01830489,-0.01187994,0.00693751,0.12181901,-0.12
569941,0.06776899,0.00096833,-0.00005622,-0.00003940,0.00013767,-0.00048676,-0.0
0014452,-0.13201280,0.13900819,0.00350337,-0.00119046,0.00063419,0.00010723,-0.0
0012662,-0.00000490,-0.00075331,0.00035269,-0.00078835,0.00020786,-0.00125358,-0
.00040358,-0.00013725,-0.00084859,0.00008916,0.00074852,0.00021598,-0.00221544,-
0.00009055,-0.00009096,0.00018332,0.00063988,-0.00021371,-0.00003982,-0.00005485
,0.00009099,0.00006220,-0.00249538,0.00215463,-0.00353337,-0.00065742,0.00082837
,0.00008889,-0.00249864,0.00405505,0.00111270,-0.00868896,0.00363964,-0.00563443
,-0.08593126,0.06789524,-0.06491591,-0.00076536,0.00036001,0.00032535,0.00052212
,-0.00021587,-0.00070559,0.09671514,-0.07521143,0.07473528,-0.08414849,0.0480590
2,-0.00744354,-0.00184276,0.00064603,0.00325355,0.02319499,0.01226418,0.00107624
,0.00121148,-0.00064046,-0.00024932,-0.00010326,0.00004604,0.00036314,-0.0001201
5,-0.00018662,-0.00032300,0.00038174,-0.00029831,0.00044639,0.00389447,0.0143634
6,-0.00017689,0.00064562,-0.00041488,-0.00167888,0.00195902,0.00174501,0.0039407
7,-0.00664310,-0.00322326,0.00195070,-0.00373150,-0.00025314,-0.00105360,-0.0046
4804,0.00189431,-0.00033654,-0.00192988,-0.00100047,-0.00305106,0.00081226,-0.00
070232,0.00012039,-0.00056518,-0.00018239,-0.00067959,-0.00049509,-0.00026311,-0
.00015638,0.09184392,0.05989002,-0.04535928,0.00894875,-0.00384287,0.00536613,-0
.00282844,-0.00572054,0.00927737,-0.00009383,0.00008392,0.00011968,0.00021742,0.
00031697,0.00002949,0.00019909,-0.00015818,-0.00046388,-0.00048139,-0.00032893,-
0.00012617,-0.00009173,0.05133714,-0.00332925,0.00322373,0.00028626,-0.00136823,
0.00124455,0.00422299,-0.00302177,-0.00009231,-0.02090407,0.00933519,-0.00330280
,0.00691496,0.00316965,-0.00084120,-0.00038346,0.00122328,-0.00230797,-0.0008838
2,-0.00147905,0.00214136,-0.00198892,0.00108752,0.00416260,-0.00013443,0.0003427
1,-0.00015011,-0.00013513,-0.00047120,0.00000018,-0.08070859,0.04472165,-0.00711
480,0.00518946,-0.00478543,0.00072591,-0.00053333,0.00121998,0.00306203,0.001578
80,0.00573053,-0.00000971,-0.00016815,-0.00018282,0.00002247,-0.00021282,-0.0004
8141,0.00020879,-0.00022362,-0.00029746,0.00007470,0.00060536,0.00010520,-0.0066
6471,0.00189627,0.00277072,-0.00002042,-0.00006248,-0.00077513,0.00178153,-0.000
43929,0.00202962,0.00243508,-0.00261110,-0.00099628,0.00527059,0.00404597,-0.003
00303,0.00290700,-0.00184086,0.00097184,0.00011843,0.00053197,-0.00071296,0.0015
7231,0.00081714,-0.00407138,0.00014353,-0.00020889,-0.00040375,-0.00025194,0.000
18398,-0.00075687,0.00945403,0.00027398,0.01735933,-0.05558448,-0.00841726,-0.03
029726,0.00049335,-0.00124719,0.00138332,-0.05366861,0.00894702,0.05026232,0.006
73207,-0.00486981,0.00529506,0.00108009,0.00027647,0.00093402,0.00020675,-0.0002
8180,0.00097116,0.00003111,-0.00016991,0.00068240,0.00393841,0.00141560,-0.00014
015,-0.00041463,0.00056409,-0.00024413,-0.13942328,0.10497882,-0.03902106,-0.002
48373,0.00302439,0.00064558,-0.16384566,-0.10788291,0.03243200,-0.04651479,-0.00
986638,-0.01311031,-0.04025457,0.00578179,-0.01575090,0.00542251,0.00447611,0.00
107016,-0.00478552,0.00123107,-0.00389707,-0.00479041,-0.00257926,-0.00185042,0.
00296061,-0.00199281,-0.00402576,0.48469146,-0.01867965,-0.00421223,-0.00321843,
-0.00145962,0.00147411,0.00007485,0.01025274,-0.02616073,-0.00094391,0.00868635,
-0.01401452,0.00773911,0.00035849,-0.00021608,0.00040055,0.00026252,0.00025560,0
.00081716,-0.00038155,-0.00028932,-0.00094567,0.00202013,-0.00000729,-0.00048511
,-0.00014542,-0.00025103,0.00018383,0.08273778,-0.17426634,0.05394672,-0.0020794
1,0.00419739,-0.00208036,-0.10019591,-0.17369093,0.04410593,-0.02012634,0.006232
60,-0.01100223,0.02993891,0.01181835,0.01156631,-0.01441042,-0.01341605,-0.00126
184,0.00011319,-0.00072068,0.00078551,0.00138936,-0.00045224,0.00189862,0.004609
22,-0.00365674,-0.00810885,0.01459280,0.38939811,-0.06518640,-0.01167118,-0.0540
7597,-0.00260248,0.00361421,-0.00199984,0.05273262,0.00547463,-0.04906940,-0.005
07069,0.00587897,-0.00856801,0.00079942,0.00026848,0.00073689,0.00055576,-0.0003
7060,0.00081858,-0.00015610,-0.00003869,0.00084604,0.00101345,0.00021816,-0.0001
7635,0.00187327,-0.00144309,0.00005759,-0.03872290,0.07785012,-0.05263038,-0.002
04965,0.00192160,0.00046006,0.01615482,0.01768175,-0.03077616,0.01555537,-0.0055
0701,0.01138066,-0.00058098,0.00360957,-0.00061203,0.00350769,0.00202470,-0.0025
9575,0.00103001,0.00077471,0.00326385,0.00069429,0.00084117,0.00245711,-0.005876
80,-0.00601970,-0.00547920,0.01588272,-0.09081647,0.18240682,0.00045685,-0.00000
776,0.00022542,-0.04991488,-0.00614837,-0.00168508,-0.00344190,0.00032097,0.0025
4627,-0.00019102,-0.00013115,0.00003355,0.00003716,-0.00003388,-0.00003708,0.000
06516,-0.00007531,-0.00004006,0.00008362,0.00000386,0.00009475,-0.02288870,-0.01
065247,0.00305061,0.00029006,-0.00027000,0.03314372,-0.00012479,0.00023686,0.000
01236,-0.00526061,-0.00284301,0.00135769,0.00007134,-0.00005585,-0.00023497,0.00
017408,-0.00000719,-0.00000727,0.00009158,-0.00002127,-0.00009477,-0.00017033,-0
.00013608,-0.00009059,0.00008685,-0.00000574,0.00003428,0.00006463,-0.00000965,0
.00009995,-0.00100298,0.00040091,-0.00034783,-0.00029127,0.00040375,-0.00020881,
0.44623071,-0.00024497,0.00062645,-0.00014271,-0.00293274,-0.07217984,0.01722569
,0.00899510,-0.00198036,-0.00172619,-0.00025680,0.00022955,0.00007754,0.00005193
,0.00002756,0.00003249,-0.00002419,0.00002617,0.00001552,-0.00019205,0.00008543,
-0.00014746,-0.01972844,0.00453477,0.00838649,0.00614131,0.01170095,-0.00444344,
0.00026836,0.00007209,0.00002876,-0.01199810,-0.00042188,-0.00214709,0.00017692,
0.00006903,0.00027063,0.00007859,0.00007649,0.00005902,0.00000669,-0.00005132,0.
00003373,0.00006742,-0.00008514,-0.00015239,0.00004242,-0.00001055,-0.00002324,-
0.00001812,0.00000741,-0.00004190,-0.00000061,-0.00154421,0.00043075,-0.00019762
,-0.00040806,-0.00031326,-0.05888799,0.50631407,-0.00000393,-0.00054549,-0.00016
607,-0.00717279,0.01131466,-0.08464335,0.00338334,-0.00282088,-0.00282128,0.0000
9252,-0.00010335,0.00000911,-0.00001588,-0.00001912,-0.00000759,0.00002141,-0.00
003445,-0.00002281,0.00017306,-0.00001609,0.00005119,-0.01215796,-0.00624677,-0.
00771323,0.02492816,0.00982061,-0.04479709,0.00003896,-0.00020884,0.00013671,0.0
0715636,-0.00573542,0.00803440,-0.00007095,0.00016974,-0.00031137,-0.00020597,-0
.00001672,-0.00010471,-0.00007296,-0.00009770,-0.00014622,-0.00005328,0.00021827
,0.00030354,-0.00009231,0.00002279,-0.00004485,-0.00002875,-0.00003444,-0.000031
47,-0.00020847,0.00307178,-0.00028950,-0.00027061,0.00040881,0.00053617,-0.01350
886,0.01829143,0.37537154,0.00087008,-0.00071731,0.00137202,-0.21548179,0.169168
63,-0.02957784,-0.02858779,-0.00286110,0.02527281,0.00012898,-0.00061217,-0.0001
8249,-0.00007835,0.00004866,0.00018057,0.00001414,0.00008218,0.00007234,-0.00018
786,-0.00057824,0.00048456,-0.00696330,0.00094578,-0.00188312,-0.04871475,0.0561
4984,0.02100653,0.00039031,-0.00044512,0.00192400,0.00742345,-0.00378728,0.00107
152,0.00055069,0.00095144,0.00083904,-0.00136882,0.00023343,-0.00061079,-0.00120
863,-0.00044059,-0.00078304,-0.00029636,0.00034931,0.00025659,-0.00023605,0.0000
2023,-0.00039155,-0.00021808,-0.00010583,-0.00030979,-0.00268456,0.00295220,-0.0
0062914,0.00370177,0.00072355,0.00037787,-0.00522310,0.02323451,-0.01117811,0.29
311668,-0.00023955,0.00062243,-0.00015240,0.16670928,-0.24586216,0.04488263,0.00
530945,-0.02231539,-0.00003446,-0.00043112,0.00046377,-0.00014326,0.00000863,0.0
0002550,-0.00008080,-0.00010529,0.00002672,-0.00002343,-0.00029429,-0.00015010,-
0.00016915,0.00498034,-0.00039973,0.00008271,0.04943896,-0.02117382,-0.01762401,
-0.00051200,0.00017405,-0.00024870,-0.00525712,0.00313571,-0.00021338,0.00115995
,-0.00069453,-0.00045749,0.00056880,0.00040561,0.00010257,-0.00011664,0.00003646
,-0.00016937,0.00020227,-0.00022901,-0.00009749,0.00030158,0.00001769,0.00018797
,0.00009828,-0.00002909,0.00008479,-0.00044072,-0.00381385,-0.00030821,0.0004476
1,0.00502240,-0.00253222,0.02731669,-0.02561526,0.02748392,-0.25055766,0.3134464
1,-0.00058258,-0.00053033,-0.00063698,-0.02966488,0.04583427,-0.08836238,0.02227
073,0.00907883,-0.05433010,0.00019184,0.00019358,0.00012524,-0.00010203,-0.00001
881,0.00015336,-0.00002862,-0.00000861,0.00003038,0.00061858,-0.00085915,0.00012
972,-0.00069573,-0.00102475,-0.00079802,0.03482868,-0.03022082,0.01079201,0.0018
0248,0.00068427,-0.00132269,0.00122521,0.00040959,0.00030458,0.00094994,-0.00112
849,-0.00082219,0.00034843,0.00018092,0.00019364,0.00045561,-0.00048785,0.000685
82,-0.00005156,-0.00026205,0.00012909,0.00013160,-0.00007494,0.00041833,0.000256
61,0.00015397,0.00032370,0.00047459,-0.00012302,-0.00155825,-0.00240520,-0.00047
104,0.00600627,-0.02051160,0.03576121,-0.01238421,-0.00648586,-0.06077628,0.1455
7763,-0.02432985,-0.02115791,0.02595060,0.00017174,-0.00031004,0.00037945,-0.000
96643,0.00027837,-0.00399385,-0.00051745,-0.00211651,0.00027855,-0.00146089,-0.0
0237861,0.00451328,-0.00698495,0.00235105,0.00090695,-0.19822505,-0.11529213,0.1
0492963,-0.00095409,0.00049622,0.00001728,-0.00006450,-0.00003158,-0.00020932,0.
00664353,-0.00220984,0.00062039,-0.00010127,-0.00147392,-0.00019994,0.00125661,0
.00209212,-0.00516005,-0.00367545,0.00730617,0.00004243,-0.00435781,-0.00567388,
0.00169737,-0.00003253,-0.00007894,-0.00053503,0.00031244,0.00011457,-0.00064159
,-0.00016279,0.00003815,0.00016335,0.00013819,0.00371567,-0.00587250,0.00391850,
0.00609372,0.00481395,-0.00011800,-0.00000863,-0.00002253,-0.00118038,0.00041484
,-0.00052762,0.63613345,-0.01757020,-0.01740985,0.02467989,0.00042393,-0.0001218
4,-0.00040995,0.00035674,0.00052494,0.00154402,0.00046199,0.00005883,-0.00040701
,-0.00077951,-0.00321559,0.00153276,0.02174004,-0.00582691,-0.00951750,-0.116361
70,-0.11996949,0.07310135,0.00053842,-0.00125230,0.00002438,-0.00014056,0.000141
11,0.00030071,0.00017822,0.00572580,0.00076532,0.00026022,0.00220082,-0.00100467
,-0.00268437,-0.00118612,0.00282144,0.00626049,-0.00533628,0.00203975,0.00561079
,0.00428612,-0.00427522,-0.00028149,-0.00005604,-0.00003302,0.00048585,-0.000416
66,-0.00088982,0.00021715,-0.00023636,-0.00047425,0.00117822,-0.00281090,0.01060
861,-0.00342341,-0.00046339,-0.00741444,0.00004753,0.00006697,0.00007531,-0.0006
4895,-0.00009436,0.00046555,0.06251647,0.58167730,0.02923888,0.02350014,-0.09941
620,0.00107815,-0.00135397,-0.00032362,-0.00311716,-0.00003616,-0.00332405,0.000
74288,-0.00005520,0.00055350,0.00119892,0.00146676,0.00126168,-0.00280120,0.0000
1825,-0.00133434,0.09718937,0.06922846,-0.07796857,-0.00181579,-0.00127893,-0.00
044872,-0.00037002,0.00048252,0.00059088,-0.00749767,0.00138383,-0.00180873,0.00
259267,-0.00246378,-0.00018401,0.01025040,0.00122003,0.00736082,-0.00134094,0.00
207035,-0.00337008,-0.00054302,0.00323307,0.00089399,0.00007735,-0.00023158,0.00
036455,-0.00022205,-0.00033408,0.00021879,-0.00053024,0.00050794,0.00097184,-0.0
0391559,0.00184953,-0.00160733,-0.00157287,-0.01037289,0.00208661,0.00008763,0.0
0021845,-0.00020052,-0.00068847,0.00119308,0.00005607,-0.23286358,-0.15548851,0.
27708709,-0.02865995,0.01908443,-0.04816488,-0.00007888,0.00013964,-0.00051497,-
0.00282107,0.00076395,-0.00223923,-0.00012862,0.00064663,-0.00082223,-0.00996594
,-0.01954529,0.00903324,-0.07738064,0.10275013,-0.00186017,-0.01654284,0.0056617
7,0.00010324,0.00091346,-0.00039753,-0.00014094,0.00006476,-0.00012558,0.0002799
9,0.00295477,0.00327472,0.00389684,-0.00029659,0.00159187,-0.00014007,-0.0106232
1,-0.00432662,0.00065119,0.00398567,-0.00711158,0.00568526,0.00440959,0.00318529
,0.00213820,-0.00026845,-0.00004908,0.00049996,-0.00012496,-0.00014446,0.0006357
4,-0.00029908,0.00061170,0.00116221,-0.00025856,0.00041012,0.00101912,-0.0003820
4,0.00675060,-0.00601927,0.00013764,-0.00016801,0.00012362,0.00053749,-0.0001305
6,0.00048845,-0.29144322,0.06476346,0.09535340,0.55731895,0.02451397,-0.03857102
,0.04095205,0.00026454,-0.00031608,0.00007996,-0.00010318,-0.00033328,-0.0004133
7,-0.00056646,-0.00232296,0.00083307,-0.00046187,0.00177876,-0.00225494,0.105352
78,-0.29238543,0.02074706,-0.01367614,0.00592180,0.00065855,-0.00040196,-0.00047
186,-0.00006485,-0.00019520,0.00002390,-0.00004104,-0.00432175,0.00473415,-0.000
92022,0.00050698,0.00088512,0.00089031,-0.00233484,0.00180361,-0.00014903,0.0020
0226,-0.00197768,0.00087270,0.00635885,0.00147626,0.00102275,-0.00020672,-0.0000
7035,-0.00069442,0.00027724,-0.00026279,-0.00021994,0.00089062,-0.00008769,-0.00
255182,0.00111315,-0.00110883,0.00051541,-0.00169126,-0.00178125,-0.00267723,0.0
0001032,0.00006690,-0.00008819,-0.00036908,0.00006683,-0.00014348,0.08773375,-0.
09135850,-0.01490521,-0.12768936,0.73177247,-0.04859651,0.02687411,-0.09318882,0
.00024469,-0.00022923,-0.00007443,-0.00069235,-0.00151118,0.00110602,0.00008386,
-0.00085210,0.00031344,0.00319738,0.00698661,-0.00578274,-0.00153241,0.01813906,
-0.02360619,0.00906056,-0.00394130,-0.00212581,-0.00045298,-0.00035795,0.0000267
4,-0.00009823,0.00012364,0.00010764,0.00431621,-0.00203271,0.00256895,0.00013849
,-0.00019916,0.00090896,0.00176434,0.00119056,-0.00163221,-0.00565231,0.00563454
,-0.00341848,-0.00432020,-0.00334888,0.00084203,0.00070434,-0.00040496,-0.000527
16,-0.00057981,0.00030266,0.00087047,-0.00019648,0.00003104,-0.00171856,0.002908
76,0.00013413,-0.00217255,0.00317735,0.00626454,0.00320766,0.00001908,0.00006055
,0.00004178,0.00028225,0.00018700,-0.00013266,0.05082788,0.00279612,-0.05309002,
-0.08939027,-0.13159875,0.22800144,-0.09085902,-0.02000625,-0.06316470,0.0002847
4,-0.00024866,0.00009177,0.00086376,0.00042509,-0.00008125,0.00042067,0.00127898
,0.00030768,-0.29477413,0.01043584,0.11513406,0.00685678,0.00750365,-0.00281893,
-0.00450840,0.00153824,0.00002319,-0.00117418,-0.00061131,0.00000153,-0.00000784
,0.00019786,0.00011955,-0.00396203,0.00350686,0.00079854,0.00154460,-0.00069718,
0.00032356,-0.00227191,-0.00155474,0.00130940,-0.00100496,-0.00460775,0.00162581
,0.00230777,0.00449802,-0.00075258,0.00011080,0.00004395,0.00096467,-0.00022048,
-0.00039204,0.00195208,0.00003321,0.00117102,0.00073016,-0.00175807,-0.00014510,
-0.00028239,0.00116175,-0.00115692,-0.00120751,0.00005816,0.00000880,-0.00003915
,-0.00007627,0.00015201,-0.00007565,-0.03717464,-0.01276070,0.01183886,-0.134542
13,-0.11662101,0.07187691,0.77021659,-0.01307814,-0.00415127,-0.00905675,0.00004
288,-0.00014969,0.00031867,0.00144086,-0.00000266,0.00038921,0.00020241,0.001259
02,-0.00067897,0.01054441,-0.03744184,0.00019527,-0.01448278,-0.01951140,0.00605
640,0.00068819,-0.00097898,0.00025304,-0.00070065,0.00092258,0.00036452,-0.00000
868,0.00003054,-0.00008437,-0.00867301,-0.00058434,-0.00826742,0.00033763,-0.002
48328,0.00013502,0.00910900,0.00215214,0.00302395,0.00014384,0.00770927,-0.00262
355,-0.00488428,0.00147925,-0.00294418,0.00038808,0.00004698,0.00027655,-0.00012
272,0.00019828,0.00023864,-0.00014883,-0.00070247,-0.00053585,-0.00045024,-0.001
29338,-0.00207655,-0.00042291,-0.01146602,0.00331923,-0.00002700,0.00010410,-0.0
0010802,-0.00019541,0.00009878,-0.00001086,-0.03146611,0.00628921,-0.00694845,-0
.07766423,-0.22561222,0.08701331,-0.03437337,0.52742295,-0.05029119,-0.00905263,
-0.04489311,0.00015560,-0.00025744,-0.00021791,0.00250856,0.00040127,0.00004415,
-0.00010098,0.00091254,-0.00033753,0.11562969,-0.00036739,-0.07008899,-0.0002458
9,0.00074113,-0.00226144,0.00333150,0.00020193,0.00183166,-0.00008752,-0.0007200
5,-0.00022173,-0.00007945,0.00011369,0.00026603,-0.00464301,0.00332580,-0.000370
49,0.00020977,-0.00011837,-0.00006852,-0.00408349,-0.00295832,0.00184493,0.00180
727,0.00078876,-0.00215667,0.00124903,-0.00233483,0.00025406,-0.00007759,0.00005
729,0.00101452,-0.00040897,-0.00011494,-0.00289593,-0.00029476,-0.00078761,-0.00
105162,-0.00045022,-0.00192091,-0.00023934,-0.00300399,-0.00246386,-0.00690766,0
.00003889,-0.00000090,0.00002588,-0.00029769,0.00019879,0.00036157,0.03311675,-0
.00151622,-0.00245474,0.04475940,0.07097801,-0.06293565,-0.16443337,-0.07818510,
0.23142232,-0.01209961,-0.03394671,-0.02258851,0.00014524,-0.00053152,0.00029416
,0.00130763,0.00030390,-0.00135917,0.00020129,-0.00012630,0.00001114,-0.01195063
,0.02007365,0.00063724,-0.00096977,-0.00007113,0.00181579,-0.00019323,-0.0005885
4,0.00005557,-0.00126557,0.00117714,-0.00037927,0.00004416,0.00007720,-0.0000522
0,-0.01046813,0.00261724,-0.00580602,-0.00457831,-0.00278586,-0.00288959,0.00702
289,0.00053425,0.00422279,0.00295299,0.00586490,-0.00082212,-0.00095385,0.006155
24,0.00329881,0.00028791,-0.00010080,0.00056677,-0.00028816,-0.00003873,-0.00013
991,-0.00015108,0.00027014,0.00077329,-0.01160645,-0.00412878,-0.01157224,-0.000
17502,-0.01010806,0.00281067,0.00011907,-0.00003800,-0.00013905,-0.00007034,0.00
072129,0.00016692,-0.00991551,-0.02924081,-0.00401315,0.02160495,0.01589485,0.00
022300,-0.17001791,0.10849768,0.00915006,0.50885010,-0.03950083,-0.09337671,-0.0
5101866,-0.00009690,-0.00009686,-0.00051495,-0.00178703,-0.00099189,0.00004396,0
.00047008,-0.00001044,0.00065196,0.00038362,0.00137083,-0.00024328,-0.00297846,-
0.00455238,-0.00005797,0.00048635,-0.00500263,-0.00059912,0.00007175,-0.00132121
,-0.00041071,0.00002679,0.00020960,0.00034851,0.00451175,0.00116381,-0.00158444,
0.00308036,0.00022416,0.00252356,0.00317071,0.00313010,-0.00107159,-0.00452844,0
.00326602,-0.00061141,-0.00452626,-0.00353356,0.00075069,0.00042857,0.00009268,0
.00051786,-0.00063938,0.00056462,0.00068680,-0.00058106,0.00023159,0.00072743,0.
00159966,0.00315979,-0.00017254,0.00339759,0.00085745,0.00490114,-0.00001427,-0.
00022187,0.00010104,0.00060950,0.00026617,0.00017782,-0.01823540,-0.02471849,0.0
1153407,-0.00683201,-0.04982109,0.00596150,0.15685389,-0.24168725,0.01507095,0.0
0664710,0.75578937,-0.02264680,-0.04635452,-0.06077420,-0.00002384,0.00021343,-0
.00041193,-0.00188127,-0.00012122,-0.00069214,0.00031643,-0.00152300,0.00046893,
0.00399359,-0.00911419,-0.00236852,0.00245637,0.00300091,0.00149925,0.00102192,0
.00317567,0.00156552,0.00302135,-0.00004028,-0.00019402,-0.00005461,-0.00004426,
0.00013259,0.00270177,-0.00160381,-0.00071838,-0.00681470,0.00288704,-0.00282864
,-0.00051985,-0.00026750,0.00005385,-0.00218579,0.00161436,0.00187765,-0.0058701
5,-0.00547144,-0.00014299,-0.00004839,-0.00005267,0.00048657,-0.00013848,-0.0004
4040,-0.00030381,-0.00031076,0.00042023,0.00057011,0.00096398,0.00224254,0.00185
926,0.00341414,-0.00127002,0.00428442,0.00014997,-0.00024967,0.00020907,0.000379
31,-0.00017045,0.00020082,0.00829467,0.02934388,-0.00112027,0.00394344,0.0169500
2,-0.00168285,0.01785741,0.00769517,-0.03403325,-0.12453989,-0.16208609,0.260885
30,-0.02392357,0.01590652,0.01358761,-0.00017898,-0.00008133,-0.00049058,-0.0047
1440,-0.00408241,-0.00559911,-0.00003909,-0.00020329,-0.00034346,-0.00246120,0.0
0448630,0.00322384,-0.00434373,0.00156725,0.00336954,0.00232594,-0.01963384,0.00
008932,0.00265935,0.00051396,-0.00090199,-0.00006508,0.00000537,0.00019026,0.003
16645,-0.00402531,-0.00220079,-0.00304583,0.00410827,-0.00405840,0.00041035,0.00
049892,-0.00328662,-0.00270541,0.00253245,0.00147874,-0.00249844,-0.00564005,0.0
0191933,-0.00002153,0.00007254,-0.00035499,0.00003274,0.00025057,0.00016276,0.00
022543,-0.00042155,-0.00058068,0.00346533,0.00844416,0.00853487,0.00466920,0.001
09355,0.00556863,-0.00000901,-0.00023309,0.00012266,-0.00052152,-0.00033655,-0.0
0000152,-0.06328935,0.02276931,0.01048717,-0.01591561,0.02526187,0.00070489,-0.0
4382347,0.03867649,0.02003293,-0.24955869,-0.07470071,0.08531864,0.62034265,0.01
684113,-0.04322350,-0.04293767,-0.00011007,0.00061063,-0.00049692,-0.00647269,-0
.00057576,-0.00351702,0.00021819,0.00104215,0.00048267,0.00144296,-0.00298225,0.
00117675,0.00212678,-0.00205265,-0.00181832,0.00044594,-0.01309889,0.00065804,-0
.00075268,-0.00058882,0.00113702,0.00012739,-0.00035431,0.00012847,0.00962952,-0
.00117753,0.00222317,0.00274920,-0.00376527,0.00638779,-0.00767284,0.00121496,-0
.00363438,-0.00345837,-0.00015972,0.00534170,-0.00423567,-0.00663937,-0.00133369
,-0.00016935,0.00028650,0.00067702,-0.00031559,0.00026228,0.00120375,-0.00046699
,0.00044908,0.00051070,0.00769207,0.00463292,-0.00669091,0.00180590,0.00890683,0
.00005476,-0.00001445,-0.00039673,0.00031023,0.00085068,-0.00052254,-0.00005019,
0.01088013,-0.30907445,0.08046545,0.03294254,-0.03180300,-0.01849350,0.01012612,
0.01683744,-0.00103866,-0.03887052,-0.08898732,0.02807144,-0.15289072,0.61792628
,0.01874092,-0.04086905,-0.06205196,0.00066550,-0.00045310,-0.00130684,-0.008076
91,-0.00461560,-0.00235169,-0.00016798,0.00174100,-0.00010181,0.00089119,0.00075
302,0.00188978,0.00095527,0.00102573,0.00222934,-0.00125802,0.00990734,-0.001812
87,0.00323496,-0.00130556,-0.00069500,-0.00026565,0.00033738,0.00090008,0.001908
27,0.00411465,0.00460961,-0.00375709,0.00665855,-0.01003411,-0.00323476,-0.00297
279,0.00223753,0.00244336,-0.00561605,0.00087905,0.00426530,0.00338288,-0.001724
32,-0.00014660,0.00016483,0.00175914,-0.00041748,0.00020410,0.00087154,0.0000373
0,0.00029566,0.00002566,-0.00001088,0.00013621,0.00168222,-0.00431704,0.00303016
,-0.00886007,0.00014402,-0.00017906,0.00020850,-0.00011465,0.00040629,0.00050940
,0.02016435,0.02689253,-0.04478596,-0.01977380,0.00132693,0.01363656,0.00705401,
0.00150765,-0.00591571,0.11500144,0.04474033,-0.07205599,-0.19583712,-0.01915780
,0.22555874,0.00159410,-0.00134334,-0.00125600,-0.00075259,-0.00008063,-0.000389
36,0.00053724,0.00002922,0.00027856,-0.00012194,-0.00023985,-0.00011368,-0.00031
065,0.00102684,0.00034546,0.00025190,-0.00011502,0.00049583,0.00028410,-0.000058
60,-0.00034419,0.00142620,0.00059202,-0.00092356,0.00014401,0.00018742,0.0001984
7,-0.00006228,0.00001602,0.00009375,-0.00044030,0.00034625,-0.00142203,-0.000392
77,0.00005401,-0.00013897,0.00026213,-0.00021610,-0.00029882,0.00002186,-0.00028
725,-0.00056755,-0.00006063,0.00001364,-0.00017405,0.00013796,0.00005012,-0.0002
9301,0.00008088,-0.00027658,-0.00013543,0.00152012,-0.00010460,-0.00081792,-0.00
003436,0.00005874,-0.00040457,-0.00017468,-0.00003115,-0.00005485,0.00003660,-0.
00007950,0.00038650,-0.00027878,0.00095127,-0.00067881,-0.00044349,0.00064770,0.
00142956,-0.00440838,0.00058686,0.00343563,-0.01725182,0.01311302,0.00317383,-0.
21415275,0.13618205,0.05428197,0.23393147,-0.00074467,0.00012161,0.00350602,-0.0
0134060,0.00087106,-0.00030819,-0.00079561,-0.00177376,-0.00284890,0.00024053,0.
00024081,-0.00001160,-0.00053122,0.00039165,0.00002661,0.00097481,-0.00017975,-0
.00040639,-0.00005189,-0.00011500,0.00005940,0.00122565,0.00151721,0.00124963,0.
00039393,-0.00030275,-0.00007444,-0.00003855,0.00012513,0.00024699,-0.00042780,-
0.00177376,0.00197383,-0.00027485,0.00005244,0.00009627,-0.00012764,-0.00004563,
-0.00007089,-0.00022004,-0.00006608,-0.00006790,0.00001990,0.00001922,0.00023952
,-0.00007901,0.00009028,0.00010505,-0.00017120,0.00003242,0.00021967,0.00060255,
-0.00016767,-0.00292100,0.00028790,0.00013668,0.00023493,-0.00006872,-0.00009198
,0.00010156,0.00078136,-0.00003691,0.00079822,0.01837029,-0.01228111,-0.00479188
,0.00129767,-0.00478806,0.00009015,-0.00169970,-0.00078428,0.00124195,-0.0071170
0,0.00681584,0.00133666,0.13926953,-0.14223487,-0.03585408,-0.14981782,0.1555612
7,0.00031006,0.00136252,0.00485588,-0.00042082,-0.00010478,0.00078327,-0.0007421
0,-0.00249707,-0.00136093,0.00003201,0.00022242,0.00012206,0.00000313,-0.0001113
9,0.00045079,-0.00037735,0.00045759,0.00052692,-0.00031547,-0.00043233,-0.000877
10,-0.00305794,0.00127582,-0.00207732,0.00014533,-0.00005477,-0.00047644,0.00020
826,0.00044433,0.00046907,0.00130464,0.00102608,-0.00158247,-0.00043826,-0.00010
213,0.00105003,-0.00012044,-0.00016182,0.00017631,-0.00004771,0.00028254,-0.0008
5709,0.00016866,-0.00013256,0.00001053,-0.00022027,0.00007459,0.00013289,-0.0000
0247,0.00008098,0.00013597,0.00274696,-0.00583391,-0.00694838,0.00022018,0.00075
227,-0.00009717,-0.00021585,0.00015237,-0.00032573,0.00014318,0.00004984,-0.0002
2661,-0.00782917,0.00452128,0.00077296,-0.00055144,0.00301773,0.00152173,0.00104
187,0.00083094,0.00100581,0.00263751,-0.00412836,-0.00175787,0.06029511,-0.03841
477,-0.03936173,-0.05618154,0.03622266,0.04379594,0.00244709,-0.00041647,0.00011
189,-0.02073654,-0.00588909,0.00924017,-0.02947423,0.02955307,-0.00364839,-0.000
65796,-0.00092469,0.00001208,0.00015134,-0.00002091,0.00008611,0.00009304,0.0000
9667,0.00018806,-0.00000807,0.00005402,-0.00002190,-0.19984480,-0.17738478,-0.02
204272,-0.00039649,-0.00034606,0.00767028,-0.00112470,-0.00045756,-0.00087248,-0
.08166630,-0.03901995,-0.00735041,0.00011714,0.00011170,0.00053148,0.00074824,-0
.00014443,-0.00003062,-0.00001086,-0.00016782,-0.00000527,-0.00004816,-0.0003487
9,-0.00123036,0.00044304,-0.00003286,-0.00002035,0.00015312,-0.00002844,-0.00012
717,-0.00907690,-0.00850874,-0.00056267,-0.00316258,0.00251514,0.00158101,-0.201
50839,0.00898136,0.04895889,0.00424457,0.00057166,-0.00103154,0.00051896,-0.0005
6917,0.00064618,0.00002792,-0.00002455,0.00086906,0.00054458,0.00012429,-0.00016
163,0.00025589,0.00067737,-0.00005164,-0.00050102,0.00038799,0.00037266,-0.00056
344,-0.00014747,0.00033693,0.57808482,0.00312922,0.00179827,-0.00013504,-0.01760
260,0.00123361,0.00104732,0.01193406,-0.08361338,0.01817127,-0.00063519,-0.00101
275,-0.00010163,0.00000217,-0.00004010,-0.00005199,-0.00012831,0.00014817,0.0000
7484,0.00020139,0.00005020,-0.00010581,-0.16899693,-0.31441962,-0.03917752,-0.00
176542,0.00123960,0.00727464,-0.00076679,0.00106236,-0.00032076,-0.02068112,0.00
847899,0.00101451,0.00196099,-0.00008487,0.00223873,0.00004429,0.00030439,0.0002
6022,-0.00076580,-0.00001519,-0.00013262,0.00025342,-0.00045537,-0.00054657,0.00
020806,-0.00001589,0.00010134,-0.00004931,-0.00000194,-0.00010862,-0.00162702,-0
.01069753,0.00123788,-0.00205629,-0.00037214,-0.00480302,0.00225315,-0.07603904,
0.00453827,0.00082166,-0.00068476,0.00025731,0.00026435,0.00040875,0.00032884,-0
.00023378,0.00033486,0.00050399,0.00030578,-0.00007093,0.00038570,-0.00056176,0.
00039729,-0.00057992,0.00016542,0.00042323,-0.00021195,-0.00028848,-0.00027883,0
.00032318,0.19892895,0.56113444,-0.00124335,0.00092875,-0.00246254,0.02580730,0.
00850595,-0.01102580,0.00619950,0.01077761,-0.02756945,-0.00029463,0.00049348,0.
00009771,0.00004679,0.00006735,0.00001945,0.00000080,0.00001784,0.00011377,0.000
09443,-0.00004156,0.00017007,-0.01045148,-0.02719193,-0.04430886,-0.00039918,0.0
0078234,-0.00682265,-0.00000217,-0.00036457,-0.00025609,-0.00629831,0.00574295,0
.01128937,-0.00058074,0.00086598,-0.00025690,-0.00023360,-0.00011049,-0.00008258
,0.00018672,0.00006006,0.00023385,-0.00037640,-0.00041786,-0.00047098,0.00002275
,0.00000096,-0.00005971,0.00010332,-0.00004749,-0.00006215,-0.00063328,-0.004057
21,0.00075018,0.00053004,-0.00300508,0.00472870,0.03736165,-0.00164177,-0.053924
60,0.00261547,0.00085305,0.00062299,-0.00021337,-0.00058107,0.00047583,0.0000283
2,-0.00010477,0.00019959,0.00019457,0.00019986,0.00010907,0.00063522,0.00021256,
-0.00037016,-0.00113003,0.00003332,-0.00071996,-0.00009731,0.00014139,0.00058829
,-0.03885949,0.03181490,0.10217533,-0.00026321,-0.00009633,0.00001015,0.00015779
,0.00253715,-0.00151997,-0.00322257,-0.00053503,0.00148648,0.00012917,-0.0000990
1,-0.00002368,0.00000694,-0.00000517,0.00001342,0.00001038,-0.00000694,0.0000035
5,0.00000389,-0.00001055,0.00003788,-0.00009051,0.00359373,0.00003313,0.00007820
,-0.00075014,-0.00005491,0.00003979,-0.00010224,0.00001983,0.00157097,-0.0010837
7,0.00012920,-0.00002914,0.00002373,-0.00003846,0.00004045,-0.00001765,-0.000018
83,0.00006166,0.00002702,0.00001906,0.00002237,0.00007217,-0.00002145,-0.0000051
1,-0.00000089,-0.00001327,-0.00000526,-0.00000535,-0.00000826,0.00044152,0.00035
876,0.00001709,0.00024511,0.00007603,0.00001784,-0.07173231,0.07831166,0.0054634
2,0.00098088,-0.00066881,-0.00022504,0.00005041,-0.00006946,-0.00008876,0.000017
49,-0.00002818,-0.00002450,-0.00000541,0.00000722,-0.00004591,0.00000355,-0.0000
1924,0.00003118,-0.00000293,0.00007227,-0.00010454,-0.00004765,0.00008543,0.0000
2695,-0.02579513,0.02914623,0.00364942,0.09278003,-0.00007051,0.00005587,-0.0001
3034,0.00702111,-0.01405699,-0.00156962,0.00075442,-0.00090312,-0.00002971,-0.00
007097,0.00009911,0.00001467,-0.00000948,0.00000513,-0.00001750,-0.00001992,0.00
000989,-0.00001657,-0.00002392,0.00002746,-0.00006041,0.00067804,-0.00055148,-0.
00040984,-0.00078811,0.00223982,-0.00102901,-0.00011413,0.00004247,0.00003569,0.
00009661,0.00005611,0.00012490,0.00000956,-0.00002029,0.00004746,-0.00002958,-0.
00000489,0.00002331,-0.00005344,0.00004417,-0.00000990,-0.00000908,-0.00002852,0
.00001041,-0.00000651,-0.00000203,-0.00000273,-0.00001876,0.00001032,-0.00000545
,-0.00011837,0.00004542,0.00001554,0.00002597,0.00000554,0.00021709,0.07715540,-
0.23256601,-0.00890769,0.00202311,-0.00291535,0.00437613,0.00002057,0.00002866,0
.00002249,-0.00006579,0.00006075,0.00001081,-0.00003445,-0.00001601,0.00002024,-
0.00004427,-0.00001003,-0.00001317,0.00002943,-0.00008398,0.00001514,0.00004172,
-0.00005805,0.00001007,0.00801933,-0.00082194,-0.00161987,-0.09500119,0.26808176
,0.00003431,0.00009580,0.00004231,-0.00710958,0.01950345,0.00351019,0.00086792,0
.00083255,-0.00064330,-0.00004731,0.00000399,0.00000199,0.00000436,-0.00000224,0
.00000213,0.00001203,-0.00000871,0.00000173,0.00003626,-0.00004001,0.00002085,0.
00022743,-0.00014112,0.00064746,-0.00107750,-0.00127287,0.00119098,0.00004338,0.
00001088,-0.00002278,-0.00072067,0.00019947,-0.00023341,-0.00001174,-0.00004195,
0.00000251,-0.00001457,-0.00000462,0.00000395,-0.00003157,-0.00002443,-0.0000216
8,0.00001134,-0.00000676,0.00000317,0.00000167,0.00000589,0.00001508,0.00000108,
0.00000131,0.00000899,0.00007163,-0.00009723,-0.00002509,-0.00006596,-0.00003614
,-0.00003114,0.00709835,-0.00737092,-0.04122881,-0.00407879,0.00604511,-0.006827
77,-0.00000116,0.00001247,0.00003915,0.00001370,-0.00003271,0.00002022,0.0000109
2,0.00003903,0.00000219,0.00006321,-0.00001336,-0.00001061,-0.00009079,-0.000007
65,-0.00003304,-0.00002680,0.00007054,-0.00001426,0.00575377,-0.00740054,0.00058
049,-0.00474263,0.01437981,0.04832317,-0.00311402,0.00227821,0.00019075,-0.00030
173,0.00026020,-0.00011800,-0.00168476,0.00116532,-0.00064348,-0.10145415,-0.006
83109,-0.10303672,0.00005434,-0.00018146,0.00030999,-0.00349147,-0.00140941,-0.0
0336941,-0.00037802,0.00047358,0.00095716,0.00033768,0.00012054,-0.00002445,0.00
015425,-0.00009569,-0.00005811,0.00600893,-0.00201596,0.00686340,-0.00034206,0.0
0021789,-0.00002123,-0.00043090,-0.00055226,-0.00051038,0.00027630,-0.00010915,-
0.00026249,0.00042567,-0.00202730,0.00151370,-0.00025686,-0.00002558,-0.00014005
,0.00017188,-0.00004145,-0.00029016,-0.00080330,-0.00032725,0.00051821,0.0001524
4,0.00039377,-0.00013979,-0.00068168,0.00073276,0.00011827,0.00005919,-0.0001384
3,0.00002561,0.00020191,-0.00010622,0.00001482,0.00082061,-0.00024759,-0.0005568
8,0.00004853,-0.00480950,-0.00150701,-0.00004088,0.00027796,0.00075249,0.0002899
0,-0.00001907,-0.00018270,-0.00021897,0.00057994,0.00054289,-0.00014618,0.000187
82,0.00000351,-0.00007482,-0.00000562,0.00003214,0.00002980,-0.00000913,-0.00000
224,0.13450950,0.00038699,0.00349263,-0.00011288,-0.00005353,0.00013332,0.000059
17,0.00092816,-0.00086233,0.00106882,-0.00852314,-0.03558984,-0.02240064,0.00042
871,0.00012662,0.00031336,-0.00278838,0.00023796,-0.00164360,0.00051119,-0.00039
644,-0.00061225,0.00060201,0.00029279,0.00006698,-0.00004597,-0.00001909,-0.0000
2120,0.00579009,-0.00947729,0.02391822,-0.00096947,0.00096843,-0.00028066,-0.000
23479,-0.00126797,-0.00109030,0.00082357,-0.00068742,-0.00058057,0.00165293,0.00
029211,0.00007522,-0.00028292,0.00003231,-0.00060795,0.00030280,0.00011624,-0.00
053565,-0.00014839,-0.00019438,-0.00000743,0.00050670,0.00001351,0.00036158,-0.0
0190848,-0.00007511,0.00098877,-0.00010510,0.00002576,0.00002497,-0.00015070,-0.
00012491,-0.00013798,0.00037453,-0.00290262,-0.00111550,-0.00199031,-0.00282348,
-0.00106773,0.00026903,-0.00017955,0.00118594,0.00039196,0.00026962,-0.00012717,
-0.00022149,-0.00014248,0.00089128,-0.00026427,0.00022838,0.00027225,-0.00036869
,-0.00029347,-0.00020596,-0.00000509,0.00001881,-0.00002804,0.01408153,0.0508909
3,-0.00020643,-0.00263417,-0.00284275,0.00006852,-0.00004741,-0.00000642,-0.0011
3209,0.00132974,0.00055201,-0.10850783,-0.01918896,-0.21718307,0.00012218,0.0000
9357,0.00002441,-0.00325133,-0.00133874,-0.00055232,0.00057057,-0.00071644,-0.00
046662,0.00022917,-0.00002668,-0.00005930,0.00001847,0.00001003,0.00000517,-0.00
825336,0.00994112,-0.02389416,-0.00027140,0.00008741,-0.00002942,-0.00021692,0.0
0148996,0.00028562,-0.00014674,0.00071667,-0.00013074,-0.00016167,-0.00017439,-0
.00020136,0.00022039,0.00003680,0.00018182,-0.00013054,0.00001127,0.00000505,0.0
0107410,-0.00007769,-0.00006343,0.00008284,0.00038808,-0.00009148,0.00208744,0.0
0042943,-0.00222944,0.00004038,-0.00009620,0.00000049,-0.00007413,0.00007006,-0.
00013456,-0.00009919,-0.00280488,-0.00109240,-0.00210197,-0.00396596,-0.00130415
,-0.00028694,0.00050237,0.00042077,0.00030096,-0.00001314,-0.00015754,0.00018554
,-0.00005130,0.00012806,-0.00006092,0.00002349,0.00009173,-0.00004824,-0.0001630
1,0.00002401,0.00001558,-0.00001138,-0.00001124,0.12311262,0.01954194,0.25832126
,-0.00092903,-0.00226681,0.00133703,-0.00004262,0.00002971,-0.00011962,-0.001783
58,-0.00009672,0.00095823,-0.04089741,0.01353552,0.00351140,0.00006172,-0.000013
91,0.00001219,0.00012105,-0.00016573,-0.00004817,-0.00014148,0.00000313,0.000080
17,-0.00048480,-0.00018237,-0.00004151,0.00001934,0.00001040,0.00000531,0.002068
13,-0.00923834,-0.00243643,0.00028663,-0.00013281,0.00001912,-0.00006258,-0.0001
1188,-0.00002420,0.00002553,-0.00004265,-0.00010336,0.00011994,0.00005895,0.0006
3900,-0.00009693,0.00002624,0.00004853,0.00002915,0.00003392,-0.00004636,-0.0002
0518,-0.00015142,-0.00017741,-0.00020313,0.00029121,-0.00004855,-0.00036860,-0.0
0054563,-0.00042714,0.00009048,-0.00002603,-0.00000389,0.00023203,0.00000519,-0.
00008530,-0.00027276,0.00019328,-0.00010718,0.00022576,-0.00035602,-0.00033303,0
.00017123,-0.00005426,0.00015636,-0.00027678,-0.00013421,-0.00044671,-0.00002786
,0.00018781,0.00020952,-0.00001920,0.00001471,-0.00003747,0.00037293,0.00077417,
-0.00015471,-0.00000508,0.00000534,0.00000182,0.00252994,-0.01253597,-0.00724179
,0.05613380,-0.00045675,-0.00138644,0.00132786,-0.00047590,0.00031485,0.00014562
,0.00100957,-0.00058102,-0.00112011,0.01102673,-0.21082561,-0.07609270,0.0001172
7,0.00003955,0.00006638,-0.00008953,-0.00015236,-0.00014138,-0.00007614,-0.00012
807,0.00006392,-0.00005376,0.00054782,0.00001705,0.00017448,-0.00009233,-0.00012
428,-0.00194587,-0.02421847,-0.00356351,0.00002645,-0.00000187,0.00003872,-0.000
20455,-0.00040764,0.00026542,-0.00010530,-0.00039504,0.00010714,0.00027609,0.000
03692,-0.00000842,-0.00013250,0.00013613,-0.00006904,0.00014794,0.00008402,-0.00
006072,-0.00033022,-0.00022003,-0.00033014,-0.00006703,-0.00003063,-0.00012507,-
0.00024018,-0.00129161,-0.00034134,-0.00016367,0.00004332,-0.00000125,0.00018915
,-0.00021247,0.00018837,-0.00002627,0.00032842,0.00031863,0.00041953,-0.00024715
,0.00007099,0.00032109,-0.00020468,0.00024647,-0.00010535,0.00023924,-0.00049316
,-0.00021293,0.00011817,0.00043480,-0.00005496,0.00015214,0.00007930,-0.00001551
,-0.00036015,0.00005315,0.00002795,0.00000311,0.00000424,-0.00062324,-0.00432391
,-0.00459209,-0.02252512,0.25267896,-0.00005120,0.00148256,-0.00030268,-0.000071
52,0.00002793,0.00007212,0.00022442,0.00034335,0.00000085,0.00487944,-0.07430660
,-0.07734816,0.00001802,0.00000212,0.00000082,0.00010959,-0.00027187,-0.00000992
,-0.00010223,-0.00006338,0.00014824,0.00033931,0.00015956,-0.00000339,0.00005317
,-0.00002800,-0.00003702,-0.00115181,0.01465004,0.00787270,-0.00020080,0.0000878
8,-0.00000343,-0.00005335,0.00031538,-0.00018919,0.00013000,0.00001096,-0.000123
29,0.00005649,0.00022431,0.00008326,0.00011843,0.00010125,0.00006056,-0.00003159
,0.00007216,-0.00002309,-0.00007720,-0.00010981,0.00009355,0.00028171,-0.0000806
4,0.00001210,0.00020685,0.00163623,-0.00079044,-0.00005058,-0.00001988,0.0000196
9,-0.00003825,-0.00000184,0.00001048,-0.00018573,-0.00050235,-0.00006221,-0.0003
4567,-0.00091117,-0.00022502,0.00006823,0.00022293,-0.00004254,0.00022698,0.0000
0197,0.00001223,-0.00003902,0.00010374,-0.00002853,-0.00002829,0.00004511,0.0000
1427,-0.00012403,-0.00018544,-0.00001338,0.00002316,-0.00000763,-0.00000906,0.00
036430,-0.02445981,-0.01303960,-0.00996975,0.08950759,0.08572764,-0.00347586,-0.
00125464,0.00266209,0.00023980,-0.00033260,0.00025369,-0.00014437,-0.00067641,-0
.00015257,0.00000307,0.00036046,0.00002300,-0.00031233,0.00014303,-0.00066788,0.
00050875,0.00095589,0.00001978,0.00024394,-0.00105777,-0.00010128,-0.00317789,-0
.00038473,-0.00051492,-0.00001798,0.00011806,-0.00013107,-0.00047938,0.00014050,
-0.00045901,-0.00078393,0.00120259,-0.00071409,0.00034860,-0.00016547,0.00053479
,0.00015821,0.00030542,0.00022524,0.00000444,0.00054976,0.00008353,0.00005819,-0
.00021085,-0.00051349,-0.00025224,0.00025530,0.00061845,0.00006367,0.00018670,-0
.00001115,-0.00010728,-0.00246431,0.00007239,0.00018088,-0.00014922,0.00077618,0
.00007970,0.00013343,-0.00021491,-0.00015699,0.00014528,-0.00007167,-0.00375609,
-0.00163762,0.00138702,-0.00140215,0.00409229,0.00082525,0.00494812,0.01516596,-
0.00802110,-0.04201305,-0.04203656,0.02906274,-0.00351435,-0.02030667,0.00763742
,-0.00017364,-0.00028034,0.00007449,0.00110104,0.00073539,0.00023976,-0.00001773
,0.00000891,0.00001020,-0.00009982,0.00024645,0.00011691,-0.00004308,0.00000565,
0.00000451,0.05170794,0.00013881,-0.00361973,0.00323951,-0.00006326,0.00001039,0
.00002067,0.00041462,-0.00003520,-0.00002541,0.00033374,0.00064989,0.00001596,0.
00015062,-0.00029747,-0.00053236,-0.00074558,-0.00031611,-0.00013584,0.00033473,
-0.00005021,-0.00019292,-0.00026026,0.00057285,-0.00001603,0.00002338,-0.0000198
6,-0.00006725,0.00031173,0.00028883,-0.00007174,0.00120178,-0.00111315,0.0008498
0,-0.00009289,-0.00017873,0.00043280,-0.00058050,-0.00038084,0.00032722,-0.00036
029,0.00032102,0.00048005,-0.00012015,0.00007821,0.00003045,0.00037222,-0.000234
06,-0.00041332,-0.00026915,0.00031128,0.00028038,-0.00071155,-0.00008754,-0.0002
7131,0.00069591,0.00033008,0.00090403,0.00005110,0.00004649,-0.00004651,0.000135
78,-0.00001497,-0.00005266,-0.00008035,-0.00021597,0.00060985,0.00153196,-0.0030
1897,0.00029674,-0.00365718,-0.01678243,0.00635948,-0.04200012,-0.26418537,0.131
74276,-0.00294154,-0.00416383,0.00132974,-0.00028137,0.00007165,-0.00029807,0.00
035402,-0.00013119,0.00013485,0.00002037,-0.00000621,0.00000371,0.00030490,0.000
59419,0.00011617,0.00005094,0.00014299,0.00001151,0.04464649,0.29172650,-0.00213
069,-0.00467402,0.00081804,0.00004359,0.00000267,0.00003066,0.00061281,0.0002668
9,0.00020288,0.00014677,0.00075519,-0.00017688,-0.00068470,-0.00053384,-0.000623
73,0.00024391,0.00039056,0.00029394,0.00025326,0.00077792,0.00046246,-0.00120258
,0.00028519,0.00026538,0.00004768,-0.00002781,-0.00004626,0.00018133,0.00052696,
-0.00074355,-0.00080665,-0.00024661,-0.00132889,0.00031316,-0.00033650,0.0005715
0,-0.00048985,-0.00041534,0.00028464,-0.00049608,0.00060141,0.00067097,-0.000424
81,-0.00029918,-0.00059157,0.00043054,-0.00058734,-0.00018393,-0.00021461,0.0003
3807,0.00010171,0.00034158,-0.00038066,0.00062111,0.00086577,0.00000582,0.001087
92,0.00003378,-0.00001929,0.00000924,0.00009823,0.00003199,-0.00003741,0.0026276
6,0.00406668,0.00023443,0.00214245,0.00299576,0.00087945,-0.00028790,-0.00125171
,-0.00193685,0.03113547,0.13368673,-0.09515043,-0.00056192,0.00893278,-0.0061958
2,-0.00009861,-0.00045226,-0.00074888,0.00038664,0.00004297,0.00002335,0.0000153
7,-0.00001453,0.00000207,0.00024842,0.00037690,-0.00001088,0.00004160,0.00008827
,-0.00001175,-0.03347322,-0.14479542,0.10111749,0.00301178,0.00417174,-0.0000334
4,-0.00088205,0.00089522,-0.00012369,-0.02219672,0.00218496,0.00346126,-0.181274
51,0.04472456,0.02206320,0.00023656,0.00013977,0.00019645,0.00008931,-0.00023034
,0.00014215,-0.00001088,-0.00004842,-0.00029054,-0.00225438,0.00018726,-0.000329
51,0.00025545,-0.00020688,0.00003587,-0.02480712,-0.00613444,0.01180592,0.000438
97,-0.00026439,0.00005725,-0.00006937,0.00016092,-0.00045938,-0.00099855,-0.0005
2974,-0.00046907,-0.00041819,-0.00227017,0.00200553,-0.00005348,0.00006061,-0.00
007509,0.00019007,-0.00026746,-0.00024734,0.00035382,-0.00013210,-0.00014118,-0.
00075376,0.00039597,-0.00037970,0.00049070,-0.00144352,-0.00014310,0.00038638,-0
.00064213,0.00025436,0.00051691,0.00042075,-0.00029021,-0.00055043,-0.00073675,0
.00029391,-0.00022857,-0.00035907,0.00022834,0.00029162,-0.00003642,0.00002410,0
.00012937,0.00041684,0.00051184,-0.00001242,0.00032599,-0.00022728,0.00002911,0.
00002560,0.00007682,0.00836453,0.00495237,-0.00048784,0.00023966,0.00001749,-0.0
0002169,-0.02416016,0.00405161,-0.00125572,-0.01773158,0.01473313,0.00711683,0.0
0002347,0.00008826,0.00016301,0.49204173,0.00075227,0.00459718,0.00010046,0.0000
3280,-0.00140302,0.00205555,0.01464455,-0.04151279,0.00393200,0.01946540,-0.0697
0833,-0.00395689,0.00019505,0.00010103,0.00021995,-0.00005637,-0.00000850,0.0002
2684,-0.00022277,-0.00033299,-0.00034722,0.00753399,0.00221717,0.00065507,0.0000
1119,0.00013909,-0.00056609,-0.02298974,0.00211994,0.00590113,-0.00352477,0.0019
3607,-0.00018249,-0.00002107,0.00061109,-0.00069922,-0.00038729,-0.00071373,-0.0
0038433,-0.00112829,-0.00267898,0.00129646,0.00017751,0.00012679,-0.00050610,0.0
0022595,-0.00014743,-0.00011897,-0.00005254,-0.00021535,-0.00017141,-0.00000173,
-0.00369437,0.00057179,-0.00069227,0.00222569,0.00383685,-0.00028655,-0.00194248
,-0.00040301,0.00167059,0.00169230,-0.00239063,-0.00113294,-0.00131183,-0.000277
83,0.00039935,-0.00031221,0.00059587,0.00012428,-0.00002286,-0.00044982,0.000580
53,0.00048946,0.00020516,-0.00004954,0.00058571,-0.00033220,-0.00011884,0.000118
31,0.00029998,-0.01021697,0.00505215,-0.00190742,0.00070301,0.00016103,-0.000611
69,-0.00253753,0.00034282,0.00017564,0.03141109,-0.01259702,-0.00991103,0.000300
39,0.00024693,0.00025068,0.02885145,0.32659144,0.00004230,-0.00087418,-0.0016254
8,0.00055525,0.00003516,-0.00071974,0.00359301,-0.00331286,-0.02145038,0.0215353
7,-0.00752667,-0.07806606,0.00000083,0.00000735,-0.00004499,0.00012058,-0.000123
64,-0.00001404,-0.00021821,0.00009380,-0.00076845,-0.00159264,-0.00015542,0.0003
8975,-0.00005497,0.00006989,0.00029770,0.02636915,0.00116554,-0.00660951,0.00058
874,-0.00032893,0.00044202,0.00046059,0.00004279,-0.00031734,0.00108111,0.001025
95,0.00054690,0.00116223,0.00233037,-0.00201518,-0.00010879,-0.00002371,0.000002
70,-0.00005497,0.00034082,0.00005121,0.00012666,0.00005851,-0.00001673,-0.000395
79,0.00034998,-0.00003330,0.00033950,0.00149082,-0.00059328,-0.00023900,0.000852
68,0.00029783,-0.00088546,-0.00184586,0.00164664,-0.00082377,-0.00034612,-0.0000
7164,-0.00029295,-0.00024107,-0.00061730,0.00014657,0.00023300,0.00009368,0.0002
4229,-0.00003596,0.00008926,-0.00011845,0.00013138,0.00021608,0.00013334,-0.0001
1464,-0.00000072,0.00136457,0.00041527,0.00682115,-0.00018839,-0.00008331,0.0002
0026,-0.02428672,0.00582262,0.00194304,0.01326402,-0.00629789,-0.00303205,0.0000
0454,-0.00005563,0.00000160,-0.01598520,-0.01684221,0.49680462,0.00119648,0.0010
4866,-0.00043062,0.00045956,0.00031284,-0.00043073,0.00021956,0.00043501,-0.0004
4909,-0.01712520,-0.01262390,0.02763393,0.00003589,0.00001268,0.00000790,-0.0000
7759,-0.00002967,0.00006661,-0.00095093,-0.00201108,-0.00016304,-0.00026835,-0.0
0012133,-0.00005019,-0.00001970,-0.00017517,0.00017262,-0.00591447,0.00080314,0.
00209660,0.00010007,-0.00001434,-0.00000504,-0.00001943,-0.00004319,-0.00005628,
-0.00037875,-0.00025026,-0.00023240,-0.00030465,-0.00103541,0.00090505,-0.000005
23,0.00002105,-0.00001645,0.00003013,-0.00012248,-0.00003984,0.00002672,-0.00005
668,-0.00000865,-0.00019958,0.00003083,-0.00002696,-0.00030380,0.00022942,-0.000
00044,0.00007741,0.00007046,0.00003523,-0.00073973,0.00011859,0.00037781,0.00081
394,0.00055861,-0.00025510,-0.00003196,0.00005441,0.00015376,0.00002666,0.000022
20,-0.00000294,-0.00001382,0.00001299,-0.00001976,-0.00017958,-0.00006264,0.0001
3975,0.00001121,-0.00001712,0.00001576,0.00022335,0.00002759,0.00017287,-0.00000
485,-0.00001523,0.00004915,-0.00003356,-0.00075250,0.00307708,-0.00012829,-0.000
05421,0.00005203,-0.00000163,0.00001402,-0.00002724,-0.08507287,-0.01547499,0.03
270815,0.53190800,0.00104755,0.00083346,0.00016781,-0.00033906,-0.00002252,-0.00
033139,-0.00289645,-0.00041352,0.00510540,0.00127369,0.00159765,-0.00527145,-0.0
0000844,0.00000010,-0.00000616,-0.00008319,0.00000663,0.00006583,-0.00141248,-0.
00151799,-0.00023428,0.00046669,-0.00017159,-0.00007917,0.00023712,-0.00009118,-
0.00008965,-0.00073870,0.00006697,-0.00048164,-0.00024281,0.00033926,-0.00006017
,-0.00021939,0.00001710,-0.00010519,-0.00000229,0.00003501,-0.00002739,-0.000017
45,0.00002578,-0.00027289,0.00006186,0.00005132,-0.00002508,0.00003786,0.0000390
6,0.00007039,0.00004841,-0.00004488,0.00001873,-0.00013964,-0.00025956,-0.000123
04,0.00008899,-0.00049166,0.00050980,0.00024186,-0.00029238,0.00005473,0.0010876
2,-0.00229216,0.00018487,0.00034485,-0.00044282,-0.00057172,0.00010241,-0.000278
92,0.00023245,0.00000886,0.00003911,0.00006656,0.00011979,0.00003900,0.00015511,
-0.00043056,-0.00006001,0.00016677,-0.00000514,-0.00004102,0.00002533,0.00037352
,-0.00052012,-0.00100889,0.00004993,0.00002082,-0.00000202,-0.00023535,0.0003219
5,-0.00001278,0.00137440,0.00001086,-0.00082350,0.00000687,0.00000335,0.00002670
,-0.02189271,-0.09132584,0.06678637,-0.01582927,0.47281700,-0.00046766,0.0003890
4,-0.00037956,-0.00078197,0.00005929,0.00097677,0.00020681,-0.00065626,0.0000639
6,0.00890246,0.00423449,-0.01203105,0.00000568,-0.00000852,0.00004282,-0.0001746
6,0.00006266,0.00006286,-0.00053717,-0.00176800,-0.00019767,0.00032581,0.0007971
2,0.00015499,0.00011069,0.00005132,-0.00039914,0.00074035,-0.00063192,0.00012532
,-0.00015737,-0.00014408,-0.00003893,0.00005872,0.00012824,0.00008065,0.00017544
,0.00010073,0.00006848,0.00002150,0.00015997,-0.00014560,0.00002335,0.00001145,-
0.00002222,-0.00002845,0.00001971,-0.00003191,-0.00002176,0.00003141,-0.00000665
,0.00056602,0.00007725,0.00029460,0.00035964,-0.00023844,-0.00004571,-0.00028931
,-0.00005762,-0.00003455,0.00080490,0.00000775,-0.00037651,0.00072004,0.00084439
,-0.00038577,-0.00023872,0.00004051,-0.00019303,-0.00016723,-0.00019942,-0.00005
114,-0.00003378,-0.00005496,-0.00007883,0.00000238,-0.00017070,-0.00030558,-0.00
003288,0.00003136,0.00004048,-0.00025696,-0.00031863,-0.00006547,0.00005812,0.00
002029,-0.00006177,-0.00214496,0.00001904,0.00142578,-0.00018667,0.00004149,0.00
052258,-0.00001014,0.00005206,-0.00000094,0.03421727,0.04429605,-0.16690732,0.02
266958,0.03352953,0.48080240,0.00031781,0.00007634,-0.00006250,0.00065923,-0.000
26973,0.00002211,0.00171480,0.00089206,0.00020776,-0.02955117,-0.00859254,-0.024
45240,0.00001186,0.00003784,-0.00002685,0.00002466,-0.00010728,0.00002632,-0.000
03371,-0.00007802,-0.00010762,-0.00050768,-0.00054062,-0.00004966,-0.00027590,0.
00011627,0.00015182,0.00043718,0.00016626,-0.00043842,0.00021778,-0.00004309,-0.
00005488,-0.00030307,0.00001318,-0.00012998,-0.00011033,0.00000652,0.00000517,0.
00000393,-0.00040570,0.00021573,-0.00001218,-0.00005342,0.00000469,-0.00002459,-
0.00000647,0.00001834,0.00005915,-0.00001226,-0.00001413,-0.00019545,-0.00001550
,-0.00001113,-0.00075777,-0.00093920,0.00049727,0.00013252,0.00028037,0.00000713
,-0.00041169,0.00010605,-0.00064815,0.00010281,0.00017457,0.00006709,-0.00039412
,-0.00017955,-0.00001052,0.00007485,0.00000191,-0.00003050,-0.00001623,0.0001419
9,-0.00000417,-0.00016470,-0.00018932,0.00005610,0.00001532,0.00001877,-0.000024
04,0.00019313,0.00061223,-0.00015404,-0.00009138,-0.00000439,0.00009026,-0.00675
894,0.00038813,0.00000079,0.00128018,-0.00154773,-0.00126895,0.00000591,-0.00002
505,-0.00002905,-0.11303217,-0.02350538,-0.04955478,0.00322887,0.00172963,0.0030
1153,0.50501301,-0.00016147,0.00026040,0.00000841,0.00084390,-0.00074704,-0.0002
3381,-0.00301194,-0.00631823,-0.00369279,0.00495914,-0.00072704,0.00356179,0.000
02909,-0.00001286,-0.00001001,0.00004694,-0.00006878,0.00003067,-0.00007195,-0.0
0000758,-0.00010149,-0.00036650,-0.00066664,-0.00002057,-0.00031998,0.00027443,0
.00026767,0.00061049,-0.00045749,0.00014709,0.00031845,0.00008875,0.00000739,-0.
00016462,0.00004232,-0.00016843,-0.00004770,-0.00013804,-0.00007323,0.00027581,0
.00021222,-0.00024626,-0.00003801,-0.00005532,-0.00010454,0.00001129,0.00000751,
0.00001355,0.00005097,-0.00001819,0.00000717,0.00015392,0.00018126,-0.00007117,-
0.00242052,-0.00209879,0.00066264,0.00029718,-0.00007669,-0.00008239,-0.00003937
,0.00035001,-0.00060703,0.00011270,0.00010768,0.00025944,0.00023869,0.00024220,0
.00032132,-0.00003218,0.00006708,-0.00003394,0.00021998,0.00005729,0.00013168,-0
.00032096,-0.00007213,-0.00023113,-0.00006138,0.00002712,0.00005901,0.00039266,0
.00009168,0.00082608,-0.00007951,-0.00000501,-0.00003878,0.00195670,0.00010306,0
.00041018,0.00275108,0.00236717,0.00169569,0.00007505,0.00005105,0.00002254,-0.0
4158626,-0.07977222,-0.05097873,0.00506526,-0.00010149,0.01124847,-0.01701771,0.
46076019,-0.00036820,0.00008350,0.00010257,0.00078751,-0.00049118,-0.00037466,-0
.00029006,-0.00050688,0.00093934,-0.00250347,0.00048911,0.00176580,-0.00001980,-
0.00001277,-0.00004711,-0.00003775,-0.00000874,-0.00003839,-0.00003035,0.0000770
9,-0.00017111,-0.00051766,-0.00078250,0.00001502,-0.00031486,0.00019481,0.000220
96,0.00136492,-0.00014597,-0.00030993,0.00029539,0.00011205,-0.00006378,-0.00005
231,0.00009637,-0.00008922,0.00021186,0.00009826,-0.00009136,0.00024525,-0.00000
996,-0.00010758,0.00004974,0.00005031,0.00001493,0.00002949,0.00003962,0.0000413
7,0.00003478,0.00001204,0.00004012,-0.00011217,0.00021910,0.00006096,-0.00116510
,-0.00063336,-0.00002710,0.00018949,0.00015197,0.00001379,-0.00012700,0.00039272
,-0.00032445,0.00013790,0.00001400,0.00025714,0.00007147,0.00013570,0.00021377,-
0.00005649,0.00007808,-0.00000202,0.00006992,0.00002358,0.00009012,-0.00003651,-
0.00003206,-0.00019357,-0.00004555,-0.00001801,-0.00001711,0.00013705,0.00063737
,-0.00012267,-0.00009626,-0.00000575,0.00009185,0.00083521,-0.00038028,0.0003383
8,0.00161001,-0.00006160,0.00043351,-0.00000380,-0.00001763,-0.00001347,-0.05197
036,-0.02991229,-0.14211546,-0.01754005,-0.00730989,-0.03429542,-0.03875365,-0.0
3542141,0.49084868,-0.00000729,0.00017691,0.00011257,0.00003880,-0.00018846,0.00
018101,-0.00018292,0.00029165,0.00034177,0.00086791,-0.00087578,-0.00025965,0.00
000844,0.00000634,0.00000161,0.00000136,-0.00004415,-0.00001105,-0.00015458,0.00
020099,0.00007342,0.00008710,0.00008803,0.00002833,-0.00014278,0.00010522,-0.000
02385,-0.00011529,0.00006225,0.00002477,-0.00004761,0.00001845,-0.00001204,0.000
02404,0.00004950,0.00001294,-0.00000464,0.00000360,-0.00002005,-0.00002908,0.000
00313,-0.00002829,0.00001260,0.00001617,0.00000648,-0.00000386,0.00002109,0.0000
0497,-0.00001467,-0.00001941,-0.00000977,0.00002087,-0.00007433,0.00001478,0.000
09356,-0.00008318,0.00005300,-0.00004601,-0.00000155,-0.00003801,0.00010833,0.00
046021,-0.00019703,0.00006692,-0.00030464,-0.00017307,-0.00001101,-0.00009105,0.
00004476,0.00001559,0.00000259,-0.00003962,0.00000491,0.00001487,-0.00000776,-0.
00014319,-0.00001299,0.00006474,-0.00002022,0.00001305,0.00000773,-0.00005744,-0
.00008637,-0.00011339,0.00001229,0.00001423,-0.00003947,-0.00008853,-0.00018932,
-0.00016773,0.00016065,0.00026122,0.00015314,-0.00000956,-0.00000439,-0.00001138
,-0.00131427,-0.01376179,0.00313195,-0.04847617,-0.02380893,-0.00336849,0.000377
27,0.00130341,-0.00076869,0.05072918,-0.00005806,0.00066084,-0.00004767,-0.00071
142,0.00046272,0.00008642,-0.00103256,0.00041101,0.00103960,0.00064189,0.0004064
8,-0.00055520,0.00001166,0.00001392,0.00003850,-0.00006862,-0.00001824,0.0000148
1,-0.00007154,-0.00027396,0.00012278,0.00041325,0.00076033,-0.00000625,0.0004163
3,-0.00019609,-0.00022846,-0.00036560,0.00005937,0.00000339,-0.00021805,-0.00001
404,0.00003510,0.00005573,0.00010551,-0.00004306,0.00006234,-0.00003112,-0.00002
622,0.00002493,-0.00000439,-0.00004089,0.00000672,0.00005763,-0.00003699,0.00000
540,0.00001744,-0.00002613,-0.00004432,-0.00002843,-0.00002038,0.00013166,-0.000
05190,-0.00001656,0.00020241,0.00003848,0.00006061,-0.00012166,-0.00017923,0.000
02923,0.00042308,-0.00011961,0.00010489,0.00015122,-0.00013205,-0.00005769,0.000
05541,-0.00011206,0.00004277,0.00003692,0.00001034,-0.00000746,0.00010654,0.0000
6443,-0.00001373,-0.00002736,0.00009301,-0.00000225,-0.00001871,0.00009265,0.000
05630,-0.00008816,-0.00046511,-0.00025038,0.00008705,-0.00001730,-0.00000890,-0.
00000579,-0.00029681,-0.00001444,-0.00037165,0.00035929,0.00045811,0.00000957,0.
00004080,0.00001540,-0.00770740,-0.02705343,0.01648920,-0.02295051,-0.24548625,-
0.03373305,-0.00030844,0.00227022,-0.00169699,0.03269791,0.29555499,0.00000283,-
0.00019123,-0.00009483,-0.00016383,0.00026736,-0.00020930,0.00089364,-0.00021352
,-0.00158884,-0.00067883,0.00085530,0.00052606,-0.00001409,-0.00001738,0.0000001
0,0.00004246,-0.00004797,-0.00000666,-0.00003443,0.00018796,0.00021600,-0.000223
03,-0.00011024,-0.00005051,0.00017375,-0.00012355,-0.00001882,0.00051026,-0.0000
6201,-0.00013537,0.00011045,-0.00007622,0.00005580,0.00002235,-0.00001004,0.0000
0836,-0.00002281,-0.00000636,0.00003171,0.00004039,0.00003548,-0.00001677,-0.000
02154,-0.00001925,0.00001344,-0.00001625,-0.00000465,0.00000189,-0.00001085,0.00
000729,-0.00000599,-0.00005379,0.00011428,-0.00008258,-0.00006957,0.00010737,-0.
00002223,0.00005717,0.00003610,0.00006673,0.00006128,-0.00055834,0.00029648,0.00
006065,-0.00017596,-0.00016297,0.00006343,-0.00008783,0.00000808,0.00000388,0.00
003803,0.00005701,0.00003324,-0.00002351,0.00005090,-0.00014079,0.00000740,0.000
12751,-0.00002084,0.00004740,-0.00000898,-0.00006398,0.00028400,0.00034520,-0.00
003423,-0.00002105,0.00004411,0.00002969,-0.00016829,-0.00018717,-0.00025994,-0.
00012044,0.00004517,-0.00001941,-0.00000195,0.00000913,0.00482737,0.03115079,-0.
00708901,-0.00421750,-0.02961577,-0.04735119,0.00114069,0.00405164,0.00125753,0.
00279069,0.02663832,0.05850693,0.00044417,0.00106862,-0.00088993,-0.00032257,0.0
0019065,-0.00020392,-0.00023694,0.00020402,-0.00045912,0.00092546,-0.00042817,0.
00314035,0.00004835,0.00003040,0.00003037,-0.00032857,0.00004551,0.00008256,0.00
090897,-0.00156650,-0.00049997,-0.00004554,-0.00008616,-0.00004712,0.00018519,-0
.00007997,0.00003403,0.00020799,-0.00012566,0.00000212,-0.00008124,0.00007063,-0
.00002199,0.00012589,0.00009916,-0.00004070,-0.00011749,0.00021216,-0.00011145,0
.00005228,-0.00012008,-0.00013534,0.00006213,0.00002723,0.00004337,-0.00002406,0
.00008318,-0.00000586,0.00003538,-0.00007909,0.00000692,0.00009376,0.00009507,-0
.00012695,0.00001262,-0.00002657,-0.00007197,0.00000475,-0.00007428,0.00003569,0
.00029291,-0.00014079,0.00048298,-0.00077838,-0.00139044,-0.00022890,-0.00014030
,-0.00046474,0.00009313,-0.00002082,0.00010467,0.00021199,0.00015163,0.00010031,
0.00008415,-0.00006961,-0.00002159,0.00021905,-0.00004811,0.00009575,0.00004024,
0.00008662,0.00007604,-0.00001045,0.00000432,-0.00000640,0.00003008,-0.00109888,
-0.00020793,0.00157561,-0.00015482,0.00006779,-0.00010771,-0.00001269,0.00003686
,-0.00005004,0.00351436,0.00160626,0.00280374,-0.15959244,-0.02667266,-0.1192215
1,0.00025672,0.00008215,0.00074367,-0.00384259,-0.00264595,-0.00421895,0.1825073
7,0.00099859,0.00094976,-0.00093167,0.00031780,-0.00016374,0.00010849,0.00026717
,-0.00043282,0.00097463,0.00023835,0.00038904,-0.00005521,0.00009904,0.00006586,
-0.00002801,-0.00004333,0.00007694,0.00003875,-0.00158373,-0.00384521,-0.0015597
8,0.00011971,-0.00004757,0.00005158,-0.00015802,0.00006671,0.00004302,0.00008651
,-0.00014749,-0.00016805,-0.00017083,0.00016722,-0.00009087,0.00018811,0.0000723
0,-0.00003436,0.00003262,0.00015606,-0.00010255,0.00014040,-0.00000596,-0.000075
52,0.00004621,0.00001659,-0.00004739,-0.00000352,0.00002826,-0.00002347,0.000097
28,-0.00004517,-0.00004964,0.00007324,-0.00008453,0.00016541,-0.00024979,-0.0001
6647,-0.00014751,-0.00002979,0.00007527,-0.00001117,-0.00040065,0.00011013,-0.00
024207,-0.00159414,-0.00164544,0.00018400,-0.00037740,0.00013590,0.00015608,0.00
010452,0.00003465,0.00005637,0.00007672,0.00006598,0.00002287,0.00012811,-0.0002
8071,0.00005269,0.00001681,-0.00007970,0.00004258,-0.00004504,-0.00006794,-0.000
07038,-0.00001408,0.00001429,-0.00001137,-0.00028210,0.00077261,0.00035085,-0.00
009358,-0.00022991,-0.00021608,0.00009755,0.00006222,-0.00002809,0.00867940,0.00
176890,0.01002712,-0.02689666,-0.04901238,-0.02773530,-0.00071119,-0.00035554,0.
00167688,-0.02373475,-0.00900715,-0.02223727,0.03384544,0.05700469,-0.00042923,-
0.00102896,0.00029621,-0.00029694,0.00029405,-0.00006298,-0.00062230,0.00098192,
-0.00087282,-0.00184567,-0.00032835,0.00016439,-0.00005322,-0.00002987,-0.000015
90,0.00020827,0.00000784,0.00006071,-0.00020797,-0.00024991,0.00137488,-0.000168
34,-0.00009133,-0.00005078,0.00021797,-0.00012496,-0.00008379,-0.00035246,0.0000
7984,0.00021860,0.00010741,-0.00017110,0.00003913,-0.00000488,-0.00013198,0.0000
6218,-0.00018521,-0.00007691,0.00007032,-0.00001198,0.00005445,0.00008843,-0.000
01359,-0.00007043,0.00005942,-0.00004547,-0.00004714,0.00004855,0.00004388,0.000
02581,0.00000082,-0.00007614,0.00017779,-0.00009382,0.00018517,0.00024578,0.0001
4455,0.00005519,-0.00010725,0.00002103,0.00023427,-0.00025572,0.00010991,-0.0006
4728,-0.00069951,-0.00034052,0.00019598,0.00003779,-0.00014342,-0.00005544,0.000
05921,0.00001001,-0.00007645,-0.00016577,0.00007150,0.00006994,0.00016838,-0.000
01506,0.00002168,-0.00003123,-0.00002611,0.00015634,0.00009262,0.00015926,0.0000
2249,-0.00002089,0.00001299,0.00193411,0.00019645,-0.00046105,-0.00007466,0.0000
3308,-0.00005076,-0.00003845,-0.00006035,-0.00001316,-0.01766959,-0.00293272,-0.
02772035,-0.11387930,-0.02641797,-0.15712397,0.00179177,0.00319405,-0.00666350,-
0.00645806,-0.00420016,-0.00413727,0.13538069,0.03069023,0.19049517,0.00069250,0
.00000156,-0.00021276,0.00068365,-0.00047642,-0.00000189,0.00020304,-0.00160561,
0.00119181,-0.00092286,-0.00085331,0.00297973,0.00006289,0.00003413,-0.00000902,
0.00009636,-0.00002116,0.00002343,-0.00068057,-0.00009140,-0.00026036,0.00000812
,-0.00005839,0.00002754,-0.00060630,0.00022981,0.00019686,-0.00067213,0.00013996
,0.00017105,0.00011138,0.00005851,0.00003398,-0.00000296,-0.00006683,-0.00010375
,0.00000881,0.00001906,-0.00009749,0.00005380,-0.00008251,0.00008455,-0.00001543
,0.00003842,-0.00001686,0.00003933,-0.00000423,-0.00001318,0.00008338,-0.0000292
3,-0.00001482,-0.00042765,-0.00001487,-0.00005000,-0.00028137,0.00001928,-0.0001
1772,-0.00000528,0.00010018,-0.00007979,-0.00039787,0.00114591,-0.00050706,-0.00
010249,-0.00007283,0.00031990,-0.00003082,0.00012155,0.00009512,0.00018837,0.000
07414,0.00000514,-0.00001575,0.00006143,-0.00002739,-0.00002163,-0.00003886,0.00
012318,0.00001307,-0.00008037,0.00001311,-0.00017762,-0.00003988,0.00008304,-0.0
0003393,0.00005804,-0.00004448,0.00041007,0.00005284,0.00038814,0.00000096,-0.00
013270,-0.00006903,0.00003802,0.00003017,-0.00000234,-0.01224493,0.00114336,0.00
777188,-0.21806695,0.08702896,0.05636413,0.00073670,0.00029484,-0.00039744,0.002
11379,0.00075072,-0.00092660,-0.02366196,0.01063888,0.00296068,0.25283472,0.0007
6503,-0.00015535,-0.00013986,0.00187064,-0.00202234,0.00006781,-0.00156236,0.000
90032,0.00120888,-0.00124904,0.00012349,0.00284012,0.00002242,0.00000699,-0.0000
2872,0.00003427,-0.00004160,0.00001897,-0.00020848,0.00021758,-0.00007521,-0.000
31552,-0.00011919,0.00008050,-0.00051734,0.00050326,0.00033738,-0.00070376,0.000
14729,0.00012548,0.00023648,-0.00001383,-0.00002074,0.00006245,0.00000553,-0.000
07645,0.00001359,-0.00003895,-0.00002361,0.00010779,-0.00004102,0.00017342,0.000
01023,-0.00000448,-0.00002341,0.00000968,-0.00002383,0.00000570,0.00005025,-0.00
000929,-0.00001786,-0.00032687,-0.00006140,0.00003552,-0.00006596,-0.00002921,-0
.00027499,-0.00022564,0.00025729,-0.00032495,-0.00023663,0.00039449,-0.00044021,
-0.00005917,-0.00007295,0.00001549,-0.00002262,-0.00005759,0.00000389,0.00006449
,0.00002650,-0.00000619,0.00000818,0.00000252,0.00003056,-0.00008135,-0.00001356
,0.00013344,-0.00004741,-0.00005399,0.00000476,0.00012814,0.00000996,-0.00007876
,0.00001169,0.00005554,-0.00007642,0.00013041,-0.00004980,0.00000360,-0.00058080
,0.00022094,0.00029933,0.00002223,0.00001577,0.00000257,-0.01199195,0.00476535,0
.00509018,0.09057314,-0.08598349,-0.03108583,-0.00049183,0.00012705,-0.00015272,
0.02701665,-0.01824346,-0.00872929,-0.00420834,0.00287699,0.00114755,-0.09847508
,0.09610502,-0.00088692,0.00003443,0.00009972,-0.00030384,0.00049832,0.00055474,
0.00068053,0.00065739,-0.00013068,0.00158522,0.00112249,-0.00462163,-0.00001217,
-0.00001391,-0.00000783,0.00005000,0.00000430,-0.00003776,-0.00026081,0.00012097
,0.00019711,0.00024553,0.00002472,0.00001910,0.00021027,-0.00013821,-0.00034623,
0.00143235,-0.00016267,-0.00021824,-0.00025355,-0.00003622,-0.00003461,0.0000318
0,0.00000411,0.00009421,0.00001331,0.00002667,0.00006131,0.00003056,0.00025131,-
0.00022308,-0.00000041,-0.00003365,0.00002235,-0.00003623,0.00001934,0.00001329,
-0.00004336,0.00001500,-0.00000574,0.00049711,0.00006432,0.00007528,0.00018276,-
0.00005554,0.00017176,0.00008452,0.00008576,-0.00001008,-0.00022679,-0.00026629,
-0.00050544,0.00009189,-0.00017228,-0.00016131,0.00002723,0.00010189,-0.00002482
,-0.00003037,-0.00002931,-0.00004364,0.00000038,-0.00006403,0.00002069,0.0000096
4,0.00002495,-0.00019191,0.00000908,-0.00002818,0.00000240,-0.00010320,-0.000031
80,-0.00014701,0.00001770,-0.00006405,-0.00000081,-0.00045318,0.00014304,0.00003
533,0.00032247,-0.00016749,0.00006722,-0.00001239,-0.00002175,-0.00001519,0.0265
9928,-0.00705082,-0.01307672,0.05398603,-0.02869602,-0.06131372,0.00113213,0.000
01766,0.00015713,0.00500007,-0.00486583,-0.00023841,-0.01935332,0.00871061,0.005
32676,-0.06934696,0.02993211,0.07521375,0.00012904,0.00004163,0.00019646,0.00008
998,-0.00019365,-0.00005926,-0.00018064,0.00019840,-0.00108157,0.00231182,-0.002
91708,-0.00116605,0.00001037,-0.00000097,0.00000864,0.00000967,-0.00001729,-0.00
000976,-0.00000810,0.00002170,0.00002577,0.00003138,0.00000612,0.00000504,-0.000
05830,0.00003800,0.00005161,-0.00011006,0.00002951,0.00017153,0.00001357,0.00005
235,0.00002306,0.00003125,0.00003177,0.00000598,0.00000781,-0.00002413,-0.000009
81,-0.00006080,0.00002819,-0.00005759,0.00000633,0.00000860,0.00000151,0.0000071
9,0.00002053,0.00000537,-0.00000553,-0.00000697,-0.00000800,-0.00017322,-0.00012
322,-0.00002568,0.00002528,-0.00011398,-0.00008212,-0.00001589,-0.00004494,-0.00
000718,-0.00011819,0.00008056,0.00021840,-0.00004401,-0.00006770,-0.00011107,0.0
0003486,-0.00000628,0.00001592,-0.00003088,-0.00004317,-0.00007102,-0.00007426,0
.00002508,0.00002719,0.00005922,0.00010650,0.00002073,-0.00000376,-0.00000025,-0
.00000898,0.00010161,-0.00006148,0.00023735,0.00002592,0.00002619,-0.00000683,0.
00025780,0.00011455,0.00012045,-0.00039130,0.00087981,0.00022692,-0.00000618,-0.
00000473,0.00000027,-0.00359727,-0.02131384,-0.00640796,0.00029404,-0.00007290,0
.00071581,-0.04685687,0.01529834,0.00104505,0.00020939,0.00021159,0.00020527,-0.
00003347,-0.00009312,0.00027223,-0.00022611,0.00026683,-0.00002838,0.05094711,-0
.00045732,0.00071769,-0.00009857,-0.00053005,0.00033932,0.00014088,-0.00080497,-
0.00136879,-0.00144920,0.00102256,0.00102472,0.00043981,0.00001720,0.00001551,0.
00002873,-0.00002654,-0.00000981,-0.00000443,-0.00002456,-0.00007972,0.00008678,
0.00016448,0.00078674,0.00005024,0.00025664,-0.00013427,-0.00018682,-0.00003433,
-0.00012885,0.00023491,-0.00007108,-0.00009183,0.00000290,0.00010362,0.00021551,
-0.00002037,0.00012942,-0.00004533,0.00000064,0.00005046,0.00001879,-0.00009439,
-0.00000255,0.00006999,-0.00006756,-0.00001005,0.00003107,-0.00006954,-0.0000511
5,-0.00001267,-0.00007797,0.00019490,0.00004612,0.00018536,0.00002023,-0.0003312
7,0.00014179,-0.00018060,-0.00007357,0.00006835,0.00040257,-0.00013881,-0.000175
04,0.00005608,-0.00021243,-0.00009467,0.00000587,-0.00001054,0.00004584,-0.00004
270,-0.00000439,-0.00006778,0.00008381,0.00001650,0.00002974,0.00000901,0.000067
49,-0.00019872,-0.00004280,0.00008406,0.00007277,0.00011020,-0.00025372,0.000108
40,0.00003954,-0.00000187,-0.00000968,0.00034788,0.00017280,0.00031505,-0.001222
55,0.00061838,0.00018299,0.00001493,0.00004835,0.00001607,-0.01199714,-0.0250035
6,-0.01631292,0.00042853,0.00187010,0.00155065,0.01826171,-0.24272440,0.00309676
,0.00010453,0.00079583,-0.00104644,0.00034004,0.00020567,0.00049843,-0.00005194,
-0.00028045,0.00002959,-0.01228838,0.29429700,0.00005593,-0.00007351,-0.00012808
,-0.00005094,-0.00002196,0.00003298,-0.00096951,-0.00018010,-0.00079726,0.000933
79,-0.00006688,0.00011672,0.00001495,0.00000652,0.00000607,0.00001871,-0.0000273
7,0.00000809,-0.00004563,-0.00003326,0.00003167,0.00014545,0.00013763,-0.0000282
8,0.00002540,-0.00000030,0.00001647,-0.00019927,0.00022314,-0.00005599,-0.000077
41,0.00004959,0.00004284,0.00013442,-0.00002363,0.00007995,-0.00000281,0.0000428
3,0.00003106,-0.00006143,0.00004872,0.00001538,0.00000225,-0.00002692,0.00000307
,0.00001546,-0.00000496,-0.00000044,0.00001154,-0.00000894,0.00000048,-0.0000123
4,-0.00004844,-0.00002734,0.00049456,0.00071708,0.00015971,-0.00005168,-0.000048
57,0.00000381,0.00001263,0.00012549,0.00000842,-0.00005866,-0.00001451,-0.000067
82,0.00001641,0.00002351,-0.00000832,-0.00000888,-0.00000559,0.00000332,-0.00001
666,-0.00001880,-0.00002161,0.00000632,0.00001806,0.00001732,-0.00000305,0.00001
930,0.00000463,0.00023502,-0.00011259,0.00031423,0.00002088,0.00002223,-0.000007
91,0.00034984,-0.00002061,0.00006821,0.00007324,0.00028456,0.00041233,0.00000370
,0.00000373,-0.00001302,-0.00528425,-0.02763739,-0.01047569,-0.00113476,-0.00422
303,0.00152649,0.00133263,-0.00039564,-0.04459653,-0.00000217,0.00121468,-0.0004
7766,0.00013770,0.00003804,0.00043087,0.00000556,0.00022990,-0.00004075,0.003661
47,0.00907411,0.05318367,0.00100328,-0.00015664,0.00016665,0.00067259,-0.0006090
1,-0.00043860,-0.00181504,-0.00356680,-0.00065487,-0.00292869,-0.00120172,-0.004
22158,0.00004075,0.00001697,-0.00001445,0.00005264,-0.00005941,0.00003971,-0.000
03049,-0.00002475,-0.00000803,0.00009700,-0.00009861,-0.00000563,-0.00034044,0.0
0015463,0.00020889,-0.00009077,0.00022414,-0.00024957,0.00022520,0.00019886,-0.0
0002357,0.00005229,-0.00007544,-0.00006756,0.00013972,0.00011238,-0.00005114,0.0
0020014,-0.00000101,0.00008480,-0.00000262,0.00003965,-0.00003031,0.00005661,0.0
0001106,-0.00001552,0.00010441,-0.00002900,-0.00002123,-0.00057179,0.00029304,-0
.00001036,-0.00021063,0.00002430,-0.00026382,0.00006511,-0.00027551,-0.00008529,
0.00001533,0.00057770,0.00018298,-0.00005142,0.00013901,0.00018729,-0.00005845,-
0.00000876,0.00003993,0.00001849,0.00010695,0.00001799,-0.00009337,-0.00005255,-
0.00003135,0.00010533,0.00001746,0.00023776,-0.00006352,0.00003960,0.00000784,-0
.00037140,-0.00033611,-0.00000014,-0.00002043,0.00009855,-0.00001827,-0.00122562
,0.00013421,0.00020705,0.00054983,-0.00055759,-0.00029659,0.00002204,0.00003268,
-0.00002391,-0.02281474,0.00226059,-0.00025568,0.00075346,0.00006276,0.00073427,
-0.24531192,0.05912236,0.03659603,-0.00016809,0.00009880,0.00001180,0.00024535,-
0.00003459,0.00038325,0.00034920,-0.00005780,-0.00044051,-0.00444397,0.00441965,
0.00204518,0.28805784,0.00068285,-0.00032446,-0.00027897,-0.00003806,-0.00016402
,-0.00042125,-0.00149078,-0.00007757,-0.00047997,-0.00130997,0.00043823,-0.00168
402,0.00001413,0.00000635,0.00000516,0.00003645,-0.00003896,0.00002075,-0.000038
50,0.00001410,0.00004100,-0.00058221,-0.00018940,-0.00007297,-0.00000973,0.00004
031,0.00017245,0.00006695,0.00010756,-0.00010282,0.00039333,-0.00007594,0.000025
85,-0.00002812,-0.00001857,-0.00011733,0.00004138,-0.00001511,-0.00004483,0.0000
8224,0.00000321,0.00006541,-0.00003097,-0.00001320,-0.00003090,0.00003498,-0.000
00442,-0.00001016,0.00004439,-0.00001793,-0.00001371,-0.00052250,-0.00021493,-0.
00010902,0.00011281,0.00022606,0.00013130,-0.00016369,0.00003329,0.00004165,0.00
028805,-0.00000935,-0.00005680,-0.00014247,-0.00002088,0.00000166,0.00005872,-0.
00005093,-0.00001740,0.00005943,-0.00000527,0.00005982,0.00001767,0.00003949,0.0
0005763,-0.00007060,0.00008644,0.00016564,-0.00001972,0.00000812,0.00002927,0.00
034635,0.00016963,0.00012680,0.00001430,0.00009679,0.00004624,-0.00077049,0.0003
0199,0.00004381,-0.00014714,0.00014191,0.00008538,0.00001892,0.00001514,0.000035
24,-0.01086908,0.00277645,0.00125681,-0.00004013,0.00019542,0.00038627,0.0583919
7,-0.05799649,-0.00915071,0.00029290,-0.00043019,-0.00014249,-0.00009061,-0.0001
3027,0.00001738,-0.00001578,0.00024846,0.00003720,0.03041926,-0.01339854,-0.0062
9065,-0.06520055,0.06599456,0.00032885,-0.00008419,-0.00020591,0.00009282,-0.000
52948,0.00011303,-0.00027369,0.00041075,0.00072612,-0.00320236,-0.00079747,-0.00
317313,0.00001627,0.00000937,-0.00001079,0.00002640,-0.00003281,0.00000573,-0.00
004657,-0.00000011,0.00000026,-0.00009011,0.00006618,0.00002529,-0.00000947,0.00
016040,-0.00001884,-0.00004638,-0.00008310,0.00010477,0.00000709,-0.00004128,0.0
0000039,0.00001897,-0.00001310,-0.00003200,-0.00001263,-0.00002584,0.00001024,-0
.00005809,-0.00002157,0.00004532,0.00000129,0.00000477,-0.00000733,-0.00000479,0
.00000035,-0.00000867,0.00001914,0.00000930,-0.00002033,-0.00011747,-0.00009302,
-0.00000544,-0.00013222,-0.00014042,0.00014363,-0.00003025,-0.00000671,-0.000046
27,0.00018374,0.00039580,-0.00020696,-0.00006685,-0.00002883,-0.00001829,-0.0000
5920,-0.00005603,-0.00004365,0.00006113,0.00002660,0.00002773,0.00002858,0.00002
889,0.00002110,-0.00005557,0.00000690,0.00005339,-0.00000076,-0.00000826,0.00000
939,0.00008282,0.00006708,-0.00012527,-0.00003668,-0.00001835,-0.00007093,-0.001
42349,0.00028462,0.00016955,0.00015044,0.00011680,-0.00014459,0.00001740,0.00000
967,0.00001000,-0.02296641,0.00458684,0.00154264,-0.00129413,0.00011392,0.000793
50,0.04148559,-0.01089064,-0.04979957,-0.00007497,0.00016614,-0.00020504,0.00017
116,-0.00005848,0.00024122,-0.00021514,-0.00024894,-0.00076814,0.00035280,0.0003
3373,0.00119374,-0.03957495,0.01318286,0.05539068,0.00010609,0.00052996,0.000186
08,0.00002488,-0.00017649,0.00014798,0.00058572,0.00041201,0.00019524,0.00049837
,0.00032210,-0.00090367,0.00003121,0.00002037,0.00002591,0.00003590,-0.00002733,
0.00002591,-0.00002611,0.00002158,0.00005912,0.00017537,0.00001367,0.00000946,-0
.00001389,0.00004795,-0.00002560,-0.00041318,-0.00013951,-0.00032138,-0.00025157
,0.00011100,0.00000059,-0.00009219,-0.00015314,0.00009216,-0.00003531,-0.0001221
7,-0.00003384,-0.00029443,0.00004888,-0.00013209,0.00000585,-0.00000046,-0.00003
504,0.00002966,0.00003253,-0.00004350,0.00000195,-0.00000161,-0.00004574,0.00027
849,-0.00018654,0.00000210,-0.00043967,-0.00125531,0.00026550,0.00001354,0.00008
025,0.00001142,-0.00005624,0.00010602,0.00001149,-0.00004193,-0.00007155,0.00004
503,0.00003938,0.00000528,0.00002800,-0.00001289,0.00006736,0.00000284,0.0000715
8,-0.00000654,0.00004145,-0.00001209,0.00002193,-0.00010662,0.00001601,0.0000181
7,0.00003519,-0.00001459,0.00009345,-0.00017680,-0.00003427,-0.00003975,-0.00003
857,0.00017877,-0.00002468,-0.00000050,-0.00027646,0.00039580,-0.00039732,0.0000
2653,0.00001417,0.00005058,0.00402591,0.00521458,-0.01617423,-0.00146044,-0.0006
4778,-0.00289269,-0.06956582,-0.02911954,0.07094215,-0.00013077,0.00010625,0.000
11164,0.00037449,0.00033381,-0.00114025,0.00004811,-0.00007175,-0.00015451,0.001
83901,0.00125786,-0.00188164,-0.01163352,-0.01126410,0.02625627,0.07667956,0.000
95020,-0.00006417,0.00020531,0.00003818,0.00001374,-0.00012516,-0.00041289,-0.00
173824,-0.00190626,0.00018173,0.00037215,0.00030426,0.00002450,0.00002365,0.0000
3078,0.00006652,-0.00003431,0.00007143,-0.00003769,-0.00002186,0.00007796,-0.000
19620,-0.00030551,-0.00017917,-0.00006919,0.00003029,0.00011593,-0.00037972,0.00
046406,-0.00053371,0.00010631,0.00009749,0.00009080,-0.00028889,-0.00028831,0.00
001824,-0.00010682,-0.00006017,-0.00008969,-0.00009059,0.00002450,0.00001060,-0.
00004943,-0.00008755,-0.00002017,0.00006290,-0.00001095,-0.00002032,0.00007614,-
0.00004390,-0.00002113,-0.00017314,-0.00012589,-0.00019560,-0.00124767,-0.001023
32,0.00055436,0.00004591,0.00000283,-0.00004904,0.00006173,0.00008805,0.00022488
,-0.00013898,0.00005766,0.00002877,0.00011872,0.00004349,-0.00002334,-0.00002210
,0.00005507,0.00003593,0.00005232,-0.00006944,-0.00001689,-0.00004502,0.00003035
,0.00005527,0.00002842,0.00003727,0.00005395,0.00009770,0.00002687,0.00014312,-0
.00003110,0.00003133,0.00002588,0.00000229,-0.00019027,-0.00010140,0.00012258,-0
.00043338,0.00027945,0.00003240,0.00001390,0.00004526,0.00324126,0.00343899,-0.0
0916719,-0.00125475,0.00041143,-0.00090428,-0.02708930,-0.07512245,0.07844499,0.
00006038,0.00031833,-0.00005845,0.00000389,0.00056718,-0.00063217,-0.00003062,0.
00002819,0.00006991,-0.01061785,-0.01676241,0.02706867,0.00294034,0.00367578,-0.
00715921,0.03379776,0.08641559,0.00105818,0.00027628,-0.00019678,0.00015070,-0.0
0003072,-0.00023600,0.00119033,-0.00190057,-0.00247348,0.00069387,0.00022870,0.0
0067205,0.00003979,0.00000697,0.00003108,0.00002409,-0.00002648,0.00000210,0.000
04086,0.00006795,0.00005382,0.00003549,-0.00012169,-0.00002626,-0.00013734,-0.00
001471,0.00014751,-0.00036756,0.00008051,-0.00001684,0.00013172,0.00018785,-0.00
006093,-0.00020985,-0.00024736,-0.00009316,0.00000196,0.00005603,-0.00002589,-0.
00027723,-0.00012202,-0.00012743,0.00000492,0.00002605,-0.00004874,0.00008299,0.
00003668,-0.00002355,0.00003926,-0.00002145,-0.00001035,-0.00063933,-0.00021569,
-0.00017930,0.00048422,0.00036422,0.00082148,0.00001961,-0.00007616,-0.00003344,
-0.00037633,-0.00022205,0.00034718,-0.00016116,0.00002011,0.00025395,0.00007428,
-0.00013090,0.00011117,0.00019463,0.00006719,0.00017115,0.00004012,0.00015457,0.
00006935,-0.00011167,0.00004078,0.00033368,-0.00009112,0.00006961,0.00001790,-0.
00013996,-0.00011069,-0.00007759,-0.00003623,0.00007616,0.00002250,0.00044677,0.
00008380,0.00011897,-0.00013469,0.00028233,-0.00009591,0.00003169,0.00005575,0.0
0003435,0.00497100,0.00684742,-0.02702360,-0.00395860,-0.00177820,-0.00514913,0.
06445549,0.07648037,-0.21739597,-0.00026733,-0.00070004,0.00043765,0.00036063,0.
00060771,-0.00165164,-0.00018379,0.00009521,0.00026494,0.00152779,0.00341467,-0.
00095876,0.00509006,0.00271401,-0.00590533,-0.07414771,-0.08677026,0.25787607,-0
.00066374,0.00048749,-0.00004966,-0.00053710,0.00104320,-0.00529533,-0.00557053,
-0.00062478,-0.00378061,-0.00015161,0.00000224,-0.00000249,0.00001245,0.00000663
,0.00000026,0.00001811,-0.00000276,0.00002646,-0.00003194,-0.00005656,0.00010128
,-0.00187578,0.00477338,-0.00251558,-0.00017825,-0.00029517,-0.00032653,-0.00016
801,-0.00020373,-0.00004556,-0.00504735,-0.00103648,0.00124578,-0.00008556,0.000
11630,-0.00000971,0.00014188,-0.00004966,-0.00000099,0.00005146,0.00000304,-0.00
007747,0.00006683,0.00002798,-0.00019755,0.00005040,0.00002687,-0.00001072,0.000
02622,-0.00000858,-0.00001065,0.00027399,-0.00117214,0.00029795,0.00007458,-0.00
010719,0.00095151,-0.06506876,-0.01717772,-0.02362082,0.00120448,0.00019110,-0.0
0032513,-0.00002250,-0.00022929,0.00000643,0.00011843,-0.00000919,0.00007971,0.0
0009166,0.00001883,-0.00000483,0.00025790,0.00005071,-0.00002979,-0.00017377,0.0
0002912,-0.00022584,-0.00004011,0.00005082,0.00020243,-0.03395633,-0.02362853,-0
.01742999,0.00433426,0.00435643,0.00451980,0.00007337,-0.00011373,0.00003741,0.0
0000590,0.00003213,-0.00001137,0.00013265,0.00007184,0.00002165,-0.00018298,0.00
040161,-0.00004865,0.00001041,0.00004552,-0.00001620,0.00006725,-0.00079355,-0.0
0006170,0.00000150,0.00009413,-0.00001563,0.00006208,-0.00006793,0.00009086,-0.0
0001659,-0.00001266,-0.00013158,0.00019688,-0.00006013,0.00008223,0.00021877,0.0
0035491,-0.00021528,-0.00021793,-0.00007210,0.00017135,0.46247385,-0.00033000,0.
00011986,-0.00027979,0.00378872,0.00859703,0.00219450,0.00294515,0.00062147,0.00
402197,0.00017633,-0.00004489,-0.00001117,-0.00002686,0.00000682,0.00000628,-0.0
0003485,0.00004375,-0.00000558,0.00000585,0.00006710,-0.00007289,0.00030783,0.00
226864,-0.00095961,-0.00145585,-0.00067879,0.00075701,0.00028446,-0.00000961,0.0
0011185,-0.00109890,-0.00039676,0.00009029,0.00018821,0.00004766,0.00017123,0.00
000259,-0.00001269,0.00006564,0.00002921,0.00006766,0.00006715,0.00006051,-0.000
01628,0.00000551,-0.00007160,-0.00002933,-0.00002289,-0.00006311,0.00003552,-0.0
0004676,0.00061439,0.00006024,0.00019477,-0.00001457,-0.00016186,-0.00064790,-0.
01687966,-0.09138985,-0.03330728,0.00041195,-0.00269809,0.00011979,0.00005798,0.
00003989,-0.00009282,-0.00014036,0.00004754,-0.00011194,-0.00007798,-0.00001673,
-0.00004191,-0.00009291,-0.00014493,-0.00012673,0.00001430,-0.00011832,-0.000194
63,0.00001555,-0.00008143,0.00000181,-0.01116258,-0.00502865,-0.00338667,-0.0116
3550,-0.01763229,-0.01972359,-0.00004382,0.00008998,-0.00005578,-0.00001739,0.00
006458,0.00003629,-0.00001160,-0.00003664,0.00000651,0.00000425,0.00050483,-0.00
004016,-0.00009297,-0.00008422,0.00011953,-0.00043030,0.00073591,-0.00005639,0.0
0001912,0.00009212,-0.00001519,-0.00007481,0.00004703,-0.00007386,0.00000976,0.0
0002828,0.00010127,-0.00012996,0.00020821,-0.00009690,-0.00032486,-0.00037709,0.
00021730,0.00022308,-0.00007921,-0.00030840,-0.02649372,0.45776773,-0.00054462,0
.00016677,0.00006142,-0.01389444,-0.01017706,-0.02131394,-0.00132987,0.00143395,
0.00020497,-0.00005250,-0.00002379,0.00000290,-0.00002711,0.00000169,-0.00001535
,-0.00000865,0.00000686,-0.00001027,-0.00001956,-0.00002855,0.00000902,0.0017313
8,0.00078654,0.00015983,0.00323991,0.00255783,-0.00158456,-0.00007389,0.00006867
,-0.00000527,-0.00058657,0.00063119,-0.00018816,0.00002136,-0.00005734,-0.000101
42,0.00007883,-0.00002661,-0.00000838,0.00000920,0.00001726,-0.00002944,0.000028
00,-0.00000634,-0.00005579,0.00002622,-0.00000722,0.00001498,0.00000424,0.000016
78,0.00001167,-0.00006876,-0.00046163,-0.00001611,-0.00045178,0.00014095,0.00015
916,-0.03971917,-0.04898183,-0.11062394,0.00249062,0.00112334,-0.00005823,-0.000
00387,-0.00003223,0.00003151,0.00006680,0.00004856,-0.00002792,-0.00000361,-0.00
000210,0.00005212,0.00011084,0.00000130,0.00003686,0.00006910,-0.00007868,-0.000
00030,0.00006371,-0.00002118,0.00003242,-0.00200296,0.00004704,0.00667445,-0.001
87821,-0.00370129,-0.00337761,0.00000842,-0.00003921,0.00001341,-0.00000060,0.00
000407,0.00000289,0.00004271,0.00000222,0.00003702,-0.00007369,0.00022170,-0.000
19184,0.00000962,-0.00000674,0.00004818,-0.00007419,0.00017778,-0.00012024,0.000
00927,0.00002209,-0.00000962,-0.00000818,-0.00001029,0.00001031,0.00001248,-0.00
004795,-0.00002609,-0.00006577,0.00004461,-0.00001190,-0.00009504,-0.00005406,-0
.00000643,-0.00003946,0.00001689,-0.00003021,-0.01984175,-0.05751938,0.45762240,
0.00052791,-0.00027370,0.00000335,0.00020787,0.00164559,-0.00336603,-0.00204369,
0.00196479,-0.00039146,-0.00006372,0.00004513,0.00003862,-0.00000119,-0.00002005
,-0.00004095,0.00001905,-0.00003251,-0.00002471,0.00003448,0.00003004,-0.0000035
4,-0.00238004,-0.00215153,-0.00023975,-0.00177476,-0.00055158,0.00148204,0.00004
557,0.00004909,-0.00014959,0.00158929,-0.00021289,0.00011186,-0.00001308,-0.0000
7778,-0.00014191,0.00000530,-0.00001795,0.00000374,0.00005199,0.00000664,0.00001
093,-0.00004835,0.00001760,0.00003899,0.00002715,0.00001201,0.00004016,0.0000402
0,-0.00000265,0.00005133,-0.00043362,0.00035812,-0.00018448,-0.00005065,0.000021
86,-0.00021867,-0.02277070,-0.01249580,-0.00323697,0.00032168,-0.00133326,0.0006
7753,-0.00006274,0.00011599,0.00008881,0.00009802,0.00000752,0.00000160,0.000004
86,-0.00001590,0.00004977,-0.00003403,0.00002667,0.00006181,0.00002305,0.0000665
1,0.00018541,-0.00001432,-0.00000885,-0.00007004,-0.00014542,-0.00161039,-0.0012
4502,0.00066197,0.00012836,0.00025134,-0.00001186,-0.00000356,0.00001842,0.00000
649,-0.00008705,-0.00002571,-0.00003087,-0.00000680,-0.00001990,-0.00004067,-0.0
0062271,0.00017029,0.00002855,-0.00000991,-0.00018553,-0.00001218,0.00013877,0.0
0026892,0.00000670,-0.00019460,0.00002683,-0.00006168,0.00001401,-0.00000692,0.0
0015382,0.00009816,0.00011462,0.00003319,-0.00018191,-0.00003627,0.00035292,0.00
005298,-0.00033272,-0.00011861,0.00005952,0.00007848,-0.17617259,-0.03336976,0.0
5497291,0.61634225,0.00038314,-0.00008047,0.00005525,0.00070503,0.00186577,-0.00
065083,0.00073846,0.00045641,-0.00031959,-0.00003098,0.00003530,0.00000553,0.000
01005,-0.00000772,-0.00000550,0.00000908,-0.00001256,-0.00000718,-0.00000167,0.0
0000152,-0.00002138,-0.00096970,-0.00030288,-0.00020104,-0.00070215,-0.00060672,
0.00055559,-0.00003140,0.00004946,-0.00006015,0.00016272,-0.00017239,0.00013141,
-0.00002757,-0.00007059,-0.00000821,0.00000049,-0.00000015,-0.00000296,-0.000019
65,-0.00001904,-0.00000040,-0.00001256,-0.00001211,0.00000677,0.00001776,0.00000
035,0.00000407,0.00001569,-0.00000100,0.00001621,-0.00033426,-0.00005650,-0.0000
6142,0.00001644,-0.00000610,-0.00018157,-0.01680953,-0.00555928,0.00223114,-0.00
021437,-0.00061314,0.00037687,-0.00001830,0.00005432,0.00003997,0.00000974,-0.00
000442,0.00001475,0.00001874,-0.00002336,0.00002122,-0.00003775,0.00004007,0.000
04068,0.00002884,0.00002491,0.00014760,-0.00001305,-0.00001100,-0.00001320,-0.00
190794,-0.00163627,-0.00148347,-0.00011600,-0.00035698,-0.00001866,-0.00000262,0
.00000845,0.00000675,0.00000225,-0.00002729,-0.00001411,0.00000126,0.00000304,-0
.00000308,-0.00003923,-0.00028420,0.00004180,0.00003063,-0.00001902,-0.00003512,
0.00014403,-0.00008021,0.00003893,-0.00000251,-0.00004631,0.00000145,0.00001550,
0.00000118,-0.00001914,-0.00000401,0.00002447,-0.00003887,0.00002840,-0.00006583
,0.00002687,0.00008160,0.00009652,0.00004284,-0.00004974,0.00006863,0.00008152,-
0.03686567,-0.07528941,0.02133561,-0.05551591,0.53755613,-0.00020110,0.00014163,
-0.00004017,-0.00254729,-0.00093341,0.00137784,0.00021081,-0.00065368,0.00019727
,0.00002408,-0.00001895,-0.00001810,0.00000212,0.00000562,0.00001200,-0.00000882
,0.00001334,0.00001019,-0.00001766,-0.00000804,0.00000710,0.00005577,0.00149241,
-0.00041714,0.00049859,-0.00038839,-0.00119618,0.00002415,-0.00002754,0.00002808
,-0.00139077,-0.00017494,0.00018300,0.00002391,0.00004682,0.00007650,0.00001169,
-0.00000465,0.00000818,0.00000121,0.00001291,0.00000584,0.00002944,-0.00001448,-
0.00004771,-0.00000572,-0.00000838,-0.00001475,-0.00001559,0.00000278,-0.0000202
3,0.00019710,-0.00032552,0.00010660,0.00006483,-0.00005673,0.00007736,-0.0095938
5,-0.00123037,0.00891964,0.00039924,0.00020356,-0.00028304,0.00003073,-0.0000507
2,-0.00003268,-0.00003847,0.00001122,-0.00000873,-0.00000420,0.00000312,-0.00002
233,0.00001268,-0.00002993,-0.00003522,-0.00001933,-0.00002207,-0.00009450,0.000
00859,-0.00000321,0.00006549,-0.00470923,-0.00359844,-0.00195462,-0.00037696,-0.
00013335,-0.00012635,0.00000524,0.00000108,-0.00000002,0.00000083,0.00003105,0.0
0000906,0.00003444,0.00000971,0.00001079,-0.00000232,0.00025801,-0.00005318,-0.0
0002737,0.00000764,0.00006585,-0.00006326,0.00000808,-0.00007543,0.00000694,0.00
004825,-0.00000873,0.00000648,-0.00000572,0.00001635,-0.00002920,-0.00000802,-0.
00000710,-0.00002772,0.00005435,0.00001107,-0.00003930,-0.00001517,0.00006336,0.
00001815,-0.00001206,-0.00004526,0.04608498,0.01692304,-0.08122158,-0.06896752,-
0.20498601,0.27795042,0.00023050,0.00021339,-0.00009961,0.00082832,-0.00181357,0
.00084385,-0.00062834,-0.00140725,0.00028387,0.00001562,0.00000123,-0.00000339,0
.00001343,0.00000765,0.00000381,-0.00001578,0.00000407,0.00000276,-0.00003869,-0
.00003836,-0.00003671,0.00052651,0.00053625,0.00007832,-0.00077326,0.00001027,-0
.00060497,-0.00000340,-0.00009036,0.00002941,-0.00061717,0.00020017,-0.00004138,
0.00003888,0.00002570,0.00001475,0.00005694,0.00000374,0.00000512,-0.00002539,-0
.00001958,-0.00003945,0.00003571,0.00001720,-0.00002855,0.00001239,0.00000975,-0
.00000863,-0.00000618,-0.00000071,-0.00000580,-0.00005179,-0.00031378,0.00009688
,-0.00002903,-0.00009680,-0.00004080,0.00011737,0.00018539,0.00112237,-0.0006558
0,0.00126384,-0.00038586,0.00000956,-0.00001153,0.00004807,-0.00005320,0.0000024
4,0.00003880,0.00002457,-0.00001273,-0.00000454,0.00001573,0.00003269,-0.0000098
5,-0.00002236,-0.00005009,0.00003903,-0.00000789,-0.00000999,0.00003725,-0.00063
163,-0.00051280,-0.00067936,-0.00020062,0.00000651,-0.00019540,0.00003061,-0.000
00624,0.00001012,0.00001202,0.00001235,-0.00000768,0.00002993,0.00001533,0.00000
086,0.00000148,0.00033472,-0.00003945,0.00005243,0.00003764,0.00014597,0.0003212
8,-0.00020190,-0.00022433,-0.00000584,0.00012124,-0.00006201,0.00012480,-0.00000
402,0.00002016,-0.00024146,-0.00002329,-0.00034646,0.00004023,0.00008034,0.00005
091,-0.00096078,0.00042302,0.00066499,0.00006574,-0.00002534,-0.00004981,-0.0080
5377,-0.02354291,0.01576932,-0.09117780,0.02386567,-0.00441134,0.64895302,-0.000
48228,0.00003439,0.00016665,-0.00188491,0.00192219,0.00002540,0.00133503,0.00055
623,-0.00058826,0.00003230,-0.00005905,-0.00000152,-0.00001405,0.00000054,0.0000
1335,0.00000723,0.00000536,0.00000869,0.00002195,0.00000602,0.00004820,0.0000515
7,0.00039405,-0.00009697,0.00044899,-0.00087841,-0.00049823,-0.00002091,0.000025
15,0.00000208,-0.00006933,-0.00015065,0.00003346,-0.00002705,0.00000238,-0.00001
259,-0.00001884,-0.00001057,-0.00002538,0.00001692,0.00000578,-0.00000162,-0.000
00586,-0.00000377,-0.00000867,-0.00001324,-0.00000745,-0.00000752,-0.00000451,-0
.00000050,-0.00001128,0.00021791,0.00008059,0.00000084,0.00000587,0.00006672,0.0
0013879,0.00129149,0.00097732,0.00120409,-0.00013878,-0.00177130,-0.00014645,0.0
0002637,-0.00004185,-0.00003574,0.00005255,0.00000490,-0.00002539,-0.00002039,0.
00000916,0.00001014,0.00003992,-0.00002594,0.00000604,0.00001204,0.00004134,-0.0
0007772,0.00000315,0.00002606,0.00000667,-0.00005982,-0.00020825,-0.00002284,-0.
00009376,-0.00036955,-0.00005799,-0.00001499,-0.00001948,-0.00000874,-0.00002819
,0.00002642,0.00001859,-0.00000694,0.00000089,0.00002070,0.00013595,-0.00005615,
0.00001325,0.00003848,-0.00006977,-0.00007991,-0.00029086,0.00010008,0.00006600,
-0.00005351,0.00000405,0.00005397,-0.00007514,0.00000792,0.00000819,0.00010806,-
0.00015086,0.00029093,-0.00010319,0.00004172,-0.00001393,0.00043316,-0.00047458,
-0.00046859,-0.00000375,-0.00000607,-0.00001826,-0.00808201,-0.01250987,0.008814
52,-0.04207119,-0.25025261,0.12310795,-0.04912428,0.52139141,0.00014300,-0.00001
237,0.00000078,0.00052034,-0.00004142,-0.00035523,-0.00025640,-0.00044063,-0.000
33845,-0.00000596,0.00002207,0.00006669,0.00000170,-0.00000034,-0.00000306,-0.00
000458,-0.00000238,-0.00000317,0.00001037,-0.00001244,-0.00000656,-0.00000020,-0
.00026009,0.00006643,-0.00081360,-0.00029296,-0.00017586,-0.00003558,0.00001427,
0.00002315,0.00004184,0.00004669,-0.00001344,-0.00000829,-0.00000819,0.00002598,
-0.00000866,0.00000636,0.00001030,-0.00002574,-0.00000329,-0.00000683,-0.0000042
5,-0.00000846,0.00000934,0.00000211,0.00000345,-0.00000025,0.00000023,0.,0.00000
062,-0.00003362,0.00004099,-0.00001133,-0.00002091,0.00001444,0.00008775,-0.0013
7675,-0.00024943,-0.00134429,-0.00057448,-0.00019392,-0.00000425,0.00000727,0.00
001564,-0.00000223,-0.00000663,0.00000782,-0.00000301,-0.00001914,-0.00000303,0.
00000508,-0.00000847,-0.00000458,-0.00000356,0.00001173,-0.00001000,0.00001369,0
.00000172,0.00000926,-0.00000639,0.00022918,0.00028488,0.00008588,0.00018353,0.0
0027744,0.00024412,0.00004016,0.00000513,0.00000415,-0.00000320,0.00001330,-0.00
000631,-0.00000394,-0.00000260,-0.00000966,0.00007994,0.00004771,0.00000937,0.00
005850,0.00001587,-0.00009572,-0.00019844,-0.00005151,-0.00013255,-0.00002811,0.
00002913,-0.00000422,0.00000261,0.00000717,0.00004163,0.00009502,-0.00005560,-0.
00005441,0.00012720,0.00001046,0.00000489,-0.00017447,0.00015861,0.00001837,0.00
004334,-0.00000853,0.00003782,0.00765906,0.01248538,-0.00692539,0.03333602,0.108
82875,-0.11783121,-0.09325214,-0.22340334,0.26501629,0.00004048,-0.00004163,0.00
002619,-0.00050447,-0.00004991,-0.00012108,0.00015869,0.00029455,-0.00008917,-0.
00000570,0.00000327,0.00000211,-0.00000402,-0.00000144,-0.00000360,-0.00000394,0
.00000032,-0.00000165,-0.00000845,0.00001310,0.00000665,-0.00009270,-0.00037576,
0.00004488,0.00025211,0.00006122,0.00013588,0.00000105,0.00000799,-0.00002653,0.
00016624,0.00004511,-0.00000921,-0.00001353,-0.00001785,-0.00003167,-0.00000744,
-0.00000673,-0.00001367,0.00000450,0.00000165,-0.00001024,-0.00000764,0.00000015
,0.00000933,0.00000460,0.00000397,0.00000730,0.00000362,-0.00000208,0.00000617,-
0.00008037,0.00002290,-0.00003369,-0.00000646,0.00002018,-0.00000681,-0.00064851
,-0.00009882,-0.00062207,-0.00000210,-0.00006941,0.00004191,-0.00001994,0.000011
70,0.00003315,0.00002903,-0.00000212,0.00000086,0.00000883,0.00000313,0.00002213
,0.00000888,0.00001421,0.00001707,-0.00001065,0.00002424,0.00003665,-0.00001077,
-0.00000542,-0.00001026,0.00021272,0.00026247,-0.00004492,0.00011676,0.00022623,
0.00014303,-0.00001528,-0.00000404,0.00000929,-0.00001048,-0.00000620,-0.0000056
9,-0.00000784,0.00000029,0.00000745,0.00006409,-0.00004131,0.00002215,0.00002554
,0.00000578,-0.00003550,-0.00002415,0.00005197,0.00010842,-0.00000538,-0.0000608
2,0.00000062,-0.00004147,0.00001900,0.00002384,0.00006340,0.00002102,0.00007898,
-0.00005167,-0.00002520,-0.00000124,0.00014436,-0.00006747,-0.00022547,-0.000091
18,0.00002236,-0.00000436,0.00259905,0.00141732,0.00129296,0.01933694,-0.0777030
2,0.04024611,-0.28032760,-0.02514060,0.06870124,0.63586845,0.00021156,-0.0000619
6,-0.00002033,-0.00031018,-0.00004836,-0.00026393,-0.00029123,0.00005989,0.00002
313,-0.00001949,0.00003470,0.00003391,0.00000194,-0.00000402,-0.00000796,-0.0000
0140,-0.00000543,-0.00000452,-0.00000239,0.00000958,-0.00001953,-0.00011573,-0.0
0027852,0.00002647,0.00018277,-0.00002223,0.00014640,-0.00002123,0.00001156,-0.0
0002877,0.00023842,0.00002215,-0.00000945,-0.00001301,-0.00003928,-0.00003138,0.
00000254,0.00000895,0.00000261,-0.00001007,-0.00000568,-0.00000402,0.00000110,0.
00000175,0.00000952,0.00001026,0.00000064,0.00000631,0.00000884,-0.00000247,0.00
000950,-0.00017413,0.00000490,-0.00003598,-0.00000639,-0.00000157,-0.00005735,0.
00033834,0.00007567,-0.00020840,0.00032154,-0.00000632,0.00015878,-0.00001985,0.
00003553,0.00003773,0.00000917,0.00000212,0.00001103,0.00001107,0.00000315,0.000
01502,-0.00001226,0.00001360,0.00001362,0.00001110,0.00000530,0.00006825,-0.0000
0699,-0.00000984,-0.00001118,0.00031003,0.00027564,0.00007270,0.00001812,0.00007
946,0.00006186,0.00001031,0.00000243,0.00000732,0.00000466,-0.00001472,-0.000010
69,-0.00000167,-0.00000376,-0.00000198,-0.00003431,-0.00011370,0.00005731,0.0000
0491,0.00003037,0.00000333,0.00000348,-0.00000350,-0.00004573,0.00001919,-0.0000
3298,-0.00002604,0.00003256,0.00000040,0.00000270,0.00000654,0.00008848,-0.00014
164,0.00006994,-0.00002700,-0.00000044,-0.00016310,0.00019127,0.00010877,0.00001
434,-0.00001724,0.00002957,0.00084304,-0.00219976,0.00551520,-0.02703431,-0.0103
0783,0.01182594,-0.09127801,-0.10370246,0.05515800,-0.05227421,0.53913194,-0.000
18659,0.00003112,0.00001261,0.00053969,0.00001533,-0.00010202,0.00022190,-0.0000
9218,-0.00002931,0.00001208,-0.00003716,-0.00001457,0.00000163,0.00000143,0.0000
0673,0.00000066,0.00000022,0.00000293,0.00000668,-0.00001363,0.00000877,0.000164
34,0.00015687,0.00001561,-0.00050041,-0.00009375,-0.00008628,0.00001318,-0.00000
712,0.00003261,-0.00008492,-0.00000463,-0.00001024,0.00002409,0.00002483,0.00002
627,-0.00000530,-0.00000440,-0.00000085,0.00000949,0.00001077,0.00000273,-0.0000
0293,-0.00000279,-0.00000378,-0.00000832,-0.00000218,-0.00000770,-0.00000910,0.0
0000014,-0.00000832,0.00012062,0.00002626,0.00002092,0.00001065,0.00001122,0.000
04346,0.00118468,0.00061369,-0.00038222,-0.00020090,-0.00003120,-0.00005278,0.00
001699,-0.00002981,-0.00003348,0.00000147,0.00000280,-0.00001147,-0.00001893,0.0
0000376,-0.00001098,0.00000768,-0.00002254,-0.00000628,0.00000959,0.00000501,-0.
00005900,0.00000388,0.00001106,0.00000390,0.00019986,0.00014277,0.00021258,-0.00
001127,-0.00003573,-0.00000164,0.00000055,-0.00000120,-0.00000789,-0.00000340,0.
00001783,0.00000946,0.00000039,0.00000387,-0.00000014,0.00001635,0.00008660,-0.0
0002932,0.00000610,-0.00003564,-0.00000151,-0.00000153,-0.00001154,-0.00000730,-
0.00002009,0.00004459,0.00001606,-0.00000390,-0.00000134,-0.00000288,0.00000203,
-0.00007664,0.00005147,-0.00004118,0.00004480,0.00000077,0.00001475,-0.00011555,
-0.00002777,0.00001017,0.00000350,-0.00001187,0.00113206,0.00458750,0.00382759,0
.01038157,0.02380416,-0.01607315,0.10852101,0.04003811,-0.09544682,-0.09464524,-
0.23203047,0.27337704,-0.00009234,0.00002825,0.00001330,-0.00052540,0.00030484,0
.00032784,0.00018315,0.00007713,0.00000293,-0.00000311,0.00000273,-0.00001065,0.
00000102,-0.00000318,-0.00000517,0.00000450,-0.00000471,0.00000076,0.00000283,-0
.00000357,0.00000919,-0.00003533,0.00003698,-0.00002481,0.00039527,0.00006564,-0
.00018720,-0.00001217,-0.00000675,-0.00003013,-0.00000542,-0.00002216,0.00000430
,-0.00000278,-0.00001465,-0.00004010,0.00000479,-0.00000629,-0.00001546,0.000012
98,-0.00000134,-0.00001444,0.00000495,0.00000159,-0.00000873,0.00000776,-0.00000
084,0.00000340,0.00000769,-0.00000458,0.00000641,-0.00001367,-0.00003711,-0.0000
0562,-0.00003139,0.00000727,-0.00001356,0.00024543,0.00003731,0.00023695,0.00029
783,-0.00024311,-0.00008048,0.00000663,0.00001127,0.00003147,0.00002320,0.000004
16,0.00001773,0.00001136,0.00000768,0.00001349,0.00001986,0.00001071,0.00001297,
0.00000866,0.00000468,0.00002053,0.00000315,0.00000095,0.00000289,0.00005751,0.0
0001776,0.00002725,-0.00003854,-0.00007286,-0.00000684,-0.00000448,-0.00001972,0
.00000302,-0.00000142,-0.00000969,0.00000392,0.00000738,-0.00000093,0.00000411,0
.00003538,-0.00004152,-0.00000816,-0.00000336,-0.00000026,-0.00000756,0.00003671
,0.00002583,0.00001761,-0.00001026,0.00000651,0.00001013,-0.00000668,0.00000140,
0.00001125,-0.00002292,-0.00002284,0.00006230,-0.00005112,0.00001396,-0.00000396
,-0.00001405,-0.00010220,-0.00001877,0.00000107,-0.00000660,-0.00003162,-0.00112
243,-0.00040735,0.00006616,-0.00888457,0.02513241,-0.01318798,-0.06483131,-0.011
38901,0.02241180,-0.25122455,0.14840810,-0.03647892,0.64871312,0.00005157,0.0000
1203,-0.00003449,-0.00001651,-0.00024083,0.00006098,-0.00013873,-0.00004460,0.00
008542,-0.00001377,0.00001222,0.00000349,0.00000444,0.00000071,0.00000001,0.0000
0255,-0.00000039,-0.00000094,0.00000239,0.00000072,-0.00001096,0.00006528,0.0000
0861,0.00000822,0.00019026,0.00019952,0.00000944,0.00000720,-0.00000592,0.000010
28,-0.00005456,0.00001301,-0.00000038,0.00000301,-0.00000767,0.00000937,0.000008
46,0.00000435,0.00001370,-0.00001214,-0.00000465,0.00000057,0.00000969,-0.000000
95,0.00000043,0.00000255,0.00000053,-0.00000046,0.00000285,0.00000215,-0.0000000
6,-0.00002087,-0.00003282,0.00001125,0.00002336,-0.00001804,-0.00002272,-0.00005
866,0.00023428,-0.00004357,-0.00001316,0.00021241,-0.00009069,0.00000681,-0.0000
0002,-0.00000586,-0.00001920,0.00000414,0.00000582,0.00000046,-0.00000608,-0.000
00713,-0.00000707,-0.00000093,-0.00000536,0.00000110,-0.00001584,0.00000183,0.00
000025,-0.00000639,0.00000247,-0.00013127,0.00002317,-0.00004380,0.00011452,0.00
016200,0.00011455,0.00000982,0.00000243,-0.00000398,0.00000802,-0.00000011,-0.00
000235,0.00000515,-0.00000166,-0.00000422,-0.00000165,0.00002547,-0.00000543,-0.
00001539,0.00000391,-0.00000330,-0.00005988,0.00001376,0.00001646,0.00000710,0.0
0000993,-0.00000203,0.00000763,-0.00000551,-0.00000462,0.00000398,0.00001026,-0.
00002433,0.00002349,0.00000577,0.00000147,0.00004202,0.00004893,-0.00002308,-0.0
0000575,-0.00000380,0.00002070,-0.00030998,-0.00030636,-0.00000201,0.02489408,-0
.04738309,0.01762649,0.03941388,0.04218720,-0.03358464,0.08116681,-0.16039086,0.
04584411,-0.04832005,0.52929952,0.00000135,0.00000043,-0.00000924,0.00046572,-0.
00017030,-0.00022165,-0.00000669,0.00001163,0.00002328,0.00000008,-0.00001177,-0
.00000340,-0.00000001,0.00000118,-0.00000040,0.00000116,-0.00000125,-0.00000040,
-0.00000460,-0.00000385,0.00000168,-0.00007344,-0.00003487,-0.00001046,-0.000396
26,-0.00006942,0.00011258,0.00000444,0.00000197,0.00001290,0.00005103,0.00000442
,0.00000359,0.00000844,0.00002147,0.00001358,0.00000701,0.00000582,0.00000275,0.
00000683,-0.00000583,0.00000895,-0.00000590,-0.00000403,0.00000056,-0.00000794,-
0.00000277,-0.00000364,-0.00000649,0.00000215,-0.00000558,0.00001499,0.00001222,
0.00000770,-0.00000756,-0.00000895,-0.00000117,-0.00006123,-0.00015292,0.0000214
3,-0.00012668,0.00012985,0.00007128,0.00000925,0.00000809,-0.00001485,-0.0000179
2,-0.00000238,0.00000219,-0.00000501,-0.00000585,-0.00000754,-0.00001248,0.00000
249,-0.00000129,-0.00000336,-0.00001063,-0.00000639,-0.00000199,0.00000714,-0.00
000175,0.00004002,-0.00003251,0.00002752,-0.00006787,-0.00006473,-0.00007656,-0.
00000337,0.00000349,-0.00000002,-0.00000263,0.00000444,-0.00000038,-0.00000094,0
.00000287,-0.00000147,-0.00001535,0.00001190,0.00000738,0.00000895,-0.00000107,0
.00000912,0.00001634,-0.00000303,-0.00000804,0.00000046,-0.00000892,-0.00000327,
0.00000438,0.00000162,0.00000141,-0.00000455,0.00000594,-0.00001021,-0.00001024,
-0.00000266,0.00000014,0.00001257,-0.00001415,0.00001755,-0.00000224,0.00000358,
-0.00000953,0.00037618,0.00009687,-0.00028211,-0.01348654,0.01749431,-0.01287749
,-0.00680970,-0.02079453,0.01511790,0.00288496,0.02898141,-0.06531926,-0.1016129
4,-0.22434753,0.26802265,-0.00002967,0.00001684,-0.00000162,-0.00051653,0.000680
57,-0.00024561,0.00006129,0.00016651,0.00002352,-0.00001749,0.00001142,-0.000005
21,0.00000483,-0.00000162,-0.00000643,0.00001319,-0.00001270,-0.00000149,0.00000
296,-0.00000211,0.00000207,-0.00025450,-0.00029680,0.00000804,0.00021309,-0.0000
6276,0.00022145,-0.00000190,-0.00000066,-0.00003295,0.00029341,-0.00002199,-0.00
001286,0.00000976,-0.00000593,-0.00005147,0.00002133,-0.00000671,-0.00000277,0.0
0001643,-0.00001004,-0.00000923,-0.00000818,0.00000391,0.00000087,0.00000739,0.0
0000365,0.00000814,0.00001526,-0.00000317,0.00001099,-0.00007513,0.00004899,-0.0
0002473,-0.00005330,-0.00000543,-0.00005646,-0.00033291,-0.00051605,-0.00022933,
0.00040531,-0.00048796,0.00004264,0.00001707,0.00002488,0.00002261,0.00001687,0.
00001047,0.00002489,0.00000281,-0.00000429,0.00001530,0.00000675,0.00001486,0.00
001978,0.00001277,0.00000078,0.00003922,-0.00000621,0.00000406,-0.00001088,0.000
41449,0.00012649,0.00004818,-0.00011119,-0.00014730,-0.00001567,-0.00000164,-0.0
0001965,0.00000032,0.00000384,-0.00002295,-0.00000114,-0.00000220,-0.00000078,-0
.00000108,0.00000862,-0.00009661,0.00002274,0.00001089,-0.00001600,-0.00002721,0
.00003911,0.00003357,0.00002867,0.00000153,-0.00002089,0.00000653,-0.00000320,-0
.00000094,-0.00000238,-0.00001681,-0.00000044,0.00002575,-0.00002172,-0.00001236
,-0.00001255,-0.00001920,-0.00007133,0.00000724,0.00001761,-0.00000676,-0.000013
33,-0.00124829,0.00413715,0.00065726,-0.06415205,0.03917987,-0.00677288,-0.01789
828,-0.02538958,0.01795467,0.03399910,0.01410288,-0.01605510,-0.09451718,0.02448
770,-0.00223794,0.64479881,-0.00004772,0.00003109,0.00002847,0.00036680,0.000040
07,-0.00023331,0.00014592,-0.00011630,-0.00004806,0.00000500,-0.00000688,-0.0000
1073,-0.00000432,0.00000335,0.00000256,-0.00000402,0.00000351,0.00000068,-0.0000
0075,-0.00000194,0.00000331,0.00009028,0.00001245,0.00005566,-0.00045357,-0.0001
3872,0.00010377,-0.00000933,-0.00000018,0.00001247,-0.00000499,0.00000970,-0.000
02128,-0.00000002,0.00001293,0.00000501,-0.00000136,-0.00000044,-0.00000236,-0.0
0000335,0.00000267,-0.00000476,-0.00000510,0.00000556,0.00000184,-0.00000685,0.0
0000212,-0.00000102,-0.00000659,0.00000138,-0.00000376,0.00005879,0.00005152,-0.
00000099,0.00000013,0.00000517,0.00002670,0.00038220,-0.00031950,-0.00030196,-0.
00015760,-0.00003164,0.00007997,0.00000061,-0.00001428,-0.00000313,0.00000309,0.
00000106,-0.00000587,-0.00000493,0.00000172,-0.00000152,0.00000770,0.00000063,-0
.00000384,0.00000065,0.00000314,-0.00001707,-0.00000118,0.00000707,0.00000008,0.
00026109,0.00013084,0.00009931,-0.00000721,-0.00007829,-0.00001842,-0.00000815,-
0.00000159,-0.00000458,-0.00000598,0.00000752,0.00000308,-0.00000408,0.00000350,
0.00000051,0.00000711,0.00002828,-0.00000210,0.00001558,-0.00000510,0.00000752,0
.00002406,-0.00001409,-0.00001106,-0.00001278,0.00000719,0.00000308,0.00000286,0
.00000311,-0.00001005,-0.00002167,-0.00003269,0.00001932,-0.00002461,0.00000905,
0.00000267,-0.00000087,-0.00006513,0.00001152,0.00001348,0.00000595,-0.00000883,
0.00423432,0.00056032,0.00294903,-0.01199554,0.04354184,-0.02112909,-0.02695462,
-0.02957765,0.02033981,0.06533044,-0.04093140,0.00825609,-0.04300743,-0.26074015
,0.13137354,-0.06123695,0.53799405,-0.00000148,-0.00001262,-0.00002087,0.0001869
4,-0.00023366,-0.00006279,-0.00010197,0.00003952,0.00001772,-0.00000290,0.000001
02,0.00000452,0.00000304,-0.00000072,-0.00000090,0.00000142,-0.00000219,-0.00000
020,-0.00000175,-0.00000117,-0.00000141,0.00010961,-0.00001739,0.00001626,-0.000
02231,0.00012279,-0.00002957,0.00001124,0.00000287,0.00001359,0.00001864,0.00001
340,-0.00000268,0.00000247,0.00000184,0.00000925,-0.00000025,0.00000025,0.000008
53,-0.00000550,-0.00000268,0.00000484,0.00000174,-0.00000493,0.00000243,-0.00000
247,-0.00000252,-0.00000317,-0.00000135,0.00000073,-0.00000256,-0.00000199,0.000
00683,0.00000466,0.00000892,-0.00000334,0.00000971,0.00119841,0.00049537,-0.0001
9740,-0.00006023,0.00014634,-0.00004033,0.00000464,-0.00000030,-0.00001361,-0.00
001238,0.00000303,-0.00000301,-0.00000602,-0.00000536,-0.00000535,-0.00000710,-0
.00000576,-0.00000311,0.00000098,-0.00000915,-0.00000934,-0.00000040,-0.00000105
,-0.00000142,0.00019295,0.00028468,0.00016125,0.00010818,0.00008095,0.00000982,0
.00000566,0.00000512,0.00000150,0.00000259,0.00000230,-0.00000114,0.00000106,-0.
00000120,-0.00000241,-0.00000276,0.00000283,-0.00000036,-0.00000713,0.00000708,-
0.00000391,-0.00002353,0.00000363,-0.00000343,0.00000553,0.00000165,-0.00000164,
-0.00000113,-0.00000150,0.00000652,0.00001752,0.00001359,-0.00001259,0.00001753,
0.00000220,-0.00000066,-0.00000813,0.00004587,-0.00001250,-0.00000949,-0.0000046
6,0.00000520,-0.00043342,0.00314690,0.00514922,0.02146863,-0.03383585,0.01346945
,0.01818045,0.01984436,-0.02119056,-0.04514750,0.02061092,0.00043043,0.03604255,
0.11426260,-0.12141546,-0.09338983,-0.22256919,0.26474434,-0.00011868,0.00008206
,-0.00002043,-0.00058654,-0.00037142,0.00055270,-0.00047522,-0.00028303,0.000009
27,0.00001613,-0.00000802,-0.00000167,-0.00000847,0.00000464,0.00000338,-0.00001
350,0.00001372,0.00000157,-0.00000747,0.00000380,0.00000569,0.00025320,0.0004794
7,-0.00005087,0.00062821,-0.00005152,-0.00037853,0.00002263,-0.00003774,0.000031
47,-0.00039605,0.00001283,0.00002077,0.00001747,0.00002176,0.00001967,0.00001017
,-0.00000304,0.00000554,-0.00000500,0.00001119,-0.00000569,0.00002488,0.00001797
,-0.00001594,-0.00000684,0.00000313,-0.00000202,-0.00001398,0.00000400,-0.000008
03,0.00010439,-0.00013284,0.00006394,0.00001029,-0.00002936,0.00006464,0.0006064
7,0.00196765,0.00139649,-0.00000216,0.00037730,-0.00011199,0.00000308,-0.0000409
1,-0.00001711,-0.00001304,0.00000510,-0.00001360,-0.00000659,0.00000316,-0.00001
506,0.00001892,-0.00001890,-0.00002303,-0.00001709,-0.00000922,-0.00005742,-0.00
000579,0.00000067,0.00003200,-0.00093514,-0.00068984,-0.00053443,0.00011383,0.00
020610,0.00020742,0.00000510,0.00000312,0.00000387,0.00000145,0.00001755,0.00000
336,0.00000950,0.00000464,0.00000368,-0.00000653,0.00014242,0.00000743,-0.000022
28,0.00001252,0.00002922,-0.00002955,-0.00003137,-0.00002326,0.00000572,0.000014
08,-0.00000626,0.00000175,-0.00000007,0.00002013,0.00001293,0.00001284,-0.000029
95,0.00001966,0.00001064,-0.00000433,-0.00010248,0.00009303,0.00002143,-0.000000
94,-0.00003736,-0.00003623,-0.03304596,0.01184484,0.00072959,-0.23948269,0.07666
425,0.00053963,0.03234256,0.06160968,-0.04261721,-0.06362072,0.01065209,0.007869
27,0.01885602,-0.07766269,0.03976210,-0.27967620,-0.02364171,0.06967318,0.636546
01,-0.00017197,-0.00000152,0.00001062,0.00080349,-0.00047068,0.00014107,0.000378
73,-0.00019454,0.00003990,0.00002614,-0.00003408,-0.00001210,-0.00000605,0.00000
321,0.00000908,-0.00000695,0.00000772,0.00000414,0.00000191,-0.00001085,0.000008
15,-0.00004425,0.00059540,0.00002215,-0.00071422,-0.00008455,0.00001113,-0.00000
070,-0.00001570,0.00002920,-0.00019338,-0.00015424,0.00002219,-0.00001570,0.0000
3454,0.00001273,-0.00001880,0.00001019,-0.00001087,-0.00000051,0.00000056,0.0000
0161,0.00000618,0.00000634,-0.00000971,-0.00001157,-0.00000326,-0.00000838,-0.00
001126,-0.00000034,-0.00001078,0.00014947,0.00006906,0.00000996,-0.00001029,0.00
002878,0.00012472,-0.00128452,-0.00048558,-0.00023906,-0.00022339,0.00021835,-0.
00001965,-0.00001286,-0.00003091,-0.00002249,-0.00000003,-0.00001454,-0.00000844
,0.00000277,0.00001234,-0.00000690,0.00001088,-0.00000503,-0.00001729,-0.0000178
1,-0.00000432,-0.00006929,0.00001462,0.00001605,0.00001279,-0.00018353,-0.000432
06,-0.00025884,-0.00018578,-0.00001249,-0.00015234,-0.00000446,0.00000022,-0.000
00703,-0.00000344,0.00002095,0.00000791,0.00000077,0.00000235,0.00000399,0.00000
879,0.00004306,-0.00000809,0.00000025,0.00000105,0.00004430,-0.00001030,0.000031
41,-0.00007692,-0.00001111,0.00004484,-0.00000076,0.00001355,-0.00000341,-0.0000
1129,-0.00004542,-0.00003524,-0.00002163,-0.00003052,0.00004786,-0.00000006,-0.0
0005651,-0.00007602,0.00009214,0.00005090,-0.00001436,-0.00003715,-0.00279244,0.
00539699,-0.00078881,0.14241598,-0.15704776,0.02689832,0.01452216,-0.03909166,0.
01944662,0.00951287,-0.00044909,-0.00517691,-0.02692959,-0.01021401,0.01296550,-
0.09120166,-0.10544692,0.05441926,-0.04398044,0.54024766,0.00007625,0.00000048,-
0.00000458,0.00022065,-0.00006556,-0.00022694,-0.00010456,0.00011451,-0.00005571
,-0.00002204,0.00001990,-0.00000160,0.00000580,-0.00000078,-0.00000479,0.0000079
1,-0.00000757,-0.00000144,-0.00000157,-0.00000173,-0.00000203,-0.00000972,-0.000
50340,0.00001397,-0.00025323,0.00024040,0.00010062,-0.00000930,0.00001896,-0.000
01338,0.00013035,0.00009454,-0.00001474,0.00000176,-0.00002040,-0.00000867,0.000
00909,-0.00000394,0.00000880,-0.00000593,-0.00000724,0.00000185,-0.00000865,-0.0
0000993,0.00000397,0.00000529,0.00000049,0.00000391,0.00000779,0.00000054,0.0000
0549,-0.00008798,-0.00003535,-0.00001848,0.00001550,-0.00001603,-0.00005725,0.00
027429,-0.00088171,-0.00015402,0.00008238,0.00003876,0.00005215,0.00000934,0.000
01627,0.00001256,-0.00000014,0.00000796,0.00000994,-0.00000072,-0.00001008,0.000
00279,-0.00000423,0.00001297,0.00001403,0.00001771,-0.00000178,0.00004397,-0.000
00412,-0.00000424,-0.00000914,0.00038692,0.00052735,0.00026153,0.00012794,0.0001
8195,0.00007196,0.00000303,-0.00000506,0.00000287,0.00000254,-0.00000950,-0.0000
0448,0.00000174,-0.00000058,-0.00000530,-0.00000323,-0.00002710,-0.00000251,0.00
000828,-0.00000267,-0.00002427,0.00002720,-0.00001824,0.00004389,0.00000577,-0.0
0002128,0.00000296,-0.00000241,-0.00000210,0.00000416,0.00001087,0.00001349,0.00
001313,0.00000751,-0.00001991,0.00000336,0.00006851,0.00002181,-0.00006793,-0.00
004492,0.00001492,0.00003224,0.00889396,-0.00414996,0.00144673,-0.03489232,0.041
86556,-0.06472050,-0.01574413,0.00797696,0.00014396,0.00882821,-0.00520038,-0.00
435182,0.01070654,0.02545734,-0.01582065,0.10649186,0.03776701,-0.09339181,-0.09
904721,-0.22630046,0.26507816,-0.00004840,-0.00009324,0.00011085,-0.00136081,-0.
00230414,-0.00003086,-0.00024233,0.00057262,-0.00068847,0.00001998,-0.00005106,-
0.00000751,-0.00000512,-0.00000354,0.00000901,0.00000814,-0.00000162,0.00000617,
0.00000817,-0.00002674,0.00003946,-0.00043209,-0.00022245,-0.00046209,0.00076847
,0.00013011,-0.00083251,-0.00002651,0.00001339,-0.00005080,0.00023115,-0.0000999
5,0.00018360,-0.00006058,0.00003725,-0.00002839,-0.00004024,-0.00000875,-0.00004
410,0.00002948,-0.00000386,0.00000380,-0.00006005,-0.00002955,-0.00001289,0.0000
0267,-0.00000673,-0.00000604,0.00000936,-0.00001208,0.00000367,0.00001035,0.0000
9597,-0.00007330,-0.00011285,0.00007623,0.00027724,-0.00242004,0.00485076,-0.015
16234,-0.00011315,0.00071148,-0.00009448,-0.00000639,-0.00000466,0.00000252,0.00
005670,-0.00000353,-0.00001216,-0.00000211,-0.00000908,0.00002065,0.00001109,0.0
0001724,0.00002328,0.00001869,0.00004678,0.00001548,0.00003037,0.00002687,0.0000
0749,0.00074145,0.00021212,0.00082639,0.00068957,0.00029386,0.00066327,0.0000058
8,-0.00002337,0.00001083,-0.00000275,-0.00000430,0.00000742,-0.00000544,0.000000
14,0.00000790,0.00002027,-0.00006156,-0.00001609,0.00001058,-0.00003051,0.000019
12,0.00001028,0.00008183,-0.00004369,-0.00000972,0.00000407,0.00001791,-0.000000
59,-0.00001273,0.00001535,-0.00004254,-0.00004927,0.00003937,-0.00006297,0.00000
936,-0.00000126,-0.00007503,-0.00011470,0.00003556,0.00001700,0.00001298,-0.0000
5875,-0.04434866,0.01796510,-0.02004759,-0.00014719,-0.01533433,0.02246997,-0.00
388757,-0.00082066,0.00200598,-0.00044013,-0.00128503,-0.00003478,0.00020286,-0.
00012018,0.00007219,0.00031918,-0.00007094,-0.00032910,0.00052318,-0.00167794,0.
00080291,0.05318029,0.00009451,0.00005581,-0.00009355,-0.00162930,-0.00247072,-0
.00037301,0.00072672,-0.00074095,0.00091275,-0.00003209,0.00002921,0.00000002,-0
.00000144,0.00000335,-0.00000614,-0.00000941,0.00000492,-0.00000668,0.00000460,-
0.00000129,-0.00002969,0.00006660,-0.00007728,0.00012597,0.00073181,0.00046978,-
0.00048323,0.00001843,-0.00000204,0.00004292,-0.00005694,0.00009002,-0.00003399,
0.00004845,-0.00001008,0.00000924,0.00000742,-0.00000538,0.00002676,-0.00004183,
0.00000076,-0.00002080,0.00002221,0.00002487,0.00000429,-0.00000100,0.00000381,0
.00000801,-0.00000958,0.00000825,0.00000237,-0.00012426,-0.00007200,-0.00001678,
0.00008042,-0.00003763,-0.00021302,-0.00395512,0.00662119,-0.01580020,-0.0002865
9,0.00141530,-0.00034942,-0.00000481,0.00001706,0.00004047,-0.00003420,-0.000000
53,0.00002786,0.00000879,-0.00000259,-0.00000302,0.00000342,0.00001704,-0.000007
13,-0.00002513,-0.00006104,0.00001887,0.00001160,-0.00000693,-0.00000011,0.00058
919,0.00036401,-0.00000090,-0.00000195,0.00103707,-0.00079032,-0.00000580,0.0000
0256,-0.00001395,0.00001098,-0.00000036,-0.00000597,0.00000754,0.00000267,-0.000
00741,0.00001773,-0.00003513,-0.00001442,-0.00002182,0.00004608,-0.00000922,-0.0
0001973,-0.00011989,0.00004562,0.00000437,0.00000531,-0.00000978,0.00002193,0.00
000139,-0.00001020,0.00000768,0.00000964,-0.00007991,0.00006355,-0.00000541,0.00
000273,0.00009129,0.00015961,0.00002220,0.00000595,-0.00000474,0.00007911,0.0179
7993,-0.11002160,0.10466836,-0.00332370,-0.00759725,0.01070665,-0.00211217,-0.00
008046,0.00143995,-0.00031550,-0.00059907,-0.00007878,0.00010069,0.00008954,-0.0
0008169,-0.00005691,-0.00041317,-0.00016378,0.00137283,0.00045101,-0.00076505,-0
.01528560,0.12708758,0.00033672,-0.00017004,0.00008759,-0.00261489,-0.00427755,-
0.00070161,-0.00033344,0.00053750,-0.00098111,0.00006743,-0.00005274,0.00000436,
0.00000875,-0.00000111,0.00001984,0.00000886,-0.00000250,0.00001113,0.00001467,-
0.00003136,0.00002955,-0.00047044,0.00025033,-0.00048531,0.00119565,0.00034336,-
0.00089789,-0.00000583,0.00001795,-0.00001046,0.00012166,-0.00004646,0.00016588,
-0.00008754,0.00001124,0.00002546,-0.00006265,0.00001293,-0.00002568,-0.00001646
,-0.00001677,0.00001245,-0.00004023,-0.00001680,0.00000439,-0.00000120,0.,-0.000
01399,0.00001125,-0.00001505,-0.00000136,-0.00008079,0.00003844,-0.00008647,0.00
000610,0.00010821,0.00017070,-0.00773357,0.00650947,-0.02588823,-0.00054799,0.00
156214,0.00021394,-0.00006306,-0.00000531,0.00000062,0.00003725,-0.00005364,-0.0
0002258,0.00002533,-0.00000518,-0.00000017,-0.00001524,0.00004612,0.00000492,-0.
00001170,0.00003936,0.00003280,0.00003680,0.00004231,0.00000504,0.00053000,-0.00
011980,0.00145494,0.00049744,0.00040944,0.00066164,0.00002455,0.00000212,0.00001
253,0.00000489,0.00000390,0.00000315,-0.00001242,0.00000766,-0.00000586,0.000003
26,-0.00009440,-0.00003770,0.00002278,-0.00000410,0.00000237,0.00002229,-0.00005
335,-0.00000667,-0.00000621,0.00000744,0.00001929,0.00001765,-0.00001610,0.00001
669,-0.00001981,-0.00006785,0.00002332,0.00002775,-0.00002824,0.00001091,-0.0000
2433,0.00004407,-0.00009462,-0.00005451,0.00002343,0.00001905,-0.01822287,0.1058
0254,-0.19658248,0.00171270,0.00902864,-0.01076297,0.00237994,0.00065381,-0.0009
6051,-0.00031951,0.00069355,0.00027377,-0.00000794,-0.00023458,0.00014571,-0.000
02489,0.00023882,0.00019471,-0.00129763,0.00029265,0.00061460,0.02412638,-0.1193
9029,0.22987654,0.00115909,-0.00009098,-0.00082751,-0.00029812,0.00036413,0.0008
2292,-0.00100649,0.00144991,0.00052458,-0.00007091,-0.00005179,-0.00000651,0.000
00243,0.00000327,0.00004281,0.00003150,0.00002433,0.00006890,-0.00002359,0.00004
473,-0.00002000,-0.00014112,-0.00051559,-0.00025706,0.00007677,-0.00000117,0.000
01152,-0.00002219,0.00002768,-0.00009302,0.00037823,0.00010788,0.00006062,-0.000
17299,-0.00005441,-0.00004868,-0.00004343,-0.00004155,-0.00007207,-0.00000119,-0
.00001096,-0.00008471,-0.00003846,-0.00005856,0.00000416,0.00004079,-0.00002666,
-0.00005110,0.00004728,-0.00001479,-0.00004926,-0.00039657,0.00019755,-0.0002228
8,-0.00094060,0.00022712,0.00082632,0.00523743,-0.00801549,-0.00216654,0.0000611
9,-0.00069772,-0.00056590,-0.00030398,0.00006664,0.00009171,0.00014079,-0.000011
77,0.00003611,0.00011500,-0.00000142,0.00018931,0.00012238,0.00002265,-0.0000127
1,-0.00037492,-0.00014199,-0.00010475,-0.00001596,-0.00003229,0.00002002,0.00116
490,-0.00314541,-0.00072688,-0.00090902,-0.00109087,-0.00145087,-0.00010851,-0.0
0004831,-0.00003984,-0.00000317,0.00000134,0.00000664,0.00002340,0.00003003,0.00
009435,-0.00018058,0.00029558,-0.00025561,-0.00001144,-0.00002192,0.00004691,-0.
00000265,0.00080826,-0.00018785,0.00001797,-0.00004902,0.00000965,-0.00005380,0.
00002351,-0.00002749,0.00005548,0.00001018,0.00005137,-0.00014452,-0.00003398,0.
00004631,0.00010686,0.00048778,0.00001725,-0.00016149,0.00033557,0.00009628,-0.0
9600428,0.08503211,0.02023139,-0.02138116,0.01812812,0.00688318,0.00044988,0.001
51250,-0.00127826,-0.00001987,0.00002653,-0.00047176,0.00019128,0.00010205,-0.00
008814,-0.00120075,0.00019306,-0.00070235,-0.00344884,-0.00129007,0.00272015,-0.
00236094,0.00535323,-0.00014412,0.12005147,0.00043295,-0.00008766,0.00065366,0.0
0208477,-0.00157412,0.00025673,-0.00420489,0.00097817,-0.00348016,-0.00007708,0.
00012826,-0.00003248,0.00002145,-0.00002623,-0.00003965,0.00002016,-0.00005849,-
0.00003561,-0.00000209,-0.00005108,0.00006147,-0.00026315,-0.00182700,-0.0005084
3,-0.00042021,0.00040265,0.00015644,-0.00005302,0.00010750,-0.00014034,0.0001536
4,0.00037664,0.00004086,-0.00003640,-0.00006827,0.00003506,0.00002803,0.00000078
,-0.00000603,0.00011992,0.00001100,0.00006784,-0.00004633,-0.00008532,0.00000395
,0.00003396,0.00001305,0.00004100,0.00003776,-0.00002239,0.00006634,-0.00005206,
-0.00019770,-0.00003215,0.00028830,-0.00002284,-0.00022990,0.00724679,-0.0179915
7,-0.00788523,-0.00095659,0.00137828,0.00080593,0.00013767,0.00004485,0.00006450
,0.00005049,0.00004811,-0.00001623,-0.00007046,-0.00003386,-0.00004724,-0.000072
85,-0.00000554,0.00005838,0.00021525,0.00018806,0.00023796,-0.00000595,0.0000227
0,-0.00001651,0.00146186,0.00163930,0.00175712,-0.00189368,-0.00200887,-0.003111
33,0.00004450,-0.00002058,0.00004148,0.00000234,-0.00009024,-0.00001291,-0.00000
092,0.00000237,-0.00007556,-0.00026228,-0.00025240,-0.00008120,0.00001582,0.0000
5220,-0.00013745,0.00065644,-0.00106645,0.00014059,-0.00000646,-0.00008616,0.000
01775,-0.00000898,-0.00003693,0.00001626,-0.00001524,0.00002046,0.00001179,0.000
04524,-0.00018928,0.00002560,0.00070408,-0.00156449,0.00044695,0.00013405,-0.000
02555,0.00007882,0.08711740,-0.15715314,-0.02557506,-0.00146334,0.00510842,0.001
31278,-0.00209577,0.00030492,0.00064990,0.00026266,0.00001201,0.00016690,-0.0003
1154,0.00021182,0.00000467,-0.00038646,-0.00002718,0.00002025,-0.00079081,-0.000
03554,0.00020618,0.01191587,-0.01649643,-0.00053581,-0.09846677,0.18909740,0.000
98778,0.00004574,0.00008916,0.00138930,-0.00228501,0.00042532,-0.00300534,0.0004
9859,-0.00142156,-0.00012062,0.00003098,0.00002593,0.00002987,0.00000170,0.00000
078,0.00002529,-0.00002387,0.00002706,-0.00005193,-0.00000661,-0.00001149,0.0001
0963,-0.00068433,0.00014979,-0.00017050,0.00037018,0.00011616,-0.00005084,-0.000
04439,-0.00010400,0.00013810,0.00040355,-0.00018736,-0.00007847,-0.00004720,-0.0
0012898,0.00008935,0.00001687,-0.00006273,0.00004093,-0.00008400,-0.00006275,-0.
00000940,0.00002672,-0.00003698,0.00006197,0.00000949,-0.00000375,0.00005851,-0.
00002305,0.00001017,-0.00057427,-0.00033113,-0.00006656,-0.00025478,-0.00005128,
-0.00001470,0.00894917,-0.01878531,-0.00604973,-0.00046125,0.00097777,-0.0001694
8,-0.00011852,0.00003869,0.00018165,0.00006817,-0.00004451,0.00011085,0.00011854
,0.00001281,0.00008156,0.00003600,0.00012012,0.00006718,-0.00008106,0.00002672,0
.00018939,-0.00002296,-0.00001767,0.00000014,0.00162284,0.00060994,0.00110295,-0
.00190097,-0.00237438,-0.00237352,-0.00000224,-0.00005870,0.00000249,0.00003012,
-0.00007246,-0.00001727,0.00003142,0.00002676,0.00002444,-0.00033832,0.00040051,
-0.00017732,-0.00005133,0.00014582,-0.00007402,-0.00026347,0.00008138,0.00012735
,0.00002238,-0.00006658,-0.00001764,0.00006193,-0.00002392,0.00001804,0.00003530
,0.00005380,-0.00016100,0.00011853,-0.00015164,-0.00001355,0.00014731,0.00066507
,0.00034354,0.00024303,-0.00013913,0.00009045,0.02299863,-0.02737460,-0.04857649
,0.00575519,-0.00760803,-0.00100247,0.00083653,-0.00085113,0.00044619,-0.0001714
2,-0.00002886,0.00005776,-0.00008477,0.00005132,-0.00001847,0.00014288,-0.000282
31,0.00050435,0.00177303,0.00072416,-0.00041714,-0.01410349,0.02062299,0.0033103
2,-0.02403862,0.03419422,0.05431508,0.00007955,-0.00008474,0.00005549,-0.0000647
9,0.00013006,-0.00040726,0.00134765,0.00084040,-0.00032547,-0.00004769,-0.000108
77,0.00002230,-0.00000425,0.00000714,0.00002076,-0.00000123,0.00001424,0.0000104
9,0.00000505,0.00002380,-0.00001970,-0.00023851,0.00017319,0.00001187,-0.0000628
1,-0.00014978,0.00022477,0.00002668,0.00001725,0.00001421,0.00021304,-0.00015024
,-0.00000058,0.00001142,-0.00001743,0.00000728,-0.00000756,0.00000051,-0.0000172
1,-0.00001698,0.00000426,-0.00000063,-0.00001537,-0.00001859,-0.00000747,-0.0000
1010,-0.00001295,-0.00002806,-0.00000400,0.00000285,-0.00002957,-0.00019845,-0.0
0001614,-0.00000736,0.00003301,0.00003258,0.00002719,-0.00021074,-0.00001986,-0.
00000226,-0.00042185,-0.00095515,-0.00050871,-0.00004014,-0.00002756,-0.00002188
,-0.00002069,-0.00001750,-0.00000567,0.00001040,-0.00000927,0.00000022,-0.000007
64,-0.00000236,0.00001672,-0.00001700,0.00000553,0.00002924,0.00000160,-0.000003
17,-0.00000256,0.00004703,-0.00002025,0.00006707,-0.00000838,-0.00005302,-0.0000
1982,-0.00001331,0.00003321,-0.00002912,0.00002010,0.00002570,-0.00000597,-0.000
00401,-0.00000333,0.00002653,-0.00008175,-0.00009928,0.00008393,-0.00010629,0.00
007089,0.00004520,-0.00084639,0.00044523,0.00014326,0.00004014,0.00000714,-0.000
00411,0.00005891,-0.00003359,-0.00004658,-0.00005423,0.00013750,-0.00027119,0.00
008652,0.00001329,-0.00001414,-0.00009254,0.00052293,0.00050473,0.00016426,-0.00
005009,0.00003733,0.00105442,-0.00164934,0.00034084,-0.00174335,0.00247380,-0.00
072206,-0.20401881,0.11348170,-0.02788944,-0.02599214,0.01543937,-0.00294325,-0.
00390218,-0.00164595,0.00377021,0.00042267,-0.00061300,0.00020004,0.00136109,0.0
0046735,0.00120570,-0.00008112,-0.00013401,0.00006712,0.00040734,-0.00065070,0.0
0021636,0.23357304,0.00055252,-0.00007188,-0.00007758,0.00025518,-0.00245644,-0.
00034264,-0.00172749,-0.00023093,0.00031847,-0.00002292,0.00008617,0.00001654,0.
00001888,-0.00000236,-0.00000639,0.00000426,-0.00000902,0.00000192,-0.00001806,0
.00001269,-0.00002150,0.00004983,-0.00026765,0.00000634,-0.00012578,0.00041691,0
.00006477,0.00002669,-0.00000415,-0.00004169,0.00003233,0.00015560,-0.00000786,-
0.00000618,-0.00002268,-0.00001089,0.00001781,0.00000884,0.00001025,0.00000226,-
0.00002526,0.00000590,0.00000208,0.00000235,0.00000704,0.00002461,0.00000562,0.0
0000706,0.00002309,-0.00000661,0.00001191,-0.00022907,-0.00008415,-0.00001333,-0
.00000103,-0.00006018,-0.00012385,-0.00000890,-0.00018946,0.00005666,-0.00019064
,0.00123531,-0.00011865,-0.00003232,0.00003174,0.00002810,-0.00001714,-0.0000069
2,0.00001858,0.00002850,-0.00000761,0.00000428,-0.00003240,0.00002170,0.00000513
,-0.00002220,0.00000490,0.00008278,-0.00001021,-0.00002353,-0.00000333,-0.000111
29,0.00003434,-0.00006380,0.00007389,0.00022639,-0.00002791,0.00000930,0.0000048
2,0.00002116,0.00002288,-0.00003729,-0.00001777,0.00000311,0.00000441,-0.0000095
6,-0.00015542,0.00002336,-0.00002450,-0.00001898,0.00003516,-0.00004469,0.000399
80,-0.00022932,0.00000796,0.00008237,-0.00014289,-0.00002610,-0.00005317,-0.0000
0316,0.00003029,0.00009533,0.00027797,-0.00004182,0.00013232,-0.00017391,-0.0000
0742,0.00028106,0.00054086,-0.00019456,-0.00018931,0.00003527,0.00005157,0.00082
487,-0.00009070,-0.00163808,0.02233999,-0.01724709,0.00531198,0.11365116,-0.1189
8831,0.02551775,-0.00492009,0.00392386,-0.00085593,-0.00087878,0.00240570,0.0034
8590,-0.00069747,0.00002586,0.00005029,-0.00015562,-0.00279538,0.00587855,0.0001
2977,0.00042331,-0.00028580,-0.00058756,-0.00012705,0.00092384,-0.12838614,0.134
10943,-0.00017606,0.00004738,-0.00000468,-0.00025915,-0.00054199,0.00028019,0.00
023410,0.00013343,0.00025352,-0.00001296,-0.00000324,-0.00008431,0.00000487,0.00
000093,-0.00000651,0.00000194,-0.00000652,0.00000012,-0.00002040,-0.00000270,-0.
00000310,-0.00000091,0.00007974,0.00000880,0.00011247,0.00004705,-0.00003256,0.0
0003385,-0.00001805,-0.00001266,-0.00006435,-0.00002780,-0.00000176,0.00004015,0
.00003348,-0.00000899,0.00002762,-0.00000875,-0.00000077,0.00004221,0.00001700,0
.00000434,-0.00000451,-0.00000015,-0.00001061,-0.00000596,-0.00000278,-0.0000048
0,-0.00000579,-0.00000132,-0.00000360,0.00008826,0.00003580,0.00003760,-0.000029
70,-0.00003509,-0.00006598,-0.00032257,-0.00005395,0.00008551,0.00002676,0.00001
741,-0.00028564,0.00002004,-0.00000820,-0.00000488,-0.00001243,0.00002392,0.0000
0705,-0.00001093,-0.00000383,-0.00000596,-0.00000610,-0.00001133,0.00000487,0.00
001199,-0.00000960,-0.00002964,-0.00000089,-0.00000525,-0.00000020,-0.00011298,-
0.00016357,-0.00013629,-0.00004615,-0.00008562,-0.00008321,-0.00004992,-0.000006
69,-0.00001388,0.00000468,-0.00001675,0.00000478,0.00000598,0.00000656,-0.000000
74,-0.00011628,-0.00004758,-0.00006016,-0.00012847,0.00000917,0.00018901,0.00058
448,-0.00012529,0.00003949,0.00004168,0.00000494,-0.00001427,0.00005680,-0.00002
488,-0.00006775,-0.00032136,0.00009520,-0.00006382,-0.00016485,0.00000551,0.0000
0730,0.00060876,-0.00056289,0.00000886,-0.00004112,0.00004705,-0.00008908,-0.001
74479,-0.00060068,-0.00131795,-0.01104283,0.00950786,-0.00203608,-0.02940769,0.0
2659159,-0.04153822,0.00939808,-0.00576492,0.00178128,0.00349718,0.00359254,0.00
506896,0.00029758,0.00012068,-0.00035963,0.00118175,0.00578028,0.00400354,0.0000
9603,-0.00009330,0.00001059,0.00062895,0.00030670,-0.00059792,0.02761074,-0.0359
8063,0.03822596,-0.00006565,0.00006139,-0.00000505,-0.00000409,-0.00004925,0.000
29633,0.00006562,-0.00018069,0.00006991,0.00000870,-0.00000186,-0.00001965,-0.00
000064,0.00000227,0.00000195,-0.00000574,0.00000467,0.00000046,-0.00000044,-0.00
000670,-0.00000234,0.00009526,0.00011109,0.00002358,0.00005317,0.00007259,-0.000
10694,0.00000652,-0.00001348,0.00000755,-0.00010218,0.00000266,-0.00001004,0.000
00936,-0.00000130,0.00000124,0.00000376,-0.00000762,-0.00000049,-0.00000853,0.00
000594,-0.00001273,0.00000950,0.00000573,-0.00000499,0.00000140,0.00000201,-0.00
000032,-0.00000278,0.00000063,0.,0.00004305,-0.00002771,0.00001249,-0.00000502,-
0.00000622,0.00001310,-0.00002744,0.00005582,0.00000896,0.00003780,0.00003542,-0
.00009759,0.00000161,-0.00002044,0.00000698,-0.00000015,0.00000624,0.00000094,0.
00000335,-0.00000095,-0.00000233,0.00001538,0.00000005,-0.00000651,-0.00000061,-
0.00000563,-0.00001634,0.00000821,-0.00000271,0.00000760,-0.00006812,-0.00005086
,-0.00007935,-0.00000593,0.00002967,0.00000459,0.00000194,-0.00000414,-0.0000060
8,0.00000441,0.00000775,0.00000666,0.00000508,-0.00000017,0.00000147,0.00001344,
0.00004876,-0.00002741,-0.00002162,0.00000167,0.00003323,0.00000748,0.00001604,-
0.00001861,-0.00001552,0.00005783,0.00000449,0.00003193,-0.00000458,-0.00001008,
-0.00006469,-0.00006766,0.00000598,-0.00002247,0.00004096,0.00000621,-0.00004169
,-0.00008728,0.00005923,0.00004955,-0.00000964,-0.00002230,-0.00016121,-0.001138
00,0.00066173,-0.00402393,-0.00085208,0.00329424,-0.00299054,-0.02277152,0.01412
298,-0.04509336,-0.01253749,0.00993491,0.00064579,0.02126046,-0.01231892,-0.0032
8458,0.00385388,0.00052854,-0.00060305,0.00010919,0.00004135,-0.00027907,-0.0001
5280,0.00012631,0.00012955,-0.00000705,-0.00004494,0.00070631,-0.00109024,-0.000
13297,0.05432602,-0.00005874,0.00008918,-0.00002179,-0.00001372,-0.00032367,0.00
051654,-0.00001782,-0.00027504,0.00011850,0.00000873,-0.00001648,-0.00001218,0.0
0000560,0.00000338,0.00000510,-0.00000351,0.00000520,0.00000401,-0.00000786,-0.0
0000301,0.00000139,0.00020628,0.00017852,0.00003054,0.00007948,0.00015763,-0.000
27233,0.00000451,-0.00002186,0.00002662,-0.00018778,0.00002884,-0.00001696,0.000
01828,0.00002070,0.00001229,0.00001511,0.00000496,0.00000042,0.00000387,-0.00000
911,-0.00000300,0.00001003,0.00000662,-0.00000949,0.00000129,0.00000106,-0.00000
431,-0.00000367,-0.00000092,-0.00000516,0.00009206,-0.00005114,0.00004142,0.0000
0320,-0.00002562,0.00000735,0.00008598,0.00009343,-0.00000365,-0.00004279,0.0001
8798,-0.00019025,0.00001406,-0.00003047,-0.00001911,-0.00002098,-0.00000183,0.00
000365,0.00000508,-0.00000037,-0.00001228,0.00000984,-0.00000336,-0.00001025,-0.
00000834,-0.00001407,-0.00003861,-0.00000094,-0.00000078,0.00001576,-0.00015288,
-0.00010135,-0.00012304,0.00000597,0.00005524,-0.00000550,0.00000183,0.00000006,
-0.00000603,0.00000622,0.00001478,0.00000666,0.00000871,0.00000721,0.00000088,-0
.00000963,0.00011380,-0.00002808,-0.00003154,-0.00000789,0.00004048,-0.00000413,
-0.00001210,-0.00002091,0.00001434,0.00004634,-0.00000517,0.00000738,-0.00000800
,-0.00000427,-0.00004111,-0.00002237,0.00001073,0.00000311,0.00003747,-0.0000003
0,-0.00006249,-0.00004204,0.00004126,0.00002887,-0.00001449,-0.00002146,-0.00003
248,-0.00055231,0.00020673,-0.00135605,0.00247121,0.00357543,-0.00228951,-0.0102
0082,0.00684686,-0.01249054,-0.22732548,0.11528587,0.00061109,-0.01781934,0.0105
4573,0.00437918,0.00046295,0.00327896,0.00018199,0.00069394,-0.00053676,-0.00014
075,-0.00007172,0.00000524,0.00003127,0.00004544,0.00001063,0.00012561,0.0002233
2,-0.00164956,0.01201850,0.25316417,0.00001525,-0.00005686,0.00000403,-0.0002125
6,0.00022381,-0.00011582,-0.00004681,0.00022053,0.00000483,-0.00001547,0.0000142
5,0.00000745,0.00000137,-0.00000205,-0.00000612,0.00000524,-0.00000810,-0.000002
64,-0.00000357,0.00000346,0.00000046,-0.00012004,-0.00011506,-0.00002226,0.00016
868,-0.00007498,0.00005844,0.00001390,0.00001521,-0.00000960,0.00011992,-0.00001
914,0.00001232,0.00001327,0.00000091,0.00000059,0.00000497,-0.00000172,0.0000051
5,0.00001103,0.00000703,0.00000895,-0.00001110,-0.00000901,0.00000741,-0.0000036
6,-0.00000249,-0.00000097,0.00000072,0.00000039,0.00000100,-0.00005730,0.0000409
2,-0.00000996,0.00000179,-0.00000338,-0.00005207,-0.00003700,-0.00008070,0.00000
754,0.00011385,-0.00014539,0.00003685,0.00000696,0.00001934,-0.00000601,-0.00000
095,0.00001548,-0.00000236,-0.00001788,-0.00000643,0.00000234,-0.00001930,-0.000
00985,0.00000833,0.00001537,0.00000646,0.00001561,-0.00000483,0.00000001,-0.0000
0988,0.00009151,0.00004285,0.00008243,-0.00000480,-0.00004183,-0.00001309,-0.000
00570,0.00000275,0.00000229,-0.00000251,-0.00001355,-0.00000557,-0.00000498,-0.0
0000195,-0.00000300,0.00000239,-0.00008660,0.00001165,0.00001091,0.00001825,-0.0
0002319,0.00001658,0.00000903,0.00002982,0.00000243,-0.00004403,0.00000418,-0.00
001911,0.00000286,0.00000011,0.00003001,0.00002452,0.00001602,0.00001386,-0.0000
4538,-0.00000224,0.00003783,0.00006061,-0.00003591,-0.00003013,0.00001065,0.0000
1361,-0.00009979,0.00063704,-0.00037473,0.00381361,0.00348660,0.00537409,0.00216
385,0.01166150,-0.00649690,0.00990008,0.11564461,-0.10385012,-0.00025166,0.00535
306,-0.00229915,0.00020866,0.00336380,0.00595321,0.00002999,-0.00052641,0.000131
84,0.00009573,0.00003813,-0.00008765,-0.00006369,-0.00005222,0.00000811,-0.00091
920,-0.00143215,-0.00169005,-0.01437063,-0.13596680,0.10635989,-0.00017060,0.000
06351,0.00002812,0.00004896,0.00010050,0.00025217,0.00016579,-0.00010903,-0.0000
0582,0.00001873,-0.00002657,-0.00001416,-0.00000369,0.00000257,0.00000960,0.0000
0037,0.00000627,0.00000501,0.00000400,-0.00000121,0.00001355,0.00012277,0.000223
78,0.00001848,-0.00000193,-0.00005035,-0.00016127,0.00000233,-0.00000859,0.00001
463,-0.00014961,-0.00003260,-0.00000587,0.00000502,0.00001421,0.00000427,-0.0000
0199,-0.00000706,-0.00000862,0.00000765,0.00000146,-0.00000421,0.00000716,0.0000
0414,-0.00000942,-0.00000546,-0.00000254,-0.00000347,-0.00000505,-0.00000010,-0.
00000609,0.00013278,0.00000125,0.00002097,-0.00000460,0.00001160,0.00004779,0.00
003957,0.00008436,0.00001260,-0.00010443,-0.00008356,-0.00007269,0.00000885,-0.0
0003403,-0.00001783,0.00001020,-0.00000794,-0.00000551,0.00000686,0.00000616,-0.
00001034,0.00002259,-0.00000772,-0.00000872,-0.00000799,0.00000878,-0.00005030,0
.00000530,0.00000742,0.00001216,-0.00012698,-0.00012561,-0.00007521,-0.00000306,
0.00001087,0.00000372,-0.00000453,-0.00000492,-0.00000793,-0.00000216,0.00001703
,0.00001119,0.00000465,0.00000246,0.00000708,-0.00001703,0.00004508,-0.00001861,
-0.00000340,-0.00002700,0.00000427,0.00001541,-0.00002711,-0.00000081,0.00000531
,0.00001346,0.00001084,-0.00001853,-0.00000417,-0.00000705,0.00001477,-0.0000129
2,0.00004936,-0.00001461,0.00001648,-0.00000852,0.00001775,-0.00004731,-0.000028
18,0.00000449,-0.00000738,-0.00000674,-0.00004535,-0.00021597,-0.00035182,0.0006
9434,0.00056394,-0.00049390,-0.00326469,0.00422014,0.00019685,-0.02566237,-0.006
31320,0.00997243,-0.24029801,-0.06361824,0.08694053,-0.00420826,-0.00251085,0.00
253517,0.00147178,-0.00005821,0.00157221,0.00004377,-0.00000899,-0.00002810,0.00
010720,0.00002377,-0.00005246,-0.00129606,-0.00028090,0.00056445,0.00072271,-0.0
0077059,-0.00032539,0.27097512,-0.00000283,0.00003733,-0.00001048,0.00000501,-0.
00015806,0.00016450,-0.00002106,-0.00009570,0.00004792,-0.00000193,-0.00000111,-
0.00000150,0.00000088,0.00000073,0.00000119,-0.00000219,0.00000194,0.00000085,-0
.00000342,0.00000010,-0.00000217,0.00009020,0.00006404,0.00001771,0.00003778,0.0
0002860,-0.00009104,-0.00000495,-0.00000496,0.00001078,-0.00008266,0.00001510,-0
.00000810,0.00000698,0.00000923,0.00000499,0.00000959,0.00000437,0.00000284,0.00
000020,-0.00000585,0.00000097,0.00000384,0.00000126,-0.00000278,-0.00000092,-0.0
0000127,-0.00000211,-0.00000333,0.00000041,-0.00000276,0.00002242,-0.00002289,0.
00001889,0.00000130,-0.00001660,-0.00000355,-0.00008343,-0.00002164,0.00002483,-
0.00002579,0.00009863,-0.00004785,0.00000865,-0.00000520,-0.00000865,-0.00001485
,0.00000048,0.00000222,-0.00000001,-0.00000211,-0.00000490,-0.00000019,-0.000001
28,-0.00000403,-0.00000251,-0.00001034,-0.00000933,-0.00000201,-0.00000056,0.000
00614,-0.00010248,-0.00006536,-0.00006921,0.00001585,0.00003797,0.00000667,-0.00
000101,0.00000181,-0.00000152,0.00000028,0.00000435,0.00000172,0.00000410,0.0000
0246,0.00000076,-0.00000675,0.00002935,-0.00000371,0.00000194,0.00000329,0.00001
286,0.00000607,-0.00000706,-0.00001033,0.00000107,0.00001099,-0.00000344,0.00000
242,0.00000042,-0.00000313,-0.00000849,-0.00000015,-0.00001173,0.00000181,0.0000
0942,0.00000180,-0.00001902,0.00000492,0.00002014,0.00000595,-0.00000275,-0.0000
0229,-0.00024813,-0.00031451,-0.00073035,0.00063210,-0.00038738,0.00010332,0.003
69848,0.00044720,0.00339120,0.01447117,0.00445383,-0.00583125,-0.06357722,-0.063
04489,0.03231628,-0.02329316,-0.00906717,0.01114049,0.00045136,-0.00259233,0.005
77578,0.00008000,0.00008813,-0.00011100,0.00002325,0.00000295,0.00000887,0.00084
896,0.00016177,-0.00026590,0.00036463,0.00012298,-0.00165787,0.06884828,0.070692
08,0.00003253,-0.00002389,-0.00000520,-0.00017863,0.00011331,0.00004934,-0.00005
861,0.00007291,0.00003430,-0.00000895,0.00001073,0.00000209,0.00000408,-0.000000
95,-0.00000458,0.00000390,-0.00000608,-0.00000157,-0.00000297,-0.00000019,-0.000
00231,-0.00006230,-0.00004603,-0.00001742,0.00017611,-0.00002842,-0.00001636,0.0
0000919,0.00000557,-0.00000601,0.00004059,-0.00000654,0.00001282,0.00000802,-0.0
0000083,0.00000209,0.00000438,-0.00000085,0.00000637,0.00000129,0.00000183,0.000
00225,-0.00000451,-0.00000503,0.00000452,-0.00000105,-0.00000012,-0.00000022,0.0
0000176,0.00000036,0.00000134,-0.00003970,0.00001143,-0.00000672,0.00000605,-0.0
0000758,-0.00003549,-0.00023735,-0.00009746,0.00007227,0.00009317,-0.00005811,0.
00000135,0.00000315,0.00001095,-0.00000020,-0.00000351,0.00000936,0.00000055,-0.
00000868,-0.00000453,0.00000089,-0.00001141,-0.00000228,0.00000360,0.00000758,0.
00000191,0.00001323,-0.00000301,-0.00000022,-0.00000421,-0.00001925,-0.00003173,
-0.00000845,-0.00002050,-0.00003233,-0.00002227,0.00000079,0.00000044,0.00000164
,0.00000102,-0.00000843,-0.00000377,-0.00000149,-0.00000042,-0.00000322,0.000004
11,-0.00002961,0.00000635,-0.00000207,0.00000787,-0.00000550,0.00000071,0.000008
60,0.00001357,-0.00000106,-0.00001205,-0.00000089,0.00000306,0.00000153,0.000002
59,0.00000138,0.00000667,-0.00000370,0.00000346,-0.00001492,0.00000158,0.0000112
1,0.00000764,-0.00000221,-0.00000419,0.00000521,0.00000026,-0.00040737,-0.000721
09,-0.00110236,-0.00031733,0.00020022,0.00005363,0.00050600,0.00312163,0.0059532
2,-0.00196472,-0.00076174,0.00140254,0.08706524,0.03242632,-0.07361907,0.0143295
2,0.00599428,-0.00644119,0.00121888,0.00595014,0.00417068,0.00002784,0.00009901,
-0.00005371,0.00011730,-0.00007602,-0.00000529,-0.00010741,0.00003450,0.00004238
,-0.00103166,-0.00136936,-0.00157289,-0.09965575,-0.04355320,0.07308849,-0.00017
984,0.00006079,0.00002093,0.00003349,0.00000616,0.00032714,0.00014404,-0.0001305
6,0.00003224,0.00001514,-0.00002328,-0.00000996,-0.00000339,0.00000225,0.0000077
5,0.00000003,0.00000378,0.00000373,0.00000213,-0.00000288,0.00001148,0.00017182,
0.00036004,0.00003715,0.00002309,-0.00009471,-0.00014626,0.00000553,-0.00000852,
0.00001888,-0.00019615,-0.00006001,-0.00000680,0.00001120,0.00002164,0.00000578,
0.00000212,-0.00000549,-0.00000573,0.00000874,0.00000265,-0.00000179,0.00000814,
0.00000411,-0.00001060,-0.00000656,-0.00000301,-0.00000497,-0.00000503,-0.000000
81,-0.00000673,0.00013383,0.00000459,0.00002802,-0.00000905,0.00000503,0.0000457
1,0.00000927,0.00018371,0.00002536,-0.00006130,-0.00003167,-0.00007948,0.0000134
4,-0.00003145,-0.00002473,0.00000368,-0.00000435,-0.00000690,0.00000095,0.000005
04,-0.00001149,0.00001913,-0.00001208,-0.00001007,-0.00000539,0.00000398,-0.0000
5515,0.00000538,0.00000918,0.00001263,-0.00015292,-0.00020067,-0.00013174,-0.000
00682,0.00003331,0.00002128,-0.00000219,-0.00000231,-0.00000520,-0.00000166,0.00
001395,0.00000950,0.00000444,0.00000257,0.00000686,-0.00002153,0.00004059,-0.000
01377,0.00000270,-0.00001108,0.00000636,0.00001464,-0.00000913,-0.00001353,0.000
00315,0.00001266,0.00000648,-0.00001189,-0.00000337,-0.00000533,0.00000353,-0.00
001007,0.00002331,-0.00001137,0.00001780,-0.00000819,-0.00001567,-0.00003582,0.0
0000478,0.00001330,-0.00001268,-0.00001194,-0.00113876,0.00085342,-0.00029950,-0
.00387598,-0.00154791,0.00368147,0.00049115,-0.00073379,0.00025874,0.00153330,0.
00055334,0.00127182,-0.00025846,0.00127927,-0.00051851,-0.21028280,0.11895933,-0
.02389041,-0.02562568,0.01556301,-0.00234557,0.00009039,0.00004591,-0.00007224,-
0.00029743,-0.00004087,0.00009490,-0.00001833,-0.00022331,-0.00028643,-0.0000464
5,-0.00001851,0.00003667,0.00094121,-0.00098229,-0.00030192,0.23778554,0.0000496
1,-0.00000426,-0.00000806,-0.00011893,-0.00002336,0.00002716,-0.00004811,0.00001
136,0.00003322,-0.00001073,0.00001542,0.00000118,-0.00000017,-0.00000144,-0.0000
0446,-0.00000191,-0.00000005,-0.00000218,0.00000137,0.00000060,-0.00000696,-0.00
000847,-0.00009812,0.00000140,0.00009778,0.00007178,0.00000087,-0.00000401,0.000
00047,-0.00000573,0.00002911,0.00002302,-0.00000401,0.00000052,-0.00000775,-0.00
000546,0.00000425,0.00000146,0.00000544,-0.00000568,-0.00000169,-0.00000184,0.00
000119,0.00000021,0.00000368,0.00000294,0.00000084,0.00000326,0.00000088,0.00000
144,0.00000351,-0.00005000,-0.00001212,-0.00000391,0.00000106,-0.00001293,-0.000
02596,-0.00005867,-0.00004901,-0.00000734,0.00009130,0.00000895,-0.00002179,-0.0
0000017,0.00001156,0.00000979,-0.00000728,0.00000673,0.00000332,-0.00000449,-0.0
0000308,0.00000498,-0.00000536,0.00000189,0.00000225,0.00000420,-0.00000883,0.00
002025,0.00000011,-0.00000497,-0.00000197,0.00002266,0.00005211,0.00000110,0.000
01387,0.00003406,0.00000496,0.00000094,-0.00000050,0.00000189,0.00000188,-0.0000
0763,-0.00000309,0.00000048,-0.00000249,-0.00000258,0.00001854,-0.00000917,0.000
00208,-0.00000432,0.00001020,0.00000113,-0.00000668,0.00001339,0.00000094,-0.000
00567,0.00000393,-0.00000183,0.00000687,0.00000189,0.00000239,-0.00000859,-0.000
00548,-0.00000961,-0.00000206,0.00000009,0.00000389,-0.00001082,0.00000023,0.000
01441,0.00000563,0.00000238,-0.00000275,-0.00030331,0.00008128,0.00003649,-0.000
95637,0.00230094,0.00357461,-0.00077578,0.00003060,0.00009903,0.00003395,-0.0026
4718,0.00598846,0.02203486,-0.01728951,0.00477362,0.11897190,-0.12573663,0.02226
919,-0.00505842,0.00426343,-0.00067572,0.00002145,0.00004118,-0.00006270,-0.0001
3285,-0.00003494,0.00000479,-0.00021462,-0.00036118,-0.00076909,0.00114900,-0.00
092686,0.00024536,0.00019819,-0.00001251,-0.00153240,-0.13381459,0.14000104,0.00
001912,-0.00000193,0.00000050,-0.00012961,0.00012339,0.00004661,-0.00001362,0.00
002590,-0.00000134,-0.00000102,0.00000133,-0.00000036,0.00000380,0.00000017,-0.0
0000048,0.00000418,-0.00000393,0.00000049,-0.00000316,0.00000001,0.00000115,-0.0
0001146,0.00001456,-0.00000121,0.00013220,-0.00008365,-0.00005232,0.00000132,0.0
0000438,-0.00000189,0.00001176,-0.00000835,0.00000711,-0.00000035,0.00000215,0.0
0000227,0.00000284,0.00000086,0.00000328,-0.00000049,-0.00000405,0.00000167,-0.0
0000261,-0.00000306,0.00000218,-0.00000271,-0.00000074,-0.00000115,0.00000070,0.
00000023,-0.00000106,-0.00000475,0.00001417,-0.00000331,0.00000728,-0.00000172,-
0.00000899,0.00001572,0.00005988,0.00002081,0.00001112,-0.00007190,-0.00000001,0
.00000215,0.00000426,-0.00000422,-0.00000364,-0.00000041,0.00000122,0.00000098,-
0.00000172,-0.00000202,-0.00000607,0.00000189,0.00000028,-0.00000056,0.00000116,
0.00000182,-0.00000443,0.00000292,-0.00000101,-0.00000955,-0.00001423,0.00000297
,0.00000541,-0.00003120,-0.00000727,-0.00000074,0.00000017,-0.00000013,-0.000000
33,-0.00000177,-0.00000079,-0.00000042,0.00000165,-0.00000063,-0.00000543,-0.000
00888,0.00000439,0.00000185,0.00000054,-0.00000387,0.00000798,-0.00000607,0.0000
0757,0.00000217,-0.00000914,-0.00000050,-0.00000133,0.00000116,-0.00000048,0.000
00752,0.00000598,0.00000317,0.00000524,-0.00001044,-0.00000026,0.00000063,0.0000
0919,-0.00000951,-0.00000448,0.00000371,0.00000339,0.00042798,-0.00040912,0.0000
2368,0.00354045,0.00379773,0.00531879,0.00027506,0.00007815,-0.00026179,0.001526
72,0.00588223,0.00424275,-0.01225807,0.01001486,-0.00190913,-0.02378138,0.022094
95,-0.04103950,0.00912355,-0.00566244,0.00175475,-0.00006157,-0.00003617,0.00003
818,0.00008195,-0.00000736,-0.00007799,-0.00029771,-0.00077449,-0.00129222,-0.00
061787,0.00052084,-0.00016702,-0.00096219,-0.00121081,-0.00166893,0.02316765,-0.
03258740,0.03677357,-0.00002403,-0.00005576,0.00003584,0.00004538,0.00025569,-0.
00010693,0.00003346,0.00016624,-0.00004198,0.00000224,-0.00000524,0.00000117,-0.
00000204,-0.00000223,0.00000127,0.00000296,-0.00000092,0.00000027,0.00000632,0.0
0000135,0.00000387,-0.00013271,0.00006286,-0.00006374,0.00000424,-0.00005692,0.0
0008147,0.00001305,0.00001317,-0.00001055,0.00009491,-0.00004979,0.00002287,-0.0
0000308,-0.00000250,-0.00000337,-0.00001186,-0.00000404,-0.00000534,0.00001120,0
.00000416,0.00000654,-0.00001002,-0.00000568,0.00000415,0.00000049,-0.00000184,0
.00000177,0.00000426,-0.00000183,0.00000271,-0.00000326,0.00004315,-0.00001679,-
0.00000682,0.00001691,-0.00001054,-0.00017556,0.00017900,0.00009774,0.00007776,-
0.00020887,0.00008736,-0.00000331,0.00000207,-0.00000658,0.00001593,-0.00000156,
-0.00000785,-0.00000411,0.00000217,0.00000117,-0.00000310,-0.00000713,0.00000532
,0.00000574,0.00001786,-0.00000309,0.00000528,0.00000065,-0.00000883,0.00009320,
-0.00006282,0.00008100,-0.00013848,-0.00019217,-0.00021745,-0.00000028,-0.000000
10,0.00000065,0.00000031,-0.00000443,0.00000107,-0.00000680,-0.00000515,0.000001
27,-0.00000109,-0.00004435,-0.00000372,-0.00000480,-0.00001305,-0.00000705,0.000
00520,-0.00000301,0.00000864,0.00000160,-0.00001015,0.00000684,-0.00001064,-0.00
000096,-0.00000068,0.00001509,-0.00000064,0.00002612,-0.00000394,-0.00001055,-0.
00000320,0.00003111,-0.00002509,-0.00002382,-0.00000560,0.00000459,0.00000168,0.
00072407,0.00076305,-0.00149700,0.00064740,0.02077438,-0.01142235,-0.00338213,0.
00373491,0.00046342,-0.00057508,0.00010295,0.00003816,-0.00404736,-0.00093495,0.
00344139,-0.00316242,-0.02314929,0.01366246,-0.04480074,-0.01304226,0.00996236,-
0.00044640,0.00014369,0.00055306,0.00020635,-0.00016511,0.00006070,-0.00008888,0
.00118495,-0.00070673,-0.00005313,-0.00020472,-0.00030796,-0.00022562,-0.0011519
2,0.00077021,0.00069444,-0.00111793,-0.00021485,0.05453030,0.00001072,0.00004024
,-0.00002678,-0.00012247,-0.00039424,0.00025981,0.00000265,-0.00015516,0.0001004
9,-0.00001238,0.00001804,-0.00000137,-0.00000558,0.00000087,-0.00000476,-0.00000
656,0.00000739,-0.00000296,0.00000144,0.00000138,-0.00001278,0.00005454,-0.00021
408,0.00003894,0.00012216,0.00022260,-0.00009918,-0.00001210,-0.00000994,0.00000
075,-0.00005381,0.00007891,-0.00002721,0.00001064,-0.00001068,-0.00000363,0.0000
1018,-0.00000243,0.00000868,-0.00001270,0.00000269,-0.00000936,0.00000946,0.0000
0359,0.00000026,0.00000059,0.00000111,0.00000424,-0.00000588,0.00000664,0.000000
84,-0.00004444,-0.00007987,0.00001092,-0.00000241,-0.00002553,-0.00001426,-0.000
19817,-0.00020532,-0.00007116,0.00006571,0.00020205,-0.00011612,0.00000372,0.000
00823,0.00002165,-0.00001431,0.00001067,0.00000710,-0.00000447,-0.00000197,0.000
00472,0.00000335,0.00000183,-0.00000155,0.00000096,-0.00002358,0.00001858,0.0000
0268,-0.00000920,0.00000399,-0.00007912,0.00008011,-0.00009140,0.00003523,0.0002
9966,0.00005727,-0.00000080,-0.00000169,-0.00000107,0.00000199,-0.00000230,-0.00
000303,0.00000556,-0.00000360,-0.00000070,0.00002629,0.00003541,0.00000161,-0.00
000918,0.00001246,0.00001799,-0.00001988,0.00000936,-0.00000541,-0.00000346,0.00
001496,-0.00000816,0.00001516,0.00000253,0.00000238,-0.00001689,-0.00000222,-0.0
0003507,-0.00000135,0.00001162,0.00000581,-0.00002485,0.00001958,0.00004236,0.00
001444,-0.00000295,-0.00000532,-0.00147244,0.00009724,-0.00082137,0.00107741,-0.
01850363,0.01079489,0.00415510,0.00021683,0.00331539,0.00021723,0.00062412,-0.00
051860,-0.00151115,0.00234789,0.00355714,-0.00232536,-0.01017433,0.00653005,-0.0
1316577,-0.23217275,0.11278954,0.00062154,0.00037454,-0.00077352,-0.00028696,0.0
0014802,-0.00003209,-0.00006313,-0.00102208,0.00045565,-0.00019295,-0.00032177,-
0.00079159,0.00000002,-0.00049735,0.00031868,0.00015734,0.00021818,-0.00170860,0
.01315193,0.25858850,0.00001247,-0.00001494,0.00000460,-0.00024273,0.00031161,0.
00002975,-0.00000045,0.00009405,0.00000450,0.00000146,-0.00000725,-0.00000097,0.
00000632,-0.00000057,0.00000055,0.00000626,-0.00000745,0.00000121,-0.00000359,-0
.00000014,0.00000532,-0.00010620,0.00023353,-0.00000244,0.00019842,-0.00021511,0
.00000050,0.00001170,0.00000298,-0.00000031,0.00003667,-0.00008277,0.00002094,-0
.00000053,0.00000979,-0.00000168,0.00000500,0.00000353,0.00000050,0.00000686,-0.
00000710,0.00000498,-0.00000318,-0.00000001,0.00000182,-0.00000211,-0.00000041,-
0.00000225,0.00000334,-0.00000269,-0.00000087,0.00000634,0.00005196,-0.00000274,
0.00000209,-0.00000082,-0.00002290,-0.00038981,0.00014121,0.00013024,0.00007297,
-0.00019493,0.00004917,0.00000271,0.00000271,-0.00001375,-0.00000187,-0.00000491
,0.00000090,0.00000289,-0.00000146,-0.00000416,-0.00000956,0.00000177,0.00000205
,-0.00000136,0.00000681,-0.00000611,-0.00000623,0.00000828,-0.00000157,-0.000056
10,-0.00026226,-0.00006730,-0.00019264,-0.00018831,-0.00008945,-0.00000155,0.000
00098,0.00000017,-0.00000005,-0.00000377,0.00000055,-0.00000250,0.00000433,0.,-0
.00001702,-0.00003285,0.00000802,0.00000380,-0.00000192,-0.00000805,0.00001276,0
.00000211,0.00001189,0.00000298,-0.00001427,0.00000253,-0.00000590,0.00000041,-0
.00000338,0.00000714,0.00000654,0.00001485,0.00000153,-0.00001369,-0.00000317,0.
00000858,-0.00000605,-0.00001491,-0.00000330,0.00000263,0.00000054,-0.00007026,-
0.00180539,-0.00128077,-0.00012815,0.00629412,-0.00241777,0.00032946,0.00324600,
0.00580760,0.00002687,-0.00047986,0.00007293,0.00376974,0.00348608,0.00526319,0.
00230567,0.01173775,-0.00643197,0.00995096,0.11238939,-0.09869114,0.00000702,0.0
0000618,0.00005872,0.00028642,0.00000253,-0.00007998,-0.00007423,0.00021166,-0.0
0013089,-0.00031685,-0.00081754,-0.00129825,0.00009039,0.00058571,-0.00032581,-0
.00087534,-0.00139266,-0.00173724,-0.01477475,-0.13316388,0.10115316,-0.00053716
,0.00160465,-0.00028123,-0.00035855,0.00155523,0.00120634,-0.00202195,0.00259475
,-0.00055314,-0.00008413,-0.00007799,-0.00004573,0.00005723,-0.00002538,0.000028
79,0.00001767,0.00007816,0.00009982,-0.00002516,0.00002823,0.00000601,-0.1257971
3,0.05772940,0.00209013,0.00110754,-0.00129352,-0.00168571,-0.00009109,-0.000101
96,-0.00029575,-0.05249256,0.05553578,0.00438243,-0.00021865,0.00067588,0.001117
34,0.00035069,-0.00017129,0.00020450,-0.00000932,0.00009896,0.00014266,0.0000351
5,0.00018101,-0.00063362,0.00015241,-0.00002061,-0.00004432,0.00002325,0.0000272
9,-0.00009926,-0.00037148,-0.00587985,0.00118492,-0.00023328,-0.00041729,0.00020
623,-0.00112948,-0.00024469,-0.00261180,0.00096934,-0.00094346,-0.00017601,0.000
24259,-0.00026747,0.00019520,-0.00017723,-0.00006437,-0.00011187,0.00030649,-0.0
0002775,0.00002146,0.00005025,0.00008396,-0.00070141,-0.00087540,0.00014343,-0.0
0090110,-0.00032019,0.00023219,0.00018327,0.01069756,-0.01586356,0.00339246,-0.0
0011716,-0.00287457,-0.00012717,0.00000716,-0.00006894,0.00000163,0.00005257,0.0
0005400,-0.00002116,0.00045033,0.00022963,0.00014411,0.00035835,-0.00079071,0.00
030983,0.00001397,-0.00011496,0.00004961,0.00000019,-0.00006257,-0.00004078,-0.0
0000199,0.00003294,0.00002101,-0.00000012,-0.00002810,0.00004267,-0.00003406,0.0
0003830,-0.00000861,0.00000107,0.00006266,-0.00000064,-0.00009195,0.00006613,0.0
0002029,-0.00002735,-0.00001863,-0.00006901,0.00065821,-0.00011583,0.00035850,0.
00002841,0.00005939,0.00019476,-0.00004895,0.00013312,-0.00007363,0.00000220,-0.
00004305,0.00000333,-0.00003325,-0.00002923,0.00001355,0.00000199,0.00003297,-0.
00003917,0.00007368,0.00015286,-0.00014770,0.00004836,0.00002204,0.00026724,-0.0
0006082,-0.00046043,-0.00022166,0.00007968,-0.00008302,0.00002476,-0.00000992,-0
.00002424,0.00001706,0.00000329,-0.00001225,0.00001337,0.00003117,-0.00001738,0.
00001465,0.00006473,-0.00009303,0.00011492,0.31858299,0.00386060,-0.00142689,-0.
00011508,0.00148785,-0.00034452,-0.00661710,-0.00009669,0.00147914,-0.00102526,-
0.00065543,0.00029100,0.00016787,-0.00004527,-0.00010756,-0.00021315,-0.00004808
,-0.00007537,-0.00021097,-0.00002255,0.00001582,-0.00020254,0.07565359,-0.176771
86,-0.01133171,-0.00285800,0.00195146,0.00469659,-0.00003899,0.00047847,-0.00005
859,0.03693772,-0.02059128,-0.00308439,0.00043892,-0.00126032,-0.00144250,-0.000
16345,-0.00012557,0.00005049,-0.00019781,-0.00013406,-0.00027274,-0.00009772,-0.
00049244,0.00055975,0.00010551,0.00000765,0.00023207,0.00003759,0.00001243,0.000
29755,-0.00503194,0.00505344,-0.00221417,-0.00108813,0.00059211,-0.00178033,0.00
107484,-0.00321286,0.00525619,-0.00013096,0.00034211,0.00107086,-0.00044374,0.00
080436,0.00051974,0.00041263,0.00030886,0.00032219,-0.00016260,-0.00049808,0.000
27497,-0.00029196,0.00052712,0.00102468,0.00099241,-0.00033351,0.00225385,0.0000
1851,-0.00061237,-0.00035384,0.00101759,-0.08147885,-0.01619680,-0.00275220,-0.0
0032518,-0.00030080,-0.00004496,-0.00001574,-0.00001230,0.00014733,-0.00030470,-
0.00012079,-0.00024054,-0.00042992,-0.00040525,0.00079479,-0.00302495,0.00063628
,0.00009142,0.00017710,-0.00058627,0.00043407,0.00062500,0.00072768,-0.00007669,
-0.00049245,0.00007560,0.00004470,0.00004822,-0.00004537,0.00012284,0.00008337,-
0.00012380,0.00002851,-0.00040986,-0.00004618,0.00027291,0.00010517,-0.00002497,
-0.00000943,0.00017080,0.00022217,-0.00131522,-0.00033431,-0.00029411,0.00114154
,0.00053641,-0.00045937,-0.00009994,-0.00026190,0.00012866,0.00012940,0.00020866
,-0.00013400,0.00006778,0.00006504,-0.00004485,0.00017526,-0.00010202,0.00003560
,-0.00025430,-0.00036856,0.00029306,-0.00001934,0.00000617,-0.00032963,0.0000813
6,0.00079240,0.00033631,-0.00014871,0.00025907,-0.00005271,-0.00003490,-0.000070
37,0.00005126,-0.00014990,-0.00002518,0.00003958,-0.00021414,0.00009392,-0.00001
615,-0.00003207,0.00015433,-0.00012161,-0.01186693,0.46201151,0.00145490,-0.0010
4576,0.00069347,-0.00008735,-0.00086619,-0.00176784,-0.00003652,0.00057428,0.001
97810,-0.00001535,-0.00002092,-0.00000167,-0.00006540,-0.00001043,-0.00000557,-0
.00005064,0.00004743,-0.00004402,0.00004240,0.00000890,-0.00002959,0.00873276,-0
.01436508,-0.04758842,-0.00031423,0.00082152,0.00107238,-0.00005893,0.00021243,-
0.00001806,0.00144404,-0.00429398,0.01502831,-0.00050704,-0.00015662,-0.00002772
,-0.00019930,-0.00008466,0.00008530,-0.00013030,0.00001622,-0.00031710,-0.000153
18,0.00018031,0.00008448,0.00002431,0.00001673,0.00004924,0.00000974,0.00000487,
0.00008257,-0.00152764,0.00134569,-0.00050024,-0.00008720,0.00053496,-0.00044203
,-0.00063898,-0.00071050,-0.00059016,0.00003155,0.00002211,0.00073963,-0.0002446
2,0.00018746,0.00039182,0.00028672,-0.00000582,0.00005109,0.00004987,-0.00011129
,0.00012996,0.00005413,0.00018471,0.00034025,0.00052668,-0.00034497,0.00100705,0
.00022541,-0.00038325,0.00002935,0.00126006,-0.01286290,0.00915189,-0.00030960,0
.00030746,-0.00033188,-0.00000702,-0.00002820,0.00000014,0.00003171,-0.00001414,
0.00000174,0.00006015,-0.00014285,-0.00009709,0.00021288,-0.00038003,-0.00034905
,-0.00001135,0.00009104,-0.00007384,0.00005770,0.00000374,0.00004170,-0.00000744
,-0.00000140,0.00001139,-0.00000327,-0.00000308,-0.00001266,0.00002377,-0.000031
16,-0.00002216,-0.00001214,-0.00005271,-0.00000703,0.00000688,0.00002107,0.00000
339,0.00001053,0.00004799,0.00002459,-0.00033373,0.00038021,-0.00019322,0.000064
07,0.00004394,-0.00000769,-0.00000059,-0.00001749,0.00000152,-0.00004001,-0.0000
0107,0.00000557,0.00000975,0.00000558,-0.00000570,0.00006374,-0.00001097,-0.0000
1243,-0.00006104,0.00001598,0.00000662,0.00017608,0.00004519,0.00020125,0.000055
58,0.00017434,0.00013299,-0.00002785,0.00001316,-0.00000928,-0.00000328,-0.00000
137,-0.00000642,-0.00000653,-0.00001067,-0.00000484,-0.00001526,0.00000085,-0.00
001630,0.00004732,-0.00002238,-0.00001545,0.01218064,0.05816518,0.07765812,0.000
15530,0.00001828,-0.00003193,0.00002886,-0.00002217,-0.00014169,0.00002214,0.000
13128,-0.00003371,-0.00002781,0.00002338,0.00000608,0.00000505,-0.00000972,-0.00
000624,-0.00000707,0.00001321,-0.00001527,-0.00000276,0.00000781,-0.00001266,-0.
00153477,-0.00131064,-0.00033608,-0.00001915,0.00005307,0.00008756,0.00002238,0.
00002701,0.00000275,0.00056484,-0.00028283,-0.00002190,0.00004147,-0.00006940,-0
.00001094,0.00000155,-0.00001055,0.00000589,-0.00001727,-0.00000010,0.00000538,-
0.00003560,-0.00005053,-0.00001180,0.00003119,-0.00001177,0.00000577,-0.00000642
,0.00000966,0.00001118,-0.00023001,0.00007813,-0.00006682,-0.00007747,0.00001887
,-0.00011485,0.00001173,0.00000372,0.00007258,0.00001048,0.00001536,0.00003574,-
0.00003081,0.00002034,0.00003250,0.00000767,0.00002222,0.00000410,0.00002724,-0.
00002298,-0.00000810,-0.00003547,-0.00000249,0.00008256,0.00006230,0.00000350,0.
00011562,-0.00006977,-0.00004900,-0.00000542,0.00021406,-0.00091508,-0.00009165,
0.00003604,-0.00000505,-0.00002050,0.00000650,0.00000772,0.00000344,0.00001186,0
.00000146,-0.00000502,0.00006848,-0.00003378,-0.00002727,0.00003002,-0.00014014,
0.00002091,0.00000214,-0.00000011,-0.00001604,0.00001005,0.00001519,0.00002162,-
0.00000095,-0.00000758,0.00000350,0.00000237,-0.00000070,0.00000052,0.00000486,0
.00000479,-0.00000649,0.00000228,-0.00000316,-0.00000074,0.00001502,0.00000637,0
.00000060,-0.00000203,0.00000689,0.00000645,-0.00001527,-0.00001025,0.00000407,0
.00001250,0.00000230,0.00000395,-0.00000390,-0.00000329,0.00000121,-0.00000177,0
.00000705,-0.00000165,0.00000566,0.00000482,-0.00000404,0.00000321,-0.00000578,0
.00000280,-0.00000369,0.00001474,-0.00000261,0.00000819,0.00000347,0.00000747,-0
.00000513,0.00001830,0.00000336,-0.00000475,0.00000323,-0.00000015,0.00000141,-0
.00000177,0.00000032,-0.00000039,-0.00000191,0.00000148,0.00000272,0.00000291,-0
.00000040,0.00000205,0.00000194,0.00000503,0.00966368,-0.01072946,-0.00150815,0.
49128135,0.00034848,-0.00011035,0.00000266,0.00019673,-0.00003549,-0.00029565,0.
00000612,0.00023830,-0.00013849,-0.00001152,-0.00000425,-0.00000426,0.00000444,-
0.00000942,-0.00000481,0.00000840,-0.00000187,-0.00000114,0.00000413,0.00000378,
-0.00000909,-0.00402565,-0.00263835,-0.00080553,-0.00013556,0.00005349,0.0001886
8,-0.00003039,0.00003643,-0.00004029,0.00108733,0.00003509,0.00007424,-0.0000546
6,-0.00005013,-0.00006390,-0.00001103,-0.00000002,-0.00000070,-0.00002068,-0.000
05216,-0.00001166,-0.00003220,-0.00003143,0.00001810,0.00002307,-0.00000318,0.00
001515,0.00001880,-0.00000388,0.00001602,-0.00031490,0.00018757,-0.00013953,-0.0
0009794,0.00004246,-0.00006010,0.00005491,0.00009340,0.00010396,-0.00009220,0.00
003744,0.00009142,-0.00002932,0.00006146,0.00004651,0.00003086,-0.00002085,0.000
02667,0.00003813,-0.00003020,0.00002745,-0.00001206,0.00007380,0.00003645,-0.000
03791,0.00000641,0.00014663,-0.00001224,-0.00002877,-0.00006156,0.00050800,-0.00
246938,-0.00020902,0.00005500,-0.00003302,-0.00002894,-0.00000573,-0.00001135,0.
00000552,0.00000769,-0.00002560,-0.00000618,0.00000242,-0.00004055,0.00000679,0.
00006327,-0.00022534,0.00004567,0.00000473,-0.00000510,-0.00002391,0.00001910,0.
00000442,0.00002462,-0.00000260,-0.00003296,0.00000519,0.00000492,0.00000244,0.0
0000148,0.00000228,0.00000702,-0.00000441,0.00000253,-0.00003578,-0.00000084,0.0
0000017,0.00000700,-0.00000035,0.00000006,0.00001099,0.00000264,-0.00004191,-0.0
0001788,0.00000219,0.00006750,-0.00000096,-0.00003054,-0.00002935,-0.00001266,0.
00000949,0.00001329,0.00001205,-0.00001032,-0.00000086,-0.00001053,0.00000380,0.
00000034,-0.00000952,0.00000556,-0.00001280,-0.00000286,0.00000534,0.00001073,0.
00000117,0.00001150,-0.00001073,0.00001557,0.00000532,-0.00000606,0.00001152,-0.
00000476,-0.00000840,-0.00001088,0.00000588,-0.00001405,-0.00000590,0.00000260,-
0.00001915,0.00000069,-0.00000155,0.00001052,0.00000052,-0.00000491,0.01477128,-
0.04263623,-0.00687297,0.04534209,0.49521617,0.00009201,-0.00001265,0.00000103,-
0.00009856,0.00012134,0.00001452,-0.00001429,0.00005552,-0.00001654,-0.00000354,
0.00000736,0.00000165,-0.00000011,0.00000221,-0.00000701,-0.00000262,0.00000641,
0.00000076,-0.00000354,-0.00000178,0.00000175,-0.00081606,-0.00051578,0.00014927
,0.00004145,-0.00009466,-0.00003859,-0.00000044,0.00001023,0.00000712,0.00019238
,-0.00011971,0.00037704,-0.00001744,-0.00000847,-0.00002006,-0.00001015,-0.00001
967,0.00000772,-0.00000826,0.00000651,0.00000245,0.00000119,0.00004460,0.0000006
1,-0.00000896,0.00000513,-0.00000774,0.00000232,-0.00000240,0.00000553,-0.000094
48,0.00005448,-0.00008153,0.00000313,0.00000862,-0.00002178,0.00000202,0.0000210
8,-0.00002722,0.00006474,-0.00004038,0.00001073,-0.00003880,0.00000497,0.0000352
1,0.00000605,0.00000170,0.00001199,0.00003097,-0.00001626,-0.00001332,-0.0000105
7,0.00007312,0.00005667,0.00000693,0.00002626,0.00005214,-0.00007372,-0.00008405
,0.00000564,0.00006986,-0.00049936,-0.00010367,0.00003079,0.00000410,0.00009053,
-0.00000008,-0.00000311,0.00000504,0.00000370,-0.00000498,0.00000063,0.00005913,
-0.00002285,-0.00011246,0.00001167,-0.00005298,0.00001286,0.00000063,0.00000011,
-0.00000621,0.00000402,0.00000328,0.00000800,-0.00000031,-0.00000758,0.00000396,
0.00000164,-0.00000203,0.00000198,-0.00000229,0.00000390,0.00000007,0.00000139,-
0.00000662,0.00000212,0.00000147,0.00000257,0.00000176,0.00000241,0.00000381,0.0
0000155,-0.00000881,-0.00001665,0.00000804,0.00001568,0.00000973,-0.00000871,-0.
00000369,-0.00000013,-0.00000170,0.00000142,0.00000147,-0.00000137,-0.00000077,0
.00000236,-0.00000353,0.00000578,-0.00000074,-0.00000421,-0.00000208,-0.00002001
,0.00000634,-0.00000282,-0.00001008,-0.00002011,-0.00000207,0.00000471,-0.000002
19,-0.00000299,0.00000453,0.00000060,-0.00000117,0.00000091,0.00000155,-0.000000
01,0.00000020,0.00000101,-0.00000355,-0.00000010,0.00000195,-0.00000447,0.000002
28,-0.00000034,0.00296643,-0.00838571,0.00156166,0.00581081,-0.00366927,0.528035
46,-0.00136750,-0.00017196,0.00018384,0.00042723,-0.00116135,0.00133294,0.000401
27,-0.00168490,0.00022135,0.00017694,-0.00011516,-0.00002182,-0.00000754,0.00006
462,0.00007066,0.00000680,-0.00002601,0.00006431,0.00001734,-0.00001628,0.000050
59,0.02230064,-0.00248447,0.00105680,0.00015909,0.00028172,-0.00066720,0.0000143
8,-0.00011144,0.00008271,-0.00288248,0.00004316,-0.00017264,0.00003501,0.0003310
5,0.00020444,-0.00005447,0.00006427,-0.00010333,0.00008499,0.00008196,0.00003971
,0.00006882,0.00008953,0.00007833,-0.00013674,0.00001998,-0.00006607,-0.00001496
,-0.00003357,-0.00009483,0.00163041,-0.00065174,0.00055140,0.00036973,-0.0000491
5,0.00063415,-0.00009681,0.00006275,-0.00063580,-0.00062862,0.00055303,-0.000298
86,0.00012022,-0.00028376,-0.00024680,-0.00010228,-0.00007230,-0.00008298,-0.000
09509,0.00024946,-0.00005537,0.00011431,-0.00019875,-0.00022643,-0.00004273,0.00
008607,-0.00075698,0.00021100,0.00020952,0.00006021,-0.00137883,0.00648339,0.000
37433,-0.00054875,-0.00044021,0.00003824,-0.00001185,0.00001758,-0.00001952,-0.0
0005924,0.00006321,0.00004092,-0.00024344,0.00017566,0.00007092,-0.00017651,0.00
095252,-0.00015879,-0.00001576,-0.00003166,0.00014791,-0.00010898,-0.00015237,-0
.00018900,0.00002196,0.00011112,-0.00002289,-0.00001697,-0.00000303,-0.00001145,
-0.00001556,-0.00003819,0.00003228,-0.00000487,0.00009119,0.00001659,-0.00005281
,-0.00003993,0.00000177,0.00001473,-0.00003429,-0.00002987,0.00027334,0.00006307
,0.00001176,-0.00027682,-0.00011806,0.00007127,0.00005914,-0.00000408,0.00000829
,-0.00001402,-0.00003408,0.00002336,-0.00001388,0.00000880,0.00000570,-0.0000827
3,0.00001428,0.00001792,0.00006075,-0.00000244,0.00003178,-0.00001771,-0.0000326
0,-0.00001217,-0.00007341,0.00006224,-0.00000101,0.00000709,-0.00000566,-0.00000
820,0.00001191,0.00003855,-0.00002682,0.00004053,0.00002127,-0.00002214,0.000031
13,-0.00001625,-0.00000210,-0.00004670,0.00001397,-0.00004162,-0.12066960,-0.052
19698,-0.01285201,-0.12318474,0.06087536,0.00725995,0.47743683,-0.00191583,0.000
95959,0.00000810,-0.00017419,-0.00120988,0.00254026,0.00018754,-0.00161403,-0.00
012853,0.00017626,-0.00013779,-0.00006053,-0.00003356,0.00007891,0.00008348,-0.0
0002288,0.00005213,0.00008671,0.00000123,-0.00002389,0.00004509,-0.00283170,-0.0
4808294,-0.00682581,0.00094800,-0.00002213,-0.00161466,0.00004375,-0.00010440,0.
00011199,-0.00566538,0.00486336,0.00059605,0.00007537,0.00031851,0.00057140,0.00
002511,0.00002518,-0.00001221,-0.00000955,0.00014744,0.00005782,0.00031636,-0.00
002237,-0.00029452,-0.00010143,0.00001281,-0.00007193,-0.00004275,0.00001378,-0.
00013475,0.00176628,-0.00308617,0.00084041,0.00027624,-0.00018933,0.00062051,0.0
0057486,0.00148290,-0.00154961,-0.00036630,0.00067499,-0.00047924,0.00015890,-0.
00036011,-0.00018801,-0.00018524,0.00002771,-0.00009667,-0.00007381,0.00019764,-
0.00010801,0.00021692,-0.00022579,-0.00040144,-0.00015322,-0.00004178,-0.0009543
4,0.00022675,-0.00007392,0.00048581,0.00300016,-0.00110310,0.00027200,-0.0006168
8,-0.00016302,0.00005270,-0.00000017,0.00000556,-0.00003250,-0.00003899,0.000145
24,0.00004137,0.00016230,0.00019261,0.00016246,-0.00004103,0.00097181,-0.0000747
8,-0.00002045,-0.00008055,0.00021044,-0.00014143,-0.00017433,-0.00023989,0.00002
537,0.00018762,-0.00001443,-0.00002039,-0.00002968,0.00000144,-0.00001604,-0.000
05933,0.00002067,-0.00001063,0.00018599,0.00002452,-0.00005265,-0.00003421,0.000
00599,-0.00000642,-0.00005162,-0.00004507,0.00060942,0.00027367,0.00006275,-0.00
058714,-0.00017606,0.00027411,0.00012847,0.00006726,-0.00004089,-0.00005125,-0.0
0008475,0.00004686,-0.00002351,0.00000581,0.00001740,-0.00011637,0.00003279,-0.0
0000555,0.00015215,0.00011113,-0.00006631,-0.00003867,-0.00001799,0.00005563,-0.
00009240,0.00001896,-0.00000610,0.00004007,-0.00005855,0.00000350,0.00002475,0.0
0005277,-0.00003939,0.00008586,0.00002570,-0.00002853,0.00011012,-0.00004687,0.0
0000685,-0.00004879,-0.00002615,0.00001896,-0.04600414,-0.10491500,-0.01243237,0
.06327293,-0.11944587,-0.00605177,-0.03549799,0.43030965,-0.00033465,0.00018852,
-0.00005129,-0.00024768,0.00050647,0.00124548,-0.00014654,-0.00005298,0.00128152
,0.00001267,-0.00002654,-0.00001058,0.00002912,-0.00000464,0.00000849,0.00003145
,-0.00002491,0.00000181,0.00000736,0.00004621,-0.00000811,0.00123601,-0.00654020
,-0.00362140,0.00024173,-0.00051573,-0.00075500,0.00000524,-0.00002830,-0.000012
57,-0.00095299,0.00170511,-0.00417281,0.00004952,-0.00001600,0.00014506,0.000141
66,0.00007004,0.00000914,0.00002011,-0.00003284,-0.00000510,0.00020748,-0.000138
79,-0.00006143,0.00003452,-0.00001232,0.00000102,-0.00000904,0.00001997,-0.00004
220,0.00035680,-0.00066284,0.00065979,-0.00010228,-0.00006903,-0.00013020,0.0000
5988,0.00034860,-0.00010831,-0.00014960,-0.00004899,-0.00053019,0.00013639,0.000
04123,-0.00019379,-0.00009997,-0.00002001,-0.00004936,-0.00003992,0.00011009,-0.
00002389,-0.00012148,-0.00035942,-0.00011859,-0.00005122,-0.00008359,-0.00026291
,0.00001912,0.00043626,-0.00008630,0.00030953,-0.00029572,0.00170575,0.00006270,
0.00001103,0.00021474,-0.00001027,0.00002631,-0.00001348,-0.00000458,-0.00000653
,0.00000182,-0.00010128,0.00009592,0.00027993,-0.00000276,0.00012109,-0.00015430
,-0.00000677,0.00001781,0.00004426,-0.00001188,-0.00004575,-0.00000245,0.0000123
1,0.00001364,-0.00001948,-0.00002120,0.00001509,-0.00001421,0.00000658,0.0000119
0,0.00001660,-0.00000864,0.00000929,-0.00000828,-0.00000729,-0.00001695,0.000013
29,0.00001256,-0.00002833,-0.00001723,0.00026747,-0.00008082,0.00002037,-0.00011
618,-0.00002109,0.00005100,0.00004787,-0.00000473,-0.00001288,0.00000389,-0.0000
0070,-0.00000551,0.00000455,0.00001232,-0.00000820,-0.00003255,-0.00000591,0.000
00078,0.00005039,-0.00003615,-0.00000293,-0.00011610,-0.00004116,-0.00013539,-0.
00001922,-0.00003885,-0.00004716,-0.00000599,0.00001647,0.00000432,0.00000938,0.
00002474,-0.00000897,0.00001846,0.00001512,-0.00000446,0.00001885,-0.00000289,0.
00000588,-0.00003608,0.00001911,0.00000160,-0.01224032,-0.01362605,-0.05127987,0
.00781778,-0.00629917,-0.06507319,-0.00649889,-0.01046770,0.47364019,0.00012638,
-0.00045024,0.00003855,0.00011587,0.00000031,-0.00039491,0.00004078,0.00013718,0
.00006222,-0.00002331,-0.00004341,0.00002001,0.00001280,0.00000523,-0.00000083,0
.00002353,-0.00001779,0.00000282,-0.00000255,0.00000714,-0.00000859,-0.00023535,
0.00209061,0.00066117,-0.00008826,0.00005932,0.00028605,-0.00000450,-0.00001691,
-0.00003329,0.00093901,-0.00102405,-0.00135120,0.00002092,0.00000110,-0.00007195
,-0.00001635,0.00005815,-0.00003963,0.00005877,-0.00002977,-0.00000007,-0.000024
70,-0.00002601,0.00007111,0.00000391,0.00000289,0.00000708,0.00001875,-0.0000169
0,-0.00000068,-0.00017236,0.00042308,-0.00008704,-0.00009471,0.00005745,-0.00010
623,-0.00001067,-0.00003506,0.00020262,-0.00004238,-0.00000342,0.00010845,0.0000
4596,0.00002502,-0.00002513,0.00002766,-0.00001831,0.00001921,-0.00000078,0.0000
4361,0.00001703,-0.00003185,-0.00024085,0.00012695,0.00001057,-0.00012649,0.0001
2908,0.00018896,0.00015289,-0.00028992,-0.00004202,-0.00036449,0.00000346,0.0000
8282,0.00001303,-0.00006647,-0.00000907,-0.00000940,-0.00000364,0.00000009,-0.00
001696,-0.00000470,-0.00026394,0.00011135,0.00004496,0.00001847,-0.00009506,0.00
001410,0.00000113,-0.00000279,-0.00000885,-0.00000396,-0.00001393,0.00000437,0.0
0000016,-0.00001841,0.00000117,0.00000591,0.00000065,-0.00000112,-0.00000139,0.0
0000232,-0.00000540,0.00000425,-0.00002326,-0.00000015,0.00000155,0.00000253,-0.
00000039,0.00000052,0.00000575,-0.00000164,-0.00002605,-0.00002646,-0.00001273,0
.00004496,-0.00000178,-0.00003142,-0.00001908,-0.00000774,0.00000675,0.00000205,
0.00000641,-0.00000246,0.00000109,-0.00000544,0.00000153,0.00000511,-0.00000665,
0.00000220,-0.00001739,0.00000445,-0.00000250,0.00000709,0.00000160,0.00001473,-
0.00000557,-0.00000217,-0.00000523,-0.00000229,0.00000195,-0.00000289,-0.0000053
2,-0.00001221,0.00000550,-0.00001104,-0.00000697,0.00000307,-0.00000998,0.000001
12,-0.00000117,0.00000921,-0.00000156,0.00000155,-0.01635169,-0.01315340,-0.0201
6870,-0.01544116,0.00796802,-0.01855779,-0.09125845,0.01094990,-0.04830556,0.507
39215,0.00028095,0.00023751,0.00012622,0.00009287,0.00010046,-0.00026422,-0.0000
2898,0.00036025,0.00003061,0.00000450,0.00004093,-0.00001970,0.00001113,-0.00004
439,-0.00000569,0.00001868,0.00001499,-0.00001016,0.00002792,-0.00000324,-0.0000
2520,-0.00033944,0.00255384,-0.00074328,-0.00012395,-0.00000679,0.00017502,-0.00
002013,0.00007089,-0.00004104,-0.00038601,-0.00280624,-0.00284532,-0.00005491,-0
.00010382,-0.00006078,-0.00005020,-0.00006137,0.00003191,-0.00003706,-0.00002747
,-0.00005191,-0.00005507,-0.00003092,0.00003846,0.00002181,-0.00000895,0.0000152
3,0.00001558,0.00000688,0.00001871,-0.00031494,0.00053436,-0.00014133,0.00000625
,0.00005649,0.00004416,0.00013385,-0.00015655,0.00021643,-0.00004919,-0.00002355
,0.00005220,0.00006170,0.00008455,0.00003948,0.00004018,-0.00006836,-0.00001386,
0.00006589,-0.00000574,-0.00001734,-0.00009407,0.00025952,0.00002762,-0.00042548
,0.00016237,0.00010634,0.00001430,-0.00001706,-0.00003706,-0.00051202,-0.0007658
2,-0.00011051,0.00013307,0.00001164,-0.00003351,-0.00000777,-0.00000112,0.000004
64,0.00000708,-0.00001522,-0.00000367,0.00016736,-0.00036772,-0.00007780,0.00004
114,-0.00011254,0.00000679,0.00000059,0.00000624,-0.00002005,0.00001960,0.000000
56,0.00001812,-0.00000155,-0.00001969,0.00000194,0.00000230,0.00000487,-0.000002
95,0.00000744,0.00000884,-0.00000511,0.00000007,-0.00002943,-0.00000429,-0.00000
891,0.00000995,-0.00000029,0.00000208,0.00001180,-0.00000207,-0.00005725,-0.0000
7598,-0.00000545,0.00006719,0.00001453,-0.00004384,-0.00001619,-0.00000947,0.000
00633,0.00001212,0.00000772,-0.00000445,-0.00000824,-0.00000620,0.00000404,0.000
00572,0.00000393,0.00000046,-0.00001564,-0.00003150,0.00002069,0.00000965,-0.000
00235,-0.00000467,-0.00001064,0.00003027,0.00000906,-0.00001106,0.00001721,-0.00
000588,-0.00000648,-0.00000175,0.00000151,-0.00000685,0.00000015,-0.00000034,-0.
00001555,0.00000106,0.00000157,0.00000658,0.00000235,-0.00000647,-0.02363584,-0.
01087783,-0.02591370,0.01406550,-0.00515660,0.01706380,0.01230968,-0.06348918,0.
01554399,0.00463647,0.53565304,0.00032293,-0.00004761,-0.00013375,-0.00001488,0.
00024902,-0.00022099,-0.00007114,0.00025127,0.00006197,-0.00000703,-0.00001433,-
0.00000975,0.00000328,0.00001530,-0.00000481,0.00000164,0.00001013,0.00001842,-0
.00001239,0.00001317,0.00000318,0.00004469,0.00122738,0.00064348,-0.00004719,-0.
00009547,0.00010254,-0.00001534,0.00001108,-0.00001069,-0.00015287,-0.00326803,-
0.00183928,-0.00003967,0.00000452,-0.00008365,-0.00000618,-0.00002805,0.00001955
,0.00001301,-0.00002011,-0.00000735,-0.00003511,0.00000495,0.00001741,0.00000201
,0.00000333,-0.00000114,0.00002227,-0.00001053,0.00000694,-0.00035603,0.00040432
,-0.00027248,-0.00003196,0.00000506,-0.00007965,0.00000505,-0.00004038,0.0001275
7,0.00012087,-0.00010493,0.00003456,-0.00005290,0.00003209,0.00007784,0.00001626
,0.00001554,0.00005566,0.00005069,-0.00014100,0.00002514,0.00006630,0.00019606,0
.00003605,0.00003706,0.00004988,0.00017067,-0.00023763,-0.00007864,-0.00005365,-
0.00018726,-0.00022109,0.00004784,0.00008415,-0.00003209,-0.00000478,-0.00000660
,-0.00002368,0.00000217,0.00000443,-0.00001130,-0.00000285,-0.00004983,0.0000339
5,-0.00015018,0.00002446,-0.00006363,0.00002220,-0.00000087,-0.00000418,-0.00000
174,-0.00000194,-0.00001079,-0.00000596,0.00000155,-0.00001629,0.00000347,0.0000
0352,-0.00000503,0.00000760,-0.00000809,0.00000841,0.00000007,0.00000396,-0.0000
1875,0.00000206,-0.00000826,0.00000796,-0.00000056,-0.00000347,0.00000365,-0.000
00378,-0.00001363,-0.00001611,-0.00000737,0.00005710,0.00000006,-0.00002705,-0.0
0002372,0.00000562,-0.00000383,0.00001307,-0.00000199,-0.00000287,-0.00001040,-0
.00001030,0.00000597,0.00000517,0.00000339,-0.00000553,-0.00000470,0.00000024,-0
.00000416,0.00000976,0.00000013,0.00000392,-0.00000060,-0.00002384,-0.00000962,0
.00000475,-0.00000350,-0.00000005,-0.00000822,-0.00000918,0.00000667,-0.00000727
,-0.00000559,0.00000267,-0.00000995,-0.00000287,0.00000036,0.00000511,-0.0000069
4,0.00000009,-0.01230138,-0.00908133,-0.00901711,-0.00369710,0.00265136,-0.00213
944,-0.04874194,0.01457303,-0.14873673,-0.03790575,0.00974066,0.46328210,0.00023
048,-0.00048512,0.00011073,0.00003362,0.00006010,-0.00030073,0.00006155,0.000113
81,-0.00006632,-0.00001088,-0.00002597,0.00001340,0.00000551,-0.00000008,-0.0000
0700,0.00001349,-0.00000658,0.00000574,-0.00000809,0.00000179,0.00000248,-0.0002
7747,0.00236884,-0.00013815,-0.00005955,-0.00001514,0.00016875,0.00000909,0.0000
1457,-0.00001938,0.00104751,-0.00183716,0.00120993,-0.00001269,-0.00001440,-0.00
012996,-0.00004757,-0.00000580,-0.00001835,0.00003485,-0.00001946,-0.00000589,-0
.00006858,0.00013479,0.00013041,-0.00000745,0.00000275,0.00000995,0.00002131,-0.
00001279,0.00000433,-0.00026513,0.00053450,-0.00017079,-0.00004575,0.00005168,-0
.00007509,-0.00005886,-0.00007008,0.00011986,0.00002626,-0.00004831,0.00009285,-
0.00004404,0.00004955,0.00004724,0.00004404,-0.00001847,0.00002952,0.00002878,0.
00000523,0.00000307,-0.00000351,0.00004468,0.00009942,0.00003098,0.00005566,0.00
012571,-0.00001582,-0.00006775,-0.00005998,-0.00005796,-0.00023236,-0.00027245,0
.00010295,-0.00001849,0.00001495,-0.00000895,-0.00001187,0.00000131,-0.00000029,
-0.00001762,-0.00000406,-0.00006213,-0.00004695,-0.00006945,0.00000846,-0.000080
69,0.00002198,-0.00000219,-0.00000805,-0.00000166,-0.00000168,-0.00000803,0.0000
0645,0.00000055,-0.00002059,0.00000125,0.00000252,-0.00000105,0.00000014,-0.0000
0148,0.00000612,-0.00000256,0.00000507,-0.00002485,0.00000108,-0.00000030,0.0000
0381,0.00000116,0.00000309,0.00000678,-0.00000219,-0.00002782,-0.00001948,-0.000
01019,0.00004959,0.00000115,-0.00003130,-0.00001984,-0.00000908,0.00000440,0.000
00678,0.00000615,-0.00000442,-0.00000025,-0.00000573,0.00000113,0.00000301,-0.00
000622,0.00000060,-0.00001417,-0.00000396,-0.00000368,-0.00000337,-0.00000334,0.
00000051,-0.00000523,-0.00000729,-0.00000016,-0.00000367,0.00000517,-0.00000176,
-0.00000566,-0.00000965,0.00000603,-0.00000958,-0.00000538,0.00000353,-0.0000103
1,0.00000073,0.00000124,0.00000443,-0.00000084,0.00000567,-0.01902506,-0.0192690
9,0.01274007,-0.01801061,0.00183172,0.01875542,-0.10310657,-0.00685879,0.0548417
5,0.00605002,0.00211041,-0.00849799,0.49651234,0.00032090,0.00011576,-0.00017093
,0.00021982,-0.00002976,-0.00053956,-0.00009170,0.00033284,-0.00008420,-0.000001
31,0.00002601,-0.00002272,0.00001049,-0.00001073,-0.00000075,0.00000906,0.000003
52,-0.00000077,0.00000251,0.00001444,-0.00001755,-0.00016832,0.00229870,0.001081
87,-0.00017813,0.00010052,0.00030827,0.00000142,0.00004056,-0.00000216,-0.000628
84,-0.00537333,0.00254186,-0.00004924,0.00005406,-0.00007207,-0.00000220,-0.0000
6268,0.00004561,-0.00000086,-0.00005087,-0.00002290,-0.00013574,-0.00004614,0.00
002528,0.00003921,-0.00002807,0.00000864,0.00001151,-0.00000255,0.00000955,-0.00
035833,0.00073062,-0.00017769,-0.00001737,-0.00004396,-0.00005416,0.00007433,-0.
00025913,0.00014259,-0.00001604,0.00001389,0.00009605,0.00001993,0.00010119,0.00
001635,0.00000752,0.00003516,0.00003142,0.00000867,-0.00009832,0.00002888,-0.000
03841,0.00005014,0.00002577,-0.00002737,-0.00005385,0.00018259,-0.00001857,-0.00
002792,-0.00006287,-0.00057369,-0.00056358,-0.00034431,0.00012951,-0.00000978,-0
.00002702,-0.00000782,-0.00000386,0.00000020,0.00000509,-0.00001808,-0.00000216,
0.00002339,-0.00009108,0.00004880,0.00003633,-0.00010548,0.00003695,0.00000435,-
0.00000384,-0.00001356,0.00001147,-0.00000053,0.00000997,-0.00000108,-0.00002508
,0.00000384,0.00000240,0.00000254,0.00000223,-0.00000276,0.00001086,-0.00000252,
0.00000354,-0.00002348,0.00000256,0.00000099,0.00001095,-0.00000177,-0.00000148,
0.00000987,0.00000535,-0.00008195,-0.00004856,-0.00001878,0.00009552,0.00001306,
-0.00005017,-0.00002753,-0.00000635,0.00000507,0.00001546,0.00000343,-0.00000317
,-0.00001379,-0.00001046,0.00000798,0.00000675,0.00000619,-0.00000149,-0.0000174
8,-0.00001925,0.00001304,0.00002334,0.00000494,0.00002046,-0.00000885,0.00002278
,0.00001774,-0.00000464,0.00001195,-0.00000319,-0.00000977,-0.00000585,0.0000055
3,-0.00000987,-0.00000272,0.00000132,-0.00001833,-0.00000031,0.00000033,0.000010
59,-0.00000355,-0.00000573,-0.02835154,-0.02003528,0.01832470,0.01425426,0.00123
517,-0.01488022,-0.00585741,-0.06328524,0.01317437,-0.00150617,0.00036478,0.0050
6620,-0.00908517,0.53407920,-0.00025228,0.00008296,-0.00009331,0.00003853,-0.000
13532,-0.00002531,-0.00006279,-0.00002168,0.00009228,-0.00001495,0.00000077,0.00
002755,-0.00000672,0.00000972,-0.00000430,-0.00001165,0.00000436,-0.00000730,-0.
00000512,-0.00000585,-0.00000427,-0.00020982,-0.00022068,0.00055992,-0.00000127,
0.00008712,0.00003977,0.00002786,-0.00002202,0.00006798,0.00010511,0.00238513,0.
00002103,0.00006250,0.00010568,0.00008069,0.00000862,-0.00002759,0.00000579,0.00
003930,0.00006658,0.00004508,-0.00000819,0.00009129,-0.00006593,-0.00002803,-0.0
0000555,-0.00002851,-0.00002534,-0.00000543,-0.00000433,0.00016450,-0.00023608,0
.00004132,0.00004628,-0.00003487,-0.00003479,0.00005782,-0.00007178,-0.00002128,
-0.00002903,0.00008837,-0.00002440,0.00002865,-0.00004497,-0.00004057,-0.0000356
7,0.00004738,-0.00001406,-0.00004149,0.00001388,-0.00004620,-0.00002847,-0.00008
001,-0.00000335,0.00007745,-0.00000839,-0.00008958,-0.00001537,-0.00005319,-0.00
002043,-0.00001147,-0.00016169,-0.00003130,-0.00001131,0.00004494,0.00000239,0.0
0000518,0.00001703,-0.00000125,0.00000131,0.00000994,0.00000445,0.00006457,-0.00
003769,-0.00001121,-0.00000056,0.00000547,-0.00000422,0.00000635,0.00000467,-0.0
0000562,0.00000057,0.00000444,0.00000531,-0.00000114,0.00000832,0.00000400,0.000
00138,-0.00000104,-0.00000249,-0.00000124,-0.00000195,-0.00000182,-0.00000074,0.
00001758,0.00000274,0.00001436,-0.00000082,-0.00000025,0.00000209,0.00000177,0.0
0001022,-0.00000858,-0.00001141,-0.00001272,-0.00000791,0.00000462,0.00000645,0.
00000538,-0.00000394,0.00000412,-0.00000782,0.00000212,0.00000284,0.00000448,0.0
0000740,-0.00000506,0.00000063,-0.00000357,0.00000333,-0.00000491,-0.00000485,0.
00000440,0.00000423,-0.00000286,0.00000639,-0.00000173,0.00003499,0.00001106,-0.
00000271,0.00000550,-0.00000076,0.00000331,0.00000621,-0.00000290,0.00000401,0.0
0000319,-0.00000159,0.00000319,0.00000194,-0.00000192,-0.00000004,0.00000403,-0.
00000434,0.00139801,0.00232008,0.00386321,0.00711390,-0.00135750,-0.00584536,0.0
5570864,0.01394231,-0.13746737,0.01252039,0.00546243,-0.02846922,0.04172056,0.01
380789,0.47540572,0.00006394,0.00002210,0.00000853,-0.00000385,0.00001439,-0.000
07028,-0.00000043,-0.00002156,-0.00004768,0.00000800,-0.00000407,-0.00000388,0.0
0000246,-0.00000256,0.00000306,-0.00000127,0.00000621,0.00000565,0.00000007,-0.0
0000316,-0.00000027,-0.00034304,0.00003098,-0.00028733,0.00000033,0.00001010,0.0
0004383,-0.00001298,0.00000581,-0.00000526,0.00024391,-0.00012895,0.00017962,-0.
00002901,0.00000425,-0.00000540,-0.00002108,-0.00001602,0.00000269,-0.00000493,0
.00000084,0.00000153,-0.00001979,0.00000877,-0.00001498,-0.00000008,-0.00000196,
-0.00000433,0.00000283,-0.00000539,0.00000152,-0.00003675,-0.00002654,-0.0000519
1,0.00001938,0.00001661,0.00002952,-0.00001589,0.00000484,-0.00001293,0.00000451
,0.00001383,0.00004248,-0.00002442,-0.00000320,0.00003018,0.00001294,-0.00001262
,0.00000701,0.00002688,-0.00000585,-0.00000458,0.00001203,0.00004194,0.00002457,
-0.00001802,0.00001914,0.00002876,-0.00003316,-0.00005092,0.00000851,0.00008314,
-0.00014279,0.00004178,0.00006172,-0.00000033,0.00000759,-0.00000151,-0.00000920
,-0.00000109,0.00000104,0.00000613,0.00000238,0.00003411,-0.00002317,-0.00004493
,0.00001262,0.00001181,0.00000391,-0.00000019,-0.00000486,0.00000345,-0.00000168
,-0.00000863,-0.00000980,0.00000054,0.00000486,0.00000174,0.00000029,-0.00000405
,0.00000095,-0.00000131,-0.00000287,-0.00000081,-0.00000084,0.00000213,0.0000002
9,-0.00000665,0.00000180,-0.00000073,-0.00000218,0.00000148,-0.00000296,0.000007
85,-0.00000795,-0.00002008,0.00000363,-0.00000150,-0.00000119,-0.00000864,0.0000
0048,0.00000214,-0.00000156,0.00000153,-0.00000094,-0.00000054,0.00000005,0.0000
0051,-0.00000030,0.00000482,-0.00000028,-0.00000543,-0.00000751,0.00001046,0.000
02189,-0.00000684,0.00001745,-0.00000299,0.00000658,-0.00000193,0.00000136,0.000
00206,-0.00000340,-0.00000150,-0.00000165,0.00000028,-0.00000029,0.00000096,-0.0
0000111,-0.00000364,-0.00000343,0.00000170,0.00000273,-0.00001495,-0.00000113,0.
00080314,-0.00114420,0.00060979,-0.11050566,0.00664195,-0.10794935,-0.01481785,0
.00460012,-0.01889763,-0.00323566,0.00381381,0.00019203,0.00049405,-0.00029205,-
0.00088355,0.12756681,-0.00010105,0.00000481,0.00000808,0.00004982,-0.00006456,0
.00018764,0.00004374,-0.00010152,0.00002393,0.00000226,-0.00000300,-0.00000281,-
0.00000581,0.00000644,0.00000358,-0.00000018,-0.00000048,0.00000215,0.00000342,0
.00000672,0.00000069,0.00084620,-0.00057223,0.00030027,-0.00000900,0.00002798,-0
.00010019,-0.00000188,-0.00001529,0.00001285,-0.00056440,0.00017336,-0.00009533,
0.00001146,0.00001226,0.00000783,0.00001283,0.00001070,-0.00000518,-0.00000037,0
.00000061,-0.00000709,0.00002520,0.00000275,0.00000942,-0.00000926,0.00000322,0.
00000009,-0.00000362,0.00000235,-0.00000628,0.00010547,-0.00001394,0.00005920,-0
.00000102,-0.00001155,0.00001837,0.00007633,-0.00010375,-0.00006189,-0.00008594,
0.00007920,-0.00008425,0.00002443,-0.00001642,-0.00002631,-0.00001123,0.00000568
,-0.00000399,-0.00001786,0.00001050,0.00000088,0.00000989,-0.00003130,-0.0000307
1,0.00000134,-0.00001679,-0.00005133,0.00002925,0.00004850,-0.00000563,-0.000065
69,0.00022308,-0.00006387,-0.00008509,-0.00003542,0.00008718,-0.00000325,0.00000
185,-0.00000444,-0.00000450,0.00000381,0.00000232,-0.00003344,0.00001738,0.00003
362,-0.00001440,0.00004274,-0.00000903,0.00000037,0.00000257,0.00000377,-0.00000
023,-0.00000359,-0.00000470,0.00000122,0.00000789,-0.00000245,-0.00000515,0.0000
0287,-0.00000353,0.00000309,-0.00000197,0.00000376,-0.00000187,0.00000885,0.0000
0038,-0.00000095,-0.00000568,0.00000229,0.00000324,-0.00000489,0.00000072,-0.000
00606,0.00000787,0.00002743,-0.00003115,-0.00000349,0.00000932,0.00001404,-0.000
00425,0.00000165,0.00001160,0.00000324,-0.00000376,-0.00000039,0.00000742,-0.000
00431,-0.00002132,0.00000971,0.00000074,0.00001813,-0.00002652,0.00001906,-0.000
02254,-0.00001768,-0.00005598,0.00000526,0.00002500,0.00000451,-0.00000192,0.000
00716,-0.00000204,0.00000444,0.00001001,-0.00000567,0.00000829,0.00000883,-0.000
00606,0.00000613,0.00000056,-0.00000132,-0.00002892,0.00001005,-0.00001450,-0.00
055756,0.00170419,-0.00029688,0.00663756,-0.04390323,0.01230412,0.01400360,-0.00
340234,0.01866588,0.00328151,-0.00317720,-0.00024548,-0.00071535,0.00043808,0.00
059639,-0.01079828,0.04845285,0.00010699,-0.00000138,-0.00000223,-0.00007419,0.0
0006974,-0.00013410,-0.00001103,-0.00001643,-0.00006244,0.00000871,-0.00000681,-
0.00000500,0.00000128,0.00000032,0.00000601,0.00000161,0.00000614,0.00000897,0.0
0000064,-0.00000258,0.00000045,-0.00029972,-0.00003157,-0.00018150,0.00006553,-0
.00001384,0.00006294,-0.00002526,0.00000401,-0.00002000,0.00041271,-0.00002976,0
.00011970,-0.00004328,-0.00001012,-0.00001578,-0.00001792,0.00000184,0.00000275,
-0.00000984,-0.00001335,0.00000227,-0.00000806,-0.00000344,0.00000146,0.00000145
,-0.00000057,0.00000340,0.00000685,-0.00000232,0.00000099,-0.00004919,-0.0000549
6,-0.00004840,0.00001473,0.00002089,0.00003478,-0.00015093,0.00010342,0.00002621
,0.00007934,-0.00006225,0.00009436,-0.00002966,0.00000757,0.00003793,0.00001394,
-0.00002228,0.00001144,0.00003362,-0.00000443,0.00000276,0.00001372,0.00004213,0
.00001347,-0.00001858,0.00000220,0.00003622,-0.00001079,-0.00004009,-0.00001536,
0.00014625,-0.00006603,0.00003150,0.00007698,0.00006398,-0.00002383,-0.00000110,
-0.00001345,-0.00000134,0.00000222,0.00000519,0.00000063,0.00001163,-0.00001521,
-0.00002321,0.00000827,0.00001285,0.00000518,-0.00000087,-0.00000328,0.00000008,
-0.00000731,-0.00001165,-0.00000872,0.00000080,0.00000567,0.00000120,0.00000258,
-0.00000558,0.00000237,-0.00000328,-0.00000196,-0.00000411,0.00000030,0.00000239
,-0.00000029,-0.00000603,0.00000537,-0.00000036,-0.00000362,0.00000062,-0.000002
16,0.00002837,-0.00001412,-0.00002066,-0.00001120,-0.00000016,0.00000619,-0.0000
0237,0.00001048,-0.00000696,-0.00000758,-0.00000533,0.00000308,-0.00000098,-0.00
000426,0.00000312,0.00000678,-0.00000028,-0.00000425,-0.00000064,0.00002868,-0.0
0002848,0.00000639,-0.00000115,0.00004504,0.00000131,-0.00003136,-0.00001350,0.0
0000899,-0.00001192,0.00000205,-0.00000145,-0.00001017,0.00000438,-0.00000322,-0
.00000670,0.00000452,0.00000713,-0.00000275,0.00000302,0.00001222,-0.00001376,0.
00002935,0.00051033,0.00035788,0.00045883,-0.10832549,0.01205231,-0.21875576,-0.
00214249,0.00208740,-0.00031371,-0.00054864,0.00053811,0.00054850,0.00075876,-0.
00064864,0.00072646,0.12591305,-0.01470899,0.25137151,0.00005469,0.00004984,-0.0
0002384,0.00000106,0.00011054,0.00009215,-0.00003193,0.00002639,0.00007058,0.000
00167,-0.00000076,-0.00000450,0.00001114,-0.00000962,0.00000363,0.00000634,-0.00
000173,0.00000337,0.00000263,0.00000931,-0.00000540,-0.00043875,-0.00005804,0.00
028182,0.00000545,-0.00008361,-0.00009814,-0.00000387,-0.00000344,-0.00001394,0.
00033284,-0.00003915,-0.00019517,-0.00000049,-0.00000743,-0.00000267,0.00001228,
0.00000071,-0.00000237,0.00000653,-0.00002159,-0.00000285,-0.00000636,-0.0000339
7,-0.00000481,0.00001657,-0.00000631,0.00000234,0.00000524,-0.00000197,-0.000003
30,-0.00000971,-0.00004547,0.00003904,-0.00003236,-0.00001376,-0.00002571,-0.000
03016,0.00002288,0.00001807,0.00000849,-0.00003027,-0.00004251,0.00002047,0.0000
2096,-0.00001519,-0.00000728,-0.00001339,0.00000330,0.00000970,0.00000509,0.0000
0370,-0.00001357,-0.00002439,0.00000173,-0.00005234,0.00000438,-0.00000125,-0.00
001522,0.00004507,0.00000438,0.00007134,-0.00013442,-0.00008153,0.00010083,-0.00
001455,0.00000028,-0.00000456,-0.00000201,-0.00000156,-0.00000007,-0.00000172,0.
00000069,-0.00000149,-0.00001644,0.00003442,0.00000857,0.00000284,0.00000527,-0.
00000064,-0.00000255,0.00000685,0.00000003,-0.00001033,-0.00000028,0.00000120,-0
.00000142,-0.00000180,-0.00000402,0.00000164,-0.00000063,0.00000223,0.00000311,0
.00000176,-0.00000112,-0.00000263,-0.00000116,-0.00000607,-0.00000025,0.00000092
,-0.00000024,-0.00000241,-0.00000660,0.00000703,-0.00000033,-0.00001931,0.000005
08,-0.00000331,-0.00000470,-0.00000227,-0.00000491,0.00000129,-0.00000259,0.0000
0071,-0.00000109,-0.00000192,-0.00000206,0.00000129,-0.00000109,-0.00000192,0.00
000295,-0.00000422,-0.00000789,0.00000546,-0.00000366,-0.00000037,-0.00000945,-0
.00000068,-0.00000737,0.00000146,-0.00000030,0.00000613,-0.00000108,-0.00000072,
0.00000062,0.00000093,-0.00000119,0.00000115,0.00000033,-0.00000503,-0.00000057,
0.00000082,0.00000571,-0.00000020,-0.00000661,0.00094198,-0.00091998,-0.00095566
,-0.13658251,-0.03476315,0.11281309,-0.01735021,-0.00151130,0.01782607,0.0005060
9,-0.00062181,0.00063337,-0.00328017,0.00382551,0.00072194,0.00964771,0.00327981
,-0.01178025,0.15781689,-0.00008932,-0.00001531,0.00004368,0.00014596,-0.0002768
4,-0.00001817,0.00003565,-0.00014220,-0.00002934,0.00000369,-0.00001044,-0.00000
200,-0.00000808,0.00000805,0.00000419,-0.00000247,0.00000287,0.00000468,0.000000
09,-0.00000719,0.00000613,0.00077548,-0.00041266,-0.00033723,-0.00003809,0.00020
987,0.00005410,-0.00000859,-0.00000497,0.00001352,-0.00043734,0.00011490,0.00003
924,0.00000401,0.00001800,0.00001072,-0.00000660,0.00000430,-0.00000367,-0.00000
015,0.00000754,-0.00000187,0.00000423,0.00001776,0.00000467,-0.00001651,0.000003
25,-0.00000371,-0.00000351,-0.00000019,-0.00000671,0.00008853,-0.00001733,0.0000
1172,0.00002679,0.00000602,0.00003538,0.00006333,-0.00009853,-0.00002864,-0.0001
1381,0.00014104,-0.00000700,0.00000129,-0.00002077,-0.00000476,-0.00000011,0.000
00436,-0.00000179,-0.00001206,0.00000829,-0.00000291,0.00001341,0.00000731,-0.00
001403,0.00002083,-0.00000193,-0.00003542,0.00003479,-0.00001173,-0.00000192,-0.
00001490,0.00017096,0.00007489,-0.00010777,-0.00001345,-0.00011044,-0.00000104,-
0.00000351,-0.00000445,-0.00000374,0.00000956,0.00000371,-0.00001106,0.00000937,
-0.00000930,-0.00000790,0.00005408,-0.00001773,0.00000084,-0.00000169,0.00000724
,-0.00000045,-0.00000323,-0.00000877,-0.00000019,0.00001389,0.00000056,-0.000001
16,-0.00000227,-0.00000151,-0.00000118,-0.00000901,0.00000075,-0.00000216,0.0000
1390,0.00000062,-0.00000109,-0.00000455,-0.00000145,-0.00000081,-0.00000210,0.00
000189,-0.00001087,0.00003727,0.00001459,-0.00003021,-0.00001624,0.00001618,0.00
000551,-0.00000082,0.00000495,0.00000473,-0.00000367,0.00000196,-0.00000367,-0.0
0000208,0.00000325,-0.00002143,0.00000703,0.00000313,0.00000963,0.00000709,0.000
00216,0.00001143,0.00000967,0.00000726,0.00000857,0.00002684,0.00001482,0.000004
02,-0.00000348,-0.00000119,0.00000286,0.00000394,-0.00000318,0.00000671,0.000004
64,-0.00000378,0.00000899,-0.00000062,-0.00000094,-0.00000859,0.00000619,-0.0000
0846,-0.00035151,0.00158226,0.00059947,-0.03491489,-0.05553813,0.04157940,0.0146
5576,0.00341523,-0.01603872,-0.00031974,0.00046970,-0.00072025,0.00300750,-0.002
83314,-0.00063419,-0.00138187,0.00018899,0.00229456,0.03738435,0.06171781,-0.000
07852,-0.00000395,0.00002336,0.00011887,-0.00020064,0.00007110,0.00007738,-0.000
08146,-0.00008342,0.00000654,0.00000778,-0.00000201,-0.00000672,0.00000464,-0.00
000214,-0.00000384,-0.00000026,-0.00000382,0.00000180,-0.00000526,0.00000638,0.0
0057915,-0.00009359,-0.00022436,-0.00009650,0.00013716,0.00000350,-0.00000338,0.
00000160,0.00001418,-0.00058333,0.00002596,0.00010179,-0.00001053,0.00000956,0.0
0000648,-0.00001327,-0.00000653,0.,-0.00001619,0.00001576,-0.00000262,0.00000721
,0.00002620,-0.00000602,-0.00001261,0.00000502,-0.00000081,-0.00000555,0.0000019
4,0.00000270,0.00005935,0.00003833,-0.00001704,0.00002733,0.00001272,0.00006326,
0.00017904,-0.00015968,-0.00005448,-0.00013121,0.00012664,-0.00003641,-0.0000102
4,-0.00002404,0.00000175,0.00000473,0.00000278,-0.00000794,-0.00000554,0.0000066
6,-0.00000445,0.00001598,0.00000687,-0.00000958,0.00002075,-0.00000563,-0.000023
63,0.00001075,-0.00000094,0.00002357,-0.00014151,0.00011685,0.00005370,-0.000126
78,-0.00007187,-0.00003068,0.00000211,0.00000287,0.00000127,-0.00000208,0.000001
16,-0.00000045,0.00000227,0.00001368,-0.00001211,-0.00000706,0.00001958,-0.00000
665,0.00000315,0.00000687,-0.00000565,0.00000196,0.00000519,-0.00000542,-0.00000
066,0.00000090,-0.00000025,0.00000016,0.00000080,-0.00000084,-0.00000045,-0.0000
0454,0.00000366,-0.00000049,0.00000076,0.00000122,-0.00000058,-0.00000328,-0.000
00025,0.00000300,0.00000208,0.00000250,-0.00003211,0.00002117,0.00002214,-0.0000
0618,0.00000365,-0.00000029,0.00000985,-0.00000491,0.00000553,0.00000455,-0.0000
0011,0.00000152,-0.00000267,0.00000768,-0.00000247,-0.00000479,0.00000829,0.0000
0251,0.00000414,-0.00002677,0.00003438,0.00000898,0.00000040,-0.00002049,-0.0000
0047,0.00004585,0.00001544,-0.00000679,0.00000728,-0.00000310,0.00000234,0.00001
000,-0.00000600,0.00000597,0.00000644,-0.00000532,-0.00000513,0.00000015,-0.0000
0188,-0.00001599,0.00000514,-0.00002714,-0.00060960,0.00000736,0.00042266,0.1130
6924,0.04169417,-0.18214877,0.00565178,-0.00108546,-0.00443470,-0.00094740,0.000
50134,0.00063912,0.00116388,-0.00126919,0.00025703,0.01635800,0.00781857,-0.0270
5146,-0.13204744,-0.04795755,0.20879656,0.00001592,0.00000615,-0.00000873,-0.000
06322,0.00009120,-0.00006742,-0.00000087,0.00007735,-0.00000110,-0.00000227,0.00
001574,-0.00000047,-0.00000033,-0.00000244,-0.00000498,-0.00000131,-0.00000225,-
0.00000572,0.00000186,-0.00000097,-0.00000280,0.00013498,0.00138657,0.00023199,0
.,-0.00006171,0.00003604,0.00000617,0.00000669,-0.00000630,0.00030688,-0.0003079
9,-0.00000969,-0.00000527,-0.00001238,-0.00000950,-0.00000252,-0.00000735,0.0000
0252,-0.00000768,0.00000308,-0.00000400,0.00000456,0.00000499,-0.00000089,0.0000
0513,0.00000190,0.00000364,0.00000101,0.00000081,0.00000695,-0.00004328,0.000070
92,-0.00002314,0.00000401,-0.00000753,0.00000073,-0.00002477,0.00006389,0.000036
20,0.00006150,-0.00007462,0.00003093,-0.00000301,0.00000832,0.00000371,0.0000016
3,0.00000513,-0.00000177,-0.00000257,-0.00000871,0.00000324,-0.00000076,-0.00000
113,0.00000113,0.00000069,-0.00000349,0.00001815,-0.00000686,-0.00000420,0.00001
013,-0.00015621,0.00012236,-0.00000066,0.00002691,0.00004184,0.00001360,0.000002
95,0.00000368,0.00000393,0.00000233,-0.00000748,-0.00000201,0.00000781,0.0000084
2,-0.00000016,-0.00000113,-0.00002121,0.00000653,0.00000016,0.00000498,-0.000006
50,0.00000245,0.00000742,0.00000468,-0.00000082,-0.00000975,0.00000048,0.0000024
8,0.00000157,0.00000131,-0.00000107,0.00000451,-0.00000007,0.00000130,-0.0000105
4,-0.00000012,-0.00000041,0.00000307,-0.00000035,0.00000062,0.00000297,0.0000000
2,0.00000163,-0.00001854,-0.00000751,0.00002763,0.00000748,-0.00001103,-0.000006
40,0.00000195,-0.00000305,0.00000104,0.00000265,-0.00000224,0.00000221,-0.000003
88,0.00000138,0.00001415,-0.00000556,-0.00000236,-0.00000698,0.00001136,-0.00001
367,-0.00000385,0.00000866,0.00001348,-0.00000762,-0.00002201,-0.00000605,-0.000
00373,-0.00000168,0.00000229,-0.00000325,-0.00000654,0.00000489,-0.00000649,-0.0
0000388,0.00000390,-0.00000315,0.00000167,-0.00000013,0.00001238,-0.00000226,0.0
0001138,-0.00133092,0.00379422,0.00057238,-0.09363655,-0.09831535,-0.02043672,0.
00764821,0.01481702,0.00305681,0.00023901,0.00046813,0.00029360,0.00023890,0.000
53075,-0.00007562,-0.00936017,-0.01601267,-0.00524900,-0.01113495,-0.01932744,-0
.00209142,0.10783618,0.00025349,-0.00011374,-0.00002000,0.00001925,0.00013578,-0
.00022426,-0.00005264,0.00027776,-0.00002640,-0.00002349,0.00002391,0.00000916,0
.00000356,-0.00000616,-0.00001365,-0.00000003,-0.00000096,-0.00001435,-0.0000023
9,0.00001267,-0.00001224,-0.00159071,-0.00002611,-0.00014707,-0.00004944,-0.0000
5329,0.00012901,0.00001142,0.00003222,-0.00001123,0.00051671,-0.00009194,0.00007
948,-0.00001186,-0.00004327,-0.00003365,-0.00000970,-0.00000591,-0.00000064,-0.0
0001461,-0.00001159,0.00000015,-0.00004036,-0.00001169,0.00002348,0.00001556,-0.
00000183,0.00000712,0.00000402,0.00000239,0.00001575,-0.00023647,0.00021346,-0.0
0009325,-0.00004239,0.00002985,-0.00007870,0.00002566,0.00002147,0.00007320,0.00
003640,-0.00007143,0.00006354,-0.00001628,0.00004639,0.00002019,0.00000479,0.000
01621,0.00001653,0.00001513,-0.00003299,0.00001261,-0.00003410,0.00001905,0.0000
5368,0.00001316,-0.00000895,0.00010725,-0.00003425,-0.00001215,-0.00004884,0.000
18290,-0.00076975,-0.00001500,0.00011570,0.00000373,-0.00000121,0.00000140,0.000
00855,0.00000598,0.00000681,-0.00001738,-0.00001035,-0.00000567,-0.00002922,-0.0
0002115,0.00002576,-0.00014951,0.00002572,0.00000202,0.00000484,-0.00002114,0.00
001038,0.00002014,0.00002091,-0.00000280,-0.00002774,-0.00000100,0.00000470,0.00
000630,0.00000045,0.00000422,0.00001352,-0.00000570,0.00000633,-0.00002604,0.000
00187,0.00001255,0.00001285,-0.00000064,-0.00000089,0.00001473,0.00000921,-0.000
04878,-0.00004223,-0.00001189,0.00006693,0.00002707,-0.00002206,-0.00001290,0.00
000090,-0.00000324,0.00001109,0.00000651,-0.00000618,-0.00000577,-0.00000224,0.0
0000158,0.00001834,0.00000405,-0.00000724,-0.00000956,-0.00000131,-0.00000476,0.
00001047,0.00000694,0.00002116,0.00000510,0.00000326,0.00000521,-0.00000399,0.00
000759,0.00000088,-0.00000548,-0.00000990,0.00000834,-0.00001383,-0.00000469,0.0
0000649,-0.00001421,0.00000503,0.00000124,0.00000938,-0.00000719,0.00001078,0.00
432145,-0.00663856,-0.00096225,-0.09711612,-0.22647729,-0.03825173,-0.00947267,-
0.02260050,-0.00451890,-0.00068495,0.00051810,-0.00026225,-0.00072134,0.00059747
,0.00034263,-0.00165018,0.00000964,-0.00143717,-0.00681591,-0.00877914,-0.000042
27,0.11216272,0.26298550,0.00003485,-0.00000948,0.00000240,-0.00000121,-0.000005
85,-0.00002115,-0.00000856,0.00003670,-0.00001672,-0.00000601,0.00000819,0.00000
058,0.00000257,-0.00000267,-0.00000301,0.00000192,-0.00000326,-0.00000367,-0.000
00086,-0.00000188,0.,-0.00026641,0.00003059,0.00016013,-0.00000429,-0.00000094,0
.00001473,0.00000358,0.00000760,-0.00000451,0.00009937,-0.00000591,-0.00006100,0
.00000096,-0.00000573,-0.00000315,0.00000087,-0.00000175,0.00000310,-0.00000605,
-0.00000402,0.00000143,-0.00000957,-0.00000452,0.00000217,0.00000324,0.00000009,
0.00000455,0.00000129,0.00000183,0.00000248,-0.00003017,0.00003396,-0.00001122,-
0.00000835,-0.00000156,-0.00001401,0.00000764,0.00001267,0.00002502,0.00000932,-
0.00001851,0.00000996,-0.00000059,0.00001388,-0.00000159,-0.00000245,0.00000066,
0.00000160,0.00000057,-0.00000233,0.00000204,-0.00001147,0.00000002,0.00000732,0
.00000348,-0.00000501,0.00001061,0.00000118,0.00000215,-0.00000257,0.00002279,-0
.00012326,-0.00001426,0.00001156,-0.00000724,-0.00006122,0.00000142,0.00000215,0
.00000189,0.00000158,-0.00000533,-0.00000364,-0.00000089,-0.00000216,0.00000271,
0.00000472,-0.00002285,0.00000583,0.00000246,0.00000332,-0.00000580,0.00000216,0
.00000400,0.00000551,-0.00000079,-0.00000739,-0.00000058,0.00000164,0.00000033,0
.00000009,-0.00000148,0.00000186,-0.00000108,0.00000147,-0.00000617,-0.00000058,
0.00000101,0.00000341,-0.00000129,-0.00000020,0.00000363,0.00000055,-0.00001308,
0.00000397,0.00000729,0.00001315,0.00000409,-0.00000489,-0.00000082,-0.00000157,
0.00000127,-0.00000174,-0.00000102,0.00000145,-0.00000162,-0.00000155,0.00000145
,0.00000430,-0.00000237,0.00000120,-0.00000653,0.00000385,-0.00000082,0.00000613
,0.00001265,0.00000717,0.,0.00000202,0.00000440,0.00000009,0.00000033,0.00000056
,-0.00000085,-0.00000245,0.00000181,-0.00000286,-0.00000168,0.00000202,-0.000002
76,0.00000166,0.00000042,0.00000775,0.00000274,-0.00000041,0.00065356,-0.0009670
1,0.00027725,-0.02020172,-0.03826653,-0.05080907,-0.00123225,-0.00316955,-0.0007
1604,-0.00026505,0.00062467,0.00002324,0.00004516,-0.00030404,-0.00002843,-0.015
34850,-0.02471181,-0.00737995,0.01276799,0.02161900,0.00336842,0.02365971,0.0449
3715,0.05555810,0.00004197,0.00008710,-0.00003698,0.00016882,-0.00010697,0.00005
253,0.00002753,0.00000420,0.00004460,0.00000996,0.00000221,-0.00000822,0.0000334
2,-0.00002706,0.00000190,0.00002079,-0.00000572,0.00000340,0.00001275,0.00001420
,-0.00000973,-0.00015599,-0.00034398,0.00032604,-0.00002201,0.00008459,-0.000025
06,-0.00000647,-0.00000477,-0.00001030,0.00010073,0.00055254,0.00003816,-0.00002
488,-0.00000155,-0.00000642,0.00001239,-0.00001863,-0.00001193,0.00000094,-0.000
04658,-0.00001207,-0.00002276,-0.00001667,-0.00003084,0.00002568,-0.00000936,-0.
00000822,0.00000835,-0.00000709,-0.00000526,0.00005497,-0.00011447,0.00008593,-0
.00004068,-0.00001315,0.00001564,0.00000761,0.00000601,-0.00001358,-0.00008939,0
.00005113,-0.00006285,0.00010841,0.00000164,-0.00004427,-0.00002000,-0.00002901,
0.00000594,0.00002819,0.00006191,-0.00000852,-0.00009232,-0.00002593,0.00006449,
-0.00024500,-0.00005114,-0.00006433,0.00009734,0.00038561,0.00007698,0.00020104,
0.00019593,-0.00002689,-0.00001491,-0.00000476,-0.00003770,-0.00000689,-0.000003
73,-0.00000147,-0.00000334,-0.00000147,-0.00000021,0.00008086,-0.00015979,-0.000
00797,0.00000507,0.00003331,0.00000360,0.00000103,0.00000218,0.00001010,0.000000
65,-0.00001364,-0.00000634,0.00000002,0.00000069,-0.00000457,-0.00000558,0.00000
529,-0.00000039,0.00000380,-0.00000126,0.00000300,-0.00000206,-0.00000377,-0.000
00189,-0.00001365,-0.00000353,-0.00000020,-0.00000066,-0.00000524,-0.00000993,-0
.00000306,0.00002075,0.00000356,-0.00001029,-0.00000598,0.00000153,0.00000483,-0
.00000433,0.00000063,-0.00000078,-0.00000297,0.00000093,-0.00000334,-0.00000059,
0.00000118,-0.00000518,0.00000085,0.00000087,0.00000046,-0.00000050,0.00000073,0
.00000025,0.00000214,-0.00000162,0.00000775,-0.00000196,0.00000462,0.00000219,0.
00000158,-0.00000085,0.00000127,0.00000224,-0.00000102,0.00000125,0.00000141,-0.
00000088,0.00000006,-0.00000009,-0.00000049,-0.00000004,0.00000163,-0.00000398,0
.00099376,0.00101010,0.00050800,0.00063352,-0.00017798,-0.00080127,0.00834180,0.
00350946,-0.00967912,-0.13928164,-0.03802495,0.11231000,-0.00070154,0.00026121,-
0.00220644,-0.00005384,-0.00003361,-0.00000671,-0.00016913,0.00029188,-0.0003003
0,-0.00011954,-0.00003410,0.00009347,0.15820069,-0.00011504,-0.00006715,0.000073
60,-0.00013457,-0.00005992,-0.00010790,0.00000941,-0.00014981,-0.00004899,0.0000
0113,-0.00002238,-0.00000306,-0.00002879,0.00002456,0.00000737,-0.00001815,0.000
00929,0.00001633,-0.00001112,-0.00002476,0.00001265,0.00007901,-0.00015890,-0.00
036902,0.00009254,0.00006118,0.00005941,-0.00001819,-0.00001239,0.00000105,0.000
00638,-0.00013637,-0.00003318,0.00001873,0.00001906,0.00000032,-0.00001417,0.000
02541,0.00000282,0.00000482,0.00001101,-0.00000282,0.00001061,0.00000086,0.00002
840,-0.00002410,0.00000881,0.00001190,0.00000264,0.00000086,-0.00000549,0.000022
20,-0.00004103,-0.00004651,0.00002590,0.00000921,0.00001455,-0.00008608,0.000011
05,-0.00002108,0.00008677,0.00002307,0.00008456,-0.00005885,-0.00001002,0.000029
65,0.00001167,0.00002671,-0.00000451,-0.00005272,-0.00003828,0.00002776,0.000101
75,0.00004482,-0.00007778,0.00016716,-0.00000442,0.00002866,0.00015545,-0.000336
59,-0.00011370,-0.00000096,-0.00002398,0.00009535,-0.00001001,0.00002627,-0.0000
1150,-0.00000150,-0.00000852,-0.00000515,-0.00000451,0.00001226,0.00000439,-0.00
011554,0.00009419,0.00005243,-0.00000294,0.00004337,-0.00001893,-0.00000082,-0.0
0000657,0.00001149,-0.00000365,-0.00000208,-0.00001105,-0.00000015,0.00001727,0.
00000393,0.00000379,-0.00000774,0.00000094,-0.00000757,-0.00000976,-0.00000207,-
0.00000077,0.00001709,0.00000264,0.00000138,-0.00000129,-0.00000131,-0.00000287,
-0.00000212,0.00000699,0.00002047,0.00000545,0.00001277,-0.00002181,-0.00001111,
0.00001725,-0.00000230,0.00000933,-0.00000144,0.00000034,-0.00000472,0.00000290,
-0.00000167,-0.00000495,0.00000332,-0.00000982,0.00000329,-0.00000124,0.00000767
,0.00001437,-0.00001010,0.00001136,0.00000735,0.00001981,0.00000429,-0.00000497,
-0.00000259,0.00000728,-0.00000993,0.00000051,0.00000125,0.00000060,-0.00000059,
0.00000591,0.00000126,-0.00000128,0.00000951,-0.00000273,0.00000044,0.00000018,-
0.00000194,0.00000394,0.00022313,0.00052430,-0.00059618,-0.00028930,0.00007255,0
.00041448,-0.00222001,-0.00093661,0.00341305,-0.03672919,-0.05910684,0.04299936,
0.00045722,0.00029595,0.00067987,-0.00002580,-0.00000438,-0.00022439,0.00065921,
0.00000184,0.00017352,-0.00013223,-0.00017333,0.00010654,0.04275077,0.06433703,-
0.00016503,0.00009171,0.00007025,-0.00001061,-0.00033543,-0.00010912,0.00007567,
-0.00019258,-0.00018007,0.00000411,0.00001804,0.00000329,-0.00003155,0.00001646,
-0.00000122,-0.00002376,0.00001617,-0.00001107,0.00000192,-0.00001228,0.00001094
,0.00052680,-0.00035898,-0.00108409,-0.00002765,0.00023160,0.00012342,-0.0000112
2,0.00001588,0.00002481,-0.00050428,0.00005452,0.00041324,0.00001337,0.00000342,
0.00003691,-0.00002922,-0.00000608,0.00000806,-0.00002800,0.00005376,0.00000718,
0.00000993,0.00003983,-0.00000532,-0.00003005,0.00000520,-0.00000051,-0.00001785
,0.00000966,0.00000620,0.00008764,-0.00005659,-0.00007544,0.00008485,0.00001238,
0.00009247,0.00004531,-0.00006286,-0.00005900,-0.00005151,0.00013576,0.00008149,
-0.00006847,-0.00004739,0.00002236,0.00000164,0.00004244,-0.00001840,-0.00002804
,0.00000154,-0.00001054,0.00004847,0.00001041,-0.00002313,0.00015913,0.00001719,
-0.00004880,0.00004032,-0.00031460,0.00014229,-0.00016375,-0.00004968,0.00017146
,-0.00011324,0.00003189,-0.00007947,0.00000933,0.00001086,0.00000456,0.00000102,
0.00001348,0.00000209,0.00002607,0.00004778,-0.00004508,-0.00001251,0.00002930,-
0.00001915,0.00000276,0.00000518,-0.00000982,0.00000119,0.00001925,-0.00000118,-
0.00000230,0.00001294,0.00000347,0.00000356,-0.00000321,0.00000090,-0.00000050,-
0.00001169,0.00000012,-0.00000164,0.00001596,0.00000176,0.00001007,-0.00000198,-
0.00000145,0.00000195,0.00000663,0.00000723,-0.00000528,0.00002460,0.00002665,-0
.00001988,-0.00000074,0.00001610,0.00000866,0.00000253,0.00000440,-0.00000322,-0
.00000274,0.00000455,0.00000202,0.00000405,0.,-0.00000203,0.00000382,0.00000267,
0.00000328,0.00000647,0.00000762,0.00002077,0.00000973,0.00002206,0.00000118,0.0
0003298,0.00001108,-0.00000313,-0.00000549,0.00000093,0.00000330,0.00000381,-0.0
0000349,0.00000506,0.00000209,-0.00000210,0.00000363,-0.00000015,-0.00000118,-0.
00000539,0.00000129,-0.00000651,0.00093584,0.00044731,0.00232975,0.00091828,-0.0
0046988,0.00077867,0.01493777,0.00759743,-0.02660147,0.11184813,0.04324157,-0.17
299675,-0.00320728,0.00062923,-0.00529867,0.00026097,-0.00022838,0.00030456,-0.0
0070466,0.00025069,0.00020775,-0.00002001,0.00002489,-0.00007314,-0.12903677,-0.
05135612,0.20261697,0.00008041,0.00012123,-0.00000660,0.00004175,0.00007274,-0.0
0009480,-0.00004286,0.00012780,0.00001589,-0.00000476,0.00004122,0.00000220,0.00
000057,-0.00000751,-0.00001065,-0.00000765,0.00000193,-0.00001976,0.00000122,0.0
0000547,-0.00001013,-0.00050413,0.00099701,0.00000256,-0.00005666,-0.00003086,0.
00006677,0.00000656,0.00003258,-0.00000495,0.00008256,0.00037416,0.00038697,-0.0
0001501,-0.00004162,0.00001729,-0.00000310,-0.00002016,0.00001091,-0.00002674,0.
00001307,0.00000397,-0.00001825,0.00000115,-0.00000944,0.00001696,-0.00000368,0.
00000178,-0.00000576,0.00000770,0.00001637,-0.00008074,0.00008745,-0.00002087,0.
00001411,0.00000480,-0.00000707,0.00004363,-0.00003671,0.00005240,-0.00002025,-0
.00002053,0.00002159,-0.00004513,0.00001983,0.00000409,-0.00000490,0.00001975,-0
.00000744,0.00002427,-0.00001207,-0.00001907,-0.00004577,-0.00000970,0.00004665,
0.00003489,0.00002511,0.00003471,-0.00015081,-0.00004115,0.00005029,-0.00004010,
-0.00028068,-0.00002675,0.00008826,0.00000099,0.00000668,0.00000841,0.00001605,0
.00001034,0.00000706,-0.00001050,-0.00000285,0.00012517,-0.00000447,-0.00005080,
0.00000571,-0.00006436,0.00000535,0.00000136,0.00000896,-0.00001776,0.00001108,0
.00002137,0.00001989,-0.00000175,-0.00001742,0.00000066,0.00000332,0.00000431,0.
00000050,0.00000286,0.00000825,-0.00000119,0.00000169,-0.00001614,-0.00000015,0.
00000817,0.00000526,-0.00000064,0.00000094,0.00000811,0.00000476,-0.00002372,-0.
00004241,-0.00001844,0.00004601,0.00001559,-0.00001735,-0.00000900,-0.00000720,0
.00000265,0.00000318,0.00001016,-0.00000638,0.00000497,-0.00000023,-0.00000149,0
.00001077,-0.00000520,0.00000114,-0.00001180,-0.00000812,0.00000364,0.00000490,0
.00000319,0.00000402,-0.00000712,0.00001482,0.00000711,-0.00000833,0.00000945,0.
00000003,-0.00000257,-0.00000500,0.00000458,-0.00000919,-0.00000155,0.00000357,-
0.00001001,0.00000493,-0.00000019,0.00000679,-0.00000007,0.00000156,-0.00327216,
-0.00211784,-0.00459180,0.00020646,-0.00052842,0.00009101,-0.00800615,-0.0139688
2,-0.00471956,-0.08984361,-0.09337980,-0.02241491,0.00021967,0.00003532,0.000714
05,0.00021626,-0.00001847,0.00027758,-0.00024745,-0.00014323,0.00003302,-0.00025
359,0.00080717,-0.00050599,-0.01117394,-0.02074079,-0.00214874,0.10297809,0.0002
7374,-0.00020829,0.00001824,0.00011582,0.00007086,-0.00010491,-0.00004715,0.0002
3723,0.00011905,-0.00002984,0.00000729,0.00002424,0.00000774,-0.00001584,-0.0000
1582,0.00001294,-0.00000668,-0.00001619,0.00001138,0.00003253,-0.00002098,0.0002
8589,0.00091905,0.00041936,-0.00010657,-0.00004642,0.00009364,0.00001099,0.00002
269,-0.00000462,-0.00003266,-0.00085839,-0.00082508,0.00000906,-0.00001716,-0.00
002449,-0.00002230,0.00001812,-0.00001666,0.00003555,-0.00000711,-0.00000035,-0.
00004274,-0.00002290,0.00005432,0.00000606,-0.00001360,-0.00000294,0.00000269,-0
.00000446,0.00000425,-0.00016529,0.00044894,-0.00002027,-0.00003235,0.00004182,-
0.00009858,0.00003361,-0.00002370,0.00011450,-0.00004305,-0.00004361,-0.00002979
,0.00005676,0.00008578,-0.00004421,-0.00001294,-0.00000352,0.00001005,-0.0000134
8,-0.00001005,0.00000332,-0.00006891,-0.00006227,0.00005901,-0.00007872,-0.00005
216,0.00006357,0.00005227,0.00015197,-0.00016275,-0.00020185,-0.00030071,-0.0000
8650,0.00004054,-0.00002263,0.00001045,-0.00000667,0.00001945,0.00000417,0.00000
183,-0.00002182,-0.00000917,-0.00014479,-0.00013661,0.00000226,0.00000989,-0.000
11872,0.00001555,0.00000225,0.00000327,-0.00001548,0.00000617,0.00000938,0.00001
712,-0.00000175,-0.00003007,-0.00000395,0.00000039,0.00001221,-0.00000337,0.0000
0873,0.00001542,-0.00000291,0.00000626,-0.00002610,0.00000227,0.00001443,0.00000
711,0.00000124,0.00000346,0.00001238,0.00000682,-0.00006198,-0.00002876,-0.00002
045,0.00005526,0.00001525,-0.00002874,-0.00001170,-0.00000897,0.00000226,0.00001
351,0.00001030,-0.00000880,-0.00000291,-0.00000146,-0.00000005,0.00000994,0.0000
0179,-0.00000317,-0.00000831,-0.00001315,0.00000527,-0.00000373,-0.00000025,-0.0
0000822,0.00000743,0.00000787,0.00000615,-0.00000498,0.00001199,-0.00000008,-0.0
0000495,-0.00000788,0.00000692,-0.00001456,-0.00000303,0.00000478,-0.00001630,0.
00000577,0.00000004,0.00000097,0.00000150,-0.00000005,0.00024470,0.00012682,-0.0
0078915,0.00060875,0.00034423,0.00068314,-0.00146604,-0.00105022,-0.00150600,-0.
09434465,-0.22638858,-0.04500576,0.00029895,0.00019181,0.00036502,0.00013592,-0.
00004924,0.00015285,-0.00010147,-0.00012909,-0.00004609,0.00046660,0.00030590,0.
00030792,-0.00615195,-0.00982070,-0.00041487,0.10971061,0.26117770,0.00008255,-0
.00001578,0.00000876,-0.00002717,0.00002001,-0.00010200,-0.00004232,0.00006150,0
.00003263,-0.00001207,0.00001604,0.00000380,-0.00000142,-0.00000407,-0.00000495,
-0.00000196,0.00000092,-0.00000806,-0.00000342,-0.00000137,-0.00000259,-0.000523
04,0.00084535,-0.00015888,-0.00001358,-0.00000219,0.00006973,0.00001175,0.000023
61,-0.00000092,0.00026803,0.00013331,-0.00010465,0.00000400,-0.00001383,-0.00000
067,-0.00000587,-0.00001430,0.00001250,-0.00001115,0.00000369,0.00000517,-0.0000
3436,-0.00000972,0.00001693,0.00000500,-0.00000505,0.00000488,-0.00000095,0.0000
0451,0.00000615,-0.00008527,0.00008159,-0.00002623,0.00000054,0.00000890,-0.0000
2881,-0.00000865,-0.00004613,0.00005212,0.00001932,-0.00003023,0.00002774,-0.000
00678,0.00003284,0.00000153,-0.00000441,0.00002174,0.00000153,-0.00000737,-0.000
01797,0.00000294,-0.00001870,0.00000349,0.00002092,0.00001780,0.00000392,0.00003
870,0.00003589,-0.00010056,-0.00004571,-0.00004610,-0.00025544,0.00006531,0.0000
6700,0.00001559,-0.00003704,0.00000375,0.00000702,0.00000263,0.00000338,-0.00000
570,-0.00000492,-0.00001076,-0.00005137,-0.00000275,0.00000595,-0.00003557,-0.00
000552,0.00000302,0.00000526,-0.00000796,0.00000595,0.00001174,0.00001235,-0.000
00175,-0.00000955,0.00000031,0.00000279,-0.00000009,-0.00000062,-0.00000145,0.00
000275,-0.00000336,0.00000237,-0.00000827,-0.00000050,0.00000658,0.00000596,-0.0
0000217,-0.00000057,0.00000718,0.00000504,-0.00001791,-0.00002896,-0.00000192,0.
00003069,0.00001338,-0.00001064,-0.00000527,-0.00000330,0.00000340,-0.00000001,0
.00000211,-0.00000007,-0.00000099,-0.00000066,0.00000060,0.00000602,-0.00000146,
0.00000067,-0.00001097,-0.00000238,0.00000242,0.00001387,0.00000674,0.00001467,0
.00000212,0.00001311,0.00000451,-0.00000088,0.00000422,-0.00000072,-0.00000163,-
0.00000301,0.00000233,-0.00000481,-0.00000118,0.00000200,-0.00000542,0.00000308,
0.00000038,0.00000718,-0.00000009,0.00000157,-0.00501446,-0.00276569,-0.00555049
,0.00050493,-0.00057907,0.00054078,-0.01149523,-0.02124125,-0.00638568,-0.022010
97,-0.04492388,-0.05322313,-0.00025277,-0.00028513,0.00021734,0.00027003,-0.0001
3935,0.00009302,0.00003693,0.00011672,-0.00003885,-0.00032595,0.00043230,0.00000
529,0.01159123,0.02111624,0.00432644,0.02800927,0.05208174,0.06088275,-0.0004199
5,-0.00015514,-0.00008705,-0.00034464,0.00009140,0.00013749,-0.00001147,-0.00012
749,-0.00017868,0.00001827,0.00002383,-0.00001901,-0.00006024,0.00005388,0.00003
720,-0.00005488,0.00000281,0.00001842,-0.00001854,-0.00004100,0.00004440,-0.0025
9513,-0.00074304,-0.00122287,0.00016405,-0.00006190,-0.00013245,0.00001537,-0.00
000275,0.00002840,0.00153620,0.00076031,0.00105005,0.00003507,0.00000385,0.00000
299,0.00003689,0.00002246,-0.00003426,-0.00011309,-0.00001284,0.00000020,0.00007
407,0.00000290,-0.00005605,-0.00002164,0.00003270,0.00001954,-0.00002084,-0.0000
0340,-0.00001137,0.00015992,-0.00067131,-0.00000455,0.00006434,-0.00009631,0.000
06794,-0.00003896,0.00009547,-0.00012461,0.00017627,-0.00006831,0.00005365,-0.00
013152,-0.00008572,0.00015458,0.00002184,0.00004441,0.00001913,-0.00009713,-0.00
005160,0.00007270,0.00012629,0.00058560,-0.00048615,0.00034507,0.00019306,-0.000
13722,-0.00009041,-0.00077589,0.00034153,0.00023557,0.00022290,0.00018412,0.0000
2471,0.00002047,0.00000125,0.00001255,-0.00001456,-0.00000930,0.00000686,0.00003
396,0.00000518,-0.00034927,0.00052196,0.00044986,-0.00002213,0.00004382,-0.00002
179,-0.00000454,-0.00000331,0.00000245,-0.00000177,0.00001863,-0.00000707,0.0000
0053,0.00002597,0.00000434,0.00000314,-0.00001425,0.00000424,-0.00000427,-0.0000
1174,-0.00000110,-0.00000140,0.00002971,0.00000297,0.00000873,-0.00000163,-0.000
00151,-0.00000114,-0.00000161,0.00000754,0.00007701,0.00001836,0.00002371,-0.000
03512,-0.00000434,0.00003559,0.00000682,0.00001343,-0.00000549,-0.00000750,-0.00
000382,0.00000254,0.00000651,0.,-0.00000029,-0.00000528,-0.00000024,-0.00000124,
0.00001376,0.00002476,-0.00001715,0.00000473,0.00001115,0.00002291,-0.00001317,-
0.00001654,-0.00001226,0.00000213,-0.00001386,0.00000345,0.00000365,0.00000239,-
0.00000236,0.00000881,0.00000202,-0.00000164,0.00001554,-0.00000285,0.00000023,-
0.00000070,-0.00000513,0.00001028,0.00091416,0.00000247,0.00096953,-0.00194636,0
.00049302,-0.00348861,-0.01475514,0.01367654,-0.00235469,-0.15903413,0.11996853,
0.01990658,0.00062239,-0.00041817,0.00111248,-0.00061716,0.00084394,-0.00009552,
0.00036375,-0.00011787,-0.00015905,0.00001175,-0.00027242,-0.00001435,-0.0174179
9,0.01594765,0.00610881,0.00940810,-0.00955266,-0.00126069,0.18332372,-0.0005251
7,0.00132372,0.00039854,-0.00002995,0.00002483,0.00013963,0.00004018,-0.00022249
,0.00007501,-0.00000888,0.00004193,0.00002024,-0.00007620,0.00001828,-0.00005099
,-0.00003461,0.00007887,-0.00001617,0.00000276,0.00001230,-0.00006860,-0.0027010
0,0.00089109,-0.00061205,0.00008431,-0.00004631,-0.00013010,-0.00010601,0.000025
15,-0.00004082,0.00044598,-0.00253378,-0.00170284,0.00009165,-0.00000534,0.00029
182,-0.00003495,0.00001455,0.00014628,0.00008759,0.00018737,0.00002732,0.0000222
2,-0.00000237,-0.00002996,-0.00006154,-0.00000494,0.00005045,0.00000842,0.000065
47,0.00001968,-0.00000250,-0.00077038,-0.00016808,0.00008245,-0.00001711,0.00012
770,-0.00006367,0.00006719,-0.00011973,0.00006301,0.00002865,-0.00005934,-0.0000
3085,-0.00014539,-0.00014041,-0.00010562,0.00011437,-0.00013457,0.00000277,-0.00
009745,-0.00015746,0.00027493,-0.00061030,0.00012895,0.00018814,-0.00061619,0.00
014500,-0.00057913,-0.00064206,0.00056234,0.00061218,0.00016461,0.00015271,0.000
04498,-0.00001926,0.00001191,0.00000047,0.00007247,0.00003475,-0.00000910,0.0000
1424,0.00000560,0.00104059,0.00001484,-0.00042766,0.00001496,0.00014601,-0.00000
571,-0.00000048,0.00000216,0.00002044,-0.00001557,0.00000393,-0.00000865,0.00000
336,0.00002535,0.00000092,0.00001237,0.00001021,-0.00000069,-0.00000147,0.000001
64,-0.00000115,-0.00000377,0.00002901,0.00000017,0.00000310,0.00000138,0.0000023
8,-0.00000258,-0.00000149,-0.00000223,0.00008086,-0.00000127,0.00000253,-0.00003
090,-0.00001633,0.00002495,0.00000296,0.00001067,-0.00000538,-0.00000038,-0.0000
0743,0.00000249,0.00000085,-0.00000448,0.00000263,-0.00000601,0.00000102,-0.0000
0081,0.00001183,0.00000647,-0.00000592,0.00000847,-0.00000694,0.00000570,-0.0000
0653,-0.00000071,-0.00000247,-0.00000138,-0.00000584,0.00000140,0.00000157,0.000
00525,-0.00000350,0.00000859,0.00000219,-0.00000311,0.00000878,-0.00000455,-0.00
000039,0.00000154,-0.00000409,0.00000029,0.00035511,-0.00069686,-0.00031466,0.00
077681,0.00031950,0.00111726,0.00568694,-0.00334186,0.00261765,0.12038024,-0.168
99953,-0.01864415,-0.00023892,-0.00002507,-0.00035574,0.00023686,-0.00006322,-0.
00008325,-0.00019224,-0.00002120,0.00011949,-0.00002454,0.00029988,-0.00003858,-
0.00405816,0.00521189,0.00033914,0.01876067,-0.02503054,-0.00489303,-0.14024599,
0.19446303,-0.00030775,0.00091669,-0.00004941,-0.00000766,-0.00000671,0.00025642
,0.00003483,-0.00003659,0.00007428,0.00000024,0.00002889,-0.00001003,-0.00001287
,-0.00003409,-0.00000989,0.00001554,0.00003813,-0.00000183,0.00003151,0.00003064
,-0.00004202,-0.00367237,-0.00013398,-0.00002808,0.00009337,-0.00004834,-0.00020
248,-0.00001674,0.00005265,-0.00003070,0.00167748,-0.00075232,-0.00118328,0.0000
3534,-0.00004255,0.00019582,0.00004005,-0.00005074,0.00007854,-0.00000660,0.0000
5118,0.00000482,0.00000292,-0.00008366,-0.00018706,0.00003650,-0.00003242,0.0000
1000,-0.00000457,0.00004523,-0.00001788,0.00019537,-0.00093645,0.00025059,-0.000
00490,-0.00009352,0.00008434,0.00001156,0.00014178,-0.00014674,0.00000759,-0.000
01049,-0.00010318,0.00017749,0.00006355,-0.00015525,-0.00007637,0.00007267,-0.00
006651,-0.00005853,0.00009125,-0.00006904,-0.00012290,-0.00032026,-0.00004733,-0
.00028906,-0.00012819,-0.00016431,0.00028240,0.00043426,0.00022699,0.00084036,0.
00047625,0.00009076,0.00002512,-0.00000959,-0.00001256,-0.00000646,0.00002859,0.
00000203,-0.00000497,0.00001123,-0.00000752,0.00061731,-0.00041351,0.00035082,-0
.00000668,0.00009444,-0.00000029,0.00000074,0.00000291,0.00001443,-0.00000903,0.
00000017,-0.00000663,-0.00000087,0.00001602,-0.00000530,-0.00000843,0.00000950,-
0.00000142,0.00000858,-0.00000031,-0.00000030,-0.00000407,0.00001817,-0.00000340
,-0.00000368,-0.00000125,0.00000092,0.00000051,-0.00000429,-0.00001075,0.0000759
3,0.00003101,0.00001456,-0.00003935,-0.00000732,0.00002917,0.00001424,0.00000648
,-0.00000708,-0.00000620,-0.00000710,0.00000285,0.00000099,0.00000043,0.00000054
,-0.00000545,0.00000004,-0.00000074,0.00001303,0.00001292,-0.00001125,-0.0000067
0,0.00000162,0.00000261,-0.00000010,-0.00002244,-0.00000791,0.00000074,-0.000005
74,0.00000256,0.00000342,0.00000544,-0.00000400,0.00000791,0.00000233,-0.0000025
6,0.00001085,-0.00000315,-0.00000003,0.00000007,-0.00000304,0.00000494,0.0017410
0,-0.00063479,0.00074539,-0.00313442,0.00082121,-0.00413220,-0.01838067,0.019050
30,0.00086396,0.02039199,-0.01932118,-0.04500637,-0.00081121,0.00022417,0.000966
01,-0.00119648,0.00106689,0.00000152,0.00003253,-0.00009435,-0.00012454,0.000090
67,-0.00010809,-0.00009158,0.01813840,-0.01659362,-0.00410909,0.00449692,-0.0054
9048,-0.00016655,-0.02119013,0.02154324,0.05284389,0.00001613,0.00005354,-0.0000
0786,0.00000415,0.00000541,0.00003193,0.00002168,-0.00003666,-0.00002561,0.00001
184,0.00000032,-0.00000433,0.00001020,-0.00000514,0.00000172,0.00000101,0.000007
55,0.00000541,0.00000038,0.00000751,-0.00000044,-0.00012331,-0.00027296,-0.00031
603,0.00001181,-0.00000208,-0.00001839,-0.00001249,-0.00000103,0.00000658,0.0000
9641,0.00060240,0.00004124,-0.00003217,0.00004384,0.00001833,-0.00001790,-0.0000
4389,0.00000270,0.00000225,-0.00000246,0.00000717,-0.00006718,0.00006149,-0.0000
9330,0.00000812,-0.00001229,-0.00001561,0.00000114,-0.00001058,-0.00000023,0.000
00760,-0.00013066,-0.00000348,0.00003397,0.00000052,0.00004501,-0.00001934,0.000
00154,-0.00004148,-0.00001086,0.00001712,0.00000349,0.00000594,-0.00001036,0.000
01741,-0.00000387,-0.00000151,0.00001432,0.00003479,0.00000005,-0.00000907,0.000
00170,-0.00000720,0.00002377,-0.00004225,-0.00000144,0.00000156,-0.00002141,0.00
000293,0.00001333,0.00020005,0.00017257,0.00010489,-0.00000063,-0.00001314,0.000
02542,-0.00000221,-0.00000827,-0.00000010,-0.00000048,0.00000814,0.00000336,0.00
004859,-0.00008176,0.00001319,0.00000555,0.00003558,-0.00000440,-0.00000045,-0.0
0000449,0.00000731,-0.00000175,-0.00000679,-0.00001389,0.00000116,0.00000711,0.0
0000077,-0.00000228,-0.00000360,0.00000054,-0.00000137,-0.00000357,0.00000152,-0
.00000136,0.00000618,0.00000116,-0.00000584,-0.00000082,0.00000020,-0.00000063,-
0.00000008,-0.00000222,0.00002367,0.00000010,0.00000216,-0.00001360,-0.00000112,
0.00000589,0.00000267,0.00000095,0.00000006,0.00000288,-0.00000110,0.00000007,-0
.00000266,0.00000372,0.00000013,-0.00000415,0.00000481,-0.00000041,0.00000236,-0
.00000516,0.00000504,0.00000381,-0.00001538,0.00000053,0.00000039,0.00001208,-0.
00000307,0.00000213,0.00000063,-0.00000173,0.00000044,0.00000160,-0.00000134,0.0
0000281,0.00000222,-0.00000139,0.00000173,-0.00000159,0.00000138,-0.00000581,-0.
00000446,0.00000194,0.00105186,0.00117676,-0.00034717,0.00071562,-0.00049581,0.0
0073121,0.00854110,-0.00090020,0.01427653,-0.00134490,-0.00058540,0.00263968,-0.
11449061,0.00815125,-0.11038730,-0.00029872,0.00019295,0.00033694,-0.00001404,-0
.00005518,-0.00003848,-0.00010128,0.00000319,-0.00010933,0.00048285,-0.00013467,
0.00085874,-0.00004425,0.00013921,0.00011625,-0.00004636,-0.00016838,0.00009084,
0.12996048,-0.00010351,0.00001430,0.00000433,-0.00001480,0.00001607,0.00013037,0
.00000022,-0.00008310,0.00004894,-0.00000355,-0.00000578,-0.00000627,-0.00001512
,0.00001103,0.00000209,-0.00000031,0.00000222,0.00000374,0.00000348,0.00000696,-
0.00000123,0.00016159,-0.00054015,0.00060290,0.00003705,-0.00002409,-0.00009823,
0.00001132,-0.00001716,0.00000880,-0.00016527,-0.00014804,-0.00020544,0.00001867
,-0.00003690,-0.00001472,0.00003250,0.00003352,0.00000465,-0.00001279,0.00001071
,-0.00002158,0.00012853,-0.00003861,0.00008396,-0.00002216,0.00001324,0.00000634
,-0.00000411,0.00001249,-0.00001127,0.00007153,-0.00003933,0.00007507,-0.0000270
3,-0.00001890,-0.00001803,-0.00004492,0.00000564,0.00000121,-0.00000357,0.000000
26,-0.00005674,0.00001688,-0.00000923,-0.00001846,-0.00000772,0.00000510,-0.0000
0737,-0.00002217,0.00000459,-0.00000037,0.00002651,-0.00000784,-0.00002461,0.000
00583,-0.00001263,-0.00003987,0.00002806,0.00002433,-0.00001446,-0.00010600,0.00
001287,-0.00019812,-0.00001426,0.00000557,0.00003229,-0.00000495,0.00000065,-0.0
0001031,-0.00000320,0.00000593,-0.00000005,-0.00005928,0.00004531,-0.00001587,-0
.00001395,0.00002941,-0.00000203,-0.00000216,0.00000232,0.00000373,-0.00000450,-
0.00000551,0.00000089,0.00000167,0.00000966,-0.00000346,-0.00000512,0.00000233,-
0.00000470,0.00000464,-0.00000025,-0.00000003,-0.00000091,0.00001124,-0.00000164
,0.00000003,-0.00000300,0.00000284,0.00000301,-0.00000814,-0.00000064,0.00001219
,0.00000659,0.00002307,-0.00003016,-0.00000281,0.00000951,0.00001557,0.00000213,
-0.00000474,0.00000528,0.00000041,-0.00000152,-0.00000027,0.00000250,-0.00000162
,-0.00001032,0.00000300,-0.00000053,0.00001634,-0.00000035,-0.00000556,-0.000040
41,-0.00000248,-0.00003493,0.00000677,-0.00002057,-0.00000447,0.00000092,-0.0000
0030,0.00000087,0.00000386,0.00000543,-0.00000356,0.00000590,0.00000369,-0.00000
288,0.00000824,-0.00000072,-0.00000086,-0.00001210,0.00000547,0.00000062,0.00046
140,0.00061263,-0.00014770,0.00012003,0.00016837,-0.00071548,0.00233934,-0.00056
006,0.00615063,-0.00074758,0.00012683,0.00109885,0.00913944,-0.04545574,0.013352
02,0.00036734,0.00017187,-0.00015531,0.00006250,-0.00011912,0.00006234,-0.000116
76,-0.00011779,-0.00013810,0.00011410,0.00018198,0.00035195,-0.00001126,-0.00000
913,0.00005310,-0.00009947,0.00007072,-0.00011188,-0.01032759,0.04808837,0.00015
851,-0.00012510,0.00003718,-0.00003448,0.00001591,-0.00018733,0.00000046,0.00000
378,-0.00012354,0.00001272,-0.00001958,-0.00000952,0.00000624,0.00000124,0.00000
476,0.00000597,0.00000448,0.00001705,-0.00000379,-0.00000642,0.00000842,-0.00041
481,0.00049154,-0.00079975,0.00001965,0.00002497,0.00010947,-0.00001846,0.000002
03,-0.00001192,0.00047260,-0.00020632,0.00039767,-0.00007774,0.00002472,-0.00004
696,-0.00003578,-0.00002114,0.00000475,-0.00000638,-0.00002130,0.00000011,-0.000
06578,0.00007386,0.00000835,-0.00000281,0.00000477,-0.00000081,0.00001673,-0.000
01240,-0.00000105,-0.00011374,0.00001737,-0.00011806,0.00003038,0.00003366,0.000
05717,-0.00006747,0.00003162,-0.00000020,0.00005098,-0.00002404,0.00011689,-0.00
003622,0.00000741,0.00007102,0.00002811,-0.00002977,0.00002973,0.00005102,-0.000
02813,0.00000660,0.00003893,0.00009276,0.00004281,-0.00004321,0.00001307,0.00007
722,-0.00001912,-0.00007531,-0.00000815,0.00020837,0.00001201,0.00017124,0.00004
256,0.00000538,-0.00005101,-0.00000462,-0.00002556,-0.00000315,0.00000024,0.0000
0371,-0.00000074,0.00002046,-0.00003544,-0.00006869,0.00002126,0.00001114,0.0000
0633,-0.00000028,-0.00000920,0.00000433,-0.00000697,-0.00001727,-0.00001893,0.00
000055,0.00000328,0.00000160,0.00000203,-0.00000977,0.00000287,-0.00000588,-0.00
000522,-0.00000333,0.00000119,-0.00000163,0.00000024,-0.00001378,0.00000693,-0.0
0000206,-0.00000405,0.00000490,-0.00000516,0.00001069,-0.00000248,-0.00002259,0.
00000234,-0.00000418,-0.00000076,-0.00000971,0.00000695,-0.00000151,-0.00000415,
-0.00000772,0.00000542,-0.00000664,-0.00000620,0.00000759,0.00000472,0.00000295,
-0.00000058,-0.00000716,0.00002055,-0.00000939,0.00003093,0.00000503,0.00006083,
0.00000016,-0.00000732,-0.00000186,0.00000804,-0.00000869,-0.00000082,-0.0000034
6,-0.00000798,0.00000299,-0.00000188,-0.00000534,0.00000286,0.00000138,-0.000003
67,0.00000342,0.00001350,-0.00001323,0.00001327,-0.00077860,-0.00075065,0.001960
42,-0.00105125,0.00023794,0.00073788,-0.01103797,0.00284254,-0.02707796,0.003635
37,0.00124740,-0.00447761,-0.10961300,0.01288136,-0.21142113,0.00089151,-0.00027
474,0.00021575,-0.00031778,0.00008500,0.00037833,-0.00002645,-0.00005845,-0.0001
5304,-0.00064631,0.00020800,-0.00142788,0.00018611,0.00018742,0.00030638,0.00034
817,-0.00031971,0.00019447,0.12606859,-0.01615525,0.24708377,0.00008087,0.000117
85,-0.00006135,0.00004440,0.00003679,-0.00017060,-0.00003259,0.00015407,-0.00003
153,-0.00000774,0.00003398,0.00000671,0.00000099,-0.00000688,-0.00000697,-0.0000
0788,0.00000178,-0.00001620,0.00000415,0.00000422,-0.00001286,-0.00052028,0.0009
8246,0.00026410,-0.00005517,0.00000379,0.00010566,0.00000054,0.00002194,-0.00001
085,0.00013980,0.00052359,-0.00014918,-0.00000105,-0.00003600,0.00001787,-0.0000
0283,-0.00000179,-0.00000509,-0.00001772,0.00000524,0.00000721,-0.00003444,-0.00
006978,-0.00002676,0.00002701,-0.00000240,0.00000600,-0.00000422,0.00000509,0.00
001763,-0.00006982,0.00006552,-0.00004268,-0.00001270,0.00001087,-0.00001241,0.0
0004020,-0.00005908,0.00006244,0.00000198,-0.00002013,0.00004798,-0.00001193,0.0
0001348,-0.00000564,-0.00000388,0.00001527,-0.00000810,0.00000009,-0.00001740,0.
00000353,-0.00002960,-0.00002366,0.00000625,0.00000433,-0.00001505,0.00003250,-0
.00003153,-0.00000419,-0.00001668,-0.00003275,-0.00029568,-0.00009162,0.00008380
,0.00000160,-0.00001645,0.00000773,0.00001452,0.00000803,0.00000634,-0.00000925,
-0.00000405,0.00004902,-0.00000382,0.00002268,0.00000896,-0.00006655,0.00001531,
0.00000270,0.00000964,-0.00001745,0.00000890,0.00001788,0.00001546,-0.00000221,-
0.00001582,0.00000084,0.00000390,0.00000450,0.00000061,0.00000337,0.00000727,-0.
00000291,0.00000234,-0.00001635,0.00000005,0.00000703,0.00000658,-0.00000175,-0.
00000131,0.00000777,0.00000529,-0.00003767,-0.00003519,-0.00002236,0.00005139,0.
00001581,-0.00001800,-0.00001193,-0.00000600,0.00000280,0.00000301,0.00000870,-0
.00000521,0.00000316,-0.00000072,-0.00000113,0.00001184,-0.00000484,0.00000065,-
0.00001541,-0.00000384,0.00000221,0.00001540,0.00000722,0.00001663,-0.00000416,0
.00001442,0.00000908,-0.00000621,0.00000818,-0.00000056,-0.00000292,-0.00000569,
0.00000490,-0.00000916,-0.00000203,0.00000361,-0.00001030,0.00000488,-0.00000059
,0.00001030,-0.00000188,0.00000121,-0.00423255,-0.00373968,0.00369338,0.00029498
,-0.00043706,-0.00031266,-0.01014389,-0.01678844,-0.00179627,0.00032662,0.000242
78,-0.00076951,-0.09823731,-0.10009246,-0.01926554,-0.00020463,-0.00009885,-0.00
008230,0.00027640,0.00005978,-0.00023177,-0.00034278,0.00061882,0.00067490,-0.00
001065,0.00008524,-0.00024323,0.00032158,0.00016720,0.00014116,-0.00001909,0.000
05088,0.00001935,-0.01031488,-0.01704277,-0.00608325,0.11287013,0.00034013,-0.00
023839,0.00000342,0.00004928,0.00005135,-0.00023600,0.00000616,0.00016473,-0.000
09698,-0.00001024,0.00001458,0.00001676,0.00000368,-0.00001317,-0.00000989,0.000
00357,0.00000139,-0.00001045,0.00000402,0.00001234,-0.00000966,0.00010558,0.0012
3818,-0.00010369,-0.00008948,0.00001253,0.00016651,-0.00001432,0.00004591,-0.000
01950,0.00006295,-0.00123056,0.00084842,-0.00005892,-0.00001429,-0.00006429,-0.0
0006821,-0.00002182,-0.00000595,-0.00000107,-0.00000830,0.00000631,-0.00010967,0
.00007582,0.00007697,-0.00000163,-0.00001731,0.00000584,0.00000549,-0.00000609,0
.00001875,-0.00023193,0.00046211,-0.00017448,0.00002369,0.00007801,-0.00000267,0
.00001646,-0.00005408,0.00008267,-0.00000244,-0.00004111,0.00008183,-0.00003674,
0.00006672,0.00002622,0.00002522,0.00000023,0.00001988,0.00002453,-0.00000495,0.
00000782,-0.00004899,0.00002032,0.00007858,0.00000838,0.00001834,0.00009306,-0.0
0000790,-0.00001744,-0.00005926,-0.00019662,-0.00031472,-0.00007132,0.00004398,-
0.00001770,-0.00001489,-0.00000169,0.00000512,0.00000595,0.00000351,-0.00001675,
-0.00000866,-0.00005979,-0.00011070,-0.00004168,0.00001272,-0.00011029,0.0000155
8,0.00000206,0.00000447,-0.00001823,0.00000603,0.00001275,0.00000953,-0.00000236
,-0.00002517,-0.00000154,0.00000587,0.00000617,0.00000061,0.00000468,0.00001056,
-0.00000499,0.00000691,-0.00002832,0.00000324,0.00001124,0.00001075,-0.00000127,
-0.00000048,0.00001632,0.00001262,-0.00007353,-0.00003389,-0.00002426,0.00006293
,0.00002047,-0.00002944,-0.00001496,-0.00000544,0.00000299,0.00001002,0.00000655
,-0.00000513,-0.00000474,-0.00000182,0.00000037,0.00001458,0.00000335,-0.0000044
2,-0.00001473,-0.00000788,0.00000507,0.00001885,0.00000050,0.00002105,0.00000764
,0.00001761,0.00000986,-0.00000337,0.00000891,-0.00000114,-0.00000502,-0.0000094
0,0.00000729,-0.00001397,-0.00000457,0.00000564,-0.00001665,0.00000543,0.0000005
5,0.00000597,-0.00000252,0.00000151,-0.00170693,-0.00147155,0.00197703,0.0007533
6,0.00035574,-0.00059242,-0.00543535,-0.00819525,-0.00006589,0.00024674,0.000254
49,-0.00039615,-0.10089198,-0.22245983,-0.03402552,-0.00006161,-0.00009388,0.000
02636,0.00020907,-0.00004022,-0.00015014,0.00033309,0.00044929,-0.00008575,0.000
20880,0.00008909,-0.00025168,0.00012839,0.00057227,0.00044815,-0.00004416,-0.000
37895,0.00000014,-0.00078914,0.00006660,-0.00142684,0.11817652,0.25646760,-0.000
00895,-0.00005893,0.00002972,-0.00002019,-0.00003160,0.00004026,0.00002008,-0.00
001192,0.00000343,-0.00000176,-0.00000409,0.00000373,0.00000073,-0.00000322,0.00
000031,0.00000180,-0.00000644,-0.00000012,0.00000057,-0.00000955,0.00000377,0.00
049174,-0.00021636,-0.00032789,-0.00000691,0.00000765,-0.00000138,-0.00000166,0.
00000632,-0.00000277,-0.00024836,-0.00037731,0.00004358,0.00000336,0.00002551,-0
.00000002,-0.00001238,-0.00000490,0.00000119,0.00000687,-0.00000164,0.00000460,-
0.00003618,0.00003210,-0.00000541,-0.00000534,-0.00000271,0.00000648,0.00000105,
-0.00000256,0.00000090,0.00001297,0.00007835,-0.00001616,0.00001345,0.00000501,-
0.00000088,0.00003262,0.00004765,-0.00001429,-0.00000740,0.00000383,-0.00000547,
-0.00000526,0.00001006,-0.00000338,0.00000459,-0.00000826,0.00000040,-0.00001171
,0.00001563,0.00000242,-0.00001053,0.00000356,-0.00000346,0.00002170,0.00000388,
-0.00001016,0.00001259,-0.00000378,0.00001893,-0.00002024,0.00003984,0.00012770,
-0.00005526,-0.00000142,-0.00001713,-0.00000023,-0.00000052,0.00000107,-0.000000
69,-0.00000415,-0.00000110,-0.00000677,0.00001383,0.00000796,0.00000366,-0.00001
008,-0.00000251,0.00000241,0.00000142,-0.00000107,0.00000155,-0.00000074,0.00000
121,-0.00000049,-0.00000374,0.00000012,0.00000082,-0.00000085,-0.00000053,-0.000
00243,-0.00000152,0.00000035,0.00000039,-0.00000385,-0.00000078,-0.00000168,0.,-
0.00000154,0.00000054,0.00000232,-0.00000063,-0.00000323,0.00001176,0.00001162,-
0.00000194,-0.00000416,-0.00000011,-0.00000008,-0.00000130,0.00000218,-0.0000002
5,-0.00000281,0.00000165,-0.00000170,-0.00000037,0.00000030,0.00000204,-0.000000
19,-0.00000009,-0.00000308,0.00000229,0.00000274,0.00001018,0.00000508,-0.000003
01,-0.00000309,0.00000385,-0.00000165,-0.00000034,-0.00000168,0.00000003,-0.0000
0071,-0.00000126,0.00000028,-0.00000094,-0.00000134,0.00000046,-0.00000157,-0.00
000011,0.00000014,0.00000115,0.,-0.00000268,0.00495634,0.00363543,-0.00293935,-0
.00028093,0.00041515,0.00036741,0.01009260,0.01792774,0.00287020,0.00035909,0.00
034402,0.00022227,-0.02000382,-0.03404475,-0.04878155,-0.00008058,-0.00014007,-0
.00009980,-0.00016338,0.00009674,0.00000982,0.00039502,-0.00016408,-0.00002906,-
0.00007212,-0.00010931,0.00017313,0.00010438,0.00004120,-0.00080494,-0.00003889,
0.00005308,-0.00003010,-0.01498174,-0.02422213,-0.00649240,0.02104679,0.03938632
,0.05547001,-0.00043863,0.00012704,0.00003208,-0.00015445,0.00009769,0.00021654,
-0.00003968,-0.00001928,0.00007886,-0.00000791,0.00002144,-0.00000310,-0.0000168
6,0.00003764,0.00000269,-0.00002942,-0.00000302,-0.00000922,-0.00000473,-0.00001
669,-0.00000011,-0.00292228,-0.00114618,0.00086713,0.00012956,-0.00008308,-0.000
19055,0.00003597,-0.00006247,0.00003284,0.00163798,0.00114678,-0.00099086,0.0000
3119,-0.00003031,0.00010218,0.00011072,0.00007844,0.00000757,-0.00006617,0.00000
727,-0.00003240,0.00037550,-0.00013172,-0.00005120,-0.00005484,0.00005289,-0.000
01354,-0.00002015,0.00000996,-0.00001322,0.00021287,-0.00069865,0.00021301,-0.00
003797,-0.00011982,-0.00005162,-0.00003598,0.00009784,-0.00009043,0.00010301,-0.
00006095,-0.00007988,0.00002834,-0.00010745,0.00001789,-0.00007071,0.00000936,-0
.00000554,-0.00000235,0.00000710,-0.00000861,0.00004874,0.00002362,-0.00007919,0
.00002181,-0.00003255,-0.00007313,-0.00004251,-0.00000445,0.00008735,0.00028881,
0.00025812,0.00005677,0.00003340,0.00000742,0.00000959,0.00001277,0.00001531,0.0
0000282,0.00000568,0.00002229,0.00000643,0.00009194,0.00012211,-0.00015011,-0.00
002443,0.00004846,-0.00000530,-0.00000203,0.00000431,0.00000723,-0.00000401,0.00
000956,0.00000359,0.00000229,0.00002106,-0.00000043,0.00000381,0.00000131,-0.000
00144,0.00000196,-0.00000181,-0.00000033,-0.00000228,0.00002712,-0.00000125,0.00
000718,-0.00000469,0.00000108,-0.00000261,-0.00001478,-0.00000024,0.00007212,0.0
0002940,0.00002214,-0.00004085,-0.00000402,0.00003158,0.00001697,0.00001176,-0.0
0001011,-0.00000470,-0.00000373,0.00000126,0.00000451,0.00000294,-0.00000260,-0.
00000512,-0.00000037,-0.00000288,0.00001891,0.00002018,-0.00001972,-0.00002455,0
.00000827,-0.00000870,-0.00000785,-0.00003881,-0.00001598,0.00000202,-0.00001038
,0.00000395,0.00000492,0.00000494,-0.00000336,0.00000919,0.00000298,-0.00000283,
0.00001579,-0.00000262,-0.00000190,-0.00000407,-0.00000261,0.00000724,0.00121325
,0.00035000,-0.00085723,-0.00278739,-0.00072973,0.00370233,-0.01674602,0.0148705
1,0.00601565,0.00062387,0.00001250,-0.00114462,-0.14789917,0.11996207,0.01186720
,0.00034149,-0.00018356,0.00015047,-0.00078758,0.00089596,0.00032338,0.00002113,
-0.00027628,-0.00008105,-0.00000549,0.00002785,-0.00035071,-0.00004048,-0.000070
22,0.00000174,0.00045239,-0.00013289,0.00013156,-0.01427024,0.01586934,-0.001827
49,0.00976995,-0.01093347,-0.00149826,0.17085345,-0.00031962,0.00120959,-0.00030
634,-0.00004262,-0.00000921,0.00023768,0.00009373,-0.00017004,0.00001156,0.00001
744,0.00004095,-0.00003246,-0.00006024,0.00000135,-0.00002371,0.00002382,0.00005
053,0.00002497,0.00000801,0.00004473,-0.00002516,-0.00391405,0.00094632,0.000413
90,0.00011152,-0.00005070,-0.00018288,-0.00005266,0.00013830,-0.00002342,0.00113
545,-0.00362058,0.00062985,0.00009979,-0.00020217,0.00016835,0.00003778,-0.00007
056,0.00011957,-0.00003101,0.00015103,0.00002508,0.00005000,-0.00044788,-0.00045
576,0.00003784,-0.00002352,0.00003316,-0.00000947,0.00007428,-0.00002737,0.00005
597,-0.00074841,0.00030501,0.00002975,-0.00005981,0.00014980,-0.00004028,0.00012
070,-0.00010454,0.00001799,0.00000789,-0.00004614,-0.00000966,0.00007441,-0.0000
9341,0.00000236,0.00008783,-0.00008253,-0.00006452,0.00001833,-0.00007923,0.0000
4292,-0.00021064,-0.00010937,-0.00002582,-0.00017599,-0.00010614,-0.00000351,-0.
00000416,0.00003956,0.00093899,0.00044234,0.00012893,0.00004435,-0.00002625,0.00
000231,-0.00001640,0.00000988,-0.00002414,-0.00000585,0.00002546,-0.00000917,0.0
0024427,0.00006132,0.00023946,-0.00000681,0.00015968,-0.00001138,-0.00000604,-0.
00000551,0.00002058,-0.00001516,-0.00000448,-0.00001914,0.00000130,0.00002739,-0
.00000213,-0.00001325,-0.00000251,0.00000133,0.00000145,-0.00000420,0.00000004,-
0.00000378,0.00002870,-0.00000129,-0.00000374,-0.00000185,0.00000053,0.00000050,
-0.00000368,-0.00000718,0.00011280,0.00002968,0.00000477,-0.00004686,-0.00001711
,0.00003873,0.00000831,0.00001025,-0.00000527,-0.00000431,-0.00000991,0.00000443
,0.00000042,-0.00000412,0.00000446,-0.00000957,0.00000117,0.00000083,0.00001472,
0.00001417,-0.00000878,0.00000646,-0.00000032,0.00001025,-0.00000665,-0.00001238
,-0.00000518,-0.00000071,-0.00000776,0.00000187,0.00000244,0.00000588,-0.0000047
2,0.00001071,0.00000257,-0.00000311,0.00001231,-0.00000562,0.00000134,0.00000196
,-0.00000554,0.00000396,0.00088051,-0.00084937,-0.00006875,-0.00035779,0.0004732
0,0.00045392,0.00003552,0.00366611,-0.00166275,-0.00052782,-0.00000209,0.0000056
4,0.12063618,-0.18009299,-0.01645984,-0.00016400,-0.00001379,-0.00010992,-0.0001
9339,0.00024302,0.00015095,-0.00001279,0.00022293,0.00014621,-0.00014903,-0.0000
3632,0.00024056,0.00006937,-0.00029488,-0.00011216,-0.00009309,0.00057348,0.0001
5201,0.00342270,-0.00251459,0.00111035,0.01739713,-0.02565022,-0.00275589,-0.139
39626,0.20639571,0.00008960,-0.00050939,0.00003499,0.00011293,-0.00006046,-0.000
10194,-0.00003296,0.00000265,0.00006241,-0.00001174,-0.00001645,0.00000376,0.000
01066,-0.00000382,0.00001253,0.00000449,-0.00004738,0.00000091,-0.00000361,-0.00
002430,0.00000926,0.00249734,0.00001889,0.00047273,-0.00008010,0.00005091,0.0000
8909,0.00003194,-0.00001952,-0.00001269,-0.00141458,0.00028035,-0.00054145,0.000
09622,-0.00008130,-0.00011870,0.00002571,0.00011304,-0.00005717,0.00000339,-0.00
006405,-0.00001445,0.00000561,-0.00021704,0.00023543,0.00001433,0.00002215,0.000
03599,0.00000843,-0.00000721,-0.00000558,0.00001245,0.00059100,0.00001578,-0.000
11121,0.00004541,-0.00008858,-0.00002059,-0.00008090,0.00010041,-0.00006737,0.00
002901,0.00000076,-0.00001942,0.00001153,-0.00002447,0.00003028,-0.00006983,0.00
000137,-0.00005897,0.00003449,0.00006990,0.00000583,0.00008884,-0.00004917,0.000
08429,0.00006277,-0.00003014,0.00007994,0.00004411,-0.00010036,-0.00063807,-0.00
034086,-0.00026583,-0.00001772,0.00000314,-0.00001135,-0.00000274,-0.00000118,-0
.00001125,-0.00000314,-0.00001481,-0.00000362,-0.00033734,0.00022628,-0.00004813
,0.00000386,-0.00004371,0.00001180,0.00000334,0.00000497,-0.00000875,0.00000314,
-0.00000970,0.00001233,-0.00000049,-0.00001411,-0.00000433,-0.00000317,0.0000023
9,-0.00000640,0.00000285,0.00000162,-0.00000104,0.00000240,-0.00001628,-0.000003
58,-0.00000654,0.00000044,-0.00000055,0.00000308,-0.00000145,-0.00000542,-0.0000
7414,-0.00001106,-0.00000800,0.00001853,0.00000314,-0.00002199,0.00000039,-0.000
00871,0.00000251,0.00000401,0.00000271,-0.00000128,-0.00000343,0.00000081,-0.000
00058,0.00000502,-0.00000102,0.00000163,-0.00000747,-0.00001081,0.00000843,-0.00
000981,0.00000612,-0.00001360,0.00000801,-0.00000374,0.00000831,-0.00000290,0.00
000728,-0.00000167,-0.00000099,-0.00000140,0.00000071,-0.00000476,-0.00000134,0.
00000094,-0.00000771,0.00000287,-0.00000027,0.00000028,0.00000604,-0.00000528,-0
.00158018,0.00024231,0.00066120,0.00340365,0.00066712,-0.00350957,0.01718092,-0.
01738423,-0.00430127,0.00065935,-0.00053853,0.00079257,0.01151116,-0.01569983,-0
.04455778,-0.00005216,0.00012477,-0.00010464,0.00112587,-0.00091212,-0.00013559,
-0.00009385,0.00019311,-0.00000850,-0.00017340,0.00003176,0.00023532,0.00001250,
-0.00005723,-0.00006492,-0.00007706,0.00035623,-0.00105604,-0.01909994,0.0203668
9,0.00039866,0.00328071,-0.00545873,0.00017107,-0.01632500,0.01808731,0.05185514
\\-0.00000739,-0.00002015,0.00000893,-0.00000130,-0.00000442,-0.00000111,-0.0000
1076,-0.00001081,0.00000701,0.00000270,-0.00000259,-0.00000579,-0.00000287,-0.00
000053,0.00000218,-0.00000181,0.00000157,0.00000013,0.00000004,-0.00000126,0.000
00027,0.00000979,0.00000459,0.00000087,0.00000321,-0.00000119,-0.00000317,-0.000
00177,0.00000342,-0.00000476,0.00000917,0.00000799,-0.00000397,-0.00000558,0.000
01335,-0.00000181,0.00000212,-0.00000074,0.00000078,0.00000069,-0.00000374,0.000
00108,-0.00000154,-0.00000493,0.00000259,0.00000169,0.00000071,-0.00000051,-0.00
000291,0.00000113,-0.00000125,-0.00000698,0.00001496,-0.00000376,0.00001060,0.00
000196,-0.00000060,0.00000424,0.00000280,0.00000281,0.00000210,0.00000234,0.0000
0332,0.00000264,0.00000158,-0.00000076,0.00000402,-0.00000004,-0.00000087,0.0000
0427,0.00000016,-0.00000051,-0.00000199,-0.00000185,0.00000227,0.00000559,0.0000
0037,-0.00000111,-0.00000193,-0.00000015,0.00000015,-0.00001191,-0.00001373,-0.0
0001005,-0.00000216,0.00000128,0.00000070,0.00000060,-0.00000019,0.00000358,0.00
000070,0.00000117,0.00000117,-0.00000226,0.00000466,-0.00000096,-0.00000381,-0.0
0000073,-0.00000027,0.00000249,-0.00000123,0.00000251,0.00000329,-0.00000207,0.0
0000089,0.00000087,0.00000106,-0.00000006,-0.00000267,0.00000208,-0.00000046,0.0
0000023,-0.00000070,0.00000006,0.00000040,0.00000172,0.00000004,-0.00000273,0.00
000075,0.00000023,0.,0.00000016,-0.00000083,-0.00000293,0.00000167,0.00000029,-0
.00000262,0.00000295,-0.00000051,-0.00000202,-0.00000182,0.00000178,0.00000555,-
0.00000044,-0.00000068,-0.00000022,0.00000280,-0.00000290,0.00000049,0.00000050,
0.00000062,0.00000017,-0.00000075,-0.00000106,0.00000116,-0.00000050,-0.00000139
,0.00000069,-0.00000242,0.00000092,-0.00000098,0.00000033,-0.00000053,0.00000001
,-0.00000040,0.00000012,-0.00000285,-0.00000109,0.00000171,0.00000079,-0.0000004
1,0.00000024,0.00000078,-0.00000098,0.00000101,-0.00000008,0.00000240,-0.0000016
3,-0.00000745,-0.00000376,0.00000281,0.00000288,-0.00000190,0.00000453,-0.000001
06,0.00000036,-0.00000125,0.00000204,-0.00000168,-0.00000269,-0.00000019,-0.0000
0027,0.00000101,0.00000335,0.00000175,-0.00000299,0.00000134,0.00000312,-0.00000
038,0.00000025,0.00000152,0.00000011,0.,-0.00000003,0.00000029,0.00000197,-0.000
00161,-0.00000024,0.00000052,0.00000135,0.00000172,0.00000019,-0.00000082,-0.000
00015,-0.00000086,0.00000140,0.00000025\\\@
