1\1\GINC-ECHO\Freq\External='./xtb.sh'\ZDO\C24H36Fe1N2O4Pd1\ECHO\14-Oct-2024\0\\
#p freq external='./xtb.sh'\\Generate automatically by rxnb\\0,1\Fe,1.91338,1.26
393,-0.05406\C,-1.73992,-1.72345,1.47043\Pd,0.41296,-0.87593,-0.13058\C,3.34034,
-1.05341,-0.30961\H,3.35081,3.4299,0.39304\H,4.12919,1.16431,1.45915\H,1.92871,-
0.12548,2.36411\C,-1.73932,1.04783,-0.27086\O,-2.50939,-2.0875,2.34259\C,2.80635
,-0.00151,-1.1975\O,-0.8406,1.92457,-0.37156\C,1.23898,1.43666,-1.88481\C,2.4093
8,2.16462,-1.69273\C,3.40167,1.2688,-1.25594\H,0.30929,1.90268,-2.11214\H,2.4749
7,3.22636,-1.71907\H,4.37831,1.52251,-0.91579\H,0.49491,0.93742,-0.08577\C,1.441
48,0.04884,-1.59854\C,-2.28225,-1.29966,0.06717\O,-0.47528,-1.6268,1.59923\C,1.9
7878,0.81086,1.85879\C,3.11935,1.5035,1.4327\C,2.71459,2.73564,0.88701\C,1.32167
,2.80187,0.95795\C,0.86053,1.62737,1.59056\H,-0.14501,1.41785,1.88131\N,-1.42944
,-0.21071,-0.34666\H,-3.3276,-0.98509,0.15929\H,3.71707,-0.51424,0.55635\H,4.151
91,-1.64923,-0.75318\H,0.70976,3.49745,0.43561\N,2.23109,-1.91174,0.11023\C,2.50
007,-2.53899,1.39922\C,2.00566,-2.96845,-0.87744\H,3.2246,-3.35785,1.30096\H,2.9
1113,-1.81132,2.09535\H,1.57173,-2.93091,1.81476\H,2.872,-3.64629,-0.93027\H,1.1
2838,-3.5548,-0.59034\H,1.84953,-2.52825,-1.86345\C,-2.15878,-2.44486,-0.95998\C
,-2.85533,-2.03133,-2.25587\C,-2.70547,-3.77232,-0.41523\C,-1.60781,-4.64698,0.1
8326\H,-3.92729,-1.93419,-2.09451\H,-2.687,-2.77065,-3.03737\H,-2.46698,-1.07197
,-2.59485\H,-1.0733,-2.56201,-1.18772\H,-3.19537,-4.32231,-1.223\H,-3.45292,-3.5
6597,0.35274\H,-2.03267,-5.55018,0.61595\H,-0.89084,-4.94261,-0.58459\H,-1.08786
,-4.11269,0.97564\O,-3.04109,1.35123,-0.09902\C,-4.95803,2.64402,0.2655\C,-3.444
09,2.72271,0.06217\C,-2.7725,3.33132,1.29558\C,-3.11346,3.53181,-1.1937\H,-5.424
87,2.18337,-0.60101\H,-5.1813,2.03716,1.13878\H,-5.36904,3.63945,0.40621\H,-2.96
548,2.70652,2.16506\H,-3.17108,4.32518,1.47908\H,-1.69927,3.39726,1.13808\H,-3.5
7573,3.07131,-2.06395\H,-3.48839,4.5459,-1.08702\H,-2.03659,3.55771,-1.33906\\Ve
rsion=ES64L-G16RevC.01\HF=-99.740118\RMSD=0.000e+00\RMSF=3.364e-06\ZeroPoint=0.5
584279\Thermal=0.5920324\ETot=-99.1480856\HTot=-99.1471414\GTot=-99.2443176\Dipo
le=0.,0.,0.\PG=C01 [X(C24H36Fe1N2O4Pd1)]\NImag=1\\0.50277743,0.04426932,0.489747
65,-0.02290987,0.13368170,0.74741213,-0.00048753,0.00180750,-0.00106461,0.765264
44,0.00061967,0.00019705,-0.00008150,0.12767238,0.26527861,-0.00249186,-0.000672
54,0.00038486,-0.19750095,-0.14172576,0.56286133,-0.03612075,-0.04039226,-0.0024
4496,-0.00946639,-0.00304934,0.00741375,0.27173996,-0.06362572,-0.06357162,-0.00
579366,-0.00294511,0.00165705,-0.00586707,0.02656659,0.18284703,0.00577910,0.003
17511,-0.00876933,0.01333453,-0.00214442,0.00973880,-0.04629999,-0.05633767,0.18
402051,-0.00856643,0.00255163,-0.00471412,-0.00139041,-0.00018623,0.00029921,-0.
00639484,-0.00183656,0.00225855,0.46336470,-0.00262973,0.00102431,0.00714941,-0.
00014786,-0.00002695,0.00029253,0.00252429,0.00304485,-0.00110111,-0.01766596,0.
50460086,0.00363920,-0.00410339,-0.00447018,0.00009323,0.00008742,-0.00027443,0.
00131464,0.00005686,0.00055933,0.03064576,0.02711748,0.50734903,-0.00199538,0.00
082605,0.00094334,0.00012067,0.00007965,-0.00001426,0.00010173,0.00057924,0.0000
5943,-0.00001507,0.00033963,-0.00000173,0.16200255,0.00114006,-0.00295648,0.0020
2609,0.00008092,-0.00000545,0.00007747,0.00057954,0.00089066,0.00005211,-0.00034
021,0.00064688,-0.00002939,0.12788894,0.18059889,-0.00118933,-0.00273000,-0.0009
4042,-0.00037359,-0.00006657,0.00008569,0.00046098,0.00062822,-0.00043680,-0.000
08805,0.00040053,-0.00009671,-0.09451648,-0.10955298,0.10250056,-0.00022088,0.00
009370,0.00340630,0.00011108,0.00009248,-0.00007108,-0.00055803,0.00032771,-0.00
018546,-0.00028393,0.00075620,-0.00000914,0.00023949,0.00006051,-0.00048800,0.33
528398,-0.00253497,-0.00062278,0.00039439,-0.00003030,0.00002461,0.00004156,-0.0
0047582,-0.00009658,-0.00008344,-0.00053847,-0.00114098,-0.00150046,-0.00004591,
-0.00048522,-0.00043855,-0.09889564,0.07750562,-0.00206117,0.00215722,-0.0000099
4,-0.00007205,-0.00005924,0.00011087,0.00039986,0.00057654,-0.00000750,-0.000685
79,0.00012937,-0.00068917,-0.00047029,-0.00025011,-0.00073898,0.00476075,-0.0085
6021,0.02626619,-0.00197917,0.00113743,0.00023590,-0.00123758,-0.00032789,-0.000
37390,0.00056854,-0.00063713,-0.00191474,0.00011638,0.00024449,0.00031845,0.0003
6725,-0.00081898,0.00054539,-0.00007088,-0.00019341,-0.00022148,0.04253228,-0.00
057188,0.00301440,-0.00278933,-0.00030432,0.00020921,-0.00001980,0.00020066,0.00
101425,0.00081909,0.00044042,-0.00020331,0.00001214,0.00044390,-0.00018904,0.000
63965,-0.00018883,0.00013311,-0.00038251,0.00921118,0.29642288,-0.00066060,0.004
74547,0.00310257,-0.00081236,-0.00024729,0.00023156,-0.00356453,-0.00127646,-0.0
0440213,0.00005894,0.00046050,-0.00041054,-0.00023071,-0.00010164,0.00046639,-0.
00002103,-0.00023702,-0.00095782,-0.00886582,-0.14427916,0.09658723,0.01176881,0
.00052617,-0.00009125,0.00902208,-0.00106861,-0.00107293,0.00129449,0.00678213,-
0.00079222,-0.00014615,0.00051306,0.00002773,0.00016061,-0.00015480,-0.00019339,
0.00030538,-0.00014576,-0.00040083,0.00011256,0.00017934,-0.00004092,0.59907981,
0.00194508,-0.00693620,0.00209665,0.00559117,0.00013783,0.01207864,0.00918027,-0
.00626033,-0.00032145,0.00139079,0.00125108,-0.00023558,-0.00009061,-0.00005330,
0.00004154,0.00028985,-0.00034547,-0.00053455,0.00038636,-0.00021782,0.00038456,
0.06741169,0.81370877,-0.00014677,0.00000849,-0.00082299,0.00299377,0.00460762,0
.00179998,0.00137426,-0.00051842,-0.00188393,-0.00006017,0.00001331,-0.00005795,
0.00009180,0.00005154,0.00000149,0.00010260,0.00006595,0.00003271,-0.00016881,0.
00006733,-0.00008617,-0.05732791,0.00082938,0.16874627,-0.00011436,-0.00057833,0
.00045086,-0.28567770,-0.10623698,0.25528028,-0.00195874,0.00115839,-0.00454648,
0.00051859,0.00014009,-0.00012719,-0.00003759,-0.00002800,0.00014698,-0.00002088
,0.00004547,0.00006297,0.00044774,0.00012766,0.00039294,-0.00447747,0.00230656,0
.00094705,0.35984473,-0.00035777,-0.00025291,-0.00010652,-0.10558030,-0.11571892
,0.12638998,-0.00072738,0.00155390,0.00072966,0.00017158,0.00000089,-0.00003378,
-0.00001061,0.00000083,0.00005352,-0.00005279,-0.00001136,0.00003686,0.00017630,
-0.00004039,0.00011079,0.00020552,0.00213498,-0.00041146,0.13518080,0.09253006,0
.00155381,0.00089606,-0.00004391,0.25401347,0.12695954,-0.37148927,0.00009204,0.
00183038,-0.00287814,-0.00038214,-0.00003322,0.00010903,-0.00000675,-0.00005285,
-0.00008651,0.00000266,-0.00002532,-0.00006843,-0.00004212,-0.00006115,-0.000302
13,0.00290892,-0.00851279,-0.00316135,-0.30917662,-0.16251022,0.42515971,-0.0315
6254,0.04856824,0.03659298,-0.00041017,-0.00001658,-0.00026575,-0.01195766,-0.00
100627,0.00283643,-0.08592830,0.04948504,-0.05444187,-0.00006142,-0.00028309,-0.
00055844,-0.00053990,0.00017058,0.00017743,-0.00015256,-0.00053144,-0.00096054,-
0.00077626,0.00160975,0.00029609,0.00026531,0.00022064,-0.00035400,0.52111712,0.
04584281,-0.06700918,-0.04683055,0.00003712,0.00018049,-0.00023169,-0.00741403,0
.00109270,-0.00371517,0.04791467,-0.14776359,0.08596589,0.00043273,0.00013436,0.
00018947,0.00048386,-0.00004039,0.00020645,-0.00050694,-0.00060081,-0.00031138,0
.00034464,0.00087181,0.00012897,0.00007538,0.00000658,-0.00019846,-0.02707253,0.
64909263,0.02595075,-0.04116021,-0.06107185,-0.00132051,-0.00010000,0.00009139,0
.00652474,-0.00202053,-0.00111207,-0.04735760,0.07930180,-0.11733964,0.00013160,
0.00036103,0.00038125,-0.00015873,0.00029303,0.00034825,0.00001156,-0.00014506,-
0.00001938,0.00066911,0.00274755,0.00001793,0.00041003,0.00002375,-0.00040350,0.
11288928,-0.12613668,0.28156880,-0.01047225,0.00456721,-0.00105422,-0.01277200,-
0.00034965,-0.00908840,-0.00912762,0.00704315,0.00035819,-0.00012021,-0.00181436
,0.00005820,0.00036702,0.00064403,0.00042825,0.00019829,0.00023768,0.00099643,-0
.00031901,-0.00023820,0.00045039,-0.24385003,-0.17567194,0.02452493,0.00143573,-
0.00138979,0.00487323,0.00046798,-0.00170181,-0.00262676,0.34393759,0.01076558,-
0.00119858,-0.00154068,-0.00482404,-0.00032327,-0.00727195,0.00036845,-0.0069144
2,0.00104522,-0.00045923,-0.00022898,-0.00000550,0.00002802,-0.00003645,0.000051
37,-0.00029939,0.00028699,0.00017509,-0.00013310,0.00008711,-0.00010542,-0.20197
912,-0.29011208,0.02338719,-0.00078077,-0.00107256,0.00478302,-0.00150627,-0.000
48346,-0.00076176,0.24352183,0.39589366,-0.00416125,-0.00136395,-0.00716796,-0.0
0142078,-0.00184519,-0.00023223,-0.00084402,0.00067815,-0.00194688,0.00014486,-0
.00000584,0.00012829,-0.00009786,0.00005499,0.00002904,-0.00016174,0.00003028,0.
00028637,0.00001966,-0.00001440,0.00022404,0.02583374,0.02379825,-0.06141623,-0.
00011501,0.00014365,0.00101321,0.00020350,-0.00058163,0.00030597,-0.03541650,-0.
02665020,0.06743414,-0.03286244,0.01742315,-0.04135507,0.00041633,0.00004155,0.0
0004643,0.00517445,-0.00549687,0.00113228,-0.00440991,-0.00203883,-0.00344993,-0
.00012110,0.00014142,-0.00014702,0.00038220,0.00004790,0.00071749,-0.00007325,0.
00008726,0.00043428,0.00022653,0.00028569,0.00026789,-0.00026407,-0.00004288,0.0
0001675,-0.01957041,0.02563526,-0.01308457,-0.00854552,0.00081909,0.00934243,0.7
1854215,0.01661910,-0.01071410,-0.00498943,-0.00041654,-0.00007300,0.00015105,0.
00198068,-0.00580554,0.00203781,0.00187994,0.00118071,0.00368190,-0.00017813,-0.
00024161,-0.00058682,-0.00006149,-0.00058684,-0.00057496,0.00013128,0.00015145,0
.00024063,-0.00177885,-0.00116678,-0.00022786,0.00004687,0.00010985,-0.00053141,
0.03283811,-0.01091132,0.02339941,0.00503182,0.00009240,0.00072338,-0.05766611,0
.52817143,-0.03186333,0.01228916,-0.11158474,-0.00047370,0.00004061,0.00035258,-
0.00042397,0.00310471,-0.00104728,-0.00042249,-0.00059752,0.00149022,0.00023959,
0.00050965,0.00035547,0.00025455,-0.00016605,0.00028967,0.00006328,-0.00002349,0
.00076367,-0.00347396,-0.00425844,-0.00021912,0.00030562,0.00014215,-0.00045430,
-0.00097628,0.00919200,-0.00134746,0.01214879,0.00024024,-0.00807706,0.16909000,
-0.08212462,0.22195031,-0.01033535,-0.01250918,0.03370863,0.00089122,-0.00005347
,0.00030410,-0.00047519,0.00068272,0.00119091,-0.00049215,-0.00148487,-0.0025541
0,-0.00006172,-0.00080914,-0.00096892,-0.00007510,0.00037124,-0.00054883,-0.0002
5755,0.00016432,0.00031407,-0.00033707,-0.00077644,0.00041898,-0.00045267,0.0000
1519,-0.00003160,0.01965760,0.02296181,-0.00675007,0.00091902,0.00029408,0.00009
327,-0.26633411,-0.10156944,-0.06421318,0.52707564,-0.01115150,-0.04284756,0.044
41490,0.00114351,-0.00005294,0.00041528,0.00156304,-0.00124755,0.00017230,-0.004
16083,-0.00210761,0.00129903,-0.00109574,-0.00075630,-0.00268574,-0.00023061,-0.
00023726,-0.00032201,-0.00001218,-0.00011377,-0.00076034,-0.00094121,-0.00076922
,0.00035199,-0.00043956,-0.00006327,-0.00009476,0.00495953,-0.04780157,0.0182098
6,0.00201120,0.00004222,-0.00089104,-0.13897658,-0.14510805,-0.02660120,0.048125
35,0.78238935,0.02988681,0.03939394,-0.09397493,0.00017968,-0.00012075,0.0002663
5,0.00053940,-0.00040236,0.00019379,-0.00056511,-0.00056314,0.00046591,0.0000756
0,-0.00008289,-0.00168391,0.00035653,0.00037668,0.00067003,-0.00065338,-0.000837
24,-0.00076996,-0.00013389,-0.00074424,0.00005752,-0.00019957,0.00003185,-0.0000
6400,-0.00082612,0.00551582,0.00015551,-0.00086624,0.00133440,-0.00163429,-0.028
93738,-0.00207026,-0.03991022,0.09255287,-0.10500330,0.21205903,-0.08896282,-0.0
0151707,0.06859147,0.00050799,0.00010023,-0.00002502,-0.00311058,0.00106367,-0.0
0132348,0.00672968,0.00914350,-0.00224152,0.00023933,-0.00113049,-0.00063386,-0.
00056927,0.00018295,-0.00180704,0.00008278,-0.00003163,-0.00076545,0.00037175,0.
00061072,-0.00003161,-0.00009444,-0.00006599,0.00002906,-0.10953429,-0.12217301,
-0.01170440,-0.00033985,0.00007871,0.00045174,-0.04961514,0.00335610,-0.00634870
,-0.19449834,0.13208764,-0.08267102,0.75791638,-0.00001111,-0.00529631,-0.002456
29,0.00063291,-0.00004290,0.00036412,-0.00185192,0.00127470,0.00102168,-0.009779
53,-0.02418281,0.00438250,0.00025270,-0.00106871,-0.00096422,-0.00003422,0.00031
672,-0.00039797,-0.00004827,0.00016447,0.00033409,-0.00009494,-0.00010572,-0.000
01075,-0.00036914,0.00008933,-0.00010945,-0.07434221,-0.27117080,0.01576093,0.00
040016,0.00052265,0.00022234,0.01458757,0.01864267,-0.00852795,0.09511617,-0.176
00517,0.05998681,0.06338936,0.53620334,0.05512033,0.00019548,-0.07137898,0.00009
780,-0.00002252,0.00023598,-0.00140532,0.00170649,-0.00108416,0.00601677,0.00987
308,-0.00371241,0.00064429,-0.00035878,-0.00061297,0.00069833,-0.00003207,-0.000
99423,-0.00015794,-0.00004205,0.00069530,-0.00062286,-0.00031696,0.00013511,-0.0
0001549,0.00000448,-0.00010347,-0.00734278,0.02055330,-0.03304829,0.00109316,-0.
00052593,0.00196411,-0.03064743,-0.00884848,0.00233239,-0.05391680,0.05370355,-0
.05320121,0.13216969,-0.05603151,0.21439893,-0.00120890,-0.00049709,0.00316366,0
.00042363,-0.00000480,0.00024756,0.00133424,0.00060075,-0.00118961,0.00006552,-0
.00026250,-0.00016333,-0.00003685,0.00023061,0.00005524,0.00014810,-0.00006144,0
.00034402,0.00001098,-0.00004234,0.00003594,-0.00147732,-0.00236185,0.00148212,-
0.00010258,0.00003992,-0.00011027,-0.00107379,0.00023217,-0.00099573,-0.00430128
,0.00213095,0.00399479,-0.26747505,0.11507936,-0.06229807,-0.02068076,0.00876175
,-0.00586909,-0.00451943,-0.00123027,-0.00258941,0.29880273,-0.00040637,-0.00283
462,-0.00025558,0.00012242,-0.00001130,0.00015155,0.00029600,-0.00131439,0.00165
249,0.00143716,0.00027712,0.00081737,-0.00005458,0.00016117,-0.00003869,0.000070
61,-0.00022341,0.00002123,0.00005107,-0.00013488,-0.00012897,-0.00111488,0.00078
955,0.00088149,0.00003923,-0.00000088,-0.00009825,0.00273953,-0.00496147,0.00333
143,0.00043697,0.00025813,-0.00106864,0.11703968,-0.09603180,0.03075154,-0.01368
118,0.00693666,-0.00407726,-0.00229711,-0.00169996,-0.00069107,-0.12371181,0.105
97863,-0.00332100,0.00343481,0.00241807,-0.00052391,0.00002012,-0.00036395,-0.00
060553,0.00105256,-0.00052800,0.00034909,-0.00063757,0.00053204,0.00025922,0.000
28460,0.00021556,0.00017480,-0.00017209,0.00013384,0.00017123,-0.00026116,0.0002
1591,0.00355135,0.00290749,-0.00098318,0.00010615,-0.00006128,0.00021404,0.00035
644,-0.00030358,0.00128995,0.00351721,-0.00178461,-0.00342084,-0.06367776,0.0300
9032,-0.03710965,-0.00043635,-0.00054065,-0.00085694,0.00041426,-0.00016058,0.00
251877,0.06262309,-0.03492272,0.04109171,-0.00274381,-0.00125667,-0.00190074,0.0
0033703,0.00005337,0.00005067,0.00022926,-0.00000784,-0.00009225,0.00065299,0.00
087610,-0.00018439,0.00001028,-0.00045727,-0.00149682,-0.00006600,0.00021391,-0.
00018452,-0.00018631,0.00009458,-0.00002485,-0.00003626,-0.00066047,0.00006879,-
0.00009627,-0.00002885,0.00002564,-0.00271860,0.00312710,-0.00282809,0.00041931,
0.00051424,-0.00011392,-0.00131205,-0.02278767,0.00181603,-0.03711799,-0.0180982
0,-0.00270058,0.00350069,0.02014288,0.00031263,-0.00007500,-0.00067188,-0.000049
62,0.04291293,0.00167170,-0.00166035,-0.00328390,0.00043625,0.00003793,-0.000001
00,0.00046424,-0.00018245,-0.00018642,-0.00079220,-0.00003071,0.00009528,0.00006
349,0.00070393,-0.00018169,-0.00014226,-0.00006624,-0.00019471,0.00010581,0.0001
0758,-0.00010704,-0.00009874,-0.00050200,0.00005078,-0.00012897,-0.00004922,0.00
008312,0.00073868,-0.00359715,0.00204512,0.00058431,0.00023755,-0.00013509,-0.00
184447,-0.01271626,0.00049769,-0.01753747,-0.33953107,0.00958769,-0.00161837,-0.
01375955,0.00041631,-0.00042651,0.00029221,-0.00007214,0.02110848,0.37249760,-0.
00091908,0.00500435,0.00139286,0.00021921,-0.00001134,0.00007360,0.00008229,-0.0
0105192,-0.00059232,0.00012388,-0.00030494,0.00040404,-0.00160199,-0.00014094,-0
.00246078,0.00029689,0.00004388,0.00030779,-0.00004377,-0.00029054,0.00030345,0.
00010071,-0.00007712,-0.00000430,-0.00009593,-0.00004082,0.00004930,-0.00142748,
-0.00057751,0.00141093,-0.00073789,0.00003971,-0.00002770,0.00200370,-0.00685360
,-0.00043809,-0.00318232,0.00943264,-0.02282379,0.00049345,0.00517178,-0.0030153
9,0.00019168,-0.00003231,-0.00127833,0.00685442,-0.00896109,0.02530763,0.0001586
8,-0.00167082,-0.00406652,0.00026928,0.00006714,-0.00011490,-0.00016461,0.000616
57,-0.00020865,-0.00017958,0.00092589,0.00008265,-0.00021859,0.00091194,0.000317
39,0.00046655,-0.00029792,0.00038162,0.00016311,0.00017894,-0.00029251,0.0001465
9,-0.00012646,-0.00011905,-0.00005696,-0.00004520,0.00010129,-0.00751900,-0.0027
5101,-0.00180391,0.00070786,-0.00008121,0.00031754,-0.00350404,0.00081342,-0.001
04878,-0.01423553,-0.00376791,-0.00342879,-0.28843102,-0.06641337,-0.09283731,-0
.00026042,-0.00053912,0.00026909,-0.00037977,0.00033602,0.00039963,0.31550872,0.
00096801,-0.00205935,-0.00058065,0.00037211,0.00004982,-0.00002431,-0.00124022,0
.00001428,-0.00035925,-0.00023755,0.00019313,-0.00081209,0.00062202,-0.00113377,
-0.00078189,0.00009094,0.00050486,0.00063150,-0.00012246,-0.00007701,-0.00009014
,-0.00001224,-0.00040684,0.00002905,-0.00008732,-0.00004960,0.00007134,-0.022579
47,-0.00407770,-0.00793893,0.00008539,0.00023435,-0.00014685,0.00284650,-0.00250
229,0.00111378,0.01605820,0.00602135,0.00439535,-0.06688184,-0.05397188,-0.02059
989,0.00072401,0.00046430,0.00014375,0.00025335,0.00006992,0.00024392,0.07238868
,0.06162681,0.00317080,0.00213104,0.00053098,0.00014619,0.00001601,-0.00002160,-
0.00073335,-0.00043564,-0.00065839,0.00110989,-0.00072061,-0.00036475,0.00055208
,-0.00064432,0.00012391,0.00016649,0.00055930,-0.00228805,0.00002365,-0.00011746
,0.00022428,0.00056715,0.00037806,-0.00009411,-0.00007515,-0.00002895,0.00007084
,-0.00171792,-0.00033062,-0.00276962,-0.00106682,0.00006564,0.00013617,-0.004631
43,0.00089258,0.00131327,-0.00892940,-0.00480520,-0.00503080,-0.09176666,-0.0191
4072,-0.05196713,-0.00077783,-0.00033578,0.00035993,0.00046396,0.00019739,-0.000
79365,0.10308970,0.02253733,0.06025334,-0.11430047,-0.03354955,-0.00378979,0.003
89308,-0.00085650,0.00437951,0.01238011,0.01540686,-0.00115269,0.00082203,0.0003
6506,-0.00053173,-0.00022697,-0.00024867,0.00010170,-0.00016800,0.00021260,0.000
15503,0.00039457,0.00042632,0.00030479,-0.03340355,-0.02151219,0.00042844,-0.000
40312,0.00058710,-0.00224607,-0.00380906,0.00084594,0.00276753,0.01555033,0.0032
7462,0.00285393,-0.00309262,-0.00766395,0.00028939,-0.00169544,-0.00187968,0.001
83024,-0.00099610,-0.00054369,-0.00368928,0.00211780,0.00072426,-0.00351565,0.00
013055,-0.00039599,-0.00028001,-0.00025286,0.00000330,-0.00007046,0.14287575,-0.
02224197,-0.01469874,0.00181079,-0.00546244,-0.00049232,0.00099583,-0.00289487,0
.02127531,0.00020314,0.00104684,0.00034953,-0.00011550,0.00008945,0.00014317,0.0
0034362,0.00023701,-0.00047697,-0.00056307,0.00025140,-0.00013350,0.00026494,0.0
1604565,0.03349127,-0.00058431,0.00128442,-0.00009226,-0.00060401,0.00356688,0.0
0314567,0.00274244,-0.01484521,-0.01216339,0.00065578,-0.00025817,0.00306090,-0.
00166065,-0.00396729,-0.00146938,-0.00146078,-0.00004624,-0.00255284,-0.00076838
,-0.00041802,-0.00018125,0.00263122,-0.00040596,-0.00041420,-0.00061287,0.000077
91,-0.00071442,-0.00015437,0.03694834,-0.00725977,-0.00192551,0.00023025,-0.0041
4401,0.00105496,0.00028278,0.00090791,0.00072565,0.00176477,0.00534669,0.0000654
8,-0.00021108,-0.00016027,0.00017085,-0.00015471,-0.00051097,0.00029514,0.000025
12,-0.00028709,-0.00045195,0.00042254,0.00000722,-0.00486282,-0.00463162,0.00335
245,-0.00012619,0.00005432,-0.00065846,0.00156153,0.00095340,0.00155551,0.003643
90,0.00050632,-0.00147926,0.00009023,0.00657588,-0.00332303,0.00378861,0.0012882
7,0.00079907,-0.00031833,0.00057206,-0.00050580,0.00005906,0.00146125,-0.0042780
2,0.00027903,-0.00000550,-0.00035051,-0.00030025,-0.00006385,-0.00071757,-0.0028
1728,0.00718245,0.01679290,-0.01467522,-0.02166468,-0.01740343,0.00211315,-0.000
10510,0.00065975,-0.04363052,-0.01143387,0.03331429,-0.00779535,0.00286752,-0.00
277212,0.00004503,0.00060125,0.00029391,0.00027852,-0.00028103,0.00003257,0.0001
7152,0.00038093,0.00114404,-0.00003284,0.00143403,0.00020700,-0.00045377,0.00032
034,-0.00030612,-0.26035150,0.00935798,-0.05640387,0.00085968,-0.00089233,0.0020
4370,-0.06799339,0.01963318,-0.01232048,-0.00000069,-0.01763315,0.00158264,-0.02
831506,-0.04171857,-0.01507017,-0.00070266,0.01983055,0.00037577,-0.00317504,-0.
00164768,-0.00265968,-0.00177684,-0.00409568,-0.00217755,-0.00216504,-0.00042382
,0.00346754,0.42261702,-0.03171770,-0.05242275,-0.02307924,-0.00063557,-0.000326
09,0.00096687,-0.01085470,-0.02741538,0.03732487,0.01660239,0.00059428,0.0076713
4,0.00068684,0.00098177,0.00094838,0.00035653,0.00030591,0.00129134,0.00006789,-
0.00038198,0.00000072,0.00191512,0.00398143,-0.00076134,-0.00021078,-0.00023767,
-0.00000676,-0.01466234,-0.05988029,0.00605732,-0.00601084,0.00091554,-0.0005617
2,0.02951021,-0.26470666,0.06571033,-0.02832510,-0.03970941,-0.01254673,-0.01697
085,-0.00133057,-0.00371852,0.00075478,-0.00697167,0.00021956,-0.00280921,-0.002
47955,-0.00199334,-0.00006771,-0.00350481,0.00016762,0.00620022,0.00019893,-0.00
900278,0.04624663,0.45195415,-0.03338420,-0.05661019,-0.04528061,-0.00446721,0.0
0020322,-0.00184593,0.03086427,0.04367376,-0.05700065,-0.00877471,-0.00076550,-0
.00842708,0.00028506,0.00078861,0.00064411,0.00064249,0.00021442,0.00070650,-0.0
0006296,-0.00005802,0.00086191,0.00023385,0.00048986,-0.00028217,0.00246510,0.00
022055,0.00000035,-0.07317348,0.02058556,-0.04675323,-0.00222503,-0.00000067,0.0
0054551,-0.00277433,0.03680513,-0.03520604,0.01642229,0.01239186,0.01072608,-0.0
0065099,0.00411935,0.00044035,0.00059843,0.00325214,-0.00296206,0.00053140,0.001
73330,0.00341117,-0.00002604,0.00163654,0.00250410,0.00081662,-0.00898004,-0.004
66813,0.06453465,-0.06530847,0.18029644,0.00076031,0.00013392,0.00022863,-0.0604
9963,0.00985865,-0.01693189,-0.00734854,-0.00608855,0.00333306,0.00028120,-0.000
09847,-0.00007809,0.00001634,-0.00004216,-0.00004428,0.00009266,0.00000848,-0.00
003292,0.00018868,0.00013001,0.00017913,0.00777757,-0.00610042,-0.00481944,0.005
56516,-0.00774391,0.02267052,-0.00031447,-0.00019704,0.00002159,0.00521148,0.003
74811,0.00243365,-0.00007836,-0.00023716,-0.00036443,0.00005346,-0.00000514,-0.0
0003792,0.00001297,-0.00001999,-0.00008086,-0.00009679,-0.00010866,0.00007431,0.
00001229,0.00003355,0.00004180,0.00006014,0.00005291,0.00009734,-0.00157794,0.00
046005,-0.00051538,-0.00048400,0.00037351,0.00031917,0.53783136,-0.00025959,0.00
047070,0.00006590,0.01430451,-0.06458603,0.01013871,0.00335882,0.00152173,0.0006
6626,-0.00020131,-0.00018373,0.00008957,0.00003074,0.00003947,-0.00000058,0.0000
3570,0.00000504,-0.00001784,-0.00006477,0.00000578,-0.00001228,-0.01507102,-0.02
552158,0.00843986,-0.00164041,0.00980263,0.02050134,-0.00011400,0.00019210,0.000
03587,-0.00569352,-0.01066982,0.00120734,0.00008572,0.00009834,-0.00001659,0.000
07751,0.00016485,0.00001571,0.00007532,-0.00000622,-0.00006147,0.00005765,-0.000
14487,-0.00016498,0.00005996,0.00006377,0.00000462,0.00001657,0.00002823,0.00004
126,0.00026046,-0.00110589,0.00009094,-0.00027938,-0.00021951,-0.00027969,-0.017
68778,0.41620731,0.00028232,-0.00036602,-0.00018649,-0.01413605,0.00025486,-0.08
464545,0.00451747,0.00077654,-0.00350057,0.00019330,0.00001866,-0.00001084,-0.00
000169,-0.00002206,0.00000891,0.00002504,-0.00000124,-0.00001363,0.00013475,0.00
011828,0.00004215,-0.00318090,-0.01053704,-0.00751070,0.00681835,0.02436223,-0.0
4769763,0.00023681,-0.00007640,0.00016522,0.00860338,0.00208266,0.00769786,-0.00
020518,0.00003777,-0.00020526,-0.00014248,-0.00019895,-0.00008349,0.00000133,-0.
00014345,-0.00011970,-0.00015813,0.00012391,0.00027161,-0.00008313,-0.00007256,-
0.00005017,-0.00000082,-0.00005520,-0.00004501,-0.00216881,0.00174501,-0.0002250
2,-0.00038344,0.00011651,0.00066120,-0.02510661,0.00042147,0.38765372,0.00135641
,-0.00016587,0.00080111,-0.39915842,-0.02231738,-0.04410883,-0.02511348,-0.00536
545,0.01534641,0.00084095,-0.00021555,-0.00001355,-0.00004339,-0.00002947,0.0001
7526,0.00003643,0.00009030,0.00005147,0.00031929,-0.00004777,0.00048187,-0.00597
131,-0.00582260,-0.00075819,-0.08092868,-0.02135060,0.03036549,0.00083106,0.0003
9135,0.00133832,0.00929795,0.00375236,0.00021480,-0.00107403,0.00045894,0.000929
17,-0.00076514,-0.00103906,-0.00034478,-0.00015093,-0.00072620,-0.00023847,-0.00
047695,-0.00003225,0.00025727,-0.00025902,-0.00033516,-0.00035578,-0.00014680,-0
.00021303,-0.00023956,-0.00450712,0.00209031,-0.00009928,0.00393836,-0.00054614,
0.00193419,-0.04353316,0.00046572,-0.02857233,0.55003538,0.00038976,0.00017063,0
.00078166,-0.02620597,-0.06246657,0.00448995,0.00228895,-0.02223344,0.01743757,0
.00002478,-0.00031805,-0.00016085,-0.00005821,0.00000264,0.00008701,-0.00007036,
0.00001130,0.00003380,0.00027544,-0.00061342,0.00027073,-0.00182440,-0.00146914,
-0.00130217,-0.02634635,0.01393779,0.00578545,0.00033230,0.00002235,0.00130254,0
.00228710,0.00133185,0.00054127,0.00063546,0.00123313,0.00026550,-0.00077762,-0.
00016980,-0.00030892,-0.00037906,-0.00094721,-0.00053581,-0.00014052,-0.00002228
,0.00014351,-0.00000562,-0.00000174,-0.00016639,-0.00000589,-0.00015135,-0.00017
167,-0.00142742,-0.00179508,-0.00049069,-0.00107175,0.00449595,-0.00145340,0.005
08365,0.01233397,0.00761319,0.04547874,0.05243831,0.00013412,-0.00088825,-0.0007
3332,-0.04471358,0.00517460,-0.08644503,0.00550231,0.02084301,-0.05727723,-0.000
10043,0.00033010,0.00014738,-0.00005047,-0.00006767,0.00015575,-0.00002117,-0.00
004252,0.00003402,0.00102894,0.00000820,0.00010709,0.00059654,-0.00097225,-0.000
73549,0.04937810,0.00867330,0.00831660,0.00044506,0.00169833,-0.00159150,0.00013
038,0.00118466,0.00019818,0.00150597,-0.00014095,-0.00094238,0.00012440,0.000460
93,0.00017142,0.00075097,0.00017775,0.00068200,0.00022210,-0.00018233,0.00009029
,0.00014822,0.00009729,0.00041431,0.00003700,0.00032373,0.00031969,0.00079566,0.
00007486,-0.00154058,-0.00084919,-0.00191724,0.00613523,-0.03959357,0.00506581,-
0.01066665,0.03012098,-0.03942415,0.14757610,-0.00157307,-0.00059210,-0.00758986
,-0.00000584,-0.00022000,0.00054824,-0.00064015,-0.00129163,-0.00377364,0.000835
71,-0.00140082,0.00052867,-0.00084699,0.00053809,0.00181426,-0.01783113,-0.01179
070,0.00943820,-0.03734534,-0.01239322,0.01075312,-0.00167910,-0.00007229,0.0000
5146,-0.00003068,0.00010895,-0.00034059,0.00675595,-0.00091246,-0.00060149,0.001
87963,-0.00200565,0.00063342,0.00012482,0.00393041,-0.00532951,-0.01149550,0.000
16947,-0.00112670,0.00073380,-0.00941510,0.00503273,0.00011825,0.00009253,-0.000
32149,-0.00037626,0.00010568,0.00028537,-0.00033929,-0.00005068,0.00052826,-0.00
483211,0.00157400,-0.01164386,0.00100277,0.00683217,0.00861453,-0.00004126,-0.00
010413,-0.00003758,-0.00054597,0.00000650,-0.00072417,0.53904975,0.00305707,-0.0
3605739,0.03175963,0.00070069,0.00006352,-0.00000232,-0.00093983,-0.00033385,-0.
00230108,0.00108591,-0.00100112,-0.00005064,0.00213688,-0.00334120,0.00462203,0.
00676900,0.00489918,-0.00621475,-0.01311739,-0.26361208,0.14022840,0.00005926,-0
.00064497,0.00007118,-0.00018102,-0.00006435,0.00004640,0.00148589,0.00493612,0.
00048165,-0.00012972,0.00003654,-0.00084112,-0.00092857,0.00032637,-0.00162416,-
0.00083101,0.00236464,0.00106675,0.00110924,-0.00073593,-0.00145481,-0.00008565,
-0.00024519,-0.00038392,0.00045870,0.00022134,-0.00107754,0.00008307,-0.00006472
,-0.00011220,-0.00047738,0.00139477,0.00220638,-0.00251786,0.00284544,-0.0010308
1,-0.00010764,-0.00000616,0.00000585,-0.00104270,-0.00076020,0.00001309,-0.00045
113,0.63906535,-0.00410651,0.03349804,-0.10252117,0.00168046,0.00000825,-0.00037
219,-0.00223250,-0.00248383,-0.00283062,0.00027560,0.00072769,0.00050831,-0.0003
8333,0.00213762,0.00080149,-0.00144142,-0.00193039,-0.00118206,0.00878937,0.1318
6070,-0.09564809,-0.00014294,-0.00221345,-0.00034607,-0.00053488,-0.00006856,0.0
0064533,-0.00656947,-0.00530266,-0.00130958,0.00351704,0.00062641,-0.00039264,0.
00623126,0.00890745,0.00703341,-0.00193539,-0.00002259,-0.00335595,-0.00292691,0
.00236131,0.00071662,0.00027380,-0.00004926,0.00040544,0.00010035,-0.00038233,0.
00026807,-0.00069452,-0.00003206,0.00099816,-0.00357203,-0.00211975,-0.00084353,
0.00729131,-0.00857611,0.00164921,-0.00011305,0.00022519,-0.00021545,-0.00128739
,0.00017162,0.00016117,-0.04478299,-0.30186895,0.31717483,-0.06175555,-0.0064042
0,-0.06367031,-0.00040286,0.00006826,-0.00038401,-0.00182718,-0.00094149,-0.0008
8676,-0.00156741,0.00155912,-0.00117337,0.00691844,-0.01284247,0.00773001,-0.306
34447,0.08717661,-0.00852547,0.00095451,-0.00055839,-0.00048292,0.00049157,0.000
66956,-0.00013617,0.00025828,-0.00002016,0.00024617,0.00487767,0.00332027,0.0029
5417,-0.00047562,-0.00002970,-0.00069413,0.00004687,-0.00640215,0.00079624,0.002
66436,-0.00102904,0.00277074,-0.00184176,-0.00123960,0.00086048,0.00008736,0.000
07224,0.00081426,-0.00029886,-0.00013000,0.00063161,-0.00080635,-0.00023661,0.00
263564,-0.00123373,-0.00001849,0.00021170,-0.00389049,0.00467982,-0.00177323,0.0
0019276,-0.00003682,0.00012568,0.00045807,0.00034829,0.00035713,-0.24408269,-0.1
1518504,0.08999422,0.78785656,0.00015957,-0.01349665,-0.01497966,0.00004066,0.00
003916,-0.00037186,-0.00183690,-0.00168965,-0.00161712,0.00060738,-0.00105183,-0
.00002545,0.00542442,-0.01411038,0.00564027,0.09003296,-0.06320621,0.01011595,-0
.01942648,-0.01070208,0.00209528,0.00072993,-0.00012009,-0.00019069,-0.00007728,
0.00004114,0.00023701,-0.00405847,0.00362630,0.00259214,-0.00132323,0.00125330,0
.00052259,-0.00446746,-0.00851451,0.00096652,0.00760086,-0.00077112,0.00433620,0
.00236187,0.00758341,0.00174146,-0.00010863,-0.00032516,-0.00006813,0.00024337,-
0.00010774,0.00038180,-0.00015520,0.00043820,-0.00088940,0.00086049,0.00035256,0
.00092195,-0.00451173,0.00157234,-0.00610626,0.00012025,0.00000747,0.00001618,0.
00009481,0.00008015,0.00022877,-0.09382699,-0.12536120,0.07236034,-0.07128925,0.
48394568,-0.05342985,-0.02413756,-0.08533661,0.00046240,0.00002573,-0.00005440,0
.00092588,-0.00127471,0.00124098,0.00080270,-0.00050260,0.00033800,-0.00425960,0
.00813908,-0.00680020,-0.00645544,0.00877749,-0.02368742,0.00994465,0.00492424,-
0.00297051,-0.00012174,-0.00063624,0.00007135,-0.00014156,-0.00008166,0.00008741
,0.00442149,0.00170433,0.00189540,0.00036745,-0.00007127,0.00091133,0.00038759,0
.00288225,-0.00192128,-0.00875373,-0.00079784,-0.00338946,-0.00025941,-0.0058024
1,0.00104790,0.00074211,0.00027044,-0.00062348,-0.00055630,-0.00017414,0.0008626
4,-0.00018974,-0.00024767,-0.00174107,0.00159614,0.00213416,-0.00242571,-0.00206
382,0.00634566,0.00352375,-0.00007223,0.00005909,0.00002109,0.00004576,0.0003320
5,-0.00017147,0.04634138,0.05098361,-0.06617746,0.01918270,-0.16621870,0.2449699
3,-0.02676986,-0.04767254,-0.03178173,0.00020718,0.00008240,-0.00020369,-0.00047
215,-0.00019364,-0.00037297,0.00019464,0.00013484,0.00073931,-0.14716476,-0.1188
4964,0.08563194,-0.00547891,0.02414208,-0.00781748,-0.00341958,-0.00134725,0.000
16157,0.00066895,-0.00088659,-0.00028558,-0.00005362,-0.00006633,0.00015687,0.00
068994,0.00523600,0.00642725,-0.00072688,0.00145902,0.00002985,-0.00345940,-0.00
847367,-0.00076557,0.00636462,-0.00597165,0.00289831,0.00220863,0.00505586,0.001
34597,-0.00010985,-0.00013271,0.00046007,0.00031057,-0.00025339,0.00091493,-0.00
086308,0.00095969,0.00084784,-0.00089493,-0.00009779,0.00139523,-0.00570043,0.00
562676,-0.00369088,0.00010878,0.00002233,0.00006428,0.00003381,0.00004238,-0.000
00971,0.01165558,-0.00636407,0.01270866,-0.09408930,0.04439284,-0.02134010,0.656
36016,-0.04073474,-0.07696044,-0.05008337,0.00044432,0.00007285,0.00025271,0.000
70726,0.00166596,-0.00000598,-0.00124885,0.00149792,-0.00026560,-0.11870151,-0.1
6502825,0.09995263,0.00263588,-0.00751425,0.00197737,-0.00218769,-0.00170768,0.0
0059338,-0.00093994,-0.00099897,0.00030283,-0.00004345,-0.00005578,0.00006955,-0
.00791530,-0.00549824,-0.00401004,0.00275287,-0.00007599,0.00021398,0.00268522,0
.00312213,0.00282352,-0.00148194,0.00054562,-0.00050528,-0.00422763,0.00161690,-
0.00239064,0.00023763,0.00035943,0.00093714,0.00002427,-0.00022951,0.00146367,-0
.00036480,0.00018463,0.00013743,-0.00029205,-0.00208521,-0.00141386,0.00677176,-
0.00515097,0.00069958,-0.00003152,0.00006936,-0.00010495,-0.00028738,-0.00008960
,-0.00001375,-0.02546393,-0.03882165,0.00809000,0.08443585,-0.25598790,0.1190901
1,0.11190724,0.61096762,-0.02383433,-0.03982977,-0.03558235,0.00024189,-0.000042
19,-0.00023023,0.00129575,0.00215320,-0.00021839,-0.00074159,0.00039565,-0.00031
145,0.08635013,0.09993921,-0.08996402,-0.00073898,-0.00058577,-0.00197023,0.0024
0206,0.00296748,0.00155322,0.00049703,-0.00046372,-0.00024009,-0.00012391,0.0000
0397,0.00027851,-0.00512011,-0.00128666,-0.00010024,0.00006870,0.00006138,-0.000
08318,-0.00022702,-0.00474013,0.00203166,0.00016189,0.00201386,-0.00249526,0.002
82870,-0.00095191,0.00016903,-0.00004034,0.00003775,0.00093191,-0.00035978,-0.00
051533,-0.00300115,0.00043612,-0.00087098,-0.00111123,0.00129250,-0.00149117,-0.
00020934,-0.00063257,-0.00437768,-0.00669920,0.00002480,0.00001607,0.00000986,-0
.00034737,-0.00014413,0.00042170,0.02347683,0.02681604,-0.00635841,-0.02910053,0
.09000079,-0.07301849,-0.07490919,-0.20551321,0.26146085,-0.02136722,0.04751669,
0.01948581,0.00027473,0.00002087,0.00051348,0.00042548,0.00218905,-0.00085603,-0
.00009078,-0.00034292,-0.00046790,-0.01371257,0.00149934,0.00105401,-0.00150285,
0.00371711,0.00113465,-0.00299268,0.00201259,0.00064688,-0.00179532,0.00059061,0
.00008706,-0.00003007,0.00007007,-0.00024805,-0.00703927,-0.00733612,-0.00168998
,-0.00236519,-0.00574063,-0.00338789,0.00316066,0.00061229,0.00349195,0.00243126
,0.00490681,-0.00032478,-0.00315353,0.00629262,0.00132456,0.00000862,-0.00024677
,0.00000394,0.00052862,-0.00013502,-0.00066652,0.00018877,0.00023888,-0.00007969
,-0.00224991,-0.01004816,-0.00638906,0.00384405,-0.00682094,-0.00173427,-0.00005
052,0.00014342,-0.00013465,-0.00058563,-0.00023630,-0.00008254,0.00356918,0.0063
0275,-0.01223483,-0.02529740,0.04613731,-0.00607867,-0.34161003,-0.00943144,0.01
045589,0.64979479,0.04201759,-0.08849864,-0.05103061,0.00038797,-0.00020147,-0.0
0011847,0.00006094,-0.00056377,-0.00102155,0.00038912,0.00035325,0.00038359,-0.0
1743269,0.00355562,0.00083434,0.00059372,-0.00364696,0.00163918,0.00282193,-0.00
206989,-0.00019446,-0.00062323,-0.00060263,-0.00055072,-0.00005895,-0.00000591,0
.00020180,-0.00549668,-0.00238369,-0.00504871,0.00014221,-0.00261389,-0.00055069
,0.00307355,0.00733180,0.00197245,-0.00566112,0.00360720,-0.00079136,-0.00395996
,-0.00147063,0.00329134,0.00040019,0.00042154,0.00073715,-0.00064810,-0.00025691
,0.00036947,-0.00059462,-0.00008699,0.00110478,-0.00446582,-0.00707280,-0.008080
46,0.00732162,-0.00258682,0.00537794,0.00022698,-0.00001614,-0.00002540,-0.00033
002,0.00064109,0.00021024,0.01592556,-0.03758241,0.00592562,0.02260336,-0.002752
01,0.00301638,0.03936025,-0.06674005,0.01684770,-0.13096569,0.59304435,0.0161619
9,-0.04802489,-0.05678052,-0.00021862,0.00010582,-0.00044016,-0.00121448,-0.0016
2278,-0.00046376,0.00137751,-0.00074516,0.00038210,0.01124176,-0.00331398,-0.002
78721,-0.00060396,0.00395315,0.00114144,-0.00172203,0.00296290,0.00147502,0.0020
6445,0.00226017,-0.00036583,-0.00000496,-0.00002081,0.00014268,0.00363124,0.0014
7785,-0.00054523,-0.00654948,-0.00305625,-0.00205184,-0.00052130,-0.00107024,-0.
00025800,-0.00233160,-0.00098830,0.00209477,0.00080988,-0.00827122,0.00004638,0.
00000352,-0.00006028,0.00044092,0.00026129,-0.00039249,-0.00029827,-0.00045776,0
.00005782,0.00053576,-0.00067149,0.00327739,0.00258592,0.00276912,0.00261667,0.0
0387396,0.00025763,-0.00006888,0.00017538,0.00045627,0.00019260,0.00017471,-0.01
843164,0.02737041,-0.00155268,-0.01062172,0.01166142,-0.00192509,0.01869508,0.02
120288,-0.03701441,0.03195373,-0.21454845,0.28315822,-0.04733764,0.00815413,0.04
037953,0.00046687,-0.00037428,0.00003193,0.00276939,-0.00043907,-0.00117567,0.00
049479,-0.00072602,-0.00058762,-0.00560609,0.00143276,0.00148130,-0.00465212,-0.
00138960,0.00400653,0.00229650,-0.00059395,-0.00067201,0.00098688,0.00234021,-0.
00159926,-0.00028359,0.00006100,0.00002012,-0.00230193,-0.00512094,-0.00249961,-
0.00774378,-0.00010916,-0.00775136,0.00444278,0.00411472,0.00030172,-0.00054865,
0.00146828,-0.00312467,0.00006057,0.00260260,0.00195704,0.00013904,-0.00006691,-
0.00065006,0.00015045,0.00011998,-0.00077477,0.00076965,-0.00003828,-0.00079613,
-0.00327260,-0.00086583,0.01069713,0.00557847,-0.00259491,0.00299063,-0.00010855
,0.00010689,-0.00015124,-0.00071939,-0.00052723,0.00014169,-0.22627867,0.1231100
4,-0.05340886,-0.05365395,-0.00039624,0.01803097,-0.03160837,-0.01837979,0.01620
420,-0.09611738,-0.07945029,0.04007982,0.75792781,0.00880657,-0.01781243,-0.0207
1514,-0.00053244,0.00002736,-0.00075916,-0.00286012,-0.00913348,-0.00591728,-0.0
0036423,0.00034341,0.00007809,-0.00156490,0.00051579,0.00338424,-0.00105580,-0.0
0137090,0.00167372,0.01866887,-0.01323313,0.00034134,0.00124645,0.00126950,-0.00
010558,0.00009865,0.00013950,0.00029369,0.00839080,0.00444170,-0.00059535,-0.001
30248,0.00020213,0.00048826,-0.00414072,-0.00330044,-0.00436568,-0.00361194,-0.0
0188370,0.00494155,0.00360773,-0.00874201,0.00089424,-0.00026740,0.00004454,0.00
029886,-0.00036337,0.00011621,0.00096912,-0.00006514,-0.00012474,-0.00009256,-0.
00230531,0.01209097,0.00163952,-0.00211741,0.00807565,0.00345160,0.00029943,-0.0
0033899,0.00025964,0.00053392,-0.00019089,-0.00003314,0.11542804,-0.14399255,0.0
6077828,0.00557610,0.00455808,-0.01124511,-0.04712892,0.00689171,0.01615608,-0.0
4482046,-0.22568030,0.09551659,0.00998391,0.44827795,0.04194268,-0.01529598,-0.0
6307377,0.00086669,0.00019970,-0.00129657,-0.00189181,-0.00861439,-0.00118215,-0
.00152939,0.00103145,-0.00001727,0.00047057,0.00119390,0.00153815,0.00023593,0.0
0168244,0.00183514,-0.00980151,0.00625340,-0.00168667,0.00289135,0.00137189,-0.0
0087384,-0.00033366,-0.00014177,0.00093135,-0.00204121,0.00455418,0.00472957,-0.
00763603,0.00081870,-0.00954929,0.00035326,-0.00431352,0.00276931,0.00620578,-0.
00165114,0.00049533,-0.00009600,0.00571514,-0.00232510,-0.00009646,0.00010772,0.
00177238,-0.00038158,-0.00013731,0.00087420,-0.00025950,0.00022657,0.00005991,0.
00034180,-0.00063380,0.00088569,-0.00589768,-0.00231740,-0.00923207,0.00020109,0
.00000739,0.00013918,-0.00036136,0.00017515,0.00053380,-0.00556079,0.03285850,-0
.04760425,-0.01072908,-0.01363979,0.01498425,0.00778516,0.00645971,-0.00842772,0
.04408074,0.13071191,-0.08953769,-0.13864588,-0.17679229,0.25876144,0.00156575,0
.00046002,-0.00332156,0.00084311,-0.00003875,0.00001244,-0.00021780,0.00163433,0
.00217471,0.00006324,-0.00038616,-0.00004473,-0.00013451,0.00040337,0.00020923,-
0.00043088,-0.00036211,0.00070739,0.00010171,0.00018205,-0.00031545,0.00032580,-
0.00069451,-0.00165401,-0.00036340,0.00003827,0.00015964,0.00003092,-0.00005108,
-0.00011209,-0.00131023,0.00102249,-0.00257207,-0.00001963,-0.00008292,-0.000111
11,0.00023299,0.00011123,-0.00015771,0.00018510,0.00002378,-0.00038216,-0.000033
34,-0.00005734,-0.00029027,0.00009426,0.00007521,-0.00027225,0.00025183,-0.00000
371,-0.00026097,0.00072596,0.00040146,0.00128241,-0.00014190,-0.00022665,-0.0004
1883,-0.00010115,-0.00000354,-0.00011066,-0.00038649,-0.00048818,-0.00030996,-0.
01704859,-0.00429996,0.00439087,-0.00402468,0.00180870,0.00102405,-0.00167303,-0
.00039518,0.00144750,-0.00587810,-0.00219532,0.00138389,-0.30121987,-0.05419864,
0.07873247,0.32934644,0.00128300,0.00008793,0.00151489,-0.00128714,-0.00081329,-
0.00033043,0.00080013,-0.00108148,-0.00164136,0.00004427,0.00004915,-0.00008601,
-0.00114330,0.00024807,0.00035606,0.00065924,0.00050247,0.00007766,0.00020264,0.
00001331,-0.00029702,-0.00009491,0.00225483,-0.00018970,0.00030334,0.00021244,0.
00003104,-0.00011705,0.00004448,0.00026807,0.00030784,-0.00090349,0.00013140,-0.
00037193,-0.00032964,0.00006556,0.00019672,-0.00005049,-0.00027095,0.00008696,-0
.00028314,-0.00050987,-0.00001910,-0.00000408,0.00002459,-0.00006227,0.00008660,
-0.00014871,0.00010713,-0.00015345,0.00004883,0.00138462,0.00075670,-0.00304845,
-0.00003250,0.00025072,-0.00018296,-0.00005291,-0.00017137,0.00003767,0.00043057
,0.00042499,0.00075385,0.01235490,0.00380631,-0.00443007,0.00220007,-0.00114745,
0.00121110,-0.00266235,-0.00311188,0.00382924,-0.02196614,-0.00404305,0.00452211
,-0.05090895,-0.04562050,0.02104539,0.05778167,0.05075788,-0.00075863,0.00140286
,0.00491902,-0.00016014,-0.00029961,0.00081861,0.00136612,-0.00219651,-0.0014343
7,-0.00015522,0.00022713,0.00009984,0.00017816,-0.00007668,0.00042969,-0.0005944
8,0.00003251,0.00052679,0.00005164,-0.00057047,-0.00082246,-0.00311156,-0.001850
29,-0.00174098,0.00012785,0.00005135,-0.00049298,-0.00022106,0.00047356,0.000434
50,-0.00002522,0.00166562,-0.00164228,-0.00012827,-0.00038562,0.00104380,0.00002
348,-0.00022813,0.00020841,-0.00031687,0.00006018,-0.00081963,0.00020729,0.00006
036,0.00001278,-0.00019244,-0.00011163,0.00018400,-0.00006668,0.00007778,0.00015
568,0.00576552,-0.00222484,-0.00702565,-0.00043536,0.00064898,-0.00000460,-0.000
24182,-0.00003272,-0.00027252,0.00005158,0.00011028,-0.00021741,-0.00828034,-0.0
0305457,0.00147054,-0.00251830,0.00164163,0.00144678,0.00038063,0.00162657,0.000
64045,0.00655057,-0.00030314,-0.00234737,0.08418402,0.02406551,-0.04904025,-0.08
156471,-0.02266104,0.05348687,0.00070817,-0.00169899,0.00014326,0.00479588,-0.00
145656,0.00511361,-0.08569320,0.03225484,-0.01595161,-0.00006611,0.00016274,0.00
009518,0.00004317,0.00008491,0.00009106,0.00013244,0.00008561,0.00005314,-0.0001
0013,-0.00011437,0.00007111,-0.09599613,0.08510987,0.01313523,0.00147674,0.00017
931,-0.00110893,0.00082647,-0.00076859,-0.00028910,0.00011817,-0.04846105,-0.001
95564,-0.00112149,-0.00100350,-0.00122374,0.00060341,0.00004620,-0.00025602,0.00
039681,0.00049795,0.00002172,-0.00022441,-0.00018827,-0.00036586,0.00007205,0.00
005252,-0.00011476,0.00008392,0.00007411,-0.00002670,-0.00502834,-0.00197529,-0.
00083656,-0.00138992,0.00110213,0.00482258,-0.13070781,-0.05662596,0.03177971,0.
00026464,0.00225509,-0.00120989,0.00064351,-0.00036046,0.00016955,0.00032683,0.0
0007176,0.00014167,-0.00007990,0.00012384,-0.00037802,0.00040787,0.00057861,0.00
035777,-0.00024663,-0.00036577,0.00036100,-0.00017812,-0.00004429,-0.00000749,0.
37193842,0.00187976,0.00336693,-0.00041688,-0.01360726,-0.02206167,0.00914579,0.
01563814,-0.03086517,0.00819339,0.00039917,-0.00152507,0.00003965,0.00010393,0.0
0005296,0.00004408,-0.00015055,0.00009208,0.00019714,0.00002251,0.00015115,-0.00
010584,0.09308584,-0.42695211,-0.02278244,-0.00097407,-0.00061141,0.01028120,-0.
00112752,-0.00085201,-0.00084787,-0.02963842,-0.07387953,0.00131317,0.00094437,0
.00117252,0.00162186,0.00030575,0.00041919,0.00002692,-0.00026402,-0.00044985,-0
.00009470,0.00042138,-0.00038614,-0.00127443,0.00032608,0.00034612,0.00001912,0.
00007019,0.00002713,-0.00016176,0.00518940,-0.01489073,0.00093181,-0.00373258,-0
.00191477,-0.00131563,-0.06311999,-0.14166995,0.04348331,0.00233590,0.00276698,-
0.00066186,0.00055564,0.00023342,0.00076942,-0.00007335,0.00018088,0.00102698,0.
00031190,0.00060752,0.00014425,-0.00065098,0.00043871,-0.00036181,-0.00081044,0.
00024566,0.00018719,-0.00014013,-0.00064382,0.00053883,-0.03293081,0.77319613,-0
.00174541,-0.00048041,-0.00244717,0.00954678,0.02627338,-0.01399391,-0.00239473,
0.01009056,-0.02795111,-0.00056858,0.00022893,0.00008455,-0.00004170,0.00006348,
0.00000603,-0.00000868,0.00001519,0.00009246,0.00008464,0.00004513,0.00013544,0.
01108684,-0.00741697,-0.04157204,-0.00112534,-0.00011786,-0.00722096,0.00032724,
-0.00015507,-0.00022972,-0.00553702,0.00647968,0.01150473,-0.00111023,0.00000701
,-0.00030760,-0.00007035,-0.00030348,-0.00006248,0.00007858,0.00015396,0.0001935
9,0.00004127,-0.00053101,-0.00031175,-0.00001260,-0.00001434,-0.00004153,0.00009
008,0.00004291,-0.00005141,0.00251555,-0.00194334,0.00073778,0.00322377,-0.00119
273,0.00454589,0.03050868,0.03352072,-0.05853995,0.00122661,0.00286838,0.0005118
0,0.00024296,-0.00047378,0.00049266,0.00010111,-0.00003360,0.00018431,0.00003083
,0.00026533,0.00014096,0.00025202,0.00060218,-0.00040740,-0.00073084,-0.00095461
,-0.00053413,-0.00011686,0.00011060,0.00053421,-0.05480815,-0.04377927,0.1094489
9,-0.00000644,-0.00015980,0.00014575,-0.01380501,0.00439561,0.00063678,-0.001977
72,-0.00171019,0.00117900,0.00019678,0.00001577,-0.00004152,0.00001406,0.0000064
2,0.00001967,0.00002356,0.00000868,0.00001380,0.00003758,0.00000707,0.00007527,-
0.00242400,0.00134902,0.00037016,0.00219300,-0.00098729,0.00084650,0.00014984,0.
00003119,-0.00002272,0.00112732,0.00021417,-0.00009134,-0.00003786,0.00000421,-0
.00005456,0.00003380,0.00002888,-0.00003879,0.00006280,0.00005352,0.00000803,-0.
00004258,0.00005642,-0.00002013,-0.00000166,0.00000446,-0.00000772,0.00001652,0.
00000009,-0.00000188,0.00008435,0.00041395,-0.00004050,0.00004868,0.00012423,-0.
00020996,-0.23844457,0.06672496,0.01578248,-0.00231229,0.00016192,-0.00359902,0.
00005775,-0.00003852,-0.00007927,0.00009043,0.00001231,-0.00003344,-0.00000223,0
.00003021,-0.00004418,0.00002581,0.00002947,0.00002834,-0.00011034,0.00005970,-0
.00008064,-0.00011090,0.00001557,0.00001120,-0.02884082,-0.00478212,0.00515774,0
.28566955,-0.00011463,-0.00019228,-0.00007390,0.00745320,-0.00095071,-0.00237655
,-0.00051217,-0.00202626,0.00118972,0.00004282,0.00003111,-0.00001648,0.00000114
,-0.00000035,-0.00000284,-0.00000149,-0.00000183,-0.00000647,-0.00001488,-0.0000
0614,-0.00000802,-0.00162166,0.00190874,-0.00017661,-0.00095530,0.00018194,-0.00
061671,-0.00000337,-0.00007391,0.00003627,0.00133627,0.00040424,0.00006274,-0.00
002826,-0.00003473,-0.00000467,0.00001745,0.00000075,0.00000032,-0.00002617,0.00
002513,0.00000711,-0.00002025,0.00003473,-0.00000971,-0.00000259,-0.00000505,-0.
00000905,-0.00000940,-0.00000702,-0.00000610,-0.00007029,0.00038444,-0.00000556,
0.00008976,0.00021323,0.00017765,0.06583860,-0.06254967,-0.00372068,0.00291977,0
.00027913,0.00215791,0.00004988,0.00001499,-0.00005012,-0.00002945,-0.00001622,-
0.00000522,-0.00000438,-0.00001879,-0.00001523,-0.00000335,-0.00001928,0.0000133
5,0.00000571,-0.00001198,-0.00005902,-0.00002928,0.00001342,0.00002551,-0.025719
99,0.00278981,0.00282413,-0.07038404,0.07321878,-0.00003751,0.00010784,0.0000499
4,-0.01933584,0.00748036,0.00371212,0.00000432,0.00140702,-0.00079067,-0.0000557
9,-0.00002912,0.00000934,0.00000272,-0.00000016,0.00000077,0.00001041,0.00000209
,0.00000050,0.00005108,0.00000878,0.00001510,0.00057356,-0.00007253,0.00061707,0
.00018230,-0.00163969,0.00123058,0.00000115,0.00003481,-0.00004262,-0.00071371,-
0.00041267,-0.00018055,0.00004333,-0.00005190,-0.00000878,-0.00001041,-0.0000180
7,0.00000468,-0.00000559,-0.00004706,-0.00002302,0.00001634,0.00000621,0.0000030
6,-0.00000204,0.00001027,0.00001848,-0.00000014,0.00000486,0.00001327,0.00012738
,-0.00008906,-0.00003621,-0.00002193,-0.00008531,-0.00004867,0.01575772,-0.00201
476,-0.04183777,-0.00715100,0.00019772,-0.00635607,-0.00001947,0.00000337,0.0000
5853,0.00004081,-0.00000410,0.00001803,-0.00001856,0.00003900,0.00001063,0.00004
598,0.00004691,-0.00001637,-0.00005357,-0.00007495,-0.00000633,-0.00005888,0.000
01598,-0.00001140,0.01165441,-0.00007596,-0.00026552,-0.02100327,0.00737456,0.04
974051,-0.00027091,-0.00274047,0.00024956,-0.00006700,-0.00007142,-0.00011696,-0
.00239606,-0.00057407,-0.00097047,-0.06358150,-0.04075022,-0.05750381,-0.0000208
0,-0.00034982,-0.00002519,0.00076450,-0.00091636,-0.00087904,-0.00072350,-0.0000
2808,0.00101552,-0.00001982,-0.00023759,-0.00005750,0.00011421,0.00004567,-0.000
00918,-0.00684992,0.00235815,-0.01520360,0.00078325,0.00001602,0.00015797,-0.000
56984,0.00044219,0.00055591,-0.00068651,-0.00001599,0.00033316,0.00059775,-0.001
63016,0.00102782,0.00010197,0.00005084,0.00037687,0.00001942,-0.00016913,0.00023
321,-0.00013477,-0.00027757,0.00035285,-0.00034178,-0.00006458,-0.00030808,0.000
27094,0.00119026,-0.00095576,0.00016933,0.00002436,-0.00000025,0.00010768,0.0002
1039,0.00006049,-0.00132803,0.00133410,0.00031259,0.00171376,0.00028986,-0.00035
779,-0.00047370,0.00001172,-0.00040868,0.00009316,-0.00026896,-0.00001433,-0.000
30914,0.00032489,-0.00036606,0.00010598,0.00002499,-0.00020286,-0.00001231,0.000
32211,0.00014999,0.00002807,0.00000801,0.00001662,0.08160380,-0.00434293,0.00108
320,0.00016176,-0.00043094,-0.00004544,-0.00003223,-0.00065441,-0.00027559,0.000
03017,-0.04264197,-0.09425204,-0.09818344,0.00025690,0.00021820,0.00042092,-0.00
236620,-0.00438687,-0.00338992,-0.00001231,0.00012513,0.00032248,0.00018442,0.00
063508,-0.00001663,0.00010722,0.00003784,-0.00007164,0.01160825,0.00268731,0.018
25580,-0.00118281,-0.00017447,-0.00013295,0.00047011,-0.00132093,-0.00109853,0.0
0074948,0.00019990,-0.00066412,0.00209316,0.00003740,0.00109957,-0.00027176,-0.0
0028074,-0.00044813,0.00014515,0.00025568,-0.00056643,-0.00010491,-0.00071911,0.
00047710,-0.00000870,0.00048499,-0.00000877,-0.00139513,-0.00088809,0.00085209,0
.00006352,-0.00006138,0.00004120,0.00014876,-0.00007117,-0.00000198,0.00203111,-
0.00076765,-0.00104274,0.00352469,-0.00481600,-0.00178441,0.00010588,0.00034468,
0.00135284,0.00018057,0.00058694,-0.00027498,-0.00047308,-0.00001212,0.00111437,
-0.00038749,-0.00000481,0.00020244,-0.00005049,-0.00034929,-0.00010536,0.0000106
5,0.00001580,-0.00001860,0.05128162,0.12773394,0.00204662,-0.00193899,-0.0028068
6,0.00012460,0.00002985,-0.00000801,-0.00145412,0.00006376,0.00064410,-0.0633532
5,-0.10037617,-0.19601973,-0.00000676,0.00016447,-0.00000482,-0.00099263,-0.0031
5468,-0.00012137,0.00085107,-0.00002898,-0.00051683,0.00014659,0.00012289,-0.000
08040,0.00000621,-0.00001462,0.00001501,-0.01497515,-0.00180780,-0.02335099,-0.0
0018139,-0.00010985,-0.00000447,-0.00128701,0.00085123,0.00032717,-0.00066497,0.
00032613,-0.00011234,-0.00013800,-0.00017950,-0.00029149,0.00013745,0.00022965,0
.00016981,-0.00010463,-0.00009201,0.00003544,0.00076718,0.00085900,-0.00018810,-
0.00020642,0.00025036,-0.00010819,0.00092984,0.00176876,-0.00237284,0.00009969,-
0.00002406,-0.00000402,-0.00012397,-0.00003578,-0.00011605,0.00182614,-0.0018185
9,-0.00097782,0.00140555,-0.00396062,-0.00104869,-0.00054774,0.00013215,0.000384
49,0.00017881,0.00020608,-0.00016446,0.00019294,0.00008004,0.00009906,-0.0000410
5,-0.00002740,0.00010405,0.00007757,-0.00013033,0.00002514,0.00001653,0.00000542
,-0.00000882,0.07361843,0.11131163,0.23399392,0.00009910,-0.00034839,-0.00008408
,0.00038340,0.00010833,-0.00019897,-0.00141430,-0.00106513,0.00160953,-0.1429320
5,0.08408329,0.05913537,-0.00000241,-0.00006125,-0.00003803,0.00011064,0.0001219
9,0.00006835,-0.00009013,0.00004210,0.00000901,0.00025633,-0.00052446,-0.0000172
9,-0.00012020,-0.00006376,0.00010368,-0.00834143,0.01099598,0.00149027,0.0001474
3,0.00006282,-0.00003283,-0.00014627,0.00017722,-0.00023674,-0.00015326,0.000241
00,-0.00015890,-0.00010642,-0.00008579,0.00042319,0.00009460,0.00000019,0.000086
41,-0.00003481,-0.00008570,0.00002765,0.00004139,0.00014742,0.00013547,-0.000160
14,0.00006947,0.00004883,-0.00056989,0.00042148,-0.00001520,0.00016906,0.0000993
1,-0.00003578,-0.00014212,0.00008585,-0.00017306,-0.00001899,-0.00025461,-0.0003
0568,-0.00005422,-0.00026547,-0.00028596,-0.00018211,-0.00000214,-0.00007549,0.0
0013368,-0.00021343,0.00009417,0.00004518,0.00010955,-0.00019748,0.00009815,-0.0
0004843,-0.00008437,-0.00045608,0.00066107,-0.00019842,-0.00001533,-0.00001596,0
.00000331,0.00616604,-0.00275336,-0.00234650,0.18156296,0.00135135,-0.00232028,0
.00187662,-0.00038776,-0.00012423,0.00003369,-0.00011829,-0.00077709,0.00013192,
0.08130269,-0.10681671,-0.05061694,0.00007237,0.00010561,0.00004086,0.00021478,-
0.00012980,-0.00012514,-0.00003745,-0.00018123,0.00011950,-0.00043697,-0.0001179
5,0.00000647,0.00011383,0.00008238,-0.00009114,0.01646941,-0.01431947,-0.0037775
2,0.00021552,0.00009460,0.00002996,0.00013785,-0.00030657,0.00015590,0.00020689,
-0.00022020,-0.00000293,0.00016079,0.00027911,0.00046481,-0.00018335,-0.00004930
,0.00000663,0.00000594,0.00013166,-0.00008728,-0.00004805,-0.00047403,-0.0003173
1,-0.00029449,-0.00001692,-0.00009495,0.00054551,-0.00103846,-0.00059990,-0.0000
4445,-0.00002073,0.00001797,0.00028868,0.00016218,0.00001988,-0.00042322,0.00007
451,0.00015724,0.00062601,-0.00000114,-0.00025754,0.00034693,0.00017211,0.000244
84,-0.00020969,-0.00020671,-0.00063994,-0.00023889,0.00003537,0.00046198,-0.0001
2101,0.00003131,0.00003048,-0.00008879,0.00040171,-0.00010802,0.00000896,0.00001
296,-0.00000213,0.01094143,-0.00857698,-0.00955335,-0.09493686,0.12390246,-0.001
29304,0.00111327,-0.00041808,-0.00009097,-0.00003023,0.00009196,-0.00001550,0.00
052367,-0.00019810,0.05881988,-0.04855042,-0.07901727,0.00000630,0.00001248,-0.0
0000034,0.00026519,-0.00008556,-0.00001002,-0.00000142,-0.00009470,0.00014912,0.
00010003,0.00041500,-0.00002886,0.00005965,0.00001963,-0.00004522,-0.01191587,0.
00944972,0.00827637,-0.00022145,-0.00010457,0.00001325,-0.00027168,0.00013433,-0
.00018867,0.00005705,0.00010442,-0.00012767,-0.00013479,0.00018382,0.00001044,0.
00000765,0.00016068,0.00004343,-0.00007594,0.00002118,-0.00001581,0.00004350,-0.
00010405,0.00010849,0.00028119,0.00015553,-0.00001680,-0.00115281,0.00117764,-0.
00072480,-0.00002286,-0.00005130,0.00002658,-0.00002428,-0.00005898,0.00003547,0
.00025401,-0.00043180,-0.00001322,0.00043347,-0.00087685,-0.00016513,-0.00014159
,0.00020215,-0.00006017,0.00015551,0.00021698,0.00003258,-0.00008958,0.00001465,
-0.00002799,-0.00004788,0.00000876,0.00002075,0.00009684,-0.00028712,0.00002256,
0.00002254,0.00001088,-0.00001014,0.01686171,-0.01585514,-0.01249757,-0.07497733
,0.05474848,0.08881898,-0.00294151,-0.00081249,-0.00050559,0.00031924,0.00002683
,0.00013036,0.00003159,-0.00056751,0.00001838,0.00000076,-0.00033482,0.00001534,
-0.00044844,-0.00007892,-0.00002707,-0.00007430,0.00126814,0.00005536,0.00041253
,-0.00044609,0.00011281,-0.00071545,-0.00184848,-0.00015587,-0.00007110,0.000004
12,-0.00002895,-0.00026596,-0.00048660,-0.00022211,-0.00217790,-0.00011505,-0.00
099695,0.00021004,0.00027516,0.00003292,-0.00002632,0.00070837,-0.00012203,0.000
04031,0.00028058,-0.00029223,0.00021082,-0.00008185,-0.00039089,-0.00048186,-0.0
0008517,0.00074682,0.00020878,0.00010147,-0.00023589,0.00151589,-0.00059601,0.00
025411,0.00002334,-0.00053607,-0.00014239,-0.00002813,0.00004561,-0.00008901,-0.
00020508,-0.00008031,-0.00001331,-0.00089197,-0.00209202,0.00060348,-0.00514904,
0.00182352,0.00049267,-0.01384225,0.01845345,-0.01061476,-0.13871348,0.11678693,
-0.08718993,0.00737595,-0.00593318,0.00358651,0.00027054,-0.00008395,0.00022959,
-0.00013373,0.00070013,0.00001671,-0.00002774,-0.00001253,0.00000643,0.00003397,
-0.00038180,0.00000498,0.00003851,-0.00011815,-0.00000047,0.15679757,0.00115527,
-0.00408190,0.00433270,0.00029826,-0.00003793,0.00019634,0.00053744,-0.00016779,
-0.00017293,-0.00041807,0.00063707,0.00000441,-0.00007315,-0.00027405,-0.0008716
3,-0.00047143,0.00029197,-0.00004627,0.00085526,-0.00020805,-0.00020741,-0.00174
449,-0.00196919,-0.00016921,-0.00005957,0.00005357,-0.00015021,-0.00039220,0.000
06650,-0.00043638,-0.00003989,0.00024604,-0.00006449,0.00036193,0.00002463,0.000
69825,-0.00012831,-0.00022257,0.00042413,-0.00064585,0.00023658,0.00044518,0.000
03446,-0.00015283,-0.00040285,0.00006108,0.00007560,0.00018755,-0.00035625,0.000
14293,0.00019159,0.00114909,-0.00167414,-0.00004918,0.00039928,0.00063763,0.0012
2471,-0.00003726,0.00015912,-0.00017580,-0.00007867,0.00006103,-0.00007686,-0.00
083195,-0.00274041,0.00170748,-0.00094048,0.00095421,0.00086212,0.00031769,0.001
31677,-0.00222173,0.11666219,-0.16271402,0.10579628,0.01077509,-0.01450483,0.006
68583,-0.00006513,-0.00037741,-0.00017589,0.00032503,0.00110702,0.00016732,-0.00
000275,0.00000185,0.00000966,-0.00035036,0.00047788,0.00015270,-0.00007339,0.000
06949,0.00000949,-0.12610338,0.18119121,0.00232757,-0.00432892,0.00070420,-0.000
01773,0.00004398,0.00000879,0.00016037,0.00068920,0.00016546,-0.00047935,0.00056
390,-0.00017612,-0.00004145,-0.00088431,-0.00051211,-0.00009374,0.00037510,0.000
27682,-0.00047660,0.00076698,0.00046011,-0.00080258,-0.00047761,0.00035747,0.000
05879,0.00001101,-0.00002911,-0.00030277,0.00047230,-0.00070916,-0.00023276,-0.0
0082964,-0.00116600,0.00046797,0.00004341,0.00049873,0.00003583,-0.00066402,0.00
029034,-0.00069898,0.00002020,0.00069868,-0.00008786,-0.00053831,-0.00050691,0.0
0074753,-0.00006196,-0.00027995,-0.00038792,0.00004293,0.00011968,0.00040972,0.0
0018329,0.00058577,0.00058959,0.00071188,0.00094498,0.00004545,0.00000750,0.0000
2578,0.00003703,0.00007736,-0.00003865,-0.00131298,0.00494921,-0.00010872,-0.000
55015,0.00348522,0.00062102,0.00135317,-0.00217432,-0.00125386,-0.08730566,0.108
60770,-0.09998211,-0.00857607,0.00619953,-0.00677278,0.00023679,-0.00038781,-0.0
0074720,0.00021304,0.00022763,-0.00002153,0.00002077,0.00000258,0.00000286,-0.00
011089,0.00042974,-0.00004672,-0.00003440,0.00008733,-0.00001567,0.09426722,-0.1
1795891,0.10659727,0.00149324,0.00044189,-0.00026883,-0.00169112,0.00058477,-0.0
0177319,-0.04169125,0.00213531,0.00106733,-0.14524807,-0.04509497,0.02512105,-0.
00001311,0.00001020,-0.00004648,0.00017830,-0.00001847,-0.00008779,-0.00008267,0
.00029126,0.00002450,-0.00343345,-0.00672978,-0.00017026,0.00031348,-0.00010573,
0.00055014,0.00654626,-0.00095736,0.00238325,0.00329867,0.00130955,-0.00001579,0
.00027912,-0.00023888,0.00023870,-0.00038621,-0.00002472,0.00006706,-0.00011951,
0.00098395,0.00015721,-0.00004155,-0.00016089,0.00035107,-0.00000973,-0.00007089
,-0.00006058,0.00011276,0.00026583,0.00001389,-0.00278911,0.00152597,-0.00065016
,0.00243880,-0.00126649,-0.00314861,-0.00050358,0.00093616,0.00029617,0.00027303
,-0.00137921,0.00181654,-0.00005513,0.00075496,0.00036583,-0.00034437,-0.0004055
2,-0.00031025,0.00008676,0.00006908,0.00033944,-0.00015693,-0.00035325,0.0001929
4,0.00023374,-0.00013245,0.00009894,0.00011883,0.00002349,-0.00019790,0.00908078
,0.00977704,0.00003909,-0.00018134,-0.00036653,0.00049680,-0.01213073,-0.0099731
6,0.00063413,-0.03568316,-0.01314374,0.01534005,-0.00004392,-0.00025489,-0.00007
320,0.36833207,-0.00276260,0.00619975,-0.00022982,-0.00015077,-0.00061502,0.0013
0906,0.01512178,-0.02222112,0.00390935,-0.06993578,-0.10036542,0.02054657,0.0000
7419,0.00035820,0.00027129,0.00015916,-0.00006332,0.00025858,0.00006386,-0.00033
321,-0.00050038,0.00072815,0.00350129,-0.00001831,0.00014764,0.00016937,-0.00039
444,-0.01735336,-0.02546757,0.01514149,-0.00209098,-0.00090634,0.00009270,-0.000
49693,0.00013964,-0.00087016,-0.00003338,-0.00127677,-0.00051753,0.00204983,-0.0
0267901,0.00231522,-0.00007774,0.00013018,-0.00038813,0.00039166,0.00003047,-0.0
0028528,0.00033007,0.00003646,-0.00023492,0.00121695,-0.00175240,0.00009163,-0.0
0024283,0.00045191,0.00233560,0.00134531,-0.00089065,0.00005059,-0.00018005,0.00
177881,-0.00168563,0.00029474,-0.00194951,0.00011171,0.00050253,-0.00020708,0.00
050962,0.00022116,0.00024072,-0.00025733,-0.00014378,0.00084758,0.00047549,-0.00
056816,0.00033355,-0.00034317,-0.00007588,0.00004764,0.00026212,-0.00542766,0.00
445328,-0.00097521,0.00033186,0.00054344,-0.00044787,-0.01686585,-0.01406956,0.0
0133279,0.00298754,0.00753738,-0.00198332,-0.00001168,0.00032077,0.00027939,0.07
703723,0.44897782,0.00058955,-0.00133469,-0.00171637,0.00035310,0.00042636,-0.00
075763,0.00522579,0.00029310,-0.02154282,0.02963610,0.01617228,-0.08353105,0.000
00225,-0.00001386,-0.00007091,0.00017149,0.00000135,-0.00004290,-0.00026000,-0.0
0021249,-0.00075398,-0.00075778,-0.00120362,0.00052406,-0.00010751,0.00002345,0.
00030581,0.01668439,0.02233594,-0.01013499,0.00066767,0.00022825,0.00041701,0.00
035118,0.00062671,-0.00022484,0.00000309,0.00163199,0.00052088,-0.00127135,0.002
48740,-0.00223557,-0.00003445,-0.00014900,0.00002032,-0.00032436,0.00014867,0.00
005442,-0.00000422,0.00009492,-0.00003403,-0.00056579,0.00007283,0.00011773,-0.0
0105438,0.00099321,-0.00093945,-0.00086967,0.00029051,0.00027038,0.00099242,-0.0
0179009,0.00163356,-0.00022891,-0.00075001,-0.00013811,-0.00013595,-0.00032316,-
0.00062955,-0.00016974,0.00014624,0.00005263,0.00025167,0.00001808,0.00006581,-0
.00007647,0.00010223,0.00015377,0.00014035,0.00000125,-0.00002586,0.00095483,0.0
0099004,0.00690670,-0.00006937,-0.00020715,0.00021136,-0.01809063,-0.01289239,0.
00413886,0.01549898,0.00619547,-0.00524968,0.00003825,-0.00003297,-0.00002796,0.
00495103,-0.02400266,0.49932600,-0.00005676,-0.00010082,-0.00033525,0.00011640,0
.00054470,-0.00002526,0.00101217,0.00179957,-0.00449022,0.00082011,-0.01306087,0
.02216096,0.00001321,0.00002141,0.00001918,-0.00000334,-0.00001322,0.00000043,0.
00051372,0.00029872,0.00003596,-0.00041202,-0.00029519,0.00007633,-0.00005737,-0
.00017474,0.00017384,-0.00226977,-0.00203809,0.00197615,0.00038238,-0.00000326,0
.00002825,0.00015162,0.00004434,-0.00002628,-0.00003205,-0.00033402,-0.00014858,
0.00043277,-0.00047404,0.00076043,-0.00001846,-0.00004996,0.00001357,0.00007768,
-0.00007316,-0.00007730,-0.00000584,-0.00001810,-0.00000731,-0.00023044,0.000149
66,0.00004296,-0.00063251,0.00012350,-0.00032572,-0.00029639,0.00002056,-0.00000
366,-0.00214273,0.00012450,0.00020908,-0.00045420,0.00073278,0.00033503,-0.00020
462,0.00013196,-0.00007914,0.00001553,0.00004347,-0.00003310,-0.00002320,-0.0000
5784,-0.00012809,0.00009098,0.00022531,-0.00004729,-0.00000462,0.00002078,-0.000
00593,-0.00035828,0.00020682,0.00089125,-0.00000689,-0.00004483,0.00003359,0.000
72379,-0.00036095,0.00215081,-0.00072470,-0.00083480,0.00081850,-0.00001120,-0.0
0000744,-0.00002783,-0.07351106,0.01006380,-0.03687507,0.51213429,-0.00015004,0.
00207254,-0.00049577,-0.00015874,0.00016663,-0.00050170,-0.00107442,-0.00103253,
0.00317826,-0.00015511,-0.01282315,0.01766741,0.00001457,0.00003442,-0.00000055,
-0.00006012,-0.00010099,0.00010933,0.00103584,-0.00311403,-0.00018833,0.00018270
,-0.00001735,-0.00008326,0.00023556,-0.00000112,0.00005863,-0.00348802,-0.003199
28,0.00177956,-0.00022877,0.00003795,-0.00003648,-0.00009820,-0.00004898,-0.0000
4565,-0.00003633,-0.00029630,-0.00013561,0.00044789,-0.00062153,0.00054186,-0.00
000890,0.00004849,-0.00003457,0.00007544,-0.00001887,0.00000088,0.00008094,-0.00
000729,-0.00000907,-0.00001362,-0.00022398,-0.00002251,0.00009462,-0.00021275,0.
00028728,0.00024073,0.00006527,0.00005188,0.00115680,-0.00061981,0.00036215,0.00
047465,0.00077067,-0.00076750,0.00008643,-0.00005541,0.00024864,-0.00001816,-0.0
0002771,0.00002231,0.00001316,0.00002547,0.00008218,-0.00015683,-0.00037920,0.00
019489,0.00001896,-0.00002027,0.00002855,0.00049794,0.00002970,-0.00055361,0.000
01924,0.00003178,0.00002215,0.00019117,-0.00032837,0.00252722,0.00050879,0.00051
976,-0.00050828,-0.00001589,0.00002103,-0.00001075,0.00598266,-0.09705350,0.0629
3827,0.03402437,0.49727598,-0.00060113,-0.00022346,-0.00028661,-0.00044765,-0.00
058106,0.00109213,0.00065813,-0.00032378,-0.00000174,0.00169019,0.01048428,-0.01
577426,0.00000754,-0.00000934,0.00004228,-0.00016794,-0.00008582,0.00007542,0.00
094413,-0.00136211,-0.00011891,-0.00038540,0.00084023,0.00012131,-0.00003116,0.0
0014913,-0.00043391,0.00135530,0.00050677,-0.00023478,-0.00002258,-0.00023621,-0
.00002429,-0.00007700,0.00010535,0.00007162,0.00003350,0.00025342,0.00007552,-0.
00016904,0.00016255,-0.00023125,0.00000550,0.00002553,-0.00002255,-0.00004282,-0
.00000633,-0.00002264,-0.00004384,0.00000632,0.00000086,0.00031766,0.00053569,0.
00024350,0.00043788,0.00012277,-0.00004198,-0.00016413,-0.00024303,0.00000782,0.
00046316,0.00072029,-0.00047945,-0.00022423,0.00099069,-0.00042115,-0.00018445,-
0.00017120,-0.00018797,0.00004850,-0.00025681,-0.00003145,0.00001680,-0.00005355
,-0.00008107,0.00012339,-0.00013817,-0.00031431,-0.00004284,0.00000205,0.0000428
4,0.00006641,-0.00043996,-0.00004275,0.00002191,0.00005359,-0.00007463,-0.001404
94,-0.00149898,0.00132245,-0.00009814,-0.00005279,0.00051479,-0.00004343,0.00002
132,0.00000601,-0.01821318,0.04889561,-0.17276334,-0.01478266,0.03580243,0.47671
483,0.00015967,-0.00036662,-0.00006297,-0.00041701,0.00016864,0.00010041,-0.0024
1967,0.00649627,0.00301385,-0.01215204,-0.02198300,-0.01588243,-0.00000528,0.000
01814,-0.00001055,0.00000692,-0.00006692,-0.00001602,0.00005588,-0.00002497,-0.0
0001403,-0.00015982,0.00010452,-0.00000627,0.00014668,-0.00006790,-0.00005176,-0
.00022549,0.00029243,-0.00038100,0.00003221,-0.00017624,-0.00002184,0.00009957,0
.00020899,0.00009447,-0.00004617,0.00003469,0.00002639,0.00019510,-0.00011829,0.
00034924,0.00001338,-0.00003122,0.00007149,-0.00000619,-0.00005354,-0.00002735,-
0.00001761,-0.00004241,-0.00003716,-0.00015345,-0.00017548,0.00015173,-0.0000095
1,0.00151766,-0.00063643,-0.00024025,-0.00000552,0.00009634,0.00001325,-0.000257
91,-0.00005142,0.00000042,-0.00001789,-0.00016432,-0.00005644,-0.00039082,-0.000
24145,-0.00004326,-0.00000957,0.00000867,-0.00003496,-0.00023041,-0.00002732,0.0
0013079,0.00029326,0.00007669,0.00002666,-0.00000170,-0.00006751,-0.00040021,0.0
0005279,-0.00067032,-0.00001129,0.00001299,0.00008439,-0.00390347,-0.00433418,0.
00025357,0.00128784,-0.00279847,-0.00195744,-0.00001240,-0.00006993,-0.00002989,
-0.06204336,-0.00647995,0.00187330,-0.00298376,-0.00250704,-0.00860268,0.4962940
3,-0.00011029,-0.00015553,-0.00001179,0.00105842,0.00043880,-0.00028889,0.002103
04,-0.00313822,-0.00189473,-0.00804534,-0.02021433,-0.01387099,0.00002777,0.0000
3475,-0.00002680,0.00012600,-0.00007580,0.00002532,0.00000355,-0.00011492,-0.000
17520,0.00026107,-0.00120851,0.00000030,-0.00039736,-0.00020734,0.00031629,0.000
80407,0.00060344,-0.00037946,0.00031971,0.00034937,-0.00005645,-0.00013879,-0.00
012744,-0.00017844,0.00001222,-0.00020683,-0.00010215,0.00021589,0.00031174,-0.0
0001380,0.00003727,-0.00011051,-0.00006806,0.00000279,-0.00001124,0.00000705,0.0
0006330,0.00001682,-0.00002030,-0.00021992,0.00011253,-0.00006207,0.00005469,-0.
00292750,0.00091864,0.00013030,0.00029842,-0.00010681,-0.00036173,-0.00013016,-0
.00097841,-0.00005500,0.00019522,0.00028048,-0.00001927,0.00010121,0.00017221,-0
.00011742,0.00008702,-0.00000170,0.00008936,0.00012312,0.00013533,-0.00014410,-0
.00018414,-0.00015671,-0.00004816,-0.00003874,0.00002968,-0.00015758,0.00072183,
0.00038976,-0.00006994,-0.00009705,0.00006841,-0.00263302,-0.00260023,0.00065782
,0.00161252,0.00245722,-0.00010907,0.00000877,0.00005801,-0.00000440,-0.02644194
,-0.14161247,-0.06976456,0.00273842,0.00413096,0.00645460,0.02088438,0.45996339,
-0.00049983,-0.00001758,0.00001122,0.00095313,0.00026304,-0.00042521,0.00021099,
-0.00076354,0.00136393,-0.00047628,0.00174727,0.00414549,-0.00000393,-0.00000650
,-0.00007509,0.00001162,-0.00001341,-0.00004860,-0.00010510,0.00000417,-0.000177
41,0.00028089,-0.00078925,0.00005951,-0.00036799,-0.00010934,0.00026336,0.000909
12,0.00092729,-0.00019878,0.00001393,0.00025477,-0.00008363,-0.00019854,0.000143
91,0.00004728,0.00010610,0.00036473,0.00001343,0.00017882,-0.00000920,-0.0001147
2,-0.00000656,0.00008071,0.00000937,-0.00002572,0.00003715,0.00003376,-0.0000043
4,0.00005310,0.00001688,-0.00006841,0.00015348,0.00019542,-0.00006617,-0.0013336
7,-0.00006857,-0.00001360,0.00018912,-0.00006023,-0.00042259,0.00017298,-0.00035
862,0.00017400,0.00028179,-0.00000118,-0.00024834,0.00000103,0.00023799,-0.00005
146,-0.00016365,-0.00007539,-0.00007077,0.00002722,0.00005692,0.00014230,-0.0002
1608,-0.00026042,-0.00003765,-0.00003132,-0.00002560,-0.00034816,0.00045093,-0.0
0014212,-0.00005807,-0.00006608,0.00009570,0.00131529,0.00091421,0.00018238,0.00
091867,0.00119543,0.00040821,0.00000241,0.00001173,-0.00004630,-0.01424841,-0.05
885832,-0.13163273,-0.00817440,-0.02101919,-0.03274208,-0.00116769,-0.05191148,0
.50049898,0.00031724,-0.00029006,0.00009904,0.00069992,0.00016188,-0.00001604,0.
00058701,0.00039721,-0.00067238,0.00064641,-0.00048326,0.00028309,0.00000298,-0.
00000764,-0.00002694,0.00005219,0.00003254,-0.00002349,-0.00031297,0.00017701,-0
.00003561,0.00023644,-0.00050359,0.00004676,-0.00039539,-0.00019417,0.00019364,0
.00017295,0.00019529,-0.00001094,0.00006240,0.00009620,-0.00003830,0.00002659,-0
.00002040,0.00005023,-0.00004207,-0.00002465,0.00001611,-0.00003114,-0.00000868,
0.00001096,0.00002802,-0.00002208,0.00003240,-0.00000505,-0.00000584,0.00002137,
0.00000841,0.00002464,0.00000419,-0.00006749,-0.00005314,0.00003146,-0.00000207,
-0.00012824,-0.00002072,-0.00007211,0.00011007,-0.00007001,-0.00040539,-0.000002
36,-0.00016856,0.00006067,-0.00013173,-0.00007504,-0.00005042,-0.00000709,-0.000
00302,-0.00001744,-0.00002726,-0.00001758,-0.00000790,-0.00009169,0.00001605,0.0
0000854,-0.00009762,0.00004706,0.00004063,-0.00004143,-0.00003946,-0.00022351,0.
00023397,0.00012913,-0.00005217,-0.00003457,-0.00000730,-0.00010798,0.00001712,-
0.00010716,0.00031075,0.00018300,-0.00027922,0.00001472,-0.00003399,-0.00001672,
-0.00769091,0.01209823,-0.01153624,-0.13595412,0.10064132,0.02194397,0.00088193,
0.00007289,0.00080494,0.15708105,-0.00045593,0.00034498,0.00004454,-0.00044638,-
0.00023704,0.00023690,-0.00084098,-0.00020084,0.00079809,0.00087222,0.00052316,-
0.00061479,-0.00000005,0.00001682,0.00002632,0.00001263,-0.00006646,0.00000428,-
0.00010057,-0.00016646,0.00017744,-0.00022365,0.00062568,-0.00001209,0.00014535,
0.00011520,-0.00019787,-0.00025387,-0.00016242,0.00002717,-0.00011392,-0.0001398
2,0.00003318,-0.00004052,0.00010113,-0.00002774,0.00003484,0.00000575,-0.0000348
6,-0.00000966,-0.00000568,-0.00005206,-0.00002940,0.00003632,-0.00001828,-0.0000
2126,0.00001459,-0.00001386,-0.00000101,-0.00005659,-0.00001869,0.00012880,0.000
02110,-0.00002430,0.00015310,0.00014444,0.00008231,0.00001881,-0.00013228,0.0000
2721,0.00006447,0.00041899,-0.00009073,0.00036934,-0.00011290,-0.00019077,0.0001
4126,-0.00005322,0.00005741,0.00002164,0.00003545,-0.00002991,0.00001272,0.00009
313,-0.00001827,-0.00013226,-0.00007580,0.00007450,-0.00006923,0.00002540,0.0000
4645,0.00019092,-0.00033234,-0.00020769,0.00004270,0.00004506,-0.00004018,0.0002
1027,-0.00029793,-0.00014229,-0.00038742,0.00020653,0.00042816,-0.00001789,0.000
00779,0.00000371,0.01671877,-0.01999848,0.01315281,0.10109750,-0.15860481,-0.023
10395,-0.00211993,0.00183092,-0.00162752,-0.12588118,0.18974469,0.00019801,-0.00
011890,-0.00010685,-0.00037220,0.00003551,-0.00021015,0.00074246,0.00043827,-0.0
0173021,-0.00116719,0.00008608,0.00062475,0.00000272,-0.00002450,0.00000308,0.00
006134,0.00000626,-0.00000863,-0.00013844,0.00009380,0.00022110,-0.00007045,-0.0
0026725,-0.00003461,0.00023011,0.00005396,-0.00003135,0.00036377,0.00032863,-0.0
0020125,0.00014849,0.00005153,0.00005181,0.00001961,-0.00003439,-0.00000944,-0.0
0002343,-0.00002768,0.00002928,-0.00000023,0.00004189,-0.00002212,0.00000267,-0.
00002361,0.00001515,-0.00000435,-0.00001181,0.00000694,-0.00001117,0.00000200,-0
.00000051,-0.00013499,0.00001072,-0.00010572,-0.00015288,0.00002980,0.00002089,0
.00001871,0.00007184,0.00006178,0.00050546,-0.00032447,0.00033214,0.00014169,-0.
00008642,-0.00012579,0.00012658,0.00000321,-0.00000203,-0.00001655,0.00005521,0.
00006758,0.00003733,0.00002978,0.00005185,-0.00009818,-0.00009407,0.00015029,-0.
00004525,0.00001545,-0.00000654,-0.00025330,0.00017472,0.00035002,-0.00000550,-0
.00004053,0.00005045,0.00013243,-0.00008132,-0.00016979,-0.00007130,-0.00030110,
0.00005619,-0.00000960,-0.00001597,0.00001426,-0.02189793,0.02416819,-0.00786590
,0.01814966,-0.02095339,-0.04668108,-0.00219662,0.00349614,0.00119741,-0.0155794
0,0.01815711,0.05806143,-0.00021436,-0.00047757,0.00018976,-0.00039595,-0.000212
34,-0.00017538,-0.00072778,-0.00007956,-0.00098403,0.00077324,-0.00002383,0.0020
8379,-0.00000291,-0.00005595,0.00004410,-0.00007586,-0.00015142,0.00004011,-0.00
050245,0.00284056,0.00084886,-0.00007203,-0.00007928,-0.00005939,0.00021331,0.00
011878,-0.00002135,0.00001408,0.00007704,0.00015334,0.00012463,-0.00000285,0.000
05477,-0.00004368,-0.00003571,0.00000766,-0.00007816,-0.00006535,0.00001946,0.00
001358,-0.00010261,-0.00001526,0.00000493,0.00000690,0.00006896,-0.00003099,0.00
000898,0.00001590,-0.00002110,-0.00004414,0.00004608,-0.00012607,0.00007194,-0.0
0020700,0.00005032,0.00024051,0.00003847,0.00009020,-0.00004007,0.00003772,0.000
41523,0.00033741,0.00041165,0.00019848,0.00076850,-0.00036554,0.00044924,-0.0001
0833,-0.00008412,-0.00009708,-0.00003762,0.00008781,0.00001436,0.00001853,0.0000
3759,-0.00025386,0.00003017,0.00011783,-0.00012289,0.00004179,-0.00000409,-0.000
01525,0.00012957,0.00004116,0.00001848,0.00000359,0.00002121,0.00034881,-0.00069
614,0.00077501,-0.00018487,0.00012647,0.00009497,-0.00003442,-0.00008630,-0.0000
0568,-0.00371733,-0.00506278,-0.00703842,-0.07705822,-0.06182137,-0.05731975,0.0
0003573,0.00087423,-0.00132564,0.00703049,0.01561382,0.01228239,0.08596977,-0.00
049829,0.00155068,-0.00137126,-0.00007758,-0.00003290,-0.00007141,0.00005275,-0.
00006797,0.00019743,0.00069165,0.00065530,0.00231606,0.00001640,0.00011790,0.000
00222,-0.00025043,-0.00015730,0.00012161,0.00269662,-0.00277265,-0.00125062,0.00
009081,-0.00003745,-0.00000636,0.00005093,0.00002707,0.00004221,0.00025520,0.000
00537,-0.00012198,-0.00022993,-0.00002660,-0.00005973,0.00003909,0.00021005,-0.0
0008097,-0.00027219,0.00009258,-0.00014961,0.00015402,0.00001085,-0.00016112,0.0
0002468,0.00008154,0.00000181,-0.00007624,0.00003752,-0.00001718,0.00013083,0.00
001421,-0.00003206,0.00004115,0.00010231,-0.00002860,-0.00002356,-0.00017718,-0.
00011207,0.00000279,-0.00001220,0.00001791,0.00001763,-0.00002058,0.00021909,0.0
0068184,-0.00270811,0.00002947,0.00002422,-0.00045960,0.00019788,-0.00002811,0.0
0012379,0.00020914,0.00001715,0.00021210,0.00007422,0.00016794,-0.00012472,0.000
23640,-0.00003409,0.00000032,0.00006176,0.00001193,0.00004730,-0.00005403,-0.000
00489,0.00000044,0.00001511,-0.00076615,-0.00034335,0.00150197,-0.00005981,-0.00
022069,-0.00020925,-0.00002380,0.00007598,-0.00005832,0.00329007,0.00709653,0.00
577206,-0.06216126,-0.15479833,-0.10451401,-0.00006514,0.00004310,0.00112878,-0.
00719464,-0.02092613,-0.01601823,0.06988960,0.18099944,0.00066134,-0.00108739,0.
00042717,-0.00036409,-0.00004342,-0.00003441,-0.00113491,0.00008562,-0.00082478,
-0.00107458,-0.00165249,0.00001213,-0.00001469,-0.00006613,-0.00001288,0.0001614
2,0.00020033,0.00004038,0.00000598,-0.00025085,0.00145289,-0.00005685,-0.0001766
9,-0.00003286,0.00021399,0.00006943,-0.00009294,-0.00030871,-0.00022233,0.000240
67,0.00021671,-0.00001694,0.00003403,0.00009724,-0.00012337,0.00005892,-0.000041
81,-0.00019517,0.00009041,-0.00005695,0.00003376,0.00009796,0.00004751,-0.000054
82,0.00005582,0.00001828,-0.00006254,0.00005489,0.00000231,0.00005801,-0.0000012
2,-0.00019041,0.00001405,-0.00008629,-0.00007800,0.00032052,0.00016436,0.0001147
8,-0.00000912,0.00002505,0.00031273,0.00000686,0.00005872,0.00005380,-0.00085290
,-0.00024197,0.00007533,0.00019644,-0.00016934,-0.00006982,0.00000585,-0.0000045
1,0.00007089,-0.00017128,0.00007127,-0.00008568,0.00015336,-0.00002715,0.0000487
6,-0.00000699,-0.00003125,0.00002947,0.00018429,0.00015485,0.00002817,0.00000505
,0.00000804,0.00114337,0.00167889,-0.00083712,-0.00005660,-0.00003397,-0.0000285
4,0.00002614,-0.00006973,-0.00000211,-0.01111207,-0.01763010,-0.02586116,-0.0547
6590,-0.09955717,-0.13367640,-0.00174445,0.00286081,-0.00689262,-0.00120712,-0.0
0745206,-0.00311349,0.06645672,0.11881209,0.16322610,-0.00026208,-0.00002589,-0.
00001991,-0.00160860,-0.00000456,0.00001071,0.00212992,-0.00005123,-0.00025333,0
.00067025,-0.00008975,-0.00056893,0.00000428,0.00002957,0.00001322,0.00001266,0.
00004034,-0.00000560,-0.00000206,-0.00039078,-0.00007792,0.00012370,0.00026663,-
0.00006541,0.00019781,-0.00013085,-0.00014384,0.00015287,0.00013142,-0.00000025,
-0.00011871,-0.00007684,0.00004869,0.00001199,-0.00005007,0.00000691,-0.00003377
,0.00003239,-0.00003989,-0.00002688,-0.00005026,-0.00008282,-0.00002840,-0.00000
084,0.00000867,-0.00000372,0.00002024,-0.00001727,0.00001406,-0.00000043,0.00000
141,-0.00001543,0.00002520,-0.00004784,-0.00008025,-0.00007122,0.00013913,0.0002
2001,0.00006310,0.00021699,-0.00032630,0.00020793,-0.00000382,-0.00000380,0.0000
0116,0.00017894,-0.00011481,0.00008226,0.00005414,0.00002423,0.00006138,-0.00000
339,-0.00003748,-0.00000023,-0.00003619,0.00005291,0.00003645,-0.00004833,0.0000
3718,0.00002572,0.00000253,-0.00010113,-0.00020129,0.00011652,-0.00001311,-0.000
02909,0.00003030,0.00003985,0.00017968,0.00024462,0.00048411,0.00015948,-0.00031
320,-0.00000074,0.00001070,-0.00000674,0.00445739,0.00000955,0.00003562,-0.22105
935,-0.07406715,0.07632935,0.00052462,0.00077223,-0.00024029,-0.02256328,-0.0046
4261,0.00794992,-0.01250529,-0.00649142,0.00273943,0.24991263,0.00067121,0.00074
190,-0.00029823,0.00220951,0.00033836,-0.00001221,0.00006384,-0.00083401,0.00162
990,-0.00031208,-0.00108684,0.00387611,0.00001204,0.00006287,-0.00002820,0.00009
535,0.00005294,0.00002137,-0.00050270,-0.00055350,-0.00019209,-0.00001437,-0.000
20648,0.00008994,-0.00083391,-0.00029684,0.00037692,-0.00070048,-0.00052320,0.00
025279,0.00011637,0.00018601,-0.00001225,0.00004675,-0.00005138,-0.00013534,0.00
000135,-0.00000811,-0.00008757,0.00012698,0.00003051,0.00014668,-0.00002362,0.00
001630,-0.00002464,0.00003412,0.00001644,-0.00000484,0.00008378,0.00005477,-0.00
002754,-0.00027510,-0.00040962,0.00001554,-0.00016974,-0.00020249,-0.00018361,-0
.00029528,0.00001382,-0.00028736,-0.00115915,0.00021778,-0.00066858,0.00002086,-
0.00014125,0.00027240,-0.00006463,0.00001296,0.00007427,0.00008112,0.00019515,-0
.00001660,-0.00004128,0.00004356,-0.00001151,-0.00000871,-0.00007988,0.00017779,
0.00007195,-0.00007398,0.00001383,-0.00001416,-0.00004934,0.00000196,-0.00006306
,0.00002758,-0.00006884,0.00024180,0.00030059,0.00027537,-0.00024744,-0.00024408
,0.00019041,0.00000699,0.00004862,-0.00000154,-0.01183016,-0.00853465,0.00973249
,-0.07090847,-0.07094128,0.02784720,-0.00003212,0.00043829,-0.00044641,0.0211725
6,0.00671294,-0.00837049,-0.02197362,-0.00946297,0.00561771,0.08451614,0.0839737
3,-0.00060193,-0.00069580,0.00022155,-0.00077860,0.00010865,0.00054349,-0.000132
88,0.00102014,-0.00042558,-0.00014364,0.00169220,-0.00507563,-0.00000200,-0.0000
2651,-0.00000346,0.00001563,0.00003928,-0.00004217,-0.00019989,-0.00007638,0.000
25736,0.00012080,0.00022683,0.00000032,0.00032799,0.00006674,-0.00038540,0.00106
018,0.00097928,-0.00037658,-0.00015285,-0.00024163,-0.00002055,0.00000468,0.0000
0297,0.00009146,-0.00002101,0.00001917,0.00006474,-0.00019294,0.00014162,-0.0002
4152,0.00002979,-0.00001337,0.00002456,-0.00003977,-0.00001244,0.00002200,-0.000
04546,-0.00002279,0.00000256,0.00031048,0.00045498,0.00001655,0.00017742,0.00015
604,0.00022175,0.00001397,0.00010618,0.00000288,0.00023342,-0.00051121,-0.000381
57,0.00016880,-0.00004841,-0.00018741,-0.00003362,0.00008197,-0.00003873,0.00000
327,-0.00004566,-0.00003462,0.00004895,-0.00001888,0.00001761,-0.00003733,0.0000
0924,-0.00019760,0.00002390,-0.00000174,0.00000308,-0.00005341,-0.00008276,-0.00
015221,0.00007439,-0.00003129,0.00000785,-0.00042554,-0.00028701,0.00004306,0.00
034433,0.00015802,0.00003981,0.00000990,-0.00003099,-0.00001189,0.02243687,0.015
32484,-0.01661534,0.07259585,0.02770543,-0.07354976,0.00068335,0.00082657,0.0000
9351,0.00691765,0.00041448,-0.00066247,-0.01632398,-0.00739153,0.00666753,-0.085
87756,-0.03936662,0.09063733,0.00073490,0.00000216,0.00018892,0.00064808,0.00012
863,-0.00021451,-0.00061130,0.00117784,0.00031319,0.00246746,-0.00119609,-0.0011
2713,0.00000319,-0.00001143,-0.00001172,0.00001939,0.00002159,-0.00000314,-0.000
05045,0.00006061,-0.00004995,0.00039093,-0.00044643,-0.00002854,-0.00024228,-0.0
0014218,0.00022455,-0.00014397,0.00004099,-0.00007325,-0.00003168,0.00012891,0.0
0000735,0.00008893,-0.00013110,0.00001969,-0.00008003,-0.00006128,-0.00000084,-0
.00005270,-0.00005814,0.00003422,0.00004469,-0.00001876,0.00005135,0.00001765,0.
00001069,0.00005555,0.00002179,0.00003782,0.00005202,-0.00008122,-0.00031847,-0.
00013442,-0.00015779,0.00015244,-0.00017685,0.00004862,0.00008843,-0.00009098,-0
.00038947,-0.00018795,0.00031965,-0.00014516,0.00001560,0.00001073,0.00001468,0.
00001310,-0.00002515,0.00002747,-0.00000148,0.00000657,-0.00008532,-0.00008152,0
.00000353,0.00000852,0.00005083,0.00017584,0.00007111,-0.00002227,-0.00006422,-0
.00011867,0.00010504,0.00008267,-0.00001975,0.00000254,0.00000334,-0.00000761,-0
.00008770,-0.00014902,0.00038401,0.00060920,-0.00003340,0.00001993,-0.00003887,-
0.00000882,0.00220395,0.00768770,0.00686348,0.00116754,-0.00134082,-0.00060087,-
0.17650636,0.09197992,0.00014297,0.00040055,-0.00014337,0.00089953,-0.00002127,-
0.00035541,-0.00014000,-0.00038501,0.00017854,-0.00003157,0.20283123,-0.00049037
,0.00021635,0.00009848,-0.00024331,-0.00018619,0.00007146,0.00002078,-0.00124142
,-0.00179793,0.00277359,0.00086372,-0.00082808,0.00000543,0.00001852,0.00002597,
0.00000934,-0.00001949,-0.00000734,0.00001243,-0.00004125,0.00007963,-0.00031226
,0.00044681,0.00002595,0.00010415,0.00009624,-0.00009754,-0.00004043,-0.00009505
,0.00027553,-0.00002283,-0.00005559,0.00002658,-0.00006465,0.00015896,-0.0000181
0,0.00009230,0.00003443,-0.00001283,-0.00005094,-0.00000321,-0.00010010,-0.00004
031,0.00003078,-0.00003977,-0.00002459,0.00001816,-0.00003891,-0.00001085,-0.000
03994,-0.00005127,0.00003166,-0.00003032,0.00008708,0.00021627,-0.00009742,0.000
06789,-0.00001194,-0.00013963,0.00006902,0.00012346,0.00013636,0.00004979,0.0001
3428,-0.00014925,-0.00014779,0.00003704,0.00002563,0.00003369,-0.00000238,-0.000
06405,-0.00009398,-0.00001612,0.00002581,0.00003417,-0.00007150,0.00010605,-0.00
011210,-0.00005928,0.00001661,0.00004078,0.00030786,0.00000178,0.00027197,0.0000
1108,0.00004744,-0.00002008,0.00016729,0.00048434,0.00026141,-0.00151110,-0.0000
5165,0.00045403,-0.00001285,0.00001703,0.00001172,0.01816911,-0.03204339,-0.0152
0172,-0.00025033,0.00095930,0.00163363,0.09526842,-0.11198033,0.00157331,-0.0004
8343,0.00063892,-0.00058490,0.00012190,0.00024129,0.00053986,-0.00016267,-0.0001
3376,0.00000763,-0.11759837,0.14219265,0.00011106,-0.00001014,-0.00014009,-0.000
06806,-0.00005169,0.00005081,-0.00050943,-0.00091703,-0.00060025,0.00028997,0.00
071007,0.00017184,0.00000419,0.00001353,0.00000506,0.00002917,-0.00000312,0.0000
0838,0.00000048,-0.00005276,0.00003600,-0.00002179,0.00020909,-0.00004329,0.0000
3224,0.00002199,0.00000035,-0.00030260,-0.00001333,-0.00006826,-0.00008126,-0.00
002986,0.00004927,0.00011002,0.00006378,0.00005755,-0.00004487,0.00001952,0.0000
2506,-0.00006782,-0.00000712,0.00002598,0.00002283,-0.00001410,0.00000209,0.0000
1564,0.00000880,-0.00000064,0.00001414,0.00000391,0.00000206,0.00003180,-0.00003
609,-0.00004049,-0.00022583,0.00084791,0.00012953,0.00000049,-0.00005741,0.00000
964,-0.00006448,0.00008725,0.00000541,-0.00004221,-0.00006477,-0.00003864,0.0000
0376,0.00002685,-0.00001206,0.00000062,0.00000938,0.00001552,0.00000561,-0.00001
766,-0.00002335,-0.00001174,0.00000932,0.00002314,-0.00001294,0.00001036,0.00000
723,0.00024420,0.00012248,0.00026666,-0.00000418,0.00002704,-0.00000871,0.000237
83,0.00022892,0.00002557,-0.00005308,0.00024113,0.00037204,-0.00000066,0.0000047
4,-0.00001143,0.01539044,-0.02078196,-0.00930587,0.00254998,-0.00354470,0.001559
02,0.00279508,-0.00030359,-0.04496710,-0.00095844,0.00072346,-0.00050671,0.00008
036,0.00016805,0.00038376,-0.00013880,0.00015509,-0.00003608,-0.00570861,0.00987
979,0.05255223,-0.00002513,0.00017481,0.00019188,0.00056286,0.00024208,0.0000660
8,0.00183592,-0.00147999,0.00011937,0.00007091,-0.00173695,-0.00145273,0.0000106
3,0.00001532,-0.00002179,0.00001289,-0.00000341,0.00000734,0.00003166,-0.0000234
1,-0.00004493,0.00030439,0.00049857,0.00000777,-0.00022339,-0.00013005,0.0000091
4,-0.00012056,-0.00007376,-0.00002349,-0.00029293,-0.00003221,-0.00000968,0.0000
5854,0.00004792,0.00004842,-0.00003318,0.00010190,0.00000615,0.00003609,0.000068
47,0.00000667,-0.00001135,0.00003562,0.00000131,-0.00000168,0.00000594,-0.000001
31,0.00001452,0.00001493,-0.00000877,-0.00024235,0.00030605,0.00006939,-0.000046
46,-0.00026889,-0.00020773,0.00025145,0.00002678,-0.00011450,-0.00049199,0.00009
147,0.00019338,-0.00002774,0.00014709,0.00011712,-0.00008769,-0.00003093,0.00005
054,-0.00009595,0.00002841,-0.00002451,0.00001136,-0.00010454,-0.00004670,0.0001
3305,0.00006699,0.00000379,-0.00004512,-0.00000976,-0.00000668,-0.00008828,-0.00
064368,-0.00008272,-0.00000427,-0.00003639,-0.00004050,-0.00008122,-0.00030248,0
.00012645,0.00062439,0.00005717,-0.00031874,-0.00000857,0.00001022,-0.00005244,-
0.00503289,-0.00639935,-0.00010245,0.00036718,0.00030117,0.00015042,-0.18950302,
-0.09611044,0.04953719,-0.00054229,0.00002020,0.00012670,0.00012008,0.00024797,0
.00023976,0.00032711,-0.00002931,-0.00037563,-0.02609795,-0.01054702,0.00893293,
0.21782580,0.00102840,0.00078795,-0.00018555,0.00087427,-0.00001863,-0.00066531,
0.00055168,-0.00373083,-0.00046932,-0.00190878,-0.00327601,-0.00415009,0.0000105
7,0.00004178,-0.00001108,0.00009944,0.00000536,0.00004082,-0.00002986,-0.0000460
6,0.00001491,-0.00002413,-0.00038241,-0.00002652,-0.00032607,-0.00010386,0.00030
911,-0.00021617,0.00009000,-0.00023771,0.00018589,0.00039141,-0.00003135,0.00005
396,-0.00004910,-0.00013805,0.00003285,0.00014026,-0.00007364,0.00013075,0.00014
006,0.00009657,-0.00003750,-0.00000226,-0.00004026,0.00003847,0.00005420,-0.0000
2090,0.00009962,0.00006234,-0.00003040,-0.00057370,-0.00055828,-0.00002351,-0.00
018233,-0.00000128,-0.00008996,0.00008572,-0.00013978,-0.00004405,-0.00027724,0.
00049436,0.00007481,-0.00014668,-0.00004005,0.00016644,0.00002872,-0.00003397,0.
00002345,-0.00000938,0.00009963,0.00005214,-0.00002846,-0.00003425,0.00001507,-0
.00002409,0.00007000,0.00029781,-0.00006065,-0.00002005,0.00002684,0.00007056,-0
.00014169,0.00006323,-0.00012251,0.00007763,0.00000660,-0.00121582,-0.00095927,0
.00034228,0.00044092,0.00002295,-0.00021233,-0.00000552,0.00004514,0.00000570,-0
.01990375,-0.01740670,0.00343565,0.00021349,0.00053174,0.00082438,-0.09627588,-0
.10329197,0.03382433,0.00019468,-0.00008816,-0.00010987,0.00020569,0.00005366,0.
00030847,0.00003965,0.00021839,-0.00041629,0.01453648,0.00875886,-0.00424070,0.1
1407952,0.12569381,0.00023864,0.00014830,-0.00019583,0.00050317,-0.00028697,0.00
021247,-0.00058719,0.00066272,0.00070742,-0.00153912,-0.00280817,-0.00243133,-0.
00000185,0.00001156,-0.00000508,0.00002341,0.00000061,0.00000306,-0.00002669,-0.
00002800,0.00000265,-0.00012409,0.00000876,0.00003953,-0.00014360,0.00008872,-0.
00005061,0.00003311,-0.00012627,0.00009807,0.00001739,-0.00007258,0.00000103,0.0
0000380,-0.00004696,-0.00004994,-0.00000663,-0.00005989,0.00000018,-0.00003030,-
0.00008851,0.00003639,-0.00000118,0.00001090,-0.00000507,-0.00000378,-0.00000057
,-0.00000274,0.00000017,0.00001758,-0.00001231,0.00007355,-0.00016389,-0.0000184
2,0.00001409,-0.00015005,0.00022663,-0.00004509,0.00000216,-0.00004673,-0.000228
99,0.00035680,-0.00025776,-0.00002814,-0.00009872,0.00000178,0.00003137,-0.00008
054,-0.00004280,0.00004139,0.00008555,0.00002917,-0.00000784,0.00007811,0.000014
88,-0.00006263,-0.00006170,0.00005556,0.00002544,-0.00000256,0.00000773,-0.00001
262,0.00015073,-0.00015252,-0.00000239,-0.00004736,-0.00006582,-0.00102367,-0.00
079504,0.00027550,-0.00007098,0.00016962,-0.00012019,0.00000972,0.00001351,0.000
01798,-0.01647103,-0.01278099,0.00364878,-0.00096046,-0.00095699,0.00086550,0.05
467979,0.03676696,-0.06140124,-0.00018514,0.00004677,-0.00020850,0.00015496,0.00
009828,0.00018535,-0.00002314,-0.00042278,-0.00077431,0.00069219,0.00057963,0.00
087247,-0.05726093,-0.03573738,0.06766202,-0.00070962,-0.00022011,-0.00001779,0.
00016218,-0.00007964,0.00019267,-0.00056203,0.00175322,0.00139270,0.00015086,0.0
0008811,-0.00072760,0.00000778,0.00000137,-0.00000517,-0.00002126,-0.00001952,-0
.00003559,-0.00001680,0.00003066,-0.00001932,0.00000949,0.00040582,0.00012036,-0
.00000275,0.00002855,-0.00009913,0.00034730,-0.00027505,0.00019388,-0.00018793,-
0.00020600,-0.00005118,0.00001670,0.00018973,0.00003188,0.00005419,0.00003941,0.
00003843,-0.00009305,-0.00009535,-0.00008034,-0.00002193,0.00007159,-0.00001472,
-0.00003977,-0.00000283,-0.00001472,-0.00005972,-0.00002385,-0.00001084,0.000215
48,0.00019248,0.00012307,0.00044750,0.00052378,-0.00028174,-0.00003425,0.0000114
2,0.00003348,-0.00010391,-0.00009994,-0.00015611,0.00011669,0.00000421,0.0000133
7,-0.00001600,-0.00007188,0.00005366,0.00000268,0.00002170,-0.00001064,-0.000036
51,0.00003838,0.00004743,0.00002067,0.00000982,-0.00009184,-0.00000571,-0.000022
90,-0.00001559,-0.00011431,-0.00007115,-0.00022395,0.00003763,-0.00003553,-0.000
04636,0.00000002,0.00020841,0.00007775,-0.00066915,0.00014574,-0.00043493,-0.000
00537,-0.00000295,-0.00000011,-0.00098393,0.00074771,-0.00542692,0.00038303,-0.0
0085143,-0.00150506,-0.04802123,0.01103103,-0.02688376,0.00007891,-0.00024871,0.
00015748,0.00028391,0.00005838,-0.00039160,0.00006988,-0.00001827,-0.00014047,-0
.00606779,0.01430816,-0.02270582,0.00325233,-0.01158052,0.02262795,0.05252314,0.
00025984,0.00088928,0.00018393,0.00015426,-0.00003473,0.00001681,0.00091034,-0.0
0058741,-0.00138939,-0.00005652,0.00073223,-0.00045768,0.00000330,0.00005540,0.0
0003767,0.00008426,0.00003238,0.00006005,-0.00003119,-0.00002151,0.00010157,0.00
015266,-0.00012212,-0.00010940,-0.00009338,-0.00002056,0.00007468,-0.00052891,-0
.00029856,-0.00050314,-0.00019228,0.00001842,0.00006229,0.00006223,-0.00041898,0
.00008596,0.00002950,-0.00015190,-0.00007242,-0.00022599,-0.00022311,-0.00007712
,0.00002044,-0.00005682,-0.00004137,0.00002629,0.00006447,-0.00005153,0.00005724
,0.00002023,-0.00005350,0.00021593,-0.00013330,-0.00014228,0.00047913,-0.0018294
7,0.00078913,-0.00002373,0.00005696,-0.00004687,-0.00011689,0.00005649,0.0001817
0,-0.00007593,-0.00010451,0.00007847,0.00005041,0.00008912,0.00000440,-0.0000691
4,0.00005163,0.00003942,0.00008319,0.00005123,0.00000926,-0.00005855,-0.00003341
,-0.00001106,-0.00001289,0.00005255,0.00005948,-0.00002374,0.00008453,-0.0000554
7,-0.00002693,-0.00004221,-0.00000618,0.00020167,0.00003717,-0.00006667,-0.00013
680,-0.00009104,-0.00011457,0.00001407,0.00005431,0.00006655,-0.00295691,0.00697
592,-0.02085211,-0.00139239,-0.00215389,-0.00294762,0.01338599,-0.08415637,0.093
35757,-0.00022556,0.00009820,0.00008914,-0.00039568,0.00056735,-0.00143277,0.000
02340,-0.00002565,-0.00005268,0.00502792,-0.00902060,0.01650502,0.00153147,-0.00
746519,0.01520851,-0.01577502,0.09690776,0.00052380,0.00102147,-0.00024423,0.000
05527,0.00010439,-0.00029739,0.00214991,-0.00063115,-0.00273206,0.00031229,0.000
66797,0.00068151,0.00001683,0.00002954,0.00003042,0.00002680,0.00000331,0.000000
78,-0.00002033,0.00009117,0.00005193,0.00011028,-0.00008563,-0.00002755,-0.00004
634,-0.00011458,0.00016297,-0.00031281,-0.00021570,-0.00001007,-0.00001711,0.000
25366,-0.00007828,0.00004809,-0.00036415,-0.00011018,-0.00006727,0.00003436,-0.0
0003450,-0.00007074,-0.00028430,-0.00009974,-0.00002269,0.00002905,-0.00004390,0
.00002680,0.00008898,-0.00001779,0.00004693,0.00002162,0.00000046,-0.00029860,-0
.00067156,-0.00015177,-0.00000490,0.00080100,0.00076502,0.00008541,-0.00004727,-
0.00004016,-0.00003257,-0.00043173,0.00040450,-0.00012754,-0.00010679,0.00029641
,0.00017894,-0.00002137,0.00010500,0.00010152,0.00022843,0.00016367,-0.00010119,
0.00014995,0.00006138,-0.00009817,-0.00004120,0.00037961,-0.00010713,-0.00002307
,0.00002645,0.00000192,-0.00019642,-0.00005967,-0.00008877,0.00002810,0.00003071
,0.00021550,0.00037842,0.00008237,-0.00024117,0.00007635,-0.00003579,-0.00001824
,0.00005522,0.00003118,-0.00349672,0.00547122,-0.02535804,-0.00148945,-0.0043408
0,-0.00442531,-0.02995849,0.08724185,-0.22918328,0.00040512,-0.00062639,0.000446
37,-0.00033006,0.00048939,-0.00155311,-0.00018189,-0.00005321,0.00029642,-0.0016
4818,0.00301590,-0.00083847,0.00036690,0.00652073,-0.00924501,0.03413998,-0.0986
8056,0.27050668,-0.00002837,0.00036357,0.00016008,0.00273930,-0.00655237,-0.0060
1889,-0.00351737,-0.00550431,-0.00517522,-0.00023235,-0.00012716,0.00004049,0.00
001936,0.00002457,-0.00001154,0.00005839,0.00000802,0.00001863,0.00005781,-0.000
06722,0.00012283,-0.00164578,-0.00057151,-0.00093816,-0.00022586,0.00066866,-0.0
0062757,-0.00018007,-0.00034373,-0.00013385,-0.00146366,-0.00190808,0.00092986,-
0.00014591,-0.00016065,-0.00008450,0.00008119,0.00007689,-0.00004602,0.00003907,
-0.00007980,-0.00010173,-0.00001493,0.00001250,-0.00012491,0.00003001,0.00010969
,0.00000895,0.00007795,0.00004385,0.00002994,0.00043251,-0.00103507,0.00006966,0
.00011385,0.00011543,0.00096013,-0.06541403,0.01180328,0.00887462,-0.00204832,0.
00170970,-0.00028941,0.00005258,-0.00013113,0.00010529,0.00013725,0.00011119,0.0
0013506,0.00008430,0.00008889,0.00002527,-0.00001179,0.00027417,0.00006957,-0.00
015307,-0.00000720,0.00013009,-0.00008997,0.00004332,0.00013049,-0.00046390,-0.0
1824449,-0.00789937,-0.00556635,0.02070888,0.01779785,0.00017504,-0.00001260,0.0
0006354,0.00004091,-0.00001111,-0.00004482,0.00000281,0.00012168,-0.00000698,0.0
0000689,-0.00013196,-0.00002141,-0.00005204,0.00015457,-0.00015752,0.00113208,-0
.00044468,0.00000294,0.00002033,-0.00004565,0.00001169,0.00014731,0.00004145,0.0
0012908,0.00000109,-0.00005010,-0.00015614,0.00041585,0.00004462,0.00012626,-0.0
0025494,0.00078207,-0.00044591,-0.00026789,-0.00023722,0.00049122,0.48623909,-0.
00040632,-0.00032073,-0.00021605,-0.00468715,0.00750772,-0.00707879,-0.00330766,
-0.00050379,-0.00018610,-0.00005496,-0.00007709,0.00002972,0.00000805,-0.0000055
9,-0.00003282,0.00002911,-0.00000157,-0.00001022,-0.00003536,-0.00002614,0.00001
683,-0.00394535,-0.00164553,-0.00232503,-0.00160981,-0.00297518,0.00250495,0.000
12481,0.00004481,-0.00006759,-0.00027917,-0.00205017,0.00113550,-0.00001686,0.00
013091,-0.00003153,0.00014528,0.00008272,0.00002531,0.00006260,0.00013524,0.0000
0713,0.00000591,-0.00003442,-0.00006798,0.00000865,0.00000047,-0.00000561,-0.000
00098,0.00001046,-0.00000572,0.00018867,-0.00010860,0.00014730,-0.00000240,-0.00
022525,0.00007367,0.01607943,-0.10481405,-0.04451371,0.00415585,-0.00076622,0.00
052171,0.00001645,0.00001288,-0.00006718,-0.00002915,0.00006668,0.00001490,0.000
03099,-0.00003747,0.00001977,0.00004928,0.00000408,-0.00000886,-0.00002716,-0.00
006230,-0.00012856,-0.00001229,-0.00004798,0.00005032,-0.00525812,-0.03624052,-0
.01224487,0.00385798,-0.00896804,-0.00881709,0.00000881,-0.00002710,-0.00000255,
0.00001354,-0.00001395,-0.00000301,0.00000992,0.00004869,0.00000742,-0.00006115,
-0.00019095,0.00008018,0.00003459,-0.00003582,-0.00003259,-0.00003577,-0.0000350
7,0.00004922,0.00002869,-0.00002228,-0.00000084,-0.00002458,-0.00002833,-0.00000
798,-0.00003536,0.00008279,0.00000864,0.00004697,-0.00000925,-0.00003320,0.00008
617,0.00002262,-0.00001920,0.00002373,-0.00003770,-0.00003713,0.00471214,0.45671
944,-0.00035034,-0.00035698,-0.00016827,-0.00277136,-0.01602652,-0.02157189,-0.0
0187923,0.00054259,0.00186609,0.00000287,-0.00012443,0.00003196,0.00000382,0.000
00102,-0.00003430,0.00002051,-0.00001533,-0.00002038,-0.00004308,-0.00004933,-0.
00002725,0.00077009,0.00079335,0.00026221,0.00007320,0.00354950,-0.00096798,0.00
012940,0.00010232,0.00005474,0.00001911,0.00106637,-0.00046706,0.00010887,0.0002
5530,-0.00009426,0.00015368,0.00011523,0.00001150,0.00002418,0.00012816,-0.00002
545,0.00000403,0.00002454,-0.00002937,0.00000830,-0.00000828,-0.00001020,-0.0000
2391,-0.00000771,-0.00001379,-0.00011757,-0.00032479,0.00012569,-0.00033636,-0.0
0041602,-0.00043774,0.01299453,-0.05985594,-0.10550076,0.00187760,0.00245466,0.0
0011163,0.00002510,0.00008655,-0.00003652,-0.00009265,0.00004417,0.00002990,-0.0
0000337,-0.00007033,0.00001214,0.00001977,-0.00003441,0.00007723,0.00014537,0.00
005041,0.00000645,0.00001306,-0.00002720,-0.00001450,-0.00168143,0.00144541,0.00
699363,0.00238071,-0.00470635,-0.00387836,-0.00001531,-0.00002828,-0.00001404,0.
00001439,-0.00000553,-0.00000449,-0.00000383,0.00002813,0.00000745,0.00001276,-0
.00008272,-0.00007016,0.00000884,-0.00002709,0.00006174,-0.00018255,0.00011055,-
0.00003186,0.00002312,0.00000173,-0.00002586,-0.00002205,-0.00000778,-0.00002711
,-0.00001642,0.00001836,-0.00002951,-0.00006804,-0.00003635,-0.00002444,-0.00002
844,-0.00013214,0.00008241,0.00003725,0.00002002,-0.00008957,-0.00042003,-0.0147
5783,0.44308439,0.00000660,-0.00001768,-0.00002068,-0.00002645,0.00045693,-0.000
02502,-0.00055103,0.00023882,-0.00060833,0.00002555,-0.00001019,-0.00001287,-0.0
0000412,-0.00001110,-0.00000039,0.00000396,0.00000609,0.00000381,0.00001688,0.00
001785,0.00001707,-0.00002149,-0.00027165,-0.00022552,-0.00006325,-0.00022527,-0
.00004398,-0.00002228,-0.00011646,-0.00008038,0.00020470,0.00017115,0.00007208,-
0.00006185,-0.00007543,-0.00009740,-0.00000706,-0.00003969,-0.00003363,0.0000082
0,-0.00000217,-0.00003158,-0.00003859,-0.00001795,-0.00000977,-0.00000560,0.0000
0092,0.00001112,0.00000945,0.00000009,0.00001693,-0.00006582,0.00002794,-0.00007
867,-0.00011565,0.00000936,0.00031562,0.00130203,-0.00149292,-0.00041804,0.00060
890,-0.00010407,0.00008843,-0.00002507,0.00000718,0.00008855,0.00006600,0.000020
54,0.00002947,0.00002658,0.00005243,0.00003466,-0.00000830,0.00008880,0.00001583
,-0.00003678,-0.00002521,0.00006797,-0.00000657,0.00000902,-0.00001262,-0.000060
88,-0.00023618,-0.00052932,0.00084930,0.00021626,0.00122151,0.00001587,-0.000033
69,0.00000093,0.00000099,-0.00001997,-0.00000120,-0.00000192,-0.00000139,0.00000
762,0.00008038,-0.00003010,0.00005044,0.00002973,-0.00001274,-0.00000336,-0.0000
6719,0.00009573,0.00002518,0.00000458,-0.00001841,0.00000104,-0.00001410,-0.0000
0378,0.00000158,-0.00000357,-0.00001656,0.00004480,-0.00007179,-0.00007034,-0.00
000980,0.00007482,-0.00016716,0.00005631,0.00002464,0.00001901,-0.00008960,-0.09
538524,0.01723851,-0.05000821,0.50678280,0.00024861,0.00007666,0.00007436,0.0011
0588,-0.00380944,-0.00002986,-0.00004471,-0.00020315,-0.00070866,0.00001722,0.00
000977,0.00000805,-0.00000147,0.00000548,0.00000870,0.,0.00000725,0.00000787,0.0
0002256,0.00000060,0.00002876,0.00002203,0.00041406,-0.00066760,0.00051104,0.001
25044,-0.00117240,-0.00004335,-0.00003803,-0.00001272,-0.00030791,-0.00029655,0.
00026800,-0.00006728,-0.00009441,0.00004331,-0.00007956,-0.00004620,-0.00002745,
-0.00001920,-0.00003069,0.00000503,-0.00001104,-0.00007241,-0.00001780,-0.000009
40,0.00000456,-0.00000267,0.00001943,0.00000346,0.00000529,0.00005963,0.00004737
,-0.00009174,-0.00003257,0.00016302,0.00025978,-0.00817036,0.00186490,-0.0200153
3,-0.00155966,0.00067090,-0.00021158,-0.00002945,-0.00006392,0.00003477,0.000053
04,-0.00001180,-0.00000681,0.00001852,0.00004403,0.00000017,-0.00004281,0.000049
45,-0.00002160,-0.00004696,-0.00003477,-0.00000573,-0.00001155,0.00003652,0.0000
2117,-0.00046651,-0.00023382,-0.00041594,-0.00055189,0.00073101,-0.00027172,0.00
002024,0.00000229,-0.00000079,0.00000244,0.00000465,0.00000061,-0.00000548,0.000
00033,-0.00001681,-0.00009179,0.00007343,-0.00007911,-0.00002398,0.00000764,0.00
002596,-0.00001471,-0.00004305,-0.00003706,-0.00001687,0.00001692,0.00000457,0.0
0001824,-0.00000206,0.00000410,0.00001976,-0.00004474,-0.00001433,0.00002628,0.0
0001038,0.00001311,-0.00006147,-0.00001007,0.00003181,-0.00000569,0.00002644,0.0
0000760,0.01652054,-0.07117526,0.02884857,0.01092755,0.51851341,-0.00005280,0.00
006073,0.00001724,0.00133384,-0.00435753,-0.00021921,-0.00034482,-0.00012033,-0.
00037617,-0.00003485,-0.00002244,0.00001210,-0.00000681,-0.00000694,-0.00000404,
-0.00000014,-0.00000555,-0.00000812,0.00002464,-0.00000805,0.00000088,0.00012091
,-0.00009729,0.00034159,0.00037720,0.00111845,-0.00106050,-0.00001920,-0.0000224
9,0.00000552,-0.00004642,0.00014631,-0.00008602,0.00002991,0.00005775,-0.0000204
8,0.00002977,0.00001114,-0.00000198,-0.00000937,0.00002508,-0.00001049,0.0000069
2,-0.00000324,-0.00002356,0.00000360,-0.00000355,0.00000398,-0.00001163,-0.00000
554,0.00000530,0.00004154,-0.00019374,0.00000967,-0.00006361,-0.00007911,-0.0000
3406,-0.01034975,-0.00375960,-0.02894408,-0.00154145,0.00085533,-0.00034795,0.00
000257,0.00005026,0.00003372,-0.00001714,0.00001928,0.00002664,-0.00000734,-0.00
002565,0.00000903,0.00000657,0.00001590,0.00001268,0.00004302,0.00000680,0.00004
940,0.00000094,0.00003395,-0.00000242,-0.00004960,0.00091941,-0.00018514,-0.0006
9116,0.00110016,0.00071492,0.00001185,-0.00001539,-0.00000603,0.00000209,-0.0000
0475,-0.00000340,0.00000196,0.00001203,0.00000107,0.00006707,-0.00005217,0.00000
066,-0.00001470,0.00004062,-0.00003218,0.00006182,0.00003554,0.00003507,-0.00000
026,-0.00002088,0.00000783,0.00000492,0.00000387,0.00000939,0.00003105,-0.000029
42,-0.00000761,-0.00000132,-0.00001814,0.00000676,0.00000014,0.00004253,-0.00004
014,-0.00004156,0.00001007,0.00002225,-0.05124837,0.03208827,-0.15096036,-0.0281
2931,0.02017680,0.46768410,-0.00016286,-0.00009713,-0.00011176,0.00112691,-0.000
37358,-0.00071176,-0.00129810,-0.00094910,0.00021794,-0.00003495,-0.00003685,0.0
0001149,-0.00000208,-0.00000628,-0.00002020,0.00000871,-0.00000660,-0.00001354,0
.00000255,0.00000034,-0.00001326,0.00026259,-0.00059764,-0.00008385,-0.00080188,
-0.00032893,0.00026588,0.00008090,0.00002227,0.00000634,0.00010453,0.00019175,-0
.00002122,0.00000979,0.00008926,-0.00005060,0.00005660,0.00001280,0.00001554,0.0
0000237,0.00003833,-0.00001691,-0.00001273,-0.00001024,-0.00000835,-0.00000739,-
0.00000534,0.00000844,-0.00000444,-0.00000058,0.00000610,-0.00001058,0.00003321,
0.00003171,0.00001545,-0.00008749,0.00003844,-0.00020740,-0.00254316,-0.00163909
,-0.00036507,0.00031687,-0.00020255,0.00002756,0.00005601,-0.00000116,-0.0000455
6,0.00001062,0.00002391,-0.00000811,-0.00003345,0.00000464,0.00003808,0.00000098
,-0.00000034,0.00003709,-0.00003594,-0.00002066,0.00000172,-0.00000272,-0.000008
18,0.00052756,-0.00018412,-0.00007447,0.00013348,0.00079446,-0.00000569,0.000005
36,-0.00000517,-0.00000009,0.00001895,-0.00000892,-0.00001014,0.00000523,-0.0000
0090,-0.00000766,-0.00000666,-0.00004570,0.00004330,-0.00002137,0.00001313,-0.00
002289,-0.00014145,-0.00004306,0.00008845,0.00002577,-0.00000920,-0.00000715,-0.
00000857,-0.00001178,0.00001244,-0.00001193,0.00004853,-0.00005353,0.00003415,0.
00001301,-0.00003656,-0.00004625,0.00017495,-0.00000616,0.00000628,-0.00004637,-
0.00001348,-0.08302181,-0.03880214,0.01864452,0.00450350,0.00864467,-0.00445003,
0.49395449,0.00007103,0.00014870,-0.00004824,-0.00042243,0.00055811,-0.00021626,
-0.00068571,-0.00017845,-0.00004829,-0.00003838,-0.00000987,0.00001540,0.0000002
4,-0.00000345,-0.00001625,0.00000665,-0.00000052,-0.00000840,-0.00000513,0.00000
726,-0.00000859,-0.00084031,-0.00130739,-0.00025545,-0.00019007,-0.00064435,0.00
019671,0.00001275,-0.00001770,-0.00005551,0.00017642,-0.00017286,0.00017679,0.00
003003,-0.00001921,-0.00004982,0.00003884,0.00002470,0.00000179,0.00000054,0.000
00898,-0.00001783,-0.00000313,0.00002351,-0.00001755,0.00000352,0.00001538,0.000
00899,0.00000190,0.00001100,0.00001092,0.00001106,-0.00020777,0.00001590,0.00000
297,-0.00006359,-0.00009492,-0.00901827,-0.02192220,0.00327015,0.00026166,-0.000
23711,0.00011408,-0.00002240,0.00003500,0.00006667,-0.00000496,0.00002717,0.0000
2953,0.00002654,-0.00000053,0.00002369,-0.00001226,0.00002819,0.00001371,0.00001
354,-0.00000447,0.00009208,0.00000036,-0.00000369,0.00001234,0.00055883,-0.00415
325,-0.00219807,-0.00026252,0.00041416,0.00024311,0.00000639,-0.00001143,0.00000
140,0.00001885,-0.00001741,-0.00001220,0.00000397,0.00001720,-0.00000430,0.00016
718,-0.00011587,0.00006851,0.00000211,-0.00001703,-0.00003602,0.00001523,0.00003
639,0.00008870,0.00002821,-0.00003067,-0.00000070,-0.00000411,0.00000131,-0.0000
0304,0.00000232,0.00004791,0.00000391,0.00002499,-0.00002108,-0.00000718,0.00000
304,0.00005161,-0.00007489,-0.00002795,-0.00000061,0.00002048,-0.03916904,-0.147
48341,0.03512305,-0.00212810,-0.01238155,0.00893903,0.00029795,0.46097001,-0.000
05420,-0.00000803,0.00000047,-0.00056710,-0.00102884,0.00050663,0.00017702,-0.00
016581,0.00004743,-0.00001219,0.00001010,0.00001428,0.00000641,0.00000553,-0.000
00093,0.00000321,-0.00000303,0.00000226,-0.00000228,-0.00001101,0.00000372,-0.00
077623,0.00026170,-0.00019133,-0.00005513,-0.00044186,-0.00073866,0.00000118,0.0
0001483,0.00000514,-0.00042077,-0.00078759,0.00023784,0.00000038,0.00004830,0.00
005988,0.00000574,-0.00000419,0.00000927,-0.00001284,0.00000461,0.00000731,0.000
01077,-0.00001635,-0.00002775,0.00000322,-0.00000173,-0.00000921,0.00000115,-0.0
0000279,-0.00000578,0.00013596,-0.00006965,0.00004015,0.00008225,0.00002105,-0.0
0000633,-0.00542675,-0.01105119,0.00548959,-0.00009068,-0.00000447,-0.00015559,0
.00002480,0.00000715,-0.00004287,-0.00003030,-0.00000721,-0.00000850,-0.00001251
,-0.00002243,-0.00000914,0.00000746,-0.00003491,-0.00000973,0.00000399,0.0000130
1,-0.00003570,0.00000199,-0.00000165,0.00003558,0.00019268,-0.00455649,-0.001763
84,-0.00009434,-0.00064231,-0.00000066,0.00000218,0.00001579,0.00000844,-0.00000
114,0.00000042,-0.00000028,0.00000613,0.00001481,-0.00000124,-0.00007778,0.00006
475,-0.00002243,-0.00002007,0.00000507,-0.00000540,0.00005556,0.00000950,-0.0000
0674,-0.00000699,-0.00000016,-0.00000572,-0.00000805,-0.00000246,0.00002309,0.00
002777,0.00003986,-0.00001770,0.00000455,0.00000771,0.00000850,-0.00013823,-0.00
007441,-0.00002490,-0.00001076,-0.00000200,0.00000982,0.01737313,0.03237796,-0.0
7820144,0.00623050,0.02142163,-0.01258185,-0.00931882,0.03727380,0.52180835,0.00
012853,0.00023280,-0.00007315,0.00051352,-0.00080393,0.00078992,0.00003256,0.000
09971,-0.00008737,0.00007695,0.00000197,-0.00007869,0.00000599,0.00000373,0.0000
0634,0.00000351,-0.00000032,0.00000628,-0.00001140,-0.00002760,0.00000910,-0.000
03344,0.00030889,0.00003245,-0.00019529,0.00056290,-0.00024400,-0.00003105,-0.00
004636,-0.00002575,-0.00018328,-0.00008744,0.00000343,-0.00003482,-0.00004606,-0
.00003172,0.00000283,0.00000616,-0.00001695,0.00003123,-0.00004583,0.00001058,0.
00000027,0.00000776,-0.00001684,0.00000920,0.00000828,-0.00000407,0.00000926,0.0
0000048,0.00000326,0.00007160,-0.00023086,0.00000571,0.00002114,0.00000749,0.000
00078,-0.00026908,-0.00019676,0.00013280,-0.00020547,0.00041243,-0.00003566,-0.0
0003066,-0.00001978,0.00002958,0.00003077,-0.00004196,0.00000908,0.00004762,0.00
003078,0.00000880,-0.00003682,0.00004390,0.00001043,-0.00002662,-0.00004392,0.00
008569,-0.00000512,-0.00001411,0.00001922,0.00002602,-0.00016933,-0.00021511,-0.
00001789,-0.00004311,-0.00008093,-0.00001920,-0.00000400,0.00003788,-0.00000706,
-0.00001133,-0.00000466,-0.00000028,0.00001783,0.00001211,-0.00009999,-0.0000036
4,0.00003902,0.00007727,0.00004534,0.00001560,0.00040720,0.00036928,0.00004670,0
.00000749,-0.00002289,-0.00001578,-0.00003280,0.00000817,0.00002610,-0.00004372,
0.00000590,0.00003098,-0.00007959,-0.00005446,0.00001746,-0.00056438,-0.00040954
,-0.00018234,-0.00012677,-0.00011999,0.00002055,0.00584687,-0.00238924,0.0021984
7,-0.00006619,-0.00147130,0.00089456,-0.13855857,0.05511470,-0.03921505,0.481250
77,-0.00013807,-0.00004555,0.00000254,-0.00026653,-0.00085813,0.00009698,0.00019
955,0.00038150,0.00019031,0.00000251,-0.00004246,-0.00004895,0.00000423,0.000008
08,-0.00000861,0.00001425,-0.00000131,-0.00000049,-0.00001848,-0.00003787,-0.000
00207,-0.00003054,0.00001399,0.00006596,0.00006477,-0.00000898,-0.00007044,0.000
04826,0.00000232,0.00001348,-0.00002428,-0.00002418,-0.00000830,0.00000230,0.000
06755,-0.00001847,0.00003803,0.00004219,-0.00001893,0.00002337,0.00002416,-0.000
01604,-0.00000053,-0.00000485,-0.00001346,0.00000081,-0.00000418,-0.00001412,-0.
00000149,-0.00000390,-0.00001206,0.00000854,-0.00004595,0.00007422,0.00000773,-0
.00009497,-0.00012649,-0.00016683,-0.00057366,0.00037688,0.00020033,-0.00016397,
-0.00039486,0.00001510,0.00006018,-0.00001304,-0.00005264,-0.00001629,0.00004445
,0.00000854,-0.00002619,-0.00000084,-0.00001728,-0.00000899,0.00002206,0.0000476
8,-0.00001552,0.00000855,-0.00001477,-0.00001587,0.00000793,-0.00009778,-0.00029
958,-0.00023302,0.00003450,-0.00013182,-0.00000109,-0.00002319,-0.00003561,0.000
00034,0.00000487,-0.00001283,-0.00000028,-0.00000040,0.00001750,0.00000510,-0.00
001998,-0.00005285,-0.00003986,0.00002419,-0.00002098,0.00010968,0.00006349,0.00
003088,-0.00005470,-0.00002419,0.00000775,-0.00001533,-0.00001072,0.00000783,-0.
00001504,-0.00006044,-0.00008978,-0.00002442,-0.00010432,-0.00006483,0.00004087,
0.00012906,0.00009311,0.00030816,-0.00001675,0.00002436,-0.00006062,0.01491377,-
0.02070736,0.01391949,-0.00068202,-0.00354251,0.00113235,0.05568843,-0.10625134,
0.02774817,0.02939673,0.50105023,0.00005122,-0.00000169,-0.00003217,0.00110943,-
0.00102324,-0.00011068,-0.00063188,-0.00063855,0.00064776,-0.00003680,-0.0000121
7,0.00000444,0.00000764,0.00000517,-0.00001380,0.00001347,-0.00000664,-0.0000042
8,-0.00002236,-0.00001562,-0.00000916,0.00001824,-0.00007019,0.00001000,-0.00041
039,-0.00013952,0.00006077,0.00005232,0.00006465,0.00000752,0.00004231,0.0000316
1,0.00000709,0.00001982,0.00009107,0.00002125,0.00002442,0.00004002,0.00000405,0
.00002895,0.00007853,0.00002678,-0.00000153,-0.00001879,-0.00000096,0.00000232,-
0.00000635,-0.00000673,0.00000191,0.00000022,-0.00000500,-0.00004381,0.00004329,
0.00005483,-0.00000832,-0.00011137,-0.00017008,-0.00018877,-0.00013599,-0.000377
27,-0.00017590,0.00091817,-0.00005594,0.00000629,0.00002709,-0.00005681,-0.00005
623,-0.00001024,-0.00000186,-0.00002566,-0.00004452,-0.00002030,0.00000032,-0.00
007160,-0.00000172,0.00003844,0.00001136,-0.00004210,-0.00000855,-0.00001852,0.0
0000112,0.00000899,0.00001584,0.00005386,-0.00006455,0.00012189,0.00003863,-0.00
002544,-0.00000496,-0.00000228,0.00003641,-0.00001021,-0.00000038,-0.00000458,0.
00000077,-0.00001123,-0.00001508,-0.00018093,-0.00002530,-0.00003652,-0.00000551
,0.00005402,-0.00017821,-0.00011932,-0.00003234,0.00006147,-0.00000241,-0.000009
33,-0.00001559,-0.00002211,-0.00002647,-0.00011762,0.00002839,-0.00010288,0.0001
1782,-0.00002034,0.00000138,0.00038725,0.00056586,0.00035123,0.00000706,0.000062
60,-0.00003675,-0.00554643,0.01055441,-0.00630670,0.00057373,0.00252856,-0.00080
974,-0.03843811,0.02602663,-0.08667174,-0.01480169,0.01493168,0.51440866,-0.0001
6395,-0.00021935,0.00013062,-0.00042805,0.00009767,0.00001692,-0.00031122,0.0000
2231,0.00014803,0.00005834,-0.00002129,-0.00000570,0.00000595,0.00000341,0.00000
045,0.00001355,-0.00000111,-0.00000119,-0.00000605,-0.00001303,0.00001804,-0.000
90031,0.00036446,-0.00006804,0.00033557,-0.00001415,0.00001465,0.00011926,0.0000
7709,0.00005214,0.00024219,-0.00009525,0.00000646,0.00000343,0.00014276,0.000005
14,0.00003851,0.00003684,-0.00001703,0.00003977,0.00007506,0.00000294,-0.0000221
8,0.00001413,0.00000483,-0.00000472,-0.00001373,-0.00002242,0.00000207,-0.000010
00,-0.00002028,-0.00002879,0.00021155,0.00007753,-0.00001527,-0.00010375,-0.0001
9132,0.00032851,0.00016577,0.00100925,0.00039422,-0.00008297,0.00004886,0.000056
05,0.00001058,-0.00009199,-0.00002024,0.00001136,-0.00002397,-0.00003063,-0.0000
3994,-0.00002928,0.00002228,-0.00006142,0.00001075,0.00000042,0.00007600,-0.0000
8646,-0.00001406,0.00000168,-0.00000632,0.00006144,-0.00030284,-0.00009748,0.000
50292,-0.00044410,-0.00058969,-0.00001434,-0.00000099,-0.00000531,0.00000024,0.0
0000402,0.00001187,-0.00001133,-0.00000892,0.00000508,-0.00003040,-0.00003864,0.
00000219,0.00001354,-0.00003426,0.00003198,0.00000154,0.00001051,0.00002118,-0.0
0000310,0.00001300,0.00000377,-0.00001057,-0.00001826,-0.00001478,-0.00000190,-0
.00000604,0.00003172,-0.00003377,-0.00000560,-0.00001954,0.00003442,-0.00011245,
0.00006438,0.00009142,0.00001640,-0.00007440,-0.02021810,0.00314745,-0.00295337,
-0.27350283,0.01955533,0.03995352,0.00061749,-0.00075775,0.00055451,0.00016376,0
.00001602,0.00016156,0.31799137,-0.00001951,0.00004496,-0.00002509,0.00015944,-0
.00001233,-0.00017727,0.00010940,0.00003061,0.00010515,-0.00000724,0.,-0.0000005
1,0.00000150,-0.00000080,-0.00000419,0.00000208,-0.00000260,-0.00000322,0.000004
46,0.00000486,-0.00000819,-0.00042436,0.00014832,0.00003489,-0.00009254,-0.00007
671,0.00006432,0.00000503,-0.00001812,0.00000786,0.00010124,0.00000881,-0.000016
64,0.00000706,-0.00000176,-0.00002285,0.00001174,0.00001619,0.00000315,0.0000003
9,-0.00001255,-0.00000783,-0.00001428,0.00004318,0.00000074,0.00000043,0.0000069
1,0.00000405,-0.00000030,0.00000165,0.00000570,-0.00002359,-0.00004919,0.0000088
7,0.00002456,-0.00002536,-0.00005085,-0.00091276,0.00038312,-0.00015713,-0.00003
220,-0.00000260,0.00001818,0.00000038,0.00002057,0.00000540,-0.00001030,-0.00000
893,0.00001089,0.00000295,-0.00000863,0.00000066,-0.00000291,0.00000357,0.000004
76,0.00002104,-0.00000922,0.00002312,-0.00000287,0.00000149,-0.00000550,-0.00008
787,-0.00025674,-0.00016448,-0.00002886,0.00010555,-0.00039101,0.,0.00000073,0.0
0000236,0.00000703,-0.00000443,-0.00000277,-0.00000320,0.00000487,0.00000145,0.0
0005411,-0.00003193,0.00002679,-0.00000460,0.00001014,-0.00001686,0.00002184,0.0
0000530,0.00002981,0.00000308,-0.00000688,0.00000011,0.00000022,0.00000428,-0.00
000021,0.00000059,0.00000369,-0.00000936,0.00000531,0.00000163,-0.00000378,-0.00
000344,0.00002745,-0.00002843,-0.00000905,-0.00002044,0.00001326,0.00939389,-0.0
0100556,-0.00006891,0.01925363,-0.04682583,-0.00410634,0.00065668,0.00046298,-0.
00014354,-0.00007498,-0.00010857,-0.00005438,-0.02405344,0.05017188,-0.00001061,
-0.00009230,0.00001006,-0.00039785,0.00007969,-0.00009090,-0.00013307,0.00009836
,-0.00013714,-0.00000476,-0.00000685,0.00000484,0.00000192,-0.00000020,-0.000000
39,0.00000603,0.00000136,0.00000062,0.00000555,0.00000081,0.00001301,-0.00013657
,-0.00018350,-0.00001916,0.00015626,-0.00005839,0.00006851,-0.00000842,0.0000085
4,-0.00001856,0.00019550,0.00008451,0.00001667,-0.00001120,-0.00001736,-0.000006
40,-0.00001375,-0.00001210,-0.00000217,0.00000276,0.00000557,0.00000664,0.000004
86,-0.00001823,0.00000404,0.00000051,-0.00000125,0.00000307,0.00000336,0.0000026
5,0.00000212,-0.00005058,0.00008701,-0.00002702,-0.00004094,0.00000895,0.0001309
0,-0.00086072,0.00078744,0.00106537,0.00034563,-0.00002835,-0.00001640,-0.000002
64,-0.00001081,-0.00001452,0.00001127,0.00001232,-0.00000981,-0.00000607,0.00000
261,0.00000574,0.00000803,-0.00000444,0.00000114,-0.00001356,0.00000213,-0.00002
576,-0.00001094,0.00000565,0.00000291,0.00021153,0.00001885,0.00007046,0.0000694
8,-0.00037270,-0.00047172,0.00000902,0.00000136,0.00000344,0.00000526,0.00000083
,-0.00000042,-0.00000143,-0.00000394,-0.00000012,0.00008729,-0.00003158,0.000028
76,0.00000777,-0.00000257,-0.00000668,-0.00004790,0.00003260,-0.00002361,0.00000
769,-0.00000666,0.00001051,-0.00000003,-0.00000485,0.00000766,0.00000212,-0.0000
0357,0.00002317,-0.00001471,-0.00001698,0.00000056,0.00001329,-0.00005503,0.0000
1466,-0.00000396,0.00000118,-0.00003720,-0.02634841,0.00272533,0.00156098,0.0391
0062,-0.00404026,-0.04990979,-0.00027937,-0.00050215,0.00094434,0.00009085,0.000
05972,-0.00010544,-0.04320320,0.00364337,0.05752293,-0.00001576,-0.00000221,-0.0
0000147,0.00034939,-0.00077387,0.00006057,0.00007041,-0.00006663,-0.00013632,-0.
00000648,-0.00000451,0.00000683,0.00000108,-0.00000071,-0.00000031,-0.00000017,-
0.00000230,-0.00000185,0.00001136,0.00000007,0.00000466,-0.00011636,0.00010032,0
.00000715,0.00008224,0.00021906,-0.00019580,-0.00001570,-0.00000777,-0.00000167,
0.00001611,-0.00000997,0.00001119,0.00001468,-0.00000119,0.00000734,-0.00000781,
-0.00000088,-0.00000284,-0.00000921,-0.00000135,-0.00000057,0.00000714,0.0000074
6,-0.00000398,0.00000265,0.00000413,0.00000128,0.00000038,-0.00000020,0.00000206
,0.00000788,-0.00001095,0.00000006,0.00000058,0.00000701,0.00005010,-0.00082873,
0.00042571,-0.00309243,-0.00022445,0.00011502,0.00004245,0.00000449,0.00000376,-
0.00000049,-0.00000442,0.00000922,-0.00000359,-0.00000910,-0.00000673,0.00000641
,0.00001143,-0.00000530,0.00000310,0.00000844,0.00001481,0.00000767,-0.00000504,
0.00001231,0.00000673,0.00012247,0.00018294,0.00011523,0.00006488,-0.00002613,-0
.00003697,0.00001022,0.00000946,0.00000457,-0.00000465,0.00000676,-0.00000090,-0
.00000053,0.00000471,-0.00000072,0.00002331,0.00002070,0.00001456,-0.00000092,0.
00001760,-0.00000610,-0.00000744,0.00002441,-0.00001324,-0.00000327,-0.00000187,
0.00000707,0.00000882,0.00000169,0.00001377,0.00001303,-0.00001304,0.00000304,0.
00000032,0.00000530,0.00000829,0.00000410,-0.00000511,-0.00005481,-0.00004558,-0
.00004183,-0.00000013,0.00131732,-0.00868855,-0.01108070,-0.05070895,0.02638585,
0.02844474,0.00020699,-0.00000019,0.00048317,-0.00002067,-0.00013296,-0.00006910
,-0.00901545,0.02382954,0.02392709,0.05596780,-0.00012006,0.00008451,0.00000251,
0.00023762,0.00003218,0.00051000,0.00020519,-0.00023428,-0.00026464,0.00000345,0
.00002257,-0.00001794,-0.00000406,0.00000217,0.00000935,-0.00000970,0.00000328,0
.00000554,0.00000306,-0.00000655,0.00000658,0.00033019,0.00055477,0.00024763,-0.
00002258,0.00004088,-0.00018307,-0.00003130,-0.00000934,0.00001411,-0.00029070,-
0.00017420,-0.00006223,-0.00000723,-0.00004653,0.00002488,-0.00000538,-0.0000022
3,0.00000370,-0.00001576,-0.00004115,0.00000356,0.00003885,0.00003405,-0.0000235
1,0.00000414,0.00000281,-0.00000645,-0.00000212,0.00000026,-0.00000793,0.0002108
7,-0.00002701,0.00004644,0.00006014,0.00003840,0.00013616,-0.00000132,0.00033753
,0.00049136,-0.00035323,-0.00001206,-0.00010434,0.00002528,-0.00002238,-0.000006
14,-0.00000600,-0.00001017,-0.00001190,0.00001921,0.00000137,-0.00000140,0.00001
058,0.00002128,-0.00002488,-0.00000089,-0.00002690,-0.00000830,0.00000359,0.0000
0542,0.00002871,0.00002663,-0.00002128,-0.00038101,-0.00028251,0.00008438,0.0002
0057,0.00000507,0.00000976,0.00000809,-0.00002351,0.00002059,0.00000445,0.000008
94,0.00001328,0.00000187,-0.00011871,0.00007091,-0.00002441,0.00000668,0.0000087
4,0.00001059,-0.00001455,-0.00001027,-0.00005787,-0.00001880,0.00001798,0.000002
73,0.00001148,-0.00000243,0.00001110,0.00000905,-0.00001409,-0.00000126,-0.00000
682,0.00002337,0.00002454,-0.00000174,0.00003493,-0.00003130,-0.00005104,-0.0000
2153,0.00001302,-0.00138454,0.00394314,0.00375592,0.02665561,-0.15494390,-0.1148
7200,0.00027522,0.00060163,0.00082805,0.00008247,-0.00002760,0.00005584,0.002283
75,-0.00329476,-0.00365568,-0.03131396,0.17839441,-0.00000110,0.00006019,0.00004
884,0.00089502,-0.00189922,0.00075759,0.00030534,-0.00032959,-0.00041948,0.00004
935,0.00002556,-0.00001287,-0.00000241,0.00000638,0.00001789,-0.00000826,0.00000
606,0.00001297,0.00002356,-0.00000561,0.00002217,0.00011683,0.00068439,-0.000165
50,0.00019247,0.00066048,-0.00067757,-0.00003024,-0.00000427,0.00001536,-0.00047
307,-0.00036979,0.00007090,-0.00003113,-0.00005171,0.00005574,-0.00002568,-0.000
02723,0.00000081,-0.00001805,-0.00003309,0.00000927,0.00001993,-0.00000816,-0.00
001905,-0.00000172,-0.00000264,-0.00001275,0.00000391,-0.00000298,-0.00001364,0.
00024661,-0.00002359,0.00000152,0.00003592,0.00011252,0.00020310,-0.00301721,0.0
0127586,-0.00662783,-0.00106896,0.00029779,-0.00009540,0.00002161,-0.00005003,0.
00000406,0.00002467,-0.00000844,-0.00002815,0.00000842,0.00001642,-0.00000630,0.
00000838,0.00002991,-0.00003013,-0.00002176,-0.00001341,-0.00002423,0.00000704,0
.00003301,0.00002953,0.00006368,0.00014451,0.00039095,-0.00025987,0.00038588,0.0
0026828,0.00001948,0.00002136,0.00000662,-0.00002769,0.00002534,0.00000709,0.000
00581,0.00000766,-0.00000118,-0.00015094,0.00014907,-0.00006027,0.00000459,0.000
00433,0.00003333,-0.00001002,-0.00004751,-0.00005939,-0.00003617,0.00002985,0.00
000665,0.00002774,0.00000461,0.00002124,0.00002705,-0.00004567,0.00000085,-0.000
00964,0.00003904,0.00002081,-0.00004177,-0.00001252,-0.00008761,-0.00005506,-0.0
0004977,0.00002566,0.00172341,-0.01705823,-0.02381319,0.02853572,-0.11500484,-0.
15998671,-0.00022028,-0.00129603,0.00019352,0.00007412,-0.00010531,0.00014398,0.
00393366,-0.00643722,-0.00544749,-0.03066531,0.13383038,0.18817299,0.00015476,0.
00010104,-0.00000849,-0.00009382,0.00005434,0.00011257,-0.00003192,-0.00011820,0
.00024398,-0.00000348,-0.00002164,0.00000614,0.00000842,0.00000222,0.00000718,-0
.00000024,0.00000395,0.00000110,-0.00000272,0.00000530,0.00000637,0.00089120,-0.
00060915,-0.00007043,-0.00004840,-0.00001020,0.00004453,-0.00002440,0.00005282,-
0.00002352,-0.00014330,0.00010184,0.00001963,-0.00000739,0.00000842,0.00007346,-
0.00000949,-0.00003070,-0.00001194,0.00000816,0.00002853,0.00001002,0.00003872,-
0.00012222,0.00001127,0.00001274,0.00000219,-0.00000938,0.00001040,0.00000089,-0
.00000180,-0.00004675,0.00003177,-0.00004182,0.00002703,0.00006832,0.00002772,0.
00028618,0.00000793,0.00026673,-0.00000551,-0.00000504,-0.00002872,0.00000740,0.
00002382,-0.00000054,-0.00002461,0.00002652,-0.00002264,0.00000595,-0.00004192,0
.00000667,0.00000965,-0.00002660,0.00001009,-0.00001470,0.00000617,-0.00000280,-
0.00000480,-0.00001041,0.00000655,0.00009667,0.00036929,-0.00018496,-0.00023612,
-0.00010233,0.00020714,0.00000222,-0.00000404,-0.00000407,-0.00000669,-0.0000025
3,0.00000088,-0.00000170,0.00000519,-0.00000054,0.00001617,0.00002197,0.00000999
,0.00001298,-0.00000804,0.00000089,-0.00001988,-0.00000245,-0.00005235,0.0000082
2,-0.00000528,0.00000412,-0.00000329,-0.00000874,0.00000348,0.00000513,0.0000019
8,0.00000672,0.00001161,-0.00000500,0.00001689,0.00001237,0.00000300,0.00001175,
-0.00003264,0.00003150,0.00001515,0.00468297,0.01146605,-0.00470279,-0.07622908,
-0.07606419,0.02729363,-0.00012904,0.00049915,-0.00236526,0.00020257,0.00041623,
-0.00018601,-0.01626505,-0.02947698,0.01041989,0.00225963,0.00421604,-0.00117155
,0.08468673,-0.00021077,-0.00010038,0.00001678,-0.00037410,-0.00038280,0.0002814
7,0.00061459,-0.00018565,0.00101557,-0.00000187,-0.00003594,-0.00001335,-0.00000
756,-0.00000588,-0.00000593,-0.00000671,-0.00000110,-0.00000727,-0.00000428,0.00
000396,-0.00001013,-0.00004122,0.00007856,0.00006418,0.00016793,0.00021387,-0.00
016329,0.00010090,0.00001673,0.00004912,-0.00000432,-0.00009650,-0.00002307,-0.0
0001333,0.00020113,-0.00000902,0.00009644,0.00001764,0.00002190,0.00001439,0.000
02817,-0.00003273,-0.00005167,-0.00000912,-0.00000649,-0.00001117,-0.00001369,-0
.00000111,-0.00001757,-0.00000985,-0.00000436,-0.00003105,0.00008167,0.00005341,
0.00001833,-0.00013764,-0.00024455,-0.00060479,-0.00000142,-0.00081171,0.0002057
9,0.00019845,-0.00025875,0.00007121,0.00007267,-0.00002163,-0.00006096,0.0000082
4,0.00001708,-0.00000332,-0.00006789,-0.00002112,0.00001823,-0.00000308,0.000010
41,0.00003429,0.00000181,-0.00003378,0.00000390,0.00000128,-0.00000376,0.0000546
6,0.00055169,-0.00104602,-0.00003808,0.00007052,0.00013690,0.00000014,-0.0000162
4,-0.00001940,-0.00000027,-0.00000625,0.00000282,-0.00000303,0.00000111,-0.00000
167,0.00005462,0.00002896,0.00005327,-0.00000874,-0.00001841,-0.00000323,0.00000
147,-0.00004384,0.00004357,-0.00001198,0.00000666,-0.00000710,-0.00000558,0.0000
0297,-0.00000720,-0.00001163,-0.00000453,-0.00001358,-0.00005148,0.00001245,-0.0
0002834,-0.00003232,-0.00005214,0.00004092,0.00009282,0.00000037,-0.00003490,-0.
00246577,-0.01003851,0.00680568,-0.07625447,-0.22836439,0.06179656,0.00127368,-0
.00071086,0.00201505,-0.00019791,-0.00029387,0.00038870,-0.00153606,0.00068812,-
0.00007764,-0.00940957,-0.02566114,0.00427524,0.08795198,0.26413433,0.00046784,0
.00014062,0.00004268,0.00025020,0.00045449,-0.00032864,-0.00083659,0.00038767,-0
.00049614,0.00003897,-0.00000700,0.00001166,0.00002004,0.00000587,0.00000632,0.0
0002028,0.00000415,0.00000158,0.00000150,0.00000400,0.00001269,-0.00035691,-0.00
152781,-0.00087815,-0.00019418,-0.00028776,0.00033468,-0.00001573,0.00003062,-0.
00004380,0.00059021,0.00038264,0.00019572,-0.00003768,-0.00010581,-0.00001593,-0
.00004679,-0.00001207,-0.00003295,0.00004791,0.00000321,0.00001992,-0.00003745,-
0.00007950,0.00008591,0.00000923,0.00001293,-0.00000828,0.00003049,0.00001023,0.
00000937,-0.00039875,0.00009283,-0.00014950,-0.00006908,0.00006398,0.00001409,0.
00044922,0.00090040,0.00025623,-0.00004732,-0.00021164,0.00022863,-0.00006941,-0
.00002071,0.00000839,0.00005418,0.00000735,-0.00002081,0.00002244,0.00000935,0.0
0001805,-0.00005389,-0.00001420,0.00003572,-0.00005128,0.00002502,0.00004771,-0.
00000649,-0.00000188,-0.00004457,-0.00012473,0.00014711,0.00070210,0.00020722,0.
00006344,-0.00021294,-0.00000260,0.00000330,0.00000649,0.00002446,-0.00001990,-0
.00000306,-0.00002158,-0.00002525,0.00000387,0.00012522,-0.00009924,-0.00000959,
0.00001873,-0.00001111,-0.00000224,0.00002125,0.00000649,0.00000471,0.00002934,-
0.00002184,0.00000599,-0.00000545,-0.00000493,-0.00000591,0.00000526,0.00001138,
0.00001934,0.00005046,-0.00002741,0.00000127,0.00001471,0.00000392,-0.00001418,-
0.00002344,0.00001584,0.00001973,0.00762398,0.02379055,-0.01188862,0.02728480,0.
06172305,-0.06395963,-0.00273853,0.00177052,-0.00407961,0.00041978,0.00107591,-0
.00062569,0.00441678,0.00619275,-0.00140830,-0.00777274,-0.02095648,0.00595538,-
0.02938732,-0.07429821,0.07551607,0.00019438,0.00012586,-0.00103478,-0.00257614,
-0.00039745,0.00025442,0.00125219,0.00219564,0.00238146,0.00013918,-0.00007096,0
.00001272,-0.00002936,-0.00000244,0.00006233,-0.00004974,0.00004841,0.00006910,-
0.00007200,0.00002746,-0.00006256,-0.00094129,0.00068473,0.00020215,0.00057906,0
.00012612,-0.00008656,0.00007515,-0.00002969,0.00004526,0.00046694,-0.00006482,0
.00002265,-0.00010699,-0.00011622,-0.00009641,-0.00002954,-0.00006495,-0.0000483
7,-0.00003766,-0.00008356,-0.00009020,-0.00001888,0.00002025,0.00000379,0.000019
55,-0.00002801,-0.00006001,-0.00001142,0.00000115,-0.00007761,-0.00041420,0.0001
4451,-0.00012747,-0.00065731,-0.00043147,0.00095633,-0.00702508,0.00289959,0.004
00728,0.00189600,-0.00037020,-0.00103204,-0.00019381,-0.00025087,0.00003670,0.00
008982,0.00001849,0.00001916,0.00007047,0.00014248,0.00015352,0.00009253,0.00012
546,-0.00007123,-0.00010477,-0.00048697,-0.00023343,0.00003673,-0.00002552,0.000
01891,0.00209840,-0.00227949,-0.00172237,-0.00039002,0.00109635,0.00109228,-0.00
005717,-0.00009255,-0.00004849,-0.00005721,0.00004908,0.00001914,0.00000528,0.00
002020,0.00012261,-0.00018272,0.00024361,-0.00008936,0.00004172,-0.00005246,0.00
014854,-0.00151839,0.00055288,-0.00022922,-0.00001805,0.00004449,-0.00000776,-0.
00005976,-0.00000978,-0.00003768,0.00003816,0.00004183,0.00001778,-0.00022893,-0
.00000988,0.00000689,-0.00153049,0.00052391,-0.00033092,-0.00037218,0.00001374,-
0.00003017,-0.20679634,0.01906361,0.03615751,-0.01845981,0.00328040,-0.00070156,
-0.01338641,-0.00241887,0.00553139,0.00095434,0.00193164,-0.00134911,-0.00134757
,0.00130801,-0.00334983,0.00045274,-0.00031739,0.00034500,0.00047286,0.00010793,
0.00024981,0.24764629,0.00081893,0.00091602,-0.00027205,0.00140076,0.00032941,0.
00089043,-0.00364264,-0.00193160,-0.00180151,-0.00011342,-0.00004141,-0.00002758
,0.00001627,0.00000645,0.00000764,0.00003854,0.00002553,0.00003081,-0.00001138,-
0.00001035,0.00002361,0.00096627,-0.00098044,-0.00041023,-0.00025164,0.00009629,
0.00006978,-0.00013721,-0.00001367,-0.00015072,-0.00011877,0.00039930,0.00001671
,-0.00006075,-0.00021493,-0.00001080,0.00001036,-0.00001642,-0.00004125,0.000053
48,0.00000542,-0.00002293,0.00002775,-0.00008056,0.00000414,0.00004248,0.0000412
5,-0.00001279,0.00006053,0.00003908,-0.00000051,-0.00016100,-0.00029456,-0.00013
398,-0.00041646,-0.00029948,0.00058010,0.01943535,-0.00551259,-0.00708588,-0.000
70779,-0.00018737,0.00013847,-0.00014957,-0.00004276,0.00011736,0.00006240,0.000
08571,0.00000676,0.00006364,0.00001924,0.00009703,-0.00000029,0.00006079,0.00000
635,-0.00008241,-0.00014400,0.00008623,-0.00000293,-0.00001223,0.00001197,0.0021
1184,0.00045157,0.00041544,0.00053719,-0.00294378,-0.00286666,0.00001480,-0.0000
6777,0.00000628,0.00004797,-0.00003768,-0.00000452,-0.00000047,0.00003792,0.0000
2344,-0.00030783,-0.00016955,-0.00022851,-0.00002594,0.00001898,-0.00005676,0.00
029389,0.00021459,-0.00008648,0.00007559,-0.00004906,0.00001668,-0.00001298,-0.0
0003367,0.00000272,0.00000275,0.00003451,0.00003130,0.00008992,-0.00014921,0.000
06377,0.00083023,0.00010597,0.00029806,-0.00019265,0.00016044,0.00013101,0.02124
115,-0.04021283,-0.00516022,0.00791311,-0.00019948,-0.00024811,-0.02130296,-0.00
134280,0.00758392,-0.00180622,0.00052580,0.00062537,0.00117790,0.00008564,0.0015
8785,-0.00049725,0.00027028,-0.00027656,0.00050923,-0.00023692,-0.00000236,-0.02
486493,0.05596396,0.00049812,0.00069506,0.00012036,0.00278005,-0.00055378,0.0006
9425,-0.00235088,-0.00220750,-0.00141931,-0.00007150,-0.00004650,0.00003497,0.00
001245,0.00001892,0.00000373,0.00002191,0.00000547,0.00002181,-0.00001410,-0.000
04019,0.00000259,0.00051001,-0.00000712,0.00010564,-0.00031868,0.00023637,0.0000
2100,-0.00001991,-0.00008328,-0.00008706,-0.00033815,0.00017015,-0.00015315,-0.0
0002526,-0.00013620,-0.00011151,0.00002544,0.00006732,-0.00006794,0.00007820,-0.
00004210,-0.00005798,-0.00002673,0.00002390,-0.00004366,0.00002962,0.00005402,-0
.00000463,0.00004981,0.00003082,0.00001173,-0.00000167,-0.00058960,-0.00002905,-
0.00007408,-0.00013328,0.00004585,0.01984805,-0.00576354,-0.00641831,-0.00121423
,0.00030758,-0.00016189,-0.00006778,-0.00007627,0.00017592,0.00009365,0.00002163
,0.00007857,0.00006918,0.00010637,0.00005566,-0.00005578,0.00012099,0.00005161,-
0.00006214,-0.00001481,0.00017493,0.00000828,-0.00001384,0.00001536,0.00037242,0
.00151782,0.00089590,0.00046844,-0.00307763,-0.00243845,0.00005280,-0.00001563,0
.00000618,0.00006625,-0.00001428,-0.00001730,0.00000611,0.00004132,0.00002048,-0
.00054201,0.00001672,-0.00015972,-0.00014610,0.00005038,-0.00006321,-0.00024816,
-0.00021312,0.00013930,0.00003881,-0.00000934,-0.00001668,0.00007052,0.00003526,
0.00001815,-0.00001671,0.00003019,-0.00016997,0.00019834,0.00002732,-0.00003135,
-0.00051186,0.00058106,0.00028560,0.00032213,0.00008330,0.00010102,0.03840909,-0
.00546632,-0.04609479,-0.02471966,0.00409680,0.00051722,0.00992162,0.00183360,-0
.00246366,0.00071393,-0.00009766,0.00048595,-0.00328289,0.00155765,-0.00375719,-
0.00053560,0.00000353,0.00065176,-0.00019517,-0.00021722,0.00064286,-0.04102124,
0.00453194,0.05991456,-0.00004236,-0.00003255,0.00002560,-0.00032734,0.00009075,
-0.00001501,-0.00002704,-0.00012226,-0.00015901,0.00003181,0.00001056,0.00000028
,-0.00000057,0.00000132,0.00000913,-0.00000119,0.00000387,0.00000392,0.00001029,
0.00000800,0.00001456,-0.00020660,0.00021386,-0.00007518,0.00016523,0.00005389,0
.00008239,0.00001027,0.00001037,0.00000885,-0.00006702,-0.00017943,0.00005063,-0
.00000811,0.00000571,0.00002288,-0.00000731,-0.00001011,-0.00000149,-0.00000235,
0.00000227,0.00000556,0.00000423,0.00000164,-0.00000659,-0.00000120,-0.00000400,
-0.00000554,-0.00000004,-0.00000242,-0.00000659,0.00006823,0.00006383,0.00000356
,0.00000707,0.00003045,0.00007665,-0.00073390,-0.00056793,0.00090561,0.00003707,
-0.00018097,0.00004513,0.00001813,-0.00001711,-0.00002484,0.00001097,0.00000317,
-0.00001738,-0.00000506,0.00000201,-0.00000935,0.00001459,-0.00000578,-0.0000100
0,-0.00001994,0.00001183,-0.00003378,-0.00000370,0.00001233,0.00001170,0.0001023
0,-0.00068662,-0.00022738,0.00002993,-0.00006350,0.00004555,0.00000854,0.0000142
0,0.00000070,-0.00001339,0.00001430,0.00000495,-0.00000045,0.00000129,0.00000118
,-0.00001459,0.00003861,0.00000725,0.00000957,-0.00000944,-0.00001314,-0.0000088
3,-0.00000740,0.00000508,0.00000101,0.00000353,0.00001058,0.00000170,-0.00000744
,0.00001486,0.00003532,0.00001579,0.00004278,-0.00000045,0.00000977,-0.00000773,
-0.00000913,-0.00003861,-0.00011232,-0.00000923,-0.00003720,0.00000017,-0.005247
64,-0.00965552,-0.00870340,0.00085087,0.00105930,-0.00087687,-0.08644186,-0.0507
4556,-0.07151107,-0.01441952,-0.00852286,-0.02115923,0.00014747,0.00024950,0.000
11456,0.00011953,-0.00006486,0.00060517,-0.00008371,0.00034718,-0.00025235,-0.00
055413,-0.00058025,0.00022906,0.10084443,-0.00013210,0.00001804,0.00001427,0.000
36782,-0.00014048,0.00050476,0.00021839,-0.00022374,-0.00020100,0.00004103,0.000
02092,-0.00002154,-0.00000470,0.00000091,0.00001243,-0.00001008,0.00000340,0.000
00789,0.00001684,-0.00000535,0.00001481,-0.00039913,0.00047532,-0.00015408,-0.00
007614,-0.00003408,-0.00006957,-0.00000717,-0.00001506,0.00001102,-0.00029842,-0
.00046324,0.00011719,-0.00002549,-0.00001125,0.00002178,-0.00000597,-0.00000365,
0.00000045,-0.00000255,-0.00002329,0.00000563,0.00000872,0.00001816,-0.00002725,
0.00000105,-0.00000243,-0.00000468,-0.00000279,-0.00000259,-0.00000580,0.0001935
3,-0.00001251,0.00001774,0.00003530,0.00002647,0.00012560,-0.00259187,-0.0029637
3,0.00149512,-0.00022767,0.00000369,0.00002341,0.00002768,-0.00002215,-0.0000114
2,0.00000548,-0.00001151,-0.00000987,0.00001050,0.00000448,-0.00000850,0.0000082
3,0.00002277,-0.00002450,-0.00000298,-0.00002314,-0.00003130,0.00000422,0.000023
51,0.00003428,0.00010162,-0.00181463,-0.00072384,-0.00009119,0.00003791,0.000020
78,0.00001142,0.00000829,0.00000481,-0.00001518,0.00001845,0.00000941,0.00000721
,0.00001461,0.00000319,-0.00009004,0.00007346,-0.00001361,0.00000687,0.00000319,
0.00002594,-0.00000727,-0.00001996,-0.00004102,-0.00003389,0.00002565,0.00000547
,0.00001895,0.00000551,0.00000770,0.00000234,-0.00004895,-0.00000392,-0.00002212
,0.00002598,0.00000704,-0.00003151,-0.00005630,0.00000391,0.00001441,-0.00001570
,-0.00001608,-0.01220559,-0.01931596,-0.01646387,-0.00047679,0.00045354,-0.00140
233,-0.05034928,-0.09880205,-0.08624957,0.00859303,0.00703941,0.01245078,0.00059
036,-0.00066593,0.00004134,-0.00039702,-0.00000552,0.00109821,0.00013787,0.00039
258,-0.00021268,-0.00033618,-0.00082450,0.00003527,0.05700123,0.12024361,0.00001
266,0.00002686,0.00005573,0.00030263,0.00043282,-0.00030867,0.00012755,-0.000089
87,-0.00032183,0.00004734,0.00001957,-0.00000706,-0.00000288,-0.00000020,0.00001
540,-0.00000536,0.00000424,0.00000937,0.00001653,0.00000633,0.00001584,-0.000103
03,0.00039972,-0.00002647,-0.00018867,-0.00039296,-0.00001591,-0.00002922,-0.000
01310,0.00000924,-0.00009626,-0.00015028,0.00001814,-0.00001828,-0.00003937,0.00
002032,-0.00002565,-0.00002679,-0.00000589,-0.00000677,-0.00001094,0.00000741,0.
00000402,-0.00000275,-0.00000143,-0.00000228,-0.00000723,-0.00000538,-0.00000038
,-0.00000484,-0.00000554,0.00007224,0.00005449,-0.00002886,-0.00000257,0.0000720
8,0.00010514,0.00003113,0.00068575,0.00012663,-0.00017036,-0.00028906,0.00019562
,0.00000410,-0.00003718,0.00000078,0.00004057,0.00000187,-0.00002445,-0.00000225
,0.00001754,-0.00000776,0.00000351,0.00001882,-0.00001528,-0.00002471,0.00001115
,-0.00001761,-0.00000074,0.00001904,0.00000453,0.00003984,0.00018009,0.00021224,
-0.00008227,0.00011096,-0.00004665,0.00000484,0.00000634,0.00000015,-0.00002125,
0.00001235,0.00000927,-0.00000111,-0.00000209,0.00000437,-0.00005378,0.00004375,
-0.00001924,0.00002635,-0.00000320,-0.00000905,0.00005689,-0.00001581,-0.0000204
6,-0.00001528,0.00000812,0.00000974,-0.00000153,-0.00000429,0.00000670,0.0000454
0,0.00000307,0.00003126,0.00000023,0.00001526,0.00000297,-0.00001936,-0.00003375
,-0.00009251,-0.00001780,-0.00001841,0.00002596,0.00275100,0.00355986,0.00544034
,0.00059927,0.00200704,0.00080064,-0.07193995,-0.08645847,-0.16939167,-0.0097654
7,-0.00453797,-0.01197642,0.00016064,-0.00006754,0.00018687,0.00038199,0.0004595
1,-0.00010948,0.00010724,0.00026761,-0.00017584,0.00041997,0.00025218,-0.0004603
5,0.08726275,0.09571397,0.19789247,0.00006807,0.00000322,-0.00000193,-0.00281374
,-0.00195302,0.00082303,-0.00060261,-0.00009336,0.00034394,0.00001369,0.00000405
,-0.00000621,0.00000792,0.00000467,-0.00000314,0.00000953,0.00000137,-0.00000038
,-0.00002441,0.00000352,0.00000352,-0.00004156,-0.00011805,0.00006650,0.00139369
,0.00138770,-0.00055128,0.00006021,0.00005334,-0.00001822,0.00019544,0.00016324,
-0.00002569,0.00001391,0.00003565,-0.00001365,0.00001504,0.00002115,-0.00000043,
0.00002520,0.00004043,0.00001482,-0.00000701,0.00000417,0.00000851,0.00000385,0.
00000205,-0.00000328,0.00000808,0.00000398,-0.00000067,-0.00006854,0.00005270,0.
00001759,0.00000146,-0.00003736,-0.00017082,0.00058039,0.00086319,0.00006675,0.0
0080263,0.00006947,-0.00018988,-0.00000467,-0.00001011,-0.00003333,-0.00000367,0
.00000312,-0.00001351,-0.00000198,-0.00000149,-0.00001434,-0.00000066,-0.0000399
3,0.00000680,-0.00002185,0.00002590,-0.00001705,-0.00000086,-0.00002438,-0.00000
471,0.00016319,0.00032519,-0.00010615,0.00033874,-0.00021909,-0.00009041,-0.0000
1385,-0.00000053,0.00000040,0.00002289,-0.00000259,0.00000189,-0.00000574,-0.000
00641,-0.00000062,0.00000954,-0.00009994,0.00001826,-0.00001771,-0.00003489,0.00
000986,-0.00004538,0.00001162,0.00002598,0.00004611,-0.00000291,-0.00000158,-0.0
0000951,-0.00001383,-0.00001466,-0.00004463,0.00003891,0.00003924,0.00004545,-0.
00002478,-0.00001395,0.00005897,0.00002940,0.00006791,0.00004340,0.00002623,-0.0
0005017,-0.01031087,-0.00215850,0.01037387,-0.00026257,-0.00020874,0.00022162,-0
.14882140,0.03006422,0.11158176,-0.01965553,0.00881139,0.01524353,0.00013893,0.0
0001259,-0.00008485,-0.00007884,-0.00004712,-0.00005568,0.00012284,0.00005159,0.
00015886,-0.00129453,-0.00184743,0.00147084,0.00853416,-0.00252219,-0.00835698,0
.17463023,-0.00005030,-0.00005035,-0.00002227,-0.00207424,-0.00079465,0.00028208
,-0.00005512,0.00008331,0.00007367,0.00000556,0.00000043,0.00000110,0.00000096,-
0.00000134,-0.00000374,0.00000352,0.00000030,-0.00000193,-0.00000355,0.00000189,
-0.00000030,-0.00011116,-0.00003033,0.00010219,0.00084451,0.00003700,-0.00018961
,0.00002385,0.00000028,-0.00000162,0.00015362,0.00009666,-0.00003143,-0.00001223
,-0.00000490,-0.00003216,0.00000832,0.00001335,0.00000119,0.00001362,-0.00000327
,-0.00000061,-0.00000711,0.00001762,0.00000266,0.00000068,0.00000415,0.00000435,
0.00000196,0.00000407,0.00000447,-0.00002842,0.00004027,0.00000513,-0.00002016,-
0.00003124,0.00002327,-0.00137489,0.00077385,0.00082042,0.00068169,0.00003333,-0
.00006883,0.00000341,0.00000517,-0.00000917,-0.00000313,-0.00000211,0.00000343,0
.00000663,-0.00000293,0.00000184,0.00000556,0.00000212,-0.00000080,-0.00000700,-
0.00002346,-0.00001458,-0.00000855,-0.00000632,-0.00000117,0.00016844,0.00014387
,-0.00020408,0.00022694,-0.00058926,0.00030587,0.00000612,0.00000086,0.00000281,
0.00000756,-0.00000355,0.00000026,-0.00000076,-0.00000316,0.00000243,0.00006684,
-0.00001757,0.00004538,0.00000498,-0.00000329,-0.00000219,-0.00004638,0.00002707
,-0.00000311,-0.00000505,-0.00000372,0.00000006,0.00000033,0.00000405,0.00000257
,0.00000131,-0.00000055,-0.00000964,-0.00003062,-0.00000183,-0.00001165,-0.00003
998,-0.00011601,0.00001291,0.00004525,0.00000388,-0.00003160,-0.01849691,0.00059
322,0.01751098,-0.00059227,-0.00094071,0.00046505,0.02969472,-0.05067055,-0.0339
5733,0.01463976,-0.00554443,-0.01036120,0.00011820,0.00013183,-0.00009995,0.0000
1170,-0.00010647,-0.00000864,0.00032499,-0.00013379,0.00030547,-0.00216135,-0.00
305374,0.00198069,0.01011080,-0.00355931,-0.01433085,-0.03529503,0.06505991,0.00
000603,-0.00001594,-0.00002820,-0.00120314,-0.00088356,0.00115020,0.00028783,0.0
0012472,0.00001003,-0.00003487,-0.00000442,0.00000812,0.00000011,0.00000001,-0.0
0000474,0.00000092,-0.00000069,-0.00000176,-0.00000345,0.00000022,-0.00000336,0.
00014574,-0.00013890,-0.00001632,0.00024814,0.00038457,-0.00038183,-0.00002913,-
0.00002025,-0.00001473,-0.00006567,-0.00004773,0.00002092,0.00000634,-0.00002908
,-0.00000487,-0.00000439,-0.00000756,0.00000524,-0.00001258,-0.00000727,-0.00000
489,0.00000623,-0.00000505,-0.00000082,-0.00000046,0.00000192,0.00000635,-0.0000
0253,0.00000256,0.00000468,-0.00000140,-0.00002798,-0.00001430,0.00000024,0.0000
2917,0.00005423,-0.00062019,-0.00107533,0.00012229,0.00055508,0.00006992,-0.0002
5004,-0.00000959,0.00000339,0.00002829,0.,0.00000257,0.00000915,0.00000093,0.000
01010,0.00000985,0.00000045,0.00000920,-0.00000066,0.00000251,-0.00001399,0.0000
1208,0.00000087,-0.00000416,0.00000539,-0.00023990,-0.00023018,-0.00011934,-0.00
023357,0.00040590,0.00025664,0.00000619,-0.00000121,-0.00000093,-0.00000148,-0.0
0000313,-0.00000581,0.00000370,0.00000294,-0.00000361,0.00003926,0.00002254,0.00
000392,0.00000087,0.00000956,-0.00001731,-0.00004316,-0.00001444,0.00001203,0.00
001206,-0.00001079,0.00000013,-0.00000358,-0.00000074,0.00000777,0.00000209,0.00
001399,0.00001213,-0.00000055,-0.00000434,0.00000715,0.00003333,0.00006603,-0.00
005017,-0.00004472,-0.00001717,0.00001987,0.01058693,0.00212826,-0.00859228,0.00
049836,0.00072878,-0.00045644,0.11372156,-0.03463873,-0.16386576,-0.00645033,0.0
0218510,0.00746898,-0.00028538,0.00018145,-0.00018906,-0.00001736,0.00000772,0.0
0027076,-0.00034830,0.00007592,-0.00000182,-0.00002656,0.00106788,-0.00074055,0.
01626029,-0.00840197,-0.02248106,-0.12966194,0.03663745,0.18615727,-0.00013862,-
0.00013235,0.00005136,-0.00026802,0.00007211,-0.00003197,0.00010371,0.00033712,-
0.00002754,0.00002208,-0.00001644,-0.00003469,-0.00000088,-0.00000046,0.00000385
,0.00000357,0.00000212,0.00000394,0.00000552,0.00000053,0.00001810,-0.00006616,0
.00009087,-0.00001836,0.00000849,-0.00007425,-0.00002591,0.00002361,0.00001131,-
0.00000349,0.00000712,-0.00005807,0.00000975,-0.00000369,0.00002379,-0.00001151,
0.00000945,-0.00001229,-0.00001322,0.00000456,0.00002513,-0.00001039,-0.00000525
,-0.00000844,-0.00000455,-0.00000239,-0.00000491,-0.00000395,0.00000198,-0.00000
370,-0.00000395,0.00002149,0.00007897,-0.00000759,-0.00002392,-0.00000110,0.0000
1040,0.00013396,0.00018876,-0.00009485,0.00015011,-0.00014326,-0.00006113,0.0000
2079,-0.00000671,-0.00000169,0.00001597,0.00002413,-0.00000498,-0.00000746,0.000
00299,0.00000181,0.00001917,0.00001210,0.00000350,-0.00001615,0.00001922,-0.0000
2741,-0.00000577,0.00000665,-0.00000022,0.00003441,0.00006756,0.00006543,0.00004
784,-0.00007388,-0.00002981,-0.00000108,-0.00002135,-0.00000406,-0.00000152,-0.0
0000095,0.00000843,-0.00000269,0.00000045,0.00000605,-0.00000755,-0.00001415,-0.
00002953,0.00000983,-0.00002534,0.00000328,-0.00000558,0.00002575,-0.00000504,-0
.00001346,-0.00000648,0.00002029,-0.00001118,-0.00000694,0.00000011,0.00003227,-
0.00004462,0.00009722,-0.00006045,-0.00005943,0.00000784,0.00023504,-0.00002015,
0.00003902,0.00000408,0.00002648,-0.00005518,-0.00249214,0.00243436,-0.00172626,
0.00034363,0.00084757,-0.00044715,0.00688718,0.01830223,-0.00862375,-0.08276128,
-0.08114841,0.03962250,0.00010725,-0.00004427,0.00005991,-0.00001119,-0.00000458
,0.00003654,-0.00008402,0.00012624,-0.00024893,0.00012088,-0.00001155,-0.0001600
9,0.00049530,0.00011463,0.00017826,0.00070327,0.00028674,-0.00026862,0.09543775,
-0.00022548,-0.00005884,0.00004628,-0.00064781,-0.00050173,0.00085836,0.00036313
,0.00003060,0.00001313,0.00005448,0.00001788,-0.00003447,-0.00000245,0.00000224,
0.00001119,-0.00000583,0.00000258,0.00000712,0.00000621,-0.00000212,0.00002185,-
0.00012587,0.00062211,0.00003789,0.00030927,0.00049211,-0.00045705,0.00002038,0.
00000409,0.00002629,-0.00019375,-0.00028076,0.00000932,-0.00000168,0.00002910,0.
00001148,0.00001185,-0.00000093,-0.00000593,-0.00000044,0.00000186,-0.00000292,0
.00000303,0.00001740,-0.00001344,-0.00000132,-0.00000581,-0.00000972,-0.00000429
,-0.00000744,-0.00000999,0.00014726,0.00010107,0.00002837,0.00001444,0.00000830,
0.00002389,-0.00015047,0.00003782,0.00001721,0.00027817,-0.00006380,-0.00023807,
0.00004957,-0.00002126,-0.00003229,-0.00000064,-0.00000209,-0.00001572,0.0000014
8,-0.00000384,-0.00001408,0.00002487,0.00000794,-0.00001904,-0.00001202,-0.00000
326,-0.00005842,-0.00000334,0.00001224,0.00002362,0.00003689,-0.00020673,-0.0002
3155,-0.00000769,0.00001569,0.00002214,-0.00000070,0.00000059,-0.00000108,-0.000
01486,0.00001546,0.00001479,0.00000203,0.00000841,0.00000733,-0.00004203,0.00006
839,-0.00002695,-0.00000023,-0.00002986,0.00002635,0.00010019,0.00007149,0.00000
568,-0.00003954,0.00002173,0.00001314,0.00000090,0.00000053,0.00000074,0.0000383
2,-0.00005743,0.00007829,-0.00004661,0.00000624,-0.00000522,-0.00005652,-0.00026
061,-0.00002192,0.00003648,0.00000682,-0.00004420,0.00307583,-0.00199931,0.00229
452,-0.00017626,-0.00100628,0.00028298,-0.00463793,-0.01813505,0.00893514,-0.081
37873,-0.20573258,0.07672138,0.00003428,-0.00001882,0.00001215,-0.00003225,0.000
00808,-0.00005337,0.00011552,-0.00004624,0.00023589,0.00055102,0.00014619,-0.000
19211,-0.00025755,0.00058126,-0.00003028,-0.00028380,-0.00001099,-0.00020516,0.0
9241797,0.23899001,0.00003186,-0.00004147,0.00002831,-0.00013176,0.00026981,-0.0
0013065,0.00003717,0.00019021,-0.00019168,-0.00001790,-0.00000451,0.00002290,0.0
0000218,-0.00000058,-0.00000453,0.00000760,0.00000002,-0.00000224,0.00000747,-0.
00000213,0.00000801,0.00006106,-0.00020876,-0.00004865,-0.00003068,-0.00011511,0
.00009181,-0.00002750,-0.00000958,-0.00001893,0.00006592,0.00008722,0.00000965,0
.00000921,-0.00002379,-0.00001456,-0.00000967,-0.00000611,-0.00000586,-0.0000024
6,-0.00000056,-0.00000426,0.00000128,-0.00001160,0.00000471,0.00000078,0.0000023
0,0.00000330,0.00000299,0.00000258,0.00000515,-0.00005040,-0.00002955,-0.0000274
0,-0.00000989,0.00003149,0.00001414,-0.00003609,0.00024574,-0.00013148,0.0001314
7,-0.00013080,0.00000724,-0.00001569,0.00000774,0.00002000,0.00001172,0.00001512
,0.00000443,-0.00000342,0.00000291,0.00001302,-0.00000377,0.00000519,0.00000983,
-0.00000164,0.00001561,0.00002492,-0.00000742,0.00000420,-0.00000706,-0.00002336
,0.00017048,0.00013972,-0.00000213,0.00000373,0.00002569,0.00001157,-0.00000007,
0.00000186,-0.00000162,-0.00000794,-0.00000270,0.00000051,-0.00000181,-0.0000009
9,0.00008744,0.00005819,-0.00000474,-0.00000642,0.00001853,-0.00003163,0.0000128
2,0.00003284,0.00007185,-0.00000066,-0.00001868,0.00000901,-0.00000997,-0.000004
97,0.00001633,0.00005427,0.00001126,0.00003428,0.00000766,0.00000461,-0.00000383
,-0.00006018,-0.00005884,-0.00019881,-0.00004222,-0.00004102,0.00004317,-0.00185
967,0.00178512,-0.00061357,0.00008468,0.00049463,-0.00012925,0.00337843,0.012085
38,-0.00535050,0.03927592,0.07637852,-0.08195174,-0.00000982,0.00000904,0.000010
21,0.00004798,-0.00000383,0.00006052,-0.00005608,0.00000987,-0.00011403,-0.00030
603,-0.00013434,-0.00000807,0.00029873,0.00013499,-0.00016598,0.00023363,-0.0005
0234,0.00055741,-0.04443160,-0.09153671,0.09188543,-0.00011388,-0.00018184,0.000
04708,-0.00101301,-0.00003042,0.00035164,0.00005481,0.00037645,0.00027249,-0.000
00161,-0.00003253,0.00003601,0.00000012,-0.00000184,-0.00000836,0.00000713,-0.00
000162,-0.00000563,-0.00000814,0.00000384,-0.00000334,-0.00010320,-0.00016866,0.
00003038,0.00045534,0.00027846,-0.00014987,0.00003754,0.00002399,0.00000982,0.00
015784,0.00005884,-0.00000519,0.00003433,0.00006708,-0.00000722,0.00002374,0.000
01591,-0.00000440,-0.00000298,0.00005434,-0.00000894,-0.00000639,-0.00000844,0.0
0000286,-0.00000307,-0.00000547,-0.00000185,-0.00000507,-0.00000139,-0.00000444,
-0.00007202,0.00007612,0.00002437,-0.00001445,-0.00004414,-0.00014066,0.00002382
,-0.00008492,-0.00008369,0.00058563,-0.00005430,-0.00015279,0.00001709,0.0000268
0,-0.00001738,-0.00002467,0.00002076,0.00000375,-0.00002664,-0.00002549,-0.00000
247,0.00002206,-0.00003002,0.00001291,0.00002143,0.00003475,-0.00002425,-0.00001
204,-0.00000609,-0.00000548,0.00008693,0.00001281,-0.00000325,0.00010372,-0.0001
9441,-0.00002425,-0.00000539,-0.00000167,-0.00001552,-0.00000325,-0.00000743,0.0
0000540,-0.00000343,-0.00000162,0.00000033,0.00019020,0.00003676,0.00002600,0.00
000918,-0.00000972,-0.00001685,-0.00035645,-0.00015997,0.00005029,-0.00001271,-0
.00000412,0.00000114,-0.00002352,-0.00000673,-0.00001063,0.00004908,0.00003448,0
.00000907,-0.00008474,0.00002137,-0.00000847,-0.00033519,-0.00049923,0.00002076,
0.00008141,0.00005038,0.00001988,0.00026532,-0.00100982,0.00038784,0.00005557,-0
.00013798,0.00016973,-0.02079698,0.01018646,0.01527353,-0.13740121,0.03684024,0.
10533516,0.00009816,-0.00009133,0.00007533,-0.00004605,-0.00003612,-0.00019962,0
.00004960,-0.00004687,0.00002990,0.00068389,0.00017152,-0.00010585,0.00042357,-0
.00033162,0.00064708,-0.00418720,0.00350283,-0.00242481,-0.01131572,0.00157964,0
.01382297,0.16339460,0.00017024,0.00021066,-0.00004212,0.00056164,0.00025934,-0.
00033346,0.00001173,-0.00055494,-0.00021001,-0.00001058,0.00001088,0.00005366,-0
.00000137,0.00000358,0.00000406,-0.00000739,0.00000008,0.00000171,0.00001307,-0.
00000269,-0.00000843,0.00008830,-0.00002178,-0.00005333,-0.00029647,-0.00024773,
0.00021447,-0.00002846,-0.00001379,0.00000731,-0.00006330,0.00005078,0.00000623,
0.00000853,-0.00004445,0.00001251,-0.00001666,0.00000303,0.00001000,-0.00001547,
-0.00005315,-0.00000174,0.00000527,0.00000594,0.00000256,0.00000234,0.00001163,0
.00000303,0.00000405,0.00000622,0.00000344,0.00000814,-0.00017215,-0.00001651,0.
00002563,0.00003859,0.00004556,-0.00007717,-0.00008433,0.00000219,-0.00027432,-0
.00007217,0.00014846,-0.00001715,-0.00000821,0.00002177,0.00000302,-0.00001529,0
.00000468,0.00001670,0.00000553,0.00000173,-0.00002094,0.00001784,-0.00000644,0.
00000552,-0.00000915,0.00005717,0.00000336,0.00001077,0.00000258,-0.00009089,0.0
0006103,0.00008464,-0.00013470,0.00011184,0.00006060,0.00003155,0.00004108,0.000
00444,-0.00000178,0.00002075,-0.00000960,0.00000324,-0.00000015,-0.00000449,-0.0
0000273,0.00012780,0.00001117,-0.00003657,0.00006215,-0.00004482,-0.00031766,-0.
00022807,0.00002973,-0.00002029,0.00001198,0.00000455,0.00005180,0.00003044,0.00
003445,0.00004726,-0.00001823,-0.00009051,0.00012896,0.00012876,-0.00000269,-0.0
0095843,-0.00018863,-0.00015502,0.00000852,-0.00004030,0.00008873,0.00134626,0.0
0070826,-0.00098223,-0.00005201,0.00009589,-0.00005282,0.01425395,-0.00678565,-0
.01130887,0.03799597,-0.06027310,-0.04464201,-0.00014457,0.00005834,-0.00005733,
0.00004188,0.00004932,0.00011015,-0.00005050,0.00001406,-0.00004798,-0.00013846,
-0.00103852,0.00037561,-0.00080986,0.00063839,-0.00010684,0.00324630,-0.00175811
,0.00151957,-0.01819514,0.00535890,0.02043560,-0.04688174,0.06835007,0.00007452,
0.00019772,-0.00002672,0.00076816,0.00047656,-0.00064232,0.00019304,-0.00100851,
-0.00026234,0.00000514,0.00001696,0.00003976,-0.00000279,0.00000246,0.00000532,-
0.00001172,-0.00000385,0.00000431,0.00003015,-0.00000308,-0.00000859,0.00005342,
0.00017747,-0.00003374,-0.00040050,-0.00054647,0.00029806,-0.00002027,-0.0000438
4,0.00002084,-0.00016496,-0.00005637,0.00000941,-0.00000760,-0.00003676,0.000019
28,-0.00001902,-0.00000811,0.00001242,-0.00002218,-0.00004421,-0.00001507,0.0000
0084,0.00001786,-0.00000054,-0.00000364,0.00001066,0.00000452,0.00000086,-0.0000
0241,0.00000485,0.00006276,-0.00005342,-0.00002519,0.00001058,0.00003874,0.00011
207,0.00005509,0.00001796,0.00002328,-0.00041513,-0.00018704,0.00018507,-0.00000
539,-0.00001701,0.00003572,0.00001992,-0.00000473,0.00000183,0.00000228,0.000014
79,-0.00000184,-0.00000976,0.00002896,-0.00001958,-0.00000306,-0.00000710,0.0000
1810,0.00000232,0.00001983,0.00000202,-0.00003256,-0.00008526,0.00003188,-0.0000
4241,0.00008346,0.00001062,0.00004174,0.00003166,-0.00000497,-0.00000655,0.00002
037,-0.00000216,0.00000173,0.00000116,-0.00000728,-0.00016354,0.00014598,-0.0000
1269,-0.00002906,0.00002653,-0.00001759,-0.00004960,-0.00013158,-0.00014117,-0.0
0009714,0.00002924,-0.00000256,0.00007810,0.00007171,0.00002166,0.00007884,-0.00
009435,-0.00014767,0.00002999,0.00009835,0.00000862,-0.00047373,-0.00035238,0.00
036810,0.00013727,0.00011982,-0.00003497,-0.00050404,0.00005707,0.00033491,-0.00
016182,-0.00000218,-0.00001044,-0.00590644,0.00248469,0.00764373,0.10661749,-0.0
4380201,-0.16242489,-0.00002118,0.00000688,-0.00006646,-0.00002363,0.00004121,0.
00004770,0.00000869,-0.00004791,0.00002171,-0.00017815,-0.00009860,0.00035792,-0
.00027727,0.00029811,0.00098306,-0.00185061,0.00151320,0.00042081,0.01108692,-0.
00186044,-0.01218356,-0.12387696,0.04997996,0.18616988,-0.00006274,-0.00003341,0
.00004720,0.00170897,0.00188320,-0.00130100,0.00056405,0.00026579,-0.00038940,0.
00000395,-0.00003815,-0.00000280,-0.00000844,0.00000188,0.00001054,-0.00001838,-
0.00000276,0.00000684,0.00001439,-0.00001153,-0.00001697,-0.00012712,0.00018667,
-0.00001341,-0.00086062,-0.00117477,0.00103540,0.00000894,-0.00001770,0.00001977
,-0.00007299,-0.00012513,0.00000347,0.00000892,0.00000225,0.00001014,-0.00000661
,-0.00002316,-0.00000716,-0.00003589,-0.00001296,-0.00003133,-0.00000121,-0.0000
0016,-0.00001185,-0.00000564,-0.00000252,-0.00000837,-0.00000449,-0.00000689,-0.
00001103,0.00002313,-0.00002110,-0.00000327,-0.00002344,0.00001751,0.00014862,-0
.00018959,-0.00003083,0.00008852,-0.00052122,-0.00063048,0.00002425,0.00001935,-
0.00004426,0.00003619,0.00000892,0.00001971,-0.00000408,-0.00001024,0.00000795,0
.00000743,0.00002320,0.00003048,-0.00000227,0.00000148,0.00001433,-0.00000047,0.
00000990,0.00002054,0.00000233,0.00002852,-0.00009424,0.00011156,-0.00002059,-0.
00003711,0.00000717,0.00000602,-0.00000173,-0.00002347,-0.00000766,0.00002864,-0
.00000261,0.00000195,0.00000558,0.00000844,-0.00008178,0.00003932,-0.00002697,-0
.00009969,-0.00001742,0.00013903,-0.00010667,-0.00003918,-0.00006865,-0.00003860
,0.00007200,-0.00001886,0.00011363,0.00006197,-0.00004659,-0.00022034,-0.0001882
5,-0.00022486,-0.00001924,0.00004907,0.00000667,-0.00028589,-0.00006461,0.000499
14,0.00008760,0.00007115,-0.00003935,0.00051714,-0.00070558,0.00049948,0.0000999
9,0.00004884,0.00003640,-0.01420702,-0.00894354,-0.01909933,-0.09500900,-0.05732
400,-0.07934181,0.00006554,-0.00010524,0.00001174,-0.00004969,0.00001747,0.00014
230,0.00006815,0.00004147,0.00003447,0.00035518,-0.00001607,0.00010921,-0.003862
05,0.00295805,-0.00255468,0.00025164,-0.00061621,-0.00022099,-0.00779702,-0.0111
0233,-0.01046241,0.00900877,0.01068037,0.01544439,0.11065306,0.00030258,0.000170
24,-0.00003995,0.00193949,-0.00210653,-0.00020266,-0.00045099,0.00054247,0.00003
336,0.00000330,-0.00001917,0.00001089,0.00000559,0.00000624,0.00000545,0.0000049
0,0.00000667,0.00000911,-0.00003535,0.00001795,-0.00001824,0.00003684,-0.0002626
2,0.00005548,0.00037022,-0.00044885,-0.00032604,-0.00000681,0.00000414,-0.000073
20,0.00014963,0.00018830,-0.00003109,-0.00000306,-0.00007522,-0.00005830,-0.0000
0072,0.00000018,-0.00001110,0.00002146,-0.00001608,0.00000420,-0.00000534,-0.000
00469,0.00000248,0.00001259,0.00001100,-0.00000299,0.00001748,0.00001530,-0.0000
0032,-0.00015652,-0.00019209,-0.00002935,0.00000421,0.00001491,-0.00004940,0.000
15877,0.00011559,0.00007416,-0.00136963,-0.00101261,-0.00068101,-0.00004758,-0.0
0004523,0.00005297,0.00003423,-0.00000231,0.00001088,0.00004000,0.00004172,0.000
02281,-0.00002299,0.00002589,0.00002632,-0.00005666,-0.00002084,0.00009581,0.000
01548,-0.00002985,-0.00001321,-0.00004834,0.00017970,-0.00011677,-0.00005193,0.0
0007609,-0.00009934,-0.00001585,-0.00001049,0.00000456,0.00001852,-0.00000694,-0
.00001387,-0.00000296,-0.00000122,0.00001608,0.00006031,-0.00014562,0.00008277,-
0.00000261,-0.00001768,-0.00002689,-0.00004267,0.00003500,0.00009103,0.00012562,
-0.00002564,-0.00002802,-0.00002284,-0.00002878,-0.00001065,-0.00020332,0.000206
96,-0.00004911,0.00004633,-0.00004858,-0.00001494,0.00001595,0.00025101,-0.00006
281,-0.00004961,-0.00003902,0.00001790,0.00044326,0.00079623,0.00052829,0.,-0.00
014940,0.00000654,0.00797156,0.00798199,0.01185965,-0.05822033,-0.10423371,-0.08
865339,-0.00005870,0.00001736,0.00001555,0.00000634,-0.00003118,-0.00006925,-0.0
0001369,-0.00001494,0.00000235,0.00004616,0.00000969,0.00031499,0.00323754,-0.00
105180,0.00229958,-0.00033844,0.00038839,0.00010710,-0.01537269,-0.01815295,-0.0
1963935,-0.00335609,-0.00491708,-0.00755056,0.06495294,0.12197122,-0.00030283,-0
.00031880,0.00008752,-0.00096337,-0.00015217,0.00111267,0.00066309,0.00133161,-0
.00035442,0.00004776,-0.00000187,-0.00006368,-0.00000492,-0.00000588,0.00000673,
-0.00000328,0.00000489,0.00000338,-0.00000696,0.00000315,0.00002962,-0.00014390,
0.00026330,0.00001064,0.00056949,-0.00025365,-0.00066275,-0.00003033,-0.00002423
,-0.00000417,-0.00002445,-0.00020627,0.00001676,-0.00002470,-0.00001612,-0.00001
275,-0.00000613,-0.00003518,-0.00001645,-0.00000297,0.00001545,0.00000015,0.0000
0058,-0.00000507,-0.00001038,-0.00000380,-0.00001533,-0.00000335,-0.00000919,-0.
00000872,-0.00000396,0.00008211,0.00022311,-0.00001287,-0.00002088,0.00006080,0.
00014414,-0.00020704,0.00017428,0.00001066,0.00045089,-0.00101225,-0.00032359,0.
00003284,-0.00002793,-0.00000682,0.00002062,0.00002720,-0.00002046,-0.00000802,0
.00001228,0.00000716,0.00003860,0.00001927,-0.00000011,-0.00002282,-0.00000283,-
0.00007128,0.00000722,0.00000507,0.00000958,0.00003475,-0.00005667,-0.00009094,0
.00005994,-0.00008551,-0.00003308,-0.00002214,-0.00003922,-0.00000420,-0.0000330
1,-0.00000656,0.00001298,0.00000200,0.00000310,0.00001089,0.00010262,0.00000800,
-0.00001795,0.00008696,-0.00003067,0.00001516,0.00017178,0.00014148,0.00005162,0
.00002938,0.00000407,0.00000467,-0.00004964,-0.00005270,-0.00002738,-0.00008996,
-0.00002950,0.00031586,-0.00016105,-0.00008938,-0.00000045,0.00064536,-0.0000620
9,-0.00047965,-0.00009789,-0.00008760,-0.00001479,-0.00033470,-0.00062644,0.0001
9872,0.00020034,-0.00009133,-0.00002001,-0.01002884,-0.00392226,-0.01142614,-0.0
8034148,-0.08902463,-0.17182719,0.00012720,-0.00008291,0.00007601,0.00000281,-0.
00001064,0.00014557,0.00006367,0.00003484,0.00005059,0.00022564,0.00024262,-0.00
081389,-0.00267637,0.00177937,-0.00046433,0.00057904,-0.00015419,0.00062314,0.00
508194,0.00534321,0.00822543,-0.00932298,-0.01519467,-0.02114913,0.09543322,0.10
213876,0.19679193,-0.00376173,-0.00117652,0.00019528,-0.00183048,-0.00005203,0.0
0561378,-0.00137440,-0.00045905,0.00056048,0.00050876,0.00016286,-0.00020741,-0.
00000156,0.00010250,0.00017414,-0.00004676,0.00012533,0.00021978,0.00001314,0.00
001970,0.00017505,-0.21934103,0.00513670,0.01749588,0.00336398,0.00074732,-0.004
75391,0.00030108,-0.00030741,-0.00012821,-0.07831702,-0.01427678,0.01002397,-0.0
0132211,0.00062321,0.00186332,0.00024361,0.00025913,0.00007308,-0.00002401,0.000
22983,0.00028073,-0.00037276,0.00032914,-0.00081390,0.00001505,-0.00001827,-0.00
020519,-0.00003291,-0.00002473,-0.00028936,0.00831248,-0.00201446,0.00212781,0.0
0106124,0.00018682,0.00145976,-0.00260680,0.00032851,-0.00495423,0.00117361,-0.0
0005840,-0.00092532,0.00091241,-0.00015322,-0.00030886,-0.00007389,-0.00050060,-
0.00028710,-0.00007422,0.00047384,-0.00022082,0.00038110,-0.00008693,-0.00123397
,-0.00120470,-0.00092009,-0.00218540,-0.00056961,0.00024897,0.00041521,-0.035541
24,0.03807948,0.01360228,0.00252730,0.00057707,-0.00012433,0.00004655,0.00000072
,0.00000310,-0.00025531,0.00013904,0.00009526,-0.00002999,0.00067495,0.00034600,
-0.00167480,0.00087017,-0.00028263,0.00014436,-0.00013516,0.00049017,0.00019870,
-0.00064793,-0.00055071,-0.00026324,0.00031613,-0.00004960,0.00002719,-0.0000618
2,0.00006140,-0.00002224,-0.00010094,0.00010774,-0.00028470,0.00022022,0.0000413
7,-0.00015209,-0.00024161,0.00006309,0.00009424,-0.00011876,-0.00021639,0.000541
83,0.00016314,0.00007456,-0.00016210,0.00021191,-0.00000950,-0.00019567,-0.00026
687,0.00019939,0.00004155,-0.00005811,-0.00001331,0.00067813,0.00022724,0.000049
98,0.00005902,-0.00015087,0.00016650,-0.00054709,0.00006895,0.00001715,0.0006914
0,-0.00062818,-0.00026749,0.00015451,0.00024372,0.00019744,0.00001287,0.00003719
,-0.00017240,0.00009041,0.00020921,-0.00008179,0.00002550,-0.00009331,-0.0000118
8,0.00012501,-0.00009443,0.00019534,0.41053434,0.00116465,0.00175042,-0.00044723
,-0.00038732,0.00090122,-0.00334822,-0.00321988,0.00052458,-0.00081383,-0.000419
61,-0.00027951,0.00012681,0.00006169,-0.00005295,-0.00011210,-0.00003478,-0.0000
1121,-0.00006002,-0.00005244,-0.00000939,-0.00013028,0.02294152,-0.08133807,-0.0
0432206,-0.00075255,-0.00059365,0.00178802,-0.00025193,0.00008214,-0.00025398,-0
.03255118,0.00619326,0.00338661,0.00028843,-0.00010113,-0.00007741,0.00027719,-0
.00002096,0.00017491,-0.00010504,-0.00011166,-0.00007857,0.00008878,-0.00015166,
-0.00012220,0.00012343,0.00014157,0.00010178,-0.00000103,0.00005593,0.00011280,-
0.00140278,-0.00359032,-0.00023473,-0.00067803,-0.00066816,-0.00097151,0.0015859
2,-0.00159729,0.00114103,0.00080329,0.00023126,0.00055073,-0.00028937,0.00016448
,0.00051545,-0.00002756,0.00022256,0.00012396,0.00033916,-0.00012008,0.00019666,
-0.00040467,0.00014615,0.00016495,0.00013303,-0.00000847,0.00080951,0.00002965,-
0.00032685,-0.00005238,0.05532371,-0.03502720,-0.00740567,0.00060609,-0.00288997
,-0.00014390,0.00002799,-0.00005573,-0.00000994,0.00019532,-0.00000330,-0.000104
22,0.00019091,0.00007659,-0.00016926,0.00253271,-0.00101447,0.00057781,-0.000000
32,0.00004771,-0.00035167,-0.00009714,0.00049335,0.00040556,0.00018261,-0.000220
67,0.00007418,0.00000557,0.00002584,-0.00000099,-0.00003171,0.00008791,-0.000096
85,0.00016948,-0.00012122,-0.00003232,-0.00002098,0.00017222,-0.00001941,-0.0000
9091,0.00004510,0.00010880,0.00012112,0.00026715,0.00029617,-0.00000668,-0.00022
223,-0.00000538,0.00004933,0.00034678,0.00002741,-0.00005854,0.00004538,0.000008
73,-0.00009338,0.00005523,0.00007625,0.00003376,-0.00006188,-0.00020267,0.000089
10,-0.00008230,0.00013151,-0.00011858,0.00009332,-0.00001955,-0.00005789,-0.0001
0996,-0.00012168,0.00002518,0.00004314,0.00004386,-0.00003955,-0.00014498,0.0000
5495,0.00002811,0.00003274,-0.00001069,-0.00005603,0.00007277,-0.00011403,-0.069
70764,0.37142384,0.00183937,0.00039860,0.00059684,0.00055574,-0.00075894,-0.0017
6544,-0.00005674,0.00037737,0.00216241,0.00000496,-0.00001966,0.00000353,-0.0000
3676,-0.00005640,0.00000112,-0.00006566,-0.00001708,-0.00004371,0.00001915,0.000
03576,-0.00003708,0.02245208,-0.00008101,-0.04839739,-0.00082920,0.00029191,0.00
115727,-0.00019678,0.00009696,0.00001092,0.01014144,-0.00050610,0.01413433,-0.00
016843,-0.00048758,-0.00006342,-0.00007728,-0.00020717,0.00008958,-0.00010397,-0
.00010431,-0.00031187,-0.00022284,0.00000063,0.00013846,-0.00000268,0.00002728,0
.00005020,0.00000904,0.00001328,0.00008860,-0.00228537,-0.00000738,-0.00041516,-
0.00047849,0.00028385,-0.00046052,0.00004316,-0.00090627,-0.00033650,-0.00001229
,0.00009460,0.00075184,-0.00030630,-0.00003528,0.00038337,0.00018853,0.00021727,
0.00003228,0.00009569,-0.00004289,0.00012440,-0.00008962,0.00015904,0.00038059,0
.00070764,0.00028641,0.00100431,0.00046583,-0.00006120,-0.00000463,0.00903622,-0
.00615388,0.00889798,-0.00055834,0.00006189,-0.00033227,0.00001145,-0.00001471,0
.00000421,0.00003023,0.00000840,0.00000184,0.00012725,-0.00008327,-0.00010251,0.
00032071,-0.00007270,-0.00041661,-0.00009299,0.00004870,-0.00007383,0.00002378,0
.00004217,0.00003541,-0.00000817,-0.00000528,0.00000870,-0.00000608,-0.00000560,
-0.00001508,0.00003904,-0.00000464,-0.00002411,0.00003140,-0.00004528,-0.0000055
1,0.00000013,0.00002429,-0.00000325,-0.00002826,0.00004234,0.00002588,-0.0005636
8,0.00007579,-0.00027038,0.00010977,0.00008998,-0.00009517,0.00005036,-0.0000260
2,0.00000036,-0.00000993,-0.00004215,-0.00000445,0.00011839,0.00012554,-0.000011
04,0.00006567,-0.00010608,0.00000446,-0.00020477,-0.00001114,0.00027712,-0.00010
977,0.00015145,0.00016171,0.00001324,0.00004831,0.00002204,-0.00003334,-0.000059
07,-0.00002507,0.00000466,-0.00002401,0.00000250,-0.00003432,0.00003501,0.000029
70,0.00001440,-0.00001932,-0.00002853,-0.04628433,0.02903430,0.07581592,-0.00019
346,-0.00007941,-0.00003152,-0.00008177,-0.00008688,0.00014368,0.00009160,-0.000
07024,0.00010924,-0.00002142,-0.00000026,0.00001030,-0.00000317,0.00000105,-0.00
000164,-0.00001564,-0.00000225,-0.00000844,-0.00000658,-0.00000534,-0.00000135,0
.00046700,0.00241621,0.00021047,0.00005438,0.00006183,-0.00009501,0.00003779,0.0
0002815,0.00004000,-0.00015718,-0.00050438,-0.00000884,0.00004685,0.00006636,0.0
0004221,0.00001157,0.00000819,0.00000610,-0.00002723,0.00003606,0.00001411,0.000
00467,-0.00000955,-0.00002265,0.00000117,-0.00000600,-0.00000965,-0.00002353,-0.
00000934,-0.00000540,0.00013905,0.00001848,0.00005578,0.00003795,0.00000499,-0.0
0003485,0.00002587,-0.00007315,-0.00001510,0.00005406,0.00004783,-0.00005981,0.0
0002939,-0.00001581,-0.00002047,-0.00004602,0.00000514,-0.00001382,-0.00002369,-
0.00000927,-0.00002746,0.00003439,-0.00004935,0.00003010,0.00004583,0.00005327,-
0.00004852,-0.00001688,-0.00003662,0.00004661,-0.00114586,0.00063086,0.00010605,
-0.00003132,-0.00000218,0.00001322,-0.00000744,0.00001505,-0.00000530,-0.0000160
2,0.00001683,0.00000178,0.00001789,0.00003747,-0.00003119,-0.00008654,0.00002996
,-0.00001807,-0.00000573,0.00000348,0.00000740,-0.00000577,-0.00000132,-0.000002
13,-0.00001456,0.00001590,-0.00000212,-0.00000108,-0.00000387,-0.00000149,0.0000
0328,-0.00000106,-0.00000119,-0.00002156,0.00001743,0.,0.00000824,0.00000602,-0.
00000198,0.00000232,-0.00000443,0.00000272,0.00000176,-0.00003357,-0.00000669,-0
.00002248,-0.00001495,-0.00001462,-0.00001246,-0.00000177,0.00001614,0.00000159,
0.00000518,-0.00000355,-0.00000099,-0.00001591,0.00000131,0.00000077,0.00002967,
0.00001804,0.00000743,0.00000703,-0.00003334,0.00000122,0.00000427,0.00000245,0.
00000779,0.00002175,0.00000521,-0.00000210,-0.00000131,-0.00000280,0.00000044,0.
00001839,-0.00000590,0.00000027,-0.00000141,-0.00000116,0.00000312,-0.00000771,0
.00000710,-0.02271538,0.01279977,0.00445572,0.44961737,0.00027521,0.00024049,-0.
00006366,0.00006524,0.00007109,-0.00028517,-0.00016646,0.00016752,-0.00012956,-0
.00002906,-0.00000819,0.00000632,0.00001409,-0.00000300,-0.00000950,-0.00000688,
0.00000587,-0.00001204,-0.00000688,0.00000470,-0.00001453,-0.00038065,-0.0046874
1,-0.00039740,-0.00009637,-0.00002520,0.00017626,-0.00004604,0.00001797,-0.00002
451,0.00086903,0.00073486,-0.00003601,0.00005876,-0.00007226,-0.00005271,-0.0000
0569,-0.00000587,0.00000343,0.00001090,-0.00004732,0.00000424,0.00001255,-0.0000
6963,0.00000575,0.00003378,0.00002368,0.00001123,0.00000204,0.00001173,0.0000191
5,-0.00038988,-0.00018008,-0.00011788,-0.00011521,-0.00006416,-0.00010544,-0.000
02058,0.00006320,0.00009869,-0.00003778,-0.00001404,0.00009693,-0.00007551,0.000
00823,0.00006108,0.00001531,0.00001546,0.00002301,0.00006224,0.00001488,0.000006
61,-0.00006420,0.00001191,0.00009139,0.00002207,0.00002758,0.00018811,0.00000237
,-0.00009125,-0.00003878,0.00208643,-0.00111771,-0.00024868,0.00006599,0.0000338
2,-0.00003362,0.00000333,0.00000134,0.00000767,0.00002065,-0.00000062,-0.0000094
8,0.00007562,0.00001016,-0.00002879,0.00024163,-0.00010875,0.00004241,0.00000380
,0.00000008,-0.00002982,-0.00000026,0.00002629,0.00003150,0.00001854,-0.00001944
,0.00000689,0.00000251,0.00000514,0.00000142,-0.00000412,0.00000819,-0.00000802,
0.00002014,-0.00001389,-0.00000058,0.00000173,0.00001552,-0.00000087,-0.00001089
,0.00000852,0.00000751,0.00000359,0.00001783,0.00000467,-0.00002798,-0.00000281,
-0.00000756,-0.00000054,0.00001031,-0.00000761,-0.00001081,-0.00000492,-0.000001
59,0.00000409,0.00000618,0.00001736,0.00001349,-0.00001695,-0.00001313,0.0000114
0,-0.00000642,0.00004904,-0.00002838,0.00000797,0.00000107,-0.00000225,-0.000014
84,-0.00000773,0.00000527,0.00000748,0.00000068,0.00000022,-0.00001447,0.0000059
1,0.00000368,0.00000087,0.00000381,-0.00000540,0.00000695,-0.00001175,0.03844698
,-0.01040582,-0.00628750,-0.00940547,0.53775882,0.00003770,0.00002405,0.00000241
,-0.00012401,-0.00000307,0.00004161,-0.00005484,0.00000412,0.00002749,-0.0000044
0,-0.00000321,0.00000464,-0.00000157,0.00000197,-0.00000688,-0.00000308,0.000000
61,0.00000166,-0.00000169,-0.00000555,0.00000106,-0.00009616,-0.00069054,0.00024
752,0.00009439,-0.00002852,-0.00004899,0.00000304,0.00001348,0.00001626,0.000159
44,0.00005277,0.00036776,-0.00000858,0.00000590,-0.00000588,0.00001517,-0.000016
15,0.00001226,-0.00001178,0.00001118,0.00000486,-0.00003453,0.00003192,0.0000003
8,-0.00001291,-0.00000800,-0.00000976,0.00000353,-0.00000212,0.00000184,-0.00007
957,-0.00001643,-0.00005391,0.00000685,0.00000475,-0.00003226,-0.00001632,0.0000
0705,-0.00004493,0.00005575,0.00002868,-0.00001382,-0.00001531,-0.00002017,0.000
01916,-0.00000518,0.00000580,0.00000558,0.00001932,-0.00000124,-0.00002009,-0.00
005000,0.00002996,0.00004750,-0.00001007,0.00002884,0.00002462,0.00001726,-0.000
10136,0.00001167,0.00031840,-0.00021377,-0.00009022,0.00001747,0.00002856,0.0000
9053,0.00000089,-0.00000130,0.00000375,0.00000418,-0.00000066,0.00000072,0.00004
362,0.00002129,-0.00011136,0.00003450,-0.00001704,0.00001217,-0.00000078,0.00000
045,-0.00000406,0.00000090,0.00000415,0.00000721,0.00000450,-0.00000377,0.000002
99,0.00000225,-0.00000009,0.00000070,-0.00000417,0.00000039,0.,0.00000301,-0.000
00147,0.00000167,0.00000047,0.00000242,0.00000122,-0.00000008,0.00000434,-0.0000
0036,0.00000723,0.00000057,0.00000481,0.00000192,0.00002125,-0.00001335,0.000000
34,0.00000637,0.00000289,-0.00000439,0.00000268,0.00000031,-0.00001566,-0.000034
17,0.00001092,-0.00000374,-0.00000095,-0.00000385,0.00002864,0.00000568,-0.00000
022,-0.00000911,0.00000303,-0.00000555,-0.00000206,-0.00001350,-0.00000997,0.000
00554,0.00000817,0.00000476,-0.00000019,-0.00000077,0.00000205,0.00000483,-0.000
00156,-0.00000378,-0.00000697,0.00000146,-0.00000390,0.00657680,-0.00277165,0.00
171156,0.01036514,0.00180883,0.52703713,0.00093597,-0.00017016,0.00001451,0.0000
1308,0.00039123,-0.00111593,-0.00005381,0.00017002,0.00039410,-0.00004657,0.0000
0244,0.00001750,0.00002388,0.00001022,-0.00002127,0.00005995,-0.00002643,-0.0000
3001,-0.00001548,0.00000819,-0.00000928,-0.01644440,0.03590183,0.00406893,-0.000
50233,-0.00034412,0.00085716,0.00007206,0.00007495,-0.00000218,0.00439557,-0.000
70677,-0.00088238,0.00001049,0.00001670,-0.00032302,0.00003605,-0.00005422,-0.00
004524,0.00005543,0.00000292,-0.00007057,-0.00016864,-0.00010498,0.00030458,-0.0
0002077,-0.00000371,0.00000908,0.00003905,-0.00000311,0.00003723,-0.00188975,0.0
0102742,-0.00024979,-0.00005847,0.00002096,-0.00015949,0.00051552,-0.00118016,0.
00071160,0.00007548,-0.00019037,0.00014975,-0.00002580,0.00007124,-0.00000168,0.
00005899,0.00006816,0.00003956,0.00003737,-0.00004067,0.00007354,-0.00005020,-0.
00000091,0.00018550,-0.00001549,0.00013534,0.00027345,-0.00020413,0.00007996,-0.
00034818,-0.00583743,0.00072647,0.00025408,0.00020385,0.00000423,-0.00000620,-0.
00001246,-0.00000454,0.00000220,0.00004936,-0.00005149,-0.00000761,-0.00016876,-
0.00025014,-0.00004837,0.00005351,-0.00016094,-0.00002831,-0.00003699,0.00002954
,-0.00006267,0.00000414,0.00005914,0.00006045,0.00005325,-0.00004893,-0.00000669
,-0.00001613,0.00001496,-0.00001283,-0.00001476,0.00001898,0.00000117,0.00006752
,-0.00004676,-0.00000925,0.00000631,0.00001405,-0.00000582,-0.00000214,0.0000223
3,0.00001835,-0.00002310,-0.00001949,0.00005514,0.00010386,-0.00003456,-0.000088
15,0.00005940,-0.00000611,-0.00006093,-0.00001550,-0.00000104,0.00000612,-0.0000
6213,-0.00003166,0.00000976,-0.00001438,-0.00004773,-0.00008032,0.00001249,0.000
01022,0.00013274,-0.00002800,0.00002602,-0.00004160,-0.00003826,-0.00009034,-0.0
0005377,0.00001507,0.00000788,0.00003928,-0.00000806,-0.00005390,0.00002284,0.00
000584,0.00000773,-0.00000727,-0.00002753,0.00003104,-0.00003039,-0.06290956,-0.
00218815,0.00200547,-0.18092854,-0.01325129,0.01504037,0.48505573,-0.00181697,-0
.00140196,0.00033148,0.00140692,-0.00077378,0.00272332,0.00205354,-0.00106483,0.
00011325,0.00029297,0.00007996,-0.00008457,-0.00008107,0.00004594,0.00010697,-0.
00000447,0.00001140,0.00010334,0.00003871,0.00000184,0.00006783,0.03487404,-0.00
919269,-0.00467983,0.00028575,0.00069177,-0.00164954,0.00011816,-0.00008552,0.00
013264,-0.00638112,-0.00260665,0.00046064,-0.00029618,0.00032870,0.00052749,-0.0
0009433,0.00002838,-0.00008730,-0.00005679,0.00012552,0.00007448,0.00013605,0.00
023190,-0.00015044,-0.00011928,-0.00012421,-0.00008185,-0.00001748,-0.00004879,-
0.00015725,0.00351315,0.00033919,0.00077553,0.00044956,0.00032034,0.00088318,-0.
00064137,0.00099636,-0.00122005,-0.00109083,-0.00004387,-0.00051334,0.00042515,-
0.00014686,-0.00034168,-0.00009765,-0.00021125,-0.00010903,-0.00030803,0.0001148
5,-0.00011347,0.00033062,-0.00006320,-0.00045701,-0.00015215,-0.00019156,-0.0011
8497,0.00011427,0.00035077,0.00031512,-0.00247190,0.00301677,0.00042379,-0.00015
847,-0.00089761,0.00012027,-0.00002015,-0.00000214,-0.00003570,-0.00015399,0.000
04473,0.00006514,-0.00023613,0.00010470,0.00017676,-0.00116780,0.00073936,-0.000
19932,0.00005681,-0.00004906,0.00025504,0.00006151,-0.00031924,-0.00029175,-0.00
013728,0.00015622,-0.00003276,-0.00000349,-0.00003957,-0.00000967,0.00004460,-0.
00005700,0.00004323,-0.00015162,0.00011211,0.00003006,-0.00000434,-0.00010145,0.
00002358,0.00005343,-0.00003546,-0.00005730,0.00023449,-0.00009080,-0.00017395,-
0.00005660,0.00022975,0.00013728,-0.00007808,-0.00011777,0.00003430,0.00004895,-
0.00000212,-0.00001135,-0.00006033,-0.00012962,-0.00010194,-0.00005600,0.0001787
8,0.00023047,0.00008139,-0.00002293,-0.00026611,-0.00012367,-0.00001880,0.000072
91,0.00005629,0.00012982,0.00011315,-0.00003984,-0.00008051,-0.00001545,0.000015
38,0.00012133,-0.00005547,-0.00006116,0.00000743,0.00003819,0.00004492,-0.000062
62,0.00005019,0.00420242,-0.16526466,-0.00990452,-0.01076983,-0.06032900,0.00178
303,0.02896397,0.42217550,-0.00029800,-0.00004754,-0.00003018,-0.00053039,0.0001
9993,0.00112164,-0.00014182,0.00000792,0.00130303,0.00001046,-0.00001505,-0.0000
0867,0.00002879,0.00001591,-0.00000116,0.00003781,0.00000825,-0.00000734,-0.0000
3147,0.00003487,-0.00001452,0.00388704,-0.00432819,-0.00353682,0.00049628,-0.000
17448,-0.00068306,0.00001938,-0.00000520,-0.00001487,-0.00184598,0.00022122,-0.0
0408328,0.00007752,0.00001555,0.00012448,0.00004613,0.00015084,0.00000807,0.0000
3680,-0.00001431,-0.00000990,0.00022914,0.00005598,-0.00007935,0.00004008,0.0000
2604,0.00000244,-0.00002267,0.00000601,-0.00003378,0.00059138,-0.00015345,0.0005
8126,-0.00005325,-0.00015596,-0.00018058,-0.00021083,0.00025403,-0.00006062,-0.0
0004053,-0.00016709,-0.00050052,0.00002464,0.00012181,-0.00018607,-0.00004677,-0
.00007696,-0.00004073,-0.00009143,0.00002825,-0.00002163,0.00016776,-0.00032129,
-0.00008041,0.00002363,-0.00009520,-0.00019592,-0.00032166,0.00025779,-0.0000964
8,0.00099866,-0.00017997,0.00158397,0.00004293,0.00011858,0.00021262,-0.00002413
,0.00000606,-0.00001260,0.00000931,-0.00000757,-0.00000223,-0.00010043,0.0000055
9,0.00027001,-0.00002841,0.00002526,-0.00014344,-0.00002024,0.00001242,0.0000313
3,0.00002315,-0.00002332,0.00002005,0.00000212,0.00000927,-0.00001931,-0.0000243
7,-0.00000621,-0.00001238,-0.00000482,0.00001672,0.00001271,-0.00000758,-0.00000
649,-0.00000926,0.00001064,-0.00001101,0.00001553,0.00002671,-0.00000794,-0.0000
1749,0.00025651,0.00001501,0.00007240,-0.00007225,-0.00006711,0.00002118,-0.0000
3307,0.00002385,0.00001107,0.00001548,0.00003195,0.00000212,-0.00009991,-0.00007
744,0.00000764,-0.00002951,0.00007989,-0.00002174,0.00016567,-0.00001835,-0.0001
6368,0.00000007,-0.00002375,-0.00005571,-0.00000288,-0.00001285,-0.00002282,0.00
003192,0.00002700,0.00000648,-0.00000667,0.00003340,-0.00001396,0.00000761,-0.00
001301,-0.00001003,-0.00002885,0.00000656,-0.00000478,0.00285014,-0.00980245,-0.
04945166,0.01540147,0.00216203,-0.06635513,0.00116835,-0.00894036,0.47483323,0.0
0025586,-0.00043625,-0.00007758,0.00005423,-0.00003880,-0.00005483,0.00015860,-0
.00008412,0.00006566,0.00003427,-0.00005948,0.00003188,-0.00002346,0.00002541,0.
00000043,0.00002424,-0.00001482,0.00000867,-0.00002112,-0.00001652,0.00001476,0.
00050496,-0.00016267,0.00100681,-0.00000220,0.00004959,0.00004919,0.00007227,-0.
00002242,0.00002373,-0.00045872,0.00165264,0.00121307,-0.00002418,0.00012337,0.0
0000631,-0.00004047,0.00007956,-0.00004748,0.00004626,0.00006415,0.00003672,0.00
001293,0.00002077,0.00001352,-0.00001563,-0.00000943,-0.00000841,0.00001119,-0.0
0001358,-0.00001772,0.00016797,0.00001815,0.00005090,-0.00003235,-0.00007213,-0.
00012612,-0.00015546,-0.00002457,-0.00000720,0.00000401,0.00003048,0.00001499,0.
00002901,-0.00003469,-0.00005632,-0.00004884,0.00001403,0.00002706,-0.00005695,-
0.00002926,0.00002007,0.00028483,-0.00017981,0.00006125,0.00037540,0.00012805,-0
.00003003,-0.00003226,0.00013181,-0.00016449,-0.00002235,0.00048548,0.00005185,-
0.00002713,-0.00003599,-0.00001826,0.00000414,-0.00000571,-0.00000827,-0.0000022
6,-0.00000382,-0.00000057,-0.00043536,0.00000601,0.00009448,-0.00003351,0.000002
85,0.00000874,0.00000620,-0.00000121,0.00000890,-0.00000049,-0.00001897,-0.00000
959,-0.00000028,0.00000286,-0.00000207,0.00000425,-0.00000118,0.00000031,-0.0000
0025,-0.00000838,0.00000077,-0.00000448,0.00000863,0.00000197,0.00001088,0.00000
228,-0.00000264,0.00000437,-0.00000425,-0.00000107,-0.00001834,0.00001440,-0.000
01514,-0.00001648,0.00002255,0.00002017,-0.00000080,0.00000502,0.00000540,-0.000
00573,0.00000046,-0.00000292,0.00001499,0.00001258,-0.00000145,0.00001071,-0.000
00226,0.00000306,-0.00000687,-0.00001044,-0.00001031,0.00003070,-0.00001540,-0.0
0000542,0.00000406,0.00000900,0.00000486,-0.00000598,-0.00000235,-0.00000714,0.0
0000339,0.00000041,0.00000126,0.00000528,-0.00000330,0.00000055,0.00000935,-0.00
000485,0.00000454,0.00525213,0.00572350,0.00604541,-0.02136502,-0.01191559,-0.02
339263,-0.08987630,-0.02082847,-0.04377639,0.51664718,0.00035941,0.00016370,0.00
007087,-0.00002180,0.00014963,-0.00048887,-0.00023378,0.00025860,-0.00001568,-0.
00000465,0.00000433,-0.00000949,0.00002365,-0.00000144,-0.00000302,0.00001805,0.
00002225,-0.00000167,0.00000526,0.00001895,-0.00001954,-0.00280835,0.00166760,0.
00009020,-0.00009792,-0.00009495,0.00033726,-0.00005858,-0.00000639,-0.00006571,
0.00242472,-0.00160459,-0.00302355,0.00002555,-0.00011250,-0.00011960,-0.0000276
2,-0.00004482,-0.00000434,0.00003641,-0.00004453,-0.00004194,-0.00000274,-0.0000
5361,0.00008563,0.00001478,0.00001940,0.00001833,0.00003102,0.00002075,0.0000138
6,-0.00077191,0.00011997,-0.00017800,-0.00010726,0.00000824,0.00000840,0.0001666
7,-0.00002364,0.00023828,0.00000182,-0.00006619,0.00015276,-0.00000306,0.0000913
3,0.00003131,0.00008400,0.00000661,0.00001332,0.00005043,0.00004972,0.00001234,-
0.00004281,-0.00000126,0.00010482,-0.00018879,-0.00021323,0.00023376,-0.00000574
,0.00015622,-0.00025193,0.00033256,-0.00070978,-0.00001148,0.00008822,0.00012550
,-0.00007773,0.00000552,-0.00001602,0.00000501,0.00002448,-0.00001475,-0.0000072
8,0.00005210,-0.00017166,-0.00001536,0.00014728,-0.00006168,0.00001066,-0.000001
36,-0.00000023,-0.00002334,0.00000855,0.00000112,0.00001213,0.00002128,-0.000020
34,0.00000354,0.00000271,0.00000794,-0.00000051,-0.00000538,0.00000659,-0.000005
97,0.00003529,-0.00002508,-0.00000195,-0.00001276,0.00000053,0.00000156,-0.00000
963,0.00001005,-0.00000269,0.00002025,0.00003548,0.00001782,0.00002534,-0.000022
97,-0.00001499,0.00001274,-0.00000216,-0.00003309,-0.00000447,-0.00000921,0.0000
0135,0.00000823,0.00001361,0.00001255,-0.00000111,-0.00003890,-0.00002726,-0.000
00573,-0.00000157,0.00008033,-0.00002442,0.00000092,-0.00001514,-0.00001049,-0.0
0003254,-0.00000743,0.00000738,0.00000839,-0.00000180,-0.00000111,-0.00002475,0.
00000756,0.00000176,0.00000152,0.00000176,-0.00000827,0.00001145,-0.00001438,-0.
00604511,-0.03548944,-0.02996630,-0.00441935,-0.00069729,-0.00320652,-0.01944868
,-0.07285144,-0.03183880,-0.01824522,0.51986928,0.00021172,0.00018014,-0.0001665
0,-0.00017127,0.00012516,-0.00018282,-0.00023156,0.00009385,0.00007573,0.0000060
7,-0.00001036,-0.00000821,-0.00000775,0.00001208,-0.00000507,-0.00000531,0.00000
591,0.00001751,-0.00001668,-0.00000106,0.00000370,-0.00069734,0.00072971,0.00056
606,0.00005382,-0.00009830,0.00008544,-0.00001287,0.00000003,-0.00000288,0.00224
496,-0.00233013,-0.00164792,-0.00002895,-0.00001980,-0.00006735,0.00002819,-0.00
002083,0.00002494,0.00001820,0.,-0.00000619,-0.00002161,-0.00002038,0.00001302,0
.,0.00000229,-0.00000335,0.00002101,0.00000808,0.00000377,-0.00050779,-0.0000311
5,-0.00022682,-0.00001306,-0.00002065,-0.00007395,0.00002996,-0.00002029,0.00008
628,0.00015005,0.00002911,0.00001062,-0.00004949,-0.00001812,0.00007503,-0.00000
424,0.00002624,0.00005066,0.00013894,-0.00005889,0.00001876,-0.00011009,0.000177
45,0.00002050,-0.00000406,0.00007704,0.00014782,-0.00008033,-0.00024864,-0.00000
570,0.00001112,-0.00022955,0.00007926,0.00007291,0.00003774,-0.00000457,0.000012
37,-0.00001479,0.00000247,0.00000952,-0.00000382,-0.00000293,-0.00004595,-0.0000
1156,-0.00014890,0.00005876,-0.00001549,0.00001675,0.00000244,-0.00000361,-0.000
00091,-0.00000117,-0.00001288,-0.00000432,0.00001095,-0.00000887,0.00000328,0.00
000675,-0.00000026,0.00000681,-0.00001120,0.00000025,0.00000102,0.00001457,-0.00
000635,0.00000143,-0.00001280,0.00000008,0.00000021,-0.00000432,-0.00000023,-0.0
0000269,0.00000046,0.00005003,0.00000612,0.00001937,0.00001665,0.00001378,0.0000
1070,0.00001132,-0.00001573,-0.00000598,-0.00000262,0.00000156,0.00001852,0.0000
0606,-0.00000137,0.00000119,-0.00003017,-0.00001846,-0.00001999,0.00000373,0.000
02674,0.00002476,-0.00001654,-0.00001332,-0.00000474,-0.00001827,-0.00000716,0.0
0000615,0.00000516,-0.00000133,0.00000193,-0.00001620,0.00000663,0.00000689,-0.0
0000337,-0.00000513,-0.00000388,0.00000770,-0.00000289,-0.00104268,-0.01356566,-
0.00592884,-0.00330860,-0.00075818,-0.00067906,-0.04349401,-0.03277201,-0.140691
16,-0.03277524,-0.02631848,0.46953490,0.00020804,-0.00032524,0.00019599,-0.00010
230,-0.00005564,0.00020349,0.00018918,-0.00002741,0.00004129,0.00002054,-0.00002
972,0.00002144,-0.00000997,0.00000324,-0.00000514,0.00001002,-0.00000306,0.00000
366,0.00000306,-0.00001323,0.00001546,0.00011264,-0.00035641,-0.00089542,0.00010
924,0.00001347,-0.00012049,0.00003231,-0.00000066,0.00000010,-0.00163158,0.00279
005,-0.00131777,0.00005332,0.00001019,-0.00002961,-0.00003230,0.00001072,-0.0000
3787,-0.00000452,0.00002903,0.00001063,-0.00005976,0.00013257,0.00005717,-0.0000
4312,-0.00001410,0.00000030,0.00000724,-0.00000097,-0.00000789,0.00025691,-0.000
08152,0.00003200,-0.00004519,0.00000474,-0.00001848,-0.00016726,0.00003215,-0.00
002409,0.00003479,0.00000057,-0.00002430,0.00002734,-0.00004534,0.00001122,0.000
02414,-0.00001050,0.00000075,-0.00004097,0.00004393,-0.00002239,0.00002740,0.000
02854,0.00004057,-0.00002855,0.00006230,-0.00006106,0.00001696,-0.00001000,0.000
00928,0.00004652,0.00051680,0.00007097,-0.00002167,-0.00002553,0.00003109,0.0000
0524,-0.00000428,-0.00000184,-0.00000201,-0.00000182,-0.00000107,-0.00006915,-0.
00002054,-0.00007990,-0.00003836,0.00000106,-0.00001074,-0.00000074,-0.00000284,
0.00000858,-0.00000148,-0.00000832,-0.00000389,-0.00000281,0.00000503,-0.0000026
9,0.00000235,-0.00000216,-0.00000189,0.00000391,-0.00000249,0.00000081,-0.000001
53,0.00000241,-0.00000157,0.00000507,-0.00000437,0.00000193,0.00000482,-0.000000
14,-0.00000649,0.00001023,0.00000995,0.00000570,-0.00003354,-0.00000506,0.000006
60,-0.00001178,0.00000508,0.00000802,0.00000036,0.00000659,-0.00000324,-0.000012
39,-0.00000728,0.00000932,0.00000497,0.00001348,-0.00000107,0.00003842,-0.000007
01,-0.00002196,0.00001994,-0.00001005,-0.00001109,0.00000220,0.00000462,0.000000
92,-0.00000089,0.00000372,-0.00000249,0.00000102,0.00000833,-0.00000222,0.000004
76,-0.00000415,-0.00000106,0.00000149,-0.00000526,0.00000280,0.00350252,0.009106
52,-0.00661651,-0.01333042,-0.01517840,0.02491113,-0.07136616,-0.01509478,0.0233
0870,0.00210806,0.00429588,-0.01092607,0.52880120,0.00044916,0.00009902,-0.00007
826,0.00006798,0.00011775,-0.00058139,-0.00024506,0.00017752,-0.00009912,-0.0000
0147,-0.00000707,-0.00000132,0.00001273,0.00000592,-0.00000855,0.00001659,0.0000
1011,0.00000172,-0.00001213,0.00000062,-0.00000933,-0.00271694,0.00178084,0.0006
2075,-0.00013002,-0.00008250,0.00033698,-0.00002401,0.00002673,-0.00001305,0.003
96056,-0.00245391,0.00256090,-0.00005938,-0.00001646,-0.00013586,0.00001747,-0.0
0005079,0.00002268,0.00005347,-0.00001206,-0.00001489,-0.00014649,-0.00004744,0.
00012321,0.00002585,0.00000414,0.00000994,0.00002598,0.00001158,0.00000723,-0.00
094406,0.00021392,-0.00020059,-0.00003372,-0.00003169,-0.00008401,0.00018409,-0.
00014072,0.00013113,0.00003537,-0.00000036,0.00012986,-0.00008293,0.00005763,0.0
0004343,0.00001413,0.00003218,0.00004359,0.00006791,-0.00002026,0.00001607,-0.00
006141,0.00002372,0.00008849,0.00001875,0.00001500,0.00021033,0.00003560,-0.0000
6874,-0.00008675,0.00012413,-0.00064937,-0.00036642,0.00011427,0.00011819,-0.000
01238,0.00000221,-0.00001488,0.00000352,0.00002180,-0.00001537,-0.00000645,0.000
05448,-0.00008210,-0.00002019,0.00012543,-0.00005791,0.00004150,0.00000529,-0.00
000197,-0.00001393,0.00000577,0.00000068,0.00001735,0.00002442,-0.00002276,0.000
00304,0.00000314,0.00000424,0.00000141,-0.00001154,0.00000402,-0.00000387,0.0000
2984,-0.00001713,0.00000129,-0.00000674,0.00000841,-0.00000151,-0.00000779,0.000
01044,0.00000053,-0.00002642,0.00004038,0.00000412,0.00002168,0.00002893,-0.0000
1094,0.00002199,0.00000631,-0.00002801,-0.00000867,-0.00000775,0.00000604,0.0000
1161,0.00000290,0.00002078,0.00000215,-0.00005659,-0.00003346,0.00000513,-0.0000
0123,0.00008556,-0.00001808,-0.00000035,-0.00000313,-0.00001171,-0.00003952,-0.0
0001355,0.00001006,0.00001071,-0.00000084,0.00000016,-0.00002701,0.00001029,0.00
000745,-0.00000083,-0.00000283,-0.00001165,0.00001203,-0.00001567,0.00114667,-0.
04099986,0.02476305,-0.00409972,-0.00154210,0.00471993,-0.01416266,-0.08579511,0
.04734890,0.00097796,0.00455485,-0.00570519,-0.01405093,0.50890778,-0.00030276,-
0.00015091,-0.00009961,0.00012659,-0.00006210,0.00001123,-0.00001492,-0.00008055
,0.00013653,-0.00000905,-0.00001444,0.00003278,-0.00001196,0.00000152,-0.0000052
1,-0.00001099,-0.00000837,-0.00000708,-0.00000227,-0.00001076,-0.00000541,0.0002
7225,-0.00034723,0.00058341,-0.00006697,0.00007163,0.00001865,0.00004661,0.00001
890,0.00007893,-0.00200530,0.00165661,-0.00015526,-0.00003898,0.00014606,0.00009
973,0.00003146,-0.00000466,0.00001200,-0.00003085,0.00008709,0.00004740,-0.00006
480,0.00004047,-0.00007778,-0.00001716,-0.00003012,-0.00002899,-0.00001690,-0.00
002598,-0.00000430,0.00035054,-0.00002687,0.00004340,0.00006831,0.00001247,-0.00
003987,0.00008645,0.00000288,-0.00002465,-0.00010074,0.00003515,-0.00004206,0.00
006083,-0.00000998,-0.00005820,-0.00007250,0.00000333,-0.00001811,-0.00005422,-0
.00003628,-0.00004625,0.00005010,-0.00008670,-0.00000766,0.00005395,0.00005364,-
0.00012175,0.00002006,-0.00004293,-0.00001532,0.00010946,-0.00009773,-0.00001366
,-0.00004940,0.00001150,0.00000331,-0.00001290,0.00001506,-0.00000337,-0.0000101
2,0.00001049,0.00000450,0.00006218,0.00003355,-0.00001387,-0.00001321,0.00000486
,-0.00000201,-0.00000194,0.00000962,-0.00000592,0.00000304,0.00000799,0.00000379
,-0.00000771,0.00000689,0.00000317,0.00000013,-0.00000021,-0.00000356,0.00000142
,-0.00000336,-0.00000269,-0.00001811,0.00001314,0.00000253,0.00001386,0.00001090
,-0.00000329,0.00000191,0.00000301,0.00000969,-0.00000250,-0.00004341,-0.0000314
2,-0.00001522,0.00001810,-0.00003726,0.00000186,-0.00000609,0.00001055,-0.000002
12,-0.00000120,0.00000006,-0.00000810,-0.00001598,0.00000541,-0.00000117,0.00001
801,0.00002458,0.00003398,-0.00001536,-0.00000507,-0.00003137,0.00002282,0.00001
250,0.00000344,0.00001187,0.00000241,-0.00000456,-0.00000498,-0.00000061,-0.0000
0027,0.00000941,-0.00000298,-0.00000484,0.00000437,0.00000229,0.00000284,-0.0000
0395,-0.00000046,-0.00096527,0.00546475,0.00222234,0.00622833,0.00492343,-0.0077
9305,0.02326047,0.04857755,-0.14661128,0.00248999,0.01051048,-0.02873625,0.01496
207,0.03898522,0.46806844,0.00005198,0.00007685,-0.00001761,-0.00007496,0.000003
42,-0.00020499,-0.00007538,0.00001251,-0.00003826,-0.00000106,0.00000334,-0.0000
0268,0.00000898,0.00000152,-0.00000145,-0.00000222,0.00000194,0.00000214,0.00000
468,-0.00000636,-0.00000049,-0.00091551,-0.00044815,-0.00035930,0.00002657,-0.00
000973,0.00011333,-0.00001208,0.00000596,-0.00001007,0.00056040,0.00035607,0.000
14776,-0.00001329,-0.00001727,-0.00000750,0.00000712,-0.00002665,0.00000929,-0.0
0000015,-0.00000507,0.00000392,-0.00002309,-0.00002420,-0.00001490,0.00000685,0.
00000283,-0.00000397,0.00000755,0.00000052,0.00000416,-0.00005714,-0.00009981,-0
.00006613,0.00000280,0.00001639,-0.00000077,-0.00010754,-0.00000042,0.00004742,0
.00008988,0.00002545,0.00008890,-0.00001984,-0.00001065,0.00004120,0.00001555,0.
00000601,0.00001125,0.00003374,0.00001211,-0.00000458,-0.00003477,0.00004187,0.0
0003781,-0.00002273,0.00000438,0.00006303,0.00002622,-0.00007749,0.00001336,0.00
025642,-0.00006224,0.00007812,0.00004525,0.00009879,-0.00007568,0.00000784,-0.00
000232,0.00000134,0.00000345,0.00000420,-0.00000065,0.00004937,0.00001480,-0.000
05827,0.00003061,-0.00000002,0.00000646,0.00000340,-0.00000219,-0.00000194,-0.00
000072,-0.00000379,-0.00000284,0.00000244,-0.00000172,0.00000329,0.00000704,0.00
000083,0.00000319,-0.00000239,-0.00000174,-0.00000267,0.00000653,-0.00000142,-0.
00000023,-0.00000933,0.00000218,-0.00000221,-0.00000651,-0.00000023,-0.00000124,
0.00000254,0.00003060,-0.00003376,0.00000847,0.00000617,0.00001074,0.00000757,-0
.00000341,0.00000287,-0.00000291,-0.00001258,0.00000330,0.00007331,0.00005664,0.
00000993,0.00001579,-0.00004428,-0.00000617,-0.00007212,-0.00000158,0.00004683,0
.00001843,-0.00001996,-0.00000478,0.00000496,0.00000029,0.00000696,0.00000435,0.
00000795,-0.00001083,0.00000509,-0.00001063,0.00000459,0.00000152,-0.00000098,0.
00000148,0.00000110,0.00000072,-0.00000126,0.00217974,-0.00052414,0.00057726,-0.
08421135,-0.04307396,-0.08093553,-0.01839066,-0.01388033,-0.02474541,-0.00669650
,-0.00035481,0.00065193,0.00095544,0.00027097,-0.00106522,0.09906868,-0.00000876
,0.00000797,0.00000294,0.00002309,0.00000027,0.00006357,0.00008734,-0.00002593,-
0.00004299,0.00000946,0.00000669,-0.00000674,-0.00000200,0.00000103,0.00000430,-
0.00000188,0.00000370,0.00000675,0.00000284,0.00000263,0.00000293,0.00041846,-0.
00002858,-0.00005604,-0.00001400,0.00001367,-0.00003156,-0.00001461,-0.00002083,
0.00000214,-0.00009495,-0.00009147,0.00009585,-0.00002850,-0.00002096,-0.0000012
4,-0.00000825,-0.00000567,-0.00000049,0.00000179,-0.00001301,0.00000241,-0.00000
593,0.00000855,-0.00000619,-0.00000290,-0.00000287,-0.00000189,0.00000294,-0.000
00004,-0.00000188,0.00005759,0.00000324,-0.00001153,0.00000613,0.00002502,0.0000
4898,0.00006693,-0.00000955,-0.00004292,-0.00006559,-0.00000130,-0.00000727,0.00
000020,-0.00000724,0.00001024,0.00000968,-0.00000988,0.00000751,0.00001209,0.000
01294,-0.00000390,-0.00001072,0.00002565,-0.00000369,-0.00000751,-0.00002072,-0.
00000193,0.00000281,-0.00001082,0.00000356,-0.00000705,0.00003857,-0.00001204,0.
00001483,-0.00000892,0.00006151,0.00000381,-0.00000701,-0.00000138,-0.00000449,0
.00000281,0.00000345,0.00000959,-0.00000064,-0.00001559,-0.00002647,0.00002448,-
0.00000556,0.00000281,-0.00000147,0.00000514,0.00000435,-0.00001053,-0.00001433,
-0.00000626,0.00000648,0.00000039,-0.00000022,-0.00000280,-0.00000009,0.00000310
,-0.00000177,0.00000262,-0.00000752,0.00000300,0.00000157,-0.00000172,-0.0000070
7,0.00000392,0.00000234,0.00000014,-0.00000298,0.00000671,-0.00001551,-0.0000045
8,0.00003151,0.00001419,-0.00000744,-0.00000365,-0.00001206,-0.00000082,0.000001
73,-0.00000003,-0.00000176,-0.00001933,-0.00004597,-0.00001543,-0.00002646,0.000
01713,0.00001217,0.00001444,0.00001534,-0.00001093,-0.00001561,0.00001508,0.0000
0280,0.00000300,-0.00000093,0.00000091,-0.00000015,-0.00000726,0.00001229,-0.000
00204,0.00000772,-0.00000347,-0.00000830,0.00000441,0.00000162,-0.00000109,0.000
00074,0.00000060,0.00002144,0.00040969,0.00028245,-0.04306683,-0.08841935,-0.082
89807,-0.00289478,-0.00116237,-0.00235310,-0.00097822,0.00027429,0.00004747,-0.0
0003396,-0.00003322,-0.00023427,0.05148386,0.09812945,0.00006509,0.00002774,-0.0
0000981,-0.00010115,-0.00001987,-0.00011912,-0.00000003,-0.00001308,-0.00005768,
0.00000915,0.00000509,-0.00000462,0.00000094,0.00000192,0.00000601,-0.00000291,0
.00000470,0.00000859,0.00000560,0.00000082,0.00000158,-0.00016396,-0.00022302,-0
.00013698,0.00006793,0.00003120,0.00005472,-0.00001904,-0.00001411,-0.00001601,0
.00026636,0.00028757,0.00007965,-0.00001596,-0.00003522,-0.00000759,-0.00001247,
-0.00001263,0.00000610,0.00000089,-0.00001216,0.00000379,0.00000039,-0.00000782,
0.00000332,0.00000149,0.00000154,0.00000239,0.00000534,0.00000299,-0.00000036,0.
00001606,-0.00006878,-0.00004071,-0.00000332,0.00003102,0.00003481,-0.00016915,-
0.00003664,0.00004540,0.00009654,0.00002210,0.00008459,-0.00002050,-0.00001875,0
.00003407,0.00002769,0.00000156,0.00000330,0.00001871,0.00001971,-0.00000012,-0.
00001823,0.00003329,0.00000926,-0.00001128,-0.00000573,0.00002866,0.00002154,-0.
00003053,-0.00001221,0.00012299,0.00006963,0.00001792,0.00000012,0.00009469,-0.0
0003204,0.00000847,-0.00000736,-0.00000101,-0.00000118,0.00000554,0.00000099,0.0
0001449,-0.00000226,-0.00001943,-0.00000254,0.00001206,0.00000175,0.00000351,-0.
00000355,0.00000149,0.00000209,-0.00001429,-0.00001116,-0.00000289,0.00000513,0.
00000178,0.00000600,-0.00000038,0.00000198,-0.00000039,-0.00000136,-0.00000304,-
0.00000036,0.00000319,0.00000035,-0.00000804,0.00000024,0.00000104,-0.00000201,-
0.00000155,-0.00000061,0.00000974,0.00001341,-0.00002545,-0.00003259,0.00000512,
0.00000553,-0.00001045,0.00000026,0.00000332,0.00000202,-0.00000665,-0.00000380,
0.00003590,0.00001615,0.00003898,0.00001526,-0.00001854,-0.00000571,-0.00000119,
-0.00000307,0.00002182,0.00003133,-0.00002066,-0.00001354,0.00000676,0.00000599,
0.00001175,0.00000060,0.00001550,-0.00001939,0.00000419,-0.00000021,0.00000032,0
.00000739,-0.00000503,0.00000216,0.00000449,-0.00000046,0.00000203,-0.00002496,0
.00065102,0.00035908,-0.08098789,-0.08333389,-0.20056914,-0.00204019,0.00032416,
0.00101404,-0.00039783,-0.00003847,0.00055228,0.00098036,0.00020936,0.00073518,0
.09440455,0.09647069,0.23023108,0.00001462,0.00007839,-0.00005253,-0.00023389,0.
00009173,0.00007517,-0.00011287,0.00004007,0.00008543,-0.00000840,0.00000100,-0.
00000065,0.00001902,0.00000276,-0.00000254,0.00000766,0.00000104,-0.00000257,-0.
00000695,0.00000721,-0.00000866,-0.00073144,-0.00042171,0.00048702,0.00016291,-0
.00011276,-0.00009645,0.00000630,0.00000392,-0.00001469,0.00040259,0.00030637,-0
.00018832,0.00001447,-0.00000321,-0.00000523,0.00001230,0.00001143,0.00000016,0.
00001895,-0.00000563,-0.00000146,0.00002178,-0.00002873,-0.00000720,0.00001995,0
.00001294,0.00000148,0.00000459,0.00000280,0.00000150,-0.00003210,-0.00005758,0.
00002730,-0.00001296,-0.00004592,-0.00004934,-0.00010072,-0.00000369,0.00001938,
0.00012698,-0.00001084,-0.00003752,-0.00000923,0.00002895,-0.00001197,0.00000356
,-0.00001068,0.00000445,0.00000782,0.00000826,0.00000121,0.00000758,-0.00003045,
0.00001386,-0.00002999,-0.00002713,0.00002377,-0.00005164,-0.00000377,0.00000845
,0.00018475,-0.00010782,-0.00010539,0.00009301,0.00011072,0.00007094,-0.00000168
,0.00000031,0.00000137,0.00000889,-0.00000336,-0.00000256,0.00001880,-0.00000159
,0.00002725,0.00003382,-0.00001282,0.00001554,-0.00000148,0.00000018,-0.00000182
,0.00000232,-0.00000286,0.00000848,0.00000890,-0.00000621,-0.00000184,-0.0000029
9,0.00000098,0.00000063,-0.00000519,0.00000822,0.00000023,0.00001025,-0.00000593
,-0.00000143,-0.00000523,0.00000109,0.00000188,-0.00000010,-0.00000017,-0.000005
81,0.00002581,0.00002001,0.00000224,0.00000039,-0.00001595,-0.00000818,0.0000019
1,0.00000309,-0.00000351,-0.00000122,0.00000030,0.00000332,0.00001530,0.00001147
,0.00000567,-0.00000078,-0.00001383,-0.00001883,-0.00000573,-0.00000703,0.000009
64,0.00001158,-0.00001968,-0.00001525,-0.00000181,-0.00001465,-0.00000957,0.0000
1829,0.00001682,-0.00000277,0.00000105,-0.00000578,0.00000129,0.00000356,-0.0000
0369,-0.00000426,-0.00001113,0.00000693,-0.00000549,0.00188114,-0.00057793,-0.00
110226,-0.05130534,-0.02606975,0.03679267,-0.01036338,-0.01753043,0.02533043,0.0
0094681,0.00000852,0.00095797,-0.00625991,-0.00034195,0.00124191,0.00286957,0.00
672380,-0.01103627,0.06054438,-0.00002597,-0.00000141,0.00000999,0.00013338,0.00
000708,0.00006200,0.00007104,-0.00003357,0.00001397,0.00000868,0.00000196,-0.000
00583,0.00000400,0.00000183,0.00000425,0.00000402,0.00000426,0.00000517,0.000001
99,0.00000306,0.00000220,0.00036849,-0.00004837,-0.00002986,-0.00007092,0.000029
91,-0.00003993,-0.00000976,-0.00001720,-0.00000246,-0.00008664,-0.00003028,-0.00
011223,-0.00001322,-0.00000772,0.00000175,-0.00000430,0.00000940,-0.00000592,0.0
0001551,-0.00001290,0.00000029,0.00000844,-0.00000612,-0.00000168,0.00000405,0.0
0000092,-0.00000013,0.00000274,0.00000138,-0.00000596,0.00007483,0.00001486,0.00
002986,-0.00000120,-0.00000240,0.00001805,0.00006786,-0.00000333,-0.00000777,-0.
00009665,-0.00001300,-0.00002987,0.00000285,0.00001771,-0.00001504,0.00000291,-0
.00001672,0.00000596,-0.00000053,0.00000833,-0.00000053,-0.00000128,-0.00000635,
-0.00001041,-0.00001299,-0.00003131,-0.00001790,-0.00001303,0.00002733,0.0000025
2,0.00000376,0.00003082,-0.00001490,0.00001447,-0.00001736,-0.00006904,0.0000014
2,-0.00000640,-0.00000173,-0.00000260,0.00000074,0.00000295,0.00000173,-0.000007
70,0.00001876,-0.00002741,0.00002422,-0.00000974,0.00000316,0.00000018,0.0000095
4,0.00000678,-0.00000879,-0.00000916,-0.00000554,0.00000523,-0.00000068,-0.00000
191,-0.00000270,-0.00000027,0.00000350,-0.00000165,0.00000314,-0.00000729,0.0000
0239,0.00000061,-0.00000040,-0.00000743,0.00000204,0.00000272,-0.00000117,-0.000
00499,-0.00001551,0.00000091,-0.00000687,0.00000730,-0.00000520,-0.00000364,0.00
000202,-0.00001211,-0.00000274,0.00000144,-0.00000229,0.00000589,-0.00000406,0.0
0000539,-0.00001433,-0.00000456,0.00000183,0.00001140,-0.00000737,0.00000749,0.0
0000334,-0.00000860,0.00001434,0.00001542,-0.00000202,0.00000559,0.00000586,0.00
000106,-0.00001531,0.00000099,-0.00000025,0.00000557,-0.00000297,-0.00000769,0.0
0000494,0.00000242,0.00000315,-0.00000177,0.00000076,0.00002900,0.00052537,-0.00
034931,-0.02621233,-0.12111360,0.10985558,-0.00283097,-0.00183499,0.00332369,0.0
0017914,-0.00000028,0.00006206,-0.00110801,0.00027742,0.00019848,0.00206326,0.00
724258,-0.01018177,0.03180142,0.13599779,-0.00004799,-0.00003972,0.00003645,0.00
024089,-0.00003213,0.00006526,0.00011214,-0.00000613,-0.00009163,-0.00000430,0.0
0000829,-0.00000159,-0.00000920,-0.00000317,-0.00000128,-0.00000439,-0.00000484,
-0.00000311,0.00000483,-0.00000229,0.00000617,0.00043563,0.00040670,-0.00028388,
-0.00017511,0.00002025,0.00001615,-0.00000309,0.00000141,0.00001743,-0.00040126,
-0.00043791,0.00016317,-0.00000780,0.00000121,0.00001164,-0.00000516,-0.00001897
,0.00000364,-0.00002877,0.00000230,-0.00000117,-0.00001772,0.00002259,-0.0000057
3,-0.00001371,-0.00000767,-0.00000017,-0.00000508,-0.00000413,0.00000371,0.00000
627,0.00007033,-0.00002802,0.00001354,0.00003679,0.00006637,0.00022235,0.0000377
9,-0.00005279,-0.00018834,-0.00002159,-0.00002513,0.00001358,-0.00003449,0.00000
190,0.00000192,0.00000988,-0.00001548,-0.00001473,-0.00000452,-0.00000501,0.0000
1001,0.00001641,-0.00001288,0.00001525,0.00001898,-0.00003169,0.00001230,0.00000
661,0.00002262,-0.00017114,-0.00003393,0.00005855,-0.00003438,-0.00014752,-0.000
01859,-0.00000142,0.00000547,0.00000122,-0.00000392,-0.00000156,-0.00000004,-0.0
0001140,0.00000955,-0.00001401,-0.00001961,0.00000733,-0.00000719,-0.00000408,0.
00000451,-0.00000724,-0.00000255,0.00000663,-0.00000400,-0.00000185,-0.00000012,
0.00000003,-0.00000099,0.00000071,-0.00000119,0.00000343,-0.00000371,0.00000314,
-0.00000277,-0.00000072,0.00000171,0.00000358,-0.00000365,0.00000106,-0.00000051
,0.00000361,0.00000234,-0.00002194,-0.00002915,-0.00000314,0.00003153,0.00001175
,-0.00000212,0.00001085,-0.00000890,-0.00000314,-0.00000271,0.00000429,-0.000002
56,-0.00002422,-0.00001781,-0.00003802,-0.00001903,0.00002405,0.00002061,-0.0000
0940,0.00000471,-0.00001333,-0.00003797,0.00003035,0.00002319,-0.00000133,0.0000
0491,-0.00000194,-0.00001180,-0.00002474,0.00002575,-0.00000455,0.00000138,0.000
00051,-0.00001252,0.00000806,0.00000225,0.00000367,-0.00000132,0.00000471,-0.000
44169,-0.00045771,0.00054272,0.03686537,0.11013490,-0.20173044,0.00490488,0.0041
7949,-0.00618341,-0.00102241,-0.00035941,0.00067206,0.00208120,0.00009258,0.0001
1340,0.00307688,0.01478506,-0.02734958,-0.04389271,-0.12812419,0.23172459,-0.000
20422,-0.00010350,0.00002725,0.00001772,-0.00006683,0.00012797,0.00014720,-0.000
07289,0.00003871,0.00001471,0.00000422,-0.00000814,-0.00000223,0.00000046,0.0000
0636,0.00000230,-0.00000172,0.00000618,0.00001202,-0.00000491,0.00000745,0.00014
950,0.00159751,0.00014235,0.00001930,0.00002821,-0.00007484,0.00001784,-0.000017
00,0.00000966,-0.00003708,-0.00023648,-0.00004745,-0.00001343,0.00003378,0.00002
382,0.00000437,0.00001154,0.00000068,0.00000083,0.00001549,-0.00000252,0.0000121
2,0.00003133,-0.00002266,-0.00000666,-0.00000692,-0.00000353,-0.00000189,-0.0000
0459,-0.00000894,0.00020210,0.00005227,0.00005165,0.00005043,0.00000764,0.000043
19,-0.00004428,-0.00000547,-0.00001991,-0.00000531,0.00001343,-0.00003776,0.0000
3119,-0.00000648,-0.00002034,0.00000092,-0.00001168,-0.00001036,-0.00002672,0.00
000180,-0.00001022,0.00002495,0.00000179,-0.00004055,-0.00000617,-0.00000678,-0.
00007480,0.00000997,0.00002320,0.00004226,-0.00066370,0.00023364,0.00003172,-0.0
0006531,-0.00003915,0.00001134,0.00000351,-0.00000198,-0.00000389,-0.00000893,0.
00000464,0.00000725,-0.00001343,0.00002734,0.00001394,-0.00009426,0.00005032,-0.
00001585,0.00000083,-0.00000080,0.00001270,0.00000429,-0.00001450,-0.00001384,-0
.00001120,0.00001202,0.00000051,0.00000133,-0.00000417,-0.00000010,0.00000378,-0
.00000640,0.00000491,-0.00001391,0.00000739,-0.00000127,-0.00000038,-0.00001205,
0.00000168,0.00000780,-0.00000561,-0.00000755,0.00000259,-0.00000417,0.00000148,
0.00000574,0.00000475,0.00001465,0.00000314,-0.00000282,-0.00000165,0.00000583,0
.,-0.00000221,-0.00000951,0.00000682,-0.00000419,0.00000271,0.00000975,0.0000079
0,-0.00000353,-0.00000086,-0.00003241,0.00000959,-0.00001561,-0.00000323,0.00000
262,0.00000829,0.00000770,-0.00000636,-0.00000080,-0.00000337,0.00000405,0.00000
999,-0.00000410,-0.00000271,-0.00000250,0.00000220,0.00000248,-0.00000712,0.0000
0618,-0.00836214,0.00168536,0.00133863,-0.07478518,0.08197058,0.01133826,-0.0125
8457,0.02673326,0.00395816,0.00049908,0.00049291,0.00033283,0.00054260,0.0004444
2,-0.00037089,0.00512951,-0.01145509,-0.00191950,0.00270886,-0.00413863,-0.00097
013,0.08772005,0.00018492,0.00015090,-0.00004282,-0.00017424,0.00006368,-0.00019
172,-0.00019594,0.00012314,-0.00003776,-0.00003086,0.00000533,0.00000623,0.00000
360,-0.00000281,-0.00001311,0.00000148,-0.00000119,-0.00001282,-0.00000771,0.000
00314,-0.00000955,-0.00139794,-0.00009193,0.00015746,0.00005014,-0.00007757,0.00
010538,-0.00002451,0.00001748,-0.00001632,0.00060716,0.00028111,-0.00000958,0.00
001274,-0.00005223,-0.00003252,-0.00000261,-0.00000985,0.00000268,-0.00000378,-0
.00002623,0.00000218,-0.00001224,-0.00001673,0.00001576,0.00000851,0.00001334,0.
00000840,0.00000234,0.00000787,0.00001692,-0.00027351,-0.00004343,-0.00006678,-0
.00002717,-0.00001223,-0.00003357,-0.00004529,0.00002933,0.00005213,0.00014442,-
0.00000630,0.00007019,-0.00004036,0.00001839,0.00002059,-0.00000895,0.00000395,0
.00001471,0.00003504,-0.00001240,0.00001041,-0.00002958,-0.00000097,0.00003377,0
.00001775,-0.00000910,0.00009247,-0.00001086,-0.00002760,-0.00002232,0.00030159,
-0.00023878,-0.00000579,0.00003940,0.00009125,-0.00000393,-0.00000188,0.00000899
,0.00000895,0.00001955,-0.00001026,-0.00000990,0.00001004,-0.00000788,-0.0000138
7,0.00010236,-0.00005928,0.00002177,-0.00000695,0.00000548,-0.00002256,-0.000008
51,0.00002116,0.00002075,0.00001880,-0.00002004,0.00000019,0.00000009,0.00000803
,0.00000210,-0.00000857,0.00000697,-0.00000389,0.00002206,-0.00001505,0.00000107
,-0.00000247,0.00001076,-0.00000246,-0.00001035,0.00000789,0.00000504,0.00000625
,0.00001988,0.00000940,-0.00000918,-0.00000865,-0.00000261,0.00000435,0.00001421
,-0.00000183,-0.00000036,-0.00000230,0.00000351,0.00003024,0.00003468,0.00002204
,0.00001278,-0.00002602,-0.00002265,-0.00002285,-0.00001527,0.00003821,0.0000056
3,-0.00001203,-0.00001110,-0.00000488,-0.00001155,-0.00000999,0.00000826,0.00001
900,-0.00000900,-0.00000269,-0.00001802,0.00000821,0.00001145,-0.00000387,-0.000
00760,-0.00000819,0.00000664,-0.00000659,0.00221691,0.00047900,-0.00028735,0.083
15505,-0.24924076,-0.02898331,0.00236143,-0.00241743,-0.00052270,-0.00073391,0.0
0027159,0.00008271,-0.00076119,0.00030005,0.00015997,0.00462016,-0.01655422,-0.0
0446250,0.00678710,-0.02129984,-0.00008050,-0.09609627,0.28770193,0.00001511,0.0
0000640,0.00000332,0.00003524,-0.00000596,-0.00001126,-0.00003060,0.00000354,0.0
0000222,-0.00000902,-0.00000253,0.00000221,0.00000368,0.00000061,-0.00000277,0.0
0000378,-0.00000157,-0.00000310,0.00000072,-0.00000231,-0.00000062,-0.00008915,-
0.00022662,0.00016495,-0.00000862,-0.00000181,0.00001309,0.00000076,0.00001260,0
.00000190,0.00002037,0.00005283,-0.00006600,0.00000883,0.00001047,0.00000626,0.0
0000506,0.00000016,0.00000680,-0.00000373,-0.00000013,0.00000306,-0.00000176,-0.
00001247,0.00000299,0.00000104,0.00000103,0.00000244,-0.00000112,0.00000067,0.00
000025,-0.00003150,0.00000293,-0.00000176,0.00000015,-0.00000939,-0.00001884,-0.
00000225,0.00001304,0.00001554,-0.00000237,-0.00000365,-0.00000114,-0.00000463,0
.00000472,-0.00001102,-0.00000512,0.00000095,-0.00000482,-0.00000559,-0.00000813
,-0.00000130,-0.00000161,-0.00001443,0.00000628,0.00000639,0.00000658,-0.0000032
6,-0.00000138,0.00000217,-0.00000233,0.00011441,-0.00005331,-0.00001557,0.000010
57,-0.00000356,-0.00006290,-0.00000172,0.00000334,0.00000068,0.00000342,-0.00000
220,-0.00000320,-0.00000034,-0.00000177,0.00000314,0.00001814,-0.00000843,0.0000
0523,-0.00000092,0.00000233,-0.00000470,-0.00000039,0.00000415,0.00000574,0.0000
0417,-0.00000394,-0.00000059,0.00000064,0.00000126,-0.00000087,-0.00000136,0.000
00028,-0.00000144,0.00000335,-0.00000159,-0.00000059,-0.00000062,0.00000267,-0.0
0000112,-0.00000228,0.00000182,0.00000034,-0.00001067,0.00000662,0.00000779,0.00
000283,-0.00001285,-0.00000127,0.00000158,-0.00000033,0.00000251,-0.00000107,0.0
0000037,0.00000361,0.00000791,0.00002433,-0.00000158,0.00000455,-0.00000621,0.00
000055,-0.00002019,-0.00000016,0.00001360,-0.00000288,0.00000378,0.00000417,-0.0
0000291,0.00000144,-0.00000021,0.00000084,-0.00000320,-0.00000275,-0.00000062,-0
.00000402,0.00000137,0.00000117,0.00000026,-0.00000075,0.00000240,0.00000086,-0.
00000019,0.00136400,-0.00020492,0.00020184,0.01141651,-0.02877241,-0.04686003,0.
00196365,-0.00394539,-0.00068629,-0.00061367,0.00015994,0.00001976,0.00030028,-0
.00020562,-0.00002641,0.00837698,-0.02649793,-0.00530163,-0.00897427,0.02568636,
0.00200206,-0.01374171,0.03378530,0.05096387,-0.00003134,0.00012259,-0.00007541,
0.00018048,0.00013715,0.00010194,-0.00005628,0.00007257,0.00006481,-0.00001362,0
.00001630,-0.00000325,0.00005404,0.00000905,-0.00000758,0.00002345,0.00001085,-0
.00001257,-0.00000917,0.00002906,-0.00001648,0.00003621,-0.00010095,0.00044967,-
0.00006663,-0.00005660,-0.00004702,0.00000239,0.00001068,-0.00000407,-0.00035718
,0.00032038,0.00006397,-0.00000257,-0.00002467,0.00000401,0.00003152,-0.00000562
,-0.00001054,0.00002463,-0.00002361,-0.00000533,-0.00000874,-0.00002664,-0.00004
090,0.00003004,0.00001663,-0.00001738,0.00000438,-0.00000197,0.00000051,0.000059
53,-0.00000047,0.00008662,-0.00001119,-0.00004064,0.00000148,0.00004237,0.000041
70,-0.00000395,-0.00010833,-0.00009132,-0.00009829,0.00006636,0.00008071,-0.0000
6035,0.00001578,-0.00003744,0.00000566,-0.00002358,0.00008626,-0.00003161,-0.000
03394,-0.00013049,0.00010646,-0.00015774,-0.00021850,-0.00005029,-0.00038922,0.0
0026591,0.00014127,-0.00003620,0.00017515,-0.00009758,0.00001345,-0.00001849,-0.
00001542,-0.00000484,0.00000257,0.00000240,0.00000877,-0.00000534,-0.00000297,0.
00021560,-0.00000407,-0.00005193,0.00000727,0.00000117,0.00001248,-0.00000475,0.
00000462,-0.00000289,0.00000559,-0.00000372,0.00000439,0.00000806,-0.00000693,-0
.00000574,-0.00001130,0.00000125,-0.00000061,0.00000053,0.00001182,0.00000265,0.
00001026,-0.00000877,-0.00000285,-0.00000597,-0.00000655,0.00000286,0.00000134,-
0.00000050,-0.00001158,-0.00001399,0.00000311,-0.00000044,0.00000596,-0.00001017
,-0.00001083,0.00000460,-0.00000398,-0.00000644,0.00000068,0.00000177,0.00000271
,-0.00000292,-0.00000043,-0.00000635,-0.00000597,0.00000112,-0.00000423,-0.00000
303,-0.00000101,0.00000441,-0.00000303,0.00000420,0.00000492,-0.00000389,-0.0000
0636,-0.00000340,0.00000608,-0.00000217,0.00000185,-0.00000191,-0.00000453,-0.00
000129,-0.00000374,0.00000124,-0.00000083,-0.00000431,0.00000592,-0.00000266,0.0
0015206,0.00059336,0.00082337,0.00053195,0.00033427,-0.00085343,0.00198312,0.007
20026,-0.01053090,-0.05230798,-0.02621069,0.03619592,-0.00065503,-0.00088541,-0.
00207636,0.00002689,-0.00000569,0.00017991,-0.00056842,-0.00038882,-0.00026557,-
0.00006916,0.00008740,-0.00002896,0.05754601,-0.00004469,-0.00002175,0.00001922,
0.00011282,-0.00006120,-0.00003347,0.00009834,-0.00003062,-0.00002321,0.00001249
,0.00000312,-0.00001021,0.00000519,0.00000314,0.00000495,0.00000220,0.00000623,0
.00001190,0.00000753,-0.00000127,0.00000353,0.00025881,-0.00032283,-0.00006392,-
0.00005291,0.00009636,0.00001881,-0.00001056,-0.00002533,-0.00000702,-0.00021848
,0.00028992,0.00002431,-0.00002268,-0.00000917,-0.00000582,-0.00000154,0.0000064
6,-0.00000683,0.00002613,-0.00002534,-0.00000769,-0.00000017,-0.00000982,-0.0000
0558,0.00000245,0.00000306,0.00000155,0.00000773,0.00000444,-0.00000769,0.000145
09,-0.00003691,0.00002730,-0.00000247,-0.00000779,0.00003635,-0.00002449,-0.0000
1203,-0.00001984,-0.00004435,0.00002713,0.00001687,0.00002699,0.00003550,-0.0000
1575,-0.00000735,-0.00001607,0.00000829,-0.00001175,0.00000300,0.00001067,-0.000
02130,0.00001120,-0.00000602,-0.00000887,-0.00009760,-0.00001726,0.00006387,0.00
016629,-0.00001642,-0.00001654,0.00020071,0.00004952,-0.00002867,-0.00001051,-0.
00003933,0.00000303,-0.00000784,-0.00000178,-0.00000581,0.00000031,0.00000284,0.
00003833,-0.00004168,0.00002413,-0.00004105,0.00003625,-0.00001448,0.00000373,0.
00000165,0.00001388,0.00000384,-0.00001091,-0.00001510,-0.00000909,0.00000664,-0
.00000015,0.00000002,-0.00000115,0.00000194,0.00000389,-0.00000625,0.00000312,-0
.00000755,0.00000376,0.00000096,-0.00000474,-0.00001011,0.00000152,0.00000276,-0
.00000343,-0.00000367,-0.00000910,0.00000338,0.00000093,-0.00000030,0.00000531,0
.00000834,-0.00000313,-0.00000421,0.00000214,0.00000146,-0.00000235,0.00000002,0
.00000350,0.00000144,-0.00000433,0.00000145,0.00000195,0.00001244,-0.00000408,0.
00000623,-0.00000108,0.00001059,0.00000606,0.00000620,0.00000136,0.00001055,0.00
000857,-0.00000634,-0.00000908,-0.00000510,0.00000108,0.00000676,-0.00000198,-0.
00000291,0.00000335,0.00000366,0.00000766,-0.00000555,0.00000235,-0.00025822,0.0
0148444,0.00010922,0.00032259,0.00018552,-0.00032014,0.00155491,0.00578067,-0.00
769782,-0.02493679,-0.12616154,0.11120292,-0.00070789,-0.00020514,-0.00159756,0.
00000797,-0.00006658,-0.00012248,-0.00003438,0.00033177,-0.00012570,-0.00000200,
-0.00021107,0.00015108,0.03034618,0.14208004,-0.00017036,-0.00003635,0.00008998,
0.00020948,-0.00021468,-0.00010045,0.00018256,-0.00008468,-0.00017874,-0.0000120
1,0.00000857,0.00000622,-0.00003414,-0.00001537,0.00000091,-0.00002901,-0.000010
21,-0.00000940,0.00001062,-0.00000871,0.00001069,0.00055562,0.00017931,-0.001115
23,-0.00017903,0.00012514,0.00012033,-0.00001825,0.00000440,0.00002864,-0.000329
29,-0.00039705,0.00045631,0.00001241,0.00001987,0.00004030,-0.00001900,-0.000028
97,0.00001247,-0.00006456,0.00002289,0.00001159,-0.00002537,0.00003210,-0.000003
43,-0.00002430,-0.00002204,0.00000208,-0.00001839,-0.00000869,0.00000846,0.00007
661,0.00003561,-0.00009054,0.00005073,0.00008268,0.00008215,0.00006569,-0.000002
23,-0.00002886,-0.00012119,0.00005878,0.00008874,-0.00001314,-0.00009555,0.00002
742,-0.00002909,0.00003130,-0.00002676,-0.00002841,-0.00002551,-0.00001007,0.000
02886,0.00003963,-0.00003006,0.00009330,0.00015402,-0.00006515,0.00027773,-0.000
18132,0.00012872,-0.00004461,-0.00019422,0.00016464,-0.00009499,-0.00007052,-0.0
0006828,-0.00000263,0.00001385,0.00000361,-0.00001164,0.00000974,0.00000188,-0.0
0003383,0.00004910,-0.00004632,-0.00002749,0.00000377,-0.00001553,-0.00000276,0.
00000342,-0.00001204,-0.00000915,0.00001909,0.00000021,-0.00001015,0.00000638,0.
00000361,0.00000496,0.00000017,-0.00000038,0.00000908,-0.00000913,-0.00000077,-0
.00001485,0.00000788,0.00000207,0.00001177,0.00000557,-0.00000315,-0.00000445,0.
00000577,0.00000805,-0.00001699,-0.00002774,-0.00000983,0.00000539,0.00001946,0.
00001119,0.00000430,-0.00000259,0.00000962,-0.00000272,0.00000093,-0.00000284,-0
.00000455,0.00000130,-0.00001019,0.00000088,0.00001534,0.00002369,-0.00001394,0.
00000380,-0.00001054,-0.00002516,0.00002161,0.00002057,0.00000380,0.00001927,0.0
0000855,-0.00001715,-0.00001824,0.00000981,-0.00000067,0.00000391,0.00000138,-0.
00000683,0.00000486,0.00000430,0.00001235,-0.00001049,0.00000997,0.00038934,0.00
101515,0.00219258,0.00094297,0.00043804,0.00077254,0.00250910,0.01368951,-0.0269
6345,0.03561089,0.11106983,-0.19281629,-0.00268163,-0.00240569,-0.00484565,0.000
35245,0.00008226,0.00029090,-0.00061824,-0.00037746,0.00028448,-0.00003462,0.000
00325,-0.00008234,-0.03984144,-0.12864958,0.22546542,-0.00028994,-0.00000307,-0.
00000177,-0.00001862,-0.00005066,0.00001946,0.00007235,-0.00007042,-0.00004201,-
0.00000815,0.00002327,-0.00001592,-0.00000724,0.00000074,0.00000438,-0.00001283,
-0.00000890,-0.00000070,0.00001529,-0.00002060,0.00001066,-0.00031766,-0.0004412
1,-0.00029268,0.00001611,0.00003812,-0.00002681,0.00000144,0.00000037,0.00000694
,-0.00064030,0.00070415,0.00087457,0.00000726,-0.00000073,0.00003960,0.00002868,
0.00000504,0.00001782,-0.00003264,-0.00001635,0.00000830,-0.00000232,0.00002196,
-0.00005021,-0.00000174,0.00000742,0.00000082,-0.00001224,-0.00000095,0.00000536
,0.00028179,-0.00011580,0.00000974,0.00005156,0.00000475,0.00004283,0.00000473,-
0.00000358,-0.00003806,-0.00000834,0.00002979,0.00002354,-0.00000650,-0.00007855
,0.00003118,-0.00001355,0.00000965,-0.00001191,0.00000595,0.00001624,-0.00002163
,-0.00001709,0.00002950,-0.00001475,0.00002192,0.00010325,-0.00004277,0.00003510
,-0.00018691,0.00016547,0.00005200,0.00011609,0.00004150,0.00000189,0.00003377,-
0.00000742,0.00000893,0.00000869,0.00000056,-0.00000520,0.00001009,0.00000531,0.
00004333,0.00020545,-0.00004912,-0.00004341,0.00003142,-0.00001185,-0.00000136,-
0.00000007,0.00000166,-0.00000415,0.00000418,-0.00000335,-0.00000956,0.00000924,
0.00000354,0.00000580,-0.00000217,0.00000201,0.00000189,-0.00000602,0.00000236,-
0.00001122,0.00000571,-0.00000124,-0.00000299,-0.00000462,0.00000025,0.00000158,
-0.00000421,-0.00000147,0.00001487,0.00000071,-0.00000651,0.00000725,-0.00000584
,0.00000069,0.00000169,0.00000060,0.00000399,0.00000476,-0.00000167,-0.00000251,
0.00000666,0.00000625,0.00000129,0.00000107,0.00000400,0.00000973,-0.00001245,0.
00000392,-0.00000357,-0.00000688,-0.00000324,0.00000268,0.00000359,0.00001067,0.
00000623,-0.00000258,0.00000200,-0.00000316,0.00000189,0.00000780,-0.00000210,-0
.00000441,0.00000033,0.00000251,0.00000042,-0.00000433,0.00000408,-0.00049354,-0
.00309685,-0.00232067,0.00025927,-0.00066438,-0.00040270,0.00394886,-0.00934140,
-0.00158294,-0.07616311,0.08374674,0.01485039,0.00005392,-0.00014689,0.00019432,
0.00001668,0.00005478,0.00005978,-0.00005645,-0.00004592,0.00006066,-0.00058510,
-0.00025640,-0.00051205,0.00245678,-0.00473522,-0.00063058,0.08626030,0.00022500
,0.00021418,-0.00001851,-0.00003020,0.00013680,-0.00014860,-0.00021442,0.0001088
5,0.00009044,-0.00003665,-0.00000094,0.00002359,0.00001625,-0.00000918,-0.000019
71,0.00000427,0.00000099,-0.00002609,-0.00001635,0.00001769,-0.00002299,-0.00121
312,0.00077911,0.00027756,-0.00002773,-0.00011398,0.00012057,-0.00003503,0.00002
607,-0.00000832,0.00021785,-0.00016637,-0.00025120,0.00002155,-0.00004511,-0.000
00393,-0.00002085,-0.00001125,-0.00000149,0.00000244,0.00000351,0.00001243,-0.00
001677,-0.00004129,0.00003094,0.00002205,0.00000456,-0.00000021,-0.00000329,0.00
000207,0.00001700,-0.00040964,0.00009676,-0.00001742,-0.00003789,0.00001255,-0.0
0006642,0.00006840,-0.00001629,0.00008670,0.00001985,-0.00005594,0.00000526,-0.0
0007349,0.00004940,-0.00002676,-0.00001754,-0.00001464,0.00000226,0.00001257,-0.
00000062,-0.00001828,-0.00002413,-0.00009788,0.00008548,0.00000482,-0.00001819,0
.00007277,-0.00010068,-0.00002741,-0.00006535,0.00021568,-0.00039746,-0.00007327
,0.00007687,0.00006564,0.00000231,-0.00001481,0.00001561,0.00001165,0.00002273,-
0.00001260,-0.00000989,0.00007294,-0.00005928,-0.00003642,0.00010808,-0.00007468
,0.00001767,-0.00000927,0.00000926,-0.00002670,-0.00000453,0.00002925,0.00003165
,0.00002460,-0.00002514,-0.00000220,-0.00000608,0.00000906,-0.00000172,-0.000007
75,0.00001351,-0.00000509,0.00002534,-0.00001756,0.00000084,0.00000668,0.0000167
0,-0.00000333,-0.00000972,0.00001141,0.00000735,0.00000902,0.00000337,0.00000190
,0.00000398,-0.00001422,-0.00002154,0.00000683,0.00000275,-0.00000448,-0.0000026
3,0.00000044,0.00000737,0.00000652,0.00000894,0.00000970,0.00000092,-0.00002186,
-0.00002492,-0.00000271,-0.00000611,0.00004246,-0.00002482,0.00000961,-0.0000023
2,-0.00000908,-0.00002190,-0.00001767,0.00001307,0.00001090,0.00000265,-0.000005
79,-0.00001973,0.00000772,0.00000795,-0.00000044,-0.00000815,-0.00001282,0.00001
067,-0.00001153,-0.00058396,-0.00348622,-0.00417201,0.00056144,0.00033977,0.0004
9747,0.00468171,-0.01468545,-0.00413935,0.08276729,-0.24465970,-0.03513275,0.000
15543,0.00040269,0.00077188,0.00022558,0.00019627,0.00029548,-0.00002093,-0.0003
0830,0.00001419,-0.00061036,0.00058044,-0.00020879,0.00826232,-0.02220383,-0.000
25233,-0.09645466,0.28357497,0.00005748,0.00003392,0.00000125,-0.00001350,-0.000
01416,-0.00009542,-0.00006737,-0.00000632,0.00005776,-0.00001604,-0.00000521,0.0
0000708,0.00000219,-0.00000292,-0.00000450,-0.00000063,-0.00000167,-0.00000648,-
0.00000120,-0.00000553,-0.00000273,-0.00088377,0.00011974,-0.00012571,-0.0000075
1,-0.00000761,0.00006862,-0.00000385,0.00002740,0.00000500,0.00007208,0.00024489
,-0.00014923,0.00001439,0.00001133,0.00000658,0.00000964,-0.00000941,0.00001559,
-0.00000935,0.00000266,0.00000776,-0.00001229,-0.00003280,0.00001936,0.00000533,
-0.00000112,0.00000313,-0.00000392,0.00000105,0.00000337,-0.00010334,-0.00001067
,-0.00001183,-0.00000319,-0.00000038,-0.00003823,0.00002518,-0.00004407,0.000040
22,0.00002318,0.00000205,0.00001621,-0.00002252,0.00001583,-0.00000788,-0.000022
12,0.00000986,-0.00000251,-0.00000070,-0.00002460,0.00000129,-0.00001029,-0.0000
1693,0.00001808,0.00001409,0.00002300,0.00002302,0.00009725,-0.00003001,-0.00004
946,0.00015064,-0.00016948,0.00006732,0.00002600,0.00005313,-0.00004149,-0.00000
364,0.00000686,0.00000058,0.00000450,-0.00000133,-0.00000484,0.00002287,-0.00004
264,0.00000305,0.00002665,-0.00001608,-0.00000414,-0.00000235,0.00000439,-0.0000
0611,-0.00000277,0.00001146,0.00001133,0.00000516,-0.00000561,0.00000005,0.00000
191,0.00000140,-0.00000168,-0.00000210,-0.00000014,-0.00000410,0.00000531,-0.000
00197,-0.00000083,0.00000096,0.00000841,-0.00000313,-0.00000469,0.00000361,0.000
00488,0.00000866,0.00000858,0.00000363,0.00000537,-0.00001203,-0.00000729,0.0000
0150,0.00000070,0.00000305,-0.00000005,-0.00000055,0.00000423,0.00001169,0.00001
117,0.00000539,0.00000194,-0.00000993,-0.00000322,-0.00001120,0.00000256,0.00002
908,-0.00000923,0.00000918,-0.00000077,-0.00000272,-0.00000181,-0.00000250,0.000
00070,0.00000172,-0.00000213,-0.00000179,-0.00000580,0.00000211,0.00000164,0.000
00137,-0.00000124,0.00000023,0.00000213,-0.00000374,-0.00125936,-0.00565197,-0.0
0470617,0.00073824,0.00006279,0.00048430,0.00821730,-0.02147227,-0.00467968,0.01
512601,-0.03481362,-0.04858027,0.00005712,-0.00039599,0.00018787,0.00026210,0.00
010750,0.00004799,-0.00006505,0.00012477,-0.00004902,-0.00046870,-0.00000658,0.0
0006317,-0.00933820,0.02466549,0.00303670,-0.01586433,0.04218643,0.05514728,0.00
085745,-0.00055164,-0.00034018,-0.00013936,-0.00011848,-0.00000612,-0.00009441,0
.00000567,-0.00015595,0.00001731,-0.00000158,-0.00003077,0.00000140,0.00003001,0
.00005975,0.00003938,-0.00004204,0.00002294,0.00001962,-0.00002857,0.00007673,0.
00108836,-0.00056075,-0.00032546,0.00002274,0.00002449,0.00000721,0.00007992,0.0
0005719,0.00004275,-0.00136447,0.00222514,0.00185794,-0.00004186,-0.00004148,-0.
00020868,0.00002708,0.00003265,-0.00013299,0.00002381,-0.00020328,-0.00001235,0.
00001454,0.00002128,-0.00002157,0.00000159,0.00003963,-0.00002755,0.00002500,-0.
00004871,-0.00001903,-0.00002040,0.00017168,0.00012613,0.00002338,-0.00006517,-0
.00006369,0.00000449,0.00002632,0.00001530,0.00008974,0.00002082,0.00006839,-0.0
0005572,0.00000731,0.00019855,0.00010588,0.00003859,0.00010494,-0.00006369,-0.00
001478,0.00016947,-0.00068087,0.00038672,-0.00039586,-0.00039968,0.00038948,-0.0
0020863,0.00023164,0.00029508,-0.00023167,-0.00021404,-0.00022757,0.00002095,-0.
00003322,0.00000099,-0.00000925,0.00005088,-0.00003503,-0.00003175,-0.00000373,0
.00001507,-0.00000194,-0.00080078,-0.00051106,0.00066626,0.00004597,-0.00007235,
-0.00000621,-0.00000183,-0.00000552,-0.00001700,0.00000148,0.00001740,0.00001047
,-0.00000028,-0.00000367,0.00000185,0.00000781,-0.00001669,0.00000348,0.00000638
,-0.00000793,0.00000012,0.00000112,-0.00000205,0.00000123,0.00000451,-0.00000257
,-0.00000454,-0.00000082,-0.00000089,0.00000550,-0.00001894,-0.00001282,0.000014
34,-0.00001515,0.00000075,0.00001265,-0.00000521,0.00001060,0.00000492,-0.000002
90,0.00000171,-0.00000166,-0.00000365,0.00000944,0.00000346,0.00000460,0.0000064
3,0.00000112,-0.00000416,-0.00000598,-0.00001326,0.00000304,-0.00000766,-0.00000
291,0.00000004,0.00000808,0.00000126,-0.00000542,-0.00000048,0.00000009,-0.00000
331,-0.00000006,0.00000088,0.00000309,0.00000039,-0.00000146,0.00000322,-0.00000
426,0.00000329,-0.00011087,0.00068968,0.00084268,-0.00147304,-0.00167713,-0.0030
8197,-0.01872961,-0.00359537,-0.00247697,-0.28051049,-0.01365462,0.03770111,0.00
057181,0.00034256,0.00097219,-0.00088528,-0.00007381,0.00004676,0.00028312,0.000
23607,-0.00022974,0.00033471,-0.00024167,0.00002070,-0.00880151,-0.00176818,0.00
399445,-0.01494586,0.00221906,0.00338003,0.32487433,-0.00102410,0.00003120,0.000
23091,-0.00025788,-0.00015573,0.00023421,0.00020111,-0.00013484,-0.00011030,-0.0
0003004,0.00003657,-0.00000630,-0.00009999,-0.00004137,0.00000349,-0.00008275,-0
.00001069,0.00000971,0.00000968,-0.00002223,-0.00001024,-0.00259047,-0.00315248,
-0.00101436,0.00017624,0.00008773,-0.00021911,-0.00006069,-0.00004424,-0.0000097
8,0.00184749,0.00050176,-0.00046574,0.00005847,0.00005961,0.00019343,-0.00001338
,0.00002718,0.00007138,-0.00010159,0.00004235,0.00002125,0.00004547,0.00004975,-
0.00008183,-0.00004537,-0.00002504,0.00005225,-0.00003784,0.00002066,0.00000397,
0.00093268,-0.00060217,-0.00010513,0.00013808,0.00003106,0.00014909,-0.00013610,
0.00004405,-0.00014504,0.00015038,0.00011430,-0.00000596,0.00003999,-0.00017994,
0.00002761,-0.00011921,0.00001823,-0.00007077,0.00002149,-0.00011355,-0.00004127
,0.00012330,0.00020584,-0.00030869,0.00041461,0.00010843,-0.00004833,0.00049587,
-0.00087204,0.00065987,0.00017679,0.00068225,0.00019117,0.00002993,0.00003818,0.
00000071,-0.00002042,0.00003023,0.00001613,-0.00002753,0.00002250,0.00000744,-0.
00000733,0.00056649,0.00005335,-0.00011071,0.00007930,-0.00002282,0.00000079,-0.
00000232,0.00001654,-0.00001819,0.00000304,-0.00001554,-0.00002670,0.00002524,0.
00000416,0.00000878,0.00000555,0.00000294,0.00000300,-0.00000939,0.00000066,-0.0
0003562,0.00002306,0.00000307,0.00000540,0.00000299,0.00000025,0.00000016,-0.000
00318,0.00000399,0.00004602,0.00002626,-0.00000374,-0.00000764,0.00000774,0.0000
1328,-0.00000807,0.00000722,0.00001994,0.00000625,0.00000061,-0.00000338,0.00002
030,0.00000955,0.00000208,0.00000637,0.00001128,0.00001949,-0.00001911,0.0000023
9,-0.00002662,0.00000735,-0.00001687,-0.00000172,0.00001188,0.00002861,0.0000124
5,-0.00000546,0.00000160,-0.00000826,0.00000447,0.00001927,-0.00000504,-0.000001
31,-0.00000376,0.00000089,0.00000497,-0.00001416,0.00001258,0.00107043,0.0005348
3,0.00051250,-0.00137348,-0.00069229,-0.00216364,-0.01321180,-0.00061584,0.00052
387,-0.01318835,-0.04429249,0.00373943,0.00044265,0.00004532,0.00066911,-0.00079
438,0.00011420,-0.00010423,0.00018268,0.00004566,-0.00006442,0.00001739,-0.00002
011,-0.00004162,-0.02008523,-0.00160398,0.00553370,0.03057398,-0.00064076,-0.005
31550,0.01615822,0.04943461,-0.00088416,0.00036216,-0.00001381,0.00003905,0.0000
1700,0.00023974,0.00003620,0.00001826,0.00008865,-0.00002352,0.00001466,-0.00000
879,0.00002286,-0.00003055,-0.00001123,-0.00001565,0.00003803,-0.00000444,-0.000
00553,0.00004403,-0.00004631,-0.00213302,-0.00265550,0.00034669,0.00007638,0.000
02871,-0.00019363,-0.00005105,0.00002323,-0.00002866,0.00154721,0.00060956,-0.00
134541,0.00006566,0.00001392,0.00019429,0.00007053,-0.00000127,0.00007645,-0.000
03941,0.00003616,0.00000385,0.00005269,-0.00006780,-0.00018292,0.00005142,0.0000
0828,0.00000453,-0.00003733,0.00002417,-0.00001776,0.00081910,-0.00040961,0.0002
3936,0.00006297,-0.00006161,0.00007235,-0.00009241,0.00010475,-0.00011391,-0.000
00880,-0.00001420,-0.00011161,0.00006251,0.00017239,-0.00018207,-0.00010360,-0.0
0001748,-0.00006399,-0.00011003,0.00001450,-0.00007101,0.00018219,-0.00032625,-0
.00000758,-0.00010513,-0.00033678,-0.00013499,-0.00018136,0.00053744,0.00016749,
0.00018187,0.00091169,0.00001031,0.00002276,0.00001022,-0.00001517,-0.00002682,0
.00001272,0.00000141,-0.00001105,0.00000212,-0.00000691,0.00073136,0.00020605,0.
00026769,-0.00007319,0.00005298,0.00000086,-0.00000020,0.00000267,0.00001514,-0.
00000366,-0.00000802,-0.00000797,-0.00001177,0.00000882,-0.00000565,-0.00001418,
-0.00000073,-0.00000113,0.00000556,0.00000786,-0.00000118,-0.00001565,0.00000773
,-0.00000314,-0.00000187,-0.00000338,0.00000224,0.00000286,-0.00000308,-0.000011
29,0.00001459,0.00002394,0.00000427,-0.00000850,-0.00000959,0.00000011,-0.000005
02,0.00000244,0.00000995,0.00000600,0.00000370,0.00000071,0.00001451,0.00001069,
-0.00000310,0.00000080,0.00001033,0.00000780,-0.00001497,-0.00000320,-0.00001670
,0.00002047,-0.00001109,-0.00000182,0.00000463,0.00001486,0.00000612,0.00000086,
0.00000037,-0.00000720,0.00000145,0.00001036,-0.00000663,-0.00000192,-0.00000271
,-0.00000071,0.00000218,-0.00000436,0.00000585,0.00157777,0.00091067,0.00054299,
-0.00265181,-0.00206185,-0.00360408,-0.02469976,-0.00155099,0.00214241,0.0385003
4,0.00369094,-0.04817776,-0.00070637,-0.00042942,0.00093574,-0.00149886,-0.00023
997,0.00008902,0.00006468,-0.00005769,-0.00011145,0.00012384,0.00000423,-0.00009
482,0.02611960,0.00309906,-0.00592240,0.00540854,-0.00014479,-0.00018517,-0.0424
1430,-0.00275620,0.05617752,0.00002742,0.00004820,-0.00001922,0.00001916,0.00000
562,-0.00010035,-0.00003687,0.00002986,-0.00002753,0.00000170,0.00000772,0.00000
157,0.00002029,0.00000676,-0.00000194,-0.00000061,0.00000236,0.00000020,-0.00000
029,-0.00000276,0.00000009,-0.00036485,-0.00007521,-0.00067869,-0.00002243,-0.00
000786,0.00007471,-0.00001185,0.00000053,0.00000390,-0.00023727,0.00050905,0.000
16636,-0.00006654,0.00003177,0.00002879,0.00002599,-0.00005847,0.00000249,0.0000
1907,0.00000723,0.00001830,-0.00015379,-0.00007856,-0.00011547,0.00002649,0.0000
0125,-0.00001779,0.00001395,-0.00000811,0.00000583,0.00001130,-0.00007805,-0.000
04894,0.00002617,0.00003494,0.00002086,0.00001798,0.00001100,-0.00002109,-0.0000
0588,0.00000782,0.00004021,0.00000131,0.00000448,0.00002143,-0.00000140,0.000000
11,0.00002065,0.00002780,0.00002241,-0.00000958,-0.00001256,-0.00001227,0.000038
05,-0.00002105,-0.00001607,0.00003489,-0.00000706,-0.00003955,0.00002153,0.00006
079,0.00026103,0.00020978,0.00001727,0.00000029,-0.00001404,0.00000630,-0.000000
98,0.00000500,0.00000082,0.00000362,0.00000239,0.00011599,0.00000455,0.00001227,
0.00000821,0.00001210,-0.00000283,0.00000418,-0.00000022,0.00000219,-0.00000069,
-0.00000274,-0.00000992,0.00000146,-0.00000082,0.00000320,0.00000488,-0.00000088
,0.00000318,-0.00000097,-0.00000362,0.00000125,0.00000355,-0.00000056,0.00000197
,-0.00000610,-0.00000034,-0.00000169,-0.00000659,0.00000182,0.00000005,0.0000018
5,0.00001793,-0.00002591,0.00004265,0.00004673,-0.00000676,0.00000822,-0.0000079
2,0.00000694,-0.00000284,-0.00000863,0.00000253,0.00000881,-0.00001468,0.0000068
9,-0.00000695,-0.00002568,0.00001035,-0.00002309,0.00003657,0.00002657,-0.000014
44,0.00000624,0.00000177,0.00000309,-0.00000115,0.00000560,-0.00000194,-0.000005
39,0.00000276,0.00000233,-0.00000720,0.00000373,-0.00000407,0.00000300,0.0000022
8,0.00000078,0.00000036,-0.00000085,-0.00001386,0.00036901,-0.00006350,0.0005815
7,0.00004575,0.00102185,0.00218039,0.00267354,0.00301205,0.00026481,-0.00031863,
0.00067398,-0.08869645,-0.04519313,-0.08250602,-0.00025051,-0.00032171,0.0003753
9,-0.00009133,-0.00001972,-0.00005250,-0.00005081,0.00007985,0.00002602,0.000300
17,0.00002585,0.00020213,-0.00008575,0.00005951,0.00004440,0.00017921,-0.0000555
1,0.00014994,0.09926399,-0.00004532,-0.00000518,-0.00001281,-0.00001664,0.000003
30,0.00009930,0.00007866,-0.00003119,-0.00001830,0.00000791,0.00000714,-0.000010
83,-0.00000308,0.00000323,0.00000178,-0.00000175,0.00000741,0.00000833,-0.000004
01,0.00000676,0.00000219,0.00038031,-0.00034954,0.00008888,0.00003210,0.00001252
,-0.00007393,-0.00000398,-0.00001640,0.00000950,-0.00027225,0.00023865,-0.000076
05,-0.00003441,-0.00002156,0.00000057,0.00001041,-0.00000054,0.00000671,-0.00000
297,-0.00001576,-0.00000237,-0.00000856,0.00004099,-0.00002080,-0.00000438,-0.00
000418,-0.00000627,0.00000176,0.00000127,-0.00000629,0.00013517,-0.00004880,0.00
002758,0.00001596,0.00001071,0.00004473,-0.00002785,-0.00002230,-0.00002379,-0.0
0001227,-0.00000102,-0.00001911,0.00001499,0.00000571,0.00000711,-0.00000304,-0.
00001123,0.00001364,0.00001884,0.00001354,-0.00000751,0.00000698,0.00002181,-0.0
0000022,-0.00001146,-0.00004697,-0.00000833,-0.00001214,0.00000977,0.00000195,-0
.00004740,0.00016240,-0.00003914,-0.00000073,-0.00000572,0.00003792,0.00000286,-
0.00000905,-0.00000363,-0.00000699,0.00000427,0.00000232,0.00002620,-0.00002038,
-0.00000700,-0.00003736,0.00002737,-0.00000595,0.00000139,-0.00000173,0.00000780
,0.00000238,-0.00001173,-0.00001237,-0.00000705,0.00000804,-0.00000103,-0.000001
10,-0.00000419,-0.00000050,0.00000269,-0.00000135,0.00000232,-0.00000949,0.00000
543,0.00000058,-0.00000197,-0.00000676,0.00000440,0.00000530,-0.00000108,-0.0000
0360,0.00001595,0.00000315,0.00001301,-0.00002397,-0.00001067,0.00000459,-0.0000
1222,0.00000033,-0.00000578,0.00000505,0.00000605,-0.00000520,-0.00003404,-0.000
02832,0.00000904,-0.00000590,0.00003367,-0.00000044,0.00006352,-0.00001270,-0.00
002715,0.00000388,0.00000433,-0.00000448,0.00000230,0.00000294,0.00000239,0.0000
0003,0.00000042,0.00000183,-0.00000185,0.00001045,-0.00000481,-0.00000305,0.0000
0059,0.00000098,0.00000030,0.,0.00000221,-0.00029635,0.00158924,-0.00031084,0.00
055118,0.00026878,0.00011300,0.00576324,0.00593072,0.01225552,-0.00048066,-0.000
95663,0.00248953,-0.04415175,-0.08954248,-0.08345933,-0.00012830,0.00022229,0.00
016485,0.00009221,-0.00006302,0.00003798,-0.00004558,-0.00018209,-0.00016864,0.0
0026312,0.00037916,0.00074379,-0.00009966,0.00006486,0.00014453,0.00003468,-0.00
012320,0.00002070,0.05267924,0.09976160,0.00020378,-0.00000778,0.00001968,-0.000
03767,-0.00002150,-0.00019150,-0.00002051,0.00000530,-0.00012505,0.00002169,0.00
000094,-0.00001048,0.00000188,0.00000644,0.00000469,0.00000166,0.00000772,0.0000
1620,0.00000643,-0.00000498,0.00000947,-0.00069018,-0.00005463,-0.00074870,0.000
00566,0.00002058,0.00011283,-0.00001454,-0.00001022,-0.00001186,0.00050548,0.000
24857,0.00035699,-0.00006767,-0.00004462,-0.00003893,-0.00000400,-0.00003914,0.0
0000960,0.00001007,-0.00001879,-0.00000039,-0.00009243,-0.00000190,0.00001967,-0
.00000635,0.00000223,0.00000003,0.00001953,0.00000543,-0.00000252,-0.00008815,-0
.00007856,-0.00010886,-0.00000338,0.00005059,0.00005786,-0.00005940,-0.00001725,
0.00001804,0.00005734,0.00002619,0.00011379,-0.00002350,-0.00002110,0.00007114,0
.00004441,0.00000881,0.00002330,0.00005303,0.00001754,0.00000502,-0.00004229,0.0
0009276,0.00003395,-0.00003333,-0.00001894,0.00007884,0.00004683,-0.00006090,-0.
00000508,0.00011994,0.00017544,0.00015456,0.00002179,0.00003356,-0.00006009,0.00
001520,-0.00001697,-0.00000204,-0.00000107,0.00000274,-0.00000033,0.00002934,-0.
00000977,-0.00006779,0.00000985,0.00002033,0.00000249,0.00000762,-0.00000564,0.0
0000517,0.00000312,-0.00002124,-0.00001866,-0.00000119,0.00000289,0.00000243,0.0
0000920,-0.00000310,0.00000303,0.00000003,-0.00000543,-0.00000209,0.00000423,0.0
0000097,0.00000079,-0.00001609,-0.00000431,0.00000045,-0.00000613,0.00000084,-0.
00000371,-0.00000322,0.00003310,-0.00004058,0.00001239,0.00002283,0.00000831,0.0
0000141,-0.00000983,-0.00000164,0.00000057,-0.00001159,0.00000039,0.00004112,0.0
0003170,0.00000960,0.00001308,-0.00004043,0.00000072,-0.00005398,0.00000980,0.00
007127,0.00001755,-0.00001183,0.00000176,0.00000453,0.00000383,0.00001463,-0.000
00230,0.00000191,-0.00000869,0.00000466,-0.00000711,0.00000300,-0.00000036,-0.00
000010,0.00000479,0.00000624,0.00000038,0.00000180,0.00017036,-0.00106029,0.0020
5394,-0.00088931,-0.00062214,0.00076615,-0.01088861,-0.00923295,-0.02723821,0.00
121069,0.00335603,-0.00500849,-0.08171237,-0.08311681,-0.19302940,0.00081598,0.0
0052204,0.00011789,-0.00025408,-0.00015800,0.00040466,0.00002857,-0.00005502,-0.
00013810,-0.00066583,-0.00049449,-0.00144904,0.00000027,0.00028098,0.00027551,0.
00046744,0.00008544,0.00016077,0.09516117,0.09524735,0.22601694,-0.00034115,-0.0
0002373,-0.00002066,0.00001872,-0.00001803,0.00007346,0.00001367,-0.00003846,0.0
0007364,-0.00000674,0.00000541,-0.00000690,-0.00000390,0.00000194,0.00000245,-0.
00000349,-0.00000690,-0.00000261,0.00000661,-0.00000613,-0.00000080,0.00003542,-
0.00046672,0.00025857,0.00002156,0.00002070,-0.00006160,0.00002772,-0.00000585,0
.00001104,-0.00099976,0.00076750,-0.00075618,0.00004025,0.00003908,0.00006117,0.
00001703,0.00005438,-0.00000602,-0.00000924,0.00000300,0.00000133,0.00011558,-0.
00002430,-0.00008309,0.00000410,0.00001983,-0.00000256,-0.00001117,-0.00000161,-
0.00000329,0.00033544,-0.00007969,0.00009967,0.00002422,-0.00005488,-0.00001711,
0.00000316,0.00001509,-0.00001660,-0.00001790,0.00001258,-0.00003871,0.00004493,
-0.00000905,-0.00002916,-0.00002355,-0.00001445,-0.00001479,-0.00001238,-0.00001
713,-0.00000588,0.00003148,-0.00001434,-0.00005517,0.00001852,-0.00001650,-0.000
05573,-0.00001647,-0.00000224,0.00003666,0.00003852,0.00012060,-0.00000696,-0.00
000196,0.00002318,-0.00000089,-0.00000017,0.00000796,-0.00000144,-0.00000476,0.0
0000717,0.00000437,-0.00001075,0.00011429,0.00003835,-0.00003816,0.00002559,-0.0
0000228,-0.00000197,0.00000255,0.00000330,0.00000054,-0.00000011,0.00000222,-0.0
0000774,0.00000751,0.00000133,-0.00000015,-0.00000309,-0.00000048,0.00000228,-0.
00000260,0.00000212,-0.00001260,0.00000621,-0.00000213,0.00000040,-0.00000508,0.
00000009,0.00000533,-0.00000557,-0.00000651,0.00001058,0.00000228,0.00000861,0.0
0000485,-0.00001843,0.00000388,0.00000161,0.00000194,0.00000226,0.00000528,0.000
00184,-0.00000065,0.00000401,0.00000888,-0.00000399,0.00000030,0.00000713,0.0000
0470,-0.00001432,0.00000544,-0.00001919,-0.00000157,-0.00000733,-0.00000055,0.00
000232,0.00000824,0.00000311,-0.00000018,0.00000213,-0.00000397,0.00000139,0.000
00875,-0.00000386,-0.00000313,-0.00000084,0.00000076,-0.00000152,-0.00000417,0.0
0000220,0.00012095,-0.00158514,0.00083146,0.00016399,-0.00063447,0.00031284,0.00
158131,-0.00385218,-0.00076330,0.00003506,0.00000166,-0.00017563,-0.07200914,0.0
7942199,0.00903777,-0.00005974,-0.00006742,-0.00006927,-0.00005077,0.00005213,-0
.00003457,-0.00030164,-0.00028915,0.00053051,-0.00009074,-0.00013862,0.00005851,
0.00031474,-0.00015198,-0.00029485,-0.00023645,0.00022336,0.00000619,0.00484158,
-0.01285110,-0.00230284,0.08049311,0.00026508,0.00022947,-0.00007144,-0.00003414
,0.00007821,-0.00027980,-0.00016318,0.00011379,-0.00010677,-0.00003209,0.0000129
6,0.00001867,0.00001190,-0.00000837,-0.00001219,-0.00000444,-0.00000119,-0.00001
786,-0.00000516,0.00000981,-0.00001497,-0.00134401,0.00078554,0.00012198,-0.0000
6162,-0.00006930,0.00019295,-0.00005817,0.00001006,-0.00002195,0.00040720,-0.000
16068,0.00041913,-0.00000208,-0.00007379,-0.00002779,-0.00003512,-0.00004470,-0.
00000585,-0.00000410,-0.00001792,0.00001879,-0.00005868,-0.00007559,0.00003531,0
.00002362,0.00000857,0.00000910,0.00000197,0.00000299,0.00002747,-0.00041519,0.0
0005159,-0.00013571,-0.00004094,0.00005140,0.00000354,0.00008627,-0.00003912,0.0
0007650,0.00004370,-0.00002239,0.00010004,-0.00007597,0.00000941,0.00001780,0.00
000381,0.00000524,0.00000699,0.00002237,0.00000528,0.00000461,-0.00004073,-0.000
04172,0.00005841,0.00001288,0.00000659,0.00008832,-0.00001042,-0.00003419,-0.000
04639,0.00021185,-0.00038020,-0.00010633,0.00006862,0.00005843,-0.00002992,-0.00
000572,0.00001427,0.00001193,0.00002080,-0.00001079,-0.00000973,0.00005343,-0.00
004641,-0.00000838,0.00010742,-0.00006624,0.00001991,-0.00000717,0.00000698,-0.0
0002778,-0.00000873,0.00002589,0.00001739,0.00002042,-0.00002197,0.00000060,-0.0
0000084,0.00001044,0.00000111,-0.00000645,0.00001007,-0.00000623,0.00002794,-0.0
0001777,0.00000244,0.00000018,0.00001591,-0.00000329,-0.00001389,0.00000970,0.00
001355,-0.00001184,-0.00000533,-0.00002054,0.00002008,0.00000619,-0.00002305,0.0
0000924,0.00000068,-0.00000172,-0.00000371,-0.00000733,0.00000563,0.00002376,0.0
0001900,0.00000853,0.00000389,-0.00002950,-0.00001392,-0.00003239,-0.00000491,0.
00006569,-0.00002193,0.00001444,0.00000434,-0.00000672,-0.00001540,-0.00001108,0
.00000654,0.00000659,0.00000061,-0.00000441,-0.00002210,0.00000991,0.00000534,0.
00000206,-0.00000469,-0.00000657,0.00001026,-0.00000894,0.00034999,-0.00502243,0
.00425842,0.00046999,0.00043220,-0.00064167,0.00620223,-0.01881451,-0.00009899,-
0.00004422,0.00050659,-0.00085704,0.07860595,-0.25228747,-0.02480234,-0.00002196
,-0.00025401,-0.00003315,0.00017885,0.00025542,-0.00030368,-0.00057658,0.0004922
0,0.00044993,-0.00002685,0.00014347,-0.00034475,-0.00015502,0.00059911,0.0002999
3,0.00011922,-0.00016439,0.00001733,0.00507114,-0.01717964,-0.00501979,-0.091831
05,0.29276944,0.00002715,-0.00006886,0.00003492,0.00003631,-0.00003758,0.0000597
4,0.00002606,-0.00000412,0.00002701,0.00000417,-0.00000734,0.00000447,0.00000332
,-0.00000052,0.00000029,0.00000755,-0.00000358,0.00000090,0.00000828,-0.00000655
,0.00000421,0.00058455,0.00018783,-0.00038520,-0.00001016,0.00000344,-0.00000923
,0.00000025,0.00000740,0.00000499,0.00013920,-0.00046038,0.00007097,-0.00001387,
0.00003479,0.00000762,-0.00000061,-0.00001092,0.00000647,0.00000452,0.00001156,0
.00000449,-0.00004859,-0.00000423,-0.00000178,-0.00000327,-0.00000793,0.00000493
,0.00000246,-0.00000252,-0.00000246,-0.00003333,0.00006711,-0.00000753,0.0000121
0,0.00001139,-0.00000773,-0.00002772,0.00005823,-0.00002210,-0.00002431,-0.00000
167,-0.00001761,-0.00000466,0.00000021,-0.00001170,0.00000627,-0.00000104,-0.000
00488,-0.00002707,-0.00000489,0.00000011,-0.00000532,-0.00000977,-0.00000430,0.0
0001108,0.00002428,-0.00002555,0.00001277,0.00000973,0.00002038,-0.00005370,0.00
004094,0.00013377,-0.00003860,-0.00005119,-0.00001297,-0.00000068,-0.00000048,-0
.00000067,0.00000047,-0.00000285,-0.00000052,-0.00001856,0.00000388,0.00000666,0
.00000372,0.00000028,-0.00000433,0.00000097,0.00000099,0.00000089,0.00000213,-0.
00000151,-0.00000010,0.00000114,-0.00000106,-0.00000019,0.00000111,-0.00000082,-
0.00000153,0.00000070,-0.00000293,0.00000032,0.00000042,-0.00000042,-0.00000092,
-0.00000006,-0.00000187,-0.00000072,-0.00000028,0.00000130,-0.00000109,-0.000002
89,-0.00000372,0.00000858,0.00001056,0.00000459,0.00001154,0.00000181,-0.0000041
6,0.00000430,-0.00000176,0.00000015,0.00000260,0.00000417,0.00000321,-0.00001069
,-0.00000345,-0.00000333,0.00000728,-0.00001895,0.00002614,-0.00001279,-0.000002
88,0.00000026,0.00000050,-0.00000054,0.00000190,0.00000155,-0.00000376,-0.000006
85,0.00000281,0.00000096,-0.00000189,0.00000039,-0.00000010,-0.00000025,0.000000
04,0.00000387,-0.00000234,0.00000204,0.00021718,0.00636203,-0.00375149,-0.000535
53,0.00007177,0.00042336,-0.00779482,0.02098016,0.00179678,-0.00002310,0.0004828
2,0.00025840,0.00863042,-0.02541349,-0.04513499,0.00005873,-0.00013871,-0.000085
13,-0.00019104,-0.00008441,0.00004581,0.00043367,0.00017110,-0.00011502,0.000050
67,-0.00011891,0.00020311,-0.00000295,0.00000546,-0.00082574,-0.00006522,0.00000
352,-0.00003020,0.00829629,-0.02574209,-0.00441316,-0.01119361,0.02766839,0.0515
1901,0.00064546,-0.00050894,0.00024987,-0.00007012,-0.00000024,-0.00005233,-0.00
014377,-0.00001861,0.00006712,-0.00000093,-0.00002930,0.00002388,0.00000847,0.00
004462,0.00001620,0.00000777,-0.00005795,-0.00002409,0.00002642,-0.00003849,0.00
001925,0.00192504,0.00003283,0.00015485,-0.00000514,-0.00001476,0.00002695,0.000
16530,-0.00004305,0.00003687,-0.00267230,0.00224334,-0.00118160,-0.00014119,0.00
004931,-0.00005935,-0.00005698,0.00010179,-0.00008840,0.00007570,-0.00009185,-0.
00004040,-0.00005072,0.00034109,0.00031644,-0.00008469,-0.00001910,-0.00002815,0
.00003512,-0.00003564,0.00001172,-0.00007388,0.00016554,-0.00010965,-0.00000913,
-0.00007722,-0.00015584,0.00002846,-0.00002570,0.00001537,0.00005635,0.00001468,
-0.00002138,0.00012064,-0.00004979,0.00007796,0.00001445,-0.00007550,0.00006794,
0.00004238,0.00002742,0.00005572,-0.00013590,0.00011677,0.00003414,-0.00006147,0
.00010610,0.00003540,-0.00001826,-0.00001318,0.00002286,-0.00022580,-0.00056858,
-0.00002507,-0.00002891,0.00000468,0.00000557,0.00001127,0.00002042,0.00001673,0
.00000885,0.00000163,0.00000914,-0.00013358,-0.00010118,-0.00026421,0.00006406,-
0.00006648,0.00000692,-0.00000673,0.00000733,-0.00001675,0.00000022,0.00001655,0
.00002427,0.00000613,-0.00000621,0.00000036,0.00000576,0.00001132,-0.00000379,-0
.00000152,-0.00000028,-0.00000065,0.00000347,-0.00000319,-0.00000108,0.00000608,
0.00000284,-0.00000238,0.00000252,-0.00000677,0.00000514,-0.00002356,-0.00003067
,0.00002482,-0.00003095,-0.00002498,0.00000934,-0.00000307,0.00001332,-0.0000082
1,-0.00000351,0.00000708,-0.00000122,-0.00000535,0.00000906,-0.00000137,0.000005
16,0.00001903,-0.00001096,0.00001544,-0.00002956,-0.00002163,0.00000818,-0.00000
468,-0.00000759,-0.00000412,-0.00000204,-0.00000770,-0.00000037,0.00000380,-0.00
000248,-0.00000495,-0.00000155,-0.00000017,0.00000635,-0.00000152,-0.00000543,-0
.00000099,0.00000156,-0.00000104,-0.00068011,0.00054476,-0.00047002,-0.00018707,
-0.00142104,0.00199324,-0.01076264,-0.00347874,0.00565696,0.00051387,0.00057567,
-0.00076172,-0.28314099,-0.00474028,0.03019934,0.00030349,0.00021004,0.00014973,
-0.00046048,-0.00000824,0.00010532,0.00026727,-0.00021783,-0.00016070,0.00001188
,0.00008235,-0.00040936,-0.00018717,0.00006107,0.00009085,0.00061835,-0.00005978
,-0.00009868,-0.01794268,-0.00150799,-0.00117339,-0.01409336,0.00271643,0.001546
35,0.32644243,-0.00099896,0.00013985,-0.00013639,-0.00013521,-0.00005326,0.00031
741,0.00011157,-0.00004817,0.00005094,-0.00003241,0.00003042,-0.00002673,-0.0000
5612,-0.00002021,-0.00000821,-0.00002424,0.00001326,0.00001035,-0.00001048,0.000
00822,-0.00001357,-0.00264028,-0.00362217,0.00130838,0.00016677,0.00006312,-0.00
027152,-0.00003886,0.00002004,0.00000977,0.00225337,0.00054526,-0.00051229,0.000
18937,-0.00003262,0.00016924,0.00005667,0.00010564,0.00007218,-0.00012024,0.0000
0086,-0.00000262,0.00050663,-0.00002888,-0.00034349,-0.00003063,0.00000527,0.000
01414,-0.00005710,0.00001858,-0.00002599,0.00092220,-0.00046579,0.00034219,0.000
08702,-0.00009083,0.00006531,-0.00013659,0.00007274,-0.00009347,0.00008749,0.000
03753,-0.00009148,0.00003255,-0.00001408,-0.00004613,-0.00007918,-0.00000690,-0.
00005105,-0.00004274,-0.00002619,-0.00004840,0.00011818,-0.00002001,-0.00014165,
0.00009665,-0.00010021,-0.00012331,-0.00001236,-0.00001751,0.00008813,0.00014956
,0.00086820,0.00004887,0.00004168,0.00003388,0.00000159,-0.00001515,0.00000899,-
0.00001329,-0.00002522,0.00002145,-0.00000113,0.00001695,0.00024572,0.00001657,-
0.00012055,0.00006889,-0.00001058,-0.00000137,-0.00000331,0.00001906,-0.00000909
,-0.00000658,-0.00001110,-0.00002363,0.00002225,-0.00000183,-0.00000376,-0.00000
542,0.00000043,0.00000437,-0.00000165,0.00000054,-0.00003316,0.00002044,-0.00000
144,0.00000559,-0.00000284,0.00000152,0.00000899,-0.00001021,-0.00000523,0.00003
353,0.00003276,0.00001335,-0.00002205,-0.00002534,0.00001427,-0.00001166,0.00001
032,0.00001458,0.00000981,0.00000514,-0.00000335,0.00002361,0.00002168,-0.000005
40,0.00000577,0.00002777,0.00001299,-0.00002696,-0.00001299,-0.00005181,0.000026
13,-0.00002616,-0.00000600,0.00001058,0.00002842,0.00000986,-0.00000151,0.000005
00,-0.00001119,0.00000249,0.00002159,-0.00000926,-0.00000152,-0.00000528,-0.0000
0053,0.00000318,-0.00001051,0.00001161,0.00104094,0.00083852,-0.00075456,-0.0010
7251,-0.00154148,0.00303071,-0.01682013,-0.00064213,0.00397334,0.00010967,0.0000
7066,-0.00082743,-0.00417293,-0.04297989,-0.00137858,0.00020667,0.00003036,0.000
02651,-0.00099268,0.00002689,0.00037519,0.00004677,-0.00003272,0.00003104,-0.000
07606,-0.00009232,-0.00009096,0.00019557,-0.00015344,-0.00007310,-0.00003860,0.0
0041035,0.00009845,-0.01576284,-0.00013348,-0.00001810,0.03124797,-0.00185091,-0
.00402972,0.00582848,0.04820343,0.00049912,-0.00024370,0.00004082,0.00014282,0.0
0004736,-0.00012468,-0.00001533,-0.00001827,0.00005043,0.00000792,-0.00001872,0.
00000496,0.00001450,0.00000627,0.00001149,0.00004033,-0.00002501,0.00000108,0.00
001703,-0.00001513,0.00000990,0.00171491,0.00222554,0.00018050,-0.00010143,-0.00
003033,0.00011531,0.00002835,0.00001343,-0.00001741,-0.00118910,-0.00110058,-0.0
0034483,0.00011839,0.00000634,-0.00013859,-0.00007498,0.00007601,-0.00006056,0.0
0005323,-0.00003772,-0.00001465,0.00015159,-0.00013187,0.00025252,-0.00000029,0.
00003009,0.00003504,0.00001417,0.00000267,-0.00000401,-0.00052418,0.00042346,-0.
00000982,-0.00011972,-0.00005119,-0.00007785,0.00005397,-0.00007535,0.00008590,-
0.00008695,-0.00003940,0.00001293,-0.00002808,-0.00000971,-0.00002229,0.00008034
,-0.00001692,-0.00000247,-0.00005802,-0.00001768,0.00007413,-0.00006790,0.000056
68,-0.00004104,-0.00000167,0.00010388,-0.00002965,0.00001476,0.00008519,-0.00011
288,-0.00016188,-0.00075268,-0.00021214,-0.00001616,-0.00001459,-0.00000844,-0.0
0000052,-0.00000464,-0.00000985,0.00001183,-0.00001466,-0.00000358,-0.00037675,-
0.00012946,-0.00000993,0.00004351,-0.00002702,0.00001272,-0.00000245,0.00000502,
-0.00001037,0.00000963,-0.00000394,0.00001365,0.00001199,-0.00001101,-0.00000434
,-0.00000369,-0.00000135,-0.00000601,0.00000092,0.00000391,-0.00000187,0.0000171
1,-0.00001045,-0.00000347,-0.00000491,-0.00000368,0.00000096,0.00000241,0.000002
10,-0.00000569,-0.00003078,-0.00002938,0.00000512,0.00000160,-0.00002071,-0.0000
0501,0.00000473,-0.00000743,-0.00001366,-0.00000126,0.00000138,0.00000113,-0.000
00539,0.00000962,-0.00000646,0.00000023,-0.00000443,-0.00001191,-0.00000736,-0.0
0000754,0.00002344,0.00000096,0.00000690,0.00000513,-0.00000741,-0.00001420,-0.0
0000745,0.00000424,0.00000135,0.00000338,-0.00000216,-0.00000804,0.00000167,0.00
000083,0.00000170,0.00000018,-0.00000292,0.00000587,-0.00000728,-0.00122258,-0.0
0108900,0.00085672,0.00160543,0.00295847,-0.00410595,0.02591842,0.00193607,-0.00
595893,0.00084108,0.00018987,0.00084129,0.02933929,-0.00114228,-0.04635111,-0.00
015928,0.00002108,-0.00011104,0.00151443,0.00026932,-0.00024936,-0.00022443,0.00
006356,-0.00000015,-0.00012078,-0.00009364,0.00027384,0.00004470,-0.00002561,-0.
00006460,-0.00038866,0.00006971,-0.00106174,-0.02604915,-0.00153033,0.00169319,0
.00459124,-0.00093753,0.00022105,-0.03585984,-0.00090766,0.05440262\\-0.00001047
,-0.00000604,0.00000291,-0.00000307,0.00000010,0.00000317,0.00000028,-0.00000365
,0.00000284,0.00000483,0.00000300,0.00000337,0.00000111,-0.00000055,0.00000062,-
0.00000127,-0.00000151,0.00000035,-0.00000102,-0.00000065,0.00000059,0.00000777,
0.00000783,0.00000111,0.00000085,-0.00000058,-0.00000254,0.00000690,0.00000230,-
0.00000310,-0.00000116,0.00000314,-0.00000298,0.00000032,0.00000525,0.00000526,-
0.00000641,0.00000852,-0.00000253,0.00001087,-0.00000607,0.00000393,0.00000291,-
0.00000433,0.00000249,-0.00000025,-0.00000086,-0.00000058,-0.00000233,-0.0000002
6,-0.00000145,-0.00000015,-0.00000458,-0.00000275,-0.00001469,0.00000218,-0.0000
0538,0.00000325,0.00000033,0.00000594,0.00000328,0.00000298,-0.00000127,-0.00000
333,0.00000373,-0.00000018,0.00000187,0.00000280,-0.00000209,-0.00000593,0.00000
150,0.00000180,0.00000644,-0.00000355,0.00000079,0.00000972,-0.00000157,-0.00000
270,-0.00000132,0.00000058,0.00000214,-0.00000030,-0.00000839,-0.00000408,-0.000
00213,0.00000166,-0.00000076,0.00000050,0.00000036,0.00000107,-0.00000143,0.0000
0018,-0.00000059,-0.00000102,0.00000109,-0.00000106,-0.00000163,-0.00000696,0.00
000090,0.00000290,0.00000628,-0.00000418,0.00000318,-0.00000033,0.00000376,0.000
00055,-0.00000135,-0.00000038,-0.00000189,-0.00000175,-0.00000070,-0.00000266,-0
.00000065,0.00000195,-0.00000350,0.00000214,0.00000033,0.00000017,0.00000095,-0.
00000012,-0.00000003,-0.00000018,-0.00000128,0.00000171,-0.00000125,-0.00000370,
-0.00000604,-0.00000043,0.00000476,-0.00000543,0.00000598,0.00000421,0.00000590,
0.00000244,0.00000290,0.00000349,-0.00000039,-0.00000101,0.00000074,-0.00000261,
-0.00000272,0.00000063,0.00000309,-0.00000044,-0.00000062,-0.00000088,0.00000011
,-0.00000031,-0.00000203,-0.00000209,0.00000285,-0.00000065,-0.00000331,-0.00000
053,-0.00000251,0.00000077,-0.00000021,0.00000012,0.00000068,-0.00000236,-0.0000
0221,-0.00000334,-0.00000016,-0.00000476,-0.00000127,-0.00000318,0.,-0.00000024,
-0.00000074,0.00000381,-0.00000430,-0.00000026,0.00000652,0.00000250,-0.00000502
,-0.00000467,-0.00000385,0.00000180,0.00000195,0.00000352,-0.00000010,0.00000100
,-0.00000182,0.00000102,-0.00000300,-0.00000055,-0.00000017,-0.00000179,0.000001
92,0.00000208,-0.00000299,-0.00000159,-0.00000039,-0.00000087,-0.00000070,0.0000
0289,0.00000255,0.00000458,-0.00000108,0.00000093,0.00000040,0.00000179,-0.00000
044,0.\\\@
