1\1\GINC-ECHO\Freq\External='./xtb.sh'\ZDO\C32H31Fe1N1O5Pd1\ECHO\15-Oct-2024\0\\
#p freq external='./xtb.sh'\\Generate automatically by rxnb\\0,1\Fe,3.37025,0.05
518,0.1473\C,-0.91778,1.48243,-1.52565\Pd,0.84462,-0.50243,-0.3927\C,3.17328,-1.
87273,-0.6382\H,5.59764,-0.42789,-1.25781\H,3.30254,-0.19639,-2.60725\H,1.90617,
1.75334,-1.57014\C,-1.13422,-0.27819,1.54793\O,-1.54902,2.21574,-2.26991\C,3.113
4,-1.7592,0.77399\O,-0.50426,-1.25614,2.15393\C,2.49751,0.10064,1.89506\C,3.8966
1,-0.01915,2.01645\C,4.29748,-1.15489,1.31456\H,1.95943,0.94126,2.28262\H,4.5338
1,0.70546,2.46803\H,5.30053,-1.43395,1.08453\H,0.50921,-1.301,1.72252\C,1.95795,
-1.00081,1.1898\C,-1.22585,1.53844,0.01239\O,-0.03178,0.66313,-1.91162\C,3.60402
,1.93718,-0.11583\C,4.84475,1.27218,-0.08437\C,4.83843,0.30273,-1.09819\C,3.6248
7,0.41887,-1.79696\C,2.85259,1.42144,-1.19857\H,3.29897,2.65785,0.60522\N,-0.556
63,0.43169,0.6508\H,-2.31437,1.44867,0.12719\H,4.14356,-2.14363,-1.0564\H,5.5978
6,1.38194,0.6596\O,2.17871,-1.79892,-1.39251\C,-0.78038,2.8644,0.68285\C,0.72694
,3.04666,0.48098\C,-1.07567,2.80439,2.18711\C,-1.55321,4.03613,0.07947\H,1.24377
,2.09295,0.63668\H,1.11054,3.78926,1.17902\H,0.92315,3.39778,-0.52824\H,-0.85913
,3.76908,2.64217\H,-2.12135,2.56609,2.3631\H,-0.46727,2.04852,2.6811\H,-1.49039,
4.01463,-1.00448\H,-2.6036,3.97628,0.35527\H,-1.14959,4.97872,0.44398\O,-2.36367
,0.0179,1.98954\C,-3.16785,-1.07642,2.41571\C,-3.79849,-1.76513,1.18825\C,-4.610
12,-0.76735,0.39781\C,-5.74018,-0.07648,0.7771\C,-6.2695,0.86221,-0.09948\C,-5.6
6619,1.11319,-1.32256\C,-4.53097,0.42097,-1.71238\C,-4.0117,-0.52821,-0.84776\C,
-2.84405,-1.38783,-0.97144\C,-1.91884,-1.51328,-1.99602\C,-0.84139,-2.3758,-1.81
492\C,-0.72973,-3.1408,-0.65185\C,-1.6888,-3.05214,0.35376\C,-2.72644,-2.15402,0
.19969\H,-3.93967,-0.63521,3.04907\H,-2.56711,-1.78222,2.99597\H,-4.3898,-2.6168
1,1.53629\H,-6.20774,-0.25576,1.7353\H,-7.15605,1.41192,0.18189\H,-6.08392,1.862
9,-1.97794\H,-4.04764,0.63629,-2.65211\H,-2.01699,-0.93684,-2.90328\H,-0.10432,-
2.48781,-2.60046\H,0.09492,-3.83474,-0.54739\H,-1.60433,-3.65579,1.24676\\Versio
n=ES64L-G16RevC.01\HF=-115.4458032\RMSD=0.000e+00\RMSF=1.208e-05\ZeroPoint=0.547
3684\Thermal=0.5819567\ETot=-114.8638465\HTot=-114.8629023\GTot=-114.961809\Dipo
le=0.,0.,0.\PG=C01 [X(C32H31Fe1N1O5Pd1)]\NImag=1\\0.44614193,0.08952252,0.581808
80,-0.06468995,-0.15447947,0.52812195,0.00007818,0.00093804,0.00028488,0.5266041
6,-0.00037077,-0.00172287,-0.00097177,-0.33676916,0.55412975,0.00063618,-0.00087
580,0.00003180,0.08603211,-0.13414217,0.49770778,-0.06475636,-0.01744465,-0.0035
0385,-0.00949379,0.00941485,0.00300100,0.22341031,-0.00950436,-0.00695713,-0.002
21934,0.00821216,-0.00714332,-0.00440118,-0.04893240,0.10672037,-0.01715146,-0.0
0282108,-0.01427041,-0.00504346,0.00136166,0.01500497,0.02906219,-0.01015240,0.2
1435027,-0.01820531,0.02320239,0.01134319,-0.00150742,0.00219639,-0.00027534,-0.
01000982,0.01367347,0.00109000,0.62485987,-0.00203567,-0.02591079,-0.00159659,0.
00040583,0.00046908,-0.00024677,0.00385408,-0.00070466,0.00230402,-0.09885320,0.
17389622,-0.00564496,-0.00489418,-0.00328362,0.00019467,0.00053108,-0.00123682,-
0.00155835,0.00947880,0.01124235,0.08957556,0.06318387,0.62855798,-0.00217904,0.
00271026,-0.00258335,0.00010371,-0.00000812,0.00003192,0.00031333,0.00026624,0.0
0018848,-0.00128120,0.00116629,0.00157166,0.20450769,-0.00248614,0.00064595,0.00
017579,-0.00006397,0.00000317,-0.00006435,0.00002820,-0.00018462,-0.00014494,-0.
00145008,0.00006228,0.00030470,-0.16446240,0.18997651,0.00141544,-0.00258010,-0.
00056167,0.00006380,-0.00001522,-0.00000113,-0.00097556,0.00007805,0.00011101,0.
00012413,-0.00061250,-0.00011237,-0.02850074,0.04254083,0.04141714,-0.00046894,0
.00223675,-0.00017204,-0.00048050,0.00043340,0.00030999,-0.00046970,-0.00021895,
0.00109816,0.00190395,-0.00052821,0.00227818,-0.00027243,-0.00022604,0.00031593,
0.06965749,0.00157236,0.00152600,0.00057023,0.00026461,-0.00007115,-0.00022428,0
.00001509,0.00089709,-0.00031019,0.00061132,-0.00097405,0.00512277,-0.00014403,0
.00004628,0.00056903,0.05111642,0.14583809,-0.00162997,-0.00411090,0.00298531,0.
00043552,-0.00029919,-0.00002146,0.00244274,-0.00015038,-0.00214186,-0.00122635,
0.00058510,-0.00496959,0.00016693,0.00051394,-0.00052282,0.07844354,0.14890957,0
.22143641,0.00294176,-0.00159670,0.00070979,-0.00424362,0.00123385,0.00084039,0.
00169684,-0.00162648,0.00032998,0.00011958,0.00040848,0.00032864,-0.00009188,0.0
0016857,-0.00061755,0.00018303,-0.00024540,0.00055569,0.28690040,0.00366478,0.00
028747,-0.00299418,-0.00258522,0.00247416,0.00028328,-0.00248825,-0.00539990,0.0
0350239,0.00093281,0.00029026,0.00101337,0.00053794,0.00017667,0.00033741,0.0000
4678,-0.00055621,0.00031782,-0.09464326,0.06476018,-0.00252108,-0.00113341,0.001
49296,-0.00038378,0.00048818,0.00187990,0.00227221,0.00440050,-0.00055514,0.0001
3677,-0.00016459,0.00038519,0.00076277,-0.00035888,0.00050467,0.00049190,0.00063
473,-0.00040661,0.09853559,-0.02555507,0.07187713,0.00171249,-0.00093153,0.00163
405,0.00333943,-0.00035423,0.00041569,-0.00288294,-0.00128432,0.00937370,-0.0009
0813,0.00075201,0.00107096,0.00014823,-0.00010061,-0.00003335,0.00008881,-0.0000
7661,-0.00005569,0.00012309,-0.00010575,0.00037762,0.54325916,-0.00285739,0.0013
4517,-0.00227718,-0.00300591,0.00175601,0.00810707,-0.00487486,0.00711833,-0.006
15801,-0.00181511,-0.00099846,-0.00380616,0.00000756,-0.00007425,0.00001828,-0.0
0011814,-0.00013638,-0.00000970,-0.00049843,-0.00019834,0.00056970,-0.03937301,0
.51415585,0.00172767,-0.00201213,0.00064407,-0.00021403,0.00276588,-0.00896849,0
.00347160,-0.00384464,-0.00046203,0.00337118,0.00145228,0.00380664,-0.00008536,0
.00007808,-0.00002346,0.00013441,0.00013236,0.00001771,0.00044928,0.00032641,-0.
00050330,-0.16082010,-0.29410050,0.47918264,-0.00012244,-0.00016263,-0.00026007,
-0.21061160,0.16988365,-0.17597057,0.00150361,-0.00154943,0.00405539,0.00084027,
-0.00029449,0.00019162,-0.00003562,0.00005411,-0.00003801,0.00021939,-0.00009420
,-0.00018497,0.00056707,0.00080844,0.00019488,-0.00322250,0.00025262,0.00078290,
0.23879731,0.00034124,0.00096742,0.00072868,0.16933802,-0.26179332,0.20336660,-0
.00069772,0.00137915,-0.00257138,-0.00136301,-0.00022864,-0.00039645,-0.00001974
,-0.00001126,0.00002583,-0.00024350,0.00003335,0.00020427,-0.00007179,-0.0012602
4,-0.00006187,0.00227691,-0.00026243,-0.00110768,-0.24195467,0.30427887,-0.00060
033,-0.00020217,-0.00014280,-0.17555626,0.20632864,-0.28523334,-0.00008604,0.001
18336,-0.00276403,0.00038845,0.00003898,-0.00028076,0.00000519,0.00001812,-0.000
00366,0.00002947,0.00006679,-0.00012363,0.00015839,0.00050258,-0.00046364,-0.003
47477,-0.00225419,0.00218975,0.20719989,-0.24502191,0.33485683,-0.01001458,-0.01
456698,-0.00303405,0.00001895,-0.00003263,0.00022762,-0.00760032,0.00845784,-0.0
0003897,-0.05532638,0.00304784,0.02307505,0.00035862,0.00032949,-0.00034270,-0.0
0031823,-0.00025964,0.00000367,0.00000193,-0.00006101,0.00002769,-0.00127595,0.0
0124711,-0.00070554,0.00004869,-0.00020874,0.00022898,0.47689567,-0.01138120,-0.
13784316,0.01953647,-0.00025335,0.00023136,0.00007383,-0.00054249,-0.00239407,0.
00759042,0.00347650,-0.02252181,-0.02526961,0.00057902,-0.00004649,-0.00035422,0
.00003915,0.00011645,-0.00013457,0.00004728,0.00062411,-0.00053891,-0.00017404,-
0.00008383,0.00003244,0.00023690,-0.00014501,-0.00007433,-0.00637097,0.35609425,
0.00838699,0.05092804,-0.02557355,0.00050421,-0.00070698,0.00010980,-0.00286030,
-0.00178286,0.00073848,0.02606686,-0.03500703,-0.27527684,-0.00039446,0.00006463
,0.00020453,-0.00085562,-0.00099917,0.00129410,-0.00020574,-0.00072915,0.0000689
8,-0.00010363,0.00036187,-0.00061842,-0.00029757,0.00034567,0.00003677,0.0231625
4,0.13491738,0.52171476,-0.00725432,0.00350891,-0.00651555,-0.00827240,0.0049653
2,0.00937733,-0.01007224,0.00002281,-0.00297924,-0.00222843,-0.00273019,-0.00402
909,0.00009529,0.00008680,-0.00013558,-0.00013104,-0.00002524,-0.00020220,-0.000
59762,0.00012036,0.00004101,-0.10820966,0.06506674,-0.03245896,0.00233443,-0.001
28715,-0.00224622,-0.00139269,-0.00081748,-0.00014535,0.23490776,0.00248338,-0.0
0058964,0.00185198,0.00633495,-0.00555492,-0.00959769,-0.00101934,-0.00206893,0.
00532934,0.00039525,0.00032453,0.00139178,0.00001654,0.00000428,-0.00000386,0.00
006160,-0.00001057,-0.00008440,0.00052938,0.00012376,-0.00031944,0.07464125,-0.2
0768764,0.11221724,0.00012468,-0.00063352,0.00552698,-0.00157353,0.00006005,0.00
016063,-0.09878897,0.29369971,0.00098747,0.00078652,0.00223012,-0.00005072,-0.00
005985,0.00266537,0.00283405,-0.00029899,-0.00781156,-0.00070394,-0.00031774,-0.
00048700,-0.00008265,-0.00000618,0.00006679,-0.00004933,0.00004168,0.00027537,-0
.00008412,-0.00031628,0.00030544,-0.04440671,0.12093148,-0.13681435,-0.00074492,
0.00073968,-0.00158549,0.00153598,0.00042376,0.00015041,0.00439762,-0.17898685,0
.20699456,-0.02756277,0.01483724,0.04383279,0.00018646,-0.00022651,-0.00008710,-
0.00241022,-0.00595089,-0.00555867,-0.00299399,0.00202134,0.00102626,0.00024274,
-0.00029288,-0.00040513,-0.00011810,-0.00001387,0.00001572,-0.00075976,-0.000992
49,0.00035672,-0.00150878,0.00271347,-0.00209089,-0.00010156,0.00008162,0.000063
79,0.01117323,0.00945375,0.00309171,0.00605247,-0.00204445,-0.00090097,0.5881325
3,0.01352474,-0.02077946,-0.00458708,-0.00062154,0.00057062,0.00025019,-0.001447
39,0.00161664,-0.00068268,0.00570133,-0.00156486,0.00156348,-0.00053473,-0.00060
050,0.00043155,0.00005249,-0.00022389,0.00017445,-0.00016048,-0.00018014,0.00005
989,-0.00081590,0.00144071,-0.00033877,0.00024455,-0.00033268,0.00022204,0.01989
797,-0.02904319,-0.03371849,0.00321022,-0.00088810,-0.00090045,-0.11353229,0.529
73240,0.03523117,-0.00027231,-0.10002276,0.00022373,-0.00028420,0.00002053,-0.00
030759,-0.00284449,-0.00628827,0.00203760,-0.00153539,-0.00100790,-0.00005204,0.
00018109,0.00017503,-0.00003164,-0.00008975,0.00047730,-0.00014579,-0.00063243,0
.00063453,0.00011407,0.00144869,-0.00148529,-0.00019104,0.00018388,-0.00009729,0
.00731473,-0.01295011,-0.01362728,0.00039215,-0.00055018,0.00102121,-0.03618963,
0.24312131,0.30613935,-0.00883417,-0.00728476,-0.02251870,0.00091278,-0.00074407
,-0.00113471,0.00101329,-0.00109645,-0.00134481,-0.00498082,-0.00312980,-0.00190
986,-0.00004964,0.00013407,0.00041756,-0.00025652,0.00011673,-0.00013343,0.00026
980,0.00015063,-0.00007082,-0.00056048,0.00037294,-0.00059357,-0.00047889,0.0004
8068,0.00020513,0.01001247,-0.01120259,-0.00481476,-0.00068568,0.00016802,0.0011
2382,-0.30696001,0.03661087,0.00406908,0.60445446,-0.00946738,-0.00747533,-0.005
41392,0.00018031,-0.00010221,-0.00012239,0.00057821,-0.00173045,-0.00089451,-0.0
0346044,-0.00141119,0.00212100,0.00004358,-0.00008621,-0.00034748,-0.00042674,-0
.00070001,0.00078808,-0.00037698,-0.00035109,0.00006421,-0.00040492,0.00067477,-
0.00066395,-0.00010511,0.00002025,0.00009009,-0.02378974,-0.02693318,-0.03591542
,0.00092134,-0.00049465,0.00034705,0.01324572,-0.06411816,-0.02163817,0.06164373
,0.52581966,-0.02546112,0.00927648,-0.11026725,-0.00002616,0.00000672,0.00035041
,-0.00099142,-0.00134400,0.00021804,-0.00122831,0.00127229,0.00017728,-0.0007952
3,-0.00047446,0.00070546,0.00054800,0.00013344,0.00022325,0.00026612,-0.00012419
,0.00035990,-0.00014617,0.00049608,-0.00051750,0.00004390,-0.00010700,-0.0000289
3,-0.00989756,-0.01534810,-0.01553986,0.00027890,-0.00019864,0.00024117,-0.04724
332,-0.01627062,-0.04470804,0.10982297,0.26833309,0.36407772,-0.04452562,0.03785
519,-0.03257185,0.00081404,-0.00065429,-0.00051072,-0.00159812,0.00226692,0.0008
4486,-0.00636611,-0.00301425,-0.01685457,-0.00034643,-0.00027451,0.00131708,-0.0
0006477,-0.00009245,0.00017911,-0.00012799,-0.00023943,0.00026173,0.00025776,0.0
0017260,-0.00025463,-0.00038280,0.00029971,0.00007667,-0.20595783,-0.08185648,-0
.05788575,-0.00197355,-0.00023163,0.00097215,-0.02648976,0.02869463,0.01045929,-
0.09548101,0.07870827,0.05191988,0.71083464,0.04443687,-0.06610192,0.06576898,0.
00045396,-0.00034905,-0.00041051,0.00015116,0.00009369,-0.00143795,-0.01545928,-
0.00927966,-0.01440895,0.00038216,-0.00013490,-0.00017038,-0.00018992,0.00030113
,-0.00058634,-0.00034650,-0.00028297,0.00006466,0.00018273,-0.00009849,0.0001572
2,-0.00033297,0.00032328,0.00002094,-0.06323158,-0.07467797,-0.04681745,0.000228
94,-0.00000761,-0.00031275,0.03128682,-0.00873882,0.00556303,0.05159775,-0.24190
866,-0.14834114,-0.12884525,0.46142459,-0.02016639,0.03896355,-0.04381416,0.0002
5577,-0.00019512,-0.00021339,0.00133727,0.00047220,-0.00083564,-0.02325589,-0.00
932553,-0.02374763,-0.00037348,0.00036040,-0.00015039,0.00015755,-0.00003886,0.0
0028506,0.00079270,0.00069893,-0.00069330,0.00008074,0.00001693,-0.00000274,-0.0
0016510,0.00014227,-0.00001392,-0.06001077,-0.05106762,-0.06856095,-0.00033029,0
.00001328,0.00004889,0.03320338,-0.00801789,0.01132495,0.02062617,-0.11772715,-0
.11046543,-0.00733280,0.17910605,0.28988379,-0.00066544,0.00000572,-0.00268278,0
.00008272,-0.00003422,-0.00018276,0.00035303,-0.00027136,0.00006618,0.00062717,-
0.00056349,-0.00027211,0.00019827,-0.00010458,-0.00038414,-0.00001551,-0.0001448
3,-0.00007042,-0.00007716,0.00011604,-0.00019366,-0.00060521,-0.00037435,-0.0000
4189,0.00001825,-0.00003010,0.00012211,-0.00094488,-0.00177210,-0.00199978,-0.00
018996,0.00019891,0.00028345,-0.11031847,0.11170404,0.05079418,-0.01435577,0.020
82778,0.01055118,-0.00543248,0.00105387,0.00112349,0.12456319,-0.00238023,-0.000
05813,0.00134383,0.00009767,-0.00008463,-0.00023933,-0.00040733,-0.00034342,-0.0
0241453,0.00198791,-0.00121569,-0.00042371,-0.00003732,-0.00017010,0.00007312,-0
.00001998,-0.00011019,-0.00000719,-0.00005418,0.00003825,0.00005968,-0.00105136,
0.00005229,-0.00031940,0.00000941,-0.00004798,0.00008163,0.00069398,-0.00278843,
-0.00621964,-0.00066106,0.00022712,0.00113818,0.11241810,-0.20927104,-0.08671316
,0.00172980,-0.00217994,-0.00061824,0.00117637,-0.00064803,-0.00180759,-0.126030
97,0.23227113,0.00147315,-0.00633841,-0.00018967,0.00017496,-0.00028575,-0.00046
340,-0.00002770,-0.00191795,-0.00239772,0.00034569,0.00068952,0.00115726,-0.0001
0804,0.00011505,0.00015345,-0.00007632,0.00013053,0.00027673,0.00027186,-0.00013
338,-0.00013952,-0.00069586,-0.00032253,0.00030552,-0.00006635,0.00011612,0.0001
5610,0.00031847,-0.00218451,0.00039581,0.00018542,0.00020761,-0.00013627,0.05461
998,-0.09112319,-0.06589299,-0.00230565,0.00560759,0.00161057,-0.00198610,-0.000
49181,0.00170101,-0.05316861,0.09735842,0.06902379,-0.00226868,0.00019313,0.0023
5607,0.00031029,-0.00030114,-0.00014974,-0.00010091,-0.00073029,-0.00020993,-0.0
0009133,0.00017753,-0.00036883,-0.00005403,0.00007151,0.00025281,-0.00003583,0.0
0009502,-0.00002671,-0.00000919,-0.00009890,0.00014393,0.00011607,0.00012798,-0.
00030243,-0.00010780,0.00012864,-0.00003347,-0.00145265,0.00156333,0.00079878,-0
.00004316,-0.00003480,0.00024516,-0.01480920,-0.01806155,-0.01133049,-0.14398389
,-0.12059290,-0.07821697,0.00692703,0.00612503,0.00402802,-0.00027277,-0.0000948
1,0.00023565,0.16122010,0.00151888,-0.00131086,0.00144802,0.00018098,-0.00019337
,-0.00006530,-0.00003638,-0.00042596,-0.00018651,-0.00172644,-0.00058715,-0.0005
7675,-0.00002313,-0.00013077,-0.00008000,0.00008736,-0.00011713,-0.00004394,-0.0
0003627,0.00007595,-0.00002581,0.00010197,0.00007592,-0.00019158,-0.00007118,0.0
0008400,-0.00006347,0.00017522,-0.00236455,-0.00589312,-0.00005486,-0.00005001,0
.00016521,0.00079647,0.00159564,0.00143594,-0.11968313,-0.17274500,-0.09196047,-
0.01435971,-0.01481116,-0.00830844,0.00007520,0.00032557,0.00048291,0.13316758,0
.18999855,-0.00203197,-0.00383953,0.00129376,-0.00011086,0.00008347,0.00008696,0
.00069790,0.00081578,0.00027527,0.00050252,0.00011541,0.00101577,-0.00039458,-0.
00008440,0.00021388,0.00016579,0.00006995,0.00039182,0.00029451,-0.00005458,0.00
021494,-0.00003810,-0.00005072,0.00002089,0.00006234,-0.00005783,0.00002634,-0.0
0018391,-0.00214175,0.00031638,0.00020168,0.00008215,-0.00011670,-0.00044707,0.0
0247764,-0.00015967,-0.07840993,-0.09354074,-0.08150762,-0.00547262,-0.00579248,
-0.00586916,0.00003971,0.00049516,-0.00085182,0.08236261,0.10203192,0.08692853,-
0.00264805,-0.00170064,0.00202000,0.00028052,-0.00028868,-0.00001957,-0.00033971
,0.00028669,0.00049530,-0.00066371,0.00055398,0.00017056,0.00029336,-0.00006924,
0.00002345,-0.00000740,-0.00009493,0.00026109,0.00007558,-0.00006517,-0.00001550
,0.00032959,0.00006676,-0.00020411,-0.00009283,0.00009863,-0.00008751,-0.0171323
3,0.00522663,0.00418296,-0.00025520,-0.00010271,0.00017294,-0.00186844,0.0009091
8,-0.00036182,-0.00452048,0.00161392,0.00102714,-0.30024012,0.07431089,0.0606389
7,0.00003373,-0.00007307,-0.00053575,0.00021973,0.00031714,-0.00005565,0.3293604
7,0.00349257,-0.00128815,-0.00148965,0.00020474,-0.00020381,-0.00015961,-0.00112
598,0.00026879,0.00008080,-0.00075420,-0.00069155,0.00066405,0.00002352,0.000261
85,0.00077868,-0.00016030,0.00003239,-0.00028496,-0.00025939,0.00003285,-0.00014
854,-0.00003256,0.00009798,-0.00018098,-0.00006855,0.00008860,-0.00000573,-0.012
25594,0.00418794,0.00492563,-0.00018239,-0.00009435,0.00028325,0.00090727,-0.002
45608,-0.00295892,0.01933008,-0.00644873,-0.00211686,0.07351616,-0.05111357,-0.0
2481280,0.00070118,-0.00002036,0.00028154,0.00023247,-0.00053979,0.00032965,-0.0
8074352,0.05777304,-0.00610663,0.00056145,-0.00051868,-0.00003713,0.00002604,0.0
0004361,0.00045909,0.00001505,-0.00064025,-0.00120429,0.00107406,0.00027734,0.00
033996,0.00055035,-0.00126388,-0.00009620,0.00002710,0.00026368,0.00015955,-0.00
023770,0.00004143,-0.00008810,-0.00008508,0.00006400,0.00003634,-0.00004169,0.00
001495,-0.00430052,0.00406614,0.00004106,-0.00021194,0.00005899,0.00003829,0.002
92824,-0.00461965,0.00105754,0.01617685,-0.00136065,-0.00323255,0.05700939,-0.02
647516,-0.04069451,0.00098115,-0.00037607,0.00056714,-0.00013325,0.00046100,-0.0
0097953,-0.06609630,0.02896154,0.04393994,0.00858551,-0.00278273,0.00698351,0.00
903338,-0.00603996,-0.00852429,0.00965387,-0.00407593,0.00996638,0.00220288,0.00
337550,0.00475875,-0.00005104,-0.00013051,0.00008662,0.00010668,-0.00003593,0.00
006238,0.00044167,0.00005053,-0.00024642,-0.03740884,0.05679951,-0.03448221,-0.0
0239059,0.00138696,0.00219193,-0.00067987,0.00103360,-0.00018907,-0.01571230,-0.
02876531,0.02901930,-0.00951912,-0.00542886,0.00072584,0.00126034,-0.00144372,-0
.00003207,0.00183440,-0.00035558,0.00093102,0.00061390,0.00136383,-0.00038212,0.
00009887,0.00016141,-0.00015490,0.00022520,0.00014735,0.00023198,0.01973347,-0.0
0036390,-0.00016872,-0.00146288,0.00063269,-0.00037748,0.00062140,0.00261273,0.0
0157920,0.00061909,0.00048399,0.00030632,0.00054663,0.00000366,-0.00004477,0.000
02966,0.00003886,-0.00000077,-0.00001362,-0.00019845,-0.00004001,0.00007507,0.02
199013,0.00116131,-0.00823900,-0.00044360,0.00031002,-0.00056145,0.00232055,0.00
075777,-0.00038056,-0.00881127,-0.02879488,0.01381024,-0.00268225,-0.00081378,0.
00055245,-0.00098420,-0.00019492,-0.00014547,0.00063304,-0.00028458,-0.00014095,
-0.00045812,-0.00087532,-0.00033154,-0.00012488,0.00003513,-0.00009977,0.0002759
6,0.00001151,-0.00001754,-0.01439786,0.04571995,-0.00254914,-0.00086728,-0.00237
346,-0.00485925,0.00367739,0.00375727,-0.00321997,0.00227043,-0.00076268,0.00041
352,-0.00046790,-0.00087800,-0.00003273,0.00007920,-0.00009418,0.00000337,0.0000
0823,-0.00005724,-0.00010807,0.00022424,-0.00009449,-0.00116222,-0.02587165,0.02
691598,0.00135491,-0.00107353,-0.00072162,-0.00184642,-0.00036329,-0.00034609,0.
00629924,0.02297615,-0.04488353,-0.00103710,-0.00053572,-0.00104939,-0.00130679,
-0.00017621,-0.00043535,-0.00118302,0.00040506,-0.00013176,-0.00030455,-0.000961
91,0.00008802,-0.00035219,-0.00012200,0.00005826,-0.00022632,-0.00023771,0.00003
806,0.01261899,-0.00630692,0.02592386,-0.06214288,-0.02242002,0.01568096,-0.0016
4596,0.00130771,0.00001269,-0.03376596,0.02067768,-0.04268762,0.00376579,0.00276
358,0.01871836,0.00068360,0.00016289,-0.00090066,0.00026045,0.00041848,-0.000693
44,-0.00007369,0.00038762,-0.00018651,0.00859118,-0.01873752,0.01391222,0.000196
65,-0.00020083,-0.00002883,-0.18562154,0.08839590,0.02777511,-0.05315574,0.00967
397,0.01256149,-0.09946655,-0.07529101,-0.06251688,-0.03478957,-0.02034003,-0.00
861612,-0.04119736,-0.00420584,-0.00009811,0.00686445,0.01032610,0.00441615,-0.0
0551600,0.00008895,0.00128599,-0.00367566,-0.00339389,-0.00021550,0.02908329,-0.
00108031,-0.00607501,0.46491929,-0.04981104,-0.02443630,0.00617598,-0.00314294,0
.00292228,0.00338922,0.02539798,-0.01490309,0.00877091,0.01214722,-0.00982174,-0
.01299698,0.00050814,0.00054955,-0.00063121,0.00012658,0.00000070,-0.00038299,0.
00027490,0.00064702,-0.00039033,0.00291983,-0.00594169,0.00510421,0.00096724,-0.
00106637,-0.00078344,0.08296730,-0.08817374,-0.03190105,-0.01232040,0.00845255,0
.00015941,-0.05896134,-0.19725065,-0.11841587,-0.02809558,-0.00097153,0.00144646
,0.01262980,0.00602614,0.00017773,-0.00802451,-0.01433971,-0.00455359,-0.0004716
7,0.00008849,-0.00105402,0.00120326,0.00011580,-0.00177573,0.00973281,-0.0115233
1,-0.00032807,0.00033621,0.34680741,0.03900894,0.00993596,-0.00344846,0.00503037
,-0.00315513,-0.00562086,-0.04124745,0.02039625,-0.05931706,0.02219269,-0.009087
28,-0.01847094,-0.00057440,0.00012851,0.00002712,0.00007599,-0.00038395,0.000753
74,0.00063482,0.00062893,-0.00047046,-0.00717299,0.01482370,-0.00993820,-0.00233
437,0.00178682,0.00114844,0.03608268,-0.04735579,-0.06136203,0.04454263,-0.00908
674,-0.00467970,-0.04300254,-0.09072321,-0.09649976,-0.03990140,-0.00798926,0.00
560695,-0.00726233,-0.00154525,-0.00138041,-0.00226814,-0.00357026,-0.00555112,-
0.00332048,-0.00157248,0.00192294,-0.00194853,-0.00210779,0.00030206,-0.03769458
,0.00012285,0.00527551,0.04295654,0.13884739,0.24767846,0.00068787,-0.00028286,0
.00017367,-0.06465931,-0.00689136,0.01207929,-0.00192297,0.00351385,-0.00378899,
0.00045995,0.00002058,0.00057927,0.00004243,0.00000891,-0.00001186,0.00012807,0.
00002523,-0.00005452,0.00007628,0.00015724,0.00039635,0.01037612,-0.00790917,-0.
00111231,0.00732002,0.01117101,-0.02169666,-0.00025065,-0.00017403,-0.00020040,0
.00227385,-0.00212342,0.00531798,-0.00029111,-0.00012988,0.00023255,-0.00004929,
-0.00011279,-0.00001480,-0.00000414,-0.00005412,0.00006234,-0.00024190,-0.000133
72,-0.00027135,-0.00000370,-0.00000350,0.00001594,0.00006490,-0.00001492,-0.0000
0517,-0.00122441,0.00068119,0.00044392,-0.00001762,0.00068927,-0.00041704,0.5036
3087,-0.00024785,-0.00036574,-0.00026012,-0.00951862,-0.05692983,0.00454142,0.00
192427,-0.00212387,-0.00053879,0.00040776,0.00030445,0.00023871,-0.00002655,-0.0
0000332,0.00001099,-0.00008260,0.00004031,0.00006626,-0.00022070,-0.00010070,-0.
00021652,0.00167015,-0.02266051,0.01585599,0.00787210,0.00409072,0.02892995,0.00
003735,0.00004174,-0.00013881,0.00350596,-0.00118761,0.00773900,-0.00002159,0.00
013182,-0.00021267,-0.00002974,0.00005896,-0.00006122,0.00002389,0.00009220,-0.0
0001271,0.00008184,0.00008100,0.00007670,-0.00002365,-0.00004664,-0.00000966,-0.
00007915,-0.00000465,0.00001463,-0.00026923,-0.00036077,0.00040911,0.00040917,0.
00017254,-0.00000348,-0.02282090,0.41138751,-0.00010257,0.00044662,0.00018399,0.
00957738,-0.00879979,-0.08094176,-0.00281066,0.00225130,0.00006126,-0.00069349,0
.00007103,-0.00004773,-0.00000224,0.00001886,-0.00000660,-0.00013029,0.00003597,
0.00007329,-0.00002463,-0.00042678,-0.00033580,-0.00802959,0.01798850,-0.0171109
2,-0.00967948,0.02175030,-0.04807199,0.00001077,0.00010463,0.00024746,-0.0006276
2,0.01294039,0.00043170,0.00012477,-0.00010077,0.00010331,0.00023050,0.00003008,
-0.00007083,0.00021986,0.00009946,-0.00005589,-0.00009156,-0.00002129,-0.0000647
8,0.00007726,0.00004063,-0.00002941,0.00006989,0.00004323,-0.00000970,0.00284528
,-0.00014751,-0.00150625,-0.00003761,-0.00150980,0.00114338,-0.00288895,-0.02500
869,0.40163408,0.00017161,-0.00022711,0.00034595,-0.23458000,0.16626158,0.077372
70,-0.01481975,0.00350026,-0.01414131,-0.00101665,-0.00137379,-0.00296055,0.0000
1893,0.00010999,-0.00013315,0.00032699,-0.00022752,-0.00043109,-0.00079788,0.000
61060,0.00031641,-0.00265052,0.00340778,-0.00262407,-0.04034426,0.06093475,-0.00
966379,0.00096542,0.00101679,0.00026120,0.00713995,-0.00395929,-0.00017833,0.000
99245,0.00103083,-0.00015863,-0.00143085,0.00013838,0.00067044,-0.00130463,-0.00
112841,-0.00067660,-0.00013328,-0.00011828,-0.00024272,-0.00015781,-0.00014776,0
.00015748,-0.00017822,-0.00025695,0.00020984,-0.00775610,-0.00066966,0.00412819,
0.00360102,0.00468745,-0.00384221,-0.00806754,0.02310726,0.02661335,0.30482605,-
0.00046837,0.00027772,0.00082103,0.16763514,-0.21256905,-0.06614051,0.00359903,-
0.01017974,0.02247534,-0.00150764,-0.00029041,0.00005599,-0.00011015,0.00003386,
-0.00004835,-0.00017923,-0.00015500,0.00006259,-0.00069572,-0.00007972,-0.000135
78,0.00097153,-0.00329016,0.00135671,0.06255349,-0.04375727,0.00705040,-0.000241
18,-0.00001647,0.00170186,-0.00438410,0.00391760,-0.00016868,0.00032684,-0.00142
316,0.00075845,0.00093238,0.00032979,0.00005459,0.00077671,0.00034359,-0.0000775
5,0.00009277,-0.00003918,0.00011848,0.00032435,0.00015750,-0.00021749,0.00026591
,0.00021016,-0.00011658,0.00511203,0.00035773,-0.00304510,-0.00128319,-0.0008753
0,-0.00101013,0.01964337,-0.00274652,-0.01805527,-0.25223848,0.27423008,0.000008
93,0.00108508,-0.00102878,0.08369438,-0.07235840,-0.11495963,-0.00723581,0.00703
925,-0.05923455,-0.00103245,-0.00059160,-0.00280742,0.00006387,0.00002587,-0.000
01933,-0.00049904,0.00039147,-0.00006197,-0.00198318,-0.00106209,-0.00087883,0.0
0046388,-0.00182321,0.00132689,-0.02398516,0.02306956,0.01870133,-0.00056913,-0.
00053705,-0.00098969,-0.00114033,0.00167738,-0.00038039,0.00070747,0.00097303,0.
00016514,-0.00023243,0.00015889,0.00023428,-0.00089969,-0.00030075,0.00046592,0.
00003604,0.00002387,0.00010238,0.00000782,0.00000805,0.00015226,-0.00011952,-0.0
0021482,0.00018430,0.00021937,-0.00036778,-0.00051019,-0.00190560,0.00572919,0.0
0567118,0.03180897,-0.02507526,-0.02790037,-0.08112992,0.06112191,0.18604378,-0.
00993673,-0.01276744,0.01017506,-0.00008851,0.00002144,0.00012351,-0.00179260,-0
.00267960,-0.00105291,0.00067142,0.00350943,0.00307404,0.00028100,0.00332656,-0.
00089262,-0.00130584,0.00211105,-0.00008513,-0.01022255,-0.01144386,-0.01289727,
-0.00016526,0.00020864,-0.00022946,0.00006549,-0.00002638,-0.00003939,-0.0071171
8,-0.00656549,0.00086372,0.00009854,-0.00004300,0.00009221,0.00877596,0.00160141
,-0.00078918,0.00077545,0.00641112,0.00286066,-0.00128043,0.00456105,-0.00450359
,-0.00000131,-0.00002592,-0.00032455,-0.00030105,-0.00030261,0.00026503,0.000180
55,0.00022121,-0.00003640,0.00026495,-0.00006702,-0.00021205,0.00363021,-0.00689
099,-0.00517829,-0.00002285,0.00001473,-0.00020720,0.00003806,-0.00023945,0.0003
8302,0.47608008,-0.01481249,-0.14555000,0.02121408,-0.00012505,-0.00029959,0.000
37920,-0.00003631,0.00026384,0.00027233,0.00255591,0.00244358,0.00220555,-0.0003
1529,-0.00242018,-0.00256994,0.00250886,-0.00230144,-0.00115392,0.00291906,0.003
83374,0.00610817,0.00014509,0.00073943,-0.00074007,0.00006398,0.00013744,-0.0001
8967,0.00366605,-0.00097220,-0.00040422,0.00135165,-0.00038151,-0.00018240,-0.00
009256,0.00160526,0.00032021,-0.00269430,0.00203168,-0.00109286,-0.00361593,-0.0
0221278,-0.00379572,0.00082948,0.00002515,-0.00042289,-0.00058232,0.00022408,-0.
00073457,-0.00040538,0.00077064,-0.00091890,-0.00126762,0.00026086,0.00030260,0.
00332992,0.00374809,-0.00194939,0.00014480,-0.00019064,-0.00013970,0.00059892,0.
00018507,0.00002004,-0.16101656,0.53740994,0.00847347,0.01392695,-0.02419635,-0.
00050599,0.00029136,-0.00013869,-0.00235712,-0.00330021,-0.00024331,-0.00327599,
-0.00104062,-0.00169518,-0.00140371,-0.00427971,-0.00190213,0.00082311,-0.005098
67,0.00029987,-0.00328965,-0.00264305,-0.00414512,-0.00000072,-0.00064087,0.0007
4374,0.00021017,-0.00011797,0.00000716,-0.00559243,0.00082918,0.00288749,-0.0006
3152,0.00030775,-0.00011258,0.00647600,0.00177693,0.00083615,-0.00175824,0.00429
360,0.00332253,0.00073925,0.00438625,-0.00069358,0.00026032,0.00069489,-0.000411
54,-0.00034416,0.00031040,0.00023125,0.00012790,-0.00029081,-0.00003151,0.000648
77,-0.00009179,-0.00000239,-0.00011238,-0.00384298,-0.00206150,0.00005421,-0.000
04622,0.00001619,0.00058869,0.00027506,0.00011789,0.05224803,0.27273682,0.479849
51,-0.08028372,-0.06192929,0.01215027,0.00024782,-0.00040143,-0.00033535,0.00085
417,0.00027545,0.00070789,-0.00195888,-0.00112899,-0.00218938,0.00254276,0.01379
487,0.01397006,-0.00343822,0.00094120,-0.00122676,-0.00154868,-0.00142497,-0.001
75553,0.00022345,-0.00071791,0.00038156,-0.00007365,0.00021409,0.00001670,-0.002
71125,0.00617236,-0.00133565,-0.00090252,0.00048242,-0.00005717,-0.00505453,-0.0
0446132,-0.00247405,0.00241478,-0.00719422,-0.00279405,0.00481298,0.00367931,0.0
0321522,0.00019287,0.00019573,-0.00102830,0.00019501,-0.00031591,-0.00116090,-0.
00027927,0.00074196,0.00015614,0.00090066,0.00002321,-0.00002382,-0.00110523,0.0
0025615,0.00382226,0.00015699,-0.00014123,0.00009600,-0.00040544,0.00011591,0.00
015686,-0.25516805,0.14076755,-0.01173873,0.63725721,-0.05934821,-0.05241213,0.0
1355476,-0.00012348,0.00016956,0.00019549,0.00259422,-0.00024142,-0.00164301,-0.
00112440,0.00169034,0.00356647,-0.00225805,-0.01313470,-0.01100920,0.00051733,-0
.00021348,-0.00038598,0.00104170,0.00024100,-0.00137887,0.00034144,-0.00031503,0
.00017861,0.00001516,-0.00003809,-0.00008882,-0.00742704,-0.00479218,0.00082549,
-0.00086608,0.00026425,0.00011801,0.00713865,0.00269696,-0.00001583,-0.00415838,
0.00472810,0.00357472,-0.00399722,0.00053886,-0.00184605,0.00054603,0.00030593,-
0.00078552,-0.00072043,-0.00023275,0.00035102,-0.00019175,-0.00031403,-0.0001207
6,0.00098602,-0.00010974,-0.00007719,0.00298118,-0.00766773,-0.00322863,0.000081
71,0.00000432,-0.00007014,0.00039773,0.00002227,0.00008471,0.09156260,-0.1104849
3,-0.01993976,-0.04956577,0.38226305,0.00532316,0.00599478,-0.00438717,0.0001627
8,-0.00007792,-0.00007785,-0.00181203,-0.00026150,-0.00071582,0.00033362,0.00049
233,-0.00015992,0.00107718,-0.00137826,-0.00368832,-0.00465992,-0.00168489,-0.00
036124,-0.00258308,-0.00316235,-0.00198283,-0.00053131,0.00078613,-0.00046099,0.
00000716,-0.00002608,0.00002794,0.00285610,-0.00295616,-0.00018201,0.00218546,-0
.00065901,-0.00031996,0.00454411,0.00403733,0.00267262,-0.00355623,0.00025030,-0
.00227747,-0.00215371,0.00190667,0.00074060,0.00005890,-0.00015027,0.00059072,0.
00128675,0.00191948,-0.00350715,0.00020313,0.00045724,-0.00013172,-0.00259891,0.
00004061,0.00072207,0.00411431,0.00257651,-0.00560715,-0.00014931,0.00010914,0.0
0000375,-0.00012139,-0.00045210,0.00025371,-0.01941563,-0.01552887,-0.05601052,0
.21421814,0.19568343,0.48394234,-0.07867484,-0.00800818,0.05909316,0.00006518,-0
.00019764,0.00016628,-0.00003229,0.00080289,0.00116245,-0.00345274,-0.00445916,-
0.00071339,-0.18763180,0.14879692,0.02826781,-0.00573427,0.00028977,-0.00269896,
-0.00179154,0.00199837,0.00185163,0.00045430,-0.00025439,0.00002221,0.00006370,0
.00003253,-0.00019236,0.00223842,0.00430698,-0.00012310,-0.00047751,0.00017310,-
0.00007875,-0.00541100,-0.00443793,-0.00412332,0.00481013,-0.00234283,-0.0034505
7,0.00212840,0.00137271,-0.00066921,0.00032877,0.00003736,-0.00048444,-0.0000556
7,-0.00002157,-0.00064910,-0.00032161,0.00074996,-0.00103664,0.00059108,0.000054
42,-0.00007643,-0.00044435,0.00385403,0.00439398,0.00014478,-0.00017539,0.000029
86,-0.00004143,-0.00006487,-0.00042042,0.00107689,0.01806855,0.01338928,-0.06763
753,0.02955750,0.00692732,0.62672267,-0.00218150,-0.02119667,0.00835442,0.000015
61,-0.00012486,-0.00012624,0.00097681,-0.00025225,0.00025319,-0.00191228,-0.0056
6347,-0.00240113,0.15100533,-0.17030212,-0.03860537,-0.01432741,0.00091601,-0.00
437499,0.00298450,-0.00122263,-0.00357276,0.00021983,-0.00027647,0.00008512,-0.0
0007525,0.00014550,0.00000846,-0.00274534,0.00657339,0.00084364,-0.00083724,0.00
021874,0.00004029,-0.00490151,-0.00050249,-0.00187581,0.00295652,-0.00136425,-0.
00142596,0.00281963,0.00238443,0.00134758,-0.00002469,-0.00024827,0.00051688,0.0
0005089,-0.00006958,-0.00034428,-0.00034534,-0.00029610,0.00138694,0.00108895,0.
00004322,-0.00036279,-0.00255559,0.00037289,0.00352670,-0.00001951,-0.00006076,0
.00004770,0.00002009,0.00029853,-0.00011082,0.04082863,-0.02228486,-0.01634919,-
0.00436621,-0.17486547,-0.14052164,-0.22741423,0.46000311,0.05971033,0.02175026,
-0.05884737,-0.00013561,0.00026407,-0.00008624,-0.00058707,0.00012436,0.00168357
,-0.00477788,-0.00586917,0.00118873,0.02809718,-0.03713878,-0.03873971,-0.017423
21,0.00241177,-0.00764308,-0.00055587,-0.00123644,0.00009666,-0.00009699,-0.0005
6310,0.00071327,0.00003834,-0.00014892,0.00001880,-0.00472212,0.00515176,-0.0003
5381,-0.00156238,0.00038809,0.00014532,-0.00192539,-0.00213061,-0.00421633,0.008
84275,-0.00393196,-0.00247121,0.00550415,0.00322443,0.00455396,-0.00058798,0.000
34408,-0.00060766,0.00029607,-0.00040371,0.00054172,0.00043820,0.00020775,0.0000
0449,0.00175446,-0.00017235,-0.00038351,-0.00593062,-0.00690198,0.00294404,0.000
04609,0.00004177,-0.00006755,-0.00035676,-0.00009105,-0.00010161,0.02287832,-0.0
0868714,-0.00927118,-0.03004613,-0.15424936,-0.18902828,0.04507611,0.20078831,0.
41350096,-0.01008104,-0.01641582,0.01446404,0.00018910,-0.00024520,-0.00011282,-
0.00474825,-0.00366487,0.00209996,0.00565470,0.00217597,-0.00064981,-0.01437870,
0.00078390,-0.00881689,-0.06341035,-0.04690713,-0.07290071,-0.01217778,0.0127567
6,0.01334333,-0.00048139,0.00083761,-0.00063340,-0.00000472,0.00003754,0.0000615
7,0.00410254,-0.00492493,0.00088380,0.00206395,-0.00065842,-0.00027414,0.0004008
3,0.00163055,0.00673959,-0.00857825,0.00699261,-0.00051955,-0.00309825,-0.003357
36,-0.00683863,-0.00004302,-0.00018817,0.00032459,0.00008709,0.00037145,-0.00006
774,-0.00004359,0.00037381,-0.00071310,-0.00214158,0.00033021,0.00047547,0.00665
521,0.00762070,-0.00490349,-0.00002360,-0.00001681,-0.00008455,0.00012986,0.0003
5306,0.00075117,0.00715503,-0.00535149,0.01247095,0.00090065,-0.02136236,-0.0456
2242,-0.24959585,0.03244983,-0.09431210,0.49050343,-0.00871306,-0.00928293,-0.00
349386,0.00060634,-0.00040227,-0.00001696,0.00146489,0.00025084,0.00007404,-0.00
622845,-0.00304431,-0.00303804,0.01268686,-0.00261542,0.01245315,-0.04744628,-0.
13060460,-0.13612979,0.00442055,-0.00422317,-0.00345316,0.00065584,-0.00051247,0
.00019619,-0.00027038,0.00022671,-0.00012609,-0.00318538,0.00548337,0.00317839,-
0.00183776,0.00044332,0.00052217,0.00535362,0.00150652,-0.00404702,0.00350664,-0
.00158409,0.00250219,0.00083616,0.00270364,0.00365084,0.00001204,0.00011643,-0.0
0045482,0.00014742,-0.00046762,0.00051509,-0.00005474,0.00018946,-0.00018328,0.0
0214951,-0.00013089,-0.00083069,-0.00322038,-0.00751707,0.00096432,0.00011601,-0
.00004040,0.00009159,-0.00097448,0.00027137,-0.00034318,-0.01126227,-0.01601264,
-0.04646591,-0.01055622,-0.00731320,-0.01369304,0.02875019,-0.05228332,-0.012689
83,-0.07830631,0.43022272,0.00786815,-0.00234443,-0.08937733,-0.00001433,0.00043
063,0.00005562,0.00183117,0.00248684,0.00019992,0.00283182,-0.00111006,-0.004225
73,0.00455548,0.00038132,0.00346405,-0.07132107,-0.13532018,-0.20646563,-0.00389
412,0.00582523,0.00489529,-0.00033861,0.00018026,0.00004748,0.00005068,-0.000270
83,0.00016788,0.00465048,0.00383349,0.00111513,0.00034670,-0.00020675,-0.0002282
8,-0.00898169,-0.00242537,0.00377012,0.00119866,0.00133895,-0.00187754,0.0015964
9,-0.00308849,-0.00054730,-0.00048064,-0.00029516,0.00093781,0.00023306,0.000018
29,0.00078140,0.00047957,-0.00077097,0.00095734,-0.00059096,0.00008507,0.0003824
9,-0.00082053,0.00724592,0.00411365,-0.00004782,0.00012387,-0.00008696,-0.000466
48,-0.00045115,-0.00027243,0.00741770,-0.02021755,-0.02240893,-0.01938136,-0.007
25809,-0.02820508,-0.14602807,-0.00595721,-0.12202419,0.15698710,0.27765558,0.57
059174,-0.03197237,0.02436270,-0.01970523,0.00086331,-0.00134472,-0.00036840,-0.
00021830,-0.00133800,0.00292531,-0.00078971,-0.00095798,-0.00033675,-0.00360287,
0.00227804,-0.00488075,0.00494948,-0.00738703,-0.00106607,-0.25924565,0.09081284
,-0.10139587,-0.00030445,0.00044863,-0.00014038,-0.00022708,0.00060193,-0.000235
70,0.00005441,-0.00154630,0.00079313,-0.00012931,-0.00022358,0.00026737,0.004714
99,0.00073696,0.00055799,-0.00051450,-0.00028600,0.00137377,0.00175537,-0.000128
30,-0.00125750,0.00002707,0.00007024,0.00006228,-0.00003545,0.00015594,0.0003274
4,0.00020060,-0.00079489,0.00078414,-0.00015224,-0.00000611,-0.00018816,0.001747
86,-0.00264414,-0.00209663,-0.00015326,0.00022418,0.00005395,-0.00498970,-0.0004
4111,-0.00082656,-0.12942776,-0.04457041,-0.10830199,-0.04012536,0.01420863,-0.0
2197940,-0.03967161,0.02442011,-0.01534421,-0.14222532,0.11537912,0.06551542,0.6
4081301,0.02537294,-0.05304503,0.04745241,0.00073486,-0.00091505,0.00009384,-0.0
0440252,-0.00120486,0.00323664,-0.00055961,-0.00323289,-0.00135078,0.00112123,-0
.00031148,0.00011400,0.00795898,-0.01106060,-0.00444529,0.08427206,-0.05850762,0
.02762654,0.00036711,0.00017336,-0.00030073,-0.00021197,0.00049425,-0.00030419,0
.00711989,0.00509736,-0.00180591,-0.00013936,-0.00004033,0.00004496,-0.01052426,
-0.00127332,0.00000990,0.00043706,-0.00238816,-0.00707316,-0.00046682,-0.0044518
4,0.00103038,0.00032384,-0.00020012,-0.00044235,-0.00002698,0.00057548,-0.001179
34,-0.00032829,0.00025865,-0.00038436,0.00011266,0.00018621,0.00003553,-0.001387
84,0.00750591,0.00453527,0.00012863,-0.00023636,0.00010938,-0.00231715,-0.000241
50,-0.00043918,-0.01540558,-0.08243890,-0.06073444,-0.01233745,0.02002366,0.0019
6670,0.01854385,-0.01484332,0.00991070,0.12033500,-0.19064452,-0.11838270,-0.216
59300,0.39656459,-0.01956656,0.03341405,-0.03456031,-0.00040058,0.00031107,-0.00
032945,0.00175801,0.00317759,0.00209046,0.00592980,-0.00140863,0.00347532,-0.001
45418,-0.00159726,-0.00009946,0.01145653,-0.01431714,-0.00687061,-0.09358355,0.0
2808465,-0.06850278,-0.00098746,0.00100482,-0.00027552,0.00009335,-0.00017220,0.
00018742,0.00575259,-0.00509236,-0.00065745,0.00258132,-0.00089769,-0.00060297,-
0.00372701,0.00194954,0.00593166,-0.00573354,0.00626952,-0.00273504,-0.00234027,
-0.00678435,-0.00610336,-0.00048358,-0.00041087,0.00149087,0.00027361,0.00019250
,0.00037003,0.00006582,-0.00031150,-0.00014709,-0.00320355,0.00020253,0.00101164
,0.00475891,0.00811644,-0.00391149,-0.00040683,0.00029002,0.00000348,-0.00109834
,-0.00091109,0.00038688,-0.11001840,-0.10080337,-0.19412949,-0.02118016,0.012766
82,-0.01480022,0.01167811,-0.00081631,0.02377531,0.02975567,-0.07214269,-0.11047
526,0.19642380,0.11444070,0.42267928,-0.00063662,-0.00222731,-0.00267768,0.00018
342,-0.00026815,-0.00045188,-0.00016578,-0.00082687,-0.00033637,-0.00029887,0.00
024593,0.00031643,0.00031551,0.00117858,0.00052894,0.00050604,-0.00034459,-0.000
35720,0.00010581,-0.00027850,0.00003452,-0.00010130,-0.00035893,0.00020112,-0.00
004154,0.00012171,0.00012597,-0.00021217,-0.00010468,0.00007447,-0.00023724,0.00
024302,-0.00004809,0.00041394,-0.00022046,0.00004680,0.00008973,0.00042581,0.000
21054,-0.00027941,0.00004322,0.00014072,-0.00008280,-0.00043236,0.00068411,-0.00
018437,0.00024613,-0.00039127,0.00006091,-0.00003153,0.00017825,0.00026927,-0.00
008623,-0.00011391,0.00005469,-0.00006346,-0.00021286,-0.00001083,0.00001269,0.0
0009781,-0.00023198,0.00018843,0.00009725,-0.05817550,0.06221437,0.05483655,-0.0
0626769,0.01663593,0.01681834,-0.00347597,0.00468804,0.00000782,-0.00153143,-0.0
0046187,-0.00228183,0.00496690,-0.00954704,-0.00671752,0.07269962,0.00181482,-0.
00223311,-0.00572490,-0.00008822,-0.00003640,-0.00011966,-0.00001288,-0.00074552
,-0.00006505,-0.00044402,0.00016949,-0.00001551,-0.00043301,0.00015049,-0.000092
25,0.00030428,0.00012237,0.00030359,-0.00033749,-0.00054781,0.00025541,-0.000093
90,-0.00018456,0.00004824,0.00002560,-0.00001819,0.00007990,0.00002907,0.0008681
1,0.00051892,0.00009744,0.00013488,-0.00007924,0.00049267,-0.00043529,-0.0006289
2,-0.00029203,-0.00028429,-0.00082070,-0.00050714,0.00069871,-0.00050786,-0.0004
9324,-0.00032140,0.00053416,0.00036970,-0.00032418,0.00008943,-0.00031102,0.0005
3633,-0.00022463,0.00002571,-0.00002155,-0.00005425,0.00099991,0.00086173,-0.000
85501,-0.00013246,-0.00001949,-0.00002894,0.00020562,0.00003107,0.00014216,0.064
31600,-0.17137500,-0.14755984,0.00287016,-0.00764901,-0.00491484,0.00141784,0.00
024938,-0.00035854,0.00017877,0.00060505,-0.00049807,-0.00010366,-0.00476828,-0.
00250048,-0.07113164,0.18374401,-0.00109421,0.00262517,0.00113578,0.00002615,-0.
00022100,-0.00017967,-0.00019586,-0.00075057,-0.00006229,0.00036841,0.00008142,-
0.00042449,-0.00028251,-0.00031873,0.00017528,0.00058942,-0.00115211,0.00001218,
0.00020659,0.00053192,-0.00038228,0.00001258,-0.00014982,0.00013106,-0.00005619,
0.00016864,0.00000191,-0.00009333,-0.00010190,-0.00034680,-0.00014644,0.00011659
,-0.00008316,-0.00012398,0.00056859,-0.00017786,0.00023916,0.00026622,0.00011332
,0.00021031,-0.00015265,0.00037364,0.00048793,0.00047909,-0.00026679,-0.00031884
,0.00028391,-0.00013600,0.00013786,-0.00003336,-0.00001039,0.00016081,0.00002930
,-0.00006835,-0.00046254,-0.00023790,0.00027058,-0.00010608,-0.00000863,0.000066
29,-0.00016408,0.00014757,-0.00002665,0.05449353,-0.14602027,-0.17069743,0.00056
849,0.00119048,-0.00010409,-0.00061946,-0.00230951,-0.00066955,-0.00173498,-0.00
513405,-0.00354019,0.00812767,-0.01225839,-0.01205792,-0.06145823,0.16182761,0.1
8605407,0.00114143,-0.00158502,0.00031110,0.00337591,-0.00329512,-0.00419195,-0.
04086779,0.02697106,0.02436374,0.00176414,0.00004211,0.00142327,0.00004033,0.000
07905,0.00001702,-0.00008527,0.00008645,-0.00014368,-0.00005543,-0.00003039,-0.0
0038968,-0.15995885,-0.08844605,0.13649667,0.00240095,-0.00098986,0.00250583,-0.
00081090,-0.00106938,-0.00051843,0.01636129,0.01547531,-0.01731932,-0.00261165,-
0.00037140,-0.00075936,0.00085179,-0.00011446,-0.00013985,0.00043836,0.00056589,
0.00029163,-0.00027984,0.00014776,0.00035444,0.00001324,-0.00011630,0.00013959,-
0.00006711,-0.00001049,0.00011672,-0.00914315,-0.00051972,0.00198134,0.00084284,
0.00407716,-0.00390160,-0.11008299,0.05139797,-0.01989077,0.00039465,0.00161614,
0.00098402,0.00039945,-0.00006240,0.00031450,0.00036437,0.00007873,-0.00029099,0
.00003776,0.00004052,0.00042686,-0.00012231,0.00017546,-0.00041018,-0.00095071,-
0.00054805,-0.00046097,0.00015740,0.00027949,0.00004340,0.36797666,0.00020732,0.
00032566,0.00177426,0.00132358,-0.00606939,0.00833184,0.01846405,-0.03187930,-0.
00871727,-0.00131146,0.00002143,-0.00079561,-0.00005979,0.00007220,-0.00003953,0
.00012595,0.00005788,0.00025493,-0.00002564,0.00001111,-0.00021107,-0.09864282,-
0.19532890,0.17970702,0.00009341,0.00104112,0.00201776,-0.00022673,0.00033662,0.
00098913,-0.00012044,-0.04155801,0.04264906,-0.00013131,-0.00011352,-0.00019040,
-0.00022716,0.00001873,0.00007400,-0.00023372,-0.00019642,-0.00017421,0.00024068
,0.00051162,0.00036898,-0.00000487,0.00006597,-0.00001597,-0.00002506,-0.0000111
4,0.00005157,-0.01000877,-0.00308096,0.00418371,0.00585651,-0.00135331,-0.003216
29,0.06696426,-0.13412379,0.04440697,0.00105812,0.00038798,-0.00040592,-0.000141
86,-0.00035374,0.00039672,0.00031855,0.00014851,-0.00018091,0.00001198,0.0000282
5,-0.00021335,0.00009125,0.00037298,-0.00040971,-0.00022990,-0.00026245,-0.00052
154,0.00019697,0.00009849,0.00009837,-0.00600537,0.45603408,-0.00085788,0.001548
34,0.00009736,-0.01271366,0.02468033,-0.01426242,0.01486617,-0.01203560,-0.03989
520,-0.00176142,-0.00158557,-0.00350864,-0.00006091,-0.00008498,0.00004879,-0.00
003408,-0.00010485,0.00001860,0.00013389,0.00010644,-0.00019287,0.14756845,0.176
18049,-0.26355465,-0.00082525,0.00211082,-0.01331139,0.00028710,0.00052026,0.000
46753,-0.00480240,0.03481478,-0.02276969,0.00205814,-0.00010518,0.00053608,0.000
62711,0.00061828,0.00024154,-0.00045514,-0.00008374,-0.00009493,-0.00008743,0.00
034400,0.00024050,0.00017099,0.00009702,-0.00009057,-0.00007794,0.00004356,-0.00
006548,0.01336659,-0.00014896,-0.00815472,-0.00792637,0.00004565,0.00679784,-0.0
2652179,0.04544947,-0.08404698,-0.00074793,0.00122151,-0.00046120,0.00044212,0.0
0057316,-0.00045090,-0.00031125,0.00014141,0.00025425,-0.00026752,0.00021600,-0.
00054537,0.00057080,-0.00009016,-0.00012619,0.00064061,0.00029121,0.00017904,0.0
0008567,0.00000869,0.00007186,-0.15910710,-0.28910953,0.44964335,0.00009642,0.00
002081,-0.00000993,-0.01096431,-0.00021766,0.00358437,-0.00117310,0.00062495,-0.
00108538,0.00026755,-0.00010925,0.00014246,0.00000236,0.00000932,-0.00000060,0.0
0000678,-0.00000542,-0.00004211,0.00002220,0.00005586,-0.00010502,-0.00230452,-0
.00022099,0.00212793,0.00211496,-0.00003834,-0.00110452,0.00003489,-0.00002750,0
.00003352,0.00038475,-0.00031096,0.00038453,-0.00012418,-0.00005545,-0.00003953,
0.00007272,-0.00001882,0.00000366,0.00000593,-0.00003880,-0.00001399,-0.00002525
,0.00005850,0.00007595,0.00001655,0.00000243,0.00001691,0.00001058,0.00000107,0.
00000060,0.00008671,-0.00010149,-0.00002437,0.00001532,-0.00002672,0.00008512,-0
.25074654,-0.02303123,0.02592162,0.00027374,0.00072328,0.00167241,0.00003556,0.0
0000362,0.00006332,0.00008455,0.00000623,-0.00000825,0.00004124,-0.00001519,0.00
002623,0.00000993,-0.00005021,-0.00004296,-0.00009997,-0.00001622,-0.00003477,0.
00005398,0.00003252,0.00002265,-0.02426708,0.01310656,-0.00517364,0.29784866,0.0
0004696,0.00012767,0.00013094,0.00027324,0.00226734,-0.00191910,0.00058429,-0.00
082321,0.00170962,-0.00029098,-0.00007128,-0.00021692,-0.00000032,0.00000482,-0.
00000273,-0.00000691,-0.00000534,0.00000808,0.00001415,-0.00005548,-0.00003313,0
.00188277,0.00142238,-0.00061374,0.00041554,-0.00068041,0.00025779,-0.00001443,0
.00006304,0.00010040,-0.00072991,0.00023277,-0.00067502,0.00006345,0.00001593,-0
.00001383,-0.00002806,-0.00001397,0.00000392,-0.00002166,-0.00002561,-0.00002062
,-0.00002044,-0.00006895,-0.00000051,0.00000926,-0.00000079,0.00000155,0.0000026
1,-0.00000223,0.00000120,-0.00000952,0.00005567,-0.00010765,-0.00001429,-0.00006
627,-0.00010117,-0.02058279,-0.03963141,0.00426041,-0.00039156,-0.00007080,0.000
14050,-0.00004666,0.00003348,-0.00000874,0.00003253,0.00001588,0.00001106,0.0000
2560,0.00001222,-0.00005665,0.00000197,0.00001943,-0.00003922,-0.00005439,0.0000
3565,-0.00002901,0.00006186,-0.00001951,0.00002733,0.02905458,-0.00646493,0.0022
1691,0.01880143,0.05677519,-0.00000352,-0.00005689,-0.00001933,0.02487850,0.0043
0589,-0.00315413,0.00070529,-0.00030559,-0.00136865,0.00019034,0.00009243,0.0001
1591,-0.00000111,0.00000131,-0.00000197,-0.00002371,0.00002618,0.00002516,-0.000
15604,-0.00007406,0.00002007,-0.00180179,-0.00079503,0.00146455,-0.00144338,-0.0
0171615,0.00054038,-0.00005022,-0.00006573,-0.00012932,-0.00001333,0.00010421,-0
.00004609,-0.00004046,0.00005257,-0.00002324,0.00000306,0.00002140,-0.00000152,0
.00005114,0.00004561,0.00003093,-0.00000758,0.00000731,-0.00000722,0.00000013,-0
.00001073,0.00000790,-0.00000700,-0.00000316,0.00000891,0.00027361,0.00010172,0.
00008261,-0.00016454,0.00016041,0.00001540,0.03004578,0.00715116,-0.04316201,0.0
0153798,-0.00388312,-0.00617802,-0.00001614,-0.00002892,-0.00003795,-0.00003700,
-0.00001176,0.00001804,-0.00003650,-0.00001122,0.00001597,-0.00000583,-0.0000039
1,0.00006444,0.00003410,0.00000071,0.00004402,-0.00000159,-0.00002074,-0.0000255
5,-0.01511344,0.00375396,0.00160966,-0.02566890,-0.00401351,0.05132781,-0.002025
69,-0.00213425,-0.00036325,0.00043725,-0.00052256,0.00016456,-0.00145968,-0.0008
9632,-0.00028854,-0.19424083,0.04760262,0.08417709,-0.00062148,-0.00143364,0.000
37083,-0.00044238,0.00050293,-0.00056988,-0.00007069,-0.00012639,0.00008463,0.00
050433,0.00045911,-0.00067081,-0.00021340,0.00025938,-0.00016707,-0.00678751,0.0
0218040,0.00735968,0.00013488,-0.00011828,0.00024767,-0.00057501,0.00058249,0.00
006840,-0.00015137,0.00036975,0.00021553,0.00133812,-0.00077741,-0.00142465,0.00
008707,-0.00004569,-0.00000184,0.00004567,-0.00008500,0.00003163,0.00019620,0.00
014960,-0.00030639,-0.00011006,0.00009544,-0.00017133,-0.00035640,0.00194290,0.0
0172206,-0.00001914,-0.00010324,0.00013179,-0.00012939,0.00029050,-0.00000043,-0
.00003068,-0.00010881,-0.00025039,0.00006234,0.00010228,-0.00007783,0.00021887,-
0.00284564,0.00029869,-0.00004332,0.00024860,0.00014077,-0.00015065,0.00043457,-
0.00023924,-0.00004582,0.00009876,-0.00009341,-0.00026425,0.00037204,0.00060838,
-0.00002704,0.00003538,-0.00002904,0.25609010,0.00251561,-0.00423525,-0.00136241
,-0.00022755,0.00020402,0.00003432,0.00104228,0.00002049,-0.00114031,0.05313952,
-0.04774059,-0.02288562,-0.00213516,-0.00141478,0.00008359,0.00058734,-0.0003600
3,0.00022524,-0.00025698,0.00022230,-0.00018483,-0.00014233,-0.00013226,0.000210
57,0.00006748,-0.00006198,0.00001831,-0.00114522,0.00194656,-0.00252473,-0.00034
986,0.00007695,0.00006102,-0.00084402,0.00062030,0.00053781,0.00030673,0.0000245
2,0.00051767,0.00093294,-0.00059704,0.00082459,-0.00017003,0.00022268,0.00047594
,0.00006020,0.00016729,0.00040345,-0.00007320,-0.00012899,-0.00056150,0.00035689
,-0.00000286,-0.00013476,-0.00031104,0.00333109,0.00025268,-0.00005563,0.0000426
9,-0.00005579,0.00004007,0.00006370,0.00003958,0.00026102,0.00080275,0.00037644,
0.00085253,0.00084684,-0.00048050,0.00040379,-0.00347160,-0.00024846,0.00009988,
-0.00177114,-0.00003079,-0.00022793,0.00083455,-0.00128941,-0.00009081,0.0005504
2,0.00003605,0.00002989,-0.00034937,-0.00012022,0.00000032,0.00000539,-0.0000044
5,-0.05916236,0.04328711,0.00037378,0.00416489,-0.00309543,-0.00020223,0.0001615
7,0.00007874,-0.00022541,-0.00113891,-0.00075397,0.07831995,-0.02381099,-0.08275
432,0.00011563,0.00012461,0.00066280,-0.00036406,0.00063307,-0.00051738,-0.00010
190,0.00005363,0.00004840,-0.00018360,0.00005635,-0.00004142,0.00003529,-0.00002
695,0.00004843,0.02568558,-0.00841842,-0.01785995,0.00007397,0.00002679,0.000039
69,0.00095614,-0.00178207,-0.00039658,0.00050922,-0.00057039,0.00028731,0.001600
44,0.00010132,-0.00043781,-0.00056318,-0.00047750,0.00020326,0.00014883,0.000009
63,0.00029133,-0.00118599,-0.00041829,-0.00074389,-0.00004692,-0.00017109,0.0000
0339,-0.00089257,-0.00268741,-0.00491304,-0.00008915,0.00004664,-0.00003019,0.00
023976,-0.00016535,0.00007866,-0.00013074,0.00022608,-0.00016677,0.00010141,0.00
013178,0.00000616,0.00083544,0.00058155,0.00002050,-0.00011575,0.00101217,-0.000
28779,-0.00008322,0.00051101,0.00004014,-0.00008695,0.00015331,-0.00015584,-0.00
009738,0.00027276,0.00034530,-0.00001359,0.00000407,-0.00000131,-0.08382412,0.02
425858,0.09815787,-0.00256156,0.00157998,-0.00203270,0.00014060,-0.00006418,-0.0
0001293,0.00084094,0.00049897,0.00023475,0.00013109,0.00025032,0.00019397,-0.000
15298,-0.00055717,0.00043313,0.00021891,0.00014896,0.00041455,-0.00007847,-0.000
64803,-0.00050494,0.00005416,0.00000163,-0.00005810,-0.00004300,0.00001754,0.000
01591,0.00031546,0.00090053,-0.00022410,0.00017017,0.00002128,-0.00006069,-0.000
19622,-0.00006168,-0.00053711,-0.00143548,-0.00142485,-0.00044289,-0.00015580,0.
00016535,-0.00035017,0.00008352,0.00000718,-0.00031097,-0.00022215,-0.00050232,0
.00207832,-0.00000608,-0.00003584,-0.00021738,-0.00014452,0.00005060,0.00003053,
0.00093826,0.00087435,-0.00028200,0.00000274,0.00000248,0.00000623,-0.00011910,-
0.00006720,0.00009780,-0.01452487,-0.00352275,-0.01340637,-0.18710332,-0.0174210
4,-0.15450678,0.00256569,-0.00137341,0.00192941,0.00038394,0.00145031,0.00015745
,-0.00360038,0.00141194,-0.00086120,-0.00043370,-0.00015200,0.00027330,0.0000585
9,-0.00002340,-0.00000073,0.00001160,0.00000745,0.00000933,0.00010018,0.00038908
,0.00012724,0.20389622,-0.00169977,-0.00181777,-0.00254622,-0.00014944,0.0001075
0,0.00002328,0.00083695,0.00010625,0.00009066,0.00005363,0.00062784,0.00015071,-
0.00046982,-0.00046748,0.00008180,-0.00056920,0.00026497,-0.00019153,0.00062812,
0.00050629,0.00025347,-0.00006592,0.00002864,0.00000834,0.00006638,-0.00006760,0
.00003009,0.00017942,0.00058047,-0.00048348,0.00033432,-0.00002147,-0.00011820,0
.00026023,0.00007349,-0.00037773,-0.00189296,-0.00106368,0.00033576,-0.00105295,
-0.00003644,0.00000556,0.00031151,0.00000042,-0.00019099,-0.00088841,0.00065465,
0.00103012,-0.00002546,-0.00096271,-0.00011241,-0.00032707,-0.00001397,0.0001664
3,0.00123254,0.00043053,-0.00042123,-0.00001054,0.00000778,-0.00000875,0.0002284
7,-0.00000079,0.00006018,0.00848008,0.00206416,0.01243767,-0.01694363,-0.0341357
3,-0.02929524,-0.01309757,-0.00266232,-0.01109138,0.00121190,-0.00159184,-0.0027
0186,0.00489757,0.00048858,0.00021794,-0.00030391,-0.00075051,0.00055677,-0.0000
0109,-0.00000007,-0.00000049,0.00000958,0.,-0.00000172,-0.00013304,0.00029798,0.
00007545,0.01803736,0.03706426,0.00172371,0.00032384,-0.00062279,0.00016192,-0.0
0013134,-0.00006902,0.00007647,-0.00021790,-0.00011399,-0.00033201,-0.00015241,-
0.00031023,0.00056965,0.00015123,-0.00044109,-0.00113175,-0.00024497,0.00010254,
-0.00010963,-0.00038968,0.00032147,0.00009749,-0.00001979,-0.00003786,-0.0001038
4,0.00009098,-0.00001129,0.00015058,-0.00026776,0.00017412,-0.00016590,0.0000200
7,0.00004419,0.00035635,-0.00000402,0.00017323,0.00197010,0.00238018,-0.00095641
,-0.00012084,-0.00003999,-0.00033897,0.00010600,0.00006113,0.00002768,0.00170070
,0.00110325,-0.00228395,0.00003861,-0.00009696,0.00019468,0.00021131,0.00001474,
-0.00011299,-0.00030910,-0.00016565,0.00007837,-0.00001656,0.00000032,0.00002623
,-0.00018929,0.00004327,0.00002096,0.00077544,0.00105227,-0.00095091,-0.15396377
,-0.02916901,-0.17858527,-0.01360857,-0.00013065,-0.01336298,-0.00388586,-0.0040
7088,-0.00282220,-0.00165482,-0.00207205,-0.00089988,0.00028987,0.00051029,0.000
14885,-0.00004257,0.00005213,0.00003572,-0.00000670,0.00000382,-0.00000491,-0.00
006411,-0.00003184,-0.00015233,0.16740076,0.03153765,0.20064302,0.00189924,-0.02
041456,-0.01655316,0.00004288,-0.00128709,0.00151871,-0.02494387,-0.00163166,0.0
1307695,-0.33833538,0.04729243,-0.19642101,0.00030219,0.00026203,-0.00032160,-0.
00142169,-0.00216565,0.00148350,-0.00055755,-0.00038365,-0.00037498,0.00101343,0
.00447933,-0.00484919,-0.00037573,0.00105306,-0.00025090,-0.00145806,0.00477442,
-0.03171925,0.00382890,-0.00103370,0.00152348,-0.00080887,-0.00240848,0.00104869
,0.00091808,-0.00025869,-0.00090529,0.00475577,-0.00144675,0.00048142,-0.0001865
0,-0.00026350,-0.00056751,0.00050199,0.00004634,0.00043902,0.00072772,-0.0002479
1,0.00091331,-0.00440004,-0.00077126,0.00050877,-0.00614969,-0.00021291,0.005131
98,-0.00109946,-0.00014253,0.00078091,0.00177011,0.00147919,-0.00068214,-0.00314
021,-0.00135509,0.00096688,0.00292026,-0.00099283,-0.00080441,0.00281323,0.00081
200,0.00327066,-0.00559672,-0.00497417,-0.00001382,0.00082842,0.00310905,-0.0019
7079,-0.00018565,0.00082690,-0.00037195,0.00190718,0.00491932,0.00351900,-0.0001
9441,0.00050156,-0.00029176,-0.05068282,0.00434363,-0.02080453,0.00057487,0.0004
5924,0.00012657,0.42317970,-0.00831062,-0.00668985,-0.00207513,-0.00117728,0.000
82722,-0.00102315,0.01117189,-0.01701343,-0.01290912,0.01776519,-0.04481927,0.00
032834,0.00002078,-0.00002843,-0.00041700,-0.00143096,-0.00261045,0.00004045,-0.
00016107,0.00067152,-0.00045609,-0.00167111,-0.00322576,0.00236808,0.00091363,-0
.00065099,0.00049801,0.00790281,0.00877802,0.00587658,0.00161410,0.00083321,-0.0
0069704,-0.00133457,0.00026813,0.00107360,0.00132246,0.00101688,0.00012118,-0.00
145737,0.00084692,0.00098369,-0.00018054,0.00038104,0.00038491,0.00002850,0.0002
7450,0.00067489,-0.00008009,-0.00036320,0.00021700,-0.00168219,-0.00052122,0.000
40573,0.00102547,0.00293358,-0.00290807,0.00069257,0.00013089,-0.00028046,0.0011
3942,-0.00126311,0.00140900,-0.00008103,0.00120718,-0.00092883,0.00031955,-0.000
19464,-0.00085574,0.00133846,0.00068782,0.00122313,-0.00706598,-0.01245996,0.001
80143,-0.00212798,-0.00003220,0.00262867,0.00006058,0.00067061,-0.00006387,-0.00
122149,0.00420883,0.00001856,0.00018565,-0.00033829,0.00011664,0.01324730,0.0066
5000,0.00709369,0.00043057,0.00039100,-0.00014253,-0.03210464,0.05778950,-0.0023
4729,-0.01073784,-0.01603944,-0.00087188,0.00050560,-0.00004274,0.00548220,-0.00
473512,-0.04196807,-0.20443591,0.02307750,-0.22498748,-0.00030300,0.00012837,-0.
00033276,-0.00004278,0.00013291,0.00075099,-0.00010785,-0.00036771,-0.00029629,-
0.00159976,0.00024371,0.00004079,0.00034741,-0.00012082,0.00017738,-0.03979393,-
0.00180036,-0.04884578,0.00209676,0.00005917,-0.00009749,-0.00184207,-0.00066752
,0.00124081,-0.00006840,-0.00301825,-0.00091148,0.00444730,-0.00317642,-0.004837
51,-0.00016103,0.00028602,0.00011056,0.00051800,-0.00067815,0.00042180,0.0001808
1,-0.00040611,0.00042248,-0.00154827,-0.00040736,0.00005922,-0.00425597,0.001188
87,-0.00027001,0.00122315,-0.00012299,-0.00110262,0.00184648,-0.00076993,0.00668
772,-0.00134546,0.00010365,0.00118111,0.00127291,-0.00122190,0.00113960,0.002196
56,0.00176705,-0.00042164,0.00222012,0.00396858,0.00168135,0.00000352,0.00148426
,-0.00076306,-0.00002076,0.00072049,0.00001568,0.00121507,-0.00411200,0.00611236
,0.00008608,-0.00034845,0.00031999,-0.00715488,0.00259234,0.01214410,0.00043440,
0.00045723,0.00010760,0.24250376,-0.00427636,0.30797156,-0.00007782,-0.00104751,
-0.00045940,0.00535501,0.00293930,-0.00153656,0.00036234,0.00108189,-0.00001129,
0.00045972,0.00052206,0.00024458,0.00004765,-0.00007441,0.00002237,0.00000485,-0
.00002016,-0.00001480,-0.00031710,0.00023046,0.00055119,0.00026420,0.00066379,0.
00126538,-0.00092363,0.00019870,0.00062800,0.00014165,-0.00025566,-0.00019568,-0
.00190051,0.00075837,-0.00144841,0.00000618,0.00009970,0.00023273,-0.00010792,0.
00004983,0.00008357,0.00023105,0.00010172,0.00002820,-0.00008917,0.00004579,-0.0
0027400,-0.00002345,-0.00000865,0.00002842,0.00000403,-0.00003537,-0.00002262,0.
00128591,0.00012154,-0.00059990,-0.00047268,0.00006532,0.00054018,-0.06750796,-0
.02378322,-0.01052748,-0.00361783,0.00107959,0.00204007,-0.00017845,-0.00018565,
-0.00066218,-0.00019579,0.00012808,0.00015878,-0.00003499,-0.00010395,0.00005690
,-0.00014611,-0.00000157,0.00014670,0.00038048,0.00011238,0.00013115,-0.00065826
,0.00021589,0.00012548,0.00452499,0.01028353,0.00368757,-0.01447866,-0.02531802,
-0.01176970,-0.00000337,-0.00003600,0.00000442,0.00005245,-0.00000531,0.00004669
,-0.00061725,0.00008186,-0.00012637,0.48837773,-0.00021706,-0.00032905,-0.000412
39,0.00183122,-0.00034643,-0.01611696,0.00188928,-0.00161778,0.00004457,0.000568
42,0.00019032,0.00048777,0.00000892,-0.00001860,-0.00002330,0.00002928,0.0000029
6,-0.00002575,0.00025781,0.00019703,-0.00001459,0.00222510,-0.00200357,-0.002273
65,0.00164561,-0.00386490,0.00294151,-0.00002143,0.00004351,-0.00020618,0.000170
00,0.00135744,0.00104146,-0.00008994,-0.00014636,0.00003172,-0.00021407,0.000038
28,0.00000492,-0.00013639,-0.00011060,0.00000018,0.00010231,0.00012602,-0.000044
44,-0.00006951,-0.00000022,-0.00000980,-0.00000659,-0.00003249,0.00001282,-0.000
19045,-0.00017805,0.00035687,0.00037823,0.00016248,-0.00029965,-0.02996200,-0.11
277899,-0.03033146,-0.00324243,0.00185362,0.00182593,0.00052533,0.00002173,0.000
08502,-0.00007408,0.00003721,-0.00007551,0.00002443,-0.00007825,0.00007566,-0.00
002084,-0.00005191,0.00004250,0.00010831,-0.00014976,0.00002640,-0.00002357,-0.0
0024025,-0.00020480,0.00058232,-0.04086705,0.00263047,-0.00639055,-0.00712992,-0
.00406882,-0.00008587,0.00001557,-0.00000619,-0.00002935,0.00002923,-0.00002278,
-0.00061343,0.00028024,-0.00001993,-0.01246807,0.46761696,-0.00005548,-0.0001512
2,-0.00021724,-0.00701132,-0.02039151,-0.01291137,0.00050268,-0.00048166,0.00019
121,0.00035217,0.00003025,0.00037602,-0.00001387,0.00002123,-0.00001752,0.000003
32,-0.00000621,-0.00002056,0.00033957,0.00006541,-0.00011732,-0.00267350,0.00010
297,0.00285338,0.00134260,0.00268466,0.00106558,-0.00004225,0.00010012,-0.000098
53,-0.00105555,0.00091789,-0.00274524,-0.00014978,0.00021097,-0.00006219,-0.0001
0815,-0.00010283,-0.00004637,-0.00007728,-0.00002994,-0.00003257,-0.00019817,-0.
00004725,-0.00001797,-0.00003590,-0.00001341,-0.00000184,0.00000659,-0.00001956,
0.00000098,0.00002047,0.00012713,0.00019737,0.00023359,0.00016200,-0.00023604,-0
.01888796,-0.04042716,-0.07526017,0.00327167,0.00125315,-0.00298175,-0.00016749,
0.00002029,0.00020908,-0.00003159,0.00001803,-0.00000720,0.00002381,0.00002551,0
.00004001,0.00004563,-0.00011171,-0.00000235,0.00005188,-0.00019620,-0.00000265,
0.00010694,-0.00009817,-0.00001876,0.00458857,0.01110809,0.00501206,-0.00022113,
0.00081847,0.00136609,-0.00004673,0.00001947,-0.00002813,-0.00002976,0.00001598,
-0.00002303,-0.00046455,0.00019478,0.00000891,-0.00004077,-0.01594404,0.46667803
,0.00079572,-0.00144917,0.00025004,0.00017309,0.00087636,0.00034991,-0.00058859,
0.00086156,0.00046738,-0.00034193,-0.00025246,-0.00050391,0.00004649,0.00010992,
-0.00002637,-0.00010462,0.00008498,-0.00007417,-0.00073952,0.00056931,0.00018954
,-0.00020130,0.00017130,0.00032622,0.00006969,-0.00050117,-0.00001920,0.00000557
,-0.00003385,0.00022891,0.00020411,-0.00007428,-0.00020123,0.00028017,-0.0006061
6,0.00063871,-0.00003971,0.00001644,0.00018220,0.00013909,-0.00012810,-0.0001237
0,-0.00031958,0.00023244,-0.00028760,0.00003855,0.00001805,0.00008924,0.00005005
,-0.00004854,-0.00000855,-0.00054860,0.00007860,0.00018129,-0.00010138,-0.000076
10,0.00001270,-0.01530881,-0.00900101,-0.00174185,-0.00002985,-0.00028885,0.0000
3066,-0.00180532,0.00015489,-0.00065444,0.00016829,0.00014103,0.00059091,-0.0001
0701,0.00037509,-0.00018381,-0.00006150,-0.00003388,-0.00016610,-0.00040190,0.00
079389,-0.00000367,-0.00129196,0.00056322,0.00103333,-0.00096709,-0.00009441,-0.
00074698,-0.00071436,-0.00198107,-0.00062442,0.00005309,-0.00002674,0.00000541,0
.00002590,0.00014429,0.00002805,0.00057344,-0.00006162,0.00007575,-0.18140327,-0
.01247792,0.01747688,0.43894384,-0.00085994,0.00076268,0.00013897,0.00024290,0.0
0044980,0.00093920,-0.00049720,-0.00171515,-0.00121518,-0.00002054,-0.00025156,-
0.00010316,0.00000009,0.00007995,0.00001927,0.00001940,-0.00001008,0.00005248,0.
00027457,-0.00013481,-0.00019189,-0.00037690,0.00007150,-0.00064470,-0.00032731,
0.00014777,-0.00023273,0.00003339,0.00005472,0.00010735,0.00037387,-0.00012690,0
.00003912,-0.00047340,0.00082252,-0.00075201,0.00014199,-0.00019029,0.00000203,-
0.00007774,0.00003652,0.00008067,0.00037759,-0.00034569,0.00048763,0.00000028,-0
.00000411,0.00000345,-0.00002638,0.00001035,0.00006479,-0.00031932,-0.00014994,0
.00011686,0.00021380,0.00012092,-0.00025625,-0.02342419,-0.00729753,-0.00021535,
-0.00026365,-0.00012171,0.00012959,-0.00121900,-0.00037011,0.00017829,0.00009919
,0.00004359,0.00004127,-0.00002164,0.00002271,0.00001599,0.00042928,-0.00004095,
0.00004946,-0.00007891,-0.00096701,-0.00038410,0.00020666,0.00045643,0.00043009,
-0.00110294,-0.00081966,0.00092135,-0.00244205,-0.00419199,-0.00182416,-0.000061
32,0.00000735,0.00000726,0.00001187,-0.00000718,-0.00000558,0.00007400,-0.000025
14,0.00001457,-0.01517291,-0.06533924,0.00208325,-0.00193111,0.51767425,0.000041
91,0.00025409,-0.00078918,-0.00014785,-0.00066188,0.00075398,-0.00008580,0.00015
712,0.00026243,0.00002648,0.00009023,0.00019335,0.00002569,-0.00004233,0.0000565
6,0.00005838,-0.00003652,0.00004734,0.00142723,-0.00148272,-0.00051990,0.0004413
2,0.00004953,-0.00058687,-0.00015652,0.00023564,-0.00028224,-0.00008318,0.000032
20,0.00010002,-0.00003886,-0.00012017,0.00024743,0.00009508,-0.00038894,-0.00044
275,-0.00012511,0.00023292,0.00006287,-0.00011987,-0.00013550,0.00006511,-0.0001
9489,0.00051966,0.00005769,-0.00000291,0.00005660,-0.00000002,0.00002816,0.00001
285,0.00001721,0.00011906,-0.00000956,-0.00015612,-0.00007467,0.00014762,-0.0001
0028,-0.01220045,-0.00382471,0.00077144,-0.00043294,0.00013853,-0.00015134,0.000
41890,-0.00013726,-0.00015096,0.00000937,0.00012431,0.00003130,0.00015073,-0.000
28251,0.00002508,0.00020739,0.00017470,-0.00001376,0.00000417,-0.00015075,-0.001
47986,0.00007069,0.00008842,0.00011860,-0.00027951,0.00042525,0.00051251,-0.0013
8825,-0.00257292,-0.00049696,0.00000648,0.00002552,-0.00000901,0.00003478,-0.000
02439,0.00000241,-0.00006468,0.00000940,-0.00008821,0.01546676,0.00190281,-0.066
22265,0.00554891,0.00103578,0.52692903,0.00022315,-0.00011576,-0.00005570,-0.000
52581,-0.00111940,0.00061349,-0.00012465,-0.00002422,0.00023985,-0.00005381,-0.0
0002700,0.00000873,-0.00000763,0.00001299,-0.00000105,-0.00000651,-0.00000119,-0
.00001225,-0.00002735,-0.00012627,-0.00014185,0.00072492,0.00008837,0.00036996,-
0.00007967,0.00023930,-0.00010797,-0.00004593,0.00003054,0.00005696,-0.00003036,
-0.00014096,-0.00037537,0.00008081,-0.00015537,-0.00006746,-0.00005195,0.0000170
4,0.00000197,-0.00002286,0.00001155,-0.00000973,-0.00016186,-0.00001322,0.000041
86,0.00000341,0.00000177,0.00001146,0.00001566,0.00000732,-0.00000540,-0.0003407
0,0.00012951,0.00021699,0.00010771,0.00010855,-0.00014455,0.00117657,-0.00100092
,-0.00690230,0.00076060,-0.00019537,-0.00060275,-0.00004628,0.00005228,-0.000004
26,0.00008266,0.00001587,0.00004182,0.00003802,0.00000597,-0.00001657,-0.0000537
4,-0.00001833,-0.00007387,-0.00012350,0.00015268,0.00002788,0.00007754,-0.000007
81,0.00010881,0.00020590,0.00041094,-0.00000481,0.00043473,-0.00015521,-0.000931
90,0.00002809,0.00000302,-0.00001122,0.00000282,0.00000191,0.00000589,0.00005459
,-0.00004379,-0.00003762,-0.06727267,-0.00151125,0.02217229,-0.01402987,-0.00396
749,0.02943110,0.52456000,-0.00014860,0.00021980,0.00019810,-0.00215621,-0.00389
431,0.00219053,-0.00052852,0.00026945,-0.00040508,-0.00018571,-0.00007883,-0.000
21307,-0.00001031,0.00000660,0.00000616,-0.00002340,0.00000036,0.00001730,-0.000
01583,-0.00009627,-0.00003621,-0.00112271,0.00014930,-0.00154592,-0.00018288,0.0
0167664,-0.00087552,0.00000370,0.00002964,0.00007049,0.00055328,-0.00046351,0.00
046416,0.00000478,0.00002359,0.00003438,0.00011247,0.00004403,0.00000397,0.00003
579,0.00001817,-0.00001370,0.00032979,-0.00009803,-0.00004633,0.00003978,0.00000
304,-0.00000228,-0.00001506,0.00002234,0.00000900,-0.00017800,-0.00010389,-0.000
04837,-0.00012089,-0.00010304,0.00006637,0.00186938,-0.00627695,-0.02680709,0.00
203263,-0.00062186,-0.00148432,0.00000257,-0.00003612,-0.00002545,0.00000151,-0.
00003761,-0.00000748,-0.00004390,0.00002791,-0.00000526,0.00001738,0.00001042,0.
00001885,0.00001734,-0.00000252,-0.00000494,0.00005457,0.00004631,-0.00000556,0.
00031610,-0.00034495,-0.00188097,0.00060426,0.00063457,-0.00013463,0.00001788,0.
00000170,0.00001748,0.00000116,-0.00000067,-0.00000428,0.00031356,-0.00010980,0.
00000400,-0.00014182,-0.06210111,0.00404413,-0.00244451,-0.00009620,0.00397632,0
.00323635,0.52513628,0.00005902,0.00009352,-0.00004562,-0.00118671,-0.00236165,0
.00130430,-0.00003316,-0.00007036,0.00010632,-0.00001177,-0.00010880,0.00005403,
0.00001383,0.00001475,-0.00001122,-0.00001082,0.00001058,-0.00000504,-0.00000097
,-0.00003349,-0.00006353,0.00047977,0.00015085,0.00047122,-0.00008291,0.00060277
,-0.00037750,-0.00004986,0.00005951,0.00008610,-0.00030412,0.00020455,-0.0003317
8,-0.00001939,-0.00000322,-0.00000370,0.00000251,-0.00007552,-0.00001344,-0.0000
5143,-0.00007217,-0.00002461,-0.00027577,0.00002298,0.00000316,0.00000782,0.0000
1446,-0.00000424,0.00002944,-0.00000026,0.00001133,-0.00002274,0.00008110,-0.000
02251,0.00006935,-0.00000005,-0.00011350,0.00071573,-0.00960452,-0.02062860,0.00
111504,-0.00032642,-0.00113569,-0.00003511,0.00003745,0.00006947,0.00006766,0.00
003894,-0.00000306,0.00003838,-0.00000304,-0.00003909,0.00002860,-0.00000891,-0.
00003121,-0.00014138,0.00001571,-0.00005047,0.00004592,-0.00001708,-0.00000230,-
0.00030521,0.00029285,-0.00113275,0.00045215,0.00094511,0.00072328,0.00001280,-0
.00000809,-0.00002620,0.00000573,0.00000848,-0.00000496,0.00004790,-0.00001655,-
0.00000077,0.02401799,0.00756040,-0.17408496,0.00757658,0.00205369,-0.01114237,0
.01345770,-0.00112129,0.44256517,0.00001297,0.00007931,0.00014674,-0.00055862,0.
00035896,0.00037022,-0.00027061,0.00003262,0.00004448,-0.00016270,-0.00004548,-0
.00015105,-0.00001806,0.00001277,0.00000973,-0.00000905,0.00000041,0.00000554,-0
.00003595,-0.00002135,-0.00008787,0.00051927,0.00051369,-0.00072487,0.00082728,-
0.00054594,-0.00053377,0.00000683,-0.00000479,0.00003162,0.00039487,-0.00042028,
0.00050107,0.00003574,0.00006146,-0.00011495,0.00006190,0.00000535,-0.00000488,0
.00001721,0.00005730,-0.00000369,-0.00005892,0.00001077,0.00012199,0.00002979,0.
00000032,0.00001123,-0.00000952,0.00001557,-0.00000631,-0.00020890,-0.00001104,0
.00006180,0.00000910,-0.00004298,-0.00001587,0.00259520,-0.00226246,0.00200490,0
.00048371,-0.00031063,-0.00009232,-0.00022285,-0.00003400,0.00003348,0.00002592,
-0.00002360,0.00003962,-0.00003679,0.00004827,-0.00000599,0.00003230,-0.00004551
,-0.00002471,-0.00002510,-0.00001548,0.00004706,0.00009161,0.00009655,0.00008247
,0.00004305,-0.00232302,-0.00027416,0.00065624,-0.00107579,0.00006881,0.00002686
,0.00001327,0.00001527,0.00000628,-0.00000419,0.00000636,0.00020988,-0.00005562,
0.00000233,-0.09534058,0.04811844,-0.02603725,-0.02296477,0.02218607,-0.00971934
,0.00091568,-0.00051644,-0.00106205,0.50573751,0.00006689,0.00013520,0.00010647,
-0.00063373,0.00119133,-0.00018207,0.00011987,-0.00036856,0.00014612,-0.00003000
,-0.00009644,0.00004784,0.00000036,0.00001704,-0.00000856,-0.00000424,0.00000402
,0.00000803,0.00003742,-0.00008218,-0.00005762,0.00059312,-0.00082001,-0.0002752
8,0.00044178,-0.00325857,-0.00218672,-0.00006637,0.00006143,0.00006987,0.0004764
3,-0.00007533,0.00060050,-0.00009872,0.00004121,-0.00004371,-0.00000520,-0.00003
350,-0.00002163,-0.00004714,-0.00004391,-0.00002399,0.00001668,-0.00005324,0.000
00639,0.00000796,0.00000214,-0.00000302,0.00001481,0.00000058,0.00000509,-0.0004
3797,0.00003172,0.00016170,0.00014670,0.00001965,-0.00023811,0.00990242,-0.02604
464,0.00652300,0.00040766,-0.00039048,0.00006525,-0.00005156,0.00001191,0.000088
07,0.00005843,0.00002351,-0.00000312,0.00002583,0.00000310,-0.00002446,-0.000013
51,0.00000642,-0.00003643,-0.00012032,0.00002651,-0.00003258,0.00007067,-0.00000
262,-0.00000070,-0.00127928,-0.00550469,-0.00149951,0.00112197,0.00042716,0.0004
7401,0.00001109,0.00000503,-0.00001342,-0.00000105,0.00000636,-0.00000984,0.0001
3381,-0.00005239,-0.00008676,0.04893303,-0.13717049,0.04038060,0.00350385,-0.000
37171,-0.00001924,0.00350317,-0.00501379,0.00676344,0.03015645,0.47967803,0.0000
6407,0.00005161,0.00001960,-0.00067276,0.00054421,-0.00129363,-0.00011585,-0.000
00395,0.00001016,-0.00005162,-0.00001723,0.00000647,-0.00000028,-0.00000187,0.00
000370,-0.00000243,0.00000166,0.00000851,0.00000772,-0.00002621,0.00003789,0.000
57613,0.00004539,-0.00091739,0.00085409,-0.00331132,-0.00135565,-0.00002266,0.00
000106,0.00001164,0.00035233,-0.00033347,0.00071677,0.00002537,-0.00011880,0.000
02106,-0.00000304,0.00003671,0.00000785,0.00000321,-0.00000842,-0.00000476,0.000
06903,0.00002932,-0.00005433,0.00001261,0.00000817,-0.00000439,-0.00000039,0.000
00741,-0.00000194,-0.00004625,-0.00003894,-0.00005923,-0.00001218,-0.00000804,0.
00003051,0.00429141,-0.00573594,0.00424923,0.00018759,-0.00047089,0.00008314,0.0
0002460,0.00001006,0.00000450,0.00000558,0.00000801,-0.00000248,0.00001751,-0.00
001384,-0.00000256,-0.00000843,0.00001758,-0.00001485,0.00000491,0.00001962,-0.0
0003925,-0.00002417,0.00000891,-0.00002537,-0.00065430,-0.00266063,-0.00010350,0
.00017521,-0.00015023,0.00018927,0.00001034,0.00000592,0.00000452,0.00000096,-0.
00000518,-0.00000012,0.00005584,-0.00003052,-0.00003986,-0.02574545,0.03724416,-
0.08377380,0.00106626,-0.00122345,0.00114645,-0.01426495,0.02391097,-0.02114444,
-0.01206399,0.02446431,0.52594999,0.00288531,-0.00436375,-0.00094298,-0.00097649
,0.00045502,-0.00105313,0.00163842,-0.00081867,-0.00088932,0.00052880,-0.0002851
0,0.00021619,0.00016441,-0.00008557,-0.00019716,0.00006688,-0.00005390,-0.000341
42,0.00011850,0.00023672,0.00064052,-0.00129366,-0.00147642,0.00132683,0.0002356
3,-0.00022888,0.00037756,0.00020652,-0.00070604,-0.00005909,-0.00051145,0.000755
37,-0.00026782,-0.00108352,0.00151270,-0.00055375,-0.00006898,0.00004705,0.00070
491,0.00005977,-0.00036633,0.00024076,0.00046272,0.00119715,-0.00136419,-0.00009
549,0.00001715,0.00026176,0.00008766,-0.00029985,0.00010942,0.00056072,-0.000321
15,-0.00000382,-0.00029105,-0.00023985,0.00068093,0.00009452,0.00151263,0.000031
13,0.00017663,-0.00009927,-0.00015903,-0.00449314,0.00069984,0.00088156,-0.00010
150,0.00077795,-0.00009785,0.00026108,0.00021700,-0.00032614,0.00013413,0.000067
13,-0.00065837,-0.00138365,0.00144814,0.00273295,-0.00476964,-0.00162929,0.00027
715,0.00001579,0.00008127,0.00056413,0.00039894,0.00034074,0.00003199,-0.0000617
3,-0.00023904,-0.00003284,0.00023153,0.00024160,-0.00006865,-0.00095740,-0.00031
663,-0.00029117,-0.01932903,0.02400647,-0.00466947,-0.08528475,0.09054293,-0.015
67326,0.00023197,0.00017994,-0.00057137,-0.00584809,-0.00034159,0.00106243,0.110
85845,-0.00406458,0.00179610,0.00010593,0.00056914,-0.00023236,0.00032098,-0.000
90126,-0.00062040,-0.00063400,-0.00014783,0.00062800,-0.00005326,-0.00003455,-0.
00004189,0.00000771,0.00004178,-0.00003312,0.00023325,0.00076039,0.00025093,-0.0
0017455,-0.00041602,0.00013139,0.00015590,-0.00003388,0.00005552,-0.00001806,-0.
00001554,0.00044749,-0.00027323,-0.00026454,0.00003408,0.00005089,0.00211013,-0.
00167318,0.00155739,-0.00010246,0.00032331,-0.00050443,-0.00017885,0.00015734,-0
.00013131,0.00101414,-0.00060887,0.00210971,-0.00019085,0.00003203,-0.00031920,-
0.00012729,0.00007278,-0.00001813,0.00046089,-0.00008380,-0.00015947,0.00058279,
-0.00073724,0.00013486,-0.00053463,0.00015937,-0.00008356,-0.00052678,0.00005538
,-0.00015284,0.00225232,-0.00008123,0.00012699,-0.00092710,-0.00009411,0.0000484
3,-0.00036820,-0.00026305,0.00020903,-0.00013945,0.00009126,0.00071123,0.0019995
8,-0.00087684,-0.00177982,-0.00137300,-0.00003960,-0.00045710,-0.00333069,-0.001
74922,-0.00032560,0.00010417,-0.00007956,0.00011488,-0.00012706,0.00013265,0.000
09528,-0.00029474,-0.00009637,0.00003961,0.00055266,0.00046458,0.00031032,0.0023
6540,0.00174415,-0.00021792,0.08896287,-0.21428953,0.02820842,-0.00025118,0.0000
0150,-0.00015039,0.00003161,0.00040091,-0.00025828,-0.10152944,0.24888789,-0.000
52019,0.00020953,-0.00147417,-0.00139871,0.00083740,-0.00012620,-0.00035681,-0.0
0201865,0.00051128,0.00007839,-0.00005654,-0.00010047,-0.00015544,-0.00001239,-0
.00001454,0.00002775,-0.00009805,-0.00001168,0.00086019,0.00004593,-0.00315096,-
0.00001013,0.00002272,0.00027840,0.00027657,-0.00033823,0.00006375,-0.00004913,-
0.00013920,-0.00010376,0.00025624,-0.00001517,-0.00034386,-0.00086965,0.00166845
,-0.00018488,-0.00031143,-0.00008921,-0.00005005,0.00001954,-0.00003020,0.000128
73,-0.00089495,0.00158709,-0.00247340,-0.00019113,0.00001076,-0.00006457,0.00005
413,-0.00006281,-0.00006650,-0.00027783,0.00010975,0.00028942,0.00053304,0.00016
120,0.00010049,-0.00073515,0.00035029,0.00013814,0.00062498,-0.00012083,-0.00032
027,0.00102070,0.00030462,0.00051883,0.00013588,-0.00008109,0.00002563,-0.000096
72,-0.00005146,-0.00012471,0.00050191,-0.00055586,-0.00033385,0.00118849,-0.0002
9742,-0.00117441,-0.00006319,0.00002718,0.00118000,0.00014305,-0.00011240,0.0003
6601,0.00004896,-0.00005285,-0.00011783,-0.00002318,0.00013520,-0.00006596,-0.00
010394,0.00006094,-0.00000518,0.00006955,0.00008625,0.00000986,0.00076177,-0.002
74003,0.00079054,-0.01416589,0.02723646,-0.04799759,0.00050262,-0.00033370,0.000
27085,-0.00023173,0.00006595,0.00040528,0.01710640,-0.03433967,0.05834393,-0.000
09909,-0.00008585,-0.00000609,-0.00042167,0.00014192,0.00081268,-0.00025818,0.00
006422,-0.00003733,-0.00007248,-0.00001919,0.00001042,-0.00002654,-0.00004162,-0
.00000448,0.00001418,-0.00002539,-0.00001702,-0.00011996,-0.00001779,-0.00012166
,-0.00000009,0.00012036,-0.00044173,0.00000476,0.00015408,-0.00016294,0.00005134
,-0.00001148,-0.00007875,0.00014688,-0.00020180,0.00020902,0.00003227,0.00003727
,-0.00005064,0.00008495,0.00002666,0.00000718,-0.00005612,-0.00000424,-0.0000135
1,0.00011009,0.00006583,0.00007290,-0.00001244,0.00003160,-0.00001089,-0.0000153
2,0.00000566,-0.00002644,-0.00000568,-0.00001424,-0.00003667,-0.00001880,-0.0001
3903,0.00004382,-0.00620215,-0.00067422,0.00001977,0.00020567,-0.00010753,-0.000
04600,0.00000249,0.00012104,0.00019012,-0.00001488,-0.00003229,-0.00005783,-0.00
000391,0.00001202,-0.00003170,-0.00004384,-0.00001418,-0.00008281,0.00001094,0.0
0011948,0.00035579,-0.00072855,0.00055080,0.00026217,0.00017687,0.00042792,0.000
28236,-0.00074567,-0.00151635,-0.00057644,0.00002136,0.00002848,0.00002382,-0.00
002136,0.00000555,-0.00000360,0.00007596,-0.00004802,0.00000939,-0.01486466,-0.0
2217523,-0.01852402,-0.06703480,-0.05316193,-0.05120545,0.00085549,-0.00051955,-
0.00131194,0.00012374,-0.00076638,0.00012604,0.00506724,0.00942136,0.00862172,0.
08188351,-0.00009247,0.00065699,0.00044650,0.00013471,-0.00017267,0.00051836,-0.
00032161,0.00012254,-0.00018209,-0.00031874,-0.00001023,-0.00022812,-0.00000455,
0.00003520,0.00004441,-0.00003186,0.00004070,0.00007674,0.00007249,-0.00029101,0
.00003126,0.00025251,0.00042607,-0.00068132,-0.00007738,0.00010645,-0.00015330,-
0.00006218,0.00012611,0.00010943,0.00019045,-0.00028233,0.00028667,0.00020256,-0
.00022353,-0.00009777,-0.00001322,0.00001339,-0.00000468,0.00001683,0.00004020,0
.00000757,-0.00001125,-0.00052157,0.00011904,0.00010463,-0.00002646,0.00001957,-
0.00001096,0.00004266,0.00001035,-0.00013094,0.00003457,-0.00006134,-0.00005292,
0.00008155,0.00003053,-0.00210199,-0.00008899,0.00001097,0.00004159,-0.00014394,
0.00003480,-0.00020495,-0.00027323,-0.00039167,0.00001516,0.00003802,0.00013638,
-0.00007031,0.00002646,-0.00001138,-0.00005398,0.00016389,0.00007695,0.00006373,
-0.00005430,-0.00045416,0.00105934,-0.00012723,-0.00013931,-0.00030455,-0.000068
83,-0.00004071,-0.00010471,-0.00035086,-0.00014502,0.00003462,0.00000539,0.00001
332,0.00003164,-0.00002770,0.00000999,0.00030685,-0.00003240,0.00008731,-0.00494
473,-0.00472648,-0.00317818,-0.05319206,-0.15365379,-0.10424973,0.00048639,0.000
50244,-0.00023849,0.00046002,0.00040837,0.00006416,-0.00864390,-0.02338669,-0.01
972759,0.06439794,0.17534293,-0.00007805,0.00034003,0.00025586,0.00031549,0.0000
2359,0.00013367,-0.00031235,0.00025341,-0.00011865,-0.00023434,-0.00000836,-0.00
023563,-0.00001467,0.00001069,0.00004692,-0.00001882,0.00003737,0.00006396,-0.00
018471,0.00009829,0.00012975,0.00021680,0.00037528,-0.00054301,-0.00006941,-0.00
004526,-0.00003964,0.00000233,-0.00000262,0.00000410,0.00018492,-0.00031219,0.00
023331,0.00002049,0.00000050,-0.00007353,0.00003853,-0.00000653,0.00000239,0.000
04644,0.00005326,-0.00000067,-0.00000569,-0.00003671,0.00012699,0.00002756,-0.00
001504,0.00001843,-0.00000896,0.00001962,-0.00001721,-0.00007513,0.00001548,-0.0
0000224,-0.00003157,-0.00003671,0.00002181,0.00022635,0.00048011,0.00038705,-0.0
0015797,-0.00007940,0.00003523,-0.00009333,-0.00010804,-0.00040876,0.00006145,-0
.00000153,0.00014061,-0.00007026,-0.00000513,-0.00006423,0.00015136,-0.00001422,
0.00007946,0.00001643,-0.00023067,-0.00034381,0.00067964,-0.00035067,0.00036222,
-0.00001329,-0.00010039,0.00006894,0.00006380,0.00003934,0.00009439,0.00004079,0
.00002995,0.00001386,0.00001931,-0.00001331,0.00002345,0.00026269,-0.00006159,0.
00008147,-0.00086414,0.00037739,0.00106505,-0.05167137,-0.10406721,-0.14216800,0
.00146101,0.00094082,0.00053224,-0.00002507,-0.00018451,-0.00006682,0.00118668,0
.00161853,0.00244732,0.05893408,0.12198528,0.16361707,0.00016442,-0.00026410,-0.
00005000,0.00009514,-0.00149473,0.00023410,0.00029010,-0.00001830,0.00005923,0.0
0014020,0.00004232,0.00020606,0.00002167,-0.00003466,-0.00000374,0.00004490,-0.0
0001147,-0.00000797,0.00017695,0.00128599,0.00093483,-0.00027328,-0.00016055,0.0
0035766,-0.00013715,0.00092811,-0.00037122,0.00004580,0.00001035,-0.00006688,-0.
00014108,0.00020660,-0.00013848,-0.00012603,0.00009957,-0.00012850,0.00003022,-0
.00000278,0.00006802,-0.00007544,-0.00009537,0.00000187,0.00001398,-0.00004056,0
.00016707,0.00003059,0.00000932,0.00003237,-0.00001797,-0.00001597,0.00000017,0.
00011016,-0.00001019,-0.00002144,-0.00005703,-0.00003087,-0.00001030,0.00014318,
0.00031051,0.00009838,-0.00021551,0.00024356,-0.00012534,-0.00029236,0.00004950,
0.00013412,-0.00012188,0.00011333,-0.00011754,0.00001308,-0.00001494,0.00001769,
-0.00001727,0.00017215,0.00005600,-0.00064099,0.00057077,0.00036146,-0.00024281,
0.00012921,-0.00061701,0.00013549,0.00027398,-0.00001432,0.00008195,0.00008727,-
0.00009887,-0.00000768,-0.00000619,0.00001684,0.00005044,-0.00001297,-0.00001433
,-0.00019273,-0.00002150,-0.00003795,-0.00965386,-0.00893297,0.02834821,-0.04682
400,-0.01372060,0.03614427,-0.00598336,-0.00108707,0.00156863,0.00112417,-0.0006
1900,0.00094753,0.00233345,0.00491977,-0.01284061,0.00226914,0.00282994,-0.01038
145,0.05873432,-0.00061919,0.00030700,-0.00005654,-0.00142966,-0.00038954,0.0002
4581,0.00006726,-0.00123277,0.00035007,-0.00004143,-0.00003028,-0.00001866,-0.00
008041,0.00003823,-0.00001776,-0.00002020,-0.00003856,-0.00001285,0.00130421,-0.
00177348,-0.00180296,-0.00004509,0.00008815,0.00013850,0.00020951,0.00017953,-0.
00021064,-0.00008587,0.00009189,-0.00004473,0.00017832,0.00001629,-0.00022514,0.
00025673,-0.00009586,0.00024931,-0.00009263,-0.00005288,-0.00010999,-0.00002715,
0.00007575,-0.00002865,-0.00003512,-0.00014043,-0.00021848,-0.00005915,-0.000015
42,-0.00005385,-0.00000167,0.00001004,-0.00001489,-0.00019061,0.00008143,0.00010
775,0.00020179,0.00011398,-0.00007845,-0.00005370,0.00010825,0.00014812,0.000718
00,0.00001030,-0.00030032,0.00009413,0.00016797,0.00011502,-0.00004138,-0.000053
07,0.00003866,-0.00006714,0.00010038,0.00001597,-0.00007086,-0.00019866,-0.00014
299,0.00071628,-0.00025113,0.00009411,0.00010517,0.00006926,0.00021789,-0.000090
52,-0.00040762,-0.00015910,0.00010692,0.00003233,-0.00010601,-0.00001817,0.00003
856,-0.00000828,-0.00010063,0.00000477,-0.00001370,0.00005576,0.00008960,0.00005
255,-0.00209240,-0.00104732,0.00489402,-0.01350932,-0.06941234,0.07435085,-0.000
55871,0.00025460,-0.00004720,0.00091233,0.00032618,-0.00059499,-0.00269899,-0.01
137233,0.02818567,0.00253139,0.00624638,-0.02171903,0.01409571,0.07774149,0.0002
6788,-0.00033454,-0.00034080,0.00031323,0.00016522,0.00021096,0.00004120,0.00069
178,-0.00018425,-0.00003881,0.00002123,-0.00019807,0.00005228,-0.00004227,-0.000
02342,0.00001702,-0.00003677,-0.00003292,0.00066299,-0.00091254,0.00033402,0.000
05353,-0.00008355,-0.00018937,-0.00005682,-0.00025168,-0.00000523,0.00000077,-0.
00014967,0.00011291,-0.00013977,0.00003274,0.00020248,-0.00003026,0.00002757,-0.
00009772,0.00000658,0.00016863,0.00010009,0.00007738,-0.00009067,0.00003785,0.00
004009,0.00005300,-0.00003635,0.00001035,0.00002246,0.00000147,0.00002545,-0.000
02925,0.00004165,0.00017130,-0.00008238,-0.00012960,-0.00019951,-0.00005345,0.00
012684,-0.00002448,0.00012465,0.00009757,-0.00024410,-0.00013084,0.00004765,0.00
001082,-0.00003670,0.00023054,-0.00007576,-0.00002417,-0.00012719,0.00003333,-0.
00013688,0.00000805,0.00012297,0.00005552,0.00007360,0.00091696,-0.00085073,-0.0
0040582,-0.00050649,0.00013167,-0.00060849,-0.00002173,0.00019537,0.00002663,-0.
00012573,-0.00011061,-0.00000221,-0.00002619,-0.00003725,-0.00000224,0.00002622,
0.00000869,-0.00000637,0.00003275,0.00003182,0.00006391,0.00523727,0.00226603,-0
.00694818,0.03541470,0.07290065,-0.25466573,0.00242213,0.00072129,-0.00008207,-0
.00097751,0.00010793,0.00082750,0.00010849,0.00401181,-0.00718803,0.00189762,0.0
0509746,-0.02623861,-0.04546053,-0.08291756,0.29456973,-0.00001689,0.00001790,-0
.00000309,0.00015309,0.00009164,0.00006260,-0.00000373,0.00004704,0.00003123,0.0
0001066,0.00001570,0.00004186,-0.00000118,-0.00000845,0.00000016,0.00000575,-0.0
0000767,-0.00000106,-0.00000158,0.00000830,0.00000141,-0.00024637,0.00002382,-0.
00013030,-0.00002443,0.00002783,-0.00005764,-0.00000278,-0.00001830,-0.00002932,
0.00011351,-0.00010627,0.00006455,-0.00003611,-0.00002722,0.00000647,-0.00000701
,0.00001599,0.00000335,-0.00000588,-0.00000011,0.00000113,0.00009111,0.00006992,
0.00001490,-0.00000238,0.00001196,-0.00000216,0.00000487,0.00000200,-0.00000969,
-0.00000411,-0.00002094,0.00001089,0.00003200,-0.00002215,-0.00001404,0.00014152
,0.00037052,0.00040951,-0.00001500,-0.00005739,-0.00006399,0.00000202,0.00001636
,0.00002427,-0.00001394,-0.00000518,-0.00001152,0.00000618,-0.00000705,0.0000074
4,-0.00000472,-0.00000290,-0.00000711,0.00002085,-0.00000694,0.00000501,-0.00002
577,0.00002390,0.00002144,0.00002815,0.00006630,0.00039547,0.00011970,0.00000069
,0.00008016,0.00000962,0.00000282,-0.00000344,-0.00000413,-0.00000294,0.00000414
,-0.00001234,-0.00003257,-0.00003711,0.00078466,0.00407126,0.00160402,0.00043192
,0.00073127,0.00088249,-0.05347449,-0.04229340,-0.01913918,0.00018008,-0.0000460
9,-0.00040545,-0.00007636,-0.00001106,-0.00002227,-0.00062258,-0.00013070,0.0005
1832,-0.00005390,-0.00006466,-0.00010089,0.05935865,0.00011850,0.00014479,0.0002
0316,-0.00020745,-0.00018188,0.00090188,-0.00030359,0.00015638,0.00011301,-0.000
13296,-0.00001853,-0.00001776,-0.00001013,-0.00000184,0.00001371,-0.00001001,0.0
0000299,0.00001830,-0.00003598,-0.00003559,-0.00001424,-0.00006246,0.00065961,-0
.00004782,-0.00007021,0.00025898,-0.00033079,-0.00005431,0.00005259,0.00004362,0
.00023246,-0.00023388,-0.00000296,0.00005695,-0.00005058,-0.00003760,-0.00002240
,-0.00001379,-0.00001622,-0.00000215,0.00001290,-0.00002660,-0.00006450,-0.00018
271,-0.00005053,0.00004563,0.,-0.00000423,0.00000510,0.00001566,-0.00001763,-0.0
0028193,0.00009926,0.00007418,0.00003143,0.00005566,-0.00007487,0.00036610,-0.00
011396,-0.00122294,0.00033605,-0.00016243,-0.00028908,-0.00002868,-0.00004341,-0
.00003797,0.00002856,-0.00000463,0.00000277,-0.00000331,0.00000727,-0.00001644,-
0.00002049,0.00002974,-0.00000342,-0.00002876,0.00001489,-0.00004161,0.00005138,
0.00000012,-0.00001170,-0.00018518,-0.00008704,-0.00040418,0.00025487,0.00008311
,0.00013547,0.00004149,0.00001144,-0.00000016,0.00001153,-0.00001555,0.00000539,
0.00018588,-0.00010017,-0.00004764,-0.00022212,-0.00213676,-0.00365224,-0.000134
81,0.00011687,0.00051847,-0.04231724,-0.23161977,-0.08503116,0.00012949,0.000739
06,0.00135030,-0.00010480,-0.00008546,-0.00000376,0.00049463,0.00053592,0.000015
58,-0.00003016,0.00004317,0.00024563,0.04985425,0.26894565,0.00001122,0.00021519
,0.00019261,-0.00090895,-0.00138758,0.00121252,-0.00030068,0.00014903,-0.0000988
3,-0.00017862,-0.00004520,-0.00010296,-0.00001118,0.00000043,0.00001226,-0.00001
520,0.00001117,0.00002312,-0.00004780,-0.00005395,-0.00001353,0.00002908,0.00014
731,-0.00041958,-0.00004505,0.00059811,-0.00037105,-0.00001258,0.00001100,0.0000
2088,0.00026791,-0.00027130,0.00018837,0.00002170,-0.00006604,-0.00002173,0.0000
3707,0.00001497,0.00000135,-0.00000527,0.00001561,-0.00000058,0.00008129,-0.0000
2630,0.00002575,0.00002062,0.00000317,0.00000144,-0.00000472,0.00001629,-0.00000
977,-0.00021708,-0.00001235,0.00004634,0.00004244,-0.00005093,-0.00002186,0.0010
5925,-0.00086005,-0.00739776,0.00085770,-0.00028884,-0.00059711,-0.00000078,-0.0
0003415,-0.00003553,0.00002644,-0.00002070,0.00000005,-0.00002555,0.00002637,-0.
00001940,0.00001507,0.00001311,-0.00000056,-0.00000073,-0.00000157,-0.00004187,0
.00005160,-0.00000832,0.00001138,0.00001429,0.00084360,0.00013309,0.00017863,0.0
0025802,0.00010823,0.00002663,0.00001461,0.00000639,0.00000059,-0.00001041,0.000
00894,0.00016999,-0.00005168,0.00002531,-0.00537022,-0.02658095,-0.01785283,-0.0
0096952,-0.00033272,0.00037163,-0.01947271,-0.08579478,-0.08010862,0.00009044,-0
.00117839,0.00091894,-0.00002386,0.00013595,-0.00002901,0.00085239,0.00028014,0.
00015637,-0.00014110,0.00000604,0.00021439,0.02212043,0.09937748,0.09573270,0.00
006116,0.00023571,0.00015120,-0.00026254,-0.00006487,0.00026297,-0.00020557,-0.0
0020718,0.00000154,-0.00010192,-0.00015036,-0.00011873,-0.00000435,0.00001994,0.
00000029,-0.00000836,0.00000680,-0.00000081,0.00000482,-0.00004150,-0.00008091,-
0.00151167,0.00083489,0.00097473,0.00014933,0.00004033,-0.00016402,-0.00000233,0
.00007066,0.00008563,0.00024354,-0.00006029,-0.00015841,-0.00001288,-0.00007767,
-0.00004590,0.00002667,-0.00000080,0.00002042,-0.00003681,-0.00005252,-0.0000319
5,0.00007477,-0.00007610,0.00002210,0.00003962,0.00000434,0.00001441,0.00000422,
0.00000620,0.00001326,-0.00025549,-0.00005570,0.00008890,0.00001188,0.00000857,-
0.00013597,0.00037896,-0.00017553,-0.00077684,0.00025150,-0.00002895,-0.00019637
,-0.00000083,-0.00000025,0.00000221,0.00008696,-0.00001590,-0.00000226,0.0000009
5,0.00000916,-0.00003585,0.00002773,-0.00001319,-0.00002677,-0.00009740,0.000008
34,-0.00006801,0.00008678,0.00002351,0.00001899,0.00006772,0.00036179,-0.0000957
7,0.00053038,0.00021271,0.00013321,0.00000255,0.00000668,0.00000367,0.00001649,0
.00000727,-0.00000236,0.00019713,0.00002490,0.00006334,-0.00972566,-0.00176070,0
.00522500,-0.00035861,-0.00047643,0.00283656,-0.26863446,-0.05105277,0.03320453,
0.00055686,0.00018363,-0.00087089,0.00019332,-0.00019765,-0.00010955,0.00034907,
0.00035120,0.00016957,-0.00057802,-0.00001935,0.00025881,-0.00987501,-0.00457284
,-0.00011425,0.31095426,-0.00000402,-0.00009050,-0.00005909,-0.00014488,0.000036
55,-0.00011558,0.00000384,0.00000028,0.00002586,0.00006070,0.00001240,0.00004520
,0.00000446,0.00000618,-0.00000580,0.00000075,0.00000513,-0.00000574,-0.00000162
,-0.00000445,-0.00000411,0.00159887,-0.00051052,-0.00073196,0.00009478,-0.000144
30,0.00011624,0.00000832,0.00000097,-0.00001381,-0.00043819,0.00024379,-0.000010
57,0.00002187,0.00004320,0.00000619,0.00000769,-0.00003665,-0.00002381,0.0000033
7,0.00000198,0.00000470,-0.00014956,0.00002860,0.00002170,-0.00001966,-0.0000095
8,-0.00000079,-0.00000318,-0.00000904,0.00000786,0.00010471,0.00005009,-0.000067
23,-0.00000301,-0.00000613,0.00005287,0.00073104,0.00041968,-0.00051375,0.000075
21,-0.00005034,-0.00000728,-0.00000131,0.00000699,-0.00000546,-0.00000055,0.0000
1300,0.00001641,0.00001040,-0.00000347,0.00000199,-0.00000986,-0.00000067,-0.000
00780,-0.00000850,0.00001554,0.00001518,0.00000444,-0.00002583,0.00000394,-0.000
23779,-0.00018222,0.00015776,-0.00007642,0.00013418,-0.00040811,-0.00002081,-0.0
0000740,-0.00000042,-0.00000178,0.00000440,-0.00000192,-0.00008918,0.00005253,0.
00000264,-0.00148869,-0.00041405,0.00046195,-0.00016797,0.00044817,0.00027494,-0
.05189913,-0.05600934,0.00820769,-0.00061585,0.00002615,0.00024815,-0.00005405,0
.00003687,0.00011288,0.00012122,0.00002215,0.00007047,-0.00000641,0.00021635,0.0
0000092,-0.03053976,-0.00951497,0.00226485,0.06006129,0.06246944,-0.00006220,-0.
00002966,-0.00003219,0.00027759,0.00009106,-0.00036596,0.00021674,0.00001482,-0.
00014211,0.00005135,0.00005676,0.00005074,-0.00000053,-0.00000674,0.00000336,-0.
00000108,0.00000631,0.00001098,-0.00000688,0.00006043,0.00008157,0.00047938,-0.0
0045699,0.00018806,-0.00010536,-0.00008063,0.00020603,0.00000530,-0.00001604,-0.
00004158,-0.00023512,0.00019953,-0.00009142,-0.00000494,-0.00002722,0.00001946,-
0.00001036,0.00003163,0.00002684,-0.00000147,-0.00000233,0.00001389,0.00010502,-
0.00003564,-0.00004001,0.00000192,0.00000167,0.00000004,-0.00000556,0.00000177,-
0.00000024,0.00014179,-0.00000863,-0.00004758,-0.00003916,-0.00001224,0.00005789
,0.00092646,0.00059267,0.00106884,-0.00029686,0.00013298,0.00023568,0.00003560,-
0.00003408,-0.00002103,-0.00002670,-0.00000265,-0.00001317,-0.00002139,-0.000000
35,0.00001368,0.00001922,0.00000140,0.00003705,0.00006346,-0.00005335,-0.0000130
1,-0.00003319,0.00000043,-0.00006040,-0.00012510,0.00013396,-0.00006980,-0.00043
270,-0.00045985,-0.00065392,-0.00000834,0.00000572,0.00000099,-0.00000252,-0.000
00013,-0.00000076,-0.00011303,0.00002528,0.00001545,0.02847728,0.00604682,-0.007
61833,0.00202374,0.00073697,-0.00598599,0.03384426,0.00806089,-0.04781098,0.0007
9321,-0.00052738,0.00053928,-0.00003293,0.00006602,-0.00005321,-0.00025813,-0.00
002243,-0.00014816,0.00174332,0.00015714,-0.00045460,-0.01232009,-0.00354172,0.0
0217548,-0.04017915,-0.00936861,0.05707196,0.00004175,-0.00016227,-0.00015392,-0
.00028522,0.00029702,-0.00004248,-0.00003708,0.00011258,-0.00013582,0.00005888,0
.00004013,0.00002665,-0.00001417,-0.00001201,0.00000198,0.00001086,-0.00000733,-
0.00000599,-0.00001231,0.00000981,-0.00000207,0.00076246,-0.00078080,-0.00144027
,0.00012393,-0.00024566,0.00011320,0.00004518,-0.00007712,-0.00006690,-0.0000211
9,0.00000379,0.00056021,-0.00018162,0.00044003,0.00008192,0.00004770,-0.00008567
,-0.00005058,0.00004459,0.00000801,0.00002265,-0.00036153,0.00009923,0.00003201,
-0.00004173,-0.00001438,-0.00000325,-0.00000061,-0.00002305,-0.00001367,0.000367
38,-0.00003230,-0.00020802,-0.00004430,-0.00010683,0.00020663,-0.00012868,0.0001
8984,-0.00037868,0.00018126,-0.00020498,0.00003470,-0.00000551,0.00004522,-0.000
00925,-0.00002027,-0.00002286,-0.00001382,-0.00002384,-0.00000543,0.00000677,0.0
0005120,-0.00002215,0.00000272,0.00004281,0.00003596,0.00004651,-0.00003586,-0.0
0002830,0.00002229,0.00033553,0.00002492,0.00040966,-0.00009238,0.00013863,-0.00
002831,-0.00001526,0.00000058,-0.00000372,0.00000253,0.00000549,-0.00000084,-0.0
0009962,0.00001186,-0.00001645,0.00199429,-0.00256355,0.00046931,0.00048505,-0.0
0068459,0.00085460,-0.11904716,0.09207526,-0.05810933,0.00042601,-0.00016501,0.0
0030673,0.00013773,-0.00002086,0.00032427,0.00003866,-0.00012380,0.00002765,-0.0
0009083,0.00000688,0.00004558,0.00326624,-0.00318067,0.00215541,-0.02403365,0.02
369594,-0.01386939,0.13634221,-0.00002314,-0.00015336,-0.00011936,0.00044385,-0.
00040595,-0.00008830,0.00015983,-0.00009918,0.00022804,0.00016988,0.00005657,0.0
0021693,0.00001792,-0.00000080,-0.00001948,0.00001230,-0.00000146,-0.00000523,0.
00004234,-0.00000571,0.00003511,-0.00042853,-0.00109420,0.00012056,-0.00012155,0
.00024390,0.00006516,-0.00002528,-0.00003743,-0.00008466,-0.00032872,0.00018131,
-0.00012789,-0.00003350,-0.00015231,0.00003646,-0.00008328,0.00001901,0.00000406
,-0.00002536,-0.00001248,-0.00000052,0.00006764,0.00033695,0.00003154,-0.0000416
0,0.00001419,-0.00000486,0.00001487,-0.00001165,-0.00000270,0.00032471,-0.000066
77,-0.00016318,0.00006420,0.00002180,-0.00002893,0.00019225,-0.00027170,0.000111
16,-0.00029115,0.00025131,-0.00005032,-0.00000966,0.00004421,0.00007970,-0.00002
922,0.00005367,0.00002754,0.00006022,-0.00003647,-0.00000470,-0.00006504,-0.0000
0446,-0.00002520,-0.00000964,-0.00000798,0.00001619,-0.00006587,-0.00004713,0.00
003191,-0.00031293,-0.00050107,-0.00226520,-0.00002966,-0.00006099,0.00010376,-0
.00000431,-0.00000889,-0.00002095,-0.00002106,0.00000378,0.00000248,-0.00021571,
0.00004406,-0.00007602,0.00136331,-0.00227832,0.00424813,0.00011397,0.00050230,-
0.00023172,0.09238443,-0.15769659,0.07141521,-0.00023684,0.00031489,0.00181162,-
0.00023149,0.00033998,0.00006772,-0.00016094,-0.00055960,0.00014141,0.00003174,-
0.00002748,-0.00032379,0.01831308,-0.02715332,0.01172563,-0.00216791,0.00394210,
-0.00228746,-0.10866110,0.18458521,-0.00034757,0.00030693,0.00008120,-0.00046467
,0.00072548,-0.00024677,0.00006387,-0.00021404,-0.00066132,-0.00010833,-0.000046
54,-0.00013435,-0.00001685,0.00000523,0.00001514,-0.00000983,0.00001082,0.000018
43,-0.00005848,0.00003540,-0.00004845,-0.00086544,-0.00189903,-0.00016451,0.0002
5001,-0.00058411,0.00030347,0.00006300,0.00002935,-0.00002744,-0.00009803,0.0002
4080,0.00017476,0.00012120,-0.00007636,-0.00010937,0.00014033,0.00005015,-0.0000
0233,-0.00006963,0.00002495,0.00003934,0.00039327,0.00002905,0.00034810,-0.00001
200,-0.00000332,-0.00000767,-0.00004468,0.00002955,0.00000399,0.00036999,-0.0002
8773,-0.00013229,-0.00008112,-0.00021928,0.00015932,-0.00024616,0.00071063,0.000
74447,0.00030912,-0.00031685,0.00008428,0.00007081,-0.00007034,-0.00001256,-0.00
001515,-0.00004267,0.00001801,-0.00007571,0.00004308,0.00001182,0.00006328,-0.00
002612,0.00002655,0.00005190,-0.00008351,0.00002480,0.00007129,0.00006452,-0.000
00770,0.00050754,-0.00025483,-0.00052659,0.00005638,0.00003638,-0.00008141,-0.00
002513,0.00002681,0.00003492,-0.00002253,-0.00000818,0.00000605,0.00002166,0.000
09390,0.00017137,-0.01619996,0.02158388,-0.01693103,-0.00097351,0.00002152,0.000
97996,-0.05866787,0.07255264,-0.08750929,0.00081626,0.00063647,-0.00712601,0.000
50342,-0.00023104,-0.00032041,0.00018356,0.00020016,0.00005615,-0.00024569,-0.00
015567,0.00030451,0.00633772,-0.00829617,0.00558606,0.00067278,-0.00188598,0.002
14210,0.06781163,-0.08423699,0.10326126,0.00003999,-0.00001338,-0.00002533,0.001
03732,0.00049258,0.00005773,0.00006437,0.00010413,-0.00000105,0.00005549,0.00002
817,0.00007163,0.00001147,-0.00000848,0.00000266,0.00000483,0.00000413,0.0000046
6,-0.00008819,0.00011488,0.00002544,0.00008532,0.00001091,-0.00006671,-0.0010492
1,0.00011886,0.00016938,-0.00000144,-0.00000830,-0.00001528,-0.00002160,-0.00002
012,0.00005622,-0.00003099,-0.00002286,0.00001403,-0.00000264,0.00000011,0.00001
011,-0.00000052,-0.00002307,0.00000279,0.00001607,0.00000511,-0.00001379,0.00000
571,0.00000388,0.00000263,0.00000568,-0.00000267,0.00000023,0.00003690,-0.000001
41,-0.00001227,-0.00000625,-0.00000031,-0.00001273,0.00038609,-0.00043840,0.0000
4055,-0.00055356,0.00034052,0.00006684,0.00000867,-0.00001909,-0.00001332,-0.000
00306,0.00001437,-0.00000081,0.00001115,-0.00002186,0.00000568,0.00000744,0.0000
2015,0.00002774,-0.00003826,-0.00002249,-0.00001626,-0.00001405,-0.00000304,-0.0
0003442,-0.00017028,-0.00018623,-0.00004512,-0.00015499,-0.00010370,0.00024916,-
0.00000030,-0.00000152,-0.00000579,0.00001392,-0.00000519,0.00000261,-0.00006599
,-0.00001470,-0.00003300,0.00039643,0.00073313,-0.01477836,0.00058668,0.00024330
,-0.00084932,-0.00086302,0.00195168,-0.00134924,-0.04540950,-0.00001318,0.015425
14,0.00002179,-0.00006510,0.00015191,-0.00004219,-0.00000907,0.00007392,-0.00079
194,0.00012622,0.00006491,-0.00013774,0.00000905,0.00006687,0.00000594,0.0001309
2,-0.00002225,0.00029353,0.00020089,-0.00075109,0.05115434,-0.00013733,-0.000108
43,-0.00013236,0.00381527,-0.00593716,0.00276813,0.00042418,-0.00032902,0.000331
50,0.00012714,0.00004398,0.00005983,-0.00000877,0.00000239,-0.00000342,0.0000181
3,-0.00001140,-0.00001450,0.00014670,0.00004394,0.00002161,-0.00020333,0.0001106
7,0.00033430,-0.00118677,0.00157908,-0.00265204,-0.00000046,0.00001889,-0.000057
55,0.00004576,0.00015858,-0.00024449,-0.00000139,0.00003622,-0.00001569,-0.00005
088,-0.00001363,0.00000367,-0.00003654,-0.00000792,0.00000402,-0.00002901,-0.000
00999,-0.00000289,-0.00002708,-0.00001091,-0.00000188,-0.00001511,-0.00000948,0.
00000357,-0.00009111,0.00002066,0.00010441,0.00002913,0.00013198,-0.00014212,-0.
00002698,0.00063523,-0.00036327,-0.00174422,0.00147725,-0.00014639,0.00000998,0.
00001447,0.00002519,-0.00004217,0.00000259,-0.00000938,-0.00001410,0.00001065,0.
00002661,0.00000500,-0.00003348,0.00000297,0.00003345,-0.00002189,0.00004754,-0.
00001832,0.00000266,-0.00000614,-0.00003740,0.00012708,-0.00034553,-0.00017056,-
0.00006396,0.00010271,-0.00003091,0.00000845,0.00000607,-0.00001606,0.00000642,-
0.00000968,-0.00014662,0.00007322,0.00003884,-0.00049224,-0.00122547,0.02359080,
-0.00059068,0.00004584,-0.00006267,0.00258693,-0.00356276,0.00269706,0.00002117,
-0.04222696,-0.00874674,-0.00002872,-0.00003109,0.00006190,-0.00000513,-0.000129
54,-0.00014989,0.00011429,0.00037937,-0.00010262,0.00006708,-0.00009342,-0.00011
510,0.00008505,0.00001048,-0.00012884,0.00000046,-0.00024894,0.00168910,-0.00262
659,0.05110317,0.00006850,-0.00008357,-0.00004708,0.00100147,-0.00151674,0.00268
997,0.00005355,0.00005994,0.00014626,0.00003137,0.00000418,-0.00005889,0.0000159
8,-0.00000511,-0.00000452,0.00000925,-0.00000730,-0.00000246,-0.00002379,0.00006
632,0.00010896,0.00010793,0.00009367,-0.00029707,0.00005469,-0.00110727,-0.00273
520,0.00000999,-0.00003577,0.00002905,0.00011998,-0.00015498,0.00020086,-0.00002
722,-0.00001244,0.00001555,-0.00002075,0.00002955,0.00002835,0.00002326,-0.00002
737,-0.00000438,0.00002735,-0.00000038,-0.00004027,-0.00000119,-0.00000198,0.000
00545,0.00000412,-0.00001094,0.00001382,-0.00007281,-0.00001386,0.00001843,-0.00
004442,0.00004479,-0.00004661,-0.00001906,-0.00060056,-0.00065715,-0.00076608,0.
00066637,-0.00036019,-0.00000275,-0.00001116,-0.00002375,-0.00000923,0.00001979,
-0.00000315,0.00000892,-0.00003465,-0.00000908,-0.00000285,0.00001937,0.00002774
,0.00000147,-0.00002160,-0.00003175,-0.00003156,-0.00000329,-0.00004800,-0.00001
678,-0.00031654,-0.00012446,0.00020126,0.00023063,-0.00010696,-0.00000843,-0.000
01025,0.00000081,0.00001395,0.00000492,-0.00000464,0.00001645,0.00000411,0.00000
060,-0.00140777,0.00465317,-0.01607304,0.00041069,-0.00049498,0.00032397,-0.0017
9668,0.00232435,-0.00136892,0.01630830,-0.00744923,-0.28879415,0.00023467,-0.000
16202,0.00017428,0.00010464,0.00001546,-0.00005071,-0.00050238,0.00006851,0.0004
4067,0.00007226,0.00025713,0.00032232,-0.00024316,-0.00011458,0.00016013,0.00012
745,0.00012984,-0.00070056,-0.01852564,0.00771413,0.33309062,0.00003672,0.000191
54,0.00014046,-0.00076238,0.00038581,0.00039770,-0.00015582,-0.00025317,0.000125
19,-0.00001853,-0.00013874,0.00000154,-0.00000616,0.00002479,-0.00000511,-0.0000
0237,0.00000639,-0.00000487,0.00002895,-0.00006337,-0.00010054,-0.00053146,-0.00
008116,0.00032057,0.00052288,-0.00010438,-0.00015578,-0.00002966,0.00007435,0.00
004765,0.00015938,0.00002046,-0.00006183,-0.00003970,-0.00000014,-0.00005984,0.0
0000940,-0.00003547,-0.00001087,-0.00004894,-0.00004742,-0.00003419,-0.00002065,
-0.00000994,0.00006120,0.00001619,-0.00000274,0.00000729,0.00000265,0.00000133,0
.00000534,-0.00017641,-0.00002979,0.00007235,0.00007103,0.00000888,-0.00016268,0
.00011438,-0.00050194,-0.00008334,0.00035883,-0.00010630,-0.00019515,-0.00005390
,0.00001273,0.00006271,0.00008417,-0.00000602,0.00001188,0.00002670,0.00001172,-
0.00002730,0.00001391,-0.00003092,-0.00004766,-0.00011759,0.00001239,-0.00005378
,0.00008185,0.00001777,0.00005987,0.00037144,-0.00009956,-0.00004981,0.00051620,
0.00049590,0.00001299,-0.00000414,0.00001326,-0.00000386,0.00000543,0.00000655,-
0.00000588,0.00010191,0.00002753,0.00000351,-0.02053466,0.00252962,0.00262608,-0
.00226605,0.00378792,-0.00140213,0.00073753,-0.00070788,0.00081610,-0.26573742,-
0.01675501,0.05995906,-0.00108468,-0.00009042,-0.00008394,0.00015846,0.00008759,
0.00016610,0.00036287,0.00011478,-0.00041936,-0.00031098,-0.00015206,-0.00024945
,0.00059261,0.00040811,-0.00049798,0.00027962,-0.00032692,0.00032963,-0.00575930
,-0.00089213,0.00436745,0.30908489,0.00000660,-0.00008878,-0.00005007,0.00041568
,-0.00045057,-0.00016415,0.00013972,0.00002597,-0.00001522,0.00004509,0.00004196
,0.00002957,0.00000341,-0.00000227,-0.00000340,-0.00000225,0.00000574,0.00000001
,0.00000919,0.00000091,0.00004587,0.00022189,-0.00006241,0.00000651,-0.00022362,
0.00017432,0.00020760,-0.00000028,-0.00001103,-0.00002163,-0.00010747,0.00008993
,-0.00005074,0.00000163,-0.00001560,0.00003308,-0.00001806,0.00000650,0.00000265
,0.00000675,-0.00000075,0.00000647,-0.00000125,0.00000188,-0.00003939,-0.0000145
2,-0.00000395,-0.00000134,-0.00000252,-0.00000567,0.00000312,0.00003271,0.000019
36,-0.00000521,-0.00000135,0.00002502,0.00001999,0.00101662,0.00042763,0.0002844
3,-0.00023718,0.00017606,0.00013813,0.00005649,-0.00000299,-0.00002935,-0.000014
91,0.00000659,-0.00000340,-0.00000007,-0.00000649,0.00000670,-0.00001176,0.00000
562,0.00000870,0.00004037,-0.00000093,-0.00000719,-0.00003044,-0.00003285,-0.000
01717,-0.00027825,0.00023175,-0.00011528,-0.00017724,-0.00070637,-0.00000734,-0.
00001123,-0.00000413,-0.00000132,-0.00000443,0.00000476,-0.00000080,-0.00008023,
0.00001824,0.00000481,0.02286228,-0.00022588,-0.00482840,0.00267824,-0.00291717,
0.00158749,0.00037195,0.00058950,-0.00076993,-0.01639954,-0.04507035,0.00348244,
0.00121240,0.00012480,0.00004455,0.00014680,-0.00007648,0.00011714,-0.00010451,-
0.00019471,-0.00000160,-0.00023088,-0.00005792,0.00000537,-0.00002748,-0.0001587
5,0.00049078,-0.00007059,0.00002187,-0.00025071,0.00095797,0.00117942,-0.0006159
2,0.01682815,0.05104561,-0.00001746,0.00000373,-0.00000595,0.00044591,-0.0001769
5,-0.00009583,0.00002596,0.00008064,-0.00000657,0.00000604,0.00002320,-0.0000000
6,0.,-0.00000423,0.00000326,0.00000170,0.00000105,0.00000504,-0.00003535,0.00004
723,0.00000499,0.00001893,0.00013692,-0.00003313,-0.00053985,-0.00023574,-0.0000
6041,0.00000250,-0.00001432,-0.00001516,0.00001779,-0.00005206,0.00001489,-0.000
00414,0.00001520,-0.00000290,0.00000364,0.00000147,0.00000594,0.00001128,0.00000
768,0.00000762,-0.00000286,-0.00000525,0.00001189,0.00000297,-0.00000127,0.00000
203,-0.00000120,-0.00000011,-0.00000176,0.00001648,0.00000292,0.00000595,-0.0000
0583,-0.00000320,0.00000343,0.00028890,-0.00012404,-0.00001103,-0.00017017,0.000
08773,0.00002322,-0.00001947,-0.00001272,-0.00000611,-0.00001269,0.00000065,-0.0
0000073,-0.00001070,0.00000214,0.00000294,0.00001257,0.00000184,0.00001731,-0.00
000608,-0.00001311,0.00001569,0.00000127,0.00000727,-0.00000704,-0.00014350,-0.0
0011034,-0.00003858,-0.00009868,-0.00028971,0.00024663,-0.00000018,0.00000179,0.
00000035,0.00000399,-0.00000400,0.00000145,-0.00001515,-0.00000999,0.00000025,-0
.01053428,-0.00011726,0.00220273,-0.00131503,0.00175829,-0.00037835,-0.00121281,
0.00023095,0.00038079,0.06130241,0.00356570,-0.06019245,-0.00066046,0.00003596,0
.00016582,0.00003349,-0.00003156,0.00002883,-0.00007022,0.00003988,0.00001579,-0
.00016375,-0.00013931,-0.00011675,-0.00005646,0.00060367,-0.00033975,0.00006933,
-0.00009130,0.00002682,0.03311702,0.00302041,-0.01204648,-0.06949485,-0.00640919
,0.06710741,-0.00002008,0.00002231,-0.00002427,-0.00038091,0.00045093,-0.0002818
4,-0.00007073,0.00009488,-0.00001220,-0.00001044,0.00000589,0.00001895,0.0000018
4,-0.00000902,0.00000210,0.00000333,-0.00000883,-0.00000305,-0.00000949,0.000015
14,-0.00000082,-0.00009556,0.00008627,0.00006906,0.00027263,-0.00033658,-0.00012
195,0.00000849,-0.00000192,-0.00000760,-0.00012559,0.00002877,-0.00010673,0.0000
0772,-0.00001401,0.00001386,0.00001005,0.00000289,-0.00000302,-0.00000629,-0.000
00259,-0.00000106,0.00001233,0.00002071,0.00000454,0.00000413,0.00001002,-0.0000
0404,0.00000478,0.00000419,-0.00000519,0.00010713,-0.00000418,-0.00004915,-0.000
02546,-0.00003789,0.00004928,-0.00098417,0.00198048,-0.00071326,0.00014570,-0.00
016085,-0.00004883,0.00001015,0.00001095,0.00001213,-0.00001234,-0.00000681,-0.0
0001009,0.00000293,-0.00000664,0.00000577,-0.00000023,0.00000487,-0.00000010,0.0
0002256,-0.00000555,0.00000886,-0.00002592,0.00002720,-0.00000482,0.00038581,0.0
0077298,0.00015907,0.00010695,0.00017214,-0.00007527,0.00001026,-0.00000180,-0.0
0000176,0.,-0.00000451,0.00000396,0.00000478,-0.00002308,-0.00001385,0.00452520,
0.01270729,0.00436485,0.00060742,0.00085138,0.00028309,0.00003810,-0.00003867,0.
00033231,-0.07784680,-0.07830358,-0.03026615,-0.00000836,-0.00007959,0.00000201,
-0.00015983,0.00016430,-0.00032676,-0.00006804,0.00013089,0.00018774,0.00030074,
0.00001562,0.00015480,-0.00014726,-0.00009534,-0.00011629,-0.00004491,0.00009116
,0.00005568,0.00102957,0.00092292,0.00023517,-0.01653685,-0.02888474,-0.01076417
,0.08891231,0.00006041,0.00021421,0.00022313,-0.00057238,0.00026183,0.00081890,-
0.00037448,0.00008521,0.00004594,-0.00023368,-0.00004834,-0.00011723,-0.00001494
,-0.00000066,0.00001496,-0.00001667,0.00000454,0.00002149,-0.00004974,-0.0000867
3,-0.00003421,0.00041810,0.00040835,-0.00097093,0.00024219,-0.00007422,-0.000343
03,-0.00001409,0.00003231,0.00003388,0.00045239,-0.00047417,0.00052822,0.0000529
4,-0.00005037,-0.00002073,0.00002615,-0.00001037,-0.00001565,-0.00000696,0.00003
164,-0.00001235,-0.00001504,-0.00004595,0.00001092,0.00002902,0.00000497,-0.0000
0103,0.00000015,0.00001915,-0.00001453,-0.00027394,0.00002764,0.00004897,0.00003
767,-0.00002117,-0.00002914,0.00258211,-0.00344460,0.00212446,0.00043876,-0.0002
6372,-0.00012597,-0.00001248,-0.00001058,-0.00005442,0.00003459,-0.00002375,0.00
000759,-0.00002489,0.00002785,-0.00003115,0.00000591,0.00001253,-0.00001921,-0.0
0000413,0.00002358,-0.00004450,0.00005544,-0.00001628,0.00004621,-0.00028704,-0.
00189741,-0.00021704,0.00034912,0.00024951,0.00008643,0.00004465,0.00001027,0.00
000676,0.00000143,-0.00001273,0.00001270,0.00027103,-0.00008809,-0.00000887,-0.0
0677428,-0.02746624,-0.00716621,-0.00113945,0.00098091,-0.00031095,-0.00026087,0
.00040306,-0.00081653,-0.07841608,-0.21739791,-0.06976853,-0.00032985,0.00039789
,-0.00008180,0.00065543,0.00019997,0.00049047,0.00030790,-0.00014329,-0.00036951
,0.00019337,0.00034645,0.00092037,0.00003642,-0.00009622,-0.00003544,-0.00009708
,0.00030801,-0.00019422,-0.00198150,-0.00307646,-0.00359679,-0.00456092,-0.00425
122,-0.00180095,0.08947501,0.25484034,0.00000738,0.00007508,0.00007324,-0.000601
33,0.00041957,0.00022114,-0.00014995,0.00011823,-0.00001397,-0.00009514,-0.00003
083,-0.00008165,-0.00000292,-0.00000190,0.00000452,-0.00000928,0.00000305,0.0000
0534,-0.00003709,-0.00004180,-0.00002261,-0.00004721,0.00014644,-0.00004987,0.00
016247,-0.00074207,-0.00074883,0.00001048,-0.00000285,0.00002019,0.00003491,-0.0
0009761,-0.00000970,0.00001082,-0.00000492,0.00001077,0.00001741,0.00000095,-0.0
0000205,0.00000591,0.00001241,-0.00000749,-0.00000012,0.00000380,0.00001373,0.00
000559,0.00000172,0.00000051,0.00000041,0.00000536,-0.00000417,-0.00003342,-0.00
000342,0.00000746,-0.00000530,-0.00003202,0.00001237,-0.00090502,0.00091935,-0.0
0047303,0.00042040,-0.00023723,-0.00004210,0.00000916,0.00000064,-0.00002264,0.0
0001855,-0.00001572,0.00000029,-0.00001132,0.00001130,-0.00001764,0.00000784,-0.
00000251,-0.00000469,0.00000586,0.00001106,-0.00000916,0.00000794,-0.00000437,0.
00003410,0.00010494,0.00059890,0.00006869,0.00012963,0.00007988,-0.00010468,0.00
001627,0.00000207,0.00000166,-0.00000104,-0.00000207,0.00000690,0.00011472,-0.00
003478,0.00001730,0.00386984,0.00953899,0.00324698,0.00025162,0.00004033,0.00039
171,-0.00006998,0.00100618,0.00053907,-0.03086327,-0.07009258,-0.07044584,0.0000
5718,0.00008477,-0.00014735,-0.00004344,0.00007038,0.00015218,0.00017232,-0.0003
2871,-0.00027841,-0.00013880,0.00025821,-0.00050124,0.00002946,-0.00002662,-0.00
007825,0.00000591,-0.00012179,-0.00002892,-0.01313654,-0.02897666,-0.01430353,0.
00372594,0.00684215,0.00314302,0.03698276,0.08056100,0.07936041,-0.00141374,-0.0
0037319,-0.00149297,-0.00146969,0.00135909,-0.00396690,-0.00106077,0.00010861,-0
.00151574,0.00127774,0.00005150,0.00027656,-0.00002341,0.00003447,0.00000325,-0.
00003648,-0.00002642,-0.00014784,0.00000044,0.00017898,-0.00030608,-0.21501874,0
.05833132,0.05773914,0.00207825,-0.00154076,0.00240758,0.00061244,0.00018395,-0.
00017311,-0.05698472,0.03539443,0.00547568,0.00052906,0.00077175,-0.00021814,0.0
0013594,0.00013519,0.00009227,0.00013780,-0.00002639,-0.00009503,0.00006354,0.00
004624,0.00026782,-0.00009160,-0.00016041,0.00008320,-0.00016420,-0.00006513,0.0
0006581,0.00781760,0.00331621,-0.00437791,-0.00291076,-0.00203132,0.00333345,-0.
00154845,-0.00039225,-0.00132833,0.00104458,-0.00022956,0.00073683,-0.00004657,-
0.00017421,0.00001637,-0.00011788,-0.00030985,0.00019346,-0.00025623,-0.00009836
,0.00013744,0.00020365,-0.00046319,0.00034717,0.00019712,-0.00025050,0.00071513,
0.00008114,0.00008317,0.00001678,-0.04690893,-0.00659512,0.03154360,0.00260809,-
0.00019944,0.00088069,-0.00044090,0.00001970,0.00004527,-0.00000153,0.00006411,-
0.00006344,-0.00185363,0.00234832,0.00059758,0.00054373,0.00061080,0.00196401,0.
00023925,-0.00010181,-0.00027393,-0.00049718,-0.00043617,-0.00000721,-0.00043657
,-0.00022391,-0.00037375,0.00059379,0.00016487,0.00017457,-0.00007593,-0.0002577
5,-0.00028094,0.00019524,0.00015791,-0.00006531,-0.00010768,-0.00004186,-0.00029
833,0.00086946,-0.00071641,-0.00040787,-0.00057333,-0.00021752,0.00007532,-0.000
09600,0.00021028,-0.00010324,0.00042388,-0.00012921,-0.00006504,0.00005195,-0.00
032839,-0.00004906,0.43473849,0.00027961,-0.00001730,0.00029583,0.00033720,-0.00
069860,-0.00197516,0.00389668,-0.00219135,-0.00016853,0.00035446,0.00006097,0.00
079821,-0.00001539,0.00004143,-0.00002158,0.00000862,0.00001974,0.00003374,0.000
11349,-0.00002561,-0.00003148,0.04420942,-0.09513127,-0.00760348,-0.00002651,0.0
0034008,0.00026984,-0.00025111,0.00026320,-0.00006070,0.04780367,-0.01733395,-0.
00339634,-0.00031647,-0.00019910,-0.00019841,-0.00013118,-0.00016184,-0.00009256
,-0.00011857,-0.00004828,-0.00003437,0.00007129,-0.00003762,-0.00006697,0.000023
05,0.00000658,-0.00000560,0.00001168,0.00000319,0.00001438,-0.00251537,-0.002434
85,0.00568222,0.00181114,0.00062614,-0.00189292,-0.00302367,-0.00129307,0.000935
92,-0.00071441,0.00095927,0.00041431,-0.00008922,-0.00008321,0.00013966,0.000140
72,0.00003146,-0.00006398,0.00008695,-0.00000241,0.00005563,-0.00013143,0.000010
25,-0.00002722,-0.00015895,0.00000121,-0.00013877,0.00005183,-0.00000407,-0.0000
1390,-0.01960567,0.01224547,0.01939103,-0.00131329,-0.00076143,0.00066863,-0.000
09551,0.00002197,-0.00005253,-0.00000181,0.00000379,-0.00002503,-0.00084018,0.00
065732,-0.00025887,0.00053643,0.00009132,-0.00065797,-0.00016328,0.00000300,0.00
022235,-0.00004603,-0.00173755,-0.00018880,0.00010163,0.00010409,0.00018382,-0.0
0009071,-0.00012432,-0.00004402,0.00008532,0.00000511,-0.00001720,-0.00007230,-0
.00000049,0.00008325,-0.00030898,-0.00037614,0.00000513,-0.00113836,-0.00067162,
0.00012291,0.00006251,-0.00034167,0.00004695,-0.00002498,-0.00007686,0.00004892,
-0.00011845,0.00008791,-0.00008015,-0.00006152,0.00007295,-0.00005421,0.01033706
,0.32505967,0.00025292,0.00046975,0.00032288,0.00053188,-0.00051009,0.00389002,0
.00277589,0.00174013,-0.00094607,-0.00127049,-0.00012537,-0.00108192,0.00004125,
-0.00003902,0.00002082,-0.00001529,-0.00000382,0.00008241,-0.00012347,-0.0001670
3,0.00021686,0.05214841,-0.01031525,-0.06242888,-0.00091361,0.00099764,-0.001931
84,0.00004889,-0.00011556,0.00025917,-0.01012953,0.00313727,0.01187508,0.0003720
7,-0.00009206,0.00023714,0.00006746,0.00018808,0.00006388,0.00017178,0.00004742,
0.00000661,0.00001907,0.00001630,-0.00019552,0.00008057,0.00005881,-0.00003685,0
.00006834,0.00004864,-0.00003087,0.00190266,0.00259030,-0.00109478,-0.00161043,-
0.00048866,0.00094280,0.00022396,-0.00043716,-0.00259814,0.00039815,-0.00057498,
-0.00077782,-0.00009596,0.00010714,-0.00028751,-0.00010877,0.00002630,0.00011407
,-0.00000859,-0.00003376,-0.00024037,-0.00000697,0.00016626,0.00002447,0.0001083
0,0.00008998,-0.00002619,-0.00006045,-0.00004454,-0.00001439,0.04590224,0.010217
31,-0.01815884,0.00046610,0.00072164,-0.00264166,0.00023896,-0.00002119,0.000000
98,0.00004327,-0.00003225,0.00004265,0.00116105,-0.00124722,-0.00006820,-0.00012
494,-0.00136689,-0.00136126,-0.00003898,0.00028112,0.00039511,-0.00004027,0.0000
9291,0.00026736,0.00014397,-0.00000782,0.00032691,-0.00046170,-0.00003251,-0.000
18299,0.00017893,0.00028044,0.00019244,-0.00022272,-0.00011859,0.00016110,-0.000
00333,-0.00008782,0.00033837,-0.00093053,0.00062971,-0.00013692,0.00093848,-0.00
025759,0.00011565,0.00004172,-0.00025602,0.00017756,-0.00016725,-0.00001752,-0.0
0004525,0.00002013,0.00028778,0.00005884,-0.12226112,-0.06064498,0.13525891,0.00
009364,-0.00013165,0.00000427,-0.00045334,0.00057021,0.00189335,0.00076064,0.000
45027,0.00061874,0.00007399,0.00015584,0.00035454,-0.00000489,-0.00002402,0.0000
1020,0.00000451,0.00001578,0.00002000,-0.00002843,0.00000873,0.00005354,-0.03464
561,-0.02097571,0.01827607,-0.00028616,0.00011875,-0.00083978,0.00000705,-0.0000
9970,-0.00004227,-0.00074542,-0.00302089,0.00077478,-0.00002390,-0.00005376,0.00
006055,-0.00006023,-0.00011091,-0.00002222,-0.00003648,0.00004181,0.00006581,-0.
00007963,-0.00006689,-0.00003564,-0.00001604,0.00001963,-0.00000792,0.00002459,-
0.00000657,-0.00003304,-0.00182635,-0.00032568,0.00140020,0.00050802,0.00032066,
-0.00056498,0.00065033,0.00025445,-0.00166057,0.00042431,-0.00077000,-0.00060576
,0.00008046,0.00000407,0.00003930,0.00000782,0.00001098,-0.00009813,0.00007184,0
.00009764,0.00006870,0.00001316,0.00004060,-0.00003472,-0.00001652,0.00009429,-0
.00010577,-0.00005762,-0.00001659,0.00000197,-0.00409722,0.00185440,0.00135417,0
.00007924,-0.00014485,0.00027032,0.00004836,0.00000995,-0.00002114,-0.00001369,-
0.00001563,0.00002234,-0.00011990,-0.00048141,-0.00049035,-0.00025720,-0.0000043
3,0.00014207,-0.00002408,0.00002560,-0.00003744,0.00025355,0.00035240,0.00000983
,0.00004508,0.00009885,-0.00005305,-0.00005311,-0.00003207,0.00002204,0.00001970
,-0.00002305,0.00003978,-0.00000151,0.00000725,-0.00005724,0.00004658,0.00014899
,0.00005229,0.00022686,-0.00046260,-0.00011983,-0.00037059,-0.00000502,-0.000144
99,0.00001742,-0.00000737,-0.00001138,-0.00001217,-0.00003797,0.00003524,0.00001
001,0.00007033,0.00003052,-0.08724792,-0.03601311,0.01868741,0.48305064,0.000515
96,0.00007111,0.00023408,-0.00034595,0.00035652,0.00240148,-0.00014180,0.0008705
9,0.00111352,-0.00031691,0.00007830,0.00001573,-0.00000056,-0.00001711,0.0000086
4,0.00001407,0.00002164,0.00004395,-0.00003716,-0.00000975,0.00008669,-0.0157268
2,0.01473155,0.00406376,-0.00048878,0.00023232,-0.00104900,-0.00010043,-0.000230
18,0.00001707,0.00259486,-0.00106368,-0.00094401,-0.00013237,-0.00021648,0.00014
371,-0.00002175,-0.00001517,-0.00000039,0.00003264,0.00000856,0.00005424,-0.0000
8768,0.00002339,-0.00004506,0.00000451,0.00005490,-0.00002397,0.00005963,0.00002
211,-0.00003915,-0.00272632,-0.00004589,0.00097459,0.00079406,0.00045096,-0.0008
7670,0.00068756,0.00018100,-0.00084508,0.00035372,-0.00067103,-0.00059244,0.0000
5419,0.00005680,0.00000800,0.00001769,0.00007966,-0.00006221,0.00009211,0.000043
67,-0.00001064,-0.00004170,0.00012555,-0.00010072,-0.00001285,0.00008794,-0.0001
9821,-0.00006078,-0.00002930,-0.00000329,0.00319744,-0.00083282,-0.00300835,-0.0
0018498,-0.00044007,0.00077218,0.00014628,0.00000181,-0.00002592,-0.00002032,-0.
00002223,0.00002480,0.00042720,-0.00089066,-0.00040182,-0.00030817,-0.00006498,0
.00013066,0.00001816,0.00005767,-0.00006681,0.00012204,0.00032374,-0.00013111,-0
.00001283,0.00008940,-0.00005586,-0.00006427,-0.00002741,0.00000726,0.00001299,0
.00000836,0.00007476,-0.00001436,-0.00001333,-0.00006070,-0.00001040,0.00008773,
0.00010336,0.00004889,-0.00061307,-0.00009676,-0.00016500,-0.00006442,-0.0000892
9,0.00004014,-0.00002603,-0.00000029,0.00000639,-0.00007445,0.00006545,0.0000359
4,0.00005947,0.00005318,-0.04858687,-0.16140205,0.03812949,-0.08635370,0.4438744
6,-0.00020796,-0.00021870,-0.00021718,0.00049064,-0.00012708,-0.00108847,0.00071
673,0.00038571,0.00047545,0.00031249,0.00005263,0.00015124,0.00000286,0.00002061
,-0.00001423,0.00000567,-0.00000161,-0.00003128,0.00003566,0.00004240,-0.0000437
3,0.02072807,0.00409143,-0.01355405,0.00000923,-0.00026021,0.00060400,0.00004445
,0.00008415,-0.00005012,-0.00129361,0.00173319,-0.00167267,-0.00003439,0.0001501
8,-0.00011359,-0.00001713,-0.00001071,0.00000166,-0.00003001,-0.00001091,-0.0000
1064,0.00002237,-0.00005406,0.00004725,-0.00003481,-0.00003567,0.00001676,-0.000
02792,-0.00002331,0.00004001,0.00118522,0.00032803,-0.00029758,-0.00011811,-0.00
005820,0.00022386,0.00068067,-0.00074981,0.00054523,-0.00032822,0.00016537,0.000
08437,-0.00004389,-0.00000093,0.00003589,0.00001650,-0.00001690,0.00004374,-0.00
002983,-0.00002918,0.00001293,0.00000540,-0.00007491,0.00004414,-0.00000393,-0.0
0004414,0.00009431,0.00001897,0.00000501,0.00001128,0.00171808,-0.00084478,0.000
61440,-0.00017630,0.00039749,0.00022819,-0.00011199,-0.00000293,-0.00000505,-0.0
0000102,0.00002320,-0.00001807,-0.00058375,0.00030936,0.00006312,0.00015468,0.00
011869,0.00043894,0.00001183,-0.00005674,-0.00010325,-0.00005923,-0.00020883,-0.
00012543,-0.00005366,-0.00012030,-0.00011964,0.00010454,0.00002104,0.00003611,-0
.00006911,-0.00005363,-0.00004789,0.00006032,0.00004765,-0.00003579,-0.00003138,
-0.00003863,-0.00010787,0.00013456,-0.00012475,0.00017752,-0.00023317,-0.0000403
2,0.00002724,-0.00000740,0.00010194,-0.00005969,0.00000148,0.00004867,0.00003201
,-0.00001507,-0.00010333,-0.00001774,0.01781957,0.03638907,-0.05405455,-0.019833
90,-0.00990918,0.45192957,-0.00001109,0.00001445,-0.00001609,0.00008268,-0.00006
972,-0.00019920,-0.00005879,-0.00002805,0.00003042,0.00002321,0.00003376,-0.0000
0856,0.00000303,-0.00000488,0.00000700,0.00000074,-0.00000247,-0.00000729,-0.000
00477,0.00000037,-0.00000344,0.00226855,-0.00135852,-0.00203406,0.00004519,-0.00
004480,0.00009972,0.00001688,-0.00001395,-0.00000632,-0.00042814,0.00060317,0.00
003360,0.00001571,0.00001892,-0.00001021,0.00001795,0.00000932,-0.00000290,0.000
02045,0.00000923,-0.00000857,0.00001593,-0.00001024,0.00000362,-0.00000528,-0.00
001204,0.00000207,-0.00000985,0.00000050,-0.00000554,0.00015565,-0.00009432,-0.0
0008258,-0.00001723,-0.00003275,0.00005435,0.00005492,-0.00004221,-0.00000826,-0
.00004507,0.00007374,0.00008890,0.00000055,-0.00000688,-0.00001287,-0.00000637,-
0.00001937,-0.00000213,-0.00002014,0.00000499,0.00000669,0.00000717,0.00001302,0
.00002009,0.00001761,-0.00001018,0.00001006,0.00000686,0.00000181,0.00000311,-0.
00057134,-0.00007611,0.00061211,-0.00002819,-0.00003527,-0.00003199,-0.00001590,
0.00000353,0.00000272,-0.00000112,-0.00000388,0.00000175,-0.00007825,0.00003370,
0.00002509,0.00002657,0.00007509,0.00003244,0.00001317,-0.00000353,0.00000019,-0
.00002877,-0.00006197,-0.00002546,-0.00003263,-0.00000755,-0.00000503,0.00002093
,0.00000941,-0.00000613,-0.00000658,-0.00000886,-0.00001096,0.00000103,-0.000004
39,0.00000244,-0.00002240,-0.00004538,0.00000468,-0.00004409,0.00005015,0.000027
83,0.00006222,0.00001693,0.00003928,0.00000179,-0.00000057,0.00000153,0.00001368
,0.00000579,-0.00000592,0.00000317,-0.00001898,-0.00000188,-0.01624062,-0.021986
76,-0.00957721,-0.07210256,-0.00985471,-0.03595490,0.44797183,-0.00005808,0.0000
1570,0.00001782,0.00012539,-0.00004585,-0.00017349,-0.00008662,-0.00010493,0.000
03845,-0.00008471,-0.00002795,-0.00006724,0.00000078,-0.00000642,0.00000509,0.00
000707,-0.00000320,-0.00000249,0.00000942,0.00000752,-0.00000598,0.00192396,-0.0
0184817,-0.00176569,-0.00000593,-0.00003240,0.00009323,0.00000416,0.00001682,-0.
00000007,0.00044565,0.00036327,-0.00037188,0.00000723,0.00000199,-0.00002300,0.0
0001070,0.00000237,-0.00000445,-0.00001161,0.00000600,-0.00000180,0.00001469,-0.
00000224,0.00001495,-0.00000415,-0.00000468,0.00000003,-0.00000924,0.00000033,-0
.00000234,-0.00017639,-0.00007756,0.00015762,0.00009843,0.00000126,-0.00006642,0
.00003766,-0.00006715,0.00003484,-0.00008625,0.00007154,0.00001291,0.00001267,-0
.00000468,-0.00001002,-0.00000875,-0.00000272,-0.00001104,-0.00001434,0.00001591
,0.00000177,0.00001277,0.00000919,0.00000067,0.00001581,-0.00000976,0.00000436,0
.00000801,0.00000856,0.00000661,-0.00021208,0.00023354,0.00034973,-0.00006212,-0
.00010350,0.00008462,-0.00000337,0.00000380,0.00001161,0.00000132,-0.00000083,0.
00000521,0.00005116,0.00009959,0.00004728,0.00006959,0.00010103,0.00004056,0.000
01527,0.00001145,-0.00000083,-0.00003151,-0.00008374,-0.00001283,-0.00001701,0.0
0000422,-0.00000606,0.00002859,0.00000568,-0.00000622,-0.00000447,-0.00000781,-0
.00001139,0.00000266,-0.00000174,-0.00000012,-0.00001401,-0.00003998,0.00000121,
-0.00005543,0.00003910,-0.00001804,0.00006696,0.00002294,0.00003837,0.00000047,0
.00000038,0.00000023,0.00000386,-0.00001294,-0.00000654,0.00000459,-0.00001904,-
0.00000440,-0.02577163,-0.02484222,-0.01254026,-0.01112452,-0.06896447,-0.040001
63,0.03018537,0.47740760,-0.00005789,0.00006740,-0.00001828,-0.00021244,-0.00007
422,-0.00078335,-0.00038312,-0.00006722,-0.00025765,-0.00005054,-0.00006604,-0.0
0006541,-0.00001292,0.00001731,-0.00000865,-0.00000995,0.00000985,0.00000971,0.0
0000514,-0.00001331,-0.00002801,0.00119196,0.00023830,-0.00051592,0.00028187,-0.
00000139,0.00041870,0.00001699,0.00003480,0.00001582,-0.00027404,-0.00022689,0.0
0120783,0.00002369,-0.00001501,-0.00000378,0.00001443,0.00000138,0.00000584,-0.0
0003463,-0.00002446,0.00000807,0.00001263,0.00003873,0.00001677,0.00000593,0.000
01247,-0.00000039,0.00000320,0.00000695,0.00001142,0.00040939,-0.00008059,-0.000
25691,-0.00009360,-0.00008907,0.00009435,-0.00005192,-0.00016852,0.00025758,0.00
014374,0.00017114,0.00020691,0.00000596,-0.00000012,0.00001029,0.00000565,0.0000
0275,0.00002610,-0.00000341,-0.00001945,-0.00001715,0.00000706,-0.00004678,-0.00
001251,-0.00002172,-0.00000876,0.00001148,0.00000998,0.00000254,-0.00001069,0.00
027226,0.00054680,-0.00034786,-0.00002705,0.00010077,-0.00016155,0.00000469,-0.0
0000081,0.00000249,-0.00000447,0.00000543,-0.00001012,0.00010083,0.00010702,0.00
011691,0.00006986,0.00001692,-0.00012008,0.00000303,-0.00001431,-0.00000063,0.00
002888,0.00003011,-0.00002697,-0.00001641,-0.00003905,0.00000496,0.00002832,0.00
000147,0.00000185,-0.00000319,0.00000889,0.00001016,-0.00002565,-0.00001148,0.00
003121,-0.00002638,-0.00005455,0.00000977,-0.00008894,0.00006681,0.00002386,0.00
007916,-0.00002738,0.00006279,-0.00001822,-0.00003473,0.00001322,-0.00000708,0.0
0000991,-0.00001598,0.00001146,-0.00000891,0.00001737,-0.00316063,-0.00445789,0.
01011799,-0.02791993,-0.02823899,-0.12423237,-0.04074241,-0.06062201,0.46688987,
0.00004176,-0.00006786,-0.00005304,-0.00032035,0.00021777,0.00025103,-0.00001154
,0.00019317,0.00014724,0.00015012,0.00007042,0.00013163,0.00000454,-0.00000015,0
.00000212,0.00000981,0.00000416,-0.00000697,-0.00000858,0.00000840,0.00001303,-0
.00172615,0.00019472,0.00056005,0.00015554,0.00002140,-0.00009352,-0.00000278,-0
.00001995,-0.00001928,0.00051581,-0.00014646,-0.00014483,-0.00003202,-0.00000759
,-0.00000042,-0.00000671,-0.00000147,-0.00001225,0.00001935,-0.00000415,-0.00001
105,-0.00000356,-0.00000385,-0.00001240,0.00000075,0.00000132,-0.00000484,0.0000
0974,0.00000398,-0.00000435,-0.00026204,0.00003192,0.00020866,0.00008426,0.00005
981,-0.00009885,0.00010615,0.00003345,-0.00004410,0.00008299,-0.00021935,-0.0001
0786,-0.00000013,-0.00000842,0.00000795,0.00000294,-0.00000380,-0.00000547,0.000
01271,-0.00000393,0.00002516,-0.00001022,0.00000385,0.00001782,-0.00000639,0.000
01131,-0.00000090,-0.00000443,-0.00000880,-0.00000404,0.00028824,0.00016602,-0.0
0030515,-0.00014919,-0.00049219,0.00000416,-0.00000088,0.00000310,-0.00000730,-0
.00000320,-0.00000324,-0.00000293,-0.00014332,-0.00014975,-0.00013142,-0.0000339
2,-0.00004940,-0.00000987,0.00002027,0.00002187,0.00000728,0.00002803,0.00003767
,0.00000490,0.00003458,0.00001346,-0.00000058,-0.00002436,0.00001532,0.00000559,
0.00001584,0.00000812,0.00000533,0.00000004,0.00000029,-0.00000269,0.00001717,0.
00003668,0.00001209,0.00004879,-0.00004011,-0.00000346,-0.00004544,0.00001264,-0
.00002844,0.00000392,-0.00000341,0.00000353,0.00000743,0.00001706,0.00000371,-0.
00000476,0.00003013,0.00000472,0.00116429,0.00148216,-0.00100381,-0.01134167,0.0
0477824,-0.01344555,-0.09817780,0.04500034,-0.02663642,0.54849362,-0.00008298,0.
00007438,0.00002389,0.00007369,-0.00019183,-0.00036742,-0.00008283,-0.00010308,-
0.00029421,-0.00013491,-0.00006747,-0.00019482,-0.00000282,0.00000199,-0.0000007
9,-0.00001184,-0.00000417,0.00000326,-0.00000621,-0.00001017,-0.00001434,0.00259
735,0.00021927,-0.00161807,0.00017035,0.00001743,0.00014939,0.00004423,0.0000018
9,0.00002137,-0.00071751,0.00000128,0.00054860,0.00005780,0.00004943,0.00000318,
0.00003649,0.00002364,0.00001429,0.00001001,0.00000552,0.00000058,0.00000877,0.0
0001278,0.00001708,-0.00000087,-0.00000434,0.00000499,-0.00001206,-0.00000118,0.
00000921,0.00059141,-0.00006311,-0.00032207,-0.00021042,-0.00014307,0.00024658,-
0.00005304,-0.00003494,0.00009698,0.00005841,0.00017130,0.00012832,-0.00000495,0
.00000184,-0.00002428,-0.00001360,-0.00001616,0.00002061,-0.00003596,-0.00001107
,-0.00002603,0.00001918,-0.00001957,0.00001235,0.00002120,-0.00002867,0.00002947
,0.00000637,0.00000936,0.00000125,-0.00073206,-0.00031456,0.00041438,-0.00039606
,-0.00021794,-0.00003612,-0.00001247,-0.00000572,0.00001061,0.00000419,0.0000051
2,-0.00000017,0.00009482,0.00018702,0.00017184,-0.00000286,-0.00000230,0.0000205
8,0.00001109,-0.00001967,-0.00000562,-0.00004388,-0.00000751,0.00000617,-0.00003
644,-0.00001805,0.00001521,0.00003267,0.00001271,-0.00000624,-0.00000061,0.00000
561,-0.00000200,0.00000175,-0.00000359,0.00001314,0.00000365,-0.00002361,-0.0000
0598,-0.00003896,0.00002729,-0.00003787,0.00006993,0.00000121,0.00004012,0.00000
133,-0.00000418,0.00000846,0.00002574,-0.00003129,-0.00000858,0.00001669,-0.0000
0995,-0.00000047,-0.00313086,-0.00099860,0.00118696,-0.00086996,0.01051433,0.000
61341,0.04731265,-0.12003681,0.04095372,-0.23513317,0.37520802,0.00004661,0.0000
1203,0.00006200,0.00050985,-0.00011445,-0.00004570,0.00003516,-0.00010197,0.0000
6232,-0.00009356,-0.00000866,-0.00005295,0.00000075,-0.00000829,0.00000483,0.000
00276,-0.00000629,0.00000195,0.00000956,0.00000145,-0.00000059,-0.00153464,-0.00
010865,0.00085221,-0.00028813,0.00008421,-0.00010434,-0.00002786,0.00000056,0.00
001073,0.00052795,0.00012095,-0.00017056,-0.00000090,-0.00001261,-0.00001156,-0.
00000278,0.00000018,-0.00000367,-0.00000421,0.00001638,-0.00000026,-0.00000731,-
0.00001484,-0.00000733,-0.00000137,-0.00000315,0.00000155,-0.00000654,-0.0000036
6,-0.00000455,-0.00038589,-0.00004386,0.00017206,0.00007319,0.00004933,-0.000094
15,0.00018839,-0.00025842,-0.00006877,-0.00022806,0.00007525,0.00003606,-0.00000
249,0.00000041,-0.00000277,-0.00000391,0.00000392,-0.00001330,-0.00000561,0.0000
1499,-0.00000606,-0.00000303,0.00003017,-0.00001299,-0.00000020,-0.00000166,-0.0
0001928,0.00000118,0.00000250,0.00001020,0.00042927,0.00026712,-0.00033499,0.000
09060,0.00029625,0.00034461,0.00001216,0.00000236,0.00000975,0.00000233,-0.00000
389,0.00000760,0.00010838,-0.00000903,0.00001888,-0.00008629,0.00005189,0.000069
98,-0.00003400,-0.00002276,-0.00002517,0.00000169,0.00001285,0.00002601,0.000013
36,0.00003332,-0.00001721,-0.00001366,-0.00002369,-0.00000727,-0.00003300,-0.000
01776,-0.00001254,0.00000543,0.00000423,-0.00001348,0.00000868,0.00000069,-0.000
01706,0.00000865,-0.00004024,0.00002086,-0.00002779,0.00001208,-0.00003786,0.000
00413,0.00001565,-0.00003109,-0.00001906,0.00002904,0.00002079,-0.00002396,-0.00
002942,-0.00001441,0.00229715,0.00174160,-0.00029626,-0.01962755,0.01054722,-0.0
2014894,-0.03651657,0.04984745,-0.09510475,-0.13828243,-0.09176769,0.51805631,0.
00001233,0.00007062,0.00004274,0.00016238,-0.00008553,0.00004557,-0.00008356,-0.
00013675,-0.00005473,-0.00011836,-0.00005565,-0.00009523,0.00000584,-0.00000635,
0.00000438,0.00000078,-0.00000551,-0.00000164,0.00000072,0.00000256,0.00000101,0
.00019670,0.00000016,-0.00040719,-0.00005264,0.00005814,-0.00003275,-0.00000916,
0.00000920,0.00002805,-0.00004151,0.00002615,0.00018496,0.00001416,-0.00000720,-
0.00000006,0.00001215,0.00000432,-0.00000074,-0.00000257,-0.00000360,-0.00000976
,-0.00000194,0.00000188,-0.00000059,0.00000458,0.00000399,0.00000123,0.00000232,
0.00000131,-0.00000228,0.00010489,-0.00003066,-0.00010088,-0.00005527,-0.0000360
1,0.00004469,-0.00005618,0.00000118,0.00000677,-0.00000121,0.00007456,-0.0000014
8,0.00000558,0.00000984,-0.00000943,0.00000107,-0.00000122,-0.00000450,-0.000001
60,0.00000184,-0.00001049,0.00000834,0.00001141,-0.00001003,0.00000351,-0.000003
00,-0.00001100,0.00000167,0.00000447,0.00000670,-0.00009278,-0.00002003,0.000156
87,-0.00007755,-0.00007923,0.00004214,0.00001287,-0.00000346,0.00000512,0.000004
37,-0.00000117,0.00000818,0.00012868,0.00004866,0.00006272,-0.00001634,-0.000041
01,-0.00002138,-0.00000598,0.00000497,0.00001466,0.00001235,0.00001809,0.0000214
2,0.00000957,0.00002168,0.00001082,-0.00000643,0.00000758,-0.00000563,0.00001141
,0.00000813,-0.00000037,-0.00000086,-0.00000148,-0.00000065,0.00001165,0.0000255
7,0.00000514,0.00001041,-0.00000712,-0.00003740,0.00000202,0.00000473,-0.0000138
6,-0.00000594,-0.00000556,0.00000054,0.00000153,-0.00000782,-0.00001816,0.000004
85,0.00000904,-0.00000646,-0.00043621,-0.00008215,0.00046848,0.00054042,0.000655
71,0.00044383,-0.01342143,0.00949763,-0.00221372,-0.24719571,0.13390514,0.047078
14,0.48485904,-0.00001223,-0.00002849,-0.00000313,0.00000983,-0.00004138,-0.0000
2987,0.00001914,0.00003865,0.00003804,0.00002443,0.00002307,0.00003358,-0.000000
86,0.00000006,-0.00000090,0.00000076,0.00000134,0.00000028,-0.00000050,-0.000002
41,-0.00000259,-0.00010273,-0.00012336,0.00026391,-0.00003904,-0.00000683,0.0000
0771,-0.00000342,0.00000040,-0.00001092,0.00006930,0.00004467,-0.00006198,-0.000
00044,-0.00000818,0.00000020,-0.00000585,-0.00000445,-0.00000229,-0.00000568,0.0
0000334,0.00000495,-0.00000089,-0.00000010,0.00000271,0.00000033,-0.00000092,0.0
0000177,-0.00000147,-0.00000121,-0.00000070,-0.00010425,0.00001634,0.00005451,0.
00002748,0.00001361,-0.00003208,0.00006691,-0.00000947,-0.00001100,-0.00004869,0
.00003299,0.00001746,0.00000244,-0.00000553,-0.00000048,-0.00000256,0.00000277,-
0.00000227,0.00000034,0.00000697,0.00000409,-0.00000328,0.00000361,0.00000162,-0
.00000191,0.00000291,-0.00000204,0.00000012,0.00000280,0.00000274,0.00007887,0.0
0002413,-0.00009706,-0.00002380,0.00007721,-0.00002429,-0.00000372,0.00000219,-0
.00000040,0.00000096,-0.00000057,0.00000107,-0.00003258,-0.00001946,-0.00001741,
0.00002696,0.00004679,0.00000203,-0.00000585,0.00000023,0.00000541,0.00002459,0.
00000239,0.00000946,-0.00000874,0.00000808,0.00000360,0.00000088,-0.00000601,0.0
0000015,-0.00000517,-0.00000424,-0.00000226,-0.00000525,-0.00000182,0.00000431,-
0.00000720,-0.00002104,-0.00000176,-0.00001005,0.00001219,0.00000434,0.00000516,
-0.00000146,0.00000537,0.00001104,-0.00000208,0.00000642,-0.00000435,-0.00000272
,0.00000241,0.00000189,-0.00001055,-0.00000338,0.00023010,0.00039811,-0.00031688
,0.00007573,-0.00091320,-0.00084592,0.01566784,-0.01246938,-0.00165213,0.1058004
7,-0.12764637,-0.00363995,-0.21443576,0.37346228,-0.00003204,0.00000100,-0.00006
544,-0.00010996,0.00006808,-0.00033272,0.00016114,0.00002082,-0.00002793,0.00013
677,0.00001294,0.00010125,-0.00001065,0.00001624,-0.00000848,-0.00000171,0.00000
810,0.00000248,0.00000877,0.00000134,-0.00001243,0.00063063,0.00001858,-0.000075
43,0.00011183,-0.00004368,0.00016530,0.00001793,0.00001909,-0.00003044,-0.000259
44,0.00002842,-0.00004867,-0.00000587,0.00001675,-0.00001248,0.00000029,-0.00000
437,-0.00000301,-0.00001836,-0.00001862,0.00000009,0.00001150,0.00001818,0.00000
822,-0.00000219,0.00000069,-0.00000191,-0.00000100,0.00000089,0.00000769,0.00013
902,-0.00000393,-0.00001728,0.00000843,-0.00000954,0.00000933,0.00009682,-0.0000
3712,0.00010130,0.00000182,-0.00004073,0.00006454,-0.00000048,-0.00000709,0.0000
3442,0.00000638,-0.00000805,0.00001709,0.00000025,-0.00001986,0.00001511,0.00000
016,-0.00004383,0.00000621,-0.00002241,-0.00001354,0.00002331,0.00000711,-0.0000
0360,-0.00001324,-0.00016297,-0.00000712,0.00004053,0.00005528,0.00002648,-0.000
03133,-0.00002061,0.00000630,-0.00000547,-0.00000708,0.00000555,-0.00001650,-0.0
0017564,0.00002449,-0.00002333,0.00001399,0.00000169,-0.00002071,0.00000321,-0.0
0001656,-0.00001745,0.00002021,-0.00001132,-0.00002886,0.00003146,-0.00003239,-0
.00002188,0.00001738,-0.00000725,0.00000306,-0.00001593,-0.00000487,0.00000049,-
0.00000300,0.00000011,0.00000494,-0.00001461,-0.00001784,-0.00000233,-0.00002946
,0.00002045,0.00007058,0.00000421,0.00000260,0.00001941,-0.00001230,0.00000755,-
0.00001188,-0.00001384,0.00004895,0.00001446,-0.00001467,-0.00000787,0.00000972,
-0.00026893,0.00010443,-0.00009428,-0.00051633,0.00079069,0.00003277,-0.01243603
,0.00632398,0.00481496,0.09724395,-0.04412561,-0.10531474,-0.14340689,-0.1516484
5,0.57451788,-0.00000419,-0.00003644,-0.00001372,-0.00020210,0.00029629,0.000133
35,-0.00002348,0.00007114,0.00008724,0.00003134,0.00002561,0.00005224,0.00000277
,-0.00000393,0.00000276,0.00000475,-0.00000081,-0.00000170,-0.00000534,0.0000025
1,0.00000654,-0.00043891,0.00015535,0.00016766,0.00019123,-0.00012908,-0.0000141
0,-0.00002324,-0.00001027,-0.00001308,0.00016087,-0.00013666,-0.00001589,-0.0000
1836,-0.00002777,0.00001275,-0.00001166,-0.00000288,-0.00000003,0.00000639,0.000
00116,0.00000426,-0.00000674,0.00000050,-0.00000194,0.00000294,0.00000176,0.0000
0188,0.00000351,0.00000093,-0.00000542,-0.00004615,0.00003359,0.00002376,0.00001
634,0.00002219,-0.00001498,-0.00003179,0.00001728,-0.00006157,0.00010738,-0.0001
8414,-0.00008392,-0.00000024,0.00000330,-0.00001322,-0.00000030,0.00000757,-0.00
000697,0.00001054,0.00000623,0.00000068,-0.00000722,0.00002075,-0.00000080,0.000
01185,0.00001190,-0.00001284,-0.00000403,0.00000205,0.00000407,0.00012476,-0.000
03449,-0.00009288,-0.00009892,0.00000602,-0.00001917,0.00000186,-0.00000099,-0.0
0000277,0.00000073,-0.00000390,0.00000539,-0.00001276,-0.00004913,-0.00004175,-0
.00000307,0.00003471,0.00002274,0.00000120,0.00000790,0.00000420,-0.00001603,-0.
00000054,0.00001481,-0.00000756,0.00002035,0.00000977,-0.00000399,0.00000975,0.0
0000517,0.00000925,-0.00000192,-0.00000171,0.00000083,0.00000386,-0.00000027,0.0
0001787,0.00000018,0.00000224,0.00001553,-0.00002686,-0.00003818,0.00000359,0.00
000630,0.00000305,-0.00002118,-0.00000740,0.00001947,0.00003999,-0.00005720,-0.0
0003531,0.00002670,0.00000683,0.00000372,0.00042354,0.00001029,-0.00013216,0.000
43453,-0.00054319,0.00042719,-0.00063685,0.00476820,0.00324004,-0.02401322,0.025
99987,-0.01127176,-0.11033742,0.09331746,-0.07128817,0.48932697,0.00001265,0.000
05507,0.00001184,0.00009907,-0.00012303,-0.00026863,0.00001606,-0.00012034,-0.00
003934,-0.00002782,-0.00003601,-0.00001370,-0.00000433,0.00000644,-0.00000527,-0
.00000413,0.00000027,0.00000184,0.00000846,-0.00000065,-0.00001088,0.00049131,-0
.00018930,-0.00017175,0.00000430,0.00009246,0.00007163,-0.00000352,0.00002636,0.
00000400,-0.00022522,0.00020814,0.00001075,0.00000682,0.00000225,-0.00001216,0.0
0000403,0.00000195,-0.00000087,-0.00001587,-0.00001342,-0.00000762,0.00000830,0.
00000713,0.00000529,0.00000450,0.00000279,-0.00000209,0.00000131,0.00000103,0.00
000400,0.00005420,-0.00003884,-0.00005919,-0.00000861,-0.00001219,0.00000551,0.0
0006906,-0.00003190,0.00008659,-0.00004673,0.00012154,0.00007752,0.00000129,0.00
000121,0.00001748,0.00000691,-0.00000226,0.00000723,-0.00000012,-0.00001096,-0.0
0000232,0.00000328,-0.00002200,-0.00000822,-0.00001511,-0.00000954,0.00000329,0.
00000733,0.00000057,-0.00000344,-0.00014213,0.00002665,0.00011861,0.00002526,0.0
0001344,-0.00002954,-0.00000135,0.00000229,-0.00000305,-0.00000031,0.00000371,-0
.00000696,0.00001164,0.00005884,0.00003693,0.00001229,-0.00002661,-0.00004921,-0
.00000741,-0.00000970,0.00000127,0.00004277,-0.00000075,-0.00000381,0.00002869,-
0.00000597,-0.00000649,0.00000172,-0.00000644,-0.00000298,-0.00000485,0.00000520
,0.00000365,-0.00000347,-0.00000283,0.00000668,-0.00001289,-0.00000279,0.0000014
8,-0.00001581,0.00002800,0.00003737,-0.00000648,-0.00000186,-0.00000286,0.000008
28,-0.00000341,-0.00000545,-0.00002935,0.00003752,0.00001386,-0.00000593,0.00000
603,0.00000220,-0.00037069,-0.00002810,0.00010342,0.00060890,-0.00036999,0.00068
539,0.00389926,0.00399773,-0.00075995,0.05062008,-0.03147987,-0.01540188,0.06083
099,-0.17293612,0.13451925,-0.22134509,0.38513282,-0.00000960,-0.00003090,0.0000
0142,0.00003735,-0.00013263,-0.00000844,0.00003950,0.00006472,-0.00003668,0.0000
4469,0.00002418,0.00000647,0.00000226,-0.00000073,0.00000293,0.00000138,0.000001
69,-0.00000104,-0.00000544,-0.00000320,-0.00000080,-0.00020422,0.00003345,0.0001
3569,-0.00007610,0.00004258,0.00003555,0.00001790,-0.00001791,-0.00000430,0.0001
1910,-0.00010111,-0.00003015,0.00000425,0.00001825,-0.00000539,0.00000406,-0.000
00081,-0.00000281,0.00000775,0.00001208,0.00000208,-0.00000255,-0.00000569,-0.00
000035,-0.00000684,-0.00000549,0.00000192,-0.00000679,-0.00000284,0.00000225,-0.
00001302,0.00001868,0.00005855,0.00001089,-0.00000222,-0.00000548,0.00006898,0.0
0000816,-0.00000194,-0.00007492,0.00006741,0.00003065,-0.00000486,-0.00000572,-0
.00000130,0.00000007,-0.00000359,0.00000207,-0.00000690,0.00000266,0.00000588,-0
.00000273,0.00000533,0.00000698,-0.00000206,-0.00000411,0.00000693,-0.00000016,0
.00000098,0.00000502,0.00006124,0.00004835,-0.00007147,0.00005902,-0.00002402,0.
00006270,-0.00000716,0.00000119,0.00000750,0.00000155,-0.00000049,0.00000404,-0.
00004497,-0.00001863,-0.00001835,0.00002488,-0.00001607,0.00003580,-0.00000959,0
.00001427,-0.00000354,-0.00000088,0.00001532,-0.00000006,0.00001064,0.00000434,-
0.00002383,-0.00000354,-0.00000683,-0.00000432,-0.00000594,-0.00000551,-0.000001
31,-0.00000129,-0.00000454,-0.00000869,-0.00000121,0.00000625,0.00000359,0.00000
311,-0.00001124,0.00001627,-0.00000805,0.00000337,-0.00000837,0.00002632,-0.0000
0062,-0.00002984,-0.00001871,0.00003327,0.00004993,-0.00002803,-0.00001882,-0.00
000647,0.00008725,0.00009973,-0.00031233,0.00013202,-0.00069486,0.00018843,0.003
82973,-0.00013160,0.00326931,-0.05339735,0.01910000,0.04255931,-0.01500785,0.087
79304,-0.17837875,-0.13202892,-0.15335790,0.55138365,0.00001654,0.00003156,-0.00
000678,-0.00022426,0.00000286,0.00008915,-0.00001373,-0.00003697,0.00007022,0.00
000609,-0.00001410,0.00005817,-0.00000380,0.00000410,-0.00000521,-0.00000250,0.0
0000272,0.00000398,0.00000010,-0.00000494,0.00000539,-0.00016632,0.00002852,0.00
010602,0.00009665,0.00011148,-0.00009137,-0.00002006,0.00001426,-0.00001095,0.00
002364,-0.00004954,-0.00005316,-0.00001513,-0.00002970,0.00001157,-0.00000868,-0
.00000974,-0.00000239,-0.00001540,-0.00001856,0.,-0.00000349,0.00001420,0.000001
64,0.00000854,0.00001027,-0.00000269,0.00001181,0.00000294,-0.00000463,-0.000027
68,0.00001717,0.00003234,0.00001891,0.00001526,-0.00002251,-0.00008210,0.0000972
7,0.00000802,0.00012653,-0.00001762,-0.00005211,0.00000811,0.00001063,0.00000999
,0.00001010,0.00000693,-0.00000266,0.00002009,-0.00000442,-0.00000179,-0.0000026
7,-0.00001052,-0.00001287,-0.00000967,0.00001207,-0.00001963,-0.00000203,-0.0000
0143,-0.00000582,0.00021652,0.00002674,-0.00001506,-0.00008386,0.00001946,-0.000
17328,0.00000770,0.00000022,-0.00001232,-0.00000277,0.00000062,-0.00000519,-0.00
000085,-0.00002584,-0.00003140,0.00002999,-0.00005702,-0.00004713,0.00000371,0.0
0002329,0.00001010,0.00000544,0.00001245,-0.00000320,0.00001336,0.00001897,0.000
00172,-0.00001491,0.00001217,0.00000088,0.00001846,0.00001061,0.00001209,0.00000
248,-0.00000537,0.00000553,0.00001255,0.00000681,0.00001426,-0.00000828,-0.00000
995,-0.00000887,-0.00000242,0.00001002,-0.00000757,0.00002407,-0.00002637,0.0000
1977,-0.00000013,-0.00003330,0.00002619,0.00001936,0.00002720,0.00001038,0.00018
882,0.00002558,-0.00009342,-0.00006932,-0.00013798,0.00036529,-0.00020105,-0.000
24931,0.00115386,-0.03437939,0.00599385,0.02870872,0.03944781,-0.03706717,0.0092
5930,-0.12280992,0.01747289,0.07091375,0.47582489,-0.00004343,-0.00002224,-0.000
01672,0.00040566,-0.00015455,-0.00008435,0.00012237,0.00000056,-0.00005093,0.000
02841,0.00001170,-0.00003835,0.00000275,-0.00000032,0.00000258,0.00000517,-0.000
00306,-0.00000811,0.00000768,0.00001071,-0.00000697,0.00013752,-0.00002492,-0.00
000473,-0.00024078,-0.00006294,0.00001302,0.00001670,-0.00000649,-0.00000030,-0.
00003379,0.00004801,-0.00001060,0.00000722,0.00003694,-0.00001812,0.00001242,0.0
0000948,-0.00000106,0.00000852,0.00001128,-0.00000361,0.00000609,-0.00001253,0.0
0000403,-0.00001100,-0.00001176,0.00000049,-0.00001424,-0.00000316,0.00000700,0.
00005060,-0.00001548,-0.00000504,-0.00000969,-0.00000904,0.00001327,0.00015421,-
0.00009450,0.00003307,-0.00020614,0.00007058,0.00006833,-0.00000622,-0.00000762,
0.00000282,-0.00000630,-0.00001227,0.00000251,-0.00001993,0.00000295,0.00000894,
0.00000711,-0.00000301,0.00001150,0.00000745,-0.00001952,0.00002532,0.00000606,0
.00000362,0.00000689,-0.00014705,0.00000815,-0.00000928,0.00000697,-0.00000197,0
.00015558,-0.00001639,0.00000356,0.00001129,0.00000110,0.00000197,0.00000092,-0.
00005478,0.00003296,0.00003284,-0.00000779,0.00003094,0.00004050,-0.00000970,-0.
00002379,-0.00001435,0.00001519,-0.00000785,-0.00000343,0.00002676,-0.00001072,0
.00000049,0.00001282,-0.00001790,-0.00000043,-0.00002333,-0.00001171,-0.00001344
,0.00000170,0.00000845,-0.00000641,-0.00001308,-0.00000434,-0.00001483,0.0000043
2,0.00000658,0.00003896,-0.00001152,-0.00000261,-0.00000097,-0.00000670,0.000047
17,-0.00001618,-0.00002607,0.00005534,-0.00001326,-0.00002358,-0.00002917,-0.000
02082,-0.00009337,0.00006132,-0.00010142,-0.00001687,-0.00007796,-0.00013982,0.0
0017799,-0.00025283,-0.00013523,0.00445997,-0.00328683,-0.01057384,-0.01236962,-
0.00083201,0.02007979,-0.01618626,-0.08039788,0.07484562,-0.21935859,0.40093000,
0.00002830,0.00002555,0.00004215,0.00004591,-0.00013291,-0.00015104,-0.00016097,
-0.00002424,-0.00002297,-0.00008699,-0.00002336,-0.00006312,-0.00000032,-0.00000
212,0.00000169,-0.00000418,-0.00000009,0.00000484,-0.00000353,-0.00001029,-0.000
00559,0.00018649,-0.00001901,-0.00021886,0.00003121,0.00023822,0.00005573,-0.000
00325,0.00000351,0.00002077,-0.00002564,0.00004526,0.00009518,0.00001290,-0.0000
1366,0.00000483,-0.00000262,0.00000095,0.00000294,-0.00000033,0.00000458,0.00000
042,-0.00000232,0.00000164,0.00000015,0.00000732,0.00000359,0.00000407,0.0000028
8,0.00000035,-0.00000171,0.00000247,-0.00001464,-0.00005922,-0.00002502,-0.00001
630,0.00001117,0.00000207,-0.00005650,-0.00003097,-0.00000627,0.00009939,0.00005
158,-0.00000022,-0.00000085,-0.00001279,-0.00000046,0.00000429,0.00000095,-0.000
00175,0.00000243,-0.00001434,0.,0.00000897,-0.00000565,-0.00000109,0.00000451,-0
.00000949,0.00000070,0.00000207,0.00000575,-0.00009854,-0.00002507,0.00006404,-0
.00009784,-0.00001255,0.00002708,0.00001024,-0.00000280,0.00000243,0.00000354,-0
.00000233,0.00000602,0.00010668,0.00002131,0.00003962,-0.00000094,-0.00000501,0.
00003413,-0.00000930,0.00000860,0.00000299,-0.00001207,0.00001050,0.00001480,-0.
00001240,0.00003666,0.00000307,-0.00001129,0.00001153,-0.00000420,0.00000309,0.0
0000252,0.00000259,0.00000129,-0.00000455,-0.00000111,0.00000513,-0.00000598,0.0
0000605,-0.00000265,-0.00000233,-0.00002498,0.00000841,0.00000675,-0.00000856,0.
00003370,-0.00002559,-0.00002175,0.00001150,-0.00003730,0.00004423,0.00000398,-0
.00000091,0.00000146,-0.00016575,-0.00004545,0.00029044,-0.00004940,0.00029423,-
0.00029196,-0.00009578,0.00048901,-0.00144201,0.03107277,-0.01232428,-0.02726233
,-0.03174838,0.05375323,-0.04544525,0.12681126,0.02862073,-0.26487555,-0.1231188
5,-0.16912496,0.55703389,-0.00002843,0.00000194,-0.00003722,-0.00028439,0.000194
20,-0.00032838,0.00013836,0.00005868,-0.00003303,0.00007438,0.00000677,0.0000190
4,0.00000246,0.00000203,-0.00000025,0.00000143,0.00000256,-0.00000940,-0.0000088
0,0.00000421,-0.00001360,0.00011458,0.00003470,-0.00002208,-0.00000284,-0.000111
55,0.00023382,0.00000155,-0.00000735,-0.00000497,-0.00006985,-0.00005222,0.00003
420,-0.00001591,0.00001012,-0.00000388,0.00001021,0.00000250,0.00000021,0.000004
94,-0.00000787,-0.00000173,0.00000215,0.00000552,0.00000449,-0.00000413,-0.00000
174,-0.00000159,-0.00000086,0.00000134,0.00000311,0.00011443,-0.00000328,-0.0000
1743,0.00000356,-0.00001061,0.00000121,0.00012388,-0.00008361,0.00008744,0.00004
530,-0.00019520,0.00006470,-0.00000158,-0.00000410,0.00000712,0.00000481,-0.0000
0708,0.00000323,-0.00000313,-0.00000179,0.00001056,0.00000169,-0.00001150,0.0000
0579,-0.00000305,-0.00000963,0.00001581,0.00000295,0.00000182,0.00000083,-0.0001
7342,0.00002582,-0.00003412,-0.00041827,-0.00033238,-0.00027876,-0.00001007,0.00
000274,0.00000065,-0.00000046,0.00000174,-0.00000094,-0.00008712,-0.00000769,-0.
00000278,-0.00004042,-0.00000229,0.00001666,-0.00000229,-0.00001676,-0.00001793,
0.00001272,0.00000195,0.00000278,0.00003175,0.00001164,-0.00000999,0.00000974,-0
.00000057,0.00000116,-0.00001131,-0.00000241,-0.00000031,-0.00000587,-0.00000302
,-0.00000256,-0.00000459,0.00000499,-0.00000076,0.00000249,0.00000199,0.00002468
,-0.00000631,0.00000005,0.00000360,-0.00001328,-0.00001109,-0.00001872,0.0000025
3,0.00002972,0.00001214,-0.00001340,-0.00000953,0.00000152,-0.00024029,0.0000150
9,0.00007402,0.00041472,-0.00061156,0.00005332,0.00159821,0.00186809,0.00325461,
0.03646215,-0.01263945,-0.02678787,-0.03106463,0.02938927,-0.01196042,-0.0267724
9,-0.01798872,0.06767388,-0.23662783,0.13181903,0.03908258,0.47935173,-0.0000179
1,-0.00002670,0.00000123,0.00033371,-0.00023372,-0.00014690,0.00006336,-0.000005
29,-0.00000933,0.00002364,0.00001983,-0.00000963,-0.00000118,-0.00000007,-0.0000
0043,-0.00000092,0.00000278,-0.00000128,0.00000824,0.00000032,-0.00000908,-0.000
11248,-0.00011145,0.00033682,-0.00038793,-0.00009933,0.00001638,0.00000064,-0.00
000287,-0.00000752,0.00004061,0.00006671,-0.00011837,0.00000032,0.00001007,-0.00
000838,-0.00000377,0.00000281,0.00000085,-0.00000367,0.00000669,0.00000343,0.000
00098,-0.00000101,0.00000380,-0.00000439,-0.00000571,0.00000334,-0.00000840,-0.0
0000378,0.00000320,-0.00007166,0.00000286,0.00004734,0.00001918,0.00001438,-0.00
004659,0.00009134,-0.00018517,-0.00000997,-0.00026347,0.00015989,0.00011798,-0.0
0000655,-0.00001364,0.00000207,-0.00000415,-0.00000348,0.00000023,-0.00001366,0.
00000792,0.00000147,-0.00000077,-0.00000213,0.00000668,0.00000149,-0.00001190,0.
00001237,0.00000315,0.00000407,0.00000545,0.00011187,0.00007951,-0.00009324,-0.0
0007124,0.00025290,0.00003517,-0.00000936,0.00000671,0.00000723,0.00000205,0.000
00137,0.00000179,-0.00002253,0.00001150,0.00002666,-0.00002368,0.00011563,0.0000
5414,-0.00001175,-0.00002412,-0.00001435,0.00000383,-0.00001441,0.00001243,-0.00
001060,0.00002083,0.00000427,0.00001490,-0.00001604,-0.00000204,-0.00002906,-0.0
0001601,-0.00001126,-0.00000141,-0.00000017,0.00000062,-0.00001084,-0.00002756,-
0.00001805,-0.00000625,0.00001365,0.00001890,0.00000451,0.00000127,0.00000598,0.
00000766,0.00001028,0.00001051,0.00000586,0.00000034,-0.00000496,0.00000306,-0.0
0002529,-0.00000767,0.00008102,-0.00007655,-0.00033162,0.00075714,-0.00077995,0.
00136096,0.00187220,0.00336422,0.00277504,-0.03266031,-0.00132764,0.04549647,0.0
2801914,-0.03087987,0.00714816,0.00699329,0.02547199,-0.04978576,0.09810742,-0.1
3000965,0.00361925,-0.20336216,0.38802848,0.00001265,0.00008867,0.00004122,0.001
37356,-0.00101214,0.00127391,0.00003509,-0.00044150,0.00021871,-0.00010126,-0.00
009302,-0.00000120,-0.00000966,0.00000873,-0.00000673,0.00000311,-0.00001011,0.0
0000458,0.00005214,0.00001334,0.00002316,-0.00046718,-0.00025804,0.00011373,-0.0
0137342,0.00007699,-0.00096170,-0.00004283,0.00006480,0.00000214,0.00012065,0.00
024128,-0.00007247,-0.00001554,-0.00004073,-0.00000510,-0.00002527,-0.00001939,-
0.00000191,-0.00005340,-0.00003928,-0.00001403,0.00000032,0.00001135,0.00000202,
0.00001115,0.00001267,0.00000010,0.00001047,0.00000273,-0.00000413,-0.00016091,-
0.00004283,0.00001980,0.00003211,0.00006022,-0.00010238,-0.00006030,0.00010225,-
0.00022417,-0.00049878,0.00065143,-0.00021872,0.00002165,0.00003111,0.00002858,0
.00001147,0.00001277,-0.00001061,0.00002746,-0.00000737,-0.00000711,0.00001140,-
0.00001966,-0.00003629,-0.00002604,0.00001259,-0.00004028,0.00000304,-0.00000021
,-0.00000664,0.00015354,0.00007778,-0.00013611,-0.00054806,-0.00037287,-0.000173
80,0.00001123,-0.00000144,-0.00001061,-0.00000929,0.00000279,-0.00000999,0.00011
588,0.00007314,0.00003870,-0.00000064,-0.00001090,0.00000930,0.00001353,0.000001
21,0.00001778,-0.00001480,-0.00000737,-0.00001470,-0.00002775,0.00000120,0.00002
879,-0.00001934,0.00001726,0.00000575,0.00000794,0.00000465,-0.00000420,0.000027
04,0.00001687,-0.00000400,0.00001728,0.00001286,-0.00000635,0.00000481,-0.000006
76,-0.00004316,0.00000231,0.00000851,-0.00002336,0.00004675,0.00009123,0.0000422
7,-0.00001084,-0.00003139,0.00000335,0.00001204,0.00001074,-0.00002983,0.0004328
5,0.00006844,0.00004387,-0.00017273,-0.00013005,-0.00031440,0.00318760,0.0034630
4,-0.00359639,0.00671278,0.01911815,-0.04126402,-0.01008239,0.00590164,0.0001753
7,0.02588948,-0.01577720,-0.00717134,0.09379348,-0.04097813,-0.10503939,-0.14592
475,-0.16978015,0.57573102,0.00020411,0.00010922,0.00012914,0.00057765,-0.000908
23,0.00031256,-0.00085126,-0.00010859,0.00006666,-0.00012224,-0.00004914,-0.0000
4235,-0.00000112,0.00000083,0.00000296,-0.00000088,-0.00000587,0.00001021,0.0000
1110,-0.00000582,0.00001574,-0.00017725,-0.00007451,-0.00042572,-0.00044679,0.00
016142,-0.00029859,-0.00002607,0.00002315,0.00002712,0.00006068,0.00015586,0.000
05451,-0.00000017,-0.00001579,-0.00001645,-0.00000711,0.00001018,-0.00000858,-0.
00000797,-0.00001177,-0.00003329,0.00000497,-0.00000078,-0.00001345,0.00001148,0
.00000832,0.00000307,0.00001330,0.00000915,-0.00000626,-0.00019196,0.00003311,-0
.00003297,-0.00002586,0.00000412,-0.00005931,-0.00015398,-0.00030629,-0.00011287
,-0.00035660,0.00060187,0.00001141,-0.00002082,0.00000325,0.00001284,0.00001023,
-0.00000962,0.00000821,0.00000027,-0.00002261,-0.00001838,-0.00000777,0.00000311
,-0.00000143,-0.00003034,-0.00000208,-0.00002441,-0.00000156,-0.00001145,-0.0000
0091,0.00012159,0.00028600,0.00017852,0.00001749,-0.00047406,-0.00017469,0.00003
837,0.00000085,-0.00000650,-0.00000401,-0.00000191,-0.00000142,0.00019428,-0.000
02418,-0.00001752,-0.00001409,-0.00009178,0.00000598,-0.00001191,0.00000553,0.00
001161,0.00003358,0.00003411,0.00000584,0.00002640,0.00002171,-0.00000237,-0.000
04004,0.00001103,-0.00001297,-0.00000193,0.00001330,0.00001045,-0.00000126,-0.00
000827,0.00000417,-0.00000627,0.00002368,0.00001898,0.00002014,0.00000641,0.0000
2156,-0.00002592,0.00000256,-0.00004275,0.00003879,0.00001021,0.00000211,-0.0000
1731,0.00004359,0.00004074,-0.00002789,0.00001525,-0.00000629,0.00046122,0.00037
538,-0.00045749,-0.00142553,-0.00003970,-0.00092848,0.00430429,0.00151084,-0.003
43889,-0.10791200,-0.01518709,0.10052475,-0.02633886,0.00736745,0.02457535,0.002
02583,-0.00571049,-0.00114096,-0.02453247,0.02702419,-0.00973035,-0.10357582,0.0
8405716,-0.06384485,0.45361728,-0.00011911,-0.00010369,-0.00007583,-0.00063741,0
.00073272,-0.00032413,0.00049686,0.00008422,-0.00000076,0.00011576,0.00004346,0.
00009575,0.00000040,0.00000127,-0.00000359,0.00000422,0.00000612,-0.00000827,-0.
00000345,0.00000922,-0.00000562,0.00027710,-0.00010290,0.00042158,0.00049774,-0.
00022854,0.00020021,-0.00000248,-0.00000956,-0.00003462,-0.00006140,0.00001951,-
0.00003466,-0.00001759,-0.00000625,0.00001440,-0.00000492,-0.00001159,0.00000173
,-0.00000080,0.00000249,0.00002105,-0.00000363,0.00000075,0.00000730,-0.00000421
,-0.00000367,-0.00000432,-0.00000533,-0.00000457,0.00000286,0.00003253,-0.000024
49,0.00002277,0.00004010,0.00002077,-0.00000484,-0.00039835,-0.00010342,-0.00004
555,0.00023675,-0.00036493,-0.00006030,0.00001406,0.00000213,-0.00000404,-0.0000
0126,0.00001042,-0.00001236,0.00001331,0.00001654,0.00001561,0.00000050,-0.00000
008,-0.00000568,0.00000759,0.00001335,-0.00000030,0.00000065,0.00000811,-0.00000
234,-0.00009867,-0.00019375,-0.00003582,-0.00044039,-0.00001609,-0.00034073,-0.0
0002607,-0.00000375,-0.00000053,0.00000105,0.00000007,-0.00000182,-0.00015282,0.
00000759,-0.00002409,0.00000618,0.00008729,-0.00001590,0.00000666,-0.00002081,-0
.00000622,-0.00000231,-0.00001734,0.00000743,-0.00001631,-0.00000220,0.00000297,
0.00002474,0.00000010,0.00001595,-0.00000056,-0.00001373,-0.00000617,-0.00000403
,0.00000629,0.00000576,0.00000071,-0.00002432,-0.00000961,0.00000415,0.00001594,
-0.00002346,0.00002062,-0.00000341,0.00003506,-0.00003875,-0.00001927,0.00002962
,0.00004243,-0.00004279,-0.00004710,0.00003748,-0.00000115,0.00001902,-0.0001633
7,0.00024075,-0.00030849,0.00065987,-0.00199559,0.00001599,0.00003268,-0.0082850
4,0.01831289,0.00936098,-0.07663716,0.02645321,-0.01435707,0.02178168,-0.0153492
1,-0.00627850,-0.01692175,0.02627759,0.05078758,-0.03015964,-0.01649079,0.058289
62,-0.17901777,0.13491533,-0.22424966,0.42906357,-0.00000299,0.00004553,-0.00001
032,0.00026569,0.00002131,0.00000218,0.00005727,-0.00004819,-0.00006363,-0.00003
591,-0.00002776,-0.00009980,0.00000177,-0.00000402,0.00000188,-0.00000688,-0.000
00490,-0.00000006,0.00000015,-0.00000454,-0.00000295,-0.00054041,0.00031508,-0.0
0014764,-0.00009074,-0.00000202,0.00006061,0.00001457,-0.00001639,0.00003305,0.0
0018319,-0.00030942,0.00014307,-0.00000047,0.00001343,0.00000387,0.00000740,0.00
000536,0.00000858,0.00001107,0.00000088,0.00000165,-0.00000735,-0.00000139,-0.00
000097,-0.00000261,-0.00000100,0.00000256,-0.00000056,-0.00000258,0.00000110,0.0
0010301,0.00003083,-0.00000792,-0.00003391,-0.00001504,0.00000203,-0.00019045,-0
.00010567,0.00000351,-0.00010839,-0.00000287,0.00002505,0.00000008,-0.00000139,-
0.00000487,-0.00000389,-0.00000254,0.00000329,-0.00000964,0.00000154,-0.00000259
,0.00000363,-0.00000130,-0.00000143,0.00000531,-0.00001277,0.00001161,-0.0000016
2,0.00000282,0.00000346,0.00007006,0.00004814,-0.00005850,-0.00009672,-0.0002207
1,0.00028418,0.00000938,-0.00000165,0.00000822,0.00000394,0.00000133,0.00000492,
0.00006114,0.00002188,0.00007951,0.00001053,0.00002656,0.00004166,0.00000299,0.0
0000144,-0.00000595,-0.00003566,-0.00000215,0.00001232,-0.00001224,0.00001460,-0
.00000126,0.00000002,0.00000242,-0.00000537,-0.00000439,-0.00000501,-0.00000852,
0.00000904,0.00000184,-0.00001058,0.00001987,0.00001965,-0.00001486,0.00002379,-
0.00003189,-0.00003649,-0.00000359,0.00001251,-0.00001306,0.00001620,0.00001658,
-0.00002058,0.00001470,-0.00000857,0.00001498,-0.00000713,-0.00001180,-0.0000149
4,0.00005766,-0.00021209,0.00019510,-0.00008686,0.00150492,-0.00026376,-0.001386
53,0.01774590,-0.02626911,0.05718612,0.05928528,-0.24134941,0.06152122,-0.045419
30,-0.00662524,-0.00087559,0.02590345,-0.04909174,-0.05001607,0.01596542,0.04222
471,-0.02156200,0.10242413,-0.18337591,-0.06333590,-0.20104344,0.55793703,0.0003
4177,0.00016494,0.00010600,0.00076734,-0.00125616,-0.00062536,-0.00134913,-0.000
66165,-0.00056462,-0.00008837,0.00003089,0.00004759,0.00001365,0.00001357,-0.000
00613,-0.00002545,0.00001944,-0.00000152,-0.00001406,-0.00003053,-0.00003509,0.0
0077961,-0.00050780,-0.00053445,-0.00040721,0.00038295,0.00009283,-0.00001230,-0
.00001912,0.00002905,-0.00019162,0.00033588,0.00013315,0.00001157,-0.00003082,0.
00003350,0.00000639,0.00000941,0.00001684,0.00002366,-0.00002961,-0.00000418,0.0
0000656,0.00003122,0.00000873,0.00002714,0.00002389,-0.00000439,0.00003916,0.000
01397,0.00000619,-0.00014628,0.00000091,-0.00016605,-0.00005536,-0.00008603,-0.0
0007395,0.00004324,-0.00022155,0.00005594,-0.00027686,0.00111115,0.00037062,0.00
001001,-0.00000054,0.00003319,0.00002227,0.00001271,0.00003817,0.00003660,-0.000
01220,-0.00002295,-0.00000984,-0.00000445,-0.00003401,-0.00004723,0.00003283,-0.
00005244,0.00000689,0.00000047,0.00000091,-0.00080380,-0.00028647,-0.00018078,0.
00017569,0.00028382,0.00023256,0.00003017,-0.00002025,-0.00002958,-0.00000215,-0
.00000127,0.00000166,0.00006855,-0.00008720,0.00011380,0.00004462,-0.00001604,-0
.00000834,-0.00002366,-0.00003221,-0.00001565,0.00002652,0.00002621,0.00000904,0
.00001055,0.00001665,-0.00000704,-0.00001701,0.00000469,-0.00000941,-0.00001813,
0.00001018,0.00001433,-0.00000977,-0.00001113,0.00000465,-0.00001748,-0.00000809
,0.00000470,-0.00001265,0.00000105,0.00005238,-0.00001282,-0.00000047,-0.0000049
7,0.00001846,-0.00001107,-0.00002241,-0.00002518,0.00004231,0.00003240,-0.000022
83,-0.00001002,-0.00000188,-0.00052300,0.00006092,-0.00001934,-0.00213149,0.0005
7328,0.00043132,-0.00281445,-0.00493051,0.01513822,-0.03131250,0.00994717,0.0318
0057,0.00394023,-0.00083105,0.00495915,-0.00213674,0.00100827,0.00074939,0.00631
482,0.00231333,-0.00219264,-0.01491613,0.01566286,-0.00754907,-0.16516244,0.0804
0334,0.01624780,0.50705699,-0.00010357,-0.00004149,-0.00002216,-0.00081488,0.000
55394,0.00040902,0.00114829,0.00006678,-0.00001021,0.00014311,-0.00000477,0.0000
8891,-0.00000393,0.00000875,-0.00000873,-0.00000342,-0.00000336,0.00000503,0.000
00652,0.00001411,0.00001091,-0.00036151,0.00098483,0.00084780,0.00032758,-0.0002
0416,-0.00004741,0.00002869,-0.00001394,-0.00004011,-0.00019124,-0.00038380,-0.0
0049023,-0.00002131,0.00000090,0.00002245,-0.00000609,-0.00001506,0.00000988,-0.
00001330,-0.00001022,0.00002369,-0.00000618,0.00000995,0.00001091,-0.00000631,-0
.00000098,0.00000169,-0.00000589,-0.00000544,0.00000905,0.00006588,-0.00007990,0
.00015520,0.00008445,-0.00000105,-0.00000242,-0.00020733,0.00023429,-0.00023218,
-0.00015463,-0.00063454,-0.00025830,0.00001770,0.00002137,0.00000848,0.00000539,
0.00001616,-0.00000357,0.00001776,0.00000380,0.00000289,0.00000583,-0.00000672,-
0.00002724,0.00000419,0.00000742,-0.00001113,-0.00000519,0.00001067,-0.00001191,
-0.00066063,-0.00067775,-0.00053526,-0.00018645,-0.00067037,-0.00036336,-0.00001
951,-0.00001015,-0.00000375,-0.00000132,0.00000636,-0.00000766,-0.00007340,0.000
06758,0.00004690,0.00001992,-0.00001707,0.00001476,0.00002635,0.00000786,0.00000
205,-0.00001246,0.00000959,-0.00000566,-0.00000664,-0.00001015,0.00000504,0.0000
1493,-0.00000180,0.00001052,0.00001520,-0.00000543,0.00000008,0.00000053,0.00000
938,0.00000386,0.00000726,-0.00000374,0.00000845,0.00000480,0.00000015,-0.000035
81,0.00001894,0.00000880,0.00002155,-0.00001213,0.00000405,0.00002571,0.00002323
,-0.00002983,-0.00001402,0.00001588,0.00001036,0.00001167,0.00092016,0.00025509,
-0.00080691,-0.00050277,-0.00148858,-0.00082595,-0.00335186,0.00308834,0.0062176
1,0.01297858,0.00202599,-0.01444485,0.00006433,0.00490925,0.00154109,0.00134462,
-0.00092310,-0.00060989,0.00090567,0.00268642,0.00689727,0.02013760,-0.01861357,
0.00293931,0.08260083,-0.11570078,-0.00627439,-0.18965877,0.34442029,-0.00009709
,0.00007606,-0.00007492,-0.00012957,0.00032632,0.00019533,0.00028659,-0.00025794
,0.00001473,-0.00004670,-0.00008179,-0.00014350,0.00001072,-0.00001339,0.0000045
2,0.00001043,-0.00001598,-0.00001405,0.00002108,0.00004389,0.00000128,-0.0017813
4,-0.00183554,-0.00061253,0.00010186,-0.00015233,0.00000475,-0.00004634,0.000023
22,0.00002539,0.00128416,0.00033124,0.00078382,-0.00001056,0.00000658,-0.0000589
9,-0.00000133,0.00000314,0.00001234,-0.00000531,0.00000499,-0.00000010,-0.000006
57,-0.00003461,-0.00000408,-0.00000235,-0.00002073,0.00002112,-0.00001395,-0.000
01984,-0.00000597,-0.00028459,0.00007316,0.00029966,0.00014010,0.00010884,0.0000
8312,-0.00001179,-0.00012811,-0.00000221,-0.00016266,-0.00040729,0.00014397,0.00
001578,0.00000808,-0.00000317,0.00000929,0.00000948,-0.00002607,-0.00000765,0.00
002022,-0.00000230,0.00001891,0.00003997,-0.00003383,0.00000204,-0.00002749,0.00
001882,0.00000039,0.00001210,0.00001331,-0.00019218,0.00001808,-0.00081222,-0.00
004241,-0.00021439,-0.00000933,0.00002901,0.00001123,0.00003822,0.00001528,0.000
00513,0.00000439,0.00044081,0.00001942,-0.00009083,0.00000261,0.00012492,0.00001
373,0.00001480,0.00002640,0.00001663,-0.00000272,-0.00003899,0.00002053,-0.00000
700,0.00003001,0.00000798,0.00000841,-0.00001364,0.00000594,-0.00000297,-0.00001
814,-0.00002591,0.00001199,0.00001436,-0.00001402,0.00001302,0.00002544,-0.00001
749,0.00003318,-0.00000123,-0.00002017,-0.00001644,0.00001630,-0.00002348,-0.000
00387,0.00002256,-0.00000282,0.00002221,-0.00000466,-0.00002243,0.00000377,0.000
00013,-0.00001091,-0.00002012,0.00006901,0.00022849,0.00185727,0.00051421,-0.000
49289,0.01374530,0.00697351,-0.03029894,0.02583322,-0.01059283,-0.01419017,0.003
04469,0.00319627,-0.00372105,0.00006757,0.00000518,-0.00027460,0.00027614,0.0048
5019,-0.00054137,-0.01460599,0.00873205,0.00428954,0.01057019,-0.00310594,-0.066
01198,-0.18359449,-0.11430981,0.58085391,0.00002173,0.00033694,-0.00008967,-0.00
024097,-0.00054157,0.00031913,-0.00263944,-0.00224623,-0.00317805,-0.00018933,-0
.00004002,0.00003832,0.00001026,0.00001213,-0.00001503,0.00000676,0.00000439,0.0
0000701,0.00006673,0.00003849,-0.00002688,-0.00094079,-0.00080271,0.00031640,0.0
0005658,0.00000094,-0.00005375,-0.00007439,0.00003770,-0.00002757,0.00057019,0.0
0006228,0.00014754,-0.00000785,0.00001280,-0.00005361,0.00006421,-0.00000764,0.0
0003448,0.00001238,-0.00000256,0.00008186,-0.00001578,0.00003883,0.00007353,0.00
003481,0.00002610,-0.00000412,0.00002891,-0.00000104,0.00001340,0.00003137,0.000
15830,0.00012097,-0.00001939,-0.00004786,0.00034242,0.00005923,-0.00008917,-0.00
000035,-0.00126522,-0.00184637,-0.00028539,0.00008505,0.00003227,0.00008899,0.00
002306,0.00003891,0.00002408,0.00007304,0.00000597,-0.00000847,0.00005684,-0.000
01274,-0.00009624,-0.00009805,-0.00005389,0.00001769,0.00000418,0.00003529,0.000
00791,0.00019850,0.00001636,-0.00076991,-0.00014023,0.00011354,-0.00001730,0.000
06265,-0.00001476,0.00000273,-0.00000070,0.00000009,-0.00000480,0.00059494,0.000
00550,-0.00012240,0.00004740,0.00009744,0.00000377,-0.00002140,0.00000648,-0.000
00652,-0.00000694,-0.00001944,-0.00000797,-0.00001400,0.00000203,-0.00000647,0.0
0002321,0.00000169,0.00002674,-0.00000353,-0.00001061,0.00000120,0.00000493,0.00
002499,-0.00001720,-0.00000679,-0.00002400,-0.00001426,-0.00000883,0.00000034,0.
00000383,-0.00000245,0.00000028,0.00002338,-0.00001361,0.00002575,0.00000787,0.0
0000086,-0.00000599,-0.00001026,-0.00000231,-0.00002570,-0.00000425,0.00025663,-
0.00017969,-0.00013292,-0.00033066,0.00040372,0.00138060,0.00238902,0.00220755,0
.00061827,0.00045819,0.00309707,-0.00330305,-0.00146973,0.00084212,0.00078322,0.
00058025,-0.00049456,0.00000890,-0.00085587,0.00030917,0.00073657,0.00183407,-0.
00249331,0.00199048,-0.02558053,0.00840843,0.01760417,-0.17314139,0.03862461,0.1
0405622,0.47954752,-0.00015627,-0.00009315,-0.00013011,-0.00074786,-0.00077162,-
0.00064017,0.00155720,-0.00013969,0.00098088,0.00026106,-0.00001404,0.00019401,0
.00000634,0.00001548,-0.00001085,-0.00001241,0.00002444,-0.00004026,-0.00003636,
0.00000047,-0.00003246,-0.00006652,-0.00014429,0.00068792,0.00020317,-0.00009994
,0.00029786,-0.00003719,0.00004623,-0.00006210,-0.00027748,0.00031995,-0.0003233
9,-0.00014002,-0.00004060,0.00001697,-0.00001529,-0.00004236,0.00002217,-0.00003
148,-0.00004701,0.00001650,-0.00001683,0.00000062,-0.00000167,-0.00000893,-0.000
01932,0.00002881,-0.00001004,-0.00001777,0.00002001,-0.00027055,-0.00022956,0.00
014508,0.00025868,0.00028421,-0.00055270,-0.00009931,0.00001621,-0.00002013,-0.0
0118772,-0.00265878,0.00052531,0.00000226,-0.00000713,-0.00000300,0.00004573,0.0
0001005,-0.00003580,0.00002666,0.00002261,0.00004184,-0.00003960,-0.00005776,0.0
0003287,-0.00004261,0.00001823,0.00002819,0.00000385,0.00002084,-0.00002199,0.00
000569,-0.00012335,-0.00047393,0.00007368,-0.00002267,0.00001388,-0.00013809,-0.
00000941,-0.00001356,0.00001251,0.00001485,-0.00001830,-0.00067618,0.00018417,0.
00001748,-0.00001120,0.00004986,0.00004611,0.00003340,0.00001036,-0.00001675,0.0
0000185,-0.00002352,0.00001144,0.00000101,0.00000836,-0.00000232,0.00002300,-0.0
0006003,-0.00000011,-0.00002006,-0.00000848,-0.00001885,-0.00001149,-0.00000024,
0.00000469,-0.00000311,-0.00000452,-0.00000816,-0.00000221,0.00001272,0.00001476
,0.00000858,0.00000297,0.00001008,0.00000237,-0.00000650,-0.00001834,0.00000029,
0.00001607,0.00000168,-0.00000477,-0.00001462,-0.00000581,0.00007890,0.00002332,
-0.00028562,-0.00107586,0.00016441,0.00059186,0.00262332,0.00209863,0.00440556,0
.00274444,-0.00097002,0.00172556,0.00080012,-0.00008023,-0.00053583,-0.00021412,
0.00021511,-0.00003917,0.00012045,-0.00003717,-0.00018014,-0.00014193,0.00076897
,-0.00100539,0.01327928,-0.00266825,-0.01360010,0.01367115,-0.06913220,0.0169536
2,-0.20200324,0.35810862,0.00008204,0.00032296,0.00015797,-0.00004029,0.00033363
,0.00175847,-0.00116598,-0.00188938,0.00010825,-0.00032646,-0.00024143,-0.000168
14,-0.00001555,0.00002897,-0.00001682,-0.00000605,-0.00004194,0.00000437,0.00007
431,0.00004669,0.00002506,-0.00028173,-0.00001779,-0.00016411,-0.00037390,-0.000
18527,-0.00078865,-0.00006417,0.00009668,0.00008736,-0.00019933,0.00013498,-0.00
033569,-0.00011051,-0.00006159,-0.00000650,-0.00000707,-0.00000241,0.00002693,-0
.00005024,-0.00007657,-0.00000205,0.00000290,0.00003640,0.00002929,0.00002647,0.
00003296,0.00000961,0.00003462,0.00001360,0.00000866,-0.00030241,-0.00000844,-0.
00017661,-0.00002100,0.00009904,-0.00036745,-0.00002645,-0.00004864,-0.00016430,
-0.00070784,-0.00098760,-0.00063841,0.00003710,0.00004792,0.00007354,0.00003357,
0.00002786,-0.00000651,0.00004843,-0.00001211,-0.00001548,0.00003334,-0.00004982
,-0.00008201,-0.00008594,-0.00001586,-0.00004716,0.00000794,0.00001284,-0.000012
86,0.00031361,0.00005337,-0.00014120,0.00011285,-0.00015126,-0.00009073,0.000031
96,-0.00001412,-0.00001493,-0.00001946,0.00001107,-0.00002049,0.00017096,0.00031
122,0.00027126,-0.00000544,-0.00005837,-0.00004104,0.00001375,-0.00001079,0.0000
0724,0.00000017,-0.00000206,-0.00004442,0.00001165,-0.00001149,0.00001676,-0.000
03526,0.00001850,0.00001945,0.00001086,0.00002060,0.00000183,0.00001687,0.000038
46,-0.00000800,0.00000123,0.00002334,0.00000044,0.00001766,-0.00000598,-0.000018
70,-0.00000887,-0.00000928,-0.00001890,-0.00000388,0.00006573,0.00002868,0.00000
517,-0.00000652,-0.00000194,-0.00000435,0.00002870,-0.00001213,0.00048417,0.0001
2907,0.00004429,-0.00020524,-0.00027147,-0.00042605,0.00204593,0.00450657,-0.003
12276,-0.00235059,0.00128849,0.00339960,0.00108060,-0.00073817,0.00003638,-0.000
40232,0.00030142,0.00002710,0.00079731,-0.00027901,-0.00074009,-0.00197241,0.002
03397,-0.00095859,0.01098004,-0.00764921,-0.00058705,0.14701413,-0.01465188,-0.2
2019846,-0.11233434,-0.17463499,0.58396310,0.00040204,0.00025187,0.00040672,-0.0
0032069,0.00047283,0.00008376,0.00155814,-0.00199044,0.00074251,-0.00035865,-0.0
0014390,-0.00031074,0.00001478,0.00000509,-0.00000663,-0.00006112,-0.00001127,0.
00000313,-0.00001655,-0.00003166,-0.00000572,0.00035749,0.00032996,0.00067585,0.
00004157,-0.00012393,0.00003982,0.00002669,-0.00000664,0.00013006,-0.00025164,0.
00033566,-0.00014389,-0.00019096,0.00003462,0.00003081,-0.00000904,0.00001554,0.
00002940,0.00006508,0.00000814,-0.00000051,-0.00000136,-0.00003741,-0.00000260,-
0.00002735,-0.00003288,0.00000712,-0.00001156,-0.00001820,0.00003382,-0.00035587
,-0.00024118,-0.00001076,0.00002550,0.00009249,-0.00111517,-0.00012411,0.0001254
9,-0.00009708,-0.00009789,-0.00242024,0.00063558,-0.00003718,-0.00003719,-0.0000
1647,0.00001258,-0.00002257,0.00000654,-0.00005805,0.00003922,-0.00003476,-0.000
04989,-0.00001422,0.00002328,0.00003900,-0.00004254,-0.00003316,0.00002999,0.000
01944,0.00001076,-0.00012052,-0.00054092,-0.00035101,-0.00006429,-0.00001558,0.0
0004406,-0.00021245,-0.00002419,-0.00002522,-0.00000092,-0.00000171,0.00001260,-
0.00296072,0.00026125,0.00023372,-0.00003961,0.00006557,0.00008483,0.00002948,-0
.00002882,-0.00002398,-0.00000797,-0.00002118,0.00001479,-0.00001069,0.00000311,
-0.00000489,0.00001809,-0.00008964,-0.00002591,-0.00002723,-0.00001114,-0.000028
19,0.00000044,0.00001472,0.00000589,0.00000031,-0.00001208,-0.00001755,-0.000001
52,0.00000509,-0.00000040,0.00000342,0.00001139,-0.00000726,0.00000513,0.0000233
0,-0.00000440,0.00000002,0.00000339,-0.00000151,-0.00000479,-0.00002528,-0.00001
798,0.00004106,0.00014529,-0.00022644,-0.00030350,-0.00020867,-0.00036744,-0.000
10376,0.00045478,-0.00020812,-0.00196686,0.00051632,0.00213238,0.00001116,-0.000
49801,0.00022876,-0.00010724,0.00010765,0.00002950,0.00017325,-0.00035072,-0.000
46053,-0.00042048,0.00058497,-0.00044710,0.00395856,0.00070450,0.00402791,-0.048
17901,0.01122658,0.04369632,-0.21345697,0.13921959,-0.04005921,0.49279414,0.0005
2848,-0.00014436,0.00024027,-0.00144102,0.00059219,0.00039198,-0.00178168,0.0013
3508,0.00020647,0.00059662,0.00005355,0.00068663,-0.00000254,0.00002641,-0.00000
502,0.00005298,0.00001498,-0.00000075,0.00002844,0.00000440,0.00004594,0.0001860
9,0.00006440,0.00049009,0.00063505,-0.00017172,0.00015508,-0.00004588,-0.0000358
8,-0.00023204,0.00048968,0.00052663,0.00028016,-0.00020016,-0.00005116,0.0000272
4,0.00001688,-0.00005001,-0.00002240,0.00004225,-0.00000523,0.00000182,-0.000009
86,-0.00000366,-0.00000229,0.00000052,-0.00000643,-0.00000232,0.00000771,0.00001
761,0.00001755,-0.00052757,-0.00008349,0.00002706,0.00000340,0.00015785,-0.00084
201,-0.00008737,0.00021428,-0.00017455,-0.00005481,-0.00402534,-0.00002561,-0.00
001740,-0.00000519,0.00002461,0.00005572,-0.00002523,-0.00003478,0.00008006,-0.0
0000968,0.00006723,-0.00008846,-0.00002317,0.00008421,-0.00002888,0.00005836,-0.
00009073,0.00001556,0.00001050,-0.00004536,0.00003358,-0.00074212,-0.00049106,0.
00006250,0.00003278,-0.00007082,-0.00018991,-0.00003141,-0.00004957,-0.00002573,
-0.00001531,-0.00002829,-0.00206585,0.00023638,-0.00050944,-0.00003945,-0.000064
82,0.00000203,0.00005131,-0.00003210,-0.00000448,0.00000753,0.00000320,-0.000011
68,0.00000694,-0.00000984,0.00000148,-0.00005115,-0.00002309,-0.00001359,-0.0000
1689,0.00001951,-0.00000511,-0.00001288,0.00000902,0.00002659,-0.00001019,-0.000
00004,0.00000402,0.00001917,0.00001338,-0.00000302,-0.00000126,-0.00000448,-0.00
001250,-0.00000567,0.00001448,0.00002261,0.00001079,0.00000446,-0.00000291,-0.00
000563,0.00001147,0.00000206,0.00065450,-0.00000722,-0.00041035,-0.00014054,-0.0
0048058,0.00014584,-0.00065636,-0.00045933,0.00130862,0.00158659,-0.00017062,-0.
00226171,-0.00061888,0.00004319,-0.00034605,0.00027294,-0.00018000,-0.00001475,-
0.00058998,-0.00009997,0.00008186,0.00041413,-0.00078130,0.00070724,-0.00070532,
0.00635556,0.00230765,0.03477578,0.00472191,-0.04776383,0.11559684,-0.15197033,0
.05485927,-0.20529163,0.34528324,0.00035662,-0.00016433,-0.00029381,-0.00037765,
0.00017525,0.00017078,-0.00344949,-0.00401261,0.00124675,0.00029609,0.00031275,0
.00100256,0.00003148,0.00000840,-0.00000414,0.00010176,0.00004604,-0.00007132,-0
.00006870,0.00006588,-0.00001748,0.00090797,-0.00011049,-0.00032876,0.00021494,-
0.00006467,0.00007795,-0.00020208,0.00006214,-0.00027907,-0.00006998,0.00050274,
-0.00005388,-0.00014769,-0.00015454,0.00001481,-0.00001727,-0.00004680,-0.000005
69,0.00003185,-0.00004356,0.00002898,-0.00002102,0.00000767,-0.00000562,0.000034
40,0.00001952,-0.00002805,0.00004399,0.00000537,0.00001693,-0.00091914,-0.000243
53,-0.00018683,0.00005010,0.00026821,-0.00068605,0.00007908,-0.00015462,-0.00015
463,0.00049474,-0.00033675,0.00019828,0.00008774,-0.00000551,0.00005704,0.000015
98,0.00006083,-0.00004985,0.00019306,0.00005279,0.00010233,-0.00005376,0.0000404
2,0.00001386,-0.00013060,0.00012950,-0.00005840,0.00000007,0.00001088,-0.0000110
0,0.00035944,-0.00024613,-0.00003369,0.00008928,0.00000584,-0.00003931,-0.000132
03,-0.00002874,-0.00007574,-0.00001363,-0.00002658,-0.00001634,-0.00120821,-0.00
036343,-0.00099036,-0.00000446,-0.00000233,-0.00000213,0.00000750,-0.00000201,-0
.00001741,0.00000392,0.00002771,0.00001408,0.00000751,0.00002960,0.00001286,-0.0
0004369,-0.00001316,0.00003240,0.00001485,0.00000899,0.00000899,-0.00001958,0.00
002704,-0.00000724,-0.00000446,-0.00000033,0.00000293,0.00001410,-0.00000753,-0.
00001441,-0.00001025,-0.00001130,-0.00000845,-0.00001253,-0.00001802,0.00000279,
0.00001658,-0.00000705,-0.00000730,-0.00000480,0.00000566,0.00000104,-0.00044777
,0.00005338,0.00047380,0.00018598,0.00013998,-0.00024917,0.00055386,0.00024377,-
0.00113866,-0.00027679,-0.00023370,0.00097556,0.00034795,-0.00041303,-0.00023345
,-0.00030817,0.00023944,0.00000950,0.00005601,-0.00031448,-0.00015820,-0.0002933
3,0.00050354,-0.00049978,0.00646678,0.00083160,-0.00194487,0.00333096,-0.0199056
3,0.03109025,0.01555719,0.01312090,-0.09018786,-0.13233088,-0.14988467,0.5483484
8,0.00017442,0.00031742,0.00045789,-0.00083529,0.00069832,-0.00024810,0.00020767
,0.00014029,-0.00229021,0.00024598,-0.00032115,0.00065086,-0.00001277,0.00005173
,-0.00001486,0.00001384,0.00002614,0.00000274,0.00002563,-0.00001475,0.00000034,
-0.00163664,0.00010852,0.00030140,0.00049951,-0.00023155,0.00037428,-0.00007776,
0.00029460,-0.00025584,-0.00015025,-0.00106340,-0.00054000,-0.00024403,-0.000069
08,0.00001831,-0.00000957,-0.00008561,-0.00004854,-0.00012743,-0.00012263,-0.000
05925,-0.00000996,0.00008019,0.00003201,-0.00000453,0.00001852,0.00000601,-0.000
01934,0.00000497,0.00001561,0.00047262,-0.00006298,-0.00015075,0.00004351,-0.000
32938,-0.00102932,-0.00024806,0.00007177,-0.00003380,0.00070172,-0.00064820,0.00
007001,-0.00000604,-0.00003896,0.00010149,0.00004603,-0.00001381,0.00004631,0.00
005997,-0.00007491,0.00002489,-0.00007706,-0.00011178,0.00002698,-0.00007063,-0.
00001433,-0.00004279,0.00003921,0.00000625,-0.00005156,0.00065830,-0.00002808,-0
.00057664,0.00001994,-0.00003114,0.00001424,-0.00022938,-0.00001311,-0.00005030,
-0.00003841,0.00000677,-0.00004059,-0.00205890,0.00017389,0.00045867,-0.00000233
,-0.00000153,-0.00002193,0.00000688,0.00000545,-0.00000862,-0.00001832,-0.000039
83,-0.00003926,-0.00001355,-0.00005646,-0.00000702,0.00002426,-0.00005555,-0.000
00211,-0.00001512,-0.00000975,-0.00001165,-0.00000573,-0.00000081,0.00002432,-0.
00000083,-0.00001747,-0.00000627,0.00000173,0.00001346,-0.00001053,0.00002228,0.
00000396,0.00003343,-0.00000999,0.00001153,0.00000836,0.00001934,-0.00000646,-0.
00001105,0.00000848,-0.00000729,0.00000730,0.00028526,-0.00015542,0.00007429,-0.
00043400,0.00043729,0.00082005,0.00113537,0.00494338,-0.00112393,-0.00113755,0.0
0085886,0.00036003,-0.00008373,0.00031754,-0.00027636,0.00004747,0.00004360,-0.0
0009464,-0.00027803,-0.00001285,0.00039749,0.00046116,-0.00059327,0.00037853,-0.
00186650,0.00129553,0.00029637,-0.00532382,-0.01134859,0.01782215,0.01034258,0.0
0855692,-0.02453351,-0.07897140,0.04308809,-0.02492538,0.49398697,0.00027630,-0.
00013404,-0.00001045,0.00029493,-0.00044013,0.00018815,-0.00481355,-0.00237620,-
0.00349423,0.00055798,0.00034225,0.00029741,0.00002875,0.00001594,-0.00000323,-0
.00005307,0.00001999,-0.00002347,-0.00001961,-0.00006123,-0.00001468,-0.00082721
,-0.00071657,-0.00046425,-0.00003925,0.00016188,-0.00005320,0.00021606,-0.000176
34,0.00007435,0.00042014,-0.00041108,-0.00024837,-0.00007302,0.00007444,0.000077
99,0.00002907,-0.00003698,0.00000138,0.00022606,0.00013738,0.00010353,-0.0000268
4,-0.00001901,0.00001604,0.00000526,-0.00000569,-0.00003770,0.00003211,0.0000002
5,0.00001346,-0.00065005,0.00011442,-0.00002001,-0.00033553,-0.00009476,-0.00072
423,-0.00003246,-0.00016905,-0.00002287,0.00070002,0.00050527,0.00063236,0.00004
047,-0.00011708,0.00002922,-0.00002587,-0.00004964,0.00001167,0.00006389,0.00009
145,0.00011769,-0.00004203,-0.00002013,0.00005487,-0.00003704,0.00001756,0.00006
072,0.00001401,0.00001319,0.00000429,0.00072351,0.00010055,-0.00038178,0.0000311
3,0.00003744,0.00003012,-0.00002638,-0.00005514,-0.00002356,-0.00000986,-0.00002
830,0.00001008,-0.00090421,-0.00039135,0.00042591,0.00000437,0.00000460,-0.00000
902,-0.00002011,0.00002230,-0.00000013,0.00000372,0.00001946,0.00001933,0.000004
84,0.00002859,0.00000316,-0.00002970,-0.00004735,0.00000172,0.00000231,0.0000075
3,0.00001081,-0.00000438,0.00000605,-0.00000183,-0.00000729,-0.00000464,0.000006
48,0.00002308,-0.00000707,-0.00000715,-0.00002214,0.00000380,-0.00000138,-0.0000
0047,-0.00000539,0.00000966,0.00001956,-0.00000350,0.00000041,-0.00001294,-0.000
00112,-0.00000279,0.00031531,-0.00001447,0.00000630,-0.00064965,0.00047773,0.000
87244,0.00597849,0.00162071,0.00175829,0.00034204,-0.00041870,0.00035278,0.00025
606,-0.00030303,0.00021410,-0.00007353,0.00002701,0.00003181,0.00018605,0.000017
02,-0.00024122,-0.00024669,0.00030816,-0.00015033,0.00143464,-0.00116419,-0.0002
4170,-0.01100049,-0.00527499,0.01214334,0.02946733,-0.02728489,0.01338451,0.0176
0149,-0.13119206,0.13718637,-0.21471193,0.36851369,-0.00002155,-0.00027438,0.000
13417,-0.00109706,0.00072106,-0.00001843,0.00152846,0.00319467,0.00157154,0.0004
1283,-0.00001646,0.00009716,0.00000202,-0.00001007,0.00001404,0.00000044,-0.0000
1041,-0.00002190,0.00003301,0.00000397,0.00003672,0.00041204,0.00011688,0.000766
13,0.00056401,-0.00028619,0.00020744,0.00006524,0.00004330,-0.00008259,0.0003900
1,0.00027957,-0.00002881,-0.00003291,0.00001808,0.00001058,-0.00001691,-0.000024
12,-0.00003770,0.00001099,0.00003366,-0.00005207,-0.00001011,-0.00006086,-0.0000
4030,-0.00003573,-0.00005234,0.00002237,-0.00004829,-0.00002444,-0.00000906,-0.0
0047390,-0.00034288,-0.00002115,0.00018022,0.00016362,-0.00055390,-0.00003153,0.
00023022,-0.00012907,0.00003471,-0.00157942,0.00001810,-0.00006969,-0.00006139,-
0.00003286,-0.00000261,-0.00006772,-0.00003086,-0.00005178,0.00002093,0.00004475
,-0.00006692,-0.00002549,0.00011795,0.00006476,-0.00000422,0.00000758,0.00000894
,-0.00000259,-0.00001435,-0.00054025,-0.00060115,-0.00002259,0.00003844,0.000056
81,-0.00007217,-0.00011336,-0.00000187,0.00002507,0.00001032,0.00000288,-0.00000
394,-0.00083885,0.00026967,0.00008622,-0.00008120,0.00006794,0.00009276,0.000056
16,-0.00000099,0.00002415,0.00000122,-0.00001292,0.00003689,-0.00001915,0.000031
97,-0.00000556,-0.00000874,-0.00005313,-0.00002338,-0.00003582,-0.00001409,-0.00
003912,-0.00000020,-0.00001226,0.00002476,-0.00000788,-0.00001139,-0.00000787,0.
00001765,0.00002287,0.00000149,0.00000519,0.00001564,-0.00001481,0.00000155,0.00
000284,0.00000836,0.00002584,0.00000707,-0.00000927,-0.00000701,-0.00002090,-0.0
0000573,0.00104850,0.00000758,-0.00110587,-0.00086074,-0.00070077,0.00003468,-0.
00080703,0.00272428,0.00447055,0.00113491,-0.00030576,-0.00145045,-0.00020615,0.
00010142,-0.00001945,0.00004231,-0.00008508,0.00007306,0.00005188,0.00003655,0.0
0001464,-0.00010200,0.00008488,0.00008988,-0.00077248,-0.00012209,-0.00029802,0.
01811259,0.01258014,-0.05057080,-0.06399715,0.04238837,0.01049226,0.02204252,0.0
8737604,-0.23428612,-0.12141064,-0.15872806,0.52303587,0.00012880,0.00012589,-0.
00005468,-0.00009648,0.00008145,0.00001119,0.00007284,-0.00139211,0.00035431,-0.
00019640,-0.00001011,-0.00013943,0.00000519,-0.00000104,-0.00000834,0.00001614,0
.00000154,0.00000581,-0.00000594,0.00004380,-0.00002412,0.00125073,0.00081876,0.
00073401,0.00001200,-0.00005379,-0.00000554,-0.00005272,0.00003341,0.00007161,-0
.00104672,-0.00137155,-0.00170962,0.00009909,0.00003122,-0.00002022,-0.00000483,
0.00001038,0.00002147,-0.00001158,0.00001368,0.00003358,-0.00000731,-0.00000197,
0.00001307,0.00001341,0.00000680,-0.00000663,0.00000791,-0.00001153,0.00000606,0
.00016227,-0.00017428,-0.00027960,0.00005251,0.00006158,0.00040420,0.00003501,0.
00018336,-0.00007571,-0.00009270,0.00002733,-0.00026218,0.00003985,0.00001742,0.
00004527,-0.00002249,0.00001784,0.00000465,0.00001482,0.00001801,-0.00002006,0.0
0004079,0.00000161,-0.00004292,-0.00006280,-0.00005419,0.00000495,-0.00000727,0.
00001745,0.00000935,-0.00078384,-0.00069077,0.00016811,-0.00003619,0.00009085,-0
.00006267,0.00006752,-0.00001567,0.00001326,0.00000656,0.00000198,0.00000098,0.0
0050359,0.00007802,-0.00020656,0.00004048,0.00002001,0.00003152,-0.00000926,-0.0
0000801,0.00000506,0.00000868,0.00001181,-0.00000299,-0.00000088,-0.00000114,-0.
00000737,0.00001225,-0.00000835,0.00000683,-0.00000349,0.00000206,0.00000474,-0.
00000479,0.00000602,-0.00000156,-0.00000816,-0.00003191,-0.00000060,-0.00002412,
0.00000423,0.00001968,0.00000205,0.00000506,0.00001625,-0.00000486,-0.00000242,0
.00000520,-0.00001911,0.00000535,0.00000660,-0.00000381,-0.00002129,0.00000036,0
.00049373,0.00007040,-0.00073555,-0.00082972,-0.00079295,-0.00105491,-0.01879962
,0.01167091,0.00336462,-0.00195034,0.00108579,0.00175544,0.00010965,0.00056293,-
0.00015789,-0.00042763,0.00014162,0.00022253,0.00026099,-0.00022454,-0.00059320,
-0.00081186,0.00127645,-0.00075876,0.00502360,-0.00029058,0.00082086,0.00804147,
0.03015030,-0.06051897,-0.04392731,0.02035879,0.01642423,0.02533979,-0.04564092,
0.04569481,-0.18381400,0.04464304,0.09425281,0.47828825,-0.00003953,0.00009127,0
.00019832,0.00017896,-0.00010014,-0.00006659,-0.00136811,-0.00059872,-0.00082545
,-0.00026651,-0.00012313,-0.00039744,0.00001588,-0.00000952,0.00001064,0.0000049
2,-0.00000308,-0.00001755,-0.00003899,0.00000897,-0.00000662,-0.00233164,-0.0016
4404,-0.00186834,0.00001259,0.00000610,0.00001681,0.00007059,-0.00005142,0.00006
518,-0.00102084,-0.00330205,-0.00185505,-0.00001790,0.00007524,0.00001338,0.0000
5481,0.00001133,-0.00000592,0.00003853,0.00003217,0.00000044,-0.00000527,-0.0000
1042,0.00001387,-0.00001257,-0.00001304,0.00001060,-0.00001805,-0.00000623,-0.00
000342,0.00000980,0.00019056,-0.00009470,-0.00004082,-0.00017776,-0.00011835,-0.
00000671,-0.00030444,0.00010903,0.00006232,0.00026231,0.00016249,0.00000600,-0.0
0002426,-0.00001702,-0.00001416,-0.00003410,-0.00000289,-0.00003220,0.00002380,-
0.00000433,0.00002824,0.00002383,0.00002013,-0.00000160,-0.00005139,0.00003437,0
.00000724,0.00001745,0.00001788,0.00091211,0.00051763,-0.00039916,0.00006542,-0.
00002073,0.00002371,-0.00001782,-0.00000487,0.00003734,0.00000883,-0.00000397,0.
00001316,0.00030769,0.00013531,0.00030912,0.00000060,0.00007804,0.00001112,-0.00
000699,0.00003979,0.00000883,-0.00002007,-0.00000285,0.00002274,-0.00001813,0.00
001687,0.00000623,0.00000700,-0.00002572,-0.00000667,-0.00000064,-0.00000924,-0.
00001326,0.00000360,0.00000413,-0.00000294,0.00000293,0.00000267,-0.00000002,0.0
0002023,0.00000335,-0.00001358,0.00000505,0.00002546,-0.00000147,0.00000259,0.00
000092,-0.00000108,0.00002795,-0.00000700,-0.00000979,-0.00000189,-0.00000216,-0
.00000562,-0.00012159,-0.00001185,0.00076298,-0.00003498,0.00103742,0.00045349,0
.00637926,-0.00443680,-0.00451638,0.00017119,0.00045771,0.00010831,0.00046096,0.
00041157,0.00028679,0.00011855,0.00007859,-0.00022923,-0.00044207,-0.00041959,0.
00025744,0.00117097,-0.00098694,0.00056414,0.00127153,0.00291466,0.00445085,0.00
838132,-0.02936129,0.03984796,0.01856686,-0.01106252,-0.01170885,-0.02030881,0.0
1875423,-0.00226603,0.00999858,-0.06811441,0.02840035,-0.20772637,0.38774905,-0.
00003830,-0.00013805,0.00011525,-0.00015253,0.00022979,-0.00026526,0.00108196,0.
00168917,-0.00115303,0.00045091,-0.00002305,0.00030592,-0.00001803,0.00004173,-0
.00001223,-0.00002959,0.00002227,0.00000292,0.00002455,-0.00003573,-0.00000115,-
0.00052025,-0.00212676,0.00034442,0.00003608,-0.00000754,0.00011256,-0.00001596,
0.00005582,-0.00001918,-0.00156797,-0.00171201,-0.00236689,-0.00013679,-0.000022
49,0.00001348,-0.00005069,-0.00005674,-0.00004028,-0.00008607,-0.00005930,-0.000
02459,0.00001287,0.00004132,-0.00000399,-0.00001632,0.00000197,0.00000479,-0.000
00520,0.00001168,0.00000934,0.00001396,-0.00010188,0.00030503,0.00014362,-0.0000
2096,-0.00032998,-0.00015953,0.00020023,-0.00002589,0.00042198,0.00014529,0.0001
5149,-0.00003317,-0.00001706,0.00005329,0.00007037,0.00000308,0.00002155,0.00003
466,-0.00005482,0.00004642,-0.00007138,-0.00008057,0.00001139,-0.00007165,0.0000
0116,-0.00003096,0.00000875,-0.00001005,-0.00003871,0.00044671,0.00040927,-0.000
66719,-0.00003668,-0.00000496,-0.00001102,-0.00005414,0.00001276,-0.00003574,-0.
00002147,0.00000729,-0.00002898,-0.00059516,-0.00008365,0.00012898,0.00000589,-0
.00000268,-0.00003266,0.00000120,-0.00000163,-0.00000929,0.00001864,-0.00003377,
-0.00002998,0.00000928,-0.00003927,-0.00000809,0.00001345,-0.00002738,-0.0000041
6,-0.00000776,-0.00000433,0.00000275,-0.00000398,-0.00001257,0.00000973,-0.00000
272,-0.00000828,0.00000188,-0.00001824,0.00002245,0.00000735,0.00001010,0.000004
34,0.00001773,-0.00000098,0.00000241,-0.00000184,-0.00001120,0.00000657,0.000001
25,0.00000523,0.00000170,0.00000731,-0.00060600,0.00009447,0.00041408,0.00111963
,0.00020768,0.00032266,0.01363725,-0.01259755,0.00126103,0.00257492,-0.00065910,
-0.00243620,0.00046110,-0.00020855,0.00062465,0.00032799,-0.00013572,-0.00010503
,-0.00045887,0.00013309,-0.00012037,-0.00057248,0.00037187,0.00035957,-0.0008294
5,0.00579563,-0.00291714,-0.02315746,0.01286345,0.00963927,0.01751686,-0.0120069
4,-0.00465550,0.00667138,0.02683371,-0.04987729,0.14821673,-0.01473292,-0.201478
87,-0.11238224,-0.18126914,0.55385935,0.00008272,0.00002983,-0.00001638,0.000107
66,-0.00009733,-0.00039067,-0.00101586,-0.00117535,-0.00007267,-0.00001310,0.000
08781,0.00008638,0.00002260,-0.00000404,0.00000363,-0.00000259,0.00000236,-0.000
03142,-0.00001615,0.00002733,-0.00003013,0.00276605,-0.00078263,-0.00188748,0.00
011697,-0.00000098,0.00013714,-0.00003714,0.00002457,-0.00001161,-0.00160844,-0.
00010213,-0.00044730,0.00001459,-0.00001765,-0.00000364,0.00003836,0.00002269,0.
00001241,0.00004337,-0.00000210,-0.00001133,0.00002326,-0.00000561,0.00000550,0.
00001143,-0.00000807,0.00000130,0.00000551,-0.00000150,0.00000813,-0.00001482,-0
.00033569,-0.00033500,-0.00012899,-0.00005647,0.00003671,-0.00001629,-0.00001246
,0.00006790,0.00003358,0.00027553,0.00014844,0.00001471,-0.00001079,-0.00001032,
-0.00001011,-0.00000616,0.00000455,-0.00000132,0.00002038,0.00000148,0.00001435,
0.00002547,0.00000432,0.00002653,0.00003714,-0.00000931,0.00000996,0.00001114,0.
00001589,-0.00067345,-0.00033579,0.00052023,-0.00004849,0.00013882,-0.00014481,-
0.00002795,-0.00001519,-0.00001301,0.00000793,-0.00000253,0.00000863,-0.00009753
,0.00007731,0.00011632,0.00000491,0.00004858,-0.00003140,-0.00000713,-0.00002534
,0.00000870,0.00000571,-0.00000639,0.00002863,-0.00000988,0.00001590,0.00002381,
0.00001428,-0.00000365,0.00000369,-0.00000418,-0.00000078,-0.00000869,-0.0000102
5,0.00000579,0.00001590,-0.00002446,-0.00003301,-0.00000727,-0.00004048,0.000072
37,-0.00000442,0.00005713,0.00000094,0.00003028,-0.00001697,-0.00001276,0.000014
35,0.00000606,-0.00000098,-0.00003134,0.00000132,-0.00000566,-0.00000260,-0.0026
6544,-0.00222386,0.00067783,0.00972631,0.00319845,0.00147912,-0.12845801,0.02524
262,0.05426728,-0.02576509,0.02099918,0.00505184,-0.00048029,0.00198827,-0.00155
479,-0.00078602,0.00099949,-0.00061531,-0.00121125,0.00085801,0.00025750,-0.0018
5941,0.00152507,0.00278790,-0.01257599,0.02239886,-0.01559705,-0.07640945,0.0059
2812,0.01861113,0.02322772,-0.02073860,0.00540837,-0.01430196,0.01881035,-0.0206
9905,-0.04828247,0.01039213,0.04656364,-0.21005154,0.15353528,-0.03866459,0.5059
8826,0.00007575,0.00011791,0.00004796,-0.00008848,-0.00017732,0.00009896,0.00053
334,0.00024365,-0.00055563,-0.00009958,-0.00012919,-0.00013550,-0.00000438,0.000
00233,-0.00000255,0.00000698,-0.00000850,0.00001600,0.00000935,0.00000031,0.0000
1411,0.00107957,0.00241801,0.00045280,0.00003446,0.00010632,-0.00009155,0.000020
92,-0.00002614,0.00002588,-0.00110840,-0.00079966,-0.00098615,0.00008087,0.00004
231,0.00001645,0.00001471,0.00000992,0.00000829,-0.00001921,-0.00000919,0.000003
28,-0.00000233,0.00001697,0.00000794,0.00001142,0.00000865,0.00000599,0.00000483
,0.00000721,-0.00000270,0.00081367,0.00007020,-0.00021459,-0.00014151,-0.0000765
6,0.00045585,-0.00011235,0.00040215,-0.00012842,0.00012184,0.00019416,-0.0000944
1,0.00001106,0.00004225,-0.00000299,0.00000777,-0.00000421,0.00001502,0.00000361
,-0.00002655,-0.00002314,0.00002410,0.,-0.00002206,-0.00001718,-0.00002017,-0.00
001208,-0.00000173,0.00000383,-0.00001074,-0.00118357,-0.00121629,0.00036939,0.0
0012195,-0.00018202,-0.00002904,0.00002848,-0.00000345,0.00000547,-0.00000066,0.
00000242,-0.00000637,0.00024181,0.00011167,-0.00015091,0.00001003,-0.00015420,-0
.00002305,0.00001920,0.00000946,0.00002753,0.00001299,0.00003721,-0.00000570,0.0
0002666,-0.00000216,0.00000737,-0.00002124,0.00004432,-0.00000572,0.00002228,0.0
0002166,0.00000984,-0.00000228,-0.00001181,0.00000742,0.00001109,0.00002281,0.00
002071,0.00001752,0.00000476,-0.00000860,-0.00000449,0.00001923,-0.00000731,0.00
000887,-0.00001314,0.00000083,-0.00000592,0.00000819,0.00001110,0.00000053,0.000
03005,0.00000469,0.00160351,-0.00097407,-0.00272781,0.00653041,-0.00687676,-0.01
215290,0.02141791,-0.07045047,-0.01301804,0.02108070,-0.01274477,-0.00402744,0.0
0101574,-0.00169631,0.00223124,0.00047834,-0.00096594,0.00117906,0.00227054,-0.0
0120680,-0.00104685,0.00108063,0.00256640,-0.00213938,0.02511646,-0.02600815,0.0
1640298,0.03054089,-0.12433449,0.08163753,-0.04006799,0.01768995,0.02292315,0.01
679684,-0.03160006,0.02203398,0.03449029,0.00469495,-0.05099482,0.12414447,-0.17
451017,0.05391141,-0.25127399,0.42355475,-0.00015642,-0.00014683,-0.00007983,0.0
0003238,0.00059768,-0.00006806,0.00178285,0.00032300,0.00013558,0.00015974,0.000
09107,0.00012305,-0.00000134,-0.00000324,0.00000013,-0.00000832,0.00000816,-0.00
000898,-0.00001336,-0.00001290,-0.00001124,-0.00040381,0.00211067,0.00287091,-0.
00004147,-0.00017149,0.00000315,0.00003554,-0.00003416,-0.00005865,-0.00176962,-
0.00106173,-0.00234999,-0.00001193,0.00000717,0.00003842,0.00000644,-0.00000803,
0.00000006,0.00002568,0.00001645,0.00002137,-0.00001208,-0.00001778,-0.00000184,
-0.00001712,-0.00001664,-0.00000590,-0.00001917,-0.00000796,0.00000099,0.0001134
7,-0.00006150,0.00003379,0.00011988,0.00003366,-0.00008546,-0.00003152,0.0003016
8,-0.00025839,0.00001252,-0.00029409,0.00005491,0.00000969,-0.00000740,-0.000015
94,-0.00001181,0.00000205,-0.00001080,-0.00000086,0.00003213,0.00002641,-0.00001
112,0.00000823,0.00000886,0.00003960,0.00002356,0.00000885,-0.00000086,0.0000039
1,-0.00000193,-0.00040778,-0.00082581,-0.00005209,-0.00016073,0.00005623,0.00015
752,-0.00005844,-0.00000382,-0.00000306,-0.00000010,-0.00000156,0.00000021,-0.00
039255,-0.00001424,0.00001891,-0.00008846,0.00006066,0.00009523,0.00000409,-0.00
002915,-0.00002246,-0.00002170,0.00001300,0.00002598,-0.00001768,0.00001616,-0.0
0000961,0.00001517,-0.00001944,0.00000263,-0.00002205,-0.00002893,-0.00002057,0.
00000637,0.00000323,-0.00000870,-0.00000134,-0.00001894,-0.00002340,0.00002093,-
0.00000239,-0.00001827,0.00000224,0.00000997,0.00000582,0.00000293,0.00001676,-0
.00001077,0.00000409,-0.00000925,0.00000221,-0.00000652,-0.00003475,-0.00001415,
0.00413726,0.00138892,-0.00205086,0.01175406,-0.01583919,-0.02449612,0.06545492,
-0.02039009,-0.11353142,0.00081906,-0.00096937,0.00422300,-0.00051575,0.00146332
,-0.00179549,0.00026193,0.00045990,-0.00119315,-0.00226925,0.00090953,0.00135290
,0.00341708,-0.00288384,0.00219155,-0.02030667,0.02195158,-0.00419710,-0.0241295
8,0.11322006,-0.22001473,0.03889239,-0.00222403,-0.04816969,-0.01941389,0.019344
54,-0.01681228,0.00448849,-0.01991432,0.02939471,0.01150387,0.01737390,-0.085899
84,-0.07207403,-0.13290742,0.49963062,-0.00015581,-0.00002762,-0.00008294,0.0000
4646,-0.00001651,-0.00014183,0.00012860,-0.00010763,-0.00016422,0.00003984,0.000
00754,-0.00006470,-0.00000196,0.00000435,-0.00000139,0.00000255,-0.00000387,-0.0
0000574,0.00000733,0.00000354,-0.00000826,-0.00238353,-0.00189052,0.00336136,0.0
0001075,-0.00001704,0.00005679,0.00005974,-0.00002227,-0.00001928,0.00050799,-0.
00093875,0.00028726,0.00001334,0.00005978,0.00001281,0.00003475,0.00000230,0.000
00857,0.00001539,0.00000900,0.00001429,0.00000383,0.00001540,0.00003177,-0.00000
764,-0.00000506,0.00000622,-0.00000943,-0.00000186,0.00001000,0.00025614,-0.0001
1887,0.00006182,-0.00005778,-0.00004336,0.00007144,-0.00003281,0.00006175,0.0000
0017,-0.00000248,-0.00000030,0.00006625,0.00001270,0.00000575,-0.00001246,-0.000
01564,-0.00001849,0.00000907,-0.00001897,-0.00000104,0.00000705,0.00002334,-0.00
002167,0.00001281,0.00002295,-0.00001608,0.00003421,0.00000744,0.00000793,0.0000
0112,-0.00138727,0.00003656,0.00059785,-0.00005502,0.00004805,-0.00002912,-0.000
02043,-0.00000718,0.00001061,-0.00000285,0.00000431,-0.00000283,-0.00004369,0.00
007509,0.00005662,0.00001988,0.00005279,0.00000869,-0.00001225,-0.00000679,-0.00
003463,-0.00004952,-0.00002448,-0.00007644,0.00000594,-0.00002768,-0.00001509,0.
00003496,0.00001594,0.00000817,-0.00000110,-0.00001181,-0.00000537,0.00001898,0.
00000739,-0.00000419,0.00002933,-0.00001727,-0.00000769,-0.00002083,-0.00007162,
0.00009091,-0.00000164,0.00004417,0.00007367,-0.00000150,0.00002243,-0.00001051,
0.00001070,-0.00000472,0.00001151,-0.00000410,-0.00001295,-0.00000534,-0.0219960
5,-0.00029328,0.01285544,-0.15506900,0.07138271,0.09184365,0.00664891,-0.0036117
0,-0.00581389,0.00051324,-0.00039628,0.00000073,0.00035211,-0.00007468,-0.000609
73,-0.00007602,0.00000282,0.00016704,0.00001781,-0.00006697,0.00001187,-0.000036
28,0.00003784,-0.00000967,-0.00002344,-0.00007341,0.00003642,0.00025113,0.000112
46,-0.00035663,0.00003565,0.00012978,-0.00000763,0.00002294,-0.00000490,-0.00000
033,0.00015846,0.00003274,0.00003175,0.00016607,0.00000174,-0.00013935,-0.000769
50,-0.00063675,-0.00138891,0.18770302,0.00000301,0.00004177,0.00004248,-0.000048
26,0.00000346,-0.00015428,0.00000730,-0.00024365,-0.00010399,0.00000128,-0.00002
738,0.00004075,-0.00000203,-0.00000038,0.00000082,-0.00000192,-0.00000276,-0.000
00057,0.00000512,0.00000461,-0.00001586,-0.00177741,-0.00307296,0.00295111,0.000
04013,0.00000309,0.00005667,-0.00001627,0.00003781,0.00000121,0.00051971,0.00033
242,0.00007808,-0.00000076,-0.00001415,-0.00001031,-0.00000474,-0.00000432,-0.00
000296,-0.00002190,-0.00001168,-0.00001142,0.00001911,0.00001436,0.00000890,0.00
000770,0.00000112,-0.00000069,-0.00000060,0.00000281,-0.00000285,-0.00009109,-0.
00003984,-0.00003042,0.00006982,-0.00001834,-0.00005664,-0.00012367,0.00004470,-
0.00002034,0.00004722,0.00003893,0.00001765,0.00000166,-0.00000901,0.00001205,0.
00000771,-0.00000177,-0.00000831,-0.00000035,0.00000308,0.00000558,-0.00000379,-
0.00000089,-0.00000324,-0.00000428,-0.00000424,-0.00000786,0.00000766,0.00000692
,0.00000076,-0.00149945,0.00023158,0.00072024,-0.00001353,0.00008623,-0.00009507
,-0.00000184,0.00000519,-0.00000133,0.00000137,-0.00000073,-0.00000002,-0.000000
17,0.00010447,0.00002294,0.00000415,0.00003784,-0.00002625,-0.00000398,-0.000010
55,-0.00001082,-0.00004924,-0.00003509,-0.00003160,0.00000134,-0.00001410,0.0000
0709,0.00003246,-0.00001285,-0.00000351,0.00000657,0.00000320,-0.00000363,0.0000
1176,0.00000234,-0.00000409,0.00002135,-0.00000571,0.00000908,-0.00007992,-0.000
01077,0.00005253,0.00006383,0.00002805,0.00003930,0.00000356,0.00000284,-0.00001
232,-0.00000446,0.00000030,0.00000777,-0.00000113,0.00000777,-0.00000330,-0.0220
9507,0.00562646,0.01363302,0.07652089,-0.08334588,-0.05754107,0.00776033,-0.0060
7478,-0.01034891,0.00021747,0.00065076,0.00098267,0.00016018,-0.00010948,-0.0000
0300,-0.00007080,-0.00007344,-0.00000380,-0.00000946,-0.00002832,0.00009278,-0.0
0002569,-0.00010385,0.00008371,0.00020016,-0.00011545,-0.00001057,0.00032315,-0.
00019998,-0.00017391,0.00012170,0.00019723,-0.00004290,-0.00003749,0.00006274,-0
.00008682,0.00001861,0.00013568,0.00017929,-0.00002436,0.00003296,-0.00014885,-0
.00147088,-0.00089601,-0.00229499,-0.07485397,0.09566120,0.00005341,0.00006629,0
.00005553,0.00009512,-0.00015481,-0.00006025,-0.00006766,-0.00005828,0.00007354,
-0.00006404,-0.00003223,-0.00001390,-0.00000252,-0.00000223,0.00000207,-0.000003
09,0.00000040,0.00000774,0.00000444,-0.00001109,0.00000187,0.00120020,0.00127561
,-0.00146518,-0.00007400,0.00007384,0.00000281,-0.00001809,0.00000283,0.00000421
,-0.00073181,0.00024452,-0.00005638,0.00000409,-0.00002121,0.00000318,-0.0000042
3,-0.00000631,-0.00000427,-0.00001400,-0.00000600,-0.00000062,-0.00000522,0.0000
0719,-0.00000189,0.00000514,0.00000585,-0.00000261,0.00000311,0.00000135,-0.0000
0827,-0.00020724,-0.00001445,0.00005136,0.00000022,-0.00000423,-0.00001393,0.000
12700,-0.00007936,0.00008055,-0.00008131,0.00016822,0.00003665,0.00000275,0.0000
0134,0.00000410,0.00000319,0.00000398,-0.00000400,-0.00000015,0.00000337,-0.0000
0800,-0.00000197,0.00001288,-0.00000855,-0.00001012,-0.00000143,-0.00001907,0.00
000168,-0.00000167,0.00000095,0.00067978,0.00003684,-0.00029380,0.00002426,-0.00
002961,-0.00004039,0.00000951,0.00000283,-0.00000211,-0.00000066,-0.00000418,0.0
0000325,0.00006647,0.00000881,0.00001674,0.00001449,-0.00002381,-0.00002018,-0.0
0000976,0.00000250,0.00001334,0.00004721,-0.00000120,0.00001463,0.00001344,0.000
01102,-0.00000132,-0.00001724,-0.00000333,-0.00000907,-0.00000609,0.00000565,0.0
0000612,-0.00000938,-0.00000941,0.00000082,-0.00002626,-0.00000802,0.00000566,0.
00003205,0.00005681,0.00002016,-0.00003300,-0.00000228,-0.00002657,0.00000001,-0
.00001652,-0.00000303,-0.00001782,0.00002064,-0.00000448,-0.00000586,-0.00000024
,0.00000388,0.01365373,0.00110255,-0.00594460,0.09183904,-0.05523981,-0.11524098
,0.01389993,-0.01305500,-0.01855658,0.00120731,-0.00040304,0.00028101,0.00038728
,0.00007119,-0.00022702,-0.00016431,0.00010046,-0.00005777,-0.00003954,-0.000055
92,0.00014001,0.00002775,-0.00011673,0.00010661,0.00025554,-0.00028102,-0.000174
49,0.00051741,-0.00014051,-0.00023621,0.00014446,0.00036310,0.00006781,-0.000041
26,-0.00002498,-0.00002704,0.00011854,0.00028022,0.00021286,0.00003986,0.0001927
1,-0.00025331,-0.00234710,-0.00258165,-0.00368514,-0.11026668,0.06252692,0.13595
520,0.00013846,-0.00005502,0.00010733,-0.00002447,0.00000931,-0.00001830,0.00005
718,-0.00002949,0.00008721,-0.00001661,0.00004451,0.00001456,0.00000067,-0.00000
394,0.00000154,0.00000090,-0.00000320,0.00000187,0.00000458,-0.00000142,-0.00000
575,0.00276921,-0.00077392,0.00025136,-0.00000759,0.00005022,-0.00004151,-0.0000
3266,-0.00000398,0.00000938,-0.00259761,-0.00021661,0.00069215,-0.00006127,-0.00
005249,-0.00001323,-0.00001019,-0.00001006,-0.00001272,0.00001064,0.00002192,0.0
0000533,0.00001313,-0.00000050,-0.00000166,0.00001220,0.00000574,-0.00000444,0.0
0000802,0.00000561,-0.00000359,-0.00133442,-0.00044254,0.00061396,0.00047325,0.0
0018776,-0.00044721,-0.00007242,-0.00000247,0.00003929,-0.00002746,0.00001250,0.
00000656,0.00000706,-0.00001482,-0.00000190,-0.00000190,0.00001561,-0.00003205,-
0.00000120,0.00001235,0.00002336,-0.00002998,0.00003957,-0.00001161,-0.00000483,
0.00000076,-0.00004239,0.00000519,0.00000281,0.00000415,-0.00013755,0.00014577,-
0.00029421,-0.00006931,0.00005014,-0.00007185,0.00001761,-0.00000328,-0.00000140
,0.00000115,-0.00000647,0.00000515,0.00008246,-0.00011181,-0.00005345,0.00001207
,0.00000606,-0.00006244,-0.00002607,-0.00000632,0.00001029,-0.00003861,-0.000056
38,-0.00001925,-0.00000647,-0.00001615,0.00002211,0.00001498,-0.00001120,-0.0000
0260,0.00001601,0.00001247,0.00000813,0.00000001,-0.00000297,0.00000069,-0.00000
919,-0.00000893,0.00001569,-0.00008254,0.00005875,0.00000404,0.00008746,-0.00001
645,0.00003480,-0.00000036,-0.00000778,-0.00000104,-0.00001466,0.00000008,-0.000
00442,0.00000496,0.00001404,0.00000029,0.00609066,-0.01702341,0.01200334,-0.1152
1835,0.08857395,-0.06817628,-0.00780503,0.00567211,-0.00873631,-0.00075649,-0.00
114568,-0.00255272,0.00002563,-0.00007696,-0.00018500,0.00013487,-0.00002806,0.0
0013586,0.00008567,-0.00003165,-0.00007562,0.00008419,0.00018210,-0.00005153,-0.
00034545,0.00020448,-0.00005863,-0.00020263,0.00015536,0.00000746,-0.00005587,-0
.00005007,0.00006061,0.00000903,-0.00001111,0.00006891,-0.00004121,-0.00004945,-
0.00004691,-0.00011817,-0.00003662,0.00014725,0.00059806,0.00015659,0.00045003,-
0.01456979,0.01628391,-0.00949326,0.13277508,-0.00001966,-0.00001841,-0.00002089
,0.00005965,-0.00009485,-0.00030380,0.00017258,-0.00007848,-0.00010911,0.0000241
5,-0.00000481,0.00001094,0.00000308,0.00000572,-0.00000352,0.,-0.00000219,-0.000
01044,0.00001187,0.00000366,-0.00001460,0.00231821,-0.00007330,-0.00004005,-0.00
001531,0.00001689,0.00011045,-0.00001684,0.00003156,0.00000731,-0.00019130,0.001
38462,-0.00111785,-0.00002441,0.00000694,-0.00001649,-0.00000388,-0.00000782,0.0
0000218,-0.00000506,-0.00001128,-0.00000596,0.00000982,-0.00002451,0.00001527,-0
.00000081,-0.00000582,0.00000168,0.00000176,-0.00000234,0.00000568,0.00008864,0.
00007266,-0.00001689,0.00011253,0.00004940,-0.00008443,-0.00010107,0.00003094,0.
00022158,-0.00011520,0.00010275,0.00011094,-0.00000362,0.00001181,0.00000141,0.0
0001856,0.00000459,0.00000021,0.00001253,-0.00000027,-0.00000057,-0.00000461,-0.
00000677,-0.00001049,-0.00000077,0.00000838,-0.00000895,0.00001099,0.00000382,0.
00000277,0.00039280,-0.00004835,-0.00031182,-0.00015909,0.00013971,-0.00022704,-
0.00000839,-0.00000441,-0.00000435,-0.00000021,0.00000465,-0.00000352,-0.0000248
7,0.00001846,0.00002230,0.00007270,0.00008266,-0.00007457,-0.00002793,-0.0000145
2,0.00000149,0.00002581,-0.00010969,-0.00005597,0.00000380,-0.00000813,-0.000008
57,0.00001486,-0.00000303,0.00000415,-0.00000719,-0.00000742,-0.00000672,0.00000
075,0.00000235,0.00000414,-0.00004901,-0.00003218,0.00000401,-0.00007190,0.00015
546,0.00009866,0.00004725,-0.00002926,0.00008607,-0.00000614,0.00001065,-0.00000
658,-0.00002829,0.00003678,-0.00001151,-0.00001132,-0.00001258,-0.00000740,0.001
83445,-0.03295880,0.02122587,0.08335316,-0.12953472,0.07367742,-0.00616327,0.006
36652,-0.00639362,-0.00052598,-0.00087629,-0.00170445,-0.00005949,0.00019165,-0.
00008130,0.00000994,0.00013894,0.00006087,0.00000697,0.00000565,-0.00002478,0.00
010411,0.00012637,-0.00005014,-0.00007301,0.00033604,-0.00035784,-0.00005398,0.0
0002571,-0.00001204,0.00005688,-0.00002587,-0.00002357,-0.00004933,0.00000788,0.
00001572,0.00001713,-0.00008011,0.00013996,-0.00014334,0.00020471,-0.00033858,-0
.00035322,0.00021798,0.00037807,0.01133396,-0.00910638,0.00580220,-0.09168952,0.
16325824,-0.00011223,-0.00001308,-0.00006163,-0.00019370,0.00016567,0.00004227,-
0.00007577,0.00016384,-0.00010095,0.00007749,0.00001123,0.00002441,-0.00000520,0
.00000049,0.00000204,0.00000212,0.00000347,0.00000382,-0.00000354,-0.00000751,0.
00000866,-0.00206464,0.00213534,-0.00026146,0.00014240,-0.00008349,0.00006121,0.
00004975,-0.00002846,-0.00002636,0.00064065,-0.00153535,0.00050473,0.00002955,0.
00004042,0.00003044,0.00000116,-0.00001258,-0.00000522,-0.00000103,0.00000679,0.
00001680,-0.00001188,0.00000738,0.00000720,-0.00001032,-0.00000253,-0.00000413,-
0.00000782,0.00000046,-0.00000655,0.00046725,0.00012021,-0.00011539,-0.00018115,
-0.00011278,0.00020588,0.00002801,-0.00004236,-0.00006097,0.00015481,-0.00013624
,-0.00000454,0.00000897,-0.00000125,-0.00000280,-0.00001754,-0.00001418,0.000009
48,-0.00000691,0.00000285,0.00001051,0.00001087,-0.00000674,0.00001366,0.0000116
7,-0.00000230,0.00002611,-0.00000333,-0.00000443,-0.00000541,-0.00018914,-0.0000
6492,0.00020930,0.00009752,-0.00008011,0.00006702,-0.00001163,0.00000098,0.00000
293,-0.00000720,-0.00000354,-0.00000151,-0.00006553,0.00000652,-0.00001536,-0.00
002109,-0.00002864,0.00005137,0.00001562,0.00000050,-0.00000746,-0.00001402,0.00
001622,0.00002139,-0.00000905,-0.00001616,-0.00000783,0.00000208,0.00001225,0.00
000608,-0.00000136,-0.00000419,0.00000173,-0.00000036,0.00000136,-0.00000595,0.0
0001027,0.00000679,-0.00000946,0.00006926,-0.00003407,-0.00004621,-0.00003328,0.
00000949,-0.00001056,-0.00000880,0.00000020,0.00000134,0.00002090,-0.00001558,-0
.00000851,0.00000795,-0.00000397,0.00000630,0.00089812,0.01621938,-0.00740899,-0
.06552564,0.07284692,-0.10222680,-0.01696934,0.01179621,-0.01673183,-0.00212617,
-0.00262893,-0.00374313,0.00008113,0.00015629,-0.00024776,0.00025065,0.00014124,
0.00022489,0.00005420,-0.00006272,-0.00002745,0.00023515,0.00026773,0.00004365,-
0.00021194,0.00040386,-0.00022508,-0.00040709,0.00026778,-0.00008867,-0.00006377
,-0.00002491,0.00010580,-0.00004239,-0.00002567,0.00010752,0.00008599,-0.0001381
2,0.00003466,-0.00012344,0.00036656,-0.00027283,-0.00052482,0.00086183,0.0006059
4,0.00963159,-0.01030609,0.00836266,0.07563662,-0.08998163,0.11994425,-0.0000856
2,-0.00001295,-0.00006089,-0.00003657,0.00010790,-0.00010421,0.00018930,-0.00002
593,0.00003153,0.00007737,0.00000936,0.00004150,-0.00000146,0.00000532,-0.000001
56,0.00000732,0.00000120,-0.00000718,0.00000675,0.00001453,-0.00001008,0.0006311
7,-0.00027365,-0.00013994,0.00004021,-0.00006153,0.00007291,0.00000973,0.0000139
4,-0.00002721,-0.00001223,0.00016227,-0.00017764,0.00000186,0.00000625,-0.000007
40,0.00001428,0.00000483,0.00000299,-0.00000807,-0.00001216,-0.00000040,0.000010
98,0.00001235,0.00001257,-0.00000157,-0.00000262,0.00000310,-0.00000371,0.000000
31,0.00000684,0.00011607,-0.00004074,0.00000479,-0.00001286,-0.00000643,0.000017
73,0.00002570,0.00000673,0.00002004,-0.00001990,-0.00006992,0.00000491,0.0000075
3,0.00000114,0.00000938,-0.00000008,-0.00000697,0.00000500,-0.00000241,-0.000001
52,0.00000847,0.00001247,-0.00002121,0.00000671,0.00000105,-0.00000785,0.0000166
1,0.00000582,0.00000571,-0.00000095,-0.00017383,-0.00008791,0.00008339,-0.000086
67,0.00003080,-0.00001722,-0.00002102,0.00000388,0.00000330,-0.00000206,0.000003
79,-0.00000505,-0.00013213,0.00004036,0.00000934,0.00001504,0.00004259,0.0000159
2,-0.00000347,-0.00000506,-0.00000593,-0.00000551,-0.00003235,-0.00001306,0.0000
0148,-0.00001039,0.00000003,0.00002631,0.00000356,0.00000532,-0.00000511,-0.0000
0836,-0.00000997,0.00000335,0.00000472,0.00000472,-0.00000905,-0.00002309,-0.000
00529,-0.00002962,0.00002641,0.00000644,0.00003272,0.00000517,0.00002741,-0.0000
0576,0.00001206,0.00000273,-0.00000411,0.00000116,-0.00000661,-0.00000114,-0.000
01448,-0.00000503,-0.00232172,-0.00278708,-0.00230904,-0.00756044,-0.01204240,0.
00194638,-0.10477957,-0.09583608,0.03960335,0.00798881,0.01195371,-0.00470421,0.
00015161,0.00018370,-0.00066944,-0.00030324,-0.00037995,-0.00024142,-0.00008271,
0.00011691,-0.00001252,-0.00012428,-0.00036600,-0.00063213,-0.00161266,0.0015294
1,-0.00126841,-0.00189112,0.00043955,0.00166710,0.00040350,0.00031120,0.00091042
,0.00004693,-0.00016931,-0.00000860,0.00055402,0.00062154,0.00015791,0.00045589,
-0.00013305,0.00075740,-0.01302187,-0.01547830,0.00951818,0.00021164,0.00007082,
0.00007842,-0.00012866,-0.00015951,0.00028268,0.12184089,-0.00004433,0.00003337,
-0.00001228,0.00016119,-0.00009811,-0.00016784,0.00013043,-0.00011168,0.00001932
,0.00001319,-0.00002102,-0.00000496,0.00000003,0.00000591,-0.00000412,-0.0000000
8,-0.00000106,-0.00000617,0.00000732,0.00000923,-0.00001447,0.00070527,-0.000453
22,-0.00039857,-0.00008834,-0.00000718,0.00006734,-0.00000038,0.00002572,-0.0000
0837,-0.00013591,0.00023442,-0.00013352,0.00000351,0.00001064,-0.00001618,0.0000
1276,0.00000260,0.00000494,-0.00001548,-0.00001753,-0.00000634,0.00001075,0.0000
0635,0.00001190,-0.00000320,-0.00000498,0.00000618,-0.00000531,-0.00000372,0.000
00910,0.00020340,-0.00003918,-0.00005034,-0.00002728,-0.00002540,0.00002801,0.00
002597,-0.00002480,0.00003789,-0.00011895,0.00008021,0.00004652,-0.00000024,0.00
000533,0.00001285,0.00001174,-0.00000323,0.00001202,-0.00000261,-0.00001050,-0.0
0000599,0.00000779,-0.00002312,-0.00000319,-0.00000760,-0.00001448,0.00000660,0.
00000743,0.00000746,0.00000198,-0.00017703,-0.00006051,0.00016465,-0.00003338,0.
00006442,-0.00000843,-0.00001731,0.00000235,0.00000068,0.00000200,0.00000697,-0.
00000494,-0.00006599,0.00008046,0.00005631,0.00003449,0.00004770,0.00002799,-0.0
0001211,0.00000079,-0.00000659,-0.00000519,-0.00003237,-0.00001396,-0.00000464,-
0.00001091,-0.00000857,0.00002343,-0.00000501,-0.00000063,-0.00000854,-0.0000096
6,-0.00001023,0.00000699,0.00000187,0.00000350,-0.00001068,-0.00002405,-0.000003
63,-0.00003023,0.00003344,0.00003184,0.00002653,0.00000649,0.00002117,0.00000669
,0.00001742,-0.00000650,-0.00001405,0.00002181,0.00000850,-0.00000713,-0.0000188
1,-0.00000847,-0.00312187,-0.00228433,-0.00268059,-0.01038961,-0.01272318,0.0022
8245,-0.09650403,-0.17669965,0.05627422,-0.00815518,-0.01728366,0.00925599,-0.00
041052,0.00048215,0.00067517,0.00044023,0.00065061,0.00028071,-0.00016992,0.0000
9059,-0.00001244,0.00036441,0.00035730,0.00087918,0.00081193,-0.00168142,0.00126
890,0.00107730,-0.00086278,-0.00089247,-0.00021649,-0.00006559,-0.00026511,0.000
12820,-0.00010038,-0.00006520,-0.00007024,-0.00011452,-0.00014859,0.00026219,0.0
0012554,-0.00041850,0.00311654,0.00581513,-0.00101556,0.00007446,-0.00013912,0.0
0014691,0.00002356,0.00044384,0.00024561,0.11205765,0.20462278,0.00001756,0.0000
4409,0.00002285,-0.00006775,-0.00005337,-0.00008301,-0.00002541,-0.00000652,0.00
000172,-0.00003403,-0.00001214,-0.00000878,-0.00000477,0.00000079,0.00000114,-0.
00000576,0.00000078,0.00000849,-0.00000082,-0.00001202,-0.00000271,0.00083041,-0
.00046899,-0.00072069,0.00006892,0.00001667,0.00005383,0.00000777,0.00000259,0.0
0000145,-0.00000455,0.00016767,-0.00009641,0.00001335,-0.00000520,0.00000779,0.0
0000543,-0.00000269,0.00000066,-0.00000232,0.00000053,0.00000190,0.00000647,0.00
001070,0.00000231,0.00000510,0.00000291,-0.00000091,0.00000023,0.00000301,-0.000
00347,-0.00006367,-0.00004019,0.00001920,-0.00000008,-0.00002346,0.00000893,-0.0
0003310,0.00000646,0.00002795,0.00004261,0.00005792,0.00003879,0.00000376,-0.000
00273,-0.00000583,-0.00000315,-0.00000248,0.00000194,-0.00000333,-0.00000153,-0.
00000077,-0.00000362,0.00000362,0.00000056,0.00000199,-0.00000159,-0.00000476,0.
00000288,-0.00000042,-0.00000530,-0.00028576,-0.00008707,0.00028666,0.00000589,-
0.00002210,-0.00005603,0.00000446,-0.00000027,-0.00000259,-0.00000162,-0.0000023
7,-0.00000134,0.00003415,0.00001266,0.00000889,0.00001788,-0.00000778,-0.0000154
8,0.00000083,0.00000167,0.00000942,-0.00002197,-0.00004822,0.00000139,-0.0000022
3,-0.00000830,0.00001108,0.00000832,-0.00000004,-0.00000814,0.00000717,0.0000094
3,0.00000502,-0.00000307,-0.00000648,0.00000353,-0.00000703,-0.00000881,0.000008
63,-0.00002172,0.00003892,-0.00001244,0.00004191,0.00000781,0.00001492,-0.000006
73,-0.00001221,0.00000468,0.00000075,-0.00000463,-0.00001250,0.00000602,0.000007
44,0.00000436,-0.00439930,-0.00432106,-0.00256064,-0.01200650,-0.01636410,0.0042
6298,0.04175679,0.05917759,-0.05505758,0.00540563,0.01349050,-0.00609294,0.00041
270,-0.00011085,-0.00004650,-0.00033707,-0.00050627,-0.00024931,0.00026786,-0.00
013722,-0.00008727,-0.00050547,-0.00007039,-0.00078716,-0.00010838,0.00119916,-0
.00125749,0.00141389,0.00027222,-0.00161977,-0.00004237,-0.00048609,-0.00104366,
-0.00026197,0.00021641,-0.00007850,-0.00041961,-0.00050655,-0.00031327,-0.000295
24,0.00040447,-0.00007616,0.01273920,0.01273810,-0.00829656,-0.00001520,-0.00002
019,0.00048984,-0.00007522,-0.00023875,0.00076617,-0.04452777,-0.06478685,0.0720
0945,-0.00003858,-0.00003744,-0.00004024,0.00004878,0.00006508,0.00009247,0.0000
9382,0.00005203,0.00005963,0.00005475,0.00002149,0.00004757,0.00000115,0.0000016
5,-0.00000082,0.00000509,-0.00000010,-0.00000475,0.00000348,0.00000713,0.0000026
3,-0.00017382,0.00010025,0.00022748,-0.00006934,-0.00003214,-0.00005362,-0.00000
841,0.00000426,-0.00001126,0.00008494,-0.00006764,-0.00008001,-0.00001631,-0.000
00317,-0.00000098,-0.00000507,-0.00000192,-0.00000165,-0.00000125,-0.00000618,-0
.00000042,-0.00000103,-0.00000205,0.00000279,-0.00000092,-0.00000133,-0.00000058
,0.00000200,-0.00000051,0.00000030,-0.00000905,0.00000523,0.00003649,0.00002065,
0.00002002,-0.00001884,-0.00000116,-0.00001716,-0.00003156,-0.00001855,-0.000066
16,-0.00004096,0.00000133,0.00000348,0.00000471,0.00000159,0.00000175,-0.0000000
5,0.00000831,-0.00000124,0.00000741,-0.00000180,-0.00000324,0.00000124,0.0000007
2,0.00000270,0.00000147,-0.00000005,0.00000116,-0.00000004,0.00010564,-0.0000017
6,-0.00010862,0.00001883,0.00005859,0.00004644,-0.00000474,0.00000042,-0.0000020
3,-0.00000134,0.00000045,-0.00000173,-0.00006291,-0.00002468,-0.00002925,-0.0000
0806,0.00002717,0.00003144,-0.00000294,-0.00000530,-0.00001280,-0.00002396,-0.00
001223,-0.00001607,-0.00000680,-0.00001126,-0.00000514,0.00000306,0.00000431,0.0
0000611,-0.00000427,-0.00000865,-0.00000714,0.00001031,0.00000712,-0.00000388,0.
00000642,-0.00000666,-0.00000875,0.00000113,-0.00001117,0.00001683,-0.00000271,0
.00000460,0.00000623,0.00000451,0.00001993,-0.00000468,0.00000452,0.00000163,0.0
0000992,-0.00000309,-0.00000848,-0.00000537,0.00025725,-0.00008191,-0.00018495,-
0.00054551,0.00039221,0.00041213,0.00010349,-0.00188905,-0.00062207,-0.01175424,
-0.00352681,0.02365848,-0.08888770,-0.01355357,0.09977077,0.00477223,0.00145348,
-0.00849456,0.00244294,0.00447292,-0.00008768,-0.00036227,0.00032109,-0.00039003
,-0.00095107,0.00598018,0.00295365,-0.00066201,-0.00021942,0.00109196,-0.0002687
6,0.00018929,-0.00014273,-0.00005099,0.00002008,0.00003407,-0.00000253,-0.000051
50,0.00001426,0.00014903,-0.00008667,-0.00002519,-0.00003552,-0.00010541,0.00028
863,-0.00053103,-0.00010767,-0.00071583,0.00014710,-0.00008544,-0.00017381,0.000
12689,0.00012518,0.00018085,0.09659406,0.00000396,-0.00000717,-0.00000051,0.0000
2076,-0.00004526,0.00010331,-0.00000835,0.00002121,0.00001978,0.00001646,0.00000
619,0.00002206,0.00000185,-0.00000124,-0.00000136,-0.00000012,-0.00000200,-0.000
00107,-0.00000289,0.00000037,0.00000151,-0.00008624,0.00004947,-0.00003782,-0.00
005663,0.00001100,-0.00004851,-0.00000155,-0.00000460,-0.00000474,0.00002876,-0.
00004464,0.00002225,-0.00000090,0.00000084,0.00000191,-0.00000178,-0.00000018,-0
.00000016,0.00000221,-0.00000015,0.00000011,-0.00000199,0.00000024,0.00000082,-0
.00000037,-0.00000058,0.00000062,0.00000077,-0.00000175,-0.00000002,-0.00001132,
0.00000020,0.00000739,0.00000292,0.00000469,-0.00000235,-0.00002563,0.00001109,-
0.00002160,-0.00000592,0.00000844,-0.00002780,0.00000016,0.00000266,0.00000037,0
.00000127,0.00000393,0.00000240,0.00000593,-0.00000329,0.00000206,-0.00000589,0.
00000280,-0.00000349,0.00000023,0.00000143,-0.00000202,-0.00000117,0.00000174,0.
00000076,-0.00001279,-0.00001159,0.00000391,0.00003087,-0.00003264,0.00000139,0.
00000052,-0.00000087,-0.00000161,0.00000238,0.00000073,0.00000016,-0.00000940,-0
.00001106,-0.00002322,-0.00000212,-0.00000373,0.00001275,0.00000120,0.00000492,-
0.00000342,-0.00001730,-0.00000281,-0.00000962,-0.00001211,-0.00000456,-0.000004
11,0.00000155,-0.00000354,-0.00000104,0.00000220,0.00000113,0.00000058,0.0000058
5,0.00000071,-0.00000518,0.00000138,0.00000213,0.00000216,0.00000110,0.00000328,
0.00000598,0.00000627,0.00000252,-0.00000140,0.00001265,0.00000414,-0.00000544,0
.00000839,0.00000279,0.00001709,-0.00000077,0.00000158,-0.00000048,-0.00001855,-
0.00010464,0.00005682,-0.00015876,0.00035933,-0.00037186,-0.00127784,-0.00074610
,-0.00108863,0.00690844,0.00291058,-0.01285408,-0.01386662,-0.04548221,0.0390620
1,-0.00806055,-0.00396936,0.01912202,0.00483132,0.00127097,0.00469672,0.00013556
,-0.00022940,-0.00019034,0.00573456,0.00313431,0.00168666,0.00034779,-0.00004871
,-0.00065850,0.00005798,-0.00017618,-0.00000548,0.00006141,-0.00001642,-0.000023
94,0.00001585,0.00000515,-0.00003366,-0.00005446,0.00003547,0.00003228,-0.000066
31,0.00000193,-0.00008263,0.00004666,0.00023780,0.00010097,-0.00004474,-0.000085
33,-0.00009539,0.00007098,-0.00037364,0.00014935,0.00832178,0.04537829,0.0000688
3,0.00004390,0.00004742,-0.00015803,0.00001628,-0.00003516,-0.00015006,-0.000023
27,-0.00004473,-0.00007674,-0.00001378,-0.00003845,-0.00000451,-0.00000027,0.000
00215,-0.00000412,0.00000268,0.00001072,-0.00000227,-0.00000987,-0.00000232,0.00
011269,-0.00001379,-0.00019704,0.00014243,0.00002620,0.00003850,0.00000384,-0.00
000170,0.00000841,-0.00000823,0.00001913,0.00009619,0.00001901,-0.00000828,0.000
00602,0.00000210,-0.00000230,-0.00000304,-0.00000041,0.00001246,0.00000147,-0.00
000122,0.00000607,-0.00000304,0.00000715,0.00000699,-0.00000018,0.00000258,0.000
00369,-0.00000364,-0.00004996,0.00000326,-0.00002477,-0.00001674,-0.00001954,0.0
0000824,-0.00003253,0.00001138,0.00002226,0.00009826,0.00000688,0.00003117,0.000
00027,-0.00000340,-0.00000736,-0.00000823,-0.00000393,-0.00000319,-0.00000837,0.
00000102,-0.00000421,-0.00000358,0.00000754,-0.00000017,-0.00000245,-0.00000123,
-0.00000651,-0.00000145,-0.00000224,-0.00000139,-0.00003110,-0.00001317,0.000059
33,0.00004491,-0.00001783,-0.00009248,0.00001381,-0.00000311,-0.00000019,-0.0000
0076,-0.00000370,0.00000350,0.00009321,-0.00000073,0.00001573,0.00000464,-0.0000
3911,-0.00006357,-0.00000515,-0.00000194,0.00001230,0.00002364,0.00000853,0.0000
0278,0.00000773,0.00000010,0.00001513,-0.00000427,-0.00000452,-0.00000347,0.0000
0998,0.00001591,0.00001313,-0.00001312,-0.00000508,0.00000284,-0.00000839,0.0000
0908,0.00001489,0.00000748,0.00001395,-0.00000153,0.00000010,-0.00001226,0.00000
550,-0.00002158,-0.00002339,0.00000863,0.00000618,-0.00000080,-0.00003498,0.0000
0339,0.00001886,0.00000928,-0.00004726,0.00006874,0.00011435,-0.00011832,0.00013
015,-0.00024125,-0.00140017,-0.00054791,0.00009019,0.00744040,0.00063022,-0.0104
8086,0.09877366,0.03976209,-0.23959699,0.00840283,0.00505674,-0.01998387,-0.0005
3986,0.00520031,-0.00030178,-0.00039793,-0.00005797,0.00041900,0.00320277,0.0010
9506,0.00217307,0.00016986,0.00009829,-0.00058993,0.00009028,-0.00015324,0.00010
246,-0.00000874,0.00003229,0.00000907,-0.00003154,0.00005210,0.00002519,-0.00008
579,0.00009704,-0.00001449,0.00007754,0.00000719,-0.00024023,-0.00014596,0.00010
012,0.00039738,-0.00003063,-0.00000582,-0.00003635,0.00014380,-0.00049406,0.0002
1998,-0.11513320,-0.04924943,0.26893040,-0.00007751,-0.00003894,-0.00006423,0.00
007220,0.00006332,0.00008112,0.00014139,0.00005822,0.00003347,0.00009328,0.00002
201,0.00005871,0.00000140,0.00000383,-0.00000122,0.00000664,-0.00000029,-0.00000
687,0.00000304,0.00000973,0.00000247,0.00020842,0.00009918,-0.00000772,-0.000093
44,-0.00009413,-0.00003634,-0.00000440,-0.00000170,-0.00001818,-0.00009376,-0.00
005659,0.00000222,-0.00001902,0.00000243,0.00000101,-0.00000032,0.00000276,0.000
00256,0.00000200,-0.00001315,0.00000039,0.00000172,0.00000348,0.00000482,-0.0000
0481,-0.00000448,-0.00000097,-0.00000211,-0.00000109,0.00000264,0.00010344,0.000
00841,-0.00001317,-0.00000355,0.00000143,0.00002139,-0.00000170,0.00000410,-0.00
003551,-0.00003272,-0.00005940,-0.00003977,0.00000113,0.00000424,0.00000719,0.00
000517,0.00000166,0.00000668,0.00000978,-0.00000616,0.00001013,0.00000009,-0.000
00766,0.00000264,0.00000432,-0.00000149,0.00000854,0.00000201,0.00000302,-0.0000
0245,-0.00008513,-0.00006911,0.00000404,0.00000545,0.00005202,0.00004343,-0.0000
1483,0.00000277,-0.00000040,-0.00000177,0.00000219,-0.00000494,-0.00010839,-0.00
000536,-0.00002710,-0.00000779,0.00005273,0.00002973,0.00000549,-0.00001346,-0.0
0000764,-0.00002184,-0.00001968,-0.00001615,-0.00003036,-0.00002567,0.00000313,0
.00001734,0.00000146,0.00000611,-0.00000859,-0.00001319,-0.00001348,0.00000858,0
.00000716,0.00000038,-0.00000674,-0.00002156,-0.00001629,-0.00000936,0.00003084,
0.00000152,0.00002428,-0.00000441,0.00001765,0.00001120,0.00003181,0.00000158,-0
.00000605,0.00001152,0.00000258,0.00000113,-0.00002019,-0.00000921,-0.00014125,-
0.00007973,-0.00002074,0.00002146,0.00016266,0.00009851,-0.00035094,0.00024460,0
.00041770,0.00215484,0.00470509,-0.00061040,-0.01182637,0.00864978,0.00245688,-0
.21258398,0.11089523,0.05703985,-0.01304515,0.00767639,0.00585841,0.00166906,0.0
0194820,0.00452150,0.00070231,-0.00059139,-0.00012332,-0.00041491,-0.00064480,-0
.00042928,0.00000119,0.00000932,-0.00003948,0.00005577,0.00003737,-0.00002550,-0
.00000252,-0.00003894,-0.00000503,-0.00006838,-0.00012643,0.00004780,-0.00008565
,0.00006056,-0.00007697,-0.00001131,0.00000450,0.00000675,0.00000084,-0.00001945
,-0.00001965,0.00002931,-0.00004668,0.00001270,-0.00013058,-0.00171025,-0.000429
71,0.23473481,0.00005662,0.00002521,0.00003635,-0.00003192,-0.00002238,0.0000730
6,-0.00008444,-0.00002351,0.00001992,-0.00004523,-0.00000881,0.00000086,0.000000
58,-0.00000349,0.00000063,-0.00000226,-0.00000088,0.00000334,-0.00000357,-0.0000
0250,-0.00000002,-0.00021716,-0.00004042,0.00002004,0.00001142,0.00003404,-0.000
04295,-0.00000919,0.00000333,0.00000521,0.00010113,0.00000422,0.00000053,0.00000
295,-0.00001290,0.00000236,-0.00000556,-0.00000382,-0.00000411,-0.00000461,0.000
00506,-0.00000264,-0.00000256,-0.00000177,-0.00000286,0.00000420,0.00000375,0.,0
.00000313,0.00000066,-0.00000325,-0.00008602,-0.00000017,0.00001731,0.00001562,0
.00000685,-0.00002786,-0.00003285,0.00000986,-0.00001768,0.00003240,0.00001565,-
0.00001638,0.00000280,0.00000199,-0.00000017,-0.00000067,0.00000288,-0.00000597,
0.00000310,0.00000300,-0.00000137,-0.00000494,0.00000846,-0.00000774,-0.00000618
,0.00000403,-0.00001198,-0.00000276,0.00000037,0.00000293,0.00006407,0.00002102,
-0.00001975,0.00004527,-0.00004268,-0.00000466,0.00001253,-0.00000137,-0.0000024
9,0.00000238,-0.00000184,0.00000405,0.00005979,-0.00001346,-0.00001070,-0.000002
69,-0.00002616,-0.00001027,-0.00000517,0.00000340,0.00000469,0.00000092,0.000004
58,0.00000045,0.00000158,0.00000020,-0.00000024,-0.00000697,-0.00000598,-0.00000
212,0.00000704,0.00000853,0.00000750,-0.00000102,-0.00000012,-0.00000640,0.00000
155,0.00001614,0.00000971,0.00001823,-0.00001311,-0.00000185,-0.00001181,-0.0000
0188,-0.00000708,0.00000048,-0.00000721,-0.00000353,0.00001072,0.00000877,0.0000
0149,-0.00000528,0.00001353,0.00000287,0.00012539,-0.00000178,0.00000052,-0.0000
6838,-0.00002592,-0.00012435,0.00101688,-0.00026789,-0.00041075,0.00453839,0.001
13166,0.00529342,0.01860771,-0.01198498,-0.00408835,0.11090582,-0.10520047,-0.03
065701,-0.00249993,0.00230126,0.00084156,0.00215687,0.00409043,0.00280992,-0.000
43766,0.00001481,0.00037826,-0.00071315,-0.00070497,-0.00038575,0.00000241,-0.00
000812,0.00003206,0.00002195,0.00006211,0.00004093,-0.00000886,0.00000936,0.0000
0100,-0.00003457,-0.00006407,-0.00014838,0.00006303,-0.00011699,0.00018013,0.000
00907,0.00000219,-0.00003810,-0.00001627,0.00001825,0.00000891,0.00004210,0.0000
1030,-0.00000582,-0.00114583,-0.00089360,-0.00137940,-0.13045124,0.11242615,0.00
002663,0.00000657,0.00001526,-0.00016197,0.00005368,-0.00004302,-0.00007411,0.00
003639,-0.00002292,-0.00002740,0.00000455,-0.00002581,-0.00000209,0.00000111,-0.
00000090,-0.00000301,0.00000193,0.00000480,-0.00000459,-0.00000620,-0.00000145,0
.00005287,0.00009314,-0.00012188,0.00013368,0.00002624,0.00004384,0.00000924,-0.
00000909,0.00000227,0.00000869,-0.00006314,0.00005933,0.00000987,0.00000522,0.00
000464,0.00000475,0.00000158,0.00000124,0.00000800,0.00000931,0.00000288,-0.0000
0113,0.00000257,-0.00000021,0.00000414,0.00000303,0.00000117,0.00000197,0.000000
42,0.00000020,-0.00000768,0.00000153,-0.00000720,-0.00001796,-0.00000937,0.00001
284,-0.00000703,-0.00000275,0.00002135,0.00008495,-0.00004267,0.00001985,-0.0000
0349,-0.00000102,-0.00000784,-0.00000415,-0.00000288,0.00000075,-0.00000581,-0.0
0000302,-0.00000460,-0.00000252,0.00000121,0.00000288,0.00000255,-0.00000210,0.0
0000096,-0.00000128,-0.00000013,-0.00000060,-0.00001416,-0.00001734,0.00002026,0
.00002307,0.00000184,-0.00006220,0.00000425,-0.00000317,-0.00000087,0.00000100,-
0.00000073,0.00000114,0.00003317,-0.00001077,0.00000337,0.00000450,-0.00002219,-
0.00002630,-0.00000495,0.00000174,0.00000122,0.00000027,0.00000122,-0.00000502,0
.00000918,-0.00000473,0.00000402,-0.00000165,0.,-0.00000059,0.00000640,0.0000091
1,0.00000899,-0.00000399,-0.00000276,0.00000093,-0.00000115,0.00000291,0.0000092
8,-0.00000199,0.00000640,0.00000516,0.00000579,-0.00000406,0.00000428,-0.0000079
0,-0.00001911,-0.00000165,0.00001071,-0.00000511,-0.00000158,0.00000226,0.000013
45,0.00001042,-0.00002005,-0.00000536,0.00005673,-0.00000912,0.00005506,-0.00001
480,-0.00060936,0.00048595,0.00029842,-0.00004383,0.00478670,-0.00050940,-0.0145
9421,0.00979107,0.00412576,0.05706185,-0.03078630,-0.05940867,0.02294176,-0.0130
2995,-0.00862091,0.00423277,0.00314347,-0.00323594,-0.00022795,0.00042454,-0.000
51948,-0.00039368,-0.00040531,-0.00029308,0.00002997,-0.00002428,-0.00000251,-0.
00000732,0.00005046,0.00003069,-0.00002861,0.00000707,0.00002836,-0.00006087,-0.
00005849,0.00000184,-0.00012084,0.00013652,-0.00013733,-0.00000780,0.00002619,0.
00006614,-0.00001709,-0.00001201,-0.00000279,0.00000449,-0.00006422,0.00002493,-
0.00145315,-0.00053926,0.00033059,-0.06757286,0.02816035,0.06815206,-0.00004726,
-0.00002175,-0.00004750,-0.00021429,0.00035624,-0.00008430,0.00009380,0.00007879
,0.00001228,0.00007460,0.00001975,0.00006764,0.00000235,0.00000053,0.00000071,0.
00000468,0.00000353,-0.00000413,-0.00000380,0.00000734,-0.00000151,0.00013895,0.
00004839,0.00005204,0.00020827,-0.00021384,0.00011558,-0.00000841,-0.00000085,-0
.00001335,-0.00005854,-0.00005252,-0.00000636,-0.00001913,-0.00001131,0.00000508
,-0.00000156,-0.00000145,-0.00000080,-0.00000252,-0.00001290,0.00000045,0.000001
15,0.00000571,0.00000108,-0.00000174,-0.00000062,-0.00000144,0.00000183,0.000000
73,-0.00000095,0.00006783,0.00001762,-0.00000831,0.00001043,-0.00000790,0.000013
02,-0.00001500,-0.00000482,0.00000043,0.00012162,-0.00022600,-0.00003168,0.00000
637,-0.00000184,0.00000633,0.00000500,0.00000225,0.00000099,0.00000892,0.0000005
3,0.00001106,0.00000010,-0.00000287,0.00000334,-0.00000228,0.00000152,0.00000331
,-0.00000027,0.00000122,-0.00000273,-0.00004618,-0.00006195,0.00001114,0.0000394
5,0.00007167,0.00004046,-0.00000628,0.00000350,-0.00000193,-0.00000041,-0.000000
09,-0.00000140,-0.00008689,-0.00002112,-0.00003298,-0.00001856,0.00004617,0.0000
0189,0.00000431,-0.00001403,-0.00000126,-0.00000272,-0.00001710,-0.00000179,-0.0
0000039,-0.00002214,0.00000696,0.00001604,0.00000050,0.00000618,-0.00000262,-0.0
0000962,-0.00000836,-0.00000477,0.00000353,0.00000317,-0.00000440,-0.00001351,-0
.00000688,0.00000044,0.00001324,0.00000088,0.00001314,-0.00000598,0.00002202,-0.
00004438,0.00000964,0.00000920,0.00001645,0.00000544,-0.00005058,0.00000993,-0.0
0000800,0.00000699,-0.00009787,-0.00004554,-0.00000174,-0.00001900,0.00017215,-0
.00005713,-0.00050168,-0.00068895,-0.00031005,-0.00026242,-0.00009118,0.00069070
,0.00196903,0.00210358,0.00401501,0.00446759,-0.00770619,0.00723575,-0.07903365,
0.07250028,-0.05774718,-0.01117796,0.01873277,-0.01442474,-0.00154277,0.00596990
,0.00335728,-0.00006285,0.00063388,-0.00081433,-0.00003055,0.00006589,-0.0000963
1,0.00001842,-0.00003846,-0.00000075,0.00000389,-0.00003689,-0.00000988,0.000022
15,0.00000021,-0.00006050,-0.00034264,0.00009780,-0.00003625,-0.00001449,-0.0000
1118,-0.00001861,-0.00001282,-0.00001936,-0.00004353,0.00005780,-0.00009254,0.00
009857,0.00020142,-0.00039883,0.00050815,-0.00020840,-0.00184335,-0.00021125,0.0
8666858,0.00006490,0.00003075,0.00005176,0.00009244,-0.00018509,0.00014222,-0.00
011484,-0.00004435,0.00001964,-0.00008175,-0.00001732,-0.00004258,-0.00000075,-0
.00000351,0.00000095,-0.00000374,-0.00000282,0.00000454,-0.00000164,-0.00000388,
0.00000153,-0.00018062,0.00001321,-0.00006552,-0.00010938,0.00011024,-0.00012016
,-0.00000327,0.00000266,0.00001024,0.00011096,-0.00001023,0.00002915,0.00000983,
-0.00000246,0.00000132,-0.00000252,0.00000253,-0.00000259,0.00000140,0.00001247,
-0.00000438,-0.00000102,-0.00000599,-0.00000242,0.00000330,0.00000188,-0.0000009
4,-0.00000014,0.00000148,-0.00000192,-0.00009013,-0.00000715,0.00001552,0.000000
16,0.00001109,-0.00002596,-0.00003093,0.00001037,-0.00002493,-0.00001831,0.00009
928,-0.00001016,-0.00000236,0.00000337,-0.00000648,-0.00000485,-0.00000055,-0.00
000578,-0.00000463,0.00000321,-0.00000902,-0.00000214,0.00000828,-0.00000562,0.0
0000030,0.00000193,-0.00000869,-0.00000223,-0.00000024,0.00000480,0.00004232,0.0
0002573,-0.00002205,0.00005362,-0.00008166,0.00001023,0.00001415,-0.00000188,-0.
00000052,0.00000113,-0.00000196,0.00000382,0.00009488,-0.00000416,0.00001002,0.0
0000900,-0.00004990,-0.00000697,-0.00001027,0.00000264,0.00000198,-0.00000518,0.
00000344,-0.00000439,0.00000777,-0.00000360,0.00000133,-0.00001124,-0.00000637,-
0.00000244,0.00000680,0.00001222,0.00001109,0.00000329,0.00000186,-0.00000959,0.
00000318,0.00001682,0.00000992,0.00000899,-0.00001426,0.00000320,-0.00001211,0.0
0000038,-0.00001150,0.00001646,0.00000507,-0.00001319,0.00000419,0.00001852,0.00
002855,-0.00001590,0.00001457,-0.00000232,0.00013675,0.00000770,0.00003875,-0.00
015326,0.00010356,-0.00015604,-0.00058012,-0.00074348,-0.00045568,-0.00022801,0.
00057238,-0.00037878,0.00189648,0.00393098,0.00317912,0.00259141,-0.00500686,0.0
0561084,0.07259361,-0.16361612,0.11194716,0.00877121,-0.01231323,0.00961446,0.00
605599,0.00272079,0.00078417,0.00002404,-0.00031844,0.00063023,0.00001269,-0.000
05439,0.00009966,-0.00002896,0.00002752,0.00001157,-0.00001719,0.00004272,-0.000
00518,-0.00002231,-0.00000400,0.00001633,0.00007285,-0.00020893,-0.00005631,-0.0
0001007,0.00001715,-0.00001656,-0.00001777,-0.00001949,-0.00005571,0.00005452,-0
.00008349,0.00009824,0.00019186,-0.00025002,0.00023335,-0.00114169,-0.00075658,-
0.00148012,-0.08841422,0.17687446,-0.00003122,-0.00002966,-0.00002926,-0.0001559
4,0.00013580,0.00001460,0.00002226,0.00007602,-0.00000625,0.00005071,0.00002034,
0.00002214,0.00000129,0.00000193,-0.00000198,0.00000092,0.00000016,-0.00000133,-
0.00000575,0.00000099,0.00000150,0.00019886,0.00010421,-0.00014483,0.00011014,-0
.00010038,0.00002526,0.00000444,-0.00001527,-0.00000955,-0.00006181,-0.00006983,
0.00006389,-0.00000240,0.00000620,0.00000409,0.00000352,0.00000361,0.00000604,0.
00001235,-0.00000076,0.00000456,-0.00000052,0.00000345,0.00000061,0.00000016,-0.
00000111,0.00000181,0.00000057,-0.00000252,0.00000279,0.00006764,0.00000306,-0.0
0002301,-0.00001958,-0.00000662,0.00003624,-0.00000560,0.00001534,-0.00000422,0.
00006526,-0.00009314,-0.00002370,-0.00000215,0.00000091,-0.00000370,0.00000313,0
.00000209,0.00000424,0.00000366,-0.00000677,0.00000211,-0.00000117,-0.00000224,0
.00000368,0.00000721,-0.00000116,0.00000585,-0.00000063,0.00000277,-0.00000261,-
0.00008139,-0.00005716,0.00004532,0.00001546,0.00002563,-0.00003867,-0.00000902,
-0.00000102,-0.00000076,0.00000222,0.00000187,-0.00000165,-0.00005007,-0.0000116
6,-0.00002386,-0.00000557,0.00001986,-0.00001678,0.00000673,-0.00000785,0.000004
88,-0.00000028,-0.00000539,-0.00000816,-0.00000865,-0.00002246,0.00002200,0.0000
1396,-0.00000150,0.00000282,0.00000228,-0.00000041,-0.00000351,-0.00000154,0.000
00104,0.00000607,-0.00000358,-0.00000562,-0.00000315,-0.00000126,0.00002079,-0.0
0000535,0.00001960,-0.00001044,0.00001605,-0.00001543,0.00000548,0.00001984,-0.0
0000652,0.00000520,-0.00004585,0.00001497,0.00000301,0.00000110,-0.00016409,-0.0
0002197,0.00005478,0.00001270,0.00012984,-0.00007514,-0.00041179,-0.00053176,-0.
00018943,0.00063105,-0.00048184,0.00005787,0.00434574,0.00292777,-0.00307695,-0.
00938008,0.01978482,-0.01913355,-0.05816453,0.11158100,-0.13719434,0.00234159,-0
.00409814,0.00426420,0.00314085,0.00135933,0.00187997,0.00019369,-0.00019315,0.0
0018076,0.00000202,0.00000797,-0.00002243,0.00001326,-0.00000484,-0.00003154,0.0
0001407,-0.00003738,0.00001445,0.00000399,-0.00004875,0.00005618,0.00003801,-0.0
0014566,-0.00005830,0.00003105,0.00000739,0.00006533,-0.00001952,-0.00001242,-0.
00002562,0.00005068,-0.00014183,0.00008361,-0.00050492,0.00091349,-0.00096500,-0
.00128438,-0.00058925,0.00008223,0.05926029,-0.12889986,0.15379336,0.00006019,0.
00004186,0.00004649,-0.00050960,0.00011258,-0.00057099,-0.00010248,0.00007776,-0
.00007516,-0.00004859,-0.00001242,-0.00000841,-0.00000118,-0.00000134,0.00000338
,-0.00000738,0.00000737,0.00000936,-0.00001621,-0.00001561,-0.00000858,0.0000677
5,0.00002663,-0.00003895,0.00020003,0.00014105,0.00037633,0.00000047,0.00000475,
0.00001121,-0.00000566,-0.00003989,0.00003739,0.00000196,-0.00001172,0.00000629,
0.00000358,0.00000352,-0.00000667,-0.00000293,-0.00000066,-0.00000769,0.00000243
,0.00000371,-0.00000366,0.00000321,0.00000252,-0.00000365,0.00000247,0.00000567,
-0.00000405,-0.00000499,0.00000802,-0.00000629,0.00001108,-0.00002685,-0.0000032
4,0.00002184,-0.00003231,0.00003676,0.00019427,-0.00007242,0.00010976,-0.0000039
4,-0.00000689,-0.00000231,0.00000595,-0.00000111,0.00000705,-0.00000272,-0.00000
129,-0.00000923,-0.00000733,0.00000388,0.,-0.00000937,0.00000289,-0.00000631,-0.
00000013,-0.00000544,0.00000014,-0.00002278,-0.00000026,0.00003303,0.00008867,0.
00003463,0.00008619,0.00001528,0.00000328,-0.00000012,-0.00000071,-0.00000350,0.
00000210,0.00004549,-0.00002024,0.00000357,-0.00001513,-0.00003570,-0.00000187,-
0.00000878,0.00000059,-0.00000239,-0.00000334,0.00000830,0.00001175,-0.00000073,
0.00000934,0.00000822,-0.00000638,0.00000027,-0.00000569,0.00000014,0.00000541,0
.00001124,-0.00000729,-0.00001171,-0.00000155,-0.00000335,0.00000146,0.00001017,
-0.00000340,0.00000414,0.00000870,0.00000036,-0.00000016,-0.00000139,0.00002735,
-0.00003324,-0.00002787,-0.00000573,0.00001222,0.00003396,-0.00001266,0.00000592
,0.00001006,-0.00005020,-0.00003773,0.00005831,0.00000827,0.00008515,0.00003717,
-0.00006120,0.00013207,-0.00053452,0.00214441,0.00450693,0.00021232,-0.00011367,
0.00021869,-0.00042167,-0.00117092,0.00562415,0.00295392,-0.01168944,-0.00335108
,0.02198231,-0.09297603,-0.01996885,0.10516466,0.00565004,0.00167978,-0.00838895
,-0.00038713,-0.00131654,-0.00069035,0.00007935,0.00023028,-0.00063189,0.0000496
9,0.00000270,0.00021324,0.00001822,-0.00001971,0.00002086,0.00004506,0.00004236,
0.00001708,-0.00000812,-0.00002257,-0.00001354,0.00000072,-0.00000092,-0.0000003
3,-0.00000190,-0.00001447,-0.00002465,-0.00006865,0.00012474,-0.00007651,-0.0005
7709,-0.00080163,-0.00052898,-0.00058863,-0.00020845,0.00105228,-0.00032132,-0.0
0169306,-0.00027639,0.10057646,-0.00001433,-0.00004131,-0.00002862,-0.00049820,0
.00069104,-0.00010579,0.00009289,0.00004096,0.00007050,0.00003787,0.00002850,0.0
0004798,0.00000299,-0.00000393,0.00000131,0.00000329,-0.00000092,-0.00000337,-0.
00001445,0.00000743,0.00000064,-0.00011945,0.00006628,0.00000163,0.00040071,-0.0
0016867,0.00023628,-0.00001239,-0.00001668,-0.00001502,0.00006750,-0.00009761,0.
00001920,-0.00001273,-0.00000501,0.00000861,-0.00000084,0.00000194,0.00000177,0.
00001686,0.00000995,0.00000576,-0.00000215,-0.00000738,-0.00000202,-0.00000144,-
0.00000246,-0.00000238,-0.00000176,-0.00000053,-0.00000147,-0.00001029,0.0000116
7,0.00001255,0.00000300,0.00001894,0.00001128,-0.00000718,-0.00003118,0.00006840
,0.00030439,-0.00047486,-0.00011648,0.00000346,0.00000388,-0.00001113,-0.0000036
7,0.00000368,-0.00001058,0.00000497,0.00000665,0.00000680,0.00000039,0.00001555,
0.00000187,0.00001183,0.00001011,0.00000033,-0.00000271,0.00000157,0.00000063,-0
.00000122,-0.00004012,0.00001694,0.00003845,0.00000842,0.00007890,-0.00000425,-0
.00000208,-0.00000283,0.00000061,-0.00000253,0.00000191,-0.00003426,-0.00004176,
-0.00005841,-0.00003857,-0.00002213,-0.00003673,-0.00000788,-0.00001245,-0.00000
399,-0.00000420,-0.00001354,-0.00000484,0.00001309,-0.00001188,-0.00000021,0.000
00413,-0.00000595,0.00000698,0.00000415,0.00000204,0.00000542,-0.00000587,0.0000
0560,-0.00000825,0.00000318,0.00000922,0.00000169,0.00000567,-0.00000664,0.00000
214,-0.00000060,-0.00000775,0.00001066,-0.00003586,-0.00001462,-0.00002338,0.000
01524,0.00000765,-0.00001180,0.00000455,0.00001144,0.00001773,0.00000714,-0.0000
4461,0.00000925,0.00012132,-0.00010698,0.00009559,-0.00036372,-0.00035996,0.0008
7089,0.00457414,0.00147205,0.00462787,0.00028381,-0.00037327,-0.00003094,0.00559
208,0.00262666,0.00110611,0.00694578,0.00307985,-0.01238019,-0.02055332,-0.04994
447,0.05067844,-0.00861013,-0.00345913,0.01836513,-0.00146826,-0.00066668,-0.001
02106,-0.00027214,-0.00019197,0.00057932,0.00014468,0.00010713,-0.00005334,-0.00
002663,0.00008695,-0.00015012,-0.00006810,0.00014843,0.00000831,-0.00019433,0.00
004727,0.00013780,0.00002052,-0.00002289,-0.00003192,0.00004997,0.00002392,0.000
04581,0.00008776,-0.00004568,0.00000968,-0.00080138,-0.00091897,-0.00056880,0.00
039289,0.00001105,-0.00071116,-0.00095759,-0.00081257,-0.00154146,0.01420654,0.0
4952650,0.00004030,0.00000857,0.00000735,-0.00116727,0.00044376,-0.00048786,-0.0
0021803,0.00018657,-0.00007829,0.00000725,0.00000986,0.00001123,0.00000779,-0.00
000243,-0.00000128,-0.00000506,0.00000198,0.00000417,-0.00003572,-0.00001204,0.0
0000025,0.00036821,0.00013431,-0.00032110,0.00092075,-0.00002173,0.00036801,0.00
000230,-0.00002501,0.00001412,-0.00009163,-0.00012447,0.00013334,-0.00000113,-0.
00001016,0.00001112,0.00000684,0.00000751,0.00000550,0.00001644,-0.00000651,0.00
000050,-0.00000290,0.00001059,-0.00000399,0.00000747,0.00000626,0.00000413,0.000
01411,-0.00000108,0.00000087,0.00007406,0.00001622,-0.00005256,-0.00002524,-0.00
004282,0.00005739,-0.00001662,0.00004015,0.00007414,0.00038979,-0.00025940,0.000
03443,-0.00000584,-0.00000376,-0.00000683,0.00001323,0.00000694,0.00000965,0.000
00996,-0.00001323,-0.00001040,-0.00000737,0.00000355,0.00000368,-0.00000287,0.00
000349,-0.00000873,-0.00000552,0.00000076,-0.00000244,-0.00008099,-0.00002291,0.
00012658,0.00010247,0.00002253,-0.00026270,0.00001099,-0.00000491,-0.00000635,0.
00000864,0.00000178,0.00000342,0.00000575,-0.00003774,-0.00003463,0.00000616,-0.
00003281,-0.00003786,0.00000874,0.00002197,0.00001617,0.00001734,0.00002392,0.00
001209,0.00002090,0.00000504,0.00001095,0.00000307,0.00000829,-0.00000413,0.0000
2111,0.00001051,0.00000777,-0.00001630,-0.00001529,0.00001827,0.00000081,0.00000
307,0.00002241,0.00000274,0.00001145,-0.00000395,0.00001241,-0.00000474,0.000014
29,-0.00004614,-0.00007477,0.00002396,0.00002678,-0.00001297,-0.00004691,0.00002
522,0.00002669,0.00002996,-0.00028285,-0.00004609,0.00015007,0.00011168,0.000216
27,-0.00004094,0.00018579,0.00016578,-0.00088746,0.00018933,0.00481563,0.0000281
0,-0.00034011,-0.00009658,0.00044617,0.00340568,0.00115548,0.00203442,0.00600143
,0.00116856,-0.00881052,0.10474303,0.04874122,-0.24094669,0.00782144,0.00634053,
-0.01925137,-0.00015712,-0.00145904,0.00002858,0.00009250,-0.00007009,-0.0000941
6,-0.00000924,0.00009991,-0.00000536,-0.00001069,-0.00010013,0.00014643,0.000184
23,-0.00011333,0.00006733,0.00020166,-0.00007923,-0.00024389,0.00000271,-0.00000
159,0.00006221,-0.00002482,-0.00003462,-0.00003118,-0.00012220,0.00009351,-0.000
09054,-0.00051753,-0.00067241,-0.00027811,0.00014282,0.00009527,-0.00043938,-0.0
0138314,-0.00072063,0.00025724,-0.12048161,-0.05971526,0.26760689,0.00012400,0.0
0000227,0.00002565,0.00051740,-0.00099045,-0.00069785,-0.00063189,0.00028757,-0.
00060745,0.00009599,0.00006803,0.00007376,0.00001308,0.00000067,-0.00000146,-0.0
0003650,0.00002448,-0.00001072,-0.00001668,-0.00003872,-0.00003684,-0.00001411,0
.00005346,-0.00007486,-0.00028401,0.00023502,0.00006020,0.00000947,-0.00006571,0
.00001308,-0.00009601,-0.00009038,0.00005114,-0.00000069,-0.00002273,0.00004685,
0.00001977,-0.00000123,0.00000989,0.00003834,0.00000531,0.00001952,-0.00000482,0
.00000957,0.00000845,0.00000925,0.00000396,0.00000084,0.00001884,0.00000526,-0.0
0000129,0.00009906,0.00004788,-0.00003469,-0.00005237,-0.00007828,0.00003096,-0.
00007102,0.00004032,0.00010904,-0.00048345,0.00000001,0.00036212,0.00000678,0.00
000270,-0.00000955,0.00002500,0.00000553,0.00001463,0.00001816,0.00002231,0.0000
0696,-0.00001813,0.00000479,-0.00002903,-0.00000514,0.00003328,-0.00002026,0.000
00322,0.00000834,0.00000519,-0.00001514,0.00000162,0.00005993,-0.00001953,-0.000
01368,0.00010219,0.00001654,0.00000056,-0.00000915,0.00000652,-0.00000093,0.0000
1019,-0.00008138,-0.00018830,-0.00003783,-0.00001638,-0.00004115,-0.00001331,-0.
00001065,0.00000497,-0.00000500,0.00000237,0.00001096,0.00000727,0.00000692,0.00
000735,0.00000506,-0.00000615,0.00001097,-0.00000422,0.00000056,0.00000690,0.000
01043,-0.00000112,-0.00001318,-0.00000371,0.00000198,0.00001109,0.00000915,0.000
00075,-0.00000663,0.00000628,-0.00000723,0.00000001,-0.00000224,0.00001696,-0.00
001510,-0.00001244,-0.00000865,0.00000417,0.00001428,-0.00000475,0.00000846,-0.0
0000050,-0.00007758,-0.00007245,0.00002802,-0.00007923,0.00010449,0.00005407,-0.
00018468,-0.00046724,0.00074619,0.00005797,-0.00015000,0.00011788,0.00012527,-0.
00002621,-0.00001047,0.00005730,0.00001702,-0.00010582,0.00003751,0.00015735,-0.
00010953,-0.00010164,-0.00040079,0.00060338,-0.00006712,-0.00131835,-0.00080567,
0.00230315,-0.00987547,0.01643854,-0.04181870,0.01589470,-0.01641534,-0.00241271
,0.01301040,-0.01882319,-0.00134368,0.00553449,0.00128061,-0.00032225,-0.0000863
5,0.00021592,0.00022336,0.00326825,0.00449045,0.00000661,0.00004061,0.00004022,-
0.00001726,0.00000881,-0.00001743,-0.00008668,0.00005751,0.00003962,0.00001972,0
.00001188,-0.00003743,0.00003435,0.00000122,-0.00005887,0.00002294,-0.00000478,-
0.00001471,-0.00047730,0.00072019,-0.00021722,0.04582177,0.00000442,-0.00002149,
-0.00002637,-0.00091302,0.00001692,-0.00078834,0.00017172,0.00007815,0.00040046,
-0.00003921,-0.00003338,0.00004344,0.00000423,-0.00000693,0.00000515,0.00001694,
-0.00000436,-0.00000426,-0.00000840,0.00001555,-0.00000479,0.00012367,-0.0000028
8,-0.00005557,0.00038960,-0.00002494,0.00037629,-0.00004313,0.00000561,-0.000008
94,0.00006383,-0.00005762,0.00006657,-0.00003431,-0.00004707,0.00001802,0.000006
79,-0.00000053,0.00000519,0.00000978,0.00000402,0.00000155,-0.00000012,-0.000016
30,0.00000061,0.00000347,-0.00000313,-0.00000463,-0.00000281,0.00000251,-0.00000
161,-0.00007657,-0.00002549,-0.00003036,-0.00001643,0.00001952,-0.00002945,0.000
04081,-0.00001957,0.00007240,-0.00050222,-0.00087949,-0.00041205,0.00000559,0.00
002493,-0.00003320,0.00000471,0.00000793,-0.00002387,0.00001561,0.00000901,-0.00
000505,0.00000118,0.00003583,-0.00000471,0.00000835,0.00003256,-0.00002695,0.000
00244,0.00000525,-0.00000120,-0.00001790,-0.00000850,0.00008246,-0.00000995,0.00
003694,0.00000873,-0.00000769,-0.00000967,-0.00000825,0.00000091,-0.00000672,0.0
0000247,0.00001393,0.00000204,-0.00008842,-0.00001964,-0.00002133,-0.00002665,-0
.00000803,-0.00001504,0.00000114,0.00000210,-0.00000986,-0.00000070,0.00000735,-
0.00000729,0.00000755,-0.00001010,0.00001232,0.00000774,0.00000828,0.00000365,0.
00000767,-0.00000710,0.00000157,-0.00000663,0.00000064,0.00000447,0.00000623,-0.
00000239,0.00000029,0.00000169,0.00000215,-0.00000323,0.00000748,-0.00000737,-0.
00002752,-0.00002202,-0.00000156,-0.00000011,-0.00000173,0.00000571,0.00001096,0
.00001470,-0.00013710,-0.00001599,0.00008483,0.00003491,0.00006824,0.00005438,0.
00001181,-0.00010649,-0.00021773,-0.00000849,-0.00007375,0.00007525,0.00009309,0
.00002980,0.00001899,-0.00001654,0.00002751,-0.00003133,0.00004664,0.00005901,0.
00021257,0.00008609,0.00013351,-0.00051753,-0.00113034,-0.00121104,-0.00089959,-
0.00131467,0.00204692,0.00014453,0.01707770,-0.11219094,0.12038350,0.00348917,-0
.01026961,0.01581899,0.00570623,0.00191009,0.00277363,0.00021495,-0.00012199,-0.
00040285,0.00337261,0.00459230,0.00158177,-0.00001476,0.00000772,-0.00001248,-0.
00000168,0.00000330,-0.00001311,0.00010058,0.00000226,-0.00008858,0.00001084,-0.
00001087,0.00000847,-0.00002681,-0.00001232,0.00001578,0.00001782,-0.00000791,-0
.00000504,0.00042239,-0.00019161,-0.00002089,-0.02481917,0.11872961,0.00022833,0
.00007336,0.00011299,-0.00045393,-0.00093894,-0.00086422,-0.00144783,0.00035033,
-0.00106625,0.00005573,0.00003664,0.00011327,0.00001129,-0.00000042,-0.00000534,
-0.00001341,0.00001554,0.00001423,-0.00004682,-0.00002953,-0.00001459,0.00031001
,0.00029906,-0.00036078,0.00038301,0.00021823,0.00033057,0.00001794,-0.00006945,
0.00000527,-0.00014808,-0.00024101,0.00013291,0.00001318,-0.00000741,0.00004332,
0.00002416,0.00000105,0.00000420,0.00003149,-0.00001162,0.00000660,-0.00000403,0
.00003325,0.00000518,0.00001679,0.00001465,0.00000239,0.00002991,0.00000529,-0.0
0000550,0.00021346,0.00006799,-0.00006877,-0.00005801,-0.00017595,0.00011656,-0.
00000984,0.00002597,0.00004771,0.00016838,0.00036310,0.00038404,0.00000175,-0.00
000019,0.00002363,0.00003212,0.00000679,0.00002489,0.00003557,-0.00001722,-0.000
01066,-0.00001757,0.00000867,-0.00001837,-0.00002712,0.00001280,-0.00003874,-0.0
0000528,0.00000562,-0.00000315,-0.00005851,0.00002142,0.00013358,0.00006947,-0.0
0000146,-0.00008349,0.00003268,-0.00000296,-0.00001863,0.00000914,-0.00000057,0.
00000467,-0.00006137,-0.00012162,-0.00008728,0.00000651,-0.00004483,-0.00000289,
0.00000231,0.00003739,0.00001702,0.00000943,0.00003890,0.00002422,0.00000550,0.0
0001695,0.00000975,0.00000102,0.00001927,-0.00000939,0.00001652,0.00001037,0.000
01161,-0.00001537,-0.00002372,0.00001643,0.00000009,-0.00000156,0.00002408,-0.00
000096,0.00000792,-0.00000559,0.00001050,-0.00000017,0.00001276,-0.00000653,-0.0
0005861,0.00001127,0.00001524,-0.00000636,-0.00000960,0.00000726,0.00001316,0.00
001748,-0.00026041,-0.00006705,0.00016036,0.00022911,0.00015975,-0.00004789,0.00
003410,0.00044657,-0.00102818,-0.00019863,0.00021329,-0.00017831,-0.00015567,0.0
0012709,0.00011223,-0.00010077,-0.00002934,0.00018830,0.00010040,0.00000429,0.00
001283,-0.00006758,0.00017342,-0.00023073,-0.00129391,-0.00050777,0.00027941,-0.
00000271,0.01248935,-0.02099428,-0.01699640,0.12032368,-0.22683532,-0.00149025,0
.00411450,-0.00432670,0.00047126,0.00225099,0.00253987,0.00025910,-0.00052534,0.
00026043,0.00459425,0.00129617,-0.00122339,-0.00002975,-0.00004911,-0.00003577,0
.00002202,-0.00000866,0.00005382,0.00013825,-0.00008630,-0.00013536,-0.00003113,
0.00001260,0.00001805,-0.00001308,-0.00001688,0.00002896,-0.00003167,0.00000232,
0.00004590,0.00023993,-0.00043033,0.00056396,0.01586293,-0.13794664,0.25182359,0
.00021701,0.00023911,0.00019325,-0.00030458,0.00032223,0.00016566,0.00023096,0.0
0032705,0.00110412,-0.00059897,-0.00018522,-0.00067883,-0.00001061,-0.00000739,-
0.00000286,-0.00003206,-0.00008661,0.00000227,-0.00000316,0.00000675,0.00000657,
-0.00019033,-0.00002693,0.00001493,0.00014659,-0.00009957,-0.00003498,0.00004462
,-0.00003542,0.00022288,0.00008217,-0.00002319,0.00006195,-0.00002547,0.00000212
,0.00003409,0.00002487,0.00002563,0.00001148,0.00001665,0.00002159,0.00003428,0.
00001768,-0.00004630,0.00003532,-0.00001024,-0.00000131,-0.00001512,-0.00000428,
0.00000162,0.00000591,-0.00009524,-0.00006548,0.00001540,-0.00001399,0.00004386,
-0.00001648,-0.00003534,0.00002820,0.00000524,-0.00001265,-0.00034450,-0.0003749
1,0.00004277,0.00006102,-0.00001661,-0.00000584,-0.00000507,0.00001090,-0.000018
94,0.00000755,-0.00002283,0.,-0.00001107,-0.00008279,0.00003765,-0.00001214,-0.0
0005433,0.00002767,0.00000818,0.00000002,0.00019702,0.00013361,-0.00001173,0.000
02629,-0.00003083,-0.00003490,-0.00006417,0.00002837,-0.00001397,-0.00001884,-0.
00000340,0.00000986,-0.00092278,-0.00014582,-0.00020120,-0.00000160,-0.00002999,
-0.00001944,-0.00000266,0.00000599,-0.00001337,-0.00001168,-0.00000179,-0.000008
30,0.00000102,-0.00000695,-0.00000206,-0.00005900,0.00006275,-0.00000556,0.00000
248,0.00000397,-0.00000223,-0.00000144,0.00000418,0.00000821,0.00000206,0.000004
78,-0.00000283,0.00000914,-0.00000313,-0.00001021,0.00000080,-0.00000340,-0.0000
0674,-0.00000536,0.00000103,0.00000604,0.00000604,-0.00000739,-0.00000556,0.0000
0453,0.00000889,0.00000087,-0.00001095,0.00002724,0.00011940,0.00012783,-0.00002
841,-0.00011568,-0.00047383,-0.00055201,-0.00037820,-0.00028236,0.00008584,-0.00
000489,-0.00002673,-0.00001836,0.00005577,0.00004141,-0.00002754,-0.00001348,0.0
0003166,-0.00002022,-0.00000476,-0.00004650,-0.00000563,0.00007464,-0.00037766,-
0.00015984,0.00087253,-0.00122273,0.00620510,0.00079058,-0.01712581,0.00447862,0
.01625031,-0.15604128,0.02205195,0.12633429,0.00109626,-0.00095167,0.00089300,0.
00296213,0.00250105,0.00103067,0.00019261,0.00033202,-0.00062084,-0.00001423,-0.
00002395,-0.00006702,0.00001352,0.00000089,-0.00000083,-0.00004826,0.00001886,0.
00006671,-0.00003228,0.00001760,0.00003083,-0.00001948,0.00001035,0.00000976,-0.
00002454,0.00002591,-0.00000861,-0.00001191,-0.00001439,0.00002323,-0.00020284,-
0.00165038,-0.00025974,0.17288538,0.00037987,0.00023246,0.00024379,0.00068950,-0
.00060442,-0.00029720,-0.00100132,-0.00107424,-0.00173588,-0.00035995,0.00003834
,-0.00024899,0.00002922,-0.00000138,-0.00000636,-0.00013077,0.00000941,0.0000052
2,0.00000388,-0.00005932,-0.00005038,0.00024092,-0.00008014,-0.00013207,-0.00033
038,0.00026179,-0.00005511,-0.00002168,-0.00008258,0.00018398,-0.00015554,-0.000
01697,0.00012719,0.00000328,-0.00001902,0.00006223,0.00004082,0.00000728,0.00004
299,0.00004539,-0.00000265,0.00004355,0.00000183,0.00000677,0.00004354,0.0000228
0,0.00001068,-0.00000254,0.00003771,0.00000145,0.00001149,0.00016428,-0.00000846
,-0.00011170,-0.00016421,-0.00007238,0.00000256,-0.00005730,0.00003887,0.0001502
2,-0.00014843,0.00060233,0.00038763,0.00003073,0.00005066,-0.00000176,0.00006468
,0.00003493,0.00003630,0.00002191,0.00002774,-0.00004845,-0.00001531,-0.00000268
,-0.00010820,-0.00003019,-0.00000416,-0.00008976,0.00001946,0.00003547,0.0000199
1,-0.00000678,0.00004712,0.00007876,-0.00004592,0.00002936,0.00005544,0.00006997
,-0.00002256,-0.00002370,0.00001319,-0.00000175,0.00002978,0.00008906,-0.0002666
5,0.00013950,0.00000546,-0.00000208,-0.00000515,-0.00003255,0.00000793,0.0000015
4,0.00000344,0.00000661,0.00000731,0.00000228,0.00000304,0.00000108,-0.00001560,
0.00002998,-0.00001112,0.00000561,0.00000130,0.00000853,0.00000182,-0.00000725,-
0.00000749,0.00000081,0.00000061,0.00000933,-0.00000890,-0.00000118,0.00001115,-
0.00000278,0.00000152,0.00000905,0.00000788,-0.00001068,-0.00001194,-0.00001039,
0.00000619,0.00000801,-0.00000246,0.00000150,0.00000034,-0.00029223,-0.00001989,
0.00013647,0.00024754,0.00008140,-0.00013056,-0.00067604,-0.00081410,-0.00047265
,0.00010094,-0.00026509,-0.00007190,-0.00001675,0.00001594,-0.00002022,-0.000025
38,0.00001123,0.00000556,-0.00001644,0.00002051,-0.00001016,0.00004125,0.0000171
9,-0.00008515,0.00034901,0.00008454,-0.00059625,0.00601850,0.00200696,0.00260440
,0.01274096,-0.00159065,-0.01261275,0.02349428,-0.03973009,-0.01679788,-0.009557
09,0.00087229,0.01257028,0.00281336,0.00212646,0.00466835,0.00004402,-0.00010147
,0.00030707,-0.00003153,-0.00002725,-0.00005938,0.00000213,-0.00001499,-0.000033
29,-0.00008950,0.00002734,0.00013068,0.00003324,-0.00000002,-0.00002599,0.000012
67,-0.00000667,-0.00000471,0.00002192,-0.00001660,0.00000610,0.00000479,0.000019
66,-0.00001819,-0.00091724,-0.00105697,-0.00141063,-0.03145875,0.04014480,0.0002
7733,0.00065454,0.00057086,0.00056239,-0.00057594,-0.00007006,-0.00061319,-0.002
80511,-0.00318993,-0.00119014,-0.00047827,-0.00093751,0.00001687,-0.00000750,-0.
00002426,-0.00004905,-0.00002336,0.00007757,0.00001163,-0.00000786,-0.00003493,0
.00035333,0.00029629,-0.00038349,-0.00029917,0.00024966,-0.00009410,0.00001350,-
0.00006086,0.00030376,-0.00044376,-0.00026226,0.00019759,0.00006740,0.00004585,0
.00005050,0.00006496,0.00004294,0.00008665,-0.00001852,-0.00000020,0.00007402,-0
.00001685,0.00007155,0.00007228,0.00003825,0.00004341,0.00002959,0.00003739,-0.0
0001165,0.00000767,0.00062124,0.00014499,-0.00028630,-0.00023638,-0.00030302,0.0
0017957,-0.00000275,-0.00001785,0.00008865,-0.00020205,0.00070646,0.00013161,0.0
0007378,0.00007109,0.00002973,0.00001114,0.00007468,0.00003270,0.00001896,0.0000
0475,-0.00012859,0.00006750,0.00006208,-0.00019477,-0.00002852,-0.00002729,-0.00
009080,0.00000870,0.00004878,0.00002843,-0.00024905,-0.00007573,0.00010987,-0.00
006126,0.00000888,0.00001082,0.00017555,-0.00003267,0.00004279,0.00002077,0.0000
1838,0.00002131,0.00099220,0.00061921,0.00061061,0.00002320,-0.00000918,-0.00002
624,-0.00005071,0.00001034,0.00002248,0.00001436,0.00000585,-0.00000837,0.000007
98,-0.00000362,0.00000766,0.00003069,0.00000627,-0.00000434,0.00001508,0.0000082
3,0.00001505,0.00000521,0.00000023,-0.00001543,0.00000355,0.00000553,0.00001420,
-0.00002622,-0.00000178,0.00001112,0.00000367,0.00000217,0.00001695,0.00000244,-
0.00000606,-0.00000550,-0.00002206,0.00000391,0.00000493,0.00000259,0.00001072,0
.00000382,-0.00036364,-0.00005798,0.00018665,0.00017382,0.00013877,-0.00011424,-
0.00036442,-0.00047529,-0.00021786,-0.00010412,-0.00004212,-0.00002423,-0.000026
34,-0.00002406,0.00006591,-0.00006089,0.00002630,0.00004231,-0.00001787,0.000047
09,-0.00005254,0.00001704,0.00000592,-0.00004492,-0.00013724,0.00007160,0.000069
16,0.00095834,0.00228213,0.00212203,-0.00064215,0.00006705,0.00197643,0.12835335
,-0.01509650,-0.17573178,0.01679146,-0.00178133,-0.01909629,0.00076296,0.0047686
0,-0.00262192,-0.00076679,0.00043844,0.00023981,-0.00000644,-0.00002945,-0.00001
848,0.00001457,0.00000743,0.00005348,-0.00012682,-0.00000121,0.00010301,0.000001
79,0.00002121,-0.00002758,0.00003381,-0.00001991,-0.00000867,0.00001203,-0.00002
286,0.00003248,0.00000523,-0.00001400,0.00004184,-0.00134604,-0.00054861,0.00044
165,-0.14374279,0.01304754,0.19601619,0.00011081,-0.00001301,-0.00007055,-0.0001
5262,0.00002680,0.00000542,-0.00040570,0.00127825,-0.00043437,0.00019672,-0.0000
9435,0.00009527,-0.00000294,-0.00000307,0.00000729,0.00000204,0.00000653,-0.0000
0405,0.00003743,-0.00002566,0.00000944,-0.00051307,-0.00003361,0.00020029,0.0000
9547,-0.00000524,0.00002182,0.00005623,-0.00005248,-0.00013118,0.00005039,-0.000
10727,0.00000032,-0.00005290,0.00001205,0.00006956,0.00000982,-0.00001103,0.0000
0260,-0.00000500,-0.00000362,0.00001121,-0.00001102,-0.00001225,0.00000817,-0.00
000775,0.00000349,-0.00001289,-0.00001352,0.00000324,-0.00001313,-0.00009933,0.0
0016409,0.00013043,0.00010070,-0.00012974,0.00000316,-0.00001356,0.00001471,-0.0
0000990,0.00022385,0.00007129,0.00012613,0.00002104,-0.00001465,-0.00000555,-0.0
0003588,-0.00001956,0.00000490,0.00001417,0.00002651,0.00002589,-0.00000278,0.00
001318,-0.00000185,0.00002344,0.00003460,-0.00000895,0.00001784,-0.00001267,-0.0
0001928,0.00016386,0.00017852,-0.00007585,0.00005387,-0.00002144,-0.00000807,-0.
00006789,0.00003541,0.00000305,-0.00001929,-0.00000834,-0.00000390,-0.00037651,-
0.00034332,0.00013719,-0.00002769,-0.00003055,0.00000011,0.00000691,0.00002152,0
.00002208,-0.00000845,-0.00000037,0.00001578,-0.00000586,0.00001136,0.00000294,-
0.00004875,0.00005276,-0.00000182,-0.00000063,0.00000185,-0.00000291,0.00000205,
-0.00001275,0.00000865,0.00000343,0.00000490,0.00000228,0.00001747,-0.00000610,-
0.00001285,-0.00000793,0.00000704,-0.00001035,-0.00000062,-0.00001198,0.00000409
,0.00001766,-0.00000807,-0.00000473,0.00000166,0.00000300,0.00000242,0.00022578,
-0.00004392,-0.00003450,-0.00005538,-0.00004834,-0.00010918,-0.00059446,0.000923
75,-0.00033133,-0.00009631,-0.00001391,0.00022133,-0.00006257,0.00000918,-0.0001
4809,0.00002714,-0.00003455,0.00000008,0.00004771,0.00000807,0.00005032,-0.00000
326,0.00000793,-0.00000303,-0.00037048,-0.00066104,-0.00026985,0.00042299,-0.000
57104,0.00027128,0.00277973,0.00296656,0.00059196,-0.00288756,0.00406068,-0.0018
7682,-0.18514463,0.12611024,-0.01498914,-0.01794699,0.01419245,-0.00013120,-0.00
029368,0.00275143,0.00547074,0.00001516,-0.00000416,0.00001332,-0.00002075,0.000
00804,-0.00001860,0.00001555,0.00003678,-0.00001407,-0.00000680,-0.00001177,0.00
002306,-0.00002205,0.00004677,0.00001257,-0.00000988,0.00002212,-0.00002430,0.00
000140,-0.00001416,-0.00000783,-0.00020182,0.00002413,0.00004181,-0.00012724,-0.
00180104,-0.00035485,0.20510626,0.00024778,0.00060892,0.00034418,0.00026780,-0.0
0003756,0.00009007,0.00007809,-0.00344707,0.00023244,-0.00106241,-0.00049063,-0.
00044695,0.00001970,-0.00000207,-0.00002392,0.00001302,-0.00002667,-0.00000616,0
.00001319,0.00006530,-0.00003643,0.00075369,-0.00020858,-0.00005604,-0.00021417,
0.00004018,-0.00012988,-0.00018798,0.00019690,0.00004480,-0.00025004,0.00033182,
0.00007826,-0.00000858,-0.00007979,-0.00002501,0.00003159,0.00000889,0.00006708,
-0.00011527,-0.00008185,0.00001567,-0.00001343,0.00004075,0.00006372,0.00003956,
0.00003632,0.00004213,0.00002516,-0.00002443,0.00001511,0.00018678,-0.00024539,-
0.00022680,0.00003577,-0.00008855,-0.00003023,0.00002491,-0.00000557,0.00002236,
-0.00031820,0.00009045,-0.00021404,0.00008329,0.00008073,0.00003473,0.00000785,0
.00008004,0.00000941,0.00003537,0.00000489,-0.00009868,0.00006629,0.00003304,-0.
00017210,-0.00003009,0.00000330,-0.00007845,0.00002104,0.00004900,0.00001916,-0.
00021846,-0.00000551,0.00008535,-0.00007807,0.00003838,0.00001347,0.00004895,-0.
00004195,0.00001599,0.00001804,0.00002768,0.00000518,0.00060130,0.00071971,0.000
22255,0.00001870,0.00002850,-0.00000062,-0.00003835,0.00000232,-0.00000249,0.000
00960,-0.00000496,-0.00001093,0.00000569,0.00000120,0.00000115,0.00000912,0.0000
0745,0.00001164,0.00000317,-0.00000244,-0.00000155,0.00000356,0.00001892,-0.0000
1133,0.00000078,0.00000218,0.00000040,-0.00002009,-0.00000058,0.00001388,0.00000
179,-0.00000171,0.00000170,0.00000481,0.00001441,-0.00000898,-0.00002260,0.00000
886,0.00000786,-0.00000287,0.00000109,-0.00000569,-0.00048230,0.00002106,0.00009
963,0.00020581,0.00010640,0.00001080,0.00004662,0.00009950,0.00017355,0.00001565
,-0.00007937,0.00003214,-0.00010683,-0.00010937,0.00001604,-0.00004146,0.0000146
3,0.00001744,0.00002812,0.00009426,-0.00003638,0.00001200,0.00001250,-0.00004702
,-0.00060627,-0.00072678,-0.00045497,-0.00073069,0.00021258,0.00022409,0.0025235
4,0.00202521,0.00505154,0.01357919,-0.01116286,0.00264109,0.12879798,-0.14180238
,0.01937773,0.00364472,-0.00204409,-0.00002741,0.00297157,0.00434064,0.00128458,
-0.00001831,-0.00001343,-0.00000538,0.00001296,-0.00000012,-0.00002028,-0.000050
12,0.00003219,0.00001508,0.00001461,0.00000860,-0.00004136,0.00005681,0.00000591
,0.00000191,0.00001946,-0.00002541,0.00002379,-0.00003659,0.00002978,-0.00001054
,0.00069274,-0.00046540,0.00008624,-0.00109575,-0.00095958,-0.00130607,-0.147838
59,0.15338902,0.00004287,-0.00016709,-0.00014150,-0.00000845,-0.00015061,-0.0000
6980,-0.00048060,-0.00001917,0.00018919,0.00033985,0.00022381,0.00049405,0.00001
262,0.00000285,0.00000252,-0.00000688,0.00002079,-0.00002331,-0.00000090,-0.0000
0560,-0.00001188,0.00025561,0.00003058,-0.00011153,0.00000645,0.00005716,0.00002
638,-0.00006634,0.00002837,-0.00012159,0.00006491,0.00008774,0.00005352,-0.00003
051,-0.00003735,-0.00000346,0.00000376,-0.00001612,-0.00000707,-0.00001399,-0.00
002919,-0.00002684,0.00000678,0.00000026,-0.00000564,0.00000597,0.00000119,-0.00
000587,0.00000632,0.00000911,0.00000777,-0.00016289,-0.00015883,0.00004811,0.000
04722,0.00003045,-0.00008878,0.00003218,-0.00002547,0.00002305,0.00011037,0.0001
0472,0.00010373,0.00000850,-0.00000884,-0.00001256,-0.00000377,0.00000406,-0.000
00256,0.00002599,0.00000472,0.00003630,-0.00002816,0.00000639,0.00002384,-0.0000
0640,0.00003180,-0.00001296,0.00000217,-0.00000256,-0.00001175,-0.00003536,0.000
07014,-0.00003152,0.00000194,0.00000722,-0.00001521,-0.00000732,-0.00000348,-0.0
0004017,-0.00000283,-0.00000496,-0.00000809,-0.00020316,-0.00039200,-0.00021891,
0.00000977,-0.00002739,-0.00002336,-0.00000053,-0.00000414,0.00000356,0.00000431
,-0.00000089,-0.00000048,0.00000517,-0.00000559,0.00000201,-0.00001526,0.0000182
8,0.00000002,0.00000424,0.00000998,0.00000747,-0.00000558,-0.00000425,0.00000298
,-0.00000200,-0.00000011,0.00000363,-0.00000472,0.00000522,-0.00000038,0.0000055
9,-0.00000106,0.00000337,-0.00000247,-0.00001041,0.00000112,-0.00000297,0.000000
48,-0.00000165,0.00000181,0.00000637,0.00000326,-0.00018677,0.00005698,0.0001215
9,0.00009494,0.00003318,0.00000732,0.00071703,-0.00051394,0.00021042,0.00015113,
-0.00008159,-0.00016508,-0.00005049,-0.00008550,0.00001011,0.00001202,-0.0000300
0,0.00002328,0.00004519,0.00001434,0.00002244,-0.00002098,0.00003174,-0.00002471
,-0.00034264,-0.00046696,-0.00030760,0.00023972,0.00001818,-0.00051639,0.0009363
2,0.00501904,-0.00263748,-0.01811958,0.01661916,-0.00377397,-0.01457052,0.018542
42,-0.04351953,0.01618949,-0.01289380,0.00143902,0.00482623,0.00168806,-0.001272
09,-0.00000807,-0.00002555,-0.00001270,0.00003240,-0.00001259,0.00005554,-0.0000
6523,-0.00001243,0.00003209,-0.00001008,-0.00000176,0.00000997,0.00001242,0.0000
1002,0.00002195,-0.00000229,0.00000253,0.00000044,0.00002733,-0.00004988,0.00001
997,-0.00096477,0.00072169,-0.00021409,-0.00149161,-0.00052543,0.00012070,0.0128
2748,-0.02621973,0.05011169,0.00000930,-0.00005816,-0.00002458,-0.00009554,0.000
03918,0.00007875,-0.00006027,-0.00009306,0.00022873,0.00013060,0.00004740,0.0002
0283,0.00000375,0.00000164,0.00000144,0.00001323,0.00000629,-0.00000704,0.000005
45,0.00001205,0.00000353,0.00023047,0.00004824,-0.00012544,0.00004241,-0.0000101
6,-0.00001878,-0.00004035,0.00002664,-0.00005396,-0.00011073,-0.00028106,-0.0002
1176,-0.00001656,-0.00004050,-0.00000937,-0.00000916,-0.00001119,-0.00000931,-0.
00003027,-0.00001242,-0.00000657,0.00000745,0.00000995,-0.00000100,0.00000536,0.
00000422,0.00000096,0.00000294,0.00000537,-0.00000045,-0.00016776,-0.00019583,0.
00008124,0.00004399,0.00005096,-0.00006603,0.00001146,-0.00000287,-0.00000395,0.
00000022,-0.00006152,-0.00005016,0.00001353,0.00000332,0.00000143,0.00000095,0.0
0000895,-0.00001265,0.00002084,0.00000962,0.00002283,-0.00000739,0.00001562,-0.0
0000580,-0.00000348,0.00002753,-0.00001727,0.00000181,0.00000250,-0.00000301,-0.
00009360,0.00002469,0.00001314,0.00001309,-0.00002896,-0.00003082,-0.00000882,0.
00000586,-0.00000774,-0.00000263,-0.00000217,-0.00000193,-0.00011004,-0.00007686
,-0.00012474,-0.00000596,-0.00001444,-0.00001050,0.00000288,-0.00000094,0.000004
32,0.00000361,-0.00000106,-0.00000070,0.00000385,0.00000182,0.00000480,-0.000002
08,0.00000762,0.00000501,0.00000360,0.00000322,0.00000019,-0.00000269,0.00000191
,-0.00000032,0.00000015,0.00000596,0.00000453,-0.00000104,0.00000279,-0.00000848
,0.00000566,-0.00000064,-0.00000072,-0.00000345,-0.00000391,0.00000270,0.0000020
6,-0.00000345,-0.00000563,0.00000183,0.00000745,0.00000217,-0.00014742,-0.000055
73,0.00013072,0.00020201,0.00007424,-0.00051727,0.00009677,-0.00123404,-0.000946
26,0.00000564,-0.00000684,-0.00019485,0.00009622,-0.00007326,0.00001169,0.000017
60,0.00001230,-0.00003851,-0.00004779,0.00006582,-0.00000666,-0.00025429,0.00004
091,0.00008017,-0.00028641,0.00059637,-0.00090639,-0.00035821,0.00593644,0.00156
199,-0.00029910,0.00003149,-0.00008233,-0.00052415,0.00326399,0.00463048,0.00126
697,-0.01078968,0.01730703,-0.04237678,0.01573719,-0.01479907,-0.00215583,0.0137
8927,-0.01880683,-0.00001906,-0.00011973,-0.00005169,0.00019989,0.00016956,0.000
34519,-0.00042555,-0.00010740,0.00015879,-0.00003067,0.00001415,0.00001337,0.000
00035,-0.00000591,0.00000347,-0.00002223,0.00002288,0.00001708,-0.00000985,-0.00
000760,0.00002583,-0.00048167,-0.00077529,-0.00044563,0.00004901,-0.00049797,0.0
0090401,-0.00014499,-0.00171065,-0.00019197,0.04584085,0.00010101,-0.00000567,0.
00001760,0.00012777,0.00000091,0.00016301,-0.00014256,-0.00038976,0.00052192,-0.
00000973,0.00002736,0.00009717,0.00000920,-0.00000100,-0.00000474,0.00000587,-0.
00000524,-0.00001118,0.00000760,0.00002017,-0.00000873,0.00041348,-0.00096807,0.
00053248,-0.00012884,0.00002790,-0.00012350,-0.00008069,0.00004278,-0.00001818,-
0.00001234,0.00026035,-0.00039885,-0.00003997,-0.00003405,-0.00002253,-0.0000029
2,0.00000230,0.00000666,0.00000319,-0.00000497,-0.00000580,0.00000339,-0.0000122
5,0.00000420,0.00000778,-0.00000028,0.00000862,0.00000923,-0.00000632,0.00000721
,-0.00054486,-0.00022675,0.00017782,0.00013821,0.00011547,-0.00018283,0.00005732
,-0.00000622,-0.00004308,-0.00013516,-0.00006724,-0.00009860,-0.00000166,0.00000
881,0.00000647,0.00001239,0.00001681,-0.00000674,0.00001931,0.00000028,-0.000002
29,-0.00001241,0.00001189,-0.00002076,-0.00000347,0.00001753,-0.00002856,0.00000
198,0.00000842,0.00000550,-0.00002961,0.00018893,-0.00015096,-0.00004485,0.00005
094,0.00001905,0.00000706,-0.00000893,-0.00000923,0.00000568,0.00000507,-0.00000
065,-0.00004786,-0.00004707,-0.00006955,-0.00000574,0.00001190,0.00000367,-0.000
01632,-0.00000672,-0.00000661,0.00001288,-0.00000967,-0.00000774,0.00000874,0.00
000452,-0.00000371,-0.00000243,-0.00000401,0.00000924,0.00000022,0.00000066,-0.0
0000187,0.00000558,0.00001078,-0.00000605,-0.00000121,0.00000501,-0.00000385,0.0
0000089,-0.00000408,0.00001122,-0.00001511,-0.00000180,-0.00000625,0.00000409,0.
00001429,-0.00000473,-0.00001030,0.00000691,0.00000850,-0.00000622,0.00000195,-0
.00000699,-0.00012059,0.00018783,-0.00012159,0.00048150,-0.00045814,0.00013398,-
0.00192889,-0.00056837,-0.00066646,-0.00003380,-0.00011982,0.00028210,-0.0001151
1,0.00009476,0.00002199,-0.00004921,0.00002194,0.00002211,0.00002294,-0.00001955
,0.00000905,0.00019984,-0.00016383,-0.00018635,0.00009522,-0.00066065,0.00087836
,0.00634804,0.00200569,0.00227485,0.00026630,-0.00020446,-0.00058596,0.00232335,
0.00493821,0.00135425,-0.00064763,0.00068964,0.00080069,0.01609581,-0.11797601,0
.11993317,0.00294183,-0.01196730,0.01769318,-0.00014677,0.00012066,-0.00014567,0
.00006811,-0.00025093,-0.00070031,0.00004965,0.00011296,0.00018717,0.00004789,-0
.00000555,-0.00005286,0.00001876,-0.00001019,-0.00001667,0.00004295,-0.00002635,
0.00000504,-0.00000398,0.00002901,-0.00002053,-0.00074298,-0.00095297,-0.0005722
8,0.00008590,0.00002226,-0.00000927,-0.00111556,-0.00074942,-0.00152481,-0.02385
215,0.12685871,-0.00002964,0.00005998,0.00003629,0.00000515,-0.00013708,-0.00015
177,-0.00005524,0.00029955,-0.00045553,-0.00012625,-0.00006882,-0.00024794,-0.00
000861,-0.00000224,0.00000471,-0.00001650,-0.00000122,0.00001843,0.00001479,-0.0
0003760,0.00001188,-0.00033784,0.00086339,-0.00033900,0.00002891,0.00005703,0.00
006738,0.00009290,-0.00005798,0.00009654,-0.00027874,-0.00128543,-0.00006411,0.0
0002440,0.00002416,0.00004164,-0.00000756,-0.00000337,0.00000102,0.00001830,0.00
001102,0.00000976,-0.00000426,0.00000695,-0.00000013,-0.00000145,0.00000198,-0.0
0001562,0.00000208,0.00000900,-0.00001349,0.00026198,0.00023500,-0.00007886,-0.0
0008963,-0.00009057,0.00009340,-0.00002594,-0.00000961,0.00005533,0.00009619,0.0
0013960,0.00011409,-0.00000517,-0.00000171,-0.00002838,-0.00001215,-0.00001410,0
.00000759,-0.00002182,0.00000545,-0.00001706,0.00000268,0.00000491,0.00000927,0.
00001347,-0.00000846,0.00000493,0.00000231,-0.00001040,-0.00000537,0.00001403,-0
.00003900,0.00009139,0.00003786,-0.00002501,-0.00001452,0.00002721,-0.00001075,0
.00000187,-0.00000618,-0.00000880,0.00000410,0.00020311,0.00003538,0.00011935,0.
00000712,-0.00003411,-0.00002275,0.00000837,-0.00000341,0.00000835,-0.00001281,0
.00000302,0.00000409,-0.00000622,-0.00000767,0.00000288,-0.00000979,0.00001987,-
0.00001098,0.00000566,0.00000724,0.00000802,-0.00000270,-0.00001419,0.00000626,0
.00000145,-0.00000127,0.00000870,-0.00000245,0.00000137,-0.00000286,0.00001179,-
0.00000029,0.00001336,-0.00000252,-0.00001739,0.00000190,0.00000477,-0.00000483,
-0.00000498,0.00000563,0.00000506,0.00000693,0.00015965,0.00004457,0.00006999,0.
00010019,-0.00011928,-0.00012185,-0.00039099,-0.00137735,0.00004903,-0.00003690,
0.00006666,-0.00017199,0.00006441,-0.00001633,-0.00002960,0.00005388,-0.00004676
,0.00000281,0.00003286,-0.00002111,0.00002504,-0.00009390,-0.00001049,0.00007138
,-0.00002503,0.00009658,-0.00031261,0.00129308,0.00271508,0.00252222,0.00018894,
-0.00040372,0.00023646,0.00532971,0.00161107,-0.00124066,-0.00003446,0.01283286,
-0.02053952,-0.01377924,0.11992565,-0.21411023,-0.00242063,0.00522189,-0.0048158
5,-0.00002520,0.00000133,-0.00007826,0.00015223,-0.00024388,0.00014365,-0.000389
36,0.00000767,0.00028369,-0.00002963,-0.00000914,0.00005257,-0.00003326,0.000012
40,0.00001559,-0.00002240,0.00002727,-0.00001582,0.00001771,-0.00002636,0.000010
61,-0.00044202,-0.00071176,-0.00025673,-0.00015466,0.00062603,-0.00091130,-0.001
29944,-0.00075854,0.00019808,0.01195774,-0.13933896,0.23954723\\-0.00002678,0.00
000356,-0.00000352,0.00002598,-0.00001811,0.00001383,0.00008617,-0.00002670,-0.0
0000752,-0.00001127,0.00000547,0.00000476,0.00000259,-0.00000067,-0.00000245,-0.
00000281,0.00000120,0.00000034,-0.00000211,0.00000317,0.00000566,0.00002002,0.00
001156,-0.00002210,-0.00000783,0.00001125,-0.00001005,-0.00001012,-0.00000052,-0
.00000317,0.00000403,-0.00002588,0.00003486,-0.00000057,0.00000005,-0.00001322,-
0.00000698,0.00001135,0.00000626,-0.00000649,-0.00000312,0.00000607,0.00000186,-
0.00000344,0.00000060,-0.00000123,-0.00000430,-0.00000353,0.00000185,0.00000016,
-0.00000032,0.00000257,0.00005724,-0.00007920,-0.00002546,-0.00001658,0.00002080
,0.00000297,-0.00000436,0.00000778,-0.00001459,-0.00001204,0.00003891,-0.0000051
2,0.00000196,-0.00000185,-0.00000845,-0.00000139,-0.00000851,-0.00000725,0.00000
168,0.00000006,0.00000452,-0.00000412,0.00000164,-0.00001102,-0.00001549,-0.0000
0353,-0.00000130,0.00000257,0.00000484,0.00000022,-0.00001090,-0.00001720,0.,-0.
00000111,-0.00000145,0.00000017,-0.00000380,0.00000541,0.00000612,-0.00000248,0.
00000179,-0.00002472,0.00003067,0.00001002,-0.00000665,-0.00000037,0.00000320,0.
00000681,0.00000263,-0.00000613,-0.00000195,-0.00000422,-0.00000393,0.00000249,-
0.00000187,0.00000184,0.00000119,0.00000077,0.00000062,-0.00000014,0.00000013,-0
.00000033,-0.00000035,-0.00000223,0.00000285,0.00000113,0.00000355,0.00000201,0.
00000029,-0.00000073,-0.00000018,0.00000031,-0.00000028,0.00000005,-0.00000096,0
.00000050,0.00000010,0.00000100,0.00000008,-0.00000046,-0.00000059,-0.00000003,0
.00000003,0.00000122,0.00000304,0.00000735,-0.00000026,-0.00000423,-0.00000082,-
0.00000311,0.00000144,-0.00000167,0.00000436,-0.00000693,0.00000485,-0.00000341,
0.00000905,-0.00000774,0.00000613,-0.00000663,0.00000328,0.00000153,-0.00000288,
0.00000279,0.00000239,0.00000105,-0.00000403,-0.00000229,0.00000128,-0.00000545,
0.00000315,-0.00000044,0.00000215,0.00000078,0.00000150,0.00000127,0.00000818,0.
00000508,0.00000584,0.00000202,0.00000437,-0.00000197,0.00000642,-0.00000538,0.0
0000141,-0.00000288,0.00000694,0.00000185,-0.00000088,-0.00000148,0.00000060,-0.
00000092,0.00000315,-0.00000259,-0.00000157,-0.00000011,-0.00000166,-0.00000123,
-0.00000098,0.00000309,-0.00000290,0.00000157,0.00000110,-0.00000096,0.00000227,
-0.00000225,-0.00000205,-0.00000082,0.00000420,0.00000043,0.00000074,0.00000070,
-0.00000039,0.00000120,0.00000100,-0.00000130,0.00000073,0.00000090,-0.00000003,
0.00000165,0.00000010\\\@
