1\1\GINC-ECHO\Freq\External='./xtb.sh'\ZDO\C32H31Fe1N1O5Pd1\ECHO\14-Oct-2024\0\\
#p freq external='./xtb.sh'\\Generate automatically by rxnb\\0,1\Fe,0.90273,-2.1
513,-0.2234\C,-3.09203,0.12665,1.76855\Pd,-1.5153,-1.06899,-0.22565\C,-0.66651,-
3.46584,-1.03755\H,1.42175,-4.74337,0.20825\H,-0.65525,-3.65114,1.4874\H,0.07468
,-1.26833,2.34148\C,-0.33833,1.1542,0.88139\O,-3.84499,0.42005,2.67888\C,0.08895
,-2.64962,-1.89867\O,0.73515,0.48816,0.77037\C,1.14029,-0.7161,-1.54562\C,2.1224
1,-1.70484,-1.65797\C,1.48329,-2.92487,-1.87021\H,1.37189,0.28253,-1.26409\H,3.1
5259,-1.5539,-1.44786\H,1.92861,-3.89057,-1.87545\H,0.26881,-0.89076,0.25183\C,-
0.16303,-1.25051,-1.70151\C,-2.71301,1.20549,0.68948\O,-2.51333,-0.99538,1.60722
\C,0.671,-1.92637,1.74876\C,0.30452,-3.21005,1.33814\C,1.3986,-3.78917,0.67732\C
,2.44996,-2.86082,0.67288\C,1.99145,-1.69709,1.29252\H,2.48235,-0.75621,1.27363\
N,-1.4017,0.80083,0.243\H,-2.65677,2.18802,1.17287\H,-0.31415,-4.49008,-0.9142\H
,3.37445,-2.9753,0.16258\O,-1.73201,-3.11117,-0.51147\C,-3.75709,1.26616,-0.4565
8\C,-4.36188,-0.11287,-0.77279\C,-3.08793,1.81498,-1.7227\C,-4.88365,2.19588,0.0
0234\H,-3.58759,-0.82291,-1.13149\H,-5.11181,-0.00884,-1.55678\H,-4.84637,-0.527
72,0.11214\H,-3.83268,1.98454,-2.49816\H,-2.58205,2.75521,-1.5119\H,-2.34286,1.1
0481,-2.09446\H,-5.26632,1.86228,0.96435\H,-4.51986,3.21542,0.11337\H,-5.69818,2
.1974,-0.71965\O,-0.37767,2.25202,1.66654\C,0.82798,2.61897,2.30711\C,1.9311,3.1
1583,1.33904\C,2.95854,2.06194,1.01944\C,3.7765,1.3616,1.87944\C,4.6222,0.38994,
1.35584\C,4.6487,0.1336,-0.00637\C,3.84752,0.85335,-0.879\C,3.001,1.81814,-0.360
32\C,2.02002,2.67487,-1.00896\C,1.63658,2.77286,-2.33671\C,0.61684,3.6497,-2.667
98\C,-0.00504,4.41603,-1.6943\C,0.37621,4.32276,-0.36243\C,1.3884,3.44993,-0.026
3\H,1.20981,1.76743,2.88152\H,0.52614,3.41576,2.98916\H,2.41136,3.98748,1.79581\
H,3.75854,1.55167,2.94241\H,5.25827,-0.17643,2.01878\H,5.3113,-0.62894,-0.3894\H
,3.88169,0.66898,-1.94152\H,2.11291,2.17198,-3.09675\H,0.29681,3.73276,-3.69589\
H,-0.80069,5.09061,-1.9744\H,-0.12142,4.91157,0.39346\\Version=ES64L-G16RevC.01\
HF=-115.4524097\RMSD=0.000e+00\RMSF=4.138e-06\ZeroPoint=0.548824\Thermal=0.58364
64\ETot=-114.8687633\HTot=-114.8678191\GTot=-114.9677818\Dipole=0.,0.,0.\PG=C01 
[X(C32H31Fe1N1O5Pd1)]\NImag=1\\0.50395302,-0.08027722,0.47286316,0.07801449,-0.0
5927914,0.75800264,0.00066359,0.00060426,-0.00080784,0.50053261,-0.00140569,-0.0
0203292,-0.00035040,-0.20885355,0.51923347,-0.00139766,-0.00046540,0.00119753,-0
.29863686,0.10930242,0.56010733,-0.08136370,0.05223385,0.00684794,-0.00140310,0.
00715626,-0.00126433,0.21441975,0.03105637,-0.01605622,0.00205588,0.00287029,0.0
0147677,-0.00879897,-0.02025121,0.25352236,0.00746907,0.00733559,-0.00825471,0.0
0458853,-0.01820455,0.00383662,-0.07094415,0.04413532,0.18376380,-0.00597295,0.0
1765122,0.00385159,-0.00075494,0.00255260,0.00140457,0.00182355,0.01259810,0.002
95097,0.59174827,-0.00386188,-0.01084871,-0.01052347,0.00087384,-0.00137648,-0.0
0013440,0.00398398,-0.01038549,-0.01130000,-0.09182559,0.55223507,0.00069090,-0.
00016346,-0.00740792,0.00006804,-0.00099010,0.00047481,-0.00448400,-0.01383659,-
0.00224819,-0.26736658,-0.08738894,0.32929280,-0.00252220,-0.00013246,0.00198562
,0.00002806,0.00002080,0.00003224,-0.00021529,0.00049184,0.00004271,-0.00098080,
0.00246220,-0.00092735,0.04366991,-0.00117990,0.00056762,-0.00300101,-0.00004830
,0.00003389,-0.00001706,-0.00040100,0.00006146,-0.00005054,-0.00081972,-0.001503
67,-0.00024025,-0.00282193,0.30551559,0.00082198,0.00164451,0.00001509,-0.000236
29,0.00016946,0.00018108,0.00069887,-0.00036999,-0.00057249,-0.00050888,0.001362
14,-0.00060280,-0.00739971,0.13949629,0.09442313,0.00019288,0.00195331,-0.000722
17,0.00005150,0.00038715,-0.00009681,0.00101594,-0.00041923,0.00050858,0.0019017
0,0.00003888,-0.00236476,0.00002920,0.00032916,-0.00002405,0.30398647,-0.0005214
3,-0.00099284,-0.00412220,0.00061821,-0.00105332,-0.00012546,0.00087367,-0.00260
728,0.00243514,-0.00184409,0.00044959,0.00130822,0.00040065,-0.00012044,0.000432
63,0.12403524,0.09665071,0.00173911,-0.00185281,0.00332206,-0.00007424,-0.000111
36,0.00028768,-0.00081321,0.00309987,-0.00040012,0.00398054,0.00231044,-0.006748
68,0.00014401,0.00037500,-0.00070186,-0.04405457,-0.01137815,0.03768952,0.000295
53,-0.00232296,-0.00120457,-0.00129522,0.00167050,-0.00026713,0.00031012,0.00006
824,-0.00115590,0.00036999,0.00015698,-0.00026029,0.00043595,-0.00045467,0.00007
947,0.00031339,-0.00011493,-0.00029317,0.13743761,-0.00145963,-0.00013809,0.0010
9872,0.00011490,0.00069259,-0.00001203,-0.00040762,0.00093459,-0.00118416,0.0004
2953,-0.00018168,-0.00045395,0.00078195,-0.00018093,-0.00093601,0.00001560,-0.00
033286,0.00046005,-0.10929163,0.16526524,0.00017374,-0.00095494,0.00608193,-0.00
097228,0.00055574,0.00085398,-0.00246453,0.00003460,-0.00414633,0.00069139,0.000
08977,0.00018187,0.00018211,0.00014750,0.00030000,-0.00039252,0.00014172,-0.0008
1143,-0.10365368,0.11454432,0.12873375,-0.00684681,-0.01696944,-0.00181420,0.001
76643,-0.01099643,0.00718178,0.00202804,-0.00620700,-0.00131169,0.01160979,0.002
72966,0.00071436,-0.00011837,0.00006005,-0.00080583,0.00000903,-0.00017467,-0.00
024300,0.00169697,0.00138378,-0.00122270,0.79367415,-0.00329092,0.00912367,0.004
36357,-0.00425995,0.00740449,0.00349930,-0.00762338,-0.00262874,-0.00372883,-0.0
0257523,-0.00151933,0.00051476,-0.00006366,-0.00002478,0.00034749,-0.00028149,-0
.00016592,0.00015062,-0.00021271,-0.00132891,0.00250395,-0.07712411,0.44566258,-
0.00346985,-0.00006864,0.00147666,0.00417106,-0.00259633,0.00673747,-0.00262437,
-0.00482928,-0.00291755,0.00226302,0.00001538,0.00053982,0.00004832,-0.00006211,
-0.00006141,-0.00011123,0.00005755,0.00004617,0.00011848,0.00185820,0.00007537,0
.15167579,0.18530482,0.34070894,-0.00021339,-0.00002608,0.00029811,-0.28383909,0
.08136532,0.26948260,0.00108916,0.00275666,-0.00134729,0.00014879,-0.00062336,-0
.00000677,0.00000696,0.00001557,0.00012284,0.00000895,-0.00035013,0.00009183,0.0
0039534,0.00004212,0.00040304,0.00291700,0.00189210,0.00256306,0.31288963,0.0011
8757,0.00046230,-0.00014405,0.07962544,-0.09630499,-0.09552208,-0.00010516,-0.00
251846,0.00370642,-0.00105073,0.00038540,0.00021700,-0.00000123,0.00002923,-0.00
002028,-0.00006596,0.00032712,0.00001731,-0.00032166,-0.00035582,-0.00020378,0.0
0162702,-0.00263915,-0.00070572,-0.11788274,0.11899759,0.00142889,0.00017321,-0.
00041712,0.26979313,-0.09725842,-0.39477668,0.00158161,-0.00021873,-0.00211482,-
0.00036311,0.00054000,-0.00069293,-0.00002686,0.00004967,-0.00009874,0.00003049,
0.00026894,-0.00019587,-0.00002559,-0.00011420,-0.00065986,-0.00631313,-0.003381
10,-0.00748178,-0.34445417,0.11680666,0.44946910,-0.03807564,-0.02926853,-0.0366
8110,0.00041195,-0.00071018,-0.00024915,-0.00031866,0.00898939,-0.00028110,-0.10
755414,-0.07438599,0.08271861,0.00016948,-0.00023626,0.00020011,-0.00096802,0.00
072884,-0.00136470,-0.00013256,-0.00004117,0.00016694,-0.00049690,0.00065015,0.0
0048764,0.00003170,-0.00005421,-0.00028103,0.58802855,-0.02158295,-0.02185956,-0
.02776548,-0.00016495,-0.00083160,0.00062018,0.00190426,-0.00500784,-0.01066191,
-0.06551770,-0.15090609,0.10060993,-0.00018032,0.00008026,-0.00004623,-0.0002573
5,0.00023126,-0.00084494,-0.00006143,-0.00022417,0.00024652,-0.00208712,0.000317
67,-0.00068642,0.00009464,0.00052223,-0.00019343,0.05554918,0.54583717,-0.069348
83,-0.04216184,-0.12046943,-0.00030520,0.00035885,0.00042322,0.00302316,0.000026
28,-0.00349623,0.09166723,0.11293132,-0.12191029,0.00007432,-0.00043270,0.000067
95,0.00021729,-0.00032623,0.00063310,0.00022880,0.00013512,0.00076055,0.00198620
,-0.00049491,0.00025030,0.00009386,-0.00021334,-0.00011075,-0.08734425,-0.055089
12,0.30023055,0.00241799,0.00045300,-0.00292839,-0.00217029,0.01155242,-0.007103
54,-0.01040243,-0.00450753,-0.00205248,-0.00640863,-0.00179680,-0.00079252,0.000
17128,-0.00000126,0.00057023,-0.00010131,0.00003913,0.00028582,-0.00057876,-0.00
155305,0.00082067,-0.35466127,0.16133896,0.01932009,-0.00191591,-0.00184460,0.00
524562,0.00019186,0.00165488,-0.00103241,0.49182797,-0.00224037,-0.02184391,-0.0
0304236,0.00471168,-0.01508201,0.00469875,-0.01078812,-0.01376858,-0.00635579,0.
00857254,0.00310217,0.00110830,-0.00014619,0.00069068,-0.00088495,0.00026555,0.0
0031928,-0.00081784,0.00006310,-0.00227003,-0.00054886,0.13063309,-0.14055905,-0
.02463444,0.00142501,0.00325785,-0.00405948,0.00048823,-0.00088350,0.00243407,-0
.19767204,0.20827702,-0.00129538,-0.00229212,-0.00763429,-0.00095233,-0.00229643
,0.00039381,-0.00642281,-0.00530352,-0.00419457,0.00235490,0.00105003,0.00020148
,-0.00007072,0.00028189,0.00007949,0.00005694,-0.00000554,-0.00006470,-0.0005790
8,0.00111619,-0.00013346,0.00479764,-0.01399525,-0.06610096,0.00016091,0.0005569
5,0.00039616,-0.00028445,-0.00049699,0.00087891,-0.00481462,0.03642267,0.0845923
0,-0.00368402,-0.01475779,0.00447756,0.00011194,-0.00053977,0.00000758,-0.005367
26,-0.00733082,0.00239750,0.00385457,-0.00202924,-0.00055322,-0.00037172,0.00004
382,-0.00062262,0.00003088,0.00006472,-0.00018612,-0.00048787,0.00019891,-0.0007
0735,-0.00244547,0.00063748,-0.00053162,-0.00013956,-0.00006494,-0.00014352,-0.0
0441389,-0.03411838,0.00770629,0.00058087,-0.00425954,0.00384725,0.52737109,-0.0
1971058,-0.07645544,0.04609847,-0.00002968,0.00024131,-0.00013271,0.00063242,0.0
0323163,0.00091066,0.00283970,-0.00608963,-0.00081726,-0.00013484,0.00069819,-0.
00051399,0.00010055,0.00013684,-0.00047294,0.00032359,0.00020226,-0.00028601,0.0
0160387,-0.00093512,-0.00016414,-0.00011140,0.00010538,0.00021878,-0.02499794,-0
.03534481,0.00179258,0.00071667,0.00020971,-0.00474519,0.03675871,0.77647731,0.0
1081658,0.04530544,-0.06681145,-0.00021159,-0.00001271,0.00039237,0.00580977,0.0
0298254,0.00039882,0.00322094,-0.00174150,0.00009458,-0.00022848,-0.00009470,-0.
00019747,-0.00005111,-0.00021903,0.00021466,-0.00004476,-0.00026506,0.00076209,-
0.00495170,0.00291650,-0.00021317,0.00034643,-0.00026862,-0.00053010,-0.00594488
,-0.01677029,0.00432748,0.00685091,-0.00769708,-0.01437759,0.01911574,0.09734683
,0.17316215,-0.05811617,-0.02014987,0.05120228,0.00047686,-0.00134291,0.00017433
,-0.00110897,-0.00209334,-0.00081393,-0.00418904,0.00353806,-0.00109753,-0.00014
249,0.00039184,-0.00048255,0.00012822,0.00025170,-0.00046726,0.00020004,-0.00007
615,-0.00023684,-0.00093039,0.00031148,0.00037583,-0.00030995,0.00036648,-0.0000
1978,-0.03824461,-0.02496285,0.00264546,0.00076117,-0.00145397,-0.00124306,-0.19
803912,0.15542219,0.00494666,0.80038624,-0.01932918,-0.00898536,0.02998037,-0.00
014002,0.00071644,-0.00023028,0.00001710,-0.00042204,-0.00155148,0.00458590,0.00
090544,-0.00055709,-0.00055679,0.00003766,0.00004093,0.00026094,-0.00016359,-0.0
0069595,-0.00011985,0.00005521,-0.00020344,0.00032357,-0.00004615,-0.00020105,0.
00022857,-0.00011684,0.00001321,-0.03665395,-0.00063340,0.00760681,-0.00074205,-
0.00089699,0.00034445,0.10075444,-0.20744901,-0.01097409,0.05354785,0.55938029,0
.04990944,0.02178913,-0.07637956,0.00003642,-0.00037914,0.00019882,-0.00012722,-
0.00140717,-0.00020100,-0.00185825,0.00137200,-0.00217252,0.00019046,-0.00052043
,0.00046466,-0.00071937,0.00055841,-0.00064418,-0.00048983,0.00008847,-0.0000285
1,-0.00041355,0.00004067,-0.00013071,-0.00009129,0.00018803,-0.00001251,-0.01629
736,-0.00424727,0.00530293,0.00090112,0.00177147,-0.00072578,0.01643979,-0.03113
419,-0.03209496,0.02779376,0.05661112,0.17616041,-0.01693600,0.01528701,0.018879
29,0.00035678,-0.00114075,0.00024093,-0.00014471,0.00144454,0.00177230,-0.039844
91,-0.00441602,0.01177462,0.00036269,0.00062874,-0.00074658,0.00016059,0.0001402
5,0.00019643,-0.00006011,-0.00022889,0.00003505,0.00087065,-0.00031654,0.0001351
5,-0.00031906,0.00022909,-0.00006108,-0.27826243,0.04052465,-0.01337813,0.000018
25,0.00091217,0.00025275,0.02463347,0.00450904,-0.00337341,-0.13169356,-0.092842
93,-0.01603500,0.55993129,0.02125257,-0.03377311,-0.05592716,-0.00024366,0.00035
232,0.00005986,-0.00080901,-0.00333725,0.00034787,-0.01884509,0.00370459,0.00113
726,-0.00013209,-0.00119224,0.00200549,-0.00000694,-0.00007204,0.00053434,0.0000
4397,-0.00028437,0.00053162,0.00004401,-0.00000214,-0.00003088,0.00001923,-0.000
14304,-0.00005210,0.05849472,-0.07159779,0.00811383,0.00008780,0.00106254,-0.000
85602,0.02184714,-0.05401500,-0.01925260,-0.13380798,-0.28278292,-0.03043211,-0.
08141203,0.75575527,0.03284088,-0.03956534,-0.11212876,0.00004820,-0.00027236,0.
00004928,-0.00002161,0.00094578,0.00056736,0.00831636,-0.00188528,-0.00472657,0.
00027117,-0.00036292,-0.00104997,-0.00033482,-0.00018806,0.00080168,-0.00063890,
0.00055894,-0.00052121,-0.00120305,0.00058425,0.00012019,0.00002266,0.00003210,-
0.00006678,0.00135887,0.00158439,-0.02192802,-0.00005249,-0.00247947,0.00075401,
-0.00641688,0.00321529,0.00401826,-0.03150933,-0.05751082,-0.03289642,-0.0075130
6,0.09717862,0.19123242,-0.00342265,-0.00034290,-0.00042296,-0.00010499,-0.00002
713,0.00019178,-0.00123324,-0.00138473,0.00111741,0.00049766,-0.00155619,-0.0001
0915,-0.00013583,-0.00015895,0.00002987,-0.00010495,0.00004375,-0.00014849,-0.00
004485,-0.00002662,0.00007638,-0.00068131,0.00155917,0.00208458,0.00014560,0.000
04817,-0.00019315,-0.00376900,-0.00408915,0.00101635,0.00031765,0.00053922,0.001
33889,-0.04964116,-0.06415430,-0.01960286,0.00485449,0.01971160,0.00484920,-0.00
265527,0.00360113,-0.00070762,0.06232175,0.00019026,0.00038641,-0.00463660,-0.00
028267,0.00048985,0.00010515,-0.00207443,0.00000918,0.00138619,0.00015486,-0.000
30315,0.00022239,0.00006056,0.00033310,-0.00022666,0.00007143,0.00013130,-0.0000
2750,0.00008239,-0.00000460,-0.00020683,0.00100243,0.00139978,0.00012178,0.00013
156,-0.00015373,-0.00015438,-0.00020922,-0.00146181,0.00012376,0.00009042,-0.001
39116,-0.00284004,-0.06175861,-0.31050213,-0.07888592,-0.00203860,-0.01687311,-0
.00317083,0.00120179,-0.00308117,-0.00027689,0.06896666,0.33973468,0.00178099,0.
00210277,0.00094514,-0.00019648,0.00063771,-0.00011619,0.00027166,0.00079153,0.0
0003409,-0.00102616,-0.00192865,-0.00038967,-0.00013565,-0.00011684,-0.00004456,
-0.00014700,-0.00026557,-0.00003155,-0.00005485,0.00020679,0.00010305,0.00346485
,-0.00179170,-0.00123100,0.00000192,-0.00014961,0.00009706,-0.00153130,-0.002561
72,0.00271895,0.00061281,-0.00211822,-0.00574656,-0.01905738,-0.07701831,-0.0434
9593,-0.00137842,-0.00408725,-0.00165969,-0.00054503,-0.00283827,0.00201222,0.01
669436,0.08996522,0.05034193,-0.00095846,0.00094859,-0.00470881,0.00006479,-0.00
018687,-0.00000569,-0.00015380,-0.00027698,-0.00034493,-0.00041341,0.00032251,0.
00007962,-0.00007319,0.00026640,-0.00014446,0.00016027,0.00002378,-0.00012730,0.
00015819,0.00000643,-0.00017030,-0.00029817,0.00016064,0.00006351,-0.00001557,0.
00007656,0.00001540,-0.00222150,-0.00067881,0.00053184,0.00036029,-0.00067942,-0
.00036125,-0.01687571,-0.00124825,-0.00220282,-0.32795703,-0.04294732,-0.0603844
4,-0.00816852,-0.00182328,-0.00080812,-0.00008523,0.00027770,0.00031629,0.359496
43,0.00052349,-0.00329589,-0.00153399,-0.00025672,0.00049142,0.00005898,0.000487
56,0.00027129,0.00016138,-0.00062449,0.00049281,-0.00035785,-0.00027013,0.000001
61,-0.00000814,0.00015763,-0.00008413,-0.00019060,0.00015851,-0.00006158,0.00006
563,0.00043491,0.00044900,0.00032077,0.00011014,-0.00016636,-0.00009339,-0.00242
352,-0.00391187,0.00043025,-0.00037245,-0.00056932,-0.00016490,0.01906429,0.0047
2237,0.00382253,-0.04294788,-0.03992120,-0.01198176,-0.02279654,-0.00209279,-0.0
0305368,0.00043958,-0.00001854,0.00063442,0.04629492,0.05127693,0.00402757,-0.00
038033,0.00116254,0.00004542,-0.00009695,-0.00003068,-0.00096888,-0.00013348,-0.
00040487,-0.00194427,0.00003578,0.00028933,0.00003849,-0.00033820,0.00017767,-0.
00030448,-0.00019834,0.00010006,-0.00022189,0.00011017,0.00024501,0.00005439,-0.
00002191,-0.00002633,-0.00004776,0.00006593,0.00006522,-0.00202922,-0.00173952,0
.00286068,-0.00029249,0.00041157,0.00017938,0.00030388,-0.00114258,-0.00121143,-
0.06019272,-0.01140632,-0.03441183,-0.00627679,0.00076008,-0.00300274,0.00041238
,0.00043267,-0.00084458,0.06884314,0.01016914,0.03665273,-0.00230855,0.00021525,
-0.00219245,0.00014607,-0.00024514,-0.00007881,-0.00022356,0.00101067,0.00011424
,-0.00010402,0.00162961,-0.00036576,0.00060826,-0.00045040,0.00093038,-0.0000604
1,0.00018949,-0.00011141,-0.00011450,-0.00013685,-0.00005669,-0.00032326,-0.0000
1699,-0.00009317,-0.00004617,0.00008425,0.00006358,-0.00839434,0.02185069,0.0011
1618,0.00023815,-0.00029595,-0.00014873,-0.00169530,-0.00276449,-0.00101923,0.00
790536,-0.01238409,-0.00019576,-0.08999283,0.11791632,-0.00053498,0.00053145,-0.
00056893,-0.00000107,0.00011979,-0.00033099,0.00037898,0.09943006,-0.00118329,-0
.00132168,0.00321865,-0.00011572,0.00013136,0.00010729,-0.00003499,-0.00032167,0
.00018443,-0.00020460,0.00066249,-0.00050213,-0.00009446,0.00012312,0.00130977,-
0.00013426,0.00005213,0.00022316,-0.00014389,0.00004339,0.00000634,-0.00028719,0
.00019544,0.00016533,0.00004677,-0.00005122,-0.00007756,0.00273933,-0.00257426,0
.00057145,0.00011824,0.00034131,-0.00016593,-0.00018758,-0.00525804,-0.00214915,
0.01011608,-0.01861584,-0.00063849,0.11531589,-0.28820748,-0.00359057,0.00097717
,-0.00019468,-0.00043704,-0.00028497,-0.00028296,-0.00007949,-0.12564491,0.31687
649,0.00215943,-0.00367298,-0.00042100,0.00012507,-0.00018464,-0.00007480,-0.000
53755,0.00118875,-0.00015050,-0.00073251,-0.00092223,-0.00105536,0.00097819,0.00
143411,-0.00237635,-0.00018046,-0.00016219,0.00021832,-0.00017126,0.00020337,0.0
0027453,0.00030542,-0.00043712,-0.00017503,-0.00007700,0.00012644,0.00010622,-0.
00184964,0.00554870,-0.00217760,-0.00017908,0.00112837,0.00044647,-0.00103434,0.
00087744,0.00303592,-0.00075504,-0.00072260,-0.00248929,0.00163830,-0.00454135,-
0.01799805,-0.00016683,0.00018526,0.00033627,0.00035216,-0.00015196,-0.00102366,
0.00134870,0.00142023,0.02290930,-0.03021989,0.02503347,0.01013457,-0.00189856,0
.00347004,0.00156361,0.02528495,0.00484912,0.00802511,0.00861278,0.00056326,-0.0
0009181,-0.00030611,-0.00011152,-0.00050108,0.00007315,-0.00039092,-0.00004411,0
.00159276,-0.00019452,0.00095500,0.02518445,0.00056183,0.00645949,0.00018042,-0.
00098130,-0.00061695,0.00004637,-0.00238122,0.00184478,-0.01540829,0.00657232,0.
00185128,-0.00100880,0.00126236,-0.00138425,-0.00223291,0.00359592,0.00013846,-0
.00094016,0.00072736,-0.00150553,-0.00062600,-0.00128127,0.00228449,-0.00036180,
0.00053039,-0.00054509,-0.00054267,-0.00030270,-0.00048930,0.00991130,0.04515471
,-0.06410358,-0.02251778,-0.00079255,0.00665267,-0.00229694,-0.00972199,0.009956
57,-0.00126595,-0.00689485,-0.00297745,-0.00118280,-0.00031819,-0.00013547,-0.00
010382,-0.00049955,-0.00023873,-0.00028482,0.00047997,0.00182517,-0.00051664,0.0
4823584,-0.03105280,-0.00242935,-0.00080249,-0.00155672,0.00185087,0.00123325,-0
.00141044,-0.00286871,-0.01872264,0.02582125,0.00444646,0.00707884,-0.00306627,0
.00030659,0.00038548,0.00266598,-0.00191674,-0.00165755,-0.00270834,0.00397747,-
0.00236700,-0.00061824,0.00595215,0.00021244,0.00054381,0.00066352,-0.00012042,-
0.00039100,0.00020225,-0.05626547,0.07864830,0.01605708,-0.02627368,-0.01354815,
0.00010695,0.00189618,-0.00023554,0.00169827,0.00261589,0.00574517,-0.00177264,-
0.00132791,0.00068045,0.00000399,-0.00018957,-0.00069883,-0.00001997,0.00048738,
0.00011864,-0.00063165,0.00280404,-0.00846403,0.02066562,-0.01244423,0.00306548,
-0.00044661,-0.00062723,0.00033069,0.00119745,-0.00212415,-0.00064386,-0.0084728
3,0.01074976,-0.00041289,0.00879182,0.00197914,-0.00224762,0.00234511,-0.0028610
3,-0.00136213,0.00033594,-0.00028528,0.00085037,0.00132018,0.00216985,-0.0016129
8,0.00020925,0.00006636,-0.00017134,-0.00018384,0.00022436,-0.00053034,-0.022132
65,0.02559044,0.03374820,-0.04985285,0.02952045,-0.02215612,-0.00016174,-0.00027
508,0.00114975,-0.04550330,-0.00181286,0.04449887,0.00959148,-0.01631531,-0.0013
0644,0.00012922,-0.00071522,0.00098738,0.00011051,-0.00037070,0.00046224,0.00028
186,-0.00008947,0.00080447,0.00563418,-0.00060276,0.00070735,-0.00034946,0.00013
903,-0.00038838,-0.06943627,0.04448114,0.01612604,-0.00184731,0.00669573,0.00237
643,-0.26579296,-0.09255852,-0.00950630,-0.04936526,0.02712503,-0.01137321,-0.01
775986,0.01959226,-0.00014814,-0.00261538,-0.00153381,0.00019576,-0.00337878,0.0
0434694,-0.00190339,-0.00420031,-0.00032639,-0.00177404,0.00526907,-0.00442935,-
0.00761274,0.48593005,0.02486124,-0.02761292,0.02082619,0.00035409,0.00019246,-0
.00009079,-0.00434182,-0.02360604,-0.00669296,-0.01333668,-0.02925443,0.01250065
,0.00008595,0.00057312,-0.00003306,0.00010875,0.00051989,-0.00089796,0.00016465,
-0.00028613,0.00021535,-0.00020223,-0.00076334,-0.00077057,-0.00084175,0.0000364
4,0.00052162,0.04220350,-0.24367910,-0.04332042,0.00068530,0.00304912,-0.0007186
9,-0.06908331,-0.09129173,-0.01249029,0.00264961,0.01751303,0.00008026,0.0268355
8,-0.01947269,0.00677557,-0.01910487,-0.00394179,-0.00437574,0.00052692,-0.00221
220,-0.00017892,0.00214781,-0.00125337,0.00077903,0.00379594,-0.00185064,-0.0033
4190,-0.00690569,0.41683979,-0.05246888,0.02984052,-0.02739528,-0.00155849,0.005
58843,-0.00155911,0.04964557,-0.01356923,-0.05270041,-0.00517205,0.00933157,-0.0
0255927,0.00045502,-0.00074218,0.00080662,-0.00028120,-0.00033274,0.00059383,-0.
00029987,0.00024185,0.00023095,-0.00165929,0.00002758,-0.00126144,0.00103404,-0.
00163544,0.00018612,0.02026330,-0.01884958,-0.03352354,0.00044663,0.00229486,0.0
0046547,-0.03278696,-0.02987012,-0.03270460,0.01027697,-0.00820933,0.00600584,0.
01523083,-0.00494865,0.00221973,-0.00606335,-0.00064019,-0.00380409,0.00105176,-
0.00201779,0.00268804,0.00183974,-0.00109430,0.00236335,-0.00640828,-0.00065282,
-0.00934401,-0.00744279,0.03590611,0.15158487,0.00047793,-0.00047263,0.00009419,
-0.05577425,-0.01383341,-0.00057962,0.00085391,-0.00217788,0.00165839,-0.0015068
2,0.00009148,0.00094390,0.00001532,-0.00001993,-0.00004148,-0.00001751,-0.000025
08,0.00002864,-0.00015079,0.00003109,-0.00005883,-0.03351809,0.00417188,0.003504
37,-0.00346834,-0.01019060,0.03357404,0.00048877,0.00065259,-0.00002316,-0.01031
737,0.00362868,-0.00038190,0.00010218,-0.00017961,-0.00006810,0.00024927,-0.0000
1301,0.00002614,0.00011667,-0.00005036,-0.00013011,-0.00021662,0.00000411,-0.000
09975,0.00005427,-0.00005090,0.00000342,0.00002570,-0.00002134,0.00006802,-0.001
31527,-0.00019081,-0.00025860,-0.00035254,0.00016138,-0.00018595,0.43358628,0.00
052900,0.00097883,0.00077081,-0.00828740,-0.07104436,0.01364864,0.00635172,-0.00
166650,-0.00149353,-0.00159194,-0.00020057,0.00043671,-0.00002273,0.00004641,0.0
0006352,-0.00012795,0.00025955,-0.00002215,-0.00023281,-0.00035613,0.00014280,0.
00511760,0.00336624,0.01372428,-0.00225858,0.00664624,0.00610053,0.00050034,0.00
030944,-0.00021627,-0.00656112,0.01124369,-0.00261445,0.00025677,-0.00039747,0.0
0050419,0.00015246,0.00005381,0.00005760,0.00003780,-0.00012751,0.00009891,0.000
12000,-0.00005340,-0.00019696,0.00003705,-0.00004364,-0.00001313,-0.00000650,0.0
0003759,-0.00004096,-0.00090168,-0.00359320,-0.00107766,-0.00007811,-0.00067079,
-0.00104127,-0.02554833,0.48635996,-0.00041218,-0.00010541,-0.00000649,-0.006814
12,0.00521776,-0.06617429,0.00482620,-0.00428856,-0.00624169,0.00076227,-0.00015
327,-0.00037477,0.00000252,0.00000421,-0.00000567,0.00009707,-0.00005555,-0.0000
5262,0.00015763,0.00016109,-0.00010426,-0.01989182,0.00739455,-0.00190002,0.0327
7299,0.01922840,-0.03796554,-0.00013574,-0.00050682,-0.00009060,-0.00108786,-0.0
0867841,0.00090293,-0.00001134,0.00027523,-0.00011542,-0.00023676,0.00011377,-0.
00006664,-0.00018187,0.00003745,-0.00019569,0.00010763,0.00004829,0.00019629,-0.
00004914,0.00008555,-0.00001593,-0.00005029,0.00001715,-0.00005893,0.00121846,0.
00205931,0.00092425,0.00025829,0.00007409,0.00047153,0.00172576,0.06476602,0.400
45662,0.00014139,-0.00095952,0.00006217,-0.13016431,0.13473940,0.02316418,-0.023
66816,-0.00890616,0.01713022,-0.00337941,-0.00170760,0.00116960,0.00002835,-0.00
001758,0.00008307,-0.00029841,-0.00037760,0.00014430,0.00032931,0.00043234,0.000
64900,-0.00457647,0.00404008,-0.00123836,-0.02485321,0.05158508,0.03197952,0.000
64535,0.00062060,0.00034207,0.00482113,-0.00553589,-0.00045418,0.00082365,-0.000
24065,0.00003148,-0.00054890,0.00100781,-0.00035180,-0.00162811,0.00040416,-0.00
046812,0.00003758,0.00038334,0.00022507,0.00004769,0.00023323,-0.00012971,-0.000
15495,0.00004708,-0.00031985,-0.00128226,0.00255974,0.00020578,0.00459585,0.0011
4058,0.00262525,0.00703135,0.01214449,0.00127342,0.16645783,0.00005390,0.0010376
6,0.00075843,0.13642640,-0.33769344,-0.02886955,-0.00234525,-0.02534714,0.003815
22,-0.00226231,0.00051377,0.00146372,-0.00006010,0.00001272,-0.00015898,-0.00033
309,0.00077543,0.00013475,-0.00064930,-0.00042023,-0.00019601,0.00582312,-0.0038
4443,0.00029175,0.03956904,-0.02756538,-0.02960585,-0.00067585,0.00077605,-0.000
63041,-0.00548436,0.00733411,0.00155683,0.00060154,-0.00013611,-0.00043410,0.000
99437,-0.00044109,0.00045250,0.00073693,0.00016916,0.00006095,-0.00000354,-0.000
39143,-0.00034939,0.00012008,-0.00031572,0.00007465,0.00002198,-0.00009065,0.000
10040,-0.00142784,-0.00409151,-0.00126138,0.00090234,0.00485972,-0.00255883,0.01
632515,-0.05817356,0.02077086,-0.18847656,0.45073381,-0.00098164,0.00047710,-0.0
0222628,0.02366325,-0.02197634,-0.07982709,0.02416171,0.01334302,-0.04948906,0.0
0108603,0.00133149,-0.00054754,-0.00009491,0.00007025,0.00014491,0.00007121,-0.0
0046855,-0.00050581,0.00106212,0.00028743,0.00002879,0.00163657,-0.00106795,-0.0
0175696,0.03904505,-0.04734558,-0.00740789,0.00134602,0.00039242,-0.00118224,-0.
00050953,0.00208987,0.00118422,0.00016335,-0.00060208,-0.00143183,0.00075365,-0.
00023777,0.00033783,0.00066563,-0.00067362,0.00050747,-0.00022292,-0.00041629,0.
00000978,0.00004144,-0.00029312,0.00023454,0.00022979,-0.00003768,0.00033008,-0.
00019154,-0.00137707,-0.00165628,-0.00291669,-0.00177339,0.00426059,-0.00233971,
0.02525509,0.00759369,-0.08146668,0.03050392,0.13368456,-0.01552064,0.00613316,0
.00373009,-0.00005757,0.00027604,-0.00066975,-0.00369097,0.00195405,-0.00563531,
-0.00034180,-0.00229171,-0.00264377,-0.00293617,0.00036718,0.00273937,-0.0044528
5,-0.02044859,-0.01009943,-0.12715305,0.09934970,0.10103010,0.00126152,-0.001120
76,-0.00053470,-0.00018945,-0.00012001,0.00050306,0.00449135,-0.00571243,-0.0003
2242,-0.00018363,0.00277480,-0.00017024,-0.00250197,0.00459708,-0.00388474,-0.00
363473,0.00160241,0.00470775,-0.00581970,-0.00518040,-0.00139561,0.00009149,0.00
034617,-0.00017199,0.00020979,0.00007581,0.00063074,-0.00011744,-0.00019791,-0.0
0043865,0.00834104,0.00052414,0.00678994,0.00574027,0.00229741,0.00407335,-0.000
40709,-0.00020409,0.00026826,-0.00176974,0.00023605,0.00009168,0.53394702,0.0051
8000,-0.01790602,-0.02910977,-0.00000489,0.00110173,-0.00008692,0.00284490,0.000
47609,0.00480849,0.00202616,-0.00165328,-0.00114367,0.00196095,-0.00117304,-0.00
466043,-0.00243882,-0.00905982,-0.00234705,0.09938023,-0.14625251,-0.11183855,-0
.00513697,0.00080740,0.00043725,0.00000520,-0.00036863,-0.00005173,0.00502664,-0
.00507464,0.00089450,0.00258695,-0.01381713,0.00666756,-0.00482789,0.00613656,-0
.00231394,-0.00315118,0.00117619,0.00536580,-0.00604872,-0.00274512,-0.00165812,
0.00003685,0.00029856,-0.00007819,-0.00004962,-0.00018137,0.00056255,-0.00032800
,0.00014810,0.00070111,0.00427577,0.00206707,-0.00499558,0.00576483,0.00464798,0
.00414054,-0.00070093,-0.00010116,0.00034706,0.00059097,-0.00114164,-0.00095863,
-0.02109501,0.58033351,0.02001832,-0.01721476,-0.08322895,0.00045877,0.00013154,
-0.00086371,-0.01024551,0.00387140,-0.00515643,-0.00502018,-0.00012549,0.0011303
5,0.00214488,-0.00116750,0.00024272,0.00047098,0.00370944,0.00133238,0.09606892,
-0.10631434,-0.12182080,0.00251520,-0.00226950,-0.00037323,-0.00021962,0.0001765
2,0.00077317,0.00531412,0.00275010,0.00772088,-0.00084541,0.00561209,-0.00341330
,-0.00721046,-0.00042044,0.00093484,-0.00186280,-0.00755152,-0.00094761,0.003874
55,0.00173441,-0.00363810,-0.00031887,-0.00089747,0.00207308,-0.00048393,-0.0001
6361,0.00125736,-0.00003945,0.00049935,0.00094454,0.00370833,0.00174016,-0.00319
795,-0.00178722,0.00910870,-0.00606133,0.00011536,-0.00019089,0.00014984,-0.0000
8754,-0.00015264,0.00057376,-0.21636557,0.24174006,0.35777202,-0.03507013,-0.024
80405,0.01350124,0.00036867,-0.00034437,-0.00006563,-0.00003050,0.00125189,-0.00
123935,-0.00370871,-0.00364530,0.00426116,0.00078989,0.00132330,-0.00220189,-0.2
7957351,-0.11534608,0.04567604,0.00474299,0.01420856,0.00121876,-0.00075379,-0.0
0003258,-0.00009420,-0.00016233,-0.00006877,0.00000292,0.00673236,0.00023416,-0.
00041151,0.00001687,0.00033453,-0.00057895,0.00089211,0.00336524,-0.00266544,0.0
0020069,0.00495320,0.00306526,-0.00371722,-0.00258640,0.00000302,-0.00010241,0.0
0018174,-0.00061144,0.00042464,0.00007866,-0.00054330,-0.00002450,-0.00023685,0.
00006771,0.00053628,0.00208864,-0.00024714,0.00402597,0.00180954,0.00318007,-0.0
0010524,-0.00002447,0.00008149,-0.00066007,0.00071804,0.00000196,-0.08460102,-0.
08370172,-0.01295709,0.70010112,-0.02279675,-0.03463936,0.05331611,-0.00013270,0
.00008834,0.00051265,0.00261789,-0.00285077,0.00088950,-0.00513308,-0.00103051,-
0.00010414,0.01818637,-0.00717003,-0.01195112,-0.11293521,-0.08753045,0.01393396
,-0.00346067,-0.01452241,-0.00148979,0.00326221,-0.00099634,0.00056306,0.0000821
2,0.00004089,-0.00024142,0.00358523,0.00607506,0.00491195,-0.00126853,0.00399644
,0.00149826,-0.00492460,-0.00032795,0.00089145,0.00380765,-0.00947005,-0.0036942
0,0.00742176,0.00262615,-0.00398833,-0.00017672,-0.00001064,-0.00005499,0.000171
77,-0.00001600,-0.00091121,0.00036635,0.00002033,-0.00098459,0.00134408,-0.00984
977,0.00515701,-0.00465565,0.00581163,-0.00746641,0.00026277,0.00014947,-0.00006
471,-0.00086585,-0.00027872,0.00032671,-0.06697053,-0.29080289,-0.12048436,0.161
68069,0.55243548,0.02551252,0.04531837,-0.05378448,0.00067649,-0.00122512,-0.000
35635,-0.00333866,0.00337079,-0.00223673,-0.00725062,0.00366972,-0.00249724,0.00
727460,-0.00258637,-0.00714574,0.04217732,0.01348729,-0.03359734,-0.00397940,-0.
01214140,-0.00229789,-0.00016972,-0.00063189,-0.00075970,-0.00025560,0.00043045,
0.00036722,-0.00388053,0.00664861,-0.00048388,0.00096769,-0.00067700,-0.00107084
,0.00675013,-0.00800678,0.00769183,0.00194851,-0.00230005,-0.00340723,0.00468046
,0.00432230,-0.00012430,-0.00020856,-0.00035485,0.00054653,-0.00026095,-0.000335
33,-0.00029669,-0.00023524,0.00023196,0.00063964,-0.00196232,-0.00196011,0.00403
687,-0.00870370,-0.00764383,-0.00530939,0.00049252,-0.00006768,-0.00029605,-0.00
014034,0.00092004,0.00042585,0.00410149,-0.06016456,-0.06878470,-0.17370218,0.10
028198,0.26105061,-0.01369379,0.02461408,-0.01229042,-0.00001495,0.00014523,-0.0
0008470,-0.00045577,0.00081101,-0.00249193,-0.00946970,-0.00284718,-0.00734876,-
0.03510647,0.00406050,0.00809915,-0.01618989,0.01175736,0.00796850,-0.00032526,-
0.00042538,0.00038850,0.00156666,-0.00062778,-0.00016048,-0.00003870,-0.00012535
,0.00010941,0.00303068,0.00666538,0.00667656,-0.00006271,0.00189709,0.00133048,-
0.01068156,-0.00004887,0.00144775,0.00222275,-0.01191761,0.00012263,0.00849964,-
0.00006800,0.00125774,-0.00037077,-0.00026085,0.00046176,-0.00017925,-0.00038466
,0.00008139,0.00035739,0.00034337,0.00068816,0.00028581,-0.00252072,0.00046585,-
0.00097393,0.00683676,-0.00548065,0.00008939,-0.00015157,0.00000868,-0.00019479,
-0.00026363,0.00040411,0.00112158,0.03108345,-0.00677277,-0.22329398,0.05402115,
0.11830782,0.50177402,0.02815988,-0.09580575,0.05389786,-0.00014370,-0.00063399,
0.00064940,-0.00000326,-0.00054617,-0.00177387,0.00147064,-0.00111798,-0.0014459
9,0.00562488,-0.28234624,-0.12412951,-0.00818970,0.00666801,0.00456903,-0.001388
98,-0.00455223,-0.00038993,0.00108559,0.00014447,0.00050173,0.00000611,-0.000064
82,-0.00050578,-0.00418446,0.00481381,0.00048704,-0.00043610,0.00066370,0.000912
75,0.00253541,0.00067458,0.00083951,0.00160690,-0.00248609,-0.00053766,0.0057583
6,-0.00137809,-0.00036976,-0.00026811,0.00046542,-0.00040902,0.00031340,-0.00009
709,-0.00076432,0.00078823,0.00009593,-0.00211423,0.00029599,-0.00186456,0.00028
070,-0.00675667,-0.00324817,-0.00279682,0.00038038,0.00009192,-0.00031170,-0.000
13814,0.00081216,-0.00003432,0.01591407,-0.02859798,-0.01647606,0.09495640,-0.10
969622,-0.07903212,0.03206247,0.74409794,-0.02206089,0.03970677,-0.04809301,0.00
020730,0.00025772,-0.00072281,-0.00007363,-0.00135895,0.00207059,-0.00277617,-0.
00216217,0.00162459,0.00807962,-0.12659191,-0.08195935,0.00232023,-0.00083394,-0
.00248424,0.00055443,-0.00390124,0.00139456,-0.00241950,-0.00033295,-0.00095490,
-0.00017438,0.00001224,0.00046589,0.00229179,0.00066728,0.00027350,0.00136065,-0
.00107914,0.00086394,0.00047914,0.00227297,-0.00094776,-0.00219732,0.00657336,0.
00056575,-0.00249338,-0.00239640,-0.00049096,0.00035416,-0.00017837,-0.00075958,
-0.00029949,-0.00001623,0.00069722,0.00026388,0.00113958,-0.00302792,0.00158474,
-0.00039905,-0.00226674,0.00473487,0.00211236,0.00223148,-0.00031992,-0.00001707
,0.00024510,0.00012162,-0.00039678,0.00025387,0.00101722,-0.04395594,-0.00596108
,0.10242944,-0.04510014,-0.09280479,-0.11919688,0.19649725,0.27490033,-0.0859424
1,0.04277543,-0.05044060,0.00018684,-0.00058585,0.00025600,0.00064638,-0.0003908
8,-0.00000574,0.00062818,0.00159740,-0.00017316,0.00190510,0.00025082,-0.0001214
2,-0.00356908,0.00236007,0.00094716,-0.00425526,-0.00103819,0.00060771,-0.000802
78,0.00037678,0.00015354,0.00000734,0.00037745,0.00001389,-0.00465264,0.00421192
,0.00049946,0.00082660,-0.00233409,-0.00078033,0.00133820,-0.00172553,0.00081824
,-0.00309699,-0.00058835,-0.00067566,0.00236848,0.00406421,0.00065662,0.00016631
,-0.00049247,0.00104223,-0.00049184,-0.00112006,0.00204914,0.00022160,0.00053299
,0.00055169,-0.00129706,0.00075104,-0.00041882,-0.00084085,-0.00499485,-0.001182
49,0.00019522,0.00015237,-0.00018198,0.00007853,0.00033288,-0.00027290,-0.024146
37,0.01757906,0.01592709,-0.04802030,0.00133967,0.00958590,-0.21311510,-0.160453
43,0.01955475,0.74229891,0.03777736,-0.02341041,0.02086896,0.00002031,0.00010340
,-0.00000821,-0.00110778,-0.00023385,0.00204144,0.00323405,0.00251556,0.00005996
,-0.01870855,-0.01389077,-0.00011268,-0.00042034,-0.00058288,-0.00168011,-0.0000
5654,-0.00056493,-0.00027624,-0.00045882,0.00071302,0.00062078,0.00002096,-0.000
09075,-0.00014543,-0.00391000,-0.00318459,-0.00781215,-0.00017381,-0.00211770,-0
.00103465,0.01169337,-0.00086304,0.00119672,0.00183111,0.00880315,0.00227015,-0.
00659010,0.00341869,0.00074833,0.00051149,0.00042322,-0.00079107,0.00033932,-0.0
0026883,0.00153376,-0.00030482,-0.00042868,-0.00045966,0.00095734,0.00139804,-0.
00042801,-0.00102895,-0.00850273,0.00432718,-0.00010365,0.00020330,0.00007076,0.
00020490,-0.00016675,-0.00023295,0.03483090,-0.00397812,0.00395734,-0.02509485,0
.02309309,0.00373659,-0.10679154,-0.18144512,-0.01073034,-0.00528383,0.51162321,
-0.03912237,0.02520737,-0.02571645,0.00011333,-0.00048518,0.00015050,0.00148091,
-0.00074635,-0.00082179,0.00230144,0.00266264,-0.00165970,-0.01025265,-0.0056505
6,-0.00200678,0.00291773,-0.00250848,0.00031555,0.00391390,-0.00081619,0.0010302
5,0.00033306,0.00012119,0.00010917,-0.00005872,0.00014802,0.00000996,-0.00774264
,0.00565114,-0.00267352,-0.00064899,-0.00108789,-0.00066078,0.00019898,-0.003061
23,0.00161946,0.00473139,0.00413512,-0.00161718,-0.00166245,0.00012319,-0.001321
02,-0.00006693,-0.00047303,0.00095573,-0.00018202,0.00195081,-0.00326423,-0.0006
9110,-0.00026832,-0.00117075,-0.00030950,-0.00037152,-0.00142776,-0.00496054,-0.
00463942,-0.00603819,0.00022788,0.00002250,-0.00017962,-0.00001678,0.00042153,0.
00049372,0.03975935,-0.00429286,-0.00882017,0.02178974,-0.00103430,-0.00950416,0
.01077092,-0.01895128,-0.03486487,-0.19469446,0.13568333,0.28215461,-0.04842066,
-0.02592657,-0.06050340,0.00000277,-0.00014597,-0.00027436,-0.00125359,0.0008612
6,0.00014322,0.00325941,0.00307803,0.00115915,-0.00246595,-0.00150713,0.00117852
,-0.00098040,-0.00190439,-0.00156107,-0.01247945,-0.00115333,0.00101530,-0.00164
434,0.00152911,-0.00051872,0.00006640,0.00004481,0.00010676,-0.00625342,0.004154
41,-0.00433129,-0.00470763,0.00040534,-0.00346178,0.00764898,-0.00321985,0.00279
196,0.00477374,0.00586994,0.00212682,-0.00125706,0.00287128,0.00668953,0.0002308
3,-0.00043408,0.00062942,-0.00038448,0.00032041,0.00015897,-0.00018391,-0.000000
40,0.00082627,-0.00878879,0.00979918,-0.00895054,-0.00151521,-0.00959377,0.00182
779,-0.00006063,-0.00026313,-0.00005799,0.00077252,0.00006669,0.00009050,-0.2673
3315,-0.03743836,0.11412724,-0.02657138,-0.02780143,-0.01604605,0.01948330,-0.00
815018,-0.00141200,-0.09686050,0.04580942,0.03922902,0.55075364,-0.02891669,-0.0
2786911,-0.02329274,-0.00015630,0.00026672,-0.00019076,-0.00086227,-0.00081292,-
0.00047851,-0.00336878,-0.00232359,-0.00001438,-0.00488735,-0.00247020,-0.003094
46,-0.00146783,-0.00388915,-0.00387292,0.01544586,0.00315495,-0.00150229,-0.0014
1859,-0.00104717,-0.00088055,0.00005749,0.00005581,0.00019268,0.00618377,0.00002
059,0.00286798,0.00880562,-0.00728483,0.00450961,0.00031685,0.00274977,-0.000744
26,-0.00310866,0.00104293,-0.00039089,-0.00090921,-0.00118330,-0.00186396,0.0002
2882,-0.00013506,0.00005878,-0.00016265,0.00023201,0.00065969,-0.00030900,0.0000
6889,0.00026866,0.00506446,-0.00303103,0.00263906,0.00216952,0.00366674,0.001462
05,-0.00019004,-0.00005662,0.00004756,0.00019663,-0.00015014,0.00013122,-0.05144
299,-0.07088226,0.00181610,-0.02650404,-0.02295031,0.00082789,-0.03215682,-0.044
90623,-0.01976772,0.08696660,-0.25797244,-0.10760188,0.15827972,0.72070466,-0.06
144726,-0.02394956,-0.10558326,0.00018260,0.00097260,-0.00125926,-0.00158877,0.0
0080657,0.00199650,0.00236159,0.00001560,0.00047436,0.00086390,-0.00062675,0.001
02762,0.00115914,-0.00071764,0.00166606,0.01162346,0.00295180,-0.00243823,0.0002
9678,-0.00187148,-0.00154298,-0.00018626,-0.00010523,0.00071400,0.00531654,-0.00
593192,0.00091887,-0.00243003,0.00409763,0.00064164,-0.00189361,0.00273996,-0.00
160643,-0.00367426,0.00133471,0.00283960,-0.00753731,-0.00236083,-0.00198655,0.0
0006039,-0.00021988,0.00067527,-0.00038545,-0.00003618,0.00037721,-0.00029803,0.
00022429,0.00099350,0.00276672,0.00027162,0.00337580,0.00595138,0.00081147,0.003
60810,-0.00052668,-0.00057918,0.00042250,0.00044266,-0.00097449,0.00003258,0.065
51469,-0.00671030,-0.06333745,0.00391504,0.01766434,0.01637326,-0.00452338,-0.00
755244,-0.00562262,0.06672554,-0.12230913,-0.08990882,-0.09515178,0.14755890,0.2
6797112,-0.00316341,-0.00121909,0.00297709,-0.00018504,-0.00005176,0.00022533,-0
.00078003,-0.00012189,-0.00062589,-0.00014144,0.00030181,0.00034817,0.00054594,0
.00063254,0.00034513,0.00002332,-0.00076034,-0.00056107,-0.00036227,-0.00013908,
-0.00003847,-0.00261022,0.00242411,-0.00005978,0.00016813,0.00002218,-0.00022713
,-0.00008444,0.00051964,0.00000612,-0.00154666,0.00146251,-0.00021607,0.00018346
,-0.00058733,0.00044677,-0.00009642,0.00006802,0.00040587,0.00007509,0.00039115,
0.00041061,0.00013478,0.00010193,-0.00044021,-0.00013154,0.00010215,0.00055973,0
.00011341,0.00016863,0.00018795,-0.00206101,-0.00190556,-0.00178986,0.00023275,-
0.00050126,0.00088940,0.00016666,0.00015283,-0.00011667,0.00023219,-0.00004846,-
0.00009205,-0.01039192,-0.01799685,-0.00240520,-0.00381270,-0.00119355,0.0007823
8,0.00005231,0.00231685,0.00234672,0.00678625,0.00950823,-0.00087197,-0.09861963
,-0.13214559,0.00704175,0.11545652,0.00298517,-0.00104015,0.00068590,-0.00029855
,0.00053835,0.00005215,-0.00006069,0.00030853,-0.00016480,-0.00057073,-0.0006818
7,0.00017474,-0.00089019,-0.00015805,-0.00036686,0.00003971,0.00009007,-0.000267
49,0.00005364,0.00037671,0.00024909,0.00238479,-0.00025448,0.00055229,0.00009358
,-0.00015835,-0.00007842,0.00051164,-0.00003716,0.00046167,0.00140755,-0.0037068
1,0.00072663,-0.00021298,0.00014641,-0.00011148,-0.00047080,-0.00008179,-0.00003
096,-0.00011541,-0.00016768,0.00011399,0.00023642,0.00005199,0.00067219,0.000169
15,0.00014973,-0.00031259,-0.00010804,-0.00000643,0.00024493,-0.00018827,0.00253
421,0.00014404,0.00010958,0.00035085,0.00023807,-0.00002061,-0.00009390,0.000063
42,0.00035328,-0.00030169,-0.00012688,-0.00154200,-0.00125570,0.00102575,-0.0006
1043,-0.00114523,-0.00059499,-0.00089830,-0.00420262,-0.00250295,-0.00959855,-0.
01674004,-0.00097540,-0.13262502,-0.28376483,0.00092018,0.14162731,0.31315850,-0
.00370053,-0.00479553,-0.00075174,0.00002256,-0.00003238,0.00004542,0.00019232,-
0.00010340,0.00008500,0.00019614,0.00061311,0.00005424,-0.00014447,0.00004999,0.
00022951,0.00044965,0.00056514,0.00052571,-0.00021784,0.00019453,-0.00074417,-0.
00055719,0.00071771,0.00063866,0.00003771,-0.00001396,-0.00007836,0.00060123,0.0
0062902,-0.00019676,-0.00082721,0.00015172,-0.00103210,0.00000993,-0.00066334,0.
00041499,-0.00074042,-0.00036914,0.00025428,-0.00029352,0.00042500,0.00098418,-0
.00051424,0.00024723,-0.00067285,0.00015890,-0.00059824,-0.00063454,-0.00010069,
0.00037561,0.00039802,-0.00050155,-0.00093713,0.00018010,0.00096169,-0.00080267,
0.00099112,0.00003601,-0.00004235,-0.00001369,0.00017376,-0.00000646,-0.00011308
,0.00275254,0.01067431,-0.00032666,0.00416291,0.00216409,0.00120586,0.00239114,-
0.00050789,0.00074051,-0.00546038,-0.00860907,-0.00228236,0.00883010,0.00108732,
-0.02453944,-0.01031463,-0.00063454,0.02590589,0.00315467,0.00297433,-0.00120587
,-0.02872977,-0.00240803,0.01405019,-0.02926049,-0.00861741,0.00052153,-0.003105
63,-0.00078340,-0.00032304,0.00004785,0.00000239,0.00029192,0.00014117,-0.000026
43,0.00005607,-0.00044393,-0.00020979,0.00033515,-0.34729178,-0.09037501,-0.1719
9699,-0.00229045,-0.00286733,0.00886406,-0.00054262,0.00099991,-0.00006490,-0.07
647692,0.01721791,-0.02191224,0.00099893,-0.00060504,0.00082574,0.00044088,-0.00
019390,-0.00010901,-0.00053790,0.00020771,0.00006540,-0.00009338,0.00009183,-0.0
0094536,0.00024035,-0.00022841,-0.00006253,0.00005828,0.00002868,-0.00011507,-0.
01030309,-0.00961500,-0.00647188,-0.00224506,0.00408783,0.00155114,-0.17582436,0
.03641023,0.05623713,0.00128143,0.00158523,-0.00055640,0.00002810,0.00148434,-0.
00011497,0.00034138,-0.00196939,0.00028327,-0.00047786,-0.00110036,0.00181278,0.
00045199,0.00030693,-0.00008081,0.00088481,0.00086879,0.00143428,0.00109672,-0.0
0061705,0.00029742,0.71122035,0.00217600,0.00233237,0.00072072,-0.01375495,0.005
33939,0.00500060,-0.01715776,-0.10704785,-0.01063251,-0.00188793,-0.00166651,-0.
00033348,-0.00012550,0.00014074,-0.00001854,0.00022885,0.00005027,-0.00013792,0.
00011959,-0.00005620,-0.00023684,-0.09134421,-0.09316389,-0.07303860,-0.00166383
,-0.00126419,0.00537042,0.00076422,0.00069802,0.00098552,0.03145231,0.00321969,0
.00886264,0.00163928,-0.00094843,-0.00007337,0.00018496,0.00030624,0.00028111,-0
.00093501,0.00029969,-0.00029142,0.00019063,-0.00049101,0.00045474,-0.00012037,-
0.00011758,0.00013629,-0.00015545,0.00008680,0.00003175,0.00096255,-0.00214468,-
0.00002609,0.00063518,0.00277003,-0.00293983,0.03696778,-0.08094539,-0.03053045,
-0.00487066,-0.00238623,0.00141107,0.00159251,0.00119010,-0.00069646,0.00053516,
-0.00067321,-0.00051266,-0.00063430,-0.00037974,0.00116303,-0.00029936,0.0001853
1,-0.00043495,-0.00038425,0.00057397,0.00127607,-0.00049777,-0.00036029,-0.00025
642,0.05684042,0.30469847,0.00200322,0.00368672,-0.00083857,0.02222005,0.0072291
9,-0.01258048,0.00164639,-0.02586961,-0.02971055,-0.00234239,0.00111711,0.000094
79,-0.00001986,-0.00003771,0.00021751,0.00016635,-0.00004034,0.00000950,-0.00028
472,-0.00031186,0.00042919,-0.14750061,-0.06764941,-0.14795397,-0.00000080,0.003
12602,-0.00310575,0.00026084,0.00110824,-0.00036167,-0.01206965,0.01394065,0.016
55289,0.00040753,0.00009692,0.00087458,-0.00049524,0.00048844,0.00001841,-0.0003
5762,-0.00023656,0.00044876,-0.00043028,-0.00003637,-0.00055201,0.00006904,-0.00
007139,0.00001281,0.00009784,-0.00005717,-0.00009323,-0.00429574,-0.00944635,-0.
00441382,-0.00224511,-0.00461911,0.00076434,0.03946240,-0.02975482,-0.06862398,0
.00662230,0.00044985,-0.00033965,-0.00117365,0.00072341,-0.00017619,-0.00022895,
-0.00062534,0.00085592,-0.00030445,-0.00021047,0.00004512,0.00055942,-0.00017860
,0.00040924,0.00037329,0.00058675,-0.00088281,0.00058566,-0.00032997,0.00007326,
0.13312790,0.15279825,0.27678982,-0.00031154,-0.00003773,-0.00014393,0.00126237,
-0.00428634,-0.00447071,-0.00267720,-0.00059621,0.00130958,0.00030938,-0.0000059
1,-0.00003255,0.00000153,-0.00000778,-0.00001186,-0.00001030,-0.00000207,0.00001
082,-0.00002201,0.00002514,0.00003440,0.00124672,0.00227950,0.00102711,-0.000056
21,0.00061328,0.00008041,-0.00009779,-0.00011218,0.00004895,0.00099988,-0.001615
64,-0.00024680,-0.00002941,0.00003914,-0.00000735,0.00003369,-0.00006190,-0.0000
1131,0.00010242,0.00003152,0.00003478,0.00005201,0.00006209,-0.00001299,-0.00000
199,0.00001223,-0.00001569,-0.00000903,0.00000667,-0.00001263,0.00032690,0.00033
257,0.00021240,0.00016889,0.00006349,0.00002617,-0.04007078,-0.01621686,-0.00576
513,0.00096751,-0.00279939,0.00085526,0.00003759,0.00001532,-0.00005467,0.000015
63,-0.00000682,-0.00002343,0.00001532,0.00004599,-0.00003524,-0.00003380,-0.0000
2420,-0.00001607,-0.00001428,-0.00001014,0.00004382,0.00001376,0.00003070,0.0000
1911,-0.00876028,0.03037591,0.01546975,0.05793768,0.00016193,0.00033237,-0.00016
183,-0.00153604,-0.02030440,-0.00953768,0.00106725,-0.00130817,-0.00091822,-0.00
039778,0.00005887,0.00006207,-0.00001855,0.00002487,-0.00001404,-0.00000052,0.00
007437,-0.00003115,-0.00003337,-0.00009687,-0.00007263,-0.00055277,-0.00166859,-
0.00195753,0.00103897,0.00281701,-0.00008781,-0.00010497,0.00004805,0.00003317,0
.00007194,0.00037470,0.00030147,0.00008641,-0.00004050,0.00005497,-0.00001914,-0
.00000957,0.00002694,0.00001351,0.00005768,0.00004063,-0.00005618,-0.00006829,-0
.00001238,-0.00002688,-0.00001683,-0.00000509,-0.00001999,0.00002204,0.00001480,
-0.00026703,-0.00003013,0.00000186,-0.00009493,-0.00002664,0.00026158,-0.0179757
5,-0.21677601,-0.08634858,0.00138678,-0.00554158,0.00437723,0.00013472,-0.000015
64,0.00001499,0.00004687,-0.00000550,-0.00005090,-0.00006642,0.00000631,0.000151
13,-0.00007661,0.00002152,-0.00005016,-0.00007306,0.00002636,0.00012967,-0.00002
530,-0.00003412,-0.00002854,0.01081762,-0.01361430,-0.00866620,0.00830322,0.2543
3472,0.00019810,0.00002027,0.00012058,0.00253835,0.01196566,0.00777872,0.0016243
2,0.00059502,-0.00049261,-0.00049719,0.00010931,0.00012828,-0.00000291,0.0000090
0,0.00000403,0.00000980,-0.00001470,-0.00002042,0.00002606,0.00002685,-0.0000039
7,-0.00002489,-0.00078740,0.00015028,-0.00148334,0.00011502,0.00052296,0.0001870
9,0.00015032,-0.00000221,-0.00049816,0.00072531,-0.00001426,-0.00001839,-0.00008
351,-0.00005267,-0.00002289,0.00004278,0.00001541,-0.00010712,-0.00001026,-0.000
02674,-0.00002194,-0.00005654,0.00002647,-0.00000195,-0.00001948,0.00001972,0.00
000012,0.00000388,0.00002550,-0.00016528,-0.00007159,-0.00008701,-0.00005109,-0.
00001844,-0.00019485,-0.00541750,-0.08488976,-0.08067411,-0.00172720,0.00566860,
-0.00278292,-0.00010706,-0.00008994,0.00004694,-0.00000944,0.00002046,0.00011296
,-0.00000429,0.00000986,-0.00003974,0.00005739,-0.00000278,0.00007139,0.00002510
,-0.00001180,-0.00011658,-0.00000804,-0.00002409,-0.00000800,0.00802776,-0.01527
833,-0.00667147,0.00799604,0.10299060,0.09682708,-0.00076903,0.00285035,0.001003
66,0.00011535,-0.00005146,-0.00028190,-0.00119400,-0.00095957,0.00114177,-0.0494
7397,0.05449364,-0.00802720,-0.00321398,0.00083564,-0.00288113,-0.00001516,0.000
09221,0.00083859,-0.00011476,0.00019412,0.00010752,-0.00054541,-0.00008045,-0.00
029078,-0.00008682,0.00007715,0.00011789,0.00241635,-0.01156738,0.00447719,0.000
16063,0.00014504,0.00006436,-0.00051286,0.00019253,-0.00058418,0.00045675,-0.000
15781,-0.00030723,0.00089413,-0.00245213,-0.00008869,-0.00019266,0.00024998,-0.0
0041100,0.00025854,0.00009447,-0.00030110,-0.00115673,-0.00031840,0.00061881,-0.
00031841,0.00073818,0.00014893,-0.00079855,0.00104730,0.00232710,0.00013556,0.00
004884,-0.00005442,0.00019705,0.00021934,0.00000653,0.00002857,0.00044020,0.0009
2239,-0.00015548,-0.00097067,-0.00014382,-0.00281688,-0.00277594,-0.00339095,0.0
0021405,-0.00024245,0.00026331,0.00022589,-0.00001125,0.00057284,0.00007312,0.00
016607,0.00038080,0.00027893,0.00050361,-0.00008945,-0.00004327,0.00005374,0.000
04531,0.07909969,0.00243735,0.00106332,0.00296543,-0.00026620,0.00037099,0.00023
378,0.00113919,-0.00240433,0.00167780,0.05307346,-0.23440477,0.03365997,0.000054
15,0.00101741,0.00032440,0.00032812,-0.00032934,-0.00042935,-0.00006243,0.000126
38,0.00023786,0.00040684,0.00019576,0.00026508,0.00011162,-0.00019006,-0.0001880
5,0.00259496,-0.02430980,0.00875482,-0.00025128,0.00049458,0.00003550,-0.0002126
1,-0.00103516,-0.00080049,0.00031575,-0.00082847,-0.00041321,0.00166457,0.000624
49,-0.00056505,-0.00023089,0.00045519,-0.00044055,0.00024250,0.00015869,-0.00020
887,-0.00104638,0.00013699,-0.00004934,0.00037993,-0.00033092,0.00033138,-0.0025
3225,-0.00142310,0.00180017,-0.00013316,0.00008492,0.00015929,0.00026372,-0.0001
2534,-0.00038399,0.00005615,0.00005090,0.00008920,-0.00034719,-0.00067581,-0.000
57561,0.00062646,-0.00024627,0.00065136,0.00003420,-0.00007262,0.00017434,0.0002
6421,0.00034324,0.00002406,0.00015876,0.00016532,0.00026206,-0.00059506,0.000232
36,-0.00059338,0.00001269,0.00002709,-0.00003960,-0.08474364,0.27552076,-0.00004
520,0.00002468,-0.00421350,0.00002369,0.00002716,-0.00000696,0.00144237,-0.00122
595,0.00219869,-0.00039727,0.02876569,-0.04359313,-0.00302946,0.00041909,-0.0004
9758,0.00035716,-0.00086018,-0.00115357,-0.00010797,0.00002215,0.00020264,0.0001
1214,-0.00015143,-0.00021908,-0.00000047,0.00000802,0.00002586,-0.00450042,0.020
66107,-0.00067740,-0.00016750,0.00029174,0.00008708,0.00029447,0.00215221,0.0006
2323,0.00024769,0.00017423,0.00021000,0.00019395,0.00048699,-0.00106945,0.000470
92,0.00002942,0.00002382,0.00002372,0.00015693,0.00001787,0.00079227,-0.00028298
,0.00015586,0.00012177,0.00022587,-0.00019532,0.00373251,0.00390011,0.00075876,0
.00000829,0.00005307,0.00002765,0.00007275,0.00018338,-0.00003053,-0.00029501,-0
.00018136,0.00030828,-0.00096446,-0.00167610,-0.00213487,-0.00304977,-0.00152834
,-0.00231074,0.00011715,-0.00025970,0.00027524,0.00050745,-0.00009089,0.00001430
,0.00023022,0.00013738,0.00007803,-0.00050741,-0.00003361,-0.00049134,-0.0000434
2,0.00001089,0.00001682,-0.00406206,-0.03753752,0.04552381,-0.00153868,-0.001420
21,0.00134522,0.00003464,-0.00011746,0.00005215,0.00086775,-0.00043990,0.0000791
0,0.00032683,0.00037927,0.00038618,-0.00031604,-0.00013211,-0.00046974,-0.000292
20,0.00066340,0.00002187,-0.00005430,-0.00029916,-0.00019889,-0.00007324,0.00007
876,0.00008967,-0.00001291,0.00000866,-0.00005790,0.00045334,-0.00004840,0.00072
898,0.00018537,-0.00060793,-0.00022308,-0.00009316,-0.00031358,0.00030850,-0.001
25809,0.00035150,0.00003508,-0.00091087,0.00052603,0.00013752,0.00008459,-0.0002
6844,0.00023147,0.00093556,0.00064006,-0.00022945,-0.00051894,-0.00051854,-0.000
60481,0.00017188,0.00020971,0.00015155,0.00099608,-0.00052794,0.00078578,0.00004
019,0.00004584,-0.00000831,0.00001263,0.00008256,-0.00009189,-0.00065090,-0.0000
1171,0.00108182,-0.00293552,-0.00148917,0.00078591,-0.01526073,0.00192958,0.0070
5047,-0.27047284,0.02688029,0.13510294,-0.00450360,0.00188985,0.00187351,-0.0001
7103,0.00049640,-0.00058953,0.00004608,-0.00008213,0.00003398,0.00000635,-0.0000
0857,-0.00000925,0.00017813,0.00024154,0.00021372,0.29422812,0.00063707,-0.00253
589,-0.00099233,-0.00004270,0.00001212,-0.00001063,-0.00053823,-0.00013326,-0.00
018733,-0.00041625,-0.00000943,-0.00000357,-0.00008811,-0.00032518,0.00057452,-0
.00086795,0.00052853,0.00017314,0.00084627,0.00028636,-0.00013353,0.00017153,0.0
0013713,0.00005595,-0.00000651,-0.00000028,0.00001622,-0.00046170,-0.00015791,-0
.00039741,-0.00024738,0.00014836,0.00016988,0.00044631,-0.00007669,-0.00021482,0
.00190828,-0.00005716,0.00128813,-0.00025236,0.00031183,-0.00029725,0.00021109,0
.00004971,-0.00015336,0.00024555,-0.00144092,0.00296258,-0.00031853,-0.00016864,
-0.00073722,-0.00007718,0.00006965,-0.00005531,-0.00053636,-0.00017275,-0.000301
58,-0.00000519,-0.00001156,-0.00000477,0.00003454,0.00001228,0.00005556,0.001593
33,-0.00340931,-0.00205489,-0.00470037,-0.00155788,-0.00085340,-0.01588114,0.003
72766,0.01018877,0.02723619,-0.03816348,-0.02177454,0.01916805,-0.00136668,-0.00
878416,0.00054909,-0.00020194,-0.00012773,-0.00010397,-0.00001589,0.00001519,-0.
00000303,0.00000782,0.00000483,-0.00029283,-0.00007520,-0.00002411,-0.02771671,0
.04472552,-0.00255880,-0.00041160,-0.00164192,-0.00026617,0.00034060,0.00014407,
0.00081465,-0.00012827,-0.00046444,0.00109913,0.00042468,-0.00011433,-0.00054638
,0.00055782,-0.00031348,0.00028680,-0.00027021,0.00038106,0.00084519,-0.00018114
,0.00037192,-0.00017584,0.00025677,0.00004468,0.00013053,-0.00009154,-0.00010696
,0.00005636,0.00023664,0.00076538,0.00029190,-0.00045713,-0.00007725,-0.00050354
,-0.00010867,0.00007140,-0.00281860,0.00153752,-0.00233825,-0.00111288,0.0006405
1,-0.00046565,0.00002630,-0.00014429,0.00015637,-0.00047036,0.00287105,-0.001845
06,-0.00076738,-0.00057156,-0.00047864,0.00041528,0.00002911,-0.00038180,0.00076
549,-0.00059478,0.00067087,-0.00000146,0.00003915,0.00001560,0.00018663,-0.00025
428,0.00010729,0.00465663,-0.00274292,0.00076140,0.00293772,-0.00193825,0.000971
60,-0.00052852,0.00007260,-0.00216381,0.13485378,-0.02140793,-0.09503629,0.01075
438,0.00057714,-0.00729047,-0.00057191,-0.00003413,-0.00082275,0.00006108,-0.000
02745,0.00002304,-0.00000744,-0.00001849,-0.00000249,0.00014917,0.00014055,0.000
10132,-0.14794445,0.02164911,0.10887482,-0.01157528,-0.01349724,-0.00117380,-0.0
0063892,-0.00123969,-0.00004870,-0.02171742,-0.01187516,-0.00050817,-0.39550689,
0.13168652,0.19450662,-0.00020783,-0.00026337,-0.00006911,-0.00177101,0.00031986
,-0.00260230,-0.00029280,-0.00010712,0.00031849,-0.00459294,0.00239512,-0.000223
96,0.00045133,0.00045368,-0.00023712,-0.04347330,-0.01082140,0.03527694,0.002352
68,-0.00294254,-0.00064095,-0.00202881,0.00119847,-0.00238816,-0.00142646,-0.002
81179,-0.00055231,0.00237454,-0.00493892,0.00080230,0.00012913,0.00065004,0.0002
8748,0.00069632,-0.00005143,-0.00077775,0.00035686,-0.00033436,-0.00066747,-0.00
520758,0.00378175,0.00092516,-0.00261898,0.00929092,-0.00030241,0.00069982,-0.00
002785,-0.00086922,0.00375016,0.00285682,-0.00138663,0.00208386,0.00202073,0.001
98276,-0.00580376,-0.00099571,-0.00364713,0.00379413,-0.00158876,0.00055581,0.00
002785,-0.00291620,-0.00170785,-0.00176691,0.00265837,0.00192966,0.00066268,0.00
065635,0.00099046,0.00788571,0.00153385,0.00228606,0.00030371,0.00020370,0.00005
235,-0.02332777,0.02621640,0.00843066,0.00087703,-0.00017827,0.00003089,0.494811
12,-0.00158240,-0.00036286,0.00584956,-0.00066987,-0.00059728,0.00124701,-0.0085
9509,-0.04497287,0.00498454,0.10765995,-0.10825313,-0.04341484,-0.00046788,0.000
21441,0.00007680,-0.00022447,-0.00033381,0.00055512,-0.00007505,0.00007719,0.000
30831,0.00822295,-0.00219526,0.00189631,0.00037015,-0.00015844,-0.00047127,-0.01
167209,0.01367690,-0.00118931,-0.00251333,0.00375144,0.00116971,0.00219523,0.001
01527,0.00081870,-0.00027721,0.00047567,-0.00101841,-0.00210153,-0.00023119,0.00
167311,0.00028289,0.00030392,-0.00046383,0.00002158,-0.00011045,-0.00036271,-0.0
0054132,-0.00002965,-0.00000306,-0.00014303,-0.00342138,-0.00076861,-0.00097920,
-0.00208648,0.00411816,-0.00092609,-0.00190591,-0.00037625,0.00175519,0.00156958
,-0.00352803,0.00077629,0.00176577,-0.00191665,0.00040204,0.00068230,-0.00358693
,0.00083357,0.00080112,0.00041334,-0.00063178,0.00046601,-0.00075463,0.00059054,
-0.00004174,0.00043616,0.00025767,-0.00007044,0.00008025,-0.00516057,0.00643940,
-0.00190036,0.00077853,0.00010827,-0.00077800,0.04175373,-0.01435059,-0.01395788
,0.00010345,-0.00009462,0.00019330,-0.13045822,0.15019398,0.00088585,0.00341164,
-0.00406506,-0.00031045,0.00123465,0.00000692,0.00536918,-0.00011522,-0.02565545
,0.17243829,-0.04819652,-0.13644700,0.00008821,-0.00010487,0.00010242,-0.0014147
0,-0.00036077,-0.00079047,0.00009169,0.00012473,0.00031354,0.00267966,0.00006339
,0.00125371,0.00033236,-0.00044109,-0.00001915,0.04861895,0.00105035,-0.01819287
,-0.00118810,0.00154955,0.00106939,0.00118582,-0.00014677,0.00001600,0.00277472,
0.00127423,0.00131815,0.00171071,0.00618960,-0.00035099,-0.00003505,-0.00002919,
-0.00009210,0.00018724,0.00055963,0.00022529,-0.00001714,0.00009055,-0.00004808,
0.00020883,-0.00070285,-0.00091348,0.00178541,-0.00231873,0.00125819,-0.00088132
,-0.00046663,0.00060080,-0.00173675,-0.00406995,0.00102317,0.00043670,0.00144671
,-0.00050818,-0.00989210,-0.00021645,-0.00774327,0.00111068,0.00125599,-0.001744
28,-0.00032295,-0.00076211,0.00147593,-0.00049142,-0.00076096,0.00046391,0.00004
670,-0.00011404,0.00010311,-0.00070155,-0.00210477,0.00646045,0.00010629,-0.0001
2557,-0.00014086,0.00747497,-0.00939066,0.00599478,-0.00008726,-0.00008480,0.000
19568,-0.23109768,0.05201063,0.17582565,-0.00004161,0.00008202,0.00007368,0.0080
6483,0.00819762,-0.00504799,0.00041487,0.00296172,0.00069641,-0.00009607,0.00002
464,0.00000456,0.00001133,-0.00000819,-0.00002953,-0.00002051,0.00000168,0.00001
174,-0.00006339,0.00002288,-0.00001183,-0.00496570,0.00305119,-0.00111327,-0.004
25133,-0.00000791,0.00249953,0.00001067,-0.00015166,-0.00019434,-0.00128818,-0.0
0119170,-0.00037363,-0.00003784,0.00006415,-0.00008734,0.00009696,-0.00005238,-0
.00000483,0.00015467,-0.00008675,-0.00000987,-0.00005580,-0.00002027,-0.00003068
,0.00000441,-0.00002991,0.00000080,0.00002173,-0.00001743,0.00003663,0.00004294,
0.00013302,0.00003377,-0.00000280,0.00009080,-0.00006882,-0.09211130,-0.00445372
,-0.04060879,0.00025037,-0.00446193,-0.00062594,0.00010560,0.00014171,0.00004582
,0.00006272,-0.00005453,-0.00003145,0.00005351,-0.00009518,0.00011669,-0.0000519
2,-0.00003548,-0.00005354,-0.00001925,-0.00000074,0.00015053,-0.00000207,-0.0000
2085,0.00000476,-0.02780144,0.00142039,-0.01478455,-0.00436118,-0.00226501,-0.00
686237,0.00002542,-0.00006493,-0.00001472,-0.00000618,-0.00001254,-0.00003313,-0
.00048300,-0.00067211,-0.00012034,0.47280088,-0.00103638,-0.00003439,0.00011321,
0.01014178,0.00282887,0.01230769,0.00267944,-0.00157089,0.00022741,0.00132196,0.
00005381,-0.00030896,-0.00000622,0.00000109,0.00003515,0.00004076,-0.00000543,0.
00000974,0.00001988,0.00002698,0.00000084,0.00069228,-0.00019298,-0.00008287,-0.
00190695,-0.00142755,0.00004170,-0.00017733,-0.00020820,0.00015485,0.00135056,-0
.00095026,-0.00049526,-0.00012482,0.00002449,0.00001182,-0.00018015,0.00005448,0
.00001617,0.00000663,0.00005907,0.00003104,-0.00002493,0.00004619,0.00003703,-0.
00002100,0.00003571,-0.00000672,-0.00001440,0.00000074,-0.00002420,0.00091154,0.
00046321,0.00023438,0.00024191,-0.00013566,0.00035116,0.00334580,-0.05963011,0.0
0436365,-0.00146717,-0.00369117,-0.00138080,-0.00001568,0.00015234,-0.00023153,-
0.00003141,0.00003667,-0.00014858,0.00005505,0.00003323,-0.00008599,-0.00004014,
0.00004776,0.00003052,-0.00002911,-0.00002754,-0.00013121,-0.00002553,0.00004005
,0.00000746,0.00678326,-0.00022976,0.00526888,-0.01458143,-0.00244814,-0.0203292
5,-0.00007182,0.00007875,0.00002174,-0.00000395,0.00000177,0.00003266,-0.0010136
2,0.00037768,0.00024604,0.00133315,0.47089448,-0.00022277,0.00038666,-0.00019761
,-0.01047945,0.00802149,-0.01898268,0.00023713,0.00007913,0.00311685,-0.00063391
,-0.00020043,0.00025510,-0.00000939,0.00000061,-0.00005836,-0.00002178,0.0000342
5,-0.00001376,-0.00005548,0.00001349,-0.00005744,0.00039483,-0.00065629,-0.00049
734,0.00181353,0.00036614,0.00127298,0.00013612,-0.00017845,-0.00016871,0.001883
71,-0.00042008,0.00005147,0.00032924,0.00004722,-0.00010690,0.00020819,-0.000123
08,0.00000721,0.00017116,-0.00001839,-0.00001815,0.00003108,-0.00001582,0.000004
98,-0.00002545,-0.00002724,0.00000379,-0.00001740,0.00002410,0.00003151,-0.00020
627,0.00022496,0.00016307,-0.00036128,0.00048990,-0.00060735,-0.05038073,-0.0061
0781,-0.11355754,0.00275856,-0.00141667,-0.00033604,0.00015187,0.00000555,-0.000
01392,0.00010944,-0.00005048,-0.00001366,-0.00002394,0.00001067,0.00011960,-0.00
005513,0.00000224,-0.00006778,-0.00002791,-0.00005525,0.00020337,-0.00003637,-0.
00001121,-0.00000682,0.00097640,0.00243238,0.00756488,-0.00981099,-0.00299055,-0
.01210604,0.00007081,0.00001427,-0.00001562,-0.00000028,0.00000333,-0.00005151,0
.00016407,-0.00042175,-0.00027387,-0.01629787,0.00904546,0.46528798,0.00008394,0
.00122387,0.00050148,0.00024031,0.00045690,0.00048680,-0.00914634,0.00048140,-0.
00572086,-0.00176270,0.00009717,0.00002914,0.00002102,-0.00004356,-0.00000144,-0
.00007013,-0.00010172,0.00003084,0.00001783,0.00001791,0.00018857,-0.00074366,-0
.00002687,-0.00021424,-0.00024831,-0.00030178,-0.00008628,-0.00000251,0.00031782
,-0.00011062,0.00027728,0.00006057,-0.00005028,-0.00015770,0.00027500,-0.0001841
4,0.00014349,0.00003680,-0.00015143,-0.00007697,-0.00007907,-0.00018260,0.000054
35,0.00011653,-0.00005997,0.00008016,0.00000166,0.00003121,0.00004097,-0.0000414
4,0.00000185,0.00046617,-0.00000332,0.00006687,-0.00051808,-0.00052155,0.0011178
1,-0.00872836,-0.01660217,-0.00805940,-0.00019526,-0.00046462,-0.00143991,-0.000
28049,0.00014793,-0.00011953,0.00001074,-0.00037558,0.00016456,0.00003881,-0.000
27517,0.00019146,0.00023798,-0.00004865,0.00009889,0.00041031,-0.00002003,0.0002
3023,0.00011489,0.00003675,0.00003092,-0.00044651,-0.00120066,-0.00006196,-0.002
38687,-0.00042643,-0.00242653,-0.00001983,-0.00011946,-0.00005102,0.00000660,0.0
0001209,-0.00001049,0.00145490,-0.00009069,0.00033895,-0.08070169,-0.04218587,-0
.00930862,0.48372707,-0.00014975,0.00016458,-0.00039135,0.00102573,-0.00039899,0
.00054113,0.00235222,0.00073999,0.00291866,-0.00038716,-0.00027117,0.00020214,-0
.00000582,0.00003356,-0.00000090,0.00005545,0.00004015,-0.00001113,0.00001363,-0
.00001533,-0.00010955,-0.00050710,0.00002832,-0.00019870,-0.00047927,0.00022415,
-0.00003507,0.00022749,-0.00013542,-0.00000344,0.00004028,-0.00049519,-0.0000978
4,0.00013004,-0.00001622,-0.00000379,-0.00001451,-0.00004739,0.00004332,0.000014
01,0.00003326,0.00004819,-0.00003226,-0.00006474,0.00003985,-0.00006043,0.000006
24,-0.00000553,-0.00002537,0.00004285,0.,0.00034189,0.00014267,0.00010977,-0.000
41210,0.00023984,-0.00000851,-0.00339896,-0.00026679,-0.00376313,0.00002493,0.00
052764,-0.00018236,-0.00003306,-0.00002405,-0.00009613,0.00002700,0.00001897,0.0
0003193,-0.00002951,0.00009441,-0.00000564,-0.00005188,-0.00002693,0.00001414,-0
.00007712,-0.00002799,-0.00012674,-0.00005365,-0.00003122,-0.00002254,0.00063497
,0.00005772,0.00025418,-0.00012147,0.00019785,0.00035995,0.00003858,0.00008092,-
0.00002497,-0.00001836,0.00001488,-0.00000615,-0.00003957,0.00063956,-0.00044433
,-0.03765484,-0.15596257,-0.01765377,-0.01369628,0.43666385,-0.00067230,0.000375
30,0.00027861,-0.00174718,-0.00028011,-0.00024400,-0.00154158,0.00090984,0.00031
079,-0.00018458,-0.00019836,0.00012693,0.00000329,-0.00001749,-0.00000570,-0.000
03614,-0.00001658,0.00002449,-0.00001815,0.00000949,0.00003087,-0.00030360,0.000
39740,-0.00005568,-0.00007873,-0.00013491,-0.00015770,0.00004814,-0.00011099,0.0
0002493,-0.00021654,-0.00050638,-0.00017954,0.00000363,0.00008514,0.00008692,0.0
0009525,-0.00007060,-0.00006073,0.00014300,-0.00001498,-0.00001381,-0.00004623,0
.00002919,-0.00006386,-0.00002270,0.00002516,-0.00004310,-0.00001462,0.00001926,
-0.00004430,0.00077633,0.00010102,0.00027994,-0.00055995,0.00001009,0.00055361,-
0.00999244,-0.01721983,-0.00803955,-0.00029621,-0.00078709,-0.00244567,-0.000011
82,0.00012700,-0.00036954,0.00011098,-0.00007114,-0.00016867,-0.00001747,0.00013
515,0.00002686,-0.00007571,-0.00002393,0.00001013,-0.00000023,-0.00009449,-0.000
03047,0.00002732,0.00000996,0.00002715,-0.00003269,-0.00097944,-0.00018948,-0.00
311141,-0.00092606,-0.00284207,-0.00008979,0.00010845,-0.00002511,0.00001344,-0.
00000068,0.00000121,-0.00010282,0.00074643,-0.00015646,-0.00895832,-0.02118506,-
0.06810684,-0.00045913,-0.02603410,0.51253083,0.00042483,-0.00015510,0.00006909,
-0.00291379,-0.00207045,-0.00067662,-0.00019583,0.00082583,-0.00236416,-0.000068
57,0.00012343,-0.00015413,0.00000879,-0.00000883,0.00002148,0.00000100,-0.000033
08,0.00002735,0.00002316,0.00000118,0.00006763,0.00070522,0.00016981,-0.00025591
,0.00148676,0.00018525,-0.00075517,-0.00017964,0.00019969,0.00000116,-0.00033740
,0.00036368,0.00018431,-0.00020110,-0.00001894,-0.00004334,-0.00008663,0.0001017
7,-0.00002461,-0.00013982,0.00002918,-0.00004960,0.00000938,-0.00000345,0.000005
63,0.00003509,0.00002002,0.00001284,0.00002386,-0.00003223,0.00000206,-0.0001465
8,-0.00019968,-0.00020689,0.00035692,-0.00039605,0.00046872,0.00477671,0.0065592
5,-0.01647326,0.00000951,0.00153745,0.00035393,-0.00011331,-0.00001520,0.0001662
2,-0.00011470,-0.00003159,0.00011853,0.00003698,-0.00012911,-0.00002693,0.000149
47,-0.00003212,0.00005966,0.00010493,0.00006843,-0.00001122,0.00003131,0.0000203
5,0.00000079,-0.00021109,0.00089327,-0.00153822,-0.00008527,0.00023734,-0.000406
53,-0.00000335,-0.00005223,0.00000832,0.00000595,-0.00000385,0.00001751,0.000088
97,0.00020742,0.00002080,-0.08600005,-0.01856302,0.04147190,-0.00764853,-0.00922
237,0.01086753,0.50607567,-0.00038147,0.00001130,0.00008658,0.00046703,0.0002477
0,0.00052670,-0.00039680,-0.00160259,0.00159142,0.00008001,-0.00004676,0.0002106
1,-0.00001463,0.00001245,-0.00002366,-0.00001138,0.00004085,-0.00002342,-0.00003
201,0.00000448,-0.00002411,0.00004683,0.00048253,0.00036384,-0.00026258,-0.00004
719,0.00005441,0.00022608,-0.00017274,0.00004903,-0.00013269,-0.00001889,-0.0000
8952,0.00017224,-0.00009829,0.00012738,0.00013941,-0.00010592,0.00005907,0.00011
174,0.00000538,0.00004958,0.00009001,0.00001369,0.00001321,-0.00002391,0.0000067
2,-0.00001251,-0.00001511,0.00003650,-0.00002075,0.00025735,-0.00005842,0.000191
08,-0.00024590,0.00026427,-0.00045768,0.00103510,-0.00130578,0.00571489,0.000056
07,-0.00003832,-0.00013639,0.00011697,0.00002315,-0.00025653,0.00007911,0.000041
66,-0.00018543,-0.00007176,0.00021367,-0.00004251,-0.00017032,0.00008485,-0.0000
8487,-0.00012973,-0.00006435,-0.00007049,-0.00001586,0.00000109,-0.00001192,-0.0
0005125,0.00018101,0.00020663,0.00000072,0.00011999,-0.00036373,0.00001728,0.000
07796,-0.00001620,0.00000588,0.00000639,-0.00001172,0.00011742,0.00007312,0.0000
4055,-0.01975091,-0.07791722,0.03441622,-0.01536055,-0.01760334,0.02116580,-0.00
620707,0.50842500,0.00001607,0.00020671,-0.00008534,-0.00350074,-0.00250171,-0.0
0094969,-0.00080742,-0.00026979,0.00020051,-0.00044536,-0.00008994,0.00014783,-0
.00000509,0.00000828,-0.00000138,0.00001949,-0.00001741,-0.00000766,0.00002188,0
.00000113,0.00000952,0.00080564,0.00038928,0.00032903,0.00142358,0.00034024,-0.0
0086396,0.00001086,-0.00001094,-0.00003055,-0.00010232,0.00014140,0.00007267,0.0
0012916,0.00002886,0.00002500,0.00005541,-0.00001587,-0.00002358,0.00004866,0.00
000767,-0.00000949,0.00002154,0.00006153,-0.00002944,-0.00001530,0.00001828,-0.0
0000080,-0.00001800,0.00002127,-0.00000129,0.00004842,-0.00010632,0.00000466,-0.
00029665,0.00013141,-0.00000004,0.00127654,0.01108361,-0.02840450,0.00031820,0.0
0174284,0.00002955,-0.00001873,-0.00000674,-0.00004266,0.00002884,-0.00004232,0.
00003969,-0.00000890,0.00001475,0.00003722,-0.00001034,0.00000459,-0.00000630,0.
00002351,-0.00001696,0.00002176,0.00003299,0.00002360,-0.00000230,0.00011562,0.0
0055843,-0.00145412,0.00011774,0.00008264,0.00025474,0.00001089,0.00002389,-0.00
001711,-0.00000728,0.00001266,-0.00000017,0.00033843,0.00011999,-0.00002291,0.04
468730,0.03609763,-0.14219485,0.00150894,0.00151039,0.00043771,0.03540144,0.0201
8893,0.46309200,0.00016007,0.00009894,0.00005009,0.00021985,-0.00077100,-0.00016
544,-0.00029715,0.00002951,-0.00013690,-0.00030418,0.00001775,0.00002804,-0.0000
0219,0.00001287,-0.00000456,0.00000105,-0.00000239,-0.00000730,0.00000504,-0.000
01505,0.00002199,-0.00092111,0.00064979,0.00010163,-0.00042833,0.00038482,-0.000
01900,0.00002813,0.00001070,-0.00001840,-0.00050467,0.00000825,0.00000976,0.0000
2626,-0.00000666,-0.00004829,0.00004614,-0.00001271,-0.00002006,-0.00000181,-0.0
0000567,-0.00002550,0.00003700,0.00001287,-0.00001010,0.00000042,-0.00000482,0.0
0000711,-0.00000223,0.00000822,0.00001165,-0.00024301,-0.00011489,-0.00006095,-0
.00003448,0.00003510,-0.00015329,-0.02233840,0.01271988,-0.00064210,-0.00007385,
0.00052908,0.00022973,0.00002224,-0.00005796,0.00007632,0.00000100,-0.00003591,0
.00006447,0.00001274,-0.00002547,0.00003381,0.00002091,-0.00001583,0.00000654,0.
00003484,0.00000196,0.00004971,0.00002401,-0.00000775,0.00000192,-0.00315349,0.0
0071330,-0.00292313,-0.00064886,0.00167022,0.00108179,0.00001157,-0.00001158,-0.
00000448,-0.00001162,0.00000665,-0.00000477,0.00021471,-0.00001661,-0.00001280,-
0.12984725,0.05522868,0.02817370,0.00420906,-0.00220892,-0.00129676,-0.01390705,
0.00836739,0.01005230,0.48328043,0.00002697,-0.00006947,-0.00003595,-0.00022711,
-0.00060875,0.00010211,0.00002416,-0.00036942,0.00005167,0.00005444,0.00002676,0
.00001589,-0.00000470,-0.00000353,0.00000562,-0.00000711,0.00000700,-0.00001040,
0.00000523,-0.00001151,-0.00000131,0.00076569,0.00016739,0.00029603,0.00023490,0
.00003570,0.00010211,0.00001954,0.00003368,0.00003373,-0.00025911,0.00021182,0.0
0000938,-0.00002718,-0.00002912,0.00006683,-0.00001918,0.00000482,0.00002325,-0.
00003127,0.00002337,0.00001805,0.00002133,0.00000841,0.00000466,0.00001113,0.000
00929,-0.00000687,-0.00000002,-0.00000134,-0.00000970,0.00005546,-0.00006666,-0.
00000901,0.00004742,-0.00004446,0.00002154,0.00657668,-0.00295943,0.00022954,0.0
0001841,0.00031601,0.00009364,-0.00003119,0.00000352,-0.00005853,-0.00002832,0.0
0002596,-0.00002633,-0.00002807,0.00003717,-0.00004382,-0.00000846,0.00002149,-0
.00000717,-0.00002317,0.00001039,-0.00005928,0.00000853,0.00001046,0.00000244,-0
.00040052,0.00023491,0.00026708,-0.00140213,0.00092451,-0.00099256,0.00001222,-0
.00000459,-0.00000257,0.00001241,-0.00000275,0.00000670,0.00006662,0.00001572,0.
00007239,0.05618939,-0.10850814,-0.02252461,0.01757591,-0.02700252,-0.01100947,-
0.00418256,0.00404612,0.00104643,0.03421851,0.49881263,-0.00006948,-0.00007009,-
0.00001667,-0.00067648,-0.00063498,0.00028832,-0.00003765,-0.00017333,-0.0001492
9,0.00008603,0.00003965,0.00003654,-0.00000025,-0.00001035,0.00000004,-0.0000132
9,-0.00001092,0.00000132,-0.00000227,-0.00001282,0.00003634,0.00000951,0.0006481
2,0.00026954,0.00013886,0.00047376,-0.00037853,0.00000378,0.00001773,0.00003435,
-0.00092946,0.00019373,0.00003721,-0.00002286,-0.00002896,0.00006736,-0.00002105
,-0.00001161,0.00000770,0.00001560,0.00002602,0.00001597,-0.00001102,0.00000188,
-0.00003844,0.00000045,0.00000538,-0.00001161,-0.00000335,0.00000241,-0.00001315
,-0.00000554,-0.00014897,-0.00005151,0.00014106,-0.00007396,0.00003161,-0.013995
79,0.00951136,0.00240586,-0.00019687,0.00045354,0.00009595,-0.00000678,-0.000018
15,-0.00004783,0.00000098,0.00001857,-0.00000860,0.00000096,0.00005716,-0.000021
60,-0.00002268,0.00000315,0.00001135,-0.00002305,-0.00000333,-0.00004894,0.00002
805,0.00000637,0.00000114,-0.00354229,0.00055519,-0.00232491,-0.00148813,0.00107
770,0.00065285,-0.00001165,0.00000879,-0.00000456,0.00001178,-0.00000029,-0.0000
0141,0.00002464,0.00009396,0.00002074,0.02685628,-0.02159480,-0.07437235,0.00376
722,-0.00683163,-0.00201238,0.02110574,-0.01328787,-0.01261642,0.01973331,-0.014
67456,0.52165514,0.00129580,0.00026811,-0.00077042,-0.00037363,0.00063608,0.0002
2467,-0.00135524,0.00235979,0.00069624,0.00015190,-0.00024279,-0.00077558,0.0000
4648,-0.00003355,0.00007470,0.00001880,0.00005505,0.00005930,-0.00001468,-0.0000
6313,-0.00002872,-0.00079393,0.00014598,-0.00030577,0.00014007,-0.00008487,0.000
01667,-0.00012104,-0.00003867,0.00007470,-0.00005918,-0.00099474,-0.00027851,-0.
00029824,0.00026165,-0.00018212,-0.00011456,0.00006352,-0.00012442,-0.00006514,-
0.00004579,-0.00006094,-0.00007648,0.00000231,-0.00003089,0.00004912,-0.00001766
,-0.00005081,0.00006588,-0.00003752,-0.00005531,0.00046640,0.00040011,-0.0000363
3,-0.00216718,-0.00031736,0.00224560,0.00019376,0.00054450,0.00026537,0.00000569
,-0.00073441,-0.00216027,-0.00064265,0.00028943,-0.00015348,-0.00021825,-0.00001
977,0.00002567,0.00008318,-0.00021069,0.00006458,0.00018910,-0.00015428,0.000216
41,0.00019390,-0.00004587,-0.00017863,0.00003890,-0.00006755,0.00013138,-0.00027
345,-0.00140331,-0.00042275,-0.00008312,0.00002370,0.00009351,-0.00015102,-0.000
01786,-0.00000763,-0.00001766,-0.00001444,0.00004874,-0.00129472,0.00213937,0.00
003608,0.00710652,-0.00397741,-0.00199336,-0.13252579,0.08341297,0.04392435,0.00
052859,-0.00050378,-0.00059133,0.00019175,-0.00150202,-0.00032684,0.15853238,0.0
0033076,-0.00061720,0.00008111,0.00069115,-0.00085616,-0.00109184,-0.00296728,0.
00034076,-0.00279746,0.00110423,0.00041089,-0.00023834,0.00001723,-0.00001346,-0
.00000320,0.00003656,-0.00005245,0.00000931,0.00002616,0.00004882,0.00001121,0.0
0005921,-0.00074689,-0.00037668,-0.00036803,0.00019855,0.00031328,-0.00038339,0.
00006963,0.00001088,0.00036200,0.00083618,0.00029087,-0.00017119,-0.00002905,-0.
00007243,-0.00002951,0.00007770,0.00005942,-0.00001104,-0.00007344,-0.00002781,0
.00001408,-0.00003367,0.00006052,0.00003871,-0.00003789,0.00004366,0.00004548,-0
.00004473,0.00004455,-0.00046887,0.00019549,-0.00004442,0.00058168,0.00020125,-0
.00027149,0.00096060,0.00044627,0.00033620,-0.00028411,0.00082541,0.00132926,0.0
0016938,-0.00014019,0.00030880,0.00003801,0.00006655,0.00022634,0.00008238,-0.00
009826,0.00003014,0.00003789,-0.00002985,0.00001470,-0.00005265,0.00013254,0.000
13153,-0.00003070,0.00003472,-0.00004149,-0.00036371,0.00011996,0.00026045,0.000
11916,0.00011858,0.00015819,-0.00000605,-0.00012995,0.00004151,0.00000766,-0.000
01279,-0.00002008,0.00008206,-0.00164101,0.00030386,0.01693148,-0.01857934,-0.00
827531,0.08613037,-0.11591865,-0.03860670,0.00095902,0.00079840,-0.00086653,-0.0
0208022,-0.00529854,-0.00107839,-0.10132989,0.13590348,0.00118741,-0.00020750,0.
00004462,0.00141657,-0.00230612,-0.00136683,-0.00580245,0.00000640,-0.00107091,-
0.00066910,0.00021465,0.00006630,0.00001268,-0.00003050,0.00000298,-0.00002037,0
.00003599,-0.00001969,-0.00005468,0.00001900,0.00000221,-0.00034169,-0.00067431,
-0.00029128,-0.00057038,0.00049272,0.00032315,0.00005617,0.00002127,-0.00019573,
0.00023882,0.00053565,0.00008425,-0.00004342,0.00009573,-0.00013673,0.00011416,0
.00006949,-0.00003833,0.00004119,-0.00008035,-0.00012714,0.00001665,-0.00000260,
-0.00001311,0.00005732,-0.00003825,0.00002527,0.00006592,-0.00005503,0.00001857,
-0.00030454,0.00014064,0.00004737,-0.00036647,0.00014913,0.00009839,0.00065660,0
.00002491,0.00014640,-0.00018363,0.00145482,-0.00010954,-0.00008277,-0.00002511,
0.00019559,-0.00006229,-0.00013039,0.00025463,0.00002327,-0.00019052,0.00015630,
0.00015399,-0.00002493,0.00007487,0.00014756,0.00006616,0.00014307,0.00001464,-0
.00000563,0.00000495,-0.00039187,-0.00018248,-0.00017552,0.00004280,0.00020921,0
.00004415,0.00008503,-0.00018790,-0.00003366,0.00001949,-0.00000154,-0.00002548,
0.00040841,-0.00020008,0.00007305,0.00469680,-0.00493307,-0.00248970,0.04687590,
-0.04003059,-0.05985900,-0.00002627,0.00107035,0.00003122,-0.00077963,-0.0016304
8,0.00006078,-0.05097787,0.04726353,0.06686621,-0.00009737,0.00002694,0.00017120
,-0.00062828,-0.00011310,0.00030730,-0.00174178,0.00020546,-0.00107951,0.0003051
9,-0.00005263,-0.00015331,0.00000399,-0.00000545,0.00001549,-0.00000366,-0.00003
270,0.00002403,0.00002388,-0.00001283,0.00005106,0.00056770,0.00034993,0.0002246
0,0.00032207,-0.00007931,-0.00016797,-0.00003833,-0.00000862,0.00009163,-0.00041
359,0.00014134,0.00001072,-0.00005590,0.00000532,0.00001772,-0.00001744,-0.00001
157,-0.00000890,-0.00002653,0.00000334,-0.00000271,0.00002962,0.00003043,-0.0000
1430,0.00001499,0.00001175,-0.00000534,0.00000665,-0.00000566,-0.00001929,0.0001
8900,-0.00014133,-0.00000239,-0.00005985,-0.00014552,0.00030235,-0.00066123,-0.0
0288412,-0.00069182,-0.00003147,-0.00009237,-0.00012482,-0.00001115,0.00003055,-
0.00006061,-0.00001002,-0.00002327,-0.00006495,0.00003175,0.00003465,-0.00005522
,-0.00000981,-0.00000593,0.00000426,0.00003113,-0.00000923,-0.00006624,0.0000278
4,0.00001114,0.00001331,0.00000467,-0.00027518,-0.00023357,-0.00043339,-0.000033
13,-0.00050144,-0.00005458,0.00003801,0.00000463,0.00000391,-0.00000166,0.000017
47,-0.00011808,0.00045654,0.00012611,-0.01158052,-0.00206845,-0.01152769,-0.1542
2328,0.01830062,-0.11685079,0.00023461,0.00050421,-0.00032049,0.00067735,0.00102
148,0.00068931,-0.01818892,0.00604374,-0.01615878,0.17660353,0.00028045,-0.00013
706,-0.00013464,0.00018072,-0.00079368,0.00032646,0.00096320,0.00009573,0.000506
18,0.00003045,0.00005177,0.00001038,-0.00000247,-0.00000016,0.00000138,-0.000004
14,0.00003024,-0.00001409,-0.00001687,-0.00001863,-0.00001494,0.00000172,-0.0001
4851,-0.00008004,0.00006134,0.00005820,-0.00001340,0.00001269,0.00004157,-0.0000
3218,0.00006617,0.00013707,0.00005508,-0.00000752,-0.00004414,0.00001623,-0.0000
2347,0.00001261,0.00001280,-0.00002788,0.00000451,0.00002295,0.00000348,-0.00000
534,0.00000326,0.00001228,-0.00000318,-0.00000503,0.00000292,-0.00000744,0.00000
094,-0.00031196,-0.00005734,-0.00008331,0.00010667,0.00001593,-0.00017922,-0.001
65089,-0.00427288,-0.00144861,0.00001364,0.00031430,0.00059576,-0.00002360,-0.00
004564,0.00008122,-0.00003704,0.00004725,0.00001692,-0.00002966,-0.00001288,-0.0
0000546,0.00001447,-0.00001114,-0.00001162,-0.00003844,0.00002538,-0.00000382,0.
00000333,0.00000502,0.00000031,-0.00015717,0.00009301,-0.00009283,-0.00091209,-0
.00019157,-0.00099320,0.00003668,-0.00003752,0.00001174,0.00001041,-0.00000668,0
.00000161,-0.00002270,-0.00026986,-0.00002063,-0.01893672,-0.00010850,-0.0194347
3,0.01860839,-0.04469858,0.02022795,-0.00004047,0.00056725,-0.00082070,-0.001228
29,0.00068868,-0.00041715,0.01444789,-0.00267359,0.01289741,-0.01975123,0.053298
99,-0.00000996,-0.00015010,0.00008838,-0.00037806,0.00008341,0.00028505,-0.00029
349,-0.00011737,-0.00057480,0.00030241,0.00003097,-0.00005235,-0.00000360,-0.000
00468,0.00001552,-0.00000759,-0.00002145,0.00000519,0.00001687,-0.00000087,0.000
03563,0.00067075,0.00020430,0.00026154,0.00006763,-0.00004597,-0.00005590,-0.000
04065,0.00003087,0.00007236,-0.00033194,0.00028933,0.00005184,-0.00001587,-0.000
05628,0.00007662,-0.00002597,-0.00001077,0.00001030,-0.00002306,0.00003235,0.000
01652,0.00001838,0.00001986,-0.00000511,0.00001014,0.00001677,-0.00001294,-0.000
00537,-0.00000127,-0.00002043,-0.00006709,-0.00019305,-0.00006197,0.00019127,-0.
00007052,-0.00005620,-0.00061971,-0.00186455,-0.00014402,-0.00012047,-0.00025208
,-0.00001249,-0.00000804,-0.00001608,-0.00003257,-0.00002524,0.00002309,-0.00005
620,0.00000472,0.00005234,-0.00006627,-0.00002664,0.00000977,-0.00000900,-0.0000
0665,0.00000772,-0.00008398,0.00001896,0.00001803,0.00000636,-0.00014644,-0.0000
2913,-0.00021041,-0.00035931,-0.00005678,-0.00030252,-0.00000638,0.00002252,0.00
001283,0.00001041,-0.00000381,0.00001951,-0.00011211,0.00004474,0.00010116,-0.00
740442,-0.00205836,-0.00721038,-0.11583198,0.01963670,-0.16446038,0.00073963,0.0
0075421,0.00057182,-0.00028530,0.00051166,0.00007667,0.00485030,-0.00069528,0.00
606047,0.13682897,-0.02149543,0.18982191,0.00056579,-0.00007505,-0.00013223,-0.0
0160173,-0.00215090,-0.00121595,-0.00281264,0.00020670,0.00104251,-0.00006041,-0
.00001558,0.00003145,0.00000594,-0.00002246,-0.00000886,-0.00002325,0.00003993,-
0.00000167,-0.00004431,-0.00000907,-0.00000765,-0.00007972,-0.00024485,0.0000549
2,0.00058009,0.00020558,-0.00031001,0.00002461,-0.00013963,-0.00013475,0.0001956
4,0.00016018,0.00003967,0.00010907,0.00003558,-0.00005195,0.00007024,-0.00004457
,0.00000907,0.00008659,-0.00001363,-0.00000831,0.00002790,0.00001848,-0.00000200
,0.00002052,-0.00001225,0.00000216,0.00002219,-0.00002000,-0.00000588,-0.0001261
6,-0.00004536,0.00003109,-0.00017801,0.00007357,-0.00021484,0.00044712,0.0003794
9,0.00060062,-0.00005337,0.00126238,0.00008389,0.00001623,-0.00000187,0.00006543
,-0.00000354,-0.00000840,0.00002544,-0.00001238,-0.00001275,0.00004083,-0.000012
42,0.00002518,-0.00003887,-0.00001515,0.00000930,0.00002814,0.00000096,-0.000000
18,0.00000429,-0.00005011,0.00021122,-0.00025658,0.00012790,0.00017799,0.0000286
9,0.00003391,-0.00004763,-0.00001488,0.00002202,-0.00000259,-0.00002244,0.000083
74,-0.00007174,-0.00006964,-0.00677170,-0.00706074,0.01012128,-0.09004781,-0.038
12035,0.08723772,-0.00104157,-0.00311538,-0.00042941,0.00039409,0.00091207,-0.00
008545,-0.01098990,-0.00603981,0.02011222,0.00893433,0.00769661,-0.01844590,0.10
193816,0.00002358,-0.00011425,-0.00004314,-0.00178103,0.00112334,0.00016846,-0.0
0032809,0.00038737,0.00029845,0.00034114,0.00007574,-0.00011892,0.00000117,-0.00
000396,-0.00001055,0.00000917,0.00000353,0.00000189,-0.00001534,0.00001199,0.000
00053,0.00000214,-0.00010386,0.00004815,0.00108022,-0.00042644,-0.00045624,-0.00
005710,-0.00005680,0.00005200,0.00011920,-0.00002306,-0.00001467,-0.00001343,-0.
00002590,0.00003268,0.00000702,-0.00001662,0.00002320,0.00001161,-0.00000992,0.0
0002322,0.00000638,-0.00001729,0.00001546,0.00000321,-0.00000459,-0.00000533,0.0
0000013,-0.00000103,0.00000225,-0.00010027,0.00000907,0.00002369,0.00007231,0.00
003298,-0.00015636,0.00058365,0.00072272,0.00048759,0.00034980,-0.00040857,-0.00
000938,0.00000595,0.00001192,-0.00002827,0.00002380,0.00003783,-0.00004088,-0.00
002321,0.00001094,-0.00001012,-0.00002494,-0.00000204,-0.00001571,-0.00003946,0.
00000831,-0.00000141,-0.00001449,0.00000313,-0.00000007,0.00013164,0.00007267,-0
.00013229,0.00018709,0.00007491,0.00020603,-0.00001126,0.00000072,0.00001764,0.0
0000560,-0.00000888,-0.00000344,-0.00027096,-0.00005070,0.00011636,-0.01323709,-
0.01351033,0.02091153,-0.03687775,-0.07425302,0.07037956,-0.00255212,-0.00517599
,-0.00071128,-0.00046938,0.00070712,0.00062319,0.00829516,0.00698036,-0.01507562
,-0.00125231,-0.00100284,0.00568986,0.04610026,0.08601464,-0.00024589,-0.0000178
0,0.00016934,-0.00179486,-0.00003266,0.00035629,0.00301211,0.00006165,-0.0005014
0,0.00009458,-0.00004338,-0.00007999,0.00000774,0.00000496,0.00001360,0.00000605
,-0.00000445,0.00001428,0.00000082,-0.00000029,-0.00000432,-0.00014426,0.0000941
6,-0.00007789,0.00028812,-0.00028493,-0.00092682,-0.00003945,0.00005570,0.000002
09,0.00001105,-0.00023888,-0.00008311,-0.00007431,0.00001380,-0.00007070,-0.0000
2789,0.00003587,-0.00004308,-0.00003861,-0.00000876,-0.00003619,-0.00002389,-0.0
0000131,-0.00000051,0.00000421,0.00000030,-0.00000522,0.00000551,-0.00000211,0.0
0000364,-0.00002084,0.00011150,-0.00000220,-0.00003980,0.00001913,0.00014627,0.0
0013186,-0.00001597,0.00039093,-0.00082809,-0.00026572,-0.00085414,-0.00003478,0
.00002545,0.00004057,-0.00002428,-0.00000646,0.00001048,0.00002153,-0.00005031,0
.00001277,0.00004623,-0.00004813,0.00002801,0.00002398,-0.00000077,0.00004076,0.
00000099,-0.00001173,0.00001743,0.00021028,-0.00001109,0.00002092,-0.00004562,-0
.00002880,-0.00003988,-0.00003655,0.00000118,0.00000214,-0.00000803,-0.00000483,
0.00001850,-0.00017684,-0.00001799,-0.00000698,-0.00079362,0.00039257,0.00369658
,0.08534304,0.07156110,-0.20313783,0.00001444,-0.00019874,0.00055787,-0.00040970
,-0.00034021,0.00042756,0.00611063,0.00250119,-0.00938124,0.00827711,0.00994944,
-0.02455824,-0.09840936,-0.08265870,0.23337718,-0.00012479,0.00013066,0.00013597
,0.00014954,-0.00001822,0.00052175,-0.00034519,-0.00015272,-0.00023404,0.0000647
4,-0.00000777,0.00003243,-0.00000203,-0.00000117,-0.00000228,-0.00000906,-0.0000
0011,0.00000593,-0.00000911,-0.00000523,0.00002761,0.00087367,0.00008850,0.00055
943,0.00004070,-0.00000854,-0.00016416,0.00002474,-0.00004672,0.00005061,-0.0003
5136,0.00031246,-0.00001155,0.00003830,-0.00002630,0.00002368,0.00003886,-0.0000
4642,-0.00000012,-0.00000376,0.00001605,-0.00000621,0.00008117,0.00002575,-0.000
01442,0.00000208,0.00000981,-0.00000894,-0.00000623,0.00001016,-0.00001824,0.000
05708,-0.00024648,0.00000028,0.00002190,-0.00004904,-0.00012816,-0.00052502,-0.0
0052600,0.00182903,0.00000350,0.00008110,-0.00007241,-0.00000059,-0.00000308,-0.
00006137,0.00001646,-0.00002261,-0.00005557,-0.00000353,0.00007063,-0.00003154,-
0.00004021,0.00000194,-0.00001601,0.00000449,-0.00002594,-0.00005157,0.00002322,
0.00000485,0.00001112,-0.00021644,0.00034012,-0.00113967,0.00002726,0.00009650,0
.00016749,-0.00001121,0.00003714,-0.00000177,0.00000461,0.00000108,0.00000130,0.
00002662,0.00014447,0.00002902,0.00729566,-0.00149186,0.00676692,0.00021369,0.00
002764,0.00068206,-0.15796454,0.02498265,-0.11643079,0.00079511,-0.00035453,0.00
077689,-0.00018376,0.00004803,-0.00015950,0.00017838,-0.00019435,0.00018084,-0.0
0006285,-0.00000850,0.00006048,0.18199060,0.00000956,-0.00000766,-0.00005933,0.0
0050179,0.00060960,-0.00008813,0.00037496,0.00006335,0.00022597,0.00002336,0.000
03261,-0.00001813,0.00000062,0.00000016,0.00000105,-0.00000431,0.00001092,0.0000
0005,-0.00001316,0.00000186,-0.00001126,-0.00023694,-0.00014544,-0.00007008,-0.0
0023773,-0.00006257,0.00014454,-0.00000112,0.00001755,-0.00001510,0.00007423,-0.
00011328,-0.00002907,-0.00002417,0.00000521,-0.00000743,-0.00002558,0.00000571,-
0.00000597,-0.00000062,0.00000325,0.00000218,-0.00003021,-0.00002557,-0.00000219
,-0.00000212,-0.00000193,-0.00000068,0.00000017,-0.00000157,0.00000295,0.0000044
4,0.00010100,0.00000960,0.00000468,0.00000074,0.00007983,-0.00047568,-0.00059660
,0.00223090,-0.00004184,-0.00030028,-0.00009047,-0.00001358,0.00001209,0.0000244
3,-0.00001215,0.00000701,0.00001180,0.00000525,-0.00002408,0.00000608,0.00001835
,-0.00001325,0.00000170,0.00000075,0.00000995,0.00001774,-0.00000490,0.00000168,
-0.00000054,-0.00016759,-0.00005646,0.00016401,-0.00001458,-0.00002435,0.0001147
3,-0.00000531,-0.00001383,0.00000302,-0.00000061,-0.00000113,-0.00000048,-0.0000
6860,-0.00007585,-0.00001592,0.00700628,-0.00213964,0.00902345,0.00041031,0.0001
5586,0.00056075,0.02549998,-0.04944382,0.02519832,0.00020868,0.00029973,-0.00074
178,0.00007510,-0.00015055,0.00014589,-0.00070328,-0.00040091,0.00014673,-0.0000
0722,0.00004465,-0.00021696,-0.02844316,0.05398896,-0.00003968,-0.00010498,0.000
06325,-0.00157656,-0.00135172,0.00020962,-0.00019770,-0.00004214,-0.00037656,0.0
0020921,-0.00001239,-0.00002331,0.00000244,-0.00001115,0.00000916,-0.00001986,-0
.00001634,0.00000972,0.00001749,-0.00000806,0.00003658,0.00075351,0.00001500,0.0
0023114,0.00077663,0.00012399,-0.00051977,0.00000768,0.00004368,0.00005475,-0.00
038444,0.00033518,0.00005884,-0.00003117,-0.00004184,0.00007943,-0.00001835,-0.0
0002048,0.00000199,-0.00002024,0.00002495,0.00001448,0.00001659,-0.00000491,-0.0
0002025,0.00000545,0.00001733,-0.00001730,-0.00000198,0.00000239,-0.00002998,0.0
0001567,-0.00023258,-0.00006543,0.00014365,-0.00011277,0.00006570,0.00195926,0.0
0314278,-0.00592232,-0.00003077,0.00086204,0.00019519,-0.00002145,-0.00001096,-0
.00003167,-0.00002256,0.00001923,-0.00004963,-0.00000225,0.00006503,-0.00006835,
-0.00001257,-0.00000170,-0.00000201,-0.00000417,-0.00000218,-0.00007314,0.000022
97,0.00001717,0.00000400,0.00058806,-0.00015571,0.00021379,-0.00004010,0.0000820
3,0.00010773,-0.00002265,0.00002595,-0.00000144,0.00001483,-0.00000394,0.0000138
2,-0.00000987,0.00014166,0.00005872,-0.01642245,0.00571078,-0.02386670,-0.000497
34,-0.00077910,0.00062729,-0.11690164,0.02476345,-0.15906604,-0.00110706,0.00008
441,0.00091153,0.00002136,0.00008983,-0.00012420,0.00059580,0.00041092,0.0003448
9,-0.00007680,-0.00020795,0.00021291,0.13502888,-0.03056985,0.18666076,-0.000007
78,0.00006165,0.00000521,-0.00013805,-0.00028606,-0.00002200,0.00001960,-0.00011
480,0.00006199,-0.00019064,-0.00003674,0.00002530,-0.00000061,0.00000300,0.00000
072,0.00000053,-0.00000537,-0.00000285,0.00001109,-0.00000893,-0.00001286,-0.000
04361,-0.00005027,-0.00013801,0.00002244,0.00012382,0.00002961,0.00000365,0.0000
0530,-0.00001930,-0.00001423,-0.00001884,0.00004235,0.00005069,0.00004935,-0.000
01583,0.00000356,-0.00000047,-0.00001545,-0.00000138,-0.00001407,-0.00001217,-0.
00002172,0.00003545,-0.00000271,-0.00000347,-0.00000596,0.00000556,-0.00000119,-
0.00000495,0.00001115,-0.00006898,0.00003062,-0.00002361,-0.00010103,0.00005784,
-0.00001548,0.00043540,0.00061292,-0.00075627,0.00002840,0.00025368,-0.00003915,
0.00000855,-0.00001398,0.00002438,0.00001068,-0.00002362,0.00002925,0.00000393,-
0.00002109,0.00002931,0.00000124,-0.00000648,0.00000630,0.00002723,0.00000059,0.
00003012,-0.00000203,-0.00000713,-0.00000049,0.00015728,0.00020228,-0.00005853,0
.00014304,0.00006951,0.00023321,0.00000680,-0.00001737,-0.00000325,-0.00000700,0
.00000363,-0.00000142,0.00012431,-0.00004984,-0.00002707,-0.00747828,-0.01331757
,-0.00072991,-0.00115279,-0.00136066,0.00273154,-0.09473614,-0.09442588,-0.02394
974,0.00021193,-0.00067282,-0.00035670,-0.00000052,0.00008032,-0.00001939,0.0002
1006,0.00018127,0.00012390,-0.00019193,-0.00085754,-0.00006858,-0.01317684,-0.02
123264,-0.00841887,0.10710027,0.00031670,0.00032118,-0.00001311,-0.00029585,-0.0
0038735,0.00007809,-0.00039151,-0.00085026,-0.00024784,-0.00036968,0.00010946,-0
.00001833,-0.00000688,0.00002461,0.00001599,0.00002393,0.00001301,-0.00001297,-0
.00000302,-0.00002729,0.00000573,0.00065435,-0.00068292,0.00052033,0.00018481,0.
00020566,-0.00009710,-0.00000801,0.00013328,0.00003790,-0.00013072,0.00055920,-0
.00000538,-0.00003107,-0.00007393,-0.00007680,-0.00000730,0.00001283,0.00001837,
-0.00011832,0.00003612,-0.00000742,0.00009288,-0.00003759,0.00001924,0.00000804,
-0.00001865,0.00001891,0.00000052,0.00001596,0.00002406,-0.00024270,-0.00027016,
-0.00013597,-0.00004720,-0.00011976,0.00004034,-0.00034213,0.00030668,-0.0004934
0,0.00014228,0.00029136,-0.00001872,-0.00006346,-0.00007813,0.00007281,-0.000021
29,-0.00002928,0.00007037,-0.00002792,-0.00004286,0.00002600,0.00005317,-0.00001
286,0.00001710,0.00005142,0.00001834,-0.00003104,0.00001192,-0.00003161,0.000002
48,0.00044380,0.00034376,-0.00055422,0.00002738,0.00026788,0.00043319,0.00002632
,-0.00002450,0.00000364,-0.00001546,0.00000722,0.00000231,0.00034500,0.00002621,
0.00003440,-0.00748952,-0.01346136,0.00072760,-0.00183346,-0.00127248,0.00332155
,-0.09434946,-0.22125821,-0.04417718,0.00058436,0.00060953,-0.00060292,-0.000064
35,0.00043850,-0.00001372,0.00032514,0.00009816,0.00015141,-0.00062377,-0.000739
01,-0.00005915,0.00013337,0.00237233,-0.00073727,0.11162125,0.25654818,0.0000843
5,-0.00005462,-0.00004031,0.00017659,0.00014957,-0.00008543,-0.00001639,0.000048
48,-0.00005043,0.00007105,0.00002063,-0.00005966,0.00000233,-0.00000069,0.000000
09,0.00000907,-0.00000581,-0.00000086,0.00000525,0.00001146,-0.00000303,-0.00051
920,0.00028323,-0.00016368,-0.00013379,-0.00005547,0.00012326,-0.00001851,0.0000
0568,0.00000239,0.00031167,-0.00022100,-0.00003811,-0.00003860,-0.00001828,-0.00
003117,-0.00000665,0.00001342,0.00001213,-0.00001669,-0.00000116,0.00000179,0.00
000132,-0.00002138,0.00002890,0.00000520,-0.00000547,0.00000443,0.00000702,-0.00
000270,0.00000761,-0.00001216,0.00008270,0.00000365,0.00001140,-0.00001438,0.000
03277,0.00035527,0.00065211,0.00094838,0.00002222,-0.00021448,0.00008432,-0.0000
0369,-0.00000428,0.00002688,-0.00000269,0.00000807,0.00001134,0.00000161,-0.0000
1950,0.00000298,0.00000323,-0.00000313,0.00000077,0.00000169,0.00001012,0.000009
29,-0.00001333,-0.00000237,-0.00000024,0.00010039,0.00003231,0.00007796,0.000160
03,-0.00009201,-0.00034065,0.00000612,-0.00001172,0.00000328,0.00000030,-0.00000
430,-0.00000056,-0.00007703,-0.00005135,0.00002233,0.01145644,0.02114794,0.00318
976,0.00246989,0.00236451,-0.00353590,-0.02384184,-0.04373122,-0.05390325,-0.000
37220,0.00063019,0.00045905,-0.00000633,0.00003782,-0.00010592,0.00010893,-0.000
03808,-0.00006382,0.00069558,0.00127555,0.00022746,-0.01273977,-0.02033202,-0.00
654223,0.02594508,0.04917934,0.06202974,-0.00022330,-0.00013765,-0.00004860,-0.0
0055711,0.00051841,0.00037665,-0.00020173,-0.00160104,0.00190640,0.00014041,-0.0
0010005,0.00016701,0.00000784,0.00000103,0.00001028,0.00003277,-0.00000952,0.000
01916,-0.00002035,0.00001765,0.00000924,0.00025276,0.00015818,-0.00001846,0.0002
0527,-0.00014601,-0.00010537,0.00010776,-0.00004524,-0.00003787,-0.00013279,-0.0
0026356,-0.00000306,0.00009504,0.00001829,0.00016911,-0.00003062,-0.00005665,-0.
00001919,0.00015177,0.00004707,0.00002337,-0.00012835,-0.00004880,-0.00007953,-0
.00002803,0.00000469,-0.00003606,-0.00001607,0.00001147,-0.00002920,0.00046821,0
.00026440,0.00016530,-0.00040435,0.00058567,-0.00014542,-0.00027319,0.00033750,-
0.00036242,0.00041382,-0.00048716,-0.00032205,-0.00001949,0.00007907,-0.00020205
,0.00010627,-0.00001297,-0.00007914,0.00003564,0.00016897,-0.00002955,-0.0001384
4,-0.00002314,-0.00004766,-0.00003621,-0.00006634,-0.00007250,0.00001528,0.00001
712,0.00002109,-0.00025542,0.00014882,-0.00247092,-0.00010965,-0.00007977,-0.000
00162,-0.00004533,0.00004499,-0.00002602,0.00000208,-0.00001173,0.00000988,-0.00
007905,0.00000373,0.00007143,-0.01156199,0.00809574,0.00823187,0.00028632,0.0007
6908,-0.00016363,-0.14642455,0.10063709,0.04960277,-0.00127267,-0.00125448,0.003
31996,-0.00003501,-0.00102483,0.00025774,-0.00036557,0.00009426,-0.00002084,0.00
019689,0.00008932,-0.00022815,-0.01864639,0.01767034,0.00498594,0.00895971,-0.00
852814,-0.00434765,0.16993339,-0.00049355,-0.00006987,0.00035113,0.00033318,-0.0
0033892,-0.00021952,0.00135742,0.00169991,-0.00190694,0.00015055,0.00003232,-0.0
0008265,-0.00001104,0.00000180,-0.00001937,-0.00004974,-0.00001366,-0.00000267,0
.00001692,-0.00000824,-0.00000754,-0.00045262,-0.00012412,-0.00048921,-0.0000939
0,0.00004163,0.00004839,-0.00010179,-0.00001255,-0.00000698,-0.00008193,-0.00014
428,0.00003030,-0.00003682,0.00013169,-0.00008097,-0.00005365,0.00011871,-0.0000
4008,-0.00009046,-0.00011221,-0.00003316,-0.00008837,0.00005896,-0.00000694,0.00
000914,-0.00001047,0.00004145,0.00000601,-0.00004047,0.00004223,-0.00009232,0.00
006032,-0.00008245,0.00060090,-0.00044231,0.00012699,0.00043132,-0.00019749,-0.0
0064990,-0.00045004,0.00048653,0.00009171,0.00007172,0.00000530,0.00016071,-0.00
007825,-0.00001132,0.00002516,0.00002184,-0.00017679,0.00001256,0.00013772,-0.00
001906,0.00004366,0.00004754,0.00008644,0.00012790,-0.00002804,-0.00000226,-0.00
004051,0.00042887,-0.00006763,0.00202994,0.00006423,-0.00004741,-0.00000020,0.00
001332,-0.00003953,0.00004484,-0.00001239,0.00001291,-0.00001309,-0.00021518,-0.
00006869,-0.00024054,-0.00526980,0.00525876,0.00155806,-0.00105180,0.00074782,0.
00098377,0.09947776,-0.14011232,-0.04858701,-0.00095126,0.00010112,0.00114275,-0
.00109412,-0.00037398,0.00095002,-0.00001167,-0.00006695,-0.00002641,-0.00004772
,-0.00003804,-0.00002628,0.00549589,-0.00425903,-0.00110763,0.01859005,-0.023815
10,-0.01066737,-0.11602011,0.16114913,0.00065825,-0.00039432,-0.00018029,0.00070
981,-0.00043299,-0.00048314,-0.00006972,0.00240123,-0.00151059,0.00019485,0.0000
4412,-0.00025455,0.00001817,-0.00002082,0.00000792,-0.00001695,-0.00000220,0.000
01434,-0.00000675,0.00001453,-0.00001500,-0.00127782,-0.00047208,-0.00138118,-0.
00042130,0.00015257,0.00030245,-0.00013948,0.00003979,-0.00007357,0.00049718,-0.
00022652,0.00014682,-0.00018244,0.00005028,-0.00005023,-0.00003973,0.00007475,-0
.00003064,0.00000244,-0.00005119,-0.00002238,-0.00015292,-0.00003908,0.00002244,
0.00004220,-0.00000818,-0.00001086,0.00003878,-0.00005520,0.00000016,-0.00029663
,0.00028446,-0.00011119,-0.00003015,-0.00007671,0.00051174,0.00097027,-0.0005078
1,0.00066410,-0.00045581,0.00036418,0.00030778,-0.00004762,0.00002040,0.00018126
,-0.00006587,0.00001604,0.00009628,0.00003391,-0.00010391,0.00002632,0.00004479,
-0.00005773,0.00002399,0.00001528,0.00006664,0.00009057,-0.00002353,0.00000185,0
.00001238,-0.00082408,-0.00043903,-0.00059057,0.00003525,0.00008781,0.00011740,0
.00000025,-0.00008238,0.00000596,0.00001734,-0.00002594,0.00001231,-0.00028242,-
0.00010842,0.00004337,0.01868775,-0.01506583,-0.01117556,-0.00061516,-0.00120904
,0.00067489,0.05032482,-0.04973399,-0.06632403,0.00259387,0.00173363,-0.00448362
,0.00034030,0.00074345,0.00028877,-0.00003026,0.00011471,-0.00002916,-0.00022612
,-0.00018573,0.00008311,-0.01556716,0.01438924,0.00649189,0.00491271,-0.00751246
,-0.00218981,-0.06059812,0.05606315,0.07878309,0.00002944,-0.00001228,-0.0000133
0,-0.00219302,0.00191454,0.00137363,-0.00011947,0.00013938,0.00037661,0.00006434
,-0.00001406,0.00000609,0.00000098,-0.00000562,-0.00001078,-0.00000635,0.0000181
6,-0.00000112,-0.00003012,0.00000750,-0.00001029,-0.00006690,-0.00005617,0.00013
427,0.00136135,-0.00116596,-0.00057017,0.00001642,-0.00007772,-0.00003174,0.0002
1146,-0.00009968,-0.00004440,0.00004525,0.00000614,-0.00001093,0.00003538,-0.000
02571,0.00001181,0.00003183,-0.00001182,0.00000059,0.00001002,-0.00000527,0.0000
0944,0.00000181,-0.00000538,-0.00000189,0.00000283,-0.00000281,0.00000061,-0.000
01875,0.00003124,0.00004990,-0.00003293,0.00006379,-0.00014766,0.00024618,0.0000
3886,0.00068648,0.00048194,-0.00073992,-0.00034320,0.00002278,0.00002532,-0.0000
1307,0.00002131,0.00000574,-0.00003220,-0.00001729,0.00000625,0.00001562,-0.0000
2502,0.00000823,-0.00002704,-0.00002806,-0.00000786,0.00002636,-0.00001579,-0.00
000515,0.00000073,0.00033599,-0.00008681,-0.00025327,-0.00064242,-0.00043300,-0.
00002235,0.00000663,-0.00000356,-0.00000115,0.00000706,-0.00000530,-0.00000939,-
0.00006924,-0.00006025,-0.00000142,-0.01142682,-0.00477504,0.02137910,0.00041330
,-0.00073433,-0.00043649,-0.00357032,0.00317891,0.00202446,-0.07132172,-0.027263
55,0.07185764,-0.00000963,-0.00012684,-0.00004611,-0.00007924,0.00011380,-0.0000
9465,0.00033102,0.00021972,-0.00002541,-0.00007451,0.00008516,-0.00019419,0.0001
5651,0.00015093,-0.00010920,-0.00069871,-0.00027991,0.00130989,0.08383384,-0.000
05238,-0.00000368,0.00000569,0.00158224,-0.00027797,-0.00091048,0.00018577,0.000
01319,-0.00009668,0.00000959,-0.00000166,0.00000564,0.00000133,-0.00000237,0.000
00078,0.00000281,-0.00000692,0.00000006,0.00001032,0.00000839,0.00000449,-0.0000
1950,0.00011854,0.00005657,-0.00100538,-0.00019438,0.00015156,-0.00000273,0.0000
1385,0.00000578,-0.00002355,-0.00004217,-0.00001636,-0.00001613,0.00000337,0.000
01157,-0.00000685,-0.00000158,-0.00000817,-0.00000509,0.00000461,-0.00000449,-0.
00000656,0.00000068,-0.00000563,-0.00000301,0.00000644,-0.00000492,-0.00000345,0
.00000262,-0.00000760,0.00003420,0.00001442,0.00000694,0.00001672,-0.00002032,0.
00005459,-0.00026556,0.00042837,-0.00005005,-0.00028338,0.00013404,0.00022141,-0
.00001250,0.00000140,-0.00000840,0.00000632,-0.00000229,-0.00000170,0.00000245,0
.00000925,-0.00000733,-0.00000349,-0.00000761,0.00000454,0.00000645,-0.00000140,
-0.00000245,0.00000415,0.00000589,0.00000385,-0.00014790,-0.00020253,-0.00006703
,-0.00041972,-0.00010719,0.00008656,-0.00001186,0.00000856,0.00000032,0.00000051
,0.00000006,0.00000272,-0.00001618,-0.00000848,-0.00000532,0.00668034,0.00486875
,-0.01508819,0.00054563,0.00059891,-0.00046418,0.00254353,-0.00153136,-0.0012764
4,-0.02727805,-0.06837318,0.06796568,-0.00003989,-0.00002502,0.00010334,-0.00004
756,-0.00009094,0.00001987,0.00009398,-0.00064345,-0.00021946,-0.00006314,-0.000
12474,-0.00004668,0.00015286,-0.00000670,0.00002583,0.00058853,0.00037246,-0.000
79694,0.02945984,0.07824219,-0.00008552,0.00003390,0.00002471,-0.00036661,0.0001
5098,0.00105719,0.00028237,-0.00012626,-0.00014422,0.00004706,0.00004540,-0.0000
4648,0.00000099,0.00000406,0.00000631,0.00000761,-0.00000680,0.00000248,0.000001
67,0.00000068,0.00000710,-0.00000223,0.00002542,-0.00004772,0.00003745,-0.000103
53,-0.00029050,-0.00002790,0.00003050,0.00002250,-0.00013022,-0.00002297,-0.0000
0912,-0.00002490,0.,-0.00001694,-0.00002299,0.00001052,-0.00000315,-0.00001372,0
.00000831,-0.00000126,-0.00000741,0.00000200,0.00000015,-0.00000030,-0.00000212,
0.00000868,0.00000197,-0.00000096,0.00001170,0.00002788,0.00003465,-0.00001808,0
.00002824,-0.00002540,0.00004898,-0.00070641,0.00025985,0.00014342,0.00022748,-0
.00036020,-0.00029466,-0.00001159,-0.00000990,0.00001572,-0.00000663,-0.00000397
,0.00002263,0.00001720,-0.00001283,-0.00000048,0.00001590,-0.00000682,0.00001779
,0.00002008,0.00000224,-0.00001461,0.00000695,-0.00000057,-0.00000172,-0.0001705
0,0.00005843,-0.00004534,0.00005033,0.00008991,0.00027519,-0.00000315,-0.0000132
9,0.00000425,-0.00000668,0.00000395,0.00000197,-0.00005897,-0.00000584,0.0000119
2,0.00754967,0.00117867,-0.01120041,-0.00034610,0.00043487,0.00020746,0.00198274
,-0.00167739,-0.00054287,0.07272167,0.06818800,-0.23450522,-0.00016886,0.0002042
5,0.00017380,0.00002212,0.00006918,-0.00026235,-0.00000508,-0.00067017,0.0003129
9,0.00005187,-0.00007737,0.00041380,-0.00016227,-0.00017417,0.00003069,0.0003800
2,0.00019843,-0.00041761,-0.08635303,-0.07777218,0.26854698,-0.00008295,-0.00000
409,0.00001298,-0.00027046,0.00007532,0.00010741,-0.00009211,-0.00002988,0.00003
585,0.00005358,0.00000298,-0.00000510,0.00000149,-0.00000341,-0.00000435,0.00000
010,-0.00000482,0.00000211,0.00000294,0.00000591,-0.00000247,0.00001603,0.000090
16,0.00000226,0.00016117,-0.00008146,0.00009657,0.00000429,-0.00003251,0.0000017
3,0.00002653,-0.00004203,-0.00000167,0.00002727,-0.00000039,0.00000110,0.0000057
0,-0.00001502,0.00000180,0.00001441,0.00000348,0.00000201,-0.00000526,0.00000239
,0.00000143,-0.00000216,-0.00000135,0.00000409,0.00000303,-0.00000281,0.00000249
,0.00000699,0.00002260,0.00000745,0.00000529,0.00002527,-0.00005065,0.00029558,0
.00104494,0.00075625,0.00007637,-0.00011873,0.00001409,0.00002425,0.00000210,-0.
00000652,0.00001718,-0.00000630,-0.00001331,0.00000753,0.00001387,0.00000994,-0.
00002163,0.00000382,-0.00000354,0.00000284,-0.00000747,0.00000754,-0.00000648,-0
.00000102,-0.00000417,0.00019987,-0.00002499,0.00002877,-0.00049051,0.00033069,-
0.00050066,-0.00000092,-0.00000124,-0.00000259,0.00000059,0.00000198,-0.00000434
,-0.00003828,0.00002178,0.00000032,0.00571933,0.01959925,0.00209909,-0.00216169,
0.00272842,0.00110579,0.00083179,0.00067402,-0.00037297,-0.07260367,-0.07780572,
-0.00901817,0.00039211,0.00105644,0.00035164,-0.00003610,-0.00001221,0.00019872,
-0.00009242,0.00010485,-0.00008745,-0.00008024,-0.00016948,-0.00004718,-0.000275
48,0.00002288,0.00026025,0.00001951,-0.00000896,-0.00015916,-0.00439993,-0.01225
893,0.00011495,0.08385537,0.00020439,0.00018495,-0.00002673,-0.00010927,-0.00079
159,0.00010232,-0.00029080,-0.00024370,-0.00009687,-0.00036964,0.00005371,0.0000
4725,-0.00000327,0.00000697,-0.00000051,-0.00000044,0.00000985,-0.00000989,-0.00
000272,-0.00001471,-0.00000504,0.00004182,-0.00045858,-0.00016690,0.00015504,0.0
0041444,0.00004964,0.00002815,0.00006095,-0.00000179,-0.00005952,0.00028448,0.00
005339,0.00001845,-0.00001530,-0.00002778,0.00001952,-0.00001198,-0.00000272,-0.
00004251,0.00001063,-0.00000645,0.00000585,-0.00001659,0.00000121,0.00000434,-0.
00001110,0.00000682,0.00000077,0.00000303,0.00001078,-0.00020183,-0.00010438,-0.
00006598,-0.00003289,-0.00001880,-0.00004381,-0.00068701,-0.00006010,-0.00065598
,0.00004254,0.00046364,-0.00003963,-0.00001966,-0.00006613,0.00005297,0.00000186
,-0.00002791,0.00005216,-0.00002782,-0.00001308,0.00003977,0.00001682,-0.0000178
7,0.00001398,0.00003064,0.00000824,0.00001518,0.00000198,-0.00001698,-0.00000131
,-0.00015111,0.00042367,0.00007084,0.00090539,0.00035319,0.00077994,0.00002160,-
0.00002655,-0.00000399,-0.00000121,0.00000481,-0.00000619,0.00032271,-0.00002625
,-0.00000759,-0.00373736,-0.02287847,-0.00366981,0.00394242,-0.00332064,-0.00152
140,-0.00090761,0.00090368,0.00075581,-0.07803393,-0.24991464,-0.02138772,-0.000
39641,-0.00123447,-0.00050815,0.00026497,0.00018613,0.00028484,0.00015560,0.0004
0889,-0.00018890,-0.00002845,-0.00010580,-0.00023462,0.00056499,0.00052952,-0.00
023161,-0.00030413,0.00017386,0.00026815,-0.00686422,-0.01369325,0.00144083,0.08
893671,0.29136173,0.00001311,0.00002466,-0.00002145,-0.00001925,0.00010253,0.000
01146,0.00003170,-0.00007657,0.00003371,-0.00003969,0.00001877,0.00000470,-0.000
00021,-0.00000206,-0.00000301,-0.00000284,-0.00000094,-0.00000354,-0.00000509,0.
00000622,0.00000039,0.00003944,0.00001893,0.00009200,-0.00008254,-0.00007423,-0.
00009590,0.00000228,-0.00000053,-0.00000045,0.00001203,0.00001855,-0.00001434,0.
00000964,-0.00000858,-0.00000216,0.00000566,-0.00000729,0.00000448,-0.00000124,0
.00000731,0.00000039,-0.00000066,-0.00001089,0.00000210,-0.00000242,-0.00000210,
-0.00000108,-0.00000248,0.00000341,0.00000132,-0.00005024,-0.00000748,-0.0000060
2,0.00000882,0.00000655,-0.00003075,-0.00023406,0.00085635,0.00023325,0.00004544
,-0.00005519,0.00001159,0.00000410,-0.00001060,0.00000451,0.00000730,0.00000026,
0.00000777,-0.00000817,0.00000016,0.00000584,-0.00000485,0.00000412,-0.00000183,
-0.00000073,0.00000013,0.00000849,-0.00000163,-0.00000349,0.00000092,-0.00001670
,-0.00007756,-0.00019468,-0.00076622,0.00031884,-0.00005868,0.00000357,-0.000004
92,-0.00000177,0.00000224,-0.00000151,-0.00000429,0.00003375,-0.00003254,0.00000
477,-0.00210020,-0.00978628,-0.00171916,0.00165640,-0.00184196,-0.00038733,-0.00
031136,-0.00068387,0.00028557,-0.00881917,-0.02064648,-0.04620522,-0.00015093,-0
.00066143,0.00002291,0.00010336,0.00009262,0.00010430,0.00002577,-0.00001139,-0.
00007050,-0.00015044,-0.00015763,-0.00026108,0.00058959,0.00007241,-0.00003908,-
0.00012700,0.00016917,0.00003798,0.01156112,0.02779820,0.00106834,0.00952973,0.0
2617121,0.05067483,-0.00000189,-0.00001436,0.00006502,-0.00038359,-0.00066962,0.
00025456,-0.00012188,-0.00017139,-0.00030881,0.00011269,-0.00002040,-0.00000550,
0.00000042,0.00000023,0.00001424,-0.00000556,-0.00000979,0.00000707,0.00001217,-
0.00002072,0.00003152,0.00057878,0.00029138,0.00024057,0.00022618,0.00016234,-0.
00010306,0.00001356,0.00004551,0.00004081,-0.00065806,0.00032520,0.00008154,-0.0
0003128,-0.00002941,0.00004963,-0.00002048,-0.00000349,0.00000333,-0.00004429,0.
00001157,0.00000562,0.00002842,0.00001285,-0.00001586,0.00000674,0.00000822,-0.0
0000844,-0.00000044,0.00000311,-0.00001485,-0.00001405,-0.00023470,-0.00008752,0
.00006259,-0.00010061,0.00004366,-0.00353269,0.00292898,0.00121444,-0.00010114,0
.00042178,0.00017790,-0.00003837,-0.00001582,-0.00002269,-0.00002279,0.00000476,
-0.00003217,-0.00000117,0.00003831,-0.00005022,0.00000051,-0.00001155,-0.0000044
1,0.00000844,0.00000454,-0.00006897,0.00002733,0.00000604,0.00000606,-0.00127114
,0.00031487,-0.00110702,-0.00004556,0.00036770,0.00046666,-0.00001391,0.00001727
,0.00000220,0.00000373,-0.00000207,0.00001521,0.00003267,0.00011440,0.00003580,-
0.02166612,0.00294481,-0.01552300,0.00074367,-0.00124963,-0.00038274,0.00038382,
-0.00012154,-0.00079808,-0.17285072,-0.00232431,-0.11773666,0.00018226,-0.000334
40,-0.00010202,0.00052469,0.00051176,0.00054623,-0.00001622,0.00014404,-0.000037
62,-0.00004337,-0.00003595,0.00101588,-0.00007633,0.00002112,-0.00004155,0.00032
065,-0.00017715,-0.00006058,0.00714047,0.00005418,0.00509968,-0.01116034,-0.0033
6380,-0.01079387,0.20175074,0.00000688,-0.00001567,-0.00002167,0.00030160,0.0003
0515,-0.00024296,0.00014305,0.00009502,0.00006536,0.00004776,0.00002068,-0.00002
101,0.00000052,-0.00000041,0.00000136,0.00000268,0.00000859,0.00000080,-0.000006
65,0.00000348,-0.00001176,0.00000004,-0.00019041,-0.00006534,-0.00016444,0.00002
607,0.00008274,-0.00000868,-0.00000458,0.00000437,0.00020937,-0.00008352,-0.0000
1674,-0.00001483,0.00001179,-0.00001277,-0.00000893,0.00000134,-0.00000304,-0.00
000401,-0.00000209,-0.00000144,-0.00001130,-0.00000159,0.00000615,-0.00000042,0.
00000111,0.00000084,0.00000078,-0.00000169,0.00000070,0.00004017,0.00008326,0.00
002815,-0.00001145,0.00000375,0.00003342,0.00244473,-0.00178087,-0.00094278,-0.0
0005224,-0.00004269,-0.00009371,-0.00001254,0.00000599,0.00000779,-0.00000611,0.
00000221,0.00000651,0.00000150,-0.00000711,-0.00000102,0.00000586,-0.00000606,0.
00000272,0.00000218,0.00000264,0.00000474,-0.00000625,0.00000360,0.00000040,0.00
084984,0.00003690,0.00073311,0.00010237,-0.00001047,-0.00010762,-0.00000657,-0.0
0000451,0.00000422,-0.00000026,0.00000043,0.00000026,-0.00006929,-0.00001647,-0.
00000312,0.01447997,-0.00167517,0.01141582,0.00104272,0.00023235,0.00064272,-0.0
0049053,0.00018788,0.00026143,-0.00225734,-0.04383631,-0.00102472,-0.00014819,0.
00011035,0.00005550,0.00015705,-0.00079906,-0.00074497,0.00001717,-0.00015902,0.
00016323,-0.00005348,0.00025660,-0.00002635,-0.00006428,-0.00010552,-0.00012628,
-0.00004374,-0.00002945,0.00008602,0.00735896,0.00056931,0.00857970,-0.02403042,
-0.00313288,-0.02153713,0.00025706,0.04990636,0.00002136,-0.00003552,0.00003846,
0.00022368,-0.00075721,0.00006996,-0.00012869,-0.00011261,-0.00014228,0.00008384
,-0.00000562,-0.00000225,0.00000098,-0.00000090,0.00001311,-0.00000649,-0.000005
65,0.00000609,0.00000964,-0.00001027,0.00001131,0.00046930,-0.00000324,0.0001130
4,-0.00005659,0.00033358,-0.00016311,-0.00000281,0.00003610,0.00003057,-0.000259
15,0.00021838,0.00004179,-0.00003092,-0.00001697,0.00003557,-0.00001767,0.000004
11,0.00000469,-0.00003004,0.00000646,0.00000436,0.00000755,0.00000272,-0.0000029
8,0.00000086,0.00000861,-0.00000669,-0.00000191,0.00000393,-0.00001076,0.0000287
5,-0.00012837,-0.00004740,0.00004846,-0.00006363,0.00004380,0.00030522,-0.000618
82,0.00027266,-0.00015281,0.00039816,0.00013734,-0.00002906,-0.00001088,-0.00002
022,-0.00002211,0.00000752,-0.00001709,-0.00000671,0.00001965,-0.00003883,0.0000
0553,-0.00000268,-0.00000575,0.00000282,0.00001183,-0.00004791,0.00001283,0.0000
0625,0.00000149,0.00005242,0.00015695,0.00008907,0.00018492,0.00033274,0.0001479
7,-0.00001447,0.00001242,0.00000075,0.00000340,-0.00000071,0.00001141,0.00001183
,0.00010445,0.00002252,0.00387579,0.00058527,0.00441914,0.00072029,-0.00019317,0
.00036278,0.00060846,-0.00043552,0.00062709,-0.11774763,-0.00141741,-0.15027356,
0.00016302,-0.00004124,-0.00007659,0.00020230,-0.00019564,0.00038459,-0.00018090
,0.00015811,-0.00030191,0.00023816,-0.00003894,0.00002167,-0.00003844,0.00005010
,-0.00012088,-0.00000639,-0.00002072,-0.00007942,-0.02197317,0.00037809,-0.02457
737,-0.00445440,-0.00148073,-0.00345913,0.13792392,0.00281666,0.17249645,0.00145
712,0.00220949,0.00016380,0.00066949,0.00177305,-0.00029114,-0.00107941,0.002830
84,-0.00151997,-0.00174328,0.00002585,0.00003965,0.00000853,0.00002995,0.0000437
5,0.00000430,0.00004904,-0.00001213,-0.00023728,0.00011437,0.00007714,-0.0808633
1,0.01644862,0.00056974,-0.00025931,-0.00048663,-0.00023132,0.00015930,0.0002403
4,-0.00018110,-0.01097943,0.04458022,0.02164854,0.00027751,0.00002126,0.00023190
,0.00009936,-0.00020850,-0.00000268,-0.00015510,-0.00005052,0.00017124,-0.000153
30,-0.00004539,-0.00016757,0.00004273,-0.00020174,0.00000184,0.00002941,-0.00000
334,0.00005348,-0.00320102,-0.00275043,-0.00149357,-0.00079531,0.00005297,-0.000
00890,-0.00016868,-0.00108539,-0.00111926,0.00062753,-0.00095520,-0.00031848,-0.
00038679,0.00051942,-0.00001497,0.00008275,-0.00041548,0.00019971,-0.00010531,-0
.00014955,0.00019152,0.00008379,-0.00022931,-0.00007368,0.00008320,0.00058392,0.
00002983,-0.00002337,-0.00019450,-0.00006661,-0.00980239,-0.03520453,-0.02889990
,-0.00248991,-0.00123274,-0.00153523,0.00017486,-0.00015425,-0.00001374,-0.00001
279,-0.00006860,-0.00007081,0.00095426,-0.00206183,-0.00011225,0.00053084,-0.000
45761,0.00043473,-0.00006539,0.00002671,-0.00008223,-0.00020685,0.00005354,-0.00
018568,0.00012589,-0.00002503,0.00003945,0.00008827,0.00002040,0.00008300,-0.000
10508,-0.00001259,-0.00011314,0.00005282,0.00004217,0.00001347,-0.00009650,0.000
07502,-0.00010726,-0.00003235,-0.00003305,0.00009553,-0.00001948,-0.00001094,0.0
0009232,0.00010028,0.00000909,-0.00000161,0.00004010,-0.00004964,0.00005761,-0.0
0009227,0.00000021,-0.00010004,0.35626761,0.00221828,-0.00178399,-0.00155776,0.0
0106864,0.00161218,-0.00465877,0.00094335,-0.00165891,-0.00162712,-0.00094761,0.
00049320,-0.00009524,-0.00006578,0.00008324,-0.00020059,0.00003776,0.00010401,-0
.00014509,-0.00001167,-0.00015787,-0.00052253,0.02704485,-0.16837842,-0.07389825
,-0.00228748,0.00072723,0.00449287,0.00005909,-0.00028503,0.00019160,0.03071723,
-0.05087956,-0.03465229,0.00034131,-0.00024234,-0.00213094,-0.00006726,0.0003360
9,0.00004923,-0.00009336,-0.00002666,-0.00018577,-0.00057173,-0.00110988,0.00030
297,-0.00015664,-0.00031750,0.00009365,-0.00003342,-0.00005333,0.00028192,0.0006
2018,0.00847629,0.00185216,-0.00044065,0.00147210,-0.00058282,0.00020383,-0.0048
9477,0.00533657,0.00012391,0.00039146,0.00063486,0.00095037,-0.00108925,0.001192
37,0.00005724,0.00020317,0.00044777,0.00005445,-0.00018079,0.00064985,-0.0003912
7,0.00005794,-0.00000556,0.00005599,-0.00028862,0.00137909,-0.00103655,-0.000424
45,-0.00040325,-0.01674866,-0.01983234,-0.03895281,-0.00100301,0.00192399,0.0003
6736,0.00023603,-0.00020650,-0.00000983,-0.00008984,-0.00002332,-0.00015652,0.00
004123,-0.00160696,-0.00018840,0.00094450,-0.00014754,0.00014216,0.00011179,0.00
013488,-0.00014253,-0.00027004,-0.00026854,-0.00053403,0.00006226,-0.00030472,-0
.00010983,0.00005692,0.00047109,0.00045685,-0.00021160,0.00011229,-0.00018722,0.
00018158,0.00008151,0.00000096,-0.00016751,0.00010617,-0.00014911,0.00002549,0.0
0031519,-0.00007871,-0.00017238,0.00006992,0.00051940,0.00007916,-0.00006573,0.0
0000802,-0.00006567,0.00034608,0.00001041,-0.00013077,0.00003020,-0.00008558,0.0
0159209,0.30771929,0.00223609,-0.00228606,-0.00156332,0.00038912,0.00114476,-0.0
0600602,0.00043202,-0.00044309,0.00147843,-0.00140136,0.00013836,0.00001648,-0.0
0005945,0.00014801,-0.00016110,0.00006155,0.00006498,-0.00011769,-0.00000583,-0.
00050269,-0.00047635,0.01249370,-0.08419960,-0.09882822,-0.00169418,0.00089159,0
.00452288,0.00021987,0.00017099,0.00013005,0.00963953,-0.02991743,-0.00326870,-0
.00006472,-0.00006138,-0.00100969,-0.00012263,0.00008778,0.00012160,-0.00023353,
0.00015989,-0.00043030,-0.00041496,-0.00052679,0.00023821,-0.00009749,-0.0002590
9,0.00009144,-0.00001276,-0.00002553,0.00027225,-0.00186034,0.00586660,0.0011803
9,-0.00029743,0.00149063,-0.00026510,-0.00162129,-0.00244021,0.00247341,0.000490
90,-0.00016887,0.00153472,0.00117939,-0.00147214,0.00129721,0.00003376,0.0000581
9,0.00043319,0.00021250,-0.00039701,0.00077974,-0.00024571,-0.00002660,-0.000038
23,0.00004998,-0.00029322,0.00162693,-0.00049216,-0.00043463,-0.00045267,-0.0181
3248,-0.03668347,-0.02908774,-0.00151421,0.00145115,-0.00053928,0.00027694,-0.00
014801,0.00006742,-0.00010839,-0.00000160,-0.00010846,0.00043288,-0.00184760,-0.
00093976,0.00069725,0.00030367,0.00025187,0.00015091,0.00006262,0.00000327,-0.00
010015,-0.00003236,-0.00020881,0.00002284,-0.00011674,-0.00007460,0.00010744,0.0
0031847,0.00033646,-0.00011256,0.00009477,-0.00011476,0.00007389,0.00000842,0.00
000767,-0.00019171,0.00002227,-0.00011087,0.00008817,-0.00000201,0.00012389,-0.0
0008676,0.00006844,0.00047967,-0.00004020,-0.00006524,0.00002174,0.00002874,0.00
017611,-0.00002609,-0.00010144,0.00000483,-0.00004271,0.09205784,0.17018631,0.22
679027,-0.00166294,0.00005288,0.00057768,-0.00026719,-0.00227244,0.00106017,0.00
016895,-0.00102316,-0.00059243,0.00087359,-0.00005216,0.00014971,0.00000912,-0.0
0006438,0.00007325,-0.00001467,-0.00005119,0.00002211,0.00025851,-0.00004946,0.0
0016987,0.00351223,-0.02085369,-0.01414841,0.00071193,0.00052888,-0.00080986,-0.
00003934,0.00004561,-0.00001497,-0.00065395,0.00337158,0.00278862,-0.00002362,-0
.00006381,0.00063564,-0.00006905,0.00001145,-0.00006687,0.00012993,0.00006493,0.
00006453,0.00030623,0.00029450,-0.00005535,-0.00000023,0.00022467,-0.00003091,-0
.00000850,0.00002679,-0.00015109,0.00072346,-0.00274730,-0.00052856,0.00031367,-
0.00065068,0.00034332,0.00087349,0.00110123,-0.00068543,-0.00041383,0.00100863,0
.00007024,-0.00030714,0.00031633,-0.00071915,0.00001124,0.00004428,-0.00028401,-
0.00003294,0.00026485,-0.00033897,0.00003404,0.00012506,0.00010189,0.00000481,-0
.00014357,-0.00070325,0.00022906,0.00034265,0.00020184,0.00071362,0.00237363,0.0
0248134,-0.00083012,-0.00024401,-0.00025872,-0.00016567,0.00009430,-0.00004081,0
.00002981,0.00005124,0.00009531,-0.00026945,0.00093354,0.00029287,-0.00030962,-0
.00004150,-0.00039204,0.00002108,-0.00001274,0.00004439,0.00015341,-0.00001710,0
.00017966,0.00001038,0.00002595,0.00005417,-0.00000938,-0.00004939,-0.00008850,0
.00010766,-0.00001621,0.00011051,-0.00005751,-0.00003004,-0.00004011,0.00010552,
-0.00002998,0.00014514,-0.00002941,0.00000249,-0.00015178,-0.00004940,0.00005090
,-0.00006470,-0.00010264,0.00000910,-0.00001459,-0.00005589,0.00001250,-0.000062
47,0.00012823,-0.00000010,0.00011733,-0.17836441,-0.01216865,-0.05704017,0.41292
432,-0.00032327,0.00042158,0.00039923,-0.00032483,-0.00068236,0.00021588,0.00014
201,0.00023599,-0.00098619,0.00024481,0.00001965,0.00004764,0.00000175,0.0000094
7,0.00005805,-0.00001837,-0.00004340,-0.00000668,-0.00008431,-0.00028083,0.00007
934,-0.02718464,-0.01649558,-0.01878883,0.00046042,0.00016792,-0.00037466,-0.000
05765,0.00011258,0.00003028,-0.00321638,0.00098403,0.00035947,-0.00005102,-0.000
17236,0.00018937,-0.00011628,0.00006254,0.00001904,0.00003445,0.00003456,0.00009
075,0.00015456,0.00011728,-0.00013289,0.00002906,0.00008346,-0.00000277,0.000005
03,0.00001601,-0.00003393,-0.00004650,-0.00116874,-0.00065754,0.00011756,-0.0002
3246,0.00021757,0.00115580,0.00062700,-0.00012571,0.00018022,0.00026448,0.000196
69,-0.00011678,0.00015860,-0.00015495,-0.00010711,0.00003087,-0.00005762,-0.0000
1787,0.00007394,-0.00012783,0.00005086,0.00007096,0.00000210,-0.00002108,0.00006
744,-0.00020025,0.00039386,-0.00000117,-0.00010416,0.00068091,-0.00378517,-0.003
11404,-0.00020049,0.00013767,-0.00000310,-0.00004442,0.00001262,-0.00001638,0.00
000295,0.00002524,0.00003092,-0.00000205,0.00012836,0.00023012,-0.00010910,0.000
14085,-0.00009963,0.00007265,-0.00002118,0.00006312,0.00004703,0.00003162,0.0000
4402,0.00003397,0.00004286,0.00004210,0.00002386,-0.00003828,-0.00004253,0.00005
741,0.00000866,0.00005346,-0.00004110,-0.00002340,-0.00000790,0.00001738,-0.0000
2149,0.00006961,-0.00001318,-0.00000491,-0.00002503,-0.00002066,0.00001146,-0.00
002955,-0.00005206,0.00001670,-0.00000216,-0.00001831,-0.00002949,-0.00001299,0.
00006120,-0.00001475,0.00004351,-0.00322547,-0.06267098,-0.01269582,-0.05767851,
0.51090282,-0.00025555,-0.00008112,0.00020633,0.00000582,-0.00057746,0.00134195,
-0.00001465,0.00032970,0.00049418,0.00026778,-0.00008224,0.00006280,0.00002696,-
0.00005031,0.00006170,-0.00000207,-0.00000780,0.00004005,0.00019882,0.00015129,0
.00010264,-0.01791020,-0.01537770,-0.01929412,0.00037155,-0.00004177,-0.00098340
,-0.00005551,0.00015293,-0.00012233,-0.00130245,0.00356872,-0.00193245,-0.000131
43,-0.00000751,0.00024210,0.00003199,0.00012845,0.00003216,0.00000037,-0.0000439
4,0.00000302,0.00013390,-0.00015960,-0.00017906,0.00004497,-0.00000896,-0.000009
73,0.00003781,-0.00000948,-0.00006422,-0.00022900,-0.00151131,-0.00030037,-0.000
05209,-0.00007473,0.00010715,0.00121689,0.00038263,-0.00040342,-0.00022569,0.000
44795,-0.00036650,-0.00021793,0.00016906,-0.00030487,-0.00000108,0.00012740,-0.0
0008413,-0.00002073,-0.00001205,-0.00015928,0.00005356,0.00004969,0.00002254,-0.
00007978,0.00014927,-0.00031388,-0.00007960,-0.00001012,0.00032070,-0.00068965,-
0.00507617,-0.00023900,0.00012097,0.00005176,0.00022378,-0.00005740,-0.00000505,
-0.00001640,0.00002277,-0.00002743,0.00003332,-0.00007591,0.00015364,0.00003196,
-0.00006970,-0.00016571,-0.00012527,-0.00001666,0.00004307,-0.00001302,0.0000387
9,-0.00004887,0.00005075,0.00003493,-0.00000764,0.00001221,0.00004671,-0.0000709
2,-0.00003289,0.00001200,-0.00000762,0.00002316,-0.00000639,0.00000222,-0.000009
57,0.00003754,0.00002177,0.00001961,-0.00004924,0.00011473,-0.00006782,-0.000007
59,-0.00005292,-0.00004560,-0.00000330,0.00002131,-0.00001588,-0.00004993,0.0000
1628,0.00000973,0.00004045,-0.00000278,0.00002779,-0.05247709,-0.01820970,-0.080
16409,-0.00254374,0.02189287,0.45393564,0.00020157,-0.00012686,-0.00018209,0.000
07777,0.00052768,-0.00037634,0.00004497,0.00026184,0.00021494,-0.00018423,-0.000
05848,-0.00002085,0.00000556,-0.00000341,-0.00000486,-0.00000234,0.00001109,0.00
000177,-0.00002986,0.00001597,-0.00005671,0.00044666,0.00293604,0.00230989,-0.00
011330,-0.00012357,0.00021535,0.00004267,-0.00000487,-0.00003492,0.00051546,-0.0
0144960,-0.00013369,0.00002009,0.00004367,-0.00010536,-0.00000115,0.00001517,0.0
0002275,0.00001391,-0.00003304,-0.00000109,-0.00010243,-0.00009089,0.00006699,-0
.00000651,-0.00007649,0.00000025,0.00000874,-0.00000877,0.00000829,-0.00016953,0
.00049929,0.00012331,-0.00003405,0.00013990,-0.00005649,-0.00020752,-0.00017153,
0.00023509,0.00013293,-0.00024586,-0.00001703,0.00004151,-0.00000546,0.00010193,
0.00002073,0.00000571,0.00004424,-0.00001407,-0.00006270,0.00006586,-0.00002984,
-0.00000994,-0.00002839,0.00001167,-0.00002851,0.00015955,-0.00018664,0.00001912
,-0.00005127,-0.00000114,0.00010592,-0.00080531,0.00013086,-0.00016222,-0.000057
80,0.00001226,-0.00002262,-0.00001026,0.00000554,-0.00002793,-0.00002619,0.00006
662,-0.00015712,-0.00002402,0.00007889,0.00001460,0.00004105,-0.00000435,0.00001
322,-0.00001547,-0.00001307,0.00001157,-0.00000354,-0.00000038,-0.00000989,-0.00
002752,0.00001175,0.00000658,0.00001303,-0.00002738,-0.00001073,-0.00002738,0.00
000954,0.00000484,0.00000217,-0.00002962,0.00000243,-0.00003795,0.00000697,-0.00
001393,0.00002593,-0.00000816,-0.00000317,0.00002035,0.00001484,-0.00000141,-0.0
0000269,0.00000883,-0.00001921,0.00000129,-0.00003957,0.00000552,-0.00002337,-0.
03613398,-0.01682052,0.00596624,-0.09657512,-0.01564765,0.04580845,0.43105316,-0
.00007901,0.00027695,0.00006998,0.00004793,0.00001805,-0.00003632,0.00009740,0.0
0008153,0.00007469,0.00001895,-0.00001535,0.00002119,0.00001273,-0.00000198,0.00
001790,-0.00001065,0.00000146,0.00000975,-0.00003582,0.00002337,0.00004208,-0.00
108860,0.00015789,0.00091042,0.00000031,-0.00000778,0.00001699,-0.00001419,0.000
00973,-0.00001664,-0.00039835,-0.00044621,0.00013163,-0.00002590,-0.00000829,0.0
0010420,0.00003707,-0.00000003,0.00004371,0.00003455,0.00003796,0.00003056,0.000
06405,0.00001377,-0.00011045,0.00000183,0.00003037,-0.00000510,0.00000573,0.0000
1657,-0.00000741,-0.00002279,-0.00024794,-0.00013074,0.00001147,-0.00002607,0.00
001124,-0.00000214,0.00001373,0.00005216,0.00000793,0.00001120,-0.00001757,-0.00
003164,0.00001520,-0.00004279,0.00000846,0.00001927,-0.00001641,-0.00000639,0.00
003802,0.00000924,0.00001062,0.00003676,-0.00004386,-0.00006961,-0.00001242,-0.0
0002332,0.00015709,-0.00012237,-0.00001266,0.00017542,0.00018799,-0.00016321,0.0
0005174,-0.00005253,-0.00002167,-0.00000677,0.00000127,-0.00000930,0.00000542,0.
00002051,0.00001587,-0.00000959,0.00004474,0.00002639,0.00002084,-0.00001970,0.0
0000839,0.00000284,0.00001128,-0.00001222,-0.00000987,-0.00001501,-0.00000900,-0
.00000612,-0.00000683,-0.00001244,0.00000703,-0.00000854,0.00000115,-0.00000094,
-0.00000415,-0.00000420,0.00000433,0.00000373,-0.00000101,-0.00000613,0.00000117
,-0.00000859,0.00000102,-0.00000299,0.00002463,0.00000044,0.00000677,0.00000150,
0.00000384,0.00000382,-0.00000754,-0.00000101,-0.00000016,0.00000469,-0.00000320
,-0.00000064,-0.00000042,-0.01394387,-0.00335429,0.00155241,-0.01823956,-0.06704
092,0.02548507,0.00052950,0.46941476,-0.00040757,0.00021006,0.00013306,-0.000035
50,-0.00039830,0.00007872,0.00002340,-0.00010117,-0.00020996,0.00020813,0.000011
78,0.00003775,-0.00000035,-0.00000228,0.00004133,-0.00001820,-0.00001538,0.00001
272,-0.00004155,-0.00007691,0.00001006,-0.00036597,-0.00239070,-0.00123489,0.000
14653,0.00014642,-0.00003573,-0.00003783,-0.00001057,0.00002421,-0.00043829,0.00
024456,0.00071213,-0.00003643,-0.00001387,0.00022702,-0.00003396,-0.00001499,0.0
0001966,0.00004189,0.00008691,0.00005093,0.00024457,0.00011203,-0.00014182,-0.00
003574,0.00014529,-0.00002828,-0.00001559,0.00002001,-0.00001277,0.00016447,-0.0
0063376,-0.00027896,0.00011620,-0.00015675,0.00003011,0.00012472,0.00013551,-0.0
0022644,-0.00004535,0.00019363,0.00007150,-0.00003069,0.00003022,-0.00012973,-0.
00002950,-0.00000627,-0.00004373,0.00000643,0.00009691,-0.00004090,0.00000462,0.
00002488,-0.00000011,0.00003774,0.00000072,-0.00016535,0.00009223,0.00000950,-0.
00007521,0.00007101,0.00051117,0.00049872,-0.00008416,0.00003072,0.00001472,-0.0
0002571,0.00000874,-0.00000890,-0.00000336,0.00004214,0.00002721,-0.00008528,0.0
0017492,0.00008682,-0.00007376,0.00000627,-0.00010680,0.00003205,-0.00001077,0.0
0002241,0.00006534,-0.00000465,0.00005429,0.00000470,0.00000450,0.00001260,0.000
00374,-0.00001540,-0.00001569,0.00003478,0.00000977,0.00002448,-0.00002582,-0.00
001895,0.00000853,0.00002478,-0.00000844,0.00004057,-0.00000957,0.00000942,-0.00
002420,-0.00001014,0.00001451,-0.00001938,-0.00003356,0.00000287,0.00001417,-0.0
0000264,0.00000683,-0.00001325,0.00004181,-0.00000437,0.00002497,-0.00320240,0.0
0054903,0.01322531,0.03420893,0.01728250,-0.09778877,0.01460366,0.05383851,0.483
05475,-0.00026157,0.00068036,0.00039726,-0.00005482,-0.00017319,0.00010817,0.000
11951,-0.00009946,-0.00003518,0.00017593,0.00004243,0.00003354,-0.00000633,-0.00
001168,0.00003265,-0.00000224,-0.00001047,0.00000241,-0.00002554,-0.00009589,0.0
0005840,-0.00142763,-0.00156800,-0.00157902,0.00010268,0.00006097,-0.00008649,-0
.00007574,0.00006118,0.00002489,-0.00222824,-0.00069192,0.00125897,0.00000877,-0
.00022683,0.00017682,-0.00001002,-0.00000156,-0.00001402,0.00003890,0.00008982,0
.00005954,0.00021360,0.00001550,-0.00017375,0.00001607,0.00011184,0.00012951,0.0
0001072,0.00003447,-0.00001907,-0.00008751,-0.00122825,-0.00033519,0.00009266,-0
.00016428,0.00003106,0.00002085,0.00019206,-0.00007804,-0.00000333,0.00008299,0.
00003717,-0.00004275,-0.00008074,-0.00024160,-0.00007785,0.00004785,-0.00007678,
0.00001628,0.00009788,-0.00012578,-0.00012271,0.00003911,0.00003960,-0.00000720,
-0.00006857,-0.00034952,0.00062563,0.00051490,0.00016225,0.00070409,0.00036694,0
.00058795,-0.00003466,0.00002446,-0.00000180,-0.00004002,0.00001871,-0.00000855,
-0.00006410,0.00004373,-0.00000135,-0.00005073,0.00018843,0.00005866,-0.00002428
,-0.00000285,-0.00006602,0.00003110,-0.00000301,0.00003862,0.00000223,0.00000144
,0.00006329,0.00001156,-0.00000339,0.00001840,-0.00000338,-0.00002371,-0.0000222
7,0.00002532,0.00000232,0.00001347,-0.00001762,-0.00001322,0.00000451,0.00002475
,-0.00000324,0.00002064,0.00001335,-0.00000362,-0.00003508,0.00000778,0.00001500
,-0.00002917,-0.00002204,0.00000218,0.00000856,-0.00000476,0.00000290,-0.0000131
3,0.00002620,-0.00000290,0.00001250,-0.00019516,0.00109312,0.00189873,-0.0201038
4,0.01110831,0.01067425,-0.11891860,0.06343013,0.01210161,0.41130335,0.00068136,
0.00095077,0.00020869,-0.00005820,0.00046691,-0.00006814,-0.00011981,0.00019035,
0.00021375,-0.00029725,-0.00005817,-0.00002158,0.00004528,0.00004357,0.00001188,
0.00001552,0.00005875,0.00001496,-0.00006668,0.00004160,0.00000738,-0.00018110,0
.00370878,0.00242544,-0.00004809,-0.00015382,0.00000418,0.00009852,0.00010495,0.
00004238,-0.00063000,-0.00204616,-0.00011163,-0.00007167,-0.00014859,-0.00009895
,0.00000350,-0.00006832,0.00009634,0.00001712,0.00005366,0.00002396,-0.00026695,
-0.00015097,-0.00025058,0.00002916,-0.00011212,-0.00007440,0.00002422,0.00003704
,0.00003652,-0.00045773,0.00017470,0.00001214,-0.00004364,0.00004315,-0.00007497
,-0.00010027,-0.00014160,0.00015940,0.00017169,-0.00025282,-0.00011215,-0.000089
18,-0.00006872,0.00012715,0.00008396,0.00006937,0.00002471,0.00003623,0.00004518
,0.00008833,0.00000842,-0.00005316,-0.00015785,0.00017924,0.00007836,0.00009107,
-0.00045511,-0.00168714,-0.00003169,-0.00014338,-0.00053389,-0.00078383,0.000090
98,-0.00006279,-0.00001481,0.00002097,-0.00000747,-0.00000359,0.00000690,-0.0000
1036,-0.00003219,0.00018294,-0.00015292,-0.00005603,0.00004696,0.00001371,0.0000
5512,0.00000412,-0.00000121,-0.00001765,-0.00001159,0.00000939,-0.00004545,-0.00
000002,0.00000105,-0.00001961,0.00001729,-0.00000395,0.00001103,-0.00001548,-0.0
0000567,-0.00001285,0.00001719,0.00001083,-0.00000118,-0.00001710,0.00000316,-0.
00002150,-0.00001730,0.00000057,0.00004079,0.00000267,-0.00002953,0.00000926,0.0
0002363,0.00000383,-0.00000784,0.00000496,-0.00001268,0.00001650,-0.00002549,-0.
00000002,-0.00001732,-0.00312081,-0.00337508,-0.00194014,0.00284047,0.00780549,-
0.00367535,0.06286921,-0.12864301,-0.01384272,-0.25231341,0.39574942,0.00045841,
0.00041624,-0.00001356,-0.00006625,0.00032912,-0.00011034,-0.00010706,0.00019189
,0.00004131,-0.00020925,0.00000048,-0.00003140,0.00000509,0.00002386,-0.00002633
,0.00002392,0.00001517,0.00000357,0.00003496,0.00002417,-0.00002962,-0.00068629,
0.00128620,0.00091462,-0.00001483,-0.00010929,0.00004596,0.00011011,0.00012019,0
.00000159,-0.00048914,-0.00086250,-0.00021191,0.00053805,-0.00005111,0.00011681,
0.00006708,-0.00027960,-0.00000469,-0.00017265,-0.00003469,-0.00003861,-0.000711
77,-0.00012835,-0.00043477,0.00012496,0.00004205,-0.00009306,0.00000623,0.000027
43,0.00000503,-0.00026361,0.00011068,0.00010097,-0.00004408,0.00021864,0.0000816
9,-0.00004776,-0.00008751,0.00010659,0.00013772,-0.00020148,-0.00001027,-0.00005
046,-0.00007534,0.00004763,0.00002484,0.00003122,0.00003083,-0.00001617,-0.00004
402,-0.00004223,-0.00006476,-0.00010334,-0.00002523,-0.00013236,-0.00015845,-0.0
0019699,0.00003560,0.00037552,0.00065647,0.00002728,-0.00026103,-0.00017654,0.00
002558,-0.00001879,-0.00006179,0.00003326,0.00002219,-0.00000580,-0.00003102,-0.
00006810,-0.00009793,0.00014250,-0.00002667,0.00000341,0.00002891,0.00002888,-0.
00000766,0.00002180,-0.00001697,0.00004169,-0.00003105,0.00004052,0.00005416,0.0
0001097,0.00000457,0.00001284,-0.00001296,-0.00000187,-0.00002248,0.00000591,0.0
0000080,-0.00000365,-0.00000961,-0.00000774,0.00000688,0.00000812,-0.00000501,0.
00000098,0.00002169,-0.00005575,-0.00002195,0.00002044,0.00001383,-0.00001165,-0
.00000785,-0.00000071,0.00000509,0.00000899,-0.00002219,-0.00001594,-0.00000061,
0.00000140,-0.00000850,0.00005955,-0.00123308,-0.00098013,0.01585803,-0.00902820
,-0.00714383,0.02036052,-0.02444287,-0.06839614,0.09340661,-0.02509819,0.6402461
8,0.00001954,0.00019459,0.00026381,0.00006946,-0.00008758,0.00000596,0.00006003,
-0.00005062,0.00005412,0.00012369,0.00006871,0.00000281,-0.00001661,0.00000216,-
0.00002958,0.00001441,-0.00000663,-0.00002219,0.00001128,0.00000575,0.00000638,-
0.00012763,0.00043198,0.00053812,-0.00006943,-0.00001442,0.00000725,-0.00003803,
0.00001134,-0.00002946,-0.00020431,0.00023973,-0.00071310,-0.00024040,-0.0000050
2,0.00003145,-0.00003290,0.00017137,0.00008386,0.00012496,0.00005119,0.00005102,
0.00011220,-0.00013330,-0.00007899,-0.00012545,-0.00016305,0.00000870,0.00001566
,0.00000165,0.00000884,0.00008623,-0.00005986,0.00001363,0.00004328,-0.00009916,
0.00001511,0.00002750,-0.00004607,0.00002054,-0.00008464,0.00007563,0.00002777,0
.00003721,-0.00015900,-0.00005825,-0.00008737,0.00003592,-0.00009319,-0.00001666
,-0.00001483,-0.00008460,-0.00014782,0.00001686,0.00008599,-0.00065972,-0.000496
80,-0.00013019,0.00060761,-0.00009645,0.00024556,-0.00013965,-0.00002015,-0.0002
4490,0.00002041,-0.00000463,0.00001179,0.00000879,0.00000616,0.00002214,-0.00003
480,0.00000952,0.00001415,-0.00006140,0.00002573,0.00000053,0.00001276,-0.000037
76,0.00005104,-0.00000586,0.00001441,-0.00000703,-0.00001389,0.00000561,-0.00002
340,0.00000348,-0.00000760,-0.00001022,-0.00000752,0.00000165,0.00001108,-0.0000
0876,-0.00000151,-0.00000823,0.00001323,0.00000905,-0.00000319,0.00000017,0.0000
0165,-0.00000592,-0.00000808,0.00001548,0.00001880,0.00000925,-0.00002295,0.0000
0651,0.00001205,0.00000196,-0.00000646,0.00000293,0.00001063,0.00000899,-0.00000
853,-0.00000064,-0.00000782,-0.00057881,-0.00021286,-0.00072001,0.00077787,0.000
44101,-0.00076239,-0.01394405,0.01145985,-0.00757752,-0.15492371,0.09860818,-0.0
7428161,0.37198147,0.00023648,0.00022615,0.00022224,0.00007479,-0.00007666,-0.00
005953,-0.00003295,-0.00006629,0.00001610,0.00005372,0.00004113,0.00002220,-0.00
000548,0.00000042,-0.00000636,0.00001058,0.00000539,-0.00001539,0.00001152,0.000
00683,-0.00001485,0.00030431,-0.00081855,-0.00047390,-0.00001132,0.00005745,0.00
004139,-0.00000140,0.00002880,-0.00004176,-0.00129084,-0.00034027,0.00014667,0.0
0022658,-0.00007554,0.00006166,-0.00002329,-0.00024650,-0.00001543,-0.00002549,0
.00003164,-0.00000437,-0.00013278,0.00007214,0.00009174,0.00007962,0.00011989,-0
.00004305,-0.00000012,0.00002360,0.00002512,0.00001464,0.00000467,0.00008968,0.0
0002728,0.00007993,0.00000580,-0.00003085,0.00003076,-0.00002357,-0.00003380,0.0
0003838,-0.00001840,-0.00003679,-0.00004612,-0.00003107,0.00000589,0.00002981,-0
.00004110,-0.00001647,-0.00001821,-0.00004513,-0.00004693,-0.00012953,0.00004024
,0.00013784,-0.00007978,-0.00037239,-0.00222134,-0.00138913,-0.00012051,0.000078
91,0.00008884,0.00016455,-0.00001843,0.00001259,0.00000030,0.00000236,-0.0000148
6,-0.00000834,-0.00000235,-0.00006782,-0.00008379,-0.00004270,-0.00000815,0.0000
0458,0.00000380,0.00002044,-0.00002771,-0.00000464,-0.00001073,-0.00000871,0.000
00515,-0.00001348,0.00000570,-0.00000829,0.00000282,0.00000116,0.00001638,0.0000
1137,0.00001132,-0.00000393,0.00000307,-0.00000206,0.00000105,-0.00000512,0.0000
0164,-0.00000921,0.00000109,-0.00000768,0.00000925,-0.00000553,-0.00001098,-0.00
001369,0.00001818,0.00001010,-0.00000316,-0.00000536,0.00000591,-0.00000109,-0.0
0000167,-0.00000457,-0.00000386,0.00000194,0.00000021,0.00067191,0.00053657,0.00
043767,-0.00066458,-0.00070663,0.00144086,0.01329188,-0.01362394,0.00893561,0.09
141454,-0.12996107,0.05214429,-0.25756566,0.38915789,-0.00003551,0.00036743,-0.0
0000819,-0.00008315,-0.00005488,0.00020921,-0.00009592,-0.00000613,0.00024914,-0
.00021130,-0.00010608,0.00013201,0.00004367,0.00000385,0.00002596,-0.00001661,0.
00001508,0.00002867,0.00001073,0.00002800,0.00007476,-0.00062345,-0.00002408,0.0
0017383,0.00007789,0.00001615,-0.00014098,0.00006351,0.00001193,-0.00005186,0.00
059623,0.00018703,-0.00033229,-0.00005456,-0.00004645,0.00006500,0.00008173,-0.0
0006700,0.00003605,0.00005316,0.00001818,0.00000532,-0.00002678,0.00001391,-0.00
017439,0.00009697,0.00000799,-0.00008420,0.00000023,0.00003969,0.00000327,-0.000
13431,-0.00023509,-0.00003674,-0.00004908,0.00004446,-0.00017472,0.00003433,0.00
007488,-0.00002699,0.00006263,0.00000259,-0.00018739,-0.00004894,0.00008772,-0.0
0004420,0.00014258,0.00004965,0.00000095,-0.00003498,0.00007400,0.00007549,0.000
05319,0.00002299,-0.00004334,0.00012299,0.00011997,-0.00001496,-0.00098937,-0.00
145552,0.00027897,0.00019612,-0.00003720,0.00008463,-0.00000623,-0.00000435,0.00
001276,0.00000493,0.00001010,-0.00002795,0.00007041,-0.00001796,-0.00005528,0.00
013851,-0.00002109,-0.00005527,-0.00001881,-0.00002055,0.00001082,0.00001145,0.0
0000510,-0.00001545,0.00001148,-0.00001919,-0.00001605,0.00000016,-0.00000344,-0
.00000665,0.00001509,-0.00001160,0.00000253,0.00000876,0.00000155,0.00000311,0.0
0000477,0.00000163,-0.00000251,0.00000719,-0.00000128,0.00000290,-0.00000009,0.0
0003544,0.00000340,-0.00000615,-0.00000123,-0.00000908,0.00000082,0.00000271,-0.
00000460,-0.00000839,0.00000875,0.00000261,0.00001035,-0.00000159,0.00000635,-0.
00026002,-0.00000162,-0.00052015,0.00077783,-0.00054448,-0.00017551,0.00176929,-
0.00048680,0.00698514,-0.12178805,0.10182357,-0.19538765,0.05095042,0.04010270,0
.67377135,0.00013402,0.00053218,0.00036406,0.00001164,-0.00007498,-0.00001315,-0
.00001921,-0.00002664,0.00009592,0.00002448,-0.00001090,0.00007122,-0.00000675,0
.00002616,0.00000723,-0.00000551,-0.00000360,-0.00001992,-0.00006708,-0.00002739
,0.00000218,-0.00023310,-0.00031601,-0.00046311,0.00002772,0.00004954,0.00001582
,0.00005070,0.00004341,-0.00008031,0.00009809,-0.00001607,0.00045349,0.00018298,
-0.00004790,0.00016600,-0.00006330,-0.00021821,-0.00007644,0.00002453,0.00002406
,0.00004991,-0.00013921,0.00010090,-0.00004590,-0.00008442,-0.00005635,-0.000007
08,-0.00000297,0.00004200,0.00005146,-0.00004611,-0.00029708,-0.00003491,0.00004
299,0.00002291,-0.00007776,0.00000337,0.00006433,-0.00004019,0.00000133,0.000026
75,-0.00004279,-0.00003218,-0.00017755,-0.00006295,-0.00001821,-0.00002646,-0.00
013426,0.00002090,0.00009751,-0.00002873,-0.00011219,-0.00007346,-0.00001857,-0.
00114824,-0.00065884,0.00003214,-0.00150152,-0.00219936,-0.00005360,0.00023622,0
.00000305,0.00025504,-0.00000260,0.00000983,-0.00000875,0.00002294,-0.00000204,-
0.00000852,-0.00001612,-0.00003815,0.00010260,0.00000328,-0.00000579,-0.00003361
,0.00000176,0.00000730,-0.00002713,0.00001063,-0.00001088,-0.00000670,0.00001345
,-0.00001512,0.00001144,-0.00000264,-0.00000094,-0.00000027,0.00001737,0.0000054
7,0.00001040,0.00000427,0.00000089,0.00000014,-0.00000144,-0.00000737,0.00000207
,-0.00000613,-0.00000445,-0.00000335,0.00001682,0.00000004,-0.00000440,-0.000012
39,0.00002038,0.00000711,-0.00000744,-0.00000360,0.00000523,0.00000209,-0.000000
71,-0.00000558,0.00000237,-0.00000130,0.00000178,0.00060147,0.00027190,0.0004710
7,0.00013123,-0.00051657,-0.00015210,0.00312332,0.00364590,-0.00345800,-0.034162
17,0.03165985,-0.02844842,-0.15048903,0.12383981,0.07578618,0.37686758,0.0002307
3,0.00005763,0.00035723,0.00012905,-0.00016812,-0.00003510,0.00018804,-0.0001108
6,-0.00004382,0.00026363,0.00013590,-0.00003813,-0.00004524,0.00001687,-0.000067
83,0.00002624,-0.00001142,-0.00004313,0.00005011,-0.00000189,-0.00003496,0.00028
989,-0.00017310,0.00023491,-0.00009187,0.00002382,0.00003284,-0.00000888,-0.0000
5166,0.00001800,0.00001071,0.00042078,-0.00036689,-0.00022737,-0.00007179,-0.000
01363,-0.00007413,0.00012822,0.00000152,-0.00000236,0.00005162,0.00006479,0.0001
3295,-0.00010822,0.00005040,0.00016960,-0.00007652,0.00005540,0.00000040,0.00001
173,0.00002456,0.00019347,-0.00014202,0.00002575,0.00008029,-0.00007713,0.000114
47,0.00002343,-0.00004422,0.00000335,-0.00014021,0.00012720,0.00009183,-0.000026
14,-0.00019174,-0.00009665,-0.00016344,-0.00001236,-0.00012409,-0.00002947,-0.00
002920,-0.00016632,-0.00013217,-0.00011200,0.00013738,-0.00140072,-0.00080005,-0
.00000124,-0.00002198,0.00090871,0.00048279,-0.00017187,0.00009423,-0.00021875,-
0.00001049,0.00001008,0.00002167,0.00002594,0.00000444,0.00003137,0.00003445,0.0
0000958,-0.00009859,-0.00013401,0.00005518,0.00002478,0.00000971,-0.00002853,0.0
0004377,-0.00001135,0.00001227,-0.00000136,-0.00001658,0.00000796,-0.00002367,0.
00000391,-0.00000366,-0.00000200,-0.00001020,0.00001024,0.00001103,-0.00001335,0
.00000055,-0.00000748,0.00001086,0.00000886,-0.00000182,-0.00000020,0.00000551,-
0.00000545,-0.00001497,0.00001409,0.00000715,0.00001030,-0.00002803,0.00000333,0
.00001126,-0.00000035,-0.00000411,-0.00000114,0.00001281,0.00000909,-0.00001092,
0.00000087,-0.00000688,-0.00018701,0.00024714,-0.00027445,0.00059426,-0.00052867
,-0.00030950,0.00353738,0.00417212,0.00260790,0.03753244,-0.03311138,0.03792568,
0.11435722,-0.18045825,-0.09213822,-0.26586680,0.40048437,0.00026326,0.00023400,
-0.00005364,-0.00008214,0.00008293,0.00009320,-0.00004438,0.00004172,0.00014260,
-0.00014512,-0.00010403,0.00004930,0.00001766,0.00000805,0.00000181,0.00000194,0
.00001658,0.00002131,0.00000064,0.00001940,0.00000948,-0.00019578,0.00041265,0.0
0021976,0.00006956,-0.00000781,-0.00008607,0.00009190,0.00002637,-0.00004028,0.0
0081060,0.00018829,-0.00034801,-0.00031841,0.00008179,0.00005516,-0.00001095,0.0
0027170,0.00023542,0.00015196,-0.00001530,0.00004453,0.00005238,-0.00000201,-0.0
0028073,-0.00009196,-0.00032858,-0.00038198,-0.00000851,-0.00000947,0.00001133,-
0.00016704,-0.00009070,-0.00000921,0.00001913,-0.00003824,-0.00012375,-0.0000081
5,0.00001648,0.00000685,0.00008505,-0.00006877,-0.00010891,0.00002205,0.00008755
,0.00000129,0.00011640,0.00003105,-0.00002833,0.00001501,0.00003608,0.00006934,-
0.00000744,0.00003776,-0.00008230,0.00027282,0.00009905,-0.00010080,-0.00091740,
-0.00005116,0.00114778,0.00013258,-0.00005597,0.00001505,0.00000305,-0.00000267,
-0.00000155,0.00000272,-0.00000285,-0.00001034,0.00007491,-0.00019341,0.00003173
,0.00011474,-0.00001957,-0.00004578,-0.00000385,0.00000199,0.00000217,0.00001669
,-0.00001047,0.00000214,0.00000214,-0.00001432,-0.00000392,0.00000123,-0.0000011
1,0.00000460,0.00001185,0.00000215,-0.00000737,0.00000159,0.00000011,0.00000033,
-0.00000438,-0.00000027,0.00000133,-0.00000201,0.00000042,-0.00000208,-0.0000033
1,0.00001017,-0.00000579,-0.00000133,0.00000368,-0.00001462,-0.00000183,0.000000
34,-0.00000100,-0.00000572,-0.00000245,0.00000041,-0.00000076,-0.00000115,0.,-0.
00006854,-0.00010296,-0.00024887,0.00006410,0.00029455,-0.00002059,-0.00338729,0
.00260982,-0.00028068,0.01133382,-0.00441431,0.05469699,0.02118040,-0.03581967,-
0.12698529,0.05483193,0.03078640,0.64846554,0.00084119,0.00122080,0.00041457,0.0
0005684,-0.00009389,-0.00001430,0.00015676,-0.00006682,-0.00004740,0.00022583,0.
00011661,-0.00004715,0.00002002,0.00011191,-0.00004950,0.00003797,0.00003208,0.0
0001209,-0.00000869,-0.00001291,-0.00005770,0.00000252,-0.00017731,-0.00009546,-
0.00002192,0.00002843,0.00000564,0.00015823,0.00003768,0.00014153,-0.00019889,-0
.00013239,0.00003248,-0.00003055,-0.00026533,0.00001901,0.00017305,-0.00033767,-
0.00020982,-0.00015680,0.00009549,0.00006777,-0.00054947,0.00006900,-0.00007956,
0.00016596,-0.00111649,-0.00041155,-0.00000318,0.00010378,0.00010843,0.00002451,
-0.00028954,0.00001127,0.00002979,-0.00000596,0.00019678,0.00003444,0.00002266,-
0.00003730,-0.00006558,0.00004741,0.00005506,-0.00008319,-0.00007078,-0.00019567
,0.00000491,0.00007511,-0.00013988,0.00007714,0.00026770,-0.00012180,-0.00007088
,-0.00035804,-0.00025223,-0.00062775,-0.00018314,0.00017828,-0.00134240,-0.00104
867,0.00091806,0.00007909,-0.00000368,0.00003644,0.00000825,0.00000772,0.0000036
9,0.00006934,0.00002063,-0.00001131,0.00012056,0.00013965,-0.00003987,-0.0000752
2,0.00006476,0.00003435,0.00001344,-0.00001485,0.00001404,0.00001265,-0.00000981
,0.00000155,-0.00001062,-0.00000178,-0.00000233,0.00000293,-0.00000208,-0.000000
42,0.00000910,0.00001362,0.00000848,-0.00000935,-0.00000077,-0.00000725,0.000001
99,-0.00000033,0.00000227,-0.00000811,-0.00000362,-0.00001080,0.00000757,0.00000
512,0.00000016,-0.00000045,-0.00000627,0.00000173,0.00000226,-0.00000228,-0.0000
0252,0.00000146,0.00000292,0.00000111,-0.00000933,-0.00000203,-0.00000567,0.0000
1896,0.00006884,0.00024323,-0.00010114,0.00008811,-0.00019769,-0.00029001,-0.000
15211,-0.00052804,-0.00772922,-0.00034039,-0.01843016,0.01182915,-0.00767560,0.0
2011159,-0.06979995,0.02929873,0.02820889,0.37559693,0.00086515,0.00030993,-0.00
003897,0.00016428,-0.00021631,-0.00013098,0.00033478,-0.00013021,-0.00006212,0.0
0035235,0.00019158,0.00001271,-0.00004788,0.00004415,-0.00002485,0.00005084,-0.0
0001070,-0.00003358,0.00003100,-0.00004534,-0.00007190,0.00006197,-0.00046085,-0
.00025999,-0.00010862,0.00007287,0.00013901,-0.00007142,-0.00011060,0.00016782,0
.00013499,0.00047825,0.00015732,-0.00040407,-0.00022104,0.00008174,-0.00041381,-
0.00052086,-0.00031376,-0.00014553,0.00018136,0.00007836,0.00041768,-0.00033041,
0.00006418,-0.00067855,0.00013297,-0.00022777,-0.00007689,-0.00000266,0.00006325
,0.00029138,-0.00027345,-0.00010413,0.00021265,-0.00012272,0.00014309,0.00000460
,-0.00002630,0.00000924,-0.00013558,0.00015632,0.00010444,0.00008512,-0.00016300
,-0.00027654,-0.00002511,0.00010927,-0.00012666,-0.00003403,0.00013091,-0.000109
34,-0.00026813,-0.00003635,0.00010331,-0.00069751,0.00010713,0.00036051,-0.00028
681,0.00014874,-0.00011538,-0.00003094,0.00012212,-0.00003561,-0.00002147,0.0000
1707,0.00001305,0.00005011,-0.00000435,0.00002157,-0.00013744,-0.00012835,0.0000
4133,-0.00013228,0.00001984,0.00003307,0.00001237,-0.00001076,0.00000424,-0.0000
0942,0.00001313,-0.00000868,0.00000629,-0.00000807,-0.00000614,0.00000035,-0.000
00356,-0.00000372,0.00001242,0.00000459,0.00002476,-0.00000475,0.00000354,-0.000
00638,0.00000607,0.00000044,0.00000604,-0.00000188,0.00000709,-0.00000381,-0.000
00346,0.00000548,0.00000467,0.00000044,-0.00000054,0.00002088,0.00000165,-0.0000
0164,0.00000531,0.00000113,0.00001176,0.00000195,-0.00000250,0.00000293,-0.00000
270,0.00023875,0.00030494,0.00012325,-0.00020396,-0.00020116,0.00017630,0.000390
37,-0.00021810,0.00012149,-0.00166806,-0.00320662,0.01179290,-0.00099629,-0.0020
6442,-0.02408110,0.02031019,-0.07983378,-0.07411595,-0.27267094,0.40949938,0.000
10121,-0.00012281,-0.00012532,0.00002823,0.00000284,-0.00005589,-0.00004644,0.00
003421,-0.00003880,-0.00001717,0.00006665,-0.00002874,-0.00002383,-0.00000909,-0
.00004113,0.00001952,-0.00001063,-0.00000922,0.00003272,-0.00003065,-0.00003227,
0.00010592,-0.00021600,-0.00017805,-0.00003352,-0.00004123,0.00002715,-0.0000225
9,-0.00001047,0.00006013,-0.00078140,-0.00035521,0.00035243,0.00051209,0.0000914
7,0.00012557,-0.00011055,-0.00028666,-0.00023369,-0.00015761,-0.00006736,-0.0000
5934,-0.00022875,0.00024723,0.00008193,-0.00050594,-0.00079255,-0.00044886,-0.00
002396,-0.00003923,-0.00002214,0.00006065,0.00014255,0.00012244,0.00002351,0.000
04039,0.00006615,0.00002586,-0.00000719,-0.00002449,-0.00002184,0.00000855,0.000
06560,0.00007332,-0.00005371,-0.00004004,-0.00001209,-0.00001948,-0.00000671,0.0
0000119,-0.00003929,-0.00008696,-0.00015416,0.00004167,0.00011014,-0.00033783,-0
.00042405,-0.00023560,0.00237223,0.00114775,-0.00009162,-0.00010314,-0.00000105,
0.00003861,0.00000661,-0.00000207,-0.00001440,0.00000984,0.00002429,0.00000490,-
0.00013626,-0.00011258,-0.00003010,0.00003926,0.00003178,0.00001186,0.00000527,0
.00000492,-0.00000489,0.00000071,-0.00000199,0.00003137,-0.00001220,0.00003204,0
.00003122,0.00000459,0.00000120,0.00000865,-0.00002069,-0.00000027,-0.00001721,0
.00000233,-0.00000244,-0.00000034,-0.00000496,-0.00000253,-0.00000125,0.00000722
,-0.00000425,0.00000535,0.00000087,-0.00003620,-0.00001012,0.00002086,-0.0000048
0,-0.00000694,-0.00000406,0.00000207,-0.00000228,0.00000503,-0.00000781,-0.00000
681,-0.00000054,0.00000045,-0.00000351,0.00016131,-0.00006881,0.00044716,0.00010
500,-0.00007140,-0.00024115,0.00024704,-0.00117992,-0.00180626,-0.02019473,0.014
24410,-0.05293154,0.05986530,-0.06546674,-0.01792427,-0.02777822,-0.01895967,-0.
31641990,0.03680330,0.04433816,0.64162139,0.00067069,0.00148259,-0.00024626,0.00
008898,-0.00015609,-0.00006251,0.00021622,-0.00009910,-0.00009828,0.00031185,0.0
0016022,-0.00003428,0.00003356,0.00007606,-0.00002026,0.00004077,0.00003239,0.00
002647,0.00002347,-0.00002700,-0.00005448,-0.00053708,-0.00007903,-0.00010797,-0
.00007240,0.00002749,0.00007064,-0.00005255,-0.00009076,0.00029096,0.00080394,0.
00072904,-0.00022907,-0.00133153,-0.00023097,-0.00004813,-0.00025673,-0.00084875
,-0.00013905,-0.00005192,0.00021093,0.00013984,-0.00224400,-0.00149023,-0.001249
90,-0.00014037,-0.00030000,0.00001797,-0.00004950,0.00004151,0.00008251,0.000038
08,-0.00059841,-0.00022684,0.00013803,-0.00029560,0.00013866,0.00001975,-0.00000
580,0.00000582,-0.00009043,0.00010154,0.00010857,-0.00000130,-0.00006036,-0.0002
7797,0.00001174,0.00017396,-0.00004312,0.00012913,0.00020642,-0.00011625,-0.0002
0019,0.00005674,-0.00011770,-0.00027770,0.00006685,0.00001236,-0.00002153,-0.000
40315,0.00001427,0.00023119,0.00006043,0.00004397,-0.00000952,0.00000912,0.00000
084,0.00003113,0.00001635,-0.00001263,-0.00013260,0.00011196,-0.00000483,-0.0000
7667,0.00011240,0.00006993,0.00001897,-0.00002738,0.00001066,0.00001416,0.000005
46,0.00001454,-0.00000652,0.00000763,0.00000916,0.00000883,-0.00000543,0.0000019
5,0.00000660,-0.00000607,0.00001495,0.00000139,-0.00000035,-0.00000335,0.0000032
6,-0.00000128,0.00000481,0.00000443,-0.00000009,0.00000211,0.00000250,-0.0000062
1,-0.00000153,0.00001244,-0.00000650,0.00000641,0.00000002,0.00000111,0.00000197
,0.00000293,0.00000871,0.00000062,0.00000010,0.00000033,-0.00000334,0.00047167,0
.00031270,-0.00019341,-0.00003452,-0.00084018,0.00019728,0.00371209,0.00369870,0
.00016443,0.00984432,-0.00300489,0.05212399,-0.03142641,0.02781903,-0.00489503,0
.01518331,-0.02222843,-0.05432311,-0.14527197,0.09806192,-0.06180145,0.36832429,
0.00096488,0.00108858,-0.00037936,0.00015769,-0.00019994,-0.00009320,0.00020838,
-0.00006588,-0.00010463,0.00031632,0.00017311,-0.00002187,0.00001718,0.00008622,
-0.00004149,0.00006010,0.00002085,0.00000492,0.00004927,-0.00001688,-0.00010408,
0.00064330,-0.00069386,-0.00027835,-0.00006143,0.00009299,0.00008406,-0.00002947
,-0.00017323,0.00024491,-0.00148140,-0.00040791,0.00049549,-0.00069454,-0.000414
08,-0.00024947,-0.00056037,-0.00177099,-0.00035245,-0.00034447,0.00002264,0.0000
9265,-0.00002478,0.00043685,0.00033950,-0.00107449,-0.00149744,-0.00092991,-0.00
006898,0.00002905,0.00012804,0.00018643,0.00002712,0.00004844,0.00017669,-0.0000
6381,0.00016626,0.00003946,-0.00000212,-0.00006229,-0.00011165,0.00012584,0.0000
6293,0.00007718,-0.00000006,-0.00022876,0.00012161,0.00015597,-0.00006090,0.0000
6009,0.00016992,-0.00009769,-0.00023143,-0.00006463,-0.00007538,-0.00002876,-0.0
0001998,-0.00018371,-0.00043163,0.00006781,0.00041940,-0.00018109,0.00006656,-0.
00002488,-0.00000764,0.00001054,0.00001686,0.00006539,-0.00000420,-0.00001720,-0
.00000571,-0.00009104,-0.00007967,-0.00009508,0.00000532,0.00003462,0.00001040,-
0.00000156,0.00000234,0.00000048,-0.00001070,-0.00002453,0.00001128,-0.00003093,
-0.00002482,-0.00000726,-0.00000275,-0.00000640,0.00002904,0.00002193,0.00003189
,-0.00001498,0.00000228,-0.00001006,0.00000643,-0.00000024,0.00000358,-0.0000180
2,0.00000534,-0.00001483,0.00000694,0.00001623,0.00000790,-0.00001926,0.00000764
,0.00002712,0.00000347,-0.00000495,0.00000204,0.00000011,0.00000623,0.00000344,-
0.00001317,0.00000114,-0.00000460,-0.00003188,0.00018501,0.00049212,0.00091850,-
0.00053183,-0.00074705,0.00238122,0.00280699,-0.00168487,-0.00713668,-0.00050348
,-0.05660543,0.02749721,-0.03134367,0.00586514,-0.01604118,0.02524769,0.04828525
,0.09118286,-0.13371258,0.04668170,-0.26292883,0.39618308,-0.00003078,-0.0003260
2,-0.00048465,0.00008357,-0.00002677,-0.00012182,-0.00005959,0.00002593,0.000196
68,-0.00005272,-0.00000312,0.00014581,-0.00003117,-0.00001341,-0.00000253,-0.000
00918,-0.00001999,-0.00003773,0.00000641,-0.00000666,-0.00004113,0.00038537,0.00
015100,0.00004022,-0.00005263,-0.00000068,0.00009050,-0.00018596,-0.00013303,-0.
00004774,-0.00029732,-0.00018870,-0.00006088,-0.00038505,-0.00007217,-0.00027868
,-0.00014024,-0.00006735,-0.00052542,0.00009554,-0.00021501,0.00003462,-0.000156
65,0.00024521,0.00071539,0.00030509,-0.00043604,0.00098536,-0.00000699,-0.000018
39,0.00001576,0.00015769,0.00026238,0.00021056,-0.00020193,-0.00000230,-0.000169
26,-0.00001814,-0.00005555,0.00003586,-0.00001123,0.00004222,-0.00001892,0.00015
564,-0.00009994,-0.00013982,-0.00001445,-0.00001165,-0.00009668,-0.00010977,0.00
007390,0.00005613,-0.00012988,-0.00000359,0.00003213,-0.00024734,0.00002340,0.00
023150,0.00051978,0.00047653,-0.00090771,-0.00018854,-0.00002317,-0.00008912,0.0
0000393,-0.00001029,-0.00002021,0.00001991,0.00002746,0.00000210,0.00004091,0.00
016325,0.00015253,0.00007173,-0.00005835,-0.00007484,0.00000537,0.00001729,-0.00
000601,-0.00002003,-0.00000094,-0.00000638,-0.00000572,0.00001360,-0.00000150,-0
.00000560,0.00000162,-0.00000261,-0.00000235,0.00000406,0.00001735,0.00000138,0.
00000029,-0.00000089,0.00000902,0.00000054,-0.00000464,-0.00000145,0.00000104,0.
00000194,0.00002009,-0.00001986,0.00000293,-0.00000319,0.00001572,0.00002492,0.0
0000244,-0.00000196,0.00000206,0.00000865,-0.00000645,-0.00000361,-0.00000032,0.
00000183,-0.00000127,-0.00017869,-0.00019368,-0.00010869,0.00066520,-0.00033814,
-0.00032581,0.00025973,-0.00196524,-0.00470217,0.02049363,-0.02350385,-0.0158556
3,-0.00783333,0.00938546,0.00250052,-0.01299920,0.00566410,-0.05119920,-0.115298
11,0.10120630,-0.18673448,0.03565950,0.04328378,0.67246318,-0.00028341,0.0008815
9,0.00014836,0.00010551,-0.00039160,0.00012580,0.00004198,-0.00023691,0.00001855
,0.00023942,0.00011347,0.00006373,0.00002051,0.00000718,0.00001467,0.00000660,0.
00001413,0.00000631,0.00000495,-0.00002627,-0.00001652,0.00017763,-0.00088001,0.
00028348,-0.00000037,0.00009336,-0.00006435,-0.00008887,-0.00013198,0.00013232,-
0.00363813,-0.00115525,0.00074320,-0.00074014,-0.00044471,-0.00037546,-0.0001994
2,-0.00044280,-0.00007366,-0.00003568,0.00016142,0.00007964,-0.00034246,-0.00243
234,-0.00077052,-0.00007057,0.00062895,0.00006218,-0.00000945,0.00006786,0.00002
194,0.00018505,-0.00046284,0.00002151,0.00007886,-0.00016040,-0.00008290,0.00007
929,0.00010196,-0.00009774,-0.00013886,0.00024162,0.00002019,0.00001535,-0.00012
046,-0.00024470,-0.00001484,0.00012450,-0.00002535,0.00008416,0.00014475,-0.0000
9438,-0.00012725,0.00011972,-0.00000410,-0.00001372,-0.00002167,-0.00014008,0.00
029804,0.00011084,-0.00017164,-0.00031605,0.00019664,-0.00028175,0.00001961,0.00
001272,0.00003963,-0.00001571,0.00001374,-0.00002210,-0.00012770,0.00005757,-0.0
0005045,-0.00010754,0.00011763,0.00004093,-0.00002515,-0.00005059,0.00004766,0.0
0000354,0.00001211,-0.00002775,0.00001634,0.00000776,-0.00002631,0.00001928,0.00
000057,-0.00001551,-0.00000781,-0.00001316,0.00001996,-0.00000393,0.00000135,-0.
00000144,0.00001538,0.00000659,-0.00000685,0.00001897,0.00000048,0.00000056,-0.0
0002960,0.00006403,0.00002883,-0.00001883,-0.00005793,-0.00002688,0.00000950,-0.
00000002,-0.00000228,-0.00000261,0.00001863,0.00001460,0.00000132,-0.00000380,-0
.00000286,-0.00019952,0.00028688,0.00081172,-0.00184108,0.00121844,0.00063710,-0
.00419458,0.00824722,0.01323963,-0.06810192,0.01490156,-0.01095987,0.01186827,-0
.01350892,-0.01508447,-0.00894974,0.00616911,0.02144970,-0.03304758,0.03168219,-
0.02911907,-0.15251223,0.12288150,0.07596354,0.41924992,0.00093749,0.00129106,-0
.00003836,-0.00003494,0.00006174,0.00000204,0.00000800,0.00011363,-0.00010502,0.
00002218,0.00000401,-0.00008565,0.00005396,0.00005316,-0.00000003,0.00003847,0.0
0005456,0.00001833,0.00002895,-0.00001715,-0.00005574,-0.00009549,0.00001277,-0.
00024821,0.00003034,-0.00001744,-0.00002433,0.00001698,0.00010456,0.00015061,-0.
00138089,-0.00087678,0.00044151,-0.00079920,-0.00047810,-0.00036848,-0.00027069,
0.00015215,0.00002770,0.00006843,-0.00008721,0.00013581,-0.00211541,-0.00022660,
-0.00091788,0.00014276,-0.00060564,-0.00005810,0.00001158,0.00002736,0.00006306,
-0.00025869,-0.00006217,0.00003076,-0.00002680,-0.00026231,0.00008016,0.00005972
,-0.00001743,-0.00005809,0.00004435,-0.00005339,0.00000256,-0.00007536,-0.000051
03,-0.00007159,0.00007249,0.00018215,0.00001325,0.00011435,0.00007435,-0.0000190
9,-0.00013216,-0.00009872,-0.00010045,-0.00003685,-0.00003150,-0.00016652,-0.000
16630,-0.00041793,0.00057235,0.00007329,-0.00014999,0.00018992,-0.00001869,-0.00
000986,-0.00001078,0.00001512,-0.00000516,-0.00000838,0.00001032,-0.00005917,0.0
0000760,0.00010388,0.00002870,0.00000345,-0.00000659,0.00000409,-0.00003028,0.00
001667,-0.00002047,0.00002428,-0.00001155,-0.00000667,0.00002890,-0.00000846,-0.
00000095,0.00001719,0.00001449,0.00000806,-0.00000533,0.00000860,-0.00000204,0.0
0000395,-0.00000939,-0.00000866,0.00000547,-0.00000519,-0.00000341,0.00000605,0.
00003101,-0.00003559,-0.00003843,0.00002082,0.00003961,0.00000709,-0.00001103,-0
.00000127,0.00000417,-0.00000134,-0.00000763,-0.00001239,0.00000575,0.00000163,0
.00000550,0.00058930,0.00023789,-0.00030244,0.00057754,-0.00222277,0.00029413,0.
00991472,-0.00800247,-0.01690791,0.02041516,-0.07804680,-0.01965006,-0.02006764,
0.02283481,0.00750112,0.00642250,-0.01730644,-0.02740711,0.03787980,-0.03206206,
0.03904050,0.11706394,-0.18235812,-0.09248901,-0.29141111,0.43656827,-0.00039485
,-0.00025937,0.00006943,0.00005956,-0.00025416,0.00006900,0.00002430,-0.00024827
,-0.00000180,0.00020320,0.00004944,0.00000120,-0.00002461,-0.00003002,-0.0000227
4,-0.00001179,-0.00001754,-0.00000099,0.00004627,0.00001029,-0.00001066,0.000812
20,-0.00082704,-0.00014534,-0.00000550,0.00007573,-0.00003733,-0.00005602,-0.000
10237,0.00003219,0.00149656,0.00153990,-0.00040092,-0.00041486,-0.00027068,-0.00
031518,0.00016566,0.00025505,0.00020094,0.00003432,0.00004597,-0.00002781,-0.001
06891,-0.00166566,0.00001591,0.00003887,0.00006152,-0.00011696,-0.00000401,-0.00
000227,-0.00002530,0.00019352,-0.00029407,0.00000727,-0.00005672,-0.00009334,-0.
00005973,-0.00003861,0.00003365,-0.00002175,-0.00011510,0.00016370,0.00002709,0.
00000192,0.00005711,-0.00009237,-0.00006691,-0.00003774,-0.00002563,0.00003160,0
.00001805,-0.00010188,-0.00001143,0.00001824,0.00003990,0.00013000,-0.00001547,-
0.00005538,0.00000019,0.00065618,-0.00017083,-0.00012612,0.00022977,-0.00015186,
-0.00003362,0.00001956,0.00003632,-0.00002124,0.00001094,-0.00000381,-0.00000244
,0.00002746,0.00002190,-0.00013450,0.00009444,0.00003293,-0.00002162,-0.00001921
,0.00002189,-0.00000839,0.00002081,-0.00000076,-0.00000691,-0.00000009,0.0000010
9,0.00000484,-0.00000262,-0.00000431,-0.00000729,-0.00000731,-0.00000396,-0.0000
0019,0.00000084,0.00000181,0.00000684,0.00000491,-0.00000582,0.00002347,0.000004
38,0.00000174,-0.00003453,0.00002554,-0.00001954,-0.00000573,-0.00002524,-0.0000
2871,0.00000415,-0.00000119,-0.00000183,-0.00001270,0.00001749,0.00000583,0.0000
0295,0.00000177,0.00000288,0.00065341,0.00090911,0.00058668,-0.00130382,-0.00126
503,0.00065038,0.01288063,-0.01565554,-0.01830091,0.02770763,-0.06156238,-0.2792
6974,-0.04871159,0.04334149,-0.04514656,0.01988059,-0.02532812,-0.03667261,0.009
52332,-0.00214640,0.05151238,0.03615290,-0.05045257,-0.12981039,-0.00412097,0.07
748698,0.58861126,-0.00021519,-0.00000903,-0.00011272,-0.00000701,0.00002061,-0.
00000442,-0.00003379,-0.00007351,0.00009092,0.00004622,0.00001024,0.00004662,-0.
00000194,-0.00001186,0.00000917,-0.00000384,0.00000314,-0.00000269,0.00001130,-0
.00001152,-0.00002012,0.00019787,-0.00062346,0.00041698,0.00001047,0.00000432,-0
.00000322,-0.00004803,-0.00011331,0.00001929,-0.00078970,-0.00070345,0.00046526,
-0.00022728,-0.00013897,-0.00009541,0.00000972,-0.00002463,0.00004156,0.00007174
,0.00001341,0.00002713,0.00081782,-0.00012634,0.00048723,-0.00012391,0.00002440,
0.00003715,-0.00001345,0.00000090,0.00000791,0.00012133,0.00011816,0.00009354,-0
.00001658,-0.00007981,-0.00017009,-0.00008642,-0.00002871,0.00007617,0.00001993,
-0.00000357,-0.00003828,0.00006425,-0.00002452,-0.00010113,-0.00000074,0.0000239
0,-0.00000217,0.00002358,0.00003530,0.00001003,-0.00007467,0.00008172,0.00000943
,0.00000021,-0.00000842,0.00000466,-0.00002686,0.00010027,-0.00016014,-0.0001372
2,0.00017023,-0.00022900,-0.00000241,0.00002095,-0.00000749,-0.00001124,-0.00000
142,-0.00001007,-0.00002894,0.00001892,0.00000995,-0.00002217,0.00001640,-0.0000
0662,-0.00000415,0.00000416,0.00002207,0.00000143,0.00000121,-0.00000749,0.00002
142,0.00003522,0.00002103,0.00001934,0.00000804,-0.00001257,0.00000698,-0.000016
55,0.00000717,-0.00000397,0.00000568,-0.00000463,0.00000672,0.00000055,0.0000015
1,0.00002677,0.00000681,-0.00000228,-0.00003806,0.00005286,-0.00000317,-0.000024
98,-0.00005749,-0.00003012,0.00000518,-0.00000778,0.00000377,0.00000426,0.000000
78,-0.00000302,-0.00000152,-0.00000147,-0.00000678,-0.00032600,0.00018477,-0.000
56590,-0.00041967,0.00050484,-0.00075325,0.00395044,0.00000033,0.00115561,-0.004
23991,0.00361653,-0.02681189,0.00531599,0.00046277,-0.00004644,-0.00141184,0.001
04033,-0.00138425,0.00429354,0.00373888,0.00445913,-0.01897379,0.01801813,-0.004
86103,-0.13228739,0.07006085,-0.05144078,0.37383922,0.00016284,0.00065289,-0.000
06805,0.00006567,-0.00012442,-0.00000857,0.00006990,-0.00000904,-0.00011634,0.00
011651,0.00004967,-0.00006645,0.00002414,0.00001396,0.00000022,0.00001069,0.0000
2481,0.00000697,-0.00000711,-0.00001030,-0.00000964,-0.00025096,0.00000526,-0.00
042569,-0.00002091,0.00002426,0.00000873,0.00000285,0.00002500,0.00009828,-0.000
19639,-0.00050292,0.00064600,0.00026122,-0.00031917,0.00021235,-0.00002723,-0.00
020421,-0.00007878,-0.00006535,-0.00007257,0.00003487,-0.00145323,-0.00197784,-0
.00073192,0.00005361,-0.00005859,-0.00003721,-0.00000587,0.00000446,0.00001279,-
0.00011183,-0.00030645,-0.00010439,-0.00000134,-0.00009525,0.00010733,0.00011012
,0.00003625,-0.00009944,-0.00006794,0.00008197,0.00007363,-0.00010202,-0.0000322
3,-0.00000823,-0.00000689,0.00005973,0.00003194,0.00004214,0.00000753,-0.0000064
4,0.00001251,-0.00002162,-0.00004676,-0.00001143,-0.00004309,-0.00008779,0.00001
032,-0.00018313,0.00010048,0.00018932,-0.00006242,0.00029350,0.00003180,-0.00001
982,0.00000780,-0.00000012,0.00000023,0.00000276,-0.00001246,0.00000634,-0.00003
058,-0.00003173,0.00005031,0.00003916,0.00001422,-0.00001530,-0.00000884,0.00000
246,-0.00000467,0.00000194,-0.00001355,-0.00000932,-0.00000724,-0.00001082,-0.00
000875,0.00000546,-0.00001092,0.00001651,0.00000548,0.00000192,-0.00000587,0.000
00139,0.00000038,-0.00000142,-0.00000437,-0.00001737,-0.00000917,-0.00000163,0.0
0005446,-0.00004922,-0.00000407,0.00001932,0.00004156,0.00002060,-0.00000172,0.0
0000523,-0.00000192,-0.00000461,-0.00000299,0.00000313,-0.00000145,0.00000158,0.
00000126,0.00028633,0.00007467,0.00119434,-0.00135662,-0.00067974,0.00091608,-0.
00034354,0.00148361,-0.00826287,0.00510847,0.00277111,0.01834295,0.00116865,0.00
466495,-0.00138603,0.00086673,-0.00088485,0.00145241,0.00372055,0.00284332,-0.00
570188,0.01893348,-0.01960922,0.00674228,0.07058298,-0.11442734,0.04397303,-0.22
112496,0.34871402,-0.00006071,-0.00032199,-0.00000337,-0.00001440,0.00009029,-0.
00005687,-0.00011853,-0.00001634,0.00000791,-0.00003484,-0.00001170,0.00000013,-
0.00000373,-0.00000561,-0.00002004,-0.00000068,-0.00000603,-0.00000182,-0.000009
93,-0.00001294,-0.00003198,0.00082087,0.00068516,-0.00015504,-0.00000885,-0.0000
3407,0.00001591,-0.00000006,-0.00005959,-0.00001373,-0.00003098,0.00011811,-0.00
024760,-0.00017804,-0.00017788,-0.00027305,0.00005401,0.00000951,0.00000540,-0.0
0000132,-0.00001068,-0.00002893,0.00031442,-0.00049716,0.00090783,-0.00000149,0.
00006017,0.00003625,0.00001062,-0.00000729,-0.00000756,0.00008148,0.00030019,0.0
0011538,-0.00004557,-0.00001038,-0.00007126,-0.00008128,-0.00000041,0.00005450,0
.00002023,-0.00004839,0.00002422,0.00004942,0.00001180,0.00002388,-0.00003555,-0
.00002504,0.00002148,0.00001116,-0.00002699,-0.00002058,0.00001294,0.00001772,-0
.00000069,0.00002474,0.00000741,0.00009409,-0.00002085,0.00002782,-0.00018674,-0
.00017429,-0.00001735,-0.00014318,0.00004465,-0.00001962,-0.00002163,-0.00000370
,0.00000596,-0.00000007,-0.00000524,0.00002454,-0.00001406,0.00000158,-0.0000152
0,-0.00000768,0.00001071,0.00000653,0.00001380,-0.00003681,-0.00000149,0.0000046
4,-0.00001737,0.00006247,0.00004586,0.00000860,0.00000910,-0.00000825,0.00000277
,-0.00001904,-0.00001227,-0.00000480,-0.00000431,-0.00000152,0.00000614,-0.00000
048,-0.00000625,0.00003008,0.00000762,-0.00000432,-0.00003463,-0.00004999,-0.000
06547,-0.00003710,-0.00003597,-0.00000906,0.00000824,-0.00000357,-0.00000193,-0.
00000430,-0.00002689,-0.00000335,-0.00001289,0.00000220,-0.00001525,-0.00028581,
-0.00037768,0.00128432,-0.00264268,0.00013382,-0.00252668,0.00342202,-0.00840537
,-0.03614460,-0.02100775,0.01367400,-0.04114416,0.00145582,-0.00336632,-0.005297
04,-0.00063293,0.00058223,-0.00094133,0.00205113,-0.00328595,0.00140184,0.002318
10,-0.00047610,0.00916380,-0.04657379,0.03908872,-0.09821258,0.08508908,0.026051
02,0.71791553,-0.00010661,-0.00008632,0.00002869,0.00005283,-0.00014496,0.000003
03,0.00010498,-0.00011039,-0.00019803,0.00013082,0.00003821,-0.00006029,0.000001
97,-0.00000145,-0.00000275,0.00000769,0.00000296,-0.00000110,0.00000536,-0.00001
540,-0.00000014,0.00011373,-0.00049398,-0.00028802,-0.00001790,0.00003348,-0.000
00041,0.00000228,0.00001878,0.00004510,-0.00004100,0.00019544,0.00037288,-0.0000
1038,0.00001698,0.00018318,-0.00015839,0.00006007,-0.00004087,-0.00002330,0.0000
4718,-0.00000116,0.00008743,0.00010127,-0.00020790,-0.00003872,-0.00002804,-0.00
003978,-0.00000364,-0.00002471,-0.00001023,0.00003068,-0.00017101,-0.00011169,0.
00009140,-0.00007160,0.00007833,-0.00000079,0.00005923,-0.00002189,-0.00008330,0
.00008365,0.00008856,-0.00006325,0.00001864,0.00004224,-0.00002669,-0.00001770,0
.00003137,0.00003392,-0.00004932,-0.00000423,0.00004971,-0.00001838,0.00002329,0
.00007414,0.00002615,-0.00004637,-0.00006135,-0.00005359,-0.00000391,0.00006011,
0.00013941,0.00002766,-0.00001420,0.00001884,0.00000240,-0.00001660,-0.00000942,
0.00001369,-0.00000815,-0.00000550,-0.00002335,-0.00008520,0.00005387,0.00004000
,0.00000410,0.00001131,0.00003170,-0.00001782,-0.00000097,-0.00002589,0.00005961
,-0.00001573,-0.00007121,0.00000394,0.00001964,-0.00000259,-0.00000034,-0.000005
73,-0.00000081,-0.00000294,-0.00000061,0.00000258,0.00000977,0.00000835,-0.00000
365,0.00001192,0.00000546,-0.00000389,-0.00004279,0.00013055,0.00008624,-0.00001
166,-0.00009214,-0.00003231,0.00001014,-0.00000843,-0.00000659,0.00000646,0.0000
0640,0.00000354,-0.00000599,-0.00000520,-0.00000440,0.00004069,0.00025342,0.0001
0905,-0.00005163,0.00027091,-0.00072507,0.00221360,0.00358338,0.00171872,-0.0010
6224,0.00351336,0.00098760,-0.00024634,0.00050322,-0.00108321,0.00031501,-0.0003
1078,0.00022592,-0.00022149,0.00026545,-0.00050868,0.00136577,-0.00146987,-0.000
88282,-0.00982376,0.00395346,-0.02194396,-0.08397352,0.02677897,-0.04027816,0.40
767188,0.00003113,0.00011910,-0.00029487,0.00008467,-0.00000779,-0.00011537,0.00
008081,0.00009166,-0.00001668,0.00011787,0.00004278,-0.00001147,0.00000083,0.000
00150,0.00000140,0.00000234,0.00000611,-0.00000406,0.00001184,-0.00000047,-0.000
02431,-0.00013532,0.00015001,-0.00016018,-0.00006753,0.00002636,0.00010595,-0.00
006686,-0.00005522,0.00003528,0.00009090,-0.00006137,-0.00013387,0.00010511,-0.0
0017390,0.00030584,-0.00002068,-0.00013655,-0.00003858,0.00004512,-0.00006500,0.
00005437,-0.00023364,-0.00078823,0.00016760,-0.00001502,-0.00001971,0.00005497,-
0.00001993,-0.00001038,0.00002754,0.00001976,0.00003046,-0.00001920,0.00001067,-
0.00004591,0.00001500,0.00005941,-0.00006463,-0.00002120,-0.00003937,0.00002071,
0.00002885,0.00003628,-0.00000734,-0.00006435,0.00001078,0.00003523,-0.00001075,
-0.00000007,0.00002215,0.00002979,-0.00006206,0.00002841,-0.00000968,-0.00005946
,0.00000237,0.00000171,0.00000981,0.00003083,-0.00003162,0.00002112,-0.00007323,
0.00012263,0.00000218,-0.00000931,0.00000162,0.00000801,-0.00001649,0.00000182,-
0.00001001,0.00001927,0.00001429,-0.00005014,-0.00003492,0.00000451,0.00001819,-
0.00001482,-0.00003541,0.00000801,-0.00000125,0.00001193,-0.00004686,-0.00003881
,0.00005945,-0.00001743,-0.00002552,0.00000724,0.00000106,0.00002931,0.00002110,
-0.00000500,0.00000263,-0.00000879,-0.00000688,-0.00000839,0.00000648,-0.0000128
6,-0.00000087,-0.00000922,0.00007763,-0.00014169,-0.00008132,0.00001127,0.000138
27,0.00005267,-0.00000960,0.00000775,0.00000870,-0.00000451,0.00000117,0.0000004
7,-0.00000253,0.00000702,0.00000155,-0.00018634,-0.00017640,0.00011860,-0.000562
66,0.00021496,-0.00106034,0.00431827,0.00223266,-0.00279527,0.00304558,-0.001107
08,-0.00005992,0.00032455,-0.00000315,0.00083633,-0.00019381,0.00017561,-0.00020
085,0.00014793,-0.00016116,0.00027951,-0.00085453,0.00092931,0.00077750,0.005305
43,-0.00283707,0.01793954,0.01857970,-0.06737609,-0.01505262,-0.26569176,0.37543
177,-0.00004158,-0.00009262,-0.00017191,0.00007549,-0.00005523,-0.00008099,-0.00
001717,0.00002717,0.00015878,0.00000544,-0.00001227,0.00007037,-0.00000284,-0.00
000746,-0.00000815,-0.00000106,0.00000172,-0.00003197,0.00001538,0.00000777,-0.0
0003533,0.00069492,-0.00022724,-0.00031744,-0.00003332,0.00002802,0.00006858,-0.
00004620,-0.00007197,-0.00003831,-0.00053581,-0.00038596,0.00039705,-0.00000119,
-0.00014507,-0.00030653,0.00010661,-0.00011846,-0.00003740,0.00002012,-0.0001152
0,0.00000846,-0.00004079,0.00151067,0.00053852,0.00006270,0.00004692,0.00006770,
-0.00000080,0.00000218,0.00001962,0.00006795,0.00026328,0.00016525,-0.00012869,0
.00002888,-0.00012550,0.00000666,-0.00005921,-0.00001180,-0.00003425,0.00004132,
-0.00002581,0.00005751,-0.00002686,-0.00007472,0.00006295,0.00001379,-0.00006429
,-0.00004756,0.00006762,0.00003941,-0.00007156,-0.00000388,0.00002599,-0.0000535
7,-0.00006156,0.00002065,0.00002348,0.00009627,-0.00001903,-0.00006964,-0.000032
27,0.00009332,-0.00003077,-0.00000478,-0.00000541,0.00001191,0.00000502,-0.00000
143,0.00002346,0.00001439,0.00002656,0.00000522,-0.00006432,-0.00005083,-0.00000
483,0.00002060,-0.00002643,-0.00002806,-0.00001076,-0.00002011,0.00000608,0.0000
0732,-0.00007611,-0.00003241,0.00000038,-0.00000221,0.00000716,0.00003240,0.0000
2719,-0.00000293,0.00000095,0.00000283,0.00001225,0.00000327,-0.00000723,-0.0000
0681,-0.00001065,0.00000166,0.00003951,-0.00000705,0.00004070,-0.00002422,0.0000
3077,0.00005401,0.00000675,-0.00000434,-0.00001116,0.00000632,0.00000517,0.00000
270,0.00000336,-0.00000231,0.00001484,-0.00023117,-0.00003568,-0.00025328,0.0003
5443,0.00038497,-0.00067454,0.00054644,-0.00316730,-0.00307909,0.00018577,0.0003
4023,0.00488519,-0.00127704,0.00117888,-0.00108764,0.00058277,-0.00061752,0.0003
0525,-0.00059435,0.00046630,-0.00133307,0.00306709,-0.00322871,-0.00026593,-0.01
488711,0.01124818,-0.01753893,-0.08216977,0.02471094,-0.31151705,0.04083362,0.06
876217,0.65162891,-0.00006663,-0.00008381,-0.00007825,0.00003801,0.00003790,-0.0
0006898,0.00006180,0.00010039,0.00004116,-0.00000501,-0.00001114,0.00001931,0.00
000603,-0.00000204,0.00001228,-0.00000387,0.00000012,-0.00000220,-0.00001568,0.0
0001089,0.00000366,-0.00015068,0.00019804,-0.00009340,-0.00003018,0.00000268,0.0
0007110,0.00000269,-0.00000673,-0.00002178,0.00016906,0.00002239,-0.00015476,0.0
0008511,-0.00014304,0.00022923,-0.00004909,-0.00006897,-0.00000794,0.00002261,-0
.00002469,0.00002149,-0.00018804,0.00028650,-0.00035063,-0.00001569,-0.00002887,
-0.00000763,-0.00000250,0.00000059,0.00000995,-0.00004303,0.00003897,-0.00002967
,0.00002290,0.00001696,-0.00001307,0.00002122,-0.00003661,0.00000160,0.00000564,
-0.00001934,-0.00001560,0.00000623,-0.00000116,0.00000722,0.00002498,-0.00000440
,-0.00000369,-0.00000901,-0.00000022,0.00005786,-0.00000767,0.00000075,-0.000007
19,-0.00002115,-0.00000464,0.00003075,-0.00002685,-0.00005632,-0.00001268,0.0000
6918,-0.00010000,0.00009900,-0.00000071,-0.00000053,0.00000356,0.00000657,-0.000
01691,-0.00000791,0.00001109,-0.00000658,0.00000434,-0.00000232,-0.00006145,-0.0
0001512,0.00000139,-0.00000379,-0.00005818,-0.00000172,-0.00001218,-0.00000438,0
.00002766,-0.00002598,0.00000376,-0.00001190,-0.00000522,0.00000399,0.00001210,0
.00001997,0.00001402,-0.00000181,0.00000422,-0.00000288,-0.00000339,-0.00000586,
0.00000599,0.00000159,0.00001642,0.00000250,-0.00014982,-0.00001167,0.00000696,0
.00000404,0.00001666,0.00003622,-0.00000330,-0.00000332,0.00000248,0.00000487,0.
00001333,-0.00000983,0.00000677,0.00000309,0.00000838,-0.00001090,-0.00008538,0.
00005230,-0.00005378,-0.00008005,0.00015838,-0.00013576,0.00079310,0.00108462,-0
.00089891,0.00016046,-0.00298417,0.00011624,-0.00068983,0.00005463,-0.00019233,0
.00022893,-0.00022814,0.00002450,-0.00051848,0.00052338,-0.00090688,0.00093529,0
.00029977,0.00705224,0.00039684,0.00059524,-0.01367642,0.00120992,-0.06686364,-0
.20086435,0.13927569,-0.01807425,0.41126807,0.00009046,0.00003936,0.00002171,0.0
0001745,-0.00000096,-0.00003255,0.00001627,0.00003114,-0.00015557,0.00005833,0.0
0004049,-0.00006900,-0.00000446,0.00000195,-0.00000743,0.00000623,0.00000124,0.0
0000457,0.00001508,-0.00001288,-0.00000567,0.00005512,-0.00025844,-0.00021038,-0
.00002027,0.00000898,0.00001565,-0.00001507,0.00002804,0.00003124,-0.00014285,-0
.00001931,0.00019918,-0.00008937,0.00003584,-0.00013759,-0.00000454,0.00006959,0
.00000477,-0.00003965,0.00002927,-0.00001416,0.00008189,-0.00023603,0.00018607,0
.00001374,0.00001954,0.00001339,0.00000635,-0.00000679,-0.00000372,0.00001402,0.
00001065,-0.00001026,0.00000659,-0.00001506,0.00008109,0.00001817,-0.00001732,-0
.00002183,-0.00002111,-0.00000039,0.00006281,-0.00001228,0.00000556,0.00002912,-
0.00004444,0.00000471,0.00002509,0.00002208,-0.00002511,-0.00004696,0.00002270,-
0.00000270,0.00001539,0.00002726,0.00001593,-0.00001985,0.00002582,0.00004564,0.
00001382,-0.00002935,0.00007585,0.00004674,-0.00000730,0.00001317,-0.00001311,-0
.00000648,-0.00000170,0.00001183,-0.00001249,0.00000948,-0.00000263,-0.00003821,
0.00003503,0.00003344,0.00003737,0.00002736,-0.00003312,-0.00000134,0.00000277,0
.00003453,-0.00004342,0.00002927,0.00005973,0.00000686,-0.00001226,0.00000968,-0
.00000907,-0.00000832,-0.00001420,0.00000221,0.00000094,-0.00000226,-0.00001133,
-0.00001146,0.00000441,-0.00000112,-0.00002820,-0.00001380,0.00008675,-0.0000263
8,0.00000238,-0.00000685,-0.00000136,-0.00003540,-0.00001303,0.00000330,0.000012
05,0.00000479,-0.00000727,-0.00000276,-0.00000677,0.00000108,-0.00001010,0.00001
976,0.00020689,-0.00007576,0.00007168,0.00001379,-0.00008873,-0.00003134,-0.0009
0623,-0.00117992,0.00070270,-0.00004346,0.00279631,-0.00068987,0.00019552,-0.000
11874,0.00027735,-0.00026399,0.00017376,-0.00058839,-0.00000072,-0.00031315,0.00
080895,-0.00092556,-0.00031843,0.00019946,0.00681959,-0.00295598,0.00918712,0.00
483388,0.06143522,0.12768875,-0.16326784,0.00378549,-0.25984417,0.36600277,-0.00
023331,-0.00012076,-0.00004300,0.00006344,-0.00005532,-0.00010452,0.00007776,0.0
0001335,0.00010442,0.00014440,0.00003938,0.00004705,-0.00000333,-0.00000604,0.00
000184,-0.00000948,-0.00000635,0.00000304,-0.00001498,0.00000417,-0.00000219,0.0
0004259,-0.00012532,-0.00037030,-0.00006913,0.00003439,0.00011693,-0.00003958,-0
.00008028,0.00000075,-0.00026458,0.00003159,0.00019165,0.00005889,-0.00000816,0.
00014220,-0.00003400,0.00001237,0.00001302,0.00009825,0.00003669,0.00003269,-0.0
0007939,0.00020849,-0.00011035,-0.00002741,0.00003819,-0.00001830,-0.00001236,-0
.00000211,0.00000680,0.00013035,0.00007605,-0.00003603,0.00011027,0.00006092,-0.
00001928,0.00005536,-0.00001869,-0.00001150,-0.00004899,0.00004117,0.00001622,0.
00005155,0.00002756,-0.00006637,0.00000581,0.00002077,-0.00001935,-0.00000059,0.
00004189,-0.00000300,-0.00003693,0.00005011,-0.00001655,-0.00005086,-0.00001442,
-0.00000658,0.00004422,0.00002057,-0.00001129,-0.00000543,-0.00001799,0.00014872
,-0.00002534,-0.00001162,-0.00004948,0.00000197,-0.00001589,-0.00000422,0.000003
11,0.00001245,0.00000782,-0.00011311,-0.00003620,0.00000523,0.00005819,0.0000167
9,-0.00002721,0.00000743,0.00000392,0.00000822,0.00001458,0.00007237,-0.00006502
,0.00000887,-0.00000015,-0.00000399,0.00000574,0.00000483,0.00002704,-0.00002964
,-0.00000145,-0.00001359,-0.00000221,-0.00000348,-0.00000712,-0.00015903,-0.0000
3585,-0.00003207,0.00022491,0.00001946,0.00010084,0.00002441,-0.00002553,0.00012
858,-0.00000680,-0.00000409,-0.00000339,0.00001981,-0.00000752,-0.00001570,-0.00
002198,0.00000117,-0.00000304,-0.00006066,-0.00008507,-0.00010590,0.00004377,0.0
0007252,-0.00002717,-0.00019677,-0.00023605,-0.00093615,-0.00027290,0.00035316,-
0.00023387,-0.00018892,0.00027794,-0.00050225,0.00021019,-0.00023726,0.00003357,
-0.00002559,0.00019292,0.00015739,0.00023636,-0.00027085,-0.00015428,-0.00244746
,-0.00028908,-0.00501771,-0.02516592,0.02246442,-0.00448992,-0.07468816,0.056794
67,-0.10687903,0.06068312,0.05358736,0.65777112,0.00005874,-0.00005858,-0.000073
97,0.00006604,0.00007220,-0.00013834,0.00007164,0.00010827,0.00000018,0.00007047
,0.00002604,-0.00001276,-0.00000491,0.00000086,-0.00000295,0.00000412,0.00000303
,0.00000046,-0.00000553,0.00000465,-0.00001246,-0.00002665,0.00046711,-0.0001491
9,-0.00009233,-0.00000192,0.00011223,-0.00003159,-0.00000540,0.00001050,-0.00004
098,-0.00020735,0.00003245,0.00001787,-0.00002933,-0.00004490,-0.00005430,0.0000
3310,-0.00000598,0.00003710,-0.00002007,0.00002737,-0.00017700,0.00011024,0.0000
6960,0.00002383,-0.00002768,0.00000376,-0.00000127,-0.00001048,0.00000345,0.0000
2689,0.00017261,-0.00000248,0.00004984,0.00005293,0.00006963,0.00005089,-0.00002
571,0.00001870,-0.00001081,-0.00002322,0.00003186,0.00002114,0.00001796,0.000004
45,-0.00000744,0.00002912,0.00000559,-0.00000050,-0.00000507,-0.00001266,-0.0000
1665,0.00001798,-0.00000264,-0.00003525,-0.00000726,0.00002821,-0.00002208,-0.00
001766,0.00001092,-0.00002154,-0.00012255,0.00010060,0.00006173,0.00000371,-0.00
001438,0.00000776,-0.00001334,0.00000284,0.00000266,-0.00001745,0.00000027,-0.00
005436,-0.00004511,0.00001684,0.00009759,0.00002553,-0.00002639,0.00001203,0.000
01977,0.00001172,-0.00012302,-0.00007791,0.00003183,0.00000497,-0.00001427,-0.00
001368,-0.00000535,0.00001725,0.00000691,-0.00001830,-0.00000977,-0.00002299,-0.
00000717,-0.00000569,0.00000358,-0.00006925,0.00000139,-0.00006422,0.00007943,-0
.00022122,0.00010894,0.00005307,0.00011379,0.00002743,-0.00000414,0.00001766,-0.
00000089,0.00000755,0.00000388,0.00004172,-0.00004117,-0.00000158,-0.00002283,-0
.00008535,-0.00043358,0.00023184,-0.00033985,0.00012558,-0.00088898,0.00078724,0
.00577907,-0.00100540,-0.00060008,0.00059107,-0.00010730,-0.00029196,0.00032547,
0.00007961,0.00001328,0.00000359,0.00007577,-0.00006693,0.00003770,-0.00034610,0
.00045429,-0.00047393,-0.00001546,-0.00158578,0.00117837,-0.00101664,-0.00044104
,-0.00385639,0.00870645,-0.02661481,0.02695486,0.00591475,-0.12009766,0.08539796
,0.09659530,0.42118393,0.00005338,0.00004174,0.00002964,-0.00002920,0.00009379,0
.00000892,-0.00005378,0.00006435,-0.00008403,-0.00002778,-0.00000678,-0.00004818
,0.00000485,0.00000349,0.00000382,0.00000464,0.00000241,-0.00000081,0.00000487,-
0.00001138,0.00000343,-0.00017317,-0.00045878,-0.00013148,0.00005438,-0.00003171
,-0.00003875,0.00002021,0.00001431,0.00000435,0.00009494,0.00018332,-0.00000881,
-0.00003307,0.00003490,0.00001150,0.00002347,-0.00002456,0.00000533,-0.00005793,
0.00000487,-0.00002126,0.00013319,-0.00003895,-0.00006255,-0.00001735,0.00001027
,-0.00000313,0.00000639,0.00000053,0.00000106,-0.00007283,-0.00009603,-0.0000254
0,-0.00005409,-0.00005328,-0.00001539,-0.00006314,0.00001951,0.00000021,0.000045
59,-0.00007800,0.00001710,-0.00003201,-0.00001479,0.00003805,-0.00001247,-0.0000
2537,0.00001684,0.00000672,-0.00002443,0.00001068,0.00003004,-0.00002181,0.00000
499,0.00004094,0.00001747,-0.00000900,0.00000010,-0.00000807,-0.00001318,0.00012
693,0.00007763,0.00008238,-0.00002169,-0.00001385,-0.00002405,-0.00000501,-0.000
00084,0.00000542,-0.00000652,0.00001092,-0.00000388,0.00002105,0.00001985,0.0000
0843,-0.00004819,0.00002180,-0.00006395,-0.00002351,-0.00003961,0.00004132,0.000
05517,0.00007192,0.00011821,0.00002703,0.00003631,0.00002359,0.00000279,-0.00002
497,-0.00001893,0.00001594,0.00000947,0.00001504,-0.00001301,-0.00002038,0.00000
576,0.00007170,0.00001387,0.00004569,-0.00013174,0.00023534,-0.00016153,-0.00002
798,-0.00018306,-0.00007166,-0.00001539,-0.00002564,0.00001670,0.00001418,-0.000
03037,-0.00006647,0.00003452,0.00000146,0.00001122,-0.00013490,0.00036816,0.0002
6393,-0.00029291,0.00027650,-0.00088116,0.00603181,0.00211757,0.00069950,0.00032
960,-0.00032348,-0.00046129,0.00026754,-0.00032130,-0.00000328,-0.00003527,0.000
02428,-0.00006576,0.00010038,-0.00001596,0.00027610,-0.00040169,0.00039978,0.000
03244,0.00129272,-0.00134763,0.00092804,-0.00415646,-0.00571639,-0.01784250,0.03
530270,-0.03077127,0.00360398,0.07395429,-0.14039157,-0.12111814,-0.26951022,0.3
7452025,0.00014274,-0.00000908,-0.00003724,-0.00002028,0.00016588,-0.00003535,0.
00004205,0.00004304,-0.00000537,-0.00001034,0.00000581,-0.00005528,-0.00000032,0
.00000917,-0.00001532,0.00000856,0.00000985,0.00000455,-0.00000717,0.00000626,-0
.00000142,-0.00036674,0.00094633,0.00036164,-0.00003616,-0.00004935,0.00000539,0
.00000335,-0.00001161,0.00003520,0.00030746,-0.00004398,-0.00023378,0.00001274,-
0.00003168,0.00006528,-0.00003053,-0.00003125,-0.00000814,-0.00002347,-0.0000357
5,-0.00000733,0.00000630,0.00012013,-0.00020176,-0.00001651,-0.00004687,-0.00002
423,-0.00000281,-0.00001852,0.00000086,-0.00005511,0.00007711,-0.00001758,0.0000
0786,-0.00002452,0.00002818,0.00001035,0.00001816,0.00005823,0.00003546,-0.00009
468,0.00002747,-0.00000919,0.00001872,0.00004450,-0.00001080,-0.00000967,0.00002
487,-0.00000087,-0.00004308,-0.00000055,0.00002456,0.00000204,-0.00002063,-0.000
00144,-0.00000012,0.00005479,-0.00005362,-0.00009129,0.00001395,0.00004917,-0.00
015959,-0.00002354,0.00007597,-0.00005471,-0.00004277,0.00000415,-0.00000244,0.0
0001490,-0.00000895,-0.00001893,-0.00002899,0.00000477,-0.00001641,0.00000951,0.
00006414,-0.00001207,0.00007983,-0.00000413,0.00001738,-0.00000310,-0.00002895,0
.00005749,-0.00002076,0.00001251,0.00000029,-0.00001405,-0.00001146,-0.00000155,
-0.00000066,-0.00001587,-0.00000837,-0.00001409,0.00000818,0.00000730,-0.0000078
7,-0.00002343,0.00000931,-0.00004571,0.00001104,-0.00014969,0.00008517,0.0000010
1,0.00000162,0.00001314,0.00001276,0.00000838,-0.00000624,-0.00001189,-0.0000380
1,0.00002086,-0.00003570,0.00000547,-0.00002763,-0.00014840,-0.00056828,0.000038
95,0.00038136,-0.00026915,-0.00043955,-0.00064492,0.00064874,0.00410937,-0.00121
735,0.00050789,-0.00210297,0.00008282,-0.00016171,0.00022370,-0.00012293,0.00017
490,0.00003204,0.00002913,-0.00011428,-0.00015100,0.00016618,-0.00019008,-0.0000
3447,0.00027601,-0.00006320,-0.00023442,0.00713978,-0.01649304,-0.05741368,0.049
29341,-0.03671572,0.04836265,0.03828396,-0.06751780,-0.20858041,0.05460125,0.051
72001,0.63441791,-0.00001882,-0.00010355,0.00000292,0.00010523,-0.00010167,-0.00
011712,0.00007563,0.00002070,-0.00008229,0.00005664,0.00002982,-0.00002297,-0.00
000328,-0.00000482,-0.00001031,0.00000747,0.00000279,-0.00001245,0.00001925,-0.0
0000392,-0.00003031,0.00055567,0.00018922,-0.00039832,-0.00006898,0.00006216,0.0
0009963,-0.00000997,0.00001095,0.00000444,-0.00028803,-0.00024673,0.00032857,0.0
0000836,0.00001628,-0.00010702,-0.00002634,0.00003443,-0.00003097,-0.00000823,-0
.00000320,-0.00001419,-0.00012422,0.00003805,0.00013499,0.00003110,0.00000382,0.
00001875,0.00000838,-0.00001423,-0.00000224,0.00003379,0.00014747,0.00005340,-0.
00001014,0.00002426,0.00006247,0.00005533,-0.00003313,-0.00004591,-0.00007758,0.
00007318,0.00007057,-0.00000487,-0.00001245,0.00001735,-0.00000649,-0.00000446,0
.00000005,0.00001120,-0.00000809,-0.00001242,0.00000126,-0.00001927,0.00002389,0
.00002584,-0.00002568,0.00000273,0.00000780,0.00005692,-0.00000476,-0.00007392,-
0.00004500,0.00011853,-0.00003888,0.00001072,0.00000471,-0.00000467,-0.00000644,
0.00000801,0.00000042,0.00000531,0.00000095,-0.00004618,-0.00002420,0.00000329,0
.00001035,0.00000233,-0.00002226,-0.00002510,-0.00000315,0.00001142,0.00002237,0
.00002212,0.00001398,-0.00000254,-0.00000047,0.00001426,-0.00000536,0.00002101,0
.00000569,-0.00000160,-0.00000046,0.00000036,-0.00000046,-0.00000678,-0.00000422
,0.00000361,0.00001024,0.00000704,-0.00010768,-0.00005649,-0.00008376,0.00000237
,0.00000805,0.00002817,-0.00000546,-0.00001366,0.00000114,0.00000404,0.00001276,
-0.00002282,0.00000082,0.00000353,0.00000223,0.00013083,-0.00036735,0.00104142,-
0.00115695,-0.00013416,0.00048724,-0.00847127,0.00460453,-0.00855358,0.00034632,
0.00053630,-0.00062924,0.00028981,0.00067000,-0.00007720,-0.00007547,-0.00004481
,-0.00027030,-0.00026548,-0.00013265,0.00052739,-0.00101185,0.00125612,0.0000123
1,0.00321687,0.00277309,0.00217543,-0.02565005,0.03292075,0.04235253,-0.02244908
,0.01264812,-0.02534612,0.03180760,-0.02914734,-0.00448267,-0.09026572,0.0325377
5,-0.03386544,0.42056149,0.00004343,0.00008127,-0.00004423,-0.00007692,0.0002665
6,-0.00001205,-0.00005944,0.00011106,0.00012481,-0.00008273,-0.00002711,0.000022
65,0.00000623,0.00000007,0.00000901,-0.00000467,0.00000195,0.00000746,-0.0000158
1,0.00001084,0.00001155,-0.00075642,0.00034389,0.00075953,0.00003500,-0.00011265
,-0.00003889,0.00002286,-0.00001007,-0.00002242,0.00058672,0.00006956,-0.0003444
1,-0.00000166,-0.00000161,0.00007725,0.00002113,-0.00002727,0.00003503,0.0000089
2,0.00000541,0.00001188,0.00006276,-0.00002828,-0.00011518,-0.00002520,-0.000011
70,-0.00001655,-0.00000336,0.00001245,0.00000174,-0.00009110,-0.00008311,-0.0000
3267,-0.00001144,0.00000991,-0.00007840,-0.00007570,0.00010909,0.00014013,0.0001
2273,-0.00017544,-0.00005759,0.00000798,0.00000730,0.00000281,0.00001864,0.00000
366,0.00000523,-0.00001592,-0.00000038,0.00003073,-0.00000561,0.00001641,-0.0000
1806,-0.00001640,0.00001647,0.00001964,-0.00004212,-0.00005818,-0.00000563,0.000
07334,-0.00015648,-0.00013832,0.00007070,-0.00000476,-0.00004529,0.00000569,-0.0
0000409,-0.00001061,0.00000498,-0.00000687,-0.00000401,0.00004804,-0.00004118,-0
.00000978,0.00000725,0.00001907,0.00003293,0.00001132,-0.00000429,-0.00001907,0.
00002360,0.00003460,0.00002458,0.00003113,0.00003900,-0.00001228,0.00000962,-0.0
0002653,-0.00000828,-0.00000828,-0.00000656,-0.00000863,0.00000006,0.00000354,0.
00000476,-0.00000642,-0.00000890,-0.00002422,-0.00004917,0.00000421,0.00007442,0
.00000854,-0.00003568,-0.00004067,0.00000996,0.00000928,-0.00000483,0.00003229,-
0.00003574,0.00002754,-0.00001864,-0.00001509,-0.00001482,0.00024484,-0.00128350
,0.00116481,-0.00075016,0.00020216,-0.00080946,0.00343241,-0.00279836,0.00563457
,0.00024361,0.00019148,-0.00015128,0.00049689,0.00038201,-0.00003771,-0.00001189
,0.00003531,0.00015530,-0.00023569,-0.00041940,-0.00031345,0.00107531,-0.0008508
4,0.00006760,0.00354810,0.00237066,-0.00334143,0.02565105,-0.02902806,-0.0316932
9,0.01226670,-0.01163218,0.01905145,-0.02102144,0.01907833,-0.00707250,0.0218985
7,-0.06952955,-0.01833526,-0.27359375,0.37867370,-0.00006595,0.00003750,0.000012
90,-0.00011272,0.00007102,0.00010829,-0.00008075,-0.00005444,0.00007223,-0.00005
046,-0.00003507,0.00002069,0.00000680,-0.00000639,0.00000727,-0.00001025,-0.0000
0457,-0.00000426,-0.00002123,-0.00001309,0.00000400,0.00010210,0.00007944,-0.000
26471,0.00009888,-0.00007129,-0.00010895,0.00004037,0.00001474,-0.00002370,0.000
13654,-0.00013717,0.00017411,-0.00002534,0.00002561,-0.00006122,0.00002849,0.000
00521,0.00001021,-0.00001767,0.00003428,-0.00000932,0.00005849,-0.00012299,0.000
08050,-0.00000416,0.00002226,0.00000019,0.00000332,0.00001525,-0.00000198,-0.000
04191,-0.00012787,0.00000790,-0.00003651,-0.00000148,-0.00007014,-0.00007357,0.0
0013121,0.00005345,0.00006556,-0.00008363,-0.00004006,-0.00001497,-0.00002240,0.
00000558,0.00001217,-0.00001652,-0.00000802,-0.00000599,0.00001263,0.00002463,0.
00001005,-0.00001468,0.00000227,0.00002952,-0.00000175,-0.00000523,0.00000463,-0
.00000920,-0.00006172,0.00004878,0.00004719,-0.00006457,0.00003206,0.00000947,-0
.00003705,-0.00000513,0.00000745,-0.00001088,0.00000995,0.00000720,0.00000279,0.
00003433,0.00000404,-0.00000958,-0.00004872,0.00003509,0.00003522,-0.00000912,-0
.00002189,-0.00006209,0.00010102,-0.00003835,-0.00012696,-0.00000766,0.00004368,
-0.00001492,0.00001432,-0.00001428,-0.00000627,0.00000416,-0.00000223,0.00001170
,0.00001548,0.00002101,-0.00000398,0.00003918,0.00001720,0.00001833,-0.00026181,
0.00008846,0.00015034,-0.00000999,-0.00009158,-0.00005695,0.00002469,0.00000140,
-0.00002336,0.00002750,-0.00000073,0.00003208,0.00000312,-0.00001850,0.00000596,
0.00068389,0.00071064,-0.00047634,-0.00115099,0.00052014,0.00050915,-0.01900989,
0.01530188,-0.00920636,-0.00150238,0.00109652,-0.00410206,-0.00050641,0.00055374
,0.00039118,-0.00028436,0.00024295,-0.00030737,0.00033004,-0.00017089,0.00022132
,-0.00005882,0.00015295,0.00072409,0.00386643,-0.00511317,-0.00120046,0.00527159
,0.00330185,0.04418777,-0.02725338,0.02084609,-0.02775242,0.03778998,-0.04620418
,-0.05705263,-0.09281529,0.03476243,-0.30498883,0.03376569,0.06565427,0.64281644
,0.00010725,-0.00013155,-0.00012757,0.00006171,0.00010657,0.00004391,0.00002080,
0.00009799,0.00022700,-0.00011486,-0.00000843,0.00003411,0.00000607,-0.00001413,
-0.00000499,0.00000022,0.00000679,-0.00000402,0.00002551,0.00006843,-0.00000066,
0.00066655,0.00041345,0.00155891,-0.00004732,-0.00002596,-0.00002262,0.00001395,
-0.00004566,-0.00000792,-0.00021798,-0.00063033,-0.00027407,0.00005943,-0.000024
18,0.00006887,-0.00001652,-0.00010725,-0.00000655,0.00001161,-0.00004534,-0.0000
1475,-0.00006114,0.00029266,-0.00003147,-0.00003241,-0.00007000,-0.00003956,-0.0
0001104,-0.00001081,0.00000220,-0.00003049,0.00038425,0.00018173,-0.00002297,0.0
0001794,-0.00011441,-0.00001736,-0.00015075,0.00007018,0.00000990,-0.00001656,-0
.00011151,0.00001890,0.00000302,0.00001710,0.00004070,0.00000979,0.00001700,-0.0
0001521,-0.00003650,0.00005601,-0.00001666,0.00001730,0.00001691,0.00000249,-0.0
0000366,0.00004603,-0.00018946,-0.00003736,0.00004183,-0.00026401,-0.00009299,-0
.00055342,-0.00002182,0.00000864,0.00008305,0.00000286,-0.00000910,-0.00000871,0
.00001306,-0.00004181,-0.00003076,0.00005650,-0.00008070,-0.00004810,-0.00001899
,-0.00002481,0.00004677,-0.00001660,0.00000540,-0.00003190,-0.00002165,-0.000083
20,-0.00002677,-0.00001549,-0.00001443,-0.00001094,0.00001970,0.00000597,0.00001
334,-0.00001008,0.00000780,-0.00000685,0.00001623,0.00001264,0.00000783,0.000048
96,0.00003872,0.00000943,-0.00001687,0.00009696,-0.00009349,0.00000267,0.0000088
0,-0.00000109,0.00002265,0.00000072,-0.00000084,-0.00001498,0.00003312,0.0000152
2,0.00000217,0.00000539,0.00000131,-0.00139428,-0.00264493,0.00108045,0.01006100
,-0.00422407,0.01423143,-0.08060831,0.01283043,-0.03769296,-0.01750746,0.0166062
1,-0.01544270,-0.00176278,0.00248721,0.00140480,-0.00071215,0.00098736,0.0003942
8,-0.00124673,0.00112947,-0.00128478,0.00090161,0.00055696,-0.00310034,-0.024563
56,0.02890654,0.00496442,-0.10919431,0.05917451,0.04001302,0.02734661,-0.0194482
7,0.03281461,-0.03190970,0.02675035,0.01337933,-0.01131350,-0.00147022,-0.069170
18,-0.20758984,0.14559290,-0.01855188,0.46219483,-0.00002537,0.00041305,0.000154
82,-0.00001330,-0.00000383,0.00003556,0.00015622,0.00013996,0.00008370,0.0000159
7,0.00002135,-0.00000252,0.00000173,0.00000766,0.00000290,-0.00000082,0.00000700
,0.00000963,0.00000271,0.00000060,0.00001997,-0.00059288,0.00058036,0.00028176,0
.00001724,-0.00000460,-0.00003721,0.00001378,0.00005384,0.00001608,0.00023147,-0
.00066037,0.00034736,-0.00005507,-0.00011175,-0.00012090,0.00006841,0.00007153,0
.00003930,-0.00001889,0.00005971,0.00000699,0.00009322,-0.00037245,-0.00003596,0
.00003257,0.00003649,0.00004714,0.00001599,0.00002464,-0.00000221,-0.00003366,-0
.00025950,-0.00004153,-0.00005055,0.00003430,0.00002733,0.00017267,0.00005001,0.
00002434,0.00000984,-0.00000407,0.00001314,-0.00001154,-0.00002196,-0.00003491,-
0.00002555,0.00002242,-0.00001684,0.00000603,0.00004596,-0.00005117,0.00000160,0
.00002640,-0.00002500,-0.00001639,-0.00001067,-0.00005353,0.00013689,0.00001940,
0.00001682,0.00001131,0.00003331,-0.00004575,0.00002721,0.00000266,-0.00004248,0
.00000188,0.00001535,0.00000220,-0.00001369,0.00003969,0.00001926,-0.00000044,0.
00006010,0.00001466,0.00002644,0.00000153,0.00002513,0.00001997,0.00000517,0.000
01350,-0.00001782,0.00003705,-0.00001131,0.00002433,-0.00000146,0.00000447,-0.00
002102,-0.00000827,-0.00000696,0.00000082,-0.00000338,-0.00000252,-0.00000437,-0
.00000423,-0.00000241,-0.00003056,-0.00002780,-0.00001533,0.00004029,-0.00001661
,0.00008900,0.00001748,-0.00002096,-0.00001789,-0.00000926,-0.00000066,0.0000031
5,0.00001171,-0.00000701,-0.00000617,-0.00000572,-0.00000342,-0.00000854,0.00005
222,-0.00025429,0.00208817,0.00009222,-0.00360709,0.00982809,0.01145581,-0.06734
294,0.01816340,0.01918978,-0.01302400,0.01503739,0.00205405,-0.00161427,-0.00167
711,0.00100275,-0.00117823,-0.00092398,0.00156370,-0.00125876,0.00207516,0.00008
269,0.00252450,0.00236945,0.02992329,-0.02646131,-0.00300237,0.06493071,-0.12769
859,-0.06091760,-0.02612209,0.01703144,-0.04042636,0.02636156,-0.03264797,-0.011
71336,0.00624955,0.00594855,0.06239645,0.13740203,-0.17084501,0.00740389,-0.2860
2933,0.41888774,0.00029317,-0.00005126,-0.00002227,-0.00000669,0.00016373,0.0000
2589,-0.00014817,-0.00017244,0.00007810,-0.00009323,0.00001888,-0.00001429,-0.00
000540,0.00000559,-0.00002504,0.00001379,0.00001156,-0.00000228,0.00003737,0.000
04502,-0.00002587,0.00084686,0.00224653,0.00291031,-0.00007461,-0.00006326,-0.00
002177,0.00003699,0.00002338,-0.00000023,-0.00007446,-0.00064353,-0.00107817,-0.
00002268,0.00006727,-0.00023568,0.00005850,0.00011159,0.00002802,-0.00002266,0.0
0001670,-0.00004696,-0.00001469,-0.00066514,0.00008380,0.00003941,-0.00008051,0.
00001482,0.00000727,0.00000172,0.00000886,-0.00000828,0.00053480,0.00028738,-0.0
0009882,0.00015559,-0.00008375,-0.00019692,-0.00018306,0.00015149,0.00002354,-0.
00005552,-0.00008383,0.00004634,-0.00003762,0.00004587,0.00000537,0.00002815,0.0
0002429,0.00000191,-0.00003607,-0.00002283,-0.00002415,-0.00000592,-0.00000014,-
0.00000374,-0.00001036,0.00004776,-0.00011703,0.00005608,0.00011132,-0.00060434,
-0.00024564,-0.00113443,0.00005641,-0.00004145,0.00005487,0.00002196,0.00000679,
0.00000556,-0.00000500,-0.00003346,-0.00001963,0.00003315,-0.00007029,-0.0000297
6,-0.00000769,-0.00004066,0.00011092,-0.00000991,0.00002203,-0.00003416,-0.00002
353,-0.00003154,-0.00003669,-0.00000420,-0.00001003,-0.00002689,-0.00000552,0.00
000392,0.00001542,-0.00001758,0.00000394,-0.00001325,0.00002940,0.00002301,-0.00
000118,0.00004705,0.00002881,-0.00000811,-0.00007429,0.00010019,-0.00004763,-0.0
0001184,-0.00005968,-0.00003701,0.00003522,-0.00000062,-0.00000912,-0.00002066,0
.00001617,0.00001099,-0.00001053,0.00000893,-0.00001062,-0.00313142,-0.00213440,
-0.00369578,0.00556196,0.01028267,-0.02366863,-0.04955458,0.02807949,-0.16707537
,-0.01322593,0.01079676,-0.00509877,0.00067040,-0.00098864,-0.00036817,-0.000350
64,0.00030102,-0.00091634,0.00081324,-0.00058072,0.00158057,-0.00378553,0.003648
73,-0.00123905,0.01027964,-0.00940219,0.00898665,0.08141884,-0.10167488,-0.19057
937,-0.00131648,-0.00855530,-0.05045893,0.01166263,-0.00976668,-0.00037367,-0.02
620021,0.02274192,-0.00671357,-0.06937479,0.05491943,-0.10176385,0.05204123,0.01
423004,0.56527626,-0.00002532,0.00001862,-0.00004358,-0.00003712,0.00027590,-0.0
0030811,0.00000210,0.00011576,0.00003031,-0.00005330,-0.00000337,-0.00002847,-0.
00001958,0.00000858,0.00000150,-0.00001584,-0.00001371,-0.00000738,-0.00006681,-
0.00026942,-0.00008353,0.00038709,0.00205395,0.00089527,-0.00001368,-0.00007500,
0.00021981,0.00000429,0.00000045,0.00001959,0.00050334,-0.00043490,0.00031492,0.
00001102,-0.00000889,-0.00001826,-0.00000510,0.00001971,0.00001823,-0.00002871,0
.00001181,0.00001631,-0.00002065,-0.00003792,0.00003308,-0.00000153,0.00000497,0
.00002612,-0.00000247,-0.00000108,0.00001327,-0.00005382,0.00009788,-0.00007161,
0.00001779,0.00001021,0.00001245,-0.00011804,-0.00013811,0.00003196,0.00007166,-
0.00011649,0.00015560,0.00015409,-0.00005888,0.00000554,-0.00006705,-0.00001223,
0.00003022,0.00000671,0.00000447,0.00003336,-0.00006045,-0.00001481,0.00000770,0
.00008190,0.00010529,-0.00003123,0.00001829,0.00013560,0.00012835,-0.00022585,0.
00000490,0.00017952,0.00027779,-0.00005289,-0.00004949,0.00001625,-0.00000426,0.
00000645,-0.00002014,0.00002155,0.00001408,0.00002114,-0.00003381,-0.00001908,0.
00004699,-0.00002365,-0.00000038,0.00000432,-0.00001642,-0.00001607,0.00000039,-
0.00000139,-0.00001378,-0.00000439,-0.00000088,-0.00001099,0.00000240,0.00001970
,0.00001386,-0.00001212,-0.00000361,-0.00000800,-0.00000027,0.00000375,0.0000031
9,-0.00002749,-0.00000590,-0.00001331,0.00000574,-0.00003654,0.00005126,-0.00000
612,0.00001095,0.00003107,0.00000891,0.00000391,-0.00000574,0.00002080,-0.000021
49,0.00001107,-0.00001727,-0.00000577,-0.00001321,-0.02875249,0.01562287,-0.0262
5284,-0.05893094,0.05724497,-0.03536424,0.00342647,-0.01290799,0.01284858,0.0003
8033,-0.00122707,0.00120142,0.00010443,-0.00013953,0.00090915,-0.00008898,0.0002
2125,-0.00005282,-0.00002281,-0.00004683,-0.00017673,0.00011175,-0.00010105,-0.0
0000210,-0.00005570,-0.00021069,0.00007587,0.00021380,-0.00007194,0.00048861,0.0
0003857,0.00024753,-0.00000477,-0.00000945,0.00000570,0.00003531,0.00016171,0.00
010792,-0.00005617,0.00006886,0.00011935,0.00027432,-0.00242616,-0.00118722,0.00
118669,0.08864205,-0.00012483,0.00035402,0.00030829,-0.00002043,-0.00004382,0.00
020361,-0.00009736,-0.00004783,0.00023923,-0.00007738,-0.00002168,0.00013301,0.0
0000062,0.00001148,0.00001558,-0.00000918,0.00002216,-0.00000744,-0.00020751,-0.
00013663,0.00002388,-0.00022953,0.00169039,-0.00078675,0.00003681,-0.00003322,-0
.00015759,-0.00001849,0.00002739,-0.00005432,-0.00050545,-0.00004387,-0.00003099
,0.00005264,-0.00004694,0.00015455,0.00002135,-0.00004549,0.00005736,0.00010647,
0.00004886,0.00002223,-0.00000253,-0.00003711,0.00000421,-0.00002809,0.00000938,
0.00001088,0.00001255,0.00001561,-0.00001193,-0.00015458,-0.00039501,-0.00015357
,0.00004676,-0.00001842,-0.00002989,-0.00001932,-0.00002075,-0.00004090,0.000009
15,0.00005847,-0.00010312,0.00008711,-0.00009749,-0.00006050,-0.00000049,0.00001
137,-0.00009821,-0.00002740,0.00010535,0.00000139,-0.00005443,0.00002511,-0.0000
8522,0.00001132,-0.00010636,0.00001383,0.00017795,0.00001623,-0.00011335,-0.0002
6339,-0.00024926,-0.00013949,0.00000250,-0.00003111,0.00002700,-0.00001231,0.000
02322,0.00000413,-0.00001068,0.00002255,-0.00000407,0.00009438,0.00003095,-0.000
02243,0.00000096,-0.00003212,-0.00000493,0.00000558,0.00000528,0.00000669,-0.000
01355,-0.00001359,-0.00001799,-0.00000851,-0.00001148,0.00000046,0.00000204,-0.0
0000481,0.00000059,0.00001221,-0.00000695,0.00000614,0.00000927,0.00000798,-0.00
000999,0.00000947,0.00000184,0.00000737,0.00000115,0.00000498,-0.00000693,0.0000
0160,0.00000165,0.00000440,0.00000815,0.00000306,-0.00000631,-0.00000652,0.00000
482,-0.00000163,0.00000974,0.00000201,0.00000477,0.00059260,0.00867192,-0.002919
80,0.05922491,-0.18429848,0.08949655,0.00023405,-0.00853604,0.00908380,0.0011900
2,0.00108301,-0.00100150,0.00028951,0.00006785,0.00024677,-0.00017920,-0.0000670
4,-0.00006747,0.00001827,-0.00006533,-0.00015762,0.00002969,-0.00021327,-0.00010
250,0.00014479,-0.00009096,0.00025416,0.00004664,-0.00003730,-0.00007854,0.00005
256,0.00008143,0.00005790,-0.00008372,0.00008129,0.00005302,0.00000193,0.0000976
6,-0.00016953,0.00016666,-0.00003246,-0.00004637,-0.00123382,-0.00078487,0.00036
049,-0.06809508,0.20554508,0.00018301,0.00068293,0.00026730,-0.00013187,0.000254
58,0.00001868,0.00002517,0.00019868,0.00005538,-0.00008077,-0.00001058,-0.000016
17,0.00000501,0.00005356,0.00001119,0.00001470,0.00002758,-0.00001264,-0.0001776
7,-0.00017480,0.00012578,-0.00154813,0.00326510,0.00100094,0.00004456,-0.0000902
3,-0.00003515,0.00002601,0.00006475,0.00006401,0.00145731,-0.00020882,0.00053537
,-0.00001065,-0.00011483,0.00008616,-0.00005396,-0.00005805,0.00002301,-0.000019
49,0.00005073,0.00004256,-0.00002067,0.00006782,-0.00009121,0.00000228,-0.000020
63,-0.00000174,0.00000198,0.00002362,0.00003054,-0.00036308,-0.00052617,-0.00033
421,0.00001356,-0.00006995,0.00006088,0.00000854,-0.00003532,0.00002294,0.000116
52,-0.00014260,0.00001630,-0.00005706,-0.00004251,0.00000965,0.00000997,-0.00002
781,-0.00005079,-0.00003252,0.00005977,0.00005088,0.00001881,0.00000766,-0.00008
942,-0.00004697,-0.00008064,0.00005432,0.00030847,-0.00027674,-0.00021568,-0.000
06838,-0.00027089,0.00013318,0.00015955,-0.00009171,-0.00005519,0.00002856,0.000
01378,0.00002046,-0.00001991,0.00000857,-0.00001203,0.00009233,0.00000355,-0.000
00636,0.00003761,-0.00001404,-0.00001309,0.00003021,-0.00003194,-0.00000271,-0.0
0000214,0.00000316,0.00000229,0.00000442,0.00000390,0.00001084,-0.00001494,0.000
02188,0.00000607,0.00000453,-0.00000192,-0.00000200,-0.00000043,0.00000079,0.000
00191,-0.00000438,-0.00000250,-0.00000397,0.00000816,-0.00003669,0.00001556,0.00
000082,0.00001881,0.00000669,0.00000294,0.00000042,0.00000213,0.00000932,-0.0000
2309,-0.00000254,-0.00000058,-0.00000212,-0.00000767,-0.01999546,0.00872055,-0.0
1448237,-0.03441885,0.08674746,-0.09639916,-0.00048447,0.01743934,-0.01396074,-0
.00103485,0.00100564,-0.00005876,-0.00005419,-0.00010713,0.00025410,0.00018615,-
0.00010222,-0.00011407,0.00000202,-0.00000535,0.00008548,-0.00005904,0.00010933,
0.00005576,-0.00014220,0.00030394,-0.00037750,-0.00019135,-0.00002895,-0.0003424
0,-0.00009804,-0.00020975,0.00001326,0.00005771,-0.00004259,-0.00001080,-0.00010
034,-0.00017096,0.00020328,-0.00014890,-0.00013840,-0.00009594,0.00263900,0.0016
2274,-0.00149664,0.04718810,-0.10436335,0.11665576,0.00021939,0.00009768,-0.0000
5962,0.00015481,-0.00000834,-0.00017782,-0.00000937,0.00020679,-0.00001462,-0.00
011925,0.00000474,-0.00001565,0.,0.00000747,-0.00000342,-0.00000298,0.00001228,-
0.00000082,-0.00006102,-0.00000548,-0.00001560,-0.00399619,-0.00051736,-0.002951
40,-0.00003899,0.00004805,0.00011635,0.00003034,0.00002122,0.00000720,0.00025917
,0.00040363,0.00054546,-0.00000010,-0.00002335,-0.00005628,-0.00000061,-0.000005
03,-0.00001124,-0.00003497,-0.00001041,-0.00000782,-0.00007488,-0.00002388,-0.00
001442,0.00001489,-0.00003304,-0.00000530,0.00000120,-0.00000240,0.00001279,-0.0
0017735,0.00010423,-0.00003754,-0.00007277,0.00006722,-0.00001485,0.00009314,-0.
00013406,-0.00001147,-0.00003405,0.00006358,0.00003386,0.00001551,-0.00004766,0.
00010296,-0.00001162,-0.00001758,0.00002743,-0.00000276,-0.00003065,0.00004442,0
.00002254,-0.00002529,-0.00000983,0.00000123,-0.00002298,0.00009578,0.00002043,-
0.00006248,-0.00003349,-0.00027321,-0.00159120,-0.00096141,0.00009802,-0.0000252
9,-0.00005564,0.00002019,-0.00001494,0.00000548,0.00000756,-0.00001432,-0.000008
89,0.00006540,-0.00015993,-0.00002587,0.00004042,0.00000739,0.00001669,-0.000002
06,0.00000375,0.00000509,-0.00002273,0.00000951,-0.00002580,-0.00001289,0.000001
45,0.00000046,0.00001747,0.00001648,0.00001878,-0.00000235,0.00000695,-0.0000053
9,0.00000846,0.00000197,0.00000126,-0.00001793,-0.00000171,-0.00000392,0.0000124
8,-0.00002358,0.00001700,-0.00000505,0.00001225,0.00003808,0.00000124,-0.0000094
8,-0.00000217,0.00000330,0.,-0.00001205,0.00000136,0.00000321,0.00000134,-0.0000
5576,-0.02441966,-0.02113116,-0.05720048,0.05651835,0.04413410,-0.00957629,0.009
42382,0.01338948,-0.00194007,-0.00087601,0.00265625,0.00000916,-0.00008695,0.000
27331,0.00014555,0.00002819,-0.00007512,0.00003266,-0.00001570,0.00001418,0.0001
3748,0.00013592,0.00008517,-0.00039882,0.00047560,0.00023367,-0.00009448,0.00011
947,0.00019824,-0.00000141,0.00006183,-0.00002541,0.00001873,-0.00001429,-0.0000
2469,0.00000005,0.00003673,0.00002323,-0.00014929,0.00005368,-0.00015750,-0.0007
5413,0.00022780,0.00048884,-0.00194047,0.00961890,0.00592752,0.07594559,-0.00001
485,-0.00032584,-0.00011603,0.00023464,-0.00020415,-0.00032502,-0.00007711,0.000
08970,0.00005306,-0.00003956,0.00003432,0.00008501,-0.00000239,-0.00001316,-0.00
001338,0.00000073,0.00000037,-0.00001479,0.00009650,0.00006335,-0.00008869,-0.00
029153,-0.00072361,-0.00201396,-0.00009375,0.00010431,0.00027331,-0.00003377,-0.
00001890,-0.00003350,-0.00125049,0.00033791,-0.00028551,0.00001140,0.00003255,0.
00002364,0.00000897,0.00004183,0.00002602,0.00006884,-0.00001099,0.00001864,-0.0
0004430,-0.00002184,0.00005715,-0.00001150,-0.00000571,0.00000327,-0.00000255,-0
.00000775,-0.00000318,0.00011542,0.00035206,0.00020596,0.00004118,0.00009124,-0.
00002899,-0.00002532,-0.00007660,0.00003308,-0.00011692,0.00013834,0.00007494,0.
00005971,0.00000743,-0.00007517,0.00003166,0.00006160,-0.00000317,-0.00001115,0.
00001432,-0.00000711,-0.00006411,0.00004331,0.00002706,-0.00004084,0.00004119,-0
.00001595,-0.00014578,0.00004850,0.00007331,-0.00029015,-0.00059867,-0.00046963,
-0.00002303,0.00002554,-0.00006564,0.00000606,-0.00000795,-0.00000798,-0.0000021
3,-0.00000128,-0.00001026,0.00000815,-0.00008418,-0.00002502,0.00001499,0.000016
45,0.00001077,-0.00002264,0.00000033,0.00000432,-0.00000516,0.00000766,-0.000015
75,-0.00000953,0.00000313,0.00000271,0.00001698,0.00001343,0.00001407,-0.0000101
0,0.00001255,-0.00000427,0.00000486,-0.00000096,0.00000149,-0.00001369,0.0000029
2,-0.00000116,0.00000279,-0.00001714,0.00000305,0.00000214,0.00000238,0.00003324
,-0.00000545,-0.00000916,0.00000214,0.00000270,0.00001300,-0.00000453,-0.0000058
3,0.00000286,-0.00000002,-0.00510962,-0.01045058,-0.01082650,0.05279836,-0.16864
974,-0.10380291,-0.00312929,0.00431252,0.00479887,-0.00012410,-0.00004881,0.0005
2918,-0.00003079,0.00019020,-0.00018560,-0.00005269,0.00012660,0.00003210,-0.000
00390,0.00000947,0.00000952,0.00000401,0.00004395,0.00007105,-0.00009940,0.00024
609,0.00030281,0.00002598,0.00003701,0.00019879,0.00005779,0.00003046,0.00008899
,-0.00003487,0.00003396,0.00000679,0.00005794,-0.00001101,-0.00001801,0.00004304
,-0.00007526,0.00013506,-0.00048537,-0.00019519,0.00014515,0.00936901,-0.0225507
9,-0.01410571,-0.05020652,0.19616083,0.00002004,-0.00003678,0.00000787,0.0001057
7,-0.00014079,-0.00007657,-0.00002027,0.00007768,-0.00007213,0.00002700,0.000054
79,0.00001391,-0.00000320,0.00000868,-0.00001211,-0.00000025,0.00000279,-0.00001
097,-0.00005429,-0.00002068,-0.00001721,-0.00280837,-0.00132843,-0.00183134,-0.0
0004068,0.00006855,0.00007079,-0.00000987,-0.00000995,0.00002168,-0.00034788,0.0
0103641,0.00062907,-0.00000088,-0.00002584,0.00002411,-0.00001608,-0.00000213,0.
00000599,0.00000727,0.00001669,0.00002288,-0.00001016,0.00000048,0.00000922,-0.0
0000194,0.00000983,0.00000178,-0.00000489,0.00000133,0.00001368,-0.00001560,0.00
003941,-0.00000390,0.00001519,0.00002607,0.00001190,0.00010785,-0.00006708,-0.00
003871,-0.00007420,0.00011362,0.00004363,0.00004787,0.00000080,-0.00000747,-0.00
002261,0.00001764,-0.00000205,-0.00000805,0.00001192,0.00000647,0.00000986,0.000
02881,-0.00000958,-0.00004379,-0.00001788,0.00003484,0.00005239,0.00000586,-0.00
005918,-0.00026317,-0.00107156,-0.00062878,-0.00000218,-0.00001860,-0.00002012,0
.00001812,-0.00000661,0.00000434,-0.00000207,0.00000635,-0.00001079,-0.00002121,
-0.00007975,0.00000270,0.00001948,-0.00000120,0.00000752,-0.00000316,-0.00000558
,-0.00000004,-0.00001725,-0.00000733,-0.00002894,-0.00001317,-0.00000772,0.00001
114,0.00000552,0.00002876,0.00002181,-0.00000369,0.00001255,-0.00000379,0.000008
30,0.00000368,0.00000309,-0.00000492,0.00000586,0.00000090,0.00001089,-0.0000161
7,-0.00000963,-0.00000335,0.00002264,0.00003383,0.00000310,-0.00000622,0.0000045
2,-0.00000555,0.00001509,-0.00000701,0.00000484,0.00000460,0.00000023,-0.0040751
7,-0.01854522,-0.01487327,0.04180505,-0.10207482,-0.12773317,0.01109443,-0.01233
326,-0.01293993,0.00174029,0.00137739,-0.00213587,-0.00007987,-0.00000245,-0.000
12499,-0.00018882,-0.00006651,0.00005896,-0.00000280,0.00001254,0.00000279,-0.00
019880,-0.00008969,-0.00008793,0.00025381,-0.00042187,-0.00029828,0.00009621,-0.
00016454,-0.00012539,-0.00002360,-0.00004168,0.00010975,-0.00001333,0.00005644,0
.00011763,-0.00008578,0.00001178,0.00001532,0.00029685,-0.00030154,-0.00002307,0
.00077144,0.00017721,-0.00065471,-0.00343934,0.01003848,0.00880730,-0.04375437,0
.12378830,0.15049437,0.00014842,0.00001203,-0.00003803,0.00007080,-0.00000020,-0
.00005323,-0.00002686,0.00002884,-0.00002328,0.00001679,0.00002346,-0.00001004,-
0.00000224,0.00000447,-0.00000588,0.00000577,0.00000852,-0.00000894,-0.00000448,
0.00002647,-0.00001347,-0.00000368,0.00023002,0.00031395,-0.00002472,-0.00000294
,0.00003557,-0.00000654,0.00000226,0.00001588,-0.00016675,0.00007411,0.00018312,
-0.00000610,-0.00000330,0.00001714,-0.00002512,0.00000461,-0.00000544,-0.0000049
1,-0.00001053,0.00000861,-0.00006421,0.00004206,-0.00001135,0.00000632,-0.000027
40,-0.00001506,-0.00000504,-0.00000441,0.00000780,0.00002153,0.00011705,0.000046
53,0.00001109,-0.00000610,0.00002715,-0.00003018,-0.00002879,-0.00000904,-0.0000
2680,0.00001914,0.00001709,-0.00001003,-0.00000434,0.00000567,0.00000625,0.00001
743,-0.00000410,-0.00001832,-0.00000488,0.00000339,0.00000514,-0.00000105,0.0000
0432,-0.00003309,0.00001335,0.00000388,-0.00003162,-0.00004853,0.00001296,-0.000
07297,0.00001053,-0.00012677,0.00004049,-0.00004592,-0.00000839,0.00000882,-0.00
000510,0.00000529,0.00000555,-0.00001906,-0.00001030,-0.00000219,-0.00000782,0.0
0001184,0.00000984,0.00000505,-0.00000973,-0.00000600,-0.00000967,-0.00000380,-0
.00000805,-0.00000258,-0.00001062,-0.00001336,-0.00000092,0.00000004,0.00000577,
0.00001331,0.00000778,-0.00000393,0.00000560,-0.00000481,0.00000555,0.00000317,0
.00000265,-0.00000659,0.00000212,-0.00000293,0.00000859,-0.00002881,0.00000050,-
0.00000230,0.00002022,0.00001812,0.00000646,-0.00000142,0.00000085,0.00000416,-0
.00000776,-0.00000246,-0.00000404,0.00000211,-0.00000623,-0.00407159,-0.00241680
,0.00180627,-0.01276278,-0.01820791,-0.00369870,-0.07645251,-0.07739577,-0.04324
942,0.00571856,0.01649887,0.00805604,-0.00023976,0.00044667,0.00055776,-0.000452
15,-0.00063240,0.00003197,0.00004752,0.00006606,0.00018778,-0.00081135,-0.000273
08,0.00046150,-0.00162623,0.00137344,0.00052664,-0.00064388,0.00044791,-0.001178
11,0.00048624,0.00015310,-0.00017149,-0.00004979,0.00000034,0.00001175,0.0003300
2,0.00036883,-0.00003029,0.00062831,-0.00016813,-0.00031219,-0.00480354,-0.00926
197,-0.00808617,-0.00072794,-0.00053692,0.00076970,-0.00030161,-0.00107329,-0.00
073780,0.09612036,-0.00003692,-0.00017917,-0.00003492,0.00009989,-0.00007403,-0.
00010835,-0.00000730,-0.00002784,-0.00003277,0.00008647,0.00005773,0.00001995,-0
.00000086,0.00000641,-0.00000784,0.00000733,0.00000635,-0.00001218,0.00001611,0.
00001346,-0.00003142,0.00049203,-0.00009753,0.00013261,-0.00006828,0.00003140,0.
00010194,-0.00003177,-0.00002148,0.00000834,-0.00030470,-0.00008227,0.00010445,-
0.00001576,0.00000908,0.00001266,-0.00001964,0.00001806,0.00001107,0.00003289,0.
00002277,0.00002251,0.00003255,-0.00000608,0.00006210,-0.00001555,0.00002898,0.0
0001214,-0.00000340,0.00000100,0.00001035,0.00011922,0.00019189,0.00008294,0.000
05394,0.00001739,0.00001777,-0.00002700,-0.00002519,0.00001329,-0.00006275,0.000
05394,0.00004693,0.00003075,0.00000386,-0.00004388,0.00000864,0.00003012,-0.0000
1463,0.00000072,0.00002697,-0.00000294,-0.00002663,0.00001612,-0.00000351,-0.000
03036,-0.00002101,-0.00000308,-0.00003567,0.00004955,-0.00005063,-0.00015778,0.0
0006905,-0.00008827,-0.00000003,-0.00001362,-0.00000071,0.00000794,-0.00000780,0
.00000312,-0.00000948,0.00002229,-0.00000047,-0.00007041,-0.00002741,0.00000722,
0.00000506,0.00000571,-0.00000591,-0.00001153,-0.00000714,-0.00001189,0.00000807
,-0.00000187,-0.00001450,-0.00000830,0.00000282,0.00000075,0.00000179,0.00001858
,0.00001557,-0.00001025,0.00000718,-0.00000692,0.00000779,0.00000232,0.00000068,
-0.00000681,0.00000424,-0.00000629,-0.00000799,-0.00001051,0.00000156,-0.0000043
3,0.00000404,0.00001987,0.00000499,-0.00000400,0.00000188,0.00000161,0.00000409,
0.00000123,-0.00000886,0.00000143,-0.00000684,-0.00141758,-0.00063061,0.00149323
,-0.00891822,-0.00926807,-0.00348888,-0.07974387,-0.18259357,-0.07588022,-0.0048
0209,-0.02169006,-0.01194064,-0.00000274,0.00037309,-0.00082750,0.00061247,0.000
76776,0.00000439,-0.00018557,0.00006560,-0.00016174,0.00088495,0.00043228,-0.000
56925,0.00121974,-0.00160175,-0.00076935,0.00043039,-0.00085051,0.00104843,-0.00
026063,-0.00001913,0.00003787,0.00014724,-0.00008503,0.00014110,-0.00013022,-0.0
0012650,0.00003520,0.00013060,-0.00000149,0.00060991,0.00213533,0.00503952,0.000
94752,-0.00030294,-0.00040105,0.00073783,0.00062467,0.00136968,-0.00064925,0.089
89640,0.20952447,0.00002394,-0.00009934,-0.00000224,0.00000293,-0.00002561,-0.00
005777,0.00003162,-0.00000775,-0.00008798,0.00010185,0.00004979,-0.00003780,-0.0
0000158,0.00000941,-0.00000066,0.00000780,-0.00000297,-0.00000779,-0.00000342,-0
.00001559,-0.00000118,0.00055848,-0.00027517,-0.00027223,-0.00004114,0.00002628,
0.00007252,-0.00002123,0.00000804,0.00002683,-0.00032952,-0.00000504,-0.00007660
,-0.00001396,0.00000802,0.00002328,-0.00005352,0.00000441,0.00000108,-0.00000745
,0.00002167,0.00000983,-0.00002213,0.00004433,0.00000379,-0.00001726,0.00000301,
0.00000141,-0.00000273,-0.00000125,0.00001236,0.00005294,0.00016023,0.00002001,0
.00006456,-0.00001214,0.00005413,0.00001208,-0.00001688,0.00001122,-0.00002781,0
.00000214,0.00005207,0.00001012,-0.00000122,0.00001441,-0.00001452,0.00001455,0.
00001064,0.00001192,-0.00001054,-0.00000249,0.00000127,0.00000575,0.00000077,-0.
00000264,0.00001385,0.00000507,-0.00001420,0.00000301,-0.00002548,-0.00003602,0.
00002193,0.00010373,-0.00002969,0.00002404,-0.00001454,0.00000558,-0.00000937,0.
00000633,-0.00001169,0.00000323,-0.00000133,-0.00006981,-0.00002086,0.00001433,0
.00000335,0.00000922,-0.00000831,-0.00000059,-0.00001024,-0.00000064,-0.00000692
,-0.00001375,0.00000317,-0.00000749,-0.00000059,0.00000881,-0.00000241,0.0000170
2,0.00000828,-0.00000081,0.00000573,-0.00000282,-0.00000207,-0.00000220,0.000004
66,-0.00000142,0.00000187,-0.00000005,0.00001880,-0.00001946,-0.00001135,0.00000
090,0.00003409,0.00001515,-0.00000382,-0.00000303,0.00000482,0.00000158,0.000002
57,-0.00000594,0.00000031,0.00000248,-0.00000139,0.00243920,0.00172610,-0.001028
80,0.01043845,0.01161151,0.00422706,-0.04653229,-0.07858516,-0.07208176,0.000272
93,-0.00658358,-0.00206536,-0.00032253,0.00010121,0.00010774,0.00018050,0.000252
04,0.00003509,-0.00022163,0.00020053,-0.00028389,0.00062176,-0.00020466,-0.00010
438,-0.00064433,-0.00000104,-0.00067810,-0.00051392,-0.00013162,-0.00234092,0.00
068273,0.00081724,-0.00112569,0.00033173,-0.00037905,-0.00001753,0.00083305,0.00
089241,0.00006655,0.00044812,-0.00035648,-0.00038873,-0.01339702,-0.01896137,-0.
01701817,0.00016496,0.00043045,-0.00086217,0.00121764,0.00125192,0.00126906,0.04
464948,0.08842728,0.09222627,0.00004048,-0.00002432,-0.00000974,-0.00003917,0.00
000403,0.00001678,0.00000568,-0.00000433,-0.00002635,-0.00003338,-0.00001976,0.0
0000384,-0.00000206,0.00000118,0.00001012,-0.00000226,-0.00000015,0.00000134,-0.
00001893,-0.00002021,-0.00001834,-0.00003896,0.00003767,-0.00013967,0.00003364,0
.00000263,-0.00001023,0.00000319,0.00002025,-0.00000845,0.00019939,0.00000004,0.
00009235,0.00000259,0.00001244,0.00002372,-0.00002009,0.00000562,0.00002631,0.00
000438,-0.00000014,0.00000809,0.00000994,0.00002761,0.00000394,-0.00004593,-0.00
000803,-0.00003306,-0.00000089,-0.00000257,-0.00000054,-0.00003601,-0.00003309,-
0.00003682,0.00002192,-0.00000372,0.00001910,-0.00002049,0.00001955,-0.00000191,
0.00002149,-0.00001203,-0.00000093,0.00000023,-0.00002461,0.00000814,-0.00000725
,0.00000112,0.00000468,0.00000825,-0.00000378,0.00000709,-0.00001424,-0.00001541
,-0.00000868,0.00000667,-0.00001981,-0.00000762,-0.00000167,0.00004059,0.0000173
3,0.00004189,0.00002383,0.00006381,-0.00000449,0.00000248,-0.00000665,-0.0000050
0,-0.00000244,0.00000128,-0.00001637,-0.00002354,0.00000024,0.00002667,0.0000090
9,-0.00000297,-0.00000945,0.00000715,-0.00001451,0.00000225,-0.00000678,0.000004
35,0.00000026,-0.00000339,0.00000188,-0.00000192,0.00000209,0.00000510,0.0000035
7,0.00000007,-0.00000466,0.00000532,0.00000164,0.00000506,-0.00000370,-0.0000011
7,0.00000044,0.00000067,-0.00000102,0.00000500,0.00000423,-0.00000207,-0.0000043
6,0.00000261,0.00000459,-0.00000141,-0.00000389,-0.00000074,0.00000136,-0.000000
20,-0.00000092,-0.00000224,0.00000515,-0.00000079,0.00000345,0.00015198,-0.00013
392,0.00023958,-0.00029152,0.00062111,-0.00036781,-0.00090791,-0.00184642,0.0004
0066,0.00140326,-0.00271620,-0.01721614,-0.03929926,0.00568286,0.00221018,-0.000
37813,0.00379782,0.01774161,0.00203931,0.00620169,0.00104565,-0.00049849,0.00025
792,-0.00008290,0.00237225,0.00583240,-0.00289680,-0.00018300,-0.00025068,-0.000
82412,-0.00020549,0.00009526,-0.00000893,-0.00002545,0.00004210,-0.00005885,0.00
000701,-0.00001241,-0.00003494,0.00008727,-0.00003086,0.00006500,0.00004851,-0.0
0008831,-0.00013505,-0.00090031,-0.00018713,-0.00001500,-0.00007523,0.00000124,0
.00013655,0.00029042,-0.00020451,-0.00017104,0.03822455,-0.00004822,0.00010845,0
.00006735,-0.00001145,0.00001439,-0.00000686,-0.00003055,0.00001229,0.00001511,-
0.00005104,-0.00001411,0.00002998,0.00000975,0.00001385,0.00000132,-0.00000259,0
.00000819,0.00000306,-0.00002647,0.00000671,-0.00000681,-0.00024013,0.00017963,0
.00004287,0.00000869,-0.00001708,-0.00000390,0.00002453,-0.00000137,0.00000282,0
.00022320,-0.00004415,-0.00000191,0.00002116,-0.00003509,0.00002051,0.00002873,-
0.00002138,0.00002120,0.00002018,0.00002904,0.00001577,-0.00000837,-0.00004003,-
0.00002546,0.00001671,0.00002453,0.00001694,0.00000551,0.00001381,0.00000265,-0.
00003101,-0.00004281,-0.00003995,0.00000693,0.00001606,0.00000074,-0.00000064,0.
00000587,0.00000181,0.00001894,-0.00000536,0.00000233,-0.00004413,-0.00002740,0.
00001146,0.00000470,-0.00001220,-0.00001422,0.00000200,0.00003420,0.00001183,-0.
00000225,-0.00004273,-0.00006566,-0.00002302,-0.00007661,0.00003581,0.00008970,-
0.00002078,-0.00013669,0.00001698,-0.00003416,0.00000537,0.00000700,-0.00000161,
0.00000154,0.00000354,0.00000740,-0.00000097,0.00000815,0.00005197,0.00001110,0.
00003496,-0.00000252,-0.00000313,-0.00000141,-0.00000164,-0.00000204,0.00000277,
0.00000035,0.00000246,0.00000187,0.00000670,0.00000344,0.00000279,0.00000172,0.0
0000032,-0.00000148,-0.00000332,-0.00000256,0.00000301,-0.00000099,0.00000234,0.
00000045,0.00000042,-0.00000215,0.00000307,-0.00000114,0.00000318,-0.00000505,-0
.00000119,0.00000187,0.00000309,-0.00000888,-0.00000295,-0.00000076,0.00000121,0
.00000034,0.00000021,-0.00000051,0.00000112,0.00000124,-0.00000097,0.00000010,-0
.00015086,-0.00013981,-0.00011565,-0.00010016,0.00031342,0.00015650,-0.00166827,
-0.00069925,0.00035577,0.00029126,0.00339478,0.01474075,0.00518823,-0.04688616,-
0.04454318,0.00153816,-0.00436642,-0.02112139,0.00636871,0.00080966,-0.00195026,
0.00009691,-0.00029177,0.00030287,0.00577673,0.00292956,0.00128368,-0.00007367,-
0.00013806,0.00073369,0.00004026,-0.00017040,0.00002643,0.00006498,-0.00000740,0
.00004750,-0.00000081,0.00000315,0.00003677,-0.00003426,0.00004855,-0.00005802,-
0.00007607,0.00001968,0.00006382,0.00001197,0.00027682,-0.00005617,0.00003178,-0
.00010482,0.00004415,0.00009972,-0.00038361,-0.00004059,-0.01482496,0.04726538,0
.00007175,0.00016336,0.00007457,0.00004129,-0.00004216,-0.00012008,0.00000196,-0
.00003237,-0.00005265,0.00007545,0.00006116,0.00001285,0.00000260,0.00002552,-0.
00001546,0.00000131,0.00000993,-0.00001816,-0.00007027,-0.00001478,0.00000643,0.
00011080,-0.00010480,-0.00032581,-0.00003438,0.00002004,0.00009213,0.00000333,-0
.00003601,0.00007246,-0.00017796,0.00001087,0.00034568,-0.00004120,-0.00004021,0
.00004780,-0.00000399,-0.00006490,0.00001024,0.00001062,0.00005414,0.00004113,0.
00009837,0.00005768,0.00001456,-0.00001064,0.00007535,0.00000778,-0.00001243,0.0
0002025,0.00001026,0.00003110,-0.00001371,-0.00005934,0.00007736,-0.00003664,0.0
0003033,0.00000665,-0.00000510,-0.00000170,-0.00001808,0.00002517,0.00008010,-0.
00000285,0.00000258,-0.00000040,0.00000646,-0.00000147,-0.00003179,-0.00001256,0
.00006567,0.00001979,0.00003258,0.00000918,-0.00006083,-0.00002661,-0.00006895,0
.00016713,0.00002694,-0.00010361,-0.00046055,0.00000796,-0.00000027,0.00005662,-
0.00000527,0.00001022,-0.00000729,0.00001287,0.00001000,0.00000305,0.00000600,0.
00005162,-0.00001066,-0.00003271,0.00000022,0.00001919,0.00000124,0.00001179,-0.
00001811,-0.00000140,-0.00001688,0.00000197,0.00000465,0.00000382,0.00000557,-0.
00000294,0.00000633,0.00001182,-0.00000319,0.00001585,0.00000860,0.00000069,0.00
000827,-0.00000005,0.00000182,-0.00000172,0.00000084,0.00000012,0.00000031,0.000
00216,0.00000273,-0.00001579,-0.00000914,-0.00000140,0.00001277,0.00000741,-0.00
000295,-0.00000280,0.00000563,0.00000265,-0.00000089,-0.00000300,0.00000009,0.00
000064,-0.00000304,0.00020518,0.00003281,0.00036713,-0.00006711,0.00008220,-0.00
041902,0.00100976,-0.00031828,0.00088045,-0.00149517,-0.00215419,-0.02304157,0.0
0314536,-0.04519001,-0.29184976,0.00158783,-0.00397442,-0.01414892,0.00125227,-0
.00253300,0.00057140,-0.00011718,0.00025783,0.00058331,-0.00317026,0.00156881,-0
.00117865,0.00006300,-0.00013886,-0.00108773,-0.00021900,0.00021565,0.00005556,-
0.00002506,0.00000458,0.00001280,0.00006546,-0.00006008,0.00000926,0.00012094,-0
.00010579,0.00006267,0.00008344,-0.00008556,-0.00036541,-0.00054401,-0.00032477,
0.00040638,0.00001084,-0.00001433,0.00011810,-0.00004626,0.00044952,-0.00000485,
-0.00194964,0.05132766,0.32872521,0.00037397,0.00011682,-0.00000771,-0.00001281,
0.00008125,-0.00003180,-0.00000411,0.00003507,-0.00000178,-0.00005374,0.00000191
,0.00000233,0.00000510,0.00001753,-0.00001292,0.00001216,0.00001692,-0.00001255,
0.00000206,0.00002372,-0.00001688,0.00016965,0.00033102,0.00016848,0.00000060,-0
.00003532,0.00000974,0.00005238,-0.00001205,0.00005481,-0.00004545,-0.00028362,0
.00000215,-0.00002198,-0.00001188,0.00002465,-0.00006670,-0.00004588,0.00002569,
-0.00001333,0.00002300,0.00003210,0.00002341,0.00003066,0.00002815,-0.00001959,0
.00004634,-0.00003973,-0.00001287,0.00000651,0.00000472,-0.00004080,0.00016656,0
.00000306,0.00006524,0.00001142,0.00005731,-0.00001922,-0.00001264,0.00002632,0.
00003809,-0.00004766,0.00000215,-0.00008626,-0.00001910,0.00004434,0.00002530,0.
00001815,0.00000578,-0.00004422,-0.00003082,0.00000153,0.00001583,-0.00008641,-0
.00002244,0.00001351,-0.00007460,0.00018899,-0.00030458,0.00024871,-0.00024554,-
0.00007561,-0.00008276,-0.00005984,0.00001228,-0.00001440,-0.00001002,0.00001571
,0.00000380,0.00000567,0.00001886,-0.00004006,-0.00009728,0.00006257,-0.00003186
,0.00000350,0.00000086,0.00001446,-0.00001350,-0.00000424,-0.00000936,0.00000395
,0.00000070,0.00000827,0.00000346,-0.00000241,0.00000549,0.00000541,0.00000290,0
.00000538,-0.00000121,0.00000223,0.00000333,0.00000128,0.00000169,0.00000117,-0.
00000112,-0.00000067,-0.00000075,0.00000235,0.00000038,-0.00001737,-0.00000144,0
.00000302,0.00000453,0.00000429,0.00000033,0.00000007,0.00000170,0.00000310,-0.0
0000693,-0.00000070,-0.00000152,0.00000006,-0.00000294,-0.00007834,-0.00023096,-
0.00012925,0.00009545,0.00013263,-0.00006256,-0.00034844,0.00037098,-0.00071102,
0.00182105,0.00641936,0.00145639,-0.01250356,0.01217034,-0.01101766,-0.12810909,
0.08487609,-0.09502136,-0.00038267,0.00074071,-0.00120775,0.00425516,0.00316524,
-0.00066905,0.00024350,-0.00035240,0.00037870,-0.00069712,-0.00078478,0.00022991
,-0.00003025,0.00001750,0.00001257,0.00006587,0.00003822,0.00001865,0.00000979,-
0.00001457,0.00002904,-0.00010095,-0.00011462,-0.00010653,-0.00012351,0.00007614
,0.00010663,-0.00000676,0.00003922,-0.00005083,-0.00001411,-0.00000494,0.0000092
7,0.00005565,-0.00009155,-0.00001144,-0.00091523,-0.00175446,-0.00013395,0.13757
499,-0.00013424,-0.00009770,0.00007411,-0.00004397,-0.00001474,0.00006954,0.0000
1591,0.00002796,0.00001178,-0.00005138,-0.00005266,0.00001987,0.00000419,-0.0000
0113,0.00001669,0.00000166,-0.00000972,0.00001513,0.00001525,-0.00002126,0.00000
073,-0.00027288,-0.00014809,-0.00010928,0.00003946,0.00000936,-0.00004684,0.0000
2017,0.00002298,-0.00005249,0.00025093,0.00009539,0.00000928,0.00003778,-0.00002
954,0.00001323,0.00001720,0.00002224,0.00001971,0.00000089,0.00001546,0.00000393
,-0.00001271,-0.00003020,-0.00001703,0.00001727,0.00001128,0.00004403,0.00000768
,0.00000513,0.00000077,-0.00000567,-0.00010689,-0.00004234,-0.00000754,0.0000306
9,-0.00000934,0.00000567,0.00002097,-0.00001774,0.00001866,0.00000307,-0.0000332
3,-0.00003622,-0.00005835,-0.00002116,-0.00002616,0.00000301,0.00000383,0.000016
79,-0.00001001,-0.00001540,-0.00001711,0.00000038,0.00000503,-0.00009608,0.00007
767,-0.00006570,0.00022074,-0.00012798,0.00007880,0.00008067,0.00003805,0.000072
17,-0.00000823,0.00000774,0.00000606,-0.00000604,-0.00000380,-0.00000230,-0.0000
3473,0.00003502,-0.00001039,0.00002346,0.00001830,-0.00000794,-0.00001036,-0.000
00686,0.00000058,0.00000582,0.00000757,0.00000108,0.00000017,-0.00000710,-0.0000
0058,0.00000142,-0.00000333,-0.00000329,0.00000074,-0.00001017,-0.00000652,0.000
00543,-0.00000416,0.00000433,-0.00000379,-0.00000169,0.00000062,0.00000323,-0.00
000089,0.00000358,-0.00000065,0.00001405,0.00000044,0.00000281,-0.00000760,-0.00
000713,-0.00000317,0.00000028,-0.00000043,-0.00000321,0.00000463,-0.00000018,0.0
0000594,-0.00000124,0.00000546,0.00001106,0.00011325,0.00003262,-0.00012944,-0.0
0003733,0.00009219,0.00064826,-0.00022897,0.00080725,0.00652107,0.00054907,-0.00
254614,0.01442260,-0.01239068,0.01252091,0.08532987,-0.10996683,0.08235445,-0.00
200553,0.00230737,-0.00179665,0.00303232,0.00388778,-0.00155195,-0.00019262,-0.0
0003892,-0.00067370,-0.00073394,-0.00067627,0.00002584,-0.00001410,0.00000068,-0
.00003111,0.00005837,0.00002985,-0.00004069,-0.00001799,0.00001554,0.00001481,-0
.00011684,-0.00005448,0.00010445,0.00013992,-0.00017618,-0.00009747,-0.00001358,
-0.00000164,0.00005023,-0.00000686,0.00001001,-0.00000378,0.00003138,0.00000472,
0.00003335,-0.00159114,-0.00079157,0.00073910,-0.10350525,0.11822493,0.00017050,
0.00005052,0.00004074,0.00001655,0.00001202,-0.00004689,0.00000235,0.00000820,0.
00002143,0.00006362,0.00003622,0.00000390,-0.00000208,0.00000321,-0.00001399,0.0
0001399,0.00001040,-0.00001494,0.00000397,0.00000236,-0.00000485,0.00006884,0.00
006170,-0.00000637,-0.00001876,-0.00000835,0.00003112,0.00002915,-0.00003684,0.0
0006110,-0.00011650,-0.00009832,0.00006266,-0.00004845,-0.00002772,0.00003676,-0
.00005261,-0.00007060,0.00001290,-0.00001222,0.00006622,0.00000843,0.00010786,-0
.00001969,-0.00000971,-0.00004501,0.00018590,-0.00007318,-0.00001981,-0.00000429
,-0.00000401,0.00001402,0.00006237,-0.00001330,0.00009067,-0.00000416,0.00000676
,0.00000671,-0.00001138,0.00000592,0.,-0.00000385,0.00001504,-0.00002021,0.00002
541,-0.00000636,0.00004828,0.00001887,0.00000159,-0.00001723,-0.00001955,-0.0000
1843,-0.00003648,0.00000833,0.00008668,0.00008851,-0.00003248,0.00010630,-0.0002
4161,0.00015560,-0.00016457,-0.00004069,-0.00003325,-0.00001112,0.00000176,-0.00
000310,-0.00000525,0.00000750,0.00000478,0.00000243,-0.00003784,-0.00006774,-0.0
0014782,-0.00001941,-0.00001954,0.00001748,0.00000233,0.00000773,-0.00000744,-0.
00000670,-0.00000399,-0.00000027,0.00000411,0.00000422,0.00000380,-0.00000283,0.
00000442,0.00000401,0.00000305,0.00000490,0.00000434,0.00000308,0.00000404,-0.00
000011,0.00000365,-0.00000037,0.00000017,0.00000149,0.00000010,0.00000095,-0.000
00023,-0.00001027,-0.00000263,-0.00000046,0.00000708,0.00000553,-0.00000028,-0.0
0000080,0.00000218,0.00000152,-0.00000267,-0.00000181,0.00000015,0.00000122,-0.0
0000195,-0.00001941,-0.00005795,-0.00001145,0.00005401,-0.00001299,-0.00005321,0
.00029328,-0.00027701,0.00026567,0.00090019,-0.00214551,0.00030109,0.00526603,-0
.00474692,0.00579014,-0.09492998,0.08247960,-0.14170079,-0.01798964,0.01539528,-
0.02138025,-0.00017439,-0.00192720,-0.00559873,0.00058365,-0.00063445,-0.0000380
2,0.00015884,0.00007982,-0.00000479,-0.00002679,0.00001949,-0.00000785,0.0000101
8,-0.00001176,0.00006784,0.00003173,-0.00002180,0.00002523,0.00002257,0.00000674
,-0.00001026,0.00008633,-0.00008430,-0.00004919,-0.00003874,-0.00002204,0.000038
73,0.00000813,-0.00000273,0.00000867,-0.00000318,0.00002553,0.00000373,0.0008777
6,-0.00034554,0.00093904,0.10595759,-0.08951324,0.16180388,0.00108780,0.00014521
,-0.00018685,-0.00005204,0.00014945,0.00000871,0.00007766,0.00010454,-0.00000190
,-0.00000291,-0.00001977,-0.00002274,-0.00001450,0.00003071,-0.00001456,0.000056
71,0.00000823,-0.00001034,0.00005459,0.00000197,-0.00004679,0.00017402,0.0003653
1,0.00020053,0.00002300,-0.00005213,-0.00002769,0.00010414,0.00006197,0.00005874
,-0.00007039,-0.00040483,-0.00007893,-0.00010767,0.00008865,0.00004033,-0.000309
66,0.00003234,-0.00003285,-0.00001399,-0.00005673,0.00006633,0.00008261,0.000096
27,0.00004620,-0.00104109,-0.00040237,-0.00055008,-0.00004372,-0.00005015,0.0000
2420,-0.00002656,0.00025527,0.00006716,0.00014842,-0.00001713,0.00006249,-0.0000
1393,-0.00001934,0.00003057,0.00006727,-0.00008893,-0.00003232,0.00003494,-0.000
02498,-0.00004046,0.00010067,0.00006449,-0.00004077,-0.00003819,-0.00004918,-0.0
0003675,-0.00018642,-0.00002396,0.00008937,-0.00014322,0.00007080,0.00010548,-0.
00010110,0.00020029,0.00008288,-0.00008124,-0.00012213,-0.00006240,0.00001404,-0
.00002214,-0.00001383,0.00004343,0.00000905,0.00001288,-0.00012208,-0.00041880,0
.00003707,0.00010067,-0.00003944,-0.00002652,-0.00000125,0.00002200,-0.00001803,
-0.00000479,-0.00000940,0.00000375,0.00000226,0.00000254,0.00000693,-0.00000519,
0.00000605,0.00000397,0.00001020,0.00000138,-0.00000450,0.00000607,0.00000323,0.
00000335,0.00000046,-0.00000039,0.00000308,-0.00000166,-0.00000023,0.00000187,0.
00000359,-0.00001795,-0.00000192,0.00000560,0.00000793,0.00000650,-0.00000077,0.
00000010,0.00000305,0.00000265,-0.00001008,-0.00000239,0.00000099,0.00000037,-0.
00000133,-0.00013115,-0.00029815,-0.00018214,0.00007137,0.00018798,0.00003886,-0
.00079167,-0.00082303,0.00009207,0.00037286,-0.00032896,-0.00032648,0.00434275,0
.00333711,-0.00016319,-0.00130980,0.00197966,0.00161050,-0.13480875,0.11618435,0
.05495256,-0.01253901,0.01446058,0.00531813,0.00223984,0.00572591,-0.00339456,-0
.00016081,0.00052895,0.00054245,-0.00005397,0.00006194,0.00010074,0.00001143,-0.
00002571,0.00003548,0.00003341,-0.00003197,-0.00000610,0.00000027,-0.00001930,0.
00004066,-0.00027220,-0.00000085,-0.00009780,-0.00000413,0.00001551,-0.00001554,
-0.00003225,-0.00000793,0.00003208,0.00011990,-0.00017135,-0.00007864,-0.0000339
2,0.00010488,-0.00004712,-0.00087274,-0.00187948,-0.00021823,0.14498800,-0.00003
474,-0.00002408,0.00007167,-0.00002719,-0.00005176,0.00005791,0.00007591,-0.0000
0498,-0.00003609,-0.00006506,-0.00004216,0.00000139,-0.00000452,0.00001503,0.000
00407,0.00001147,-0.00002053,0.00003098,0.00000765,-0.00001284,-0.00000353,-0.00
027718,-0.00018677,-0.00011746,0.00002947,0.00002292,-0.00002917,0.00007136,-0.0
0000278,-0.00000215,0.00030795,0.00016694,0.00000360,-0.00001213,-0.00007040,0.0
0002959,0.00019540,-0.00007548,-0.00001588,-0.00013818,0.00005413,-0.00001050,-0
.00007938,-0.00016996,-0.00003758,-0.00014117,0.00030783,-0.00003792,-0.00001945
,0.00001341,0.00000590,0.00005414,-0.00015415,-0.00006909,0.00003996,0.00000690,
0.00003571,0.00000442,0.00002635,-0.00002216,-0.00000204,0.00002691,-0.00000216,
0.00000660,-0.00005040,-0.00006487,-0.00000283,-0.00000804,-0.00000718,0.0000405
2,0.00005155,-0.00002617,-0.00001212,-0.00005074,-0.00001734,-0.00009830,0.00005
740,0.00003317,0.00011674,-0.00029431,-0.00014151,0.00009629,0.00006551,0.000065
83,-0.00000758,0.00001218,0.00000930,0.00000456,0.00000041,-0.00000967,-0.000197
96,0.00002845,0.00009223,0.00004088,0.00002186,-0.00001524,-0.00000864,-0.000014
18,0.00000604,0.00000639,0.00000945,0.00000304,-0.00000151,-0.00000521,-0.000005
39,0.00000386,-0.00000439,-0.00000260,-0.00000111,-0.00001009,-0.00000846,0.0000
0207,-0.00000461,0.00000264,-0.00000555,-0.00000068,0.00000056,0.00000376,-0.000
00093,0.00000409,-0.00000424,0.00001746,0.00000157,0.00000182,-0.00001399,-0.000
00850,-0.00000198,0.00000047,-0.00000246,-0.00000377,0.00000694,0.00000175,0.000
00420,-0.00000177,0.00000492,0.00005324,0.00012679,0.00008831,-0.00020771,0.0000
9145,0.00007842,-0.00069168,-0.00068616,0.00014201,-0.00036711,0.00056473,0.0003
8210,0.00302100,0.00388272,-0.00211036,0.00501882,-0.00561755,-0.00426403,0.1153
1568,-0.16487859,-0.06427101,0.01208678,-0.01333833,-0.00489109,0.00572424,0.002
37353,0.00240672,0.00041117,-0.00027710,-0.00060704,0.00006130,-0.00007547,-0.00
010714,-0.00002682,0.00000148,-0.00004295,-0.00004692,0.00004176,0.00000086,-0.0
0002393,-0.00000455,-0.00002145,0.00006022,-0.00022754,0.00010256,-0.00002440,0.
00000790,0.00000271,-0.00002127,-0.00000682,0.00003041,0.00008328,-0.00009470,-0
.00005345,0.00030461,-0.00026898,-0.00013652,-0.00169340,-0.00064214,0.00072778,
-0.13727452,0.18016736,-0.00024614,-0.00007056,-0.00001752,0.00000531,-0.0000441
8,-0.00000692,0.00001219,-0.00000437,-0.00000041,0.00004473,-0.00001602,0.000012
39,-0.00000318,0.00000086,0.00001606,-0.00001379,-0.00001129,0.00001556,-0.00002
991,-0.00000760,0.00000252,-0.00005948,-0.00016112,-0.00018490,0.00000504,0.0000
2243,0.00001785,-0.00002476,0.00001908,-0.00001900,0.00007044,0.00011708,0.00010
238,0.00000895,0.00003234,0.00003414,-0.00005296,-0.00000089,-0.00015125,0.00004
938,-0.00000621,-0.00000104,0.00006542,0.00000671,-0.00002230,-0.00034669,-0.000
10540,0.00022590,0.00000920,-0.00001403,0.00001293,0.00003372,-0.00008051,-0.000
03815,0.00000388,-0.00000334,-0.00004663,0.00000036,0.00001437,-0.00001336,-0.00
001414,0.00002572,0.00000739,0.00005726,0.00002898,-0.00002623,-0.00003042,-0.00
003571,-0.00001213,0.00003723,0.00006162,0.00002782,0.00002974,-0.00000890,-0.00
010665,0.00000467,-0.00003284,-0.00000234,-0.00001075,-0.00019460,-0.00015293,0.
00005787,0.00003970,0.00006165,-0.00000566,0.00000991,0.00000123,-0.00000500,-0.
00000458,-0.00000855,0.00009489,0.00016412,0.00020573,-0.00003711,0.00001385,-0.
00000664,-0.00000377,-0.00000247,-0.00000520,-0.00000058,0.00000023,-0.00000346,
0.,-0.00001002,-0.00000139,-0.00000245,-0.00000176,-0.00000157,0.00000493,-0.000
00095,0.00000113,0.00000227,-0.00000113,0.00000005,-0.00000219,-0.00000267,0.000
00191,-0.00000150,-0.00000090,-0.00000085,0.00000695,0.00000742,-0.00000087,-0.0
0000252,0.00000670,0.00000220,-0.00000254,-0.00000153,0.00000092,-0.00000019,0.0
0000284,-0.00000168,0.00000235,-0.00000037,0.00000186,0.00008813,0.00010700,0.00
013874,-0.00008419,-0.00003450,-0.00001866,0.00014595,0.00013711,0.00003395,-0.0
0046249,0.00040756,-0.00052805,-0.00052768,-0.00162094,-0.00556675,0.01849855,-0
.02170389,-0.01316307,0.05442510,-0.06428115,-0.07581776,-0.01093572,0.01249131,
0.00588135,-0.00298875,0.00167976,-0.00155445,-0.00039179,0.00044284,0.00037230,
-0.00002143,0.00002255,0.00000121,0.00000780,-0.00001404,-0.00003145,-0.00001444
,0.00001832,0.00001260,-0.00003575,0.00004676,0.00007053,-0.00015783,0.00017532,
-0.00012462,-0.00007098,-0.00003752,0.00002979,-0.00000403,0.00000322,-0.0000003
5,-0.00002336,0.00007772,0.00000893,0.00091557,-0.00108337,-0.00068570,0.0008194
7,-0.00035666,0.00061729,-0.05857814,0.07290394,0.08942915,0.00038876,0.00050457
,-0.00035672,-0.00003722,0.00006456,0.00004368,-0.00000048,0.00006014,-0.0000156
5,-0.00006442,-0.00000208,-0.00002137,0.00002264,0.00003939,-0.00001895,0.000011
46,0.00000673,0.00002076,0.00002881,0.00001188,-0.00003771,0.00002572,0.00027177
,0.00020141,0.00003086,-0.00002318,-0.00004501,0.00005468,0.00003689,0.00006710,
0.00015777,-0.00020316,-0.00014421,-0.00034706,-0.00010675,-0.00013735,0.0000633
0,-0.00046711,0.00006184,-0.00015580,-0.00013795,0.00004666,-0.00086820,-0.00001
137,0.00055310,0.00015917,-0.00071100,0.00014957,0.00000105,0.00005018,0.0000453
0,-0.00006297,0.00004988,0.00008015,-0.00016930,-0.00002795,0.00005881,-0.000021
59,0.00000596,0.00001861,0.00004846,-0.00004822,-0.00003736,0.00004570,0.0000301
1,-0.00004591,0.00000079,0.00003385,0.00001982,0.00006979,0.00004103,-0.00005191
,-0.00003904,-0.00000876,-0.00006793,-0.00007565,-0.00005736,-0.00002074,-0.0000
9193,0.00000989,-0.00000913,-0.00001805,-0.00006252,-0.00006160,0.00001168,-0.00
001426,-0.00000359,0.00003716,0.00002754,-0.00002621,-0.00003474,-0.00000060,-0.
00002077,0.00009661,0.00001944,-0.00001939,-0.00000424,0.00000418,-0.00000293,0.
00000420,-0.00000504,-0.00000208,-0.00000399,0.00000698,-0.00000314,0.00000122,0
.00000338,-0.00000445,0.00000933,-0.00000847,-0.00000074,0.00000171,-0.00000013,
0.00000132,0.00000301,-0.00000009,0.00000058,0.00000057,-0.00000137,-0.00000182,
-0.00000017,0.00000483,0.00000497,-0.00000665,-0.00001152,0.00000137,0.00000217,
-0.00000056,-0.00000020,-0.00000018,-0.00000262,0.00000132,0.00000032,-0.0000009
2,-0.00000015,-0.00008973,-0.00020797,-0.00012914,0.00010179,0.00016274,-0.00002
048,-0.00032646,0.00013858,0.00085096,0.00204751,0.00636101,0.00066509,-0.000298
82,0.00007198,-0.00001024,0.00227236,0.00551753,-0.00277423,0.00019791,-0.002340
94,-0.01726290,-0.03805447,0.00733948,0.00798271,0.00002724,0.00358538,0.0182794
6,-0.00075389,-0.00179621,0.00019037,-0.00015848,0.00016092,0.00069834,0.0000843
3,0.00009102,-0.00016079,0.00007454,-0.00009325,-0.00010028,0.00014666,-0.000023
33,0.00001606,0.00006453,-0.00009241,0.00009704,0.00001961,-0.00000874,-0.000020
44,-0.00002936,-0.00001612,0.00002174,-0.00011092,0.00014648,0.00001742,-0.00098
403,-0.00100981,0.00019303,-0.00001747,-0.00007753,-0.00085970,-0.00092887,-0.00
182798,-0.00029734,0.03768729,0.00042647,0.00025820,-0.00037582,-0.00006617,0.00
005677,0.00005509,0.00008332,0.00010392,-0.00008026,-0.00003654,-0.00002813,-0.0
0004210,0.00001279,0.00003167,-0.00000521,0.00001595,-0.00001296,0.00003366,0.00
003027,-0.00000229,-0.00002010,-0.00035852,0.00004276,-0.00006912,0.00004368,-0.
00001863,-0.00004666,0.00002131,0.00005805,0.00007073,0.00029841,-0.00006768,-0.
00004245,-0.00029223,0.00016169,0.00014058,-0.00042871,-0.00065397,-0.00013843,-
0.00012436,-0.00016558,0.00003460,0.00000417,0.00012135,-0.00009381,-0.00070749,
-0.00171524,0.00068824,-0.00000765,-0.00002334,0.00003498,-0.00004104,-0.0000325
5,-0.00003953,0.00001508,-0.00011330,0.00008468,0.00002617,0.00000633,-0.0000228
9,0.00004343,-0.00004450,-0.00001204,0.00007833,0.00004101,-0.00003741,0.0000197
0,-0.00000313,0.00001237,0.00006795,0.00002721,-0.00003566,-0.00008012,-0.000002
66,-0.00004323,-0.00011199,0.00001333,-0.00000959,0.00003412,-0.00009417,-0.0000
2949,0.00008067,-0.00002623,0.00008954,-0.00000323,-0.00000239,-0.00000217,0.000
02243,0.00001028,-0.00001111,-0.00002158,-0.00000620,0.00008110,0.00009939,0.000
01878,-0.00002341,-0.00000575,-0.00000159,-0.00000569,0.00001057,0.00000260,0.00
001291,0.00000255,-0.00000243,0.00001185,0.00000282,-0.00000188,0.00000367,0.000
00761,-0.00001242,-0.00000945,0.00000801,-0.00000266,0.00000488,-0.00000693,-0.0
0000414,0.00000319,0.00000401,-0.00000062,0.00000775,0.00000118,-0.00000517,-0.0
0000759,0.00001030,0.00000178,-0.00000515,-0.00000601,0.00000129,0.00000206,-0.0
0000126,-0.00000161,-0.00000267,0.00000628,-0.00000026,0.00000435,-0.00000974,-0
.00002990,-0.00001357,0.00016671,-0.00015013,-0.00007117,0.00004500,-0.00039892,
-0.00084775,0.00637034,0.00115026,-0.00200058,0.00023559,-0.00046695,0.00012359,
0.00541011,0.00238841,0.00168871,-0.00029881,0.00269262,0.01441081,0.00733114,-0
.04600528,-0.04439623,0.00141478,-0.00377041,-0.02152277,-0.00189147,-0.00052198
,0.00009336,-0.00000628,-0.00024476,-0.00059270,0.00009691,0.00011481,0.00010895
,-0.00007333,0.00007972,0.00007811,-0.00004919,0.00014486,-0.00001914,-0.0001257
2,0.00006822,-0.00027386,0.00001443,-0.00003725,0.00003775,0.00005323,-0.0000007
3,-0.00004189,0.00006273,-0.00006850,0.00002371,-0.00098377,-0.00086651,0.000124
73,0.00010437,0.00014457,0.00078691,-0.00168436,-0.00072126,0.00083838,-0.015682
01,0.04860109,-0.00081305,-0.00049393,0.00014219,0.00002503,-0.00010732,-0.00000
695,0.00008531,-0.00002262,-0.00010893,-0.00001767,-0.00001215,-0.00001515,0.000
00309,-0.00002717,0.00001984,-0.00002857,-0.00002016,0.00002621,-0.00003513,-0.0
0000532,0.00003208,-0.00024925,-0.00040071,-0.00040565,-0.00000857,0.00004720,0.
00004111,-0.00006365,-0.00009590,-0.00000341,0.00019287,0.00027529,0.00021818,-0
.00021945,-0.00004868,0.00018170,0.00001595,-0.00040832,0.00024462,-0.00014608,0
.00011417,-0.00007639,0.00068024,-0.00020573,-0.00023874,-0.00001525,0.00105286,
-0.00008450,0.00001341,-0.00000074,-0.00002748,0.00006908,-0.00016843,-0.0001911
6,0.00005004,-0.00005762,-0.00001418,0.00001868,0.00002503,-0.00003809,-0.000048
54,0.00006063,0.00004680,-0.00002251,0.00005921,0.00007424,-0.00007863,-0.000085
57,0.00010213,0.00004455,-0.00006409,0.00001362,0.00015728,0.00010004,-0.0000036
5,0.00018484,0.00001832,-0.00000457,-0.00014565,-0.00016877,-0.00017443,0.000126
52,0.00011594,0.00014677,-0.00001769,0.00002630,0.00001155,-0.00003678,-0.000035
35,-0.00001057,-0.00002654,0.00007556,-0.00007666,-0.00006402,0.00001249,0.00002
763,0.00000109,-0.00001404,-0.00000338,0.00000019,0.00001276,0.00000238,0.000003
14,-0.00001767,-0.00000041,0.00000174,-0.00000769,-0.00000151,0.00000620,-0.0000
0890,-0.00000307,-0.00000271,-0.00000445,-0.00000248,-0.00001127,-0.00000478,0.0
0000579,-0.00000661,0.00000049,0.00000002,0.00000521,0.00001035,-0.00000106,-0.0
0000085,0.00000867,0.00000385,-0.00000568,-0.00000034,0.00000208,-0.00000145,0.0
0000903,-0.00000003,0.00000008,0.00000011,0.00000316,0.00014666,0.00029968,0.000
24369,-0.00016590,-0.00017118,-0.00004443,0.00010733,-0.00007440,-0.00065082,0.0
0109877,-0.00218888,0.00031800,0.00001427,0.00015762,0.00064804,-0.00325504,0.00
215348,-0.00126947,-0.00076808,-0.00250452,-0.02183485,0.00756490,-0.04376759,-0
.29438770,0.00243261,-0.00489662,-0.01438572,-0.00032583,0.00068375,0.00030543,-
0.00006847,0.00010703,0.00010734,0.00007213,-0.00009880,-0.00008401,-0.00005895,
0.00007555,0.00012176,-0.00015842,0.00013266,-0.00000822,-0.00008201,0.00006622,
-0.00026341,-0.00003377,-0.00001975,0.00003790,0.00003352,0.00000950,-0.00002080
,0.00006489,-0.00004060,0.00000117,0.00012669,0.00017070,0.00007097,0.00001166,-
0.00022839,-0.00105530,0.00067197,-0.00018799,0.00089817,-0.00682180,0.05051037,
0.33094693,0.00002846,0.00014648,0.00000774,-0.00002418,0.00007113,0.00000125,-0
.00007636,0.00005059,0.00007459,-0.00004809,-0.00001863,0.00001438,-0.00000146,0
.00001366,-0.00000020,0.00000613,0.00000811,-0.00000522,0.00000289,-0.00000030,-
0.00000941,-0.00009089,0.00027384,0.00019611,0.00001988,-0.00002749,-0.00001779,
0.00001216,-0.00004336,-0.00000128,0.00006402,-0.00013204,-0.00009201,-0.0000002
8,-0.00000171,-0.00012759,0.00012643,-0.00006020,0.00004505,-0.00000945,-0.00000
475,-0.00000728,0.00007469,-0.00014516,0.00033480,-0.00000071,0.00004238,-0.0000
0606,-0.00000302,0.00001630,0.00001549,-0.00001607,0.00004423,0.00005246,-0.0001
0310,0.00000918,-0.00009187,-0.00001445,0.00000360,0.00002600,0.00003858,-0.0000
4785,-0.00003011,0.00000903,-0.00001285,-0.00003481,0.00000907,-0.00000414,-0.00
002283,-0.00001493,0.00002976,-0.00000528,-0.00001641,0.00001368,-0.00002483,-0.
00000961,-0.00002145,-0.00001637,0.00001899,0.00000800,-0.00000252,-0.00001438,-
0.00005567,-0.00004987,0.00001078,-0.00001529,-0.00002453,0.00001416,0.00001110,
-0.00000183,-0.00001105,0.00001360,0.00000429,0.00003691,0.00000253,-0.00001112,
0.00000179,0.00000480,0.00000526,0.00000382,-0.00000845,0.,-0.00001834,0.0000361
1,0.00001843,0.00000920,0.00000791,-0.00000704,0.00000073,-0.00000919,0.00000382
,-0.00000199,0.00000426,-0.00000217,0.00000243,-0.00000210,0.00000271,0.00000280
,-0.00000112,0.00000211,0.00002917,-0.00000614,-0.00002238,-0.00001366,-0.000007
43,0.00001583,0.00000101,-0.00000433,0.00000256,0.00000610,-0.00001211,-0.000010
41,0.00000182,0.00000027,-0.00000291,-0.00007184,-0.00021109,-0.00009552,0.00005
249,0.00007901,-0.00011642,0.00000091,-0.00014224,-0.00031164,0.00000464,-0.0000
7160,-0.00000266,0.00003964,0.00003984,-0.00002803,0.00000392,-0.00001308,0.0000
2314,0.00004317,0.00013654,0.00011833,0.00013300,-0.00027689,-0.00044885,-0.0009
2286,-0.00137954,0.00027454,0.00403732,-0.00396846,-0.00378309,-0.08827236,0.067
48082,0.07805734,-0.01097068,0.01403884,0.01550074,0.00050633,0.00657335,-0.0022
6166,-0.00011212,-0.00015760,-0.00044282,0.00361068,0.00364912,-0.00230102,0.000
00739,0.00000628,0.00000009,0.00000955,-0.00000307,-0.00002288,-0.00001140,0.000
00377,0.00003175,-0.00000726,0.00001316,0.00001358,-0.00000200,-0.00000587,0.000
03805,0.00000791,-0.00000399,-0.00000282,-0.00028504,0.00038447,-0.00019395,0.09
434297,0.00004327,-0.00001412,-0.00008653,-0.00003318,-0.00003060,0.00006333,0.0
0006920,-0.00001924,-0.00011285,0.00003609,-0.00000009,-0.00004870,0.00000616,-0
.00000396,0.00000379,-0.00000385,-0.00000131,0.00001046,0.00000963,-0.00000604,-
0.00000624,-0.00008924,-0.00016680,-0.00009200,0.00002966,0.00000465,-0.00004517
,-0.00001943,0.00004542,0.00001575,0.00004532,0.00012030,-0.00002288,-0.00001636
,-0.00001576,0.00013316,-0.00002706,-0.00004952,-0.00003459,-0.00004166,-0.00007
237,0.00000666,-0.00014267,-0.00005260,0.00022592,0.00004829,-0.00002017,0.00003
117,0.00001474,-0.00000296,-0.00000778,-0.00001938,-0.00007966,-0.00003669,-0.00
005465,-0.00004771,0.00009072,0.00000752,0.00001443,-0.00003074,-0.00001228,0.00
001473,0.00001526,-0.00001514,0.00003117,0.00002570,-0.00005091,0.00000859,0.000
03532,0.00003793,-0.00004879,-0.00002922,0.00003469,0.00000699,0.00000883,0.0000
1612,0.00002477,-0.00001199,-0.00001574,-0.00000541,-0.00001187,0.00007821,0.000
05634,0.00002831,-0.00000633,0.00000625,0.00001775,-0.00000700,-0.00000006,-0.00
000105,-0.00000277,-0.00000409,0.00000673,-0.00000555,0.00004320,0.00001444,-0.0
0001656,-0.00001327,0.00001313,-0.00000058,0.00000863,-0.00000106,-0.00000359,-0
.00002655,-0.00002388,-0.00000725,-0.00000322,0.00000206,0.00000057,-0.00000336,
-0.00000212,0.00000667,-0.00000423,0.00000659,-0.00000005,0.00000090,-0.00000276
,0.00000018,0.00000157,0.00000795,-0.00001432,-0.00000483,0.00000550,0.00002176,
0.00001808,-0.00001230,-0.00000034,0.00000346,-0.00000235,-0.00000554,0.00000573
,0.00000820,0.00000405,-0.00000134,0.00000560,-0.00000371,0.00008069,0.00000697,
-0.00002099,-0.00002314,-0.00005895,-0.00000300,-0.00007027,0.00007906,0.0000381
5,-0.00009726,-0.00007589,0.00007765,0.00003486,0.00005980,-0.00000816,0.0000093
5,0.00002351,0.00012109,0.00005922,-0.00014895,-0.00012298,0.00011827,0.00037001
,-0.00132610,-0.00118340,0.00037942,-0.00060222,0.00099069,-0.00136287,0.0679404
5,-0.11748541,-0.10140418,0.01037021,-0.01170296,-0.01375945,0.00665142,0.001957
53,0.00062187,-0.00012424,0.00002815,0.00045457,0.00347647,0.00469176,-0.0002033
2,-0.00000743,0.00001994,-0.00000305,0.00000833,0.00000040,0.00000151,0.00004831
,0.00000471,0.00010152,0.00001165,-0.00001128,-0.00000832,-0.00001776,-0.0000049
4,-0.00002022,0.00000250,0.00001092,0.00001744,0.00028950,-0.00008336,0.00023993
,-0.08441114,0.12554592,-0.00029697,-0.00026216,0.00008537,0.00001647,-0.0001299
3,0.00001374,0.00008366,-0.00005883,-0.00007133,0.00004194,0.00001170,0.00001586
,-0.00000107,-0.00002191,0.00001006,-0.00001644,-0.00001344,0.00001722,-0.000013
81,-0.00001079,0.00002292,-0.00023674,-0.00054833,-0.00035773,-0.00000823,0.0000
4185,0.00001274,-0.00003534,-0.00004558,0.00000066,0.00006715,0.00027868,0.00013
951,-0.00003313,0.00010977,0.00035899,-0.00007282,0.00001412,0.00001052,0.000056
53,0.00006206,0.00000042,0.00032229,0.00026364,-0.00073982,-0.00009895,0.0000808
7,-0.00005634,-0.00000659,-0.00002243,-0.00003132,0.00007222,-0.00019244,-0.0001
4415,0.00016562,-0.00005616,0.00004775,0.00003891,0.00001383,-0.00005571,-0.0000
5090,0.00007982,0.00003695,-0.00000693,0.00003364,0.00000213,-0.00002186,-0.0000
3124,0.00002249,0.00002497,-0.00001172,0.00000981,0.00002907,0.00002520,0.000002
23,0.00005392,0.00003578,-0.00000773,0.00001026,-0.00003210,-0.00005326,0.000081
26,0.00013611,0.00012539,-0.00002759,0.00003262,0.00001767,-0.00003010,-0.000013
48,-0.00000306,-0.00000036,0.00001978,-0.00000545,-0.00005172,0.00001978,0.00001
397,-0.00000793,-0.00001901,0.00000765,-0.00000566,0.00001517,0.00001179,-0.0000
0381,-0.00003434,0.00000575,-0.00000132,-0.00001014,0.00000481,0.00000506,-0.000
00905,-0.00000455,0.00000286,-0.00000225,0.00000367,-0.00000656,-0.00000155,-0.0
0000114,-0.00000325,0.00000534,0.00000754,0.00000069,0.00001334,-0.00002026,0.00
001943,0.00001404,-0.00000174,-0.00000529,0.00000131,0.00000067,-0.00000327,0.00
001308,-0.00000030,0.00000313,0.00000237,0.00000446,0.00004201,0.00036256,0.0002
0432,-0.00029880,-0.00009702,-0.00013448,0.00054931,-0.00060475,-0.00126765,0.00
030493,-0.00026024,-0.00012627,0.00015405,-0.00014737,0.00019767,-0.00000778,0.0
0005910,0.00026314,-0.00012925,0.00007668,0.00000149,0.00027632,-0.00034927,-0.0
0049395,0.00088265,-0.00015590,0.00118653,0.01281920,-0.01687705,-0.02345569,0.0
7891254,-0.10215659,-0.17192175,-0.00173795,0.00232621,0.00404618,-0.00183960,0.
00019887,0.00096946,-0.00038707,0.00040450,0.00003200,-0.00266102,0.00011771,-0.
00466359,0.00006571,0.00003885,-0.00004786,0.00001449,0.00001717,0.00001797,-0.0
0010243,0.00007465,-0.00017160,0.00001184,-0.00000457,0.00003219,-0.00000695,0.0
0002398,0.00006009,-0.00000582,0.00001252,0.00006552,-0.00069897,0.00070988,0.00
041373,-0.08605843,0.11508128,0.19418767,0.00003695,0.00008085,0.00001290,-0.000
02503,-0.00000082,0.00002327,-0.00003467,-0.00001774,0.00003729,-0.00005906,-0.0
0001943,0.00001857,0.00000057,-0.00000027,-0.00000421,-0.00000288,0.00000280,0.0
0000398,-0.00000558,0.00000101,0.00000470,-0.00016409,0.00004701,0.00003289,0.00
002030,-0.00001632,-0.00002835,0.00003213,0.00001511,0.00000591,0.00009687,0.000
05879,-0.00005610,0.00002472,0.00000997,0.00000551,-0.00000359,-0.00001170,-0.00
000579,0.00000189,0.00000212,0.00000016,-0.00006151,-0.00010134,-0.00002222,0.00
000370,-0.00002510,-0.00001086,-0.00000452,0.00000378,-0.00001030,-0.00002125,-0
.00006612,-0.00000049,0.00001753,0.00000561,-0.00000230,0.00000177,0.00002670,-0
.00002176,0.00001428,-0.00000078,-0.00001292,-0.00001135,0.00000572,0.00000100,0
.00000754,-0.00000336,-0.00000370,-0.00000408,0.00000658,-0.00000346,-0.00000171
,-0.00001132,-0.00000590,-0.00000232,-0.00000804,0.00000524,-0.00000700,-0.00001
776,0.00001816,0.00004920,0.00001112,0.00000645,0.00000897,0.00000383,-0.0000114
8,-0.00000406,0.00001303,-0.00000411,0.00000310,-0.00001085,-0.00000549,0.000053
63,0.00001968,-0.00000519,-0.00000230,-0.00000089,0.00001137,0.00000799,0.000000
85,0.00000128,-0.00000844,0.00000684,-0.00003206,0.00000344,0.00000354,-0.000001
43,-0.00000089,-0.00000787,-0.00000443,0.00000034,-0.00000521,0.00000301,-0.0000
0016,0.00000347,-0.00000427,-0.00004966,-0.00002395,0.00000289,0.00006223,0.0000
0828,0.00003736,0.00002766,0.00000716,0.00000002,-0.00000018,0.00000341,-0.00000
474,0.00000583,-0.00000374,0.00000400,-0.00000587,-0.00000363,-0.00000069,0.0000
4289,-0.00000880,-0.00002517,0.00003621,-0.00004260,0.00016731,-0.00067759,-0.00
071188,0.00012613,-0.00029055,0.00006593,-0.00013170,0.00001291,-0.00003929,-0.0
0005299,0.00001477,-0.00000978,0.00001233,0.00000765,-0.00001840,0.00002214,0.00
000370,-0.00001569,-0.00010306,0.00007735,-0.00002014,-0.00094634,0.00031028,0.0
0687835,-0.00175566,-0.00782998,0.00322625,-0.02184872,-0.06223872,0.01060867,-0
.07382617,0.00366409,-0.00036322,0.01196337,0.00261783,0.00472409,0.00140320,-0.
00020635,0.00037139,0.00042222,-0.00002678,-0.00001789,0.00003533,0.00000240,-0.
00001093,-0.00000799,-0.00006546,0.00000446,-0.00016212,-0.00001852,0.00002252,-
0.00003825,-0.00000625,0.00000675,-0.00000933,-0.00002269,0.00002613,-0.00000694
,0.00001532,-0.00001501,-0.00002227,-0.00076920,-0.00178356,-0.00018412,0.065908
78,-0.00004177,-0.00008961,0.00000268,-0.00001505,-0.00000682,0.00003312,0.00004
771,-0.00001478,-0.00005850,0.00009192,0.00001286,-0.00004584,0.00000180,0.00000
056,0.00001007,0.00000227,-0.00000283,0.00000234,0.00000748,-0.00000291,-0.00000
054,0.00013616,-0.00003065,0.00005144,0.00000974,0.00000797,-0.00001644,-0.00001
589,-0.00000143,0.00000479,-0.00010281,-0.00000280,-0.00000416,-0.00001289,0.000
00215,0.00001388,-0.00000890,-0.00000303,0.00000406,-0.00001912,-0.00000007,-0.0
0000310,0.00004283,0.00007461,-0.00001814,-0.00000401,0.00002457,0.00000908,0.00
000632,-0.00000264,0.00000388,0.00002946,0.00002217,-0.00001754,-0.00001345,-0.0
0000721,0.00003578,-0.00000614,0.00000022,0.00000091,-0.00001514,0.00000081,0.00
001094,-0.00000844,0.00000659,0.00001160,-0.00002952,-0.00000003,0.00000898,0.00
001372,-0.00002099,-0.00001750,0.00002221,0.00000922,0.00000200,0.00001798,0.000
01228,-0.00001529,0.00001096,0.00001818,-0.00001275,-0.00001510,0.00002444,-0.00
006782,-0.00001093,-0.00000604,0.00000624,-0.00000361,-0.00001025,0.00000515,-0.
00000430,0.00001009,0.00000960,-0.00007166,0.00001302,0.00001734,-0.00001012,-0.
00001801,0.00000567,-0.00001218,-0.00000111,-0.00001082,0.00000138,0.00002061,-0
.00003696,0.00000047,0.00000566,-0.00001074,0.00000437,-0.00000406,0.00001115,-0
.00000597,0.00000436,0.00000242,0.00000604,0.00000008,-0.00000234,-0.00001063,0.
00000786,0.00000751,0.00001524,0.00002724,-0.00002680,-0.00000447,-0.00002418,0.
00004495,0.00000552,-0.00000546,-0.00000327,-0.00000411,0.00000083,-0.00000403,0
.00000464,0.00000184,0.00000527,-0.00003351,-0.00000476,-0.00010427,0.00013345,-
0.00000961,0.00020516,-0.00078700,-0.00078748,0.00011886,0.00007388,-0.00028471,
0.00010930,-0.00004471,0.00001562,0.00004801,-0.00000517,-0.00000361,-0.00000123
,-0.00002883,-0.00000657,-0.00002157,0.00000117,0.00000538,0.00006695,0.00020032
,0.00019247,0.00073455,0.00673523,0.00192736,0.00032627,0.00684024,-0.00201846,0
.01811059,0.01055764,-0.04012327,0.01753378,-0.00398891,0.00100611,-0.01590631,0
.00489375,0.00235560,-0.00322055,0.00034182,-0.00026765,-0.00018120,-0.00003188,
-0.00000075,0.00002734,-0.00001778,-0.00000785,0.00003207,-0.00004206,0.00001128
,-0.00018053,0.00002099,-0.00000538,0.00002728,0.00000467,0.00000229,0.00000443,
0.00001769,-0.00001335,0.00000883,-0.00000693,0.00002747,0.00002534,-0.00155652,
-0.00100509,0.00093062,-0.02133125,0.03994769,0.00003000,-0.00001777,-0.00000808
,-0.00005348,-0.00000522,0.00004497,-0.00004109,0.00003623,-0.00007016,-0.000014
04,-0.00001457,-0.00000654,0.00000431,-0.00000875,-0.00000004,-0.00000867,-0.000
00523,0.00000877,-0.00001063,-0.00000670,0.00001169,-0.00020472,-0.00041656,-0.0
0024647,0.00004851,0.00000027,-0.00003156,0.00000141,0.00004336,0.00001103,0.000
11669,0.00023797,0.00002460,-0.00000787,0.00001811,0.00003332,-0.00003388,0.0000
1148,-0.00000711,0.00001144,-0.00000062,0.00001354,-0.00006859,-0.00011196,-0.00
007107,0.00000091,-0.00003169,-0.00001907,-0.00000213,-0.00000184,-0.00001931,-0
.00005105,-0.00012796,-0.00004667,0.00007243,-0.00001472,0.00006850,-0.00000265,
0.00000876,-0.00005035,0.00002892,-0.00001173,0.00000852,-0.00000799,0.00001006,
0.00002600,-0.00001094,0.00000670,0.00001793,0.00000586,-0.00001198,-0.00000764,
0.00001094,-0.00000526,0.00000444,-0.00000160,0.00000808,0.00001276,-0.00001507,
-0.00003386,0.00000594,0.00011676,0.00005982,0.00015588,-0.00002507,0.00000728,0
.00001148,-0.00001295,0.00001036,-0.00000636,0.00000986,-0.00001469,-0.00000817,
0.00002867,0.00002295,0.00001488,-0.00005518,-0.00001539,-0.00005288,-0.00000523
,-0.00001621,0.00005157,-0.00005211,-0.00004518,0.00012383,-0.00001288,-0.000014
13,0.00003113,-0.00000651,0.00000442,-0.00001968,0.00003351,-0.00000142,0.000020
39,-0.00002044,-0.00001792,0.00000201,0.00007034,-0.00000170,0.00004880,0.000034
12,-0.00003103,-0.00020047,0.00001538,0.00009507,-0.00005346,-0.00002403,-0.0000
0171,0.00001238,-0.00000774,-0.00000046,-0.00001981,0.00003026,0.00000182,0.0000
1721,0.00008475,0.00030778,0.00009757,-0.00012035,-0.00008869,0.00001211,0.00016
020,0.00022485,0.00004697,-0.00002645,0.00008536,-0.00004961,0.00002432,0.000003
42,0.00004255,0.00004016,-0.00001995,0.00006337,0.00004808,-0.00003418,-0.000022
20,0.00000858,-0.00001756,-0.00010586,0.00008671,-0.00021421,-0.00037803,-0.0023
3567,0.00068973,0.00089599,-0.00447024,0.00201940,-0.00980844,-0.07365446,0.0177
1257,-0.27711079,-0.00571323,0.00023200,-0.02419814,0.00171972,-0.00357483,-0.00
230757,0.00049395,-0.00029343,0.00080960,0.00000592,0.00002466,0.00000005,0.0000
1202,0.00000196,0.00003535,0.00006239,0.00001005,0.00009981,-0.00000283,-0.00000
511,-0.00004213,-0.00002659,0.00002292,-0.00002386,-0.00003748,0.00004531,0.0000
1672,-0.00002358,0.00001666,0.00003346,0.00087233,-0.00007672,0.00095479,0.08330
594,-0.01751871,0.31144388,0.00001175,0.00002914,0.00000277,-0.00006189,0.000040
41,0.00004140,-0.00007747,0.00002481,0.00003966,-0.00002295,-0.00003066,0.000014
23,0.00000233,-0.00000464,-0.00000277,-0.00000482,0.00000151,0.00000411,-0.00000
870,-0.00000428,0.00000332,-0.00021927,-0.00014143,-0.00009038,0.00005881,-0.000
04312,-0.00005396,0.00001302,0.00000793,0.00000079,0.00011049,0.00012624,-0.0000
3793,0.00000852,-0.00000087,-0.00002208,0.00001216,-0.00000936,-0.00000306,0.000
01585,-0.00001003,0.00000514,-0.00001306,-0.00006350,0.00002269,0.00001306,-0.00
001950,-0.00000732,-0.00000051,0.00000035,-0.00001361,-0.00003732,-0.00009315,-0
.00000401,0.00000860,0.00001312,-0.00001699,-0.00002414,0.00005447,-0.00001270,0
.00004208,-0.00003818,-0.00001338,0.00000260,0.00001140,-0.00000342,0.00000472,0
.00000306,-0.00000609,-0.00000241,0.00000986,-0.00000925,-0.00000990,0.00000140,
-0.00000499,-0.00000985,-0.00000949,0.00000951,-0.00000797,-0.00001804,0.0000099
0,0.00010180,0.00004778,0.00007983,0.00001593,-0.00001097,-0.00003609,-0.0000068
7,0.00001725,-0.00000494,0.00000914,-0.00001197,-0.00000432,0.00003660,0.0000278
1,0.00000133,-0.00002294,0.,-0.00002493,-0.00001398,-0.00001453,0.00003064,-0.00
006705,0.00009216,0.00004704,-0.00000290,0.00000286,0.00000995,-0.00000325,-0.00
000689,-0.00001295,0.00001654,-0.00000764,0.00001248,-0.00000761,-0.00000787,-0.
00000350,-0.00002170,-0.00007065,-0.00000128,0.00011826,-0.00013373,-0.00002511,
0.00000249,0.00004503,-0.00001853,-0.00000968,0.00001319,0.00000135,0.00001188,-
0.00003092,0.00000325,0.00000533,-0.00000848,0.00000590,0.00006478,0.00010910,0.
00004513,-0.00007319,-0.00004758,0.00009259,-0.00026606,0.00044413,0.00008030,-0
.00003553,-0.00001295,-0.00008188,-0.00011034,-0.00004526,0.00008838,0.00002639,
-0.00001722,0.00002051,0.00008215,0.00001577,-0.00004152,0.00001049,0.00000084,-
0.00002057,-0.00063645,-0.00076505,0.00012841,0.00052443,-0.00051733,0.00035712,
0.00244976,0.00494313,0.00177849,-0.01180360,0.01094858,-0.00271792,-0.17918533,
0.12317670,-0.04996922,-0.00757083,0.00689746,-0.00428038,0.00360455,0.00338322,
-0.00299232,0.00001838,-0.00001084,0.00001061,0.00000760,-0.00000492,-0.00000303
,-0.00002550,0.00003484,-0.00002455,-0.00000172,-0.00001122,-0.00002528,0.000002
48,0.00004349,-0.00002242,-0.00001872,0.00002744,0.00001198,0.00001085,-0.000034
49,0.00000824,-0.00059066,0.00047331,-0.00019196,-0.00066561,-0.00178693,-0.0000
8595,0.19481180,-0.00006155,-0.00003092,0.00003354,0.00003006,-0.00011055,0.0000
3183,0.00010439,-0.00010814,-0.00005691,0.00009118,0.00003321,-0.00003554,-0.000
00075,0.00000410,0.00001044,0.00000401,-0.00000215,0.00000143,0.00000826,0.00000
090,0.00000293,0.00025273,0.00007232,0.00013934,-0.00003343,0.00005112,0.0000027
6,-0.00000713,0.00000216,0.00001251,-0.00018883,-0.00004229,0.00001088,-0.000016
88,0.00000517,0.00002417,-0.00002712,0.00000251,-0.00000052,-0.00002946,0.000023
00,-0.00000544,0.00003053,0.00006096,-0.00001517,-0.00001220,0.00002690,0.000005
79,0.00000165,0.00000064,0.00000757,0.00006998,0.00002409,-0.00002139,0.00000585
,-0.00003083,0.00004795,0.00003393,-0.00001441,-0.00001246,-0.00006647,0.0000824
2,0.00000897,-0.00002331,-0.00000281,0.00000085,-0.00002010,-0.00000633,0.000000
66,0.00001317,-0.00000621,-0.00001212,0.00001990,-0.00000483,0.00000331,0.000025
03,0.00001092,-0.00003265,0.00001916,0.00002245,-0.00000942,-0.00007971,0.000026
44,-0.00014502,0.00000370,0.00001879,0.00004810,-0.00000335,-0.00001414,0.000006
26,-0.00000901,0.00001288,0.00001091,-0.00007203,0.00001273,0.00001394,0.0000345
6,-0.00001532,0.00006405,0.00001574,0.00003410,-0.00006462,-0.00000984,-0.000050
62,-0.00014140,-0.00000743,-0.00001227,-0.00003291,0.00000703,0.00000770,0.00001
896,-0.00002311,0.00000235,-0.00001254,0.00001908,0.00002349,-0.00000005,-0.0000
4906,0.00001609,-0.00003748,-0.00017635,-0.00028031,0.00021250,0.00002474,0.0000
6114,0.00003815,0.00002416,0.00001184,-0.00001790,-0.00002575,0.00004873,0.00004
968,-0.00002202,0.00000418,-0.00000549,-0.00010971,-0.00009293,-0.00014145,0.000
22395,0.00002031,0.00004823,0.00013458,-0.00000726,-0.00005354,-0.00002977,-0.00
002405,0.00000382,-0.00007899,-0.00013331,-0.00002783,-0.00002959,0.00002071,-0.
00000382,0.00001166,0.00008789,0.00000315,0.00002011,-0.00001525,0.00002420,-0.0
0083936,-0.00072523,0.00013771,-0.00049998,0.00025405,-0.00043864,0.00489252,0.0
0226668,-0.00349957,0.01446144,-0.01181997,0.00324808,0.12318233,-0.13889832,0.0
4046547,0.00348447,-0.00194098,0.00206003,0.00345797,0.00465338,0.00002852,-0.00
001507,-0.00000747,0.00000433,-0.00001582,0.00000022,-0.00000039,-0.00004238,0.0
0002704,-0.00006528,-0.00000649,0.00000095,0.00002663,0.00004339,0.00001192,0.00
001477,0.00002101,-0.00002246,-0.00000871,-0.00004027,0.00002193,-0.00000336,0.0
0064280,-0.00060933,0.00020564,-0.00154155,-0.00100479,0.00075961,-0.14535876,0.
14884865,0.00001211,-0.00000077,0.00002413,-0.00006997,0.00006496,0.00002079,0.0
0000736,0.00004077,-0.00005774,0.00006148,0.00000451,-0.00004264,0.00000277,0.00
000062,0.00000876,-0.00000011,-0.00000267,0.00000578,-0.00000995,-0.00000820,0.0
0000820,-0.00022929,-0.00023541,-0.00016567,0.00004687,-0.00002468,-0.00002439,-
0.00000528,0.00002080,0.00000833,0.00012372,0.00008369,0.00003809,-0.00001469,-0
.00001598,0.00002040,-0.00003370,0.00001130,-0.00000012,-0.00001185,0.00001659,0
.00000237,-0.00000955,-0.00001046,-0.00005577,-0.00000290,-0.00000614,-0.0000066
8,0.00000154,-0.00000134,0.00000019,-0.00003345,-0.00006858,-0.00005979,0.000024
79,-0.00001805,0.00004216,-0.00000439,0.00004857,-0.00000324,0.00003670,-0.00006
993,0.00001626,-0.00001737,0.00000201,0.00002926,-0.00001893,-0.00000215,0.00001
399,0.00001122,-0.00001769,-0.00000582,0.00001848,-0.00000207,-0.00000162,0.0000
1520,0.00000928,-0.00000742,0.00000048,-0.00002070,-0.00000630,0.00007345,0.0000
1871,0.00009647,-0.00002717,0.00000621,-0.00004017,-0.00000349,-0.00000568,0.000
00160,-0.00000030,-0.00000364,0.00000249,-0.00003767,0.00000268,0.00002170,-0.00
001707,0.00004519,-0.00002275,0.00001032,-0.00001761,0.00000596,0.00004164,0.000
02717,-0.00000686,0.00001578,0.00003436,0.00001305,0.00000037,-0.00001148,-0.000
00680,0.00000376,-0.00000475,0.00000685,-0.00000878,-0.00000472,0.00000043,-0.00
004528,-0.00004498,0.00000148,0.00005419,0.00014041,0.00010239,0.00000395,-0.000
04583,-0.00002083,-0.00001131,-0.00001183,-0.00000268,0.00003350,-0.00001069,-0.
00001835,-0.00000004,-0.00001770,0.00000568,0.00007505,0.00014305,0.00009088,-0.
00018076,-0.00007119,0.00006929,-0.00098787,0.00093473,-0.00017118,-0.00005406,0
.00003407,-0.00031913,-0.00002769,0.00008931,0.00007549,-0.00000385,0.00001127,0
.00000880,-0.00002055,0.00000205,-0.00001129,0.00002501,-0.00002498,-0.00001051,
0.00021214,0.00010198,-0.00006137,0.00024639,-0.00031776,-0.00059628,0.00141216,
-0.00324051,-0.00212382,0.01493588,-0.01291986,0.00440690,-0.04996582,0.04053732
,-0.06089341,-0.02189452,0.01790937,-0.00960419,-0.00242327,-0.00024759,-0.00541
791,0.00003783,0.00001018,0.,-0.00000764,0.00000963,0.00002949,0.00003880,0.0000
2344,0.00006443,0.00000481,-0.00000195,0.00000166,-0.00002313,0.00001518,0.00000
540,-0.00000750,0.00000944,0.00000943,-0.00003507,0.00004191,0.00001443,0.000790
88,-0.00071022,0.00013349,0.00105557,-0.00027943,0.00076000,0.05709971,-0.042810
61,0.07288251,0.00003603,0.00006101,0.00000994,-0.00001398,0.00001357,0.00004866
,-0.00004553,-0.00002250,0.00004954,-0.00002664,-0.00001849,0.00000582,0.0000016
0,-0.00000440,-0.00000122,-0.00000241,0.00000290,0.00000500,0.00000075,0.0000097
7,0.00000075,-0.00018429,0.00053567,0.00024673,0.00001267,-0.00002125,-0.0000407
8,0.00001627,0.00000647,-0.00000442,0.00017464,-0.00004353,-0.00014668,0.0000106
1,0.00000270,-0.00001099,0.00001438,-0.00000662,-0.00000463,-0.00000115,-0.00000
811,-0.00000889,-0.00003406,-0.00008075,-0.00001177,0.00001200,-0.00001826,-0.00
000521,0.00000144,0.00000001,-0.00000898,-0.00001945,-0.00003632,0.00000712,-0.0
0001536,0.00001547,-0.00001409,0.00001446,0.00001236,-0.00001002,0.00000284,0.00
001068,-0.00003210,-0.00001321,0.00000224,0.00000470,0.00001113,-0.00000108,-0.0
0000386,-0.00000298,0.00000292,-0.00000325,-0.00000737,-0.00001019,-0.00000230,0
.00000207,-0.00000736,0.00000496,-0.00001459,-0.00001426,0.00002707,-0.00000198,
-0.00005386,-0.00007607,0.00004365,-0.00005682,-0.00000553,-0.00000358,0.0000075
9,-0.00000216,0.00000664,-0.00001160,-0.00000091,0.00002878,0.00000662,-0.000007
22,0.00000394,-0.00002504,0.00001197,-0.00000886,0.00000930,0.00000989,-0.000039
36,0.00001387,0.00000099,-0.00000568,-0.00001738,-0.00000385,0.00000018,-0.00000
247,-0.00000195,0.00000351,-0.00000308,0.00000154,0.00000142,0.00000062,-0.00000
207,-0.00000678,-0.00001418,-0.00000213,0.00007664,0.00000136,-0.00000906,-0.000
00087,0.00001828,0.00000434,0.00000060,0.00000562,0.00000248,-0.00001524,-0.0000
1137,-0.00001030,0.00000497,0.00001425,0.00000537,0.00013000,-0.00040759,0.00010
413,-0.00000831,0.00016049,0.00036245,-0.00037378,-0.00177718,0.00066198,-0.0001
2577,0.00006714,0.00026983,0.00013047,-0.00009795,0.00005720,0.00000741,0.000004
51,0.00004892,-0.00002412,0.00005263,-0.00001005,-0.00017958,0.00005482,-0.00022
996,-0.00068347,0.00059681,0.00074880,0.00109965,0.00652172,-0.00212385,-0.00018
094,-0.00009009,-0.00037299,0.00359386,0.00340882,-0.00239595,0.00370853,-0.0035
3638,-0.00470105,-0.09512135,0.06997591,0.08287838,-0.01147975,0.01450329,0.0158
7548,-0.00006033,-0.00014601,0.00005256,0.00011961,-0.00003372,-0.00026487,-0.00
041777,-0.00007551,-0.00041438,-0.00002320,0.00001398,-0.00005096,-0.00000727,-0
.00000072,-0.00001077,-0.00002641,0.00003707,-0.00001990,0.00001235,-0.00001301,
-0.00001811,-0.00082709,-0.00097640,0.00022830,0.00010306,-0.00019134,-0.0003420
3,-0.00059581,-0.00184241,-0.00028967,0.10121217,-0.00013132,-0.00001603,0.00002
659,0.00002976,-0.00021007,0.00004765,0.00004995,-0.00009300,-0.00006774,0.00007
193,0.00002907,0.00000588,-0.00000150,0.00000361,0.00000652,-0.00000116,-0.00000
400,-0.00000154,0.00000189,-0.00001035,0.00000762,0.00029599,-0.00093716,-0.0003
6630,0.00000374,0.00010080,0.00000914,-0.00000735,-0.00000244,0.00002030,-0.0003
5055,0.00034274,0.00017904,-0.00000307,-0.00000476,0.00005306,-0.00001405,-0.000
01266,0.00000314,-0.00000289,0.00002481,0.00001177,0.00004039,0.00006478,-0.0000
1068,-0.00001479,0.00003175,0.00000129,-0.00000439,0.00000720,0.00000079,0.00006
341,-0.00009197,-0.00003412,0.00004373,-0.00004343,0.00003473,0.00001995,-0.0000
6285,-0.00009175,-0.00006780,0.00013609,0.00000961,-0.00000276,0.00000073,-0.000
03620,-0.00001146,-0.00000529,-0.00001688,0.00000564,0.00002524,-0.00001429,0.00
000268,0.00000625,0.00000120,0.00000630,-0.00000263,-0.00004008,0.00003366,0.000
02752,-0.00002084,0.00004690,0.00018077,0.00008601,-0.00011592,0.00001681,0.0000
6557,-0.00000623,0.00000188,0.00000014,-0.00000517,0.00001570,0.00000714,-0.0000
3470,0.00005182,0.00001538,-0.00002386,-0.00002184,-0.00001143,0.00001040,0.0000
0146,0.00000505,-0.00001414,-0.00003417,-0.00000263,-0.00000761,-0.00001727,0.00
000817,0.00000139,0.00001100,0.00000344,0.00000896,0.00001456,0.00000688,-0.0000
0076,-0.00000055,0.00000386,0.00002601,0.00001301,0.00002281,0.00000221,0.000003
76,-0.00008434,0.00000370,0.00003378,0.00001010,-0.00000703,-0.00000337,0.000006
65,-0.00003248,0.00004562,-0.00000855,0.00002286,0.00000799,0.00001399,-0.000306
80,0.00026873,-0.00021405,0.00068700,-0.00031346,0.00053209,-0.00206027,-0.00068
617,-0.00016982,0.00008233,-0.00011660,-0.00021417,-0.00010088,0.00009967,-0.000
07445,-0.00002160,0.00000140,-0.00004212,0.00002280,-0.00001767,0.00000565,0.000
07709,-0.00016784,0.00022951,0.00036958,-0.00068952,-0.00067068,0.00674491,0.002
36907,0.00053296,-0.00005517,-0.00006040,0.00051948,0.00326748,0.00487959,-0.000
30822,-0.00025353,0.00083953,-0.00070521,0.06963303,-0.11530832,-0.09887891,0.01
116728,-0.01154742,-0.01395181,-0.00011883,0.00013156,0.00004740,-0.00002685,0.0
0005554,0.00041603,0.00005927,0.00007455,-0.00027010,0.00001828,-0.00000931,0.00
005765,0.00000713,-0.00000813,0.00001644,0.00003946,-0.00003052,0.00001271,-0.00
001133,0.00002068,0.00001227,-0.00101666,-0.00099310,0.00021551,0.00000445,-0.00
000122,0.00009064,-0.00166534,-0.00088361,0.00085706,-0.08647323,0.12246807,0.00
000208,0.00006150,0.00001792,0.00002356,-0.00008850,0.00002076,0.00006100,-0.000
04936,-0.00009082,0.00005869,0.00003689,-0.00002714,-0.00000289,0.00000812,0.000
00723,0.00000561,-0.00000128,-0.00000255,-0.00000049,0.00000175,0.00000955,0.000
14581,-0.00029585,0.00002474,-0.00002723,0.00006513,0.00001610,-0.00000676,0.000
00810,0.00002308,-0.00011002,-0.00002821,0.00001752,-0.00001430,-0.00001153,0.00
002390,-0.00002364,-0.00000305,0.00000190,-0.00002499,0.00001930,0.00000227,0.00
000096,0.00003094,-0.00002174,-0.00000835,0.00000999,0.00000319,-0.00000383,0.00
000619,0.00000976,0.00002389,-0.00000197,-0.00002697,0.00001521,-0.00004974,0.00
004478,0.00003772,-0.00007073,-0.00004076,-0.00004185,0.00006879,0.00001309,-0.0
0001999,-0.00001525,-0.00000092,-0.00000758,-0.00000138,-0.00000223,0.00000151,0
.00000399,-0.00000609,0.00000800,-0.00000510,0.00000131,0.00001105,0.00000279,-0
.00002883,0.00001890,0.00001054,-0.00000201,-0.00008027,-0.00000123,-0.00007458,
-0.00002885,0.00003265,0.00010537,0.00000201,-0.00000718,0.00000474,-0.00000872,
0.00000538,0.00000706,-0.00003318,0.00000802,0.00001864,-0.00000315,-0.00004430,
-0.00000748,0.00001247,0.00001497,-0.00001352,-0.00003983,-0.00007044,0.00003690
,-0.00001813,-0.00004086,-0.00000402,0.00000187,0.00001819,0.00000702,-0.0000001
8,0.00000803,-0.00000705,0.00000011,0.00000479,0.00001181,0.00003921,0.00003313,
0.00000183,-0.00000727,-0.00007948,-0.00013350,0.00000665,0.00009020,0.00000608,
0.00000570,0.00001579,0.00000840,-0.00003680,0.00003546,0.00001986,0.00000623,0.
00000932,-0.00000234,-0.00007771,0.00040997,-0.00018433,0.00016265,0.00008243,0.
00020837,0.00003040,0.00056452,0.00072037,0.00007592,-0.00006209,-0.00005156,0.0
0000238,-0.00001994,-0.00002620,-0.00005087,0.00004559,-0.00000470,-0.00006078,0
.00004995,0.00000194,-0.00003216,0.00002259,-0.00000314,-0.00014549,0.00021555,0
.00008443,-0.00183475,0.00037025,0.00075494,-0.00045929,0.00048093,0.00006424,-0
.00275349,0.00007117,-0.00504542,0.01288003,-0.01602688,-0.02290652,0.08223858,-
0.09921284,-0.16949156,-0.00141954,0.00186469,0.00440801,-0.00000784,-0.00008663
,-0.00006181,-0.00008875,0.00015823,-0.00022456,0.00004820,-0.00003918,0.0001920
0,-0.00000753,0.00001405,0.00002956,0.00001369,-0.00000899,0.00001966,0.00001177
,-0.00001295,-0.00001448,-0.00001664,0.00002062,-0.00000982,0.00015387,0.0002357
0,0.00005779,0.00063357,-0.00084384,-0.00110223,0.00082381,-0.00012543,0.0007157
3,-0.09005996,0.11208800,0.19189706\\0.00000162,-0.00001276,-0.00000233,0.000008
11,-0.00000167,-0.00000906,0.00000008,0.00001724,0.00000265,-0.00000604,-0.00000
665,0.00000182,0.00000102,-0.00000028,-0.00000003,0.00000157,0.00000121,0.000000
50,-0.00000129,0.00000225,0.00000002,0.00001937,-0.00000043,0.00000688,-0.000004
49,0.00000056,0.00000477,0.00000455,-0.00000127,-0.00000604,-0.00001147,0.000004
77,-0.00000474,0.00000325,0.00000547,-0.00000033,-0.00000031,-0.00000004,-0.0000
0011,-0.00000036,0.00000975,0.00000209,0.00000032,-0.00000260,-0.00000084,-0.000
00331,-0.00000249,0.00000059,-0.00000017,-0.00000470,-0.00000078,-0.00000251,0.0
0000470,0.00000349,0.00000289,0.00000350,-0.00000153,0.00000538,0.00000343,0.000
00390,-0.00000331,0.00000182,0.00000485,0.00000403,-0.00000586,-0.00000186,-0.00
000120,0.00000217,0.00000604,0.00001059,0.00000381,0.00000121,-0.00000637,-0.000
00247,0.00000131,-0.00000491,0.00000004,0.00000008,0.00000133,0.00000313,0.00000
008,-0.00001333,-0.00001783,-0.00001078,-0.00000068,0.00000050,0.00000104,-0.000
00005,0.00000404,0.00000133,0.00000076,-0.00000227,-0.00000135,-0.00000484,-0.00
000835,-0.00000366,-0.00000392,-0.00000276,-0.00000120,0.00000128,0.00000028,-0.
00000659,0.00000801,0.00000078,0.00000035,-0.00000055,0.00000520,-0.00000219,-0.
00000005,0.00000147,-0.00000071,0.00000098,0.00000045,0.00000156,-0.00000262,-0.
00000110,0.00000304,-0.00000026,-0.00000053,-0.00000024,-0.00000255,-0.00000243,
-0.00000112,-0.00000137,0.00000095,0.00000277,0.00000087,-0.00000108,0.00000117,
-0.00000044,-0.00000250,-0.00000041,0.00000121,-0.00000087,0.00000266,-0.0000001
4,0.00000321,0.00000280,-0.00000267,0.00000114,0.00000235,0.00000147,-0.00000331
,-0.00000236,0.00000103,0.00000490,0.00000226,-0.00000440,0.00000451,0.00000302,
0.00000678,-0.00000436,0.00000300,0.00000323,-0.00000362,0.00000186,-0.00000482,
-0.00000177,-0.00000179,0.00000238,-0.00000057,-0.00000169,0.00000121,0.00000099
,-0.00000047,-0.00000567,0.00000604,0.00000233,0.00000662,-0.00000453,-0.0000006
5,-0.00000342,0.00000199,-0.00000081,0.00000344,-0.00000076,0.00000435,-0.000005
36,-0.00000289,-0.00000128,-0.00000087,0.00000112,-0.00000155,0.00000185,-0.0000
0322,-0.00000113,-0.00000034,0.00000099,0.00000007,0.00000081,-0.00000151,-0.000
00342,-0.00000275,0.00000162,-0.00000372,-0.00000184,0.00000178,0.00000013,0.000
00099,0.00000386,0.00000107,0.00000135,-0.00000045,-0.00000117,-0.00000080,0.000
00033,-0.00000033,0.00000093,-0.00000095,0.00000037,0.00000014,-0.00000106,-0.00
000153\\\@
