1\1\GINC-ECHO\Freq\External='./xtb.sh'\ZDO\C27H34Fe1N2O4Pd1\ECHO\14-Oct-2024\0\\
#p freq external='./xtb.sh'\\Generate automatically by rxnb\\0,1\Fe,-1.54484,1.2
3333,-0.44163\C,0.03843,-1.22366,2.75652\Pd,-0.88332,-1.21005,0.1589\C,-3.32958,
-0.89577,-1.31352\H,-2.55087,3.61593,-0.62787\H,-4.19118,1.58844,-0.36523\H,-3.0
7549,-0.11585,1.42825\C,1.91615,-1.27914,-0.37047\O,0.02537,-0.86105,3.92241\C,-
2.24231,0.00057,-1.76236\O,1.55604,-1.42532,-1.62338\C,-0.22505,0.94807,-1.92538
\C,-1.18229,1.92308,-2.22987\C,-2.44066,1.33389,-2.15316\H,0.82508,1.12805,-1.94
198\H,-1.02702,2.94748,-2.47441\H,-3.36092,1.8492,-2.27774\H,0.48639,-1.17604,-1
.67128\C,-0.85418,-0.28099,-1.62981\C,1.35221,-0.98886,1.92819\O,-0.9089,-1.8131
9,2.15696\C,-1.54397,1.41922,1.59445\C,-1.4256,2.67606,1.00913\C,-2.45748,2.8380
1,0.09078\C,-3.29714,1.71874,0.19347\C,-2.69257,0.81121,1.07669\H,-0.91207,1.012
28,2.35204\N,1.02772,-1.09538,0.53286\H,2.02397,-1.81321,2.21231\H,-4.03437,-0.2
8808,-0.75372\H,-3.86492,-1.36023,-2.1562\H,-0.68343,3.40257,1.23217\N,-2.76013,
-1.91097,-0.42634\C,-2.25765,-3.05477,-1.19726\C,-3.70705,-2.41305,0.56154\H,-3.
09199,-3.6623,-1.58111\H,-1.67156,-2.70318,-2.04857\H,-1.63193,-3.68819,-0.5534\
H,-4.43821,-3.09356,0.10454\H,-3.15994,-2.94493,1.34122\H,-4.25936,-1.59895,1.02
605\C,2.03933,0.34095,2.28409\C,1.96484,1.44091,1.26226\C,3.01937,2.35866,1.2307
7\C,2.97907,3.47536,0.42229\C,1.84875,3.73005,-0.34368\C,0.81313,2.82181,-0.3285
8\C,0.88413,1.65115,0.41911\H,1.568,0.69432,3.21001\H,3.08893,0.15175,2.51574\H,
3.87922,2.19615,1.86597\H,3.81242,4.16299,0.41053\H,1.78364,4.63114,-0.93501\H,-
0.12609,2.96591,-0.82889\H,-0.01628,1.04083,0.29207\O,3.19546,-1.31621,-0.02633\
C,5.50992,-1.03539,-0.13635\C,4.25493,-1.17215,-0.99889\C,4.34165,-2.41372,-1.88
511\C,4.04223,0.09601,-1.82658\H,5.43849,-0.142,0.47784\H,5.60669,-1.89803,0.517
29\H,6.39123,-0.96578,-0.76654\H,4.47501,-3.30122,-1.27055\H,5.18791,-2.32202,-2
.55995\H,3.43383,-2.52443,-2.4717\H,3.81623,0.93349,-1.1685\H,4.94627,0.3199,-2.
38544\H,3.22223,-0.03336,-2.52759\\Version=ES64L-G16RevC.01\HF=-105.1184109\RMSD
=0.000e+00\RMSF=9.195e-06\ZeroPoint=0.5564815\Thermal=0.5895373\ETot=-104.528873
6\HTot=-104.5279294\GTot=-104.6232446\Dipole=0.,0.,0.\PG=C01 [X(C27H34Fe1N2O4Pd1
)]\NImag=1\\0.42686077,-0.07504647,0.48202833,-0.05021278,0.07672008,0.58140338,
-0.00095865,-0.00104665,0.00032912,0.45435225,-0.00113531,-0.00032423,0.00060840
,0.13137033,0.32993846,0.00037081,-0.00128879,0.00205846,0.09307702,0.23366769,0
.80907841,-0.01211862,0.02038888,-0.00362750,0.00002256,-0.00054559,-0.01154569,
0.21282940,0.01903266,-0.08115075,0.01105229,0.00876325,0.00524317,0.00039029,-0
.00389707,0.17991947,-0.00789454,0.02474853,-0.00893840,-0.01442476,-0.00620971,
-0.00139506,0.03275596,-0.07667429,0.25036939,-0.00432539,0.00270945,0.00261963,
-0.00084558,-0.00050871,-0.00071277,-0.00407601,0.00129352,-0.00490975,0.5041907
7,0.00184735,0.00200472,0.00389891,0.00018541,0.00025679,0.00050801,-0.00133740,
0.00319476,-0.00135748,-0.00833700,0.48842483,-0.00536936,-0.00191197,-0.0021454
1,-0.00056424,-0.00035132,-0.00084638,-0.00388479,0.00096273,-0.00336683,-0.0350
9092,0.03659710,0.47487452,-0.00510335,0.00143458,-0.00319728,-0.00000213,-0.000
09784,-0.00004308,0.00009277,-0.00084047,0.00016566,-0.00006668,-0.00031865,0.00
001279,0.04179103,-0.00033160,-0.00258025,0.00283049,-0.00021608,-0.00005905,-0.
00008741,-0.00046674,0.00105511,-0.00023768,0.00041834,0.00053789,0.00013288,-0.
01513164,0.21724958,0.00164525,-0.00301118,-0.00177659,0.00023092,0.00000383,0.0
0002376,-0.00027794,0.00055727,-0.00029362,0.00017255,0.00022462,0.00003778,0.02
771350,-0.17228897,0.18796207,-0.00069217,-0.00063603,-0.00153523,0.00001561,-0.
00009672,-0.00002479,-0.00038977,-0.00035861,0.00004559,-0.00046887,-0.00098385,
-0.00013956,-0.00057315,0.00004538,0.00067780,0.26973505,0.00128069,-0.00156210,
0.00048594,-0.00005138,0.00006595,0.00003701,0.00059048,-0.00033916,0.00014722,0
.00127803,-0.00216724,-0.00129691,0.00015948,-0.00045252,-0.00043912,0.04026264,
0.05004729,0.00027798,0.00045717,-0.00226520,-0.00006945,-0.00015807,-0.00000812
,-0.00067714,0.00021075,-0.00007089,0.00052024,-0.00093801,-0.00024463,0.0006369
0,-0.00039405,-0.00011072,0.15504784,0.01652352,0.12743809,-0.00162478,-0.002241
13,-0.00341592,-0.00173481,-0.00010066,-0.00077301,-0.00439112,0.00232488,0.0038
0772,0.00001984,-0.00055846,-0.00014015,0.00056568,0.00062181,-0.00038778,-0.000
31796,0.00024679,0.00055589,0.08175509,0.00205450,0.00223782,-0.00234501,0.00019
020,0.00044509,0.00016268,0.00028104,0.00104398,-0.00001711,-0.00051383,-0.00003
435,-0.00042065,-0.00096089,-0.00016854,0.00037265,0.00036120,0.00003140,-0.0003
1786,0.11340697,0.29708526,-0.00050536,0.00270622,0.00142274,-0.00043809,0.00011
639,0.00051150,0.00547632,-0.00147252,-0.00048540,0.00011985,-0.00012058,-0.0010
9792,0.00020794,0.00035119,0.00027827,0.00030822,-0.00015945,-0.00055617,-0.0300
3407,-0.09842829,0.06457671,-0.00055119,-0.00112370,0.00167756,-0.00059665,0.002
04329,0.00544792,-0.00632395,0.00215186,0.00645608,-0.00085076,0.00051871,-0.000
77291,0.00005475,-0.00017732,0.00012278,0.00020307,0.00000909,0.00010243,-0.0002
0181,0.00006797,0.00006842,0.68402686,-0.00050321,-0.00015712,0.00081761,0.00159
486,0.00154005,0.00073893,0.00169476,-0.00157346,0.00220976,-0.00001976,-0.00014
001,0.00000757,-0.00002298,0.00002528,-0.00003790,-0.00007984,-0.00002302,-0.000
09111,0.00001010,-0.00004192,-0.00000528,-0.04726677,0.16055527,-0.00004440,-0.0
0165172,0.00324843,0.00698674,0.00200747,-0.00727304,0.00084872,-0.00201747,0.01
157459,0.00045678,-0.00083281,0.00046383,0.00007333,0.00001796,-0.00006668,-0.00
006617,-0.00003260,-0.00012498,0.00037205,-0.00036501,0.00001512,-0.09591167,0.0
7268188,0.73705719,0.00033647,0.00016108,0.00016174,-0.07203277,0.00140041,0.015
04182,-0.00157986,-0.00276095,0.00222512,0.00011310,-0.00002272,0.00007724,-0.00
001355,0.00006408,-0.00007680,-0.00000720,0.00001769,0.00000897,0.00044849,-0.00
000152,0.00022094,0.00030806,-0.00058273,-0.00089119,0.08241249,0.00027542,0.000
49732,-0.00145617,0.00436788,-0.11112796,-0.15279444,-0.00072402,-0.00249864,0.0
0194357,0.00020686,-0.00016530,0.00020285,0.00005862,-0.00000250,0.00002577,0.00
010956,-0.00002205,0.00007820,0.00005297,-0.00022696,-0.00012990,-0.00171429,-0.
00024634,-0.00002727,0.02006783,0.09747957,0.00010820,0.00085521,-0.00116932,0.0
1515938,-0.15535999,-0.57649178,0.00104865,-0.00309752,-0.00068073,0.00045804,-0
.00029137,0.00051257,0.00007751,0.00001476,-0.00003539,0.00006167,-0.00006139,-0
.00000865,0.00038642,-0.00027805,-0.00032059,-0.00405730,0.00031249,-0.00074275,
-0.01301428,0.20382771,0.69602177,-0.02741893,-0.02831463,-0.02532198,-0.0016469
0,-0.00129107,-0.00129691,-0.00152916,0.00340361,-0.00794901,-0.16609349,-0.0797
6979,0.04382425,-0.00019688,0.00029097,0.00014561,-0.00110669,0.00013011,-0.0004
4533,-0.00035666,0.00017289,0.00074034,-0.00134927,0.00001961,0.00064583,0.00020
932,0.00081572,0.00113480,0.61238673,-0.02426755,-0.06324936,-0.06560611,0.00131
270,0.00128664,0.00107779,0.00961387,-0.00102883,0.00736184,-0.07761768,-0.12225
177,0.03197926,-0.00056903,0.00019264,0.00024041,-0.00006629,-0.00012568,-0.0002
7813,0.00023627,-0.00076399,-0.00004687,0.00085611,-0.00004150,-0.00100728,-0.00
014389,-0.00083869,-0.00095824,0.09286498,0.62123935,-0.02008228,-0.04475985,-0.
07640049,0.00045648,0.00059718,0.00062252,-0.00958919,0.00462884,-0.00891035,0.0
3902426,0.03243124,-0.06370809,-0.00011935,0.00043291,0.00043726,-0.00001725,-0.
00010470,0.00000597,-0.00025321,0.00010988,-0.00000071,0.00032974,0.00006688,-0.
00049597,-0.00003514,-0.00016411,-0.00013386,-0.00898296,-0.11487285,0.22738749,
0.00009161,0.00509436,-0.00439173,-0.00807945,-0.00261540,0.00001345,-0.00657783
,0.00253732,-0.00351800,-0.00006971,0.00074440,-0.00015958,0.00005457,-0.0001189
4,-0.00026931,0.00007214,-0.00003619,-0.00007951,0.00003295,0.00021672,-0.000246
09,-0.08849159,0.00245115,-0.02436172,0.00190447,0.00066607,0.00083697,-0.002777
43,0.00700608,-0.00012423,0.21615832,-0.00028886,0.00016278,0.00065430,-0.000250
39,0.00005037,-0.00053960,0.00247866,-0.00402556,0.00152768,0.00006511,-0.000245
96,0.00007382,-0.00004477,0.00004324,0.00008341,-0.00000085,0.00002735,0.0000800
2,0.00000082,0.00001236,-0.00002747,-0.00105015,-0.05697487,-0.03743113,0.000247
63,-0.00021297,-0.00075773,0.00128399,-0.00248608,-0.00020215,-0.03189375,0.0623
4568,-0.00046549,0.00165040,-0.00284359,-0.01036575,-0.00264541,0.00074570,0.005
43299,0.00271519,-0.00679824,-0.00039506,0.00042800,-0.00044428,-0.00007019,0.00
002231,0.00004139,-0.00005129,0.00002464,0.00006487,-0.00044071,0.00005428,0.000
07748,-0.04013944,-0.03532863,-0.31486929,0.00318092,-0.00038237,-0.00267561,-0.
00023208,0.00052905,0.00047432,0.03038900,0.05801351,0.45927629,-0.06756140,-0.0
0487657,0.03799890,0.00121061,0.00072494,0.00042293,0.00192724,0.00221029,0.0040
4304,-0.00489150,0.00302374,0.00086942,0.00028326,-0.00055460,-0.00036172,0.0010
7552,-0.00041917,-0.00055625,0.00020162,0.00002591,-0.00067188,0.00025016,0.0005
1692,-0.00034582,-0.00033876,-0.00040930,-0.00053388,-0.03950063,-0.02105693,0.0
0882535,0.00277616,0.00043562,0.00012321,0.79774915,-0.00337976,-0.00206622,0.00
144577,0.00027571,0.00047113,0.00077943,-0.00233177,-0.00715362,-0.00132820,-0.0
0170446,0.00089587,0.00229198,0.00015782,-0.00031077,-0.00007350,-0.00009478,-0.
00046719,0.00001303,-0.00026733,0.00012795,0.00060534,0.00112821,0.00076565,0.00
267638,0.00003635,-0.00034073,-0.00051159,-0.03918176,0.01059596,0.01029205,-0.0
0772933,-0.00035021,-0.00199804,0.03017801,0.50704468,0.03251855,0.00263223,-0.0
3854906,0.00018412,0.00044189,0.00052589,0.00456369,0.00155261,-0.00072528,-0.00
156173,0.00052855,0.00191066,-0.00067858,0.00074040,0.00062417,-0.00069475,0.000
39337,0.00043607,-0.00047037,-0.00011164,0.00062659,0.00068804,-0.00031289,-0.00
215623,0.00005293,-0.00004861,-0.00038030,-0.00355350,0.00526192,-0.00263679,0.0
0062761,-0.00003161,0.00156904,-0.01312479,-0.10400850,0.16238431,-0.00732617,-0
.01665067,0.01933307,0.00069232,0.00034569,0.00009024,-0.00063691,-0.00072698,-0
.00120357,-0.00070298,0.00079580,0.00203530,0.00020384,0.00035336,0.00063898,-0.
00000180,-0.00052389,0.00050864,-0.00015106,0.00023761,-0.00030292,0.00014179,0.
00010987,0.00006962,-0.00016366,-0.00010754,-0.00019551,0.00258775,-0.03645654,0
.02284290,-0.00097821,0.00007474,0.00000223,-0.19641085,0.10308429,-0.01732561,0
.58219930,-0.01277689,-0.03856493,0.04153000,-0.00162205,-0.00084082,-0.00056965
,-0.00159531,-0.00080636,-0.00045331,0.00237408,-0.00309280,0.00282072,0.0015282
6,-0.00073754,-0.00176426,0.00014519,-0.00001281,-0.00004997,0.00055618,-0.00027
084,-0.00068818,-0.00023902,-0.00008536,0.00164465,0.00037358,0.00049696,0.00039
283,-0.02270688,-0.03802992,0.01412258,0.00004352,0.00062900,-0.00117924,0.14151
634,-0.18778616,0.03901836,0.05776111,0.74225698,0.01267412,0.03073841,-0.111005
78,-0.00016442,0.00002347,0.00014182,0.00014452,0.00015238,-0.00018904,-0.000445
97,0.00095985,0.00148842,0.00010114,0.00023682,-0.00050407,-0.00044244,0.0000317
5,0.00009116,0.00047014,-0.00089817,-0.00023637,0.00005377,-0.00017866,-0.000560
91,0.00007733,0.00011674,0.00002769,0.01020793,-0.00194278,0.00558982,0.00030109
,-0.00016578,0.00040860,-0.05325884,0.06180603,-0.04292533,-0.00229665,-0.194613
47,0.21669690,-0.03027961,0.00541843,-0.05134820,0.00005245,-0.00002155,0.000045
53,-0.00311406,0.00060055,-0.00095928,0.00370126,-0.01790237,0.00814652,0.000162
11,0.00081591,0.00056327,-0.00272111,0.00067671,0.00396413,-0.00023800,0.0000698
0,0.00054537,0.00003408,-0.00004325,0.00030127,0.00001178,0.00003125,0.00013347,
-0.07392746,0.05236596,-0.01406187,-0.00258338,0.00081793,-0.00020141,-0.0562629
0,0.02115688,-0.01997440,-0.30304005,-0.12642113,0.03324049,0.75920507,0.0022174
8,0.00034767,0.00959591,-0.00089776,-0.00074845,-0.00057269,0.00262016,0.0001111
0,0.00131334,0.00063001,-0.01910097,0.00676213,-0.00014811,-0.00119134,-0.001305
64,0.00055181,0.00065444,-0.00072952,0.00005064,0.00001027,0.00046421,-0.0001412
6,-0.00005097,-0.00034344,0.00010550,0.00039243,0.00041779,0.01368834,-0.2925712
5,0.06161686,0.00148190,-0.00045693,0.00017265,0.00712001,0.01139486,-0.01260168
,-0.09396520,-0.12082432,0.03031009,-0.07980254,0.56683060,-0.04667114,-0.000894
81,-0.09147511,-0.00011403,-0.00012171,-0.00009117,0.00089885,0.00044439,-0.0007
8044,-0.00097645,0.00440535,-0.00326356,-0.00032257,0.00011165,-0.00029379,0.000
13820,-0.00038747,-0.00286838,-0.00032325,-0.00015549,0.00059801,0.00024067,-0.0
0011298,-0.00028167,-0.00002911,0.00025772,0.00007688,-0.00725902,0.09340542,-0.
04513733,-0.00063650,0.00015459,0.00003483,0.00595540,-0.01338818,0.00756888,-0.
00773421,0.01430101,-0.03078684,0.08314875,-0.13231864,0.20878011,0.00253693,-0.
00131123,-0.00358330,-0.00033598,-0.00014347,-0.00003408,-0.00077743,-0.00087856
,0.00145268,-0.00026150,0.00058005,0.00013528,0.00014908,-0.00031119,-0.00022181
,0.00038190,-0.00003110,-0.00022949,0.00011508,0.00007370,-0.00016418,0.00053752
,0.00003047,0.00012815,0.00011412,0.00003356,0.00000876,-0.00278301,-0.00108432,
0.00087582,0.00059499,0.00072904,-0.00032131,-0.32772018,-0.04849010,0.00556933,
-0.01820959,-0.00229550,0.00016092,-0.00388746,0.00192499,0.00041969,0.35979397,
-0.00033763,-0.00140986,0.00099154,-0.00007788,0.00003517,0.00010474,-0.00083889
,-0.00070210,0.00101706,-0.00139275,0.00051063,0.00007461,0.00006355,0.00013905,
-0.00000786,-0.00012288,-0.00014545,0.00001261,0.00000831,-0.00007552,-0.0001366
1,0.00074338,-0.00077244,0.00222624,0.00005307,-0.00003358,-0.00013206,-0.004072
27,-0.00373360,0.00224464,0.00084965,0.00014537,-0.00109630,-0.04915375,-0.04551
301,0.00625908,0.01903819,0.00373238,-0.00051854,0.00278716,-0.00255877,0.000679
42,0.05445949,0.05794522,0.00173212,0.00235287,0.00316159,0.00053172,0.00017745,
0.00002844,0.00079071,0.00040333,-0.00025363,-0.00035140,-0.00022431,0.00049294,
-0.00024804,0.00016885,0.00011591,-0.00016058,0.00004533,0.00016963,-0.00018813,
-0.00009259,-0.00000723,-0.00038981,0.00082132,-0.00010842,-0.00018235,-0.000090
07,0.00002216,-0.00077553,0.00030229,0.00180206,0.00000356,0.00008911,-0.0000708
0,0.00935567,0.00745414,-0.02196304,-0.01006033,-0.00196971,-0.00132803,-0.00300
130,0.00188264,0.00186259,0.00031541,-0.00449189,0.02667889,-0.00253175,0.000634
96,-0.00107187,0.00027264,0.00010581,0.00008006,-0.00003520,0.00065294,0.0001075
4,0.00051882,-0.00070268,0.00043606,-0.00054308,0.00060617,0.00123854,0.00011833
,-0.00020600,0.00007671,-0.00004433,0.00015279,-0.00023529,0.00009515,0.00001349
,-0.00016771,-0.00006608,-0.00009583,-0.00008072,-0.00442665,-0.00256443,0.00111
879,-0.00003790,0.00000776,0.00012159,0.00526178,0.01641080,-0.00379371,-0.04297
811,-0.04115514,0.01031695,-0.00347692,-0.02537734,0.00632418,0.00000084,0.00024
392,0.00035777,0.05297500,0.00120324,-0.00069069,-0.00363431,-0.00053774,-0.0003
5105,-0.00031887,-0.00049738,-0.00048976,-0.00050329,0.00037454,-0.00022670,0.00
046730,0.00035824,0.00034917,-0.00039964,0.00010037,-0.00005445,-0.00004135,0.00
002969,0.00001888,-0.00018805,-0.00036250,-0.00006240,0.00018668,0.00013165,0.00
015772,0.00023370,-0.00174395,-0.00282145,0.00196694,0.00013812,0.00006961,-0.00
015071,-0.00360798,-0.01589127,0.00332886,-0.04236798,-0.31366638,0.07090293,-0.
00243395,-0.01068314,0.00242108,0.00032927,0.00003420,-0.00034398,0.04922325,0.3
4589322,-0.00225755,0.00431548,0.00123961,-0.00005396,-0.00012605,-0.00003232,0.
00009759,-0.00107300,-0.00018645,-0.00021715,-0.00041349,0.00045464,0.00140304,-
0.00043388,-0.00089082,-0.00041523,0.00004299,0.00010656,-0.00005460,-0.00030416
,0.00010011,0.00007998,-0.00002174,-0.00004798,0.00000228,0.00008096,0.00008784,
-0.00091809,-0.00085338,0.00256964,0.00009496,-0.00009196,-0.00002712,-0.0002900
9,0.00060266,-0.00311245,0.01221643,0.07516656,-0.03898307,0.00020924,-0.0020016
8,-0.00075071,0.00007478,-0.00009080,-0.00109567,-0.00554346,-0.07540247,0.04390
742,-0.00253177,0.00032072,0.00266563,0.00008521,0.00015610,0.00023153,-0.000208
35,-0.00034980,0.00017436,0.00023349,-0.00036354,-0.00005466,-0.00016865,-0.0007
7673,-0.00050115,0.00011269,-0.00009300,0.00258442,0.00000548,-0.00015682,0.0002
1247,0.00025604,-0.00010645,0.00012447,0.00000152,-0.00003429,-0.00012093,-0.000
97096,0.00139197,-0.00010199,0.00001088,0.00012925,-0.00008556,-0.00540571,-0.00
032519,-0.00129049,-0.02001929,0.01195607,-0.00303761,-0.26697722,0.12795199,-0.
03291996,-0.00044182,0.00080034,-0.00081048,-0.00029138,-0.00035875,0.00006565,0
.29627036,-0.00057049,-0.00273064,-0.00021643,-0.00024517,-0.00017382,-0.0002578
5,0.00141894,-0.00070770,0.00048539,0.00041901,0.00019310,-0.00066623,-0.0005099
0,-0.00087585,-0.00098036,-0.00070290,0.00116632,0.00074036,0.00011603,-0.000110
91,0.00001795,-0.00025066,-0.00005432,-0.00004638,0.00003633,0.00010392,0.000156
51,0.02197350,-0.00983460,0.00150694,0.00065525,-0.00013657,0.00000834,-0.001990
83,-0.00167163,0.00071734,-0.01086040,0.00718009,-0.00245463,0.12997180,-0.10851
152,0.02140309,-0.00051867,0.00046029,-0.00002282,-0.00040076,0.00035332,-0.0000
3145,-0.13977077,0.11913857,-0.00031424,0.00140972,0.00081649,-0.00005013,-0.000
05862,-0.00006764,0.00077288,-0.00049522,0.00013949,-0.00068565,-0.00085659,-0.0
0069727,-0.00082082,-0.00081046,-0.00028011,0.00235246,0.00097848,-0.00442363,-0
.00018852,-0.00015631,0.00017190,-0.00003762,0.00006494,0.00026795,0.00001342,0.
00006101,0.00009154,-0.00353918,0.00212132,-0.00289033,-0.00034150,0.00007408,-0
.00030377,0.00174511,0.00041195,0.00298070,0.00290932,-0.00343107,-0.00128520,-0
.03426164,0.02212235,-0.02331389,0.00042583,0.00002659,0.00048172,-0.00005397,-0
.00016672,-0.00110200,0.03013893,-0.02334827,0.03109001,0.00049792,-0.00873846,0
.00644765,0.01138605,0.00370520,0.00100865,0.00318404,-0.00169515,0.01199283,-0.
00040273,-0.00087616,0.00004981,-0.00009440,0.00007973,0.00034599,0.00006135,0.0
0005851,0.00014416,0.00013973,0.00010019,0.00007378,-0.01455865,-0.00937689,-0.0
7659251,-0.00287785,-0.00077716,-0.00036610,0.00127685,-0.00649151,-0.00010395,-
0.03618378,0.01031144,0.04378069,-0.00523400,0.01097105,-0.00013011,0.00159254,-
0.00029927,0.00011027,0.00237673,-0.00143119,0.00090429,-0.00090012,-0.00261794,
0.00007586,0.00006126,-0.00026929,-0.00006257,-0.00011837,-0.00059596,0.00036400
,0.01980277,-0.00132196,0.00214496,-0.00020972,-0.00354809,-0.00098712,-0.000214
26,0.00037728,0.00436633,-0.00751744,0.00007794,0.00040012,-0.00027840,-0.000078
59,0.00003581,-0.00001474,-0.00005593,0.00000097,-0.00002591,-0.00019109,-0.0000
4731,0.00018167,-0.00130360,0.00649608,0.01947409,0.00088392,0.00013522,0.000175
66,-0.00031206,0.00285143,0.00067587,0.00813491,-0.02193762,-0.01554711,0.004250
64,-0.00986580,0.00074876,0.00011906,-0.00174281,0.00030466,-0.00097550,0.000059
28,-0.00040570,-0.00027126,-0.00211668,0.00035813,0.00021298,-0.00012154,0.00007
222,-0.00019915,0.00025455,-0.00024680,0.00758709,0.02857186,-0.00009566,-0.0003
8790,0.00195244,0.00004417,-0.00045260,-0.00147465,-0.00186768,0.00007987,0.0028
1656,0.00011553,-0.00018370,0.00028923,-0.00001814,0.00003658,-0.00002670,-0.000
03831,0.00004195,-0.00003133,0.00015991,-0.00004584,-0.00011905,-0.03054333,0.00
519546,-0.00103618,-0.00014955,0.00033085,0.00107077,-0.00060043,0.00066033,-0.0
0125575,0.01744832,-0.00744628,-0.03512661,-0.00059902,0.00339198,-0.00012726,0.
00010086,0.00068806,-0.00015612,-0.00037616,-0.00001273,0.00015160,0.00015848,0.
00036430,0.00055272,-0.00006911,0.00021282,0.00002732,-0.00011081,0.00022125,0.0
0020463,0.01125291,0.00558653,0.04933149,-0.00930986,0.02769706,-0.01009832,-0.0
0287672,-0.00064974,0.00036799,-0.01542464,-0.00461112,-0.01077153,-0.01561256,0
.00263705,0.00201113,0.00003842,-0.00067110,-0.00038883,0.00046024,0.00027497,0.
00006424,0.00054636,-0.00038570,-0.00072246,0.00298565,0.00379128,0.02307424,0.0
0094864,0.00002987,0.00034256,-0.26681233,0.03206749,-0.03109813,-0.05377316,0.0
1619761,-0.01607454,-0.11025678,-0.07685591,0.02756682,0.01480090,-0.00427888,-0
.00642018,-0.01926783,0.04373275,-0.00192955,-0.00828956,-0.02100904,0.00287653,
-0.00207973,0.00088088,0.00017478,-0.00110809,0.00279383,0.00048476,0.03689953,-
0.01550096,0.00676127,0.44438194,0.03006917,-0.08354465,-0.01865944,-0.00010090,
-0.00099448,0.00082776,-0.01003980,-0.01882631,0.04301000,-0.01528333,0.00423882
,0.00054446,-0.00096630,0.00148053,0.00081993,-0.00104670,0.00005534,0.00069645,
-0.00036895,-0.00028422,0.00007087,-0.00107619,-0.00176076,-0.01353936,0.0002926
0,0.00089583,0.00068438,0.06100281,-0.07101311,0.01448380,0.01657798,-0.00150225
,0.00968418,-0.10924155,-0.24410754,0.07510390,0.01842520,-0.04884717,0.00205973
,0.01905118,-0.01672626,0.00602457,-0.00134490,-0.00232258,-0.00100447,0.0035038
1,-0.00366363,-0.00050344,-0.00079532,-0.00383160,0.00066849,-0.00586905,-0.0039
4856,-0.00797299,0.00062940,0.47707023,0.01688691,-0.05245513,-0.00916979,0.0062
5879,0.00307082,0.00071099,-0.00985870,0.04266533,-0.08723619,0.00496934,-0.0032
5371,-0.00332731,-0.00018910,0.00040834,0.00002149,-0.00071854,0.00032201,0.0003
9311,-0.00008173,-0.00038330,0.00017381,-0.00051688,-0.00176188,-0.00883042,-0.0
0170454,-0.00102045,-0.00091280,-0.01307681,0.01521680,-0.02786057,0.01391807,-0
.00240561,0.01094448,0.00940530,0.04827740,-0.04333950,-0.01635533,0.02630282,0.
00134842,-0.00574122,0.02215677,-0.00192556,-0.00013863,-0.00201021,-0.00222805,
-0.00224948,0.00348417,0.00264326,-0.00083121,0.00350527,0.00215282,-0.01855029,
0.00407154,-0.00919928,0.01736218,-0.11422129,0.17676994,0.00052985,-0.00053440,
0.00037410,-0.08228028,0.00235203,0.00955639,-0.00032954,-0.00079155,-0.00510198
,0.00019426,-0.00000150,0.00019793,0.00001852,0.00001693,-0.00001923,0.00004857,
-0.00002895,0.00002066,0.00014862,-0.00024059,0.00004835,0.00710359,0.00111515,0
.01888235,-0.00269083,-0.00252905,0.02348204,0.00003219,0.00017719,-0.00003350,-
0.00072472,0.00191013,0.00680510,-0.00012313,0.00018536,0.00030376,-0.00006179,0
.00023579,0.00011762,-0.00008401,0.00011423,0.00018134,-0.00000819,0.00007397,-0
.00008770,-0.00004930,0.00002361,0.00001026,0.00005065,0.00000071,0.00001278,-0.
00173668,0.00053371,-0.00075566,-0.00021397,-0.00015949,-0.00097341,0.42197108,-
0.00033031,0.00000171,-0.00006541,0.00483413,-0.06420387,0.00427890,-0.00008315,
0.00042150,0.00238205,0.00001760,-0.00002862,-0.00000301,-0.00000587,0.00000853,
-0.00002193,-0.00002808,0.00000006,-0.00004500,0.00008973,-0.00003182,0.00001540
,0.00013736,-0.00629955,-0.00498593,0.00049685,0.01146041,-0.00971137,-0.0000403
8,0.00008493,0.00003876,0.00110456,0.00874588,-0.00232731,0.00006077,0.00007294,
-0.00012611,-0.00002974,0.00000935,-0.00004712,-0.00000676,-0.00002133,-0.000010
48,-0.00005676,-0.00002831,0.00012596,-0.00000577,-0.00003219,-0.00001627,0.0000
0823,-0.00002842,0.00001747,-0.00072590,0.00068285,-0.00008014,0.00061362,-0.000
12415,-0.00036731,-0.01675385,0.43828987,-0.00021516,-0.00051519,0.00063935,0.02
042965,0.00703796,-0.05784630,-0.00228949,0.00209873,-0.00536126,-0.00016639,0.0
0013416,-0.00014816,0.00001753,-0.00003974,0.00001757,0.00005388,-0.00002885,-0.
00000587,-0.00002079,-0.00002672,0.00001676,0.00598610,-0.00245747,-0.03602429,0
.03447916,-0.00653053,-0.04821455,-0.00044940,0.00030681,0.00013629,0.00197574,-
0.00246168,-0.00550709,0.00015245,0.00020423,0.00026509,0.00008680,-0.00022868,-
0.00001270,0.00007441,-0.00016286,0.00010172,-0.00001015,0.00010405,-0.00010095,
0.00002006,-0.00011223,0.00000322,0.00007884,-0.00008613,0.00000146,-0.00032014,
-0.00004180,-0.00041941,0.00025009,-0.00007520,0.00030974,0.03074992,0.00606376,
0.46652452,0.00027779,0.00032502,0.00022198,-0.27604567,-0.13242449,-0.12166579,
-0.01868781,-0.00594525,0.00574018,0.00049683,-0.00019212,0.00040740,-0.00000075
,0.00016490,-0.00015139,0.00001071,0.00000442,0.00004638,0.00087743,0.00019408,0
.00004234,-0.00059504,-0.00052282,-0.00481884,-0.00029656,-0.01992344,-0.0327664
5,0.00100888,-0.00157307,0.00010767,0.00440441,-0.00032148,0.00397217,-0.0005905
7,-0.00044605,-0.00073922,-0.00017637,0.00104226,-0.00001363,0.00021740,0.000351
60,-0.00021485,0.00013995,-0.00001560,-0.00022415,-0.00013505,0.00034430,-0.0000
0253,-0.00012496,0.00001517,0.00002971,-0.00577143,0.00177440,0.00055821,0.00604
129,0.00104331,-0.00214254,-0.05220295,-0.03096405,-0.00593101,0.35086156,0.0001
6720,-0.00025813,0.00020382,-0.13734581,-0.14149797,-0.07779869,-0.00468155,-0.0
1888704,0.01842070,0.00032892,-0.00023535,0.00012062,-0.00005408,0.00006968,0.00
013526,-0.00001825,0.00001151,0.00011749,-0.00010135,-0.00061114,0.00010570,-0.0
0141151,-0.00109799,-0.00136221,-0.02157932,-0.00054758,-0.03803532,-0.00038707,
0.00018686,0.00006354,0.00115710,0.00047750,0.00145947,-0.00079367,0.00159754,-0
.00007659,0.00071912,-0.00006407,-0.00001105,-0.00011877,-0.00061623,-0.00006344
,0.00003370,-0.00003404,0.00001413,0.00000327,0.00015875,-0.00009353,-0.00012697
,0.00001547,-0.00011804,-0.00174240,0.00010100,-0.00003413,0.00215809,0.00264541
,-0.00117623,-0.02369738,0.00388605,-0.00558986,0.18870024,0.15085042,0.00065911
,-0.00020498,-0.00184886,-0.11698067,-0.07566943,-0.15128420,0.01805222,0.020263
51,-0.06108373,0.00034441,0.00012114,0.00041412,-0.00000581,0.00001388,-0.000071
68,0.00003824,-0.00007125,0.00000070,-0.00050074,0.00032512,-0.00046379,-0.00098
045,-0.00053166,-0.00292777,-0.05139966,-0.04846638,-0.05778942,0.00256369,-0.00
083755,-0.00171041,0.00398720,-0.00074065,0.00361265,-0.00160208,-0.00116862,-0.
00159159,-0.00069339,0.00137231,-0.00011546,-0.00039808,0.00166640,0.00031723,-0
.00009507,-0.00014144,-0.00010316,-0.00032431,0.00044370,0.00029401,-0.00011975,
0.00041045,0.00020633,-0.00599729,0.00252705,0.00047513,-0.00061858,-0.00168581,
0.00352626,0.00230837,-0.00053428,0.00821899,0.15240425,0.09999223,0.26012006,-0
.01538872,0.00419073,-0.01882205,-0.00000004,0.00126258,0.00072819,0.00172972,0.
00000180,0.00027568,-0.00032151,0.00018055,0.00012912,-0.00219556,-0.00105723,-0
.00378724,-0.00031045,0.00060527,-0.00571641,-0.00633140,-0.00485410,-0.00408067
,0.00048113,-0.00003379,-0.00005882,0.00015487,-0.00061511,-0.00038388,-0.003307
84,0.00326694,-0.00287142,-0.00078785,-0.00000027,-0.00017714,0.00538275,-0.0013
9738,-0.00501089,0.00507212,-0.00119854,0.00363408,-0.00391987,-0.00648192,0.001
92616,0.00034370,-0.00011981,-0.00066546,-0.00014930,0.00002355,0.00021652,0.000
20337,-0.00021294,0.00022341,0.00120917,-0.00013188,0.00015265,0.00073129,0.0057
5908,0.00459973,0.00005671,-0.00012740,0.00001433,-0.00045369,0.00022025,-0.0005
8748,0.50796330,-0.00485484,-0.00642550,0.01649325,0.00050523,-0.00121606,-0.000
08401,0.00478761,-0.00517944,-0.00370452,0.00010469,0.00035397,0.00003303,-0.000
02820,0.00043464,0.00427076,0.00009229,-0.00216985,0.00209569,-0.01703404,-0.010
56601,-0.01312480,0.00020056,0.00031383,0.00091201,-0.00024518,-0.00009094,-0.00
017058,-0.00759915,0.00841360,-0.00536901,-0.00162765,0.00001674,-0.00061006,0.0
0731420,-0.00684700,-0.00977718,0.00302207,-0.00250481,0.00778841,-0.00729105,-0
.01032239,-0.00315581,-0.00007223,-0.00018713,-0.00035950,0.00003344,0.00013404,
0.00064426,-0.00007088,-0.00037597,-0.00016709,0.00222170,-0.00041106,0.00035814
,0.00450906,0.01161614,0.00510978,-0.00022554,0.00003929,0.00021654,0.00026312,-
0.00040318,0.00054419,0.05951109,0.51472050,-0.02057001,0.01196809,-0.06516366,0
.00009853,-0.00011272,-0.00211230,0.00186026,-0.00256120,-0.00140888,0.00103844,
0.00128780,0.00091460,-0.00300153,0.00042453,-0.00210675,-0.00169157,0.00266589,
-0.00102151,0.00741628,0.00285622,0.00383213,-0.00095089,-0.00015137,-0.00038438
,-0.00047264,0.00042461,0.00123359,-0.00069520,0.00698635,0.00396393,0.00094290,
0.00001923,0.00068165,0.00255361,-0.01232337,0.00330250,-0.00916549,-0.00214656,
0.00469217,0.00193721,-0.00029236,-0.00819265,-0.00072559,0.00018075,0.00098053,
-0.00050891,-0.00005211,0.00143070,0.00069930,0.00020508,0.00106309,-0.00184515,
0.00075149,-0.00036369,0.01421708,-0.00217077,-0.00680878,-0.00056103,-0.0001788
9,-0.00032266,-0.00003472,0.00076067,0.00075928,0.28644001,-0.20839706,0.4878849
8,-0.01773048,-0.01579623,-0.00392382,-0.00008425,-0.00025197,-0.00024315,-0.000
25173,0.00006535,-0.00005937,0.00026498,0.00007765,0.00008886,-0.00227446,0.0023
0094,0.00071948,-0.00170946,-0.00541459,-0.00266710,-0.00279216,-0.00296651,-0.0
0353320,-0.00003481,0.00000911,-0.00024003,-0.00007437,0.00047963,0.00016517,-0.
00157019,0.00379331,0.00197768,-0.00021199,0.00003411,0.00017758,0.00331371,-0.0
0350957,-0.00034056,-0.00243231,-0.00108089,0.00186409,-0.00154773,0.00085499,-0
.00298882,0.00022902,0.00000496,-0.00037869,0.00002131,0.00008806,-0.00000543,0.
00001066,-0.00022302,-0.00020331,0.00039785,-0.00007311,-0.00005381,0.00556629,0
.00132318,-0.00166508,0.00009178,0.00003213,-0.00008958,-0.00006143,0.00001293,0
.00004031,-0.05666185,-0.03832428,-0.00747029,0.54648097,-0.01270421,-0.05786935
,-0.04651412,0.00048089,-0.00057179,-0.00014872,-0.00019541,-0.00130326,-0.00076
856,0.00009570,0.00044167,0.00026616,0.01587912,-0.00022447,0.01280682,-0.001872
14,-0.00267438,0.00137789,-0.00271532,-0.00148235,-0.00162258,0.00017065,-0.0000
9376,0.00012405,-0.00016163,0.00008974,0.00008393,0.00519012,-0.00311937,-0.0030
9663,-0.00061439,0.00025620,-0.00008686,-0.00232724,0.01160639,0.00025808,0.0096
5825,0.00367951,-0.00183416,0.00225813,-0.00087471,0.00811840,-0.00042975,0.0003
4204,0.00070002,-0.00000423,-0.00033619,0.00031227,0.00010452,0.00010289,0.00110
494,0.00061949,0.00003178,0.00036010,-0.01044177,0.00161858,0.00606907,-0.000168
93,-0.00009619,-0.00002454,-0.00013941,0.00064962,-0.00028329,-0.03029826,-0.289
87809,0.14816376,0.22151316,0.63841242,-0.01448730,-0.03102268,-0.02851258,0.001
03532,0.00020047,-0.00042162,0.00151072,0.00180362,-0.00008956,-0.00043618,0.000
58658,0.00052717,-0.01072473,0.00000074,-0.01123222,-0.00060615,0.00038252,-0.00
017397,-0.00125496,0.00101972,0.00026259,-0.00013066,0.00040026,0.00077916,-0.00
040149,0.00015286,0.00006792,-0.00681609,0.01191081,-0.00281270,-0.00216205,0.00
019345,-0.00049588,0.00592783,-0.00459281,-0.00828939,0.00403261,-0.00453112,0.0
0779601,-0.00546404,-0.01186385,-0.00469975,-0.00060811,0.00022232,0.00014287,-0
.00022641,-0.00006461,0.00149296,0.00038947,-0.00012475,0.00080923,0.00283508,-0
.00034134,0.00054097,0.00568727,0.01152368,0.00523671,-0.00028204,0.00013590,-0.
00002574,-0.00079972,0.00015531,-0.00043386,-0.01577087,0.08026534,-0.10705075,0
.23480503,-0.07180836,0.36248029,-0.04212627,0.04740839,0.01439315,0.00022405,0.
00045924,0.00037918,0.00003006,-0.00207466,0.00078451,0.00016984,-0.00016025,-0.
00031669,-0.03501032,0.01485235,-0.02479350,-0.01169596,-0.01904676,0.00131958,-
0.00027580,-0.00080625,-0.00177216,0.00026642,0.00011523,0.00061679,-0.00001954,
-0.00021182,-0.00019931,-0.00119866,-0.00314524,-0.00753681,-0.00070015,0.000037
35,-0.00066600,0.00001219,0.01160813,-0.00375773,0.00940394,0.00213959,-0.003472
87,0.00268926,-0.00647746,0.00214002,0.00026083,-0.00007022,-0.00054372,0.000188
74,0.00026776,-0.00040205,-0.00039765,-0.00034345,-0.00040232,0.00116969,-0.0005
4207,0.00037897,-0.00936947,0.00122333,0.00774568,0.00012957,0.00004386,0.000212
15,-0.00018764,-0.00010499,-0.00054285,-0.00697463,0.03204354,-0.00286098,-0.210
03131,-0.01062780,-0.16375234,0.44988825,0.05689307,-0.10650336,-0.03456128,-0.0
0024434,-0.00013719,-0.00009581,-0.00037580,0.00094194,-0.00026494,0.00097738,0.
00082909,0.00041734,0.01534422,-0.19690835,0.15716645,-0.00151085,-0.00242785,-0
.00126582,0.00152195,-0.00231545,0.00192891,-0.00020461,-0.00017911,0.00000915,0
.00007905,0.00008314,0.00003933,0.00619237,-0.00571818,-0.00138483,0.00011808,0.
00014768,0.00020794,-0.00363338,0.00593622,0.00315729,0.00193335,0.00077185,-0.0
0196913,0.00510970,0.00055155,0.00056135,-0.00040937,0.00030083,0.00050781,-0.00
064055,-0.00011919,0.00079217,0.00054055,0.00038315,0.00032447,-0.00045416,0.000
07423,-0.00005953,-0.00867110,-0.00157249,0.00135542,-0.00006343,-0.00001231,-0.
00007032,0.00017207,0.00007739,0.00001133,0.01399609,-0.00382197,0.02159536,0.03
078928,-0.07259141,0.04974495,0.05578129,0.65256364,0.01941767,-0.02354657,-0.02
166552,0.00022321,-0.00007478,-0.00010396,-0.00126265,0.00249967,-0.00056152,0.0
0055422,-0.00008433,-0.00027342,-0.02481832,0.15748029,-0.16863957,-0.00661825,-
0.01378319,-0.00036180,-0.00315871,0.00358789,-0.00054496,-0.00013043,-0.0000576
3,-0.00032615,-0.00011835,0.00002110,0.00014827,0.00510339,-0.00624796,-0.002130
81,0.00129015,-0.00010621,0.00041621,-0.00320530,0.00401794,0.00187640,0.0058109
5,0.00145059,-0.00227125,0.00012481,-0.00292844,0.00068565,-0.00023076,0.0001954
1,0.00044059,0.00077829,-0.00052666,-0.00103986,-0.00031323,-0.00117781,-0.00122
736,-0.00197184,0.00035110,-0.00047540,-0.00467481,-0.00678777,-0.00251238,-0.00
001643,0.00001545,-0.00001521,-0.00002688,-0.00010133,0.00038247,-0.01015652,0.0
4855373,-0.02068242,-0.15235895,0.01388859,-0.17189466,0.18678142,-0.23704416,0.
45272831,-0.10565956,0.03509840,0.04426039,-0.00049483,-0.00005378,-0.00001890,-
0.00082674,0.00124876,-0.00000097,-0.00188704,-0.00074022,0.00002019,0.00336566,
0.00315477,0.00077929,-0.24996899,-0.03249802,-0.14127727,0.00573324,-0.00552698
,0.00671316,0.00021283,0.00003674,-0.00004936,0.00013736,0.00002614,0.00001615,0
.00495211,-0.00546203,0.00077976,0.00076227,-0.00007234,-0.00011363,-0.00149387,
0.00477850,0.00350103,-0.00282996,0.00183015,-0.00124264,-0.00381568,0.00558485,
0.00265533,0.00047406,-0.00011800,-0.00001201,0.00021728,0.00005476,-0.00098263,
-0.00031132,0.00029817,-0.00194271,-0.00062214,-0.00001790,-0.00002904,-0.007127
22,-0.00670962,-0.00177274,0.00018835,0.00003104,0.00009786,0.00048515,-0.000364
58,0.00016827,-0.02872896,0.00517068,-0.02136622,-0.03729844,-0.01484480,-0.0153
6388,-0.15319216,-0.15844510,-0.00593135,0.68714969,0.02381752,-0.00733698,-0.00
986148,-0.00008795,-0.00030878,-0.00031233,0.00270792,-0.00158316,-0.00082984,-0
.00070042,-0.00167979,-0.00067926,-0.01241702,-0.01553494,0.00010452,-0.03519364
,-0.03665245,-0.01183678,0.01238975,-0.01364973,0.01093178,-0.00022950,-0.000157
25,-0.00043816,-0.00005475,0.00008569,0.00030671,0.00235463,0.00147819,0.0034628
0,0.00062543,-0.00013729,0.00051807,0.00291742,-0.01347980,0.00332713,-0.0108845
9,0.00115720,0.00305390,0.00089985,0.00785015,-0.00427622,0.00001386,-0.00028859
,-0.00030143,-0.00049164,-0.00007210,0.00045399,0.00041977,0.00080690,0.00018610
,-0.00137542,0.00042881,-0.00034422,0.01099755,-0.00040363,-0.00776103,-0.000118
44,-0.00006306,-0.00018287,-0.00004022,0.00020338,0.00044685,0.02047087,0.002665
29,-0.00636236,-0.04304714,0.00915448,-0.01909751,-0.10842957,-0.22781871,0.0332
3941,0.09856980,0.47190214,0.02915846,-0.01838092,-0.01641702,-0.00063598,-0.000
43633,-0.00074019,-0.00102319,0.00009688,-0.00013561,-0.00119802,-0.00030913,-0.
00003924,0.01307306,0.01121581,-0.00206626,-0.14210102,-0.01119567,-0.10854772,-
0.00277618,0.00395753,-0.00435693,-0.00056992,0.00007094,0.00002561,0.00012916,0
.00037171,0.00039316,-0.00003525,-0.00051260,0.00006073,-0.00011249,-0.00009974,
-0.00004454,0.00400759,0.00091871,-0.00864207,0.01127112,-0.00285880,0.00140446,
-0.00648410,-0.00283079,-0.00322289,-0.00028248,0.00002497,-0.00116194,0.0000556
0,0.00005590,0.00051546,0.00182732,-0.00067661,-0.00623372,0.00016020,0.00014873
,0.00019283,0.00296049,0.00576975,0.00253694,0.00000608,0.00000578,-0.00015044,0
.00051042,0.00015455,0.00038248,-0.04698358,-0.00758982,-0.01752301,-0.01931666,
-0.00705659,-0.01199964,-0.00418632,0.03381500,-0.04544267,0.23657149,-0.1211985
7,0.37029599,-0.05324655,-0.01275250,0.06063490,0.00074440,0.00076459,0.00066135
,-0.00344759,0.00702812,0.00342839,-0.00051752,-0.00010715,-0.00072550,-0.000726
80,-0.00213072,-0.00197417,-0.00765396,0.01417878,-0.01204545,-0.07262982,-0.098
58029,0.03279909,-0.00039169,0.00005639,-0.00007583,-0.00009296,-0.00017259,-0.0
0043002,0.00171399,0.00132974,0.00157200,0.00074835,-0.00020003,0.00029906,0.001
25780,-0.00927266,0.00559618,-0.01189414,0.00317620,-0.00109487,0.00460633,0.005
02999,-0.00776952,0.00019509,-0.00001599,0.00000164,0.00002213,0.00003973,-0.000
38565,0.00000325,0.00015464,-0.00051562,-0.00125011,0.00004521,-0.00044237,0.008
12393,-0.00541459,-0.00737089,0.00000837,0.00002347,-0.00000781,-0.00109523,-0.0
0010717,-0.00045298,-0.23760723,-0.11086175,-0.12550529,-0.01985498,-0.02430291,
0.01429666,0.02315160,0.00553193,0.00050523,-0.10613668,0.04206753,-0.06455689,0
.48838001,-0.02053809,-0.03318169,0.02014738,-0.00039468,-0.00012284,-0.00020325
,0.00403345,-0.00275202,-0.00246245,-0.00163834,-0.00128921,-0.00063074,-0.00489
872,-0.00272791,0.00265655,-0.00032635,0.00339723,-0.00536515,-0.10356436,-0.262
45470,0.10305423,-0.00000670,0.00031841,0.00057186,0.00006028,-0.00017262,0.0000
0594,-0.00266060,0.00470562,-0.00134245,0.00021127,-0.00007916,-0.00045693,0.001
72323,0.00087320,-0.00409770,0.00405405,0.00226509,0.00042404,-0.00218445,-0.002
12222,0.00050899,0.00008446,-0.00013968,-0.00006498,0.00021079,-0.00001811,-0.00
103899,-0.00012157,-0.00021659,-0.00001449,0.00004451,-0.00009449,0.00018701,0.0
0289408,0.00423787,0.00184066,-0.00001619,0.00010285,0.00002024,0.00087266,-0.00
051006,0.00079267,-0.11086851,-0.10792124,-0.04030430,-0.02504679,-0.04043021,0.
01191316,-0.01884256,-0.04374537,0.02098053,0.07426508,-0.17043601,0.11807358,0.
19480321,0.65468065,0.06334205,0.01724708,-0.07872516,-0.00043297,-0.00073087,-0
.00116801,0.00142034,-0.00210336,0.00094045,0.00025768,0.00064023,-0.00078320,0.
00020266,0.00097312,-0.00059426,-0.00367361,0.00725457,-0.00924706,0.03218799,0.
09501946,-0.06291874,-0.00092615,-0.00009662,-0.00008070,-0.00008226,0.00047933,
0.00056328,0.00870061,-0.00730099,0.00287773,0.00131027,0.00006962,0.00038745,-0
.00814462,0.00734761,0.01131912,-0.00683665,0.00093455,-0.00362534,0.00660351,0.
00877671,-0.00333534,-0.00032819,0.00001136,0.00038182,-0.00052052,-0.00032327,-
0.00029123,0.00040730,0.00019754,0.00019115,-0.00230875,0.00033908,-0.00020303,-
0.00595384,-0.01105627,-0.00599698,-0.00016026,-0.00000744,-0.00033974,0.0003450
5,0.00037832,0.00078190,-0.07458967,-0.01160308,-0.09105513,-0.00059799,-0.01570
808,0.02529887,0.00908956,0.01744300,-0.01404028,-0.10276382,0.12850341,-0.14914
072,0.10479460,-0.22817648,0.38697207,0.00170875,-0.00230363,0.00135205,0.001973
30,0.00169936,0.00081340,0.00068033,-0.00064198,-0.00102400,0.00001648,0.0001191
0,-0.00011615,0.00024083,-0.00026218,-0.00023263,-0.00021562,0.00051879,-0.00112
443,-0.00034268,0.00022231,0.00068527,-0.00006136,0.00018607,0.00039095,-0.00091
511,-0.00009616,-0.00100071,0.00001729,-0.00010252,-0.00012024,-0.00031466,-0.00
001379,-0.00033300,0.00002201,0.00048894,-0.00037519,0.00012483,-0.00008726,0.00
005068,-0.00026523,0.00014403,0.00096314,0.00005947,-0.00001461,0.00010708,-0.00
010055,0.00001848,0.00004032,0.00008427,-0.00009124,0.00011792,0.00042305,-0.000
09683,0.00010526,-0.00094651,0.00017286,0.00042877,-0.00052555,0.00047547,0.0002
9244,-0.00099539,0.00014921,-0.00013658,-0.13571988,0.06254531,-0.12942036,0.001
21276,0.00005804,0.00218122,0.00005330,-0.00063594,-0.00154093,-0.00378439,-0.00
153592,-0.00449064,-0.01341291,0.00956415,-0.01525773,0.15334528,-0.00209867,-0.
00001838,-0.00052156,0.00192336,-0.00295632,-0.00123667,-0.00012698,-0.00046794,
-0.00180482,-0.00000522,0.00000053,-0.00009477,0.00078236,0.00010603,0.00112283,
-0.00044863,0.00051551,-0.00012139,0.00005468,0.00015219,-0.00043824,0.00028938,
-0.00004184,-0.00047790,-0.00006937,0.00029030,0.00195502,-0.00009118,0.00022861
,0.00027830,0.00013703,0.00001922,0.00045853,0.00026966,-0.00062751,0.00012705,-
0.00011906,-0.00005685,-0.00024348,0.00001999,-0.00045748,-0.00059332,0.00000028
,-0.00002649,-0.00004236,0.00014265,0.00000422,-0.00022784,-0.00012172,-0.000145
13,-0.00006092,-0.00025702,0.00009047,-0.00017933,0.00052848,-0.00002163,-0.0003
6234,0.00033438,-0.00002348,-0.00012098,-0.00039167,-0.00091395,0.00041554,0.062
11155,-0.07863300,0.08300161,0.01549159,-0.00798852,0.01651947,-0.00040142,-0.00
395464,0.00478274,-0.00202482,-0.00089604,0.00004888,-0.00616887,0.00562707,-0.0
0832762,-0.06959620,0.08950118,-0.00146341,0.00217629,0.00545247,0.00028588,0.00
127047,0.00344338,-0.00061283,-0.00357601,-0.00349069,0.00013732,0.00033434,0.00
011366,-0.00017359,-0.00024026,0.00010801,0.00023784,0.00035538,0.00040001,0.000
36350,-0.00062528,-0.00055315,0.00040742,-0.00026561,-0.00065123,0.00019790,-0.0
0058500,-0.00175744,0.00003867,0.00040249,0.00048719,0.00005695,0.00002844,0.000
38730,-0.00006262,-0.00057463,0.00103351,-0.00032456,-0.00013290,0.00037627,0.00
045277,-0.00020365,-0.00046354,-0.00020386,0.00006024,0.00016192,-0.00000752,-0.
00004066,0.00029833,0.00008869,0.00005829,0.00041713,-0.00029857,0.00021508,-0.0
0018551,0.00076205,0.00050936,0.00013648,0.00037346,-0.00021080,-0.00004819,-0.0
0091318,-0.00008906,-0.00077077,-0.13454964,0.08828591,-0.18448269,-0.00361674,0
.00249646,-0.00595013,-0.00097472,0.00105693,0.00041734,-0.00074398,0.00000809,0
.00054090,-0.00299667,0.00178977,-0.00475452,0.14400376,-0.09373359,0.19403515,0
.00440358,-0.00257047,0.00164070,0.00997606,0.00148787,0.02105418,-0.08501646,-0
.02230266,-0.01012155,-0.00000244,-0.00079002,-0.00002673,0.00008610,-0.00001015
,-0.00000840,0.00011276,-0.00014799,0.00000657,0.00004918,0.00001719,-0.00025388
,-0.28612801,0.04315414,0.20232615,-0.00601975,0.00108511,0.00723673,0.00074736,
0.00007723,0.00008854,0.01775754,-0.00060676,-0.00165605,-0.00165970,0.00221392,
-0.00023237,0.00038131,0.00036776,0.00042880,0.00016738,-0.00053686,0.00030902,-
0.00010758,0.00016275,0.00011628,-0.00007073,0.00014633,0.00010180,-0.00001478,-
0.00006076,0.00008008,-0.01294578,0.00324986,-0.00091138,0.00522442,-0.00302048,
-0.00480552,-0.08040863,-0.00314725,-0.04066298,-0.00087889,0.00001517,-0.000452
56,-0.00009882,0.00031996,-0.00047113,0.00010789,-0.00010395,-0.00009656,0.00020
722,0.00008555,0.00004124,0.00005499,-0.00045954,0.00040573,-0.00024161,0.000790
78,-0.00012023,0.00008353,-0.00006149,-0.00000157,0.53290173,-0.00149750,0.00264
348,-0.00148007,0.00106844,-0.00032359,-0.00062637,-0.00315078,-0.01512626,0.001
93376,-0.00054815,-0.00071621,-0.00025183,-0.00007281,0.00004950,-0.00002247,0.0
0007286,0.00001916,0.00005260,0.00001013,0.00011262,-0.00003178,0.04555970,-0.04
982533,-0.04336486,-0.00076724,0.00106923,0.00082487,-0.00042908,-0.00051286,-0.
00016542,0.00048128,0.00720602,-0.01275505,0.00018453,-0.00062967,-0.00025878,-0
.00041275,0.00035420,-0.00029997,-0.00005860,0.00005691,-0.00003794,0.00035270,0
.00005380,-0.00029769,-0.00000108,0.00018573,-0.00003591,0.00001112,0.00001374,-
0.00000972,0.00451408,-0.00443164,0.00026209,-0.00115146,0.00130712,0.00198475,-
0.00315484,-0.05182243,-0.00918368,-0.00249202,0.00220411,0.00113266,-0.00006527
,-0.00039757,0.00063469,0.00005273,0.00023453,-0.00028219,-0.00033091,-0.0000156
6,-0.00004742,-0.00002046,0.00019070,-0.00002018,-0.00042786,-0.00040993,0.00022
858,-0.00002295,-0.00013587,0.00044595,-0.03368424,0.11211912,0.00154020,-0.0007
8209,-0.00125698,-0.00556255,-0.00231730,-0.02297856,-0.01163400,0.00095897,-0.0
3553100,0.00042884,0.00029506,0.00037287,-0.00000030,-0.00005404,0.00003540,0.00
009968,0.00000077,0.00005845,0.00000746,0.00038680,-0.00015758,0.21204738,-0.046
52804,-0.28751160,0.00778868,-0.00096143,-0.00677115,-0.00052582,0.00118756,-0.0
0022058,0.01733234,-0.01186798,-0.08191834,0.00060873,-0.00078672,0.00103781,0.0
0004113,-0.00075773,0.00025726,-0.00020881,0.00009430,0.00013527,-0.00006609,-0.
00031190,-0.00014783,0.00013872,-0.00016870,0.00004450,-0.00000674,0.00000447,-0
.00003057,0.01803885,-0.00501076,-0.00302317,-0.01022605,0.00294165,0.00123633,-
0.04677069,0.00086207,-0.20490369,0.00071737,-0.00059920,0.00118036,0.00024434,-
0.00057023,-0.00016532,0.00007990,-0.00011280,-0.00025245,0.00002167,-0.00006247
,0.00010794,0.00009517,-0.00016011,-0.00012008,0.00019862,-0.00038226,-0.0000459
6,0.00002745,0.00003353,-0.00012078,-0.16751925,0.07859961,0.67499919,0.00010149
,-0.00004007,0.00017511,-0.01871655,0.02019913,-0.00338789,-0.00082182,0.0004143
3,-0.00169308,0.00007848,-0.00002256,0.00007376,0.00000338,-0.00000490,-0.000003
04,0.00001388,-0.00000944,0.00000486,0.00010776,0.00003371,-0.00001699,-0.001227
98,0.00009249,0.00099945,0.00100567,-0.00249601,0.00189110,0.00009248,-0.0000415
4,0.00009323,-0.00001509,-0.00020477,0.00014247,-0.00004379,0.00000038,0.0000513
4,0.00002423,-0.00001091,0.00003751,0.00001408,-0.00002358,0.00000897,-0.0000341
0,-0.00002584,0.00002196,-0.00000286,-0.00000315,-0.00000240,0.00000219,-0.00001
069,0.00001335,0.00013338,0.00003842,0.00002487,-0.00004587,-0.00003835,0.000099
93,-0.12190495,0.10846662,-0.02998253,-0.00113979,-0.00385805,0.00103498,0.00002
750,-0.00000143,-0.00007663,-0.00001048,-0.00009621,-0.00011011,0.00006737,-0.00
003772,0.00002616,0.00007241,-0.00004516,0.00003613,0.00004673,0.00005884,-0.000
03091,-0.00003855,-0.00015757,-0.00007875,-0.00549064,0.00449157,-0.01459140,0.1
4183120,-0.00000837,0.00016812,-0.00016268,0.00233020,0.00077402,0.00085174,0.00
015115,-0.00019201,0.00043213,-0.00006122,0.00002188,-0.00005088,-0.00002073,0.0
0001559,0.00000282,-0.00000399,0.00000983,0.00001243,-0.00001442,-0.00002844,0.0
0001955,0.00255326,0.00077736,-0.00082432,-0.00083472,0.00010895,-0.00087560,-0.
00003964,-0.00000994,-0.00004359,0.00017589,0.00011565,0.00052409,-0.00001446,-0
.00003787,0.00003310,-0.00003219,0.00002430,-0.00001636,-0.00003427,0.00003014,0
.00000053,0.00003464,-0.00000876,-0.00001557,-0.00000674,0.00000989,-0.00001592,
0.00000021,0.00000248,-0.00002159,-0.00033196,0.00001568,-0.00002854,0.00011259,
0.00000139,-0.00007207,0.09860662,-0.15637652,0.03667752,-0.00016916,-0.00000849
,-0.00001638,0.00002985,0.00000350,0.00007439,-0.00000326,0.00002705,0.00002498,
-0.00005436,0.00004926,-0.00004265,-0.00005019,0.00002428,-0.00001451,-0.0000259
8,-0.00003868,0.00002535,-0.00000465,-0.00009180,0.00007010,0.00194869,0.0026195
2,0.00662766,-0.11085975,0.18501740,0.00016303,-0.00008366,-0.00011090,0.0071665
9,-0.00978776,0.00460302,0.00035638,0.00086942,-0.00289831,0.00007661,-0.0000449
5,0.00007979,0.00000880,-0.00000020,-0.00000063,0.00000700,-0.00000812,0.0000013
4,-0.00002281,-0.00001157,-0.00003861,-0.00497735,0.00287087,0.00208405,-0.00004
587,0.00120193,-0.00118010,0.00005668,0.00002268,0.00000726,-0.00063978,-0.00159
649,-0.00069425,-0.00004605,0.00002914,0.00002775,0.00001882,-0.00007026,0.00003
605,0.00001256,-0.00002121,0.00001706,-0.00004086,-0.00007354,0.00002296,0.00000
794,-0.00000041,0.00000893,-0.00000448,0.00000187,0.00000121,0.00082510,-0.00032
768,0.00004439,-0.00041644,0.00007432,0.00017568,-0.02531928,0.03379265,-0.04803
595,0.00185633,0.00190368,-0.00003815,-0.00003883,-0.00003843,0.00003537,0.00002
353,0.00002831,0.00002566,-0.00001992,0.00002057,0.00002344,-0.00003512,0.000018
26,0.00003847,-0.00000467,-0.00002195,0.00007795,-0.00002972,0.00010525,0.000004
96,-0.02382420,0.02160360,-0.02721540,0.04317563,-0.04491256,0.06876072,0.003713
52,0.00407838,0.00120842,-0.00005504,0.00017948,0.00010742,-0.00193066,0.0007070
0,-0.00021871,-0.13467496,0.08992818,0.08052036,-0.00010060,0.00025958,0.0001222
3,0.00160221,0.00005632,0.00015852,-0.00003154,0.00014485,-0.00125774,0.00017835
,0.00006542,0.00011186,0.00004804,-0.00007934,-0.00003004,-0.02639097,0.00582127
,0.01594944,0.00021250,-0.00014590,-0.00013965,-0.00099423,-0.00087215,-0.001029
40,-0.00069074,0.00012620,-0.00055850,0.00041050,0.00113297,-0.00071322,0.000187
55,-0.00026930,-0.00028123,0.00017979,0.00013392,-0.00026505,0.00010146,-0.00045
841,0.00019692,-0.00027154,0.00002197,-0.00008465,-0.00054989,-0.00246296,0.0020
2321,0.00008055,0.00003069,0.00008487,0.00002145,-0.00025606,-0.00004810,-0.0003
0441,-0.00023219,-0.00008338,0.00016346,0.00027718,0.00013860,-0.00049577,0.0000
0465,0.00010684,0.00047223,-0.00015523,0.00055297,-0.00106097,-0.00050461,-0.000
58639,0.00003053,-0.00001210,0.00018021,-0.00016468,-0.00011613,0.00001875,0.000
04610,-0.00001180,-0.00000467,0.16005683,0.00430746,0.00197871,0.00145609,0.0002
4301,0.00012148,0.00018170,0.00055796,0.00003317,0.00025232,0.08873875,-0.111730
64,-0.07012756,-0.00028812,0.00017593,0.00025407,0.00156176,-0.00658848,-0.00101
657,-0.00011453,0.00031646,0.00021622,0.00013951,-0.00004273,-0.00018770,-0.0000
3077,-0.00007346,-0.00009235,-0.01381611,0.00760957,0.00811421,-0.00008253,0.000
08965,0.00017946,-0.00020781,-0.00114479,-0.00090842,-0.00033842,0.00008496,-0.0
0048180,-0.00128841,0.00028755,-0.00038264,0.00014923,-0.00024679,-0.00017129,0.
00014731,0.00007373,-0.00031565,-0.00027949,-0.00060782,0.00050051,0.00020232,-0
.00014088,-0.00013072,0.00005383,-0.00137192,0.00066446,-0.00001304,-0.00000813,
0.00005428,-0.00012042,-0.00006692,-0.00012201,-0.00008033,-0.00034224,0.0005640
7,0.00007538,0.00067024,-0.00019240,-0.00028379,-0.00018107,0.00076691,-0.003594
06,-0.00434496,-0.00344113,-0.00164362,-0.00035080,-0.00158278,0.00013641,-0.000
01559,0.00024957,-0.00008347,-0.00004644,0.00002012,-0.00001630,-0.00000278,-0.0
0001314,-0.10428892,0.14634128,0.00031853,0.00090250,-0.00137827,-0.00013004,0.0
0000348,-0.00002399,-0.00000738,0.00041515,0.00054376,0.08461202,-0.07496704,-0.
11048337,0.00005441,0.00018840,0.00002401,-0.00010843,-0.00170348,0.00135233,-0.
00108162,0.00002128,-0.00183813,-0.00000747,0.00003529,-0.00008558,0.00004382,-0
.00001547,0.00002533,0.01193328,-0.00374117,-0.00501475,0.00000898,-0.00003157,0
.00007254,0.00074191,0.00004551,0.00020085,0.00020642,0.00018504,-0.00016566,0.0
0039125,-0.00003681,-0.00034946,-0.00000817,0.00016505,0.00001631,0.00008946,0.0
0000755,0.00001004,-0.00018020,0.00069312,-0.00027589,0.00005352,0.00001160,-0.0
0004006,0.00018684,0.00074584,-0.00136322,-0.00000373,0.00000167,0.00000564,0.00
012845,-0.00007124,0.00003185,-0.00031151,-0.00001647,-0.00028435,0.00003787,0.0
0029468,0.00013919,-0.00013808,-0.00015986,0.00020725,-0.00065739,-0.00276723,-0
.00037225,-0.00184796,-0.00184509,-0.00177578,-0.00006064,-0.00001362,0.00008638
,-0.00016674,-0.00016786,-0.00001213,0.00001499,-0.00000605,-0.00000845,-0.09511
487,0.08160897,0.13059213,-0.00098528,-0.00018072,0.00021968,0.00015875,0.000067
41,0.00026563,-0.00091007,0.00058351,-0.00214340,-0.08430429,-0.04403512,-0.0702
7040,-0.00001521,0.00007428,0.00004862,0.00020739,-0.00019601,0.00004574,-0.0000
2541,0.00000846,-0.00017596,0.00033236,-0.00014816,-0.00034475,-0.00002579,-0.00
002104,-0.00009813,-0.01411898,-0.01574886,-0.01473489,-0.00000668,0.00009085,0.
00020742,-0.00032096,-0.00014615,0.00039477,-0.00031829,-0.00024742,0.00024146,-
0.00007977,0.00024111,-0.00024886,0.00008660,-0.00008270,-0.00001495,-0.00002088
,0.00006302,-0.00003305,0.00007178,-0.00017337,-0.00017140,-0.00005996,-0.000094
77,-0.00018753,-0.00054746,-0.00040201,-0.00015579,0.00006509,-0.00003815,0.0000
9089,-0.00016965,-0.00007961,0.00003893,-0.00014231,-0.00012536,0.00026713,0.000
32008,0.00009578,0.00002397,-0.00026503,0.00001042,-0.00001941,-0.00003648,0.000
58109,0.00011852,0.00005340,0.00039503,0.00041609,0.00004699,0.00002097,0.000103
37,-0.00053866,-0.00009098,0.00021420,-0.00000404,0.00001688,0.00001085,0.008311
17,0.00809150,0.01379561,0.10334064,-0.00131454,-0.00077181,0.00067716,0.0002423
0,0.00003308,0.00015244,-0.00001768,-0.00107878,0.00062189,-0.04067743,-0.083257
58,-0.07215553,-0.00004515,0.00007895,0.00001003,-0.00016267,-0.00007000,-0.0002
4147,-0.00005294,-0.00016596,0.00015183,0.00017025,-0.00008587,0.00004926,-0.000
03972,0.00002498,-0.00007727,-0.01265730,-0.01009134,-0.01102639,-0.00015466,0.0
0011664,-0.00000893,-0.00017872,-0.00035671,0.00018590,-0.00037365,-0.00016697,0
.00001971,-0.00023043,0.00049994,0.00024925,0.00010644,-0.00006864,0.00006499,0.
00003517,0.00005876,-0.00005665,0.00006562,-0.00038871,-0.00024156,0.00019664,-0
.00016549,-0.00006629,0.00014230,-0.00044592,-0.00087797,-0.00000042,-0.00003008
,0.00003960,-0.00019402,0.00006281,-0.00019255,0.00001315,-0.00013552,0.00040392
,0.00034990,-0.00007063,-0.00013742,-0.00034541,0.00004930,-0.00011808,-0.000508
78,-0.00007291,-0.00042569,-0.00010167,-0.00012231,0.00026522,0.00006294,-0.0000
0700,0.00008273,0.00036934,0.00032845,-0.00013732,-0.00002042,0.00001448,-0.0000
0217,-0.00630456,-0.00814382,-0.01646090,0.04765450,0.09666794,0.00142276,0.0010
9857,0.00003449,0.00017886,0.00011157,0.00034376,-0.00005743,0.00124878,-0.00133
154,-0.06914693,-0.07113379,-0.15907964,-0.00001921,0.00001921,0.00000530,-0.000
16895,-0.00008235,-0.00017066,-0.00012604,-0.00005512,0.00013995,0.00043001,-0.0
0008818,-0.00038896,-0.00005252,-0.00006918,-0.00017902,0.00125332,0.00126295,0.
00774747,0.00008693,-0.00003219,0.00019289,0.00009218,-0.00010915,0.00004078,-0.
00020179,-0.00011132,-0.00005166,0.00027559,0.00023082,-0.00009773,0.00006383,0.
00007436,-0.00001174,0.00003938,0.00002859,-0.00002532,-0.00002300,-0.00014632,-
0.00000619,-0.00012389,0.00005401,-0.00017478,0.00093033,0.00037603,-0.00008237,
0.00004183,-0.00002410,0.00012021,-0.00017065,-0.00015608,0.00009779,0.00008339,
-0.00012820,0.00005820,-0.00005121,0.00019073,-0.00003623,0.00004296,0.00003184,
-0.00002157,-0.00040424,-0.00053834,-0.00017357,-0.00034328,-0.00017961,-0.00010
524,0.00004188,0.00000940,0.00009075,-0.00072344,-0.00023266,0.00019808,-0.00001
014,0.00001139,-0.00000867,-0.00648420,-0.01157816,-0.01625931,0.09037300,0.0785
8668,0.19354176,0.00115547,0.00215975,0.00026045,0.00007719,-0.00006420,-0.00008
712,-0.00004599,0.00015409,-0.00008961,-0.00002157,0.00010052,0.00003742,-0.0002
7082,0.00048097,0.00014144,-0.00025580,-0.00109647,-0.00037996,0.00022479,-0.000
14074,-0.00041632,-0.00003730,0.00008981,0.00011260,-0.00004758,0.00002936,0.000
07603,-0.00018850,0.00024319,0.00049901,-0.00008322,-0.00003196,-0.00007589,0.00
008704,-0.00026328,0.00001271,-0.00053422,-0.00028051,0.00005448,0.00007737,0.00
015315,0.00012143,-0.00008177,0.00009296,0.00011775,0.00000172,0.00001251,0.0000
6378,0.00002110,-0.00006373,0.00014443,0.00007247,-0.00001366,0.00001223,0.00007
917,-0.00002582,-0.00010799,0.00000734,-0.00000749,0.00002071,-0.00002628,0.0000
0469,-0.00000640,-0.00224493,-0.00165628,0.00075322,-0.17776406,-0.15045246,-0.0
5392267,-0.01596322,-0.01345145,-0.00358411,-0.00328357,-0.00267242,-0.00414442,
-0.00051838,-0.00197150,-0.00151972,0.00007473,0.00034490,0.00051801,0.00003199,
0.00003609,-0.00003403,-0.00001857,-0.00002262,0.00000764,0.00015812,0.00013915,
-0.00002695,0.00005955,0.00003270,-0.00000420,0.20760091,0.00005594,0.00084755,0
.00464059,-0.00048033,-0.00034053,-0.00010908,-0.00054591,0.00002945,-0.00041359
,0.00019799,0.00026710,0.00012962,0.00042851,-0.00011077,-0.00061450,0.00049936,
0.00030052,0.00026186,-0.00091113,-0.00025128,-0.00068621,-0.00005430,-0.0001130
6,-0.00029183,0.00013932,0.00020581,0.00007238,0.00026937,-0.00014458,-0.0001404
1,0.00017817,0.00003385,0.00022497,-0.00031308,0.00040635,0.00068292,0.00014183,
0.00003553,0.00046843,0.00024707,0.00025124,0.00033490,-0.00009231,-0.00000061,0
.00003289,-0.00010388,-0.00001777,0.00020597,0.00014392,0.00011167,0.00027913,-0
.00025494,0.00008476,0.00002167,-0.00024640,0.00051258,0.00070633,0.00009030,-0.
00007058,-0.00007656,0.00028645,0.00013724,0.00008230,-0.01617498,-0.01486661,-0
.00533242,-0.15189424,-0.18132724,-0.04056710,0.00432446,0.00395365,0.00022355,0
.00060896,0.00017598,0.00141077,-0.00162166,-0.00418504,0.00147674,0.00006707,-0
.00029281,-0.00012974,-0.00017281,0.00030290,-0.00001085,-0.00002290,0.00005426,
0.00002461,0.00019317,0.00017217,0.00018357,0.00002661,0.00002787,0.00003996,0.1
6328554,0.19473354,-0.00015000,0.00172819,0.00283072,-0.00007326,-0.00000309,0.0
0005526,-0.00028285,0.00057463,0.00001519,0.00017173,0.00020823,0.00002494,0.000
03762,-0.00044617,-0.00063032,-0.00030321,-0.00051863,0.00043783,0.00044189,0.00
057511,0.00039177,-0.00008879,-0.00004371,-0.00011220,0.00003289,-0.00004338,-0.
00006827,0.00015900,0.00035026,-0.00052189,0.00003031,0.00003183,0.00008078,-0.0
0031953,0.00049385,0.00054607,0.00024852,-0.00020459,0.00067052,0.00017641,-0.00
013880,0.00045128,-0.00011542,-0.00008562,0.00000452,-0.00017741,-0.00016718,-0.
00022299,0.00019544,0.00001506,0.00026341,-0.00003069,0.00007181,-0.00002372,-0.
00021941,0.00084703,0.00042391,0.00000440,-0.00000072,-0.00002205,0.00003906,0.0
0005139,-0.00002576,0.01151973,0.00792634,0.00233302,-0.05688430,-0.04109251,-0.
04442548,-0.01150447,-0.01194686,-0.00278943,-0.00262557,0.00114045,-0.00127760,
0.00013530,0.00476801,0.00067552,0.00055370,-0.00046414,-0.00052751,-0.00012041,
0.00014855,-0.00001703,-0.00000627,0.00000976,-0.00000896,0.00007697,0.00029659,
0.00008983,0.00000856,0.00007537,0.00004548,0.05377146,0.03971497,0.04888566,0.0
0164217,0.00247555,0.00008199,-0.00260962,-0.00081559,0.00147471,-0.04240616,0.0
1047949,-0.00135584,-0.08850743,0.03231811,-0.02549703,-0.00006415,0.00006453,0.
00004448,0.00005996,-0.00008574,0.00020866,-0.00011476,-0.00021064,0.00027864,0.
00272867,-0.00158541,-0.00489121,0.00045534,0.00004337,-0.00049563,0.00918060,-0
.01749544,0.01332296,0.00008788,-0.00037514,0.00244485,0.00073832,-0.00054830,-0
.00019396,-0.00052791,-0.00071622,-0.00036641,-0.00182289,-0.00164127,0.00068898
,0.00023546,0.00025733,-0.00015818,-0.00015836,0.00004386,-0.00003660,-0.0000244
8,-0.00029521,-0.00008486,-0.00121665,0.00056730,-0.00020421,0.00092070,0.001833
19,0.00282615,-0.00099381,-0.00020743,-0.00017714,0.00209855,0.00220252,-0.00122
010,0.00021784,-0.00021584,0.00025360,0.00012685,0.00015902,-0.00004461,0.000093
37,-0.00006995,-0.00002974,-0.00051544,0.00069670,-0.00014636,0.00083481,-0.0016
1257,-0.00027193,0.00011501,0.00000866,0.00026718,-0.00023617,-0.01017552,-0.002
52290,-0.00031197,0.00002495,-0.00046443,-0.01069061,0.01589854,-0.01062373,-0.0
1120685,0.01196314,-0.01897584,0.00001949,0.00016906,0.00007895,0.38500773,0.002
75724,0.00662659,-0.00130845,-0.00012039,-0.00000289,0.00090264,-0.00961129,-0.0
1303064,0.00221114,0.04916777,-0.11952979,0.05958912,-0.00010299,0.00025008,0.00
020740,-0.00017469,-0.00004387,0.00000979,0.00023540,-0.00155226,-0.00144460,0.0
0103396,-0.00031747,-0.00159460,-0.00008833,-0.00009578,-0.00042313,0.00233632,-
0.02622820,0.02052069,-0.00062135,0.00080284,0.00032296,0.00112131,-0.00097640,-
0.00054977,-0.00035639,-0.00117474,-0.00029421,-0.00296879,-0.00142358,0.0013365
7,0.00022467,0.00010339,-0.00015554,-0.00017902,0.00002657,-0.00021031,-0.000148
68,0.00007271,-0.00020517,0.00078924,-0.00048643,0.00006148,-0.00135043,0.002415
88,0.00145477,-0.00039977,0.00009199,0.00005894,0.00074876,0.00124577,-0.0011743
4,0.00024571,-0.00004746,0.00031444,-0.00000497,0.00047086,0.00050259,-0.0002988
3,0.00019380,-0.00006455,-0.00040438,-0.00024820,-0.00014507,0.00062535,-0.00269
769,-0.00054859,-0.00008982,0.00007869,0.00018258,0.00495111,0.00360464,0.000301
48,-0.00004975,0.00000785,-0.00019690,0.01264085,-0.01879958,0.01053576,0.003093
77,0.00534420,0.00175912,-0.00001306,0.00011717,0.00005719,-0.04944344,0.4649928
1,0.00056109,-0.00026692,-0.00076753,-0.00157744,-0.00081671,-0.00044485,-0.0147
7442,0.00492172,-0.03094236,-0.03131624,0.04594653,-0.12018301,0.00001435,-0.000
03585,-0.00003376,-0.00009274,0.00002273,-0.00007949,0.00048047,-0.00172901,-0.0
0103864,-0.00012148,-0.00061227,-0.00161723,0.00028884,0.00020426,0.00001775,-0.
00141882,0.01939932,-0.01217358,0.00025396,-0.00013539,0.00023504,0.00016258,0.0
0028767,-0.00025913,0.00012228,0.00110165,0.00009670,0.00195464,0.00092282,-0.00
104141,0.00008107,0.00001301,0.00002724,0.00023581,0.00010397,0.00016921,0.00006
404,-0.00004946,-0.00010315,0.00029900,-0.00023259,0.00003198,0.00155541,0.00093
771,0.00275784,0.00133285,-0.00016006,-0.00023127,-0.00064053,-0.00031802,0.0013
8396,0.00013615,0.00006850,0.00021740,-0.00007718,0.00019088,-0.00005959,0.00005
978,0.00010607,0.00003975,0.00008055,-0.00009165,-0.00049410,0.00065040,-0.00165
670,-0.00037199,-0.00006906,0.00000237,0.00001978,0.00120602,-0.00264486,0.00943
264,-0.00008401,0.00001357,0.00023955,0.00529995,-0.00781496,0.00749003,-0.01787
237,0.01787858,-0.02610113,-0.00002772,0.00003235,-0.00001192,-0.07397050,-0.056
87948,0.45731039,-0.00009497,0.00043608,-0.00028506,-0.00028407,-0.00031527,-0.0
0021459,-0.00205393,-0.00757983,-0.00572178,-0.01023586,0.01620893,0.00377232,-0
.00001614,0.00000667,0.00000125,-0.00001542,0.00006531,0.00000304,0.00002475,-0.
00002993,0.00001671,0.00010370,-0.00027024,-0.00085299,0.00003416,0.00010717,0.0
0006147,-0.00034969,-0.00050485,0.00039173,0.00027388,0.00038459,0.00024033,0.00
011047,-0.00034905,-0.00004617,-0.00005420,-0.00016675,-0.00005120,0.00026782,0.
00005121,-0.00018241,0.00003654,-0.00001460,-0.00003704,0.00001784,0.00002309,0.
00001725,-0.00001925,0.00001187,-0.00001520,0.00032926,-0.00063486,-0.00006094,-
0.00109653,-0.00103451,0.00082049,0.00016147,0.00002609,-0.00001052,-0.00015555,
0.00024534,0.00002877,-0.00005248,-0.00019198,0.00017848,-0.00000597,0.00011560,
0.00002808,-0.00008931,0.00007472,0.00001504,-0.00009709,0.00031205,0.00009343,-
0.00001591,-0.00008274,0.00013177,-0.00000152,-0.00000390,0.00007225,-0.00116101
,0.00025716,0.00071190,-0.00005138,-0.00001156,-0.00001157,-0.00139681,0.0032071
8,-0.00118785,0.00086379,0.00177700,0.00194896,-0.00000208,0.00004415,0.00001731
,-0.07024584,0.02219423,0.01671347,0.49173785,-0.00025095,0.00006674,-0.00038829
,-0.00040063,-0.00008355,-0.00082110,-0.00139164,-0.00301016,-0.00310711,0.01172
529,-0.02413531,-0.00889688,0.00001426,0.00002768,-0.00003525,-0.00011230,-0.000
08685,-0.00006185,0.00018551,-0.00015032,-0.00029638,-0.00088445,0.00044350,0.00
075348,0.00002057,0.00003023,0.00034609,-0.00038056,0.00065491,-0.00060018,-0.00
049366,0.00018129,-0.00051291,0.00027845,-0.00053791,-0.00014848,0.00002780,-0.0
0031223,-0.00009214,-0.00017792,0.00019521,-0.00005186,0.00000842,-0.00006776,-0
.00004355,0.00002041,-0.00000587,0.00001944,-0.00003428,0.00001271,-0.00004381,0
.00091113,-0.00063067,0.00019908,-0.00162028,-0.00238359,0.00139918,-0.00009219,
0.00012595,-0.00021961,0.00042687,-0.00003218,-0.00119273,-0.00007684,-0.0002123
4,0.00006557,-0.00012528,0.00013545,0.00002300,0.00006443,0.00013381,0.00015295,
-0.00000963,-0.00006107,0.00013331,-0.00010115,0.00011347,0.00048995,0.00002270,
-0.00004141,0.00002859,0.00109997,0.00008184,-0.00014703,0.00006897,-0.00007182,
0.00007179,0.00153877,-0.00340571,0.00194807,-0.00080233,0.00209536,-0.00126353,
0.00001761,0.00004840,0.00000085,0.04323614,-0.14920662,-0.04921215,0.00510347,0
.45123522,-0.00000048,-0.00002225,0.00015332,-0.00038111,-0.00040206,-0.00106382
,-0.00109472,-0.00537073,-0.00150624,-0.00740762,0.01294009,0.00740680,0.0000318
0,0.00000181,-0.00005870,-0.00000294,0.00000989,-0.00002277,0.00026393,-0.000057
18,-0.00015923,-0.00079852,0.00025884,0.00109740,0.00004523,0.00016795,0.0004482
1,-0.00062210,0.00085986,-0.00049923,0.00016957,-0.00022055,-0.00079875,0.000280
26,-0.00017838,-0.00002649,-0.00006442,0.00034018,-0.00010763,0.00006369,-0.0000
0700,-0.00024302,0.00005980,0.00004988,-0.00004785,0.00002790,0.00006111,0.00002
682,-0.00001326,0.00006325,0.00003313,-0.00034074,0.00008955,0.00044064,-0.00057
434,-0.00173337,0.00039545,-0.00004070,0.00007645,-0.00025560,0.00023417,0.00055
867,-0.00027578,-0.00011807,-0.00030502,-0.00021984,-0.00001736,0.00008644,-0.00
000760,0.00004078,-0.00002742,0.00004394,0.00009618,0.00011624,0.00033075,-0.000
09958,0.00035747,0.00022630,0.00005209,-0.00003301,0.00005362,0.00039287,0.00018
848,-0.00006314,-0.00002610,-0.00004561,0.00001884,-0.00199774,0.00323105,-0.001
29198,-0.00032540,0.00191242,0.00104337,0.00002832,0.00005645,-0.00000173,0.0316
1317,-0.05143470,-0.10919577,-0.00896080,-0.05155184,0.49585575,-0.00038833,0.00
013213,-0.00015991,0.00002368,-0.00000242,-0.00054244,-0.00060759,-0.00134689,0.
00527065,0.00641238,0.00238324,-0.00678425,-0.00000818,0.00000733,-0.00001022,0.
00000966,-0.00002905,-0.00003497,0.00075366,-0.00063489,-0.00003832,-0.00035939,
0.00003790,0.00003996,-0.00006144,-0.00002360,0.00010366,0.00034032,0.00065467,-
0.00124448,0.00028894,-0.00008143,-0.00008579,-0.00003048,-0.00016564,-0.0000436
4,0.00001231,0.00010841,-0.00002137,0.00041121,0.00026745,-0.00020746,0.00006123
,0.00000496,-0.00001284,0.00000892,0.00009251,0.00003559,-0.00004701,-0.00001189
,-0.00000935,-0.00062096,0.00021159,0.00026712,-0.00022336,0.00003655,0.00002151
,-0.00033179,-0.00001841,-0.00016395,-0.00063221,0.00007550,-0.00046588,-0.00001
945,-0.00012174,0.00038859,-0.00018805,0.00000272,0.00015347,0.00001423,0.000081
79,0.00011794,-0.00035008,0.00011261,0.00003440,-0.00067126,-0.00038136,-0.00002
341,-0.00004321,-0.00002046,-0.00000695,-0.00045397,-0.00006614,-0.00128806,-0.0
0001137,-0.00003333,-0.00004386,0.00115046,0.00073314,-0.00153292,-0.00017595,0.
00091511,-0.00147945,0.00000092,-0.00001022,0.00001524,-0.13021399,-0.02706304,0
.07311971,-0.01529832,-0.00313711,0.01372866,0.47674109,0.00037299,0.00107532,-0
.00022474,0.00017909,0.00023235,-0.00017721,-0.00001709,-0.00059698,0.00320553,-
0.01215246,-0.01222341,0.01608823,-0.00002907,0.00002878,0.00000958,-0.00000631,
-0.00009926,0.00012887,-0.00198673,-0.00359109,-0.00067027,-0.00015842,-0.000013
65,-0.00003835,-0.00008685,-0.00016354,-0.00008885,0.00169685,-0.00376623,0.0035
5203,-0.00005736,0.00014693,0.00003322,0.00008285,-0.00018059,-0.00006784,-0.000
09249,-0.00026645,-0.00008225,-0.00084889,-0.00047186,0.00032946,0.00002961,-0.0
0000084,-0.00002706,-0.00007114,-0.00001256,-0.00005018,-0.00005697,-0.00001422,
0.00000396,-0.00006422,-0.00012057,0.00007226,-0.00007270,0.00004512,0.00007901,
-0.00019904,-0.00003120,-0.00013206,-0.00060546,-0.00022698,-0.00020574,-0.00011
881,-0.00041809,0.00011992,-0.00009993,-0.00007622,0.00002254,-0.00000639,-0.000
07774,0.00003967,-0.00008260,-0.00012734,0.00006730,0.00021828,0.00136851,-0.000
57643,-0.00004593,-0.00000574,0.00000364,-0.00035557,0.00006419,-0.00067639,0.00
000149,-0.00001694,-0.00000840,-0.00147920,-0.00000869,0.00196127,-0.00008085,0.
00026286,-0.00038282,0.00002099,0.00000126,0.00002595,-0.03087783,-0.08817579,0.
04112726,0.01492643,0.00230792,-0.01947092,-0.04497872,0.50845529,0.00024432,-0.
00019634,0.00045575,-0.00011902,0.00014180,0.00097956,-0.00093947,-0.00019322,0.
00274051,0.01235299,0.01214741,-0.01944349,-0.00003414,-0.00002280,0.00000807,0.
00003420,-0.00008675,0.00012387,-0.00109758,-0.00159472,-0.00026132,0.00067031,-
0.00014993,-0.00034452,0.00019091,-0.00001447,-0.00034279,-0.00125546,0.00164118
,-0.00191020,-0.00029430,0.00003487,0.00013515,0.00009733,0.00026030,0.00000472,
0.00001196,0.00024537,-0.00002061,0.00067683,0.00032951,-0.00033166,-0.00002367,
-0.00000414,-0.00000629,0.00005607,-0.00000025,0.00005210,0.00002828,-0.00005589
,0.00000497,0.00045598,-0.00008275,-0.00014899,-0.00039439,0.00010783,-0.0002176
7,-0.00001841,-0.00000259,0.00025854,-0.00016887,0.00018559,-0.00087730,0.000174
71,0.00001997,-0.00029793,-0.00013534,-0.00006407,-0.00015679,0.00004327,-0.0002
3464,0.00011391,0.00010674,-0.00008618,-0.00022923,0.00051836,0.00031255,-0.0004
0070,0.00001544,-0.00005050,0.00002815,-0.00087415,-0.00027481,-0.00056285,-0.00
001747,0.00002480,-0.00007963,0.00104058,-0.00139689,0.00101489,-0.00033108,0.00
060326,-0.00047733,0.00001299,-0.00000768,0.00004279,0.05283424,0.03029484,-0.12
488706,0.01805956,0.00147759,-0.01925728,0.02008069,0.01487183,0.49556727,0.0002
9531,0.00000582,0.00025522,0.00036832,0.00022114,0.00038621,-0.00068717,-0.00073
274,-0.00069513,0.00088791,0.00035752,0.00112129,0.00000187,-0.00000340,0.000012
30,0.00001541,-0.00002574,0.00002478,-0.00007119,-0.00003097,-0.00000660,0.00065
641,0.00003491,0.00011890,-0.00007806,-0.00011378,-0.00031037,-0.00038622,0.0000
8870,-0.00002619,-0.00034213,0.00003074,-0.00005128,0.00032358,-0.00008757,-0.00
003148,-0.00008756,0.00001039,-0.00005174,-0.00004273,0.00002039,-0.00009653,0.0
0005179,0.00001393,-0.00002744,0.00004106,-0.00003796,-0.00001486,0.00003136,-0.
00005106,-0.00001788,0.00051952,-0.00020547,-0.00018680,-0.00073018,-0.00045366,
0.00038379,-0.00002015,0.00001286,0.00014291,-0.00018825,0.00000136,-0.00053906,
0.00005382,-0.00009003,-0.00014381,-0.00004247,0.00010718,-0.00005779,0.00003450
,-0.00000949,0.00005775,0.00000255,-0.00003619,-0.00006682,-0.00004278,0.0000316
6,-0.00000035,0.00003302,0.00000250,0.00007365,-0.00007801,-0.00015081,-0.000118
90,-0.00001077,0.00000514,-0.00001265,-0.00001724,0.00002872,0.00011759,0.000386
31,-0.00072640,0.00021887,0.00001288,0.00001344,0.00001379,0.00724006,-0.0026325
3,-0.00065303,-0.17077998,-0.07979277,-0.04990399,0.00277201,0.00306888,0.001470
98,0.19441056,0.00021648,0.00022938,0.00018654,0.00004428,-0.00006394,0.00017094
,0.00054394,-0.00114277,-0.00193236,-0.00171320,0.00107427,-0.00201723,-0.000013
96,0.00000915,0.00002139,-0.00001158,-0.00000904,-0.00001216,-0.00004400,-0.0000
7266,0.00005151,0.00031370,-0.00013385,-0.00019027,-0.00000381,0.00001079,-0.000
05317,-0.00008194,-0.00003902,0.00025376,-0.00016769,0.00013694,0.00006477,0.000
15149,0.00000220,-0.00001517,-0.00005234,0.00000914,-0.00003357,0.00007088,-0.00
002978,-0.00003344,0.00003463,0.00002115,-0.00001009,0.00002707,0.00000221,-0.00
000980,0.00001190,-0.00002696,-0.00002776,0.00029009,-0.00021935,-0.00008570,-0.
00036189,0.00006374,0.00017355,0.00008435,-0.00003960,0.00009628,-0.00007814,0.0
0007562,0.00013535,0.00008703,0.00001313,-0.00002597,0.00000540,0.00002757,0.000
02584,0.00002302,-0.00003251,-0.00002880,-0.00002193,0.00001370,-0.00006369,0.00
003287,-0.00018738,-0.00017667,0.00002939,0.00000088,0.00005089,-0.00028666,0.00
034413,0.00030679,-0.00001504,0.00000731,-0.00000854,-0.00018556,0.00041280,0.00
013136,0.00079595,0.00009855,0.00102975,0.00000492,0.00000117,0.00000591,-0.0151
0612,-0.03087962,-0.02065078,-0.08343180,-0.09785561,-0.03142728,-0.00091867,0.0
0070227,0.00163627,0.10045781,0.12444470,0.00012754,0.00011960,-0.00007711,0.000
19034,0.00007359,0.00021707,0.00005302,-0.00128675,-0.00055561,0.00041281,0.0005
7934,0.00059926,0.00000015,0.00000465,0.00000912,-0.00001568,0.00000077,0.000000
36,-0.00005801,-0.00010590,0.00001466,0.00025764,-0.00005039,-0.00008817,-0.0000
5367,-0.00005962,-0.00014362,0.00018500,-0.00014347,0.00008646,-0.00023550,0.000
15798,-0.00001838,0.00005009,0.00003014,-0.00002185,0.00000786,0.00004381,0.0000
0644,0.00001685,-0.00005728,-0.00001696,-0.00000880,0.00000728,-0.00000571,0.000
00137,-0.00000243,-0.00001565,0.00000353,-0.00000845,-0.00001637,0.00026441,-0.0
0006855,-0.00007134,0.00018404,0.00065857,0.00050931,0.00003243,-0.00000800,0.00
012007,0.00000245,0.00012204,-0.00027605,-0.00000115,-0.00009739,-0.00003173,0.0
0000916,0.00003578,-0.00005629,-0.00001460,0.00001518,0.00004209,0.00001207,-0.0
0001339,-0.00002972,0.00005945,-0.00010025,-0.00004111,0.00001852,0.00001481,0.0
0004561,-0.00015009,0.00020345,0.00016922,0.00000570,0.00001128,0.00000590,-0.00
017535,0.00017190,-0.00003202,-0.00008459,0.00008098,0.00029828,0.00000358,0.000
01173,-0.00000005,-0.00800750,-0.02034350,-0.01386952,-0.05292788,-0.03111953,-0
.06570614,-0.00258648,-0.00232520,0.00046558,0.06152694,0.04924729,0.07849057,-0
.00049143,0.00012200,-0.00011931,0.00005821,-0.00003692,-0.00007152,-0.00006541,
-0.00147135,-0.00036882,0.00004955,-0.00039067,0.00058396,0.00001449,-0.00000095
,0.00000349,-0.00005773,0.00003268,0.00002607,-0.00004887,-0.00007513,0.00002843
,-0.00017743,-0.00017653,-0.00052438,-0.00002561,0.00003641,-0.00000442,0.000465
82,0.00024188,-0.00007816,-0.00004956,0.00047538,0.00031327,0.00002463,-0.000157
79,0.00003412,-0.00000051,-0.00007885,-0.00006227,-0.00008782,0.00018459,-0.0000
2462,-0.00007005,-0.00005619,0.00000701,-0.00003306,-0.00000760,-0.00000466,-0.0
0003906,0.00001930,-0.00001873,0.00008874,-0.00109297,-0.00030042,-0.00029981,-0
.00101734,0.00031010,-0.00008180,-0.00002809,-0.00006170,0.00008243,0.00030092,-
0.00003974,-0.00001466,0.00000598,-0.00002614,-0.00005397,-0.00007679,-0.0001415
4,0.00003843,-0.00006772,0.00001858,0.00007638,0.00013629,-0.00001426,0.00012577
,-0.00000551,0.00003997,-0.00003706,0.00003505,0.00000266,-0.00006854,0.00004342
,0.00019893,-0.00001079,0.00001500,0.00001999,0.00005606,-0.00036582,-0.00009613
,-0.00104679,0.00022795,-0.00004660,-0.00001649,-0.00000148,-0.00001091,-0.00799
578,-0.00107641,0.01090845,-0.10732133,-0.03914305,0.09336438,-0.00122408,0.0027
1135,0.00269745,-0.01644228,-0.01274946,0.01833034,0.12500793,-0.00030011,0.0010
0941,-0.00036611,-0.00004654,-0.00006930,-0.00006542,-0.00025577,-0.00061755,-0.
00151479,0.00048036,0.00065799,-0.00069056,-0.00000865,0.00006578,0.00004175,-0.
00007837,0.00001845,-0.00001581,-0.00001669,-0.00001977,0.00008043,-0.00003776,0
.00015092,0.00002514,0.00000879,0.00002554,0.00006143,0.00049281,-0.00055659,-0.
00039494,0.00016215,-0.00020170,-0.00008119,-0.00012009,-0.00052370,0.00014052,-
0.00006384,-0.00008751,-0.00003902,0.00018052,-0.00025385,0.00000752,0.00000193,
-0.00000640,-0.00004375,0.00003636,0.00004823,-0.00007468,-0.00001653,0.00001166
,-0.00006498,-0.00064050,-0.00006567,-0.00020560,-0.00122200,-0.00120374,0.00051
758,0.00001594,0.00002724,0.00000484,0.00000379,0.00012643,0.00019713,-0.0000412
8,-0.00004879,0.00019728,-0.00003046,0.00005283,-0.00003418,0.00000653,0.0001085
3,0.00010629,-0.00007901,0.00007962,0.00002713,0.00001001,-0.00014994,0.00018787
,-0.00000737,0.00004778,0.00007129,0.00000907,-0.00007506,-0.00004774,0.00002420
,-0.00000838,0.00002121,-0.00017698,0.00018872,-0.00015326,0.00048771,-0.0001337
9,-0.00007520,-0.00000645,0.00003121,0.00001087,0.01299523,0.00541131,-0.0191298
0,-0.04378710,-0.06992515,0.06639111,0.00225830,-0.00289924,-0.00237151,-0.01063
156,-0.00614779,0.01171415,0.04767022,0.08079503,0.00001513,0.00088874,-0.000318
37,0.00006025,0.00001278,-0.00010539,-0.00044986,-0.00152167,-0.00430842,-0.0006
8020,0.00094660,0.00087562,-0.00002329,0.00004163,0.00002627,-0.00002701,-0.0000
0824,-0.00001250,0.00000074,0.00007724,-0.00000554,-0.00077750,-0.00022190,-0.00
052208,-0.00004826,0.00000961,0.00026374,0.00039329,-0.00021843,0.00013832,-0.00
016463,0.00052879,0.00027279,-0.00013411,-0.00032763,-0.00008679,0.00008454,0.00
005767,-0.00003300,-0.00003537,-0.00016939,-0.00005702,0.00002156,0.00000385,-0.
00000955,-0.00000163,0.00008218,-0.00002686,-0.00005698,0.00004235,-0.00002708,0
.00005804,-0.00069240,0.00027018,-0.00012134,0.00052393,0.00068104,0.00000566,-0
.00005821,-0.00005388,-0.00019597,-0.00035371,0.00043526,-0.00005945,-0.00009079
,0.00030595,0.00004984,0.00011948,0.00008704,-0.00010961,0.00016496,0.00004966,-
0.00017051,0.00001935,0.00002555,-0.00007927,-0.00009751,0.00018479,0.00006298,-
0.00003183,0.00007839,-0.00014711,-0.00000308,-0.00024314,0.00005318,-0.00004324
,0.00004577,-0.00018047,0.00037652,-0.00004873,-0.00017251,0.00014539,0.00028964
,0.00001133,0.00003882,0.00002115,0.01110021,0.00295120,-0.01684785,0.09644695,0
.06131330,-0.18249579,0.00189589,-0.00383156,-0.00238242,-0.00410742,-0.00219521
,0.00711631,-0.11299356,-0.06781578,0.21286156,-0.00026162,-0.00025636,-0.000607
46,0.00042094,0.00009342,0.00010021,0.00028164,0.00090655,0.00019276,-0.00088920
,0.00206094,0.00134946,-0.00002112,0.00000694,0.00002604,-0.00000735,-0.00000949
,0.00001648,0.00000143,-0.00002184,0.00002294,-0.00000776,-0.00029367,-0.0003099
9,-0.00013637,-0.00005160,-0.00001830,-0.00012884,0.00017366,-0.00008257,-0.0001
5471,0.00041767,0.00012273,0.00018669,-0.00004983,-0.00007991,-0.00003895,-0.000
04834,-0.00007242,-0.00001096,0.00001086,-0.00004186,-0.00001168,-0.00003520,-0.
00000238,0.00001271,-0.00000600,-0.00002760,-0.00000215,-0.00002892,-0.00003035,
0.00059559,-0.00035236,0.00010062,-0.00018590,0.00039437,0.00042064,-0.00006635,
-0.00010582,-0.00001466,-0.00038839,-0.00022013,-0.00044082,-0.00002302,-0.00006
593,0.00018942,-0.00002464,0.00006423,0.00012305,-0.00010891,-0.00000699,0.00003
249,-0.00004865,0.00006235,-0.00003709,0.00006723,-0.00008239,-0.00000480,-0.000
01621,-0.00001456,0.00000405,0.00007414,0.00027072,0.00003260,-0.00002873,0.0000
3015,0.00001244,-0.00012988,0.00046908,-0.00036708,0.00018725,-0.00017887,0.0004
9193,-0.00000912,0.00001275,0.00002135,-0.00562396,0.00969488,-0.00472831,-0.111
14689,0.06799253,-0.07114579,0.00009528,0.00019840,-0.00026105,-0.01773468,0.011
41839,-0.01858448,0.00952351,-0.00913266,0.00947928,0.12577352,-0.00043406,0.001
02362,-0.00020864,-0.00037200,-0.00053036,-0.00083234,-0.00092644,-0.00569354,-0
.00119167,0.00361680,-0.00396357,-0.00288821,0.00000690,0.00005893,-0.00000757,-
0.00013423,0.00002793,-0.00002597,0.00001941,-0.00005040,0.00002576,-0.00077157,
-0.00022647,0.00021126,0.00007256,0.00021811,0.00054982,0.00036824,-0.00002491,-
0.00008979,-0.00006190,0.00029736,-0.00018662,-0.00006407,-0.00003716,-0.0001883
6,0.00005377,0.00018110,-0.00012865,-0.00014654,0.00018026,-0.00006046,0.0000427
0,-0.00001723,-0.00003293,-0.00001247,0.00006795,-0.00003292,-0.00007082,0.00008
669,-0.00005676,0.00007631,-0.00040199,0.00028692,0.00026033,-0.00015958,0.00007
369,0.00004691,-0.00005739,-0.00007678,0.00017775,0.00066359,0.00020634,-0.00005
920,-0.00002652,0.00013246,-0.00002047,0.00005896,-0.00002746,0.00005880,0.00013
812,0.00004335,-0.00006002,-0.00006124,0.00004286,-0.00007212,-0.00006744,0.0002
1943,0.00004342,-0.00004822,0.00006382,-0.00019428,0.00008205,-0.00031096,0.0000
0685,-0.00001881,0.00001034,0.00067783,-0.00126223,0.00088876,-0.00030102,0.0000
9087,-0.00045030,0.00001420,0.00004162,0.00000753,0.01452434,-0.02012107,0.01196
045,0.06982292,-0.10805082,0.07475923,-0.00032787,0.00038557,0.00058658,-0.00878
064,0.00840278,-0.00820165,0.00554626,-0.00637739,0.00943438,-0.08312328,0.13480
371,-0.00031069,0.00002442,-0.00068449,-0.00016715,-0.00028080,-0.00012964,0.000
31524,0.00133681,0.00144643,0.00152986,-0.00168719,-0.00050634,-0.00000933,0.000
01235,0.00001908,-0.00001120,-0.00000272,-0.00000569,0.00003483,-0.00002720,0.00
005256,0.00046576,0.00006073,0.00011046,0.00004072,0.00008637,0.00008431,-0.0002
7191,-0.00006658,-0.00003361,0.00002059,-0.00014739,-0.00013572,0.00014115,-0.00
018656,-0.00006097,-0.00005294,-0.00012244,-0.00004382,0.00001934,-0.00005763,0.
00001870,0.00002333,0.00000242,-0.00001430,0.00002605,-0.00000412,-0.00001199,0.
00001099,0.00000151,-0.00003588,0.00011087,0.00009753,-0.00009075,-0.00044180,0.
00003797,0.00046105,0.00011960,-0.00000373,0.00010380,0.00005421,0.00031489,-0.0
0048587,-0.00002988,-0.00011475,0.00025780,0.00000751,0.00013822,0.00013172,-0.0
0013097,0.00010177,0.00000743,-0.00007585,-0.00004857,-0.00006459,0.00002298,-0.
00018767,0.00000096,-0.00004480,-0.00000943,-0.00000658,0.00011883,0.00018822,-0
.00000229,-0.00001142,0.00004045,-0.00000462,0.00051105,-0.00065817,0.00054132,0
.00031842,0.00005293,0.00020986,-0.00001414,0.00001271,0.00001911,0.00903370,-0.
00913021,0.00831346,-0.07538933,0.07652873,-0.12224805,0.00033747,-0.00103051,0.
00099900,-0.00809034,0.00514836,-0.00692547,-0.01268869,0.01419435,-0.01643440,0
.08381200,-0.08424838,0.13597519,0.00038463,0.00025026,0.00012749,0.00020444,0.0
0014830,0.00042199,0.00023516,-0.00018612,0.00222745,0.00026343,0.00035903,-0.00
054511,-0.00000150,0.00001245,0.00001958,0.00002296,-0.00004074,0.00005074,-0.00
039306,-0.00021335,-0.00014304,0.00067612,-0.00014826,-0.00046673,-0.00006165,-0
.00010452,-0.00029825,0.00019956,-0.00040074,0.00032085,-0.00006318,0.00004585,0
.00025617,0.00010666,0.00004371,-0.00000739,-0.00003340,0.00002818,-0.00004487,-
0.00002477,-0.00000850,0.00001339,0.00003154,0.00001984,-0.00001825,0.00000622,-
0.00000430,-0.00001514,0.00000359,-0.00003751,-0.00000601,0.00008507,-0.00002543
,-0.00012549,-0.00012642,0.00018232,-0.00000818,-0.00007498,-0.00004600,0.000083
33,0.00003742,0.00016200,-0.00016934,0.00006487,0.00008959,-0.00009027,0.0000471
5,0.00006276,-0.00004258,-0.00000264,-0.00001231,-0.00000791,0.00002537,-0.00000
125,-0.00002668,0.00009717,0.00008981,0.00001244,0.00001384,0.00003078,0.0000431
4,-0.00073234,-0.00009714,-0.00034511,-0.00003492,0.00002088,-0.00004224,-0.0000
8694,-0.00001735,0.00005908,0.00009684,0.00001032,0.00035692,0.00000459,0.000018
38,0.00000334,-0.02914387,-0.02045520,0.00410455,0.00039362,-0.00182093,-0.00140
951,-0.12872786,-0.08095104,-0.06481970,0.00015284,0.00100349,0.00153537,0.00045
891,0.00007551,-0.00051086,-0.00028922,-0.00007937,0.00005510,0.16025121,0.00028
935,0.00011907,0.00012148,0.00012213,0.00001545,0.00035725,0.00035898,0.00008647
,0.00100102,-0.00032821,0.00053907,-0.00083998,-0.00000522,0.00000293,0.00001557
,-0.00002498,-0.00004102,0.00000021,0.00008753,-0.00009507,0.00014600,0.00052468
,-0.00012670,-0.00031485,0.00001388,-0.00000112,-0.00015130,0.00013797,-0.000194
83,0.00015447,-0.00007384,0.00002497,0.00015282,0.00010801,0.00003339,0.00000819
,-0.00003088,0.00000110,-0.00002292,0.00002610,-0.00001312,0.00000233,0.00002349
,0.00001938,-0.00000193,0.00001678,-0.00000468,-0.00000069,0.00000780,-0.0000500
2,-0.00001769,0.00012899,-0.00002711,-0.00008712,-0.00017866,0.00023430,0.000082
09,-0.00000400,-0.00002159,0.00010445,0.00009530,0.00015272,-0.00017957,0.000019
39,-0.00014908,0.00010878,0.00000756,0.00005478,-0.00000727,0.00000121,0.0000056
2,-0.00001090,-0.00011344,-0.00004471,-0.00007352,-0.00024302,0.00005958,-0.0001
8852,0.00003886,0.00000952,0.00006175,-0.00046520,-0.00006147,-0.00012427,-0.000
03122,0.00001972,-0.00003097,-0.00014244,-0.00033767,-0.00022505,0.00011554,0.00
020828,0.00041305,0.00000891,-0.00001009,0.00000867,-0.02049647,-0.01370894,0.00
206216,0.00293203,0.00179373,-0.00020149,-0.08003921,-0.12265626,-0.05909921,-0.
00011508,0.00052344,0.00032956,0.00041415,0.00000040,-0.00038109,-0.00000832,-0.
00014829,0.00006813,0.10435228,0.14483663,0.00001417,0.00002718,-0.00013169,0.00
051073,0.00018025,0.00009818,0.00026768,0.00007980,-0.00133470,0.00081878,0.0001
7966,0.00095875,-0.00001262,-0.00001642,0.00001161,-0.00002061,-0.00001105,-0.00
000926,-0.00010423,0.00000758,0.00009139,0.00007081,-0.00001823,0.00000464,-0.00
019292,-0.00011382,-0.00023517,-0.00013339,0.00022758,-0.00030444,-0.00015749,0.
00005970,0.00000613,0.00003128,-0.00001827,-0.00000718,-0.00000729,-0.00001652,0
.00000264,-0.00000505,0.00004175,-0.00004222,-0.00000609,-0.00000896,0.00000505,
0.00000578,-0.00001838,-0.00000126,0.00001098,-0.00001434,-0.00000635,0.00022673
,-0.00007553,-0.00001224,0.00000269,0.00002800,0.00017873,-0.00005108,-0.0000573
4,-0.00001180,-0.00058226,-0.00010621,0.00004459,-0.00001757,-0.00007831,0.00015
631,-0.00003396,0.00005891,0.00002610,-0.00002051,0.00003019,0.00005896,-0.00011
582,0.00000115,-0.00005334,-0.00007259,0.00018533,-0.00002624,0.00005003,0.00002
143,0.00004570,0.00025882,0.00004162,0.00034947,-0.00002157,-0.00000521,0.000029
45,-0.00012199,-0.00009091,-0.00013827,0.00008154,-0.00039442,0.00032128,-0.0000
0162,-0.00001451,0.00001620,0.01640054,0.01170545,0.00706134,0.00237309,0.002876
73,0.00158819,-0.06051509,-0.05732793,-0.08787271,-0.00049694,-0.00031551,-0.000
30507,-0.00009196,0.00024445,0.00015999,-0.00034206,-0.00018216,-0.00030113,0.06
647149,0.06696448,0.09823065,-0.00041280,0.00038564,-0.00016824,-0.00082991,-0.0
0071750,-0.00099924,0.00129008,-0.00058355,0.00088649,-0.00132928,-0.00074776,0.
00340224,0.00000399,0.00001465,-0.00000646,-0.00003209,-0.00003302,0.00003206,0.
00007116,0.00023897,-0.00008237,-0.00007220,-0.00006076,0.00021282,0.00009300,0.
00023865,0.00056282,0.00033977,-0.00067346,0.00053661,-0.00005479,0.00003776,-0.
00012056,0.00004711,0.00004034,-0.00008579,-0.00001444,-0.00001192,-0.00004807,-
0.00020967,0.00002815,0.00004672,0.00000671,-0.00000083,-0.00002546,-0.00001067,
0.00000452,-0.00000578,-0.00001584,0.00001838,-0.00001632,0.00003360,-0.00006968
,0.00000588,0.00015387,-0.00010248,-0.00009774,0.00030920,0.00001792,-0.00004630
,-0.00017010,0.00064545,-0.00003233,-0.00002772,-0.00007529,0.00005702,-0.000023
15,0.00004992,0.00000203,0.00000802,0.00000470,0.00002311,-0.00007764,-0.0000878
8,-0.00005723,0.00001629,0.00001310,0.00001045,0.00002567,-0.00003959,0.00002472
,0.00009018,0.00023661,-0.00007534,-0.00000940,0.00001800,-0.00001405,-0.0000690
7,0.00003032,-0.00022120,0.00036336,-0.00039675,0.00061251,0.00000829,0.00001886
,0.00001481,0.00829396,-0.01107800,0.01589375,0.00056452,-0.00111674,0.00051046,
-0.10735810,0.06236498,-0.08974715,-0.00041634,0.00015630,-0.00005164,-0.0000141
3,-0.00000654,-0.00004523,-0.00016674,0.00017167,0.00036049,-0.01283604,0.008196
50,-0.01619835,0.12153734,-0.00001507,0.00057407,-0.00031636,-0.00133426,-0.0004
7570,-0.00069988,-0.00131383,-0.00075817,0.00121790,-0.00155562,-0.00063010,0.00
299457,0.00001557,0.00006228,-0.00002361,-0.00007394,0.00007383,-0.00004612,0.00
045704,-0.00073435,0.00022831,-0.00004570,0.00002214,0.00005459,0.00037363,0.000
22651,0.00051335,0.00029678,-0.00046378,0.00051334,0.00013720,-0.00010140,-0.000
16735,-0.00003986,-0.00002188,-0.00009629,0.00002894,-0.00000628,-0.00007979,-0.
00012888,0.00007170,0.00000736,0.00002233,0.00000504,-0.00001133,-0.00001222,0.0
0001821,-0.00001291,-0.00003701,0.00005046,-0.00004706,-0.00000601,0.00002026,0.
00006613,0.00005032,-0.00013996,-0.00012852,0.00032515,0.00008864,-0.00000386,0.
00131960,0.00032883,-0.00003526,-0.00007493,-0.00004588,0.00003287,0.00003602,0.
00002783,0.00002387,0.00000501,0.00017439,-0.00007367,0.00004138,0.00002981,0.00
013929,-0.00021702,-0.00020135,0.00009151,-0.00008022,-0.00005969,-0.00003263,-0
.00000474,0.00002921,0.00011466,0.00006667,-0.00000032,-0.00002522,-0.00029105,0
.00038223,0.00008045,0.00002935,-0.00026192,0.00027312,0.00000690,0.00003883,-0.
00000521,0.00299756,-0.00912138,0.01239605,0.00030784,0.00060888,-0.00050514,0.0
5953202,-0.09701032,0.07785653,-0.00022544,-0.00012155,0.00001747,0.00003548,-0.
00003459,-0.00007394,0.00019263,0.00023745,-0.00034249,-0.01067268,0.00843525,-0
.01371145,-0.06699827,0.11349910,-0.00008808,-0.00046605,0.00016176,-0.00008060,
0.00005832,0.00029511,0.00151923,0.00106749,0.00013040,0.00263150,0.00106951,-0.
00323491,-0.00000176,-0.00003569,-0.00001285,0.00001971,0.00000182,-0.00003079,0
.00006239,0.00020338,0.00029233,0.00004170,0.00006937,0.00000731,0.00000061,-0.0
0009066,-0.00030776,-0.00040788,0.00088760,-0.00067887,-0.00008435,-0.00001151,0
.00006516,0.00001242,0.00000641,0.00005639,-0.00002773,0.00001562,0.00006238,0.0
0023245,0.00004565,-0.00007681,-0.00003004,-0.00000663,0.00000460,0.00001356,-0.
00001743,0.00003374,0.00003430,-0.00002982,0.00001048,-0.00001174,0.00005074,-0.
00006026,-0.00010286,0.00008677,0.00004259,0.00003509,0.00002467,-0.00006947,-0.
00031483,-0.00016416,-0.00043769,0.00006945,-0.00003081,-0.00001670,-0.00006299,
-0.00002860,0.00000020,-0.00001551,-0.00006684,0.00000736,0.00000841,0.00002387,
-0.00005112,0.00002889,0.00003230,-0.00022440,-0.00000287,-0.00000906,0.00000854
,0.00009666,-0.00008882,-0.00014767,-0.00001899,0.00001516,-0.00001357,0.0003276
3,-0.00042578,0.00010630,-0.00018604,0.00015440,0.00004254,-0.00000522,-0.000018
09,-0.00000293,-0.00582812,0.01586866,-0.02044288,-0.00034574,0.00030644,0.00012
773,-0.08596082,0.07836532,-0.15967296,-0.00022864,0.00008718,-0.00016837,-0.000
06974,-0.00006121,0.00037714,0.00072019,-0.00040300,-0.00039920,-0.01250397,0.00
566313,-0.01202525,0.09537980,-0.09673030,0.18771745,0.00032514,0.00080395,-0.00
011360,-0.00056689,0.00004216,-0.00007187,-0.00136214,0.00035644,0.00057155,0.00
086779,0.00069529,-0.00110487,0.00001762,0.00009108,-0.00001818,0.00004552,-0.00
002581,0.00001042,-0.00136147,-0.00342302,-0.00133868,0.00013838,0.00009680,0.00
000523,0.00018973,-0.00002616,0.00007533,-0.00011094,0.00016659,-0.00023165,0.00
022520,-0.00019583,-0.00011848,0.00005498,0.00010305,-0.00005803,0.00007301,0.00
012311,-0.00008479,-0.00001679,-0.00001213,-0.00006004,0.00005098,0.00002106,-0.
00003949,0.00003227,0.00002085,-0.00003056,-0.00001244,-0.00000399,-0.00002497,-
0.00018105,0.00014419,0.00001291,0.00000955,-0.00038429,-0.00017734,0.00008435,0
.00006457,0.00003783,0.00062344,-0.00027548,-0.00005072,-0.00016257,0.00005658,-
0.00031868,0.00009679,0.00007430,-0.00002268,-0.00001602,0.00007703,-0.00006729,
0.00025419,-0.00007417,0.00023554,-0.00030644,-0.00087908,0.00034414,-0.00007754
,-0.00000916,-0.00004040,-0.00011661,-0.00010718,0.00003895,0.00005732,-0.000013
94,-0.00000831,0.00074254,-0.00025151,0.00033101,-0.00011914,-0.00008835,-0.0002
0110,0.00002139,0.00009689,-0.00000180,-0.01388590,0.01606411,0.01284405,-0.0030
0158,-0.00171649,0.00364132,-0.10167728,0.08941908,0.04918724,0.00003380,-0.0003
7724,-0.00023717,-0.00031156,0.00113502,0.00095718,0.00019315,-0.00025131,-0.000
10803,0.00907731,-0.01546833,-0.00829317,-0.00930027,0.01656688,0.00536237,0.119
06817,0.00045823,0.00056093,-0.00034005,0.00016218,-0.00002147,-0.00007306,0.000
45420,-0.00019353,-0.00005914,-0.00132742,0.00083475,0.00132294,0.00000306,0.000
04768,0.00001476,0.00008215,-0.00008121,0.00016927,-0.00269475,-0.00205860,-0.00
130147,-0.00011208,-0.00003559,-0.00003512,-0.00006909,-0.00000499,0.00004343,-0
.00011527,0.00010839,-0.00005418,0.00001155,0.00006410,0.00009078,0.00000792,0.0
0004490,-0.00005185,0.00014959,0.00000224,-0.00000978,-0.00004236,0.00001063,-0.
00005442,0.00000702,0.00003265,0.00000631,0.00004890,0.00003065,0.00001469,-0.00
005468,0.00001019,-0.00001662,-0.00007900,-0.00003081,-0.00000314,0.00001668,-0.
00005716,0.00000106,-0.00005145,-0.00002739,-0.00002848,-0.00019140,0.00010855,0
.00015811,-0.00016128,-0.00004442,-0.00000270,-0.00004390,0.00007135,0.00005525,
-0.00005154,-0.00004645,0.00013692,-0.00008537,-0.00021503,-0.00000281,-0.000888
32,-0.00181065,-0.00009181,0.00000251,0.00001341,0.00002859,-0.00000714,-0.00001
707,-0.00009919,-0.00001359,-0.00000276,0.00000716,-0.00015329,-0.00012476,0.001
24194,0.00013574,-0.00020491,-0.00010537,0.00002711,0.00002910,0.00000555,-0.002
44197,0.00597469,0.00208620,-0.00021151,0.00027727,0.00046836,0.09178319,-0.1818
3143,-0.07688789,0.00032655,0.00027866,0.00031846,-0.00016578,0.00047642,0.00029
450,-0.00026217,0.00013398,0.00003357,0.00818607,-0.01958610,-0.01038792,0.00978
247,-0.01481003,-0.00538939,-0.10265543,0.21200296,-0.00042657,-0.00036328,-0.00
005252,-0.00001519,0.00003983,0.00009401,0.00060356,-0.00005440,0.00011727,0.000
95100,-0.00169720,0.00013549,0.00000984,-0.00002132,-0.00002423,-0.00008095,0.00
020545,-0.00010696,-0.00046812,-0.00075004,0.00137001,-0.00009152,-0.00002993,0.
00001390,0.00002184,-0.00004080,-0.00011598,0.00012004,-0.00022751,0.00025297,-0
.00016776,0.00011967,0.00001489,-0.00009327,-0.00004514,-0.00001910,-0.00004082,
-0.00008663,0.00002807,-0.00000736,0.00006792,-0.00001025,-0.00005483,-0.0000300
4,0.00001163,-0.00004219,-0.00003290,0.00002251,0.00000518,0.00005353,-0.0000320
7,0.00022195,-0.00012589,-0.00001754,0.00003238,0.00011591,0.00009878,-0.0000414
6,-0.00001188,-0.00002421,0.00003134,-0.00001350,-0.00011212,0.00001671,0.000028
96,0.00000025,-0.00010110,-0.00013275,0.00000858,0.00001401,0.00003265,-0.000013
18,0.00011780,0.00014256,0.00008355,-0.00020788,-0.00065037,-0.00005304,-0.00005
948,-0.00002026,-0.00004442,0.00003721,0.00003132,0.00003752,-0.00000211,0.00000
619,-0.00000877,-0.00002765,0.00152786,-0.00111861,-0.00000678,-0.00005471,0.000
00309,-0.00002717,-0.00002167,-0.00002085,0.01332362,-0.01526417,-0.01370267,0.0
0407766,0.00138408,-0.00403932,0.04757139,-0.07283266,-0.08271029,0.00006026,0.0
0050575,0.00029517,0.00085510,-0.00114228,-0.00076319,-0.00009062,0.00011807,0.0
0000066,0.00556010,-0.01575291,-0.00662905,-0.01045881,0.01653822,0.00859729,-0.
06092983,0.08853371,0.09846802,0.00056062,-0.00015584,0.00080607,-0.00968689,-0.
01833015,-0.00035028,-0.00050817,-0.00008330,-0.00061321,0.00001837,0.00002563,-
0.00000314,0.00002938,-0.00002231,0.00001126,0.00001060,0.00001381,0.00003588,0.
00000110,-0.00002656,-0.00000625,-0.00014616,-0.00034857,0.00079370,-0.00139426,
-0.00167475,-0.00192837,0.00005875,-0.00005713,0.00000167,0.00038635,0.00031489,
0.00052359,0.00009723,-0.00000265,0.00013709,0.00005529,-0.00001615,0.00007334,0
.00004165,0.00000014,-0.00000666,-0.00004181,0.00000460,-0.00003892,0.00001322,-
0.00002133,0.00003934,0.00000660,0.00001037,-0.00002111,-0.00004943,-0.00004944,
-0.00006088,-0.00020256,0.00020063,0.00024885,-0.07913181,-0.04822580,-0.0089057
3,-0.00714887,-0.00144373,0.00098225,0.00015351,-0.00024768,-0.00003384,-0.00006
521,-0.00005809,-0.00022604,0.00005247,0.00001436,-0.00001475,0.00000672,-0.0000
2614,-0.00003818,-0.00005839,0.00002591,-0.00005324,-0.00036242,0.00016426,0.000
12133,-0.00361187,-0.00676786,-0.00999266,0.00474205,0.01070269,0.00060960,-0.00
000521,-0.00000283,0.00000048,0.00001267,0.00001714,0.00000659,-0.00001109,-0.00
003684,-0.00004493,-0.00001852,0.00001653,0.00000964,0.00002292,-0.00000806,-0.0
0001900,-0.00002603,-0.00003338,0.00002038,0.00001205,0.00001725,0.00001356,-0.0
0000993,-0.00000258,-0.00000037,0.00001861,0.00001119,0.00004680,0.00000268,0.00
002167,-0.00000800,0.00002488,0.00003569,-0.00000856,0.00000142,-0.00000536,-0.0
0000643,0.50890464,-0.00020884,-0.00030849,-0.00062438,-0.00829684,-0.00488482,0
.00349355,0.00049913,-0.00029564,0.00021287,-0.00000885,-0.00002205,0.00001081,-
0.00002443,0.00003851,0.00000151,-0.00001070,-0.00000117,-0.00001555,-0.00000769
,-0.00001453,0.00002650,-0.00188807,0.00057369,0.00215952,-0.00019088,-0.0004682
5,-0.00335724,-0.00003615,0.00003502,0.00001541,-0.00028429,0.00028040,-0.000634
54,-0.00013576,-0.00001412,-0.00001566,0.00003058,0.00003066,0.00002124,-0.00006
206,0.00002358,0.00002031,0.00008712,-0.00004309,0.00009071,-0.00002015,0.000045
28,-0.00002480,-0.00001943,0.00000740,-0.00001154,0.00066343,-0.00027032,0.00000
796,-0.00019371,0.00014282,0.00001968,-0.03327666,-0.13986596,-0.01279009,-0.000
88045,-0.00040046,0.00019197,0.00000829,0.00001663,0.00005662,0.00014171,-0.0000
5553,0.00012264,-0.00005966,-0.00001455,-0.00007254,-0.00005964,0.00005341,0.000
02554,-0.00000718,-0.00005331,0.00000642,0.00024601,0.00004767,0.00005448,-0.005
14429,-0.00551855,-0.01802836,-0.01106536,-0.02780556,-0.00393268,-0.00002184,0.
00001069,-0.00001571,-0.00000520,0.00001582,-0.00001788,0.00003188,-0.00001587,0
.00006453,-0.00008953,-0.00000749,0.00000162,0.00002537,-0.00001786,0.00000604,-
0.00000972,-0.00000923,0.00000407,-0.00001037,0.00001273,-0.00000429,-0.00001506
,-0.00002348,0.00002463,0.00000232,0.00002963,-0.00001269,-0.00001115,0.00000232
,-0.00000225,0.00002027,0.00000630,-0.00000726,-0.00001655,-0.00000694,-0.000003
71,-0.01088094,0.44700930,0.00063069,-0.00044468,0.00012412,-0.00410015,0.005601
05,0.00284699,0.00010396,0.00026816,-0.00172345,-0.00005335,-0.00000002,-0.00000
574,0.00007912,-0.00004729,0.00001875,-0.00001717,-0.00001512,0.00001571,-0.0000
9320,-0.00000686,-0.00004739,-0.00222169,-0.00115965,0.00130201,0.00460870,0.002
82382,-0.00132426,-0.00008704,0.00007244,0.00006138,-0.00039286,0.00173827,-0.00
140926,-0.00005612,0.00009128,0.00003603,0.00009965,-0.00022267,-0.00010195,0.00
003147,-0.00005906,0.00002324,-0.00015398,0.00007606,0.00010749,0.00005112,-0.00
012468,0.00005399,0.00001521,-0.00001452,-0.00001784,0.00085106,-0.00004245,-0.0
0019183,-0.00038067,0.00004871,0.00034109,-0.01058364,-0.01979925,-0.06481853,0.
00652115,0.00126077,0.00133930,0.00012125,0.00010002,-0.00028631,0.00014635,0.00
010979,0.00005131,0.00005107,-0.00003043,0.00011826,0.00009104,-0.00001428,0.000
03876,0.00006641,-0.00003489,-0.00014379,0.00022844,0.00014544,0.00021128,-0.014
93310,-0.02731173,-0.01947050,0.00124817,0.00402607,0.00316816,0.00001571,0.0000
1660,0.00000507,0.00000970,-0.00000335,0.00002391,-0.00004800,-0.00000818,-0.000
12854,-0.00057570,-0.00004839,-0.00000447,-0.00002202,0.00003188,-0.00003052,-0.
00001692,0.00001491,-0.00005955,0.00000357,0.00000814,0.00001966,0.00000358,0.00
000472,0.00003985,0.00001871,-0.00003047,-0.00002293,-0.00000454,-0.00000945,0.0
0004300,-0.00005279,-0.00007398,-0.00000446,-0.00001767,0.00001568,-0.00001226,-
0.00195185,-0.01288070,0.46408572,-0.00096361,0.00074397,-0.00044750,0.00030296,
-0.00134959,-0.00057710,-0.00126261,-0.00094283,-0.00010117,0.00000716,-0.000003
96,0.00008715,0.00012436,-0.00005690,-0.00001148,0.00009865,0.00001614,0.0000220
7,0.00009618,0.00001264,-0.00006331,0.00077398,-0.00039033,0.00023038,-0.0003011
1,0.00000873,0.00014728,0.00027200,0.00003221,0.00018842,-0.00019539,0.00008233,
-0.00013590,-0.00112809,0.00032795,0.00056963,0.00023175,0.00011333,0.00024575,0
.00007355,0.00005909,-0.00010101,0.00049561,0.00075481,0.00062533,0.00005512,-0.
00003963,0.00017368,0.00004000,0.00003116,0.00000862,0.00005650,-0.00013957,-0.0
0003422,0.00047531,-0.00008958,-0.00046842,0.00014744,-0.00818526,0.00883909,-0.
00102656,-0.00007378,-0.00021083,-0.00117516,0.00044169,0.00081512,0.00000682,-0
.00054443,-0.00022228,0.00042634,-0.00009807,-0.00033992,0.00014951,0.00010692,0
.00020419,0.00022015,-0.00001202,-0.00001695,-0.00062003,-0.00026608,0.00027685,
0.00084281,-0.00031649,0.00040797,-0.00017777,-0.00112111,-0.00003381,0.00005710
,-0.00001670,0.00002133,0.00003735,0.00001377,0.00000040,0.00092728,0.00040670,-
0.00060262,0.00014354,0.00003765,0.00005180,0.00004480,-0.00001464,0.00002283,-0
.00000847,0.00003467,0.00000997,0.00002665,0.00001110,0.00000860,0.00001130,-0.0
0000311,0.00001771,0.00002440,0.00002429,0.00001233,0.00002211,0.00001106,0.0000
0076,0.00002647,0.00001325,-0.00000513,0.00001446,-0.00000254,-0.00000442,-0.063
72823,0.00093812,-0.00729568,0.53332584,-0.00287302,-0.00090882,-0.00193291,-0.0
0273413,-0.00320202,-0.00197818,-0.00154641,0.00043494,-0.00117909,-0.00002570,0
.00007545,0.00000159,0.00003866,-0.00002415,0.00005261,-0.00001985,-0.00008559,-
0.00003523,-0.00005188,-0.00004628,-0.00004845,-0.00001808,-0.00032351,-0.002069
23,0.00174431,0.00175498,0.00076514,0.00002176,0.00003487,0.00030272,0.00077945,
-0.00017051,0.00173537,-0.00040111,-0.00004383,-0.00074024,0.00042076,-0.0002802
5,0.00007571,0.00004077,-0.00008601,-0.00002159,0.00002464,0.00022119,0.00026755
,0.00008927,0.00003417,0.00009060,-0.00007142,-0.00004465,0.00001707,-0.00083328
,0.00036603,-0.00014439,0.00070719,-0.00086672,-0.00086378,-0.00311447,-0.023191
00,0.01109860,0.00120025,0.00062802,0.00142935,-0.00070719,0.00125386,0.00054399
,0.00058557,0.00054201,0.00146752,0.00016588,-0.00024776,-0.00008599,-0.00009207
,0.00026595,0.00030071,0.00003317,-0.00011343,-0.00003441,-0.00040098,0.00025097
,-0.00012921,0.00003681,-0.00136999,0.00285893,-0.00135385,-0.00305635,-0.000113
68,0.00006346,0.00000585,0.00001285,0.00001077,-0.00003102,0.00003276,0.00058307
,-0.00042155,-0.00010796,0.00040141,0.00005733,-0.00000603,0.00001044,-0.0000145
7,0.00000722,0.00004732,0.00003279,0.00000682,0.00000276,0.00000036,0.00000467,-
0.00001878,0.00003206,0.00001713,-0.00004411,-0.00001608,-0.00003499,0.00002702,
0.00000942,-0.00000612,-0.00002826,-0.00002460,-0.00000375,0.00002427,0.00000838
,-0.00002854,0.00768771,-0.13433087,0.07173727,0.10612478,0.45974654,0.00128374,
0.00018535,-0.00066137,0.00425541,0.00141576,0.00004795,0.00059796,-0.00116653,0
.00139314,0.00004248,-0.00006179,0.00005076,0.00000120,0.00001288,-0.00002206,0.
00002148,0.00008520,0.00004373,0.00010162,0.00002758,0.00001007,-0.00081380,-0.0
0074900,0.00269699,-0.00101314,-0.00091031,-0.00030832,0.00029848,-0.00008288,0.
00006323,-0.00067860,0.00028662,-0.00196533,-0.00088809,0.00013329,0.00089422,-0
.00007969,0.00051493,0.00014433,-0.00002828,0.00022833,0.00026235,0.00023279,0.0
0000394,-0.00050362,-0.00006490,0.00006620,-0.00001608,0.00009833,0.00004198,-0.
00007690,0.00064300,-0.00058206,0.00009368,-0.00019044,-0.00005123,-0.00013208,0
.00328276,-0.00015413,0.00794283,-0.00253321,-0.00062266,-0.00147124,0.00026926,
-0.00044559,-0.00053564,0.00083353,-0.00076772,-0.00057737,0.00004076,-0.0000168
7,-0.00039806,0.00004337,0.00021247,0.00011036,0.00011073,0.00011327,0.00003135,
0.00060103,-0.00005067,0.00004829,0.00019645,-0.00131045,-0.00120017,-0.00089212
,-0.00224398,-0.00047358,-0.00001156,-0.00004875,-0.00002476,0.00001930,0.000039
10,-0.00004564,0.00038417,0.00008350,-0.00005377,-0.00027011,-0.00004272,0.00003
662,0.00000960,0.00000363,0.00002861,-0.00004736,-0.00000458,0.00000421,0.000007
90,0.00000244,-0.00000942,0.00002514,-0.00003033,-0.00001254,0.00005858,0.000031
82,0.00004295,-0.00001414,-0.00001008,-0.00000688,0.00005464,0.00004397,-0.00000
797,-0.00000551,-0.00001558,0.00002227,-0.01061662,0.07013110,-0.12638136,0.1670
1398,-0.17670531,0.40151177,-0.00057496,-0.00017653,-0.00077867,-0.00066385,-0.0
0014557,0.00050458,-0.00041978,-0.00030286,-0.00004647,-0.00000399,-0.00002360,-
0.00002651,0.00003696,-0.00003463,0.00003178,-0.00000085,0.00003873,0.00006393,0
.00003266,0.00002172,0.00001269,-0.00010844,-0.00059619,-0.00027315,0.00011930,-
0.00001858,-0.00031865,0.00006067,-0.00014271,0.00003882,0.00013573,0.00013279,0
.00006927,-0.00018862,-0.00017144,-0.00057189,0.00008197,0.00002266,0.00006276,0
.00004837,0.00005173,0.00003083,-0.00043893,-0.00027246,-0.00047203,-0.00000831,
-0.00003849,0.00002113,0.00005554,0.00001004,-0.00002832,-0.00025719,0.00001941,
-0.00010965,-0.00013894,-0.00005724,-0.00010477,0.00109089,0.00090221,0.00007054
,0.00021867,0.00005650,-0.00005609,0.00025391,0.00022121,0.00016896,-0.00013447,
0.00022091,0.00050013,-0.00002403,-0.00008600,0.00002261,0.00002328,0.00007867,0
.00016561,0.00016715,0.00003883,-0.00017260,-0.00014678,-0.00008869,0.00012266,0
.00012070,0.00086714,-0.00043437,-0.00014950,-0.00010643,0.00005395,0.00003780,-
0.00002019,-0.00001446,0.00002775,0.00000331,0.00002694,-0.00073059,0.00016394,0
.00021064,0.00013643,0.00004690,0.00002238,0.00000764,0.00000554,-0.00002372,-0.
00000024,0.00000241,0.00002516,0.00002210,0.00001672,0.00001565,-0.00001224,0.00
001911,0.00000321,0.00000186,-0.00000741,0.00002547,0.00002153,0.00002158,0.0000
0798,0.00000171,-0.00000131,0.00000436,0.00000773,0.00000609,-0.00000430,-0.0016
8102,-0.00699998,0.00365060,-0.20128174,-0.13817382,0.01078316,0.53856662,-0.000
76914,0.00006731,0.00077094,0.00049189,-0.00043855,0.00005229,-0.00002239,-0.000
38876,0.00015422,-0.00002646,-0.00003460,0.00000989,-0.00004029,-0.00002244,0.00
000740,-0.00001253,0.00001022,0.00001819,0.00001171,0.00003329,0.00001705,0.0002
6725,-0.00020266,-0.00012689,-0.00019740,-0.00016986,-0.00005247,0.00003602,-0.0
0004773,-0.00004741,-0.00010577,0.00004601,-0.00012562,0.00093757,-0.00029072,-0
.00063445,-0.00020503,-0.00007503,0.00029196,0.00010231,0.00000413,-0.00019421,-
0.00031165,-0.00039618,-0.00059274,-0.00012847,-0.00002080,-0.00002784,0.0000347
1,-0.00001111,-0.00004858,0.00001797,-0.00001823,-0.00006253,-0.00031996,0.00036
555,0.00027598,-0.00023637,-0.00264048,0.00336610,-0.00066686,-0.00012884,-0.000
26346,-0.00008375,-0.00021939,-0.00028624,-0.00122328,0.00044382,-0.00010776,-0.
00000681,-0.00000347,0.00026336,-0.00002417,-0.00014960,-0.00016173,0.00006145,0
.00009575,0.00011346,-0.00010428,-0.00015099,0.00014585,0.00018582,0.00131744,-0
.00006077,-0.00036157,-0.00058236,-0.00012232,0.00000739,-0.00001373,-0.00000727
,-0.00000302,-0.00000729,-0.00000089,-0.00069201,0.00011632,0.00027973,-0.000080
02,-0.00002072,0.00000574,0.00001217,0.00003427,0.00003250,0.00001000,0.00002484
,-0.00002778,0.00000778,-0.00000345,0.00000064,-0.00000076,0.00000292,0.00000448
,0.00002816,-0.00000961,0.00003586,-0.00000148,0.00000132,0.00000371,0.00001658,
0.00000595,0.00000991,0.00000409,0.00000281,0.00000189,-0.01840153,-0.02370622,0
.00983469,-0.08015690,-0.16681344,0.03499650,0.10689892,0.50978211,-0.00115511,0
.00042111,0.00010249,-0.00092038,0.00006172,0.00019861,-0.00033158,0.00013411,-0
.00026913,0.00000312,0.00001536,-0.00002560,0.00003837,0.00000476,0.00001473,0.0
0000708,0.00000625,-0.00002258,0.00001057,-0.00000275,-0.00000808,0.00100637,0.0
0002678,-0.00051384,0.00023522,0.00015357,-0.00007351,-0.00003382,0.00013036,-0.
00000401,0.00008804,0.00008464,0.00051404,0.00020687,-0.00019857,0.00007873,0.00
003438,0.00005805,0.00009762,0.00004773,-0.00008135,-0.00020733,0.00005956,0.000
06891,0.00008739,0.00007040,-0.00000126,0.00002275,0.00001933,0.00000034,0.00003
166,-0.00017368,0.00000692,-0.00005488,0.00033665,-0.00007142,-0.00012238,-0.000
41142,0.00128269,-0.00274041,0.00061933,0.00012341,0.00025995,-0.00067925,0.0002
5095,0.00030510,-0.00045074,-0.00016364,0.00015948,0.00016763,0.00005464,-0.0000
3227,-0.00002794,-0.00001886,0.00005292,0.00006848,-0.00000356,0.00012168,-0.000
07631,0.00001197,-0.00011264,-0.00058484,-0.00054746,0.00047842,0.00031832,0.000
72678,0.00010052,0.00002066,-0.00000912,-0.00000114,0.00002058,0.00000485,0.0000
1768,0.00001261,-0.00004358,-0.00018594,0.00014963,0.00004382,0.00001468,0.00000
493,-0.00002053,-0.00003608,-0.00000623,-0.00001763,0.00003440,0.00000722,0.0000
1343,0.00000966,-0.00000617,0.00000985,0.00000073,-0.00001629,0.00000182,-0.0000
1121,0.00001545,0.00001206,0.00000284,-0.00001193,-0.00000516,-0.00000716,0.0000
0426,0.00000301,-0.00000731,0.01302286,0.01851891,-0.00373326,-0.02760955,0.0010
0448,-0.06720305,0.17466628,-0.22119631,0.37825840,-0.00000792,-0.00016821,0.000
41107,-0.00003242,-0.00010308,-0.00000924,-0.00009167,-0.00009685,-0.00003144,-0
.00001450,-0.00003408,-0.00004300,-0.00000897,-0.00007132,0.00002896,0.00000332,
0.00003568,0.00003529,0.00004245,0.00004181,0.00005029,-0.00013126,-0.00016309,-
0.00004738,0.00006000,0.00016143,-0.00004538,-0.00003522,-0.00002783,-0.00007992
,0.00008624,0.00004877,0.00001220,0.00010121,-0.00024513,-0.00064849,-0.00029971
,-0.00025868,-0.00014360,0.00014470,0.00006461,-0.00014532,-0.00044701,-0.000397
17,-0.00051451,-0.00013913,-0.00011579,-0.00000151,0.00004944,0.00000400,-0.0000
0398,-0.00008318,-0.00002502,-0.00002183,-0.00013919,0.00019067,0.00011567,0.000
21819,-0.00093960,0.00088888,0.00001504,0.00001189,0.00000094,0.00000546,-0.0000
7526,-0.00016003,-0.00084545,0.00038213,-0.00007651,-0.00000131,0.00003215,0.000
17459,-0.00003390,0.00001148,-0.00007349,0.00006539,0.00017900,0.00013240,-0.000
03041,-0.00004211,-0.00001234,0.00008633,0.00041116,-0.00000378,-0.00011693,-0.0
0025285,-0.00005256,0.00002192,-0.00003441,-0.00002910,0.00002139,-0.00000540,0.
00000735,-0.00062406,0.00005041,0.00021279,0.00010753,0.00001730,0.00000223,0.00
000849,-0.00001518,-0.00001886,-0.00001114,-0.00001511,0.00001978,0.00000927,0.0
0000672,0.00000506,-0.00000514,0.00001543,0.00000008,-0.00000435,0.00000237,-0.0
0000554,0.00000683,0.00000041,-0.00000186,-0.00000033,-0.00000190,-0.00000788,0.
00000763,-0.00000624,-0.00000589,-0.00203139,-0.00462992,-0.00157861,0.02591072,
-0.00934307,0.02195456,-0.08517915,-0.03518275,-0.00097142,0.57164509,0.00027690
,-0.00024807,0.00016764,-0.00027047,-0.00014053,-0.00007624,0.00007578,0.0001090
0,-0.00002220,0.00003454,0.00001681,-0.00001195,0.00004697,-0.00002439,0.0000090
3,0.00002076,0.00002776,0.00000836,0.00003522,-0.00000423,-0.00002217,-0.0001888
2,-0.00006669,-0.00016821,0.00003871,0.00008691,-0.00009050,0.00004080,0.0000422
7,-0.00006298,0.00006507,0.00002462,0.00018406,-0.00031801,0.00021480,0.00048426
,-0.00000146,-0.00013971,-0.00025540,-0.00000684,0.00003855,-0.00001169,0.000177
78,0.00024158,0.00022177,0.00000466,-0.00005282,0.00000420,0.00001861,0.00002140
,0.00003566,0.00006930,-0.00004830,0.00005873,0.00006526,-0.00003027,0.00006576,
-0.00030154,-0.00031348,0.00033406,0.00010912,0.00007373,0.00008300,-0.00004711,
0.00006372,0.00008473,0.00010935,-0.00058715,-0.00005918,0.00004018,0.00013043,0
.00002511,0.00004691,0.00000242,0.00007829,-0.00009489,-0.00002345,0.00000815,0.
00001468,-0.00002432,-0.00009610,-0.00001653,-0.00031247,0.00037157,0.00003613,0
.00011947,-0.00001628,0.00000983,-0.00000807,-0.00000325,0.00001807,0.00001537,0
.00000851,0.00020039,-0.00004099,-0.00023726,0.00004596,0.00003628,0.00001094,-0
.00000106,-0.00002810,-0.00004582,-0.00001648,-0.00002744,0.00003635,-0.00000223
,0.00001301,0.00000818,-0.00000427,0.00000521,-0.00000066,-0.00001414,0.00001442
,-0.00000296,0.00000596,0.00001109,-0.00000139,-0.00000110,0.00001241,-0.0000082
0,0.00000196,0.00000274,0.00000017,-0.00314583,0.00085572,0.00078587,-0.05270368
,-0.04502696,0.00083952,0.02218677,-0.24354182,0.15536622,0.12403772,0.52280299,
-0.00037491,0.00002815,0.00023760,0.00000303,0.00009758,0.00022286,-0.00011847,-
0.00012144,-0.00002295,-0.00002370,-0.00002659,-0.00003013,-0.00003139,-0.000030
54,0.00002895,-0.00001186,-0.00000487,0.00001032,-0.00000081,0.00001386,0.000029
16,0.00029963,-0.00006707,-0.00006920,-0.00005748,-0.00005272,-0.00002651,0.0000
5281,-0.00002800,-0.00004534,-0.00005312,0.00000624,0.00002414,0.00058887,0.0001
8508,-0.00067310,0.00008908,0.00001564,0.00020707,0.00002133,0.00002039,0.000011
15,-0.00025699,-0.00036129,-0.00045012,-0.00006382,0.00003246,-0.00000618,0.0000
1105,-0.00000985,-0.00002499,-0.00001917,0.00001163,-0.00005446,-0.00024888,0.00
008458,0.00015211,0.00031740,0.00075679,-0.00030541,0.00001534,-0.00005906,-0.00
003347,0.00005859,0.00015180,-0.00006465,-0.00097199,0.00027126,0.00040180,-0.00
004279,-0.00000477,0.00015197,-0.00006143,-0.00003116,-0.00009506,0.00007246,0.0
0001419,-0.00001352,-0.00003732,-0.00003195,0.00006355,-0.00002049,0.00034800,-0
.00034663,0.00004063,0.00004526,0.00002989,0.00001036,-0.00001227,-0.00001496,0.
00000045,-0.00001618,-0.00000415,-0.00072146,-0.00006038,0.00031741,0.00001579,-
0.00001081,-0.00000724,0.00000897,0.00000995,0.00001766,0.00000479,0.00001000,-0
.00001434,0.00000624,-0.00000390,-0.00000293,0.00000059,0.00000668,0.00000316,0.
00000623,-0.00000517,-0.00000265,-0.00000098,-0.00000802,-0.00000070,-0.00000032
,-0.00000961,-0.00000074,0.00000252,-0.00000604,-0.00000392,-0.00248221,0.001739
96,0.00540143,0.05191741,0.02675458,0.01100884,-0.03901396,0.11891773,-0.1561681
6,0.16158816,-0.21206576,0.34886571,0.00039305,-0.00106153,-0.00007692,0.0000691
7,0.00004779,-0.00008029,0.00017958,0.00013466,0.00014580,-0.00004747,-0.0000466
2,0.00004669,0.00009300,-0.00015248,-0.00000474,0.00005563,0.00007557,0.00003572
,0.00002902,-0.00001037,-0.00001831,-0.00018839,0.00003962,0.00008213,-0.0000418
0,-0.00011032,-0.00000056,0.00013930,-0.00000048,-0.00005573,-0.00004278,0.00001
688,-0.00000245,-0.00103689,0.00046278,0.00170190,-0.00040508,-0.00034520,-0.000
62617,0.00018231,0.00021555,0.00001295,0.00043769,0.00002712,0.00066175,-0.00012
709,-0.00024157,0.00009455,0.00007791,0.00002188,0.00004588,0.00012920,-0.000011
37,0.00012779,0.00021355,-0.00007339,-0.00008625,-0.00017088,-0.00010690,-0.0000
9890,-0.00000501,0.00005431,-0.00003164,0.00038089,0.00000263,-0.00017527,0.0011
2490,-0.00108422,-0.00029399,0.00000620,0.00019777,0.00003237,0.00033251,0.00017
088,0.00003533,-0.00016035,-0.00008942,0.00000607,0.00001227,0.00001726,-0.00004
635,-0.00007267,-0.00047948,0.00031039,0.00003170,0.00006509,-0.00000875,0.00000
290,-0.00001998,-0.00002932,0.00001008,-0.00000450,-0.00001448,-0.00035161,-0.00
033902,0.00033337,-0.00009167,-0.00000032,-0.00000397,-0.00000833,-0.00004248,0.
00000045,-0.00002990,0.00001768,-0.00000553,0.00000281,-0.00000590,-0.00000320,0
.00000403,-0.00000730,-0.00000148,0.00003756,-0.00001917,0.00002716,-0.00000071,
-0.00000470,-0.00000269,0.00001089,-0.00000466,0.00000603,0.00000455,-0.00001975
,0.00000051,0.00049468,0.00029038,-0.00084309,-0.05473669,-0.01599104,-0.0160290
1,0.01653800,0.07079864,-0.03681035,-0.23769466,-0.00383420,-0.09812810,0.558854
69,0.00065425,0.00077331,-0.00009457,0.00023745,0.00018836,0.00016932,-0.0000445
4,-0.00023965,0.00010358,0.00000525,-0.00000021,-0.00004627,-0.00002181,0.000017
21,-0.00002272,0.00003447,0.00007790,0.00005167,0.00009097,0.00002735,0.00000499
,0.00021919,-0.00004125,0.00001339,-0.00012336,-0.00005315,-0.00019422,0.0000751
9,0.00006411,0.00002664,-0.00016787,0.00011871,0.00002128,-0.00022995,-0.0001818
6,0.00078632,-0.00002919,0.00047042,0.00042621,0.00015763,0.00015762,0.00004850,
-0.00004360,-0.00049530,-0.00034481,0.00004856,0.00017802,-0.00003728,0.00007300
,0.00002102,-0.00001442,0.00023787,-0.00018084,0.00006856,0.00007742,0.00015025,
0.00001165,0.00008995,-0.00002287,-0.00005821,-0.00012334,0.00001867,-0.00017841
,-0.00039463,-0.00017266,0.00015537,0.00086456,-0.00072958,-0.00077773,0.0002078
6,-0.00004501,-0.00033283,0.00010955,0.00021574,-0.00003669,0.00005309,0.0000148
1,0.00027212,-0.00005974,-0.00004105,-0.00005702,-0.00016704,-0.00011296,0.00015
274,-0.00004265,0.00007061,-0.00004590,0.00000129,-0.00004254,-0.00002111,0.0000
3681,0.00003028,-0.00000174,-0.00014577,0.00022339,0.00017509,0.00003441,0.00004
381,0.00001814,0.00000602,-0.00006206,-0.00003146,-0.00005029,-0.00000687,0.0000
1178,0.00001873,0.00001354,0.00000898,0.00000893,-0.00000685,-0.00000799,0.00002
249,0.00000302,0.00001157,0.00001674,0.00001069,0.00000188,0.00001294,0.00000690
,-0.00001107,0.00000007,-0.00002026,0.00000294,0.00026920,-0.00081627,0.00062783
,-0.01500589,-0.00314604,-0.01097464,0.02589469,0.00337901,0.01370787,0.05653501
,-0.09165636,0.05791994,0.11166597,0.55013354,-0.00051127,-0.00056399,0.00010495
,-0.00010821,-0.00009084,-0.00013722,0.00014825,0.00022769,-0.00000503,-0.000043
26,-0.00002158,0.00004614,0.00004495,-0.00006409,-0.00000739,-0.00001827,0.00002
212,-0.00003992,-0.00002371,-0.00002181,-0.00002501,0.00008488,0.00021429,-0.000
18848,0.00005191,-0.00001046,0.00012531,-0.00015115,0.00013688,0.00021822,0.0000
3343,-0.00007060,0.00011906,-0.00014587,-0.00051080,-0.00005277,-0.00053875,-0.0
0046333,-0.00064143,0.00015913,-0.00000753,-0.00037950,-0.00006155,-0.00000398,0
.00015236,-0.00005498,-0.00024842,0.00004474,0.00000210,-0.00002506,0.00004062,-
0.00004271,0.00006808,-0.00001698,0.00026327,0.00008452,-0.00010009,-0.00012928,
-0.00006400,0.00001706,0.00006192,0.00001078,0.00010421,-0.00029513,-0.00006898,
-0.00009727,0.00024176,-0.00057614,-0.00037723,0.00008516,-0.00003253,0.00008713
,0.00008329,-0.00002470,0.00002337,-0.00017418,0.00012910,0.00040224,0.00000665,
0.00004581,-0.00007598,-0.00012936,0.00012849,0.00016617,0.00004011,-0.00000890,
0.00000953,-0.00000366,0.00000343,-0.00001001,-0.00001022,-0.00000795,-0.0000033
4,0.00111379,-0.00016503,-0.00030897,-0.00007496,-0.00003168,-0.00000313,0.00000
047,0.00001475,0.00002020,0.00001139,0.00000914,-0.00001552,-0.00000817,-0.00000
925,-0.00000626,-0.00000402,0.00000218,0.00000266,0.00000484,-0.00001143,0.00000
928,-0.00000900,-0.00000726,-0.00000134,-0.00000384,-0.00000504,0.00000706,0.000
00181,-0.00000108,-0.00000243,0.00027022,0.00042312,-0.00101000,-0.01782722,-0.0
1094447,-0.00829796,-0.00788929,0.03930218,-0.02889417,-0.13538822,0.02341872,-0
.13441070,0.16402330,-0.21301525,0.33361904,0.00645432,0.00354039,0.00117831,-0.
00081523,-0.00042221,-0.00055941,-0.00078769,0.00084940,-0.00025879,0.00036905,0
.00057882,0.00017867,-0.00027867,-0.00029318,-0.00050752,0.00056502,-0.00000893,
-0.00014409,0.00023680,0.00042619,-0.00019111,-0.00053748,-0.00004385,0.00025155
,0.00027590,0.00017676,0.00024964,0.00058557,0.00021725,-0.00020984,0.00013042,-
0.00000461,-0.00007248,0.00028633,0.00060788,-0.00135424,-0.00160994,-0.00209823
,0.00033297,0.00092752,0.00011479,0.00133691,0.00062896,-0.00084910,-0.00083191,
-0.00087106,0.00035221,0.00006948,0.00031578,0.00003522,0.00040523,-0.00047567,0
.00018166,0.00005193,-0.00073422,0.00074659,0.00103650,-0.00011435,-0.00054887,0
.00002824,0.00050179,0.00025853,0.00027144,-0.00021903,0.00051808,-0.00104463,-0
.00793151,0.00052539,0.00569818,0.00081039,-0.00118651,-0.00028138,0.00058990,-0
.00069171,-0.00046446,0.00058909,0.00051388,-0.00093723,-0.00018683,-0.00000735,
-0.00047799,0.00014133,-0.00012436,-0.00029674,-0.00006124,-0.00013023,0.0000387
6,0.00030360,0.00036153,0.00004661,0.00006022,0.00003811,-0.00001053,-0.00378768
,0.00142655,0.00399279,0.00014202,0.00015825,0.00000990,0.00002244,0.00007432,0.
00005953,0.00006776,0.00003561,-0.00004602,-0.00000859,-0.00001025,-0.00001037,0
.00000340,0.00006784,0.00006067,0.00003560,0.00006032,0.00003173,-0.00000658,-0.
00001090,-0.00000042,0.00000560,0.00003242,-0.00002082,0.00004995,0.00000657,-0.
00001908,-0.00176877,-0.00148382,-0.00461923,0.01747176,0.02628767,-0.01001059,-
0.00870356,-0.02165707,0.01288585,-0.05780386,0.00114395,-0.03284281,-0.23229301
,-0.16334027,0.00445686,0.62259826,0.00511799,-0.00378311,-0.00019258,-0.0005377
3,-0.00027172,0.00006769,-0.00116037,-0.00054898,-0.00019580,0.00007019,0.000159
72,0.00025999,0.00031198,-0.00042248,-0.00029960,0.00021886,0.00014668,0.0000331
7,0.00020772,0.00013703,-0.00015896,0.00026775,-0.00058767,0.00004494,0.00016490
,-0.00001904,-0.00003860,0.00009016,-0.00021604,0.00045857,-0.00001177,0.0001925
3,0.00002866,-0.00291411,-0.00448186,-0.00399776,-0.00290050,-0.00260379,-0.0011
1754,0.00100044,0.00084077,0.00002223,-0.00183099,-0.00275807,-0.00447739,-0.000
15795,-0.00001961,0.00074012,0.00025194,0.00008953,0.00013842,-0.00034986,-0.000
01660,-0.00009036,-0.00094228,0.00072124,0.00025762,-0.00006661,0.00025935,-0.00
033151,0.00020425,0.00015260,0.00002558,-0.00006257,-0.00028887,-0.00192846,-0.0
0091534,0.00070399,-0.00167560,0.00081361,0.00022763,0.00068961,0.00066272,-0.00
040149,-0.00045282,-0.00011773,0.00059509,0.00078500,-0.00027183,-0.00006401,-0.
00005566,0.00023290,-0.00012113,-0.00055112,-0.00001639,0.00016915,0.00003973,0.
00021268,0.00007853,-0.00000338,0.00009492,0.00001437,0.00001645,0.00030267,0.00
089513,-0.00079125,0.00015818,0.00020761,0.00006502,0.00001714,0.00000874,-0.000
00715,0.00001147,0.00006183,0.00000964,0.00003555,0.00001135,0.00000751,0.000002
58,0.00005931,0.00002060,0.00008911,-0.00001246,0.00009365,0.00003425,0.00002014
,0.00000918,0.00002983,0.00000086,0.00000633,0.00004625,-0.00000167,-0.00002104,
-0.00154163,0.00315177,0.00194965,0.06889094,0.00286612,0.03549090,-0.02116023,-
0.04972674,0.01598181,-0.04449278,0.03604854,-0.04660775,-0.10438666,-0.19290093
,0.03766700,0.11813340,0.53702219,0.00308857,0.00172609,-0.00604928,-0.00021702,
0.00003037,-0.00013979,0.00037963,0.00034307,-0.00004451,0.00013802,0.00020439,-
0.00003908,-0.00033145,0.00022856,-0.00020260,0.00008930,0.00002888,-0.00008292,
-0.00001920,0.00015311,0.00006411,-0.00022419,0.00000632,-0.00007759,0.00000837,
-0.00002127,0.00006160,-0.00069693,0.00011421,0.00057801,0.00019587,-0.00004878,
0.00013993,-0.00114828,-0.00463915,-0.00405149,-0.00389058,-0.00112621,-0.001679
31,0.00030430,-0.00052952,-0.00000670,-0.00078139,-0.00278150,-0.00231576,-0.001
00217,-0.00070110,-0.00081112,-0.00007480,-0.00015200,0.00009244,-0.00016110,0.0
0007724,0.00006731,-0.00000764,0.00022192,-0.00016613,0.00013022,0.00032989,-0.0
0030455,0.00016159,0.00002701,0.00014742,-0.00032379,-0.00029113,0.00062534,0.00
821905,-0.00019090,-0.00387771,0.00110376,-0.00048235,-0.00096294,-0.00007761,0.
00021700,0.00074510,0.00025060,0.00051667,0.00006077,0.00006543,0.00020989,-0.00
032101,-0.00011971,-0.00032958,0.00006683,0.00010730,0.00005385,0.00000829,-0.00
000564,0.00004764,-0.00004901,-0.00000621,0.00005129,0.00000701,0.00492804,-0.00
108831,-0.00261976,-0.00000231,-0.00006491,-0.00001863,-0.00000989,0.00003750,0.
00003743,0.00003976,-0.00002370,-0.00002509,-0.00002519,-0.00001034,-0.00000714,
-0.00000317,0.00001812,0.00000826,-0.00004526,0.00003492,-0.00005035,-0.00002428
,-0.00001424,-0.00000386,-0.00001380,0.00000579,-0.00000467,-0.00000889,-0.00001
129,0.00000434,-0.00527868,0.00301372,0.00282481,-0.03731978,0.01392047,-0.02845
813,0.01192926,0.01622341,-0.00970313,-0.00322853,-0.02099768,0.01328307,-0.0329
3525,0.00420045,-0.06686710,0.16984743,-0.17914382,0.32257887,-0.01093582,0.0034
3508,-0.00027343,-0.00193092,-0.00122731,0.00009788,-0.00313236,-0.00056707,-0.0
0126711,0.00048317,0.00104205,0.00015152,0.00067613,-0.00097845,-0.00041261,0.00
105053,-0.00012170,-0.00033815,0.00022341,0.00037709,-0.00046600,0.00092145,-0.0
0026361,-0.00175006,0.00073942,0.00045174,0.00023184,0.00060668,0.00130177,0.001
06495,0.00206441,0.00011381,0.00128836,0.00167147,-0.00273519,-0.00251561,-0.000
85727,-0.00044430,0.00237712,0.00126397,-0.00022791,-0.00022687,-0.00008146,-0.0
0063172,-0.00131469,-0.00047584,-0.00054923,0.00072597,0.00076280,0.00005362,0.0
0100641,-0.00304682,0.00072117,-0.00064263,0.00231461,0.00213998,0.00114072,0.00
023544,-0.00071571,0.00033123,0.00101417,0.00023730,0.00089374,-0.00793588,0.002
67294,0.00316073,-0.00742174,0.00191291,0.00535275,0.00088719,-0.00246717,-0.001
01657,0.00055105,0.00034094,-0.00010535,0.00294354,0.00032665,-0.00248577,-0.000
40186,-0.00053560,0.00006757,-0.00120164,0.00351607,-0.00007911,0.00000195,0.000
25085,-0.00000064,0.00069567,0.00058191,0.00022778,0.00013337,0.00006498,0.00014
087,-0.00436307,0.00193293,0.00139002,0.00085812,0.00029235,0.00017206,0.0001668
5,0.00025669,0.00029217,0.00015976,0.00008365,-0.00002746,0.00014303,0.00002927,
0.00003495,-0.00003353,0.00016587,0.00008805,0.00000987,0.00006485,0.00000756,0.
00007188,0.00003771,0.00004866,0.00000487,0.00000350,-0.00002958,0.00013692,0.00
005565,-0.00010895,-0.00168176,0.00537700,-0.00494269,-0.22493276,0.03455913,-0.
14246764,-0.05296672,-0.03834540,-0.00773242,-0.01241660,0.01982075,-0.01796596,
0.02471718,-0.01129320,0.01920492,-0.08263595,-0.02496572,-0.00371772,0.56038839
,0.00296299,-0.00350031,-0.00426374,0.00025893,0.00001736,0.00005650,-0.00171354
,-0.00279987,-0.00039612,0.00022141,0.00033088,-0.00003329,0.00023249,-0.0000808
5,0.00001369,0.00012635,-0.00006452,0.00017780,-0.00008581,0.00005515,-0.0000723
5,-0.00045878,-0.00110783,0.00027187,-0.00022389,0.00002026,0.00020691,0.0005738
7,-0.00024534,0.00056985,0.00031135,-0.00021186,-0.00015274,-0.00084569,-0.00080
525,-0.00122464,-0.00038618,-0.00019096,0.00014852,0.00035104,0.00038834,0.00135
706,-0.00032112,0.00064176,-0.00078888,0.00010143,0.00003753,0.00012306,0.000099
89,-0.00004941,-0.00008252,-0.00041471,0.00018252,-0.00001687,-0.00044767,0.0012
6691,0.00098905,0.00010203,0.00112021,-0.00153697,-0.00010225,0.00001330,0.00007
005,0.00336669,0.00094409,-0.00174922,0.00739351,-0.00456564,-0.00158508,0.00021
788,-0.00003112,-0.00031189,0.00017752,0.00047716,0.00094925,0.00070607,-0.00032
067,-0.00106781,-0.00022756,-0.00004049,0.00042721,0.00054945,-0.00636932,0.0003
8644,-0.00002225,0.00045368,-0.00003631,0.00009841,0.00008312,0.00006063,-0.0000
0011,0.00005291,0.00004654,0.00418821,-0.00124235,-0.00166338,-0.00011565,-0.000
02083,-0.00006130,-0.00008029,0.00006373,0.00004510,0.00004841,-0.00000080,-0.00
002633,0.00000895,0.00000934,-0.00000002,-0.00001848,0.00002530,0.00004964,-0.00
006595,0.00006593,-0.00006200,-0.00000525,0.00000873,0.00002131,0.00002449,0.000
00636,-0.00001271,-0.00000370,0.00004127,-0.00001584,0.01765660,-0.00456285,0.01
458613,-0.01560526,-0.08538141,0.02403488,0.00237082,0.03514968,-0.02117784,0.02
377271,-0.02153399,0.02368366,-0.05292599,-0.04788399,0.00112248,0.02583423,-0.2
4543381,0.13312637,0.09988340,0.50242656,-0.00042428,-0.00258048,-0.01294979,-0.
00144906,-0.00108929,-0.00061850,-0.00103607,0.00004538,-0.00015982,0.00016075,0
.00033843,-0.00001194,0.00024022,-0.00031901,-0.00008598,0.00036546,0.00000289,-
0.00007022,0.00013821,0.00014830,0.00008797,0.00024593,0.00029562,-0.00082462,0.
00058486,0.00062146,0.00041685,0.00041204,0.00007672,0.00132882,0.00039813,-0.00
008108,0.00065670,-0.00538632,-0.00205371,-0.00915986,0.00069488,-0.00032795,-0.
00025300,-0.00024535,0.00018161,0.00147415,-0.00242446,-0.00262201,-0.00520286,-
0.00036180,-0.00021043,0.00015910,0.00020898,0.00002574,0.00030095,-0.00042914,0
.00024218,0.00002586,-0.00064335,-0.00051021,-0.00127819,-0.00046509,-0.00116662
,-0.00018590,0.00088579,0.00033220,0.00080585,0.00813292,0.00173685,-0.00014639,
0.00414375,-0.00254998,0.00143495,0.00004505,-0.00081071,-0.00058158,0.00006900,
0.00133990,0.00157933,0.00098027,-0.00046097,-0.00227531,0.00115413,0.00027275,-
0.00037618,-0.00003368,-0.00006900,0.00117824,0.00019908,-0.00001315,0.00017653,
0.00020354,0.00010587,-0.00005911,0.00009316,0.00005509,0.00002216,0.00093869,-0
.00051521,0.00033633,0.00026688,0.00006135,-0.00005556,0.00005280,0.00005237,0.0
0011145,0.00004266,0.00004758,-0.00001996,0.00002458,-0.00000377,0.00000209,-0.0
0000695,0.00007807,0.00005293,-0.00001262,0.00003529,-0.00002666,0.00001105,-0.0
0000400,0.00000953,0.00001542,-0.00002587,0.00000369,0.00002228,-0.00001630,-0.0
0002555,-0.01620417,0.00805303,-0.01570795,-0.10667028,0.04780909,-0.15723915,-0
.03352189,-0.04423634,0.01066159,-0.01913518,0.02265064,-0.03111287,0.04710788,0
.02671704,0.01322543,-0.03774378,0.10774491,-0.12363950,0.19072458,-0.17204629,0
.36560298,0.00008679,-0.00009675,0.00017872,-0.00074070,-0.00339724,-0.00316848,
0.00014806,0.00003477,-0.00044111,-0.00002555,-0.00000302,0.00000465,0.00003348,
-0.00002795,0.00002870,0.00002805,-0.00001500,0.00003651,-0.00003480,-0.00002384
,-0.00002528,-0.00054223,-0.00010631,0.00003235,-0.00050075,0.00175885,0.0001564
8,-0.00001015,-0.00003912,0.00000506,-0.00014344,0.00017298,-0.00032796,-0.00004
264,0.00001432,-0.00001579,0.00009219,-0.00004986,-0.00000617,-0.00000273,0.0000
0166,0.00000999,-0.00004839,0.00000624,0.00004593,0.00001845,-0.00002674,0.00002
604,-0.00000238,0.00000139,0.00000718,0.00024795,-0.00004550,0.00000315,-0.00009
311,0.00007614,0.00010475,0.00531197,-0.00434117,-0.00879938,0.00117610,0.000299
05,0.00104803,-0.00014165,0.00021799,-0.00006285,0.00005962,0.00011138,0.0000732
5,0.00000390,-0.00004147,0.00002095,0.00006158,0.00000069,0.00000351,0.00003678,
-0.00012141,0.00001342,-0.00064861,0.00011160,-0.00037586,-0.00129346,-0.0020599
8,-0.00140457,-0.00022751,-0.00058766,0.00001175,0.00000911,0.00000700,0.0000016
6,0.00001572,0.00001040,0.00001663,0.00002354,0.00001988,-0.00001138,-0.00009345
,0.00000909,0.00000275,0.00000088,-0.00001460,-0.00001088,-0.00001176,0.00000354
,-0.00000373,0.00001566,0.00001351,0.00001504,0.00000338,0.00000170,0.00000877,0
.00000895,0.00000314,-0.00000225,0.00001528,0.00001057,0.00002033,-0.00000531,-0
.00002544,-0.00000949,-0.00001334,0.00000255,-0.00000980,-0.08342522,0.03300765,
0.07876911,0.00274837,-0.00302211,0.00083755,0.00034130,-0.00066267,0.00006059,-
0.00004203,0.00006082,-0.00020293,0.00022267,0.00014808,0.00004178,-0.00036628,-
0.00025279,0.00021781,-0.00071501,0.00083908,-0.00100626,0.09842056,-0.00003791,
0.00003807,-0.00002229,-0.00113714,-0.00147391,-0.00516217,0.00014776,-0.0001508
8,-0.00038527,0.00002274,0.00000080,0.00001109,-0.00001180,-0.00000145,0.0000033
0,0.00000295,-0.00000863,-0.00000659,-0.00003505,-0.00000687,-0.00001901,-0.0004
0214,-0.00015363,0.00007199,0.00154782,0.00149411,0.00186938,0.00002296,0.000000
84,-0.00000293,-0.00029687,0.00038776,-0.00063753,0.00000597,-0.00005390,0.00001
763,0.00000032,-0.00002204,0.00000970,-0.00001197,-0.00005337,0.00002274,0.00000
660,-0.00003342,-0.00002719,-0.00000683,0.00001130,-0.00000974,0.00000291,-0.000
00582,0.00000663,0.00038484,-0.00009755,0.00003694,-0.00016783,0.00008600,0.0001
5592,0.00424878,-0.01302829,-0.02185170,0.00115916,0.00029532,0.00091714,-0.0000
2292,-0.00014630,-0.00003621,0.00007313,0.00000403,-0.00005287,-0.00000874,-0.00
003964,0.00005740,-0.00003203,-0.00000335,-0.00003501,-0.00002472,0.00002946,0.0
0001600,-0.00001080,0.00043113,-0.00004431,-0.00105493,-0.00400154,-0.00164175,-
0.00044633,-0.00183281,-0.00002235,-0.00000505,-0.00000043,-0.00000440,0.0000058
6,0.00000330,-0.00000115,0.00001438,-0.00007961,0.00008738,-0.00015705,-0.000023
04,-0.00002215,0.00000092,0.00002914,0.00001379,0.00000492,0.00001618,-0.0000309
5,-0.00000527,-0.00000144,0.00000486,0.00001042,-0.00000037,0.00002714,0.0000203
6,0.00000913,-0.00000972,-0.00000252,-0.00001117,0.00001769,-0.00000394,-0.00001
653,-0.00001186,-0.00000898,0.00000894,-0.00000185,0.03277753,-0.05830107,-0.059
16696,-0.00743758,0.00315754,0.02010681,0.00012625,-0.00086723,0.00101251,0.0003
5034,-0.00060134,-0.00068906,0.00016548,0.00000554,0.00011257,0.00047844,-0.0008
8258,-0.00067690,-0.00081358,-0.00029712,0.00057617,-0.03461105,0.07683497,0.000
44083,-0.00014424,0.00012415,0.00116579,0.00037973,-0.00011508,-0.00027167,-0.00
041654,-0.00024558,0.00005438,0.00000545,0.00004098,0.00005216,-0.00003797,0.000
01123,0.00006404,-0.00001706,0.00002756,0.00000681,-0.00000984,-0.00001076,0.000
01337,-0.00013250,-0.00045271,0.00007979,0.00038268,0.00044658,0.00010004,-0.000
05578,0.00004092,-0.00008467,0.00020294,0.00004142,-0.00009199,0.00010435,0.0000
8263,-0.00004078,-0.00004010,0.00003115,0.00008185,0.00004066,0.00007717,-0.0000
2532,-0.00000644,0.00004870,-0.00000083,-0.00001837,0.00004399,0.00001356,0.0000
0352,0.00003501,0.00015634,-0.00002146,0.00004380,-0.00018276,0.00015013,0.00009
825,0.00062168,-0.01049210,-0.00880215,-0.00046114,-0.00019302,-0.00073084,-0.00
001652,0.00012954,-0.00020346,0.00003005,0.00004327,0.00001421,-0.00001346,-0.00
006127,-0.00001949,0.00012135,0.00001695,0.00007270,-0.00003039,-0.00008677,-0.0
0000228,-0.00084192,-0.00008013,0.00020546,-0.00017168,-0.00189791,-0.00118339,0
.00001930,-0.00065721,-0.00053224,0.00000188,0.00001738,0.00001374,0.00000735,0.
00001013,-0.00000134,-0.00001323,0.00016368,-0.00009979,0.00000439,0.00000890,-0
.00002201,0.00002592,0.00003903,0.00003889,0.00001360,0.00000457,-0.00001314,-0.
00000113,0.00000594,0.00000626,0.00001084,0.00000808,0.00002993,-0.00001288,0.00
004292,-0.00002387,-0.00000123,-0.00000207,0.00000700,0.00000752,0.00000517,-0.0
0000730,-0.00000860,0.00001090,0.00000271,0.08247054,-0.06189021,-0.19359193,0.0
0936366,0.00202333,-0.02585005,-0.00077471,-0.00021932,-0.00053267,-0.00053454,0
.00091279,0.00054873,0.00000392,-0.00018880,0.00009237,-0.00058188,0.00092120,0.
00073407,0.00125402,0.00008771,0.00015371,-0.09264473,0.07116359,0.22662634,0.00
005671,0.00001961,0.00026789,-0.00029789,-0.00188762,-0.00148313,-0.00002222,0.0
0007719,0.00019819,0.00004877,-0.00001551,0.00005032,0.00000777,-0.00001103,-0.0
0002494,0.00000305,-0.00000613,-0.00002495,0.00005651,0.00002526,-0.00001366,-0.
00166035,-0.00020177,0.00002187,0.00046476,0.00016878,0.00032096,0.00002670,0.00
003741,0.00004322,0.00021768,-0.00003374,-0.00004487,-0.00002874,0.00003855,-0.0
0001656,0.00001043,0.00004406,-0.00000283,0.00000624,-0.00001736,-0.00001746,-0.
00002465,0.00001851,-0.00001140,-0.00000721,-0.00000566,-0.00000132,0.00000579,-
0.00000160,0.00003039,-0.00014089,0.00008357,0.00005173,0.00010896,-0.00008340,-
0.00009006,-0.01508519,-0.00308606,-0.00293818,-0.00110867,-0.00035508,-0.000095
98,-0.00002653,-0.00003778,-0.00013332,-0.00002869,-0.00010419,-0.00004961,0.000
07086,-0.00003863,0.00001546,0.00008032,-0.00006570,0.00001252,0.00007802,0.0000
8155,-0.00004260,0.00010056,0.00000092,-0.00006094,-0.00059890,-0.00075235,-0.00
030398,0.00160057,0.00021909,-0.00018425,0.00003211,0.00000863,0.00001931,-0.000
01851,-0.00002483,-0.00002102,-0.00000531,-0.00005595,-0.00000751,-0.00006027,-0
.00005944,-0.00001767,0.00000174,0.00004913,0.00005146,0.00002835,0.00001138,-0.
00001123,-0.00002225,-0.00001565,-0.00001312,-0.00000013,0.00001601,0.00001228,-
0.00002360,0.00003404,-0.00002075,-0.00002863,-0.00002725,-0.00002511,0.00000968
,0.00003100,-0.00000807,0.00002555,0.00000563,0.00000024,-0.25744062,0.04250238,
-0.04452332,-0.00554754,0.00400900,-0.00467974,0.00059124,-0.00236505,0.00165391
,-0.00001412,-0.00002311,-0.00052280,0.00044524,-0.00004963,0.00019715,-0.000291
71,-0.00063580,-0.00012075,-0.00014276,0.00119905,-0.00072514,-0.01996534,0.0056
7451,0.00040167,0.29659702,0.00003379,0.00016414,-0.00017483,-0.00021189,-0.0021
3150,-0.00192118,-0.00007448,-0.00012047,-0.00010549,0.00000972,0.00000080,0.000
00523,-0.00001641,0.00001452,-0.00000426,0.00000829,-0.00000351,0.00001416,0.000
02471,-0.00001675,0.00000046,-0.00058173,-0.00017462,0.00010946,0.00005324,0.000
38634,0.00030133,0.00000918,-0.00002903,-0.00001121,0.00009528,0.00013978,0.0000
1313,-0.00004532,0.00000441,0.00007359,-0.00002712,0.00000414,0.00002619,-0.0000
0078,0.00000846,0.00002522,0.00002453,-0.00003209,-0.00002831,-0.00001027,0.0000
2273,-0.00001483,-0.00000043,-0.00000162,-0.00000880,0.00010022,-0.00005935,0.00
005116,-0.00005731,0.00002168,0.00003703,-0.02420182,-0.00338954,-0.00473896,-0.
00183049,-0.00042106,0.00003088,0.00000186,-0.00000035,0.00000892,0.00003434,-0.
00000981,-0.00002185,-0.00003113,0.00001116,-0.00001854,-0.00000368,0.00001370,0
.00000986,-0.00002075,-0.00003762,0.00003117,-0.00012955,-0.00008210,0.00002550,
-0.00128749,-0.00114671,-0.00057869,-0.00242399,0.00002634,-0.00114489,-0.000001
14,-0.00000636,-0.00000112,0.00000697,0.00000840,-0.00000065,-0.00001701,0.00008
554,0.00002334,-0.00007560,0.00000372,0.00000896,0.00000419,-0.00001468,-0.00001
229,-0.00001960,-0.00000974,0.00000770,-0.00000479,0.00000865,0.00000861,0.00000
613,0.00000029,0.00000453,0.00002208,0.00001630,0.00002588,-0.00000039,0.0000043
0,-0.00000783,0.00001931,0.00002153,-0.00000697,0.00000377,-0.00000268,0.0000005
9,0.04247797,-0.04813193,0.00931120,0.01902918,-0.00601502,0.00662212,0.00194249
,-0.00003204,0.00151706,0.00007969,0.00006486,-0.00003181,-0.00019534,-0.0000331
2,-0.00014055,0.00048811,0.00048625,0.00081546,0.00051182,-0.00297622,0.00263973
,0.01229194,-0.00104285,0.00032767,-0.04478917,0.06617215,0.00013774,-0.00008388
,0.00011227,0.00087342,-0.00028519,-0.00064681,-0.00004613,-0.00003751,-0.000037
47,0.00002209,-0.00000788,0.00001637,0.00002233,-0.00000821,0.00000737,0.0000063
1,-0.00000587,0.00000363,0.00001327,-0.00000668,-0.00000005,-0.00186905,-0.00027
977,-0.00026719,-0.00016181,0.00020507,0.00017931,0.00001551,0.00000381,0.000009
93,0.00036131,0.00000650,0.00002788,-0.00002251,0.00003242,-0.00001911,-0.000002
54,0.00001742,-0.00000443,0.00002770,-0.00000154,0.00000582,-0.00002440,0.000027
09,0.00001691,0.00000746,-0.00001508,0.00001499,0.00001035,-0.00000208,0.0000092
1,-0.00015781,0.00006906,0.00004866,0.00005385,-0.00001246,-0.00004269,-0.009574
40,-0.00020030,-0.00007248,-0.00077007,-0.00015656,-0.00013110,-0.00000560,0.000
05655,-0.00003660,-0.00000613,0.00000940,-0.00000307,0.00001570,-0.00001358,0.00
000929,0.00002601,-0.00000264,0.00002543,0.00001030,-0.00002529,0.00002935,-0.00
017770,-0.00002279,-0.00007512,-0.00004844,-0.00094460,-0.00106222,0.00043009,0.
00068312,0.00078113,0.00000911,-0.00000140,0.00000079,0.00000204,-0.00000360,-0.
00000254,0.00003603,-0.00001744,-0.00003255,-0.00001087,-0.00002135,0.00000409,0
.00000799,0.00001494,0.00001936,0.00000585,-0.00000289,0.00000436,-0.00000263,0.
00000146,0.,-0.00000164,0.00000649,0.00000658,-0.00001066,0.00001646,-0.00000617
,-0.00000383,-0.00000318,-0.00000542,0.00000455,0.00000943,-0.00000689,0.0000068
0,0.00000066,-0.00000344,-0.04460226,0.00766093,-0.04937120,-0.02224470,0.009503
68,-0.00887997,-0.00105309,-0.00080147,-0.00002975,-0.00000589,-0.00040995,-0.00
019261,-0.00012532,-0.00017047,0.00006517,-0.00051743,0.00029548,-0.00126647,-0.
00025071,0.00370439,-0.00163831,0.02659091,-0.00647121,0.00331114,0.05132591,-0.
01309931,0.05841539,-0.00027715,-0.00003966,-0.00026226,-0.00019341,0.00000895,-
0.00030111,-0.00002966,0.00021619,-0.00007280,0.00001204,0.00001000,0.00002080,0
.00002985,-0.00001987,0.00000250,0.00000256,-0.00001429,-0.00002833,0.00001478,-
0.00000490,-0.00000666,-0.00070570,0.00011544,-0.00005421,0.00011046,0.00005893,
0.00024208,0.00001981,0.00003979,0.00006659,0.00021195,-0.00012394,0.00006844,-0
.00004529,-0.00003191,-0.00014477,0.00003738,-0.00003244,-0.00002558,0.00001118,
-0.00003222,-0.00001008,-0.00006180,0.00002997,0.00009139,0.00001658,-0.00002089
,0.00003006,-0.00000772,0.00000404,0.00002845,-0.00014980,0.00011972,0.00003087,
0.00014748,-0.00017167,-0.00018858,0.00017828,0.00034110,-0.00020427,0.00025984,
0.00003797,0.00019028,-0.00016620,0.00020253,0.00008356,0.00005372,0.00009195,0.
00031313,-0.00002224,-0.00007669,-0.00002850,0.00002228,0.00003729,0.00007183,0.
00004414,0.00003246,-0.00001818,0.00001636,0.00002120,-0.00009928,0.00016125,-0.
00008466,-0.00001297,0.00008668,0.00000483,0.00004598,0.00001948,0.00001002,0.00
001199,-0.00001065,-0.00002605,-0.00001124,0.00002505,-0.00008670,-0.00005368,0.
00001223,-0.00003442,-0.00001335,0.00000063,0.00001539,0.00001936,0.00003024,0.0
0001056,-0.00000942,-0.00002636,-0.00001500,-0.00001123,0.00000079,0.00001551,0.
00001251,-0.00001455,0.00000944,-0.00001795,-0.00001772,-0.00002185,-0.00001746,
-0.00000192,0.00000013,-0.00000105,0.00001134,0.00000540,-0.00000525,0.00003033,
0.00190191,0.00017689,-0.02063447,0.00223285,-0.01478450,-0.20199996,0.02672948,
-0.12018239,-0.00313794,0.00196304,-0.00362326,0.00298737,-0.00105434,-0.0025631
6,0.00019862,-0.00064062,0.00089460,-0.00350422,-0.00540384,-0.00255979,-0.00023
091,-0.00014271,0.00021215,0.00051408,-0.00124459,0.00044026,0.22513471,-0.00030
644,0.00014114,-0.00009033,-0.00010221,0.00001182,-0.00000531,-0.00000918,0.0000
5945,-0.00000025,-0.00001108,-0.00000686,-0.00000444,-0.00001928,0.00000580,-0.0
0000083,-0.00000785,-0.00000072,0.00000056,0.00000781,0.00000703,0.00000348,-0.0
0016718,0.00005082,-0.00005293,0.00005536,0.00000832,-0.00002683,0.00000586,-0.0
0000262,-0.00000262,0.00007076,0.00000532,0.00009459,0.00003301,-0.00005111,-0.0
0011226,0.00003441,-0.00001424,0.00001364,-0.00001669,-0.00000984,-0.00005077,0.
00000034,-0.00002779,0.00003840,-0.00001663,-0.00000335,-0.00001638,-0.00000871,
-0.00000423,-0.00000011,-0.00001384,0.00000985,0.00002984,0.00005976,0.00004299,
-0.00000040,0.00006765,0.00000335,0.00005580,0.00008598,0.00003228,0.00002501,-0
.00006856,0.00006493,0.00016720,-0.00007638,-0.00004111,0.00001715,0.00004712,0.
00002293,0.00002609,-0.00003688,-0.00001371,0.00000265,0.00005790,-0.00001285,0.
00002743,0.00000871,0.00002465,-0.00004885,0.00009305,-0.00001165,0.00002206,0.0
0002480,-0.00000768,0.00001598,0.00000558,-0.00000631,-0.00000194,0.00000344,-0.
00000241,0.00000204,-0.00000158,-0.00004315,0.00002608,0.00003041,0.00001828,-0.
00000095,-0.00000167,-0.00001650,-0.00001510,-0.00000845,-0.00000244,0.00000808,
-0.00000090,0.00000143,0.00000382,0.00000112,0.00000317,-0.00000160,-0.00000129,
-0.00000336,-0.00000080,0.00000395,0.00000164,-0.00000211,-0.00000111,0.00000182
,-0.00000142,0.00000380,-0.00000091,-0.00000086,-0.00109277,-0.00020559,-0.00202
664,-0.01518276,0.00185331,-0.00921281,0.02716006,-0.04544495,0.02463365,0.01971
700,-0.00583585,0.01656439,-0.00203954,-0.00151696,0.00602664,0.00010904,-0.0000
0314,-0.00024808,-0.00493936,-0.00066060,0.00262564,-0.00002333,0.00018087,-0.00
018414,-0.00004765,-0.00126830,0.00041417,-0.02615991,0.05367299,0.00002403,0.00
001759,0.00020585,-0.00003440,0.00002049,-0.00004810,0.00000739,0.00009331,-0.00
002554,0.00000767,0.00000344,0.00001209,0.00002756,-0.00001062,-0.00000709,-0.00
000326,-0.00001049,-0.00001833,0.00000084,-0.00000441,-0.00000330,-0.00060882,0.
00002699,-0.00003741,0.00004033,-0.00000780,0.00004857,-0.00002518,0.00007036,0.
00000613,0.00019462,-0.00007100,0.00000956,0.00006111,0.00003531,-0.00007275,-0.
00001912,-0.00001064,-0.00002449,0.00003431,-0.00004387,-0.00003929,-0.00001499,
0.00008387,0.00006493,0.00002999,-0.00003363,0.00002876,0.00000383,-0.00000334,0
.00001541,-0.00015823,0.00009163,0.00001612,0.00003995,0.00001018,0.00001178,0.0
0001796,-0.00002227,0.00000612,0.00005499,-0.00001717,0.00004180,-0.00004314,0.0
0002318,0.00007075,-0.00009219,-0.00004858,-0.00007120,0.00003935,0.00001557,0.0
0004432,0.00003268,-0.00003642,0.00000400,0.00001172,-0.00000346,-0.00000937,-0.
00000635,0.00000318,-0.00001302,0.00016973,0.00001105,-0.00007002,-0.00000048,-0
.00003606,0.00000266,0.00000974,0.00001067,0.00000762,-0.00000741,-0.00001336,-0
.00000459,0.00006254,-0.00002028,-0.00008745,0.00000221,-0.00002243,-0.00000024,
-0.00000027,0.00001224,0.00001244,0.00001469,0.00000479,-0.00000239,-0.00000968,
-0.00000645,-0.00000638,-0.00000253,0.00000544,0.00000347,-0.00000710,0.00000280
,-0.00000408,-0.00000761,-0.00000833,-0.00000786,-0.00000031,-0.00000021,0.00000
180,0.00000660,0.00000204,-0.00000348,0.00194147,-0.00005308,-0.00073677,-0.0044
6848,-0.00074732,-0.00078990,-0.12024622,0.02665869,-0.12591368,-0.01557145,0.00
422738,-0.01200909,-0.00249293,0.00632071,0.00256942,0.00093049,0.00049609,-0.00
027613,-0.00211203,0.00156172,0.00468087,0.00008616,0.00011755,-0.00026085,0.000
54739,0.00016051,0.00043611,0.14037822,-0.03699323,0.13508605,-0.00006836,-0.000
15420,0.00011578,0.00008323,0.00003451,-0.00017006,0.00006342,0.00012720,-0.0000
1651,0.00000593,-0.00000304,0.00002768,0.00005699,-0.00002710,0.00000225,-0.0000
0651,-0.00000704,-0.00002366,0.00000948,-0.00000937,-0.00000658,-0.00028468,0.00
013184,0.00007037,-0.00002448,-0.00002537,0.00013797,-0.00001291,0.00005255,0.00
003005,0.00009690,-0.00008827,-0.00006814,-0.00000771,-0.00004729,-0.00011159,-0
.00009993,-0.00013993,-0.00016446,0.00007226,-0.00001255,-0.00007879,-0.00006884
,0.00008290,0.00008971,0.00002843,-0.00006041,0.00006610,0.00000010,0.00000735,0
.00002336,-0.00008200,0.00007685,0.00002160,0.00005255,-0.00002678,-0.00004889,-
0.00007505,0.00004909,0.00004740,-0.00002264,-0.00004831,0.00006688,-0.00005916,
0.00003576,-0.00001617,-0.00007528,0.00002317,0.00006254,-0.00002479,-0.00001479
,0.00006173,0.00004024,-0.00000899,0.00002373,-0.00004496,0.00002882,0.00003581,
0.00001361,0.00001393,-0.00004221,0.00008541,-0.00006577,-0.00001933,0.00001752,
-0.00001140,0.00000195,0.00000998,0.00000939,0.00000966,-0.00001284,-0.00002291,
-0.00001143,0.00007278,-0.00009843,-0.00012800,-0.00004215,-0.00004396,-0.000009
14,-0.00000075,0.00001684,0.00001525,0.00002660,0.00000416,-0.00000615,-0.000026
35,-0.00001387,-0.00001226,0.00000036,0.00001059,0.00000959,-0.00000459,0.000007
06,-0.00000332,-0.00001837,-0.00001878,-0.00001506,0.00000285,0.00000335,0.00000
198,0.00000865,0.00000703,-0.00000262,-0.00013176,0.00004287,-0.00006402,0.00283
544,-0.00140134,-0.00212830,-0.00096065,-0.00228253,0.00058099,-0.19381298,-0.12
667227,-0.00137482,-0.02138207,-0.01640379,-0.00127316,-0.00336088,0.00018460,-0
.00559558,0.00018484,0.00070572,-0.00003690,-0.00000551,-0.00000756,-0.00003357,
0.00003166,-0.00002817,0.00001498,0.00048491,0.00146373,0.00087373,0.21649837,0.
00019194,0.00007244,-0.00010242,0.00028309,0.00008400,-0.00012125,0.00010284,0.0
0009288,0.00004692,0.00001973,0.00001447,0.00002049,-0.00000394,-0.00000094,-0.0
0001371,0.00000159,-0.00001165,-0.00001637,0.00001662,-0.00000074,-0.00000348,-0
.00027922,0.00014726,0.00022629,-0.00009501,-0.00006042,0.00007530,0.00003599,0.
00001393,-0.00001086,0.00005238,-0.00006162,-0.00015343,-0.00001691,0.00002635,-
0.00001491,-0.00000513,-0.00003105,-0.00002670,-0.00001576,-0.00002837,0.0000438
4,-0.00000560,-0.00000769,0.00007740,-0.00000128,0.00000418,0.00000198,-0.000011
61,0.00000401,0.00001096,-0.00002768,0.00003997,0.00005385,-0.00001168,-0.000047
37,-0.00003266,-0.00004540,-0.00011280,0.00034487,-0.00014406,-0.00006095,-0.000
01771,0.00002326,0.00003795,0.00004662,0.00000662,0.00001966,0.00008792,-0.00003
855,0.00000357,0.00002182,0.00001470,0.00000550,0.00002524,0.00001204,0.00002022
,-0.00005180,0.00005297,0.00000997,-0.00003456,0.00015301,-0.00004826,-0.0000887
1,-0.00002726,-0.00007212,-0.00002166,0.00000534,0.00000945,0.00000928,-0.000010
77,-0.00001420,-0.00001467,0.00000621,-0.00006305,-0.00000247,-0.00004543,-0.000
02855,-0.00000938,-0.00000008,0.00000589,0.00001284,0.00001575,0.00000424,-0.000
00716,-0.00002152,-0.00001192,-0.00000885,0.00000503,0.00000585,0.00000635,-0.00
000038,0.00000741,-0.00000247,-0.00001546,-0.00001613,-0.00001299,0.00000502,0.0
0000554,0.00000067,0.00000578,0.00000207,-0.00000021,-0.00107261,-0.00099298,-0.
00013195,-0.00117981,-0.00115088,0.00648866,-0.02024478,-0.01858793,0.00189094,-
0.12663034,-0.14461942,0.00554530,0.00178749,0.00256046,-0.00009894,-0.00059359,
0.00278012,0.00310357,0.00048450,-0.00011942,-0.00006607,0.00006012,0.00003558,-
0.00005033,-0.00002287,0.00008794,-0.00010746,0.00039672,-0.00028905,-0.00174600
,0.14466877,0.16054532,-0.00000405,-0.00033512,-0.00005264,-0.00011049,-0.000004
41,0.00004472,-0.00003038,0.00000874,-0.00001262,-0.00000976,-0.00001163,0.00000
454,0.00003161,-0.00001844,0.00000510,-0.00000366,-0.00000088,0.00000282,-0.0000
1049,-0.00000642,0.00000545,-0.00015543,-0.00005785,-0.00002318,0.00004960,0.000
01300,-0.00001219,0.00000805,-0.00002124,-0.00001703,0.00004467,-0.00001017,0.00
001298,-0.00005729,0.00011078,0.00002904,0.00001316,-0.00003722,-0.00006825,0.00
000487,0.00001719,0.00004400,-0.00001009,0.00005772,0.00003227,0.00002542,-0.000
03528,0.00002748,0.00000478,0.00000227,-0.00000147,-0.00004869,0.00002663,-0.000
01336,-0.00002373,-0.00005550,-0.00000003,0.00011423,0.00017816,-0.00012628,0.00
006239,0.00000272,0.00001059,0.00012863,0.00006334,-0.00002852,-0.00001172,0.000
03080,0.00007374,0.00000435,0.00005725,0.00005352,0.00000551,0.00001300,0.000020
42,-0.00001719,-0.00002622,-0.00005122,-0.00001825,-0.00000162,0.00001976,0.0000
5062,-0.00001596,-0.00008182,0.00001193,-0.00000339,0.00001997,0.00000315,-0.000
00122,-0.00000167,0.00000158,-0.00000320,0.00000381,-0.00000446,0.00001331,-0.00
005894,0.00000806,-0.00000017,-0.00000120,-0.00000090,0.00000117,-0.00000369,-0.
00000064,-0.00000205,0.00000629,0.00000245,0.00000326,0.00000010,-0.00000418,0.0
0000336,0.00000164,-0.00000361,0.00000088,0.00000131,0.00000182,0.00000246,0.000
00016,-0.00000150,-0.00000243,-0.00000034,0.00000085,0.00000048,-0.00000261,0.00
055542,0.00048528,-0.00007749,-0.00303206,0.00591070,0.00258812,0.01292063,0.012
49088,-0.00050936,-0.00128939,0.00531166,-0.03835371,-0.01331365,-0.01003404,0.0
0030422,-0.00553442,0.00321308,0.00288435,0.00007066,-0.00008567,-0.00049148,-0.
00001485,0.00002940,0.00002313,0.00007262,-0.00006978,0.00005824,0.00170023,-0.0
0106680,-0.00122925,0.00706201,-0.01360533,0.03696808,0.00015282,0.00049199,-0.0
0010197,-0.00005320,0.00001690,-0.00008558,0.00003163,0.00011064,-0.00001286,-0.
00000643,0.00000165,-0.00000755,-0.00006361,-0.00003108,-0.00000880,0.00001205,0
.00001106,-0.00000924,0.00000934,0.00002616,0.00000609,-0.00019481,0.00000616,0.
00003711,0.00001329,0.00001749,0.00004002,0.00005340,0.00005031,-0.00001268,0.00
001182,-0.00002300,-0.00000674,0.00011658,-0.00003184,-0.00007353,0.00005181,-0.
00012897,0.00008842,-0.00000317,0.00005889,0.00002440,-0.00003370,-0.00001929,0.
00005165,-0.00010336,-0.00005396,-0.00007731,-0.00000687,0.00000054,0.00002328,0
.00002103,0.00001910,0.00001804,0.00004527,0.00009932,0.00001197,0.00002121,0.00
010042,-0.00007944,0.00005332,0.00001175,0.00003357,-0.00010356,0.00009482,0.000
01451,-0.00003444,-0.00013219,0.00009257,0.00003687,-0.00006634,0.00004160,0.000
00419,0.00001111,-0.00002724,0.00009551,0.00003833,0.00003367,-0.00001109,0.0000
2572,-0.00007517,0.00004648,-0.00011780,-0.00001408,0.00002078,0.00000494,0.0000
0257,0.00000850,0.00000339,-0.00000228,0.00000277,-0.00000440,-0.00000247,0.0000
6772,-0.00011358,0.00000203,-0.00000031,0.00000681,-0.00001241,-0.00000139,-0.00
000313,-0.00001010,0.00000047,-0.00000497,0.00000498,-0.00000938,-0.00000054,-0.
00000146,0.00000162,0.00000695,0.00000326,-0.00000516,0.00000701,-0.00000546,-0.
00000374,-0.00000396,-0.00000528,-0.00000104,0.00000371,-0.00000316,0.00000232,0
.00000128,0.00000110,-0.00022244,0.00042000,0.00056479,-0.00086065,-0.00024068,-
0.00029081,-0.00252710,-0.00035358,-0.00521713,-0.00202288,0.02041814,-0.0137836
2,-0.04397933,0.01093619,-0.01174446,0.00123644,-0.01903559,0.01221554,-0.001734
03,-0.00536029,-0.00189782,-0.00002715,-0.00011199,0.00011965,0.00000081,-0.0000
6141,-0.00001438,-0.00010562,0.00098341,-0.00102769,0.00034132,0.00128029,0.0006
4903,0.04917995,0.00046305,0.00061430,-0.00039538,0.00021467,0.00010460,-0.00016
833,0.00009140,0.00018061,0.00002933,0.00004740,0.00003530,0.00003025,-0.0000855
8,0.00000142,-0.00004675,0.00002467,-0.00000463,-0.00003310,0.00003840,0.0000277
3,-0.00001712,-0.00023466,0.00018184,0.00025264,-0.00007251,-0.00004128,0.000098
10,0.00011493,0.00006613,0.00003930,0.00000375,-0.00006943,-0.00018709,-0.000049
82,-0.00018721,-0.00010783,-0.00007851,-0.00019887,-0.00004298,-0.00000040,-0.00
003204,0.00006742,0.00001850,-0.00010405,0.00018566,-0.00019997,0.00001208,-0.00
010783,-0.00000962,0.00000837,0.00003942,-0.00000674,0.00003885,0.00007369,0.000
05949,0.00001502,-0.00010439,-0.00009518,-0.00000084,0.00010365,-0.00010728,-0.0
0005709,-0.00000804,-0.00007759,0.00008347,0.00006634,0.00010816,0.00007132,0.00
016947,-0.00005627,-0.00012000,0.00000290,0.00004653,0.00002386,0.00001895,0.000
10306,0.00008524,-0.00002596,0.00002339,0.00003989,-0.00010315,0.00009521,-0.000
15182,-0.00008539,-0.00000419,-0.00003692,-0.00001162,0.00001733,0.00002500,0.00
001237,-0.00001014,-0.00001247,-0.00001949,-0.00002679,-0.00018441,0.00016095,-0
.00005336,-0.00002957,-0.00001971,0.00000236,0.00000859,0.00001700,0.00002171,-0
.00000115,-0.00000434,-0.00003064,-0.00001253,-0.00001142,0.00000846,0.00001097,
0.00001373,-0.00001048,0.00002303,-0.00001218,-0.00001892,-0.00001902,-0.0000156
1,0.00000320,0.00001173,-0.00000547,0.00000722,0.00000379,0.00000092,0.00036026,
-0.00039092,-0.00066110,0.00015612,0.00059032,-0.00028243,0.00003634,0.00238068,
0.00329192,0.00121629,-0.00655146,0.00492774,0.01206547,-0.21853492,0.12084602,-
0.00152994,-0.02094603,0.01235513,-0.00589234,-0.00036269,0.00208507,0.00001811,
0.00013444,-0.00018563,0.00006942,0.00000742,0.00003563,-0.00008366,-0.00037492,
0.00036691,0.00021608,0.00019306,-0.00154921,-0.00862635,0.24402923,-0.00009784,
-0.00038586,-0.00012236,-0.00012020,-0.00004796,0.00007792,-0.00007819,-0.000073
08,0.00002075,-0.00003391,-0.00002384,-0.00002390,0.00003207,-0.00000603,0.00003
697,-0.00001803,0.00000786,0.00001654,-0.00002051,-0.00001234,0.00001846,-0.0000
3446,-0.00005349,-0.00007338,0.00006537,0.00004374,-0.00006167,-0.00004432,-0.00
002766,0.00001701,0.00002283,0.00003052,0.00005668,-0.00015615,-0.00000509,0.000
13951,0.00003197,0.00005494,-0.00001097,0.00000139,0.00004908,-0.00000922,0.0000
0991,0.00010426,-0.00000507,0.00000541,-0.00003558,0.00004302,0.00001084,-0.0000
0305,-0.00001935,-0.00003208,-0.00001150,-0.00003603,0.00003634,-0.00005543,-0.0
0006998,0.00003671,-0.00014625,0.00002977,0.00006019,0.00003103,-0.00001246,0.00
016145,-0.00001277,-0.00014421,0.00017757,0.00018153,-0.00006053,0.00004727,0.00
000925,-0.00002724,-0.00002473,0.00005363,-0.00001431,-0.00003754,-0.00003490,0.
00001380,-0.00002989,-0.00000598,0.00004338,0.00001257,0.00010083,0.00003212,-0.
00001832,-0.00003009,0.00000012,-0.00000203,-0.00001660,-0.00001443,0.00001114,0
.00000637,0.00001271,-0.00004980,0.00013374,-0.00005440,0.00004403,0.00002580,0.
00000623,-0.00000299,-0.00001012,-0.00001415,-0.00001787,-0.00000227,0.00000893,
0.00001790,0.00001084,0.00000701,-0.00000497,-0.00000052,-0.00000537,0.00000302,
-0.00000728,0.00000516,0.00001256,0.00001176,0.00000684,-0.00000195,-0.00000621,
-0.00000010,-0.00000284,-0.00000646,-0.00000182,0.00068794,-0.00073823,-0.000928
10,0.00037680,-0.00039510,0.00050023,-0.00556734,0.00272531,0.00313511,-0.003216
29,0.01570806,-0.01109714,-0.01036111,0.12061427,-0.11333392,-0.00006720,0.00132
128,-0.00049219,-0.00204559,0.00346657,0.00493827,-0.00001539,0.00015596,-0.0001
8695,0.00011976,-0.00008128,0.00012211,-0.00005135,0.00063985,-0.00044130,0.0012
5399,-0.00107607,-0.00107835,0.01868963,-0.14075444,0.12056579,0.00301972,0.0033
9692,-0.00077381,0.00054225,0.00020913,-0.00012730,-0.00024209,0.00229556,-0.000
36435,0.00049429,0.00076231,0.00045464,-0.00140192,0.00024458,-0.00026796,0.0006
7882,-0.00013193,-0.00026429,0.00019619,0.00029671,-0.00048865,-0.00018046,0.000
18709,0.00031883,-0.00017290,-0.00007964,-0.00005051,-0.00008865,0.00035490,0.00
068514,-0.00060289,0.00008989,-0.00014272,-0.00055263,-0.00294808,0.00005267,-0.
00359199,-0.00422487,-0.00486815,-0.00010950,-0.00015811,0.00081646,-0.00108418,
0.00147949,0.00133286,-0.00092035,-0.00102537,-0.00551695,0.00002740,0.00003001,
0.00070325,0.00073098,-0.00003270,0.00008151,-0.00040945,0.00176974,0.00045299,-
0.00015533,0.00005351,0.00002609,-0.00025581,0.00011910,-0.00024333,0.00024427,0
.00043476,-0.00171732,-0.00355281,-0.00275989,0.00599712,-0.00310062,-0.00124375
,0.00163588,0.00086934,-0.00093311,-0.00064752,-0.00008684,0.00026937,-0.0007835
5,-0.00000562,0.00021274,-0.00057364,-0.00011099,-0.00016234,-0.00010331,-0.0000
0967,-0.00003263,-0.00000544,0.00038804,0.00057132,0.00016348,0.00014115,0.00013
368,0.00001269,-0.00005092,-0.00074087,0.00102155,0.00006729,0.00041736,-0.00002
187,0.00003932,0.00003196,-0.00003488,-0.00000832,0.00001518,0.00001579,0.000025
22,0.00001550,0.00001759,-0.00000856,0.00006429,0.00004814,0.00009373,0.00002747
,0.00009648,0.00002039,0.00001001,0.00001848,0.00001712,0.00001685,-0.00001393,0
.00003846,0.00003818,-0.00002146,-0.00043396,-0.00011679,0.00001750,0.00123006,-
0.00026690,-0.00283044,0.00048075,-0.00021677,0.00037447,-0.00107681,-0.00418980
,-0.00146745,-0.01738071,0.00095067,-0.00984814,-0.24744792,0.03728640,-0.118272
02,-0.00670359,0.00254555,-0.00501960,0.00000805,-0.00000435,0.00002574,0.000030
07,-0.00001046,-0.00003490,-0.00008237,0.00032763,0.00059282,-0.00058427,0.00030
332,-0.00045259,0.00030826,0.00111446,0.00054702,0.28181622,0.00690820,0.0007249
3,-0.00204909,0.00072616,0.00025840,0.00001627,-0.00003635,0.00001501,0.00030978
,0.00048790,0.00048978,0.00023015,0.00111433,-0.00033512,-0.00022950,0.00038681,
0.00002607,-0.00016139,0.00028051,0.00012474,-0.00020961,0.00022127,0.00012706,0
.00065632,-0.00026131,-0.00011964,-0.00012078,0.00006528,0.00015702,0.00049683,-
0.00052520,0.00013319,-0.00040407,-0.00079809,-0.00673290,-0.00224375,-0.0037082
9,0.00043644,-0.00258655,-0.00050104,-0.00029674,0.00056927,0.00075044,-0.001071
03,-0.00027098,-0.00046765,0.00165105,0.00021099,0.00028306,0.00021913,0.0004257
3,0.00048779,-0.00028196,0.00017548,-0.00091628,0.00030629,0.00048404,-0.0001153
9,0.00013804,0.00017566,-0.00042447,0.00007712,-0.00049875,-0.00025025,-0.000489
31,-0.00064460,-0.00089934,-0.00011896,-0.00076915,-0.00005345,0.00056508,-0.000
18182,0.00050236,-0.00044889,-0.00040879,0.00041050,0.00009407,-0.00026342,0.000
12230,-0.00001124,-0.00036190,-0.00024867,-0.00004621,-0.00016688,-0.00005537,0.
00001403,-0.00005411,0.00024168,0.00026943,0.00005362,0.00011525,0.00012741,-0.0
0001163,0.00054252,0.00039001,-0.00182605,0.00016494,0.00024840,0.00006165,0.000
07150,0.00007038,0.00008034,0.00001714,0.00000556,0.00000598,0.00005535,0.000026
49,0.00001579,0.00002291,0.00003705,0.00003237,0.00002567,0.00009837,0.00001672,
0.00002454,0.00001534,0.00002547,0.00003168,0.00003458,-0.00002943,0.00001516,-0
.00000270,0.00000133,0.00091713,-0.00010589,0.00095590,-0.00107374,-0.00234668,0
.00539167,-0.00053375,-0.00077994,0.00003958,-0.00436150,0.00022447,0.00231612,-
0.01415025,0.00246715,-0.00799468,0.03088177,-0.04166665,0.01988940,0.02013745,-
0.00698634,0.01430114,0.00004729,-0.00004813,0.00002896,0.00010036,-0.00023282,0
.00021964,0.00035484,-0.00045994,-0.00051966,-0.00064879,0.00006113,-0.00046230,
0.00014342,0.00030842,-0.00153828,-0.03758956,0.05338544,-0.00063641,-0.00160623
,-0.00517597,0.00010908,0.00017777,0.00010340,0.00031699,0.00022299,0.00014044,-
0.00001753,0.00001158,-0.00003915,0.00005821,-0.00002309,0.00075681,-0.00009502,
-0.00007647,-0.00008492,-0.00015911,-0.00004587,0.00010884,-0.00016741,0.0000365
6,0.00026430,-0.00000727,-0.00009978,-0.00007599,-0.00038746,-0.00001090,0.00023
618,-0.00006874,0.00003399,-0.00019377,0.00010635,-0.00568448,-0.00158029,-0.005
01296,-0.00440329,-0.00427780,-0.00121638,-0.00055586,-0.00028441,0.00044339,-0.
00085065,0.00017621,-0.00495287,0.00003758,-0.00772297,-0.00021305,-0.00006531,0
.00010134,0.00007327,-0.00009521,0.00004919,0.00010454,0.00007530,-0.00044774,0.
00000178,0.00002124,0.00005139,-0.00006075,-0.00009271,-0.00010302,0.00032073,0.
00088834,-0.00055396,0.00258050,0.00035207,-0.00412707,0.00166035,0.00024625,0.0
0087200,0.00019687,0.00015416,-0.00013276,-0.00022679,0.00020325,0.00061064,0.00
004825,0.00010892,-0.00007651,0.00012266,-0.00017757,-0.00009025,0.00002831,-0.0
0003525,0.00000522,0.00006076,0.00002642,-0.00007963,0.00003313,0.00000579,-0.00
000485,0.00119019,-0.00071586,-0.00441873,-0.00004784,0.00005123,-0.00007267,-0.
00004922,-0.00002802,-0.00001507,-0.00003406,0.00001706,0.00000160,0.00000139,0.
00000130,0.00000067,0.00001330,0.00001987,-0.00001708,0.00000692,-0.00001619,-0.
00000503,0.00000610,-0.00000441,-0.00001085,-0.00001168,-0.00001765,-0.00000114,
-0.00000028,-0.00002954,-0.00000686,-0.00052767,0.00003061,-0.00040923,-0.002091
57,0.00602881,0.00273838,-0.00019317,-0.00073178,0.00023288,-0.00271358,0.003167
91,0.00492161,0.00002884,-0.00066160,0.00100246,-0.11524039,0.02167342,-0.090972
58,-0.01559051,0.00750939,-0.01210599,-0.00006592,0.00001446,-0.00001183,0.00005
255,0.00005822,-0.00015334,0.00071538,-0.00076254,-0.00095693,0.00012835,0.00008
055,-0.00000391,0.00132660,-0.00106406,-0.00132622,0.13914212,-0.02269267,0.1246
2550,-0.03481650,0.00157868,-0.01361052,0.00310803,0.00101637,-0.00085038,0.0027
9233,-0.00522202,-0.00019357,0.00111688,0.00131212,0.00084773,0.00095404,-0.0011
4575,-0.00068243,0.00130485,-0.00025222,-0.00051667,0.00041103,0.00026599,-0.000
74310,-0.00130915,0.00144596,0.00244922,-0.00111673,-0.00028751,0.00005903,0.000
78601,0.00041197,0.00079990,-0.00265759,-0.00008230,-0.00134288,-0.00203012,0.00
009181,-0.00376792,-0.00054923,-0.00080054,0.00144991,0.00049998,0.00060551,0.00
276856,-0.00149594,0.00029947,0.00266498,-0.00021998,-0.00032321,0.00144119,0.00
041153,0.00026060,0.00141147,0.00302315,-0.00021001,0.00080705,-0.00201715,0.000
26327,-0.00214002,-0.00096545,0.00034726,-0.00021474,-0.00154723,0.00029750,-0.0
0095146,-0.01272880,0.00408794,0.00754054,-0.00688230,0.00717487,0.00359806,0.00
103079,-0.00143891,-0.00113317,0.00133223,-0.00112627,-0.00149759,-0.00138716,0.
00096815,-0.00075970,-0.00024950,0.00032370,-0.00014914,0.00068312,-0.00045339,-
0.00053757,-0.00000724,-0.00015859,0.00002345,0.00055160,0.00098780,0.00033132,0
.00023882,0.00027106,-0.00001654,0.00043799,-0.00122639,-0.00119160,-0.00002177,
0.00067518,0.00010741,0.00013924,-0.00004323,-0.00007734,0.00006281,0.00000772,-
0.00006062,-0.00000753,0.00001220,-0.00001445,0.00004622,0.00009814,0.00006724,0
.00013001,0.00010827,0.00010810,-0.00001482,0.00000640,0.00008996,0.00004746,0.0
0001969,-0.00000895,-0.00007091,0.00012596,0.00003425,-0.00020322,0.00014041,0.0
0158738,-0.01047136,-0.00530603,-0.00337333,-0.00025282,-0.00148641,-0.00293354,
-0.00054824,0.00040665,-0.00050306,0.00199238,-0.00095615,-0.00139910,-0.0028930
4,-0.00578282,0.00145472,-0.17626422,-0.11226478,-0.02102865,0.00009676,-0.00017
736,0.00025354,0.00022901,-0.00023176,0.00002669,0.00011537,-0.00025360,0.000368
16,0.00008898,0.00053810,0.00044747,0.00007880,0.00052879,-0.00040616,-0.0009799
5,0.00126907,0.00080888,0.23993320,0.00486706,-0.00968279,0.00297334,0.00071251,
0.00031370,0.00072081,-0.00412212,-0.00609082,-0.00013617,-0.00012018,0.00000443
,-0.00014889,-0.00006421,0.00012032,0.00037006,-0.00025815,-0.00022814,-0.000024
38,-0.00027954,-0.00004612,0.00005211,0.00103899,-0.00067683,0.00052351,-0.00017
414,-0.00021054,-0.00036023,-0.00038324,0.00014093,-0.00013509,-0.00034874,-0.00
002209,-0.00004293,-0.00042890,0.00171536,-0.00362323,0.00108282,-0.00030219,0.0
0002482,-0.00043986,-0.00069521,-0.00049200,-0.00021759,0.00048965,0.00016486,0.
00031133,-0.00023674,-0.00009758,-0.00020207,-0.00029766,-0.00016963,0.00021989,
-0.00021376,-0.00049607,-0.00106004,-0.00138273,-0.00431368,0.00006325,-0.000139
33,0.00030141,-0.00038094,-0.00036725,-0.00002844,0.00057201,0.00383201,-0.00001
422,0.00426965,-0.00283169,0.00001808,0.00102164,0.00025324,0.00032955,-0.000163
39,-0.00059488,0.00040981,-0.00086977,0.00053584,0.00024554,-0.00025405,0.000842
13,0.00030639,0.00475645,-0.00701812,0.00065503,-0.00012741,-0.00007168,-0.00008
004,-0.00006792,0.00005209,-0.00002022,0.00001497,0.00004952,0.00000608,-0.00020
075,-0.00084460,-0.00018276,0.00007771,-0.00013278,0.00006460,-0.00012930,-0.000
17275,-0.00004885,-0.00006382,-0.00004777,0.00003298,0.00001671,0.00002042,-0.00
001479,-0.00001722,-0.00009155,-0.00011810,-0.00017854,-0.00006699,-0.00017015,0
.00003243,0.00002272,-0.00000116,-0.00004523,-0.00007336,0.00004976,-0.00006540,
0.00005135,0.00002146,0.00056682,-0.00000782,-0.00095597,0.00351337,0.00415080,-
0.00059927,-0.00048544,0.00217397,0.00312853,0.00044210,0.00017369,0.00003117,-0
.00068621,-0.00235954,0.00513634,-0.02033942,-0.02003835,0.00211194,-0.10513750,
-0.10643768,-0.00917408,0.00000572,0.00015652,-0.00016304,0.00003213,-0.00013748
,0.00004388,0.00050323,0.00012137,0.00007277,0.00047729,-0.00032746,-0.00059863,
-0.00089926,-0.00084705,0.00008428,0.00074514,-0.00068705,-0.00073668,0.11312201
,0.14790650,-0.01402240,0.00061958,-0.01734990,0.00048012,0.00094157,-0.00051804
,-0.00046349,-0.00091705,0.00370641,0.00059140,0.00057601,0.00025291,0.00042966,
-0.00040390,-0.00058379,0.00030865,0.00000604,-0.00036851,0.00047014,0.00028824,
-0.00003031,-0.00034058,0.00017885,0.00184076,-0.00015714,-0.00040311,-0.0001860
4,-0.00018899,0.00087821,0.00036161,-0.00058707,0.00006796,-0.00110695,-0.003234
02,0.00079585,-0.00911292,-0.00112694,0.00045009,-0.00027473,-0.00000230,0.00025
141,0.00138412,0.00059837,0.00061111,-0.00113127,-0.00029128,-0.00005972,0.00040
520,0.00047691,0.00005323,0.00046666,0.00056895,-0.00061299,0.00008332,-0.002311
40,-0.00242243,-0.00270103,-0.00053426,0.00014367,-0.00005188,-0.00020777,0.0001
3862,-0.00068840,0.00645447,-0.00047694,-0.00360536,0.00223176,-0.00361911,0.000
32115,0.00098617,-0.00038438,-0.00022125,0.00116999,-0.00084357,-0.00056586,0.00
175372,0.00041904,-0.00054914,0.00218866,-0.00029219,-0.00405801,0.00019830,-0.0
0065250,0.00060849,0.00003626,-0.00017174,-0.00004996,0.00037907,0.00031972,0.00
002603,0.00012421,0.00010923,-0.00008339,-0.00015248,-0.00072437,-0.00023600,0.0
0009450,0.00020356,0.00010118,-0.00001139,0.00005415,0.00011010,-0.00000243,0.00
001890,0.00007745,0.00005136,0.00000931,-0.00002884,-0.00000878,-0.00002712,-0.0
0003569,0.00003105,0.00007519,0.00002375,0.00000414,-0.00001733,-0.00002048,0.00
006867,0.00006716,-0.00001777,0.00008390,0.00000341,0.00000707,0.00083552,-0.001
43737,-0.00054923,-0.01008283,-0.00777919,-0.00009459,-0.00458337,0.00322732,0.0
0246524,0.00013104,0.00039166,-0.00032729,-0.00211093,0.00483874,0.00272725,0.01
138900,0.01154458,0.00060633,-0.02177795,-0.01035199,-0.03324964,-0.00013532,0.0
0013815,-0.00034838,0.00015638,-0.00017408,0.00012180,-0.00052750,-0.00051211,-0
.00018605,0.00057942,-0.00061317,-0.00096941,0.00052414,0.00069108,-0.00015498,0
.00032948,-0.00039216,-0.00143148,0.02878278,0.00518322,0.06532517,0.00070114,0.
00177926,-0.00124569,0.00058419,-0.00108314,-0.00417324,-0.00246473,-0.00244470,
0.00038105,0.00051620,-0.00043990,0.00058226,0.00001434,0.00006482,-0.00011342,-
0.00001008,-0.00004181,-0.00004729,0.00032212,0.00010200,-0.00021207,-0.25379084
,0.00990341,-0.06719437,0.00013994,0.00107371,0.00256153,0.00071088,-0.00057228,
-0.00027227,-0.03638977,-0.00025364,-0.03150316,-0.00069202,-0.00072579,-0.00047
126,-0.00019513,0.00023151,0.00011494,0.00011202,-0.00002930,-0.00013421,-0.0000
8292,-0.00012162,-0.00000373,-0.00005684,0.00030102,0.00004935,-0.00012645,0.000
15792,0.00009264,0.00573726,-0.00291133,-0.00065683,-0.00208964,0.00124000,0.001
00753,0.00088581,0.00097497,-0.00282684,0.00059449,0.00030483,0.00116808,-0.0003
4010,-0.00036412,0.00062516,-0.00001210,-0.00007540,-0.00016208,-0.00022778,0.00
012521,0.00008258,-0.00010806,0.00016327,0.00041139,0.00002100,0.00016912,0.0007
1986,0.00000870,-0.00025411,-0.00026507,-0.07796288,0.00782660,0.01537429,0.0006
4765,-0.00226277,0.00186876,0.00000497,-0.00017146,0.00000683,-0.00022470,-0.000
06478,-0.00035114,0.00002981,0.00002439,0.00002951,-0.00332619,-0.00089829,-0.00
138026,-0.00032506,0.00080294,0.00058641,0.00044096,0.00015596,-0.00054576,-0.00
041312,-0.00030832,-0.00020487,0.00007382,0.00018070,0.00029973,-0.00000525,0.00
033759,0.00002543,-0.00046878,-0.00036686,-0.00009732,0.00006122,0.00016707,-0.0
0010961,0.00008007,0.00002513,-0.00002131,-0.00052874,0.00008904,0.00025040,-0.0
0039486,-0.00016529,0.00076748,0.00019074,0.00000483,-0.00081619,0.00006813,-0.0
0014109,-0.00015321,-0.00000490,-0.00018786,-0.00012127,0.00054346,0.00002828,-0
.00004639,-0.00032175,0.00037892,-0.00004783,0.00004441,0.00001324,-0.00029443,0
.00118146,0.00029297,0.00088507,0.00041134,0.00002480,0.00037690,0.00022916,0.00
025616,0.00010164,0.00005854,0.00020334,0.00001443,-0.00007695,-0.00025044,0.000
08122,0.00018110,-0.00028349,0.00034411,0.51509082,0.00003072,0.00001152,0.00000
166,-0.00044898,-0.00053680,-0.00032801,0.00029442,0.00331142,-0.00091012,0.0000
9132,0.00006543,0.00003989,-0.00000878,0.00000302,0.00003444,0.00002487,0.000023
01,0.00003187,0.00001309,0.00001279,0.00000118,0.00275661,-0.04328798,0.00728362
,0.00016437,0.00024541,0.00011350,-0.00003157,0.00005712,0.00002351,-0.00385067,
0.01087653,-0.00286713,-0.00005612,0.00002329,0.00013003,-0.00004731,0.00008422,
0.00009346,-0.00005307,-0.00002379,0.00002255,-0.00006946,-0.00001304,-0.0001201
4,-0.00001265,-0.00001320,-0.00000849,0.00003845,0.00000353,-0.00001663,0.002132
71,0.00136400,-0.00069331,-0.00081550,0.00005047,0.00032529,0.00004180,-0.003672
11,0.00122043,0.00034062,0.00029616,0.00030041,0.00000663,-0.00009517,-0.0000490
4,0.00006269,-0.00008876,-0.00009191,-0.00006720,-0.00003757,-0.00008272,0.00003
052,-0.00000996,0.00004086,0.00000157,0.00002103,-0.00005614,-0.00004961,-0.0000
0856,0.00005008,0.00788726,0.01147587,-0.00377187,-0.00040478,-0.00010587,0.0002
9954,-0.00000393,0.00000492,-0.00000325,0.00004331,0.00000886,0.00003482,-0.0000
2375,0.00002970,0.00002159,0.00095260,-0.00021927,0.00044167,0.00004692,-0.00014
590,-0.00005589,-0.00002766,-0.00001715,0.00004750,0.00001866,0.00001532,-0.0000
0468,0.00003004,-0.00003649,-0.00000751,0.00004419,0.00000636,-0.00002682,0.0000
4032,0.00003663,0.00000518,0.00000831,-0.00002114,0.00000100,-0.00002275,0.00001
467,0.00000825,-0.00038564,-0.00048464,-0.00101866,-0.00007045,0.00021627,-0.000
21828,0.00036692,0.00009282,-0.00008013,-0.00006420,0.00021607,-0.00019069,0.000
07796,-0.00008817,0.00005134,0.00012464,0.00010898,0.00010342,-0.00013631,0.0004
0671,-0.00033669,0.00018073,-0.00011973,0.00000046,0.00024415,-0.00023851,0.0001
5678,0.00003299,0.00001925,0.00007140,-0.00003644,-0.00008637,0.00007107,0.00003
918,-0.00007392,0.00006683,0.00001913,-0.00008831,0.00005438,-0.00008430,0.00014
647,-0.00004104,0.00336027,0.07085643,0.00027823,0.00034150,-0.00066748,-0.00198
688,-0.00117488,0.00051621,-0.00304188,-0.00121108,-0.00298992,0.00002989,0.0001
3618,-0.00006553,0.00000276,-0.00001765,0.00001360,0.00004046,-0.00000212,0.0000
2493,-0.00002103,0.00006495,-0.00002736,-0.05348551,0.00591983,-0.10231249,0.000
47114,0.00028312,-0.00001035,0.00011200,0.00005863,-0.00001453,-0.05493305,0.001
97357,-0.02707394,-0.00005105,-0.00044686,0.00035205,-0.00001458,-0.00027473,0.0
0010061,0.00004266,0.00002675,0.00008945,-0.00013078,-0.00015441,-0.00010859,0.0
0002013,-0.00001105,-0.00000321,-0.00000167,0.00001858,-0.00001925,0.00591835,-0
.00370664,-0.00518003,-0.00310605,0.00178564,0.00171278,0.00263126,0.00054660,0.
00023758,0.00116633,0.00055229,0.00079232,0.00002312,-0.00021077,0.00015301,0.00
005204,0.00001128,-0.00019330,-0.00011674,0.00001903,0.00004374,-0.00002457,0.00
007175,-0.00001931,-0.00001371,-0.00010000,0.00007729,-0.00007834,0.00005610,0.0
0004688,0.03558977,-0.00440805,0.00439387,0.00040980,-0.00045794,0.00048434,-0.0
0000973,0.00001443,0.00001488,0.00006232,0.00000725,0.00004880,-0.00002329,0.000
03584,0.00002073,0.00042687,0.00032896,0.00025497,0.00012594,-0.00008559,-0.0001
2418,-0.00001655,0.00000812,0.00001283,-0.00003541,0.00002895,0.00003904,0.00008
175,0.00001641,0.00012320,-0.00002091,0.00002178,-0.00006505,0.00002978,0.000020
61,0.00001060,-0.00004042,-0.00000486,-0.00002090,-0.00000940,0.00000023,0.00000
155,-0.00018216,-0.00038924,-0.00015527,-0.00007529,0.00042542,-0.00055934,0.000
00057,0.00002180,-0.00011938,0.00003415,0.00009960,0.00001746,0.00000608,-0.0000
8116,0.00007768,0.00005029,0.00004106,0.00000285,0.00006835,-0.00019183,0.000171
45,0.00035397,0.00025813,0.00014479,0.00053560,0.00008260,0.00036353,0.00013304,
0.00005917,0.00011377,-0.00002382,-0.00008894,0.00001563,0.00004131,-0.00008762,
0.00004753,-0.00004227,-0.00015673,-0.00004887,-0.00034885,-0.00010585,-0.000172
32,-0.01030284,-0.01547889,0.30289650,-0.00006183,0.00006551,-0.00004529,0.00009
228,-0.00005320,-0.00032755,0.00022917,0.00013494,0.00013278,0.00000030,-0.00002
421,0.00001587,-0.00000714,0.00001324,-0.00001204,-0.00001576,-0.00000020,-0.000
01084,0.00000254,-0.00000984,-0.00000372,-0.00279404,-0.00126496,0.00341589,-0.0
0004953,0.00005156,0.00024052,0.00004825,-0.00002040,-0.00000419,-0.00021956,0.0
0006133,-0.00051994,-0.00000542,-0.00001846,-0.00001539,0.00000606,0.00001894,0.
00000681,-0.00002139,0.00000716,-0.00001309,-0.00001127,-0.00003048,0.00001202,-
0.00000860,0.00001410,-0.00000691,-0.00001496,0.00001030,-0.00000180,0.00009502,
-0.00001615,0.00002569,0.00000844,0.00000250,0.00000156,0.00006411,-0.00006358,-
0.00010510,0.00000879,0.00002478,0.00008643,-0.00002048,-0.00000484,0.00002448,0
.00000606,-0.00001917,0.00001713,-0.00000758,0.00001149,-0.00000222,-0.00000438,
-0.00000358,0.00002435,0.00002420,0.00001520,0.00002656,0.00000381,-0.00001521,-
0.00001095,-0.00235896,0.00047575,0.00000302,0.00001627,0.00001681,-0.00003625,-
0.00000634,-0.00000273,0.00000308,-0.00001664,-0.00000875,-0.00001970,0.00000255
,0.00000887,0.00000321,-0.00015440,-0.00007021,-0.00006229,-0.00001313,0.0000169
1,0.00001574,0.00000572,-0.00000002,-0.00002441,-0.00002763,-0.00001523,-0.00001
128,0.00000565,0.00000766,0.00001831,0.00000168,0.00002264,0.00000013,-0.0000275
2,-0.00001962,-0.00000707,0.00000660,0.00000539,-0.00000119,-0.00000311,0.000005
19,-0.00000065,0.00004400,-0.00001060,-0.00002476,-0.00001916,-0.00012164,0.0000
5834,0.00000705,-0.00001208,-0.00001231,-0.00002821,-0.00000404,-0.00001897,-0.0
0000540,-0.00000693,-0.00001451,0.00002942,-0.00002134,0.00002263,0.00001308,0.0
0004402,-0.00000751,-0.00005236,0.00002430,0.00000783,-0.00003846,-0.00000584,-0
.00007196,-0.00002424,-0.00002850,0.00000877,0.00001666,0.00004696,-0.00000341,0
.00000453,0.00002322,-0.00000713,0.00000442,0.00001468,0.00000049,0.00005081,-0.
00001072,0.00002025,-0.04260253,-0.00469033,-0.00626400,0.48387937,-0.00001636,0
.00003714,0.00000190,0.00001153,0.00001989,-0.00000949,0.00000644,0.00000787,0.0
0000118,0.00000119,-0.00000337,0.00000312,-0.00000114,0.00000310,0.00000125,-0.0
0000091,0.00000059,-0.00000107,0.00000315,-0.00000038,-0.00000108,-0.00018273,0.
00014430,0.00035023,-0.00001200,-0.00002257,0.00001329,0.00000744,-0.00000597,-0
.00000684,-0.00005502,0.00030310,-0.00005302,-0.00001374,-0.00004979,-0.00005383
,0.00001493,0.00002322,-0.00000682,-0.00000961,-0.00000879,-0.00000359,-0.000053
30,0.00003511,0.00003823,-0.00000548,0.00001350,-0.00000116,0.00000181,0.0000050
2,-0.00000144,0.00001447,-0.00008134,0.00001577,0.00001116,-0.00000512,0.0000074
9,0.00000516,0.00001006,-0.00002216,-0.00001120,-0.00000669,0.00000714,-0.000008
50,-0.00000464,0.00000564,0.00000240,0.00000153,0.00000396,-0.00000613,0.0000012
7,0.00000342,0.00000198,-0.00000128,-0.00000452,0.00000396,0.00000402,0.00000379
,0.00000823,0.00000280,-0.00000706,-0.00033985,-0.00000459,0.00005695,-0.0000267
4,-0.00000064,0.00000808,-0.00000079,0.00000274,0.00000057,0.00000002,0.00000124
,-0.00000323,0.00000278,-0.00000671,0.00000186,-0.00002064,-0.00000304,-0.000003
29,-0.00000033,0.00000231,-0.00000101,-0.00000126,0.00000495,-0.00000280,0.00000
119,0.00000167,0.00000141,0.00000599,-0.00001087,0.00000472,0.00000337,0.0000031
4,-0.00000714,-0.00000172,-0.00000022,-0.00000041,-0.00000028,0.00000117,-0.0000
0205,-0.00000255,0.00000112,0.00000121,-0.00001565,0.00000238,0.00006971,0.00004
252,-0.00005659,0.00006159,0.00002848,0.00002966,0.00013068,0.00001199,-0.000011
88,0.00000017,-0.00003030,0.00000552,-0.00004179,-0.00001121,0.00002898,-0.00003
117,0.00000273,-0.00002783,-0.00000464,-0.00001506,0.00002421,-0.00000160,0.0000
4432,0.00006969,-0.00014739,-0.00004763,-0.00006614,-0.00006801,0.00000025,0.000
00384,0.00000363,-0.00000239,0.00002074,-0.00000861,-0.00000911,0.00001261,-0.00
000028,0.00000727,-0.00000673,0.00001409,-0.00536575,0.00224851,-0.00087068,-0.0
0536231,0.52916460,-0.00005196,-0.00007279,0.00003277,-0.00010028,-0.00001240,0.
00010058,-0.00016407,-0.00008141,-0.00001855,-0.00001837,0.00001101,-0.00002017,
0.00000461,0.00000077,0.00000107,-0.00000660,0.00000030,-0.00000052,-0.00001459,
-0.00001102,0.00000886,0.00191375,0.00076320,-0.00183413,0.00001497,-0.00001693,
-0.00005848,-0.00004449,0.00004008,0.00000235,0.00028103,-0.00002290,0.00040478,
0.00009424,0.00005935,0.00005792,-0.00000243,-0.00002191,-0.00000265,-0.00001489
,0.00000351,-0.00000627,0.00001848,-0.00002607,-0.00003964,0.00000764,-0.0000231
4,-0.00000125,0.00000089,-0.00000841,-0.00000563,0.00001591,0.00000928,-0.000059
61,-0.00000766,-0.00002945,-0.00001423,-0.00004723,0.00003301,0.00000262,0.00003
264,0.00002960,-0.00002463,0.00000915,0.00001964,-0.00004046,0.00000360,-0.00000
140,0.00001464,0.00001266,-0.00000712,0.00000558,0.00000492,-0.00001136,-0.00000
314,0.00000412,0.00000790,-0.00001930,-0.00000140,0.00001134,0.00000965,0.001369
36,-0.00028919,-0.00003335,-0.00000208,-0.00001723,0.00002467,-0.00000255,0.0000
0249,-0.00000101,0.00001055,0.00000173,0.00001390,0.00000226,0.00000117,-0.00000
297,0.00016251,0.00007759,0.00005553,0.00002866,-0.00002772,-0.00002752,-0.00000
969,0.00000316,0.00001850,0.00001527,0.00001182,0.00001490,0.00000297,-0.0000093
5,-0.00000969,-0.00000252,-0.00001448,-0.00000720,0.00001479,0.00001076,0.000003
73,-0.00000573,-0.00000998,0.00000521,-0.00000704,-0.00000109,0.00000290,-0.0001
3771,-0.00000985,-0.00000289,0.00005059,0.00011398,-0.00007852,-0.00004728,0.000
03226,0.00005724,-0.00000799,-0.00001426,0.00000795,-0.00000423,-0.00002962,0.00
002596,-0.00000244,0.00000252,0.00000038,0.00000695,-0.00004871,-0.00000244,0.00
003170,-0.00000863,0.00003940,0.00005637,0.00001731,-0.00001336,-0.00001243,0.00
000538,-0.00006002,-0.00001061,-0.00002767,0.00000723,0.00000045,-0.00000846,0.0
0000186,0.00000231,-0.00000097,0.00000298,-0.00001058,0.00000387,-0.00000865,0.0
1880349,0.00201479,0.00845659,-0.04411272,-0.00482480,0.50530119,0.00007737,-0.0
0060127,0.00063122,-0.00175268,-0.00022789,0.00173303,-0.00055504,0.00047623,0.0
0030793,-0.00011904,0.00012094,-0.00019824,0.00000958,-0.00002463,0.00004786,0.0
0002913,0.00001032,0.00003705,-0.00004292,-0.00002336,0.00002867,-0.04534916,-0.
00127873,0.01366276,0.00042589,-0.00025770,-0.00143277,-0.00024679,0.00009279,0.
00008435,0.00490509,0.00051587,0.00381111,0.00008542,0.00028665,0.00023254,0.000
02234,-0.00002897,-0.00001112,0.00007382,-0.00006872,0.00003227,0.00005097,0.000
26008,-0.00026707,0.00003315,-0.00011520,-0.00003069,0.00008271,-0.00007657,-0.0
0002215,-0.00371301,0.00135324,-0.00056612,0.00127643,-0.00068960,-0.00036438,0.
00147201,-0.00039320,-0.00055957,0.00065578,0.00017758,-0.00009998,0.00015046,0.
00004998,-0.00028550,-0.00001999,0.00000668,-0.00007929,0.00007305,-0.00005605,-
0.00005025,0.00006289,-0.00009040,-0.00010743,-0.00005650,-0.00001499,-0.0002715
0,-0.00005745,0.00005802,0.00003562,-0.00299865,-0.00036893,-0.00282596,-0.00013
202,0.00000096,0.00001821,0.00003151,0.00002985,-0.00001653,0.00009009,0.0000538
1,0.00010703,-0.00002772,0.00000538,-0.00000408,0.00102975,0.00030023,0.00021725
,0.00003036,-0.00021275,-0.00017070,-0.00013318,-0.00005467,0.00015690,0.0001849
3,0.00009785,0.00008154,-0.00006557,-0.00004520,-0.00009707,-0.00005445,-0.00009
381,0.00001199,0.00015146,0.00012582,0.00003824,-0.00003761,-0.00003835,0.000011
47,-0.00001168,-0.00002817,-0.00000807,0.00015194,-0.00030127,-0.00024650,-0.000
03177,0.00061766,-0.00048276,0.00024438,0.00007116,0.00033071,0.00005171,0.00006
270,0.00006578,0.00000583,0.00001127,0.00002345,-0.00009012,0.00013509,-0.000082
16,0.00000654,-0.00026582,-0.00006342,0.00009302,-0.00010306,-0.00002908,0.00001
705,0.00006008,0.00013845,-0.00012926,-0.00000288,-0.00016395,-0.00015967,-0.000
22059,0.00001587,-0.00001877,-0.00014247,0.00005886,0.00000119,-0.00001379,0.000
00894,-0.00016165,0.00007201,-0.00004711,-0.08307813,-0.00554603,0.03891119,-0.1
3780631,-0.00808997,-0.06161198,0.43138866,-0.00031041,-0.00034867,-0.00002436,-
0.00000779,0.00018702,-0.00007108,-0.00055882,0.00117276,-0.00050194,-0.00004416
,0.00004122,-0.00001803,0.00001253,-0.00000817,-0.00000037,-0.00002617,-0.000008
13,-0.00002330,-0.00002386,-0.00000274,0.00001365,-0.00187649,-0.00381771,-0.001
26247,-0.00002625,-0.00017206,0.00003815,-0.00000017,0.00002702,0.00006910,0.000
55743,-0.00401693,0.00019455,0.00017790,0.00011549,0.00001426,0.00009241,-0.0001
6513,-0.00004955,0.00000264,0.00002671,-0.00001905,0.00008813,-0.00014356,0.0001
0877,0.00002534,-0.00004999,0.00000792,-0.00003243,-0.00000852,0.00000470,-0.000
66773,0.00103576,-0.00002056,0.00032762,-0.00015716,-0.00013827,-0.00012020,0.00
046030,-0.00055736,0.00000524,-0.00025248,0.00011184,0.00000716,0.00014504,0.000
00163,0.00000894,0.00003081,0.00019233,0.00005869,0.00000921,0.00001251,-0.00005
759,-0.00000219,0.00001662,0.00003709,-0.00002057,-0.00002486,0.00002782,0.00003
422,-0.00005011,0.00241946,0.00210701,0.00018599,0.00047847,-0.00026768,0.000009
85,0.00001589,-0.00000934,0.00001630,-0.00002365,-0.00004535,0.00001488,0.000021
15,-0.00005806,-0.00003301,0.00028912,-0.00010690,0.00009648,-0.00005883,-0.0000
1268,-0.00003315,-0.00000139,-0.00001429,0.00002108,-0.00002443,-0.00003296,-0.0
0001991,-0.00003670,0.00005747,-0.00003317,-0.00007116,-0.00004216,0.00002846,-0
.00001306,-0.00000486,-0.00001540,-0.00001854,0.00001442,0.00001900,0.00003360,-
0.00001320,-0.00001450,-0.00003053,-0.00018096,0.00018539,0.00012888,0.00006572,
-0.00039308,-0.00024173,-0.00001677,0.00015581,-0.00014037,-0.00008334,0.0001619
4,-0.00005014,-0.00010265,0.00012295,0.00000044,-0.00003215,0.00007792,-0.000148
40,0.00001835,0.00015167,-0.00002040,0.00001453,0.00002001,-0.00013748,0.0000602
8,-0.00022299,-0.00011962,-0.00000362,-0.00013610,0.00000901,-0.00002465,-0.0000
4775,0.00000741,0.00002859,-0.00007847,0.00006246,0.00006986,-0.00003970,0.00035
884,0.00014637,0.00003578,-0.00775457,-0.04654434,0.01038971,-0.00807384,-0.0655
2277,-0.00672884,-0.00890044,0.47706236,0.00000051,0.00051959,-0.00020633,0.0017
5422,0.00035903,-0.00095811,0.00129034,-0.00007158,0.00049434,0.00012159,-0.0001
4449,0.00019852,-0.00000129,0.00001609,-0.00004522,-0.00001659,-0.00000727,-0.00
002968,0.00006956,0.00002548,-0.00003872,0.01168618,-0.00240334,0.01706214,-0.00
043781,0.00013107,0.00070524,0.00012404,-0.00014812,-0.00006949,-0.00109350,0.00
008119,-0.00167771,-0.00018171,-0.00023879,-0.00036511,-0.00006034,0.00018917,-0
.00001022,-0.00001503,0.00003966,-0.00007403,-0.00000018,0.00004955,0.00009129,-
0.00003049,0.00010700,0.00003610,-0.00004131,0.00005270,0.00003966,0.00147123,-0
.00055166,0.00066745,-0.00022317,0.00010812,-0.00018234,-0.00033842,0.00000079,0
.00021925,-0.00075318,-0.00028340,-0.00024062,-0.00014183,-0.00002869,0.00016075
,-0.00002162,-0.00001842,0.00003790,-0.00002414,0.00003612,0.00003676,-0.0000225
2,0.00004641,0.00006725,0.00003818,0.00004599,0.00021191,0.00006380,-0.00006823,
-0.00004700,-0.00557412,0.00131467,0.00041852,0.00028258,0.00008899,-0.00018146,
-0.00000427,-0.00003937,0.00000369,-0.00009654,-0.00003879,-0.00011033,0.0000197
0,-0.00001808,0.00000409,-0.00111185,-0.00041134,-0.00028670,-0.00010818,0.00022
420,0.00022371,0.00011699,0.00002825,-0.00013817,-0.00012665,-0.00009854,-0.0000
8642,0.00000178,0.00004226,0.00001191,0.00002100,0.00005231,0.00003588,-0.000135
43,-0.00010678,-0.00003185,0.00003379,0.00004955,-0.00001304,0.00003146,0.000011
89,-0.00000344,0.00007924,0.00036985,0.00004156,0.00011583,-0.00072940,0.0007018
4,0.00010141,-0.00009664,-0.00003145,0.00011201,-0.00012757,-0.00002213,-0.00006
842,0.00010750,-0.00021837,-0.00002395,-0.00004337,-0.00008776,0.00001180,0.0001
8127,-0.00004160,-0.00015055,0.00004389,-0.00002037,-0.00016808,-0.00013130,-0.0
0047883,-0.00012747,-0.00007290,-0.00006500,0.00007882,0.00017654,-0.00000368,-0
.00003811,0.00014225,-0.00004640,-0.00002784,0.00007181,0.00002500,0.00013254,-0
.00000403,0.00013117,0.04507657,0.00850796,-0.13100780,-0.05918177,-0.00635858,-
0.10443515,0.04632820,0.00640509,0.46073029,-0.00001754,0.00004891,0.00004076,0.
00011900,-0.00003208,-0.00026510,0.00018089,-0.00016363,0.00020623,0.00000150,-0
.00002609,0.00002138,-0.00000227,0.00000619,-0.00000678,-0.00000667,0.00000110,-
0.00000339,0.00001159,-0.00000649,-0.00000017,0.00267613,0.00067547,0.00028541,-
0.00005238,0.00004544,0.00018121,-0.00003033,0.00008707,-0.00001504,-0.00312260,
0.00167416,0.00014627,0.00001169,-0.00000067,-0.00004697,-0.00000744,0.00004856,
0.00000714,-0.00004748,0.00002527,-0.00001384,-0.00000479,-0.00001400,0.00002938
,-0.00000830,0.00001126,-0.00000394,-0.00000461,0.00001125,-0.00000246,0.0010877
5,-0.00031484,0.00030284,-0.00024199,-0.00000239,-0.00002222,-0.00010045,-0.0000
4214,-0.00007896,0.00000165,0.00005800,0.00000621,-0.00001171,-0.00000064,-0.000
02764,-0.00001196,-0.00003311,-0.00001624,0.00000524,-0.00001448,0.00000856,0.00
003157,-0.00000808,0.00000812,0.00002016,0.00003796,0.00000385,0.00000502,-0.000
01283,-0.00001596,-0.00078475,-0.00015894,0.00048956,-0.00004488,0.00004546,-0.0
0003696,0.00000527,-0.00000159,-0.00000179,-0.00001616,-0.00000320,-0.00001345,-
0.00000001,0.00000212,0.00000280,-0.00013126,-0.00002163,-0.00004358,0.00000427,
-0.00000083,0.00002354,0.00001035,0.00000480,-0.00001039,-0.00001711,-0.00000414
,-0.00000417,-0.00000277,0.00001444,0.00000706,0.00000541,0.00002135,-0.00000093
,-0.00001817,-0.00001170,-0.00000427,0.00000717,0.00000616,-0.00000359,-0.000000
69,-0.00000027,0.00000002,-0.00004229,0.00001457,-0.00003496,0.00000775,-0.00010
121,0.00007139,-0.00006835,-0.00001296,-0.00009489,0.00001509,0.00000964,-0.0000
0655,0.00001419,0.00001649,-0.00000280,0.00001606,-0.00001789,0.00001609,0.00002
032,0.00001527,0.00000869,-0.00001435,0.00001135,0.00000406,-0.00001712,-0.00002
344,0.00001811,0.00001672,0.00002130,0.00005142,0.00000735,0.00002713,-0.0000063
0,0.00001055,0.00000213,0.00000644,-0.00001091,-0.00000695,0.00000470,-0.0000124
3,-0.00001485,0.00001621,-0.01203700,0.01844973,0.02602833,-0.00252602,-0.018654
13,-0.01564920,-0.06153629,0.00147574,-0.00313479,0.53446320,0.00009261,0.000011
17,-0.00003789,-0.00007919,-0.00000544,0.00015657,-0.00001658,-0.00008962,-0.000
10609,0.00001044,0.00000835,0.00000392,-0.00000365,-0.00000721,0.00000851,0.0000
2064,0.00000070,0.00001255,0.00000721,0.00001503,-0.00000562,0.00011425,0.000349
15,0.00013733,0.00005046,0.00000034,-0.00010165,0.00004747,-0.00005193,-0.000006
06,0.00163926,0.00001868,-0.00010565,-0.00010503,-0.00003293,0.00002047,0.000008
49,-0.00001226,0.00000524,0.00002909,-0.00000928,0.00003153,-0.00001564,-0.00000
965,-0.00002215,-0.00000822,0.00001504,0.00000052,0.00001013,0.00000166,0.000003
28,-0.00011872,-0.00013633,-0.00010496,0.00005356,0.00003469,0.00004410,0.000023
12,-0.00004534,-0.00000572,0.00003452,0.00001596,-0.00001334,0.00002333,-0.00001
989,0.00003668,-0.00000291,0.00001088,-0.00003748,-0.00001964,0.00000976,-0.0000
0918,-0.00001295,0.00002317,-0.00000690,-0.00003027,-0.00003026,-0.00000575,-0.0
0001253,-0.00000148,0.00000277,-0.00025181,0.00005188,0.00011130,0.00000193,0.00
000507,0.00001488,-0.00000636,0.00000485,-0.00000229,0.00001614,0.00001457,0.000
00737,-0.00001060,0.00000096,0.00000603,0.00003027,0.00002927,0.00001294,0.00001
403,-0.00000806,-0.00002518,0.00000101,0.00000467,-0.00000149,0.00001776,0.00001
399,0.00000821,0.00000125,-0.00001838,0.00000787,0.00001111,-0.00000132,-0.00000
190,0.00001503,0.00001147,0.00000637,-0.00000154,0.00000103,-0.00000794,-0.00000
527,0.00000178,0.00000345,-0.00001833,0.00003584,0.00001505,-0.00000798,-0.00002
128,0.00004750,0.00004432,-0.00001799,-0.00001141,0.00004170,0.00001930,-0.00002
366,-0.00001485,0.00003379,-0.00004315,-0.00002380,0.00002504,-0.00002314,-0.000
00064,-0.00000074,-0.00001148,0.00000772,-0.00000331,-0.00001274,0.00003238,-0.0
0001066,0.00002123,0.00002648,-0.00000675,0.00002419,0.00001849,0.00001019,0.000
00108,0.00000405,-0.00000348,0.00000314,-0.00000425,-0.00002579,-0.00000286,-0.0
0005308,-0.00001215,-0.00002308,0.00340302,0.00180785,-0.00454439,-0.00283799,-0
.00633372,-0.00663194,0.00229828,-0.14665106,-0.05563702,0.00604288,0.47192083,0
.00003638,-0.00017122,0.00010216,-0.00015312,-0.00000219,0.00025814,-0.00014463,
0.00007245,0.00006658,-0.00001082,0.00000709,-0.00000771,0.00000942,-0.00000862,
0.00000327,0.00000569,-0.00000203,0.00000477,-0.00000319,-0.00000185,-0.00000083
,-0.00242557,0.00024333,0.00009873,0.00008043,-0.00004168,-0.00020707,-0.0000789
1,0.00002279,0.00001898,0.00155246,-0.00121534,0.00060936,0.00004214,0.00010576,
0.00001134,-0.00000888,-0.00000793,-0.00000837,0.00002296,0.00000787,-0.00000010
,0.00004767,0.00002994,-0.00001745,0.00001123,-0.00002600,0.00000640,0.00001277,
-0.00001769,0.00000371,-0.00039838,0.00017336,-0.00016682,0.00019953,-0.00013703
,-0.00014487,0.00005602,0.00001976,0.00002029,0.00005202,0.00000340,-0.00008528,
0.00001649,0.00002801,-0.00006454,-0.00001857,0.00000924,-0.00001298,0.00002612,
-0.00002394,0.00000679,0.00002346,-0.00000834,-0.00000243,-0.00002630,0.00001070
,-0.00004203,-0.00000424,0.00000767,0.00000897,0.00052756,0.00019802,-0.00015977
,0.00004266,-0.00007645,0.00000603,0.00000774,-0.00000019,-0.00000409,0.00001136
,0.00000501,0.00001563,0.00000198,-0.00000272,-0.00000833,0.00013707,0.00004167,
0.00005019,-0.00000573,-0.00002362,-0.00001468,-0.00000240,-0.00000034,0.0000171
5,0.00003900,0.00001199,0.00001091,-0.00001992,0.00000110,-0.00003514,-0.0000108
2,-0.00002968,0.00000730,0.00002556,0.00001687,0.00000522,-0.00000505,-0.0000058
2,0.00000082,0.00000451,-0.00000324,-0.00000184,-0.00001501,-0.00000887,0.000009
51,0.00000374,0.00016473,-0.00009816,-0.00003781,0.00003387,-0.00001058,-0.00002
750,-0.00001953,0.00003461,0.00000291,-0.00002385,0.00004186,0.00000995,0.000019
61,0.00000435,0.00000986,0.00000937,0.00002161,0.00002468,-0.00002294,-0.0000012
9,0.00002706,0.00000100,0.00004412,0.00000373,0.00001674,0.00000567,-0.00001534,
-0.00002631,-0.00000290,0.00000087,-0.00002437,0.00000623,0.00000486,-0.00000401
,0.00000093,-0.00001412,0.00001751,-0.00000833,0.01708520,-0.01767760,-0.0249548
9,-0.00469287,-0.01662464,-0.01350171,-0.00213567,-0.05498568,-0.09753592,0.0032
3287,-0.03932394,0.50372567,0.00017323,-0.00002905,-0.00011712,0.00014183,0.0000
0350,-0.00027385,0.00012625,0.00007512,0.00006206,0.00000322,-0.00000029,0.00002
388,0.00000545,0.00000012,-0.00000786,-0.00000745,-0.00000171,-0.00000753,0.0000
1938,-0.00000390,-0.00000864,0.00293015,-0.00142002,0.00041454,-0.00005513,0.000
01154,0.00020637,-0.00002337,0.00002504,0.00002188,-0.00273900,-0.00207189,0.000
62033,0.00034263,0.00007548,-0.00002330,-0.00005737,-0.00003189,0.00001286,-0.00
007879,0.00005489,0.00000477,-0.00013290,0.00000469,0.00015983,-0.00002474,0.000
00324,0.00001208,-0.00002073,-0.00000360,0.00000360,0.00099189,-0.00017785,0.000
27506,-0.00017567,0.00003321,-0.00006448,-0.00021621,0.00008536,-0.00024943,0.00
000127,0.00000289,0.00005218,-0.00002136,0.00001511,-0.00004769,-0.00000344,-0.0
0003978,0.00000251,0.00000909,-0.00003842,0.00001192,0.00003060,-0.00000329,0.00
002878,0.00003082,0.00005675,-0.00000103,0.00000420,-0.00000491,-0.00003316,-0.0
0047643,0.00022863,0.00082096,0.00008033,-0.00004004,-0.00006370,0.00000746,-0.0
0000828,0.00000260,-0.00002179,-0.00001325,-0.00001130,-0.00000043,-0.00001396,-
0.00000674,-0.00008483,-0.00003953,-0.00002236,-0.00002099,0.00001921,0.00002713
,0.00001721,0.00001169,-0.00001926,-0.00001995,-0.00001384,-0.00000976,-0.000000
95,0.00001210,0.00001661,-0.00000237,0.00002280,-0.00000836,-0.00002362,-0.00001
851,-0.00000722,0.00001081,0.00000244,0.00000473,0.00000506,0.00000162,-0.000001
37,-0.00005097,0.00006732,-0.00001487,-0.00006532,-0.00000400,0.00001388,-0.0002
0832,0.00000785,-0.00005803,-0.00004745,-0.00008021,0.00000703,-0.00002371,-0.00
007665,-0.00000517,0.00008935,-0.00006513,0.00002667,0.00003890,0.00002719,0.000
02759,0.00000841,-0.00000747,0.00002190,-0.00002605,-0.00001903,0.00000124,0.000
04724,0.00002268,0.00008726,0.00002510,0.00007634,0.00001210,0.00001304,0.000028
53,0.00001927,-0.00000673,0.00003427,0.00003154,0.00006903,0.00003368,0.00006497
,-0.00770352,-0.02067992,0.02364402,-0.00758549,0.01853767,-0.01586826,-0.065745
67,0.01895990,-0.01560489,0.00075900,0.00258702,-0.00133927,0.53361614,-0.000225
41,0.00007601,0.00011057,0.00015327,0.00000779,-0.00020227,0.00005003,-0.0000375
4,0.00015052,-0.00000246,-0.00004121,0.00000718,-0.00000598,0.00001648,-0.000003
28,-0.00001839,0.00000316,-0.00000816,0.00000215,-0.00001808,0.00000784,0.001288
65,0.00051933,-0.00021122,-0.00008093,0.00003098,0.00013697,-0.00000058,0.000070
89,-0.00004671,-0.00223071,-0.00076676,0.00055794,-0.00011844,-0.00006371,-0.000
21484,0.00002489,0.00010824,-0.00000693,-0.00004803,-0.00001526,-0.00004659,-0.0
0000997,-0.00000961,0.00019321,-0.00000739,0.00002532,-0.00001146,0.00000784,0.0
0001674,-0.00001304,0.00043007,-0.00035979,0.00016248,-0.00000367,-0.00006435,-0
.00004609,-0.00005165,0.00004864,-0.00005786,-0.00006558,0.00002674,-0.00004302,
-0.00002678,0.00000683,-0.00000542,-0.00000164,-0.00001773,0.00003168,0.00001402
,0.00001371,0.00001410,0.00001068,-0.00002266,-0.00001371,0.00004145,0.00002812,
0.00003068,0.00001940,-0.00000769,-0.00001141,-0.00008177,0.00007061,0.00019335,
-0.00000102,0.00000785,-0.00003961,0.00000573,0.00000144,-0.00000330,-0.00000538
,-0.00000169,-0.00001259,0.00000880,-0.00000406,0.00000170,-0.00005960,-0.000011
99,-0.00001036,0.00000547,-0.00000933,0.00002058,-0.00000967,0.,0.00000357,-0.00
000430,0.00000166,-0.00000051,0.00000896,-0.00000665,-0.00000121,0.00000535,0.00
001234,-0.00000910,-0.00001000,-0.00000639,-0.00000322,0.00000352,0.00000061,-0.
00000332,-0.00000747,-0.00000085,0.00000283,0.00001539,-0.00002939,-0.00003664,0
.00000767,-0.00008313,0.00001101,-0.00001056,-0.00010820,-0.00009665,-0.00004085
,-0.00004739,0.00003162,-0.00001843,-0.00000917,0.00002765,-0.00000117,-0.000012
91,0.00005462,0.00003506,0.00002678,0.00009759,-0.00002197,0.00003545,0.00002295
,-0.00003595,0.00002271,-0.00003902,-0.00001605,0.00001218,-0.00003474,0.0000490
4,0.00004493,-0.00002215,0.00000372,0.00005101,-0.00005188,-0.00000957,0.0000297
1,-0.00002096,0.00003834,-0.00000974,0.00001975,-0.00659875,-0.00628547,0.011575
50,0.00259765,-0.00171489,0.00337407,0.01781216,-0.14620203,0.05031996,0.0051642
3,-0.02832975,0.00983591,0.00961514,0.46613906,-0.00002548,-0.00014819,0.0001677
2,-0.00013974,0.00001575,0.00025261,-0.00012972,-0.00000495,0.00021579,-0.000014
05,-0.00000596,-0.00000268,0.00001403,-0.00000842,0.00000270,0.00000374,-0.00000
373,0.00000002,-0.00000076,-0.00000367,-0.00000155,-0.00232262,0.00005829,0.0005
3960,0.00007068,-0.00005986,-0.00020691,-0.00013625,0.00004412,0.00002500,0.0016
2627,0.00145019,0.00002065,0.00011708,0.00000352,-0.00010270,0.00002732,0.000059
95,-0.00002388,0.00001970,-0.00000361,-0.00002339,-0.00009214,0.00031336,0.00008
327,0.00002093,-0.00002858,0.00000714,0.00001703,-0.00001693,0.00000799,-0.00050
315,0.00014257,-0.00009218,0.00024152,-0.00020151,-0.00018189,0.00011307,-0.0000
7080,0.00013860,0.00004200,0.00000782,-0.00008267,0.00000033,0.00003563,-0.00010
020,-0.00002707,0.00000563,0.00000055,0.00003540,-0.00003538,0.00001169,0.000050
65,-0.00002871,-0.00000934,-0.00001454,0.00002607,-0.00005262,0.00000435,0.00001
250,-0.00000251,0.00018866,-0.00029966,-0.00034186,-0.00007609,-0.00000253,0.000
07300,0.00001207,0.00000526,-0.00000285,0.00000733,0.00000406,0.00001229,0.00000
803,-0.00001181,-0.00001518,0.00010343,0.00003488,0.00003832,-0.00000514,-0.0000
1503,-0.00000013,0.00000254,0.00000547,0.00001613,0.00003584,0.00001408,0.000009
51,-0.00001030,-0.00001308,-0.00002628,-0.00000632,-0.00001481,-0.00000731,0.000
02191,0.00001442,0.00000374,-0.00000463,-0.00000446,-0.00000094,0.00000360,-0.00
000293,-0.00000082,-0.00003541,-0.00004914,0.00005276,0.00006056,0.00008259,-0.0
0015407,0.00002861,-0.00001695,-0.00013507,-0.00008926,0.00006425,-0.00003044,0.
00000711,-0.00001131,0.00009494,0.00002415,0.00008745,0.00001661,-0.00004324,0.0
0001319,0.00002249,0.00000350,-0.00000470,-0.00002167,0.00004453,0.00001642,0.00
001084,0.00004170,-0.00004176,-0.00000539,-0.00002017,-0.00007288,-0.00002055,0.
00001235,-0.00005272,0.00000504,0.00000701,-0.00000605,-0.00000379,-0.00000327,-
0.00000706,0.00000783,0.01205382,0.02194154,-0.02316404,-0.00839315,0.01550656,-
0.01333331,-0.01335427,0.04997592,-0.09301975,0.00140494,-0.01120190,0.00624549,
-0.00572207,0.03579215,0.50946515,0.00006747,0.00002808,0.00001318,-0.00017566,-
0.00006817,0.00008020,-0.00008041,-0.00005569,-0.00006578,0.00000684,0.00000398,
-0.00000288,-0.00000188,-0.00000095,0.00000151,0.00000924,0.00000155,0.00000543,
0.00000066,0.00000251,-0.00000151,-0.00056756,-0.00035476,-0.00070993,0.00007420
,0.00003424,-0.00005756,-0.00000487,-0.00000136,-0.00000115,0.00019505,0.0000902
4,0.00038764,-0.00002721,0.00000884,0.00004319,-0.00000691,0.00001162,0.00001068
,0.00000782,-0.00001041,0.00001334,-0.00000942,-0.00000783,-0.00003498,-0.000003
16,-0.00000062,-0.00000487,0.00001035,-0.00000425,0.00000040,-0.00000274,-0.0000
2340,-0.00000655,-0.00003161,0.00002354,0.00003526,0.00000644,-0.00007304,-0.000
00103,0.00011787,0.00005799,0.00001895,0.00000708,-0.00002514,-0.00002259,0.0000
0487,-0.00001359,-0.00004094,-0.00001062,-0.00000408,-0.00001075,0.00001447,-0.0
0000502,0.00000046,-0.00000892,0.00000112,-0.00001121,-0.00001575,-0.00000348,0.
00001750,0.00016238,0.00008341,-0.00001519,0.00000152,-0.00004707,0.00002112,0.0
0000112,0.00000161,-0.00000184,0.00001174,0.00000876,0.00000701,-0.00000724,0.00
002035,0.00000655,0.00004863,0.00002070,0.00001510,0.00000814,-0.00000089,-0.000
00554,-0.00000195,0.00000276,0.00000422,0.00001708,0.00000910,0.00000911,0.00000
378,-0.00000776,0.00000153,0.00000145,0.00000131,-0.00000534,0.00001258,0.000008
12,0.00000470,-0.00000209,-0.00000366,-0.00000336,-0.00000283,-0.00000033,0.0000
0019,-0.00014344,-0.00004843,-0.00009958,-0.00015032,0.00009329,-0.00005958,-0.0
0004011,-0.00003957,-0.00013275,0.00006450,0.00013549,-0.00007478,0.00004529,0.0
0000679,0.00003089,-0.00000392,-0.00004383,0.00002656,-0.00003888,0.00001690,-0.
00004186,0.00009393,-0.00001740,-0.00000640,0.00006580,-0.00005421,0.00034947,0.
00020004,0.00012614,0.00014842,0.00000797,-0.00005995,0.00001996,0.00002048,-0.0
0002951,0.00002863,-0.00000289,-0.00003780,0.00000622,-0.00005167,-0.00001668,-0
.00001102,0.00157828,0.00056602,0.00016702,-0.04436427,0.01633396,0.01184740,-0.
00047939,-0.02043552,-0.01576306,-0.00387643,-0.00075678,-0.00290468,0.00068315,
-0.00076262,0.00037097,0.04986162,0.00006285,-0.00000416,-0.00002138,-0.00017317
,-0.00010062,0.00000471,-0.00002127,-0.00002572,-0.00010929,0.00000255,0.0000009
0,0.00000606,0.00000101,-0.00000486,0.00000080,0.00000914,-0.00000134,0.00000454
,-0.00000313,0.00000640,-0.00000510,-0.00015782,-0.00030860,-0.00055103,0.000090
62,0.00003756,0.00000783,0.00000505,-0.00001432,0.00000864,0.00010752,0.00013364
,0.00047361,-0.00003160,-0.00001273,0.00003351,0.00000433,-0.00000869,0.00001077
,0.00001783,0.00000178,0.00001604,-0.00000311,0.00001412,-0.00001823,-0.00000163
,0.00000339,0.00000245,0.00000225,-0.00000116,0.00000435,0.00018030,-0.00006959,
0.00001180,-0.00008149,0.00005675,0.00006602,-0.00005022,-0.00004899,-0.00006306
,0.00013008,0.00005630,0.00004778,0.00000687,-0.00000947,-0.00001014,0.00000943,
0.00000008,-0.00003256,0.00000137,-0.00000712,-0.00000069,0.00000411,0.00000780,
0.00000351,-0.00000916,-0.00001328,-0.00000653,-0.00001220,0.00000570,0.00000957
,0.00011564,0.00005863,0.00008952,-0.00004920,-0.00012027,0.00003842,-0.00000269
,0.00000355,0.00000201,0.00000536,0.00000256,0.00000153,0.00000175,0.00000671,-0
.00000077,0.00000232,0.00001722,0.00000844,0.00001020,-0.00000149,-0.00000997,0.
00000264,0.00000234,-0.00000308,0.00000517,0.00000265,0.00000399,0.00000006,-0.0
0000484,0.00000306,0.00000269,-0.00000431,-0.00000046,0.00000400,0.00000151,0.00
000217,-0.00000231,-0.00000154,-0.00000322,-0.00000223,0.00000446,0.00000091,-0.
00012702,-0.00004759,-0.00004897,-0.00001840,0.00022002,-0.00014589,0.00010389,-
0.00002169,0.00013297,-0.00003152,0.00004450,-0.00001229,0.00001181,-0.00000498,
0.00000976,-0.00000252,-0.00002229,0.00002559,-0.00004185,-0.00002240,0.00001567
,0.00006932,-0.00003208,-0.00000460,0.00003153,0.00016371,0.00019429,0.00006207,
0.00000043,-0.00015166,-0.00002569,-0.00006391,0.00002816,-0.00000958,-0.0000114
1,-0.00000109,-0.00001153,-0.00002161,0.00000122,-0.00005164,-0.00000969,-0.0000
2662,0.00001484,0.00055609,0.00058774,0.01619126,-0.20989442,-0.11264218,-0.0023
9132,-0.00502827,-0.00524701,-0.00141336,0.00025755,-0.00094356,0.00069414,0.000
65278,0.00089641,-0.01813764,0.24060532,0.00007724,0.00002607,0.00000121,0.00003
085,-0.00000866,0.00002542,0.00001931,-0.00005157,-0.00001868,0.00000963,-0.0000
0451,0.00001030,-0.00000452,-0.00000043,-0.00000418,0.00000734,-0.00000034,0.000
00053,0.00000305,0.00000514,-0.00000707,0.00005592,-0.00023274,-0.00023479,0.000
00266,0.00001398,-0.00001892,0.00000861,0.00000160,-0.00000712,0.00003911,0.0001
5041,0.00011344,-0.00005623,-0.00000738,0.00001567,-0.00000395,0.00000955,0.0000
1014,0.00001357,-0.00000015,0.00000992,-0.00002457,-0.00000520,-0.00002423,-0.00
000702,0.00000789,-0.00000106,0.00000669,0.00000006,0.00000393,0.00014615,-0.000
08037,0.00001461,-0.00005293,0.00003184,0.00003622,-0.00006711,-0.00003791,0.000
02761,-0.00003214,-0.00000269,-0.00003534,0.00000603,-0.00002596,-0.00000760,-0.
00000188,-0.00001369,-0.00004424,-0.00000259,-0.00000574,-0.00000079,0.00001252,
0.00000067,0.00000253,-0.00000219,0.00000539,-0.00000440,0.00000045,-0.00000520,
0.00001062,0.00010259,0.00004554,0.00003653,-0.00001762,0.00002539,0.00002249,-0
.00000132,0.00000554,0.00000154,0.00000403,0.00000416,-0.00000273,-0.00000119,0.
00000882,0.00000695,-0.00001765,0.00000653,0.00000734,0.00000687,0.00000252,0.00
000041,0.00000329,0.00000165,-0.00000496,0.00000157,0.00000185,-0.00000012,0.000
00410,-0.00000714,0.00000252,0.00000238,0.00000374,-0.00000300,-0.00000040,-0.00
000061,-0.00000022,0.00000108,0.00000172,-0.00000321,-0.00000246,0.00000440,0.00
000169,0.00014807,-0.00000449,0.00003596,-0.00011776,-0.00008564,0.00007427,0.00
018367,0.00001219,0.00007747,-0.00005705,0.00002384,-0.00007746,-0.00004059,0.00
003925,-0.00007056,-0.00000627,0.00001694,-0.00001216,-0.00000715,0.00001717,-0.
00003433,-0.00002801,0.00001787,-0.00005172,0.00010878,0.00003961,-0.00003739,0.
00006156,-0.00016303,0.00002576,0.00002738,0.00004207,0.00000676,0.00000099,0.00
000147,-0.00000039,0.00000082,-0.00000830,0.00000049,-0.00004323,-0.00000692,-0.
00001627,0.00073855,0.00079209,0.00061756,0.01154729,-0.11198306,-0.12013849,-0.
00208330,-0.01623831,-0.01308963,-0.00370544,-0.00067677,-0.00217234,0.00053453,
-0.00052617,0.00040002,-0.01034470,0.13140870,0.13808729,-0.00000345,-0.00005754
,0.00001282,-0.00016372,-0.00003270,0.00009305,-0.00006383,0.00004950,-0.0000859
1,-0.00000643,-0.00000023,-0.00000388,0.00000414,-0.00000328,0.00000239,0.000001
08,0.00000031,0.00000171,-0.00000483,0.00000130,0.00000072,-0.00075633,0.0003868
3,-0.00070699,0.00007518,-0.00002036,-0.00005948,-0.00001391,0.00000419,0.000011
16,0.00027583,-0.00007167,0.00048473,0.00002127,0.00002594,0.00003067,-0.0000006
1,-0.00002074,0.00000186,0.00001043,-0.00000190,0.00000025,0.00002057,-0.0000237
4,-0.00001000,0.00000746,-0.00001492,0.00000296,0.00000368,-0.00000599,-0.000001
25,-0.00000118,0.00005317,-0.00000398,-0.00000693,0.00001652,0.00002515,-0.00001
086,0.00008005,-0.00006401,0.00010004,0.00000393,0.00002694,0.00000655,0.0000078
2,-0.00001071,0.00000321,0.00000848,0.00000223,0.00000382,-0.00000052,0.00000435
,-0.00000212,0.00000309,0.00000222,-0.00000787,-0.00000579,-0.00000678,-0.000004
31,0.00000963,0.00000473,0.00026875,-0.00010607,-0.00004642,-0.00004506,-0.00008
414,0.00009181,0.00000271,-0.00000199,-0.00000117,0.00000735,0.00000155,0.000007
39,0.00000029,-0.00000043,-0.00000271,0.00003449,0.00001496,0.00000877,-0.000002
43,-0.00000293,-0.00001985,-0.00000340,0.00000185,0.00000299,0.00001156,0.000003
41,0.00000624,-0.00000227,0.00000359,-0.00000452,-0.00000717,-0.00001025,0.00000
493,0.00000812,0.00000587,0.00000169,-0.00000563,-0.00000195,0.00000068,0.000002
79,-0.00000244,-0.00000210,-0.00004636,-0.00001407,0.00001881,0.00000681,0.00008
995,-0.00010484,-0.00001218,-0.00001280,0.00000947,-0.00001581,-0.00000809,0.000
00496,0.00000352,-0.00001448,0.00002136,0.00000687,-0.00000137,0.00001183,0.0000
1025,-0.00001476,0.00002892,0.00002821,-0.00002253,-0.00000636,0.00003835,0.0000
8416,0.00006242,0.00001145,0.00001024,-0.00000044,-0.00000933,-0.00001915,0.0000
0352,0.00000159,-0.00001650,0.00000426,0.00000648,-0.00001137,-0.00000041,-0.000
00185,0.00000039,-0.00001601,0.00190356,-0.00040477,0.00029880,-0.04404336,0.014
67005,-0.01024328,-0.00491292,0.01985453,-0.01713247,0.00050683,0.00067403,0.000
57497,-0.00409432,-0.00025831,-0.00312328,0.00063609,0.00326659,-0.00140260,0.04
971958,-0.00003415,0.00004672,-0.00000709,0.00011869,0.00004548,0.00001978,-0.00
001658,-0.00002230,0.00005293,0.00000099,0.00000024,-0.00000417,-0.00000699,0.00
000499,0.00000096,-0.00000220,0.00000216,0.00000194,0.00000517,0.00000018,0.0000
0061,0.00015601,-0.00008834,0.00023234,-0.00006710,-0.00000488,-0.00002902,0.000
01552,-0.00001166,-0.00001129,-0.00008316,0.00006297,-0.00030830,-0.00002369,-0.
00002142,-0.00001823,0.00000626,0.00001255,-0.00000454,-0.00001237,-0.00000312,-
0.00000238,-0.00000661,-0.00000293,0.00000306,-0.00000664,0.00000874,-0.00000665
,0.00000047,0.00000167,-0.00000432,-0.00014675,0.00000359,-0.00000924,0.00004531
,-0.00001555,-0.00002031,0.00005263,-0.00002673,0.00009656,-0.00010231,-0.000019
59,-0.00004035,-0.00000368,-0.00000826,0.00001715,-0.00000311,-0.00000701,0.0000
0331,-0.00000778,0.00000985,-0.00000262,-0.00000591,-0.00000572,-0.00000507,0.00
000561,0.00000395,0.00000797,0.00000585,-0.00000700,-0.00000026,-0.00011948,0.00
003445,-0.00005912,0.00003251,0.00013456,-0.00005369,0.00000159,-0.00000470,-0.0
0000377,0.00000143,0.00000317,0.00000023,-0.00000365,0.00000282,0.00000618,-0.00
000127,0.00000502,-0.00000222,0.00000187,-0.00001442,-0.00000333,-0.00000608,-0.
00000360,0.00000552,0.00000599,0.00000353,0.00000454,0.00000349,0.00000038,-0.00
000160,0.00000141,0.00000558,0.00000048,0.00000437,0.00000337,0.00000067,0.00000
371,0.00000171,-0.00000073,0.00000024,-0.00000382,-0.00000005,0.00010523,0.00003
494,0.00000293,-0.00004455,-0.00015145,0.00011399,0.00003349,-0.00000365,-0.0000
3535,0.00000466,0.00000344,-0.00002172,-0.00002063,0.00002951,-0.00004075,-0.000
00686,0.00000732,-0.00001394,0.00002008,0.00002576,-0.00003141,-0.00005982,0.000
02282,0.00000081,0.00001962,-0.00013577,-0.00007709,-0.00000491,-0.00004231,0.00
006590,0.00001775,0.00005007,-0.00000619,-0.00000102,0.00001351,-0.00000196,0.00
000653,0.00001342,0.00000022,0.00000228,0.00000214,0.00001203,0.00021382,0.00024
865,-0.00056516,0.01460197,-0.19944878,0.11610416,0.00226660,0.00003936,0.001531
92,-0.00066586,0.00066757,-0.00061313,0.00050174,0.00055749,0.00048679,0.0021313
8,-0.02755688,0.01520466,-0.01742077,0.22855627,0.00003043,-0.00004989,-0.000010
37,0.00004099,0.00004538,0.00002903,0.00004856,0.00004205,-0.00003541,-0.0000012
2,-0.00000245,0.00001087,0.00000369,-0.00000312,-0.00000525,0.00000061,-0.000002
56,-0.00000450,-0.00000270,0.00000092,-0.00000295,0.00002890,0.00024486,-0.00017
526,-0.00000053,-0.00001545,-0.00001011,-0.00000128,0.00000602,0.00000549,0.0000
9304,-0.00015147,0.00013343,0.00000683,0.00001587,0.00001751,-0.00000602,-0.0000
2664,-0.00000046,0.00001651,0.00001157,0.00000291,0.00001552,-0.00001825,-0.0000
1296,0.00000524,-0.00000908,0.00000655,-0.00000140,-0.00000238,0.00000414,0.0001
1442,0.00002561,0.00001521,-0.00002908,0.00002492,0.00002170,-0.00003499,0.00000
910,0.00002312,-0.00002403,-0.00004280,-0.00001618,0.00000161,0.00001067,0.00000
290,-0.00000656,0.00000746,0.00000300,0.00000426,-0.00000117,0.00000488,-0.00000
097,0.00000881,0.00000605,-0.00000730,-0.00000516,-0.00000172,0.00000228,-0.0000
0157,0.00000520,0.00016816,-0.00006099,-0.00000921,0.00002577,-0.00000963,0.0000
5547,-0.00000104,0.00000224,0.00000349,-0.00000395,-0.00000421,-0.00000339,0.000
00236,-0.00000069,-0.00000471,-0.00002783,-0.00001341,0.00000003,-0.00000512,0.0
0001029,-0.00000212,0.00000697,0.00000182,-0.00000700,-0.00000913,-0.00000694,-0
.00000501,-0.00000233,0.00000641,-0.00000153,-0.00000759,-0.00000502,0.00000573,
-0.00000776,-0.00000482,-0.00000359,-0.00000173,0.00000339,0.00000234,0.00000376
,0.00000225,-0.00000131,0.00001355,-0.00000148,0.00000429,-0.00003286,0.00003018
,-0.00003038,-0.00001986,0.00000383,-0.00003945,-0.00000688,0.00000137,0.0000046
4,0.00000511,-0.00000941,0.00002140,-0.00000297,-0.00000009,0.00000133,-0.000022
71,0.00000847,-0.00000111,0.00001385,-0.00000478,-0.00001282,-0.00000057,-0.0000
4787,0.00005666,0.00000449,0.00001214,0.00003426,0.00000183,-0.00000167,-0.00001
012,0.00000309,-0.00000491,-0.00000290,0.00000580,-0.00000050,-0.00000410,0.0000
2679,0.00000217,-0.00000565,0.00098805,-0.00059521,0.00068807,-0.01048141,0.1157
1457,-0.13060466,-0.00496318,0.01523251,-0.01360790,0.00035180,0.00066916,0.0003
1336,-0.00350904,-0.00013901,-0.00223318,0.00133865,-0.01353752,0.00992856,0.015
07942,-0.13494129,0.14971893,-0.00000605,0.00008203,-0.00004391,0.00020560,0.000
04505,-0.00015779,0.00023378,0.00004650,0.00007060,0.00000998,-0.00002116,0.0000
2987,-0.00000196,0.00000339,-0.00000873,-0.00000008,-0.00000262,-0.00000846,0.00
001251,0.00000466,-0.00000749,-0.00042118,-0.00038506,0.00121573,-0.00007087,0.0
0001457,0.00011216,0.00002981,-0.00000214,-0.00000383,-0.00004452,0.00003179,-0.
00026304,-0.00003424,-0.00003772,-0.00002465,0.00000677,0.00001613,0.00000531,-0
.00000297,0.00000243,-0.00000406,-0.00001792,-0.00002209,0.00003095,-0.00000311,
0.00001326,0.00000293,-0.00000550,0.00000803,0.00000858,0.00014324,-0.00004788,0
.00008838,-0.00001429,0.00003151,-0.00000128,-0.00003557,-0.00003992,-0.00000954
,-0.00008262,-0.00002662,0.00000031,-0.00001452,-0.00000580,0.00000392,0.0000060
7,-0.00002347,0.00001224,0.00000039,0.00000197,0.00000038,0.00000199,-0.00000412
,0.00001371,0.00002596,0.00000694,0.00002370,0.00000970,-0.00001114,-0.00001329,
-0.00072753,0.00012803,-0.00006235,0.00001132,0.00004777,-0.00005705,0.00000267,
0.00000298,0.00000696,-0.00001163,-0.00000999,-0.00001860,0.00000374,-0.00000335
,0.00000067,-0.00012509,-0.00004317,-0.00003114,-0.00000801,0.00001451,0.0000188
5,0.00001421,0.00000389,-0.00001717,-0.00002465,-0.00001312,-0.00001164,0.000008
92,0.00000807,0.00001331,0.00000679,0.00001802,0.00000159,-0.00001986,-0.0000178
0,-0.00001066,0.00000884,0.00000898,-0.00000409,0.00000490,0.00000646,0.00000009
,0.00002925,0.00004392,-0.00000881,0.00001380,-0.00010091,0.00008868,-0.00002679
,-0.00001674,-0.00001052,0.00000727,-0.00002847,0.00000844,-0.00000103,0.0000176
6,-0.00002338,-0.00000982,-0.00001973,0.00000190,-0.00003214,0.00001352,0.000001
88,-0.00000271,0.00000630,-0.00002508,-0.00006123,-0.00001051,-0.00006052,-0.000
01490,-0.00001419,0.00000209,0.00002233,0.00004003,-0.00000660,0.00000163,0.0000
2235,-0.00001158,-0.00000006,-0.00000042,0.00000165,0.00004202,0.00000170,0.0000
1090,-0.00743784,-0.00064782,-0.00299098,-0.20136132,-0.01249634,0.11616485,-0.0
2301883,-0.00201404,0.01401026,0.00067350,0.00039308,0.00071102,0.00044404,-0.00
030219,0.00055870,-0.00359266,0.00128280,0.00471696,0.00076434,-0.00111646,0.001
39839,0.23369904,0.00001641,0.00000961,-0.00001241,0.00002708,0.00001052,-0.0000
1274,0.00003414,-0.00000749,-0.00000507,0.00000191,0.00000076,0.00000410,-0.0000
0031,-0.00000006,-0.00000168,0.00000135,-0.00000190,-0.00000060,0.00000162,0.000
00158,-0.00000184,-0.00011027,0.00011183,0.00007945,-0.00000546,0.00000267,0.000
01531,0.00000445,-0.00000583,0.00000117,0.00001146,-0.00003824,0.00002602,-0.000
00703,-0.00001078,0.00000034,0.00000008,-0.00000742,-0.00000450,0.00000296,0.000
00163,0.00000333,0.00000419,0.00000228,-0.00000457,-0.00000018,0.00000349,-0.000
00070,-0.00000318,0.00000074,0.00000181,0.00001299,-0.00000756,0.00000923,-0.000
00923,0.00001236,0.00000724,0.00000087,-0.00000261,0.00003018,-0.00001029,-0.000
01092,0.00000584,-0.00000420,0.00000148,0.00000871,-0.00000364,0.00000501,0.0000
0515,-0.00000679,0.00000095,-0.00000112,-0.00000245,0.00000332,0.00000229,-0.000
00529,-0.00000527,0.00000106,-0.00000211,-0.00000395,0.00000243,-0.00012975,-0.0
0000309,-0.00000737,0.00002099,-0.00001752,-0.00001306,0.00000082,-0.00000087,0.
00000151,-0.00000173,-0.00000148,-0.00000183,-0.00000037,0.00000372,-0.00000079,
-0.00002614,-0.00000875,-0.00000628,0.00000066,0.00000274,0.00000054,0.00000365,
0.00000044,-0.00000229,-0.00000133,-0.00000149,0.00000034,-0.00000041,0.00000339
,0.00000270,-0.00000140,0.00000224,0.00000132,-0.00000171,-0.00000196,-0.0000010
4,0.00000077,0.00000141,-0.00000089,0.00000225,-0.00000046,-0.00000136,-0.000002
69,-0.00000310,-0.00003617,-0.00002185,0.00002686,-0.00000981,-0.00003110,-0.000
02110,-0.00004436,0.00002228,0.00002407,0.00000608,0.00002281,0.00000454,0.00002
035,-0.00000895,-0.00001182,0.00000104,-0.00003133,-0.00000445,-0.00000749,0.000
02491,-0.00000271,0.00000929,-0.00003683,-0.00004588,0.00007317,0.00002288,0.000
05946,0.00002548,0.00000841,-0.00000637,-0.00000579,0.00000142,0.00000173,-0.000
00056,-0.00000134,-0.00000031,-0.00000150,0.00001317,-0.00000115,0.00000266,-0.0
0093601,0.00030290,-0.00035735,-0.01238516,-0.04367753,0.00901178,-0.00241996,-0
.00026442,0.00155832,-0.00039073,-0.00001532,-0.00005576,0.00056041,-0.00003841,
0.00012310,0.02180409,0.00012608,-0.01772721,-0.02107458,-0.00336414,0.01779735,
0.01490752,0.04736031,-0.00000770,-0.00001753,-0.00000419,-0.00015488,-0.0000454
4,0.00007858,-0.00006798,0.00001833,-0.00004563,-0.00000639,0.00000586,-0.000010
03,-0.00000150,-0.00000028,0.00000463,0.00000157,0.00000053,0.00000438,-0.000005
10,-0.00000321,0.00000168,-0.00139502,-0.00014474,0.00011325,0.00006644,-0.00000
202,-0.00006394,0.00000426,-0.00001692,0.00000403,0.00035865,-0.00000740,0.00029
552,-0.00001328,0.00001467,0.00001314,0.00000204,-0.00001202,0.00000081,0.000008
07,0.00000295,0.00000472,0.00000516,-0.00000635,-0.00000091,0.00000129,-0.000006
71,-0.00000083,0.00000438,-0.00000561,-0.00000365,-0.00021858,0.00008450,-0.0000
0150,0.00005854,-0.00000391,0.00000459,0.00004522,0.00001583,-0.00000344,0.00008
268,0.00002871,0.00002776,0.00000757,0.00000537,0.00000912,0.00000174,0.00000799
,-0.00000289,-0.00000202,0.00000766,-0.00000190,-0.00000825,0.00000638,-0.000006
45,-0.00000989,-0.00001310,-0.00000150,-0.00000767,0.00000067,0.00000586,-0.0000
8663,0.00003968,-0.00012095,-0.00003407,-0.00005579,0.00001493,-0.00000011,-0.00
000339,-0.00000463,0.00000832,0.00000576,0.00000961,-0.00000227,0.00000518,0.000
00018,0.00004944,0.00001553,0.00000445,-0.00000195,-0.00000846,-0.00001402,-0.00
000988,-0.00000245,0.00000771,0.00001203,0.00000756,0.00000744,0.00000039,-0.000
00185,-0.00000003,0.00000161,-0.00000452,0.00000048,0.00001153,0.00000943,0.0000
0470,-0.00000305,-0.00000306,-0.00000092,-0.00000027,-0.00000330,-0.00000232,-0.
00005194,-0.00003492,-0.00002308,-0.00002937,0.00006632,-0.00007776,0.00000343,-
0.00002458,-0.00002768,0.00001074,0.00004174,-0.00001983,0.00001798,-0.00001482,
0.00002550,0.00000797,-0.00001224,0.00001696,-0.00001315,0.00000964,-0.00000660,
0.00003031,-0.00001382,0.00001594,0.00000552,0.00003535,0.00010993,0.00003616,0.
00006171,0.00001821,-0.00000482,-0.00002787,0.00000833,0.00000412,-0.00001409,0.
00001069,0.00000653,-0.00001043,0.00000368,-0.00000984,-0.00000452,-0.00000672,-
0.00282760,-0.00040080,-0.00020907,0.11764338,0.00924885,-0.12756179,-0.01033949
,-0.00078211,0.00772660,-0.00057828,0.00004758,0.00024422,-0.00053750,-0.0002173
4,0.00012665,0.01628512,-0.00086580,-0.01301337,0.01689337,0.00355443,-0.0139168
6,-0.13436205,-0.01058007,0.14677689,-0.00000173,-0.00006159,0.00001358,-0.00001
108,0.00005830,0.00009962,-0.00005833,0.00008562,-0.00003400,-0.00000568,-0.0000
0027,-0.00000618,0.00000302,-0.00000312,0.00000041,-0.00000008,-0.00000009,-0.00
000015,-0.00000191,0.00000178,-0.00000104,-0.00049990,0.00063507,-0.00003524,0.0
0001367,-0.00003662,-0.00006746,-0.00000529,0.00000056,0.00000723,-0.00004987,-0
.00024051,0.00011026,0.00002554,0.00001665,0.00001678,-0.00000104,-0.00002938,-0
.00000103,0.00001401,-0.00000086,-0.00000208,-0.00000171,-0.00002495,-0.00000813
,0.00000507,-0.00001388,0.00000431,0.00000349,-0.00000734,-0.00000020,-0.0001257
6,0.00012960,-0.00000875,0.00002318,0.00000969,0.00001178,-0.00000199,0.00005749
,0.00002448,-0.00000421,-0.00006122,-0.00001854,0.00000352,0.00000612,-0.0000031
7,-0.00000111,0.00001056,0.00000596,0.00000113,0.00000158,0.00000653,-0.00000478
,0.00000424,-0.00000064,-0.00000375,-0.00000385,-0.00000314,0.00000074,0.0000049
4,0.00000278,0.00003067,-0.00013560,0.00004054,0.00002507,-0.00000369,0.00004807
,0.00000540,-0.00000636,0.00000037,0.00000600,-0.00000058,0.00000635,0.00000048,
-0.00000198,-0.00000154,0.00000660,0.00000005,0.00000132,-0.00001512,0.00000180,
-0.00002687,-0.00000654,-0.00000256,0.00000149,0.00001120,-0.00000311,0.00000486
,-0.00000339,0.00001404,-0.00001448,-0.00002556,-0.00001312,0.00001930,0.0000042
7,0.00000405,-0.00000074,-0.00000554,0.00000129,0.00000493,0.00000856,-0.0000055
7,-0.00000458,0.00001063,-0.00000347,0.00000996,-0.00000136,0.00002214,-0.000036
49,-0.00000087,-0.00000218,0.00001242,-0.00000626,-0.00000923,0.00000818,-0.0000
0145,-0.00000349,0.00000671,-0.00000728,0.00000333,-0.00000416,0.00000524,-0.000
01108,0.00001062,-0.00000167,-0.00001258,-0.00000422,-0.00000089,-0.00000418,-0.
00000485,-0.00000336,-0.00000202,-0.00000584,-0.00000454,-0.00000853,0.00000026,
-0.00000270,-0.00000699,0.00000036,0.00000482,0.00000003,-0.00000152,0.00001614,
0.00000222,-0.00000645,0.00033980,-0.00014394,-0.00038585,0.00020137,-0.00074667
,0.00002287,-0.00031568,0.00292320,-0.00066742,-0.04803548,0.02377622,-0.0173991
5,0.00038846,0.00055588,0.00025865,-0.00011691,0.00007814,-0.00003796,0.00009184
,-0.00021211,-0.00041993,-0.00011613,-0.00013950,0.00013545,0.05117866,-0.000027
23,0.00012555,0.00003160,0.00005594,-0.00002489,-0.00005194,-0.00000709,-0.00009
478,0.00009349,0.00000431,-0.00000221,-0.00000601,-0.00001066,0.00000816,0.00000
284,-0.00000280,0.00000310,0.00000405,0.00000755,-0.00000299,0.00000236,0.000533
87,-0.00075593,0.00014055,-0.00004440,0.00002923,0.00002244,0.00000445,0.0000097
2,-0.00002244,-0.00010712,0.00032363,-0.00032525,-0.00002953,-0.00001767,-0.0000
3564,-0.00000629,0.00004357,-0.00000272,-0.00002821,-0.00000740,-0.00000747,-0.0
0002974,0.00000808,0.00000115,-0.00001202,0.00001598,-0.00001193,0.00000079,0.00
000378,-0.00000574,-0.00017538,-0.00006641,0.00003065,0.00002989,-0.00003633,-0.
00003344,0.00004216,-0.00006852,0.00005117,-0.00004361,0.00004864,-0.00001028,-0
.00001103,-0.00001969,-0.00000035,-0.00000028,-0.00001758,-0.00000765,-0.0000135
2,0.00000207,-0.00000604,0.00000678,-0.00001519,-0.00001067,0.00001057,0.0000171
5,0.00000726,0.00000113,-0.00000806,-0.00000094,-0.00011008,0.00011958,-0.000070
37,-0.00000770,0.00005596,-0.00007300,0.00000248,-0.00000130,-0.00000261,0.00000
258,0.00000601,-0.00000039,-0.00000547,0.00000857,0.00001024,0.00001071,0.000012
07,-0.00000329,0.00001368,-0.00001959,0.00000797,-0.00001140,-0.00000309,0.00001
133,0.00000335,0.00000854,0.00000819,0.00001310,-0.00000661,0.00000686,0.0000127
9,0.00002257,-0.00001042,0.00000450,0.00000355,0.00000192,0.00000688,-0.00000183
,-0.00000183,-0.00000570,-0.00000225,0.00000266,0.00002239,0.00001475,-0.0000477
0,-0.00000454,-0.00008628,0.00010021,0.00003902,-0.00001457,-0.00000850,0.000035
53,0.00000903,-0.00001512,0.00000263,0.00003786,-0.00004361,-0.00001363,0.000004
03,-0.00001781,0.00001236,-0.00001170,-0.00001904,-0.00001393,0.00001763,0.00000
673,-0.00000927,-0.00002172,-0.00000334,-0.00000250,-0.00000438,0.00000880,0.000
00453,0.00002368,0.00000336,-0.00000535,0.00001211,0.00000323,-0.00000324,0.0000
0591,0.00000742,-0.00002435,-0.00000095,0.00001433,-0.00058980,0.00202426,0.0009
1202,0.00041272,0.00081788,0.00096411,0.00368634,-0.02759624,0.01267030,0.023435
68,-0.20005383,0.11253970,0.00060745,-0.00479406,-0.00350873,0.00015995,0.000401
29,0.00027423,-0.00034322,0.00012268,-0.00082248,-0.00009814,-0.00016312,0.00004
728,-0.02783658,0.23380616,0.00004010,-0.00002117,-0.00005087,0.00003919,0.00001
298,-0.00001712,0.00003923,0.00002181,-0.00000932,0.00000213,-0.00000208,0.00001
269,0.00000139,-0.00000076,-0.00000685,-0.00000003,-0.00000206,-0.00000446,-0.00
000029,0.00000058,-0.00000419,0.00032845,0.00015225,-0.00007280,-0.00001125,0.00
000392,0.00002095,0.00001480,-0.00000538,-0.00000079,-0.00045973,-0.00002730,0.0
0009711,0.00000485,-0.00000701,0.00001950,0.00000012,-0.00002690,0.00000412,0.00
001210,0.00001502,0.00000610,-0.00001248,-0.00001558,-0.00001820,-0.00000083,-0.
00000207,0.00000521,-0.00000246,-0.00000066,0.00000323,0.00026310,-0.00003976,-0
.00002423,-0.00007734,0.00005589,0.00004706,-0.00002233,-0.00001560,-0.00000764,
-0.00001799,-0.00001709,0.00000046,0.00000125,-0.00000127,0.00001529,-0.00000431
,0.00000275,-0.00000953,-0.00000247,0.00000099,0.00000525,-0.00000226,0.00001234
,0.00000986,-0.00000520,-0.00000439,0.00000551,0.00000144,-0.00000525,0.00000398
,-0.00010562,-0.00000050,0.00015477,0.00001639,-0.00001382,0.00000102,-0.0000036
9,-0.00000032,0.00000317,-0.00000531,-0.00000392,-0.00000714,0.00000195,0.000001
82,-0.00000142,-0.00004824,-0.00001765,-0.00000735,-0.00000517,0.00001284,-0.000
00067,0.00000961,0.00000173,-0.00001278,-0.00001387,-0.00001062,-0.00000677,-0.0
0000128,0.00001034,-0.00000258,-0.00000944,-0.00000270,0.00001227,-0.00001132,-0
.00000753,-0.00000427,0.00000081,0.00000372,0.00000342,0.00000340,0.00000283,-0.
00000144,-0.00000111,0.00000135,0.00000281,-0.00001503,-0.00000211,0.00000739,0.
00001317,0.00000869,-0.00000236,-0.00000474,0.00000701,-0.00000918,-0.00000549,-
0.00000585,0.00000152,-0.00000237,0.00000467,-0.00000331,-0.00001472,0.00000887,
-0.00000873,-0.00000064,0.00000381,0.00000265,0.00000610,-0.00001664,0.00001070,
0.00000745,-0.00000500,0.00000920,0.00000764,0.00000412,-0.00000062,0.00000094,0
.00000406,-0.00000423,-0.00000146,-0.00000108,-0.00000364,0.00000712,-0.00000507
,-0.00000285,-0.00100320,0.00036746,0.00110250,0.00047155,-0.00061808,0.00060447
,0.00158131,-0.01293027,0.00873496,-0.01655651,0.11323518,-0.12401517,0.00019091
,-0.00257547,-0.00112257,0.00005923,0.00000698,-0.00004643,-0.00022058,-0.000330
25,-0.00015280,0.00001736,0.00014076,-0.00012152,0.02020801,-0.12958093,0.140840
22,0.00000580,0.00009548,-0.00009284,0.00010831,-0.00000686,-0.00012674,0.000137
07,-0.00002620,-0.00006929,0.00001375,-0.00001261,0.00003069,-0.00000319,0.00000
379,-0.00000622,0.00000226,-0.00000317,-0.00000534,0.00000814,0.00000509,-0.0000
0929,0.00081756,-0.00035493,-0.00029838,-0.00004000,0.00003502,0.00011612,0.0000
5298,-0.00001816,-0.00000505,-0.00068327,0.00063297,-0.00007531,-0.00004013,-0.0
0006884,-0.00000441,0.00001372,-0.00000375,0.00000756,-0.00000430,0.00000146,0.0
0000693,-0.00002385,-0.00002524,0.00002766,-0.00000523,0.00001732,0.00000414,-0.
00000690,0.00001026,0.00000679,0.00036161,-0.00016715,0.00019634,-0.00014213,0.0
0011113,0.00008033,-0.00004279,-0.00005493,0.00001409,-0.00004192,0.00000499,0.0
0003463,-0.00001062,-0.00001483,0.00002467,0.00000826,-0.00001614,-0.00000085,-0
.00001076,0.00000688,0.00000323,-0.00000363,0.00000505,0.00001382,0.00001695,-0.
00000442,0.00002530,0.00000195,-0.00000960,-0.00000704,-0.00015641,0.00006199,0.
00016301,-0.00002019,0.00002066,-0.00001127,-0.00000356,0.00000526,0.00000690,-0
.00000765,-0.00000817,-0.00001548,0.00000171,0.00000082,0.00000086,-0.00009706,-
0.00001978,-0.00002353,0.00000787,0.00001167,0.00001321,0.00001482,0.00000694,-0
.00001863,-0.00002678,-0.00000808,-0.00000557,0.00002212,-0.00000362,0.00003398,
0.00001513,0.00002868,-0.00001371,-0.00001533,-0.00001518,-0.00000837,0.00000840
,0.00000633,-0.00000726,-0.00000032,0.00000922,0.00000134,0.00000243,0.00002384,
-0.00000002,0.00000015,-0.00004136,0.00004593,-0.00001726,-0.00000734,-0.0000083
7,0.00000751,-0.00000182,0.00000229,0.00000128,0.00000470,-0.00000871,-0.0000065
0,-0.00001748,0.00000548,-0.00003855,0.00000964,-0.00000292,-0.00000117,0.000014
26,-0.00000099,-0.00000776,-0.00000017,-0.00000720,0.00001077,0.00000153,0.00000
518,0.00001808,0.00002213,-0.00000266,0.00000258,0.00002153,-0.00001031,-0.00000
270,-0.00000584,-0.00000031,0.00001970,-0.00001269,-0.00000234,-0.00049065,0.001
39356,0.00092706,0.00025862,-0.00058247,-0.00070949,-0.00421594,0.00082871,0.004
16668,-0.19169577,-0.01775052,0.11799772,0.00024800,-0.00027946,-0.00025939,-0.0
0007375,-0.00010819,-0.00014193,-0.00008608,0.00003722,0.00002019,0.00024816,-0.
00027433,-0.00049822,0.00180943,-0.00083519,-0.00046781,0.22027472,0.00001010,0.
00000396,-0.00000725,-0.00002064,-0.00001664,0.00002159,-0.00003034,0.00001035,-
0.00005808,-0.00000037,0.00000597,-0.00000136,-0.00000004,-0.00000093,-0.0000004
8,0.00000090,-0.00000134,0.00000058,-0.00000291,0.00000040,-0.00000069,-0.000334
59,-0.00034737,-0.00048756,0.00001010,0.00000702,0.00000350,0.00000190,-0.000003
73,0.00000118,-0.00021282,0.00001822,0.00031567,0.00000446,-0.00001003,0.0000132
4,0.00000407,-0.00000835,-0.00000361,-0.00000183,0.00000271,0.00000434,0.0000047
2,0.00001417,-0.00001976,-0.00000170,0.00000255,-0.00000181,-0.00000325,0.000000
68,0.00000038,0.00011405,-0.00003516,-0.00004476,-0.00005601,0.00002715,0.000026
72,0.00002429,-0.00001144,-0.00000155,0.00000861,-0.00000493,0.00000878,-0.00000
200,0.00000007,0.00000455,-0.00000129,0.00000424,-0.00000065,-0.00000557,0.00000
044,-0.00000037,-0.00000285,0.00000253,0.00000199,-0.00000567,-0.00000321,-0.000
00295,-0.00000578,0.00000176,0.00000554,0.00016149,0.00012182,0.00002683,0.00000
369,-0.00004313,0.00001360,-0.00000144,0.00000105,0.00000257,0.00000032,-0.00000
011,0.00000138,-0.00000148,0.00000365,-0.00000003,0.00000645,-0.00000739,0.00000
428,0.00000756,0.00000242,0.00000164,0.00000171,0.00000049,0.00000026,0.00000068
,0.00000230,0.00000156,-0.00000024,-0.00000270,0.00000630,0.00000023,0.00000323,
-0.00000710,0.00000062,0.00000024,0.00000054,-0.00000043,-0.00000180,-0.00000134
,-0.00000154,0.00000103,-0.00000064,0.00000034,-0.00000827,-0.00000870,-0.000003
32,0.00004776,-0.00001578,-0.00000378,0.00000178,0.00000211,0.00000356,-0.000002
23,0.00001076,0.00000225,0.00000401,0.00000462,-0.00000208,0.00000416,-0.0000035
2,0.00000335,-0.00000976,0.00000353,0.00001032,0.00000649,0.00000897,0.00001318,
0.00000651,0.00002584,0.00001095,0.00000624,0.00000219,-0.00000098,-0.00000264,-
0.00000167,-0.00000172,-0.00000057,-0.00000064,-0.00000321,0.00000282,-0.0000033
0,-0.00000627,0.00000151,-0.00000463,0.00283235,-0.00360620,-0.00560430,0.000445
05,0.00037363,0.00023169,0.01740245,0.00137732,-0.01394536,-0.01794293,-0.044494
92,0.01502965,0.00017553,0.00026507,-0.00023974,0.00012749,0.00003719,0.00015847
,-0.00011589,-0.00009233,0.00008775,-0.00027706,-0.00004556,-0.00039356,-0.02085
084,-0.00409321,0.01805048,0.02101508,0.05051223,-0.00002680,-0.00003527,0.00006
892,-0.00010826,-0.00000238,0.00012972,-0.00011119,0.00005157,-0.00004791,-0.000
00933,0.00000813,-0.00001768,-0.00000068,-0.00000043,0.00000500,-0.00000256,0.00
000123,0.00000371,-0.00001013,-0.00000783,0.00000547,-0.00114944,-0.00008082,-0.
00024438,0.00004201,-0.00002594,-0.00009661,-0.00001853,0.00000743,0.00000397,0.
00000307,-0.00009169,0.00006513,0.00001720,0.00003967,0.00000310,-0.00000818,-0.
00000935,-0.00000507,0.00000262,0.00000217,-0.00000428,0.00000182,0.00000097,-0.
00001660,0.00000224,-0.00001435,-0.00000217,0.00000603,-0.00000934,-0.00000591,-
0.00038921,0.00017205,-0.00001218,0.00007300,-0.00004265,-0.00000764,0.00005465,
0.00003089,0.00002327,0.00003607,-0.00000871,-0.00002080,0.00000601,0.00001166,-
0.00001253,-0.00000457,0.00000879,-0.00000237,0.00000342,-0.00000085,0.00000253,
0.00000139,-0.00000109,-0.00001558,-0.00001088,-0.00000110,-0.00001449,-0.000002
70,0.00000556,0.00001087,0.00038118,0.00002327,-0.00012437,0.00000660,-0.0000269
9,0.00004412,0.00000238,-0.00000165,-0.00000353,0.00000897,0.00000623,0.00001340
,-0.00000151,0.00000374,-0.00000010,0.00007763,0.00001431,0.00001515,-0.00000489
,-0.00000735,-0.00001359,-0.00001822,-0.00000541,0.00001589,0.00001643,0.0000084
6,0.00001104,0.00000183,-0.00000405,-0.00000902,-0.00000981,-0.00001100,-0.00000
358,0.00001323,0.00001234,0.00000622,-0.00000620,-0.00000448,0.00000304,-0.00000
052,-0.00000540,-0.00000205,0.00000656,-0.00003150,0.00000130,-0.00000708,0.0000
5639,-0.00005005,0.00002718,0.00000128,0.00001992,-0.00000056,0.00000393,0.00000
105,0.00000272,-0.00000534,0.00000787,-0.00000237,0.00001024,-0.00000527,0.00001
357,-0.00001590,0.00000064,0.00000745,-0.00000424,0.00000548,0.00001195,0.000015
31,0.00002027,-0.00000641,0.00000525,-0.00001162,-0.00001543,-0.00002112,0.00000
312,-0.00000391,-0.00001372,0.00000695,0.00000531,0.00000471,0.00000271,-0.00000
690,0.00000600,-0.00000516,0.00267206,-0.00402437,-0.00417606,0.00038920,0.00036
776,0.00029050,0.01486965,0.00005450,-0.01270483,0.11730805,0.01437151,-0.135155
55,-0.00018112,0.00078972,0.00039513,-0.00000364,0.00025820,0.00027921,0.0000898
1,0.00004134,-0.00020993,-0.00075050,-0.00063542,-0.00018136,0.01656685,0.005145
46,-0.01424730,-0.13751232,-0.01515157,0.15563601,-0.00000843,-0.00005416,-0.000
04851,-0.00008041,-0.00000711,0.00006445,-0.00005450,0.00002793,-0.00004960,-0.0
0002080,0.00001685,-0.00002597,-0.00000039,0.00000147,0.00000474,-0.00000209,0.0
0000205,0.00000342,-0.00000565,0.00000162,0.00000504,0.00107236,0.00018952,0.001
27821,0.00001774,-0.00001073,-0.00006942,-0.00000919,-0.00006750,0.00000758,-0.0
0252352,0.00069120,0.00033400,0.00001851,0.00000560,0.00002401,0.00000946,-0.000
01897,-0.00000061,0.00001050,0.00000214,0.00001010,0.00003841,0.00001001,-0.0000
0911,0.00000452,-0.00000691,-0.00000079,-0.00000138,-0.00000599,-0.00000545,-0.0
0105923,0.00045958,-0.00000087,0.00014779,0.00000403,-0.00000738,0.00007807,0.00
003932,0.00000209,0.00003052,0.00001120,0.00002600,0.00001006,0.00001143,0.00002
845,0.00001259,0.00002086,0.00003679,-0.00000013,0.00003204,-0.00001324,-0.00004
143,-0.00000200,-0.00000310,-0.00000394,-0.00002850,0.00000658,-0.00000374,0.000
00797,-0.00000064,0.00008755,-0.00013806,-0.00052203,-0.00001569,0.00001260,-0.0
0004369,-0.00000264,-0.00000638,-0.00000678,0.00000328,0.00000504,0.00000812,-0.
00000322,-0.00000161,-0.00000083,0.00005433,0.00001448,0.00000945,-0.00000303,-0
.00003026,-0.00001460,-0.00000880,-0.00000949,0.00001171,0.00002173,0.00000679,-
0.00000007,-0.00003371,0.00000775,-0.00001922,0.00000153,-0.00002384,0.00002189,
0.00001247,0.00001071,0.00000382,-0.00000178,-0.00000448,0.00000309,-0.00000045,
-0.00000227,-0.00000226,-0.00000332,-0.00000630,-0.00000893,0.00000587,0.0000080
0,-0.00002659,-0.00001829,0.00000107,-0.00000932,-0.00000620,0.00000007,0.000000
44,-0.00000022,0.00000392,0.00000513,0.00000218,-0.00000171,0.00000218,0.0000255
5,-0.00000353,0.00000057,-0.00000385,-0.00000617,0.00000563,-0.00001504,-0.00000
112,-0.00000151,-0.00000571,0.00000354,0.00000480,-0.00000889,-0.00000392,-0.000
00154,-0.00000007,-0.00001346,0.00000627,0.00000409,0.00000269,-0.00000539,-0.00
000081,0.00001132,-0.00000038,0.00001786,0.00021877,-0.00015252,0.00054318,-0.00
038081,-0.00028987,-0.00005684,-0.00251880,-0.00249689,-0.21666379,-0.01968376,-
0.11038637,0.00009876,0.00027349,0.00052870,0.00008207,0.00006509,-0.00003375,0.
00003967,-0.00010380,0.00022985,0.00030022,0.00014241,-0.00003547,-0.00504743,0.
00126726,-0.00440718,-0.02660924,-0.00245158,-0.01207008,0.24925417,-0.00004684,
0.00003721,-0.00012591,0.00000682,0.00000732,-0.00004140,-0.00001828,0.00005785,
-0.00010391,-0.00000752,0.00000393,-0.00000385,-0.00000274,0.00000197,-0.0000002
9,-0.00000643,0.00000073,-0.00000001,-0.00000153,-0.00000103,0.00000546,-0.00031
928,0.00016187,-0.00199346,-0.00000604,0.00000436,0.00006726,0.00004452,0.000006
90,-0.00000611,0.00064034,-0.00050802,0.00094982,0.00005352,-0.00003570,0.000057
29,0.00001176,-0.00006426,0.00000229,-0.00002213,0.00002279,0.00000183,-0.000003
24,-0.00009854,-0.00002016,-0.00000360,0.00000135,0.00000020,-0.00001802,0.00000
529,-0.00000520,0.00080430,-0.00009872,0.00000111,-0.00028337,0.00017764,0.00014
146,-0.00001884,0.00002047,0.00003136,0.00001004,-0.00002552,0.00007044,-0.00000
254,-0.00000047,0.00005883,0.00000840,0.00000587,0.00002278,-0.00002141,0.000017
10,0.00000487,-0.00003064,0.00002366,0.00001028,0.00000384,-0.00001381,0.0000324
4,-0.00000479,0.00000011,0.00000075,-0.00011186,0.00002008,0.00046099,0.00001420
,-0.00002537,0.00004072,-0.00000463,-0.00001076,0.00000545,-0.00000443,-0.000006
01,-0.00000149,-0.00000221,0.00000222,0.00000316,-0.00004163,-0.00002548,-0.0000
3101,0.00000170,0.00000700,-0.00001440,-0.00000066,-0.00000434,-0.00000693,-0.00
002253,-0.00001336,-0.00000352,0.00000039,0.00003673,0.00000651,-0.00001416,0.00
000466,0.00002123,-0.00001275,-0.00000839,-0.00000483,0.00000174,-0.00000015,0.0
0000750,0.00000481,-0.00000228,-0.00000320,-0.00001398,0.00000932,-0.00000285,-0
.00001796,0.00000879,-0.00002071,-0.00003838,-0.00000852,-0.00003861,-0.00000658
,-0.00000693,0.00000331,0.00000330,-0.00000360,0.00001118,0.00001044,-0.00001646
,0.00001125,0.00001571,0.00000617,0.00000842,-0.00000054,0.00000349,0.00001260,0
.00000788,-0.00000546,0.00003238,0.00002172,0.00001254,0.00002963,0.00000837,0.0
0001572,-0.00000096,0.00000283,0.00000103,0.00000070,0.00000450,-0.00000925,-0.0
0000448,0.00000997,-0.00000809,-0.00002081,0.00012226,0.00075385,0.00130288,-0.0
0003657,-0.00389803,-0.00332100,-0.02100812,-0.00486037,-0.01473503,-0.01876987,
-0.04516268,-0.01068957,-0.00065165,0.00087945,-0.00066219,-0.00111023,-0.000139
83,-0.00099363,0.00012040,-0.00012163,0.00002678,0.00022061,-0.00004029,0.000069
78,0.02214069,0.00076268,0.01517861,-0.00383985,0.00055626,-0.00131590,0.0218773
6,0.05237961,-0.00007536,0.00015155,-0.00011939,-0.00003692,-0.00009240,-0.00019
032,0.00005616,-0.00006089,-0.00009908,0.00000111,-0.00001043,0.00001767,-0.0000
0927,0.00001234,-0.00000151,-0.00000993,0.00000074,-0.00000162,-0.00000004,-0.00
000724,0.00000285,0.00004305,-0.00106536,-0.00246947,-0.00000592,0.00005092,0.00
016986,0.00004749,0.00000554,-0.00001519,0.00024588,0.00080110,0.00108705,-0.000
00193,-0.00005756,0.00000725,0.00000746,-0.00000226,0.00000547,-0.00004323,0.000
02217,-0.00000441,-0.00000366,-0.00006209,0.00002339,-0.00000694,0.00001622,-0.0
0000509,-0.00001588,0.00001369,-0.00000754,0.00072031,-0.00042002,0.00020120,-0.
00030345,0.00016531,0.00013752,-0.00001699,-0.00003230,-0.00002526,0.00005325,0.
00007174,0.00012080,-0.00001067,-0.00000798,0.00005429,0.00000919,-0.00001377,0.
00001119,-0.00001952,0.00001811,0.00000461,-0.00001498,0.00001449,0.00000906,0.0
0001347,-0.00000502,0.00004333,-0.00000093,-0.00000886,-0.00000403,-0.00007394,0
.00018640,0.00028769,-0.00001551,-0.00002020,0.00002576,-0.00001086,0.00000159,-
0.00000126,-0.00000924,-0.00000357,-0.00001020,-0.00000016,0.00000801,0.00000423
,-0.00004243,-0.00000602,-0.00002803,0.00002870,-0.00000168,0.00000514,0.0000042
6,0.00000770,-0.00001203,-0.00003664,-0.00000285,-0.00000089,0.00002907,-0.00000
521,0.00005727,0.00003549,0.00003772,-0.00002771,-0.00001448,-0.00001212,-0.0000
0289,0.00000818,0.00000002,-0.00000428,-0.00001001,0.00000653,0.00000474,-0.0000
3138,0.00000773,0.00000162,-0.00001233,-0.00002116,0.00001327,-0.00003253,-0.000
00853,-0.00004847,-0.00000397,0.00000837,-0.00001286,0.00001142,-0.00000570,0.00
000633,0.00001995,-0.00002228,0.00002084,-0.00000940,0.00001798,-0.00000360,0.00
000253,0.00002242,0.00001808,0.00001243,0.00001790,0.00003744,0.00002215,0.00001
745,0.00002912,0.00001213,0.00002242,-0.00000074,0.00000658,0.00001097,-0.000000
22,0.00000355,-0.00000986,0.00000326,-0.00000184,-0.00001703,-0.00000931,-0.0002
5597,0.00086463,0.00106297,0.00006017,-0.00363149,-0.00230678,-0.01625334,-0.005
66319,-0.01283661,-0.10998756,-0.01087384,-0.11348481,0.00018694,0.00107472,0.00
052028,-0.00095024,-0.00029762,-0.00057160,0.00018668,-0.00010381,0.00028994,0.0
0024767,0.00005076,-0.00001926,-0.01850970,0.00143749,-0.01215186,0.01669670,0.0
0191839,0.01001575,0.12791232,0.01516382,0.12986490,0.00020390,0.00005325,0.0000
5781,-0.00003538,-0.00001989,0.00005287,-0.00011819,-0.00009013,0.00002908,0.000
03036,0.00000488,0.00000212,0.00000633,-0.00000659,-0.00000818,0.00001242,0.0000
0520,-0.00000077,0.00001285,0.00000152,-0.00000234,-0.00002200,-0.00050586,0.000
03393,0.00001352,0.00001044,-0.00005472,0.00003151,0.00003556,-0.00000895,0.0000
2309,0.00004459,-0.00002665,-0.00020941,-0.00003159,0.00001853,0.00000391,0.0000
5892,0.00001100,0.00005246,-0.00002631,0.00002284,-0.00028518,-0.00002547,-0.000
27653,-0.00001436,0.00001284,-0.00000618,0.00003804,0.00000464,0.00000312,-0.000
20639,-0.00005387,-0.00005191,0.00003362,-0.00002897,0.00002023,0.00001583,-0.00
005221,0.00009220,-0.00000442,0.00001566,-0.00004299,-0.00000436,-0.00005238,-0.
00004870,-0.00001725,-0.00003972,-0.00008729,0.00000642,0.00000182,-0.00000984,0
.00003169,-0.00000697,-0.00001609,0.00002193,-0.00000011,-0.00001033,-0.00000169
,-0.00001332,0.00001288,-0.00011932,0.00016432,0.00007423,-0.00000456,0.00002449
,-0.00002668,0.00000904,0.00000450,-0.00000334,0.00001621,0.00001492,0.00000367,
-0.00000929,0.00002560,0.00001066,0.00004813,0.00001414,0.00001680,0.00000977,0.
00000401,0.00000572,-0.00000183,0.00000117,0.00000594,0.00001710,0.00001001,0.00
000849,0.00000556,-0.00000514,-0.00000388,-0.00000412,0.00000758,-0.00000436,0.0
0001148,0.00000878,0.00000373,-0.00000099,0.00000109,-0.00000478,-0.00000195,-0.
00000207,0.00000077,0.00005043,-0.00008742,0.00003167,-0.00007845,-0.00018607,0.
00038463,0.00041818,0.00012579,0.00035249,0.00023065,0.00032869,0.00004162,0.000
00566,0.00022679,-0.00009346,-0.00021106,0.00010642,-0.00012659,-0.00026456,-0.0
0010052,-0.00001962,-0.00002149,0.00004621,-0.00004152,0.00001093,0.00002992,-0.
00005280,-0.00010073,-0.00001642,-0.00019521,-0.00008335,-0.00016923,-0.00002188
,-0.00000924,-0.00003740,-0.00001301,-0.00002960,-0.00003773,-0.00001453,-0.0001
2291,-0.00004152,-0.00002712,0.00040419,-0.00089964,-0.00013469,0.00009448,0.000
49925,0.00028981,-0.00104506,0.00410751,0.00289639,0.00023054,0.00052063,-0.0004
5717,-0.05484970,0.03778547,0.02979544,-0.00022680,0.00017755,-0.00069110,0.0000
1129,-0.00023544,0.00000294,-0.00009821,0.00008676,0.00008593,0.00020969,0.00016
910,0.00012892,0.00001880,-0.00009698,-0.00008709,0.00000341,0.00005423,-0.00003
900,0.05959757,0.00011058,0.00001650,0.00004677,-0.00010514,-0.00005108,0.000096
00,-0.00005920,-0.00011155,-0.00004666,0.00001637,0.00000439,0.00000705,0.000005
35,-0.00001063,0.00000101,0.00002180,-0.00000357,0.00000476,-0.00000099,0.000014
82,-0.00001676,-0.00076596,-0.00112170,-0.00004804,0.00007603,0.00002491,-0.0000
8222,-0.00000469,-0.00002992,0.00000742,0.00021753,0.00044715,0.00012443,-0.0001
0436,-0.00008107,0.00005033,0.00003380,0.00005980,0.00001632,0.00004757,-0.00002
987,0.00002555,-0.00016353,0.00022276,-0.00009846,0.00000603,-0.00000106,0.00000
405,0.00002363,-0.00000616,0.00001099,-0.00003471,-0.00015340,-0.00005173,-0.000
02747,0.00002016,0.00002626,-0.00003570,-0.00014367,0.00006666,0.00006132,0.0000
3686,-0.00003470,-0.00000308,-0.00003404,-0.00005435,0.00001165,-0.00000354,-0.0
0006927,0.00000323,-0.00001426,-0.00000465,0.00003198,-0.00001626,-0.00000621,-0
.00001059,-0.00000615,-0.00002344,-0.00001312,0.00000599,0.00001847,-0.00003780,
0.00019212,0.00015780,-0.00001873,-0.00003287,-0.00000870,0.00000275,0.00000993,
-0.00000050,0.00001376,0.00001081,0.00000531,0.00000652,0.00001054,-0.00000551,0
.00002387,0.00001988,0.00002637,0.00001683,0.00000098,-0.00000477,0.00000791,0.0
0000110,-0.00000190,0.00002062,0.00000975,0.00000518,-0.00000407,-0.00001522,0.0
0000044,0.00000056,-0.00000065,-0.00000246,0.00001331,0.00000744,0.00000444,-0.0
0000150,0.00000047,-0.00000744,-0.00000137,0.00000551,0.00000029,-0.00007732,-0.
00006001,0.00000979,0.00016935,0.00030783,-0.00003915,-0.00001227,0.00021922,-0.
00034035,0.00008071,-0.00026090,-0.00002674,0.00021382,-0.00008413,0.00010096,0.
00008440,0.00001524,-0.00001807,-0.00002907,0.00000764,-0.00013600,0.00005749,-0
.00002760,-0.00003859,0.00007311,-0.00001398,0.00014497,-0.00003459,0.00005199,0
.00005553,-0.00017931,-0.00011150,0.00006722,-0.00003932,-0.00005084,0.00007927,
-0.00003685,-0.00003498,0.00002803,-0.00009170,-0.00001293,0.00001399,0.00070913
,0.00210228,-0.00143772,-0.00046665,0.00061088,-0.00069611,0.00596350,-0.0267841
6,-0.01344885,0.00092455,-0.00487393,0.00320233,0.03751829,-0.18183401,-0.112312
90,0.00032511,0.00027062,0.00054818,-0.00020940,0.00027469,-0.00020153,-0.000040
44,-0.00006743,0.00002441,0.00012763,-0.00136645,-0.00077054,-0.00022147,0.00019
842,0.00026276,0.00025444,0.00024485,0.00028861,-0.04424394,0.21261717,-0.000019
46,0.00006552,0.00000737,0.00007602,0.00002643,0.00001226,0.00002665,-0.00001112
,0.00001712,0.00001141,-0.00000279,0.00000795,-0.00001430,0.00000144,-0.00000215
,0.00000947,-0.00000506,-0.00000723,0.,0.00000771,-0.00001027,0.00015169,-0.0002
5314,0.00017132,-0.00002467,-0.00001731,-0.00000856,0.00004031,0.00001225,-0.000
02005,-0.00029584,0.00010617,0.00000471,-0.00016263,-0.00008385,-0.00006735,0.00
007648,0.00002759,-0.00001168,0.00002313,-0.00002629,0.00000615,-0.00033137,-0.0
0000133,-0.00000439,-0.00002098,0.00002921,-0.00001006,0.00001412,0.00000576,0.0
0000820,0.00013763,-0.00012710,-0.00003597,0.00002325,0.00000826,0.00002740,-0.0
0001561,0.00002396,-0.00001494,-0.00006059,-0.00002455,-0.00004020,-0.00000388,-
0.00001024,0.00001816,0.00000096,-0.00000379,-0.00002502,-0.00000395,-0.00000737
,0.00001786,0.00001295,0.00000035,-0.00001615,0.00000850,-0.00000513,-0.00000871
,0.00001436,0.00000542,-0.00000899,-0.00004616,0.00005314,0.00013473,-0.00000580
,-0.00000410,-0.00000629,0.00000167,0.00001316,0.00000244,0.00000397,0.00000432,
-0.00000514,0.00001277,-0.00001456,0.00000790,-0.00003014,-0.00000405,0.00000859
,0.00000546,-0.00000217,-0.00000394,0.00000326,-0.00000147,-0.00000616,-0.000001
66,0.00000030,-0.00000323,0.00000254,-0.00000645,-0.00000296,-0.00000251,0.00000
368,0.00000173,-0.00000118,-0.00000123,-0.00000203,0.00000058,0.00000608,-0.0000
0474,-0.00000026,0.00000356,0.00000093,0.00002324,0.00006110,0.00002777,0.000528
14,0.00024015,-0.00020837,-0.00015100,-0.00002783,-0.00001124,0.00010327,-0.0005
4187,0.00022735,0.00001733,-0.00003724,-0.00004043,-0.00003684,-0.00000120,-0.00
002157,0.00013342,-0.00006239,0.00006415,-0.00001645,-0.00002431,0.00000365,-0.0
0008739,0.00008259,-0.00010644,-0.00023198,0.00004866,-0.00018894,-0.00002683,0.
00005338,0.00002232,-0.00005001,0.00008663,-0.00007118,-0.00000290,0.00003594,-0
.00001929,0.00000677,0.00001829,0.00000793,-0.00082637,-0.00024588,0.00129256,0.
00029660,0.00067033,0.00039550,-0.00313965,0.01083289,0.00859126,-0.00031536,0.0
0231878,-0.00091718,0.03068725,-0.11290366,-0.13477197,-0.00031415,0.00022636,-0
.00002746,0.00000476,0.00001536,-0.00006513,0.00000817,-0.00007463,-0.00014102,-
0.00003363,0.00072902,0.00047091,-0.00019473,0.00007677,0.00000680,0.00013371,0.
00013077,-0.00005397,-0.03454693,0.12927858,0.15331361,-0.00002025,0.00005539,-0
.00019033,0.00012028,0.00002677,-0.00011522,0.00014970,0.00010360,-0.00012963,-0
.00000191,-0.00000800,0.00002732,-0.00000486,0.00000110,-0.00000366,-0.00000069,
-0.00000395,-0.00000736,0.00000210,0.00000541,-0.00000587,0.00049127,0.00015009,
-0.00056804,-0.00004159,0.00001665,0.00012381,0.00009783,-0.00002772,0.00000643,
-0.00075355,-0.00064383,0.00031998,0.00001494,0.00000201,0.00003856,0.00000748,-
0.00007407,0.00001414,-0.00001075,0.00002053,0.00001628,0.00001544,-0.00020247,0
.00007710,-0.00000988,0.00000753,0.00001305,-0.00001603,0.00000664,0.00000790,0.
00047229,-0.00005156,0.00012686,-0.00012461,0.00016801,0.00011308,-0.00005390,0.
00001171,-0.00003363,-0.00004422,-0.00003065,0.00005295,0.00000045,0.00001105,0.
00004974,0.00002210,-0.00001925,0.00003033,-0.00000197,0.00001869,0.00000498,-0.
00003372,0.00002224,0.00002008,0.00003071,-0.00002485,0.00003978,0.00000010,-0.0
0000323,-0.00001490,-0.00008142,0.00000057,0.00017173,0.00000100,0.00000267,0.00
001761,-0.00000633,0.00000202,0.00000862,-0.00001036,-0.00001214,-0.00001353,0.0
0000056,-0.00001114,-0.00000289,-0.00009343,-0.00003017,-0.00002954,0.00000564,0
.00000934,-0.00000223,0.00001141,0.00000173,-0.00001772,-0.00003505,-0.00001449,
-0.00000977,0.00001101,0.00001251,0.00002663,0.00000147,0.00001776,-0.00000029,-
0.00002013,-0.00001746,-0.00001016,0.00000502,0.00000758,-0.00000386,0.00000170,
0.00000859,0.00000034,0.00001065,0.00004578,-0.00000100,-0.00001839,-0.00000541,
-0.00001867,-0.00007856,-0.00004194,0.00001595,-0.00001670,-0.00003928,0.0000266
4,-0.00002240,-0.00003188,-0.00000463,-0.00002288,-0.00007771,0.00003259,-0.0000
3511,0.00002172,0.00000288,0.00000438,0.00000961,-0.00000573,-0.00002403,0.00000
588,-0.00001469,0.00000691,0.00000969,-0.00000282,0.00004230,0.00004608,-0.00000
111,0.00000453,0.00003906,-0.00002063,0.00002350,-0.00000901,0.00000013,0.000085
50,0.00000787,-0.00001919,0.00026606,-0.00016011,-0.00061318,0.00033927,0.000755
48,-0.00084543,0.00022252,-0.00107986,0.00106641,0.00008907,0.00019936,-0.000280
35,-0.21397889,-0.04087424,0.10477384,-0.00004580,-0.00003030,0.00013183,-0.0000
7414,0.00014983,-0.00016153,0.00014011,0.00041735,-0.00054793,-0.00000521,0.0001
6677,-0.00012885,0.00049563,-0.00006434,-0.00018070,-0.00022675,-0.00000010,0.00
010594,-0.00794106,-0.00011186,0.00595845,0.24671136,0.00006089,0.00005090,-0.00
002201,0.00007654,0.00001468,-0.00006378,0.00003288,-0.00000493,-0.00000649,0.00
001646,0.00000285,0.00001348,-0.00000224,-0.00000019,-0.00000530,0.00000671,-0.0
0000335,-0.00000339,0.00000805,0.00000538,-0.00000664,0.00085972,-0.00037035,0.0
0023362,-0.00002172,0.00000902,0.00004853,0.00001301,0.00000144,-0.00000002,0.00
013088,-0.00012007,-0.00020362,-0.00003698,-0.00002285,0.00001533,0.00000320,0.0
0000410,-0.00000490,0.00001575,-0.00000864,0.00000948,-0.00007916,-0.00000254,-0
.00005716,-0.00000160,0.00000975,-0.00000390,-0.00000080,0.00000305,0.00000836,-
0.00000749,0.00000195,0.00007518,-0.00000075,0.00000691,-0.00000260,-0.00006917,
-0.00000226,0.00001086,-0.00003399,-0.00001484,0.00001026,-0.00000675,-0.0000145
2,0.00000269,-0.00000268,-0.00000719,-0.00000927,-0.00001408,-0.00000674,-0.0000
0625,0.00001210,-0.00000224,0.00000595,-0.00000167,0.00000111,-0.00000458,0.0000
0085,-0.00001197,0.00000094,-0.00021485,0.00015055,0.00018451,0.00003014,0.00000
063,-0.00005641,0.00000253,0.00000347,0.00000395,-0.00000347,-0.00000223,-0.0000
0614,0.00000035,0.00000865,0.00000239,-0.00002895,-0.00001671,-0.00000276,-0.000
00009,0.00001068,0.00001108,0.00001204,0.00000292,-0.00000772,-0.00000840,-0.000
00386,-0.00000376,0.00000447,0.00000430,0.00000940,0.00000228,0.00001209,-0.0000
0197,-0.00000602,-0.00000613,-0.00000382,0.00000351,0.00000358,-0.00000323,0.000
00285,0.00000193,-0.00000102,-0.00000399,-0.00000298,0.00001311,-0.00002397,-0.0
0009025,0.00007232,0.00004439,-0.00000688,0.00001130,0.00005409,0.00008710,-0.00
002751,-0.00000036,0.00005825,-0.00002619,-0.00004360,0.00002539,-0.00002658,-0.
00010335,-0.00003446,-0.00001861,0.00000198,0.00001674,-0.00001594,0.00000840,-0
.00002977,0.00000444,0.00004020,-0.00001434,0.00000874,0.00001132,-0.00001639,-0
.00001827,0.00001146,-0.00000381,-0.00000023,0.00000498,-0.00000823,0.00000094,0
.00002591,-0.00000890,0.00000617,-0.00209087,-0.00457937,0.00513543,-0.00071479,
0.00062705,-0.00040713,-0.01985332,-0.00605076,0.01318174,-0.00005949,0.00002537
,0.00016953,-0.04061238,-0.05188958,0.02397507,0.00011783,0.00000446,-0.00006040
,-0.00019584,0.00007916,-0.00027411,0.00050181,-0.00009499,0.00032136,0.00008618
,0.00022551,-0.00015445,0.00029659,-0.00075039,-0.00015545,-0.00004868,-0.000053
24,0.00003828,0.02077129,0.00421950,-0.01337967,0.04667940,0.05878023,-0.0000480
1,-0.00003001,0.00007760,-0.00008138,-0.00000767,0.00013051,-0.00008946,-0.00002
081,-0.00000237,-0.00000565,0.00000313,-0.00001436,0.00000056,0.00000009,0.00000
327,-0.00000217,0.00000172,0.00000395,-0.00000801,-0.00000834,0.00000496,-0.0011
9201,0.00027580,-0.00027330,0.00003484,-0.00001508,-0.00009466,-0.00001121,0.000
00588,-0.00000464,-0.00017367,-0.00031821,0.00008497,-0.00000646,0.00005983,0.00
002114,-0.00003561,-0.00000823,-0.00000616,-0.00000072,-0.00000149,-0.00000788,0
.00006717,-0.00007014,-0.00009507,0.00000211,-0.00001235,-0.00000117,0.00000557,
-0.00000686,-0.00000675,-0.00033525,0.00006538,-0.00002329,0.00007485,-0.0000373
8,-0.00001893,0.00007490,-0.00000853,0.00008090,0.00001512,0.00000220,-0.0000397
5,0.00000258,0.00000482,-0.00000228,-0.00000554,0.00001561,0.00000110,-0.0000034
6,0.00000400,0.00000102,-0.00000149,-0.00000196,-0.00001467,-0.00001539,-0.00000
145,-0.00000956,-0.00000480,0.00000108,0.00001680,0.00022921,-0.00007239,-0.0001
6089,-0.00002386,-0.00001668,0.00004343,0.00000139,-0.00000185,-0.00000334,0.000
01013,0.00000722,0.00001164,-0.00000225,0.00001083,0.00000266,0.00005957,0.00002
045,0.00000712,0.00000139,-0.00000865,-0.00001006,-0.00001733,-0.00000444,0.0000
1431,0.00001756,0.00001030,0.00001076,-0.00000037,-0.00000236,-0.00000519,-0.000
00450,-0.00000729,-0.00000131,0.00001257,0.00001168,0.00000607,-0.00000386,-0.00
000615,0.00000219,-0.00000244,-0.00000454,-0.00000140,0.00000456,-0.00004806,-0.
00000055,-0.00001806,0.00002806,-0.00003172,0.00008945,0.00000850,0.00003668,0.0
0004621,0.00006056,-0.00001666,0.00001075,0.00001709,-0.00000219,-0.00003574,0.0
0002079,-0.00003206,-0.00003730,-0.00004144,-0.00002270,0.00000483,0.00000350,0.
00000894,0.00003233,0.00000436,0.00003748,0.00001574,0.00000482,-0.00002607,-0.0
0001991,-0.00005323,0.00000078,-0.00000706,-0.00001318,0.00000822,-0.00000079,0.
00000308,0.00000376,-0.00001176,-0.00000396,-0.00000913,0.00209462,0.00430796,-0
.00397887,0.00059401,-0.00017754,0.00029809,0.01387375,0.00491980,-0.00975602,-0
.00005792,-0.00052682,0.00019895,0.10389252,0.02446171,-0.10557801,0.00012277,-0
.00008731,-0.00041195,0.00007278,-0.00030093,0.00023147,-0.00078903,0.00056723,-
0.00006054,-0.00000219,-0.00015557,-0.00001122,-0.00011645,-0.00009728,0.0003055
7,-0.00005747,-0.00001565,-0.00005804,0.01952000,0.00170076,-0.01223561,-0.12113
931,-0.03049460,0.12148138,0.00006889,-0.00006991,-0.00005383,-0.00008595,-0.000
01370,0.00006221,-0.00004986,0.00000918,-0.00005964,-0.00000636,0.00002177,-0.00
002510,0.00000956,-0.00000674,0.00000143,-0.00000040,0.00000105,-0.00000089,-0.0
0000438,0.00000211,0.00000523,0.00075298,-0.00026960,0.00115964,0.00001695,-0.00
000906,-0.00006486,-0.00000324,-0.00005043,0.00002282,-0.00196876,-0.00154264,0.
00072461,-0.00028762,-0.00010350,-0.00009446,0.00005440,0.00005653,-0.00000846,0
.00002738,-0.00000025,0.00002609,-0.00004591,0.00045288,0.00017837,0.00001265,0.
00000942,-0.00000343,0.00001355,0.00000586,-0.00000284,-0.00099454,-0.00006075,0
.00010572,0.00007594,-0.00006521,-0.00001054,0.00006746,-0.00000501,-0.00000786,
0.00002783,0.00001487,0.00002311,0.00001998,0.00001076,0.00001440,0.00001275,0.0
0001423,0.00001538,0.00002727,0.00005294,-0.00001344,-0.00005356,0.00000459,-0.0
0002068,0.00000603,-0.00005741,0.00002510,-0.00000230,0.00000718,-0.00001391,0.0
0001553,-0.00002280,-0.00035709,-0.00001339,0.00000892,-0.00003132,-0.00000075,-
0.00000006,-0.00000734,0.00000755,0.00000823,0.00000853,-0.00000432,-0.00001469,
-0.00001237,0.00007113,0.00002581,0.00002485,0.00000066,-0.00002341,-0.00001635,
-0.00001174,-0.00000635,0.00001405,0.00001764,0.00000976,0.00000442,-0.00000902,
-0.00001577,-0.00001158,0.00000606,-0.00001390,0.00000577,0.00001518,0.00001292,
0.00000440,-0.00000309,-0.00000174,-0.00000075,-0.00000277,-0.00000185,0.0000001
6,-0.00001600,-0.00001782,-0.00000471,0.00002360,0.00001427,-0.00006247,-0.00006
348,0.00000916,-0.00005390,-0.00005699,-0.00001726,-0.00001522,0.00001753,-0.000
01374,0.00002739,0.00005117,-0.00000168,0.00003297,0.00004481,0.00003906,0.00000
664,-0.00001047,-0.00001443,0.00001626,-0.00001254,0.00000072,-0.00000086,-0.000
00239,-0.00000270,0.00003103,-0.00001550,0.00000407,-0.00000220,0.00000135,-0.00
002711,0.00000750,-0.00002997,0.00001382,-0.00001084,-0.00004763,-0.00000413,0.0
0002561,-0.00020619,-0.00023240,-0.00003640,0.00019305,0.00153893,-0.00123471,-0
.00501132,0.00226232,-0.00615723,0.00020771,-0.00048989,0.00034017,-0.18286582,-
0.02372663,-0.11821060,0.00003807,0.00016761,0.00027113,-0.00024735,-0.00002957,
-0.00030020,0.00031290,-0.00009542,-0.00002483,0.00005392,-0.00032024,0.00017257
,-0.00040287,0.00010595,-0.00000640,0.00054215,0.00029930,0.00008597,0.00420191,
-0.00008833,0.00245696,-0.02604972,-0.00565951,-0.01661593,0.21157067,-0.0000141
3,-0.00018979,-0.00001472,-0.00002382,0.00003155,0.00007584,0.00003075,0.0000459
0,0.00002269,-0.00003058,0.00001484,-0.00001317,0.00001219,-0.00000732,0.0000014
2,-0.00000235,-0.00000105,0.00000484,-0.00000400,0.00000349,0.00000321,0.0002526
8,0.00043179,0.00195843,0.00001244,-0.00002339,-0.00007565,-0.00007069,-0.000041
12,0.00003518,-0.00115095,-0.00104335,-0.00053683,0.00027854,0.00015765,0.000170
72,-0.00006628,-0.00007595,0.00000679,0.00001325,0.00003525,-0.00000182,0.000387
32,-0.00001783,-0.00018858,0.00002377,-0.00005180,0.00001236,-0.00001920,-0.0000
2057,0.00000200,-0.00091144,0.00029985,-0.00000600,0.00016757,-0.00008128,-0.000
12127,0.00003910,0.00000399,-0.00001795,0.00000213,-0.00002598,-0.00000331,0.000
02166,0.00003647,-0.00001307,-0.00000096,0.00002941,0.00004189,0.00001746,0.0000
0064,-0.00001465,-0.00002430,-0.00000337,0.00002310,-0.00003008,-0.00000619,-0.0
0002165,-0.00000865,0.00000767,0.00000333,0.00015035,-0.00021344,-0.00055157,0.0
0000519,0.00001591,-0.00002799,0.00000055,-0.00001142,-0.00000111,-0.00000693,-0
.00000702,0.00000792,-0.00000515,-0.00000534,-0.00000835,0.00002402,0.00000015,0
.00000273,-0.00001801,-0.00001149,0.00000086,0.00000177,-0.00000753,0.00000929,0
.00001109,0.00000004,-0.00000276,-0.00002921,0.00001201,-0.00001427,-0.00000838,
-0.00001850,0.00001425,0.00000430,0.00000443,-0.00000018,-0.00000135,-0.00000372
,0.00000600,0.00000728,-0.00000296,-0.00000548,0.00000364,0.00000004,-0.00001393
,-0.00005918,0.00000249,-0.00005595,-0.00001884,-0.00001459,-0.00002411,-0.00005
462,0.00000259,-0.00005024,-0.00005043,-0.00001913,0.00000472,0.00000714,-0.0000
1483,-0.00001047,0.00001637,0.00002141,-0.00005712,0.00000700,-0.00002060,0.0000
0273,0.00000779,-0.00004729,0.00002066,0.00005398,-0.00002797,0.00006229,0.00002
682,0.00002793,0.00000293,0.00000563,-0.00003007,0.00002322,0.00002863,-0.000004
80,0.00000950,0.00001623,0.00002809,-0.00000894,-0.00030512,0.00037914,-0.001012
95,0.00105810,-0.00379569,0.00314192,0.01956666,0.00138285,0.01636553,0.00051182
,0.00103931,0.00079370,-0.02463011,-0.04695663,-0.02204237,-0.00010261,-0.000123
92,0.00000300,0.00117518,0.00004154,0.00095360,-0.00009768,-0.00008236,-0.000046
01,-0.00010942,0.00021787,-0.00008669,0.00007008,-0.00003550,-0.00003019,-0.0000
7972,-0.00098426,-0.00000151,-0.01845264,-0.00481265,-0.01739813,-0.00554306,-0.
00020272,-0.00391980,0.02791142,0.05476913,-0.00016098,0.00003378,-0.00023082,-0
.00004379,-0.00005171,-0.00016031,0.00005790,0.00014282,-0.00022564,-0.00002433,
-0.00000267,0.00000074,-0.00000980,0.00001534,0.00000377,-0.00002190,0.00000013,
0.00000117,-0.00001156,-0.00001030,0.00001362,-0.00017697,0.00070739,-0.00303513
,-0.00000218,0.00003241,0.00017008,0.00004355,-0.00003040,0.00001080,0.00033004,
-0.00034780,0.00148303,0.00016057,0.00007587,0.00006120,-0.00002657,-0.00012391,
-0.00001040,-0.00009128,0.00005544,-0.00000507,0.00040480,-0.00041071,0.00015800
,-0.00000167,0.00001360,0.00000061,-0.00005084,0.00001025,-0.00001520,0.00094112
,0.00012756,0.00010687,-0.00032450,0.00022262,0.00016546,-0.00002282,0.00004617,
-0.00005405,0.00006693,0.00001170,0.00016354,0.00000218,0.00003207,0.00010696,0.
00002109,0.00000952,0.00008313,-0.00002680,0.00002608,0.00000471,-0.00006241,0.0
0003766,0.00003125,0.00000418,-0.00002313,0.00005558,-0.00000667,-0.00000162,-0.
00000337,0.00002101,0.00001708,0.00026598,0.00000980,-0.00004399,0.00007566,-0.0
0001656,-0.00001219,0.00000320,-0.00001790,-0.00001806,-0.00000604,-0.00000075,0
.00000092,0.00000280,-0.00005189,-0.00002113,-0.00004141,0.00000490,0.00000548,-
0.00001348,-0.00000014,0.00000290,-0.00001146,-0.00003936,-0.00001511,-0.0000047
7,0.00001472,0.00001354,0.00003486,0.00001194,0.00000922,-0.00000522,-0.00002018
,-0.00001526,-0.00000541,0.00000241,-0.00000224,0.00000464,-0.00000291,0.0000017
7,0.00000079,-0.00004185,0.00001299,0.00000299,-0.00009200,-0.00001568,-0.000126
73,-0.00011229,-0.00004959,-0.00010224,-0.00006323,-0.00001057,-0.00005778,-0.00
001672,-0.00006989,0.00003198,0.00005879,-0.00010509,0.00005937,0.00002044,0.000
06229,-0.00003369,0.00000367,0.00000305,0.00004314,0.00002845,-0.00001404,0.0000
6933,0.00009490,0.00001058,0.00009073,0.00005494,0.00006325,-0.00000137,0.000018
89,0.00002215,0.00000444,0.00001437,-0.00001178,0.00000780,0.00005235,-0.0000094
7,-0.00003800,0.00036612,-0.00054255,0.00080459,-0.00066572,0.00326522,-0.001991
38,-0.01502883,0.00125701,-0.01360383,0.00047492,-0.00122093,0.00061381,-0.11840
995,-0.02142517,-0.14411788,0.00021089,0.00019355,0.00029927,-0.00091855,0.00009
259,-0.00044191,0.00018866,0.00001885,-0.00002500,0.00008603,-0.00037716,-0.0000
4409,0.00007000,0.00003180,0.00000079,0.00010831,0.00020089,0.00042414,-0.016760
18,-0.00647695,-0.01567262,0.01172244,0.00196142,0.00989260,0.13765276,0.0226121
3,0.16473088\\-0.00001272,-0.00001294,-0.00003163,-0.00001425,-0.00000461,-0.000
00146,-0.00001307,-0.00002882,0.00004058,0.00000269,-0.00000218,0.00000477,-0.00
000020,-0.00000084,0.00000134,-0.00000169,-0.00000114,-0.00000241,-0.00000510,-0
.00000325,-0.00000250,-0.00000030,0.00000555,-0.00004577,-0.00000161,-0.00000325
,-0.00000797,-0.00000758,0.00000357,0.00000583,0.00001211,0.00000325,0.00001087,
0.00001603,-0.00000833,-0.00000448,0.00000234,0.00001040,-0.00001055,-0.00000850
,-0.00001013,0.00000683,-0.00000058,-0.00000235,-0.00000119,-0.00000220,-0.00000
388,-0.00000074,0.00000315,-0.00000055,0.00000035,0.00001902,-0.00001582,-0.0000
1447,-0.00001009,0.00004981,-0.00002249,-0.00002246,-0.00000065,0.00001536,0.000
03881,0.00002398,0.00001486,0.00000953,-0.00000482,0.00000544,-0.00000991,0.0000
0312,0.00000483,0.00000061,-0.00000762,0.00000207,0.00000568,0.00000374,0.000003
75,0.00000479,0.00000744,0.00000055,-0.00000573,-0.00000106,-0.00000447,0.000002
20,-0.00001115,0.00002855,-0.00000157,-0.00000481,-0.00000262,0.00000239,0.00000
082,0.00000060,0.00000081,0.00000157,0.00000255,0.00000172,-0.00000094,0.0000006
6,0.00000142,0.00000623,-0.00000517,-0.00000018,0.00000352,0.00000012,-0.0000004
9,-0.00000188,-0.00000443,-0.00000081,-0.00000179,-0.00000003,0.00000011,-0.0000
0003,0.00000003,0.00000070,-0.00000065,0.00000037,0.00000132,0.00000009,0.000001
36,-0.00000035,-0.00000042,0.00000058,-0.00000136,0.00000303,0.00000128,-0.00000
160,-0.00000660,0.00000385,0.00000988,0.00000681,0.00000022,-0.00000176,0.000002
00,-0.00000369,-0.00000362,-0.00000479,0.00000191,-0.00000043,-0.00000413,0.0000
0289,0.00000211,0.00001320,-0.00000508,-0.00000634,-0.00000463,0.00000040,-0.000
00409,0.00000049,-0.00000162,0.00000041,-0.00000088,0.00000327,-0.00000010,0.000
00011,0.00000012,0.00000157,0.00000127,-0.00000060,-0.00000038,-0.00000073,0.000
00018,0.00000141,-0.00000343,0.00000528,0.00000405,0.00001241,0.00000657,-0.0000
0756,-0.00000641,-0.00000231,0.00000153,0.00000143,0.00000368,0.00000021,0.00000
657,-0.00000622,0.00000089,-0.00000281,-0.00000428,-0.00000008,0.00000091,0.0000
0632,0.00000112,0.00000046,-0.00000110,0.00000065,0.00000108,-0.00000082,-0.0000
0144,-0.00000117,0.00000128,-0.00000156,0.00000122,-0.00000086,0.00000103,-0.000
00051,0.00000242,0.00000137,0.00000115,0.00000066,0.00000230,-0.00000343,-0.0000
0237,-0.00000032,-0.00000124,-0.00000121,-0.00000393,-0.00000053,-0.00000001\\\@
